0	 0	 0	 0	 -0	 0	 -0
0.02	 8.84881e-09	 -2.77572e-08	 0.00281288	 1.07002e-06	 -5.28218e-07	 1.08037e-07
0.04	 4.00941e-08	 -1.33589e-07	 0.00638566	 3.27518e-06	 -1.38035e-06	 3.16579e-07
0.06	 1.02492e-07	 -3.577e-07	 0.0109471	 6.45913e-06	 -2.51425e-06	 6.0068e-07
0.08	 1.97556e-07	 -7.10887e-07	 0.0164347	 1.05925e-05	 -3.92e-06	 9.53307e-07
0.1	 3.20609e-07	 -1.18069e-06	 0.0228116	 1.55885e-05	 -5.60463e-06	 1.37004e-06
0.12	 4.6414e-07	 -1.74235e-06	 0.0300628	 2.13657e-05	 -7.58521e-06	 1.84877e-06
0.14	 6.21109e-07	 -2.37142e-06	 0.03819	 2.78605e-05	 -9.87941e-06	 2.389e-06
0.16	 7.87048e-07	 -3.0522e-06	 0.0472	 3.50395e-05	 -1.2499e-05	 2.99076e-06
0.18	 9.60427e-07	 -3.7803e-06	 0.0570945	 4.28933e-05	 -1.54479e-05	 3.65349e-06
0.2	 1.14156e-06	 -4.55989e-06	 0.0678651	 5.14221e-05	 -1.8725e-05	 4.37538e-06
0.22	 1.33097e-06	 -5.39861e-06	 0.0794899	 6.06203e-05	 -2.23279e-05	 5.15327e-06
0.24	 1.52783e-06	 -6.30245e-06	 0.0919349	 7.04638e-05	 -2.62572e-05	 5.98259e-06
0.26	 1.72918e-06	 -7.2725e-06	 0.105159	 8.09064e-05	 -3.05191e-05	 6.85786e-06
0.28	 1.92985e-06	 -8.30464e-06	 0.119115	 9.18845e-05	 -3.5126e-05	 7.77315e-06
0.3	 2.12302e-06	 -9.39095e-06	 0.133756	 0.000103325	 -4.00956e-05	 8.7223e-06
0.32	 2.30102e-06	 -1.05223e-05	 0.149037	 0.000115155	 -4.54484e-05	 9.69939e-06
0.34	 2.45607e-06	 -1.16908e-05	 0.164917	 0.00012731	 -5.12068e-05	 1.06989e-05
0.36	 2.58068e-06	 -1.28913e-05	 0.181357	 0.000139737	 -5.7394e-05	 1.17156e-05
0.38	 2.66764e-06	 -1.41218e-05	 0.19832	 0.000152396	 -6.40329e-05	 1.27443e-05
0.4	 2.70978e-06	 -1.53828e-05	 0.215766	 0.000165252	 -7.11483e-05	 1.37798e-05
0.42	 2.69956e-06	 -1.6676e-05	 0.233657	 0.000178277	 -7.87662e-05	 1.48168e-05
0.44	 2.62869e-06	 -1.80037e-05	 0.25195	 0.000191439	 -8.69159e-05	 1.58496e-05
0.46	 2.48789e-06	 -1.93675e-05	 0.270598	 0.000204706	 -9.56299e-05	 1.68725e-05
0.48	 2.26688e-06	 -2.07687e-05	 0.289556	 0.000218041	 -0.000104944	 1.78794e-05
0.5	 1.95443e-06	 -2.22079e-05	 0.308772	 0.000231412	 -0.000114899	 1.88641e-05
0.52	 1.5386e-06	 -2.36862e-05	 0.328199	 0.000244783	 -0.000125536	 1.98206e-05
0.54	 1.00687e-06	 -2.52054e-05	 0.347785	 0.000258125	 -0.0001369	 2.07427e-05
0.56	 3.46318e-07	 -2.67685e-05	 0.367481	 0.000271417	 -0.00014904	 2.16246e-05
0.58	 -4.56353e-07	 -2.838e-05	 0.387238	 0.000284642	 -0.000162004	 2.24604e-05
0.6	 -1.41479e-06	 -3.00454e-05	 0.407008	 0.000297792	 -0.000175843	 2.32446e-05
0.62	 -2.54305e-06	 -3.17719e-05	 0.426742	 0.000310865	 -0.000190612	 2.39716e-05
0.64	 -3.85562e-06	 -3.35674e-05	 0.446392	 0.000323865	 -0.000206365	 2.46361e-05
0.66	 -5.36743e-06	 -3.54406e-05	 0.465912	 0.000336801	 -0.00022316	 2.52332e-05
0.68	 -7.09391e-06	 -3.74012e-05	 0.485254	 0.000349683	 -0.000241055	 2.57577e-05
0.7	 -9.05093e-06	 -3.94596e-05	 0.504371	 0.000362532	 -0.000260111	 2.62051e-05
0.72	 -1.12548e-05	 -4.16267e-05	 0.523217	 0.000375367	 -0.00028039	 2.65708e-05
0.74	 -1.3722e-05	 -4.39147e-05	 0.541746	 0.000388219	 -0.000301956	 2.68504e-05
0.76	 -1.64696e-05	 -4.63364e-05	 0.559913	 0.000401123	 -0.000324874	 2.70399e-05
0.78	 -1.95147e-05	 -4.89056e-05	 0.577674	 0.000414119	 -0.000349211	 2.71355e-05
0.8	 -2.28746e-05	 -5.16373e-05	 0.594985	 0.000427255	 -0.000375032	 2.71338e-05
0.82	 -2.65668e-05	 -5.45472e-05	 0.611806	 0.000440583	 -0.000402404	 2.70317e-05
0.84	 -3.06088e-05	 -5.76521e-05	 0.628098	 0.000454162	 -0.000431394	 2.68264e-05
0.86	 -3.50182e-05	 -6.09695e-05	 0.64382	 0.000468057	 -0.000462068	 2.65154e-05
0.88	 -3.98126e-05	 -6.45178e-05	 0.658936	 0.000482336	 -0.000494492	 2.60969e-05
0.9	 -4.50096e-05	 -6.8316e-05	 0.673412	 0.000497076	 -0.000528733	 2.55691e-05
0.92	 -5.06266e-05	 -7.23839e-05	 0.687212	 0.000512359	 -0.000564855	 2.49306e-05
0.94	 -5.66811e-05	 -7.67419e-05	 0.700305	 0.000528268	 -0.000602923	 2.41806e-05
0.96	 -6.31903e-05	 -8.1411e-05	 0.71266	 0.000544895	 -0.000642999	 2.33184e-05
0.98	 -7.01713e-05	 -8.64128e-05	 0.724249	 0.000562333	 -0.000685144	 2.23441e-05
1	 -7.76406e-05	 -9.17691e-05	 0.735046	 0.000580682	 -0.000729418	 2.12579e-05
1.02	 -8.56147e-05	 -9.75025e-05	 0.745026	 0.000600042	 -0.000775878	 2.00605e-05
1.04	 -9.41096e-05	 -0.000103636	 0.754167	 0.000620521	 -0.000824579	 1.8753e-05
1.06	 -0.000103141	 -0.000110192	 0.762448	 0.000642227	 -0.000875573	 1.7337e-05
1.08	 -0.000112723	 -0.000117195	 0.769852	 0.000665274	 -0.00092891	 1.58145e-05
1.1	 -0.000122871	 -0.000124667	 0.776363	 0.000689774	 -0.000984635	 1.41878e-05
1.12	 -0.000133599	 -0.000132633	 0.781968	 0.00071584	 -0.00104279	 1.24597e-05
1.14	 -0.000144919	 -0.000141115	 0.786655	 0.00074359	 -0.00110341	 1.06335e-05
1.16	 -0.000156845	 -0.000150137	 0.790415	 0.000773139	 -0.00116654	 8.71271e-06
1.18	 -0.000169388	 -0.000159723	 0.793242	 0.000804603	 -0.00123219	 6.70128e-06
1.2	 -0.00018256	 -0.000169895	 0.795132	 0.000838097	 -0.00130041	 4.60358e-06
1.22	 -0.00019637	 -0.000180676	 0.796082	 0.000873738	 -0.0013712	 2.4243e-06
1.24	 -0.000210829	 -0.000192087	 0.796093	 0.000911644	 -0.00144458	 1.68469e-07
1.26	 -0.000225943	 -0.000204151	 0.795167	 0.000951928	 -0.00152058	 -2.15847e-06
1.28	 -0.000241721	 -0.000216887	 0.793309	 0.000994702	 -0.0015992	 -4.55069e-06
1.3	 -0.000258169	 -0.000230317	 0.790527	 0.00104007	 -0.00168043	 -7.00204e-06
1.32	 -0.00027529	 -0.000244457	 0.78683	 0.00108815	 -0.00176427	 -9.506e-06
1.34	 -0.000293088	 -0.000259325	 0.78223	 0.00113903	 -0.00185072	 -1.20558e-05
1.36	 -0.000311566	 -0.00027494	 0.776741	 0.00119282	 -0.00193975	 -1.46444e-05
1.38	 -0.000330725	 -0.000291315	 0.770381	 0.0012496	 -0.00203134	 -1.72644e-05
1.4	 -0.000350564	 -0.000308466	 0.763167	 0.00130946	 -0.00212547	 -1.99083e-05
1.42	 -0.000371084	 -0.000326405	 0.755121	 0.00137249	 -0.0022221	 -2.25684e-05
1.44	 -0.000392281	 -0.000345145	 0.746265	 0.00143874	 -0.00232119	 -2.52368e-05
1.46	 -0.000414152	 -0.000364696	 0.736624	 0.0015083	 -0.00242269	 -2.79056e-05
1.48	 -0.000436693	 -0.000385067	 0.726225	 0.00158121	 -0.00252656	 -3.05665e-05
1.5	 -0.000459898	 -0.000406265	 0.715095	 0.00165754	 -0.00263273	 -3.32113e-05
1.52	 -0.000483759	 -0.000428297	 0.703265	 0.00173731	 -0.00274114	 -3.58318e-05
1.54	 -0.000508269	 -0.000451166	 0.690767	 0.00182056	 -0.00285171	 -3.84196e-05
1.56	 -0.000533416	 -0.000474874	 0.677633	 0.00190729	 -0.00296434	 -4.09662e-05
1.58	 -0.000559189	 -0.00049942	 0.663898	 0.00199753	 -0.00307896	 -4.34632e-05
1.6	 -0.000585576	 -0.000524804	 0.649598	 0.00209127	 -0.00319545	 -4.59024e-05
1.62	 -0.000612563	 -0.000551022	 0.634771	 0.0021885	 -0.00331373	 -4.82754e-05
1.64	 -0.000640134	 -0.000578067	 0.619455	 0.00228919	 -0.00343368	 -5.05739e-05
1.66	 -0.000668274	 -0.000605933	 0.60369	 0.00239333	 -0.0035552	 -5.279e-05
1.68	 -0.000696963	 -0.00063461	 0.587516	 0.00250087	 -0.00367818	 -5.49156e-05
1.7	 -0.000726185	 -0.000664085	 0.570975	 0.00261178	 -0.0038025	 -5.6943e-05
1.72	 -0.000755918	 -0.000694346	 0.554109	 0.00272598	 -0.00392804	 -5.88645e-05
1.74	 -0.000786141	 -0.000725376	 0.53696	 0.00284342	 -0.00405468	 -6.06728e-05
1.76	 -0.000816831	 -0.000757158	 0.519571	 0.00296399	 -0.00418226	 -6.23606e-05
1.78	 -0.000847964	 -0.000789669	 0.501987	 0.0030876	 -0.00431064	 -6.3921e-05
1.8	 -0.000879515	 -0.000822889	 0.484251	 0.00321412	 -0.00443964	 -6.53476e-05
1.82	 -0.000911458	 -0.000856792	 0.466406	 0.00334342	 -0.00456911	 -6.6634e-05
1.84	 -0.000943765	 -0.000891351	 0.448498	 0.00347534	 -0.00469886	 -6.77743e-05
1.86	 -0.000976407	 -0.000926537	 0.430571	 0.00360974	 -0.00482871	 -6.8763e-05
1.88	 -0.00100936	 -0.000962321	 0.412668	 0.00374645	 -0.00495851	 -6.95948e-05
1.9	 -0.00104258	 -0.000998667	 0.394834	 0.00388533	 -0.00508809	 -7.02648e-05
1.92	 -0.00107605	 -0.00103554	 0.377113	 0.0040262	 -0.00521729	 -7.07687e-05
1.94	 -0.00110972	 -0.00107291	 0.359547	 0.00416889	 -0.00534596	 -7.11022e-05
1.96	 -0.00114358	 -0.00111073	 0.342179	 0.00431321	 -0.00547392	 -7.12617e-05
1.98	 -0.00117758	 -0.00114896	 0.32505	 0.00445897	 -0.005601	 -7.1244e-05
2	 -0.00121169	 -0.00118755	 0.308202	 0.00460596	 -0.00572705	 -7.10465e-05
2.02	 -0.00124587	 -0.00122647	 0.291675	 0.00475398	 -0.0058519	 -7.06666e-05
2.04	 -0.00128008	 -0.00126566	 0.275507	 0.00490281	 -0.00597539	 -7.01026e-05
2.06	 -0.00131429	 -0.00130508	 0.259736	 0.0050522	 -0.00609731	 -6.9353e-05
2.08	 -0.00134846	 -0.00134467	 0.244399	 0.00520188	 -0.00621745	 -6.84171e-05
2.1	 -0.00138254	 -0.00138439	 0.229531	 0.00535155	 -0.00633559	 -6.72945e-05
2.12	 -0.0014165	 -0.00142418	 0.215168	 0.00550092	 -0.00645151	 -6.59855e-05
2.14	 -0.00145029	 -0.00146397	 0.201341	 0.00564973	 -0.006565	 -6.44908e-05
2.16	 -0.00148387	 -0.00150373	 0.188084	 0.00579768	 -0.00667589	 -6.28115e-05
2.18	 -0.00151721	 -0.00154338	 0.175425	 0.0059445	 -0.00678397	 -6.09492e-05
2.2	 -0.00155026	 -0.00158287	 0.163393	 0.00608987	 -0.00688904	 -5.8906e-05
2.22	 -0.00158297	 -0.00162214	 0.152016	 0.00623349	 -0.00699089	 -5.66845e-05
2.24	 -0.0016153	 -0.00166113	 0.141319	 0.00637506	 -0.00708933	 -5.42878e-05
2.26	 -0.0016472	 -0.00169977	 0.131325	 0.00651424	 -0.00718414	 -5.17196e-05
2.28	 -0.00167864	 -0.001738	 0.122056	 0.00665073	 -0.00727513	 -4.8984e-05
2.3	 -0.00170957	 -0.00177575	 0.113531	 0.00678417	 -0.00736206	 -4.60855e-05
2.32	 -0.00173993	 -0.00181297	 0.105769	 0.00691424	 -0.00744474	 -4.30293e-05
2.34	 -0.00176969	 -0.00184957	 0.098786	 0.00704057	 -0.00752292	 -3.98209e-05
2.36	 -0.0017988	 -0.00188551	 0.0925959	 0.00716283	 -0.0075964	 -3.64663e-05
2.38	 -0.00182721	 -0.0019207	 0.0872112	 0.00728066	 -0.00766496	 -3.2972e-05
2.4	 -0.00185488	 -0.00195509	 0.0826422	 0.00739372	 -0.0077284	 -2.93448e-05
2.42	 -0.00188176	 -0.0019886	 0.0788975	 0.00750169	 -0.00778652	 -2.55921e-05
2.44	 -0.00190781	 -0.00202117	 0.0759833	 0.00760421	 -0.00783911	 -2.17214e-05
2.46	 -0.00193297	 -0.00205273	 0.0739041	 0.00770093	 -0.00788597	 -1.77409e-05
2.48	 -0.0019572	 -0.00208322	 0.0726623	 0.00779153	 -0.0079269	 -1.36591e-05
2.5	 -0.00198046	 -0.00211255	 0.0722581	 0.0078757	 -0.00796174	 -9.48491e-06
2.52	 -0.00200269	 -0.00214068	 0.07269	 0.00795315	 -0.00799034	 -5.22754e-06
2.54	 -0.00202386	 -0.00216753	 0.0739542	 0.00802358	 -0.00801256	 -8.96633e-07
2.56	 -0.00204391	 -0.00219303	 0.076045	 0.00808667	 -0.0080282	 3.49772e-06
2.58	 -0.00206281	 -0.00221712	 0.0789546	 0.00814212	 -0.00803712	 7.94507e-06
2.6	 -0.0020805	 -0.00223974	 0.0826733	 0.00818963	 -0.00803914	 1.24347e-05
2.62	 -0.00209694	 -0.00226081	 0.0871891	 0.00822889	 -0.00803411	 1.69559e-05
2.64	 -0.00211208	 -0.00228027	 0.0924885	 0.00825957	 -0.00802182	 2.14975e-05
2.66	 -0.00212589	 -0.00229807	 0.0985556	 0.00828135	 -0.0080021	 2.60484e-05
2.68	 -0.00213831	 -0.00231415	 0.105373	 0.00829389	 -0.00797473	 3.05969e-05
2.7	 -0.00214931	 -0.00232844	 0.112921	 0.00829687	 -0.0079395	 3.51317e-05
2.72	 -0.00215884	 -0.00234089	 0.12118	 0.00828997	 -0.00789624	 3.9641e-05
2.74	 -0.00216687	 -0.00235144	 0.130125	 0.00827289	 -0.00784476	 4.4113e-05
2.76	 -0.00217336	 -0.00236005	 0.139734	 0.00824538	 -0.00778491	 4.8536e-05
2.78	 -0.00217826	 -0.00236665	 0.14998	 0.00820717	 -0.00771654	 5.28983e-05
2.8	 -0.00218154	 -0.00237121	 0.160836	 0.00815802	 -0.0076395	 5.71881e-05
2.82	 -0.00218316	 -0.00237368	 0.172274	 0.00809771	 -0.00755367	 6.13936e-05
2.84	 -0.0021831	 -0.00237401	 0.184262	 0.00802606	 -0.00745895	 6.55032e-05
2.86	 -0.00218131	 -0.00237216	 0.196771	 0.0079429	 -0.00735526	 6.95053e-05
2.88	 -0.00217776	 -0.00236809	 0.209766	 0.00784805	 -0.00724248	 7.33887e-05
2.9	 -0.00217242	 -0.00236176	 0.223216	 0.00774134	 -0.00712052	 7.7142e-05
2.92	 -0.00216526	 -0.00235315	 0.237084	 0.00762258	 -0.00698925	 8.07542e-05
2.94	 -0.00215626	 -0.00234221	 0.251336	 0.00749161	 -0.00684856	 8.42145e-05
2.96	 -0.00214538	 -0.00232893	 0.265935	 0.00734826	 -0.00669832	 8.75122e-05
2.98	 -0.0021326	 -0.00231327	 0.280843	 0.00719239	 -0.00653843	 9.06373e-05
3	 -0.00211789	 -0.00229521	 0.296023	 0.00702387	 -0.0063688	 9.35799e-05
3.02	 -0.00210124	 -0.00227474	 0.311436	 0.00684265	 -0.00618939	 9.63306e-05
3.04	 -0.00208262	 -0.00225183	 0.327043	 0.00664874	 -0.00600022	 9.88802e-05
3.06	 -0.00206201	 -0.00222647	 0.342804	 0.0064422	 -0.00580134	 0.00010122
3.08	 -0.00203939	 -0.00219865	 0.35868	 0.00622314	 -0.00559285	 0.000103341
3.1	 -0.00201474	 -0.00216837	 0.374632	 0.00599169	 -0.00537484	 0.000105237
3.12	 -0.00198806	 -0.00213561	 0.390618	 0.00574796	 -0.0051474	 0.000106898
3.14	 -0.00195933	 -0.00210038	 0.4066	 0.00549205	 -0.00491059	 0.000108318
3.16	 -0.00192853	 -0.00206268	 0.422538	 0.00522402	 -0.00466442	 0.000109492
3.18	 -0.00189565	 -0.0020225	 0.438393	 0.00494392	 -0.00440888	 0.000110413
3.2	 -0.00186069	 -0.00197986	 0.454125	 0.00465182	 -0.004144	 0.000111076
3.22	 -0.00182363	 -0.00193476	 0.469696	 0.00434786	 -0.00386985	 0.000111477
3.24	 -0.00178447	 -0.00188721	 0.485067	 0.0040323	 -0.00358658	 0.000111612
3.26	 -0.00174321	 -0.00183723	 0.5002	 0.00370543	 -0.00329441	 0.000111477
3.28	 -0.00169983	 -0.00178483	 0.515059	 0.0033676	 -0.00299356	 0.00011107
3.3	 -0.00165434	 -0.00173004	 0.529607	 0.00301911	 -0.00268422	 0.000110389
3.32	 -0.00160674	 -0.00167287	 0.543809	 0.0026602	 -0.00236654	 0.000109432
3.34	 -0.00155702	 -0.00161335	 0.557631	 0.0022911	 -0.00204061	 0.000108199
3.36	 -0.0015052	 -0.0015515	 0.571039	 0.00191208	 -0.00170658	 0.000106689
3.38	 -0.00145126	 -0.00148735	 0.584002	 0.00152349	 -0.00136466	 0.000104905
3.4	 -0.00139521	 -0.00142094	 0.596488	 0.0011257	 -0.00101509	 0.000102846
3.42	 -0.00133707	 -0.00135228	 0.608467	 0.000719074	 -0.00065807	 0.000100517
3.44	 -0.00127682	 -0.00128142	 0.619912	 0.000303955	 -0.000293794	 9.79189e-05
3.46	 -0.00121449	 -0.00120838	 0.630795	 -0.000119302	 7.75373e-05	 9.50564e-05
3.48	 -0.00115008	 -0.00113322	 0.64109	 -0.000550269	 0.000455661	 9.19336e-05
3.5	 -0.00108359	 -0.00105595	 0.650773	 -0.000988493	 0.000840293	 8.85557e-05
3.52	 -0.00101504	 -0.000976631	 0.659822	 -0.00143356	 0.00123119	 8.49285e-05
3.54	 -0.000944441	 -0.000895292	 0.668216	 -0.00188509	 0.00162814	 8.10587e-05
3.56	 -0.0008718	 -0.000811976	 0.675936	 -0.00234269	 0.00203092	 7.69537e-05
3.58	 -0.000797131	 -0.000726724	 0.682964	 -0.00280589	 0.00243924	 7.26213e-05
3.6	 -0.000720446	 -0.000639578	 0.689285	 -0.00327417	 0.00285277	 6.807e-05
3.62	 -0.000641758	 -0.000550582	 0.694884	 -0.00374706	 0.0032712	 6.33089e-05
3.64	 -0.000561082	 -0.000459779	 0.699751	 -0.00422413	 0.0036943	 5.8348e-05
3.66	 -0.000478433	 -0.000367213	 0.703874	 -0.00470496	 0.00412181	 5.31979e-05
3.68	 -0.000393827	 -0.000272928	 0.707245	 -0.00518907	 0.00455342	 4.78696e-05
3.7	 -0.000307278	 -0.000176967	 0.709858	 -0.00567594	 0.00498881	 4.23748e-05
3.72	 -0.000218804	 -7.93749e-05	 0.711709	 -0.00616511	 0.00542767	 3.67254e-05
3.74	 -0.000128422	 1.98049e-05	 0.712795	 -0.00665615	 0.00586975	 3.09344e-05
3.76	 -3.61486e-05	 0.000120529	 0.713115	 -0.00714867	 0.00631481	 2.5015e-05
3.78	 5.79979e-05	 0.000222754	 0.712671	 -0.0076422	 0.00676257	 1.89811e-05
3.8	 0.000153998	 0.000326436	 0.711467	 -0.00813632	 0.00721274	 1.28467e-05
3.82	 0.000251832	 0.000431531	 0.709506	 -0.00863058	 0.00766504	 6.62646e-06
3.84	 0.000351476	 0.000537994	 0.706796	 -0.00912456	 0.00811919	 3.35466e-07
3.86	 0.000452909	 0.000645782	 0.703345	 -0.0096178	 0.00857487	 -6.0111e-06
3.88	 0.000556108	 0.000754852	 0.699165	 -0.0101099	 0.00903179	 -1.23978e-05
3.9	 0.000661051	 0.000865162	 0.694267	 -0.0106003	 0.00948966	 -1.88088e-05
3.92	 0.000767714	 0.000976672	 0.688667	 -0.0110888	 0.00994823	 -2.52282e-05
3.94	 0.000876076	 0.00108934	 0.682379	 -0.011575	 0.0104072	 -3.16399e-05
3.96	 0.000986115	 0.00120314	 0.675423	 -0.0120585	 0.0108664	 -3.80279e-05
3.98	 0.00109781	 0.00131803	 0.667816	 -0.0125389	 0.0113254	 -4.43759e-05
4	 0.00121114	 0.00143398	 0.659581	 -0.0130159	 0.0117841	 -5.06677e-05
4.02	 0.00132607	 0.00155095	 0.650739	 -0.0134892	 0.0122423	 -5.68871e-05
4.04	 0.0014426	 0.00166891	 0.641315	 -0.0139586	 0.0126996	 -6.30179e-05
4.06	 0.00156068	 0.00178784	 0.631334	 -0.0144237	 0.0131559	 -6.90443e-05
4.08	 0.00168031	 0.00190771	 0.620822	 -0.0148843	 0.013611	 -7.49504e-05
4.1	 0.00180146	 0.00202849	 0.609808	 -0.0153402	 0.0140647	 -8.07206e-05
4.12	 0.0019241	 0.00215015	 0.598321	 -0.0157912	 0.0145168	 -8.63395e-05
4.14	 0.00204821	 0.00227267	 0.58639	 -0.0162371	 0.0149672	 -9.1792e-05
4.16	 0.00217377	 0.00239603	 0.574047	 -0.0166778	 0.0154156	 -9.70633e-05
4.18	 0.00230075	 0.00252021	 0.561323	 -0.0171131	 0.015862	 -0.000102139
4.2	 0.00242912	 0.00264519	 0.548253	 -0.0175429	 0.0163061	 -0.000107005
4.22	 0.00255886	 0.00277095	 0.534868	 -0.017967	 0.0167479	 -0.000111649
4.24	 0.00268995	 0.00289747	 0.521204	 -0.0183854	 0.0171872	 -0.000116056
4.26	 0.00282236	 0.00302475	 0.507296	 -0.018798	 0.0176239	 -0.000120215
4.28	 0.00295606	 0.00315276	 0.493178	 -0.0192047	 0.0180577	 -0.000124113
4.3	 0.00309103	 0.00328148	 0.478887	 -0.0196054	 0.0184886	 -0.00012774
4.32	 0.00322723	 0.00341092	 0.464459	 -0.0199999	 0.0189163	 -0.000131085
4.34	 0.00336463	 0.00354105	 0.44993	 -0.0203883	 0.0193407	 -0.000134137
4.36	 0.00350322	 0.00367187	 0.435336	 -0.0207705	 0.0197617	 -0.000136888
4.38	 0.00364294	 0.00380336	 0.420715	 -0.0211464	 0.0201791	 -0.000139329
4.4	 0.00378378	 0.00393551	 0.406103	 -0.0215159	 0.0205928	 -0.000141451
4.42	 0.0039257	 0.00406831	 0.391536	 -0.0218792	 0.0210026	 -0.000143248
4.44	 0.00406866	 0.00420176	 0.37705	 -0.0222364	 0.0214086	 -0.000144714
4.46	 0.00421263	 0.00433583	 0.362682	 -0.0225876	 0.0218107	 -0.000145841
4.48	 0.00435758	 0.00447053	 0.348466	 -0.0229331	 0.0222092	 -0.000146625
4.5	 0.00450346	 0.00460584	 0.334437	 -0.0232731	 0.0226039	 -0.000147063
4.52	 0.00465024	 0.00474175	 0.320629	 -0.0236078	 0.022995	 -0.000147149
4.54	 0.00479786	 0.00487824	 0.307077	 -0.0239371	 0.0233823	 -0.000146883
4.56	 0.0049463	 0.0050153	 0.293811	 -0.0242611	 0.0237656	 -0.000146262
4.58	 0.00509549	 0.00515291	 0.280864	 -0.0245798	 0.0241446	 -0.000145286
4.6	 0.00524539	 0.00529106	 0.268267	 -0.0248929	 0.0245191	 -0.000143956
4.62	 0.00539595	 0.00542972	 0.256051	 -0.0252006	 0.0248891	 -0.000142271
4.64	 0.00554712	 0.00556887	 0.244244	 -0.025503	 0.0252544	 -0.000140235
4.66	 0.00569883	 0.00570849	 0.232876	 -0.0258003	 0.025615	 -0.000137848
4.68	 0.00585104	 0.00584857	 0.221972	 -0.0260927	 0.0259709	 -0.000135115
4.7	 0.00600369	 0.00598906	 0.211558	 -0.0263803	 0.0263222	 -0.00013204
4.72	 0.00615672	 0.00612996	 0.20166	 -0.0266632	 0.0266686	 -0.000128627
4.74	 0.00631007	 0.00627123	 0.1923	 -0.0269414	 0.0270099	 -0.000124883
4.76	 0.00646366	 0.00641283	 0.1835	 -0.0272148	 0.027346	 -0.000120814
4.78	 0.00661743	 0.00655473	 0.17528	 -0.0274836	 0.0276767	 -0.000116428
4.8	 0.00677131	 0.00669687	 0.167659	 -0.0277477	 0.0280019	 -0.000111733
4.82	 0.00692521	 0.00683924	 0.160654	 -0.0280073	 0.0283215	 -0.000106738
4.84	 0.00707907	 0.00698177	 0.154282	 -0.0282623	 0.0286352	 -0.000101452
4.86	 0.0072328	 0.00712441	 0.148556	 -0.0285126	 0.0289427	 -9.58864e-05
4.88	 0.00738633	 0.00726713	 0.14349	 -0.0287581	 0.0292439	 -9.00516e-05
4.9	 0.00753957	 0.00740987	 0.139095	 -0.0289988	 0.0295384	 -8.39593e-05
4.92	 0.00769243	 0.00755255	 0.135381	 -0.0292347	 0.0298263	 -7.76218e-05
4.94	 0.00784483	 0.00769514	 0.132355	 -0.029466	 0.0301074	 -7.1052e-05
4.96	 0.00799666	 0.00783755	 0.130023	 -0.0296926	 0.0303815	 -6.42638e-05
4.98	 0.00814785	 0.00797972	 0.128391	 -0.029914	 0.030648	 -5.72716e-05
5	 0.00829828	 0.00812158	 0.127462	 -0.0301301	 0.0309066	 -5.00902e-05
5.02	 0.00844786	 0.00826305	 0.127235	 -0.0303406	 0.0311569	 -4.27348e-05
5.04	 0.00859649	 0.00840405	 0.127712	 -0.0305454	 0.0313986	 -3.52207e-05
5.06	 0.00874405	 0.00854449	 0.128891	 -0.0307443	 0.0316314	 -2.75643e-05
5.08	 0.00889044	 0.00868429	 0.130766	 -0.0309373	 0.0318552	 -1.97823e-05
5.1	 0.00903555	 0.00882334	 0.133334	 -0.0311241	 0.0320696	 -1.1892e-05
5.12	 0.00917926	 0.00896155	 0.136587	 -0.0313045	 0.0322744	 -3.9109e-06
5.14	 0.00932144	 0.00909881	 0.140517	 -0.0314784	 0.0324692	 4.14327e-06
5.16	 0.00946199	 0.00923503	 0.145112	 -0.0316456	 0.0326539	 1.22524e-05
5.18	 0.00960078	 0.00937009	 0.150361	 -0.0318061	 0.0328282	 2.03981e-05
5.2	 0.00973769	 0.00950388	 0.15625	 -0.0319595	 0.0329919	 2.85615e-05
5.22	 0.0098726	 0.00963629	 0.162764	 -0.0321054	 0.0331444	 3.67239e-05
5.24	 0.0100054	 0.00976719	 0.169886	 -0.0322436	 0.0332855	 4.48663e-05
5.26	 0.0101359	 0.00989648	 0.177598	 -0.0323736	 0.0334146	 5.29699e-05
5.28	 0.0102641	 0.010024	 0.185882	 -0.0324951	 0.0335315	 6.10158e-05
5.3	 0.0103897	 0.0101497	 0.194715	 -0.0326078	 0.0336358	 6.89847e-05
5.32	 0.0105128	 0.0102734	 0.204076	 -0.0327112	 0.033727	 7.68579e-05
5.34	 0.0106331	 0.010395	 0.213942	 -0.0328047	 0.0338045	 8.46165e-05
5.36	 0.0107505	 0.0105143	 0.224288	 -0.0328877	 0.0338679	 9.22421e-05
5.38	 0.0108649	 0.0106313	 0.235088	 -0.0329596	 0.0339164	 9.97167e-05
5.4	 0.0109763	 0.0107458	 0.246317	 -0.0330199	 0.0339496	 0.000107022
5.42	 0.0110843	 0.0108576	 0.257947	 -0.033068	 0.033967	 0.000114141
5.44	 0.0111891	 0.0109666	 0.269948	 -0.0331035	 0.0339682	 0.000121056
5.46	 0.0112903	 0.0110728	 0.282292	 -0.0331258	 0.0339528	 0.00012775
5.48	 0.0113879	 0.0111759	 0.294949	 -0.0331347	 0.0339206	 0.000134206
5.5	 0.0114818	 0.0112758	 0.307887	 -0.0331297	 0.0338713	 0.000140409
5.52	 0.0115718	 0.0113724	 0.321077	 -0.0331108	 0.0338048	 0.000146343
5.54	 0.0116579	 0.0114656	 0.334485	 -0.0330776	 0.033721	 0.000151992
5.56	 0.01174	 0.0115552	 0.348079	 -0.0330299	 0.0336198	 0.000157341
5.58	 0.0118178	 0.011641	 0.361828	 -0.0329674	 0.0335011	 0.000162376
5.6	 0.0118913	 0.011723	 0.375698	 -0.0328897	 0.0333645	 0.000167083
5.62	 0.0119605	 0.0118011	 0.389656	 -0.0327963	 0.0332097	 0.00017145
5.64	 0.0120251	 0.011875	 0.403669	 -0.0326866	 0.0330363	 0.000175466
5.66	 0.0120852	 0.0119446	 0.417703	 -0.0325602	 0.0328441	 0.000179118
5.68	 0.0121405	 0.0120099	 0.431726	 -0.0324165	 0.0326325	 0.000182397
5.7	 0.012191	 0.0120707	 0.445705	 -0.032255	 0.0324015	 0.000185294
5.72	 0.0122367	 0.0121269	 0.459606	 -0.0320754	 0.0321508	 0.000187798
5.74	 0.0122773	 0.0121783	 0.473397	 -0.0318775	 0.0318803	 0.000189903
5.76	 0.0123129	 0.0122249	 0.487045	 -0.0316611	 0.0315901	 0.000191599
5.78	 0.0123433	 0.0122665	 0.500519	 -0.0314259	 0.0312802	 0.000192881
5.8	 0.0123685	 0.012303	 0.513787	 -0.0311719	 0.0309506	 0.000193743
5.82	 0.0123885	 0.0123344	 0.52682	 -0.0308988	 0.0306015	 0.000194182
5.84	 0.012403	 0.0123604	 0.539586	 -0.0306064	 0.0302327	 0.000194194
5.86	 0.0124121	 0.0123811	 0.552057	 -0.0302946	 0.0298443	 0.000193776
5.88	 0.0124157	 0.0123962	 0.564205	 -0.029963	 0.0294362	 0.000192927
5.9	 0.0124137	 0.0124057	 0.576001	 -0.0296113	 0.0290083	 0.000191645
5.92	 0.0124061	 0.0124096	 0.587419	 -0.0292392	 0.0285607	 0.000189931
5.94	 0.0123928	 0.0124076	 0.598434	 -0.0288467	 0.0280933	 0.000187787
5.96	 0.0123738	 0.0123999	 0.60902	 -0.0284338	 0.0276065	 0.000185216
5.98	 0.012349	 0.0123862	 0.619155	 -0.0280005	 0.0271004	 0.000182221
6	 0.0123184	 0.0123664	 0.628816	 -0.0275467	 0.0265752	 0.000178806
6.02	 0.012282	 0.0123407	 0.637981	 -0.0270724	 0.0260312	 0.000174977
6.04	 0.0122397	 0.0123087	 0.646632	 -0.0265777	 0.0254686	 0.000170741
6.06	 0.0121915	 0.0122706	 0.654749	 -0.0260625	 0.0248874	 0.000166104
6.08	 0.0121373	 0.0122262	 0.662316	 -0.0255271	 0.0242882	 0.000161077
6.1	 0.0120772	 0.0121756	 0.669316	 -0.0249715	 0.0236713	 0.000155667
6.12	 0.0120112	 0.0121185	 0.675736	 -0.0243962	 0.0230372	 0.000149885
6.14	 0.0119391	 0.0120551	 0.681562	 -0.0238013	 0.0223862	 0.000143744
6.16	 0.011861	 0.0119853	 0.686784	 -0.0231871	 0.0217189	 0.000137254
6.18	 0.011777	 0.011909	 0.691391	 -0.022554	 0.0210358	 0.000130429
6.2	 0.0116869	 0.0118262	 0.695376	 -0.0219025	 0.0203374	 0.000123282
6.22	 0.0115908	 0.0117369	 0.698731	 -0.0212331	 0.0196245	 0.000115828
6.24	 0.0114888	 0.0116411	 0.701451	 -0.0205461	 0.0188975	 0.000108083
6.26	 0.0113807	 0.0115388	 0.703534	 -0.0198419	 0.0181569	 0.000100064
6.28	 0.0112666	 0.0114299	 0.704977	 -0.0191207	 0.017403	 9.17859e-05
6.3	 0.0111466	 0.0113145	 0.705779	 -0.0183829	 0.0166364	 8.32683e-05
6.32	 0.0110206	 0.0111925	 0.705942	 -0.0176288	 0.0158573	 7.45293e-05
6.34	 0.0108886	 0.011064	 0.705469	 -0.0168588	 0.0150664	 6.55882e-05
6.36	 0.0107507	 0.010929	 0.704364	 -0.0160732	 0.0142639	 5.64652e-05
6.38	 0.0106069	 0.0107874	 0.702633	 -0.0152725	 0.0134505	 4.71808e-05
6.4	 0.0104573	 0.0106394	 0.700283	 -0.0144572	 0.0126265	 3.77557e-05
6.42	 0.0103018	 0.0104849	 0.697323	 -0.0136277	 0.0117927	 2.82114e-05
6.44	 0.0101405	 0.010324	 0.693764	 -0.0127847	 0.0109495	 1.85697e-05
6.46	 0.00997339	 0.0101567	 0.689617	 -0.0119288	 0.0100976	 8.85279e-06
6.48	 0.00980058	 0.00998301	 0.684895	 -0.0110606	 0.00923758	 -9.16842e-07
6.5	 0.00962207	 0.00980303	 0.679614	 -0.0101807	 0.00837012	 -1.07167e-05
6.52	 0.0094379	 0.00961677	 0.673789	 -0.00928987	 0.00749584	 -2.0524e-05
6.54	 0.0092481	 0.00942429	 0.667438	 -0.00838871	 0.00661534	 -3.03161e-05
6.56	 0.00905271	 0.00922562	 0.660579	 -0.00747787	 0.00572921	 -4.00699e-05
6.58	 0.00885179	 0.00902084	 0.653232	 -0.00655793	 0.00483798	 -4.97623e-05
6.6	 0.00864536	 0.00880997	 0.645418	 -0.00562949	 0.00394213	 -5.93698e-05
6.62	 0.00843347	 0.0085931	 0.637159	 -0.00469311	 0.00304216	 -6.88692e-05
6.64	 0.00821617	 0.00837027	 0.628478	 -0.00374937	 0.00213852	 -7.82377e-05
6.66	 0.0079935	 0.00814156	 0.619398	 -0.00279887	 0.00123172	 -8.74528e-05
6.68	 0.00776552	 0.00790702	 0.609945	 -0.00184223	 0.000322253	 -9.64922e-05
6.7	 0.00753225	 0.00766672	 0.600143	 -0.000880103	 -0.000589386	 -0.000105334
6.72	 0.00729376	 0.00742074	 0.59002	 8.6914e-05	 -0.00150273	 -0.000113957
6.74	 0.00705009	 0.00716914	 0.579603	 0.00105823	 -0.00241734	 -0.000122339
6.76	 0.00680127	 0.00691199	 0.568919	 0.00203327	 -0.00333279	 -0.00013046
6.78	 0.00654737	 0.00664937	 0.557996	 0.00301145	 -0.00424869	 -0.000138301
6.8	 0.00628842	 0.00638134	 0.546862	 0.00399219	 -0.00516461	 -0.000145841
6.82	 0.00602447	 0.00610799	 0.535548	 0.0049749	 -0.00608016	 -0.000153062
6.84	 0.00575557	 0.00582938	 0.524082	 0.00595903	 -0.00699498	 -0.000159947
6.86	 0.00548176	 0.0055456	 0.512494	 0.00694409	 -0.00790876	 -0.000166478
6.88	 0.00520311	 0.00525673	 0.500814	 0.00792961	 -0.00882124	 -0.00017264
6.9	 0.00491964	 0.00496285	 0.489071	 0.00891518	 -0.0097322	 -0.000178416
6.92	 0.00463142	 0.00466404	 0.477295	 0.00990043	 -0.0106415	 -0.000183794
6.94	 0.00433849	 0.00436037	 0.465517	 0.010885	 -0.011549	 -0.000188758
6.96	 0.0040409	 0.00405194	 0.453766	 0.0118686	 -0.0124546	 -0.000193297
6.98	 0.0037387	 0.00373882	 0.442071	 0.012851	 -0.0133582	 -0.000197398
7	 0.00343194	 0.00342111	 0.430462	 0.0138318	 -0.0142597	 -0.000201049
7.02	 0.00312068	 0.00309888	 0.418967	 0.0148105	 -0.0151589	 -0.000204242
7.04	 0.00280497	 0.00277221	 0.407616	 0.0157868	 -0.0160556	 -0.000206965
7.06	 0.00248484	 0.0024412	 0.396435	 0.0167602	 -0.0169495	 -0.000209211
7.08	 0.00216036	 0.00210593	 0.385453	 0.0177301	 -0.0178404	 -0.000210972
7.1	 0.00183158	 0.00176647	 0.374695	 0.0186962	 -0.018728	 -0.000212243
7.12	 0.00149854	 0.00142292	 0.364189	 0.019658	 -0.0196122	 -0.000213019
7.14	 0.00116131	 0.00107537	 0.353958	 0.0206154	 -0.020493	 -0.000213296
7.16	 0.000819952	 0.000723906	 0.344026	 0.0215683	 -0.0213704	 -0.000213073
7.18	 0.000474524	 0.000368624	 0.334419	 0.0225165	 -0.0222446	 -0.000212348
7.2	 0.000125094	 9.61916e-06	 0.325158	 0.0234601	 -0.0231158	 -0.000211122
7.22	 -0.000228273	 -0.000353014	 0.316264	 0.0243989	 -0.023984	 -0.000209394
7.24	 -0.000585511	 -0.000719182	 0.307759	 0.0253328	 -0.0248493	 -0.000207167
7.26	 -0.000946553	 -0.00108879	 0.299662	 0.0262615	 -0.0257116	 -0.000204444
7.28	 -0.00131133	 -0.00146174	 0.291992	 0.0271848	 -0.0265707	 -0.000201229
7.3	 -0.00167977	 -0.00183795	 0.284767	 0.0281022	 -0.0274266	 -0.000197527
7.32	 -0.00205181	 -0.00221731	 0.278002	 0.0290136	 -0.028279	 -0.000193345
7.34	 -0.00242735	 -0.00259971	 0.271713	 0.0299188	 -0.0291281	 -0.000188691
7.36	 -0.00280631	 -0.00298506	 0.265912	 0.0308178	 -0.0299739	 -0.000183575
7.38	 -0.00318861	 -0.00337324	 0.260614	 0.0317106	 -0.0308166	 -0.000178005
7.4	 -0.00357414	 -0.00376415	 0.255827	 0.032597	 -0.0316561	 -0.000171994
7.42	 -0.00396283	 -0.00415766	 0.251563	 0.033477	 -0.0324925	 -0.000165552
7.44	 -0.00435456	 -0.00455368	 0.24783	 0.0343503	 -0.0333257	 -0.000158692
7.46	 -0.00474924	 -0.00495208	 0.244635	 0.0352167	 -0.0341555	 -0.000151427
7.48	 -0.00514677	 -0.00535276	 0.241984	 0.036076	 -0.0349818	 -0.000143772
7.5	 -0.00554704	 -0.0057556	 0.239881	 0.036928	 -0.0358046	 -0.000135744
7.52	 -0.00594994	 -0.00616047	 0.238329	 0.0377726	 -0.0366237	 -0.000127358
7.54	 -0.00635534	 -0.00656725	 0.237331	 0.0386097	 -0.0374391	 -0.000118633
7.56	 -0.00676313	 -0.00697581	 0.236885	 0.039439	 -0.0382506	 -0.000109587
7.58	 -0.00717317	 -0.00738602	 0.236992	 0.0402604	 -0.039058	 -0.000100238
7.6	 -0.00758534	 -0.00779775	 0.237649	 0.0410736	 -0.0398612	 -9.06066e-05
7.62	 -0.0079995	 -0.00821086	 0.238852	 0.0418784	 -0.04066	 -8.07114e-05
7.64	 -0.00841548	 -0.0086252	 0.240596	 0.0426747	 -0.0414542	 -7.05736e-05
7.66	 -0.00883314	 -0.00904061	 0.242873	 0.0434623	 -0.0422437	 -6.02149e-05
7.68	 -0.00925232	 -0.00945694	 0.245677	 0.044241	 -0.0430281	 -4.96575e-05
7.7	 -0.00967283	 -0.00987403	 0.248997	 0.0450106	 -0.0438073	 -3.89242e-05
7.72	 -0.0100945	 -0.0102917	 0.252824	 0.0457707	 -0.044581	 -2.80381e-05
7.74	 -0.0105172	 -0.0107098	 0.257144	 0.0465212	 -0.0453487	 -1.70223e-05
7.76	 -0.0109407	 -0.0111282	 0.261946	 0.0472617	 -0.0461103	 -5.90034e-06
7.78	 -0.0113649	 -0.0115468	 0.267215	 0.047992	 -0.0468652	 5.30404e-06
7.8	 -0.0117896	 -0.0119652	 0.272935	 0.0487118	 -0.0476132	 1.65667e-05
7.82	 -0.0122145	 -0.0123835	 0.27909	 0.0494207	 -0.0483539	 2.78633e-05
7.84	 -0.0126396	 -0.0128014	 0.285662	 0.0501185	 -0.0490868	 3.91692e-05
7.86	 -0.0130645	 -0.0132186	 0.292633	 0.0508048	 -0.0498114	 5.04599e-05
7.88	 -0.0134891	 -0.0136352	 0.299983	 0.0514792	 -0.0505274	 6.17108e-05
7.9	 -0.0139132	 -0.0140508	 0.307692	 0.0521415	 -0.0512342	 7.28979e-05
7.92	 -0.0143366	 -0.0144653	 0.315737	 0.0527912	 -0.0519314	 8.3997e-05
7.94	 -0.0147591	 -0.0148785	 0.324097	 0.053428	 -0.0526184	 9.49842e-05
7.96	 -0.0151804	 -0.0152902	 0.332749	 0.0540513	 -0.0532945	 0.000105836
7.98	 -0.0156004	 -0.0157002	 0.341669	 0.0546607	 -0.0539592	 0.000116528
8	 -0.0160187	 -0.0161084	 0.350833	 0.0552556	 -0.0546116	 0.000127038
8.02	 -0.0164354	 -0.0165145	 0.360216	 0.0558355	 -0.0552512	 0.000137342
8.04	 -0.0168499	 -0.0169183	 0.369792	 0.0563998	 -0.0558771	 0.000147418
8.06	 -0.0172623	 -0.0173198	 0.379535	 0.0569481	 -0.0564888	 0.000157243
8.08	 -0.0176722	 -0.0177186	 0.389419	 0.0574802	 -0.0570858	 0.000166796
8.1	 -0.0180794	 -0.0181146	 0.399418	 0.0579958	 -0.0576677	 0.000176056
8.12	 -0.0184837	 -0.0185076	 0.409505	 0.0584947	 -0.0582341	 0.000185003
8.14	 -0.0188849	 -0.0188974	 0.419652	 0.0589769	 -0.0587848	 0.000193616
8.16	 -0.0192827	 -0.0192838	 0.429833	 0.0594421	 -0.0593193	 0.000201878
8.18	 -0.019677	 -0.0196666	 0.44002	 0.0598905	 -0.0598375	 0.000209769
8.2	 -0.0200673	 -0.0200455	 0.450187	 0.060322	 -0.0603392	 0.000217273
8.22	 -0.0204537	 -0.0204205	 0.460306	 0.0607363	 -0.0608239	 0.000224372
8.24	 -0.0208357	 -0.0207913	 0.47035	 0.0611335	 -0.0612915	 0.000231051
8.26	 -0.0212132	 -0.0211577	 0.480293	 0.0615134	 -0.0617414	 0.000237295
8.28	 -0.021586	 -0.0215195	 0.490109	 0.0618757	 -0.0621734	 0.000243089
8.3	 -0.0219538	 -0.0218765	 0.499771	 0.0622203	 -0.062587	 0.00024842
8.32	 -0.0223163	 -0.0222285	 0.509254	 0.0625467	 -0.0629818	 0.000253274
8.34	 -0.0226735	 -0.0225753	 0.518533	 0.0628548	 -0.063357	 0.000257641
8.36	 -0.023025	 -0.0229168	 0.527583	 0.0631441	 -0.0637123	 0.00026151
8.38	 -0.0233707	 -0.0232527	 0.53638	 0.063414	 -0.0640469	 0.000264873
8.4	 -0.0237102	 -0.0235829	 0.544902	 0.0636643	 -0.0643602	 0.000267723
8.42	 -0.0240434	 -0.0239071	 0.553124	 0.0638943	 -0.0646515	 0.000270055
8.44	 -0.0243701	 -0.0242251	 0.561026	 0.0641037	 -0.0649204	 0.000271863
8.46	 -0.02469	 -0.0245368	 0.568586	 0.0642922	 -0.0651662	 0.000273144
8.48	 -0.025003	 -0.024842	 0.575784	 0.0644593	 -0.0653884	 0.000273895
8.5	 -0.0253088	 -0.0251405	 0.5826	 0.0646048	 -0.0655867	 0.000274114
8.52	 -0.0256073	 -0.0254322	 0.589017	 0.0647282	 -0.0657603	 0.000273801
8.54	 -0.0258983	 -0.0257168	 0.595016	 0.0648291	 -0.065909	 0.000272956
8.56	 -0.0261816	 -0.0259942	 0.600582	 0.0649073	 -0.066032	 0.000271582
8.58	 -0.0264569	 -0.0262643	 0.6057	 0.0649625	 -0.0661292	 0.000269683
8.6	 -0.0267241	 -0.0265268	 0.610354	 0.0649945	 -0.0662003	 0.000267263
8.62	 -0.026983	 -0.0267815	 0.614533	 0.0650035	 -0.0662452	 0.000264326
8.64	 -0.0272335	 -0.0270284	 0.618225	 0.0649894	 -0.066264	 0.000260879
8.66	 -0.0274754	 -0.0272672	 0.621418	 0.0649525	 -0.0662566	 0.000256929
8.68	 -0.0277085	 -0.0274979	 0.624105	 0.0648928	 -0.0662233	 0.000252483
8.7	 -0.0279326	 -0.0277202	 0.626276	 0.0648105	 -0.066164	 0.000247553
8.72	 -0.0281476	 -0.027934	 0.627925	 0.0647059	 -0.0660788	 0.000242147
8.74	 -0.0283534	 -0.0281391	 0.629047	 0.0645788	 -0.065968	 0.000236279
8.76	 -0.0285497	 -0.0283354	 0.629638	 0.0644296	 -0.0658314	 0.000229961
8.78	 -0.0287364	 -0.0285227	 0.629694	 0.0642584	 -0.0656694	 0.000223207
8.8	 -0.0289134	 -0.0287009	 0.629214	 0.0640652	 -0.0654819	 0.000216032
8.82	 -0.0290805	 -0.0288699	 0.628198	 0.0638502	 -0.0652692	 0.000208452
8.84	 -0.0292376	 -0.0290295	 0.626646	 0.0636136	 -0.0650315	 0.000200483
8.86	 -0.0293847	 -0.0291795	 0.624561	 0.0633556	 -0.0647689	 0.000192143
8.88	 -0.0295215	 -0.02932	 0.621947	 0.0630763	 -0.0644817	 0.00018345
8.9	 -0.0296481	 -0.0294507	 0.618809	 0.0627759	 -0.0641701	 0.000174423
8.92	 -0.0297641	 -0.0295715	 0.615152	 0.0624545	 -0.0638342	 0.000165082
8.94	 -0.0298697	 -0.0296823	 0.610986	 0.0621124	 -0.0634744	 0.000155447
8.96	 -0.0299646	 -0.029783	 0.606317	 0.0617497	 -0.0630909	 0.000145538
8.98	 -0.0300489	 -0.0298736	 0.601158	 0.0613667	 -0.0626842	 0.000135378
9	 -0.0301223	 -0.0299538	 0.595518	 0.0609637	 -0.0622545	 0.000124987
9.02	 -0.0301848	 -0.0300237	 0.58941	 0.060541	 -0.0618022	 0.00011439
9.04	 -0.0302364	 -0.030083	 0.582849	 0.0600986	 -0.0613277	 0.000103609
9.06	 -0.030277	 -0.0301318	 0.575848	 0.0596368	 -0.0608311	 9.26676e-05
9.08	 -0.0303064	 -0.0301698	 0.568423	 0.0591557	 -0.0603128	 8.15907e-05
9.1	 -0.0303247	 -0.0301971	 0.560591	 0.0586555	 -0.0597731	 7.04023e-05
9.12	 -0.0303318	 -0.0302135	 0.552369	 0.0581364	 -0.0592122	 5.91265e-05
9.14	 -0.0303275	 -0.030219	 0.543776	 0.0575985	 -0.0586305	 4.77878e-05
9.16	 -0.030312	 -0.0302134	 0.534832	 0.0570419	 -0.0580284	 3.64104e-05
9.18	 -0.0302851	 -0.0301968	 0.525556	 0.0564668	 -0.057406	 2.5019e-05
9.2	 -0.0302469	 -0.0301691	 0.515969	 0.0558735	 -0.0567639	 1.36378e-05
9.22	 -0.0301972	 -0.0301301	 0.506093	 0.0552622	 -0.0561024	 2.29126e-06
9.24	 -0.030136	 -0.0300799	 0.49595	 0.054633	 -0.0554218	 -8.99654e-06
9.26	 -0.0300634	 -0.0300184	 0.485563	 0.0539862	 -0.0547226	 -2.02015e-05
9.28	 -0.0299794	 -0.0299456	 0.474956	 0.0533221	 -0.0540053	 -3.12999e-05
9.3	 -0.0298838	 -0.0298613	 0.464151	 0.0526411	 -0.0532703	 -4.22681e-05
9.32	 -0.0297767	 -0.0297656	 0.453174	 0.0519433	 -0.0525181	 -5.30829e-05
9.34	 -0.029658	 -0.0296585	 0.442049	 0.0512293	 -0.0517493	 -6.37214e-05
9.36	 -0.0295279	 -0.0295397	 0.430801	 0.0504992	 -0.0509643	 -7.41611e-05
9.38	 -0.0293861	 -0.0294094	 0.419454	 0.0497536	 -0.0501638	 -8.43802e-05
9.4	 -0.0292328	 -0.0292675	 0.408034	 0.0489928	 -0.0493483	 -9.43573e-05
9.42	 -0.029068	 -0.0291139	 0.396567	 0.0482172	 -0.0485185	 -0.000104072
9.44	 -0.0288915	 -0.0289487	 0.385078	 0.0474273	 -0.0476748	 -0.000113503
9.46	 -0.0287036	 -0.0287718	 0.373592	 0.0466235	 -0.046818	 -0.000122632
9.48	 -0.028504	 -0.0285831	 0.362135	 0.0458063	 -0.0459486	 -0.000131441
9.5	 -0.028293	 -0.0283827	 0.350731	 0.0449761	 -0.0450672	 -0.000139911
9.52	 -0.0280704	 -0.0281706	 0.339406	 0.044133	 -0.0441743	 -0.000148026
9.54	 -0.0278363	 -0.0279467	 0.328185	 0.0432773	 -0.04327	 -0.00015577
9.56	 -0.0275908	 -0.0277111	 0.31709	 0.0424091	 -0.0423547	 -0.000163126
9.58	 -0.0273338	 -0.0274637	 0.306148	 0.0415282	 -0.0414284	 -0.000170081
9.6	 -0.0270653	 -0.0272045	 0.29538	 0.0406346	 -0.0404912	 -0.000176621
9.62	 -0.0267855	 -0.0269336	 0.28481	 0.0397283	 -0.0395432	 -0.000182733
9.64	 -0.0264942	 -0.0266509	 0.27446	 0.0388093	 -0.0385846	 -0.000188405
9.66	 -0.0261916	 -0.0263564	 0.264352	 0.0378778	 -0.0376155	 -0.000193626
9.68	 -0.0258776	 -0.0260502	 0.254508	 0.036934	 -0.0366364	 -0.000198386
9.7	 -0.0255524	 -0.0257323	 0.244947	 0.035978	 -0.0356475	 -0.000202676
9.72	 -0.0252158	 -0.0254026	 0.23569	 0.0350103	 -0.0346492	 -0.000206487
9.74	 -0.0248681	 -0.0250612	 0.226756	 0.0340307	 -0.0336417	 -0.000209814
9.76	 -0.0245091	 -0.0247082	 0.218163	 0.0330395	 -0.032625	 -0.000212651
9.78	 -0.024139	 -0.0243435	 0.209929	 0.0320364	 -0.0315993	 -0.000214994
9.8	 -0.0237579	 -0.0239673	 0.202069	 0.0310215	 -0.0305643	 -0.000216841
9.82	 -0.0233656	 -0.0235795	 0.194599	 0.0299944	 -0.0295201	 -0.000218188
9.84	 -0.0229624	 -0.0231801	 0.187534	 0.0289552	 -0.0284666	 -0.000219035
9.86	 -0.0225482	 -0.0227693	 0.180888	 0.027904	 -0.0274038	 -0.000219381
9.88	 -0.0221232	 -0.0223471	 0.174672	 0.0268407	 -0.0263319	 -0.000219227
9.9	 -0.0216873	 -0.0219135	 0.168899	 0.0257653	 -0.0252508	 -0.000218575
9.92	 -0.0212406	 -0.0214685	 0.16358	 0.0246777	 -0.0241605	 -0.000217428
9.94	 -0.0207833	 -0.0210124	 0.158722	 0.0235779	 -0.0230608	 -0.000215789
9.96	 -0.0203153	 -0.0205451	 0.154336	 0.0224657	 -0.0219517	 -0.000213665
9.98	 -0.0198367	 -0.0200666	 0.150427	 0.021341	 -0.0208329	 -0.000211061
10	 -0.0193477	 -0.0195772	 0.147003	 0.0202038	 -0.0197045	 -0.000207987
10.02	 -0.0188483	 -0.0190768	 0.144068	 0.0190541	 -0.0185664	 -0.000204449
10.04	 -0.0183386	 -0.0185656	 0.141625	 0.0178918	 -0.0174186	 -0.000200457
10.06	 -0.0178187	 -0.0180437	 0.139679	 0.016717	 -0.0162609	 -0.000196022
10.08	 -0.0172886	 -0.0175112	 0.138229	 0.0155294	 -0.0150932	 -0.000191156
10.1	 -0.0167486	 -0.0169681	 0.137277	 0.014329	 -0.0139152	 -0.00018587
10.12	 -0.0161987	 -0.0164147	 0.136821	 0.0131155	 -0.0127267	 -0.000180179
10.14	 -0.0156389	 -0.015851	 0.13686	 0.0118891	 -0.0115278	 -0.000174097
10.16	 -0.0150696	 -0.0152772	 0.13739	 0.0106497	 -0.0103182	 -0.00016764
10.18	 -0.0144906	 -0.0146934	 0.138408	 0.00939762	 -0.00909822	 -0.000160825
10.2	 -0.0139024	 -0.0140998	 0.139909	 0.00813285	 -0.00786772	 -0.000153668
10.22	 -0.0133048	 -0.0134966	 0.141885	 0.00685559	 -0.0066268	 -0.000146186
10.24	 -0.0126982	 -0.0128838	 0.144329	 0.00556605	 -0.00537554	 -0.000138399
10.26	 -0.0120827	 -0.0122618	 0.147233	 0.00426447	 -0.00411407	 -0.000130326
10.28	 -0.0114585	 -0.0116308	 0.150587	 0.00295105	 -0.00284245	 -0.000121987
10.3	 -0.0108257	 -0.0109907	 0.15438	 0.00162598	 -0.00156076	 -0.000113402
10.32	 -0.0101844	 -0.010342	 0.158601	 0.000289435	 -0.000269039	 -0.000104591
10.34	 -0.00953499	 -0.00968483	 0.163237	 -0.00105836	 0.00103264	 -9.55772e-05
10.36	 -0.00887753	 -0.00901933	 0.168275	 -0.00241715	 0.00234415	 -8.63815e-05
10.38	 -0.00821224	 -0.00834577	 0.1737	 -0.00378661	 0.00366533	 -7.70269e-05
10.4	 -0.00753933	 -0.00766437	 0.179497	 -0.00516643	 0.004996	 -6.75363e-05
10.42	 -0.00685901	 -0.00697537	 0.18565	 -0.00655634	 0.00633604	 -5.7933e-05
10.44	 -0.00617151	 -0.00627902	 0.192142	 -0.00795612	 0.0076854	 -4.824e-05
10.46	 -0.00547704	 -0.00557557	 0.198956	 -0.0093656	 0.00904405	 -3.84808e-05
10.48	 -0.00477584	 -0.00486528	 0.206073	 -0.0107846	 0.0104119	 -2.86787e-05
10.5	 -0.00406814	 -0.0041484	 0.213475	 -0.0122128	 0.011789	 -1.88575e-05
10.52	 -0.0033542	 -0.00342521	 0.221141	 -0.0136499	 0.0131749	 -9.04042e-06
10.54	 -0.00263424	 -0.00269598	 0.229053	 -0.0150956	 0.0145696	 7.49136e-07
10.56	 -0.00190854	 -0.00196098	 0.23719	 -0.0165492	 0.0159727	 1.04882e-05
10.58	 -0.00117734	 -0.00122052	 0.245531	 -0.0180105	 0.0173838	 2.01542e-05
10.6	 -0.000440931	 -0.000474874	 0.254055	 -0.0194787	 0.0188026	 2.97245e-05
10.62	 0.000300436	 0.000275656	 0.262739	 -0.0209534	 0.0202287	 3.91769e-05
10.64	 0.00104648	 0.00103077	 0.271563	 -0.0224338	 0.0216615	 4.84896e-05
10.66	 0.00179693	 0.00179018	 0.280505	 -0.0239194	 0.0231005	 5.76412e-05
10.68	 0.00255149	 0.00255356	 0.289541	 -0.0254096	 0.0245453	 6.66108e-05
10.7	 0.00330988	 0.0033206	 0.298651	 -0.0269036	 0.0259953	 7.53785e-05
10.72	 0.0040718	 0.00409099	 0.307812	 -0.0284008	 0.02745	 8.39247e-05
10.74	 0.00483695	 0.0048644	 0.317001	 -0.0299006	 0.028909	 9.22306e-05
10.76	 0.00560501	 0.00564049	 0.326196	 -0.0314024	 0.0303717	 0.000100278
10.78	 0.00637568	 0.00641895	 0.335376	 -0.0329055	 0.0318375	 0.000108049
10.8	 0.00714864	 0.00719944	 0.344519	 -0.0344091	 0.0333058	 0.000115528
10.82	 0.00792357	 0.00798161	 0.353602	 -0.0359124	 0.0347759	 0.000122699
10.84	 0.00870016	 0.00876513	 0.362606	 -0.0374145	 0.036247	 0.000129545
10.86	 0.00947807	 0.00954966	 0.371507	 -0.0389146	 0.0377183	 0.000136055
10.88	 0.010257	 0.0103349	 0.380287	 -0.0404117	 0.039189	 0.000142214
10.9	 0.0110366	 0.0111204	 0.388924	 -0.041905	 0.0406582	 0.000148011
10.92	 0.0118165	 0.0119059	 0.3974	 -0.0433936	 0.0421253	 0.000153435
10.94	 0.0125964	 0.012691	 0.405693	 -0.0448768	 0.0435896	 0.000158476
10.96	 0.0133761	 0.0134755	 0.413787	 -0.0463539	 0.0450503	 0.000163124
10.98	 0.014155	 0.0142588	 0.421662	 -0.0478241	 0.0465069	 0.000167373
11	 0.0149329	 0.0150408	 0.429302	 -0.0492866	 0.0479585	 0.000171214
11.02	 0.0157095	 0.015821	 0.43669	 -0.0507408	 0.0494044	 0.000174643
11.04	 0.0164844	 0.0165991	 0.443809	 -0.0521858	 0.0508439	 0.000177654
11.06	 0.0172572	 0.0173747	 0.450645	 -0.0536208	 0.0522762	 0.000180245
11.08	 0.0180277	 0.0181476	 0.457183	 -0.0550453	 0.0537007	 0.000182412
11.1	 0.0187956	 0.0189174	 0.46341	 -0.0564584	 0.0551166	 0.000184154
11.12	 0.0195603	 0.0196837	 0.469313	 -0.0578593	 0.0565232	 0.000185472
11.14	 0.0203217	 0.0204462	 0.474881	 -0.0592471	 0.0579193	 0.000186367
11.16	 0.0210794	 0.0212045	 0.480103	 -0.0606208	 0.0593041	 0.000186841
11.18	 0.021833	 0.0219584	 0.484969	 -0.0619796	 0.0606767	 0.000186898
11.2	 0.0225822	 0.0227075	 0.489469	 -0.0633228	 0.0620363	 0.000186542
11.22	 0.0233267	 0.0234514	 0.493597	 -0.0646496	 0.0633822	 0.000185778
11.24	 0.0240661	 0.0241899	 0.497346	 -0.0659595	 0.0647137	 0.000184612
11.26	 0.0248001	 0.0249227	 0.500708	 -0.0672519	 0.0660301	 0.000183053
11.28	 0.0255285	 0.0256493	 0.503681	 -0.068526	 0.0673308	 0.000181109
11.3	 0.0262508	 0.0263695	 0.506259	 -0.0697814	 0.068615	 0.000178789
11.32	 0.0269668	 0.0270831	 0.50844	 -0.0710172	 0.069882	 0.000176105
11.34	 0.0276761	 0.0277896	 0.510222	 -0.0722331	 0.0711312	 0.000173068
11.36	 0.0283785	 0.0284888	 0.511606	 -0.0734283	 0.0723618	 0.000169691
11.38	 0.0290735	 0.0291805	 0.51259	 -0.0746022	 0.0735731	 0.000165987
11.4	 0.029761	 0.0298642	 0.513178	 -0.0757543	 0.0747644	 0.00016197
11.42	 0.0304406	 0.0305398	 0.51337	 -0.076884	 0.075935	 0.000157656
11.44	 0.031112	 0.0312069	 0.513171	 -0.0779906	 0.0770844	 0.00015306
11.46	 0.031775	 0.0318652	 0.512586	 -0.079074	 0.0782119	 0.000148198
11.48	 0.0324291	 0.0325146	 0.511619	 -0.0801335	 0.0793171	 0.000143087
11.5	 0.0330742	 0.0331546	 0.510278	 -0.0811689	 0.0803993	 0.000137745
11.52	 0.0337099	 0.0337851	 0.50857	 -0.0821797	 0.0814582	 0.000132192
11.54	 0.034336	 0.0344058	 0.506504	 -0.0831658	 0.0824934	 0.000126446
11.56	 0.0349522	 0.0350164	 0.504089	 -0.0841271	 0.0835046	 0.000120525
11.58	 0.0355582	 0.0356167	 0.501335	 -0.0850633	 0.0844914	 0.00011445
11.6	 0.0361538	 0.0362064	 0.498253	 -0.0859742	 0.0854537	 0.000108238
11.62	 0.0367387	 0.0367854	 0.494857	 -0.0868597	 0.0863909	 0.000101911
11.64	 0.0373127	 0.0373533	 0.491158	 -0.0877195	 0.0873027	 9.54892e-05
11.66	 0.0378755	 0.03791	 0.487171	 -0.0885534	 0.0881889	 8.89931e-05
11.68	 0.0384269	 0.0384553	 0.482909	 -0.0893614	 0.0890492	 8.24432e-05
11.7	 0.0389666	 0.0389889	 0.478389	 -0.0901435	 0.0898835	 7.58599e-05
11.72	 0.0394945	 0.0395106	 0.473625	 -0.0908996	 0.0906916	 6.92635e-05
11.74	 0.0400102	 0.0400202	 0.468634	 -0.0916297	 0.0914733	 6.26746e-05
11.76	 0.0405137	 0.0405176	 0.463433	 -0.0923337	 0.0922284	 5.61135e-05
11.78	 0.0410047	 0.0410025	 0.458039	 -0.0930118	 0.0929569	 4.96008e-05
11.8	 0.041483	 0.0414749	 0.452471	 -0.0936639	 0.0936588	 4.31565e-05
11.82	 0.0419483	 0.0419344	 0.446746	 -0.0942901	 0.0943338	 3.68003e-05
11.84	 0.0424006	 0.0423809	 0.440883	 -0.0948905	 0.0949821	 3.05516e-05
11.86	 0.0428397	 0.0428144	 0.434902	 -0.0954651	 0.0956035	 2.44297e-05
11.88	 0.0432653	 0.0432345	 0.428822	 -0.0960142	 0.096198	 1.84534e-05
11.9	 0.0436773	 0.0436412	 0.422662	 -0.0965377	 0.0967657	 1.26409e-05
11.92	 0.0440756	 0.0440344	 0.416442	 -0.0970359	 0.0973067	 7.00975e-06
11.94	 0.04446	 0.0444139	 0.410182	 -0.0975089	 0.0978208	 1.57695e-06
11.96	 0.0448303	 0.0447795	 0.403902	 -0.0979569	 0.0983083	 -3.64108e-06
11.98	 0.0451864	 0.0451311	 0.397622	 -0.0983799	 0.0987691	 -8.62836e-06
12	 0.0455283	 0.0454687	 0.391362	 -0.0987782	 0.0992034	 -1.33695e-05
12.02	 0.0458556	 0.0457921	 0.385141	 -0.099152	 0.0996113	 -1.78497e-05
12.04	 0.0461684	 0.0461011	 0.37898	 -0.0995014	 0.0999929	 -2.20553e-05
12.06	 0.0464664	 0.0463957	 0.372897	 -0.0998268	 0.100348	 -2.59735e-05
12.08	 0.0467497	 0.0466757	 0.366913	 -0.100128	 0.100678	 -2.95927e-05
12.1	 0.0470179	 0.0469411	 0.361046	 -0.100406	 0.100981	 -3.29019e-05
12.12	 0.0472711	 0.0471916	 0.355315	 -0.10066	 0.101259	 -3.58912e-05
12.14	 0.0475091	 0.0474273	 0.349738	 -0.10089	 0.10151	 -3.85514e-05
12.16	 0.0477318	 0.047648	 0.344333	 -0.101096	 0.101736	 -4.08742e-05
12.18	 0.0479391	 0.0478536	 0.339118	 -0.101279	 0.101936	 -4.28521e-05
12.2	 0.0481308	 0.0480439	 0.33411	 -0.101438	 0.10211	 -4.44784e-05
12.22	 0.048307	 0.048219	 0.329324	 -0.101574	 0.102258	 -4.57473e-05
12.24	 0.0484675	 0.0483787	 0.324777	 -0.101687	 0.102381	 -4.66539e-05
12.26	 0.0486122	 0.0485229	 0.320485	 -0.101776	 0.102478	 -4.71942e-05
12.28	 0.048741	 0.0486516	 0.316461	 -0.101841	 0.102549	 -4.73655e-05
12.3	 0.0488539	 0.0487647	 0.31272	 -0.101883	 0.102594	 -4.71658e-05
12.32	 0.0489508	 0.048862	 0.309275	 -0.101902	 0.102614	 -4.65942e-05
12.34	 0.0490316	 0.0489436	 0.306138	 -0.101897	 0.102608	 -4.5651e-05
12.36	 0.0490962	 0.0490093	 0.303321	 -0.101869	 0.102576	 -4.43373e-05
12.38	 0.0491446	 0.049059	 0.300835	 -0.101816	 0.102517	 -4.26553e-05
12.4	 0.0491767	 0.0490927	 0.29869	 -0.10174	 0.102433	 -4.0608e-05
12.42	 0.0491924	 0.0491103	 0.296895	 -0.101639	 0.102322	 -3.81993e-05
12.44	 0.0491916	 0.0491118	 0.295459	 -0.101513	 0.102184	 -3.54338e-05
12.46	 0.0491743	 0.049097	 0.294388	 -0.101362	 0.10202	 -3.23174e-05
12.48	 0.0491405	 0.0490658	 0.29369	 -0.101186	 0.101828	 -2.88563e-05
12.5	 0.0490901	 0.0490184	 0.293369	 -0.100985	 0.101609	 -2.50581e-05
12.52	 0.0490231	 0.0489545	 0.293431	 -0.100758	 0.101362	 -2.09313e-05
12.54	 0.0489393	 0.0488741	 0.29388	 -0.100504	 0.101087	 -1.64853e-05
12.56	 0.0488389	 0.0487772	 0.294717	 -0.100225	 0.100785	 -1.17306e-05
12.58	 0.0487216	 0.0486638	 0.295945	 -0.0999181	 0.100454	 -6.67866e-06
12.6	 0.0485876	 0.0485337	 0.297565	 -0.0995844	 0.100094	 -1.34157e-06
12.62	 0.0484368	 0.048387	 0.299576	 -0.0992229	 0.0997058	 4.26781e-06
12.64	 0.0482691	 0.0482236	 0.301978	 -0.0988335	 0.0992879	 1.01359e-05
12.66	 0.0480845	 0.0480434	 0.304767	 -0.0984155	 0.0988404	 1.62485e-05
12.68	 0.047883	 0.0478465	 0.307942	 -0.0979687	 0.0983628	 2.25905e-05
12.7	 0.0476646	 0.0476327	 0.311497	 -0.0974924	 0.0978549	 2.91463e-05
12.72	 0.0474294	 0.0474022	 0.315429	 -0.0969863	 0.0973163	 3.58995e-05
12.74	 0.0471772	 0.0471548	 0.31973	 -0.0964499	 0.0967466	 4.28329e-05
12.76	 0.0469082	 0.0468906	 0.324394	 -0.0958827	 0.0961454	 4.99288e-05
12.78	 0.0466222	 0.0466096	 0.329413	 -0.0952842	 0.0955123	 5.71689e-05
12.8	 0.0463194	 0.0463117	 0.334779	 -0.094654	 0.0948471	 6.4534e-05
12.82	 0.0459997	 0.0459969	 0.340483	 -0.0939916	 0.0941493	 7.20047e-05
12.84	 0.0456632	 0.0456653	 0.346513	 -0.0932966	 0.0934186	 7.95608e-05
12.86	 0.0453098	 0.0453168	 0.352858	 -0.0925686	 0.0926548	 8.71818e-05
12.88	 0.0449397	 0.0449516	 0.359508	 -0.0918072	 0.0918575	 9.48469e-05
12.9	 0.0445529	 0.0445695	 0.366448	 -0.0910119	 0.0910264	 0.000102535
12.92	 0.0441493	 0.0441707	 0.373666	 -0.0901824	 0.0901612	 0.000110225
12.94	 0.0437291	 0.0437552	 0.381148	 -0.0893181	 0.0892615	 0.000117895
12.96	 0.0432924	 0.0433231	 0.388878	 -0.0884187	 0.088327	 0.000125523
12.98	 0.0428392	 0.0428743	 0.396842	 -0.0874837	 0.0873573	 0.000133088
13	 0.0423695	 0.042409	 0.405023	 -0.0865127	 0.086352	 0.000140568
13.02	 0.0418835	 0.0419272	 0.413405	 -0.0855051	 0.0853107	 0.000147941
13.04	 0.0413813	 0.041429	 0.421971	 -0.0844605	 0.0842332	 0.000155184
13.06	 0.0408629	 0.0409144	 0.430703	 -0.0833784	 0.083119	 0.000162277
13.08	 0.0403284	 0.0403837	 0.439584	 -0.0822586	 0.0819677	 0.000169197
13.1	 0.039778	 0.0398368	 0.448595	 -0.0811006	 0.0807792	 0.000175922
13.12	 0.0392118	 0.0392739	 0.457718	 -0.0799041	 0.0795533	 0.000182432
13.14	 0.0386299	 0.0386951	 0.466933	 -0.0786688	 0.0782896	 0.000188704
13.16	 0.0380324	 0.0381006	 0.476222	 -0.0773947	 0.0769882	 0.000194719
13.18	 0.0374195	 0.0374904	 0.485565	 -0.0760817	 0.0756489	 0.000200454
13.2	 0.0367914	 0.0368647	 0.494943	 -0.0747297	 0.0742719	 0.000205891
13.22	 0.0361482	 0.0362237	 0.504336	 -0.0733387	 0.0728573	 0.000211008
13.24	 0.03549	 0.0355676	 0.513724	 -0.0719089	 0.0714051	 0.000215787
13.26	 0.0348172	 0.0348965	 0.523088	 -0.0704405	 0.0699156	 0.00022021
13.28	 0.0341298	 0.0342106	 0.532408	 -0.0689334	 0.068389	 0.000224258
13.3	 0.0334281	 0.0335101	 0.541666	 -0.067388	 0.0668253	 0.000227915
13.32	 0.0327123	 0.0327953	 0.55084	 -0.0658043	 0.0652249	 0.000231164
13.34	 0.0319825	 0.0320663	 0.559914	 -0.0641826	 0.0635878	 0.000233991
13.36	 0.0312391	 0.0313233	 0.568867	 -0.062523	 0.0619143	 0.000236382
13.38	 0.0304822	 0.0305666	 0.577681	 -0.0608258	 0.0602046	 0.000238323
13.4	 0.0297121	 0.0297964	 0.586338	 -0.0590913	 0.0584593	 0.000239802
13.42	 0.028929	 0.029013	 0.59482	 -0.0573201	 0.0566787	 0.000240808
13.44	 0.0281331	 0.0282166	 0.603109	 -0.0555127	 0.0548634	 0.00024133
13.46	 0.0273249	 0.0274075	 0.611188	 -0.0536698	 0.053014	 0.000241359
13.48	 0.0265044	 0.0265859	 0.619041	 -0.051792	 0.0511311	 0.000240887
13.5	 0.025672	 0.0257522	 0.626652	 -0.0498798	 0.0492154	 0.000239906
13.52	 0.0248279	 0.0249066	 0.634005	 -0.047934	 0.0472674	 0.00023841
13.54	 0.0239725	 0.0240494	 0.641085	 -0.0459551	 0.0452878	 0.000236395
13.56	 0.0231061	 0.0231809	 0.647877	 -0.043944	 0.0432774	 0.000233857
13.58	 0.0222289	 0.0223015	 0.654369	 -0.0419015	 0.0412368	 0.000230793
13.6	 0.0213413	 0.0214114	 0.660547	 -0.0398286	 0.0391672	 0.000227203
13.62	 0.0204436	 0.020511	 0.666399	 -0.0377264	 0.0370694	 0.000223087
13.64	 0.019536	 0.0196006	 0.671913	 -0.0355959	 0.0349447	 0.000218446
13.66	 0.0186191	 0.0186805	 0.67708	 -0.0334383	 0.032794	 0.000213284
13.68	 0.017693	 0.0177511	 0.681887	 -0.0312548	 0.0306183	 0.000207606
13.7	 0.0167581	 0.0168128	 0.686328	 -0.0290464	 0.028419	 0.000201417
13.72	 0.0158147	 0.0158659	 0.690393	 -0.0268144	 0.026197	 0.000194726
13.74	 0.0148632	 0.0149107	 0.694076	 -0.0245602	 0.0239537	 0.000187542
13.76	 0.013904	 0.0139476	 0.697369	 -0.0222851	 0.0216904	 0.000179878
13.78	 0.0129374	 0.012977	 0.700267	 -0.0199903	 0.0194082	 0.000171744
13.8	 0.0119638	 0.0119992	 0.702765	 -0.0176771	 0.0171083	 0.000163156
13.82	 0.0109836	 0.0110147	 0.70486	 -0.0153464	 0.0147916	 0.000154128
13.84	 0.00999701	 0.0100238	 0.70655	 -0.0129995	 0.0124594	 0.000144679
13.86	 0.00900453	 0.00902695	 0.707831	 -0.0106376	 0.0101126	 0.000134825
13.88	 0.00800652	 0.00802446	 0.708703	 -0.00826187	 0.00775243	 0.000124588
13.9	 0.00700334	 0.00701675	 0.709165	 -0.00587363	 0.0053802	 0.000113986
13.92	 0.00599538	 0.00600422	 0.70922	 -0.00347413	 0.00299704	 0.000103043
13.94	 0.00498302	 0.00498726	 0.708868	 -0.00106468	 0.000604186	 9.17809e-05
13.96	 0.00396666	 0.00396628	 0.708111	 0.00135338	 -0.00179708	 8.02245e-05
13.98	 0.00294668	 0.00294167	 0.706954	 0.00377861	 -0.00420541	 6.83997e-05
14	 0.00192347	 0.00191384	 0.705401	 0.00620955	 -0.0066194	 5.63336e-05
14.02	 0.000897427	 0.000883193	 0.703457	 0.00864478	 -0.00903769	 4.4054e-05
14.04	 -0.000131062	 -0.00014987	 0.701128	 0.0110829	 -0.011459	 3.15901e-05
14.06	 -0.00116161	 -0.00118495	 0.698421	 0.0135227	 -0.0138821	 1.89718e-05
14.08	 -0.00219382	 -0.00222164	 0.695344	 0.0159627	 -0.0163056	 6.23017e-06
14.1	 -0.00322732	 -0.00325955	 0.691906	 0.0184017	 -0.0187284	 -6.60319e-06
14.12	 -0.00426171	 -0.00429828	 0.688116	 0.0208383	 -0.0211491	 -1.94961e-05
14.14	 -0.0052966	 -0.00533742	 0.683984	 0.0232714	 -0.0235667	 -3.24159e-05
14.16	 -0.00633161	 -0.00637659	 0.679521	 0.0256998	 -0.0259801	 -4.53297e-05
14.18	 -0.00736636	 -0.00741539	 0.674738	 0.0281226	 -0.0283883	 -5.82039e-05
14.2	 -0.00840048	 -0.00845345	 0.669648	 0.0305385	 -0.0307902	 -7.10049e-05
14.22	 -0.0094336	 -0.00949039	 0.664264	 0.0329465	 -0.0331848	 -8.36988e-05
14.24	 -0.0104654	 -0.0105258	 0.658599	 0.0353455	 -0.0355711	 -9.6252e-05
14.26	 -0.0114954	 -0.0115594	 0.652666	 0.0377344	 -0.0379478	 -0.000108631
14.28	 -0.0125233	 -0.0125907	 0.646481	 0.0401121	 -0.0403141	 -0.000120802
14.3	 -0.0135488	 -0.0136195	 0.640058	 0.0424776	 -0.042669	 -0.000132732
14.32	 -0.0145715	 -0.0146453	 0.633412	 0.0448298	 -0.0450113	 -0.000144387
14.34	 -0.0155911	 -0.0156677	 0.62656	 0.0471678	 -0.0473403	 -0.000155734
14.36	 -0.0166072	 -0.0166866	 0.619518	 0.0494907	 -0.0496549	 -0.000166742
14.38	 -0.0176194	 -0.0177014	 0.612301	 0.0517974	 -0.0519543	 -0.000177378
14.4	 -0.0186276	 -0.0187119	 0.604927	 0.0540872	 -0.0542375	 -0.00018761
14.42	 -0.0196312	 -0.0197178	 0.597412	 0.0563593	 -0.0565039	 -0.00019741
14.44	 -0.0206301	 -0.0207187	 0.589775	 0.0586129	 -0.0587527	 -0.000206747
14.46	 -0.0216239	 -0.0217143	 0.582031	 0.0608473	 -0.0609833	 -0.000215592
14.48	 -0.0226122	 -0.0227043	 0.574199	 0.0630618	 -0.0631948	 -0.000223918
14.5	 -0.0235949	 -0.0236884	 0.566297	 0.0652558	 -0.0653867	 -0.000231698
14.52	 -0.0245715	 -0.0246663	 0.55834	 0.0674288	 -0.0675585	 -0.000238907
14.54	 -0.0255419	 -0.0256377	 0.550347	 0.0695803	 -0.0697097	 -0.00024552
14.56	 -0.0265056	 -0.0266023	 0.542336	 0.0717097	 -0.0718397	 -0.000251513
14.58	 -0.0274625	 -0.0275599	 0.534323	 0.0738167	 -0.0739482	 -0.000256865
14.6	 -0.0284122	 -0.0285101	 0.526326	 0.0759009	 -0.0760346	 -0.000261554
14.62	 -0.0293545	 -0.0294527	 0.518361	 0.0779616	 -0.0780985	 -0.000265561
14.64	 -0.0302892	 -0.0303875	 0.510445	 0.0799986	 -0.0801394	 -0.000268868
14.66	 -0.0312159	 -0.0313141	 0.502595	 0.0820115	 -0.0821569	 -0.000271458
14.68	 -0.0321344	 -0.0322324	 0.494826	 0.0839998	 -0.0841507	 -0.000273315
14.7	 -0.0330444	 -0.033142	 0.487154	 0.0859634	 -0.0861204	 -0.000274427
14.72	 -0.0339457	 -0.0340428	 0.479595	 0.087902	 -0.0880659	 -0.000274781
14.74	 -0.0348381	 -0.0349344	 0.472163	 0.0898155	 -0.0899869	 -0.000274368
14.76	 -0.0357212	 -0.0358167	 0.464872	 0.0917038	 -0.0918833	 -0.000273179
14.78	 -0.0365949	 -0.0366893	 0.457737	 0.0935668	 -0.0937549	 -0.00027121
14.8	 -0.0374589	 -0.0375521	 0.450771	 0.0954044	 -0.0956017	 -0.000268455
14.82	 -0.0383128	 -0.0384047	 0.443986	 0.0972164	 -0.0974233	 -0.000264913
14.84	 -0.0391566	 -0.0392471	 0.437395	 0.0990026	 -0.0992196	 -0.000260584
14.86	 -0.0399899	 -0.0400788	 0.43101	 0.100763	 -0.10099	 -0.000255468
14.88	 -0.0408126	 -0.0408997	 0.424841	 0.102497	 -0.102735	 -0.000249568
14.9	 -0.0416243	 -0.0417096	 0.418898	 0.104204	 -0.104454	 -0.000242888
14.92	 -0.0424248	 -0.0425083	 0.413193	 0.105884	 -0.106145	 -0.000235435
14.94	 -0.043214	 -0.0432954	 0.407732	 0.107538	 -0.107811	 -0.000227215
14.96	 -0.0439916	 -0.0440709	 0.402526	 0.109164	 -0.109449	 -0.000218238
14.98	 -0.0447574	 -0.0448345	 0.397581	 0.110764	 -0.11106	 -0.000208513
15	 -0.0455112	 -0.045586	 0.392905	 0.112336	 -0.112645	 -0.000198054
15.02	 -0.0462526	 -0.0463252	 0.388502	 0.113881	 -0.114202	 -0.000186874
15.04	 -0.0469816	 -0.0470518	 0.384379	 0.115399	 -0.115732	 -0.000174988
15.06	 -0.0476979	 -0.0477655	 0.38054	 0.116889	 -0.117234	 -0.000162414
15.08	 -0.0484011	 -0.0484663	 0.376988	 0.118351	 -0.118708	 -0.000149171
15.1	 -0.0490912	 -0.0491539	 0.373726	 0.119785	 -0.120154	 -0.000135279
15.12	 -0.0497678	 -0.0498279	 0.370757	 0.12119	 -0.121571	 -0.000120762
15.14	 -0.0504308	 -0.0504883	 0.368081	 0.122566	 -0.122958	 -0.000105643
15.16	 -0.0510799	 -0.0511348	 0.365699	 0.123913	 -0.124316	 -8.99479e-05
15.18	 -0.0517148	 -0.0517672	 0.363612	 0.12523	 -0.125644	 -7.37026e-05
15.2	 -0.0523355	 -0.0523853	 0.361818	 0.126516	 -0.126941	 -5.69351e-05
15.22	 -0.0529416	 -0.0529888	 0.360314	 0.127772	 -0.128206	 -3.96742e-05
15.24	 -0.0535328	 -0.0535775	 0.3591	 0.128996	 -0.12944	 -2.19499e-05
15.26	 -0.0541091	 -0.0541512	 0.358171	 0.130188	 -0.130641	 -3.79338e-06
15.28	 -0.0546701	 -0.0547097	 0.357523	 0.131347	 -0.131809	 1.47633e-05
15.3	 -0.0552155	 -0.0552526	 0.357151	 0.132474	 -0.132944	 3.36873e-05
15.32	 -0.0557452	 -0.0557799	 0.35705	 0.133567	 -0.134045	 5.29447e-05
15.34	 -0.056259	 -0.0562913	 0.357214	 0.134625	 -0.135111	 7.25007e-05
15.36	 -0.0567566	 -0.0567865	 0.357636	 0.135649	 -0.136141	 9.23196e-05
15.38	 -0.0572377	 -0.0572654	 0.358308	 0.136637	 -0.137135	 0.000112365
15.4	 -0.0577022	 -0.0577276	 0.359221	 0.137589	 -0.138092	 0.000132598
15.42	 -0.0581498	 -0.058173	 0.360368	 0.138503	 -0.139011	 0.000152983
15.44	 -0.0585802	 -0.0586013	 0.361738	 0.13938	 -0.139892	 0.000173481
15.46	 -0.0589934	 -0.0590124	 0.363322	 0.140218	 -0.140734	 0.000194054
15.48	 -0.0593889	 -0.059406	 0.365109	 0.141016	 -0.141535	 0.000214665
15.5	 -0.0597667	 -0.0597819	 0.367088	 0.141774	 -0.142296	 0.000235274
15.52	 -0.0601265	 -0.0601399	 0.369248	 0.142491	 -0.143014	 0.000255844
15.54	 -0.0604681	 -0.0604797	 0.371577	 0.143166	 -0.14369	 0.000276334
15.56	 -0.0607912	 -0.0608011	 0.374061	 0.143798	 -0.144323	 0.000296705
15.58	 -0.0610956	 -0.061104	 0.376689	 0.144387	 -0.144911	 0.000316917
15.6	 -0.0613812	 -0.061388	 0.379447	 0.14493	 -0.145453	 0.000336931
15.62	 -0.0616477	 -0.0616531	 0.382322	 0.145428	 -0.14595	 0.000356707
15.64	 -0.061895	 -0.061899	 0.3853	 0.145879	 -0.146399	 0.000376207
15.66	 -0.0621228	 -0.0621256	 0.388367	 0.146283	 -0.1468	 0.000395392
15.68	 -0.062331	 -0.0623326	 0.391509	 0.146639	 -0.147152	 0.000414225
15.7	 -0.0625194	 -0.0625199	 0.394713	 0.146945	 -0.147455	 0.000432667
15.72	 -0.0626878	 -0.0626873	 0.397962	 0.147202	 -0.147707	 0.00045068
15.74	 -0.0628361	 -0.0628346	 0.401244	 0.147408	 -0.147908	 0.000468229
15.76	 -0.062964	 -0.0629618	 0.404543	 0.147562	 -0.148058	 0.000485275
15.78	 -0.0630716	 -0.0630685	 0.407844	 0.147665	 -0.148154	 0.000501785
15.8	 -0.0631585	 -0.0631548	 0.411134	 0.147714	 -0.148198	 0.000517724
15.82	 -0.0632248	 -0.0632204	 0.414397	 0.147711	 -0.148187	 0.000533057
15.84	 -0.0632702	 -0.0632652	 0.41762	 0.147653	 -0.148123	 0.00054775
15.86	 -0.0632946	 -0.0632891	 0.420788	 0.14754	 -0.148003	 0.000561772
15.88	 -0.0632979	 -0.063292	 0.423887	 0.147372	 -0.147827	 0.000575091
15.9	 -0.0632801	 -0.0632738	 0.426903	 0.147149	 -0.147596	 0.000587676
15.92	 -0.0632409	 -0.0632343	 0.429823	 0.146869	 -0.147308	 0.000599498
15.94	 -0.0631804	 -0.0631736	 0.432633	 0.146533	 -0.146963	 0.00061053
15.96	 -0.0630985	 -0.0630914	 0.435321	 0.146139	 -0.146562	 0.000620745
15.98	 -0.0629951	 -0.0629878	 0.437873	 0.145689	 -0.146102	 0.000630119
16	 -0.0628702	 -0.0628628	 0.440278	 0.14518	 -0.145585	 0.000638627
16.02	 -0.0627236	 -0.0627162	 0.442524	 0.144614	 -0.145011	 0.000646246
16.04	 -0.0625555	 -0.0625479	 0.444599	 0.14399	 -0.144377	 0.000652956
16.06	 -0.0623657	 -0.0623581	 0.446493	 0.143307	 -0.143686	 0.000658737
16.08	 -0.0621542	 -0.0621467	 0.448194	 0.142566	 -0.142936	 0.000663571
16.1	 -0.061921	 -0.0619135	 0.449694	 0.141766	 -0.142128	 0.000667442
16.12	 -0.0616662	 -0.0616588	 0.450982	 0.140908	 -0.141261	 0.000670335
16.14	 -0.0613897	 -0.0613824	 0.45205	 0.139991	 -0.140335	 0.000672237
16.16	 -0.0610916	 -0.0610844	 0.45289	 0.139015	 -0.139351	 0.000673136
16.18	 -0.060772	 -0.0607648	 0.453494	 0.13798	 -0.138308	 0.000673024
16.2	 -0.0604308	 -0.0604238	 0.453855	 0.136887	 -0.137207	 0.00067189
16.22	 -0.0600682	 -0.0600613	 0.453967	 0.135735	 -0.136048	 0.000669729
16.24	 -0.0596842	 -0.0596774	 0.453825	 0.134525	 -0.134831	 0.000666535
16.26	 -0.0592789	 -0.0592723	 0.453423	 0.133258	 -0.133557	 0.000662306
16.28	 -0.0588524	 -0.0588459	 0.452757	 0.131934	 -0.132226	 0.00065704
16.3	 -0.0584049	 -0.0583985	 0.451824	 0.130553	 -0.130839	 0.000650738
16.32	 -0.0579364	 -0.0579302	 0.450621	 0.129115	 -0.129395	 0.000643402
16.34	 -0.0574472	 -0.0574411	 0.449146	 0.127622	 -0.127897	 0.000635038
16.36	 -0.0569373	 -0.0569313	 0.447397	 0.126073	 -0.126343	 0.00062565
16.38	 -0.056407	 -0.056401	 0.445375	 0.12447	 -0.124736	 0.000615246
16.4	 -0.0558563	 -0.0558504	 0.443079	 0.122814	 -0.123075	 0.000603837
16.42	 -0.0552855	 -0.0552797	 0.440511	 0.121105	 -0.121363	 0.000591433
16.44	 -0.0546948	 -0.0546891	 0.437672	 0.119344	 -0.119598	 0.000578048
16.46	 -0.0540844	 -0.0540787	 0.434564	 0.117532	 -0.117784	 0.000563697
16.48	 -0.0534544	 -0.0534487	 0.43119	 0.115671	 -0.11592	 0.000548398
16.5	 -0.0528052	 -0.0527994	 0.427555	 0.113761	 -0.114008	 0.000532171
16.52	 -0.0521369	 -0.0521311	 0.423663	 0.111803	 -0.112049	 0.000515036
16.54	 -0.0514497	 -0.0514439	 0.419519	 0.109798	 -0.110044	 0.000497016
16.56	 -0.050744	 -0.0507382	 0.41513	 0.107749	 -0.107994	 0.000478138
16.58	 -0.05002	 -0.0500141	 0.410501	 0.105656	 -0.105901	 0.000458426
16.6	 -0.049278	 -0.049272	 0.405639	 0.10352	 -0.103766	 0.000437911
16.62	 -0.0485182	 -0.0485121	 0.400554	 0.101344	 -0.101591	 0.000416623
16.64	 -0.047741	 -0.0477347	 0.395253	 0.0991274	 -0.0993759	 0.000394594
16.66	 -0.0469465	 -0.0469401	 0.389745	 0.0968728	 -0.0971233	 0.000371858
16.68	 -0.0461352	 -0.0461287	 0.384039	 0.0945815	 -0.0948344	 0.000348453
16.7	 -0.0453073	 -0.0453006	 0.378147	 0.0922548	 -0.0925104	 0.000324415
16.72	 -0.0444631	 -0.0444562	 0.372078	 0.0898942	 -0.0901531	 0.000299784
16.74	 -0.0436029	 -0.0435959	 0.365844	 0.0875013	 -0.0877637	 0.0002746
16.76	 -0.0427271	 -0.0427199	 0.359456	 0.0850776	 -0.0853438	 0.000248905
16.78	 -0.0418359	 -0.0418286	 0.352926	 0.0826244	 -0.0828949	 0.000222742
16.8	 -0.0409298	 -0.0409222	 0.346266	 0.0801433	 -0.0804183	 0.000196156
16.82	 -0.0400089	 -0.0400012	 0.33949	 0.0776356	 -0.0779154	 0.000169194
16.84	 -0.0390737	 -0.0390659	 0.33261	 0.0751028	 -0.0753877	 0.000141902
16.86	 -0.0381245	 -0.0381165	 0.32564	 0.0725462	 -0.0728364	 0.000114329
16.88	 -0.0371616	 -0.0371535	 0.318594	 0.0699672	 -0.0702629	 8.65271e-05
16.9	 -0.0361854	 -0.0361772	 0.311484	 0.0673672	 -0.0676686	 5.85455e-05
16.92	 -0.0351962	 -0.0351879	 0.304326	 0.0647476	 -0.0650548	 3.04364e-05
16.94	 -0.0341944	 -0.034186	 0.297134	 0.0621096	 -0.0624228	 2.25212e-06
16.96	 -0.0331803	 -0.0331719	 0.289923	 0.0594547	 -0.059774	 -2.59543e-05
16.98	 -0.0321542	 -0.0321457	 0.282705	 0.0567841	 -0.0571095	 -5.41298e-05
17	 -0.0311165	 -0.0311081	 0.275497	 0.054099	 -0.0544306	 -8.22208e-05
17.02	 -0.0300675	 -0.0300591	 0.268313	 0.0514008	 -0.0517385	 -0.000110174
17.04	 -0.0290076	 -0.0289993	 0.261168	 0.0486905	 -0.0490344	 -0.000137937
17.06	 -0.0279371	 -0.027929	 0.254076	 0.0459694	 -0.0463195	 -0.000165457
17.08	 -0.0268564	 -0.0268484	 0.247052	 0.0432387	 -0.0435948	 -0.000192681
17.1	 -0.0257658	 -0.025758	 0.240109	 0.0404995	 -0.0408615	 -0.000219557
17.12	 -0.0246657	 -0.0246582	 0.233264	 0.0377528	 -0.0381207	 -0.000246035
17.14	 -0.0235564	 -0.0235492	 0.226529	 0.0349999	 -0.0353734	 -0.000272063
17.16	 -0.0224382	 -0.0224314	 0.219919	 0.0322417	 -0.0326207	 -0.000297591
17.18	 -0.0213116	 -0.0213052	 0.213447	 0.0294793	 -0.0298636	 -0.000322567
17.2	 -0.0201768	 -0.0201709	 0.207128	 0.0267136	 -0.0271029	 -0.000346942
17.22	 -0.0190343	 -0.0190289	 0.200973	 0.0239454	 -0.0243396	 -0.000370666
17.24	 -0.0178843	 -0.0178795	 0.194996	 0.0211755	 -0.0215742	 -0.00039369
17.26	 -0.0167273	 -0.0167231	 0.189209	 0.0184045	 -0.0188075	 -0.000415966
17.28	 -0.0155635	 -0.01556	 0.183624	 0.0156332	 -0.0160401	 -0.000437448
17.3	 -0.0143932	 -0.0143905	 0.178254	 0.0128621	 -0.0132727	 -0.00045809
17.32	 -0.013217	 -0.0132151	 0.173108	 0.010092	 -0.0105059	 -0.00047785
17.34	 -0.012035	 -0.0120339	 0.168198	 0.00732337	 -0.00774032	 -0.000496688
17.36	 -0.0108476	 -0.0108475	 0.163535	 0.0045568	 -0.00497642	 -0.000514565
17.38	 -0.0096551	 -0.00965602	 0.159127	 0.00179282	 -0.00221474	 -0.000531444
17.4	 -0.00845792	 -0.00845992	 0.154985	 -0.000968043	 0.000544193	 -0.00054729
17.42	 -0.00725638	 -0.0072595	 0.151118	 -0.0037253	 0.00329989	 -0.000562069
17.44	 -0.00605083	 -0.00605513	 0.147532	 -0.00647848	 0.00605189	 -0.000575749
17.46	 -0.00484162	 -0.00484716	 0.144237	 -0.00922715	 0.00879976	 -0.0005883
17.48	 -0.0036291	 -0.00363593	 0.141238	 -0.0119709	 0.0115431	 -0.000599695
17.5	 -0.00241362	 -0.0024218	 0.138543	 -0.0147093	 0.0142814	 -0.00060991
17.52	 -0.00119553	 -0.0012051	 0.136157	 -0.0174419	 0.0170144	 -0.000618922
17.54	 2.48251e-05	 1.38146e-05	 0.134084	 -0.0201682	 0.0197414	 -0.000626713
17.56	 0.0012471	 0.00123461	 0.132331	 -0.0228877	 0.022462	 -0.000633264
17.58	 0.00247095	 0.00245693	 0.130899	 -0.0255999	 0.0251756	 -0.00063856
17.6	 0.003696	 0.00368042	 0.129794	 -0.0283044	 0.0278819	 -0.000642587
17.62	 0.0049219	 0.00490472	 0.129016	 -0.0310008	 0.0305804	 -0.00064533
17.64	 0.00614827	 0.00612946	 0.128568	 -0.0336885	 0.0332706	 -0.000646781
17.66	 0.00737476	 0.0073543	 0.128451	 -0.0363672	 0.035952	 -0.000646931
17.68	 0.00860098	 0.00857885	 0.128666	 -0.0390361	 0.038624	 -0.000645779
17.7	 0.00982659	 0.00980276	 0.129211	 -0.0416949	 0.041286	 -0.000643323
17.72	 0.0110512	 0.0110257	 0.130087	 -0.0443428	 0.0439375	 -0.000639566
17.74	 0.0122744	 0.0122472	 0.131291	 -0.0469794	 0.046578	 -0.000634513
17.76	 0.0134959	 0.0134669	 0.132822	 -0.0496041	 0.0492067	 -0.000628169
17.78	 0.0147151	 0.0146844	 0.134675	 -0.0522164	 0.0518233	 -0.000620542
17.8	 0.0159318	 0.0158994	 0.136849	 -0.0548157	 0.054427	 -0.000611645
17.82	 0.0171456	 0.0171114	 0.139338	 -0.0574015	 0.0570174	 -0.000601489
17.84	 0.018356	 0.0183201	 0.142137	 -0.0599733	 0.0595939	 -0.000590093
17.86	 0.0195626	 0.0195251	 0.145242	 -0.0625304	 0.0621558	 -0.000577475
17.88	 0.0207651	 0.0207259	 0.148645	 -0.0650721	 0.0647024	 -0.000563657
17.9	 0.021963	 0.0219222	 0.152339	 -0.067598	 0.0672332	 -0.000548661
17.92	 0.023156	 0.0231135	 0.156319	 -0.0701073	 0.0697475	 -0.000532513
17.94	 0.0243436	 0.0242996	 0.160575	 -0.0725995	 0.0722446	 -0.000515237
17.96	 0.0255255	 0.0254799	 0.165099	 -0.0750738	 0.0747238	 -0.000496863
17.98	 0.0267012	 0.0266542	 0.169883	 -0.0775297	 0.0771845	 -0.000477424
18	 0.0278703	 0.0278219	 0.174917	 -0.0799662	 0.0796259	 -0.000456953
18.02	 0.0290325	 0.0289827	 0.180191	 -0.0823827	 0.082047	 -0.000435487
18.04	 0.0301873	 0.0301361	 0.185694	 -0.0847783	 0.0844471	 -0.000413065
18.06	 0.0313342	 0.0312818	 0.191416	 -0.0871522	 0.0868253	 -0.000389726
18.08	 0.032473	 0.0324194	 0.197346	 -0.0895035	 0.0891808	 -0.000365509
18.1	 0.0336032	 0.0335485	 0.203473	 -0.0918315	 0.0915127	 -0.000340456
18.12	 0.0347243	 0.0346686	 0.209783	 -0.0941353	 0.0938201	 -0.000314611
18.14	 0.035836	 0.0357793	 0.216266	 -0.0964139	 0.0961021	 -0.000288019
18.16	 0.0369378	 0.0368803	 0.222909	 -0.0986664	 0.0983578	 -0.000260727
18.18	 0.0380293	 0.0379711	 0.229699	 -0.100892	 0.100586	 -0.000232784
18.2	 0.0391102	 0.0390513	 0.236624	 -0.10309	 0.102786	 -0.00020424
18.22	 0.0401799	 0.0401205	 0.24367	 -0.105259	 0.104957	 -0.000175146
18.24	 0.0412382	 0.0411782	 0.250824	 -0.107398	 0.107098	 -0.000145555
18.26	 0.0422845	 0.0422242	 0.258072	 -0.109506	 0.109208	 -0.000115517
18.28	 0.0433185	 0.0432579	 0.265402	 -0.111582	 0.111285	 -8.50857e-05
18.3	 0.0443397	 0.044279	 0.2728	 -0.113626	 0.113329	 -5.43156e-05
18.32	 0.0453478	 0.0452871	 0.280252	 -0.115636	 0.115339	 -2.32608e-05
18.34	 0.0463424	 0.0462816	 0.287744	 -0.117611	 0.117314	 8.0235e-06
18.36	 0.0473229	 0.0472624	 0.295263	 -0.11955	 0.119252	 3.94819e-05
18.38	 0.0482891	 0.0482289	 0.302796	 -0.121452	 0.121153	 7.10588e-05
18.4	 0.0492406	 0.0491808	 0.310329	 -0.123316	 0.123016	 0.000102698
18.42	 0.050177	 0.0501176	 0.317849	 -0.125141	 0.124839	 0.000134346
18.44	 0.0510978	 0.0510391	 0.325342	 -0.126926	 0.126621	 0.000165944
18.46	 0.0520027	 0.0519447	 0.332796	 -0.12867	 0.128362	 0.00019744
18.48	 0.0528914	 0.0528342	 0.340198	 -0.130372	 0.130061	 0.000228776
18.5	 0.0537634	 0.0537072	 0.347536	 -0.132031	 0.131716	 0.000259897
18.52	 0.0546185	 0.0545634	 0.354797	 -0.133647	 0.133328	 0.000290748
18.54	 0.0554562	 0.0554022	 0.36197	 -0.135218	 0.134894	 0.000321274
18.56	 0.0562762	 0.0562236	 0.369042	 -0.136744	 0.136415	 0.00035142
18.58	 0.0570782	 0.0570269	 0.376003	 -0.138224	 0.13789	 0.000381131
18.6	 0.0578618	 0.057812	 0.382842	 -0.139657	 0.139317	 0.000410355
18.62	 0.0586267	 0.0585785	 0.389549	 -0.141043	 0.140696	 0.000439039
18.64	 0.0593726	 0.059326	 0.396113	 -0.14238	 0.142026	 0.000467133
18.66	 0.060099	 0.0600543	 0.402525	 -0.143667	 0.143307	 0.000494586
18.68	 0.0608058	 0.0607629	 0.408776	 -0.144904	 0.144537	 0.000521351
18.7	 0.0614927	 0.0614517	 0.414857	 -0.14609	 0.145715	 0.000547381
18.72	 0.0621592	 0.0621203	 0.42076	 -0.147224	 0.146841	 0.000572632
18.74	 0.0628053	 0.0627684	 0.426478	 -0.148306	 0.147915	 0.000597059
18.76	 0.0634305	 0.0633957	 0.432002	 -0.149335	 0.148935	 0.000620622
18.78	 0.0640346	 0.0640021	 0.437328	 -0.150309	 0.149901	 0.000643279
18.8	 0.0646174	 0.0645872	 0.442448	 -0.151229	 0.150812	 0.000664994
18.82	 0.0651786	 0.0651507	 0.447358	 -0.152093	 0.151668	 0.000685729
18.84	 0.065718	 0.0656924	 0.452052	 -0.152902	 0.152468	 0.00070545
18.86	 0.0662354	 0.0662122	 0.456526	 -0.153654	 0.153212	 0.000724124
18.88	 0.0667305	 0.0667097	 0.460777	 -0.15435	 0.153899	 0.000741721
18.9	 0.0672032	 0.0671849	 0.464801	 -0.154988	 0.154529	 0.00075821
18.92	 0.0676533	 0.0676374	 0.468596	 -0.155569	 0.155101	 0.000773566
18.94	 0.0680805	 0.0680671	 0.47216	 -0.156092	 0.155616	 0.000787764
18.96	 0.0684848	 0.0684739	 0.475493	 -0.156557	 0.156072	 0.000800778
18.98	 0.068866	 0.0688575	 0.478592	 -0.156964	 0.156471	 0.000812586
19	 0.0692239	 0.0692178	 0.481459	 -0.157312	 0.156811	 0.000823169
19.02	 0.0695583	 0.0695547	 0.484093	 -0.157601	 0.157093	 0.000832507
19.04	 0.0698692	 0.069868	 0.486497	 -0.157832	 0.157316	 0.000840587
19.06	 0.0701565	 0.0701577	 0.488671	 -0.158004	 0.157482	 0.000847395
19.08	 0.0704201	 0.0704236	 0.490619	 -0.158118	 0.157589	 0.000852918
19.1	 0.0706598	 0.0706656	 0.492343	 -0.158173	 0.157639	 0.000857148
19.12	 0.0708756	 0.0708837	 0.493846	 -0.158171	 0.157631	 0.000860077
19.14	 0.0710674	 0.0710777	 0.495133	 -0.158111	 0.157566	 0.000861701
19.16	 0.0712351	 0.0712476	 0.496208	 -0.157993	 0.157444	 0.000862021
19.18	 0.0713788	 0.0713933	 0.497076	 -0.157818	 0.157265	 0.000861037
19.2	 0.0714983	 0.0715149	 0.497743	 -0.157585	 0.157029	 0.000858751
19.22	 0.0715937	 0.0716122	 0.498215	 -0.157296	 0.156737	 0.00085517
19.24	 0.0716649	 0.0716852	 0.498498	 -0.15695	 0.15639	 0.0008503
19.26	 0.0717119	 0.0717339	 0.498599	 -0.156549	 0.155987	 0.000844152
19.28	 0.0717348	 0.0717584	 0.498526	 -0.156092	 0.155529	 0.000836738
19.3	 0.0717334	 0.0717586	 0.498287	 -0.15558	 0.155017	 0.000828074
19.32	 0.071708	 0.0717346	 0.497889	 -0.155013	 0.154452	 0.00081818
19.34	 0.0716584	 0.0716864	 0.497341	 -0.154393	 0.153834	 0.000807075
19.36	 0.0715848	 0.071614	 0.496653	 -0.15372	 0.153164	 0.000794777
19.38	 0.0714873	 0.0715175	 0.495832	 -0.152995	 0.152442	 0.000781309
19.4	 0.0713658	 0.071397	 0.49489	 -0.152218	 0.15167	 0.000766694
19.42	 0.0712204	 0.0712525	 0.493834	 -0.151391	 0.150847	 0.000750959
19.44	 0.0710513	 0.0710841	 0.492676	 -0.150513	 0.149976	 0.000734133
19.46	 0.0708584	 0.0708919	 0.491426	 -0.149587	 0.149057	 0.000716247
19.48	 0.070642	 0.070676	 0.490094	 -0.148612	 0.14809	 0.000697335
19.5	 0.0704021	 0.0704364	 0.488689	 -0.14759	 0.147077	 0.000677432
19.52	 0.0701389	 0.0701734	 0.487224	 -0.146522	 0.146018	 0.000656574
19.54	 0.0698523	 0.069887	 0.485708	 -0.145407	 0.144914	 0.0006348
19.56	 0.0695427	 0.0695773	 0.484153	 -0.144249	 0.143766	 0.000612152
19.58	 0.0692101	 0.0692446	 0.482568	 -0.143046	 0.142576	 0.000588672
19.6	 0.0688547	 0.0688889	 0.480966	 -0.1418	 0.141344	 0.000564403
19.62	 0.0684766	 0.0685103	 0.479355	 -0.140513	 0.14007	 0.000539389
19.64	 0.0680759	 0.0681092	 0.477748	 -0.139184	 0.138756	 0.000513675
19.66	 0.0676529	 0.0676855	 0.476154	 -0.137816	 0.137403	 0.000487307
19.68	 0.0672077	 0.0672395	 0.474584	 -0.136408	 0.136012	 0.000460333
19.7	 0.0667404	 0.0667713	 0.473049	 -0.134962	 0.134583	 0.000432806
19.72	 0.0662513	 0.0662812	 0.471559	 -0.13348	 0.133118	 0.000404775
19.74	 0.0657406	 0.0657693	 0.470123	 -0.13196	 0.131617	 0.000376296
19.76	 0.0652083	 0.0652359	 0.468751	 -0.130406	 0.130082	 0.000347422
19.78	 0.0646548	 0.0646811	 0.467453	 -0.128817	 0.128512	 0.000318204
19.8	 0.0640803	 0.0641051	 0.466238	 -0.127195	 0.12691	 0.000288696
19.82	 0.0634848	 0.0635082	 0.465115	 -0.12554	 0.125277	 0.000258951
19.84	 0.0628687	 0.0628905	 0.464092	 -0.123854	 0.123612	 0.000229023
19.86	 0.0622322	 0.0622523	 0.463178	 -0.122138	 0.121917	 0.000198968
19.88	 0.0615754	 0.0615937	 0.46238	 -0.120391	 0.120192	 0.000168842
19.9	 0.0608985	 0.0609151	 0.461707	 -0.118615	 0.118439	 0.000138699
19.92	 0.0602019	 0.0602166	 0.461165	 -0.116811	 0.116658	 0.000108597
19.94	 0.0594857	 0.0594985	 0.46076	 -0.11498	 0.114849	 7.85897e-05
19.96	 0.0587501	 0.0587609	 0.4605	 -0.113121	 0.113014	 4.87335e-05
19.98	 0.0579954	 0.0580042	 0.46039	 -0.111237	 0.111153	 1.90834e-05
20	 0.0572219	 0.0572286	 0.460435	 -0.109327	 0.109266	 -1.03052e-05
20.02	 0.0564297	 0.0564344	 0.46064	 -0.107393	 0.107355	 -3.93775e-05
20.04	 0.0556191	 0.0556217	 0.46101	 -0.105435	 0.105421	 -6.80799e-05
20.06	 0.0547904	 0.0547909	 0.461547	 -0.103454	 0.103463	 -9.63599e-05
20.08	 0.0539438	 0.0539423	 0.462256	 -0.10145	 0.101482	 -0.000124166
20.1	 0.0530796	 0.053076	 0.46314	 -0.0994251	 0.0994796	 -0.000151449
20.12	 0.0521981	 0.0521924	 0.4642	 -0.0973788	 0.0974559	 -0.00017816
20.14	 0.0512994	 0.0512917	 0.465439	 -0.0953122	 0.0954114	 -0.000204251
20.16	 0.050384	 0.0503743	 0.466857	 -0.0932258	 0.0933467	 -0.000229676
20.18	 0.0494521	 0.0494404	 0.468455	 -0.0911202	 0.0912625	 -0.000254388
20.2	 0.0485039	 0.0484902	 0.470234	 -0.0889961	 0.0891593	 -0.000278342
20.22	 0.0475398	 0.0475242	 0.472192	 -0.0868542	 0.0870376	 -0.000301496
20.24	 0.04656	 0.0465426	 0.47433	 -0.084695	 0.0848981	 -0.000323806
20.26	 0.0455649	 0.0455457	 0.476644	 -0.0825192	 0.0827413	 -0.000345233
20.28	 0.0445547	 0.0445339	 0.479134	 -0.0803273	 0.0805677	 -0.00036574
20.3	 0.0435298	 0.0435073	 0.481797	 -0.0781198	 0.0783778	 -0.00038529
20.32	 0.0424904	 0.0424665	 0.484629	 -0.0758973	 0.076172	 -0.00040385
20.34	 0.041437	 0.0414116	 0.487627	 -0.0736602	 0.0739507	 -0.000421387
20.36	 0.0403697	 0.040343	 0.490786	 -0.0714089	 0.0717144	 -0.000437872
20.38	 0.0392889	 0.039261	 0.494103	 -0.0691439	 0.0694634	 -0.000453276
20.4	 0.038195	 0.0381659	 0.497572	 -0.0668658	 0.0671982	 -0.000467575
20.42	 0.0370883	 0.0370582	 0.501187	 -0.0645748	 0.0649192	 -0.000480743
20.44	 0.035969	 0.0359381	 0.504943	 -0.0622715	 0.0626267	 -0.000492761
20.46	 0.0348376	 0.0348059	 0.508833	 -0.059956	 0.060321	 -0.00050361
20.48	 0.0336944	 0.0336621	 0.512849	 -0.0576289	 0.0580024	 -0.000513273
20.5	 0.0325398	 0.0325069	 0.516986	 -0.0552902	 0.0556711	 -0.000521738
20.52	 0.031374	 0.0313407	 0.521234	 -0.0529404	 0.0533276	 -0.000528995
20.54	 0.0301974	 0.030164	 0.525586	 -0.0505799	 0.050972	 -0.000535033
20.56	 0.0290105	 0.0289769	 0.530033	 -0.048209	 0.0486048	 -0.000539848
20.58	 0.0278134	 0.0277799	 0.534567	 -0.045828	 0.0462263	 -0.000543435
20.6	 0.0266067	 0.0265734	 0.539179	 -0.0434373	 0.0438367	 -0.000545796
20.62	 0.0253907	 0.0253577	 0.543858	 -0.0410372	 0.0414365	 -0.000546932
20.64	 0.0241658	 0.0241332	 0.548596	 -0.038628	 0.0390259	 -0.00054685
20.66	 0.0229322	 0.0229003	 0.553382	 -0.03621	 0.0366052	 -0.000545558
20.68	 0.0216904	 0.0216593	 0.558206	 -0.0337837	 0.0341749	 -0.000543068
20.7	 0.0204408	 0.0204106	 0.563058	 -0.0313495	 0.0317353	 -0.000539393
20.72	 0.0191838	 0.0191546	 0.567928	 -0.0289076	 0.0292869	 -0.000534548
20.74	 0.0179197	 0.0178916	 0.572803	 -0.0264585	 0.0268299	 -0.000528552
20.76	 0.0166489	 0.0166221	 0.577675	 -0.0240024	 0.0243648	 -0.000521424
20.78	 0.0153719	 0.0153465	 0.582531	 -0.0215398	 0.0218918	 -0.000513188
20.8	 0.014089	 0.0140652	 0.587362	 -0.0190709	 0.0194114	 -0.000503868
20.82	 0.0128007	 0.0127785	 0.592155	 -0.0165962	 0.0169239	 -0.000493491
20.84	 0.0115073	 0.0114868	 0.596901	 -0.014116	 0.0144298	 -0.000482083
20.86	 0.0102092	 0.0101907	 0.601587	 -0.0116307	 0.0119295	 -0.000469676
20.88	 0.008907	 0.00889038	 0.606204	 -0.00914082	 0.00942347	 -0.000456301
20.9	 0.00760097	 0.00758641	 0.610741	 -0.00664674	 0.00691221	 -0.000441993
20.92	 0.00629156	 0.00627915	 0.615186	 -0.00414909	 0.00439637	 -0.000426787
20.94	 0.0049792	 0.00496901	 0.61953	 -0.00164854	 0.00187665	 -0.000410722
20.96	 0.00366432	 0.00365643	 0.623761	 0.00085418	 -0.000646161	 -0.000393836
20.98	 0.00234734	 0.00234181	 0.627869	 0.00335834	 -0.00317129	 -0.000376167
21	 0.00102871	 0.00102561	 0.631845	 0.00586324	 -0.00569799	 -0.000357757
21.02	 -0.000291126	 -0.000291754	 0.635679	 0.00836818	 -0.00822552	 -0.000338646
21.04	 -0.0016117	 -0.00160981	 0.63936	 0.0108725	 -0.0107532	 -0.000318875
21.06	 -0.00293256	 -0.00292812	 0.642881	 0.0133757	 -0.0132804	 -0.000298485
21.08	 -0.00425324	 -0.00424621	 0.646231	 0.0158771	 -0.0158064	 -0.000277521
21.1	 -0.00557328	 -0.00556365	 0.649403	 0.0183762	 -0.0183306	 -0.000256029
21.12	 -0.00689222	 -0.00687998	 0.652387	 0.0208723	 -0.0208523	 -0.000234058
21.14	 -0.00820962	 -0.00819477	 0.655177	 0.0233648	 -0.0233708	 -0.000211658
21.16	 -0.00952503	 -0.00950757	 0.657765	 0.0258529	 -0.0258853	 -0.000188879
21.18	 -0.010838	 -0.010818	 0.660142	 0.0283359	 -0.028395	 -0.000165773
21.2	 -0.0121481	 -0.0121255	 0.662303	 0.0308131	 -0.0308991	 -0.000142393
21.22	 -0.0134548	 -0.0134297	 0.664242	 0.0332837	 -0.0333967	 -0.00011879
21.24	 -0.0147577	 -0.0147302	 0.665951	 0.035747	 -0.0358872	 -9.50118e-05
21.26	 -0.0160564	 -0.0160264	 0.667426	 0.0382024	 -0.0383696	 -7.11085e-05
21.28	 -0.0173503	 -0.017318	 0.668662	 0.0406489	 -0.0408432	 -4.71283e-05
21.3	 -0.018639	 -0.0186044	 0.669654	 0.0430858	 -0.0433071	 -2.31201e-05
21.32	 -0.019922	 -0.0198853	 0.670399	 0.0455122	 -0.0457603	 8.67555e-07
21.34	 -0.0211988	 -0.02116	 0.670892	 0.0479272	 -0.0482018	 2.47873e-05
21.36	 -0.0224691	 -0.0224283	 0.671132	 0.0503299	 -0.0506307	 4.85929e-05
21.38	 -0.0237323	 -0.0236897	 0.671115	 0.0527194	 -0.0530461	 7.22392e-05
21.4	 -0.0249879	 -0.0249436	 0.67084	 0.0550952	 -0.0554473	 9.56818e-05
21.42	 -0.0262356	 -0.0261896	 0.670305	 0.0574564	 -0.0578334	 0.000118877
21.44	 -0.0274747	 -0.0274273	 0.66951	 0.0598024	 -0.0602038	 0.00014178
21.46	 -0.028705	 -0.0286562	 0.668455	 0.0621325	 -0.0625576	 0.000164347
21.48	 -0.0299258	 -0.0298758	 0.667138	 0.0644459	 -0.064894	 0.000186529
21.5	 -0.0311368	 -0.0310857	 0.665562	 0.0667417	 -0.0672121	 0.000208282
21.52	 -0.0323374	 -0.0322855	 0.663728	 0.069019	 -0.069511	 0.000229564
21.54	 -0.0335274	 -0.0334748	 0.661637	 0.0712772	 -0.0717898	 0.000250335
21.56	 -0.0347063	 -0.034653	 0.659291	 0.0735154	 -0.0740478	 0.000270559
21.58	 -0.0358735	 -0.0358199	 0.656694	 0.0757329	 -0.0762842	 0.000290204
21.6	 -0.0370287	 -0.0369749	 0.653848	 0.077929	 -0.0784982	 0.000309239
21.62	 -0.0381714	 -0.0381176	 0.650758	 0.0801028	 -0.0806889	 0.000327634
21.64	 -0.0393013	 -0.0392476	 0.647428	 0.0822535	 -0.0828555	 0.000345358
21.66	 -0.0404178	 -0.0403645	 0.643863	 0.0843802	 -0.084997	 0.000362382
21.68	 -0.0415206	 -0.0414679	 0.640068	 0.0864822	 -0.0871128	 0.000378682
21.7	 -0.0426093	 -0.0425573	 0.63605	 0.0885588	 -0.089202	 0.000394234
21.72	 -0.0436834	 -0.0436324	 0.631813	 0.0906093	 -0.091264	 0.000409015
21.74	 -0.0447427	 -0.0446927	 0.627365	 0.0926333	 -0.0932983	 0.000423004
21.76	 -0.0457866	 -0.0457379	 0.622713	 0.09463	 -0.0953042	 0.000436183
21.78	 -0.0468148	 -0.0467677	 0.617865	 0.0965988	 -0.097281	 0.000448531
21.8	 -0.047827	 -0.0477815	 0.612828	 0.098539	 -0.0992279	 0.000460031
21.82	 -0.0488228	 -0.0487792	 0.60761	 0.10045	 -0.101144	 0.000470669
21.84	 -0.0498018	 -0.0497603	 0.60222	 0.102331	 -0.10303	 0.000480431
21.86	 -0.0507638	 -0.0507245	 0.596667	 0.104181	 -0.104883	 0.00048931
21.88	 -0.0517083	 -0.0516714	 0.590959	 0.106	 -0.106704	 0.000497301
21.9	 -0.0526351	 -0.0526008	 0.585106	 0.107788	 -0.108493	 0.000504403
21.92	 -0.0535439	 -0.0535124	 0.579119	 0.109543	 -0.110248	 0.000510615
21.94	 -0.0544343	 -0.0544057	 0.573005	 0.111265	 -0.111969	 0.000515938
21.96	 -0.055306	 -0.0552805	 0.566776	 0.112955	 -0.113656	 0.000520375
21.98	 -0.0561588	 -0.0561365	 0.560442	 0.114611	 -0.115308	 0.000523928
22	 -0.0569924	 -0.0569735	 0.554013	 0.116233	 -0.116926	 0.0005266
22.02	 -0.0578064	 -0.057791	 0.5475	 0.117822	 -0.118509	 0.000528398
22.04	 -0.0586007	 -0.0585889	 0.540912	 0.119376	 -0.120056	 0.00052933
22.06	 -0.0593748	 -0.0593669	 0.534261	 0.120895	 -0.121568	 0.000529405
22.08	 -0.0601287	 -0.0601246	 0.527557	 0.12238	 -0.123044	 0.000528636
22.1	 -0.0608621	 -0.0608619	 0.520812	 0.12383	 -0.124485	 0.000527036
22.12	 -0.0615746	 -0.0615786	 0.514035	 0.125245	 -0.125889	 0.00052462
22.14	 -0.0622661	 -0.0622743	 0.507237	 0.126624	 -0.127257	 0.000521405
22.16	 -0.0629365	 -0.0629488	 0.500429	 0.127968	 -0.128589	 0.000517408
22.18	 -0.0635853	 -0.063602	 0.493621	 0.129275	 -0.129884	 0.000512649
22.2	 -0.0642126	 -0.0642337	 0.486825	 0.130547	 -0.131143	 0.000507148
22.22	 -0.0648181	 -0.0648435	 0.480049	 0.131782	 -0.132364	 0.000500928
22.24	 -0.0654016	 -0.0654315	 0.473305	 0.132981	 -0.133549	 0.000494012
22.26	 -0.0659629	 -0.0659973	 0.466603	 0.134144	 -0.134698	 0.000486425
22.28	 -0.066502	 -0.0665408	 0.459951	 0.13527	 -0.135809	 0.000478194
22.3	 -0.0670186	 -0.0670619	 0.453361	 0.13636	 -0.136884	 0.000469349
22.32	 -0.0675126	 -0.0675604	 0.44684	 0.137413	 -0.137921	 0.000459919
22.34	 -0.0679838	 -0.0680361	 0.440399	 0.13843	 -0.138922	 0.000449937
22.36	 -0.0684322	 -0.0684889	 0.434046	 0.13941	 -0.139886	 0.000439435
22.38	 -0.0688576	 -0.0689186	 0.42779	 0.140352	 -0.140813	 0.000428445
22.4	 -0.0692599	 -0.0693252	 0.421638	 0.141258	 -0.141702	 0.000417
22.42	 -0.069639	 -0.0697085	 0.4156	 0.142127	 -0.142555	 0.000405133
22.44	 -0.0699947	 -0.0700685	 0.409682	 0.142958	 -0.143371	 0.000392877
22.46	 -0.0703271	 -0.0704049	 0.403893	 0.143753	 -0.14415	 0.000380267
22.48	 -0.070636	 -0.0707178	 0.398238	 0.14451	 -0.144891	 0.000367336
22.5	 -0.0709214	 -0.0710071	 0.392724	 0.145231	 -0.145597	 0.000354119
22.52	 -0.0711831	 -0.0712725	 0.387357	 0.145914	 -0.146265	 0.000340653
22.54	 -0.0714211	 -0.0715142	 0.382143	 0.146559	 -0.146896	 0.000326971
22.56	 -0.0716354	 -0.071732	 0.377088	 0.147168	 -0.14749	 0.000313108
22.58	 -0.0718258	 -0.0719258	 0.372196	 0.147738	 -0.148047	 0.000299101
22.6	 -0.0719924	 -0.0720956	 0.367471	 0.148271	 -0.148567	 0.000284983
22.62	 -0.0721352	 -0.0722413	 0.362917	 0.148765	 -0.149049	 0.000270791
22.64	 -0.072254	 -0.072363	 0.358539	 0.149222	 -0.149493	 0.000256561
22.66	 -0.0723488	 -0.0724605	 0.354339	 0.149639	 -0.1499	 0.000242327
22.68	 -0.0724197	 -0.0725339	 0.350319	 0.150018	 -0.150268	 0.000228124
22.7	 -0.0724667	 -0.0725831	 0.346483	 0.150358	 -0.150599	 0.000213986
22.72	 -0.0724896	 -0.0726081	 0.34283	 0.150659	 -0.15089	 0.000199947
22.74	 -0.0724886	 -0.072609	 0.339364	 0.15092	 -0.151144	 0.00018604
22.76	 -0.0724636	 -0.0725857	 0.336085	 0.151142	 -0.151358	 0.000172297
22.78	 -0.0724147	 -0.0725382	 0.332992	 0.151323	 -0.151533	 0.000158751
22.8	 -0.0723418	 -0.0724666	 0.330087	 0.151464	 -0.151669	 0.000145433
22.82	 -0.0722451	 -0.0723709	 0.327368	 0.151564	 -0.151765	 0.000132372
22.84	 -0.0721245	 -0.0722511	 0.324834	 0.151624	 -0.151821	 0.000119597
22.86	 -0.0719801	 -0.0721073	 0.322484	 0.151642	 -0.151837	 0.000107137
22.88	 -0.0718119	 -0.0719395	 0.320317	 0.151619	 -0.151813	 9.50206e-05
22.9	 -0.07162	 -0.0717477	 0.318329	 0.151554	 -0.151747	 8.32733e-05
22.92	 -0.0714045	 -0.0715321	 0.316519	 0.151447	 -0.151641	 7.19206e-05
22.94	 -0.0711654	 -0.0712926	 0.314882	 0.151297	 -0.151493	 6.09862e-05
22.96	 -0.0709029	 -0.0710295	 0.313417	 0.151105	 -0.151304	 5.04925e-05
22.98	 -0.0706169	 -0.0707427	 0.312118	 0.15087	 -0.151073	 4.04605e-05
23	 -0.0703076	 -0.0704323	 0.310982	 0.150592	 -0.150799	 3.09101e-05
23.02	 -0.0699751	 -0.0700986	 0.310003	 0.15027	 -0.150483	 2.18592e-05
23.04	 -0.0696194	 -0.0697414	 0.309179	 0.149904	 -0.150123	 1.33239e-05
23.06	 -0.0692408	 -0.0693611	 0.308502	 0.149494	 -0.149721	 5.31819e-06
23.08	 -0.0688393	 -0.0689577	 0.307967	 0.149039	 -0.149275	 -2.14488e-06
23.1	 -0.068415	 -0.0685313	 0.307569	 0.14854	 -0.148785	 -9.0529e-06
23.12	 -0.0679681	 -0.068082	 0.307301	 0.147995	 -0.148251	 -1.5394e-05
23.14	 -0.0674987	 -0.0676101	 0.307158	 0.147405	 -0.147672	 -2.11575e-05
23.16	 -0.0670069	 -0.0671157	 0.307132	 0.146769	 -0.147048	 -2.63349e-05
23.18	 -0.066493	 -0.0665989	 0.307216	 0.146088	 -0.146379	 -3.09207e-05
23.2	 -0.0659571	 -0.0660599	 0.307405	 0.145359	 -0.145665	 -3.49114e-05
23.22	 -0.0653993	 -0.0654989	 0.30769	 0.144585	 -0.144904	 -3.83056e-05
23.24	 -0.0648199	 -0.0649161	 0.308064	 0.143764	 -0.144098	 -4.1103e-05
23.26	 -0.064219	 -0.0643116	 0.308519	 0.142896	 -0.143246	 -4.33046e-05
23.28	 -0.0635969	 -0.0636858	 0.309049	 0.141981	 -0.142347	 -4.49131e-05
23.3	 -0.0629536	 -0.0630387	 0.309645	 0.141019	 -0.141402	 -4.59334e-05
23.32	 -0.0622895	 -0.0623707	 0.3103	 0.14001	 -0.14041	 -4.6372e-05
23.34	 -0.0616048	 -0.061682	 0.311005	 0.138953	 -0.139371	 -4.62372e-05
23.36	 -0.0608998	 -0.0609727	 0.311753	 0.13785	 -0.138285	 -4.55384e-05
23.38	 -0.0601745	 -0.0602433	 0.312535	 0.136699	 -0.137153	 -4.42862e-05
23.4	 -0.0594294	 -0.0594938	 0.313345	 0.135501	 -0.135973	 -4.24928e-05
23.42	 -0.0586646	 -0.0587247	 0.314174	 0.134256	 -0.134746	 -4.01722e-05
23.44	 -0.0578805	 -0.0579361	 0.315014	 0.132964	 -0.133473	 -3.73402e-05
23.46	 -0.0570773	 -0.0571284	 0.315858	 0.131625	 -0.132152	 -3.40138e-05
23.48	 -0.0562552	 -0.0563018	 0.316698	 0.130239	 -0.130785	 -3.02113e-05
23.5	 -0.0554146	 -0.0554566	 0.317526	 0.128806	 -0.129371	 -2.59521e-05
23.52	 -0.0545557	 -0.0545932	 0.318335	 0.127326	 -0.12791	 -2.12568e-05
23.54	 -0.053679	 -0.0537119	 0.319118	 0.1258	 -0.126402	 -1.61484e-05
23.56	 -0.0527845	 -0.0528129	 0.319867	 0.124227	 -0.124847	 -1.06516e-05
23.58	 -0.0518728	 -0.0518967	 0.320577	 0.122609	 -0.123246	 -4.79323e-06
23.6	 -0.0509441	 -0.0509634	 0.321239	 0.120944	 -0.121599	 1.39855e-06
23.62	 -0.0499987	 -0.0500136	 0.321849	 0.119234	 -0.119905	 7.89499e-06
23.64	 -0.049037	 -0.0490475	 0.322399	 0.117479	 -0.118166	 1.4667e-05
23.66	 -0.0480593	 -0.0480655	 0.322883	 0.115679	 -0.116382	 2.16855e-05
23.68	 -0.047066	 -0.047068	 0.323296	 0.113834	 -0.114553	 2.89208e-05
23.7	 -0.0460575	 -0.0460552	 0.323633	 0.111946	 -0.112679	 3.63433e-05
23.72	 -0.045034	 -0.0450277	 0.323888	 0.110014	 -0.110761	 4.39227e-05
23.74	 -0.0439961	 -0.0439858	 0.324057	 0.108039	 -0.108799	 5.16289e-05
23.76	 -0.042944	 -0.0429299	 0.324135	 0.106022	 -0.106794	 5.94311e-05
23.78	 -0.0418781	 -0.0418603	 0.324118	 0.103963	 -0.104747	 6.72984e-05
23.8	 -0.040799	 -0.0407776	 0.324003	 0.101862	 -0.102657	 7.51994e-05
23.82	 -0.0397068	 -0.039682	 0.323786	 0.0997216	 -0.100525	 8.31018e-05
23.84	 -0.0386021	 -0.038574	 0.323464	 0.0975408	 -0.0983531	 9.09733e-05
23.86	 -0.0374853	 -0.037454	 0.323035	 0.0953207	 -0.0961405	 9.8781e-05
23.88	 -0.0363567	 -0.0363225	 0.322496	 0.0930619	 -0.0938882	 0.000106493
23.9	 -0.0352169	 -0.0351798	 0.321845	 0.0907652	 -0.0915968	 0.000114077
23.92	 -0.0340661	 -0.0340263	 0.321081	 0.0884313	 -0.0892671	 0.000121502
23.94	 -0.0329048	 -0.0328626	 0.320203	 0.0860607	 -0.0868996	 0.000128739
23.96	 -0.0317335	 -0.031689	 0.319209	 0.0836542	 -0.0844951	 0.000135757
23.98	 -0.0305526	 -0.030506	 0.318101	 0.0812127	 -0.0820543	 0.000142528
24	 -0.0293625	 -0.029314	 0.316877	 0.078737	 -0.0795781	 0.000149023
24.02	 -0.0281636	 -0.0281135	 0.315539	 0.0762279	 -0.0770674	 0.000155213
24.04	 -0.0269565	 -0.0269048	 0.314087	 0.0736862	 -0.0745229	 0.000161072
24.06	 -0.0257415	 -0.0256886	 0.312522	 0.0711131	 -0.0719457	 0.000166573
24.08	 -0.0245192	 -0.0244651	 0.310847	 0.0685092	 -0.0693366	 0.000171691
24.1	 -0.02329	 -0.023235	 0.309062	 0.0658757	 -0.0666966	 0.000176402
24.12	 -0.0220543	 -0.0219986	 0.307172	 0.0632135	 -0.0640268	 0.000180683
24.14	 -0.0208125	 -0.0207563	 0.305178	 0.0605237	 -0.0613281	 0.000184513
24.16	 -0.0195652	 -0.0195088	 0.303083	 0.0578073	 -0.0586017	 0.000187873
24.18	 -0.0183129	 -0.0182563	 0.300892	 0.0550654	 -0.0558487	 0.000190743
24.2	 -0.0170558	 -0.0169993	 0.298609	 0.0522991	 -0.05307	 0.000193108
24.22	 -0.0157946	 -0.0157384	 0.296236	 0.0495095	 -0.050267	 0.000194951
24.24	 -0.0145297	 -0.014474	 0.29378	 0.0466978	 -0.0474408	 0.00019626
24.26	 -0.0132615	 -0.0132064	 0.291245	 0.043865	 -0.0445925	 0.000197021
24.28	 -0.0119904	 -0.0119362	 0.288636	 0.0410125	 -0.0417234	 0.000197222
24.3	 -0.010717	 -0.0106638	 0.285959	 0.0381413	 -0.0388347	 0.000196855
24.32	 -0.00944166	 -0.00938968	 0.28322	 0.0352527	 -0.0359275	 0.000195913
24.34	 -0.00816481	 -0.0081142	 0.280423	 0.0323477	 -0.0330031	 0.000194389
24.36	 -0.00688693	 -0.00683785	 0.277577	 0.0294274	 -0.0300626	 0.000192282
24.38	 -0.00560845	 -0.00556107	 0.274687	 0.0264929	 -0.027107	 0.000189591
24.4	 -0.00432984	 -0.00428429	 0.271761	 0.0235451	 -0.0241373	 0.000186318
24.42	 -0.00305152	 -0.00300795	 0.268804	 0.0205849	 -0.0211545	 0.000182465
24.44	 -0.00177394	 -0.00173248	 0.265824	 0.0176132	 -0.0181597	 0.000178036
24.46	 -0.000497535	 -0.000458301	 0.262829	 0.0146312	 -0.0151539	 0.000173038
24.48	 0.000777276	 0.000814161	 0.259825	 0.0116396	 -0.012138	 0.000167477
24.5	 0.00205006	 0.00208449	 0.256821	 0.00863965	 -0.00911322	 0.000161364
24.52	 0.0033204	 0.00335228	 0.253823	 0.00563227	 -0.00608062	 0.000154709
24.54	 0.00458788	 0.00461711	 0.25084	 0.00261857	 -0.00304135	 0.000147526
24.56	 0.00585209	 0.00587859	 0.247879	 -0.000400346	 3.43286e-06	 0.00013983
24.58	 0.00711262	 0.00713632	 0.244948	 -0.00342344	 0.00305262	 0.000131637
24.6	 0.00836906	 0.00838991	 0.242056	 -0.00644971	 0.00610515	 0.000122965
24.62	 0.00962103	 0.00963897	 0.23921	 -0.00947822	 0.00916002	 0.000113837
24.64	 0.0108681	 0.0108831	 0.236418	 -0.0125081	 0.0122163	 0.000104272
24.66	 0.0121099	 0.012122	 0.233687	 -0.0155386	 0.0152732	 9.42963e-05
24.68	 0.0133461	 0.0133551	 0.231027	 -0.018569	 0.0183298	 8.39346e-05
24.7	 0.0145762	 0.0145822	 0.228443	 -0.0215984	 0.0213853	 7.32133e-05
24.72	 0.0157999	 0.0158029	 0.225944	 -0.0246259	 0.0244387	 6.21592e-05
24.74	 0.0170168	 0.0170168	 0.223538	 -0.0276508	 0.0274891	 5.07998e-05
24.76	 0.0182266	 0.0182236	 0.221232	 -0.0306719	 0.0305355	 3.91635e-05
24.78	 0.0194288	 0.0194229	 0.219032	 -0.0336884	 0.0335767	 2.728e-05
24.8	 0.0206232	 0.0206144	 0.216947	 -0.0366992	 0.0366118	 1.5181e-05
24.82	 0.0218095	 0.0217977	 0.214983	 -0.0397034	 0.0396398	 2.89937e-06
24.84	 0.0229871	 0.0229726	 0.213148	 -0.0427003	 0.0426598	 -9.53073e-06
24.86	 0.0241559	 0.0241386	 0.211447	 -0.045689	 0.0456711	 -2.20745e-05
24.88	 0.0253154	 0.0252954	 0.209887	 -0.0486689	 0.0486728	 -3.46967e-05
24.9	 0.0264654	 0.0264428	 0.208473	 -0.0516391	 0.051664	 -4.73613e-05
24.92	 0.0276055	 0.0275804	 0.207213	 -0.0545988	 0.0546439	 -6.00317e-05
24.94	 0.0287354	 0.0287079	 0.206111	 -0.057547	 0.0576115	 -7.26705e-05
24.96	 0.0298547	 0.0298249	 0.205172	 -0.0604828	 0.0605658	 -8.52404e-05
24.98	 0.0309632	 0.0309312	 0.204402	 -0.0634053	 0.0635058	 -9.77037e-05
25	 0.0320606	 0.0320265	 0.203805	 -0.0663136	 0.0664306	 -0.000110023
25.02	 0.0331465	 0.0331105	 0.203385	 -0.069207	 0.0693395	 -0.000122159
25.04	 0.0342207	 0.0341829	 0.203147	 -0.0720846	 0.0722315	 -0.000134075
25.06	 0.0352829	 0.0352434	 0.203094	 -0.0749456	 0.0751057	 -0.000145731
25.08	 0.0363327	 0.0362917	 0.203229	 -0.0777888	 0.0779611	 -0.00015709
25.1	 0.0373699	 0.0373275	 0.203556	 -0.0806133	 0.0807966	 -0.000168116
25.12	 0.0383942	 0.0383506	 0.204077	 -0.0834178	 0.083611	 -0.000178774
25.14	 0.0394054	 0.0393606	 0.204794	 -0.0862013	 0.0864031	 -0.000189028
25.16	 0.0404031	 0.0403574	 0.20571	 -0.0889627	 0.0891719	 -0.000198843
25.18	 0.0413871	 0.0413406	 0.206825	 -0.0917011	 0.0919165	 -0.000208185
25.2	 0.0423571	 0.0423101	 0.208141	 -0.0944156	 0.0946359	 -0.000217018
25.22	 0.043313	 0.0432654	 0.209658	 -0.0971054	 0.0973293	 -0.00022531
25.24	 0.0442543	 0.0442065	 0.211377	 -0.0997693	 0.0999957	 -0.000233027
25.26	 0.045181	 0.045133	 0.213297	 -0.102406	 0.102634	 -0.000240137
25.28	 0.0460926	 0.0460447	 0.215419	 -0.105015	 0.105243	 -0.00024661
25.3	 0.0469891	 0.0469413	 0.21774	 -0.107595	 0.107821	 -0.000252413
25.32	 0.04787	 0.0478225	 0.22026	 -0.110145	 0.110369	 -0.000257519
25.34	 0.0487353	 0.0486883	 0.222976	 -0.112664	 0.112884	 -0.000261901
25.36	 0.0495847	 0.0495383	 0.225888	 -0.115151	 0.115366	 -0.000265534
25.38	 0.0504179	 0.0503723	 0.228992	 -0.117605	 0.117814	 -0.000268395
25.4	 0.0512348	 0.0511901	 0.232286	 -0.120025	 0.120227	 -0.00027046
25.42	 0.0520351	 0.0519915	 0.235766	 -0.12241	 0.122603	 -0.000271707
25.44	 0.0528186	 0.0527762	 0.239428	 -0.124759	 0.124943	 -0.000272117
25.46	 0.0535851	 0.0535441	 0.24327	 -0.127071	 0.127244	 -0.00027167
25.48	 0.0543344	 0.0542949	 0.247285	 -0.129345	 0.129505	 -0.000270351
25.5	 0.0550664	 0.0550285	 0.251471	 -0.131579	 0.131727	 -0.000268144
25.52	 0.0557808	 0.0557446	 0.255821	 -0.133773	 0.133907	 -0.000265037
25.54	 0.0564774	 0.0564431	 0.260331	 -0.135926	 0.136046	 -0.000261016
25.56	 0.0571561	 0.0571237	 0.264995	 -0.138037	 0.138141	 -0.000256071
25.58	 0.0578166	 0.0577863	 0.269807	 -0.140104	 0.140191	 -0.000250196
25.6	 0.0584589	 0.0584307	 0.27476	 -0.142126	 0.142196	 -0.000243386
25.62	 0.0590827	 0.0590567	 0.279849	 -0.144103	 0.144155	 -0.000235637
25.64	 0.0596878	 0.0596642	 0.285067	 -0.146032	 0.146065	 -0.000226948
25.66	 0.0602742	 0.0602529	 0.290407	 -0.147913	 0.147927	 -0.000217322
25.68	 0.0608416	 0.0608228	 0.295862	 -0.149746	 0.14974	 -0.000206765
25.7	 0.0613899	 0.0613736	 0.301424	 -0.151528	 0.151502	 -0.000195285
25.72	 0.061919	 0.0619052	 0.307087	 -0.15326	 0.153213	 -0.000182893
25.74	 0.0624287	 0.0624175	 0.312841	 -0.15494	 0.154871	 -0.000169603
25.76	 0.0629189	 0.0629103	 0.318681	 -0.156567	 0.156477	 -0.000155429
25.78	 0.0633895	 0.0633834	 0.324597	 -0.15814	 0.158028	 -0.000140387
25.8	 0.0638403	 0.0638369	 0.330582	 -0.159659	 0.159525	 -0.000124495
25.82	 0.0642712	 0.0642704	 0.336627	 -0.161122	 0.160966	 -0.000107774
25.84	 0.064682	 0.0646839	 0.342725	 -0.162529	 0.16235	 -9.02467e-05
25.86	 0.0650728	 0.0650773	 0.348866	 -0.163878	 0.163677	 -7.19382e-05
25.88	 0.0654434	 0.0654505	 0.355043	 -0.165169	 0.164945	 -5.2876e-05
25.9	 0.0657936	 0.0658033	 0.361247	 -0.166401	 0.166155	 -3.30893e-05
25.92	 0.0661234	 0.0661356	 0.36747	 -0.167572	 0.167304	 -1.26091e-05
25.94	 0.0664327	 0.0664474	 0.373704	 -0.168683	 0.168393	 8.5319e-06
25.96	 0.0667214	 0.0667385	 0.379939	 -0.169732	 0.16942	 3.02998e-05
25.98	 0.0669894	 0.067009	 0.386168	 -0.170718	 0.170384	 5.26591e-05
26	 0.0672367	 0.0672586	 0.392382	 -0.17164	 0.171285	 7.55733e-05
26.02	 0.0674632	 0.0674873	 0.398573	 -0.172497	 0.172122	 9.90044e-05
26.04	 0.0676689	 0.0676951	 0.404733	 -0.173289	 0.172894	 0.000122913
26.06	 0.0678536	 0.0678819	 0.410854	 -0.174015	 0.1736	 0.000147257
26.08	 0.0680175	 0.0680476	 0.416928	 -0.174673	 0.17424	 0.000171995
26.1	 0.0681603	 0.0681923	 0.422948	 -0.175265	 0.174813	 0.000197079
26.12	 0.0682822	 0.0683159	 0.428905	 -0.175788	 0.175318	 0.000222464
26.14	 0.0683831	 0.0684184	 0.434793	 -0.176242	 0.175755	 0.000248101
26.16	 0.0684629	 0.0684997	 0.440604	 -0.176627	 0.176124	 0.000273942
26.18	 0.0685218	 0.0685599	 0.446331	 -0.176941	 0.176423	 0.000299936
26.2	 0.0685597	 0.068599	 0.451968	 -0.177186	 0.176653	 0.00032603
26.22	 0.0685765	 0.0686169	 0.457507	 -0.177359	 0.176813	 0.000352171
26.24	 0.0685724	 0.0686137	 0.462944	 -0.177462	 0.176902	 0.000378304
26.26	 0.0685474	 0.0685895	 0.468272	 -0.177493	 0.176922	 0.000404374
26.28	 0.0685014	 0.0685442	 0.473484	 -0.177452	 0.17687	 0.000430324
26.3	 0.0684346	 0.0684778	 0.478577	 -0.17734	 0.176749	 0.000456097
26.32	 0.068347	 0.0683905	 0.483544	 -0.177157	 0.176556	 0.000481635
26.34	 0.0682386	 0.0682823	 0.488382	 -0.176901	 0.176293	 0.000506881
26.36	 0.0681096	 0.0681532	 0.493084	 -0.176575	 0.17596	 0.000531778
26.38	 0.0679598	 0.0680033	 0.497649	 -0.176176	 0.175556	 0.000556269
26.4	 0.0677895	 0.0678327	 0.50207	 -0.175706	 0.175081	 0.000580297
26.42	 0.0675987	 0.0676415	 0.506346	 -0.175164	 0.174536	 0.000603805
26.44	 0.0673875	 0.0674296	 0.510473	 -0.174551	 0.17392	 0.000626736
26.46	 0.067156	 0.0671973	 0.514448	 -0.173866	 0.173234	 0.000649034
26.48	 0.0669042	 0.0669446	 0.518269	 -0.17311	 0.172478	 0.00067064
26.5	 0.0666324	 0.0666716	 0.521934	 -0.172283	 0.171652	 0.0006915
26.52	 0.0663404	 0.0663785	 0.525441	 -0.171386	 0.170757	 0.000711559
26.54	 0.0660286	 0.0660653	 0.528788	 -0.170419	 0.169793	 0.000730766
26.56	 0.065697	 0.0657322	 0.531975	 -0.169383	 0.168761	 0.00074907
26.58	 0.0653458	 0.0653793	 0.535002	 -0.168277	 0.167661	 0.000766421
26.6	 0.0649751	 0.0650068	 0.537867	 -0.167104	 0.166493	 0.000782769
26.62	 0.0645851	 0.0646149	 0.540571	 -0.165863	 0.165259	 0.000798067
26.64	 0.0641759	 0.0642036	 0.543114	 -0.164555	 0.163959	 0.000812268
26.66	 0.0637476	 0.0637732	 0.545497	 -0.163181	 0.162594	 0.000825327
26.68	 0.0633004	 0.0633237	 0.547722	 -0.161742	 0.161165	 0.000837202
26.7	 0.0628346	 0.0628555	 0.549789	 -0.160238	 0.159672	 0.000847852
26.72	 0.0623502	 0.0623686	 0.551701	 -0.158672	 0.158117	 0.000857239
26.74	 0.0618474	 0.0618633	 0.553459	 -0.157042	 0.156499	 0.000865328
26.76	 0.0613264	 0.0613396	 0.555066	 -0.155351	 0.154821	 0.000872086
26.78	 0.0607874	 0.0607979	 0.556525	 -0.153599	 0.153083	 0.000877484
26.8	 0.0602305	 0.0602382	 0.557839	 -0.151787	 0.151286	 0.000881495
26.82	 0.059656	 0.0596609	 0.55901	 -0.149917	 0.14943	 0.000884092
26.84	 0.0590641	 0.059066	 0.560043	 -0.147989	 0.147517	 0.000885251
26.86	 0.0584548	 0.0584538	 0.560942	 -0.146005	 0.145549	 0.000884952
26.88	 0.0578285	 0.0578245	 0.56171	 -0.143965	 0.143526	 0.000883178
26.9	 0.0571854	 0.0571783	 0.562351	 -0.141872	 0.14145	 0.000879915
26.92	 0.0565256	 0.0565155	 0.562872	 -0.139727	 0.139321	 0.000875155
26.94	 0.0558493	 0.0558362	 0.563275	 -0.13753	 0.137142	 0.000868892
26.96	 0.0551569	 0.0551407	 0.563566	 -0.135283	 0.134913	 0.000861122
26.98	 0.0544485	 0.0544292	 0.563751	 -0.132988	 0.132636	 0.000851843
27	 0.0537243	 0.053702	 0.563835	 -0.130646	 0.130312	 0.000841059
27.02	 0.0529846	 0.0529593	 0.563822	 -0.128258	 0.127942	 0.000828779
27.04	 0.0522297	 0.0522014	 0.563719	 -0.125826	 0.125528	 0.000815014
27.06	 0.0514596	 0.0514284	 0.563532	 -0.12335	 0.12307	 0.000799779
27.08	 0.0506748	 0.0506406	 0.563266	 -0.120833	 0.120571	 0.000783092
27.1	 0.0498753	 0.0498384	 0.562926	 -0.118276	 0.118032	 0.000764974
27.12	 0.0490615	 0.0490218	 0.56252	 -0.115679	 0.115453	 0.000745449
27.14	 0.0482336	 0.0481911	 0.562053	 -0.113045	 0.112837	 0.000724545
27.16	 0.0473917	 0.0473467	 0.561532	 -0.110375	 0.110183	 0.000702291
27.18	 0.0465363	 0.0464887	 0.560961	 -0.107669	 0.107495	 0.000678718
27.2	 0.0456674	 0.0456173	 0.560349	 -0.10493	 0.104772	 0.000653861
27.22	 0.0447853	 0.0447329	 0.5597	 -0.102159	 0.102017	 0.000627757
27.24	 0.0438903	 0.0438357	 0.55902	 -0.0993571	 0.0992313	 0.000600446
27.26	 0.0429825	 0.0429258	 0.558317	 -0.0965257	 0.0964151	 0.000571972
27.28	 0.0420624	 0.0420037	 0.557595	 -0.0936661	 0.0935702	 0.000542385
27.3	 0.04113	 0.0410694	 0.556862	 -0.0907797	 0.0906979	 0.000511737
27.32	 0.0401856	 0.0401233	 0.556122	 -0.0878676	 0.0877994	 0.000480085
27.34	 0.0392296	 0.0391657	 0.555381	 -0.0849314	 0.0848761	 0.000447486
27.36	 0.0382621	 0.0381967	 0.554646	 -0.0819722	 0.0819291	 0.000414
27.38	 0.0372833	 0.0372166	 0.55392	 -0.0789913	 0.0789599	 0.00037969
27.4	 0.0362937	 0.0362258	 0.553211	 -0.07599	 0.0759694	 0.00034462
27.42	 0.0352933	 0.0352244	 0.552522	 -0.0729695	 0.072959	 0.000308856
27.44	 0.0342825	 0.0342127	 0.551858	 -0.0699309	 0.0699299	 0.000272465
27.46	 0.0332614	 0.0331909	 0.551226	 -0.0668755	 0.066883	 0.000235518
27.48	 0.0322305	 0.0321593	 0.550628	 -0.0638045	 0.0638198	 0.000198085
27.5	 0.0311897	 0.0311182	 0.55007	 -0.060719	 0.0607413	 0.000160238
27.52	 0.0301396	 0.0300678	 0.549555	 -0.0576203	 0.0576487	 0.000122052
27.54	 0.0290802	 0.0290082	 0.549088	 -0.0545095	 0.0545433	 8.36016e-05
27.56	 0.0280118	 0.0279399	 0.548671	 -0.0513879	 0.0514262	 4.49617e-05
27.58	 0.0269347	 0.026863	 0.548309	 -0.0482566	 0.0482985	 6.20844e-06
27.6	 0.0258491	 0.0257777	 0.548004	 -0.0451167	 0.0451615	 -3.25817e-05
27.62	 0.0247552	 0.0246844	 0.54776	 -0.0419695	 0.0420163	 -7.13318e-05
27.64	 0.0236535	 0.0235833	 0.547579	 -0.0388161	 0.0388641	 -0.000109964
27.66	 0.022544	 0.0224746	 0.547462	 -0.0356574	 0.0357059	 -0.0001484
27.68	 0.021427	 0.0213587	 0.547413	 -0.0324947	 0.0325427	 -0.000186561
27.7	 0.0203028	 0.0202356	 0.547432	 -0.0293288	 0.0293755	 -0.000224368
27.72	 0.0191718	 0.0191058	 0.547522	 -0.0261606	 0.0262054	 -0.000261741
27.74	 0.018034	 0.0179694	 0.547683	 -0.0229913	 0.0230334	 -0.000298601
27.76	 0.0168898	 0.0168268	 0.547915	 -0.0198218	 0.0198604	 -0.000334868
27.78	 0.0157395	 0.0156781	 0.54822	 -0.0166531	 0.0166875	 -0.000370465
27.8	 0.0145834	 0.0145238	 0.548598	 -0.0134863	 0.0135158	 -0.000405314
27.82	 0.0134217	 0.013364	 0.549047	 -0.0103221	 0.0103461	 -0.000439341
27.84	 0.0122547	 0.012199	 0.549569	 -0.00716166	 0.00717951	 -0.000472471
27.86	 0.0110827	 0.0110291	 0.550161	 -0.00400586	 0.00401692	 -0.000504631
27.88	 0.0099059	 0.00985453	 0.550823	 -0.000855646	 0.00085935	 -0.00053575
27.9	 0.00872469	 0.00867564	 0.551554	 0.00228802	 -0.00229223	 -0.000565757
27.92	 0.00753932	 0.00749267	 0.552351	 0.00542421	 -0.00543687	 -0.000594586
27.94	 0.00635007	 0.00630591	 0.553213	 0.00855205	 -0.00857365	 -0.000622173
27.96	 0.00515724	 0.00511565	 0.554138	 0.0116707	 -0.0117017	 -0.000648457
27.98	 0.00396112	 0.00392217	 0.555123	 0.0147793	 -0.0148201	 -0.00067338
28	 0.00276203	 0.00272577	 0.556164	 0.017877	 -0.017928	 -0.000696885
28.02	 0.00156025	 0.00152674	 0.55726	 0.0209629	 -0.0210245	 -0.000718919
28.04	 0.000356096	 0.000325379	 0.558408	 0.0240363	 -0.0241088	 -0.000739432
28.06	 -0.000850115	 -0.000877998	 0.559602	 0.0270962	 -0.0271799	 -0.000758375
28.08	 -0.00205806	 -0.00208308	 0.56084	 0.0301418	 -0.0302368	 -0.000775705
28.1	 -0.00326743	 -0.00328956	 0.562119	 0.0331719	 -0.0332785	 -0.000791378
28.12	 -0.00447788	 -0.0044971	 0.563432	 0.0361857	 -0.036304	 -0.000805355
28.14	 -0.00568908	 -0.00570538	 0.564777	 0.0391819	 -0.0393121	 -0.000817602
28.16	 -0.00690069	 -0.00691408	 0.566148	 0.0421596	 -0.0423017	 -0.000828084
28.18	 -0.00811238	 -0.00812286	 0.567541	 0.0451177	 -0.0452718	 -0.000836772
28.2	 -0.00932382	 -0.00933139	 0.568951	 0.0480552	 -0.0482212	 -0.00084364
28.22	 -0.0105346	 -0.0105393	 0.570372	 0.0509711	 -0.051149	 -0.000848665
28.24	 -0.0117445	 -0.0117464	 0.571799	 0.0538644	 -0.0540542	 -0.000851826
28.26	 -0.0129531	 -0.0129521	 0.573228	 0.0567341	 -0.0569356	 -0.000853108
28.28	 -0.01416	 -0.0141562	 0.574651	 0.0595794	 -0.0597924	 -0.0008525
28.3	 -0.0153649	 -0.0153584	 0.576065	 0.0623993	 -0.0626237	 -0.000849993
28.32	 -0.0165673	 -0.0165582	 0.577462	 0.0651929	 -0.0654285	 -0.000845585
28.34	 -0.0177671	 -0.0177553	 0.578837	 0.0679594	 -0.0682058	 -0.000839276
28.36	 -0.0189636	 -0.0189493	 0.580185	 0.0706978	 -0.0709547	 -0.00083107
28.38	 -0.0201567	 -0.0201399	 0.5815	 0.073407	 -0.0736742	 -0.000820974
28.4	 -0.0213459	 -0.0213267	 0.582775	 0.0760864	 -0.0763634	 -0.000809001
28.42	 -0.0225308	 -0.0225094	 0.584005	 0.0787349	 -0.0790214	 -0.000795169
28.44	 -0.0237112	 -0.0236875	 0.585184	 0.0813517	 -0.0816474	 -0.0007795
28.46	 -0.0248864	 -0.0248607	 0.586307	 0.0839362	 -0.0842404	 -0.000762021
28.48	 -0.0260563	 -0.0260286	 0.587366	 0.0864874	 -0.0867998	 -0.000742761
28.5	 -0.0272205	 -0.0271908	 0.588357	 0.0890046	 -0.0893246	 -0.000721754
28.52	 -0.0283784	 -0.028347	 0.589275	 0.091487	 -0.0918142	 -0.000699036
28.54	 -0.0295298	 -0.0294967	 0.590113	 0.0939336	 -0.0942674	 -0.000674648
28.56	 -0.0306742	 -0.0306396	 0.590866	 0.0963434	 -0.0966833	 -0.000648632
28.58	 -0.0318112	 -0.0317752	 0.591529	 0.0987153	 -0.0990607	 -0.000621034
28.6	 -0.0329405	 -0.0329032	 0.592096	 0.101048	 -0.101399	 -0.000591905
28.62	 -0.0340616	 -0.0340232	 0.592563	 0.103341	 -0.103696	 -0.000561294
28.64	 -0.0351742	 -0.0351347	 0.592925	 0.105593	 -0.105952	 -0.000529256
28.66	 -0.0362777	 -0.0362374	 0.593177	 0.107803	 -0.108165	 -0.000495847
28.68	 -0.037372	 -0.0373308	 0.593314	 0.109971	 -0.110335	 -0.000461127
28.7	 -0.0384564	 -0.0384146	 0.593332	 0.112094	 -0.112461	 -0.000425158
28.72	 -0.0395307	 -0.0394884	 0.593227	 0.114173	 -0.114541	 -0.000388008
28.74	 -0.0405943	 -0.0405517	 0.592995	 0.116207	 -0.116576	 -0.000349744
28.76	 -0.041647	 -0.0416042	 0.592632	 0.118194	 -0.118563	 -0.000310436
28.78	 -0.0426884	 -0.0426454	 0.592135	 0.120135	 -0.120504	 -0.00027016
28.8	 -0.0437179	 -0.0436749	 0.5915	 0.122028	 -0.122396	 -0.00022899
28.82	 -0.0447352	 -0.0446924	 0.590724	 0.123873	 -0.12424	 -0.000187009
28.84	 -0.04574	 -0.0456975	 0.589806	 0.12567	 -0.126035	 -0.000144299
28.86	 -0.0467319	 -0.0466898	 0.588741	 0.127418	 -0.12778	 -0.000100942
28.88	 -0.0477104	 -0.0476688	 0.587529	 0.129116	 -0.129475	 -5.70243e-05
28.9	 -0.0486752	 -0.0486343	 0.586167	 0.130764	 -0.13112	 -1.26301e-05
28.92	 -0.0496259	 -0.0495858	 0.584654	 0.132362	 -0.132714	 3.21548e-05
28.94	 -0.0505622	 -0.050523	 0.582988	 0.133908	 -0.134256	 7.72435e-05
28.96	 -0.0514836	 -0.0514454	 0.581169	 0.135402	 -0.135745	 0.000122548
28.98	 -0.0523897	 -0.0523527	 0.579196	 0.136843	 -0.137181	 0.000167978
29	 -0.0532803	 -0.0532444	 0.577068	 0.138231	 -0.138564	 0.000213447
29.02	 -0.0541548	 -0.0541204	 0.574786	 0.139566	 -0.139893	 0.000258866
29.04	 -0.0550131	 -0.05498	 0.572349	 0.140846	 -0.141167	 0.000304146
29.06	 -0.0558547	 -0.0558231	 0.569759	 0.142073	 -0.142387	 0.000349199
29.08	 -0.0566792	 -0.0566493	 0.567017	 0.143244	 -0.143552	 0.000393935
29.1	 -0.0574864	 -0.0574582	 0.564122	 0.144361	 -0.144662	 0.000438265
29.12	 -0.0582759	 -0.0582494	 0.561077	 0.145423	 -0.145717	 0.000482101
29.14	 -0.0590474	 -0.0590227	 0.557885	 0.14643	 -0.146716	 0.000525354
29.16	 -0.0598005	 -0.0597778	 0.554545	 0.147381	 -0.14766	 0.000567937
29.18	 -0.0605349	 -0.0605142	 0.551062	 0.148278	 -0.148549	 0.000609761
29.2	 -0.0612504	 -0.0612317	 0.547438	 0.149119	 -0.149383	 0.000650739
29.22	 -0.0619466	 -0.0619299	 0.543675	 0.149905	 -0.150162	 0.000690787
29.24	 -0.0626232	 -0.0626087	 0.539777	 0.150636	 -0.150885	 0.000729821
29.26	 -0.06328	 -0.0632677	 0.535748	 0.151312	 -0.151554	 0.000767762
29.28	 -0.0639166	 -0.0639065	 0.531591	 0.151932	 -0.152167	 0.000804532
29.3	 -0.0645329	 -0.064525	 0.527311	 0.152497	 -0.152725	 0.000840057
29.32	 -0.0651285	 -0.0651229	 0.522911	 0.153007	 -0.153228	 0.000874264
29.34	 -0.0657032	 -0.0656998	 0.518396	 0.153463	 -0.153676	 0.000907082
29.36	 -0.0662567	 -0.0662556	 0.51377	 0.153864	 -0.154071	 0.000938443
29.38	 -0.0667888	 -0.06679	 0.509039	 0.154211	 -0.154411	 0.000968284
29.4	 -0.0672993	 -0.0673027	 0.504209	 0.154503	 -0.154698	 0.000996542
29.42	 -0.0677879	 -0.0677935	 0.499283	 0.154743	 -0.154931	 0.00102316
29.44	 -0.0682543	 -0.0682623	 0.494268	 0.154928	 -0.155111	 0.00104808
29.46	 -0.0686985	 -0.0687087	 0.489169	 0.15506	 -0.155238	 0.00107126
29.48	 -0.0691202	 -0.0691325	 0.483993	 0.155139	 -0.155313	 0.00109263
29.5	 -0.0695191	 -0.0695337	 0.478746	 0.155166	 -0.155335	 0.00111217
29.52	 -0.0698952	 -0.0699119	 0.473433	 0.155141	 -0.155306	 0.00112982
29.54	 -0.0702482	 -0.0702671	 0.46806	 0.155065	 -0.155226	 0.00114556
29.56	 -0.0705781	 -0.070599	 0.462635	 0.154938	 -0.155097	 0.00115933
29.58	 -0.0708846	 -0.0709076	 0.457164	 0.154762	 -0.154918	 0.00117113
29.6	 -0.0711677	 -0.0711926	 0.451652	 0.154536	 -0.15469	 0.00118092
29.62	 -0.0714271	 -0.0714539	 0.446108	 0.154261	 -0.154414	 0.00118867
29.64	 -0.0716628	 -0.0716915	 0.440536	 0.153939	 -0.154091	 0.00119438
29.66	 -0.0718746	 -0.0719052	 0.434945	 0.153569	 -0.15372	 0.00119802
29.68	 -0.0720625	 -0.0720948	 0.429341	 0.153152	 -0.153304	 0.0011996
29.7	 -0.0722263	 -0.0722603	 0.423729	 0.152689	 -0.152842	 0.00119909
29.72	 -0.072366	 -0.0724016	 0.418118	 0.15218	 -0.152334	 0.00119652
29.74	 -0.0724815	 -0.0725186	 0.412514	 0.151627	 -0.151783	 0.00119187
29.76	 -0.0725727	 -0.0726113	 0.406923	 0.15103	 -0.151189	 0.00118515
29.78	 -0.0726395	 -0.0726795	 0.401353	 0.15039	 -0.150551	 0.00117638
29.8	 -0.0726818	 -0.0727231	 0.395809	 0.149707	 -0.149872	 0.00116557
29.82	 -0.0726997	 -0.0727422	 0.390298	 0.148982	 -0.149152	 0.00115274
29.84	 -0.072693	 -0.0727367	 0.384826	 0.148216	 -0.148391	 0.00113792
29.86	 -0.0726618	 -0.0727066	 0.379399	 0.147411	 -0.147591	 0.00112112
29.88	 -0.0726059	 -0.0726517	 0.374025	 0.146566	 -0.146752	 0.00110239
29.9	 -0.0725255	 -0.0725722	 0.368707	 0.145682	 -0.145875	 0.00108176
29.92	 -0.0724204	 -0.072468	 0.363454	 0.144761	 -0.144961	 0.00105927
29.94	 -0.0722907	 -0.072339	 0.358269	 0.143802	 -0.14401	 0.00103495
29.96	 -0.0721364	 -0.0721854	 0.353159	 0.142806	 -0.143023	 0.00100887
29.98	 -0.0719576	 -0.0720071	 0.34813	 0.141775	 -0.142	 0.000981061
30	 -0.0717541	 -0.0718042	 0.343185	 0.140709	 -0.140943	 0.00095159
30.02	 -0.0715262	 -0.0715767	 0.338331	 0.139608	 -0.139852	 0.000920511
30.04	 -0.0712738	 -0.0713247	 0.333572	 0.138473	 -0.138728	 0.000887882
30.06	 -0.0709969	 -0.0710481	 0.328912	 0.137306	 -0.137571	 0.000853765
30.08	 -0.0706956	 -0.070747	 0.324356	 0.136107	 -0.136383	 0.000818228
30.1	 -0.0703701	 -0.0704216	 0.319908	 0.134876	 -0.135163	 0.000781342
30.12	 -0.0700203	 -0.0700719	 0.315571	 0.133614	 -0.133913	 0.000743181
30.14	 -0.0696464	 -0.069698	 0.311351	 0.132322	 -0.132634	 0.000703823
30.16	 -0.0692484	 -0.0693	 0.307249	 0.131001	 -0.131325	 0.000663347
30.18	 -0.0688265	 -0.068878	 0.303269	 0.12965	 -0.129987	 0.000621833
30.2	 -0.0683807	 -0.068432	 0.299414	 0.128271	 -0.128621	 0.000579363
30.22	 -0.0679113	 -0.0679623	 0.295687	 0.126865	 -0.127228	 0.00053602
30.24	 -0.0674182	 -0.0674689	 0.292089	 0.125431	 -0.125808	 0.00049189
30.26	 -0.0669016	 -0.066952	 0.288624	 0.123971	 -0.124361	 0.000447061
30.28	 -0.0663617	 -0.0664117	 0.285292	 0.122484	 -0.122888	 0.000401618
30.3	 -0.0657986	 -0.0658482	 0.282096	 0.120972	 -0.12139	 0.000355652
30.32	 -0.0652125	 -0.0652616	 0.279036	 0.119435	 -0.119867	 0.000309254
30.34	 -0.0646034	 -0.0646521	 0.276114	 0.117873	 -0.118318	 0.000262517
30.36	 -0.0639717	 -0.0640198	 0.273331	 0.116286	 -0.116746	 0.000215536
30.38	 -0.0633175	 -0.063365	 0.270686	 0.114676	 -0.115149	 0.000168407
30.4	 -0.0626409	 -0.0626879	 0.26818	 0.113042	 -0.11353	 0.000121222
30.42	 -0.0619422	 -0.0619886	 0.265813	 0.111386	 -0.111887	 7.4073e-05
30.44	 -0.0612216	 -0.0612673	 0.263586	 0.109707	 -0.110222	 2.70519e-05
30.46	 -0.0604793	 -0.0605244	 0.261496	 0.108006	 -0.108535	 -1.97485e-05
30.48	 -0.0597155	 -0.0597599	 0.259543	 0.106283	 -0.106826	 -6.62346e-05
30.5	 -0.0589304	 -0.0589742	 0.257727	 0.10454	 -0.105095	 -0.000112314
30.52	 -0.0581243	 -0.0581674	 0.256046	 0.102775	 -0.103344	 -0.000157897
30.54	 -0.0572975	 -0.0573399	 0.254497	 0.10099	 -0.101571	 -0.000202895
30.56	 -0.0564502	 -0.0564919	 0.253081	 0.0991847	 -0.0997783	 -0.000247222
30.58	 -0.0555826	 -0.0556237	 0.251793	 0.0973596	 -0.0979653	 -0.000290792
30.6	 -0.0546951	 -0.0547355	 0.250633	 0.0955151	 -0.0961326	 -0.000333519
30.62	 -0.0537879	 -0.0538277	 0.249597	 0.0936516	 -0.0942806	 -0.000375319
30.64	 -0.0528614	 -0.0529005	 0.248683	 0.0917696	 -0.0924096	 -0.000416111
30.66	 -0.0519158	 -0.0519543	 0.247889	 0.0898692	 -0.0905199	 -0.000455817
30.68	 -0.0509514	 -0.0509893	 0.24721	 0.0879509	 -0.0886118	 -0.00049436
30.7	 -0.0499686	 -0.0500059	 0.246644	 0.0860148	 -0.0866855	 -0.000531667
30.72	 -0.0489676	 -0.0490044	 0.246188	 0.0840612	 -0.0847412	 -0.000567667
30.74	 -0.0479489	 -0.0479852	 0.245837	 0.0820904	 -0.0827793	 -0.000602296
30.76	 -0.0469127	 -0.0469485	 0.245588	 0.0801027	 -0.0807999	 -0.000635489
30.78	 -0.0458594	 -0.0458947	 0.245438	 0.0780982	 -0.0788032	 -0.000667186
30.8	 -0.0447894	 -0.0448242	 0.245381	 0.0760774	 -0.0767896	 -0.000697331
30.82	 -0.0437029	 -0.0437373	 0.245415	 0.0740404	 -0.0747594	 -0.000725866
30.84	 -0.0426005	 -0.0426345	 0.245535	 0.0719876	 -0.0727128	 -0.000752736
30.86	 -0.0414824	 -0.041516	 0.245736	 0.0699193	 -0.0706502	 -0.000777893
30.88	 -0.0403491	 -0.0403824	 0.246015	 0.0678358	 -0.0685718	 -0.000801292
30.9	 -0.0392009	 -0.0392339	 0.246366	 0.0657374	 -0.0664779	 -0.000822893
30.92	 -0.0380383	 -0.038071	 0.246786	 0.0636243	 -0.0643687	 -0.00084266
30.94	 -0.0368616	 -0.0368942	 0.24727	 0.0614969	 -0.0622447	 -0.000860562
30.96	 -0.0356714	 -0.0357037	 0.247814	 0.0593555	 -0.060106	 -0.00087657
30.98	 -0.0344679	 -0.0345001	 0.248412	 0.0572004	 -0.0579531	 -0.000890659
31	 -0.0332517	 -0.0332838	 0.249061	 0.0550319	 -0.0557863	 -0.000902805
31.02	 -0.0320232	 -0.0320552	 0.249755	 0.0528505	 -0.0536058	 -0.000912993
31.04	 -0.0307828	 -0.0308147	 0.25049	 0.0506564	 -0.0514122	 -0.000921209
31.06	 -0.0295309	 -0.0295629	 0.251263	 0.0484501	 -0.0492058	 -0.000927445
31.08	 -0.0282681	 -0.0283	 0.252067	 0.0462318	 -0.0469868	 -0.000931697
31.1	 -0.0269948	 -0.0270268	 0.252899	 0.044002	 -0.0447557	 -0.000933966
31.12	 -0.0257114	 -0.0257434	 0.253755	 0.0417609	 -0.0425128	 -0.000934256
31.14	 -0.0244184	 -0.0244506	 0.25463	 0.0395089	 -0.0402584	 -0.000932576
31.16	 -0.0231164	 -0.0231486	 0.25552	 0.0372462	 -0.0379929	 -0.000928938
31.18	 -0.0218057	 -0.0218381	 0.256421	 0.0349734	 -0.0357166	 -0.00092336
31.2	 -0.0204869	 -0.0205195	 0.257329	 0.0326908	 -0.0334301	 -0.000915859
31.22	 -0.0191604	 -0.0191932	 0.25824	 0.0303988	 -0.0311338	 -0.000906459
31.24	 -0.0178269	 -0.0178599	 0.259151	 0.028098	 -0.0288281	 -0.000895187
31.26	 -0.0164866	 -0.0165199	 0.260057	 0.0257889	 -0.0265136	 -0.000882075
31.28	 -0.0151403	 -0.0151738	 0.260956	 0.0234717	 -0.0241906	 -0.000867157
31.3	 -0.0137883	 -0.0138221	 0.261844	 0.021147	 -0.0218597	 -0.000850474
31.32	 -0.0124313	 -0.0124653	 0.262719	 0.0188152	 -0.0195212	 -0.000832068
31.34	 -0.0110696	 -0.0111039	 0.263576	 0.0164767	 -0.0171757	 -0.000811986
31.36	 -0.00970389	 -0.00973843	 0.264414	 0.0141322	 -0.0148238	 -0.000790277
31.38	 -0.0083346	 -0.00836942	 0.265229	 0.011782	 -0.0124658	 -0.000766993
31.4	 -0.00696227	 -0.00699737	 0.26602	 0.0094268	 -0.0101025	 -0.00074219
31.42	 -0.00558743	 -0.0056228	 0.266785	 0.00706703	 -0.00773436	 -0.000715924
31.44	 -0.0042106	 -0.00424625	 0.267521	 0.00470318	 -0.00536182	 -0.00068826
31.46	 -0.00283232	 -0.00286822	 0.268226	 0.00233574	 -0.0029854	 -0.000659259
31.48	 -0.00145309	 -0.00148925	 0.268899	 -3.47983e-05	 -0.000605649	 -0.00062899
31.5	 -7.34584e-05	 -0.00010985	 0.269538	 -0.00240788	 0.00177687	 -0.00059752
31.52	 0.00130606	 0.00126945	 0.270143	 -0.0047829	 0.00416154	 -0.00056492
31.54	 0.00268493	 0.00264812	 0.270712	 -0.00715924	 0.00654772	 -0.00053126
31.56	 0.00406262	 0.00402563	 0.271245	 -0.00953629	 0.00893475	 -0.000496616
31.58	 0.0054386	 0.00540145	 0.271741	 -0.0119134	 0.011322	 -0.000461063
31.6	 0.00681233	 0.00677505	 0.272199	 -0.0142902	 0.013709	 -0.00042468
31.62	 0.00818329	 0.00814591	 0.272621	 -0.0166659	 0.0160951	 -0.000387547
31.64	 0.00955096	 0.00951351	 0.273006	 -0.0190402	 0.0184798	 -0.000349744
31.66	 0.0109148	 0.0108773	 0.273354	 -0.0214125	 0.0208626	 -0.000311353
31.68	 0.0122744	 0.0122369	 0.273665	 -0.0237822	 0.0232428	 -0.000272458
31.7	 0.0136291	 0.0135916	 0.273942	 -0.0261487	 0.02562	 -0.00023314
31.72	 0.0149784	 0.014941	 0.274184	 -0.0285115	 0.0279934	 -0.000193483
31.74	 0.0163218	 0.0162845	 0.274394	 -0.0308701	 0.0303625	 -0.000153572
31.76	 0.0176589	 0.0176218	 0.274571	 -0.0332239	 0.0327269	 -0.000113491
31.78	 0.0189891	 0.0189521	 0.274719	 -0.0355723	 0.0350858	 -7.33262e-05
31.8	 0.0203119	 0.0202751	 0.274838	 -0.0379149	 0.0374389	 -3.31619e-05
31.82	 0.0216267	 0.0215903	 0.27493	 -0.0402511	 0.0397855	 6.91709e-06
31.84	 0.0229333	 0.0228971	 0.274999	 -0.0425802	 0.042125	 4.68276e-05
31.86	 0.0242309	 0.0241951	 0.275046	 -0.0449017	 0.0444567	 8.64871e-05
31.88	 0.0255192	 0.0254838	 0.275073	 -0.0472149	 0.0467801	 0.000125814
31.9	 0.0267976	 0.0267627	 0.275084	 -0.0495194	 0.0490946	 0.000164727
31.92	 0.0280657	 0.0280313	 0.275081	 -0.0518145	 0.0513997	 0.000203146
31.94	 0.029323	 0.0292892	 0.275068	 -0.0540998	 0.0536948	 0.000240993
31.96	 0.0305691	 0.0305359	 0.275046	 -0.0563746	 0.0559793	 0.000278191
31.98	 0.0318036	 0.031771	 0.27502	 -0.0586383	 0.0582526	 0.000314668
32	 0.0330259	 0.032994	 0.274993	 -0.0608903	 0.0605139	 0.000350352
32.02	 0.0342356	 0.0342045	 0.274969	 -0.0631299	 0.0627627	 0.000385177
32.04	 0.0354323	 0.035402	 0.27495	 -0.0653565	 0.0649983	 0.000419075
32.06	 0.0366156	 0.0365861	 0.274941	 -0.0675694	 0.0672201	 0.000451983
32.08	 0.037785	 0.0377564	 0.274945	 -0.0697682	 0.0694277	 0.000483841
32.1	 0.0389402	 0.0389126	 0.274966	 -0.0719524	 0.0716203	 0.00051459
32.12	 0.0400807	 0.040054	 0.275008	 -0.0741213	 0.0737975	 0.000544174
32.14	 0.0412061	 0.0411805	 0.275075	 -0.0762744	 0.0759588	 0.000572542
32.16	 0.0423161	 0.0422916	 0.27517	 -0.0784113	 0.0781036	 0.000599642
32.18	 0.0434103	 0.0433868	 0.275298	 -0.0805314	 0.0802315	 0.000625426
32.2	 0.0444882	 0.0444659	 0.275462	 -0.0826343	 0.082342	 0.000649846
32.22	 0.0455496	 0.0455285	 0.275667	 -0.0847196	 0.0844346	 0.00067286
32.24	 0.046594	 0.0465741	 0.275916	 -0.0867867	 0.0865089	 0.000694427
32.26	 0.0476211	 0.0476025	 0.276214	 -0.088835	 0.0885642	 0.000714512
32.28	 0.0486306	 0.0486133	 0.276563	 -0.090864	 0.0906001	 0.000733081
32.3	 0.0496221	 0.0496061	 0.276969	 -0.0928733	 0.0926161	 0.000750105
32.32	 0.0505953	 0.0505806	 0.277434	 -0.0948625	 0.0946117	 0.000765555
32.34	 0.0515499	 0.0515365	 0.277962	 -0.096831	 0.0965866	 0.000779408
32.36	 0.0524855	 0.0524736	 0.278557	 -0.0987782	 0.09854	 0.000791644
32.38	 0.053402	 0.0533914	 0.279223	 -0.100704	 0.100472	 0.000802249
32.4	 0.0542989	 0.0542898	 0.279963	 -0.102607	 0.10238	 0.000811214
32.42	 0.0551761	 0.0551683	 0.28078	 -0.104487	 0.104266	 0.000818531
32.44	 0.0560332	 0.0560269	 0.281677	 -0.106343	 0.106129	 0.000824198
32.46	 0.05687	 0.0568651	 0.282659	 -0.108176	 0.107967	 0.000828215
32.48	 0.0576862	 0.0576827	 0.283727	 -0.109984	 0.109781	 0.000830584
32.5	 0.0584816	 0.0584796	 0.284884	 -0.111768	 0.111569	 0.000831314
32.52	 0.059256	 0.0592554	 0.286134	 -0.113526	 0.113332	 0.000830417
32.54	 0.0600091	 0.0600099	 0.287478	 -0.115258	 0.11507	 0.000827906
32.56	 0.0607407	 0.060743	 0.28892	 -0.116963	 0.11678	 0.000823798
32.58	 0.0614506	 0.0614543	 0.29046	 -0.118642	 0.118464	 0.000818113
32.6	 0.0621386	 0.0621437	 0.292102	 -0.120293	 0.12012	 0.000810874
32.62	 0.0628046	 0.062811	 0.293846	 -0.121916	 0.121748	 0.00080211
32.64	 0.0634482	 0.063456	 0.295695	 -0.123511	 0.123348	 0.000791853
32.66	 0.0640694	 0.0640786	 0.29765	 -0.125077	 0.124918	 0.000780138
32.68	 0.064668	 0.0646785	 0.299713	 -0.126612	 0.126459	 0.000767003
32.7	 0.0652438	 0.0652556	 0.301884	 -0.128118	 0.127969	 0.000752489
32.72	 0.0657968	 0.0658098	 0.304163	 -0.129593	 0.129448	 0.000736641
32.74	 0.0663266	 0.0663409	 0.306553	 -0.131036	 0.130896	 0.000719508
32.76	 0.0668334	 0.0668489	 0.309053	 -0.132448	 0.132312	 0.00070114
32.78	 0.0673168	 0.0673335	 0.311662	 -0.133826	 0.133696	 0.000681595
32.8	 0.0677769	 0.0677947	 0.314383	 -0.135172	 0.135046	 0.000660929
32.82	 0.0682134	 0.0682324	 0.317213	 -0.136483	 0.136362	 0.0006392
32.84	 0.0686264	 0.0686465	 0.320152	 -0.137761	 0.137644	 0.00061647
32.86	 0.0690157	 0.0690368	 0.3232	 -0.139004	 0.138891	 0.0005928
32.88	 0.0693813	 0.0694034	 0.326357	 -0.140211	 0.140104	 0.000568256
32.9	 0.0697231	 0.0697462	 0.329619	 -0.141383	 0.14128	 0.000542905
32.92	 0.0700411	 0.0700651	 0.332987	 -0.142518	 0.14242	 0.000516815
32.94	 0.0703351	 0.07036	 0.336458	 -0.143617	 0.143523	 0.000490055
32.96	 0.0706052	 0.070631	 0.340031	 -0.144679	 0.144589	 0.000462697
32.98	 0.0708514	 0.0708779	 0.343704	 -0.145702	 0.145617	 0.000434811
33	 0.0710736	 0.0711008	 0.347473	 -0.146687	 0.146607	 0.00040647
33.02	 0.0712717	 0.0712997	 0.351338	 -0.147632	 0.147557	 0.00037775
33.04	 0.0714459	 0.0714745	 0.355294	 -0.148538	 0.148467	 0.000348726
33.06	 0.0715961	 0.0716253	 0.35934	 -0.149403	 0.149336	 0.000319472
33.08	 0.0717222	 0.071752	 0.363472	 -0.150227	 0.150165	 0.000290064
33.1	 0.0718244	 0.0718547	 0.367686	 -0.151009	 0.150952	 0.000260575
33.12	 0.0719027	 0.0719334	 0.37198	 -0.15175	 0.151697	 0.000231082
33.14	 0.071957	 0.0719881	 0.376349	 -0.152447	 0.152399	 0.000201656
33.16	 0.0719875	 0.072019	 0.38079	 -0.153101	 0.153057	 0.000172372
33.18	 0.0719942	 0.072026	 0.385299	 -0.153711	 0.153672	 0.000143301
33.2	 0.0719771	 0.0720092	 0.389871	 -0.154277	 0.154241	 0.000114514
33.22	 0.0719364	 0.0719686	 0.394502	 -0.154797	 0.154766	 8.60822e-05
33.24	 0.071872	 0.0719044	 0.399189	 -0.155271	 0.155244	 5.80741e-05
33.26	 0.0717842	 0.0718167	 0.403925	 -0.155699	 0.155677	 3.05572e-05
33.28	 0.0716729	 0.0717054	 0.408708	 -0.156081	 0.156062	 3.5969e-06
33.3	 0.0715382	 0.0715708	 0.413531	 -0.156415	 0.1564	 -2.27437e-05
33.32	 0.0713803	 0.0714129	 0.41839	 -0.156701	 0.15669	 -4.84041e-05
33.34	 0.0711994	 0.0712318	 0.42328	 -0.156939	 0.156932	 -7.33255e-05
33.36	 0.0709953	 0.0710277	 0.428196	 -0.157128	 0.157124	 -9.74505e-05
33.38	 0.0707685	 0.0708007	 0.433133	 -0.157268	 0.157268	 -0.000120723
33.4	 0.0705188	 0.0705509	 0.438086	 -0.157358	 0.157361	 -0.000143087
33.42	 0.0702466	 0.0702784	 0.443049	 -0.157398	 0.157404	 -0.000164491
33.44	 0.0699519	 0.0699834	 0.448017	 -0.157387	 0.157397	 -0.000184885
33.46	 0.0696349	 0.0696661	 0.452986	 -0.157326	 0.157338	 -0.000204223
33.48	 0.0692958	 0.0693267	 0.457949	 -0.157213	 0.157228	 -0.000222463
33.5	 0.0689347	 0.0689652	 0.462901	 -0.157048	 0.157065	 -0.000239566
33.52	 0.0685517	 0.0685818	 0.467838	 -0.156831	 0.15685	 -0.000255496
33.54	 0.0681471	 0.0681768	 0.472754	 -0.156561	 0.156582	 -0.000270219
33.56	 0.0677211	 0.0677503	 0.477643	 -0.156238	 0.156261	 -0.000283701
33.58	 0.0672738	 0.0673025	 0.4825	 -0.155862	 0.155887	 -0.000295915
33.6	 0.0668054	 0.0668335	 0.487321	 -0.155432	 0.155458	 -0.000306834
33.62	 0.0663161	 0.0663437	 0.492099	 -0.154947	 0.154974	 -0.000316437
33.64	 0.0658062	 0.0658333	 0.496831	 -0.154409	 0.154436	 -0.000324704
33.66	 0.0652758	 0.0653023	 0.501511	 -0.153815	 0.153843	 -0.000331624
33.68	 0.0647253	 0.0647512	 0.506134	 -0.153167	 0.153195	 -0.000337183
33.7	 0.0641547	 0.06418	 0.510696	 -0.152463	 0.152491	 -0.000341378
33.72	 0.0635645	 0.0635891	 0.515191	 -0.151704	 0.151732	 -0.000344205
33.74	 0.0629547	 0.0629787	 0.519616	 -0.15089	 0.150917	 -0.000345667
33.76	 0.0623257	 0.062349	 0.523966	 -0.15002	 0.150046	 -0.000345771
33.78	 0.0616776	 0.0617003	 0.528237	 -0.149094	 0.149119	 -0.000344526
33.8	 0.0610108	 0.0610328	 0.532424	 -0.148113	 0.148136	 -0.000341943
33.82	 0.0603256	 0.0603469	 0.536523	 -0.147077	 0.147098	 -0.000338036
33.84	 0.0596221	 0.0596427	 0.540531	 -0.145985	 0.146004	 -0.000332821
33.86	 0.0589007	 0.0589206	 0.544445	 -0.144838	 0.144854	 -0.000326319
33.88	 0.0581616	 0.0581808	 0.54826	 -0.143636	 0.143649	 -0.000318554
33.9	 0.0574052	 0.0574237	 0.551973	 -0.142378	 0.142388	 -0.000309555
33.92	 0.0566317	 0.0566494	 0.555582	 -0.141065	 0.141072	 -0.000299353
33.94	 0.0558413	 0.0558584	 0.559083	 -0.139698	 0.1397	 -0.000287986
33.96	 0.0550345	 0.0550508	 0.562473	 -0.138276	 0.138274	 -0.000275491
33.98	 0.0542114	 0.054227	 0.565751	 -0.136799	 0.136792	 -0.000261911
34	 0.0533725	 0.0533873	 0.568913	 -0.135268	 0.135256	 -0.000247287
34.02	 0.0525179	 0.052532	 0.571959	 -0.133683	 0.133666	 -0.000231666
34.04	 0.051648	 0.0516614	 0.574884	 -0.132045	 0.132023	 -0.000215095
34.06	 0.0507632	 0.0507759	 0.577689	 -0.130353	 0.130325	 -0.000197622
34.08	 0.0498637	 0.0498757	 0.580372	 -0.128609	 0.128575	 -0.0001793
34.1	 0.0489499	 0.0489611	 0.582931	 -0.126813	 0.126773	 -0.000160184
34.12	 0.0480221	 0.0480326	 0.585365	 -0.124965	 0.124918	 -0.000140332
34.14	 0.0470806	 0.0470904	 0.587674	 -0.123066	 0.123013	 -0.000119802
34.16	 0.0461258	 0.0461348	 0.589857	 -0.121117	 0.121057	 -9.86583e-05
34.18	 0.0451579	 0.0451663	 0.591913	 -0.119118	 0.11905	 -7.69634e-05
34.2	 0.0441774	 0.044185	 0.593843	 -0.11707	 0.116995	 -5.47828e-05
34.22	 0.0431846	 0.0431915	 0.595646	 -0.114974	 0.11489	 -3.21822e-05
34.24	 0.0421798	 0.042186	 0.597323	 -0.112829	 0.112738	 -9.22765e-06
34.26	 0.0411634	 0.0411688	 0.598873	 -0.110637	 0.110538	 1.40144e-05
34.28	 0.0401356	 0.0401404	 0.600299	 -0.108399	 0.108291	 3.74766e-05
34.3	 0.039097	 0.039101	 0.601601	 -0.106116	 0.105999	 6.10904e-05
34.32	 0.0380477	 0.0380511	 0.602779	 -0.103787	 0.103662	 8.47858e-05
34.34	 0.0369883	 0.0369909	 0.603835	 -0.101415	 0.10128	 0.000108492
34.36	 0.035919	 0.0359209	 0.604771	 -0.0989988	 0.0988558	 0.00013214
34.38	 0.0348402	 0.0348414	 0.605587	 -0.0965407	 0.0963887	 0.000155658
34.4	 0.0337522	 0.0337527	 0.606287	 -0.0940412	 0.0938801	 0.000178979
34.42	 0.0326555	 0.0326552	 0.606872	 -0.0915012	 0.091331	 0.000202035
34.44	 0.0315503	 0.0315493	 0.607344	 -0.0889216	 0.0887423	 0.000224759
34.46	 0.0304371	 0.0304353	 0.607705	 -0.0863036	 0.0861151	 0.000247085
34.48	 0.0293161	 0.0293136	 0.607959	 -0.083648	 0.0834503	 0.000268947
34.5	 0.0281878	 0.0281845	 0.608107	 -0.0809559	 0.0807491	 0.000290282
34.52	 0.0270525	 0.0270485	 0.608153	 -0.0782284	 0.0780124	 0.000311026
34.54	 0.0259106	 0.0259058	 0.608098	 -0.0754664	 0.0752413	 0.000331117
34.56	 0.0247625	 0.0247568	 0.607948	 -0.0726708	 0.0724368	 0.000350499
34.58	 0.0236084	 0.0236019	 0.607703	 -0.0698429	 0.0695999	 0.000369113
34.6	 0.0224487	 0.0224414	 0.607368	 -0.0669835	 0.0667318	 0.000386908
34.62	 0.0212839	 0.0212757	 0.606946	 -0.0640939	 0.0638334	 0.000403832
34.64	 0.0201142	 0.0201052	 0.60644	 -0.0611751	 0.0609061	 0.000419837
34.66	 0.01894	 0.0189301	 0.605855	 -0.0582284	 0.0579509	 0.000434877
34.68	 0.0177616	 0.0177509	 0.605192	 -0.0552549	 0.054969	 0.000448909
34.7	 0.0165795	 0.016568	 0.604456	 -0.0522557	 0.0519618	 0.000461889
34.72	 0.015394	 0.0153815	 0.603651	 -0.0492322	 0.0489303	 0.00047378
34.74	 0.0142054	 0.014192	 0.60278	 -0.0461855	 0.0458759	 0.000484548
34.76	 0.0130141	 0.0129998	 0.601847	 -0.0431169	 0.0427998	 0.000494161
34.78	 0.0118204	 0.0118052	 0.600856	 -0.0400278	 0.0397034	 0.000502592
34.8	 0.0106247	 0.0106085	 0.59981	 -0.0369195	 0.036588	 0.000509815
34.82	 0.00942731	 0.00941014	 0.598714	 -0.0337933	 0.033455	 0.000515807
34.84	 0.0082286	 0.00821045	 0.59757	 -0.0306505	 0.0303057	 0.000520546
34.86	 0.0070289	 0.00700976	 0.596382	 -0.0274925	 0.0271414	 0.000524014
34.88	 0.00582856	 0.00580842	 0.595155	 -0.0243205	 0.0239634	 0.000526198
34.9	 0.00462792	 0.00460676	 0.593892	 -0.0211357	 0.0207729	 0.000527086
34.92	 0.0034273	 0.00340511	 0.592596	 -0.0179395	 0.0175712	 0.000526674
34.94	 0.00222705	 0.00220382	 0.591271	 -0.014733	 0.0143596	 0.000524956
34.96	 0.00102749	 0.00100321	 0.589921	 -0.0115176	 0.0111395	 0.000521934
34.98	 -0.000171046	 -0.000196395	 0.588548	 -0.00829458	 0.0079119	 0.00051761
35	 -0.00136824	 -0.00139466	 0.587157	 -0.00506504	 0.00467818	 0.00051199
35.02	 -0.00256376	 -0.00259126	 0.58575	 -0.00183018	 0.00143945	 0.000505086
35.04	 -0.0037573	 -0.0037859	 0.58433	 0.00140885	 -0.00180312	 0.000496914
35.06	 -0.00494855	 -0.00497824	 0.582901	 0.00465089	 -0.00504838	 0.000487495
35.08	 -0.00613718	 -0.00616798	 0.581465	 0.00789478	 -0.00829518	 0.000476852
35.1	 -0.0073229	 -0.00735481	 0.580025	 0.0111394	 -0.0115424	 0.000465014
35.12	 -0.0085054	 -0.00853842	 0.578584	 0.0143835	 -0.0147888	 0.000452009
35.14	 -0.00968436	 -0.00971849	 0.577144	 0.0176261	 -0.0180333	 0.00043787
35.16	 -0.0108595	 -0.0108947	 0.575707	 0.020866	 -0.0212749	 0.000422631
35.18	 -0.0120305	 -0.0120668	 0.574277	 0.0241022	 -0.0245124	 0.000406331
35.2	 -0.013197	 -0.0132345	 0.572854	 0.0273334	 -0.0277446	 0.000389014
35.22	 -0.0143589	 -0.0143974	 0.571442	 0.0305586	 -0.0309706	 0.000370723
35.24	 -0.0155157	 -0.0155553	 0.570041	 0.0337766	 -0.0341889	 0.000351508
35.26	 -0.0166672	 -0.0167079	 0.568653	 0.036986	 -0.0373986	 0.000331418
35.28	 -0.017813	 -0.0178549	 0.567279	 0.0401858	 -0.0405982	 0.000310505
35.3	 -0.018953	 -0.0189959	 0.565922	 0.0433745	 -0.0437866	 0.000288822
35.32	 -0.0200868	 -0.0201308	 0.564582	 0.0465511	 -0.0469625	 0.000266424
35.34	 -0.0212142	 -0.0212592	 0.56326	 0.0497142	 -0.0501248	 0.00024337
35.36	 -0.0223348	 -0.0223808	 0.561957	 0.0528625	 -0.0532721	 0.00021972
35.38	 -0.0234483	 -0.0234953	 0.560673	 0.0559949	 -0.0564032	 0.000195536
35.4	 -0.0245545	 -0.0246025	 0.559409	 0.05911	 -0.0595168	 0.000170881
35.42	 -0.0256531	 -0.0257021	 0.558166	 0.0622065	 -0.0626117	 0.000145821
35.44	 -0.0267439	 -0.0267937	 0.556943	 0.0652831	 -0.0656865	 0.000120424
35.46	 -0.0278265	 -0.0278771	 0.55574	 0.0683388	 -0.0687402	 9.47565e-05
35.48	 -0.0289006	 -0.0289521	 0.554557	 0.0713722	 -0.0717715	 6.88907e-05
35.5	 -0.029966	 -0.0300184	 0.553394	 0.0743822	 -0.0747793	 4.28985e-05
35.52	 -0.0310225	 -0.0310756	 0.55225	 0.0773678	 -0.0777625	 1.68533e-05
35.54	 -0.0320697	 -0.0321235	 0.551124	 0.0803277	 -0.08072	 -9.17134e-06
35.56	 -0.0331073	 -0.0331619	 0.550015	 0.0832609	 -0.0836506	 -3.51022e-05
35.58	 -0.0341352	 -0.0341904	 0.548923	 0.0861662	 -0.0865534	 -6.08666e-05
35.6	 -0.0351531	 -0.0352089	 0.547846	 0.0890427	 -0.0894272	 -8.63926e-05
35.62	 -0.0361607	 -0.036217	 0.546783	 0.0918892	 -0.092271	 -0.000111609
35.64	 -0.0371577	 -0.0372145	 0.545732	 0.0947046	 -0.0950836	 -0.000136444
35.66	 -0.0381439	 -0.0382011	 0.544693	 0.0974879	 -0.0978641	 -0.000160827
35.68	 -0.039119	 -0.0391766	 0.543663	 0.100238	 -0.100611	 -0.00018469
35.7	 -0.0400827	 -0.0401407	 0.54264	 0.102953	 -0.103324	 -0.000207965
35.72	 -0.0410349	 -0.0410931	 0.541622	 0.105633	 -0.106001	 -0.000230586
35.74	 -0.0419752	 -0.0420336	 0.540609	 0.108276	 -0.108641	 -0.000252488
35.76	 -0.0429034	 -0.042962	 0.539597	 0.110881	 -0.111243	 -0.000273609
35.78	 -0.0438192	 -0.0438779	 0.538583	 0.113447	 -0.113807	 -0.000293884
35.8	 -0.0447225	 -0.0447812	 0.537567	 0.115973	 -0.116331	 -0.00031325
35.82	 -0.0456128	 -0.0456715	 0.536546	 0.118458	 -0.118813	 -0.000331644
35.84	 -0.0464901	 -0.0465487	 0.535516	 0.120902	 -0.121255	 -0.000349008
35.86	 -0.047354	 -0.0474124	 0.534475	 0.123302	 -0.123653	 -0.000365281
35.88	 -0.0482043	 -0.0482625	 0.533421	 0.125659	 -0.126007	 -0.000380409
35.9	 -0.0490407	 -0.0490987	 0.532351	 0.12797	 -0.128317	 -0.000394339
35.92	 -0.0498631	 -0.0499207	 0.531262	 0.130236	 -0.13058	 -0.000407023
35.94	 -0.0506711	 -0.0507283	 0.530152	 0.132454	 -0.132797	 -0.000418415
35.96	 -0.0514646	 -0.0515213	 0.529017	 0.134623	 -0.134965	 -0.000428472
35.98	 -0.0522433	 -0.0522995	 0.527856	 0.136743	 -0.137083	 -0.000437157
36	 -0.053007	 -0.0530626	 0.526665	 0.138813	 -0.139151	 -0.000444437
36.02	 -0.0537554	 -0.0538104	 0.525442	 0.140831	 -0.141169	 -0.000450281
36.04	 -0.0544884	 -0.0545426	 0.524184	 0.142797	 -0.143134	 -0.000454663
36.06	 -0.0552057	 -0.0552591	 0.522888	 0.14471	 -0.145046	 -0.000457557
36.08	 -0.0559071	 -0.0559596	 0.521552	 0.146569	 -0.146905	 -0.000458939
36.1	 -0.0565923	 -0.0566439	 0.520173	 0.148374	 -0.14871	 -0.000458791
36.12	 -0.0572612	 -0.0573118	 0.518748	 0.150125	 -0.15046	 -0.000457096
36.14	 -0.0579136	 -0.0579631	 0.517274	 0.151819	 -0.152155	 -0.000453844
36.16	 -0.0585491	 -0.0585975	 0.51575	 0.153457	 -0.153793	 -0.000449029
36.18	 -0.0591676	 -0.0592148	 0.514172	 0.155038	 -0.155374	 -0.000442648
36.2	 -0.0597689	 -0.0598149	 0.512539	 0.156561	 -0.156897	 -0.000434704
36.22	 -0.0603528	 -0.0603976	 0.510849	 0.158024	 -0.158362	 -0.000425199
36.24	 -0.0609191	 -0.0609626	 0.509098	 0.159428	 -0.159767	 -0.000414143
36.26	 -0.0614676	 -0.0615097	 0.507286	 0.160772	 -0.161112	 -0.000401546
36.28	 -0.0619981	 -0.0620388	 0.50541	 0.162055	 -0.162396	 -0.000387425
36.3	 -0.0625104	 -0.0625497	 0.503468	 0.163276	 -0.163618	 -0.000371797
36.32	 -0.0630045	 -0.0630422	 0.501459	 0.164435	 -0.164779	 -0.000354687
36.34	 -0.06348	 -0.0635162	 0.499381	 0.165532	 -0.165878	 -0.000336119
36.36	 -0.0639368	 -0.0639715	 0.497233	 0.166566	 -0.166913	 -0.000316125
36.38	 -0.0643748	 -0.0644079	 0.495013	 0.167536	 -0.167886	 -0.000294737
36.4	 -0.0647937	 -0.0648252	 0.49272	 0.168443	 -0.168794	 -0.000271994
36.42	 -0.0651935	 -0.0652234	 0.490353	 0.169285	 -0.169639	 -0.000247939
36.44	 -0.0655739	 -0.0656021	 0.487911	 0.170063	 -0.170419	 -0.000222619
36.46	 -0.0659347	 -0.0659613	 0.485394	 0.170775	 -0.171134	 -0.000196083
36.48	 -0.066276	 -0.0663009	 0.4828	 0.171422	 -0.171783	 -0.000168386
36.5	 -0.0665974	 -0.0666206	 0.480131	 0.172004	 -0.172368	 -0.000139582
36.52	 -0.066899	 -0.0669205	 0.477384	 0.172521	 -0.172887	 -0.000109731
36.54	 -0.0671805	 -0.0672003	 0.474561	 0.172972	 -0.17334	 -7.88946e-05
36.56	 -0.0674419	 -0.06746	 0.471662	 0.173357	 -0.173728	 -4.71384e-05
36.58	 -0.067683	 -0.0676994	 0.468687	 0.173676	 -0.17405	 -1.45301e-05
36.6	 -0.0679037	 -0.0679184	 0.465635	 0.173929	 -0.174305	 1.88608e-05
36.62	 -0.0681039	 -0.068117	 0.462509	 0.174117	 -0.174495	 5.29629e-05
36.64	 -0.0682836	 -0.068295	 0.459308	 0.174238	 -0.174619	 8.77032e-05
36.66	 -0.0684425	 -0.0684523	 0.456034	 0.174293	 -0.174677	 0.000123006
36.68	 -0.0685807	 -0.0685889	 0.452688	 0.174283	 -0.174669	 0.000158794
36.7	 -0.068698	 -0.0687046	 0.449271	 0.174207	 -0.174595	 0.000194985
36.72	 -0.0687944	 -0.0687995	 0.445784	 0.174065	 -0.174455	 0.000231495
36.74	 -0.0688699	 -0.0688734	 0.442229	 0.173858	 -0.174251	 0.000268239
36.76	 -0.0689242	 -0.0689263	 0.438609	 0.173586	 -0.17398	 0.000305131
36.78	 -0.0689575	 -0.0689581	 0.434925	 0.173248	 -0.173644	 0.000342084
36.8	 -0.0689696	 -0.0689688	 0.431179	 0.172846	 -0.173244	 0.000379011
36.82	 -0.0689605	 -0.0689584	 0.427373	 0.172379	 -0.172779	 0.000415828
36.84	 -0.0689301	 -0.0689267	 0.42351	 0.171848	 -0.172249	 0.000452449
36.86	 -0.0688785	 -0.0688738	 0.419593	 0.171254	 -0.171656	 0.000488787
36.88	 -0.0688055	 -0.0687996	 0.415624	 0.170596	 -0.171	 0.000524754
36.9	 -0.0687112	 -0.0687041	 0.411606	 0.169876	 -0.170281	 0.000560262
36.92	 -0.0685956	 -0.0685874	 0.407542	 0.169094	 -0.169499	 0.000595225
36.94	 -0.0684586	 -0.0684494	 0.403435	 0.168251	 -0.168656	 0.000629554
36.96	 -0.0683003	 -0.0682902	 0.399288	 0.167346	 -0.167752	 0.000663166
36.98	 -0.0681207	 -0.0681097	 0.395106	 0.166381	 -0.166787	 0.000695978
37	 -0.0679198	 -0.0679079	 0.390891	 0.165356	 -0.165762	 0.000727907
37.02	 -0.0676976	 -0.067685	 0.386646	 0.164272	 -0.164678	 0.000758872
37.04	 -0.0674541	 -0.0674408	 0.382376	 0.16313	 -0.163535	 0.000788791
37.06	 -0.0671894	 -0.0671755	 0.378084	 0.16193	 -0.162334	 0.000817585
37.08	 -0.0669035	 -0.066889	 0.373775	 0.160673	 -0.161076	 0.000845177
37.1	 -0.0665965	 -0.0665815	 0.369451	 0.15936	 -0.159762	 0.000871496
37.12	 -0.0662685	 -0.0662531	 0.365117	 0.157991	 -0.158392	 0.000896473
37.14	 -0.0659194	 -0.0659036	 0.360778	 0.156568	 -0.156967	 0.000920043
37.16	 -0.0655494	 -0.0655333	 0.356436	 0.155091	 -0.155488	 0.000942145
37.18	 -0.0651585	 -0.0651423	 0.352096	 0.153561	 -0.153956	 0.000962716
37.2	 -0.0647468	 -0.0647305	 0.347763	 0.15198	 -0.152372	 0.000981696
37.22	 -0.0643145	 -0.0642981	 0.34344	 0.150346	 -0.150736	 0.000999028
37.24	 -0.0638615	 -0.0638452	 0.339132	 0.148663	 -0.149049	 0.00101466
37.26	 -0.0633881	 -0.0633718	 0.334843	 0.14693	 -0.147313	 0.00102853
37.28	 -0.0628943	 -0.0628782	 0.330577	 0.145148	 -0.145528	 0.00104062
37.3	 -0.0623802	 -0.0623643	 0.326337	 0.143319	 -0.143696	 0.00105086
37.32	 -0.0618459	 -0.0618304	 0.32213	 0.141443	 -0.141816	 0.00105923
37.34	 -0.0612916	 -0.0612764	 0.317957	 0.139521	 -0.13989	 0.00106568
37.36	 -0.0607174	 -0.0607027	 0.313825	 0.137554	 -0.13792	 0.0010702
37.38	 -0.0601234	 -0.0601092	 0.309736	 0.135543	 -0.135905	 0.00107274
37.4	 -0.0595098	 -0.0594962	 0.305694	 0.133489	 -0.133846	 0.0010733
37.42	 -0.0588767	 -0.0588637	 0.301705	 0.131393	 -0.131746	 0.00107187
37.44	 -0.0582244	 -0.0582121	 0.29777	 0.129255	 -0.129604	 0.00106842
37.46	 -0.0575529	 -0.0575413	 0.293895	 0.127077	 -0.127421	 0.00106295
37.48	 -0.0568624	 -0.0568516	 0.290084	 0.12486	 -0.125199	 0.00105546
37.5	 -0.0561531	 -0.0561432	 0.286339	 0.122604	 -0.122938	 0.00104595
37.52	 -0.0554252	 -0.0554162	 0.282664	 0.12031	 -0.12064	 0.00103444
37.54	 -0.054679	 -0.0546709	 0.279064	 0.11798	 -0.118305	 0.00102092
37.56	 -0.0539145	 -0.0539074	 0.27554	 0.115615	 -0.115935	 0.00100542
37.58	 -0.0531319	 -0.0531259	 0.272097	 0.113215	 -0.11353	 0.000987955
37.6	 -0.0523316	 -0.0523266	 0.268738	 0.110781	 -0.111091	 0.000968548
37.62	 -0.0515137	 -0.0515098	 0.265466	 0.108315	 -0.10862	 0.000947226
37.64	 -0.0506783	 -0.0506756	 0.262283	 0.105816	 -0.106116	 0.000924021
37.66	 -0.0498258	 -0.0498243	 0.259192	 0.103287	 -0.103582	 0.000898971
37.68	 -0.0489564	 -0.0489561	 0.256196	 0.100728	 -0.101019	 0.000872118
37.7	 -0.0480704	 -0.0480712	 0.253298	 0.0981399	 -0.0984261	 0.000843508
37.72	 -0.0471678	 -0.0471699	 0.250499	 0.095524	 -0.0958057	 0.000813191
37.74	 -0.0462492	 -0.0462525	 0.247802	 0.0928812	 -0.0931585	 0.00078122
37.76	 -0.0453146	 -0.0453191	 0.245209	 0.0902126	 -0.0904856	 0.000747651
37.78	 -0.0443643	 -0.0443702	 0.242722	 0.0875191	 -0.087788	 0.000712544
37.8	 -0.0433987	 -0.0434058	 0.240343	 0.0848018	 -0.0850667	 0.000675963
37.82	 -0.042418	 -0.0424264	 0.238072	 0.0820614	 -0.0823226	 0.000637975
37.84	 -0.0414225	 -0.0414322	 0.235912	 0.0792991	 -0.0795567	 0.000598649
37.86	 -0.0404125	 -0.0404234	 0.233864	 0.0765157	 -0.0767699	 0.00055806
37.88	 -0.0393882	 -0.0394004	 0.231929	 0.0737122	 -0.0739632	 0.000516283
37.9	 -0.03835	 -0.0383635	 0.230107	 0.0708896	 -0.0711378	 0.000473399
37.92	 -0.0372982	 -0.037313	 0.228399	 0.0680489	 -0.0682945	 0.000429489
37.94	 -0.0362331	 -0.0362491	 0.226807	 0.0651912	 -0.0654344	 0.000384639
37.96	 -0.0351551	 -0.0351722	 0.225329	 0.0623173	 -0.0625585	 0.000338936
37.98	 -0.0340643	 -0.0340827	 0.223967	 0.0594283	 -0.0596678	 0.00029247
38	 -0.0329613	 -0.0329808	 0.222721	 0.0565252	 -0.0567632	 0.00024533
38.02	 -0.0318462	 -0.0318668	 0.22159	 0.0536089	 -0.0538458	 0.000197611
38.04	 -0.0307195	 -0.0307412	 0.220574	 0.0506804	 -0.0509166	 0.000149407
38.06	 -0.0295814	 -0.0296042	 0.219672	 0.0477407	 -0.0479764	 0.000100815
38.08	 -0.0284324	 -0.0284563	 0.218885	 0.0447906	 -0.0450263	 5.19337e-05
38.1	 -0.0272729	 -0.0272976	 0.218212	 0.0418312	 -0.0420672	 2.86332e-06
38.12	 -0.026103	 -0.0261288	 0.21765	 0.0388636	 -0.0391002	 -4.62963e-05
38.14	 -0.0249233	 -0.02495	 0.217201	 0.0358887	 -0.0361264	 -9.54448e-05
38.16	 -0.0237342	 -0.0237617	 0.216861	 0.0329075	 -0.0331467	 -0.000144482
38.18	 -0.0225359	 -0.0225642	 0.21663	 0.0299211	 -0.0301621	 -0.000193306
38.2	 -0.0213288	 -0.0213579	 0.216507	 0.0269304	 -0.0271736	 -0.000241817
38.22	 -0.0201135	 -0.0201432	 0.21649	 0.0239364	 -0.0241822	 -0.000289912
38.24	 -0.0188901	 -0.0189206	 0.216576	 0.02094	 -0.0211888	 -0.000337491
38.26	 -0.0176592	 -0.0176903	 0.216765	 0.0179424	 -0.0181946	 -0.000384454
38.28	 -0.0164212	 -0.0164528	 0.217055	 0.0149445	 -0.0152005	 -0.000430703
38.3	 -0.0151764	 -0.0152085	 0.217442	 0.0119475	 -0.0122077	 -0.000476141
38.32	 -0.0139252	 -0.0139578	 0.217926	 0.00895225	 -0.00921705	 -0.000520673
38.34	 -0.0126682	 -0.0127012	 0.218503	 0.00595985	 -0.00622962	 -0.000564204
38.36	 -0.0114056	 -0.0114389	 0.219171	 0.00297132	 -0.00324643	 -0.000606639
38.38	 -0.0101379	 -0.0101715	 0.219929	 -1.22825e-05	 -0.000268526	 -0.000647885
38.4	 -0.00886557	 -0.00889942	 0.220773	 -0.0029899	 0.00270303	 -0.00068785
38.42	 -0.007589	 -0.00762302	 0.2217	 -0.00596048	 0.00566721	 -0.000726448
38.44	 -0.00630863	 -0.00634277	 0.222708	 -0.00892301	 0.008623	 -0.000763595
38.46	 -0.0050249	 -0.00505911	 0.223795	 -0.0118765	 0.0115694	 -0.000799211
38.48	 -0.00373824	 -0.00377247	 0.224956	 -0.0148201	 0.0145056	 -0.000833218
38.5	 -0.0024491	 -0.0024833	 0.226191	 -0.0177526	 0.0174305	 -0.000865542
38.52	 -0.00115792	 -0.00119204	 0.227495	 -0.0206733	 0.0203432	 -0.000896111
38.54	 0.000134861	 0.000100879	 0.228865	 -0.023581	 0.0232427	 -0.000924853
38.56	 0.0014288	 0.00139499	 0.230299	 -0.0264748	 0.0261281	 -0.000951704
38.58	 0.00272344	 0.00268986	 0.231794	 -0.0293537	 0.0289982	 -0.0009766
38.6	 0.00401833	 0.00398502	 0.233347	 -0.0322165	 0.0318522	 -0.000999485
38.62	 0.00531302	 0.00528003	 0.234954	 -0.0350625	 0.034689	 -0.0010203
38.64	 0.00660706	 0.00657442	 0.236613	 -0.0378906	 0.0375078	 -0.00103901
38.66	 0.00790001	 0.00786776	 0.23832	 -0.0406998	 0.0403077	 -0.00105555
38.68	 0.0091914	 0.00915958	 0.240073	 -0.0434892	 0.0430875	 -0.00106989
38.7	 0.0104808	 0.0104494	 0.241869	 -0.0462579	 0.0458465	 -0.00108199
38.72	 0.0117677	 0.0117368	 0.243705	 -0.0490047	 0.0485836	 -0.00109181
38.74	 0.0130517	 0.0130214	 0.245578	 -0.0517289	 0.0512979	 -0.00109934
38.76	 0.0143324	 0.0143026	 0.247485	 -0.0544294	 0.0539886	 -0.00110454
38.78	 0.0156092	 0.01558	 0.249423	 -0.0571053	 0.0566547	 -0.00110739
38.8	 0.0168818	 0.0168531	 0.25139	 -0.0597559	 0.0592954	 -0.00110789
38.82	 0.0181496	 0.0181216	 0.253383	 -0.0623801	 0.0619098	 -0.00110602
38.84	 0.0194123	 0.0193849	 0.255399	 -0.0649772	 0.0644971	 -0.00110178
38.86	 0.0206693	 0.0206426	 0.257436	 -0.0675462	 0.0670564	 -0.00109516
38.88	 0.0219203	 0.0218943	 0.259491	 -0.0700864	 0.069587	 -0.00108617
38.9	 0.0231647	 0.0231394	 0.261562	 -0.072597	 0.0720881	 -0.00107482
38.92	 0.0244022	 0.0243776	 0.263647	 -0.0750773	 0.0745592	 -0.00106114
38.94	 0.0256323	 0.0256084	 0.265743	 -0.0775267	 0.0769995	 -0.00104513
38.96	 0.0268546	 0.0268313	 0.267848	 -0.0799446	 0.0794084	 -0.00102682
38.98	 0.0280686	 0.028046	 0.26996	 -0.0823301	 0.0817853	 -0.00100625
39	 0.0292738	 0.0292519	 0.272077	 -0.0846827	 0.0841294	 -0.000983451
39.02	 0.03047	 0.0304487	 0.274198	 -0.0870018	 0.0864403	 -0.000958462
39.04	 0.0316565	 0.0316359	 0.276321	 -0.0892866	 0.0887172	 -0.000931331
39.06	 0.0328331	 0.0328132	 0.278443	 -0.0915366	 0.0909597	 -0.000902108
39.08	 0.0339993	 0.03398	 0.280564	 -0.0937512	 0.0931671	 -0.000870848
39.1	 0.0351546	 0.0351359	 0.282683	 -0.0959298	 0.0953389	 -0.000837609
39.12	 0.0362987	 0.0362806	 0.284796	 -0.0980719	 0.0974745	 -0.000802453
39.14	 0.0374312	 0.0374137	 0.286905	 -0.100177	 0.0995734	 -0.000765446
39.16	 0.0385517	 0.0385347	 0.289007	 -0.102244	 0.101635	 -0.000726658
39.18	 0.0396597	 0.0396433	 0.291102	 -0.104274	 0.103659	 -0.000686164
39.2	 0.040755	 0.040739	 0.293189	 -0.106265	 0.105645	 -0.000644043
39.22	 0.041837	 0.0418215	 0.295267	 -0.108216	 0.107593	 -0.000600376
39.24	 0.0429055	 0.0428904	 0.297337	 -0.110129	 0.109502	 -0.000555248
39.26	 0.04396	 0.0439453	 0.299396	 -0.112001	 0.111371	 -0.000508746
39.28	 0.0450003	 0.0449858	 0.301446	 -0.113833	 0.1132	 -0.000460963
39.3	 0.0460258	 0.0460117	 0.303485	 -0.115625	 0.11499	 -0.000411992
39.32	 0.0470362	 0.0470224	 0.305515	 -0.117376	 0.116739	 -0.000361932
39.34	 0.0480313	 0.0480177	 0.307534	 -0.119085	 0.118447	 -0.000310881
39.36	 0.0490106	 0.0489971	 0.309544	 -0.120753	 0.120114	 -0.00025894
39.38	 0.0499738	 0.0499605	 0.311545	 -0.122379	 0.12174	 -0.00020621
39.4	 0.0509205	 0.0509073	 0.313536	 -0.123963	 0.123325	 -0.000152798
39.42	 0.0518505	 0.0518374	 0.315518	 -0.125504	 0.124867	 -9.88107e-05
39.44	 0.0527635	 0.0527504	 0.317493	 -0.127002	 0.126367	 -4.43585e-05
39.46	 0.053659	 0.0536459	 0.319461	 -0.128458	 0.127825	 1.0447e-05
39.48	 0.0545368	 0.0545236	 0.321422	 -0.12987	 0.12924	 6.5494e-05
39.5	 0.0553967	 0.0553833	 0.323377	 -0.131239	 0.130613	 0.000120671
39.52	 0.0562382	 0.0562247	 0.325328	 -0.132564	 0.131942	 0.000175865
39.54	 0.0570611	 0.0570475	 0.327276	 -0.133846	 0.133228	 0.000230966
39.56	 0.0578652	 0.0578513	 0.329221	 -0.135084	 0.134471	 0.000285862
39.58	 0.0586501	 0.0586359	 0.331165	 -0.136277	 0.135671	 0.000340442
39.6	 0.0594156	 0.0594011	 0.333109	 -0.137427	 0.136826	 0.000394597
39.62	 0.0601614	 0.0601465	 0.335055	 -0.138532	 0.137938	 0.000448217
39.64	 0.0608872	 0.060872	 0.337004	 -0.139592	 0.139006	 0.000501196
39.66	 0.0615929	 0.0615772	 0.338958	 -0.140608	 0.14003	 0.000553428
39.68	 0.0622781	 0.062262	 0.340918	 -0.141579	 0.141009	 0.000604807
39.7	 0.0629426	 0.0629261	 0.342885	 -0.142505	 0.141944	 0.000655228
39.72	 0.0635863	 0.0635693	 0.344862	 -0.143387	 0.142835	 0.000704588
39.74	 0.0642088	 0.0641913	 0.34685	 -0.144224	 0.143682	 0.000752788
39.76	 0.0648101	 0.0647921	 0.34885	 -0.145016	 0.144485	 0.00079973
39.78	 0.0653898	 0.0653712	 0.350864	 -0.145764	 0.145244	 0.000845319
39.8	 0.0659478	 0.0659287	 0.352894	 -0.146467	 0.145958	 0.000889466
39.82	 0.066484	 0.0664643	 0.354942	 -0.147126	 0.146629	 0.000932083
39.84	 0.0669981	 0.0669778	 0.357008	 -0.147741	 0.147255	 0.000973083
39.86	 0.0674899	 0.0674691	 0.359096	 -0.148311	 0.147838	 0.00101238
39.88	 0.0679593	 0.0679379	 0.361206	 -0.148837	 0.148377	 0.00104991
39.9	 0.0684062	 0.0683842	 0.36334	 -0.149319	 0.148872	 0.00108558
39.92	 0.0688304	 0.0688078	 0.365499	 -0.149757	 0.149323	 0.00111933
39.94	 0.0692318	 0.0692086	 0.367686	 -0.150151	 0.149731	 0.00115109
39.96	 0.0696101	 0.0695864	 0.369901	 -0.150502	 0.150095	 0.0011808
39.98	 0.0699654	 0.0699411	 0.372147	 -0.150809	 0.150417	 0.00120839
40	 0.0702976	 0.0702727	 0.374424	 -0.151073	 0.150694	 0.00123381
40.02	 0.0706064	 0.070581	 0.376734	 -0.151293	 0.150929	 0.00125701
40.04	 0.0708918	 0.0708659	 0.379077	 -0.151471	 0.151121	 0.00127795
40.06	 0.0711537	 0.0711273	 0.381457	 -0.151605	 0.15127	 0.00129659
40.08	 0.071392	 0.0713652	 0.383872	 -0.151697	 0.151376	 0.00131288
40.1	 0.0716067	 0.0715795	 0.386326	 -0.151746	 0.15144	 0.0013268
40.12	 0.0717977	 0.0717701	 0.388817	 -0.151753	 0.151462	 0.00133832
40.14	 0.0719649	 0.0719369	 0.391349	 -0.151718	 0.151442	 0.00134741
40.16	 0.0721082	 0.0720799	 0.39392	 -0.151641	 0.151379	 0.00135406
40.18	 0.0722277	 0.0721991	 0.396532	 -0.151522	 0.151275	 0.00135825
40.2	 0.0723233	 0.0722945	 0.399186	 -0.151362	 0.151129	 0.00135997
40.22	 0.0723949	 0.0723659	 0.401882	 -0.15116	 0.150942	 0.00135923
40.24	 0.0724426	 0.0724135	 0.40462	 -0.150918	 0.150713	 0.00135603
40.26	 0.0724663	 0.0724371	 0.407401	 -0.150634	 0.150444	 0.00135037
40.28	 0.072466	 0.0724367	 0.410225	 -0.15031	 0.150133	 0.00134227
40.3	 0.0724417	 0.0724124	 0.413091	 -0.149946	 0.149783	 0.00133174
40.32	 0.0723934	 0.0723642	 0.416001	 -0.149541	 0.149391	 0.00131882
40.34	 0.0723211	 0.0722921	 0.418953	 -0.149096	 0.148959	 0.00130352
40.36	 0.0722249	 0.0721961	 0.421947	 -0.148611	 0.148487	 0.00128588
40.38	 0.0721047	 0.0720762	 0.424984	 -0.148087	 0.147976	 0.00126594
40.4	 0.0719607	 0.0719325	 0.428062	 -0.147523	 0.147424	 0.00124374
40.42	 0.0717928	 0.071765	 0.43118	 -0.14692	 0.146832	 0.00121932
40.44	 0.0716011	 0.0715737	 0.434339	 -0.146278	 0.146202	 0.00119274
40.46	 0.0713857	 0.0713589	 0.437537	 -0.145597	 0.145532	 0.00116406
40.48	 0.0711466	 0.0711204	 0.440772	 -0.144877	 0.144822	 0.00113333
40.5	 0.0708839	 0.0708583	 0.444045	 -0.144118	 0.144074	 0.00110062
40.52	 0.0705978	 0.0705729	 0.447353	 -0.143321	 0.143287	 0.00106601
40.54	 0.0702882	 0.0702641	 0.450696	 -0.142486	 0.14246	 0.00102956
40.56	 0.0699553	 0.069932	 0.454071	 -0.141613	 0.141596	 0.000991358
40.58	 0.0695991	 0.0695768	 0.457477	 -0.140701	 0.140693	 0.000951476
40.6	 0.0692199	 0.0691986	 0.460913	 -0.139752	 0.139752	 0.000910002
40.62	 0.0688177	 0.0687974	 0.464376	 -0.138765	 0.138773	 0.000867023
40.64	 0.0683927	 0.0683735	 0.467865	 -0.137741	 0.137755	 0.000822629
40.66	 0.0679449	 0.0679269	 0.471377	 -0.13668	 0.1367	 0.000776914
40.68	 0.0674746	 0.0674578	 0.47491	 -0.135582	 0.135608	 0.000729972
40.7	 0.0669818	 0.0669663	 0.478462	 -0.134446	 0.134478	 0.000681901
40.72	 0.0664668	 0.0664526	 0.48203	 -0.133275	 0.133312	 0.000632801
40.74	 0.0659297	 0.0659169	 0.485613	 -0.132067	 0.132108	 0.000582776
40.76	 0.0653707	 0.0653593	 0.489207	 -0.130822	 0.130867	 0.00053193
40.78	 0.0647899	 0.06478	 0.49281	 -0.129542	 0.129591	 0.000480371
40.8	 0.0641876	 0.0641793	 0.49642	 -0.128226	 0.128278	 0.000428206
40.82	 0.063564	 0.0635572	 0.500032	 -0.126875	 0.126929	 0.000375543
40.84	 0.0629192	 0.062914	 0.503645	 -0.125488	 0.125544	 0.000322489
40.86	 0.0622535	 0.0622499	 0.507256	 -0.124066	 0.124124	 0.000269152
40.88	 0.061567	 0.0615652	 0.510862	 -0.12261	 0.122669	 0.000215643
40.9	 0.0608601	 0.06086	 0.514458	 -0.12112	 0.121179	 0.00016207
40.92	 0.0601329	 0.0601345	 0.518044	 -0.119595	 0.119655	 0.000108543
40.94	 0.0593857	 0.0593891	 0.521615	 -0.118036	 0.118096	 5.51723e-05
40.96	 0.0586188	 0.058624	 0.525168	 -0.116443	 0.116503	 2.06499e-06
40.98	 0.0578323	 0.0578393	 0.5287	 -0.114818	 0.114876	 -5.0671e-05
41	 0.0570266	 0.0570354	 0.532208	 -0.113159	 0.113216	 -0.000102928
41.02	 0.0562019	 0.0562125	 0.535688	 -0.111467	 0.111522	 -0.0001546
41.04	 0.0553585	 0.0553709	 0.539138	 -0.109743	 0.109796	 -0.00020558
41.06	 0.0544966	 0.0545109	 0.542554	 -0.107987	 0.108038	 -0.000255764
41.08	 0.0536167	 0.0536328	 0.545933	 -0.106199	 0.106247	 -0.000305049
41.1	 0.0527189	 0.0527368	 0.549272	 -0.10438	 0.104425	 -0.000353338
41.12	 0.0518035	 0.0518232	 0.552568	 -0.10253	 0.102571	 -0.000400534
41.14	 0.0508709	 0.0508924	 0.555817	 -0.100649	 0.100686	 -0.000446543
41.16	 0.0499214	 0.0499446	 0.559016	 -0.0987378	 0.0987714	 -0.000491273
41.18	 0.0489553	 0.0489802	 0.562162	 -0.0967969	 0.0968264	 -0.000534637
41.2	 0.0479728	 0.0479995	 0.565252	 -0.0948266	 0.0948519	 -0.00057655
41.22	 0.0469745	 0.0470028	 0.568284	 -0.0928274	 0.0928481	 -0.000616932
41.24	 0.0459605	 0.0459905	 0.571253	 -0.0907996	 0.0908157	 -0.000655708
41.26	 0.0449312	 0.0449628	 0.574158	 -0.0887439	 0.0887551	 -0.000692805
41.28	 0.043887	 0.0439201	 0.576995	 -0.0866605	 0.0866668	 -0.000728151
41.3	 0.0428282	 0.0428628	 0.579761	 -0.08455	 0.0845512	 -0.000761679
41.32	 0.0417552	 0.0417913	 0.582454	 -0.0824129	 0.082409	 -0.000793323
41.34	 0.0406684	 0.0407058	 0.585072	 -0.0802499	 0.0802408	 -0.000823025
41.36	 0.0395681	 0.0396069	 0.587611	 -0.0780615	 0.0780472	 -0.000850729
41.38	 0.0384547	 0.0384948	 0.59007	 -0.0758484	 0.0758287	 -0.000876386
41.4	 0.0373286	 0.0373699	 0.592445	 -0.073611	 0.073586	 -0.000899952
41.42	 0.0361903	 0.0362327	 0.594735	 -0.0713501	 0.0713198	 -0.000921387
41.44	 0.03504	 0.0350835	 0.596937	 -0.0690663	 0.0690307	 -0.000940655
41.46	 0.0338783	 0.0339227	 0.59905	 -0.0667601	 0.0667193	 -0.000957726
41.48	 0.0327054	 0.0327507	 0.601071	 -0.0644323	 0.0643863	 -0.000972575
41.5	 0.0315218	 0.031568	 0.602999	 -0.0620836	 0.0620325	 -0.000985183
41.52	 0.030328	 0.0303748	 0.604832	 -0.0597146	 0.0596585	 -0.000995533
41.54	 0.0291242	 0.0291717	 0.606568	 -0.0573261	 0.057265	 -0.00100361
41.56	 0.0279111	 0.0279591	 0.608206	 -0.0549187	 0.0548529	 -0.00100942
41.58	 0.0266889	 0.0267374	 0.609745	 -0.0524934	 0.0524229	 -0.00101295
41.6	 0.0254581	 0.0255069	 0.611184	 -0.0500507	 0.0499757	 -0.00101421
41.62	 0.0242191	 0.0242682	 0.61252	 -0.0475914	 0.047512	 -0.00101321
41.64	 0.0229723	 0.0230216	 0.613754	 -0.0451162	 0.0450327	 -0.00100995
41.66	 0.0217183	 0.0217676	 0.614885	 -0.042626	 0.0425384	 -0.00100447
41.68	 0.0204573	 0.0205067	 0.615912	 -0.0401213	 0.0400299	 -0.000996764
41.7	 0.01919	 0.0192391	 0.616834	 -0.0376031	 0.037508	 -0.00098687
41.72	 0.0179166	 0.0179655	 0.617651	 -0.0350722	 0.0349736	 -0.000974814
41.74	 0.0166376	 0.0166862	 0.618363	 -0.0325293	 0.0324274	 -0.000960629
41.76	 0.0153536	 0.0154017	 0.61897	 -0.0299752	 0.0298702	 -0.000944355
41.78	 0.0140648	 0.0141125	 0.619472	 -0.0274108	 0.0273028	 -0.000926034
41.8	 0.0127718	 0.0128189	 0.619868	 -0.0248368	 0.0247261	 -0.000905714
41.82	 0.011475	 0.0115214	 0.62016	 -0.0222539	 0.0221407	 -0.000883444
41.84	 0.0101749	 0.0102204	 0.620347	 -0.0196631	 0.0195476	 -0.00085928
41.86	 0.00887189	 0.00891649	 0.620431	 -0.0170653	 0.0169476	 -0.000833281
41.88	 0.00756641	 0.00761001	 0.620411	 -0.0144612	 0.0143416	 -0.000805511
41.9	 0.00625892	 0.00630143	 0.620289	 -0.0118517	 0.0117303	 -0.000776038
41.92	 0.00494987	 0.00499121	 0.620065	 -0.00923761	 0.00911464	 -0.000744936
41.94	 0.00363972	 0.00367979	 0.619741	 -0.00661986	 0.00649547	 -0.000712279
41.96	 0.00232891	 0.00236763	 0.619318	 -0.00399926	 0.00387361	 -0.000678144
41.98	 0.00101788	 0.00105517	 0.618797	 -0.00137668	 0.00124993	 -0.000642613
42	 -0.000292911	 -0.000257126	 0.618179	 0.00124703	 -0.00137474	 -0.000605768
42.02	 -0.00160301	 -0.00156881	 0.617466	 0.00387102	 -0.00399955	 -0.000567694
42.04	 -0.00291198	 -0.00287944	 0.61666	 0.00649449	 -0.00662371	 -0.00052848
42.06	 -0.00421936	 -0.00418856	 0.615762	 0.00911668	 -0.00924647	 -0.000488213
42.08	 -0.00552473	 -0.00549572	 0.614774	 0.0117368	 -0.0118671	 -0.000446985
42.1	 -0.00682764	 -0.0068005	 0.613699	 0.0143542	 -0.0144848	 -0.000404886
42.12	 -0.00812765	 -0.00810244	 0.612537	 0.0169681	 -0.017099	 -0.00036201
42.14	 -0.00942434	 -0.00940112	 0.611291	 0.0195777	 -0.0197089	 -0.000318451
42.16	 -0.0107173	 -0.0106961	 0.609963	 0.0221824	 -0.0223137	 -0.000274303
42.18	 -0.012006	 -0.0119869	 0.608556	 0.0247814	 -0.0249128	 -0.000229662
42.2	 -0.0132902	 -0.0132732	 0.607072	 0.0273739	 -0.0275055	 -0.000184625
42.22	 -0.0145693	 -0.0145545	 0.605513	 0.0299594	 -0.0300911	 -0.00013929
42.24	 -0.015843	 -0.0158304	 0.603881	 0.0325371	 -0.0326688	 -9.37527e-05
42.26	 -0.0171108	 -0.0171005	 0.602179	 0.0351062	 -0.0352381	 -4.81101e-05
42.28	 -0.0183723	 -0.0183643	 0.600409	 0.037666	 -0.037798	 -2.45909e-06
42.3	 -0.0196272	 -0.0196215	 0.598574	 0.0402157	 -0.040348	 4.31031e-05
42.32	 -0.020875	 -0.0208716	 0.596676	 0.0427545	 -0.0428871	 8.84788e-05
42.34	 -0.0221152	 -0.0221142	 0.594718	 0.0452817	 -0.0454147	 0.000133571
42.36	 -0.0233476	 -0.0233489	 0.592703	 0.0477966	 -0.0479301	 0.000178282
42.38	 -0.0245717	 -0.0245754	 0.590633	 0.0502983	 -0.0504325	 0.000222519
42.4	 -0.0257871	 -0.0257931	 0.58851	 0.0527861	 -0.0529212	 0.000266189
42.42	 -0.0269934	 -0.0270018	 0.586338	 0.0552592	 -0.0553953	 0.000309201
42.44	 -0.0281903	 -0.028201	 0.584118	 0.0577169	 -0.0578542	 0.000351465
42.46	 -0.0293773	 -0.0293904	 0.581855	 0.0601585	 -0.0602972	 0.000392896
42.48	 -0.0305541	 -0.0305695	 0.579549	 0.0625833	 -0.0627236	 0.000433407
42.5	 -0.0317203	 -0.031738	 0.577205	 0.0649907	 -0.0651329	 0.000472917
42.52	 -0.0328756	 -0.0328956	 0.574824	 0.0673801	 -0.0675243	 0.000511347
42.54	 -0.0340196	 -0.0340418	 0.572409	 0.0697508	 -0.0698974	 0.000548622
42.56	 -0.0351519	 -0.0351763	 0.569962	 0.0721022	 -0.0722515	 0.000584669
42.58	 -0.0362722	 -0.0362987	 0.567487	 0.0744338	 -0.0745861	 0.00061942
42.6	 -0.0373801	 -0.0374088	 0.564985	 0.0767451	 -0.0769005	 0.000652808
42.62	 -0.0384754	 -0.0385062	 0.562458	 0.0790355	 -0.0791944	 0.000684772
42.64	 -0.0395576	 -0.0395904	 0.55991	 0.0813044	 -0.0814672	 0.000715254
42.66	 -0.0406265	 -0.0406613	 0.557342	 0.0835514	 -0.0837183	 0.000744199
42.68	 -0.0416817	 -0.0417184	 0.554756	 0.0857759	 -0.0859472	 0.000771558
42.7	 -0.0427229	 -0.0427615	 0.552154	 0.0879772	 -0.0881533	 0.000797281
42.72	 -0.0437497	 -0.0437902	 0.549539	 0.0901548	 -0.090336	 0.000821325
42.74	 -0.0447619	 -0.0448042	 0.546913	 0.0923081	 -0.0924948	 0.000843645
42.76	 -0.0457592	 -0.0458031	 0.544277	 0.0944365	 -0.0946289	 0.000864206
42.78	 -0.0467412	 -0.0467868	 0.541632	 0.0965393	 -0.0967378	 0.000882972
42.8	 -0.0477076	 -0.0477548	 0.538982	 0.0986159	 -0.0988209	 0.000899916
42.82	 -0.0486582	 -0.0487069	 0.536327	 0.100666	 -0.100878	 0.000915014
42.84	 -0.0495927	 -0.0496427	 0.533669	 0.102688	 -0.102907	 0.000928246
42.86	 -0.0505107	 -0.0505622	 0.53101	 0.104683	 -0.104909	 0.000939595
42.88	 -0.0514121	 -0.0514648	 0.528351	 0.106649	 -0.106883	 0.000949051
42.9	 -0.0522965	 -0.0523504	 0.525694	 0.108586	 -0.108829	 0.000956607
42.92	 -0.0531637	 -0.0532188	 0.523038	 0.110494	 -0.110745	 0.000962262
42.94	 -0.0540135	 -0.0540696	 0.520387	 0.112373	 -0.112633	 0.000966019
42.96	 -0.0548456	 -0.0549026	 0.51774	 0.114222	 -0.114491	 0.000967882
42.98	 -0.0556596	 -0.0557176	 0.515098	 0.11604	 -0.116319	 0.000967862
43	 -0.0564555	 -0.0565143	 0.512463	 0.117828	 -0.118116	 0.00096597
43.02	 -0.0572329	 -0.0572925	 0.509835	 0.119583	 -0.119882	 0.000962223
43.04	 -0.0579917	 -0.0580519	 0.507214	 0.121307	 -0.121616	 0.000956642
43.06	 -0.0587314	 -0.0587923	 0.504601	 0.122998	 -0.123317	 0.000949252
43.08	 -0.0594521	 -0.0595134	 0.501997	 0.124656	 -0.124986	 0.000940083
43.1	 -0.0601533	 -0.0602152	 0.499402	 0.12628	 -0.126621	 0.000929169
43.12	 -0.060835	 -0.0608972	 0.496817	 0.12787	 -0.128222	 0.000916547
43.14	 -0.0614969	 -0.0615594	 0.49424	 0.129425	 -0.129788	 0.000902259
43.16	 -0.0621388	 -0.0622015	 0.491673	 0.130945	 -0.13132	 0.000886351
43.18	 -0.0627605	 -0.0628234	 0.489116	 0.132429	 -0.132816	 0.000868873
43.2	 -0.0633619	 -0.0634249	 0.486568	 0.133877	 -0.134276	 0.000849879
43.22	 -0.0639427	 -0.0640057	 0.484029	 0.135288	 -0.135699	 0.000829425
43.24	 -0.0645027	 -0.0645657	 0.481499	 0.136662	 -0.137085	 0.000807572
43.26	 -0.0650419	 -0.0651047	 0.478977	 0.137999	 -0.138434	 0.000784379
43.28	 -0.0655599	 -0.0656226	 0.476464	 0.139297	 -0.139744	 0.000759912
43.3	 -0.0660568	 -0.0661192	 0.473958	 0.140556	 -0.141016	 0.000734238
43.32	 -0.0665322	 -0.0665944	 0.47146	 0.141776	 -0.142248	 0.000707425
43.34	 -0.0669861	 -0.067048	 0.468968	 0.142957	 -0.143441	 0.000679548
43.36	 -0.0674183	 -0.0674798	 0.466482	 0.144097	 -0.144593	 0.000650679
43.38	 -0.0678287	 -0.0678898	 0.464001	 0.145197	 -0.145705	 0.000620894
43.4	 -0.0682172	 -0.0682779	 0.461525	 0.146256	 -0.146776	 0.000590269
43.42	 -0.0685837	 -0.0686439	 0.459053	 0.147273	 -0.147806	 0.000558882
43.44	 -0.068928	 -0.0689876	 0.456584	 0.148249	 -0.148793	 0.000526811
43.46	 -0.06925	 -0.069309	 0.454117	 0.149182	 -0.149738	 0.000494138
43.48	 -0.0695496	 -0.069608	 0.45165	 0.150072	 -0.150639	 0.000460945
43.5	 -0.0698267	 -0.0698845	 0.449184	 0.150918	 -0.151497	 0.000427315
43.52	 -0.0700812	 -0.0701383	 0.446717	 0.151721	 -0.152311	 0.000393333
43.54	 -0.070313	 -0.0703695	 0.444249	 0.15248	 -0.15308	 0.000359082
43.56	 -0.0705221	 -0.0705779	 0.441777	 0.153194	 -0.153804	 0.000324644
43.58	 -0.0707083	 -0.0707634	 0.439302	 0.153862	 -0.154483	 0.000290102
43.6	 -0.0708717	 -0.0709261	 0.436822	 0.154485	 -0.155116	 0.000255538
43.62	 -0.0710121	 -0.0710658	 0.434337	 0.155063	 -0.155703	 0.000221036
43.64	 -0.0711296	 -0.0711824	 0.431844	 0.155593	 -0.156243	 0.000186678
43.66	 -0.0712239	 -0.0712761	 0.429344	 0.156077	 -0.156735	 0.000152547
43.68	 -0.0712952	 -0.0713466	 0.426835	 0.156513	 -0.15718	 0.000118723
43.7	 -0.0713434	 -0.071394	 0.424317	 0.156902	 -0.157577	 8.5285e-05
43.72	 -0.0713685	 -0.0714183	 0.421788	 0.157243	 -0.157925	 5.23111e-05
43.74	 -0.0713704	 -0.0714195	 0.419248	 0.157536	 -0.158225	 1.98767e-05
43.76	 -0.0713492	 -0.0713975	 0.416695	 0.15778	 -0.158476	 -1.19437e-05
43.78	 -0.0713048	 -0.0713524	 0.414129	 0.157975	 -0.158678	 -4.30767e-05
43.8	 -0.0712373	 -0.0712842	 0.41155	 0.158121	 -0.158829	 -7.34503e-05
43.82	 -0.0711467	 -0.0711929	 0.408956	 0.158217	 -0.158931	 -0.000102995
43.84	 -0.071033	 -0.0710785	 0.406346	 0.158264	 -0.158982	 -0.000131644
43.86	 -0.0708963	 -0.070941	 0.403721	 0.15826	 -0.158982	 -0.000159336
43.88	 -0.0707365	 -0.0707806	 0.401079	 0.158206	 -0.158932	 -0.000186012
43.9	 -0.0705537	 -0.0705972	 0.39842	 0.158101	 -0.158831	 -0.000211616
43.92	 -0.070348	 -0.0703908	 0.395744	 0.157946	 -0.158678	 -0.000236096
43.94	 -0.0701195	 -0.0701617	 0.393049	 0.157739	 -0.158473	 -0.0002594
43.96	 -0.0698682	 -0.0699098	 0.390337	 0.157481	 -0.158216	 -0.000281477
43.98	 -0.0695941	 -0.0696351	 0.387606	 0.157172	 -0.157908	 -0.000302279
44	 -0.0692975	 -0.0693379	 0.384857	 0.156811	 -0.157548	 -0.000321764
44.02	 -0.0689783	 -0.0690182	 0.382089	 0.156399	 -0.157135	 -0.000339893
44.04	 -0.0686366	 -0.068676	 0.379303	 0.155934	 -0.15667	 -0.000356631
44.06	 -0.0682727	 -0.0683116	 0.376498	 0.155418	 -0.156153	 -0.000371948
44.08	 -0.0678865	 -0.067925	 0.373674	 0.15485	 -0.155583	 -0.000385817
44.1	 -0.0674783	 -0.0675163	 0.370833	 0.15423	 -0.15496	 -0.000398213
44.12	 -0.0670482	 -0.0670858	 0.367973	 0.153557	 -0.154285	 -0.000409117
44.14	 -0.0665962	 -0.0666334	 0.365096	 0.152833	 -0.153558	 -0.000418513
44.16	 -0.0661226	 -0.0661594	 0.362203	 0.152057	 -0.152778	 -0.000426391
44.18	 -0.0656275	 -0.065664	 0.359293	 0.151229	 -0.151945	 -0.000432748
44.2	 -0.065111	 -0.0651472	 0.356367	 0.150349	 -0.15106	 -0.000437581
44.22	 -0.0645734	 -0.0646093	 0.353427	 0.149418	 -0.150124	 -0.000440893
44.24	 -0.0640149	 -0.0640504	 0.350472	 0.148434	 -0.149135	 -0.000442687
44.26	 -0.0634355	 -0.0634708	 0.347505	 0.1474	 -0.148094	 -0.000442966
44.28	 -0.0628356	 -0.0628706	 0.344526	 0.146314	 -0.147001	 -0.000441741
44.3	 -0.0622152	 -0.06225	 0.341536	 0.145178	 -0.145858	 -0.000439025
44.32	 -0.0615747	 -0.0616093	 0.338536	 0.14399	 -0.144663	 -0.000434836
44.34	 -0.0609143	 -0.0609487	 0.335529	 0.142752	 -0.143417	 -0.000429197
44.36	 -0.0602342	 -0.0602683	 0.332514	 0.141464	 -0.14212	 -0.000422134
44.38	 -0.0595345	 -0.0595685	 0.329494	 0.140126	 -0.140773	 -0.000413676
44.4	 -0.0588157	 -0.0588495	 0.32647	 0.138738	 -0.139376	 -0.000403852
44.42	 -0.0580778	 -0.0581114	 0.323444	 0.137301	 -0.13793	 -0.000392696
44.44	 -0.0573212	 -0.0573547	 0.320418	 0.135815	 -0.136434	 -0.000380247
44.46	 -0.0565462	 -0.0565795	 0.317393	 0.13428	 -0.13489	 -0.000366546
44.48	 -0.0557529	 -0.0557861	 0.31437	 0.132697	 -0.133297	 -0.00035164
44.5	 -0.0549418	 -0.0549748	 0.311353	 0.131067	 -0.131656	 -0.000335575
44.52	 -0.0541129	 -0.0541458	 0.308343	 0.129389	 -0.129968	 -0.000318403
44.54	 -0.0532668	 -0.0532994	 0.305342	 0.127664	 -0.128232	 -0.000300176
44.56	 -0.0524035	 -0.052436	 0.302353	 0.125893	 -0.12645	 -0.00028095
44.58	 -0.0515235	 -0.0515559	 0.299376	 0.124076	 -0.124622	 -0.000260784
44.6	 -0.050627	 -0.0506592	 0.296415	 0.122214	 -0.122749	 -0.00023974
44.62	 -0.0497144	 -0.0497464	 0.293472	 0.120307	 -0.120831	 -0.000217882
44.64	 -0.0487859	 -0.0488177	 0.290549	 0.118356	 -0.118868	 -0.000195272
44.66	 -0.0478419	 -0.0478735	 0.287649	 0.116362	 -0.116862	 -0.000171976
44.68	 -0.0468827	 -0.0469141	 0.284773	 0.114324	 -0.114813	 -0.00014806
44.7	 -0.0459087	 -0.0459398	 0.281924	 0.112244	 -0.112722	 -0.00012359
44.72	 -0.0449201	 -0.0449511	 0.279105	 0.110123	 -0.110589	 -9.8637e-05
44.74	 -0.0439174	 -0.0439481	 0.276318	 0.10796	 -0.108415	 -7.32717e-05
44.76	 -0.0429008	 -0.0429312	 0.273566	 0.105757	 -0.1062	 -4.75658e-05
44.78	 -0.0418708	 -0.0419009	 0.270851	 0.103515	 -0.103946	 -2.15916e-05
44.8	 -0.0408277	 -0.0408574	 0.268175	 0.101233	 -0.101653	 4.57788e-06
44.82	 -0.0397718	 -0.0398012	 0.265541	 0.0989131	 -0.0993222	 3.08692e-05
44.84	 -0.0387036	 -0.0387325	 0.262951	 0.0965559	 -0.0969539	 5.72086e-05
44.86	 -0.0376233	 -0.0376518	 0.260408	 0.0941619	 -0.094549	 8.35222e-05
44.88	 -0.0365313	 -0.0365595	 0.257915	 0.0917319	 -0.0921083	 0.000109737
44.9	 -0.0354281	 -0.0354558	 0.255473	 0.0892669	 -0.0896327	 0.000135779
44.92	 -0.034314	 -0.0343412	 0.253086	 0.0867675	 -0.0871229	 0.000161577
44.94	 -0.0331894	 -0.0332161	 0.250755	 0.0842346	 -0.0845798	 0.000187059
44.96	 -0.0320546	 -0.0320808	 0.248483	 0.081669	 -0.0820043	 0.000212152
44.98	 -0.0309102	 -0.0309357	 0.246273	 0.0790715	 -0.0793971	 0.000236787
45	 -0.0297563	 -0.0297812	 0.244126	 0.076443	 -0.0767591	 0.000260894
45.02	 -0.0285935	 -0.0286178	 0.242044	 0.0737843	 -0.0740912	 0.000284407
45.04	 -0.0274221	 -0.0274457	 0.240031	 0.0710964	 -0.0713943	 0.000307261
45.06	 -0.0262426	 -0.0262654	 0.238088	 0.0683801	 -0.0686693	 0.000329393
45.08	 -0.0250552	 -0.0250774	 0.236217	 0.0656362	 -0.0659171	 0.000350741
45.1	 -0.0238605	 -0.0238819	 0.23442	 0.0628658	 -0.0631386	 0.000371248
45.12	 -0.0226588	 -0.0226794	 0.2327	 0.0600696	 -0.0603347	 0.000390857
45.14	 -0.0214505	 -0.0214703	 0.231057	 0.0572487	 -0.0575063	 0.000409516
45.16	 -0.0202361	 -0.020255	 0.229494	 0.0544038	 -0.0546543	 0.000427174
45.18	 -0.0190159	 -0.0190339	 0.228013	 0.0515361	 -0.0517797	 0.000443782
45.2	 -0.0177903	 -0.0178074	 0.226615	 0.0486464	 -0.0488836	 0.000459296
45.22	 -0.0165598	 -0.0165759	 0.225302	 0.0457358	 -0.0459668	 0.000473671
45.24	 -0.0153248	 -0.0153399	 0.224075	 0.0428051	 -0.0430304	 0.000486868
45.26	 -0.0140856	 -0.0140997	 0.222936	 0.0398555	 -0.0400753	 0.000498851
45.28	 -0.0128426	 -0.0128557	 0.221886	 0.0368879	 -0.0371025	 0.000509586
45.3	 -0.0115964	 -0.0116084	 0.220926	 0.0339032	 -0.0341131	 0.000519045
45.32	 -0.0103472	 -0.0103582	 0.220057	 0.0309026	 -0.0311081	 0.000527199
45.34	 -0.00909556	 -0.00910543	 0.219281	 0.0278871	 -0.0280885	 0.000534023
45.36	 -0.00784178	 -0.00785055	 0.218598	 0.0248577	 -0.0250552	 0.000539498
45.38	 -0.00658632	 -0.00659395	 0.218009	 0.0218153	 -0.0220094	 0.000543607
45.4	 -0.00532956	 -0.00533606	 0.217514	 0.0187611	 -0.0189521	 0.00054634
45.42	 -0.00407193	 -0.00407727	 0.217115	 0.0156961	 -0.0158843	 0.000547688
45.44	 -0.00281383	 -0.002818	 0.216812	 0.0126214	 -0.0128072	 0.000547647
45.46	 -0.00155566	 -0.00155865	 0.216606	 0.00953802	 -0.00972165	 0.000546214
45.48	 -0.000297827	 -0.000299634	 0.216495	 0.0064471	 -0.00662889	 0.00054339
45.5	 0.000959262	 0.000958648	 0.216482	 0.00334972	 -0.00352996	 0.000539178
45.52	 0.00221521	 0.00221579	 0.216565	 0.000246961	 -0.000425942	 0.000533586
45.54	 0.00346961	 0.00347139	 0.216745	 -0.00286009	 0.00268208	 0.000526627
45.56	 0.00472207	 0.00472504	 0.217021	 -0.00597034	 0.00579303	 0.000518318
45.58	 0.00597218	 0.00597635	 0.217394	 -0.0090827	 0.00890583	 0.00050868
45.6	 0.00721956	 0.00722491	 0.217863	 -0.0121961	 0.0120194	 0.000497735
45.62	 0.00846379	 0.00847032	 0.218427	 -0.0153094	 0.0151326	 0.00048551
45.64	 0.00970449	 0.00971219	 0.219086	 -0.0184215	 0.0182445	 0.000472035
45.66	 0.0109413	 0.0109501	 0.21984	 -0.0215314	 0.0213538	 0.000457344
45.68	 0.0121737	 0.0121837	 0.220687	 -0.0246378	 0.0244595	 0.000441475
45.7	 0.0134015	 0.0134126	 0.221626	 -0.0277397	 0.0275604	 0.000424468
45.72	 0.0146242	 0.0146364	 0.222657	 -0.0308359	 0.0306555	 0.000406368
45.74	 0.0158415	 0.0158548	 0.223779	 -0.0339253	 0.0337436	 0.000387219
45.76	 0.0170529	 0.0170672	 0.22499	 -0.0370067	 0.0368235	 0.00036707
45.78	 0.0182581	 0.0182735	 0.226289	 -0.040079	 0.0398942	 0.000345973
45.8	 0.0194567	 0.0194731	 0.227675	 -0.0431411	 0.0429545	 0.000323983
45.82	 0.0206483	 0.0206657	 0.229146	 -0.0461919	 0.0460033	 0.000301156
45.84	 0.0218326	 0.0218509	 0.230702	 -0.0492303	 0.0490397	 0.000277553
45.86	 0.0230092	 0.0230285	 0.232339	 -0.0522552	 0.0520624	 0.000253236
45.88	 0.0241778	 0.0241979	 0.234057	 -0.0552655	 0.0550705	 0.000228266
45.9	 0.0253379	 0.0253588	 0.235854	 -0.05826	 0.0580628	 0.000202709
45.92	 0.0264893	 0.026511	 0.237728	 -0.0612379	 0.0610382	 0.000176628
45.94	 0.0276315	 0.027654	 0.239678	 -0.0641978	 0.0639957	 0.000150093
45.96	 0.0287642	 0.0287874	 0.2417	 -0.067139	 0.0669343	 0.00012317
45.98	 0.0298871	 0.029911	 0.243794	 -0.0700602	 0.0698531	 9.59302e-05
46	 0.0309999	 0.0310244	 0.245956	 -0.0729606	 0.0727509	 6.84442e-05
46.02	 0.0321021	 0.0321272	 0.248186	 -0.075839	 0.0756267	 4.07839e-05
46.04	 0.0331935	 0.0332191	 0.250481	 -0.0786943	 0.0784795	 1.30223e-05
46.06	 0.0342738	 0.0342998	 0.252838	 -0.0815256	 0.0813083	 -1.47663e-05
46.08	 0.0353425	 0.0353689	 0.255256	 -0.0843316	 0.0841118	 -4.25067e-05
46.1	 0.0363994	 0.0364262	 0.257731	 -0.0871113	 0.086889	 -7.01242e-05
46.12	 0.0374442	 0.0374713	 0.260263	 -0.0898635	 0.0896388	 -9.75441e-05
46.14	 0.0384766	 0.0385039	 0.262848	 -0.0925872	 0.0923601	 -0.000124692
46.16	 0.0394962	 0.0395236	 0.265484	 -0.0952811	 0.0950517	 -0.000151494
46.18	 0.0405027	 0.0405303	 0.268168	 -0.0979443	 0.0977126	 -0.000177876
46.2	 0.0414959	 0.0415235	 0.2709	 -0.100576	 0.100342	 -0.000203764
46.22	 0.0424754	 0.0425031	 0.273674	 -0.103174	 0.102938	 -0.000229085
46.24	 0.0434411	 0.0434686	 0.276491	 -0.105738	 0.1055	 -0.000253768
46.26	 0.0443925	 0.0444199	 0.279347	 -0.108268	 0.108028	 -0.000277745
46.28	 0.0453294	 0.0453567	 0.282239	 -0.110761	 0.110519	 -0.000300946
46.3	 0.0462516	 0.0462786	 0.285166	 -0.113217	 0.112974	 -0.000323306
46.32	 0.0471587	 0.0471854	 0.288125	 -0.115636	 0.115391	 -0.000344758
46.34	 0.0480505	 0.0480768	 0.291114	 -0.118015	 0.117769	 -0.000365237
46.36	 0.0489268	 0.0489527	 0.294131	 -0.120355	 0.120107	 -0.00038468
46.38	 0.0497872	 0.0498127	 0.297172	 -0.122654	 0.122405	 -0.000403028
46.4	 0.0506316	 0.0506565	 0.300237	 -0.124912	 0.124661	 -0.000420222
46.42	 0.0514597	 0.051484	 0.303323	 -0.127127	 0.126874	 -0.000436209
46.44	 0.0522713	 0.0522949	 0.306427	 -0.129298	 0.129044	 -0.000450935
46.46	 0.0530661	 0.053089	 0.309548	 -0.131424	 0.13117	 -0.000464353
46.48	 0.0538439	 0.0538661	 0.312684	 -0.133506	 0.13325	 -0.000476416
46.5	 0.0546045	 0.0546259	 0.315832	 -0.13554	 0.135284	 -0.000487083
46.52	 0.0553477	 0.0553681	 0.31899	 -0.137528	 0.137271	 -0.000496315
46.54	 0.0560732	 0.0560927	 0.322158	 -0.139467	 0.13921	 -0.000504076
46.56	 0.0567808	 0.0567994	 0.325331	 -0.141358	 0.1411	 -0.000510334
46.58	 0.0574704	 0.057488	 0.32851	 -0.1432	 0.142941	 -0.000515057
46.6	 0.0581418	 0.0581584	 0.331693	 -0.144991	 0.144732	 -0.000518218
46.62	 0.0587947	 0.0588103	 0.334876	 -0.146731	 0.146472	 -0.000519795
46.64	 0.059429	 0.0594435	 0.33806	 -0.14842	 0.14816	 -0.000519768
46.66	 0.0600446	 0.060058	 0.341242	 -0.150056	 0.149796	 -0.000518124
46.68	 0.0606412	 0.0606534	 0.344421	 -0.151639	 0.151379	 -0.000514855
46.7	 0.0612187	 0.0612297	 0.347596	 -0.153169	 0.152909	 -0.000509952
46.72	 0.0617769	 0.0617867	 0.350765	 -0.154644	 0.154384	 -0.000503415
46.74	 0.0623156	 0.0623242	 0.353927	 -0.156063	 0.155804	 -0.000495244
46.76	 0.0628348	 0.0628422	 0.357081	 -0.157428	 0.157168	 -0.000485445
46.78	 0.0633342	 0.0633404	 0.360225	 -0.158736	 0.158476	 -0.000474027
46.8	 0.0638138	 0.0638187	 0.363359	 -0.159988	 0.159728	 -0.000461002
46.82	 0.0642734	 0.064277	 0.366482	 -0.161182	 0.160922	 -0.000446386
46.84	 0.0647129	 0.0647152	 0.369592	 -0.162318	 0.162058	 -0.000430199
46.86	 0.0651322	 0.0651332	 0.372689	 -0.163397	 0.163137	 -0.000412462
46.88	 0.0655312	 0.0655309	 0.375773	 -0.164416	 0.164156	 -0.000393203
46.9	 0.0659098	 0.0659082	 0.378841	 -0.165376	 0.165116	 -0.000372452
46.92	 0.0662678	 0.066265	 0.381895	 -0.166276	 0.166016	 -0.000350246
46.94	 0.0666053	 0.0666011	 0.384932	 -0.167117	 0.166856	 -0.000326624
46.96	 0.066922	 0.0669165	 0.387954	 -0.167897	 0.167636	 -0.000301631
46.98	 0.067218	 0.0672112	 0.390959	 -0.168616	 0.168355	 -0.000275312
47	 0.0674931	 0.0674851	 0.393947	 -0.169274	 0.169013	 -0.000247718
47.02	 0.0677474	 0.0677381	 0.396917	 -0.16987	 0.169609	 -0.0002189
47.04	 0.0679807	 0.0679701	 0.39987	 -0.170406	 0.170144	 -0.000188915
47.06	 0.0681931	 0.0681812	 0.402806	 -0.170879	 0.170617	 -0.000157823
47.08	 0.0683844	 0.0683713	 0.405724	 -0.17129	 0.171028	 -0.000125687
47.1	 0.0685547	 0.0685404	 0.408624	 -0.171639	 0.171376	 -9.25764e-05
47.12	 0.0687038	 0.0686883	 0.411506	 -0.171925	 0.171662	 -5.85607e-05
47.14	 0.0688319	 0.0688152	 0.414371	 -0.17215	 0.171886	 -2.37139e-05
47.16	 0.0689387	 0.0689209	 0.417218	 -0.172312	 0.172047	 1.18881e-05
47.18	 0.0690245	 0.0690055	 0.420048	 -0.172411	 0.172146	 4.81673e-05
47.2	 0.069089	 0.0690689	 0.422861	 -0.172449	 0.172183	 8.5044e-05
47.22	 0.0691323	 0.0691112	 0.425657	 -0.172423	 0.172157	 0.000122437
47.24	 0.0691545	 0.0691324	 0.428436	 -0.172336	 0.172068	 0.000160265
47.26	 0.0691556	 0.0691324	 0.4312	 -0.172186	 0.171918	 0.000198445
47.28	 0.0691354	 0.0691113	 0.433947	 -0.171975	 0.171705	 0.000236893
47.3	 0.0690942	 0.0690691	 0.43668	 -0.171701	 0.17143	 0.000275523
47.32	 0.0690318	 0.0690058	 0.439397	 -0.171365	 0.171093	 0.000314249
47.34	 0.0689483	 0.0689215	 0.4421	 -0.170967	 0.170694	 0.000352982
47.36	 0.0688438	 0.0688161	 0.444789	 -0.170508	 0.170234	 0.000391631
47.38	 0.0687183	 0.0686898	 0.447464	 -0.169987	 0.169711	 0.000430106
47.4	 0.0685718	 0.0685426	 0.450126	 -0.169405	 0.169127	 0.000468316
47.42	 0.0684044	 0.0683745	 0.452776	 -0.168761	 0.168483	 0.000506171
47.44	 0.0682161	 0.0681856	 0.455414	 -0.168057	 0.167777	 0.000543579
47.46	 0.0680071	 0.0679759	 0.458041	 -0.167293	 0.167011	 0.000580452
47.48	 0.0677773	 0.0677456	 0.460656	 -0.166468	 0.166185	 0.0006167
47.5	 0.0675269	 0.0674946	 0.463262	 -0.165583	 0.165298	 0.000652234
47.52	 0.0672559	 0.0672232	 0.465857	 -0.16464	 0.164353	 0.000686968
47.54	 0.0669645	 0.0669313	 0.468443	 -0.163637	 0.163348	 0.000720816
47.56	 0.0666527	 0.0666191	 0.47102	 -0.162575	 0.162285	 0.000753697
47.58	 0.0663206	 0.0662866	 0.473589	 -0.161456	 0.161164	 0.000785529
47.6	 0.0659684	 0.0659341	 0.476149	 -0.160279	 0.159985	 0.000816233
47.62	 0.0655961	 0.0655615	 0.478702	 -0.159045	 0.158749	 0.00084573
47.64	 0.0652039	 0.065169	 0.481248	 -0.157754	 0.157457	 0.000873943
47.66	 0.0647918	 0.0647568	 0.483786	 -0.156408	 0.156108	 0.000900796
47.68	 0.0643601	 0.0643248	 0.486319	 -0.155006	 0.154705	 0.00092622
47.7	 0.0639087	 0.0638733	 0.488844	 -0.153549	 0.153246	 0.000950148
47.72	 0.0634379	 0.0634025	 0.491364	 -0.152038	 0.151733	 0.000972516
47.74	 0.0629478	 0.0629123	 0.493878	 -0.150473	 0.150167	 0.000993264
47.76	 0.0624386	 0.062403	 0.496385	 -0.148855	 0.148548	 0.00101233
47.78	 0.0619103	 0.0618748	 0.498888	 -0.147185	 0.146876	 0.00102967
47.8	 0.0613631	 0.0613277	 0.501384	 -0.145464	 0.145153	 0.00104522
47.82	 0.0607972	 0.0607619	 0.503875	 -0.143691	 0.143379	 0.00105893
47.84	 0.0602128	 0.0601776	 0.50636	 -0.141868	 0.141555	 0.00107076
47.86	 0.05961	 0.0595749	 0.508839	 -0.139996	 0.139681	 0.00108067
47.88	 0.058989	 0.0589541	 0.511312	 -0.138076	 0.13776	 0.00108861
47.9	 0.0583499	 0.0583152	 0.51378	 -0.136107	 0.13579	 0.00109457
47.92	 0.057693	 0.0576586	 0.51624	 -0.134092	 0.133773	 0.0010985
47.94	 0.0570183	 0.0569842	 0.518694	 -0.13203	 0.131711	 0.00110039
47.96	 0.0563262	 0.0562924	 0.52114	 -0.129923	 0.129603	 0.00110022
47.98	 0.0556168	 0.0555833	 0.523579	 -0.127772	 0.127451	 0.00109797
48	 0.0548903	 0.0548572	 0.52601	 -0.125577	 0.125256	 0.00109364
48.02	 0.0541469	 0.0541142	 0.528431	 -0.12334	 0.123018	 0.00108722
48.04	 0.0533868	 0.0533545	 0.530843	 -0.121061	 0.120739	 0.00107872
48.06	 0.0526102	 0.0525784	 0.533245	 -0.118741	 0.118419	 0.00106815
48.08	 0.0518174	 0.051786	 0.535636	 -0.116381	 0.116059	 0.0010555
48.1	 0.0510085	 0.0509776	 0.538015	 -0.113982	 0.11366	 0.00104079
48.12	 0.0501838	 0.0501534	 0.540381	 -0.111545	 0.111223	 0.00102404
48.14	 0.0493435	 0.0493136	 0.542734	 -0.109071	 0.10875	 0.00100528
48.16	 0.0484878	 0.0484584	 0.545071	 -0.106561	 0.106241	 0.000984524
48.18	 0.047617	 0.0475881	 0.547393	 -0.104016	 0.103697	 0.000961811
48.2	 0.0467313	 0.046703	 0.549698	 -0.101437	 0.101119	 0.000937176
48.22	 0.0458309	 0.0458032	 0.551985	 -0.0988255	 0.0985078	 0.000910658
48.24	 0.0449161	 0.044889	 0.554252	 -0.0961816	 0.0958652	 0.000882302
48.26	 0.0439872	 0.0439606	 0.556499	 -0.0935069	 0.093192	 0.000852157
48.28	 0.0430443	 0.0430184	 0.558723	 -0.0908024	 0.0904892	 0.000820279
48.3	 0.0420878	 0.0420625	 0.560925	 -0.0880693	 0.0877578	 0.000786726
48.32	 0.041118	 0.0410933	 0.563101	 -0.0853086	 0.0849991	 0.000751559
48.34	 0.040135	 0.040111	 0.565251	 -0.0825214	 0.0822142	 0.000714846
48.36	 0.0391393	 0.0391159	 0.567374	 -0.079709	 0.0794041	 0.000676655
48.38	 0.038131	 0.0381082	 0.569467	 -0.0768724	 0.0765702	 0.000637062
48.4	 0.0371104	 0.0370883	 0.571529	 -0.0740129	 0.0737133	 0.000596144
48.42	 0.0360779	 0.0360565	 0.573559	 -0.0711314	 0.0708348	 0.000553982
48.44	 0.0350338	 0.035013	 0.575554	 -0.0682292	 0.0679357	 0.000510659
48.46	 0.0339782	 0.0339581	 0.577514	 -0.0653074	 0.0650171	 0.000466262
48.48	 0.0329116	 0.0328922	 0.579436	 -0.0623671	 0.0620802	 0.000420877
48.5	 0.0318342	 0.0318154	 0.581318	 -0.0594095	 0.0591262	 0.000374593
48.52	 0.0307463	 0.0307282	 0.58316	 -0.0564357	 0.0561562	 0.000327501
48.54	 0.0296483	 0.0296308	 0.584958	 -0.053447	 0.0531713	 0.000279696
48.56	 0.0285403	 0.0285236	 0.586712	 -0.0504444	 0.0501728	 0.000231271
48.58	 0.0274229	 0.0274068	 0.58842	 -0.0474292	 0.0471618	 0.000182326
48.6	 0.0262962	 0.0262808	 0.59008	 -0.0444027	 0.0441396	 0.000132958
48.62	 0.0251606	 0.0251458	 0.59169	 -0.041366	 0.0411074	 8.32697e-05
48.64	 0.0240164	 0.0240023	 0.593248	 -0.0383204	 0.0380663	 3.33638e-05
48.66	 0.022864	 0.0228505	 0.594753	 -0.035267	 0.0350176	 -1.66544e-05
48.68	 0.0217036	 0.0216907	 0.596204	 -0.0322069	 0.0319623	 -6.66782e-05
48.7	 0.0205356	 0.0205234	 0.597597	 -0.0291413	 0.0289016	 -0.000116599
48.72	 0.0193603	 0.0193487	 0.598932	 -0.0260715	 0.0258368	 -0.000166309
48.74	 0.0181781	 0.0181672	 0.600207	 -0.0229987	 0.0227691	 -0.000215698
48.76	 0.0169894	 0.016979	 0.60142	 -0.0199241	 0.0196995	 -0.00026466
48.78	 0.0157943	 0.0157846	 0.602569	 -0.0168487	 0.0166294	 -0.000313086
48.8	 0.0145934	 0.0145843	 0.603654	 -0.0137738	 0.0135598	 -0.000360872
48.82	 0.0133869	 0.0133784	 0.604672	 -0.0107005	 0.0104918	 -0.000407911
48.84	 0.0121752	 0.0121673	 0.605623	 -0.00762998	 0.00742653	 -0.000454101
48.86	 0.0109587	 0.0109513	 0.606504	 -0.00456333	 0.00436523	 -0.000499339
48.88	 0.00973768	 0.00973086	 0.607314	 -0.00150175	 0.00130903	 -0.000543524
48.9	 0.00851253	 0.00850627	 0.608052	 0.00155356	 -0.00174091	 -0.000586556
48.92	 0.00728362	 0.00727792	 0.608716	 0.00460147	 -0.00478345	 -0.000628339
48.94	 0.00605131	 0.00604615	 0.609306	 0.00764085	 -0.00781747	 -0.000668781
48.96	 0.00481595	 0.00481134	 0.60982	 0.0106706	 -0.0108419	 -0.000707791
48.98	 0.00357792	 0.00357385	 0.610256	 0.0136895	 -0.0138555	 -0.000745281
49	 0.00233759	 0.00233405	 0.610615	 0.0166966	 -0.0168573	 -0.000781169
49.02	 0.00109532	 0.0010923	 0.610895	 0.0196905	 -0.0198461	 -0.000815373
49.04	 -0.000148523	 -0.000151017	 0.611095	 0.0226704	 -0.0228208	 -0.000847816
49.06	 -0.00139355	 -0.00139553	 0.611214	 0.0256349	 -0.0257803	 -0.000878424
49.08	 -0.00263939	 -0.00264086	 0.611252	 0.0285831	 -0.0287236	 -0.000907125
49.1	 -0.00388565	 -0.00388663	 0.611207	 0.031514	 -0.0316496	 -0.000933852
49.12	 -0.00513196	 -0.00513246	 0.61108	 0.0344265	 -0.0345574	 -0.000958542
49.14	 -0.00637794	 -0.00637796	 0.610869	 0.0373198	 -0.037446	 -0.000981134
49.16	 -0.00762321	 -0.00762275	 0.610575	 0.0401928	 -0.0403145	 -0.00100157
49.18	 -0.00886737	 -0.00886646	 0.610196	 0.0430445	 -0.0431618	 -0.0010198
49.2	 -0.0101101	 -0.0101087	 0.609733	 0.045874	 -0.0459871	 -0.00103577
49.22	 -0.0113509	 -0.0113491	 0.609186	 0.0486804	 -0.0487893	 -0.00104945
49.24	 -0.0125894	 -0.0125872	 0.608553	 0.0514628	 -0.0515677	 -0.00106079
49.26	 -0.0138254	 -0.0138227	 0.607837	 0.0542202	 -0.0543213	 -0.00106977
49.28	 -0.0150583	 -0.0150552	 0.607035	 0.0569518	 -0.0570493	 -0.00107635
49.3	 -0.0162877	 -0.0162843	 0.606149	 0.0596567	 -0.0597508	 -0.00108052
49.32	 -0.0175134	 -0.0175096	 0.605179	 0.062334	 -0.0624248	 -0.00108225
49.34	 -0.0187349	 -0.0187307	 0.604125	 0.0649828	 -0.0650705	 -0.00108155
49.36	 -0.0199518	 -0.0199472	 0.602987	 0.0676022	 -0.067687	 -0.00107839
49.38	 -0.0211637	 -0.0211588	 0.601767	 0.0701914	 -0.0702736	 -0.00107279
49.4	 -0.0223703	 -0.022365	 0.600464	 0.0727496	 -0.0728293	 -0.00106475
49.42	 -0.0235711	 -0.0235654	 0.59908	 0.075276	 -0.0753534	 -0.00105428
49.44	 -0.0247657	 -0.0247598	 0.597615	 0.0777698	 -0.0778451	 -0.00104139
49.46	 -0.0259539	 -0.0259476	 0.596069	 0.0802301	 -0.0803037	 -0.00102611
49.48	 -0.0271352	 -0.0271285	 0.594445	 0.0826564	 -0.0827283	 -0.00100846
49.5	 -0.0283091	 -0.0283022	 0.592742	 0.0850478	 -0.0851184	 -0.000988475
49.52	 -0.0294755	 -0.0294683	 0.590962	 0.0874037	 -0.0874731	 -0.000966184
49.54	 -0.0306338	 -0.0306263	 0.589107	 0.0897235	 -0.0897921	 -0.000941629
49.56	 -0.0317836	 -0.0317759	 0.587177	 0.0920065	 -0.0920745	 -0.000914853
49.58	 -0.0329247	 -0.0329167	 0.585173	 0.0942523	 -0.0943198	 -0.000885903
49.6	 -0.0340566	 -0.0340484	 0.583097	 0.0964602	 -0.0965276	 -0.000854832
49.62	 -0.035179	 -0.0351705	 0.580951	 0.0986298	 -0.0986972	 -0.000821697
49.64	 -0.0362914	 -0.0362827	 0.578736	 0.10076	 -0.100828	 -0.000786561
49.66	 -0.0373936	 -0.0373847	 0.576453	 0.102852	 -0.10292	 -0.00074949
49.68	 -0.0384851	 -0.038476	 0.574105	 0.104903	 -0.104972	 -0.000710558
49.7	 -0.0395655	 -0.0395563	 0.571692	 0.106915	 -0.106985	 -0.00066984
49.72	 -0.0406346	 -0.0406252	 0.569216	 0.108885	 -0.108956	 -0.000627417
49.74	 -0.0416919	 -0.0416823	 0.56668	 0.110814	 -0.110887	 -0.000583375
49.76	 -0.042737	 -0.0427274	 0.564085	 0.112702	 -0.112777	 -0.000537802
49.78	 -0.0437697	 -0.0437599	 0.561433	 0.114548	 -0.114624	 -0.000490791
49.8	 -0.0447895	 -0.0447797	 0.558726	 0.116351	 -0.11643	 -0.000442437
49.82	 -0.0457961	 -0.0457862	 0.555966	 0.118112	 -0.118192	 -0.00039284
49.84	 -0.0467891	 -0.0467792	 0.553154	 0.119829	 -0.119912	 -0.000342099
49.86	 -0.0477683	 -0.0477584	 0.550293	 0.121503	 -0.121589	 -0.000290316
49.88	 -0.0487332	 -0.0487233	 0.547385	 0.123133	 -0.123222	 -0.000237596
49.9	 -0.0496835	 -0.0496737	 0.544432	 0.12472	 -0.124812	 -0.000184041
49.92	 -0.0506189	 -0.0506091	 0.541436	 0.126262	 -0.126358	 -0.00012976
49.94	 -0.0515391	 -0.0515294	 0.538398	 0.12776	 -0.127859	 -7.48626e-05
49.96	 -0.0524438	 -0.0524342	 0.535322	 0.129213	 -0.129317	 -1.94602e-05
49.98	 -0.0533325	 -0.0533231	 0.532209	 0.130622	 -0.13073	 3.63328e-05
50	 -0.0542051	 -0.0541958	 0.529061	 0.131987	 -0.132098	 9.24011e-05
50.02	 -0.0550611	 -0.055052	 0.525881	 0.133306	 -0.133422	 0.000148629
50.04	 -0.0559003	 -0.0558914	 0.52267	 0.13458	 -0.1347	 0.000204901
50.06	 -0.0567223	 -0.0567137	 0.519431	 0.135809	 -0.135934	 0.0002611
50.08	 -0.0575269	 -0.0575185	 0.516166	 0.136993	 -0.137123	 0.000317109
50.1	 -0.0583137	 -0.0583056	 0.512876	 0.138131	 -0.138266	 0.000372811
50.12	 -0.0590824	 -0.0590746	 0.509564	 0.139224	 -0.139364	 0.00042809
50.14	 -0.0598327	 -0.0598253	 0.506233	 0.140272	 -0.140417	 0.00048283
50.16	 -0.0605644	 -0.0605574	 0.502883	 0.141273	 -0.141424	 0.000536919
50.18	 -0.0612772	 -0.0612705	 0.499517	 0.14223	 -0.142386	 0.000590245
50.2	 -0.0619707	 -0.0619645	 0.496138	 0.14314	 -0.143302	 0.000642696
50.22	 -0.0626448	 -0.062639	 0.492746	 0.144005	 -0.144173	 0.000694163
50.24	 -0.0632991	 -0.0632938	 0.489344	 0.144825	 -0.144998	 0.000744539
50.26	 -0.0639334	 -0.0639286	 0.485934	 0.145598	 -0.145778	 0.00079372
50.28	 -0.0645475	 -0.0645432	 0.482517	 0.146326	 -0.146512	 0.000841604
50.3	 -0.065141	 -0.0651373	 0.479096	 0.147009	 -0.147201	 0.000888096
50.32	 -0.0657137	 -0.0657107	 0.475672	 0.147645	 -0.147844	 0.000933102
50.34	 -0.0662655	 -0.0662631	 0.472247	 0.148236	 -0.148441	 0.00097653
50.36	 -0.0667961	 -0.0667943	 0.468822	 0.148782	 -0.148993	 0.00101829
50.38	 -0.0673052	 -0.0673041	 0.4654	 0.149282	 -0.1495	 0.0010583
50.4	 -0.0677926	 -0.0677922	 0.461982	 0.149737	 -0.149962	 0.00109647
50.42	 -0.0682582	 -0.0682585	 0.458569	 0.150146	 -0.150378	 0.00113272
50.44	 -0.0687017	 -0.0687028	 0.455163	 0.150511	 -0.150749	 0.00116697
50.46	 -0.0691229	 -0.0691248	 0.451765	 0.15083	 -0.151076	 0.00119916
50.48	 -0.0695216	 -0.0695243	 0.448376	 0.151105	 -0.151357	 0.00122922
50.5	 -0.0698976	 -0.0699012	 0.444999	 0.151335	 -0.151594	 0.00125708
50.52	 -0.0702508	 -0.0702552	 0.441634	 0.15152	 -0.151786	 0.0012827
50.54	 -0.070581	 -0.0705863	 0.438282	 0.151661	 -0.151934	 0.00130602
50.56	 -0.070888	 -0.0708942	 0.434945	 0.151757	 -0.152038	 0.00132699
50.58	 -0.0711717	 -0.0711788	 0.431623	 0.151809	 -0.152097	 0.00134556
50.6	 -0.0714319	 -0.07144	 0.428318	 0.151818	 -0.152113	 0.00136171
50.62	 -0.0716685	 -0.0716775	 0.425031	 0.151782	 -0.152084	 0.00137538
50.64	 -0.0718813	 -0.0718913	 0.421763	 0.151702	 -0.152012	 0.00138657
50.66	 -0.0720702	 -0.0720812	 0.418513	 0.151579	 -0.151896	 0.00139524
50.68	 -0.0722351	 -0.0722471	 0.415284	 0.151413	 -0.151737	 0.00140137
50.7	 -0.0723759	 -0.072389	 0.412076	 0.151203	 -0.151535	 0.00140496
50.72	 -0.0724924	 -0.0725066	 0.40889	 0.150951	 -0.15129	 0.001406
50.74	 -0.0725847	 -0.0726	 0.405725	 0.150656	 -0.151002	 0.00140448
50.76	 -0.0726526	 -0.0726689	 0.402584	 0.150318	 -0.150672	 0.00140041
50.78	 -0.072696	 -0.0727135	 0.399466	 0.149939	 -0.150299	 0.00139379
50.8	 -0.072715	 -0.0727335	 0.396371	 0.149517	 -0.149885	 0.00138465
50.82	 -0.0727093	 -0.072729	 0.393301	 0.149054	 -0.149429	 0.001373
50.84	 -0.0726791	 -0.0726998	 0.390256	 0.148549	 -0.148932	 0.00135887
50.86	 -0.0726242	 -0.0726461	 0.387235	 0.148003	 -0.148393	 0.00134228
50.88	 -0.0725446	 -0.0725676	 0.38424	 0.147417	 -0.147814	 0.00132328
50.9	 -0.0724403	 -0.0724645	 0.38127	 0.146789	 -0.147194	 0.0013019
50.92	 -0.0723114	 -0.0723366	 0.378326	 0.146122	 -0.146534	 0.00127818
50.94	 -0.0721577	 -0.0721841	 0.375408	 0.145414	 -0.145833	 0.00125218
50.96	 -0.0719793	 -0.0720068	 0.372515	 0.144667	 -0.145093	 0.00122393
50.98	 -0.0717762	 -0.0718048	 0.369649	 0.14388	 -0.144314	 0.00119352
51	 -0.0715485	 -0.0715782	 0.366808	 0.143054	 -0.143495	 0.00116099
51.02	 -0.0712961	 -0.071327	 0.363994	 0.14219	 -0.142638	 0.00112642
51.04	 -0.0710192	 -0.0710512	 0.361205	 0.141287	 -0.141742	 0.00108987
51.06	 -0.0707178	 -0.0707508	 0.358443	 0.140346	 -0.140808	 0.00105143
51.08	 -0.0703919	 -0.070426	 0.355706	 0.139367	 -0.139836	 0.00101118
51.1	 -0.0700416	 -0.0700768	 0.352995	 0.13835	 -0.138827	 0.000969185
51.12	 -0.0696671	 -0.0697033	 0.35031	 0.137297	 -0.13778	 0.000925545
51.14	 -0.0692684	 -0.0693056	 0.34765	 0.136206	 -0.136696	 0.000880346
51.16	 -0.0688455	 -0.0688838	 0.345016	 0.135079	 -0.135576	 0.000833678
51.18	 -0.0683987	 -0.068438	 0.342407	 0.133916	 -0.13442	 0.000785633
51.2	 -0.0679281	 -0.0679684	 0.339823	 0.132717	 -0.133228	 0.000736307
51.22	 -0.0674337	 -0.067475	 0.337264	 0.131483	 -0.132	 0.000685801
51.24	 -0.0669158	 -0.066958	 0.334729	 0.130213	 -0.130737	 0.00063422
51.26	 -0.0663744	 -0.0664175	 0.332219	 0.128909	 -0.129439	 0.000581672
51.28	 -0.0658098	 -0.0658538	 0.329733	 0.12757	 -0.128107	 0.000528265
51.3	 -0.0652221	 -0.065267	 0.327271	 0.126198	 -0.126741	 0.000474109
51.32	 -0.0646116	 -0.0646573	 0.324833	 0.124792	 -0.125342	 0.000419313
51.34	 -0.0639784	 -0.0640249	 0.322419	 0.123354	 -0.123909	 0.000363988
51.36	 -0.0633227	 -0.06337	 0.320028	 0.121882	 -0.122444	 0.000308247
51.38	 -0.0626447	 -0.0626928	 0.317661	 0.120379	 -0.120947	 0.000252202
51.4	 -0.0619447	 -0.0619935	 0.315317	 0.118844	 -0.119418	 0.000195969
51.42	 -0.0612229	 -0.0612724	 0.312997	 0.117278	 -0.117858	 0.000139659
51.44	 -0.0604796	 -0.0605298	 0.3107	 0.115681	 -0.116267	 8.33858e-05
51.46	 -0.0597149	 -0.0597657	 0.308425	 0.114054	 -0.114645	 2.72622e-05
51.48	 -0.0589292	 -0.0589806	 0.306174	 0.112397	 -0.112994	 -2.85993e-05
51.5	 -0.0581227	 -0.0581747	 0.303945	 0.11071	 -0.111313	 -8.40864e-05
51.52	 -0.0572957	 -0.0573482	 0.30174	 0.108995	 -0.109602	 -0.000139088
51.54	 -0.0564485	 -0.0565015	 0.299557	 0.107251	 -0.107863	 -0.000193496
51.56	 -0.0555814	 -0.0556349	 0.297398	 0.105479	 -0.106096	 -0.000247202
51.58	 -0.0546946	 -0.0547485	 0.295261	 0.103679	 -0.104302	 -0.000300103
51.6	 -0.0537886	 -0.0538429	 0.293148	 0.101853	 -0.10248	 -0.000352093
51.62	 -0.0528635	 -0.0529182	 0.291058	 0.0999996	 -0.100632	 -0.000403069
51.64	 -0.0519198	 -0.0519748	 0.288992	 0.0981208	 -0.0987574	 -0.000452928
51.66	 -0.0509578	 -0.0510131	 0.28695	 0.0962165	 -0.0968574	 -0.000501573
51.68	 -0.0499778	 -0.0500334	 0.284932	 0.0942873	 -0.0949324	 -0.000548907
51.7	 -0.0489803	 -0.0490361	 0.282938	 0.0923338	 -0.0929828	 -0.00059484
51.72	 -0.0479655	 -0.0480215	 0.280969	 0.0903564	 -0.0910092	 -0.000639284
51.74	 -0.0469338	 -0.0469899	 0.279025	 0.0883557	 -0.0890121	 -0.000682154
51.76	 -0.0458857	 -0.0459419	 0.277107	 0.0863321	 -0.086992	 -0.000723369
51.78	 -0.0448214	 -0.0448777	 0.275214	 0.0842863	 -0.0849493	 -0.000762852
51.8	 -0.0437414	 -0.0437978	 0.273348	 0.0822186	 -0.0828847	 -0.000800528
51.82	 -0.042646	 -0.0427024	 0.271509	 0.0801298	 -0.0807987	 -0.000836329
51.84	 -0.0415358	 -0.0415922	 0.269698	 0.0780202	 -0.0786917	 -0.000870189
51.86	 -0.040411	 -0.0404673	 0.267915	 0.0758904	 -0.0765643	 -0.000902045
51.88	 -0.0392721	 -0.0393284	 0.266161	 0.073741	 -0.0744171	 -0.000931841
51.9	 -0.0381195	 -0.0381757	 0.264436	 0.0715726	 -0.0722507	 -0.000959522
51.92	 -0.0369537	 -0.0370097	 0.262741	 0.0693857	 -0.0700655	 -0.000985042
51.94	 -0.035775	 -0.0358309	 0.261078	 0.0671807	 -0.067862	 -0.00100836
51.96	 -0.034584	 -0.0346396	 0.259446	 0.0649583	 -0.0656408	 -0.00102944
51.98	 -0.033381	 -0.0334364	 0.257848	 0.0627188	 -0.0634024	 -0.00104824
52	 -0.0321665	 -0.0322216	 0.256282	 0.0604629	 -0.0611472	 -0.00106474
52.02	 -0.0309409	 -0.0309958	 0.254752	 0.058191	 -0.0588758	 -0.00107892
52.04	 -0.0297048	 -0.0297593	 0.253256	 0.0559036	 -0.0565887	 -0.00109074
52.06	 -0.0284584	 -0.0285126	 0.251797	 0.0536015	 -0.0542865	 -0.00110021
52.08	 -0.0272024	 -0.0272562	 0.250375	 0.051285	 -0.0519699	 -0.0011073
52.1	 -0.0259371	 -0.0259905	 0.248992	 0.0489549	 -0.0496392	 -0.00111201
52.12	 -0.0246632	 -0.0247161	 0.247648	 0.0466115	 -0.047295	 -0.00111434
52.14	 -0.0233809	 -0.0234334	 0.246345	 0.0442556	 -0.044938	 -0.0011143
52.16	 -0.0220908	 -0.0221428	 0.245083	 0.0418875	 -0.0425686	 -0.00111189
52.18	 -0.0207934	 -0.0208449	 0.243864	 0.0395079	 -0.0401874	 -0.00110713
52.2	 -0.0194892	 -0.0195401	 0.242689	 0.0371172	 -0.0377948	 -0.00110005
52.22	 -0.0181786	 -0.0182289	 0.241558	 0.034716	 -0.0353915	 -0.00109066
52.24	 -0.016862	 -0.0169118	 0.240474	 0.032305	 -0.032978	 -0.001079
52.26	 -0.0155401	 -0.0155893	 0.239437	 0.0298845	 -0.0305548	 -0.0010651
52.28	 -0.0142133	 -0.0142618	 0.238449	 0.0274551	 -0.0281224	 -0.001049
52.3	 -0.012882	 -0.0129299	 0.23751	 0.0250173	 -0.0256814	 -0.00103073
52.32	 -0.0115467	 -0.011594	 0.236622	 0.0225717	 -0.0232322	 -0.00101036
52.34	 -0.010208	 -0.0102546	 0.235785	 0.0201188	 -0.0207755	 -0.000987922
52.36	 -0.00886627	 -0.00891218	 0.235002	 0.0176591	 -0.0183116	 -0.000963481
52.38	 -0.00752206	 -0.00756725	 0.234274	 0.0151931	 -0.0158413	 -0.000937094
52.4	 -0.00617583	 -0.00622029	 0.2336	 0.0127215	 -0.013365	 -0.00090882
52.42	 -0.00482809	 -0.0048718	 0.232984	 0.0102447	 -0.0108833	 -0.000878726
52.44	 -0.00347931	 -0.00352226	 0.232425	 0.00776341	 -0.00839676	 -0.000846879
52.46	 -0.00213	 -0.00217217	 0.231925	 0.00527806	 -0.00590595	 -0.000813355
52.48	 -0.000780626	 -0.000821999	 0.231485	 0.00278921	 -0.00341137	 -0.000778232
52.5	 0.000568323	 0.000527759	 0.231106	 0.000297375	 -0.000913534	 -0.00074159
52.52	 0.00191637	 0.00187663	 0.230789	 -0.00219692	 0.00158701	 -0.000703514
52.54	 0.00326303	 0.00322413	 0.230535	 -0.00469313	 0.00408973	 -0.000664088
52.56	 0.00460783	 0.00456977	 0.230346	 -0.0071907	 0.00659406	 -0.000623398
52.58	 0.00595028	 0.00591308	 0.230221	 -0.0096891	 0.00909947	 -0.000581535
52.6	 0.00728991	 0.00725357	 0.230163	 -0.0121878	 0.0116054	 -0.000538588
52.62	 0.00862623	 0.00859077	 0.230172	 -0.0146863	 0.0141114	 -0.000494654
52.64	 0.00995877	 0.00992421	 0.230248	 -0.0171841	 0.0166168	 -0.000449828
52.66	 0.0112871	 0.0112534	 0.230393	 -0.0196805	 0.0191212	 -0.000404209
52.68	 0.0126107	 0.0125779	 0.230608	 -0.0221751	 0.021624	 -0.000357895
52.7	 0.0139291	 0.0138972	 0.230893	 -0.0246674	 0.0241246	 -0.000310986
52.72	 0.0152418	 0.0152109	 0.231248	 -0.0271567	 0.0266224	 -0.000263583
52.74	 0.0165485	 0.0165185	 0.231675	 -0.0296425	 0.029117	 -0.000215786
52.76	 0.0178486	 0.0178196	 0.232174	 -0.0321244	 0.0316079	 -0.000167698
52.78	 0.0191417	 0.0191136	 0.232746	 -0.0346018	 0.0340944	 -0.000119421
52.8	 0.0204274	 0.0204003	 0.233391	 -0.0370742	 0.0365761	 -7.10535e-05
52.82	 0.0217052	 0.021679	 0.234109	 -0.0395409	 0.0390524	 -2.2696e-05
52.84	 0.0229747	 0.0229495	 0.234901	 -0.0420015	 0.0415225	 2.55538e-05
52.86	 0.0242354	 0.0242112	 0.235768	 -0.0444552	 0.0439861	 7.35977e-05
52.88	 0.0254869	 0.0254637	 0.236709	 -0.0469016	 0.0464424	 0.000121338
52.9	 0.0267288	 0.0267066	 0.237724	 -0.0493401	 0.0488909	 0.000168675
52.92	 0.0279607	 0.0279394	 0.238814	 -0.05177	 0.051331	 0.000215512
52.94	 0.0291821	 0.0291618	 0.239979	 -0.054191	 0.0537622	 0.000261752
52.96	 0.0303926	 0.0303734	 0.241219	 -0.0566023	 0.0561839	 0.000307303
52.98	 0.0315919	 0.0315736	 0.242533	 -0.0590034	 0.0585954	 0.00035207
53	 0.0327795	 0.0327622	 0.243922	 -0.0613938	 0.0609964	 0.000395965
53.02	 0.033955	 0.0339387	 0.245385	 -0.063773	 0.0633861	 0.000438898
53.04	 0.035118	 0.0351028	 0.246922	 -0.0661402	 0.065764	 0.000480782
53.06	 0.0362681	 0.036254	 0.248532	 -0.068495	 0.0681294	 0.000521532
53.08	 0.0374051	 0.0373919	 0.250216	 -0.0708366	 0.0704817	 0.000561068
53.1	 0.0385283	 0.0385162	 0.251972	 -0.0731644	 0.0728202	 0.000599308
53.12	 0.0396376	 0.0396265	 0.2538	 -0.0754778	 0.0751442	 0.000636178
53.14	 0.0407325	 0.0407224	 0.255699	 -0.0777761	 0.0774533	 0.000671604
53.16	 0.0418127	 0.0418036	 0.257669	 -0.0800587	 0.0797466	 0.000705517
53.18	 0.0428778	 0.0428697	 0.259708	 -0.082325	 0.0820236	 0.000737853
53.2	 0.0439274	 0.0439204	 0.261817	 -0.0845743	 0.0842836	 0.000768554
53.22	 0.0449613	 0.0449553	 0.263993	 -0.0868058	 0.0865257	 0.000797565
53.24	 0.0459791	 0.0459742	 0.266236	 -0.0890188	 0.0887494	 0.000824837
53.26	 0.0469805	 0.0469766	 0.268546	 -0.0912128	 0.0909539	 0.000850322
53.28	 0.0479652	 0.0479623	 0.27092	 -0.093387	 0.0931385	 0.000873977
53.3	 0.0489327	 0.0489309	 0.273358	 -0.0955408	 0.0953027	 0.000895763
53.32	 0.049883	 0.0498821	 0.275858	 -0.0976735	 0.0974457	 0.000915646
53.34	 0.0508155	 0.0508157	 0.27842	 -0.0997844	 0.0995668	 0.000933597
53.36	 0.0517302	 0.0517313	 0.281042	 -0.101873	 0.101665	 0.000949591
53.38	 0.0526266	 0.0526287	 0.283722	 -0.103938	 0.103741	 0.000963605
53.4	 0.0535044	 0.0535076	 0.286459	 -0.10598	 0.105792	 0.000975624
53.42	 0.0543636	 0.0543677	 0.289251	 -0.107997	 0.107819	 0.000985633
53.44	 0.0552036	 0.0552087	 0.292098	 -0.109988	 0.10982	 0.000993625
53.46	 0.0560244	 0.0560305	 0.294997	 -0.111954	 0.111795	 0.000999594
53.48	 0.0568256	 0.0568327	 0.297947	 -0.113893	 0.113743	 0.00100354
53.5	 0.057607	 0.057615	 0.300946	 -0.115804	 0.115663	 0.00100548
53.52	 0.0583684	 0.0583773	 0.303993	 -0.117687	 0.117555	 0.0010054
53.54	 0.0591094	 0.0591194	 0.307085	 -0.119541	 0.119417	 0.00100334
53.56	 0.0598301	 0.059841	 0.310221	 -0.121365	 0.12125	 0.000999305
53.58	 0.06053	 0.0605418	 0.313399	 -0.123159	 0.123052	 0.000993324
53.6	 0.061209	 0.0612218	 0.316617	 -0.124921	 0.124823	 0.000985428
53.62	 0.061867	 0.0618807	 0.319874	 -0.126652	 0.126562	 0.00097565
53.64	 0.0625036	 0.0625183	 0.323168	 -0.128351	 0.128268	 0.000964027
53.66	 0.0631189	 0.0631344	 0.326496	 -0.130016	 0.129941	 0.000950597
53.68	 0.0637125	 0.0637289	 0.329857	 -0.131648	 0.131579	 0.000935404
53.7	 0.0642843	 0.0643016	 0.333249	 -0.133244	 0.133183	 0.000918495
53.72	 0.0648341	 0.0648524	 0.33667	 -0.134806	 0.13475	 0.00089992
53.74	 0.0653618	 0.065381	 0.340118	 -0.136331	 0.136282	 0.000879735
53.76	 0.0658673	 0.0658873	 0.34359	 -0.137819	 0.137776	 0.000857999
53.78	 0.0663503	 0.0663712	 0.347085	 -0.139269	 0.139232	 0.000834773
53.8	 0.0668109	 0.0668326	 0.350602	 -0.140682	 0.14065	 0.000810126
53.82	 0.0672488	 0.0672714	 0.354137	 -0.142055	 0.142028	 0.000784125
53.84	 0.0676639	 0.0676874	 0.357689	 -0.143388	 0.143366	 0.000756845
53.86	 0.0680563	 0.0680806	 0.361256	 -0.14468	 0.144663	 0.000728363
53.88	 0.0684257	 0.0684508	 0.364835	 -0.145931	 0.145918	 0.000698756
53.9	 0.0687722	 0.0687981	 0.368426	 -0.14714	 0.147131	 0.000668105
53.92	 0.0690955	 0.0691222	 0.372026	 -0.148306	 0.148301	 0.000636491
53.94	 0.0693957	 0.0694231	 0.375632	 -0.149429	 0.149427	 0.000603997
53.96	 0.0696727	 0.0697009	 0.379244	 -0.150507	 0.150508	 0.000570708
53.98	 0.0699264	 0.0699553	 0.382859	 -0.15154	 0.151544	 0.000536711
54	 0.0701569	 0.0701865	 0.386474	 -0.152527	 0.152534	 0.000502095
54.02	 0.0703641	 0.0703943	 0.39009	 -0.153468	 0.153477	 0.000466948
54.04	 0.0705479	 0.0705788	 0.393702	 -0.154362	 0.154373	 0.00043136
54.06	 0.0707084	 0.0707399	 0.397311	 -0.155208	 0.155221	 0.00039542
54.08	 0.0708456	 0.0708777	 0.400913	 -0.156006	 0.15602	 0.000359217
54.1	 0.0709595	 0.0709921	 0.404507	 -0.156755	 0.15677	 0.000322841
54.12	 0.07105	 0.0710832	 0.408092	 -0.157454	 0.15747	 0.00028638
54.14	 0.0711173	 0.0711509	 0.411666	 -0.158103	 0.158121	 0.000249925
54.16	 0.0711613	 0.0711954	 0.415226	 -0.158702	 0.15872	 0.000213561
54.18	 0.071182	 0.0712165	 0.418773	 -0.15925	 0.159268	 0.000177377
54.2	 0.0711796	 0.0712145	 0.422303	 -0.159746	 0.159764	 0.000141456
54.22	 0.071154	 0.0711893	 0.425816	 -0.16019	 0.160208	 0.000105884
54.24	 0.0711053	 0.0711409	 0.429309	 -0.160582	 0.1606	 7.07439e-05
54.26	 0.0710336	 0.0710695	 0.432783	 -0.160921	 0.160938	 3.61197e-05
54.28	 0.070939	 0.0709751	 0.436235	 -0.161207	 0.161223	 2.09328e-06
54.3	 0.0708215	 0.0708579	 0.439664	 -0.16144	 0.161455	 -3.12557e-05
54.32	 0.0706813	 0.0707178	 0.443069	 -0.161618	 0.161632	 -6.38498e-05
54.34	 0.0705184	 0.070555	 0.446448	 -0.161742	 0.161754	 -9.56146e-05
54.36	 0.0703329	 0.0703696	 0.4498	 -0.161812	 0.161822	 -0.000126478
54.38	 0.0701249	 0.0701617	 0.453125	 -0.161826	 0.161834	 -0.000156368
54.4	 0.0698946	 0.0699314	 0.456421	 -0.161784	 0.161791	 -0.000185218
54.42	 0.0696421	 0.0696789	 0.459687	 -0.161687	 0.161691	 -0.000212962
54.44	 0.0693675	 0.0694042	 0.462923	 -0.161534	 0.161535	 -0.000239536
54.46	 0.0690709	 0.0691075	 0.466126	 -0.161324	 0.161323	 -0.000264882
54.48	 0.0687526	 0.068789	 0.469298	 -0.161058	 0.161055	 -0.000288946
54.5	 0.0684126	 0.0684488	 0.472435	 -0.160736	 0.160729	 -0.000311677
54.52	 0.0680511	 0.0680871	 0.475539	 -0.160356	 0.160346	 -0.000333028
54.54	 0.0676684	 0.067704	 0.478608	 -0.15992	 0.159907	 -0.000352954
54.56	 0.0672645	 0.0672998	 0.481642	 -0.159426	 0.15941	 -0.000371412
54.58	 0.0668397	 0.0668746	 0.48464	 -0.158876	 0.158856	 -0.000388365
54.6	 0.0663941	 0.0664286	 0.487601	 -0.158268	 0.158245	 -0.000403782
54.62	 0.065928	 0.065962	 0.490524	 -0.157603	 0.157576	 -0.000417636
54.64	 0.0654416	 0.065475	 0.493411	 -0.156881	 0.156851	 -0.000429906
54.66	 0.064935	 0.0649679	 0.496259	 -0.156102	 0.156068	 -0.000440572
54.68	 0.0644085	 0.0644408	 0.499069	 -0.155267	 0.155228	 -0.00044962
54.7	 0.0638623	 0.0638939	 0.501841	 -0.154374	 0.154331	 -0.000457035
54.72	 0.0632966	 0.0633275	 0.504573	 -0.153425	 0.153378	 -0.000462808
54.74	 0.0627117	 0.0627418	 0.507267	 -0.152419	 0.152368	 -0.000466935
54.76	 0.0621077	 0.062137	 0.50992	 -0.151356	 0.151301	 -0.000469415
54.78	 0.061485	 0.0615134	 0.512535	 -0.150238	 0.150179	 -0.000470255
54.8	 0.0608437	 0.0608712	 0.515109	 -0.149063	 0.149	 -0.000469462
54.82	 0.0601841	 0.0602107	 0.517644	 -0.147833	 0.147765	 -0.000467051
54.84	 0.0595065	 0.0595322	 0.520139	 -0.146548	 0.146475	 -0.000463039
54.86	 0.0588112	 0.0588358	 0.522594	 -0.145207	 0.14513	 -0.000457448
54.88	 0.0580983	 0.0581218	 0.525008	 -0.143811	 0.14373	 -0.000450306
54.9	 0.0573682	 0.0573906	 0.527383	 -0.142361	 0.142276	 -0.000441645
54.92	 0.056621	 0.0566423	 0.529718	 -0.140858	 0.140767	 -0.0004315
54.94	 0.0558572	 0.0558773	 0.532014	 -0.1393	 0.139206	 -0.000419907
54.96	 0.0550769	 0.0550958	 0.534269	 -0.13769	 0.137591	 -0.000406904
54.98	 0.0542805	 0.0542982	 0.536485	 -0.136027	 0.135924	 -0.000392533
55	 0.0534682	 0.0534846	 0.538661	 -0.134313	 0.134204	 -0.00037684
55.02	 0.0526404	 0.0526555	 0.540798	 -0.132546	 0.132434	 -0.000359873
55.04	 0.0517973	 0.051811	 0.542895	 -0.130729	 0.130612	 -0.000341687
55.06	 0.0509392	 0.0509516	 0.544953	 -0.128862	 0.12874	 -0.000322337
55.08	 0.0500665	 0.0500774	 0.546972	 -0.126945	 0.126819	 -0.000301884
55.1	 0.0491793	 0.0491889	 0.548952	 -0.12498	 0.124849	 -0.00028039
55.12	 0.0482781	 0.0482862	 0.550894	 -0.122965	 0.12283	 -0.000257918
55.14	 0.0473631	 0.0473697	 0.552796	 -0.120904	 0.120764	 -0.000234537
55.16	 0.0464346	 0.0464398	 0.554661	 -0.118795	 0.11865	 -0.000210313
55.18	 0.045493	 0.0454966	 0.556487	 -0.11664	 0.116491	 -0.000185319
55.2	 0.0445385	 0.0445406	 0.558275	 -0.11444	 0.114286	 -0.000159625
55.22	 0.0435715	 0.043572	 0.560025	 -0.112195	 0.112036	 -0.000133304
55.24	 0.0425922	 0.0425913	 0.561737	 -0.109906	 0.109743	 -0.00010643
55.26	 0.0416011	 0.0415986	 0.563412	 -0.107574	 0.107407	 -7.90797e-05
55.28	 0.0405984	 0.0405943	 0.565049	 -0.105201	 0.105029	 -5.13289e-05
55.3	 0.0395844	 0.0395788	 0.566649	 -0.102786	 0.102609	 -2.32564e-05
55.32	 0.0385596	 0.0385524	 0.568211	 -0.10033	 0.100149	 5.0582e-06
55.34	 0.0375241	 0.0375154	 0.569736	 -0.0978358	 0.0976502	 3.35349e-05
55.36	 0.0364784	 0.0364682	 0.571225	 -0.0953027	 0.0951127	 6.20935e-05
55.38	 0.0354228	 0.035411	 0.572675	 -0.0927322	 0.0925376	 9.0654e-05
55.4	 0.0343576	 0.0343443	 0.574089	 -0.090125	 0.0899259	 0.000119137
55.42	 0.0332831	 0.0332682	 0.575466	 -0.0874822	 0.0872786	 0.000147463
55.44	 0.0321997	 0.0321833	 0.576806	 -0.0848047	 0.0845966	 0.000175555
55.46	 0.0311076	 0.0310898	 0.578108	 -0.0820935	 0.0818808	 0.000203332
55.48	 0.0300074	 0.029988	 0.579373	 -0.0793495	 0.0791324	 0.000230718
55.5	 0.0288991	 0.0288783	 0.580601	 -0.0765738	 0.0763521	 0.000257634
55.52	 0.0277833	 0.027761	 0.581792	 -0.0737674	 0.0735411	 0.000284003
55.54	 0.0266602	 0.0266364	 0.582945	 -0.0709312	 0.0707004	 0.000309751
55.56	 0.0255301	 0.0255049	 0.58406	 -0.0680663	 0.0678311	 0.000334806
55.58	 0.0243934	 0.0243668	 0.585138	 -0.0651739	 0.0649341	 0.000359097
55.6	 0.0232505	 0.0232225	 0.586177	 -0.0622549	 0.0620106	 0.000382557
55.62	 0.0221016	 0.0220722	 0.587178	 -0.0593106	 0.0590618	 0.000405123
55.64	 0.020947	 0.0209164	 0.588141	 -0.056342	 0.0560886	 0.000426732
55.66	 0.0197872	 0.0197552	 0.589064	 -0.0533501	 0.0530923	 0.000447326
55.68	 0.0186224	 0.0185892	 0.589949	 -0.0503362	 0.0500738	 0.000466848
55.7	 0.0174529	 0.0174185	 0.590794	 -0.0473013	 0.0470344	 0.000485248
55.72	 0.0162792	 0.0162435	 0.591598	 -0.0442466	 0.0439751	 0.000502477
55.74	 0.0151015	 0.0150647	 0.592363	 -0.0411731	 0.0408971	 0.00051849
55.76	 0.0139201	 0.0138822	 0.593087	 -0.0380821	 0.0378015	 0.000533246
55.78	 0.0127354	 0.0126964	 0.593769	 -0.0349746	 0.0346895	 0.000546705
55.8	 0.0115478	 0.0115077	 0.59441	 -0.0318519	 0.0315623	 0.000558833
55.82	 0.0103574	 0.0103164	 0.595008	 -0.0287151	 0.0284209	 0.000569599
55.84	 0.00916481	 0.00912275	 0.595564	 -0.0255654	 0.0252666	 0.000578975
55.86	 0.00797019	 0.00792721	 0.596076	 -0.0224039	 0.0221006	 0.000586937
55.88	 0.00677391	 0.00673004	 0.596545	 -0.019232	 0.0189241	 0.000593463
55.9	 0.00557629	 0.0055316	 0.596969	 -0.0160509	 0.0157383	 0.000598538
55.92	 0.00437767	 0.00433219	 0.597348	 -0.0128617	 0.0125445	 0.000602146
55.94	 0.00317836	 0.00313214	 0.597681	 -0.00966566	 0.00934392	 0.000604277
55.96	 0.00197868	 0.00193177	 0.597969	 -0.00646398	 0.00613764	 0.000604925
55.98	 0.000778961	 0.000731403	 0.598209	 -0.00325782	 0.0029269	 0.000604085
56	 -0.000420487	 -0.000468638	 0.598401	 -4.84087e-05	 -0.000287098	 0.000601757
56.02	 -0.00161934	 -0.00166803	 0.598546	 0.00316306	 -0.00350313	 0.000597946
56.04	 -0.00281727	 -0.00286646	 0.598642	 0.00637536	 -0.00671997	 0.000592659
56.06	 -0.00401395	 -0.00406359	 0.598688	 0.00958728	 -0.0099364	 0.000585908
56.08	 -0.00520907	 -0.00525911	 0.598684	 0.0127976	 -0.0131512	 0.00057771
56.1	 -0.00640229	 -0.00645269	 0.598629	 0.0160052	 -0.0163632	 0.000568086
56.12	 -0.0075933	 -0.007644	 0.598523	 0.0192087	 -0.0195712	 0.000557063
56.14	 -0.00878178	 -0.00883274	 0.598364	 0.0224071	 -0.0227739	 0.000544669
56.16	 -0.0099674	 -0.0100186	 0.598153	 0.0255991	 -0.0259702	 0.000530939
56.18	 -0.0111499	 -0.0112012	 0.597888	 0.0287835	 -0.0291588	 0.00051591
56.2	 -0.0123288	 -0.0123803	 0.597569	 0.031959	 -0.0323386	 0.000499621
56.22	 -0.013504	 -0.0135555	 0.597196	 0.0351245	 -0.0355082	 0.000482116
56.24	 -0.014675	 -0.0147266	 0.596767	 0.0382787	 -0.0386665	 0.000463443
56.26	 -0.0158416	 -0.0158931	 0.596282	 0.0414204	 -0.0418122	 0.00044365
56.28	 -0.0170034	 -0.0170549	 0.59574	 0.0445485	 -0.0449442	 0.00042279
56.3	 -0.0181601	 -0.0182115	 0.595142	 0.0476615	 -0.0480611	 0.000400919
56.32	 -0.0193115	 -0.0193627	 0.594486	 0.0507583	 -0.0511616	 0.000378094
56.34	 -0.0204571	 -0.0205082	 0.593771	 0.0538377	 -0.0542446	 0.000354377
56.36	 -0.0215967	 -0.0216475	 0.592999	 0.0568982	 -0.0573088	 0.000329831
56.38	 -0.0227299	 -0.0227805	 0.592167	 0.0599388	 -0.0603528	 0.000304522
56.4	 -0.0238565	 -0.0239068	 0.591275	 0.0629583	 -0.0633757	 0.000278517
56.42	 -0.0249762	 -0.0250261	 0.590324	 0.0659555	 -0.0663761	 0.000251886
56.44	 -0.0260886	 -0.0261382	 0.589312	 0.0689293	 -0.069353	 0.000224699
56.46	 -0.0271935	 -0.0272426	 0.588239	 0.0718785	 -0.0723052	 0.000197028
56.48	 -0.0282905	 -0.0283392	 0.587106	 0.074802	 -0.0752315	 0.00016895
56.5	 -0.0293794	 -0.0294276	 0.585911	 0.0776987	 -0.078131	 0.000140543
56.52	 -0.0304598	 -0.0305075	 0.584655	 0.0805675	 -0.0810024	 0.000111885
56.54	 -0.0315315	 -0.0315786	 0.583336	 0.0834073	 -0.0838446	 8.30569e-05
56.56	 -0.0325941	 -0.0326407	 0.581956	 0.0862171	 -0.0866567	 5.41403e-05
56.58	 -0.0336474	 -0.0336934	 0.580514	 0.0889957	 -0.0894374	 2.52156e-05
56.6	 -0.034691	 -0.0347364	 0.57901	 0.0917421	 -0.0921858	 -3.6363e-06
56.62	 -0.0357248	 -0.0357695	 0.577444	 0.0944554	 -0.0949007	 -3.23343e-05
56.64	 -0.0367483	 -0.0367923	 0.575815	 0.0971344	 -0.0975813	 -6.07974e-05
56.66	 -0.0377612	 -0.0378046	 0.574125	 0.0997781	 -0.100226	 -8.89456e-05
56.68	 -0.0387634	 -0.038806	 0.572373	 0.102385	 -0.102835	 -0.000116701
56.7	 -0.0397544	 -0.0397963	 0.570559	 0.104956	 -0.105406	 -0.000143985
56.72	 -0.040734	 -0.0407752	 0.568684	 0.107487	 -0.107938	 -0.000170725
56.74	 -0.041702	 -0.0417424	 0.566747	 0.109979	 -0.110431	 -0.000196846
56.76	 -0.0426579	 -0.0426976	 0.56475	 0.112431	 -0.112883	 -0.000222272
56.78	 -0.0436016	 -0.0436405	 0.562692	 0.114841	 -0.115294	 -0.000246932
56.8	 -0.0445328	 -0.0445709	 0.560575	 0.117209	 -0.117662	 -0.000270754
56.82	 -0.0454511	 -0.0454884	 0.558398	 0.119534	 -0.119986	 -0.000293667
56.84	 -0.0463563	 -0.0463928	 0.556162	 0.121815	 -0.122267	 -0.000315606
56.86	 -0.0472482	 -0.0472839	 0.553867	 0.124051	 -0.124502	 -0.000336504
56.88	 -0.0481265	 -0.0481614	 0.551515	 0.126241	 -0.126691	 -0.000356294
56.9	 -0.048991	 -0.049025	 0.549106	 0.128385	 -0.128834	 -0.000374914
56.92	 -0.0498412	 -0.0498745	 0.546641	 0.130482	 -0.13093	 -0.000392302
56.94	 -0.0506771	 -0.0507096	 0.54412	 0.132531	 -0.132977	 -0.000408403
56.96	 -0.0514984	 -0.05153	 0.541544	 0.134531	 -0.134975	 -0.000423164
56.98	 -0.0523047	 -0.0523355	 0.538915	 0.136481	 -0.136924	 -0.00043654
57	 -0.0530958	 -0.0531258	 0.536233	 0.138382	 -0.138822	 -0.000448489
57.02	 -0.0538715	 -0.0539007	 0.533499	 0.140231	 -0.140669	 -0.00045897
57.04	 -0.0546316	 -0.0546599	 0.530714	 0.142029	 -0.142464	 -0.000467947
57.06	 -0.0553757	 -0.0554033	 0.52788	 0.143774	 -0.144206	 -0.000475387
57.08	 -0.0561036	 -0.0561304	 0.524998	 0.145466	 -0.145896	 -0.000481261
57.1	 -0.0568151	 -0.0568411	 0.522068	 0.147105	 -0.147531	 -0.000485543
57.12	 -0.05751	 -0.0575352	 0.519093	 0.14869	 -0.149113	 -0.000488212
57.14	 -0.058188	 -0.0582125	 0.516073	 0.150221	 -0.15064	 -0.000489251
57.16	 -0.0588489	 -0.0588726	 0.51301	 0.151696	 -0.152111	 -0.000488644
57.18	 -0.0594925	 -0.0595154	 0.509904	 0.153116	 -0.153527	 -0.000486379
57.2	 -0.0601185	 -0.0601407	 0.506759	 0.15448	 -0.154887	 -0.00048245
57.22	 -0.0607267	 -0.0607482	 0.503574	 0.155788	 -0.156191	 -0.000476855
57.24	 -0.061317	 -0.0613378	 0.500351	 0.157038	 -0.157437	 -0.000469598
57.26	 -0.0618891	 -0.0619092	 0.497093	 0.158231	 -0.158625	 -0.000460686
57.28	 -0.0624427	 -0.0624622	 0.4938	 0.159367	 -0.159756	 -0.000450127
57.3	 -0.0629778	 -0.0629966	 0.490475	 0.160444	 -0.160828	 -0.000437935
57.32	 -0.0634941	 -0.0635122	 0.487118	 0.161462	 -0.161841	 -0.000424126
57.34	 -0.0639914	 -0.0640089	 0.483731	 0.162421	 -0.162795	 -0.000408719
57.36	 -0.0644696	 -0.0644864	 0.480317	 0.163322	 -0.16369	 -0.00039174
57.38	 -0.0649284	 -0.0649446	 0.476876	 0.164162	 -0.164526	 -0.00037322
57.4	 -0.0653677	 -0.0653833	 0.473411	 0.164944	 -0.165302	 -0.000353197
57.42	 -0.0657873	 -0.0658023	 0.469923	 0.165665	 -0.166018	 -0.000331708
57.44	 -0.066187	 -0.0662014	 0.466414	 0.166326	 -0.166673	 -0.000308799
57.46	 -0.0665667	 -0.0665806	 0.462886	 0.166927	 -0.167269	 -0.000284514
57.48	 -0.0669262	 -0.0669395	 0.45934	 0.167468	 -0.167803	 -0.000258903
57.5	 -0.0672653	 -0.0672781	 0.455779	 0.167948	 -0.168278	 -0.000232019
57.52	 -0.067584	 -0.0675963	 0.452204	 0.168367	 -0.168692	 -0.000203917
57.54	 -0.067882	 -0.0678938	 0.448617	 0.168726	 -0.169045	 -0.000174656
57.56	 -0.0681593	 -0.0681706	 0.445019	 0.169025	 -0.169338	 -0.0001443
57.58	 -0.0684157	 -0.0684265	 0.441413	 0.169263	 -0.169571	 -0.000112913
57.6	 -0.0686511	 -0.0686614	 0.437801	 0.169441	 -0.169743	 -8.05667e-05
57.62	 -0.0688653	 -0.0688752	 0.434183	 0.169558	 -0.169854	 -4.73306e-05
57.64	 -0.0690583	 -0.0690678	 0.430563	 0.169614	 -0.169905	 -1.32786e-05
57.66	 -0.0692299	 -0.069239	 0.426941	 0.16961	 -0.169896	 2.15135e-05
57.68	 -0.0693801	 -0.0693887	 0.42332	 0.169546	 -0.169826	 5.69678e-05
57.7	 -0.0695087	 -0.0695169	 0.419701	 0.169421	 -0.169696	 9.30033e-05
57.72	 -0.0696156	 -0.0696235	 0.416086	 0.169237	 -0.169506	 0.000129536
57.74	 -0.0697009	 -0.0697084	 0.412477	 0.168993	 -0.169257	 0.00016648
57.76	 -0.0697643	 -0.0697715	 0.408875	 0.168689	 -0.168948	 0.000203745
57.78	 -0.0698059	 -0.0698127	 0.405282	 0.168326	 -0.16858	 0.000241245
57.8	 -0.0698255	 -0.069832	 0.4017	 0.167903	 -0.168153	 0.00027889
57.82	 -0.0698232	 -0.0698293	 0.398131	 0.167422	 -0.167667	 0.000316593
57.84	 -0.0697988	 -0.0698046	 0.394576	 0.166883	 -0.167124	 0.000354267
57.86	 -0.0697524	 -0.0697579	 0.391036	 0.166285	 -0.166522	 0.000391824
57.88	 -0.0696839	 -0.0696891	 0.387514	 0.16563	 -0.165863	 0.000429174
57.9	 -0.0695932	 -0.0695981	 0.384011	 0.164918	 -0.165146	 0.000466227
57.92	 -0.0694804	 -0.069485	 0.380528	 0.164148	 -0.164373	 0.000502891
57.94	 -0.0693455	 -0.0693498	 0.377067	 0.163323	 -0.163544	 0.000539078
57.96	 -0.0691883	 -0.0691924	 0.37363	 0.162441	 -0.162659	 0.000574698
57.98	 -0.069009	 -0.0690128	 0.370217	 0.161504	 -0.161719	 0.000609666
58	 -0.0688075	 -0.0688111	 0.36683	 0.160512	 -0.160724	 0.000643894
58.02	 -0.0685839	 -0.0685872	 0.363471	 0.159465	 -0.159675	 0.000677298
58.04	 -0.0683382	 -0.0683412	 0.360141	 0.158365	 -0.158573	 0.000709792
58.06	 -0.0680703	 -0.0680732	 0.356841	 0.157212	 -0.157417	 0.000741296
58.08	 -0.0677804	 -0.067783	 0.353572	 0.156006	 -0.15621	 0.000771729
58.1	 -0.0674685	 -0.0674709	 0.350336	 0.154747	 -0.15495	 0.000801016
58.12	 -0.0671347	 -0.0671368	 0.347133	 0.153438	 -0.153639	 0.000829084
58.14	 -0.0667789	 -0.0667808	 0.343965	 0.152077	 -0.152277	 0.000855859
58.16	 -0.0664013	 -0.066403	 0.340833	 0.150666	 -0.150865	 0.000881269
58.18	 -0.066002	 -0.0660034	 0.337738	 0.149205	 -0.149404	 0.000905239
58.2	 -0.0655809	 -0.0655822	 0.334681	 0.147696	 -0.147895	 0.000927701
58.22	 -0.0651383	 -0.0651394	 0.331662	 0.146138	 -0.146337	 0.000948591
58.24	 -0.0646743	 -0.0646752	 0.328683	 0.144532	 -0.144732	 0.00096785
58.26	 -0.0641888	 -0.0641895	 0.325745	 0.14288	 -0.14308	 0.000985424
58.28	 -0.063682	 -0.0636826	 0.322848	 0.141181	 -0.141382	 0.00100126
58.3	 -0.0631541	 -0.0631545	 0.319993	 0.139437	 -0.139639	 0.00101532
58.32	 -0.0626052	 -0.0626054	 0.317181	 0.137648	 -0.137852	 0.00102754
58.34	 -0.0620354	 -0.0620355	 0.314412	 0.135815	 -0.136021	 0.0010379
58.36	 -0.0614449	 -0.0614448	 0.311688	 0.133939	 -0.134147	 0.00104636
58.38	 -0.0608339	 -0.0608336	 0.309008	 0.132021	 -0.132231	 0.00105289
58.4	 -0.0602024	 -0.060202	 0.306374	 0.130061	 -0.130274	 0.00105746
58.42	 -0.0595507	 -0.0595501	 0.303786	 0.128061	 -0.128276	 0.00106004
58.44	 -0.0588789	 -0.0588783	 0.301244	 0.126021	 -0.126239	 0.00106063
58.46	 -0.0581872	 -0.0581865	 0.298749	 0.123942	 -0.124164	 0.00105919
58.48	 -0.0574759	 -0.0574751	 0.296301	 0.121825	 -0.12205	 0.00105571
58.5	 -0.056745	 -0.0567441	 0.293901	 0.11967	 -0.119899	 0.00105021
58.52	 -0.0559949	 -0.0559939	 0.291549	 0.117479	 -0.117712	 0.00104266
58.54	 -0.0552257	 -0.0552247	 0.289246	 0.115253	 -0.11549	 0.00103308
58.56	 -0.0544376	 -0.0544365	 0.286991	 0.112991	 -0.113234	 0.00102147
58.58	 -0.0536309	 -0.0536298	 0.284784	 0.110697	 -0.110944	 0.00100784
58.6	 -0.0528058	 -0.0528047	 0.282627	 0.108369	 -0.108621	 0.000992212
58.62	 -0.0519626	 -0.0519615	 0.280519	 0.106009	 -0.106266	 0.000974601
58.64	 -0.0511015	 -0.0511004	 0.278461	 0.103619	 -0.103881	 0.000955037
58.66	 -0.0502228	 -0.0502217	 0.276452	 0.101199	 -0.101467	 0.000933551
58.68	 -0.0493267	 -0.0493257	 0.274493	 0.0987495	 -0.0990229	 0.000910176
58.7	 -0.0484135	 -0.0484126	 0.272583	 0.0962722	 -0.0965514	 0.000884951
58.72	 -0.0474836	 -0.0474827	 0.270723	 0.0937678	 -0.094053	 0.000857916
58.74	 -0.0465371	 -0.0465363	 0.268914	 0.0912374	 -0.0915286	 0.000829119
58.76	 -0.0455744	 -0.0455738	 0.267154	 0.0886818	 -0.0889792	 0.00079861
58.78	 -0.0445958	 -0.0445954	 0.265443	 0.0861021	 -0.0864057	 0.000766445
58.8	 -0.0436017	 -0.0436013	 0.263783	 0.0834991	 -0.0838091	 0.000732681
58.82	 -0.0425922	 -0.0425921	 0.262173	 0.0808739	 -0.0811904	 0.000697379
58.84	 -0.0415677	 -0.0415678	 0.260612	 0.0782274	 -0.0785504	 0.000660605
58.86	 -0.0405287	 -0.040529	 0.259101	 0.0755605	 -0.0758901	 0.00062243
58.88	 -0.0394753	 -0.0394759	 0.257639	 0.0728744	 -0.0732107	 0.000582926
58.9	 -0.0384079	 -0.0384088	 0.256227	 0.07017	 -0.070513	 0.000542169
58.92	 -0.0373269	 -0.0373281	 0.254865	 0.0674484	 -0.0677981	 0.000500239
58.94	 -0.0362327	 -0.0362342	 0.253551	 0.0647103	 -0.0650668	 0.000457213
58.96	 -0.0351255	 -0.0351274	 0.252288	 0.0619569	 -0.0623201	 0.000413176
58.98	 -0.0340058	 -0.0340081	 0.251073	 0.059189	 -0.059559	 0.000368214
59	 -0.0328739	 -0.0328766	 0.249907	 0.0564076	 -0.0567844	 0.000322415
59.02	 -0.0317302	 -0.0317333	 0.24879	 0.0536137	 -0.0539972	 0.000275872
59.04	 -0.0305751	 -0.0305786	 0.247722	 0.0508083	 -0.0511985	 0.000228679
59.06	 -0.0294089	 -0.0294129	 0.246702	 0.0479923	 -0.0483892	 0.000180931
59.08	 -0.0282321	 -0.0282366	 0.245731	 0.0451668	 -0.0455703	 0.000132724
59.1	 -0.027045	 -0.02705	 0.244808	 0.0423328	 -0.0427428	 8.4155e-05
59.12	 -0.025848	 -0.0258536	 0.243934	 0.0394912	 -0.0399077	 3.53249e-05
59.14	 -0.0246416	 -0.0246478	 0.243108	 0.0366431	 -0.037066	 -1.36657e-05
59.16	 -0.0234261	 -0.0234329	 0.24233	 0.0337893	 -0.0342185	 -6.27153e-05
59.18	 -0.022202	 -0.0222094	 0.2416	 0.0309309	 -0.0313662	 -0.000111722
59.2	 -0.0209697	 -0.0209777	 0.240918	 0.0280687	 -0.0285101	 -0.000160584
59.22	 -0.0197295	 -0.0197382	 0.240284	 0.0252036	 -0.0256511	 -0.0002092
59.24	 -0.018482	 -0.0184914	 0.239697	 0.0223367	 -0.02279	 -0.000257467
59.26	 -0.0172275	 -0.0172376	 0.239158	 0.0194689	 -0.019928	 -0.000305284
59.28	 -0.0159664	 -0.0159772	 0.238667	 0.0166011	 -0.0170658	 -0.000352551
59.3	 -0.0146992	 -0.0147108	 0.238224	 0.0137343	 -0.0142044	 -0.000399167
59.32	 -0.0134263	 -0.0134386	 0.237828	 0.0108693	 -0.0113447	 -0.000445035
59.34	 -0.0121481	 -0.0121613	 0.23748	 0.00800698	 -0.00848756	 -0.000490059
59.36	 -0.0108652	 -0.0108791	 0.237179	 0.00514834	 -0.00563392	 -0.000534142
59.38	 -0.00957781	 -0.00959259	 0.236926	 0.00229428	 -0.00278471	 -0.000577188
59.4	 -0.00828653	 -0.00830214	 0.236721	 -0.000554242	 5.91491e-05	 -0.000619099
59.42	 -0.00699176	 -0.00700822	 0.236563	 -0.0033963	 0.00289671	 -0.000659785
59.44	 -0.00569394	 -0.00571127	 0.236453	 -0.00623099	 0.00572708	 -0.000699154
59.46	 -0.00439352	 -0.00441173	 0.236391	 -0.00905748	 0.00854943	 -0.00073712
59.48	 -0.00309095	 -0.00311005	 0.236377	 -0.0118749	 0.0113629	 -0.000773602
59.5	 -0.00178667	 -0.00180666	 0.23641	 -0.0146825	 0.0141668	 -0.00080852
59.52	 -0.000481126	 -0.000502022	 0.236492	 -0.0174795	 0.0169601	 -0.000841796
59.54	 0.000825233	 0.000803425	 0.236621	 -0.0202649	 0.0197421	 -0.000873357
59.56	 0.00213195	 0.00210923	 0.236799	 -0.0230379	 0.0225119	 -0.00090313
59.58	 0.00343858	 0.00341493	 0.237025	 -0.0257977	 0.0252687	 -0.000931047
59.6	 0.00474465	 0.00472008	 0.2373	 -0.0285435	 0.0280116	 -0.000957044
59.62	 0.00604972	 0.00602422	 0.237623	 -0.0312745	 0.03074	 -0.000981062
59.64	 0.00735333	 0.00732691	 0.237995	 -0.0339899	 0.033453	 -0.00100305
59.66	 0.00865504	 0.00862769	 0.238416	 -0.0366891	 0.0361499	 -0.00102294
59.68	 0.00995439	 0.00992612	 0.238886	 -0.0393712	 0.0388299	 -0.0010407
59.7	 0.0112509	 0.0112218	 0.239405	 -0.0420354	 0.0414923	 -0.00105629
59.72	 0.0125442	 0.0125141	 0.239974	 -0.0446812	 0.0441364	 -0.00106965
59.74	 0.0138338	 0.0138028	 0.240592	 -0.0473076	 0.0467614	 -0.00108076
59.76	 0.0151193	 0.0150874	 0.24126	 -0.0499142	 0.0493667	 -0.00108959
59.78	 0.0164001	 0.0163674	 0.241977	 -0.0525003	 0.0519517	 -0.00109612
59.8	 0.017676	 0.0176423	 0.242745	 -0.055065	 0.0545155	 -0.00110031
59.82	 0.0189463	 0.0189119	 0.243563	 -0.0576079	 0.0570577	 -0.00110217
59.84	 0.0202108	 0.0201755	 0.244432	 -0.060128	 0.0595773	 -0.00110167
59.86	 0.0214689	 0.0214328	 0.245352	 -0.0626248	 0.0620738	 -0.00109881
59.88	 0.0227203	 0.0226833	 0.246322	 -0.0650976	 0.0645464	 -0.00109358
59.9	 0.0239644	 0.0239267	 0.247343	 -0.0675457	 0.0669945	 -0.00108598
59.92	 0.0252009	 0.0251624	 0.248416	 -0.0699686	 0.0694176	 -0.00107604
59.94	 0.0264293	 0.0263901	 0.24954	 -0.0723656	 0.071815	 -0.00106375
59.96	 0.0276493	 0.0276094	 0.250715	 -0.0747363	 0.0741862	 -0.00104915
59.98	 0.0288603	 0.0288197	 0.251942	 -0.07708	 0.0765306	 -0.00103224
60	 0.030062	 0.0300208	 0.253221	 -0.0793962	 0.0788477	 -0.00101306
60.02	 0.031254	 0.0312121	 0.254552	 -0.0816844	 0.0811369	 -0.000991644
60.04	 0.0324358	 0.0323934	 0.255935	 -0.0839441	 0.0833977	 -0.000968031
60.06	 0.0336071	 0.0335641	 0.25737	 -0.0861747	 0.0856296	 -0.000942263
60.08	 0.0347674	 0.0347239	 0.258856	 -0.0883758	 0.0878321	 -0.00091439
60.1	 0.0359163	 0.0358724	 0.260395	 -0.0905468	 0.0900047	 -0.000884462
60.12	 0.0370535	 0.0370091	 0.261986	 -0.0926872	 0.0921468	 -0.000852536
60.14	 0.0381785	 0.0381337	 0.263628	 -0.0947967	 0.0942581	 -0.000818677
60.16	 0.039291	 0.0392458	 0.265323	 -0.0968748	 0.0963381	 -0.000782949
60.18	 0.0403905	 0.040345	 0.267069	 -0.0989211	 0.0983864	 -0.000745424
60.2	 0.0414767	 0.041431	 0.268867	 -0.100935	 0.100403	 -0.000706173
60.22	 0.0425493	 0.0425033	 0.270717	 -0.102916	 0.102386	 -0.000665273
60.24	 0.0436078	 0.0435616	 0.272618	 -0.104864	 0.104337	 -0.000622801
60.26	 0.0446519	 0.0446055	 0.274571	 -0.106779	 0.106254	 -0.00057884
60.28	 0.0456813	 0.0456347	 0.276574	 -0.108659	 0.108137	 -0.000533476
60.3	 0.0466955	 0.0466489	 0.278629	 -0.110505	 0.109986	 -0.000486801
60.32	 0.0476942	 0.0476476	 0.280734	 -0.112317	 0.1118	 -0.000438905
60.34	 0.0486772	 0.0486305	 0.28289	 -0.114093	 0.113579	 -0.000389882
60.36	 0.049644	 0.0495974	 0.285096	 -0.115834	 0.115323	 -0.000339829
60.38	 0.0505943	 0.0505478	 0.287352	 -0.117539	 0.117031	 -0.000288845
60.4	 0.0515279	 0.0514815	 0.289657	 -0.119207	 0.118704	 -0.000237031
60.42	 0.0524443	 0.0523981	 0.292011	 -0.12084	 0.120339	 -0.000184493
60.44	 0.0533433	 0.0532973	 0.294414	 -0.122435	 0.121939	 -0.000131337
60.46	 0.0542246	 0.0541788	 0.296864	 -0.123993	 0.1235	 -7.76704e-05
60.48	 0.0550879	 0.0550424	 0.299362	 -0.125514	 0.125025	 -2.36008e-05
60.5	 0.0559328	 0.0558877	 0.301908	 -0.126997	 0.126512	 3.07628e-05
60.52	 0.0567591	 0.0567144	 0.304499	 -0.128441	 0.12796	 8.53101e-05
60.54	 0.0575665	 0.0575222	 0.307136	 -0.129847	 0.129371	 0.00013993
60.56	 0.0583548	 0.0583109	 0.309819	 -0.131215	 0.130742	 0.000194514
60.58	 0.0591236	 0.0590802	 0.312545	 -0.132543	 0.132075	 0.00024895
60.6	 0.0598727	 0.0598298	 0.315316	 -0.133832	 0.133369	 0.000303133
60.62	 0.0606018	 0.0605595	 0.318129	 -0.135081	 0.134623	 0.000356956
60.64	 0.0613107	 0.0612691	 0.320984	 -0.136291	 0.135837	 0.000410309
60.66	 0.0619992	 0.0619583	 0.323881	 -0.13746	 0.137011	 0.000463086
60.68	 0.062667	 0.0626268	 0.326818	 -0.138589	 0.138145	 0.000515178
60.7	 0.063314	 0.0632745	 0.329794	 -0.139677	 0.139238	 0.00056648
60.72	 0.0639397	 0.063901	 0.332809	 -0.140725	 0.140291	 0.000616888
60.74	 0.0645442	 0.0645063	 0.335862	 -0.141731	 0.141302	 0.000666302
60.76	 0.0651271	 0.06509	 0.338951	 -0.142695	 0.142272	 0.000714621
60.78	 0.0656882	 0.0656521	 0.342075	 -0.143618	 0.143201	 0.00076175
60.8	 0.0662274	 0.0661922	 0.345234	 -0.1445	 0.144087	 0.000807594
60.82	 0.0667445	 0.0667103	 0.348425	 -0.145339	 0.144932	 0.00085206
60.84	 0.0672394	 0.0672061	 0.351648	 -0.146136	 0.145735	 0.000895062
60.86	 0.0677117	 0.0676795	 0.354903	 -0.14689	 0.146495	 0.000936514
60.88	 0.0681615	 0.0681303	 0.358186	 -0.147602	 0.147213	 0.000976337
60.9	 0.0685885	 0.0685584	 0.361498	 -0.14827	 0.147888	 0.00101445
60.92	 0.0689927	 0.0689637	 0.364836	 -0.148896	 0.14852	 0.00105079
60.94	 0.0693737	 0.0693459	 0.3682	 -0.149478	 0.149108	 0.00108526
60.96	 0.0697317	 0.069705	 0.371587	 -0.150017	 0.149653	 0.00111782
60.98	 0.0700664	 0.0700408	 0.374998	 -0.150512	 0.150155	 0.00114838
61	 0.0703777	 0.0703534	 0.378429	 -0.150963	 0.150613	 0.0011769
61.02	 0.0706655	 0.0706424	 0.38188	 -0.151371	 0.151027	 0.00120331
61.04	 0.0709298	 0.0709079	 0.38535	 -0.151734	 0.151397	 0.00122758
61.06	 0.0711705	 0.0711498	 0.388836	 -0.152053	 0.151723	 0.00124964
61.08	 0.0713874	 0.0713681	 0.392337	 -0.152328	 0.152005	 0.00126946
61.1	 0.0715806	 0.0715625	 0.395851	 -0.152558	 0.152242	 0.001287
61.12	 0.07175	 0.0717332	 0.399378	 -0.152744	 0.152435	 0.00130222
61.14	 0.0718955	 0.07188	 0.402915	 -0.152885	 0.152584	 0.0013151
61.16	 0.0720171	 0.0720029	 0.406461	 -0.152982	 0.152688	 0.00132561
61.18	 0.0721148	 0.0721018	 0.410014	 -0.153034	 0.152747	 0.00133373
61.2	 0.0721884	 0.0721768	 0.413572	 -0.153041	 0.152762	 0.00133944
61.22	 0.0722381	 0.0722278	 0.417135	 -0.153004	 0.152732	 0.00134274
61.24	 0.0722638	 0.0722548	 0.4207	 -0.152922	 0.152658	 0.00134362
61.26	 0.0722655	 0.0722579	 0.424266	 -0.152795	 0.152539	 0.00134208
61.28	 0.0722433	 0.0722369	 0.42783	 -0.152624	 0.152376	 0.00133813
61.3	 0.072197	 0.072192	 0.431392	 -0.152408	 0.152168	 0.00133178
61.32	 0.0721268	 0.0721231	 0.43495	 -0.152147	 0.151915	 0.00132304
61.34	 0.0720327	 0.0720303	 0.438502	 -0.151842	 0.151618	 0.00131193
61.36	 0.0719148	 0.0719136	 0.442047	 -0.151493	 0.151277	 0.00129848
61.38	 0.071773	 0.0717731	 0.445582	 -0.151098	 0.150891	 0.00128271
61.4	 0.0716074	 0.0716088	 0.449106	 -0.150659	 0.15046	 0.00126467
61.42	 0.0714182	 0.0714209	 0.452618	 -0.150176	 0.149985	 0.00124439
61.44	 0.0712053	 0.0712092	 0.456116	 -0.149648	 0.149465	 0.00122192
61.46	 0.0709689	 0.070974	 0.459599	 -0.149076	 0.148901	 0.00119731
61.48	 0.070709	 0.0707153	 0.463064	 -0.14846	 0.148293	 0.0011706
61.5	 0.0704257	 0.0704333	 0.46651	 -0.147799	 0.147641	 0.00114186
61.52	 0.0701192	 0.0701279	 0.469936	 -0.147095	 0.146944	 0.00111114
61.54	 0.0697895	 0.0697995	 0.473341	 -0.146346	 0.146204	 0.00107852
61.56	 0.0694369	 0.069448	 0.476721	 -0.145554	 0.14542	 0.00104406
61.58	 0.0690613	 0.0690736	 0.480078	 -0.144717	 0.144592	 0.00100784
61.6	 0.0686631	 0.0686764	 0.483407	 -0.143838	 0.14372	 0.000969929
61.62	 0.0682422	 0.0682567	 0.486709	 -0.142915	 0.142805	 0.000930417
61.64	 0.067799	 0.0678145	 0.489982	 -0.141949	 0.141847	 0.00088938
61.66	 0.0673335	 0.06735	 0.493224	 -0.14094	 0.140847	 0.000846904
61.68	 0.0668459	 0.0668634	 0.496434	 -0.139889	 0.139803	 0.000803078
61.7	 0.0663363	 0.0663549	 0.499611	 -0.138795	 0.138717	 0.000757991
61.72	 0.0658051	 0.0658246	 0.502754	 -0.137659	 0.137589	 0.000711739
61.74	 0.0652523	 0.0652727	 0.50586	 -0.136481	 0.136419	 0.000664418
61.76	 0.0646782	 0.0646995	 0.50893	 -0.135262	 0.135208	 0.000616129
61.78	 0.0640829	 0.0641052	 0.511961	 -0.134002	 0.133955	 0.00056697
61.8	 0.0634668	 0.0634899	 0.514952	 -0.132701	 0.132661	 0.000517043
61.82	 0.06283	 0.0628539	 0.517903	 -0.131359	 0.131327	 0.000466452
61.84	 0.0621727	 0.0621974	 0.520813	 -0.129977	 0.129952	 0.000415299
61.86	 0.0614952	 0.0615206	 0.523679	 -0.128555	 0.128537	 0.000363689
61.88	 0.0607977	 0.0608239	 0.526502	 -0.127093	 0.127083	 0.000311728
61.9	 0.0600805	 0.0601073	 0.529279	 -0.125593	 0.125589	 0.000259518
61.92	 0.0593438	 0.0593713	 0.532011	 -0.124054	 0.124056	 0.000207167
61.94	 0.0585878	 0.058616	 0.534697	 -0.122476	 0.122485	 0.000154778
61.96	 0.0578129	 0.0578417	 0.537335	 -0.120861	 0.120876	 0.000102459
61.98	 0.0570193	 0.0570486	 0.539924	 -0.119208	 0.119229	 5.03158e-05
62	 0.0562073	 0.0562372	 0.542465	 -0.117518	 0.117545	 -1.54318e-06
62.02	 0.0553772	 0.0554075	 0.544955	 -0.115791	 0.115824	 -5.30125e-05
62.04	 0.0545293	 0.0545601	 0.547395	 -0.114029	 0.114068	 -0.000103988
62.06	 0.0536638	 0.053695	 0.549784	 -0.112231	 0.112275	 -0.000154369
62.08	 0.0527811	 0.0528127	 0.552121	 -0.110398	 0.110447	 -0.000204056
62.1	 0.0518815	 0.0519134	 0.554405	 -0.108531	 0.108585	 -0.000252949
62.12	 0.0509652	 0.0509975	 0.556636	 -0.10663	 0.106688	 -0.000300954
62.14	 0.0500326	 0.0500652	 0.558813	 -0.104696	 0.104758	 -0.000347974
62.16	 0.0490841	 0.049117	 0.560937	 -0.102728	 0.102795	 -0.000393918
62.18	 0.0481199	 0.048153	 0.563005	 -0.100729	 0.1008	 -0.000438697
62.2	 0.0471403	 0.0471736	 0.565019	 -0.098698	 0.0987724	 -0.000482224
62.22	 0.0461458	 0.0461792	 0.566978	 -0.096636	 0.0967138	 -0.000524416
62.24	 0.0451366	 0.0451702	 0.568881	 -0.0945436	 0.0946245	 -0.00056519
62.26	 0.0441131	 0.0441468	 0.570728	 -0.0924215	 0.0925052	 -0.000604467
62.28	 0.0430756	 0.0431094	 0.572519	 -0.0902703	 0.0903566	 -0.000642171
62.3	 0.0420246	 0.0420584	 0.574254	 -0.0880907	 0.0881793	 -0.00067823
62.32	 0.0409603	 0.0409941	 0.575932	 -0.0858833	 0.085974	 -0.000712576
62.34	 0.0398832	 0.0399169	 0.577553	 -0.0836489	 0.0837413	 -0.000745146
62.36	 0.0387936	 0.0388272	 0.579118	 -0.0813882	 0.0814819	 -0.00077588
62.38	 0.0376918	 0.0377254	 0.580626	 -0.0791017	 0.0791966	 -0.000804724
62.4	 0.0365783	 0.0366117	 0.582076	 -0.0767901	 0.0768859	 -0.000831626
62.42	 0.0354534	 0.0354867	 0.58347	 -0.0744543	 0.0745505	 -0.000856537
62.44	 0.0343175	 0.0343506	 0.584807	 -0.0720947	 0.0721912	 -0.000879416
62.46	 0.033171	 0.0332039	 0.586087	 -0.0697121	 0.0698086	 -0.000900225
62.48	 0.0320143	 0.0320469	 0.587309	 -0.0673073	 0.0674034	 -0.00091893
62.5	 0.0308477	 0.03088	 0.588475	 -0.0648809	 0.0649764	 -0.000935503
62.52	 0.0296717	 0.0297037	 0.589585	 -0.0624337	 0.0625281	 -0.000949921
62.54	 0.0284866	 0.0285182	 0.590637	 -0.0599663	 0.0600595	 -0.000962163
62.56	 0.0272929	 0.0273241	 0.591633	 -0.0574795	 0.0575712	 -0.000972215
62.58	 0.0260908	 0.0261216	 0.592573	 -0.0549741	 0.0550639	 -0.000980067
62.6	 0.0248809	 0.0249113	 0.593457	 -0.0524508	 0.0525384	 -0.000985714
62.62	 0.0236635	 0.0236934	 0.594284	 -0.0499103	 0.0499955	 -0.000989152
62.64	 0.022439	 0.0224684	 0.595056	 -0.0473534	 0.0474358	 -0.000990384
62.66	 0.0212079	 0.0212367	 0.595773	 -0.0447808	 0.0448602	 -0.000989416
62.68	 0.0199704	 0.0199987	 0.596434	 -0.0421933	 0.0422694	 -0.000986259
62.7	 0.0187271	 0.0187547	 0.59704	 -0.0395916	 0.0396641	 -0.00098093
62.72	 0.0174783	 0.0175053	 0.597591	 -0.0369766	 0.0370451	 -0.000973449
62.74	 0.0162244	 0.0162508	 0.598088	 -0.0343489	 0.0344133	 -0.000963842
62.76	 0.0149659	 0.0149915	 0.598531	 -0.0317093	 0.0317693	 -0.000952137
62.78	 0.0137031	 0.013728	 0.598919	 -0.0290586	 0.0291139	 -0.000938367
62.8	 0.0124365	 0.0124606	 0.599254	 -0.0263976	 0.026448	 -0.000922568
62.82	 0.0111664	 0.0111897	 0.599536	 -0.0237271	 0.0237723	 -0.000904781
62.84	 0.00989322	 0.0099158	 0.599764	 -0.0210479	 0.0210876	 -0.00088505
62.86	 0.00861745	 0.0086392	 0.59994	 -0.0183608	 0.0183948	 -0.000863426
62.88	 0.00733946	 0.00736035	 0.600063	 -0.0156668	 0.0156948	 -0.000839965
62.9	 0.00605965	 0.00607967	 0.600134	 -0.0129665	 0.0129883	 -0.000814722
62.92	 0.00477843	 0.00479755	 0.600153	 -0.0102608	 0.0102762	 -0.000787761
62.94	 0.0034962	 0.00351439	 0.600121	 -0.0075506	 0.00755933	 -0.000759145
62.96	 0.00221337	 0.00223062	 0.600037	 -0.00483655	 0.00483838	 -0.000728942
62.98	 0.000930338	 0.000946618	 0.599902	 -0.00211948	 0.00211419	 -0.000697224
63	 -0.000352486	 -0.000337196	 0.599717	 0.000599819	 -0.000612426	 -0.000664064
63.02	 -0.0016347	 -0.00162042	 0.599481	 0.00332054	 -0.00334068	 -0.000629542
63.04	 -0.00291589	 -0.00290265	 0.599195	 0.0060419	 -0.00606976	 -0.000593737
63.06	 -0.00419567	 -0.00418348	 0.598859	 0.00876315	 -0.00879892	 -0.00055673
63.08	 -0.00547361	 -0.0054625	 0.598474	 0.0114835	 -0.0115274	 -0.000518605
63.1	 -0.00674933	 -0.00673932	 0.598039	 0.0142023	 -0.0142544	 -0.000479447
63.12	 -0.00802243	 -0.00801353	 0.597556	 0.0169186	 -0.0169792	 -0.000439341
63.14	 -0.00929249	 -0.00928473	 0.597024	 0.0196319	 -0.019701	 -0.000398379
63.16	 -0.0105591	 -0.0105525	 0.596443	 0.0223412	 -0.0224191	 -0.00035665
63.18	 -0.011822	 -0.0118165	 0.595814	 0.0250459	 -0.0251327	 -0.000314247
63.2	 -0.0130806	 -0.0130763	 0.595138	 0.0277453	 -0.027841	 -0.000271265
63.22	 -0.0143346	 -0.0143315	 0.594413	 0.0304384	 -0.0305433	 -0.000227797
63.24	 -0.0155836	 -0.0155818	 0.593642	 0.0331246	 -0.0332388	 -0.000183936
63.26	 -0.0168272	 -0.0168267	 0.592823	 0.0358032	 -0.0359267	 -0.000139779
63.28	 -0.0180651	 -0.0180658	 0.591957	 0.0384731	 -0.0386061	 -9.542e-05
63.3	 -0.0192968	 -0.0192987	 0.591044	 0.0411337	 -0.0412762	 -5.09544e-05
63.32	 -0.0205219	 -0.0205252	 0.590085	 0.043784	 -0.0439361	 -6.47838e-06
63.34	 -0.0217401	 -0.0217447	 0.58908	 0.0464231	 -0.0465849	 3.7913e-05
63.36	 -0.0229511	 -0.0229569	 0.588028	 0.0490502	 -0.0492218	 8.21254e-05
63.38	 -0.0241543	 -0.0241614	 0.586931	 0.0516645	 -0.0518459	 0.000126066
63.4	 -0.0253494	 -0.0253579	 0.585787	 0.0542651	 -0.0544563	 0.000169643
63.42	 -0.0265362	 -0.0265459	 0.584598	 0.0568512	 -0.0570523	 0.000212767
63.44	 -0.0277141	 -0.0277252	 0.583364	 0.059422	 -0.059633	 0.000255349
63.46	 -0.0288829	 -0.0288953	 0.582084	 0.0619766	 -0.0621977	 0.000297302
63.48	 -0.0300422	 -0.0300559	 0.580759	 0.0645144	 -0.0647454	 0.000338544
63.5	 -0.0311916	 -0.0312067	 0.57939	 0.0670345	 -0.0672755	 0.000378994
63.52	 -0.0323308	 -0.0323472	 0.577975	 0.0695362	 -0.0697872	 0.000418573
63.54	 -0.0334595	 -0.0334772	 0.576516	 0.0720187	 -0.0722797	 0.000457204
63.56	 -0.0345772	 -0.0345963	 0.575012	 0.0744813	 -0.0747523	 0.000494816
63.58	 -0.0356836	 -0.035704	 0.573464	 0.0769234	 -0.0772043	 0.000531333
63.6	 -0.0367785	 -0.0368002	 0.571871	 0.0793441	 -0.079635	 0.000566689
63.62	 -0.0378614	 -0.0378845	 0.570235	 0.0817429	 -0.0820436	 0.000600814
63.64	 -0.0389321	 -0.0389564	 0.568554	 0.084119	 -0.0844296	 0.000633646
63.66	 -0.0399901	 -0.0400158	 0.56683	 0.0864716	 -0.086792	 0.000665125
63.68	 -0.0410352	 -0.0410622	 0.565062	 0.0888001	 -0.0891302	 0.000695192
63.7	 -0.042067	 -0.0420953	 0.56325	 0.0911036	 -0.0914434	 0.000723791
63.72	 -0.0430852	 -0.0431148	 0.561396	 0.0933813	 -0.0937307	 0.000750871
63.74	 -0.0440895	 -0.0441204	 0.559498	 0.0956323	 -0.0959913	 0.000776383
63.76	 -0.0450796	 -0.0451118	 0.557557	 0.097856	 -0.0982244	 0.000800283
63.78	 -0.0460551	 -0.0460886	 0.555573	 0.100052	 -0.100429	 0.000822531
63.8	 -0.0470158	 -0.0470505	 0.553548	 0.102218	 -0.102605	 0.000843094
63.82	 -0.0479614	 -0.0479973	 0.551479	 0.104355	 -0.104751	 0.000861941
63.84	 -0.0488915	 -0.0489287	 0.549369	 0.106462	 -0.106867	 0.000879045
63.86	 -0.0498058	 -0.0498442	 0.547217	 0.108538	 -0.108952	 0.000894385
63.88	 -0.0507042	 -0.0507438	 0.545023	 0.110582	 -0.111005	 0.000907944
63.9	 -0.0515863	 -0.0516271	 0.542788	 0.112594	 -0.113026	 0.000919708
63.92	 -0.0524519	 -0.0524938	 0.540512	 0.114573	 -0.115013	 0.00092967
63.94	 -0.0533007	 -0.0533437	 0.538194	 0.116519	 -0.116967	 0.000937824
63.96	 -0.0541323	 -0.0541765	 0.535837	 0.11843	 -0.118887	 0.000944167
63.98	 -0.0549467	 -0.054992	 0.533439	 0.120307	 -0.120772	 0.000948697
64	 -0.0557434	 -0.0557897	 0.531001	 0.122148	 -0.122621	 0.000951418
64.02	 -0.0565222	 -0.0565696	 0.528524	 0.123953	 -0.124434	 0.000952337
64.04	 -0.0572829	 -0.0573314	 0.526007	 0.125721	 -0.126209	 0.000951466
64.06	 -0.0580253	 -0.0580748	 0.523453	 0.127451	 -0.127947	 0.000948821
64.08	 -0.0587491	 -0.0587995	 0.520859	 0.129144	 -0.129647	 0.000944423
64.1	 -0.059454	 -0.0595054	 0.518229	 0.130797	 -0.131308	 0.000938297
64.12	 -0.0601399	 -0.0601922	 0.515561	 0.132412	 -0.132929	 0.000930469
64.14	 -0.0608065	 -0.0608597	 0.512856	 0.133986	 -0.134511	 0.000920974
64.16	 -0.0614536	 -0.0615077	 0.510115	 0.135521	 -0.136052	 0.000909846
64.18	 -0.0620811	 -0.0621359	 0.507339	 0.137014	 -0.137552	 0.000897127
64.2	 -0.0626886	 -0.0627443	 0.504527	 0.138467	 -0.139011	 0.000882858
64.22	 -0.063276	 -0.0633324	 0.501681	 0.139877	 -0.140427	 0.000867088
64.24	 -0.0638432	 -0.0639003	 0.498801	 0.141244	 -0.1418	 0.000849863
64.26	 -0.0643898	 -0.0644477	 0.495888	 0.142569	 -0.14313	 0.000831236
64.28	 -0.0649158	 -0.0649743	 0.492942	 0.143849	 -0.144416	 0.000811261
64.3	 -0.065421	 -0.0654801	 0.489965	 0.145085	 -0.145658	 0.000789996
64.32	 -0.0659052	 -0.0659649	 0.486957	 0.146276	 -0.146854	 0.000767503
64.34	 -0.0663683	 -0.0664286	 0.483918	 0.147423	 -0.148005	 0.000743845
64.36	 -0.0668101	 -0.0668709	 0.480851	 0.148523	 -0.14911	 0.00071909
64.38	 -0.0672304	 -0.0672917	 0.477754	 0.149577	 -0.150169	 0.000693302
64.4	 -0.0676292	 -0.0676909	 0.47463	 0.150585	 -0.151181	 0.000666551
64.42	 -0.0680063	 -0.0680684	 0.47148	 0.151546	 -0.152146	 0.000638907
64.44	 -0.0683616	 -0.0684241	 0.468303	 0.152459	 -0.153063	 0.000610439
64.46	 -0.0686949	 -0.0687577	 0.465102	 0.153325	 -0.153933	 0.000581223
64.48	 -0.0690061	 -0.0690693	 0.461877	 0.154142	 -0.154753	 0.000551332
64.5	 -0.0692952	 -0.0693586	 0.458629	 0.154911	 -0.155526	 0.000520843
64.52	 -0.069562	 -0.0696256	 0.455359	 0.155631	 -0.156249	 0.000489831
64.54	 -0.0698064	 -0.0698702	 0.452069	 0.156302	 -0.156922	 0.000458375
64.56	 -0.0700284	 -0.0700924	 0.448759	 0.156924	 -0.157547	 0.000426551
64.58	 -0.0702279	 -0.070292	 0.44543	 0.157496	 -0.158121	 0.000394436
64.6	 -0.0704048	 -0.0704689	 0.442084	 0.158018	 -0.158645	 0.000362107
64.62	 -0.070559	 -0.0706232	 0.438722	 0.158489	 -0.159118	 0.000329642
64.64	 -0.0706906	 -0.0707547	 0.435345	 0.15891	 -0.15954	 0.000297117
64.66	 -0.0707993	 -0.0708634	 0.431955	 0.15928	 -0.159912	 0.000264611
64.68	 -0.0708853	 -0.0709493	 0.428551	 0.159599	 -0.160231	 0.000232199
64.7	 -0.0709484	 -0.0710123	 0.425137	 0.159866	 -0.1605	 0.000199956
64.72	 -0.0709886	 -0.0710524	 0.421713	 0.160082	 -0.160717	 0.000167956
64.74	 -0.071006	 -0.0710696	 0.41828	 0.160247	 -0.160882	 0.000136271
64.76	 -0.0710005	 -0.0710639	 0.414839	 0.160359	 -0.160995	 0.00010497
64.78	 -0.0709721	 -0.0710352	 0.411393	 0.16042	 -0.161055	 7.41225e-05
64.8	 -0.0709208	 -0.0709836	 0.407942	 0.160429	 -0.161064	 4.37984e-05
64.82	 -0.0708467	 -0.0709092	 0.404488	 0.160385	 -0.16102	 1.40655e-05
64.84	 -0.0707497	 -0.0708118	 0.401032	 0.16029	 -0.160924	 -1.50098e-05
64.86	 -0.0706298	 -0.0706915	 0.397576	 0.160142	 -0.160776	 -4.3364e-05
64.88	 -0.0704872	 -0.0705485	 0.394121	 0.159942	 -0.160575	 -7.09372e-05
64.9	 -0.0703218	 -0.0703826	 0.390668	 0.15969	 -0.160321	 -9.76729e-05
64.92	 -0.0701337	 -0.070194	 0.387219	 0.159386	 -0.160016	 -0.000123517
64.94	 -0.069923	 -0.0699827	 0.383776	 0.15903	 -0.159657	 -0.000148419
64.96	 -0.0696896	 -0.0697488	 0.380339	 0.158621	 -0.159247	 -0.000172326
64.98	 -0.0694338	 -0.0694924	 0.376911	 0.15816	 -0.158784	 -0.000195192
65	 -0.0691555	 -0.0692134	 0.373492	 0.157648	 -0.158269	 -0.000216969
65.02	 -0.0688548	 -0.0689121	 0.370085	 0.157084	 -0.157702	 -0.000237618
65.04	 -0.0685319	 -0.0685885	 0.36669	 0.156468	 -0.157084	 -0.000257099
65.06	 -0.0681869	 -0.0682427	 0.36331	 0.1558	 -0.156413	 -0.000275376
65.08	 -0.0678197	 -0.0678749	 0.359945	 0.155081	 -0.155691	 -0.000292415
65.1	 -0.0674307	 -0.067485	 0.356598	 0.154311	 -0.154918	 -0.000308187
65.12	 -0.0670199	 -0.0670734	 0.353269	 0.15349	 -0.154093	 -0.000322661
65.14	 -0.0665873	 -0.06664	 0.34996	 0.152618	 -0.153217	 -0.000335816
65.16	 -0.0661333	 -0.066185	 0.346673	 0.151695	 -0.152291	 -0.000347635
65.18	 -0.0656578	 -0.0657087	 0.343409	 0.150722	 -0.151314	 -0.000358106
65.2	 -0.0651611	 -0.0652111	 0.340169	 0.149699	 -0.150286	 -0.000367222
65.22	 -0.0646433	 -0.0646923	 0.336955	 0.148626	 -0.149208	 -0.000374976
65.24	 -0.0641046	 -0.0641526	 0.333768	 0.147503	 -0.148081	 -0.000381364
65.26	 -0.0635451	 -0.0635921	 0.33061	 0.146331	 -0.146904	 -0.000386383
65.28	 -0.062965	 -0.0630111	 0.327482	 0.145109	 -0.145678	 -0.000390033
65.3	 -0.0623646	 -0.0624096	 0.324385	 0.143839	 -0.144403	 -0.000392319
65.32	 -0.061744	 -0.0617879	 0.321321	 0.142521	 -0.14308	 -0.000393249
65.34	 -0.0611034	 -0.0611462	 0.318292	 0.141154	 -0.141708	 -0.000392834
65.36	 -0.060443	 -0.0604847	 0.315297	 0.13974	 -0.140288	 -0.000391089
65.38	 -0.059763	 -0.0598036	 0.31234	 0.138279	 -0.138821	 -0.000388029
65.4	 -0.0590637	 -0.0591032	 0.30942	 0.13677	 -0.137307	 -0.000383674
65.42	 -0.0583453	 -0.0583837	 0.30654	 0.135216	 -0.135747	 -0.000378047
65.44	 -0.057608	 -0.0576453	 0.3037	 0.133615	 -0.13414	 -0.000371176
65.46	 -0.0568521	 -0.0568882	 0.300902	 0.131969	 -0.132488	 -0.00036309
65.48	 -0.0560778	 -0.0561127	 0.298147	 0.130278	 -0.130791	 -0.000353825
65.5	 -0.0552854	 -0.0553191	 0.295436	 0.128542	 -0.129049	 -0.000343414
65.52	 -0.0544751	 -0.0545076	 0.292769	 0.126762	 -0.127262	 -0.000331895
65.54	 -0.0536472	 -0.0536784	 0.29015	 0.124938	 -0.125432	 -0.00031931
65.56	 -0.0528019	 -0.0528319	 0.287577	 0.123072	 -0.123559	 -0.000305705
65.58	 -0.0519395	 -0.0519684	 0.285053	 0.121163	 -0.121644	 -0.000291126
65.6	 -0.0510604	 -0.051088	 0.282577	 0.119212	 -0.119686	 -0.000275624
65.62	 -0.0501647	 -0.0501911	 0.280153	 0.117219	 -0.117687	 -0.000259248
65.64	 -0.0492528	 -0.049278	 0.277779	 0.115186	 -0.115647	 -0.00024205
65.66	 -0.0483251	 -0.0483491	 0.275457	 0.113113	 -0.113567	 -0.00022408
65.68	 -0.0473817	 -0.0474045	 0.273189	 0.111	 -0.111447	 -0.000205394
65.7	 -0.0464231	 -0.0464446	 0.270974	 0.108848	 -0.109289	 -0.000186049
65.72	 -0.0454495	 -0.0454698	 0.268814	 0.106658	 -0.107092	 -0.000166102
65.74	 -0.0444612	 -0.0444803	 0.266709	 0.104431	 -0.104857	 -0.000145615
65.76	 -0.0434587	 -0.0434766	 0.26466	 0.102166	 -0.102586	 -0.000124648
65.78	 -0.0424422	 -0.0424589	 0.262668	 0.099866	 -0.100279	 -0.000103264
65.8	 -0.041412	 -0.0414275	 0.260734	 0.0975301	 -0.0979359	 -8.15272e-05
65.82	 -0.0403686	 -0.0403829	 0.258857	 0.0951594	 -0.0955583	 -5.95021e-05
65.84	 -0.0393122	 -0.0393253	 0.257039	 0.0927547	 -0.0931466	 -3.72535e-05
65.86	 -0.0382432	 -0.0382551	 0.25528	 0.0903166	 -0.0907016	 -1.48458e-05
65.88	 -0.0371619	 -0.0371727	 0.253581	 0.0878461	 -0.0882241	 7.65684e-06
65.9	 -0.0360688	 -0.0360784	 0.251941	 0.0853438	 -0.0857149	 3.01902e-05
65.92	 -0.0349641	 -0.0349726	 0.250363	 0.0828105	 -0.0831748	 5.26896e-05
65.94	 -0.0338482	 -0.0338556	 0.248845	 0.0802471	 -0.0806045	 7.50901e-05
65.96	 -0.0327216	 -0.0327279	 0.247388	 0.0776543	 -0.0780049	 9.73272e-05
65.98	 -0.0315846	 -0.0315897	 0.245994	 0.0750328	 -0.0753767	 0.000119337
66	 -0.0304375	 -0.0304416	 0.244661	 0.0723836	 -0.0727207	 0.000141059
66.02	 -0.0292807	 -0.0292837	 0.24339	 0.0697074	 -0.0700378	 0.000162431
66.04	 -0.0281147	 -0.0281167	 0.242181	 0.0670051	 -0.0673289	 0.000183395
66.06	 -0.0269398	 -0.0269407	 0.241035	 0.0642775	 -0.0645948	 0.000203892
66.08	 -0.0257564	 -0.0257563	 0.239952	 0.0615255	 -0.0618364	 0.000223865
66.1	 -0.0245648	 -0.0245638	 0.238931	 0.0587501	 -0.0590546	 0.000243262
66.12	 -0.0233656	 -0.0233636	 0.237974	 0.0559521	 -0.0562503	 0.000262027
66.14	 -0.0221591	 -0.0221562	 0.237079	 0.0531324	 -0.0534244	 0.000280111
66.16	 -0.0209457	 -0.0209419	 0.236248	 0.050292	 -0.0505779	 0.000297463
66.18	 -0.0197258	 -0.0197211	 0.235479	 0.0474318	 -0.0477117	 0.000314035
66.2	 -0.0184998	 -0.0184942	 0.234774	 0.0445527	 -0.0448267	 0.000329781
66.22	 -0.0172681	 -0.0172616	 0.234131	 0.0416556	 -0.0419238	 0.00034466
66.24	 -0.0160311	 -0.0160238	 0.233551	 0.0387414	 -0.039004	 0.00035863
66.26	 -0.0147893	 -0.0147811	 0.233034	 0.0358112	 -0.0360683	 0.000371653
66.28	 -0.0135429	 -0.013534	 0.232579	 0.032866	 -0.0331176	 0.000383696
66.3	 -0.0122926	 -0.0122829	 0.232187	 0.0299067	 -0.030153	 0.000394724
66.32	 -0.0110386	 -0.0110282	 0.231857	 0.0269343	 -0.0271755	 0.000404707
66.34	 -0.00978132	 -0.00977025	 0.231589	 0.0239498	 -0.024186	 0.000413617
66.36	 -0.00852128	 -0.00850953	 0.231383	 0.0209543	 -0.0211855	 0.00042143
66.38	 -0.00725884	 -0.00724645	 0.231238	 0.0179487	 -0.0181752	 0.000428127
66.4	 -0.00599444	 -0.00598142	 0.231155	 0.0149341	 -0.0151561	 0.000433692
66.42	 -0.00472848	 -0.00471487	 0.231132	 0.0119116	 -0.0121292	 0.000438112
66.44	 -0.00346138	 -0.0034472	 0.23117	 0.00888234	 -0.00909571	 0.000441375
66.46	 -0.00219357	 -0.00217884	 0.231268	 0.00584725	 -0.00605655	 0.000443471
66.48	 -0.000925449	 -0.000910209	 0.231426	 0.00280739	 -0.00301279	 0.000444395
66.5	 0.000342557	 0.000358286	 0.231644	 -0.000236216	 3.45456e-05	 0.000444142
66.52	 0.00161004	 0.00162622	 0.231921	 -0.00328252	 0.0030844	 0.000442712
66.54	 0.00287657	 0.00289319	 0.232256	 -0.00633043	 0.00613569	 0.00044011
66.56	 0.00414174	 0.00415876	 0.23265	 -0.00937886	 0.00918731	 0.000436345
66.58	 0.00540512	 0.00542252	 0.233101	 -0.0124267	 0.0122382	 0.000431426
66.6	 0.0066663	 0.00668406	 0.23361	 -0.0154729	 0.0152872	 0.000425368
66.62	 0.00792487	 0.00794294	 0.234176	 -0.0185164	 0.0183333	 0.000418187
66.64	 0.00918041	 0.00919877	 0.234799	 -0.0215561	 0.0213755	 0.000409901
66.66	 0.0104325	 0.0104511	 0.235477	 -0.024591	 0.0244126	 0.000400534
66.68	 0.0116808	 0.0116996	 0.236211	 -0.0276199	 0.0274437	 0.000390112
66.7	 0.0129248	 0.0129439	 0.237	 -0.0306418	 0.0304675	 0.000378664
66.72	 0.0141642	 0.0141834	 0.237844	 -0.0336556	 0.033483	 0.000366223
66.74	 0.0153985	 0.0154179	 0.238741	 -0.0366603	 0.0364891	 0.000352822
66.76	 0.0166273	 0.0166469	 0.239692	 -0.0396547	 0.0394849	 0.000338497
66.78	 0.0178504	 0.01787	 0.240696	 -0.0426379	 0.0424691	 0.000323288
66.8	 0.0190671	 0.0190868	 0.241753	 -0.0456086	 0.0454408	 0.000307238
66.82	 0.0202773	 0.020297	 0.242861	 -0.0485659	 0.0483988	 0.000290391
66.84	 0.0214804	 0.0215001	 0.244021	 -0.0515087	 0.0513421	 0.000272798
66.86	 0.0226761	 0.0226958	 0.245232	 -0.0544357	 0.0542695	 0.000254509
66.88	 0.023864	 0.0238837	 0.246494	 -0.0573461	 0.05718	 0.000235574
66.9	 0.0250437	 0.0250634	 0.247805	 -0.0602386	 0.0600725	 0.000216046
66.92	 0.0262149	 0.0262344	 0.249165	 -0.0631123	 0.062946	 0.000195978
66.94	 0.0273771	 0.0273966	 0.250575	 -0.0659662	 0.0657995	 0.000175427
66.96	 0.0285301	 0.0285494	 0.252032	 -0.0687993	 0.068632	 0.000154449
66.98	 0.0296734	 0.0296925	 0.253537	 -0.0716106	 0.0714425	 0.000133101
67	 0.0308066	 0.0308256	 0.25509	 -0.0743991	 0.0742301	 0.000111443
67.02	 0.0319295	 0.0319482	 0.256689	 -0.0771637	 0.0769937	 8.9533e-05
67.04	 0.0330416	 0.0330601	 0.258333	 -0.0799036	 0.0797323	 6.74299e-05
67.06	 0.0341426	 0.0341608	 0.260023	 -0.0826177	 0.082445	 4.51948e-05
67.08	 0.0352322	 0.0352501	 0.261758	 -0.085305	 0.0851308	 2.28893e-05
67.1	 0.03631	 0.0363276	 0.263537	 -0.0879646	 0.0877887	 5.75951e-07
67.12	 0.0373757	 0.037393	 0.265359	 -0.0905955	 0.0904177	 -2.16832e-05
67.14	 0.0384289	 0.0384458	 0.267225	 -0.0931967	 0.0930169	 -4.38265e-05
67.16	 0.0394694	 0.0394859	 0.269133	 -0.0957673	 0.0955855	 -6.57923e-05
67.18	 0.0404967	 0.0405128	 0.271083	 -0.0983065	 0.0981224	 -8.75179e-05
67.2	 0.0415106	 0.0415263	 0.273074	 -0.100813	 0.100627	 -0.00010894
67.22	 0.0425108	 0.042526	 0.275106	 -0.103287	 0.103098	 -0.000129995
67.24	 0.043497	 0.0435117	 0.277178	 -0.105726	 0.105534	 -0.000150619
67.26	 0.0444688	 0.044483	 0.27929	 -0.10813	 0.107935	 -0.000170752
67.28	 0.045426	 0.0454397	 0.28144	 -0.110498	 0.110301	 -0.000190334
67.3	 0.0463683	 0.0463814	 0.28363	 -0.112829	 0.112629	 -0.000209306
67.32	 0.0472953	 0.0473078	 0.285858	 -0.115122	 0.114919	 -0.000227611
67.34	 0.0482069	 0.0482188	 0.288123	 -0.117378	 0.117171	 -0.000245192
67.36	 0.0491027	 0.0491139	 0.290425	 -0.119593	 0.119384	 -0.000261992
67.38	 0.0499824	 0.049993	 0.292764	 -0.121769	 0.121556	 -0.000277959
67.4	 0.0508459	 0.0508558	 0.295138	 -0.123904	 0.123688	 -0.000293043
67.42	 0.0516928	 0.051702	 0.297548	 -0.125997	 0.125778	 -0.000307199
67.44	 0.0525229	 0.0525314	 0.299993	 -0.128048	 0.127825	 -0.00032038
67.46	 0.0533359	 0.0533436	 0.302472	 -0.130055	 0.129829	 -0.000332546
67.48	 0.0541316	 0.0541386	 0.304984	 -0.132019	 0.131788	 -0.000343653
67.5	 0.0549098	 0.054916	 0.30753	 -0.133937	 0.133703	 -0.000353663
67.52	 0.0556702	 0.0556757	 0.310108	 -0.13581	 0.135573	 -0.00036254
67.54	 0.0564127	 0.0564173	 0.312719	 -0.137637	 0.137396	 -0.000370251
67.56	 0.0571369	 0.0571407	 0.31536	 -0.139418	 0.139173	 -0.000376765
67.58	 0.0578427	 0.0578457	 0.318033	 -0.141151	 0.140902	 -0.00038205
67.6	 0.0585299	 0.0585321	 0.320736	 -0.142835	 0.142583	 -0.000386079
67.62	 0.0591983	 0.0591996	 0.323469	 -0.144471	 0.144215	 -0.000388827
67.64	 0.0598477	 0.0598481	 0.326231	 -0.146058	 0.145798	 -0.000390272
67.66	 0.0604778	 0.0604774	 0.329022	 -0.147595	 0.147331	 -0.000390399
67.68	 0.0610886	 0.0610874	 0.331841	 -0.149081	 0.148813	 -0.000389196
67.7	 0.0616799	 0.0616777	 0.334687	 -0.150516	 0.150244	 -0.000386655
67.72	 0.0622514	 0.0622484	 0.33756	 -0.151899	 0.151624	 -0.000382769
67.74	 0.062803	 0.0627991	 0.34046	 -0.15323	 0.152951	 -0.000377535
67.76	 0.0633346	 0.0633298	 0.343385	 -0.154508	 0.154225	 -0.000370952
67.78	 0.063846	 0.0638403	 0.346335	 -0.155733	 0.155447	 -0.000363023
67.8	 0.064337	 0.0643305	 0.349309	 -0.156905	 0.156614	 -0.000353752
67.82	 0.0648076	 0.0648002	 0.352307	 -0.158022	 0.157728	 -0.00034315
67.84	 0.0652576	 0.0652493	 0.355327	 -0.159085	 0.158787	 -0.000331227
67.86	 0.065687	 0.0656778	 0.35837	 -0.160093	 0.159792	 -0.000317998
67.88	 0.0660954	 0.0660854	 0.361434	 -0.161046	 0.160741	 -0.000303481
67.9	 0.066483	 0.0664721	 0.364519	 -0.161943	 0.161634	 -0.000287695
67.92	 0.0668495	 0.0668377	 0.367624	 -0.162783	 0.162472	 -0.000270668
67.94	 0.0671949	 0.0671823	 0.370748	 -0.163568	 0.163253	 -0.000252429
67.96	 0.0675191	 0.0675056	 0.373891	 -0.164296	 0.163977	 -0.00023301
67.98	 0.0678219	 0.0678076	 0.377051	 -0.164966	 0.164644	 -0.000212447
68	 0.0681035	 0.0680882	 0.380228	 -0.16558	 0.165255	 -0.000190778
68.02	 0.0683635	 0.0683475	 0.383421	 -0.166136	 0.165808	 -0.000168042
68.04	 0.0686021	 0.0685853	 0.386629	 -0.166634	 0.166303	 -0.000144282
68.06	 0.0688192	 0.0688015	 0.389851	 -0.167074	 0.16674	 -0.000119543
68.08	 0.0690147	 0.0689962	 0.393086	 -0.167457	 0.167119	 -9.38763e-05
68.1	 0.0691886	 0.0691692	 0.396334	 -0.16778	 0.167441	 -6.73345e-05
68.12	 0.0693408	 0.0693206	 0.399594	 -0.168046	 0.167703	 -3.99744e-05
68.14	 0.0694713	 0.0694504	 0.402864	 -0.168253	 0.167908	 -1.1855e-05
68.16	 0.0695801	 0.0695584	 0.406144	 -0.168402	 0.168054	 1.69621e-05
68.18	 0.0696672	 0.0696447	 0.409432	 -0.168492	 0.168142	 4.64134e-05
68.2	 0.0697325	 0.0697093	 0.412729	 -0.168523	 0.168172	 7.64337e-05
68.22	 0.0697761	 0.0697522	 0.416032	 -0.168497	 0.168143	 0.000106956
68.24	 0.069798	 0.0697733	 0.41934	 -0.168411	 0.168055	 0.000137914
68.26	 0.0697981	 0.0697728	 0.422654	 -0.168268	 0.16791	 0.000169237
68.28	 0.0697765	 0.0697505	 0.425971	 -0.168066	 0.167706	 0.000200858
68.3	 0.0697332	 0.0697066	 0.429291	 -0.167805	 0.167444	 0.000232706
68.32	 0.0696683	 0.069641	 0.432612	 -0.167487	 0.167125	 0.000264709
68.34	 0.0695817	 0.0695538	 0.435934	 -0.167111	 0.166747	 0.000296795
68.36	 0.0694735	 0.069445	 0.439256	 -0.166676	 0.166312	 0.000328889
68.38	 0.0693437	 0.0693146	 0.442575	 -0.166184	 0.165818	 0.000360916
68.4	 0.0691925	 0.0691628	 0.445892	 -0.165634	 0.165267	 0.000392802
68.42	 0.0690197	 0.0689896	 0.449205	 -0.165027	 0.164659	 0.000424472
68.44	 0.0688256	 0.0687949	 0.452513	 -0.164362	 0.163994	 0.000455851
68.46	 0.0686102	 0.068579	 0.455814	 -0.16364	 0.163272	 0.000486863
68.48	 0.0683735	 0.0683418	 0.459108	 -0.162862	 0.162493	 0.00051743
68.5	 0.0681156	 0.0680835	 0.462394	 -0.162027	 0.161658	 0.000547478
68.52	 0.0678366	 0.0678041	 0.46567	 -0.161135	 0.160767	 0.000576929
68.54	 0.0675366	 0.0675038	 0.468935	 -0.160188	 0.15982	 0.000605712
68.56	 0.0672157	 0.0671825	 0.472188	 -0.159185	 0.158817	 0.000633755
68.58	 0.066874	 0.0668405	 0.475428	 -0.158127	 0.15776	 0.000660988
68.6	 0.0665117	 0.0664779	 0.478653	 -0.157014	 0.156647	 0.000687343
68.62	 0.0661288	 0.0660947	 0.481862	 -0.155847	 0.155481	 0.000712753
68.64	 0.0657254	 0.0656911	 0.485054	 -0.154626	 0.154261	 0.000737149
68.66	 0.0653018	 0.0652672	 0.488228	 -0.153351	 0.152987	 0.000760466
68.68	 0.0648579	 0.0648232	 0.491383	 -0.152024	 0.15166	 0.000782642
68.7	 0.064394	 0.0643592	 0.494517	 -0.150644	 0.150282	 0.000803615
68.72	 0.0639102	 0.0638752	 0.497629	 -0.149212	 0.148851	 0.00082333
68.74	 0.0634067	 0.0633716	 0.500718	 -0.147728	 0.147369	 0.000841734
68.76	 0.0628836	 0.0628484	 0.503782	 -0.146194	 0.145837	 0.000858774
68.78	 0.062341	 0.0623058	 0.506821	 -0.14461	 0.144254	 0.000874403
68.8	 0.0617792	 0.0617439	 0.509833	 -0.142976	 0.142622	 0.000888571
68.82	 0.0611982	 0.061163	 0.512817	 -0.141293	 0.140941	 0.000901236
68.84	 0.0605983	 0.0605632	 0.515772	 -0.139561	 0.139212	 0.000912355
68.86	 0.0599797	 0.0599446	 0.518696	 -0.137782	 0.137435	 0.00092189
68.88	 0.0593426	 0.0593076	 0.521589	 -0.135956	 0.135612	 0.000929807
68.9	 0.058687	 0.0586522	 0.524449	 -0.134083	 0.133742	 0.000936073
68.92	 0.0580133	 0.0579786	 0.527274	 -0.132165	 0.131826	 0.000940658
68.94	 0.0573216	 0.0572871	 0.530064	 -0.130202	 0.129866	 0.000943536
68.96	 0.0566121	 0.0565778	 0.532819	 -0.128195	 0.127862	 0.000944689
68.98	 0.055885	 0.055851	 0.535535	 -0.126145	 0.125815	 0.0009441
69	 0.0551406	 0.0551069	 0.538213	 -0.124052	 0.123725	 0.00094176
69.02	 0.054379	 0.0543456	 0.540851	 -0.121917	 0.121593	 0.000937663
69.04	 0.0536006	 0.0535675	 0.543448	 -0.119741	 0.119421	 0.000931807
69.06	 0.0528054	 0.0527728	 0.546003	 -0.117526	 0.117209	 0.00092419
69.08	 0.0519939	 0.0519616	 0.548515	 -0.115271	 0.114958	 0.000914817
69.1	 0.0511661	 0.0511343	 0.550983	 -0.112978	 0.112668	 0.000903693
69.12	 0.0503224	 0.050291	 0.553406	 -0.110648	 0.110341	 0.000890829
69.14	 0.0494629	 0.0494321	 0.555783	 -0.108281	 0.107978	 0.000876241
69.16	 0.048588	 0.0485576	 0.558112	 -0.105878	 0.10558	 0.000859948
69.18	 0.0476978	 0.047668	 0.560393	 -0.103441	 0.103146	 0.000841972
69.2	 0.0467927	 0.0467635	 0.562626	 -0.10097	 0.100679	 0.000822339
69.22	 0.0458728	 0.0458442	 0.564808	 -0.0984663	 0.0981797	 0.000801077
69.24	 0.0449385	 0.0449106	 0.56694	 -0.0959308	 0.0956484	 0.000778222
69.26	 0.0439901	 0.0439628	 0.569019	 -0.0933646	 0.0930863	 0.00075381
69.28	 0.0430278	 0.0430012	 0.571047	 -0.0907687	 0.0904946	 0.000727884
69.3	 0.0420519	 0.042026	 0.57302	 -0.088144	 0.0878742	 0.000700489
69.32	 0.0410627	 0.0410375	 0.57494	 -0.0854917	 0.0852262	 0.000671674
69.34	 0.0400604	 0.040036	 0.576805	 -0.0828127	 0.0825516	 0.00064149
69.36	 0.0390455	 0.0390218	 0.578614	 -0.0801082	 0.0798515	 0.000609991
69.38	 0.0380181	 0.0379952	 0.580367	 -0.0773792	 0.077127	 0.000577236
69.4	 0.0369786	 0.0369566	 0.582063	 -0.0746268	 0.0743791	 0.000543289
69.42	 0.0359274	 0.0359061	 0.583701	 -0.071852	 0.0716088	 0.000508216
69.44	 0.0348646	 0.0348441	 0.585281	 -0.0690559	 0.0688172	 0.000472083
69.46	 0.0337906	 0.033771	 0.586802	 -0.0662395	 0.0660054	 0.00043496
69.48	 0.0327057	 0.032687	 0.588263	 -0.063404	 0.0631744	 0.000396917
69.5	 0.0316103	 0.0315925	 0.589665	 -0.0605503	 0.0603254	 0.000358028
69.52	 0.0305047	 0.0304878	 0.591006	 -0.0576797	 0.0574595	 0.000318367
69.54	 0.0293892	 0.0293731	 0.592287	 -0.0547932	 0.0545776	 0.000278012
69.56	 0.0282641	 0.0282489	 0.593506	 -0.051892	 0.051681	 0.000237044
69.58	 0.0271297	 0.0271155	 0.594663	 -0.048977	 0.0487708	 0.000195544
69.6	 0.0259864	 0.0259731	 0.595759	 -0.0460496	 0.045848	 0.000153597
69.62	 0.0248346	 0.0248222	 0.596792	 -0.0431107	 0.0429137	 0.000111287
69.64	 0.0236745	 0.023663	 0.597763	 -0.0401614	 0.0399691	 6.8702e-05
69.66	 0.0225064	 0.0224959	 0.598671	 -0.0372029	 0.0370152	 2.59323e-05
69.68	 0.0213309	 0.0213213	 0.599516	 -0.0342362	 0.0340532	 -1.69314e-05
69.7	 0.0201481	 0.0201394	 0.600298	 -0.0312625	 0.0310841	 -5.97972e-05
69.72	 0.0189584	 0.0189507	 0.601016	 -0.0282828	 0.028109	 -0.000102573
69.74	 0.0177622	 0.0177554	 0.601671	 -0.0252983	 0.0251291	 -0.000145166
69.76	 0.0165599	 0.016554	 0.602262	 -0.0223101	 0.0221455	 -0.000187486
69.78	 0.0153518	 0.0153468	 0.60279	 -0.0193192	 0.0191591	 -0.00022944
69.8	 0.0141382	 0.0141341	 0.603254	 -0.0163268	 0.0161711	 -0.000270936
69.82	 0.0129195	 0.0129163	 0.603654	 -0.0133338	 0.0131825	 -0.000311885
69.84	 0.0116961	 0.0116938	 0.603991	 -0.0103414	 0.0101945	 -0.000352196
69.86	 0.0104683	 0.0104669	 0.604264	 -0.00735075	 0.00720821	 -0.00039178
69.88	 0.0092365	 0.009236	 0.604473	 -0.00436293	 0.00422467	 -0.000430552
69.9	 0.0080011	 0.00800146	 0.604619	 -0.00137903	 0.00124501	 -0.000468423
69.92	 0.00676243	 0.00676365	 0.604702	 0.00159988	 -0.00172973	 -0.000505311
69.94	 0.00552087	 0.00552294	 0.604722	 0.00457274	 -0.00469849	 -0.000541134
69.96	 0.00427679	 0.00427968	 0.604679	 0.00753852	 -0.00766023	 -0.000575813
69.98	 0.00303055	 0.00303426	 0.604573	 0.0104962	 -0.0106139	 -0.000609272
70	 0.00178253	 0.00178704	 0.604405	 0.0134446	 -0.0135584	 -0.000641437
70.02	 0.000533109	 0.000538394	 0.604174	 0.0163828	 -0.0164928	 -0.000672237
70.04	 -0.000717341	 -0.000711294	 0.603882	 0.0193097	 -0.019416	 -0.000701602
70.06	 -0.00196844	 -0.00196165	 0.603529	 0.0222245	 -0.0223271	 -0.000729465
70.08	 -0.0032198	 -0.00321229	 0.603114	 0.025126	 -0.0252251	 -0.00075576
70.1	 -0.00447104	 -0.00446283	 0.602639	 0.0280135	 -0.0281091	 -0.000780424
70.12	 -0.00572178	 -0.0057129	 0.602104	 0.030886	 -0.0309782	 -0.000803396
70.14	 -0.00697165	 -0.00696211	 0.601508	 0.0337426	 -0.0338315	 -0.000824621
70.16	 -0.00822025	 -0.00821009	 0.600853	 0.0365824	 -0.0366681	 -0.000844046
70.18	 -0.0094672	 -0.00945645	 0.60014	 0.0394045	 -0.0394871	 -0.00086162
70.2	 -0.0107121	 -0.0107008	 0.599368	 0.042208	 -0.0422876	 -0.000877299
70.22	 -0.0119546	 -0.0119428	 0.598538	 0.0449921	 -0.0450688	 -0.000891043
70.24	 -0.0131944	 -0.013182	 0.59765	 0.0477559	 -0.0478299	 -0.000902814
70.26	 -0.0144309	 -0.014418	 0.596706	 0.0504986	 -0.05057	 -0.000912581
70.28	 -0.0156639	 -0.0156505	 0.595706	 0.0532193	 -0.0532882	 -0.000920316
70.3	 -0.0168929	 -0.0168791	 0.594649	 0.0559171	 -0.0559836	 -0.000925998
70.32	 -0.0181175	 -0.0181034	 0.593538	 0.0585911	 -0.0586553	 -0.000929605
70.34	 -0.0193375	 -0.019323	 0.592372	 0.0612404	 -0.0613025	 -0.000931125
70.36	 -0.0205523	 -0.0205375	 0.591152	 0.0638641	 -0.0639242	 -0.000930548
70.38	 -0.0217617	 -0.0217465	 0.589879	 0.0664614	 -0.0665196	 -0.000927868
70.4	 -0.0229651	 -0.0229497	 0.588554	 0.0690314	 -0.069088	 -0.000923086
70.42	 -0.0241623	 -0.0241467	 0.587176	 0.0715734	 -0.0716284	 -0.000916205
70.44	 -0.0253529	 -0.0253371	 0.585747	 0.0740864	 -0.0741401	 -0.000907235
70.46	 -0.0265365	 -0.0265204	 0.584267	 0.0765698	 -0.0766223	 -0.000896186
70.48	 -0.0277126	 -0.0276964	 0.582738	 0.0790228	 -0.0790742	 -0.000883075
70.5	 -0.028881	 -0.0288647	 0.581159	 0.0814446	 -0.0814951	 -0.00086792
70.52	 -0.0300413	 -0.0300249	 0.579531	 0.0838346	 -0.0838845	 -0.000850746
70.54	 -0.0311931	 -0.0311766	 0.577856	 0.0861923	 -0.0862416	 -0.000831579
70.56	 -0.032336	 -0.0323195	 0.576133	 0.0885169	 -0.0885659	 -0.000810452
70.58	 -0.0334696	 -0.0334531	 0.574364	 0.0908079	 -0.0908567	 -0.000787399
70.6	 -0.0345936	 -0.0345771	 0.572548	 0.0930647	 -0.0931136	 -0.000762461
70.62	 -0.0357076	 -0.0356912	 0.570688	 0.0952869	 -0.095336	 -0.00073568
70.64	 -0.0368113	 -0.036795	 0.568783	 0.0974739	 -0.0975233	 -0.000707107
70.66	 -0.0379043	 -0.0378881	 0.566835	 0.0996251	 -0.0996752	 -0.000676793
70.68	 -0.0389862	 -0.0389701	 0.564843	 0.10174	 -0.101791	 -0.000644798
70.7	 -0.0400566	 -0.0400408	 0.56281	 0.103818	 -0.10387	 -0.000611182
70.72	 -0.0411152	 -0.0410996	 0.560734	 0.105859	 -0.105912	 -0.000576011
70.74	 -0.0421617	 -0.0421463	 0.558618	 0.107861	 -0.107916	 -0.000539356
70.76	 -0.0431957	 -0.0431805	 0.556461	 0.109825	 -0.109881	 -0.000501289
70.78	 -0.0442167	 -0.0442019	 0.554266	 0.11175	 -0.111808	 -0.000461885
70.8	 -0.0452246	 -0.0452101	 0.552031	 0.113635	 -0.113695	 -0.000421221
70.82	 -0.0462189	 -0.0462047	 0.549758	 0.115481	 -0.115543	 -0.000379377
70.84	 -0.0471992	 -0.0471855	 0.547449	 0.117285	 -0.11735	 -0.000336436
70.86	 -0.0481654	 -0.048152	 0.545102	 0.119049	 -0.119116	 -0.000292481
70.88	 -0.0491169	 -0.049104	 0.54272	 0.120771	 -0.120841	 -0.000247597
70.9	 -0.0500536	 -0.0500412	 0.540303	 0.122452	 -0.122525	 -0.00020187
70.92	 -0.0509751	 -0.0509632	 0.537851	 0.124091	 -0.124167	 -0.000155389
70.94	 -0.051881	 -0.0518696	 0.535366	 0.125688	 -0.125768	 -0.000108246
70.96	 -0.0527711	 -0.0527603	 0.532847	 0.127242	 -0.127326	 -6.0535e-05
70.98	 -0.0536451	 -0.0536348	 0.530296	 0.128754	 -0.128841	 -1.23527e-05
71	 -0.0545025	 -0.0544928	 0.527714	 0.130222	 -0.130314	 3.62022e-05
71.02	 -0.0553432	 -0.0553341	 0.525101	 0.131647	 -0.131743	 8.50303e-05
71.04	 -0.0561667	 -0.0561583	 0.522457	 0.133029	 -0.133129	 0.000134032
71.06	 -0.0569729	 -0.0569651	 0.519784	 0.134366	 -0.134471	 0.000183108
71.08	 -0.0577614	 -0.0577543	 0.517082	 0.135659	 -0.135769	 0.000232158
71.1	 -0.0585318	 -0.0585254	 0.514352	 0.136908	 -0.137023	 0.000281083
71.12	 -0.059284	 -0.0592783	 0.511595	 0.138111	 -0.138232	 0.000329782
71.14	 -0.0600177	 -0.0600127	 0.508811	 0.13927	 -0.139397	 0.000378154
71.16	 -0.0607325	 -0.0607283	 0.506001	 0.140384	 -0.140517	 0.000426102
71.18	 -0.0614282	 -0.0614248	 0.503166	 0.141453	 -0.141592	 0.000473527
71.2	 -0.0621046	 -0.0621019	 0.500306	 0.142477	 -0.142621	 0.000520333
71.22	 -0.0627613	 -0.0627595	 0.497422	 0.143455	 -0.143606	 0.000566425
71.24	 -0.0633982	 -0.0633971	 0.494515	 0.144387	 -0.144545	 0.00061171
71.26	 -0.0640149	 -0.0640147	 0.491585	 0.145274	 -0.145438	 0.000656095
71.28	 -0.0646113	 -0.0646119	 0.488634	 0.146114	 -0.146286	 0.000699491
71.3	 -0.0651871	 -0.0651885	 0.485662	 0.146908	 -0.147087	 0.000741811
71.32	 -0.065742	 -0.0657443	 0.482669	 0.147656	 -0.147842	 0.00078297
71.34	 -0.0662759	 -0.0662791	 0.479657	 0.148358	 -0.148552	 0.000822887
71.36	 -0.0667885	 -0.0667926	 0.476626	 0.149013	 -0.149215	 0.00086148
71.38	 -0.0672797	 -0.0672846	 0.473577	 0.149622	 -0.149832	 0.000898669
71.4	 -0.0677491	 -0.067755	 0.47051	 0.150185	 -0.150403	 0.000934378
71.42	 -0.0681968	 -0.0682036	 0.467426	 0.150702	 -0.150928	 0.000968531
71.44	 -0.0686223	 -0.0686301	 0.464327	 0.151172	 -0.151406	 0.00100106
71.46	 -0.0690257	 -0.0690343	 0.461212	 0.151596	 -0.151838	 0.00103189
71.48	 -0.0694066	 -0.0694162	 0.458083	 0.151973	 -0.152224	 0.00106097
71.5	 -0.0697649	 -0.0697754	 0.45494	 0.152304	 -0.152564	 0.00108824
71.52	 -0.0701004	 -0.0701119	 0.451784	 0.152589	 -0.152858	 0.00111365
71.54	 -0.070413	 -0.0704255	 0.448616	 0.152827	 -0.153106	 0.00113713
71.56	 -0.0707026	 -0.0707161	 0.445436	 0.15302	 -0.153307	 0.00115865
71.58	 -0.070969	 -0.0709835	 0.442246	 0.153167	 -0.153463	 0.00117816
71.6	 -0.0712121	 -0.0712275	 0.439046	 0.153267	 -0.153573	 0.00119561
71.62	 -0.0714318	 -0.0714482	 0.435836	 0.153322	 -0.153637	 0.00121097
71.64	 -0.0716279	 -0.0716452	 0.432619	 0.153331	 -0.153656	 0.00122422
71.66	 -0.0718003	 -0.0718186	 0.429394	 0.153294	 -0.153628	 0.00123532
71.68	 -0.0719489	 -0.0719683	 0.426162	 0.153211	 -0.153555	 0.00124425
71.7	 -0.0720737	 -0.072094	 0.422924	 0.153084	 -0.153437	 0.00125101
71.72	 -0.0721745	 -0.0721959	 0.419682	 0.152911	 -0.153274	 0.00125556
71.74	 -0.0722514	 -0.0722737	 0.416435	 0.152693	 -0.153066	 0.0012579
71.76	 -0.0723041	 -0.0723275	 0.413185	 0.15243	 -0.152813	 0.00125803
71.78	 -0.0723328	 -0.0723571	 0.409933	 0.152123	 -0.152516	 0.00125594
71.8	 -0.0723372	 -0.0723625	 0.406679	 0.151771	 -0.152174	 0.00125164
71.82	 -0.0723175	 -0.0723438	 0.403424	 0.151376	 -0.151788	 0.00124514
71.84	 -0.0722735	 -0.0723008	 0.40017	 0.150936	 -0.151358	 0.00123645
71.86	 -0.0722052	 -0.0722335	 0.396917	 0.150452	 -0.150884	 0.0012256
71.88	 -0.0721127	 -0.0721419	 0.393666	 0.149926	 -0.150367	 0.00121261
71.9	 -0.0719959	 -0.0720261	 0.390417	 0.149356	 -0.149807	 0.00119749
71.92	 -0.0718548	 -0.071886	 0.387173	 0.148743	 -0.149204	 0.00118028
71.94	 -0.0716895	 -0.0717216	 0.383934	 0.148087	 -0.148558	 0.00116102
71.96	 -0.0714999	 -0.071533	 0.380701	 0.14739	 -0.14787	 0.00113973
71.98	 -0.0712861	 -0.0713201	 0.377474	 0.14665	 -0.14714	 0.00111647
72	 -0.0710481	 -0.0710831	 0.374256	 0.145869	 -0.146368	 0.00109129
72.02	 -0.0707861	 -0.070822	 0.371046	 0.145046	 -0.145555	 0.00106423
72.04	 -0.0704999	 -0.0705368	 0.367846	 0.144183	 -0.1447	 0.00103535
72.06	 -0.0701898	 -0.0702276	 0.364657	 0.143279	 -0.143805	 0.00100471
72.08	 -0.0698558	 -0.0698945	 0.36148	 0.142335	 -0.14287	 0.000972365
72.1	 -0.069498	 -0.0695375	 0.358315	 0.14135	 -0.141895	 0.000938392
72.12	 -0.0691164	 -0.0691568	 0.355165	 0.140327	 -0.140879	 0.000902857
72.14	 -0.0687112	 -0.0687525	 0.352029	 0.139264	 -0.139825	 0.000865831
72.16	 -0.0682826	 -0.0683247	 0.34891	 0.138162	 -0.138731	 0.000827386
72.18	 -0.0678305	 -0.0678735	 0.345807	 0.137022	 -0.137599	 0.000787598
72.2	 -0.0673552	 -0.067399	 0.342723	 0.135843	 -0.136429	 0.000746543
72.22	 -0.0668568	 -0.0669014	 0.339658	 0.134627	 -0.135221	 0.000704301
72.24	 -0.0663354	 -0.0663808	 0.336613	 0.133374	 -0.133975	 0.000660959
72.26	 -0.0657913	 -0.0658374	 0.333589	 0.132084	 -0.132692	 0.000616605
72.28	 -0.0652244	 -0.0652714	 0.330588	 0.130757	 -0.131373	 0.000571328
72.3	 -0.0646352	 -0.0646829	 0.32761	 0.129395	 -0.130017	 0.000525222
72.32	 -0.0640237	 -0.0640721	 0.324657	 0.127997	 -0.128626	 0.000478376
72.34	 -0.0633901	 -0.0634393	 0.321729	 0.126563	 -0.127199	 0.000430885
72.36	 -0.0627347	 -0.0627845	 0.318828	 0.125095	 -0.125737	 0.000382844
72.38	 -0.0620576	 -0.0621081	 0.315955	 0.123592	 -0.12424	 0.000334349
72.4	 -0.0613591	 -0.0614103	 0.313111	 0.122056	 -0.12271	 0.000285498
72.42	 -0.0606394	 -0.0606912	 0.310297	 0.120486	 -0.121146	 0.000236387
72.44	 -0.0598988	 -0.0599512	 0.307514	 0.118884	 -0.119548	 0.000187115
72.46	 -0.0591375	 -0.0591905	 0.304764	 0.117249	 -0.117918	 0.000137777
72.48	 -0.0583557	 -0.0584093	 0.302046	 0.115582	 -0.116256	 8.84702e-05
72.5	 -0.0575538	 -0.0576079	 0.299363	 0.113883	 -0.114562	 3.92934e-05
72.52	 -0.0567319	 -0.0567866	 0.296716	 0.112153	 -0.112836	 -9.65661e-06
72.54	 -0.0558904	 -0.0559456	 0.294105	 0.110393	 -0.11108	 -5.82838e-05
72.56	 -0.0550296	 -0.0550852	 0.291532	 0.108602	 -0.109293	 -0.000106494
72.58	 -0.0541497	 -0.0542058	 0.288997	 0.106782	 -0.107476	 -0.000154196
72.6	 -0.053251	 -0.0533075	 0.286502	 0.104933	 -0.10563	 -0.000201296
72.62	 -0.0523339	 -0.0523908	 0.284048	 0.103055	 -0.103755	 -0.000247705
72.64	 -0.0513986	 -0.051456	 0.281635	 0.101149	 -0.101851	 -0.000293329
72.66	 -0.0504456	 -0.0505033	 0.279265	 0.0992153	 -0.0999195	 -0.000338081
72.68	 -0.0494751	 -0.0495331	 0.276939	 0.0972547	 -0.0979606	 -0.000381871
72.7	 -0.0484875	 -0.0485458	 0.274658	 0.0952674	 -0.095975	 -0.000424618
72.72	 -0.0474831	 -0.0475417	 0.272423	 0.0932541	 -0.0939629	 -0.000466239
72.74	 -0.0464623	 -0.0465211	 0.270235	 0.0912152	 -0.091925	 -0.000506657
72.76	 -0.0454254	 -0.0454845	 0.268094	 0.0891514	 -0.0898619	 -0.000545794
72.78	 -0.0443729	 -0.0444322	 0.266002	 0.0870631	 -0.0877739	 -0.00058358
72.8	 -0.0433051	 -0.0433645	 0.263959	 0.0849508	 -0.0856617	 -0.000619943
72.82	 -0.0422223	 -0.0422818	 0.261967	 0.0828152	 -0.0835258	 -0.000654819
72.84	 -0.0411249	 -0.0411846	 0.260026	 0.0806565	 -0.0813667	 -0.000688144
72.86	 -0.0400134	 -0.0400732	 0.258138	 0.0784755	 -0.0791849	 -0.000719858
72.88	 -0.0388882	 -0.038948	 0.256302	 0.0762727	 -0.076981	 -0.000749903
72.9	 -0.0377495	 -0.0378093	 0.254521	 0.0740486	 -0.0747555	 -0.000778227
72.92	 -0.036598	 -0.0366577	 0.252794	 0.0718038	 -0.072509	 -0.000804781
72.94	 -0.0354338	 -0.0354936	 0.251122	 0.0695387	 -0.0702421	 -0.000829519
72.96	 -0.0342576	 -0.0343172	 0.249507	 0.067254	 -0.0679552	 -0.000852402
72.98	 -0.0330696	 -0.0331291	 0.247948	 0.0649502	 -0.0656488	 -0.000873393
73	 -0.0318704	 -0.0319297	 0.246447	 0.0626277	 -0.0633236	 -0.000892458
73.02	 -0.0306603	 -0.0307195	 0.245005	 0.0602871	 -0.06098	 -0.000909568
73.04	 -0.0294397	 -0.0294987	 0.243621	 0.057929	 -0.0586186	 -0.000924696
73.06	 -0.0282092	 -0.0282679	 0.242297	 0.0555539	 -0.05624	 -0.000937819
73.08	 -0.0269691	 -0.0270276	 0.241033	 0.0531625	 -0.0538448	 -0.000948919
73.1	 -0.02572	 -0.0257781	 0.23983	 0.0507552	 -0.0514335	 -0.000957983
73.12	 -0.0244622	 -0.02452	 0.238687	 0.0483327	 -0.0490067	 -0.000965001
73.14	 -0.0231962	 -0.0232536	 0.237607	 0.0458955	 -0.046565	 -0.000969967
73.16	 -0.0219225	 -0.0219795	 0.236589	 0.0434442	 -0.044109	 -0.000972882
73.18	 -0.0206415	 -0.020698	 0.235634	 0.0409794	 -0.0416393	 -0.000973749
73.2	 -0.0193537	 -0.0194097	 0.234742	 0.0385016	 -0.0391564	 -0.000972577
73.22	 -0.0180595	 -0.018115	 0.233913	 0.0360115	 -0.0366609	 -0.000969378
73.24	 -0.0167595	 -0.0168144	 0.233148	 0.0335096	 -0.0341534	 -0.000964167
73.26	 -0.015454	 -0.0155083	 0.232448	 0.0309964	 -0.0316345	 -0.000956963
73.28	 -0.0141435	 -0.0141972	 0.231812	 0.0284727	 -0.0291048	 -0.000947791
73.3	 -0.0128285	 -0.0128815	 0.23124	 0.025939	 -0.026565	 -0.000936678
73.32	 -0.0115095	 -0.0115618	 0.230734	 0.0233959	 -0.0240155	 -0.000923655
73.34	 -0.010187	 -0.0102385	 0.230293	 0.020844	 -0.0214571	 -0.000908758
73.36	 -0.00886133	 -0.00891212	 0.229918	 0.0182839	 -0.0188904	 -0.000892025
73.38	 -0.00753307	 -0.00758306	 0.229607	 0.0157162	 -0.0163159	 -0.000873499
73.4	 -0.00620268	 -0.00625182	 0.229363	 0.0131416	 -0.0137344	 -0.000853223
73.42	 -0.00487062	 -0.00491889	 0.229184	 0.0105609	 -0.0111465	 -0.000831244
73.44	 -0.00353738	 -0.00358474	 0.229071	 0.00797451	 -0.00855296	 -0.000807616
73.46	 -0.00220343	 -0.00224984	 0.229024	 0.00538323	 -0.00595433	 -0.000782395
73.48	 -0.000869233	 -0.000914673	 0.229043	 0.00278763	 -0.00335125	 -0.000755641
73.5	 0.000464727	 0.000420295	 0.229128	 0.000188327	 -0.000744363	 -0.000727416
73.52	 0.00179798	 0.00175459	 0.229278	 -0.00241404	 0.0018657	 -0.000697786
73.54	 0.00313007	 0.00308774	 0.229493	 -0.00501881	 0.00447828	 -0.000666817
73.56	 0.0044605	 0.00441928	 0.229774	 -0.00762532	 0.00709268	 -0.000634576
73.58	 0.00578881	 0.00574872	 0.23012	 -0.0102329	 0.00970823	 -0.000601135
73.6	 0.00711453	 0.00707559	 0.230531	 -0.0128408	 0.0123243	 -0.000566567
73.62	 0.00843719	 0.00839943	 0.231007	 -0.0154486	 0.0149401	 -0.00053095
73.64	 0.00975631	 0.00971977	 0.231548	 -0.0180554	 0.0175552	 -0.000494362
73.66	 0.0110715	 0.0110361	 0.232152	 -0.0206606	 0.0201687	 -0.000456884
73.68	 0.0123821	 0.0123481	 0.232821	 -0.0232636	 0.0227801	 -0.000418596
73.7	 0.0136879	 0.0136552	 0.233552	 -0.0258637	 0.0253886	 -0.00037958
73.72	 0.0149883	 0.0149569	 0.234347	 -0.0284601	 0.0279935	 -0.000339918
73.74	 0.016283	 0.0162528	 0.235205	 -0.0310523	 0.0305942	 -0.000299695
73.76	 0.0175713	 0.0175425	 0.236125	 -0.0336394	 0.0331899	 -0.000258995
73.78	 0.0188529	 0.0188255	 0.237106	 -0.036221	 0.0357801	 -0.000217903
73.8	 0.0201274	 0.0201014	 0.238149	 -0.0387962	 0.0383639	 -0.000176504
73.82	 0.0213943	 0.0213697	 0.239253	 -0.0413643	 0.0409407	 -0.00013488
73.84	 0.0226532	 0.02263	 0.240417	 -0.0439246	 0.0435097	 -9.31158e-05
73.86	 0.0239036	 0.0238819	 0.241641	 -0.0464764	 0.0460703	 -5.1295e-05
73.88	 0.0251451	 0.0251248	 0.242924	 -0.0490189	 0.0486216	 -9.50235e-06
73.9	 0.0263774	 0.0263585	 0.244265	 -0.0515516	 0.0511629	 3.21769e-05
73.92	 0.0275998	 0.0275825	 0.245665	 -0.0540736	 0.0536937	 7.36582e-05
73.94	 0.0288122	 0.0287963	 0.247121	 -0.0565843	 0.0562132	 0.000114858
73.96	 0.0300139	 0.0299995	 0.248634	 -0.0590831	 0.0587207	 0.000155694
73.98	 0.0312047	 0.0311918	 0.250203	 -0.0615692	 0.0612155	 0.000196086
74	 0.0323842	 0.0323728	 0.251827	 -0.064042	 0.0636971	 0.000235952
74.02	 0.0335518	 0.0335419	 0.253505	 -0.0665009	 0.0661646	 0.000275213
74.04	 0.0347073	 0.0346989	 0.255237	 -0.068945	 0.0686174	 0.000313789
74.06	 0.0358503	 0.0358434	 0.257021	 -0.0713738	 0.0710548	 0.000351605
74.08	 0.0369803	 0.0369749	 0.258857	 -0.0737864	 0.073476	 0.000388584
74.1	 0.038097	 0.0380931	 0.260744	 -0.0761821	 0.0758802	 0.000424654
74.12	 0.0392001	 0.0391977	 0.262681	 -0.0785602	 0.0782668	 0.000459746
74.14	 0.040289	 0.0402881	 0.264668	 -0.08092	 0.0806351	 0.00049379
74.16	 0.0413636	 0.0413642	 0.266703	 -0.0832607	 0.0829842	 0.000526723
74.18	 0.0424235	 0.0424255	 0.268785	 -0.0855816	 0.0853136	 0.000558483
74.2	 0.0434682	 0.0434717	 0.270914	 -0.087882	 0.0876223	 0.000589013
74.22	 0.0444975	 0.0445024	 0.273088	 -0.090161	 0.0899097	 0.00061826
74.24	 0.0455111	 0.0455174	 0.275307	 -0.0924181	 0.092175	 0.000646173
74.26	 0.0465086	 0.0465163	 0.27757	 -0.0946524	 0.0944175	 0.000672705
74.28	 0.0474896	 0.0474987	 0.279876	 -0.0968632	 0.0966364	 0.00069781
74.3	 0.048454	 0.0484644	 0.282224	 -0.0990499	 0.0988312	 0.000721446
74.32	 0.0494013	 0.0494131	 0.284613	 -0.101212	 0.101001	 0.000743575
74.34	 0.0503313	 0.0503444	 0.287042	 -0.103348	 0.103145	 0.000764165
74.36	 0.0512437	 0.0512581	 0.28951	 -0.105458	 0.105263	 0.000783184
74.38	 0.0521382	 0.0521538	 0.292017	 -0.107541	 0.107354	 0.000800606
74.4	 0.0530145	 0.0530313	 0.294561	 -0.109596	 0.109417	 0.000816405
74.42	 0.0538724	 0.0538904	 0.297141	 -0.111623	 0.111451	 0.000830559
74.44	 0.0547115	 0.0547308	 0.299756	 -0.11362	 0.113457	 0.000843052
74.46	 0.0555318	 0.0555521	 0.302406	 -0.115588	 0.115432	 0.000853868
74.48	 0.0563328	 0.0563542	 0.305089	 -0.117524	 0.117376	 0.000862999
74.5	 0.0571143	 0.0571368	 0.307805	 -0.11943	 0.119288	 0.000870438
74.52	 0.0578761	 0.0578997	 0.310552	 -0.121303	 0.121169	 0.000876183
74.54	 0.0586181	 0.0586426	 0.313329	 -0.123143	 0.123016	 0.000880238
74.56	 0.0593399	 0.0593654	 0.316136	 -0.124949	 0.124829	 0.000882607
74.58	 0.0600413	 0.0600678	 0.318972	 -0.126722	 0.126609	 0.000883304
74.6	 0.0607222	 0.0607496	 0.321835	 -0.128459	 0.128353	 0.000882344
74.62	 0.0613824	 0.0614106	 0.324725	 -0.130161	 0.130061	 0.000879745
74.64	 0.0620217	 0.0620507	 0.32764	 -0.131826	 0.131733	 0.000875529
74.66	 0.0626398	 0.0626696	 0.330581	 -0.133454	 0.133368	 0.00086972
74.68	 0.0632367	 0.0632672	 0.333545	 -0.135045	 0.134965	 0.000862344
74.7	 0.0638121	 0.0638433	 0.336533	 -0.136597	 0.136523	 0.00085343
74.72	 0.0643659	 0.0643978	 0.339542	 -0.13811	 0.138042	 0.000843014
74.74	 0.0648979	 0.0649305	 0.342573	 -0.139583	 0.139521	 0.000831134
74.76	 0.065408	 0.0654412	 0.345623	 -0.141016	 0.14096	 0.000817829
74.78	 0.0658961	 0.0659299	 0.348693	 -0.142408	 0.142357	 0.000803145
74.8	 0.0663621	 0.0663964	 0.35178	 -0.143758	 0.143713	 0.000787128
74.82	 0.0668058	 0.0668405	 0.354885	 -0.145066	 0.145026	 0.00076983
74.84	 0.0672271	 0.0672623	 0.358007	 -0.14633	 0.146296	 0.000751304
74.86	 0.067626	 0.0676616	 0.361143	 -0.147552	 0.147522	 0.000731606
74.88	 0.0680023	 0.0680383	 0.364294	 -0.148729	 0.148704	 0.000710796
74.9	 0.068356	 0.0683923	 0.367459	 -0.149861	 0.14984	 0.000688933
74.92	 0.068687	 0.0687236	 0.370636	 -0.150947	 0.150931	 0.00066608
74.94	 0.0689952	 0.069032	 0.373824	 -0.151988	 0.151976	 0.0006423
74.96	 0.0692805	 0.0693176	 0.377023	 -0.152982	 0.152974	 0.000617657
74.98	 0.069543	 0.0695802	 0.380233	 -0.153928	 0.153924	 0.000592218
75	 0.0697825	 0.0698199	 0.38345	 -0.154827	 0.154827	 0.000566052
75.02	 0.0699991	 0.0700366	 0.386676	 -0.155678	 0.155681	 0.000539228
75.04	 0.0701928	 0.0702302	 0.389909	 -0.15648	 0.156486	 0.000511816
75.06	 0.0703635	 0.0704009	 0.393148	 -0.157233	 0.157242	 0.000483888
75.08	 0.0705112	 0.0705486	 0.396392	 -0.157936	 0.157948	 0.000455515
75.1	 0.0706359	 0.0706732	 0.39964	 -0.158589	 0.158603	 0.000426767
75.12	 0.0707376	 0.0707748	 0.402892	 -0.159191	 0.159208	 0.000397716
75.14	 0.0708164	 0.0708534	 0.406147	 -0.159742	 0.159761	 0.000368432
75.16	 0.0708722	 0.070909	 0.409403	 -0.160242	 0.160263	 0.000338987
75.18	 0.0709051	 0.0709417	 0.41266	 -0.16069	 0.160713	 0.000309449
75.2	 0.0709151	 0.0709514	 0.415916	 -0.161086	 0.16111	 0.000279889
75.22	 0.0709023	 0.0709383	 0.419172	 -0.161429	 0.161455	 0.000250377
75.24	 0.0708667	 0.0709024	 0.422426	 -0.16172	 0.161747	 0.000220983
75.26	 0.0708084	 0.0708437	 0.425677	 -0.161958	 0.161986	 0.000191777
75.28	 0.0707275	 0.0707623	 0.428925	 -0.162143	 0.162171	 0.000162828
75.3	 0.0706239	 0.0706583	 0.432168	 -0.162274	 0.162302	 0.000134203
75.32	 0.0704978	 0.0705317	 0.435407	 -0.162351	 0.16238	 0.00010597
75.34	 0.0703493	 0.0703827	 0.438639	 -0.162374	 0.162403	 7.81905e-05
75.36	 0.0701785	 0.0702113	 0.441864	 -0.162343	 0.162371	 5.09289e-05
75.38	 0.0699854	 0.0700176	 0.445081	 -0.162257	 0.162285	 2.42461e-05
75.4	 0.0697702	 0.0698018	 0.448289	 -0.162116	 0.162143	 -1.79748e-06
75.42	 0.069533	 0.069564	 0.451488	 -0.161921	 0.161947	 -2.71434e-05
75.44	 0.0692739	 0.0693042	 0.454677	 -0.16167	 0.161694	 -5.17355e-05
75.46	 0.068993	 0.0690226	 0.457855	 -0.161363	 0.161386	 -7.55207e-05
75.48	 0.0686905	 0.0687193	 0.46102	 -0.161002	 0.161023	 -9.8449e-05
75.5	 0.0683664	 0.0683945	 0.464173	 -0.160584	 0.160603	 -0.000120473
75.52	 0.068021	 0.0680483	 0.467311	 -0.160111	 0.160128	 -0.000141546
75.54	 0.0676544	 0.067681	 0.470436	 -0.159582	 0.159597	 -0.000161626
75.56	 0.0672668	 0.0672925	 0.473545	 -0.158998	 0.15901	 -0.000180671
75.58	 0.0668583	 0.0668832	 0.476637	 -0.158358	 0.158367	 -0.000198643
75.6	 0.0664292	 0.0664531	 0.479713	 -0.157662	 0.157668	 -0.000215507
75.62	 0.0659795	 0.0660026	 0.48277	 -0.156911	 0.156913	 -0.000231235
75.64	 0.0655095	 0.0655316	 0.485809	 -0.156104	 0.156102	 -0.000245801
75.66	 0.0650193	 0.0650406	 0.488828	 -0.155241	 0.155236	 -0.000259182
75.68	 0.0645092	 0.0645295	 0.491827	 -0.154323	 0.154314	 -0.000271357
75.7	 0.0639794	 0.0639987	 0.494804	 -0.15335	 0.153337	 -0.000282305
75.72	 0.06343	 0.0634483	 0.497759	 -0.152323	 0.152305	 -0.000292012
75.74	 0.0628613	 0.0628786	 0.500691	 -0.15124	 0.151217	 -0.000300462
75.76	 0.0622734	 0.0622897	 0.5036	 -0.150103	 0.150075	 -0.000307646
75.78	 0.0616667	 0.0616819	 0.506483	 -0.148911	 0.148878	 -0.000313559
75.8	 0.0610412	 0.0610554	 0.509341	 -0.147665	 0.147627	 -0.000318199
75.82	 0.0603974	 0.0604105	 0.512173	 -0.146366	 0.146322	 -0.000321568
75.84	 0.0597353	 0.0597474	 0.514977	 -0.145013	 0.144964	 -0.00032367
75.86	 0.0590553	 0.0590663	 0.517754	 -0.143606	 0.143552	 -0.000324514
75.88	 0.0583575	 0.0583674	 0.520501	 -0.142148	 0.142087	 -0.000324112
75.9	 0.0576423	 0.0576511	 0.523218	 -0.140636	 0.14057	 -0.000322482
75.92	 0.0569098	 0.0569175	 0.525905	 -0.139073	 0.139	 -0.000319642
75.94	 0.0561603	 0.0561669	 0.528561	 -0.137458	 0.137379	 -0.000315614
75.96	 0.0553942	 0.0553996	 0.531184	 -0.135792	 0.135706	 -0.000310421
75.98	 0.0546115	 0.0546158	 0.533774	 -0.134075	 0.133983	 -0.000304085
76	 0.0538127	 0.0538159	 0.536331	 -0.132309	 0.13221	 -0.000296636
76.02	 0.052998	 0.053	 0.538852	 -0.130493	 0.130387	 -0.000288101
76.04	 0.0521676	 0.0521685	 0.541338	 -0.128628	 0.128514	 -0.000278515
76.06	 0.0513219	 0.0513217	 0.543787	 -0.126714	 0.126594	 -0.000267915
76.08	 0.0504611	 0.0504597	 0.546199	 -0.124753	 0.124625	 -0.00025634
76.1	 0.0495856	 0.049583	 0.548573	 -0.122744	 0.12261	 -0.000243833
76.12	 0.0486955	 0.0486918	 0.550908	 -0.120689	 0.120548	 -0.000230439
76.14	 0.0477912	 0.0477863	 0.553203	 -0.118589	 0.118439	 -0.000216203
76.16	 0.0468729	 0.046867	 0.555457	 -0.116443	 0.116286	 -0.000201174
76.18	 0.0459411	 0.045934	 0.557671	 -0.114252	 0.114088	 -0.000185404
76.2	 0.0449959	 0.0449876	 0.559842	 -0.112018	 0.111847	 -0.000168944
76.22	 0.0440376	 0.0440283	 0.56197	 -0.109741	 0.109562	 -0.000151848
76.24	 0.0430667	 0.0430562	 0.564055	 -0.107422	 0.107235	 -0.000134168
76.26	 0.0420833	 0.0420717	 0.566095	 -0.105062	 0.104868	 -0.00011596
76.28	 0.0410878	 0.0410751	 0.56809	 -0.102661	 0.102459	 -9.72792e-05
76.3	 0.0400805	 0.0400667	 0.570039	 -0.100221	 0.100011	 -7.81825e-05
76.32	 0.0390617	 0.0390469	 0.571941	 -0.097742	 0.0975246	 -5.87286e-05
76.34	 0.0380319	 0.0380159	 0.573795	 -0.0952253	 0.0950002	 -3.89773e-05
76.36	 0.0369911	 0.0369741	 0.575602	 -0.0926717	 0.0924391	 -1.89893e-05
76.38	 0.0359399	 0.0359219	 0.57736	 -0.0900822	 0.0898421	 1.17483e-06
76.4	 0.0348785	 0.0348594	 0.579068	 -0.0874578	 0.0872101	 2.14543e-05
76.42	 0.0338073	 0.0337872	 0.580726	 -0.0847994	 0.0845443	 4.17889e-05
76.44	 0.0327266	 0.0327054	 0.582333	 -0.0821079	 0.0818454	 6.2118e-05
76.46	 0.0316367	 0.0316145	 0.583888	 -0.0793844	 0.0791146	 8.23807e-05
76.48	 0.0305379	 0.0305147	 0.585391	 -0.0766298	 0.0763528	 0.000102516
76.5	 0.0294306	 0.0294064	 0.586841	 -0.0738452	 0.0735611	 0.000122462
76.52	 0.0283151	 0.0282899	 0.588237	 -0.0710317	 0.0707405	 0.000142158
76.54	 0.0271917	 0.0271656	 0.58958	 -0.0681902	 0.0678921	 0.000161544
76.56	 0.0260609	 0.0260338	 0.590868	 -0.0653218	 0.0650169	 0.000180562
76.58	 0.0249228	 0.0248948	 0.5921	 -0.0624277	 0.0621161	 0.000199157
76.6	 0.0237779	 0.023749	 0.593276	 -0.0595089	 0.0591907	 0.000217272
76.62	 0.0226265	 0.0225967	 0.594397	 -0.0565666	 0.056242	 0.000234856
76.64	 0.0214688	 0.0214382	 0.59546	 -0.0536019	 0.053271	 0.000251858
76.66	 0.0203054	 0.0202738	 0.596466	 -0.0506158	 0.0502788	 0.000268231
76.68	 0.0191364	 0.019104	 0.597414	 -0.0476096	 0.0472665	 0.000283929
76.7	 0.0179623	 0.017929	 0.598304	 -0.0445843	 0.0442354	 0.000298909
76.72	 0.0167833	 0.0167493	 0.599135	 -0.0415411	 0.0411865	 0.000313132
76.74	 0.0155999	 0.015565	 0.599907	 -0.0384812	 0.0381211	 0.000326558
76.76	 0.0144123	 0.0143766	 0.600619	 -0.0354057	 0.0350404	 0.000339154
76.78	 0.0132209	 0.0131845	 0.601272	 -0.0323159	 0.0319454	 0.000350883
76.8	 0.012026	 0.0119888	 0.601864	 -0.0292128	 0.0288373	 0.000361717
76.82	 0.010828	 0.0107901	 0.602395	 -0.0260977	 0.0257174	 0.000371627
76.84	 0.00962723	 0.00958866	 0.602866	 -0.0229717	 0.0225868	 0.000380587
76.86	 0.00842403	 0.00838478	 0.603275	 -0.0198362	 0.0194468	 0.000388575
76.88	 0.00721873	 0.00717882	 0.603623	 -0.0166923	 0.0162987	 0.00039557
76.9	 0.00601168	 0.00597114	 0.603909	 -0.0135412	 0.0131436	 0.000401553
76.92	 0.00480322	 0.00476208	 0.604134	 -0.0103843	 0.00998281	 0.000406508
76.94	 0.00359368	 0.00355196	 0.604296	 -0.00722261	 0.0068175	 0.000410422
76.96	 0.00238341	 0.00234114	 0.604396	 -0.00405747	 0.00364891	 0.000413284
76.98	 0.00117274	 0.00112994	 0.604434	 -0.000890079	 0.000478262	 0.000415085
77	 -3.7992e-05	 -8.12976e-05	 0.604409	 0.00227834	 -0.00269321	 0.000415819
77.02	 -0.00124845	 -0.00129223	 0.604322	 0.00544653	 -0.00586425	 0.000415483
77.04	 -0.00245828	 -0.00250251	 0.604172	 0.00861329	 -0.00903363	 0.000414078
77.06	 -0.00366715	 -0.00371181	 0.60396	 0.0117774	 -0.0122002	 0.000411608
77.08	 -0.00487473	 -0.00491978	 0.603685	 0.0149377	 -0.0153626	 0.000408079
77.1	 -0.00608066	 -0.00612609	 0.603347	 0.018093	 -0.0185199	 0.000403505
77.12	 -0.00728461	 -0.00733039	 0.602948	 0.0212421	 -0.0216709	 0.0003979
77.14	 -0.00848625	 -0.00853235	 0.602485	 0.0243839	 -0.0248142	 0.000391282
77.16	 -0.00968525	 -0.00973164	 0.601961	 0.0275172	 -0.0279489	 0.000383674
77.18	 -0.0108813	 -0.0109279	 0.601375	 0.0306409	 -0.0310737	 0.000375098
77.2	 -0.0120739	 -0.0121209	 0.600727	 0.0337537	 -0.0341875	 0.000365582
77.22	 -0.013263	 -0.0133101	 0.600017	 0.0368546	 -0.0372892	 0.000355153
77.24	 -0.014448	 -0.0144954	 0.599245	 0.0399424	 -0.0403775	 0.000343843
77.26	 -0.0156288	 -0.0156763	 0.598413	 0.0430159	 -0.0434514	 0.000331685
77.28	 -0.0168049	 -0.0168525	 0.59752	 0.0460739	 -0.0465096	 0.000318717
77.3	 -0.017976	 -0.0180237	 0.596566	 0.0491153	 -0.049551	 0.000304977
77.32	 -0.0191418	 -0.0191895	 0.595552	 0.0521388	 -0.0525743	 0.000290504
77.34	 -0.0203019	 -0.0203497	 0.594478	 0.0551432	 -0.0555783	 0.000275341
77.36	 -0.0214561	 -0.0215039	 0.593345	 0.0581274	 -0.0585619	 0.000259531
77.38	 -0.0226039	 -0.0226518	 0.592153	 0.0610901	 -0.0615239	 0.000243121
77.4	 -0.0237452	 -0.023793	 0.590903	 0.0640302	 -0.0644631	 0.000226156
77.42	 -0.0248795	 -0.0249272	 0.589594	 0.0669466	 -0.0673784	 0.000208687
77.44	 -0.0260066	 -0.0260542	 0.588228	 0.0698381	 -0.0702687	 0.000190762
77.46	 -0.0271261	 -0.0271736	 0.586805	 0.0727037	 -0.0731329	 0.000172433
77.48	 -0.0282377	 -0.028285	 0.585325	 0.0755421	 -0.0759699	 0.000153754
77.5	 -0.0293411	 -0.0293882	 0.58379	 0.0783525	 -0.0787786	 0.00013478
77.52	 -0.0304361	 -0.0304829	 0.582199	 0.0811338	 -0.0815581	 0.000115571
77.54	 -0.0315221	 -0.0315687	 0.580554	 0.083885	 -0.0843073	 9.61839e-05
77.56	 -0.0325991	 -0.0326454	 0.578854	 0.0866051	 -0.0870254	 7.66782e-05
77.58	 -0.0336666	 -0.0337126	 0.577101	 0.0892932	 -0.0897113	 5.71132e-05
77.6	 -0.0347244	 -0.03477	 0.575296	 0.0919484	 -0.0923641	 3.75487e-05
77.62	 -0.0357721	 -0.0358173	 0.573438	 0.0945697	 -0.094983	 1.80449e-05
77.64	 -0.0368095	 -0.0368543	 0.57153	 0.0971564	 -0.0975672	 -1.33755e-06
77.66	 -0.0378362	 -0.0378805	 0.56957	 0.0997074	 -0.100116	 -2.05386e-05
77.68	 -0.0388519	 -0.0388958	 0.567561	 0.102222	 -0.102627	 -3.94995e-05
77.7	 -0.0398564	 -0.0398998	 0.565503	 0.104699	 -0.105102	 -5.81629e-05
77.72	 -0.0408493	 -0.0408922	 0.563397	 0.107138	 -0.107537	 -7.6473e-05
77.74	 -0.0418304	 -0.0418727	 0.561243	 0.109537	 -0.109934	 -9.43749e-05
77.76	 -0.0427993	 -0.042841	 0.559043	 0.111896	 -0.11229	 -0.000111814
77.78	 -0.0437557	 -0.0437969	 0.556797	 0.114214	 -0.114605	 -0.000128735
77.8	 -0.0446995	 -0.04474	 0.554506	 0.116491	 -0.116877	 -0.000145085
77.82	 -0.0456302	 -0.04567	 0.552172	 0.118724	 -0.119108	 -0.000160813
77.84	 -0.0465476	 -0.0465868	 0.549794	 0.120914	 -0.121294	 -0.000175867
77.86	 -0.0474515	 -0.04749	 0.547374	 0.12306	 -0.123436	 -0.000190198
77.88	 -0.0483415	 -0.0483793	 0.544913	 0.125161	 -0.125534	 -0.000203757
77.9	 -0.0492174	 -0.0492545	 0.542411	 0.127216	 -0.127585	 -0.000216495
77.92	 -0.050079	 -0.0501153	 0.53987	 0.129225	 -0.129591	 -0.000228366
77.94	 -0.0509259	 -0.0509614	 0.537291	 0.131187	 -0.131549	 -0.000239325
77.96	 -0.0517579	 -0.0517926	 0.534674	 0.133102	 -0.133461	 -0.000249334
77.98	 -0.0525748	 -0.0526087	 0.53202	 0.134969	 -0.135324	 -0.000258357
78	 -0.0533762	 -0.0534093	 0.529331	 0.136787	 -0.137138	 -0.000266364
78.02	 -0.054162	 -0.0541942	 0.526607	 0.138556	 -0.138903	 -0.000273324
78.04	 -0.0549318	 -0.0549631	 0.523849	 0.140274	 -0.140618	 -0.000279208
78.06	 -0.0556854	 -0.0557159	 0.521059	 0.141943	 -0.142283	 -0.000283991
78.08	 -0.0564226	 -0.0564521	 0.518237	 0.14356	 -0.143896	 -0.00028765
78.1	 -0.0571431	 -0.0571717	 0.515385	 0.145126	 -0.145458	 -0.000290166
78.12	 -0.0578466	 -0.0578743	 0.512503	 0.14664	 -0.146968	 -0.000291521
78.14	 -0.058533	 -0.0585598	 0.509593	 0.148101	 -0.148426	 -0.000291703
78.16	 -0.059202	 -0.0592278	 0.506655	 0.149509	 -0.149831	 -0.000290697
78.18	 -0.0598534	 -0.0598783	 0.50369	 0.150865	 -0.151182	 -0.000288494
78.2	 -0.0604869	 -0.0605108	 0.5007	 0.152166	 -0.15248	 -0.000285086
78.22	 -0.0611024	 -0.0611253	 0.497685	 0.153414	 -0.153724	 -0.000280471
78.24	 -0.0616995	 -0.0617215	 0.494647	 0.154607	 -0.154913	 -0.000274649
78.26	 -0.0622781	 -0.0622991	 0.491586	 0.155745	 -0.156048	 -0.000267624
78.28	 -0.0628381	 -0.0628581	 0.488504	 0.156827	 -0.157127	 -0.000259403
78.3	 -0.0633791	 -0.0633981	 0.485402	 0.157854	 -0.158151	 -0.000249993
78.32	 -0.063901	 -0.063919	 0.48228	 0.158825	 -0.159118	 -0.000239404
78.34	 -0.0644036	 -0.0644207	 0.47914	 0.15974	 -0.16003	 -0.00022765
78.36	 -0.0648867	 -0.0649028	 0.475982	 0.160599	 -0.160885	 -0.000214749
78.38	 -0.0653501	 -0.0653652	 0.472809	 0.161401	 -0.161684	 -0.000200722
78.4	 -0.0657937	 -0.0658078	 0.46962	 0.162146	 -0.162426	 -0.000185597
78.42	 -0.0662172	 -0.0662304	 0.466417	 0.162835	 -0.163111	 -0.000169403
78.44	 -0.0666206	 -0.0666328	 0.4632	 0.163466	 -0.16374	 -0.000152172
78.46	 -0.0670035	 -0.0670148	 0.459972	 0.16404	 -0.164311	 -0.000133937
78.48	 -0.0673659	 -0.0673763	 0.456732	 0.164556	 -0.164824	 -0.000114734
78.5	 -0.0677076	 -0.067717	 0.453482	 0.165015	 -0.165281	 -9.45989e-05
78.52	 -0.0680285	 -0.068037	 0.450224	 0.165417	 -0.165679	 -7.35733e-05
78.54	 -0.0683284	 -0.068336	 0.446956	 0.165761	 -0.166021	 -5.17005e-05
78.56	 -0.0686072	 -0.0686139	 0.443682	 0.166048	 -0.166305	 -2.90273e-05
78.58	 -0.0688647	 -0.0688705	 0.440402	 0.166277	 -0.166531	 -5.60327e-06
78.6	 -0.0691008	 -0.0691058	 0.437117	 0.166448	 -0.1667	 1.85202e-05
78.62	 -0.0693154	 -0.0693195	 0.433827	 0.166562	 -0.166812	 4.32898e-05
78.64	 -0.0695085	 -0.0695117	 0.430535	 0.166618	 -0.166866	 6.8651e-05
78.66	 -0.0696797	 -0.0696822	 0.42724	 0.166617	 -0.166863	 9.45476e-05
78.68	 -0.0698292	 -0.0698308	 0.423944	 0.166558	 -0.166802	 0.000120921
78.7	 -0.0699567	 -0.0699576	 0.420648	 0.166442	 -0.166684	 0.000147711
78.72	 -0.0700622	 -0.0700624	 0.417352	 0.166269	 -0.166509	 0.000174854
78.74	 -0.0701456	 -0.070145	 0.414058	 0.166039	 -0.166278	 0.000202284
78.76	 -0.0702068	 -0.0702056	 0.410767	 0.165752	 -0.16599	 0.000229937
78.78	 -0.0702458	 -0.0702439	 0.40748	 0.165409	 -0.165645	 0.000257745
78.8	 -0.0702625	 -0.07026	 0.404197	 0.16501	 -0.165245	 0.000285644
78.82	 -0.0702569	 -0.0702537	 0.400919	 0.164555	 -0.164788	 0.000313569
78.84	 -0.0702288	 -0.070225	 0.397648	 0.164043	 -0.164276	 0.000341456
78.86	 -0.0701783	 -0.070174	 0.394384	 0.163477	 -0.163708	 0.000369238
78.88	 -0.0701054	 -0.0701005	 0.391129	 0.162855	 -0.163086	 0.000396848
78.9	 -0.0700099	 -0.0700046	 0.387883	 0.162179	 -0.162409	 0.000424216
78.92	 -0.069892	 -0.0698861	 0.384647	 0.161448	 -0.161678	 0.000451274
78.94	 -0.0697515	 -0.0697452	 0.381422	 0.160663	 -0.160892	 0.000477952
78.96	 -0.0695885	 -0.0695818	 0.378209	 0.159825	 -0.160054	 0.000504184
78.98	 -0.069403	 -0.0693959	 0.375009	 0.158933	 -0.159162	 0.000529905
79	 -0.0691949	 -0.0691875	 0.371822	 0.157989	 -0.158218	 0.00055505
79.02	 -0.0689644	 -0.0689566	 0.368651	 0.156993	 -0.157222	 0.000579554
79.04	 -0.0687114	 -0.0687033	 0.365495	 0.155945	 -0.156174	 0.000603354
79.06	 -0.0684359	 -0.0684276	 0.362355	 0.154846	 -0.155075	 0.000626387
79.08	 -0.0681381	 -0.0681296	 0.359233	 0.153696	 -0.153925	 0.000648594
79.1	 -0.0678179	 -0.0678092	 0.356128	 0.152495	 -0.152726	 0.000669917
79.12	 -0.0674755	 -0.0674666	 0.353043	 0.151245	 -0.151476	 0.000690299
79.14	 -0.0671109	 -0.0671018	 0.349978	 0.149946	 -0.150178	 0.000709685
79.16	 -0.0667241	 -0.0667149	 0.346934	 0.148598	 -0.148831	 0.000728018
79.18	 -0.0663152	 -0.066306	 0.343911	 0.147202	 -0.147437	 0.000745241
79.2	 -0.0658844	 -0.0658751	 0.340911	 0.145759	 -0.145995	 0.000761299
79.22	 -0.0654317	 -0.0654224	 0.337935	 0.144269	 -0.144506	 0.000776143
79.24	 -0.0649573	 -0.064948	 0.334982	 0.142733	 -0.142972	 0.000789729
79.26	 -0.0644612	 -0.064452	 0.332054	 0.141151	 -0.141392	 0.000802015
79.28	 -0.0639436	 -0.0639344	 0.329152	 0.139525	 -0.139767	 0.000812965
79.3	 -0.0634045	 -0.0633955	 0.326277	 0.137854	 -0.138098	 0.000822542
79.32	 -0.0628443	 -0.0628354	 0.32343	 0.136139	 -0.136386	 0.000830713
79.34	 -0.0622629	 -0.0622542	 0.32061	 0.134382	 -0.134631	 0.000837446
79.36	 -0.0616606	 -0.0616521	 0.31782	 0.132583	 -0.132834	 0.000842715
79.38	 -0.0610375	 -0.0610293	 0.31506	 0.130743	 -0.130997	 0.000846496
79.4	 -0.0603938	 -0.0603859	 0.312331	 0.128862	 -0.129118	 0.000848769
79.42	 -0.0597297	 -0.0597221	 0.309633	 0.126941	 -0.127201	 0.000849515
79.44	 -0.0590454	 -0.0590381	 0.306968	 0.124982	 -0.125244	 0.000848718
79.46	 -0.0583411	 -0.0583341	 0.304336	 0.122984	 -0.123249	 0.000846365
79.48	 -0.0576169	 -0.0576103	 0.301738	 0.120948	 -0.121217	 0.000842447
79.5	 -0.0568731	 -0.0568669	 0.299175	 0.118877	 -0.119148	 0.00083696
79.52	 -0.0561098	 -0.0561042	 0.296647	 0.116769	 -0.117044	 0.000829904
79.54	 -0.0553274	 -0.0553222	 0.294156	 0.114626	 -0.114905	 0.00082128
79.56	 -0.0545261	 -0.0545214	 0.291701	 0.112449	 -0.112731	 0.000811093
79.58	 -0.053706	 -0.0537018	 0.289285	 0.110238	 -0.110525	 0.000799351
79.6	 -0.0528675	 -0.0528639	 0.286907	 0.107995	 -0.108286	 0.000786064
79.62	 -0.0520108	 -0.0520077	 0.284569	 0.105721	 -0.106015	 0.000771251
79.64	 -0.0511361	 -0.0511337	 0.282271	 0.103416	 -0.103714	 0.000754931
79.66	 -0.0502438	 -0.050242	 0.280014	 0.10108	 -0.101383	 0.00073713
79.68	 -0.0493341	 -0.049333	 0.277798	 0.0987164	 -0.0990233	 0.000717872
79.7	 -0.0484074	 -0.0484069	 0.275625	 0.0963242	 -0.0966356	 0.000697189
79.72	 -0.0474639	 -0.0474641	 0.273495	 0.0939048	 -0.0942207	 0.000675111
79.74	 -0.0465038	 -0.0465047	 0.271409	 0.0914591	 -0.0917796	 0.000651674
79.76	 -0.0455276	 -0.0455293	 0.269367	 0.0889881	 -0.0893132	 0.000626918
79.78	 -0.0445356	 -0.044538	 0.267371	 0.0864925	 -0.0868224	 0.000600884
79.8	 -0.043528	 -0.0435311	 0.26542	 0.0839733	 -0.084308	 0.000573618
79.82	 -0.0425052	 -0.0425091	 0.263517	 0.0814315	 -0.0817711	 0.000545167
79.84	 -0.0414675	 -0.0414723	 0.26166	 0.0788678	 -0.0792124	 0.000515581
79.86	 -0.0404153	 -0.0404209	 0.259852	 0.0762832	 -0.0766328	 0.000484914
79.88	 -0.0393489	 -0.0393553	 0.258092	 0.0736787	 -0.0740334	 0.000453222
79.9	 -0.0382686	 -0.0382759	 0.256381	 0.0710552	 -0.071415	 0.000420564
79.92	 -0.0371749	 -0.037183	 0.25472	 0.0684136	 -0.0687786	 0.000387002
79.94	 -0.0360681	 -0.036077	 0.25311	 0.0657549	 -0.0661251	 0.000352597
79.96	 -0.0349485	 -0.0349583	 0.251551	 0.0630798	 -0.0634553	 0.000317412
79.98	 -0.0338165	 -0.0338273	 0.250044	 0.0603893	 -0.0607701	 0.000281514
80	 -0.0326726	 -0.0326842	 0.248589	 0.0576842	 -0.0580704	 0.000244972
80.02	 -0.031517	 -0.0315295	 0.247187	 0.0549655	 -0.0553571	 0.000207857
80.04	 -0.0303502	 -0.0303636	 0.245838	 0.0522342	 -0.0526311	 0.000170242
80.06	 -0.0291726	 -0.0291869	 0.244544	 0.0494911	 -0.0498934	 0.000132202
80.08	 -0.0279845	 -0.0279998	 0.243304	 0.0467371	 -0.0471449	 9.38108e-05
80.1	 -0.0267865	 -0.0268026	 0.242119	 0.0439732	 -0.0443864	 5.51446e-05
80.12	 -0.0255788	 -0.0255959	 0.24099	 0.0412003	 -0.0416189	 1.62811e-05
80.14	 -0.0243619	 -0.0243799	 0.239917	 0.0384192	 -0.0388433	 -2.2701e-05
80.16	 -0.0231362	 -0.0231552	 0.2389	 0.035631	 -0.0360605	 -6.17223e-05
80.18	 -0.0219022	 -0.0219221	 0.237941	 0.0328364	 -0.0332713	 -0.000100703
80.2	 -0.0206602	 -0.020681	 0.237039	 0.0300365	 -0.0304768	 -0.000139565
80.22	 -0.0194107	 -0.0194324	 0.236195	 0.0272319	 -0.0276776	 -0.000178226
80.24	 -0.0181541	 -0.0181767	 0.23541	 0.0244237	 -0.0248747	 -0.000216609
80.26	 -0.0168909	 -0.0169144	 0.234683	 0.0216128	 -0.022069	 -0.000254633
80.28	 -0.0156214	 -0.0156458	 0.234015	 0.0187999	 -0.0192614	 -0.000292218
80.3	 -0.0143461	 -0.0143714	 0.233407	 0.015986	 -0.0164528	 -0.000329288
80.32	 -0.0130654	 -0.0130916	 0.232859	 0.013172	 -0.0136439	 -0.000365765
80.34	 -0.0117799	 -0.0118069	 0.232371	 0.0103586	 -0.0108356	 -0.000401574
80.36	 -0.0104898	 -0.0105177	 0.231943	 0.00754677	 -0.00802888	 -0.000436638
80.38	 -0.00919572	 -0.00922448	 0.231576	 0.00473736	 -0.00522448	 -0.000470882
80.4	 -0.00789805	 -0.00792764	 0.23127	 0.00193127	 -0.00242331	 -0.000504231
80.42	 -0.00659724	 -0.00662765	 0.231026	 -0.000870622	 0.000373737	 -0.000536609
80.44	 -0.00529374	 -0.00532497	 0.230842	 -0.00366746	 0.00316581	 -0.000567946
80.46	 -0.00398801	 -0.00402003	 0.230721	 -0.00645842	 0.00595208	 -0.000598174
80.48	 -0.0026805	 -0.00271329	 0.230661	 -0.0092427	 0.00873177	 -0.000627227
80.5	 -0.00137164	 -0.00140519	 0.230664	 -0.0120195	 0.0115041	 -0.000655044
80.52	 -6.19011e-05	 -9.61929e-05	 0.230728	 -0.014788	 0.0142682	 -0.000681563
80.54	 0.00124827	 0.00121326	 0.230855	 -0.0175475	 0.0170234	 -0.000706725
80.56	 0.00255843	 0.00252271	 0.231044	 -0.020297	 0.0197687	 -0.00073047
80.58	 0.00386811	 0.00383171	 0.231295	 -0.0230358	 0.0225035	 -0.000752746
80.6	 0.00517685	 0.00513979	 0.231609	 -0.0257632	 0.0252269	 -0.000773501
80.62	 0.00648421	 0.00644651	 0.231985	 -0.0284783	 0.0279382	 -0.000792687
80.64	 0.00778972	 0.0077514	 0.232423	 -0.0311805	 0.0306366	 -0.00081026
80.66	 0.00909294	 0.00905403	 0.232924	 -0.0338689	 0.0333215	 -0.000826178
80.68	 0.0103934	 0.0103539	 0.233487	 -0.0365428	 0.0359921	 -0.000840402
80.7	 0.0116907	 0.0116507	 0.234112	 -0.0392016	 0.0386475	 -0.000852895
80.72	 0.0129844	 0.0129438	 0.234799	 -0.0418444	 0.0412872	 -0.000863625
80.74	 0.0142739	 0.0142328	 0.235548	 -0.0444705	 0.0439104	 -0.000872565
80.76	 0.0155589	 0.0155174	 0.236359	 -0.0470793	 0.0465165	 -0.000879689
80.78	 0.016839	 0.016797	 0.237231	 -0.0496702	 0.0491047	 -0.000884977
80.8	 0.0181137	 0.0180712	 0.238165	 -0.0522423	 0.0516744	 -0.000888412
80.82	 0.0193825	 0.0193397	 0.239159	 -0.054795	 0.0542248	 -0.000889978
80.84	 0.020645	 0.0206018	 0.240215	 -0.0573276	 0.0567553	 -0.000889662
80.86	 0.0219008	 0.0218573	 0.241331	 -0.0598394	 0.0592652	 -0.000887458
80.88	 0.0231494	 0.0231056	 0.242507	 -0.0623297	 0.0617538	 -0.00088336
80.9	 0.0243905	 0.0243464	 0.243742	 -0.0647979	 0.0642205	 -0.000877371
80.92	 0.0256235	 0.0255792	 0.245038	 -0.0672434	 0.0666647	 -0.000869495
80.94	 0.0268481	 0.0268036	 0.246392	 -0.0696656	 0.0690858	 -0.000859742
80.96	 0.0280639	 0.0280191	 0.247805	 -0.072064	 0.0714832	 -0.000848123
80.98	 0.0292704	 0.0292255	 0.249276	 -0.0744378	 0.0738563	 -0.000834657
81	 0.0304672	 0.0304222	 0.250804	 -0.0767867	 0.0762046	 -0.000819364
81.02	 0.0316539	 0.0316088	 0.25239	 -0.07911	 0.0785276	 -0.000802271
81.04	 0.0328302	 0.032785	 0.254032	 -0.0814072	 0.0808247	 -0.000783407
81.06	 0.0339955	 0.0339502	 0.25573	 -0.0836778	 0.0830953	 -0.000762805
81.08	 0.0351495	 0.0351042	 0.257483	 -0.0859211	 0.0853389	 -0.000740501
81.1	 0.0362918	 0.0362466	 0.25929	 -0.0881367	 0.087555	 -0.000716537
81.12	 0.037422	 0.0373768	 0.261152	 -0.0903239	 0.0897429	 -0.000690956
81.14	 0.0385397	 0.0384946	 0.263067	 -0.0924823	 0.0919023	 -0.000663806
81.16	 0.0396446	 0.0395996	 0.265034	 -0.0946114	 0.0940325	 -0.00063514
81.18	 0.0407362	 0.0406914	 0.267053	 -0.0967106	 0.0961331	 -0.000605011
81.2	 0.0418142	 0.0417696	 0.269123	 -0.0987794	 0.0982035	 -0.000573474
81.22	 0.0428783	 0.0428338	 0.271243	 -0.100817	 0.100243	 -0.000540588
81.24	 0.043928	 0.0438838	 0.273412	 -0.102824	 0.102252	 -0.000506413
81.26	 0.044963	 0.044919	 0.275631	 -0.104799	 0.104229	 -0.000471015
81.28	 0.045983	 0.0459393	 0.277897	 -0.106741	 0.106174	 -0.000434459
81.3	 0.0469876	 0.0469442	 0.28021	 -0.10865	 0.108086	 -0.000396818
81.32	 0.0479765	 0.0479335	 0.282569	 -0.110527	 0.109965	 -0.000358161
81.34	 0.0489494	 0.0489066	 0.284973	 -0.112369	 0.111811	 -0.000318562
81.36	 0.0499058	 0.0498635	 0.287421	 -0.114178	 0.113623	 -0.000278095
81.38	 0.0508456	 0.0508037	 0.289913	 -0.115952	 0.115401	 -0.000236839
81.4	 0.0517683	 0.0517268	 0.292447	 -0.117692	 0.117145	 -0.000194873
81.42	 0.0526738	 0.0526327	 0.295023	 -0.119396	 0.118853	 -0.000152281
81.44	 0.0535616	 0.053521	 0.29764	 -0.121064	 0.120525	 -0.000109144
81.46	 0.0544314	 0.0543914	 0.300295	 -0.122696	 0.122162	 -6.55496e-05
81.48	 0.0552831	 0.0552436	 0.30299	 -0.124291	 0.123762	 -2.15812e-05
81.5	 0.0561163	 0.0560773	 0.305722	 -0.125849	 0.125325	 2.26742e-05
81.52	 0.0569307	 0.0568923	 0.30849	 -0.12737	 0.126852	 6.71289e-05
81.54	 0.057726	 0.0576882	 0.311294	 -0.128853	 0.12834	 0.000111695
81.56	 0.058502	 0.0584649	 0.314132	 -0.130298	 0.129791	 0.000156286
81.58	 0.0592585	 0.059222	 0.317004	 -0.131704	 0.131203	 0.000200815
81.6	 0.0599951	 0.0599593	 0.319908	 -0.133071	 0.132577	 0.000245198
81.62	 0.0607117	 0.0606765	 0.322843	 -0.1344	 0.133911	 0.000289349
81.64	 0.061408	 0.0613735	 0.325808	 -0.135688	 0.135207	 0.000333183
81.66	 0.0620837	 0.06205	 0.328803	 -0.136937	 0.136463	 0.000376612
81.68	 0.0627387	 0.0627058	 0.331826	 -0.138146	 0.137678	 0.000419551
81.7	 0.0633728	 0.0633406	 0.334875	 -0.139314	 0.138853	 0.000461913
81.72	 0.0639856	 0.0639542	 0.337951	 -0.140441	 0.139988	 0.000503617
81.74	 0.0645771	 0.0645465	 0.341051	 -0.141527	 0.141082	 0.00054458
81.76	 0.065147	 0.0651173	 0.344175	 -0.142571	 0.142134	 0.000584723
81.78	 0.0656951	 0.0656662	 0.347321	 -0.143574	 0.143145	 0.000623967
81.8	 0.0662213	 0.0661933	 0.350489	 -0.144535	 0.144113	 0.000662236
81.82	 0.0667254	 0.0666983	 0.353676	 -0.145453	 0.14504	 0.000699454
81.84	 0.0672072	 0.0671811	 0.356883	 -0.146329	 0.145924	 0.000735552
81.86	 0.0676666	 0.0676414	 0.360107	 -0.147162	 0.146766	 0.00077046
81.88	 0.0681035	 0.0680793	 0.363349	 -0.147951	 0.147564	 0.000804114
81.9	 0.0685177	 0.0684944	 0.366605	 -0.148697	 0.148319	 0.000836448
81.92	 0.068909	 0.0688867	 0.369876	 -0.149399	 0.14903	 0.000867402
81.94	 0.0692774	 0.0692561	 0.373161	 -0.150058	 0.149697	 0.000896915
81.96	 0.0696228	 0.0696025	 0.376457	 -0.150672	 0.15032	 0.000924929
81.98	 0.0699449	 0.0699257	 0.379764	 -0.151241	 0.150899	 0.00095139
82	 0.0702439	 0.0702256	 0.383081	 -0.151766	 0.151434	 0.00097625
82.02	 0.0705195	 0.0705023	 0.386407	 -0.152246	 0.151923	 0.000999461
82.04	 0.0707716	 0.0707555	 0.38974	 -0.152681	 0.152368	 0.00102098
82.06	 0.0710004	 0.0709853	 0.393079	 -0.153071	 0.152767	 0.00104077
82.08	 0.0712055	 0.0711916	 0.396423	 -0.153415	 0.153121	 0.00105879
82.1	 0.0713871	 0.0713742	 0.399772	 -0.153714	 0.15343	 0.001075
82.12	 0.0715451	 0.0715333	 0.403123	 -0.153967	 0.153693	 0.00108938
82.14	 0.0716793	 0.0716686	 0.406475	 -0.154175	 0.15391	 0.0011019
82.16	 0.0717899	 0.0717803	 0.409829	 -0.154336	 0.154081	 0.00111252
82.18	 0.0718767	 0.0718683	 0.413181	 -0.154451	 0.154207	 0.00112125
82.2	 0.0719398	 0.0719325	 0.416533	 -0.154521	 0.154286	 0.00112805
82.22	 0.0719792	 0.0719729	 0.419881	 -0.154545	 0.15432	 0.00113291
82.24	 0.0719948	 0.0719897	 0.423226	 -0.154522	 0.154307	 0.00113583
82.26	 0.0719866	 0.0719826	 0.426566	 -0.154453	 0.154248	 0.0011368
82.28	 0.0719548	 0.0719519	 0.429899	 -0.154339	 0.154143	 0.00113583
82.3	 0.0718992	 0.0718975	 0.433226	 -0.154178	 0.153992	 0.00113291
82.32	 0.07182	 0.0718194	 0.436545	 -0.153971	 0.153795	 0.00112806
82.34	 0.0717172	 0.0717177	 0.439854	 -0.153718	 0.153552	 0.00112129
82.36	 0.0715908	 0.0715925	 0.443154	 -0.153418	 0.153262	 0.00111261
82.38	 0.0714409	 0.0714437	 0.446442	 -0.153072	 0.152926	 0.00110205
82.4	 0.0712675	 0.0712714	 0.449718	 -0.15268	 0.152543	 0.00108962
82.42	 0.0710708	 0.0710758	 0.452981	 -0.152242	 0.152114	 0.00107535
82.44	 0.0708507	 0.0708568	 0.45623	 -0.151757	 0.151639	 0.00105928
82.46	 0.0706074	 0.0706147	 0.459463	 -0.151226	 0.151117	 0.00104144
82.48	 0.070341	 0.0703494	 0.46268	 -0.150649	 0.150549	 0.00102186
82.5	 0.0700516	 0.0700611	 0.46588	 -0.150026	 0.149935	 0.0010006
82.52	 0.0697393	 0.0697498	 0.469063	 -0.149357	 0.149275	 0.000977684
82.54	 0.0694042	 0.0694158	 0.472226	 -0.148642	 0.148569	 0.000953173
82.56	 0.0690465	 0.0690592	 0.475369	 -0.147882	 0.147817	 0.000927116
82.58	 0.0686663	 0.06868	 0.478492	 -0.147075	 0.147019	 0.000899568
82.6	 0.0682637	 0.0682785	 0.481592	 -0.146224	 0.146175	 0.000870587
82.62	 0.067839	 0.0678548	 0.48467	 -0.145327	 0.145287	 0.000840232
82.64	 0.0673922	 0.067409	 0.487725	 -0.144385	 0.144352	 0.000808564
82.66	 0.0669235	 0.0669413	 0.490755	 -0.143398	 0.143373	 0.000775647
82.68	 0.0664331	 0.0664519	 0.49376	 -0.142366	 0.142349	 0.000741547
82.7	 0.0659212	 0.0659409	 0.496739	 -0.141291	 0.141281	 0.000706335
82.72	 0.0653879	 0.0654086	 0.499691	 -0.140171	 0.140168	 0.000670083
82.74	 0.0648335	 0.0648551	 0.502615	 -0.139007	 0.139011	 0.000632866
82.76	 0.0642581	 0.0642807	 0.505511	 -0.137799	 0.13781	 0.00059476
82.78	 0.0636621	 0.0636855	 0.508378	 -0.136549	 0.136566	 0.000555843
82.8	 0.0630455	 0.0630698	 0.511214	 -0.135255	 0.135278	 0.000516192
82.82	 0.0624086	 0.0624338	 0.514019	 -0.133918	 0.133948	 0.000475888
82.84	 0.0617516	 0.0617776	 0.516793	 -0.132539	 0.132575	 0.000435009
82.86	 0.0610748	 0.0611016	 0.519534	 -0.131118	 0.131159	 0.000393637
82.88	 0.0603784	 0.060406	 0.522241	 -0.129655	 0.129702	 0.000351855
82.9	 0.0596627	 0.059691	 0.524915	 -0.128152	 0.128203	 0.000309744
82.92	 0.0589278	 0.0589569	 0.527555	 -0.126607	 0.126663	 0.000267386
82.94	 0.0581741	 0.0582039	 0.530159	 -0.125022	 0.125082	 0.000224865
82.96	 0.0574018	 0.0574323	 0.532727	 -0.123396	 0.123461	 0.000182264
82.98	 0.0566112	 0.0566423	 0.535258	 -0.121731	 0.121801	 0.000139669
83	 0.0558026	 0.0558343	 0.537752	 -0.120027	 0.1201	 9.71665e-05
83.02	 0.0549762	 0.0550084	 0.540208	 -0.118285	 0.118361	 5.48401e-05
83.04	 0.0541323	 0.0541651	 0.542624	 -0.116504	 0.116584	 1.2773e-05
83.06	 0.0532713	 0.0533046	 0.545002	 -0.114685	 0.114768	 -2.89536e-05
83.08	 0.0523934	 0.0524271	 0.547339	 -0.11283	 0.112915	 -7.02598e-05
83.1	 0.0514989	 0.0515331	 0.549636	 -0.110938	 0.111026	 -0.000111066
83.12	 0.0505881	 0.0506227	 0.551892	 -0.109009	 0.1091	 -0.000151295
83.14	 0.0496613	 0.0496963	 0.554105	 -0.107046	 0.107138	 -0.000190869
83.16	 0.0487189	 0.0487542	 0.556276	 -0.105047	 0.105141	 -0.000229714
83.18	 0.0477611	 0.0477968	 0.558404	 -0.103014	 0.10311	 -0.000267755
83.2	 0.0467883	 0.0468242	 0.560488	 -0.100948	 0.101044	 -0.000304923
83.22	 0.0458008	 0.045837	 0.562528	 -0.0988479	 0.0989452	 -0.000341148
83.24	 0.044799	 0.0448353	 0.564523	 -0.0967158	 0.0968136	 -0.000376361
83.26	 0.0437831	 0.0438196	 0.566473	 -0.0945519	 0.09465	 -0.000410495
83.28	 0.0427535	 0.0427902	 0.568377	 -0.0923568	 0.092455	 -0.000443486
83.3	 0.0417107	 0.0417474	 0.570234	 -0.0901314	 0.0902293	 -0.000475273
83.32	 0.0406548	 0.0406916	 0.572045	 -0.0878763	 0.0879736	 -0.000505798
83.34	 0.0395864	 0.0396232	 0.573808	 -0.0855921	 0.0856887	 -0.000535006
83.36	 0.0385057	 0.0385424	 0.575523	 -0.0832798	 0.0833753	 -0.000562844
83.38	 0.0374131	 0.0374498	 0.57719	 -0.0809398	 0.0810341	 -0.000589266
83.4	 0.036309	 0.0363456	 0.578808	 -0.078573	 0.0786657	 -0.000614223
83.42	 0.0351937	 0.0352301	 0.580376	 -0.0761801	 0.076271	 -0.000637674
83.44	 0.0340677	 0.0341039	 0.581895	 -0.0737618	 0.0738507	 -0.000659579
83.46	 0.0329312	 0.0329672	 0.583364	 -0.0713189	 0.0714054	 -0.000679902
83.48	 0.0317847	 0.0318204	 0.584781	 -0.068852	 0.068936	 -0.000698613
83.5	 0.0306285	 0.0306639	 0.586148	 -0.066362	 0.0664432	 -0.000715682
83.52	 0.0294631	 0.0294981	 0.587463	 -0.0638496	 0.0639278	 -0.000731086
83.54	 0.0282887	 0.0283233	 0.588726	 -0.0613156	 0.0613905	 -0.000744803
83.56	 0.0271059	 0.02714	 0.589936	 -0.0587608	 0.0588322	 -0.000756815
83.58	 0.0259149	 0.0259485	 0.591094	 -0.056186	 0.0562537	 -0.000767108
83.6	 0.0247161	 0.0247492	 0.592199	 -0.053592	 0.0536558	 -0.000775671
83.62	 0.02351	 0.0235425	 0.593251	 -0.0509797	 0.0510393	 -0.000782496
83.64	 0.0222969	 0.0223288	 0.594248	 -0.0483498	 0.048405	 -0.000787577
83.66	 0.0210772	 0.0211085	 0.595191	 -0.0457032	 0.0457538	 -0.000790912
83.68	 0.0198514	 0.0198819	 0.59608	 -0.0430407	 0.0430865	 -0.000792502
83.7	 0.0186197	 0.0186495	 0.596914	 -0.040363	 0.0404039	 -0.000792353
83.72	 0.0173827	 0.0174117	 0.597693	 -0.0376712	 0.0377069	 -0.000790473
83.74	 0.0161406	 0.0161688	 0.598417	 -0.0349659	 0.0349962	 -0.000786875
83.76	 0.0148939	 0.0149213	 0.599085	 -0.0322481	 0.0322729	 -0.000781574
83.78	 0.013643	 0.0136695	 0.599697	 -0.0295186	 0.0295376	 -0.000774589
83.8	 0.0123883	 0.0124138	 0.600252	 -0.0267782	 0.0267913	 -0.00076594
83.82	 0.0111301	 0.0111547	 0.600751	 -0.0240278	 0.0240348	 -0.000755653
83.84	 0.00986897	 0.00989251	 0.601194	 -0.0212683	 0.0212691	 -0.000743755
83.86	 0.00860517	 0.00862766	 0.601579	 -0.0185005	 0.0184949	 -0.000730278
83.88	 0.00733914	 0.00736056	 0.601907	 -0.0157255	 0.0157133	 -0.000715259
83.9	 0.00607128	 0.00609159	 0.602178	 -0.0129441	 0.0129251	 -0.000698736
83.92	 0.00480199	 0.00482116	 0.602391	 -0.0101572	 0.0101314	 -0.000680751
83.94	 0.00353166	 0.00354966	 0.602547	 -0.00736574	 0.00733283	 -0.000661347
83.96	 0.00226068	 0.00227748	 0.602645	 -0.00457052	 0.00453041	 -0.000640573
83.98	 0.000989448	 0.00100503	 0.602685	 -0.00177245	 0.00172501	 -0.000618478
84	 -0.000281636	 -0.000267303	 0.602666	 0.00102756	 -0.00108247	 -0.000595115
84.02	 -0.00155218	 -0.00153912	 0.60259	 0.00382863	 -0.00389114	 -0.000570541
84.04	 -0.00282178	 -0.00281003	 0.602455	 0.00662986	 -0.0067001	 -0.000544812
84.06	 -0.00409006	 -0.00407962	 0.602262	 0.00943038	 -0.00950846	 -0.000517989
84.08	 -0.0053566	 -0.00534751	 0.60201	 0.0122294	 -0.0123154	 -0.000490131
84.1	 -0.00662102	 -0.00661331	 0.6017	 0.0150259	 -0.01512	 -0.000461301
84.12	 -0.00788292	 -0.0078766	 0.601332	 0.0178193	 -0.0179216	 -0.000431562
84.14	 -0.00914192	 -0.00913701	 0.600905	 0.0206086	 -0.0207191	 -0.000400978
84.16	 -0.0103976	 -0.0103942	 0.60042	 0.0233929	 -0.0235118	 -0.000369618
84.18	 -0.0116497	 -0.0116476	 0.599877	 0.0261714	 -0.0262988	 -0.000337551
84.2	 -0.0128976	 -0.0128971	 0.599275	 0.0289434	 -0.0290793	 -0.000304846
84.22	 -0.0141411	 -0.014142	 0.598615	 0.0317078	 -0.0318523	 -0.000271573
84.24	 -0.0153798	 -0.0153822	 0.597897	 0.0344639	 -0.0346171	 -0.000237803
84.26	 -0.0166133	 -0.0166172	 0.597122	 0.0372109	 -0.0373728	 -0.000203608
84.28	 -0.0178411	 -0.0178466	 0.596288	 0.0399478	 -0.0401185	 -0.00016906
84.3	 -0.019063	 -0.01907	 0.595397	 0.0426736	 -0.0428532	 -0.000134232
84.32	 -0.0202786	 -0.020287	 0.594448	 0.0453876	 -0.0455761	 -9.91974e-05
84.34	 -0.0214874	 -0.0214974	 0.593442	 0.0480886	 -0.0482861	 -6.40296e-05
84.36	 -0.0226891	 -0.0227006	 0.59238	 0.0507759	 -0.0509824	 -2.88013e-05
84.38	 -0.0238833	 -0.0238964	 0.59126	 0.0534485	 -0.0536641	 6.41503e-06
84.4	 -0.0250697	 -0.0250843	 0.590084	 0.0561055	 -0.0563302	 4.15474e-05
84.42	 -0.0262479	 -0.0262641	 0.588852	 0.0587461	 -0.0589799	 7.65247e-05
84.44	 -0.0274176	 -0.0274353	 0.587564	 0.0613694	 -0.0616123	 0.000111276
84.46	 -0.0285783	 -0.0285975	 0.58622	 0.0639745	 -0.0642266	 0.000145734
84.48	 -0.0297298	 -0.0297505	 0.584821	 0.0665605	 -0.0668218	 0.00017983
84.5	 -0.0308717	 -0.0308939	 0.583367	 0.0691268	 -0.0693973	 0.000213499
84.52	 -0.0320036	 -0.0320274	 0.581859	 0.0716724	 -0.0719521	 0.000246679
84.54	 -0.0331253	 -0.0331505	 0.580297	 0.0741966	 -0.0744854	 0.000279308
84.56	 -0.0342363	 -0.034263	 0.578681	 0.0766986	 -0.0769966	 0.000311325
84.58	 -0.0353363	 -0.0353644	 0.577012	 0.0791776	 -0.0794849	 0.000342671
84.6	 -0.036425	 -0.0364546	 0.57529	 0.081633	 -0.0819494	 0.000373288
84.62	 -0.0375021	 -0.0375331	 0.573516	 0.084064	 -0.0843895	 0.00040312
84.64	 -0.0385672	 -0.0385996	 0.571691	 0.0864698	 -0.0868045	 0.000432114
84.66	 -0.03962	 -0.0396538	 0.569814	 0.0888498	 -0.0891936	 0.000460219
84.68	 -0.0406602	 -0.0406953	 0.567886	 0.0912031	 -0.0915559	 0.000487385
84.7	 -0.0416874	 -0.0417239	 0.565909	 0.0935289	 -0.0938907	 0.000513563
84.72	 -0.0427013	 -0.0427392	 0.563882	 0.0958265	 -0.0961973	 0.000538707
84.74	 -0.0437017	 -0.0437409	 0.561807	 0.0980951	 -0.0984747	 0.000562773
84.76	 -0.0446882	 -0.0447286	 0.559683	 0.100334	 -0.100722	 0.00058572
84.78	 -0.0456604	 -0.0457022	 0.557512	 0.102542	 -0.102939	 0.000607513
84.8	 -0.0466182	 -0.0466612	 0.555294	 0.104719	 -0.105125	 0.000628116
84.82	 -0.0475612	 -0.0476053	 0.553029	 0.106863	 -0.107278	 0.000647499
84.84	 -0.0484891	 -0.0485344	 0.55072	 0.108975	 -0.109398	 0.000665634
84.86	 -0.0494016	 -0.0494481	 0.548366	 0.111054	 -0.111485	 0.000682496
84.88	 -0.0502985	 -0.0503461	 0.545968	 0.113098	 -0.113538	 0.000698065
84.9	 -0.0511794	 -0.0512281	 0.543527	 0.115108	 -0.115556	 0.000712323
84.92	 -0.0520442	 -0.052094	 0.541043	 0.117083	 -0.117539	 0.000725255
84.94	 -0.0528926	 -0.0529433	 0.538518	 0.119021	 -0.119486	 0.00073685
84.96	 -0.0537242	 -0.053776	 0.535953	 0.120924	 -0.121396	 0.000747097
84.98	 -0.0545389	 -0.0545916	 0.533347	 0.122789	 -0.123269	 0.000755985
85	 -0.0553364	 -0.05539	 0.530702	 0.124616	 -0.125104	 0.000763509
85.02	 -0.0561163	 -0.0561708	 0.52802	 0.126405	 -0.1269	 0.000769665
85.04	 -0.0568785	 -0.0569338	 0.5253	 0.128155	 -0.128658	 0.000774453
85.06	 -0.0576227	 -0.0576789	 0.522544	 0.129866	 -0.130375	 0.000777877
85.08	 -0.0583488	 -0.0584057	 0.519752	 0.131536	 -0.132052	 0.000779943
85.1	 -0.0590563	 -0.059114	 0.516926	 0.133165	 -0.133689	 0.000780661
85.12	 -0.0597452	 -0.0598035	 0.514067	 0.134753	 -0.135284	 0.000780042
85.14	 -0.0604152	 -0.0604742	 0.511175	 0.1363	 -0.136837	 0.000778103
85.16	 -0.061066	 -0.0611256	 0.508251	 0.137804	 -0.138348	 0.000774863
85.18	 -0.0616976	 -0.0617578	 0.505297	 0.139266	 -0.139815	 0.000770343
85.2	 -0.0623096	 -0.0623703	 0.502314	 0.140684	 -0.14124	 0.000764569
85.22	 -0.0629019	 -0.0629631	 0.499302	 0.142058	 -0.14262	 0.000757566
85.24	 -0.0634743	 -0.0635359	 0.496263	 0.143389	 -0.143956	 0.000749365
85.26	 -0.0640265	 -0.0640886	 0.493197	 0.144674	 -0.145247	 0.000739994
85.28	 -0.0645585	 -0.0646209	 0.490106	 0.145914	 -0.146492	 0.000729488
85.3	 -0.06507	 -0.0651328	 0.48699	 0.147108	 -0.147691	 0.000717885
85.32	 -0.0655608	 -0.0656239	 0.483851	 0.148255	 -0.148843	 0.000705222
85.34	 -0.0660309	 -0.0660942	 0.480691	 0.149356	 -0.149949	 0.000691543
85.36	 -0.06648	 -0.0665436	 0.477509	 0.15041	 -0.151007	 0.000676889
85.38	 -0.066908	 -0.0669718	 0.474307	 0.151416	 -0.152018	 0.000661305
85.4	 -0.0673148	 -0.0673787	 0.471086	 0.152375	 -0.152981	 0.000644835
85.42	 -0.0677002	 -0.0677642	 0.467848	 0.153285	 -0.153895	 0.000627525
85.44	 -0.068064	 -0.0681281	 0.464593	 0.154147	 -0.15476	 0.000609424
85.46	 -0.0684062	 -0.0684703	 0.461323	 0.15496	 -0.155576	 0.000590581
85.48	 -0.0687267	 -0.0687908	 0.458038	 0.155724	 -0.156343	 0.000571048
85.5	 -0.0690252	 -0.0690893	 0.45474	 0.156438	 -0.15706	 0.000550876
85.52	 -0.0693017	 -0.0693657	 0.45143	 0.157102	 -0.157727	 0.00053012
85.54	 -0.0695562	 -0.0696201	 0.448109	 0.157716	 -0.158343	 0.000508833
85.56	 -0.0697884	 -0.0698522	 0.444779	 0.15828	 -0.158909	 0.00048707
85.58	 -0.0699984	 -0.070062	 0.44144	 0.158794	 -0.159425	 0.000464885
85.6	 -0.070186	 -0.0702494	 0.438093	 0.159256	 -0.159889	 0.000442331
85.62	 -0.0703512	 -0.0704143	 0.43474	 0.159668	 -0.160302	 0.000419465
85.64	 -0.0704938	 -0.0705567	 0.431382	 0.160028	 -0.160663	 0.000396341
85.66	 -0.0706139	 -0.0706765	 0.428019	 0.160336	 -0.160972	 0.000373015
85.68	 -0.0707114	 -0.0707736	 0.424654	 0.160593	 -0.161229	 0.000349543
85.7	 -0.0707862	 -0.0708481	 0.421287	 0.160798	 -0.161434	 0.00032598
85.72	 -0.0708383	 -0.0708997	 0.41792	 0.160951	 -0.161587	 0.000302379
85.74	 -0.0708677	 -0.0709287	 0.414553	 0.161052	 -0.161688	 0.000278793
85.76	 -0.0708743	 -0.0709348	 0.411188	 0.1611	 -0.161736	 0.000255274
85.78	 -0.0708581	 -0.0709182	 0.407825	 0.161097	 -0.161732	 0.000231873
85.8	 -0.0708192	 -0.0708787	 0.404467	 0.161041	 -0.161675	 0.000208644
85.82	 -0.0707574	 -0.0708164	 0.401113	 0.160932	 -0.161565	 0.000185638
85.84	 -0.0706729	 -0.0707313	 0.397766	 0.160772	 -0.161403	 0.000162906
85.86	 -0.0705657	 -0.0706235	 0.394426	 0.160559	 -0.161188	 0.000140498
85.88	 -0.0704356	 -0.0704928	 0.391094	 0.160293	 -0.160921	 0.000118461
85.9	 -0.0702829	 -0.0703394	 0.387772	 0.159975	 -0.1606	 9.68387e-05
85.92	 -0.0701075	 -0.0701633	 0.384461	 0.159605	 -0.160228	 7.56727e-05
85.94	 -0.0699094	 -0.0699646	 0.381161	 0.159183	 -0.159803	 5.50048e-05
85.96	 -0.0696888	 -0.0697432	 0.377875	 0.158708	 -0.159325	 3.4876e-05
85.98	 -0.0694456	 -0.0694992	 0.374602	 0.158181	 -0.158795	 1.53266e-05
86	 -0.0691799	 -0.0692328	 0.371344	 0.157603	 -0.158213	 -3.60535e-06
86.02	 -0.0688918	 -0.0689439	 0.368102	 0.156973	 -0.157579	 -2.18839e-05
86.04	 -0.0685814	 -0.0686327	 0.364877	 0.156291	 -0.156894	 -3.94758e-05
86.06	 -0.0682487	 -0.0682992	 0.361671	 0.155558	 -0.156157	 -5.63494e-05
86.08	 -0.067894	 -0.0679436	 0.358484	 0.154773	 -0.155368	 -7.24741e-05
86.1	 -0.0675171	 -0.0675658	 0.355316	 0.153938	 -0.154528	 -8.78209e-05
86.12	 -0.0671184	 -0.0671662	 0.352171	 0.153051	 -0.153637	 -0.000102364
86.14	 -0.0666978	 -0.0667447	 0.349047	 0.152114	 -0.152695	 -0.00011608
86.16	 -0.0662556	 -0.0663015	 0.345947	 0.151127	 -0.151703	 -0.000128952
86.18	 -0.0657918	 -0.0658368	 0.342871	 0.15009	 -0.15066	 -0.000140966
86.2	 -0.0653065	 -0.0653506	 0.33982	 0.149002	 -0.149568	 -0.000152112
86.22	 -0.0648	 -0.0648431	 0.336795	 0.147866	 -0.148425	 -0.000162378
86.24	 -0.0642724	 -0.0643144	 0.333797	 0.146679	 -0.147233	 -0.000171754
86.26	 -0.0637238	 -0.0637648	 0.330828	 0.145444	 -0.145993	 -0.000180228
86.28	 -0.0631544	 -0.0631944	 0.327887	 0.144161	 -0.144703	 -0.000187795
86.3	 -0.0625644	 -0.0626034	 0.324976	 0.142829	 -0.143365	 -0.000194448
86.32	 -0.061954	 -0.0619919	 0.322096	 0.141449	 -0.141979	 -0.000200187
86.34	 -0.0613234	 -0.0613602	 0.319248	 0.140022	 -0.140546	 -0.000205012
86.36	 -0.0606727	 -0.0607084	 0.316432	 0.138548	 -0.139065	 -0.000208924
86.38	 -0.0600021	 -0.0600368	 0.31365	 0.137028	 -0.137538	 -0.000211929
86.4	 -0.059312	 -0.0593456	 0.310902	 0.135461	 -0.135965	 -0.000214031
86.42	 -0.0586025	 -0.0586349	 0.308189	 0.133849	 -0.134346	 -0.000215241
86.44	 -0.0578738	 -0.0579051	 0.305512	 0.132191	 -0.132682	 -0.00021557
86.46	 -0.0571262	 -0.0571564	 0.302872	 0.13049	 -0.130973	 -0.000215035
86.48	 -0.05636	 -0.056389	 0.30027	 0.128744	 -0.12922	 -0.000213651
86.5	 -0.0555752	 -0.0556031	 0.297705	 0.126954	 -0.127423	 -0.000211436
86.52	 -0.0547723	 -0.054799	 0.29518	 0.125121	 -0.125584	 -0.000208411
86.54	 -0.0539514	 -0.053977	 0.292695	 0.123246	 -0.123701	 -0.000204598
86.56	 -0.0531128	 -0.0531373	 0.290251	 0.121329	 -0.121777	 -0.000200023
86.58	 -0.0522569	 -0.0522802	 0.287848	 0.119371	 -0.119811	 -0.000194713
86.6	 -0.0513838	 -0.0514059	 0.285487	 0.117372	 -0.117805	 -0.000188698
86.62	 -0.0504938	 -0.0505149	 0.283169	 0.115332	 -0.115759	 -0.000182005
86.64	 -0.0495874	 -0.0496072	 0.280894	 0.113254	 -0.113673	 -0.000174663
86.66	 -0.0486647	 -0.0486834	 0.278664	 0.111137	 -0.111549	 -0.000166704
86.68	 -0.047726	 -0.0477436	 0.276478	 0.108982	 -0.109387	 -0.000158159
86.7	 -0.0467718	 -0.0467882	 0.274338	 0.106789	 -0.107187	 -0.000149062
86.72	 -0.0458022	 -0.0458175	 0.272245	 0.10456	 -0.104951	 -0.000139451
86.74	 -0.0448176	 -0.0448318	 0.270198	 0.102295	 -0.102678	 -0.000129361
86.76	 -0.0438184	 -0.0438314	 0.268198	 0.0999947	 -0.100371	 -0.000118833
86.78	 -0.0428049	 -0.0428168	 0.266246	 0.0976601	 -0.0980296	 -0.000107904
86.8	 -0.0417774	 -0.0417882	 0.264343	 0.0952917	 -0.0956543	 -9.66166e-05
86.82	 -0.0407362	 -0.0407459	 0.262489	 0.0928905	 -0.0932462	 -8.5011e-05
86.84	 -0.0396818	 -0.0396903	 0.260684	 0.090457	 -0.0908059	 -7.31292e-05
86.86	 -0.0386144	 -0.0386219	 0.25893	 0.0879922	 -0.0883344	 -6.10127e-05
86.88	 -0.0375344	 -0.0375408	 0.257227	 0.0854968	 -0.0858323	 -4.87026e-05
86.9	 -0.0364421	 -0.0364475	 0.255574	 0.0829718	 -0.0833007	 -3.62409e-05
86.92	 -0.0353381	 -0.0353424	 0.253974	 0.0804178	 -0.0807402	 -2.36699e-05
86.94	 -0.0342225	 -0.0342258	 0.252425	 0.0778357	 -0.0781518	 -1.10329e-05
86.96	 -0.0330958	 -0.033098	 0.250929	 0.0752264	 -0.0755362	 1.62714e-06
86.98	 -0.0319584	 -0.0319596	 0.249487	 0.0725907	 -0.0728943	 1.42679e-05
87	 -0.0308106	 -0.0308108	 0.248097	 0.0699293	 -0.0702269	 2.68482e-05
87.02	 -0.0296528	 -0.029652	 0.246762	 0.0672432	 -0.0675348	 3.9328e-05
87.04	 -0.0284854	 -0.0284837	 0.245481	 0.0645332	 -0.064819	 5.16679e-05
87.06	 -0.0273088	 -0.0273062	 0.244255	 0.0618003	 -0.0620805	 6.3829e-05
87.08	 -0.0261235	 -0.0261199	 0.243083	 0.0590454	 -0.05932	 7.57732e-05
87.1	 -0.0249297	 -0.0249252	 0.241968	 0.0562693	 -0.0565385	 8.74635e-05
87.12	 -0.023728	 -0.0237226	 0.240908	 0.0534731	 -0.0537369	 9.88642e-05
87.14	 -0.0225186	 -0.0225124	 0.239904	 0.0506576	 -0.0509163	 0.00010994
87.16	 -0.0213021	 -0.021295	 0.238956	 0.0478237	 -0.0480774	 0.000120658
87.18	 -0.0200788	 -0.0200709	 0.238066	 0.0449725	 -0.0452214	 0.000130984
87.2	 -0.0188492	 -0.0188405	 0.237232	 0.0421048	 -0.042349	 0.000140886
87.22	 -0.0176135	 -0.0176041	 0.236455	 0.0392215	 -0.0394612	 0.000150334
87.24	 -0.0163724	 -0.0163622	 0.235737	 0.0363237	 -0.036559	 0.000159301
87.26	 -0.0151261	 -0.0151151	 0.235075	 0.0334123	 -0.0336434	 0.00016776
87.28	 -0.0138751	 -0.0138634	 0.234472	 0.0304883	 -0.0307153	 0.000175685
87.3	 -0.0126198	 -0.0126075	 0.233927	 0.0275527	 -0.0277757	 0.000183053
87.32	 -0.0113606	 -0.0113476	 0.233441	 0.0246063	 -0.0248257	 0.000189841
87.34	 -0.010098	 -0.0100844	 0.233013	 0.0216503	 -0.0218661	 0.000196029
87.36	 -0.00883229	 -0.00881813	 0.232644	 0.0186856	 -0.018898	 0.000201599
87.38	 -0.00756402	 -0.0075493	 0.232333	 0.0157131	 -0.0159223	 0.000206536
87.4	 -0.00629356	 -0.0062783	 0.232082	 0.0127341	 -0.0129402	 0.000210828
87.42	 -0.00502134	 -0.00500557	 0.23189	 0.00974942	 -0.00995274	 0.000214467
87.44	 -0.00374778	 -0.00373154	 0.231757	 0.00676021	 -0.00696084	 0.000217441
87.46	 -0.00247331	 -0.00245662	 0.231683	 0.00376743	 -0.00396556	 0.000219744
87.48	 -0.00119835	 -0.00118123	 0.231669	 0.000772072	 -0.000967874	 0.000221367
87.5	 7.66839e-05	 9.41927e-05	 0.231714	 -0.00222487	 0.00203122	 0.000222306
87.52	 0.00135137	 0.00136924	 0.231818	 -0.0052224	 0.00503072	 0.000222559
87.54	 0.00262529	 0.00264349	 0.231982	 -0.00821947	 0.00802959	 0.000222125
87.56	 0.00389801	 0.00391652	 0.232206	 -0.011215	 0.0110268	 0.000221009
87.58	 0.00516911	 0.00518789	 0.232488	 -0.0142081	 0.0140213	 0.000219216
87.6	 0.00643816	 0.00645718	 0.232831	 -0.0171976	 0.0170121	 0.000216753
87.62	 0.00770475	 0.00772398	 0.233232	 -0.0201826	 0.0199981	 0.000213627
87.64	 0.00896846	 0.00898787	 0.233693	 -0.023162	 0.0229785	 0.00020985
87.66	 0.0102289	 0.0102484	 0.234213	 -0.0261349	 0.0259521	 0.000205432
87.68	 0.0114856	 0.0115053	 0.234792	 -0.0291002	 0.028918	 0.000200391
87.7	 0.0127382	 0.0127579	 0.23543	 -0.0320569	 0.0318751	 0.000194743
87.72	 0.0139862	 0.014006	 0.236126	 -0.035004	 0.0348225	 0.000188508
87.74	 0.0152294	 0.0152492	 0.236882	 -0.0379406	 0.0377592	 0.000181705
87.76	 0.0164671	 0.016487	 0.237696	 -0.0408656	 0.0406841	 0.000174356
87.78	 0.0176992	 0.017719	 0.238568	 -0.0437781	 0.0435964	 0.000166485
87.8	 0.0189251	 0.0189448	 0.239498	 -0.0466771	 0.046495	 0.000158118
87.82	 0.0201445	 0.0201641	 0.240486	 -0.0495615	 0.0493789	 0.000149284
87.84	 0.0213569	 0.0213764	 0.241531	 -0.0524304	 0.0522471	 0.000140013
87.86	 0.022562	 0.0225813	 0.242634	 -0.0552827	 0.0550986	 0.000130338
87.88	 0.0237594	 0.0237785	 0.243794	 -0.0581175	 0.0579324	 0.000120291
87.9	 0.0249487	 0.0249676	 0.24501	 -0.0609338	 0.0607476	 0.000109905
87.92	 0.0261295	 0.0261481	 0.246283	 -0.0637307	 0.0635431	 9.92122e-05
87.94	 0.0273014	 0.0273198	 0.247612	 -0.0665072	 0.0663182	 8.82483e-05
87.96	 0.0284641	 0.0284822	 0.248997	 -0.0692624	 0.0690719	 7.70486e-05
87.98	 0.0296173	 0.029635	 0.250437	 -0.0719955	 0.0718033	 6.56491e-05
88	 0.0307604	 0.0307777	 0.251931	 -0.0747054	 0.0745115	 5.40858e-05
88.02	 0.0318932	 0.0319101	 0.253481	 -0.0773914	 0.0771956	 4.23945e-05
88.04	 0.0330152	 0.0330318	 0.255084	 -0.0800526	 0.0798547	 3.06119e-05
88.06	 0.0341262	 0.0341424	 0.25674	 -0.0826879	 0.0824879	 1.87754e-05
88.08	 0.0352258	 0.0352415	 0.258449	 -0.0852966	 0.0850943	 6.92325e-06
88.1	 0.0363136	 0.0363288	 0.260211	 -0.0878777	 0.087673	 -4.90592e-06
88.12	 0.0373894	 0.037404	 0.262024	 -0.0904303	 0.0902232	 -1.66739e-05
88.14	 0.0384526	 0.0384667	 0.263889	 -0.0929536	 0.092744	 -2.83431e-05
88.16	 0.0395031	 0.0395166	 0.265804	 -0.0954468	 0.0952346	 -3.98754e-05
88.18	 0.0405405	 0.0405534	 0.267769	 -0.097909	 0.097694	 -5.1232e-05
88.2	 0.0415644	 0.0415767	 0.269784	 -0.100339	 0.100122	 -6.23728e-05
88.22	 0.0425746	 0.0425862	 0.271847	 -0.102737	 0.102516	 -7.3257e-05
88.24	 0.0435707	 0.0435817	 0.273958	 -0.105101	 0.104878	 -8.38448e-05
88.26	 0.0445524	 0.0445627	 0.276117	 -0.107431	 0.107204	 -9.40977e-05
88.28	 0.0455195	 0.0455291	 0.278323	 -0.109725	 0.109496	 -0.000103979
88.3	 0.0464716	 0.0464804	 0.280574	 -0.111984	 0.111752	 -0.000113451
88.32	 0.0474084	 0.0474165	 0.282871	 -0.114206	 0.113971	 -0.000122477
88.34	 0.0483297	 0.048337	 0.285213	 -0.116391	 0.116152	 -0.000131022
88.36	 0.0492351	 0.0492416	 0.287599	 -0.118538	 0.118296	 -0.00013905
88.38	 0.0501244	 0.05013	 0.290027	 -0.120646	 0.1204	 -0.000146529
88.4	 0.0509973	 0.0510021	 0.292498	 -0.122714	 0.122465	 -0.000153427
88.42	 0.0518535	 0.0518575	 0.295011	 -0.124742	 0.12449	 -0.000159718
88.44	 0.0526929	 0.052696	 0.297564	 -0.126729	 0.126474	 -0.000165373
88.46	 0.0535151	 0.0535173	 0.300158	 -0.128674	 0.128415	 -0.000170367
88.48	 0.0543198	 0.0543212	 0.30279	 -0.130577	 0.130315	 -0.000174674
88.5	 0.055107	 0.0551074	 0.30546	 -0.132437	 0.132171	 -0.000178271
88.52	 0.0558762	 0.0558757	 0.308168	 -0.134253	 0.133983	 -0.000181137
88.54	 0.0566272	 0.0566258	 0.310912	 -0.136024	 0.135751	 -0.000183252
88.56	 0.05736	 0.0573576	 0.313691	 -0.137751	 0.137474	 -0.000184598
88.58	 0.0580741	 0.0580708	 0.316505	 -0.139431	 0.139152	 -0.000185155
88.6	 0.0587695	 0.0587653	 0.319353	 -0.141066	 0.140783	 -0.000184905
88.62	 0.0594458	 0.0594407	 0.322234	 -0.142654	 0.142367	 -0.000183834
88.64	 0.060103	 0.060097	 0.325146	 -0.144194	 0.143904	 -0.000181931
88.66	 0.0607408	 0.0607338	 0.32809	 -0.145687	 0.145393	 -0.000179186
88.68	 0.0613591	 0.0613511	 0.331063	 -0.147131	 0.146834	 -0.000175596
88.7	 0.0619576	 0.0619487	 0.334065	 -0.148526	 0.148226	 -0.000171156
88.72	 0.0625361	 0.0625263	 0.337095	 -0.149871	 0.149568	 -0.000165865
88.74	 0.0630945	 0.0630838	 0.340153	 -0.151166	 0.15086	 -0.000159723
88.76	 0.0636327	 0.063621	 0.343236	 -0.152411	 0.152101	 -0.000152731
88.78	 0.0641504	 0.0641378	 0.346343	 -0.153605	 0.153292	 -0.000144892
88.8	 0.0646476	 0.0646341	 0.349475	 -0.154747	 0.154431	 -0.000136214
88.82	 0.0651241	 0.0651097	 0.352629	 -0.155838	 0.155518	 -0.000126703
88.84	 0.0655797	 0.0655644	 0.355805	 -0.156876	 0.156553	 -0.000116368
88.86	 0.0660143	 0.0659982	 0.359002	 -0.157862	 0.157536	 -0.000105221
88.88	 0.0664279	 0.0664109	 0.362218	 -0.158794	 0.158465	 -9.32728e-05
88.9	 0.0668202	 0.0668024	 0.365452	 -0.159673	 0.159341	 -8.05401e-05
88.92	 0.0671912	 0.0671726	 0.368704	 -0.160498	 0.160163	 -6.70416e-05
88.94	 0.0675408	 0.0675213	 0.371971	 -0.161269	 0.160931	 -5.27989e-05
88.96	 0.0678689	 0.0678486	 0.375254	 -0.161985	 0.161644	 -3.78359e-05
88.98	 0.0681754	 0.0681543	 0.37855	 -0.162647	 0.162303	 -2.21777e-05
89	 0.0684602	 0.0684383	 0.38186	 -0.163253	 0.162906	 -5.85049e-06
89.02	 0.0687232	 0.0687006	 0.385181	 -0.163804	 0.163455	 1.11178e-05
89.04	 0.0689645	 0.0689412	 0.388512	 -0.164299	 0.163947	 2.86972e-05
89.06	 0.0691838	 0.0691598	 0.391852	 -0.164739	 0.164384	 4.68553e-05
89.08	 0.0693813	 0.0693566	 0.395201	 -0.165122	 0.164765	 6.5557e-05
89.1	 0.0695568	 0.0695315	 0.398556	 -0.165449	 0.16509	 8.47649e-05
89.12	 0.0697104	 0.0696843	 0.401917	 -0.16572	 0.165359	 0.000104439
89.14	 0.0698419	 0.0698152	 0.405283	 -0.165935	 0.165571	 0.000124539
89.16	 0.0699513	 0.069924	 0.408652	 -0.166093	 0.165727	 0.000145021
89.18	 0.0700387	 0.0700108	 0.412024	 -0.166194	 0.165826	 0.00016584
89.2	 0.070104	 0.0700755	 0.415396	 -0.166239	 0.165869	 0.00018695
89.22	 0.0701472	 0.0701182	 0.418769	 -0.166227	 0.165856	 0.000208305
89.24	 0.0701683	 0.0701387	 0.422141	 -0.166158	 0.165786	 0.000229857
89.26	 0.0701673	 0.0701373	 0.42551	 -0.166033	 0.165659	 0.00025156
89.28	 0.0701442	 0.0701137	 0.428875	 -0.165852	 0.165476	 0.000273366
89.3	 0.0700991	 0.0700682	 0.432236	 -0.165614	 0.165237	 0.000295227
89.32	 0.070032	 0.0700006	 0.435592	 -0.165319	 0.164942	 0.000317094
89.34	 0.0699428	 0.0699111	 0.43894	 -0.164969	 0.16459	 0.000338917
89.36	 0.0698318	 0.0697997	 0.44228	 -0.164561	 0.164182	 0.000360645
89.38	 0.0696988	 0.0696663	 0.445611	 -0.164098	 0.163718	 0.000382226
89.4	 0.0695439	 0.0695112	 0.448932	 -0.163579	 0.163198	 0.00040361
89.42	 0.0693672	 0.0693342	 0.452241	 -0.163003	 0.162623	 0.000424747
89.44	 0.0691688	 0.0691355	 0.455538	 -0.162372	 0.161991	 0.000445584
89.46	 0.0689487	 0.0689152	 0.458821	 -0.161685	 0.161304	 0.000466069
89.48	 0.068707	 0.0686733	 0.462089	 -0.160943	 0.160562	 0.000486152
89.5	 0.0684438	 0.06841	 0.465342	 -0.160146	 0.159765	 0.000505778
89.52	 0.0681592	 0.0681252	 0.468578	 -0.159294	 0.158914	 0.000524897
89.54	 0.0678532	 0.0678191	 0.471795	 -0.158387	 0.158007	 0.000543458
89.56	 0.0675261	 0.0674919	 0.474994	 -0.157426	 0.157047	 0.000561415
89.58	 0.0671778	 0.0671435	 0.478172	 -0.156411	 0.156032	 0.00057872
89.6	 0.0668086	 0.0667743	 0.48133	 -0.155342	 0.154965	 0.000595328
89.62	 0.0664184	 0.0663841	 0.484465	 -0.15422	 0.153844	 0.000611193
89.64	 0.0660076	 0.0659733	 0.487577	 -0.153046	 0.152671	 0.000626269
89.66	 0.0655762	 0.0655419	 0.490665	 -0.151819	 0.151445	 0.000640512
89.68	 0.0651243	 0.0650901	 0.493728	 -0.15054	 0.150168	 0.000653878
89.7	 0.0646521	 0.064618	 0.496764	 -0.149209	 0.148839	 0.000666328
89.72	 0.0641597	 0.0641258	 0.499774	 -0.147828	 0.14746	 0.000677826
89.74	 0.0636473	 0.0636135	 0.502755	 -0.146396	 0.14603	 0.000688336
89.76	 0.0631151	 0.0630815	 0.505707	 -0.144914	 0.14455	 0.000697826
89.78	 0.0625632	 0.0625298	 0.508629	 -0.143383	 0.143022	 0.000706262
89.8	 0.0619918	 0.0619587	 0.51152	 -0.141803	 0.141444	 0.000713614
89.82	 0.0614011	 0.0613682	 0.514379	 -0.140175	 0.139819	 0.000719854
89.84	 0.0607913	 0.0607587	 0.517206	 -0.138499	 0.138146	 0.000724953
89.86	 0.0601626	 0.0601302	 0.519998	 -0.136777	 0.136426	 0.000728889
89.88	 0.0595151	 0.0594831	 0.522757	 -0.135007	 0.13466	 0.000731639
89.9	 0.058849	 0.0588174	 0.52548	 -0.133193	 0.132848	 0.000733181
89.92	 0.0581646	 0.0581333	 0.528166	 -0.131333	 0.130992	 0.000733496
89.94	 0.0574621	 0.0574312	 0.530816	 -0.129428	 0.129091	 0.00073257
89.96	 0.0567416	 0.0567112	 0.533428	 -0.12748	 0.127147	 0.000730392
89.98	 0.0560035	 0.0559735	 0.536001	 -0.12549	 0.12516	 0.000726954
90	 0.0552479	 0.0552183	 0.538535	 -0.123457	 0.123131	 0.000722253
90.02	 0.0544751	 0.054446	 0.541029	 -0.121383	 0.121061	 0.000716289
90.04	 0.0536852	 0.0536567	 0.543482	 -0.119268	 0.118951	 0.000709063
90.06	 0.0528786	 0.0528506	 0.545893	 -0.117114	 0.116801	 0.000700576
90.08	 0.0520556	 0.0520281	 0.548261	 -0.11492	 0.114612	 0.000690834
90.1	 0.0512162	 0.0511893	 0.550587	 -0.112689	 0.112385	 0.000679845
90.12	 0.0503609	 0.0503345	 0.552869	 -0.110421	 0.110121	 0.000667618
90.14	 0.0494898	 0.049464	 0.555106	 -0.108116	 0.107821	 0.000654169
90.16	 0.0486032	 0.0485781	 0.557299	 -0.105776	 0.105486	 0.000639512
90.18	 0.0477013	 0.0476769	 0.559445	 -0.103401	 0.103116	 0.000623668
90.2	 0.0467845	 0.0467607	 0.561546	 -0.100992	 0.100712	 0.000606656
90.22	 0.0458531	 0.0458299	 0.563599	 -0.0985509	 0.098276	 0.000588501
90.24	 0.0449072	 0.0448848	 0.565605	 -0.0960778	 0.0958081	 0.00056923
90.26	 0.0439472	 0.0439255	 0.567563	 -0.093574	 0.0933095	 0.000548874
90.28	 0.0429734	 0.0429524	 0.569473	 -0.0910402	 0.0907811	 0.000527464
90.3	 0.0419861	 0.0419658	 0.571333	 -0.0884776	 0.0882239	 0.000505037
90.32	 0.0409856	 0.0409661	 0.573143	 -0.0858872	 0.0856389	 0.000481628
90.34	 0.0399721	 0.0399534	 0.574904	 -0.0832699	 0.0830271	 0.000457277
90.36	 0.0389461	 0.0389281	 0.576614	 -0.0806268	 0.0803896	 0.000432026
90.38	 0.0379077	 0.0378905	 0.578272	 -0.0779588	 0.0777272	 0.00040592
90.4	 0.0368573	 0.036841	 0.579879	 -0.0752671	 0.0750411	 0.000379006
90.42	 0.0357953	 0.0357797	 0.581434	 -0.0725525	 0.0723322	 0.000351333
90.44	 0.034722	 0.0347072	 0.582937	 -0.0698161	 0.0696015	 0.000322954
90.46	 0.0336376	 0.0336236	 0.584387	 -0.0670589	 0.0668501	 0.000293918
90.48	 0.0325425	 0.0325294	 0.585784	 -0.064282	 0.0640789	 0.000264279
90.5	 0.031437	 0.0314247	 0.587127	 -0.0614864	 0.061289	 0.000234089
90.52	 0.0303215	 0.0303101	 0.588416	 -0.058673	 0.0584814	 0.000203405
90.54	 0.0291963	 0.0291857	 0.589651	 -0.055843	 0.0556572	 0.000172284
90.56	 0.0280617	 0.0280519	 0.590832	 -0.0529975	 0.0528173	 0.000140785
90.58	 0.0269181	 0.0269092	 0.591957	 -0.0501374	 0.049963	 0.000108968
90.6	 0.0257658	 0.0257577	 0.593027	 -0.0472638	 0.0470951	 7.68947e-05
90.62	 0.0246052	 0.0245979	 0.594042	 -0.0443779	 0.0442149	 4.46295e-05
90.64	 0.0234365	 0.0234301	 0.595002	 -0.0414806	 0.0413232	 1.22367e-05
90.66	 0.0222602	 0.0222546	 0.595905	 -0.038573	 0.0384212	 -2.02173e-05
90.68	 0.0210766	 0.0210718	 0.596752	 -0.0356561	 0.0355099	 -5.26654e-05
90.7	 0.019886	 0.019882	 0.597543	 -0.032731	 0.0325903	 -8.50396e-05
90.72	 0.0186888	 0.0186857	 0.598278	 -0.0297988	 0.0296636	 -0.000117272
90.74	 0.0174854	 0.0174831	 0.598955	 -0.0268605	 0.0267306	 -0.000149294
90.76	 0.0162761	 0.0162746	 0.599576	 -0.0239172	 0.0237926	 -0.000181039
90.78	 0.0150613	 0.0150606	 0.60014	 -0.0209698	 0.0208505	 -0.000212437
90.8	 0.0138413	 0.0138414	 0.600646	 -0.0180195	 0.0179053	 -0.000243422
90.82	 0.0126165	 0.0126174	 0.601095	 -0.0150672	 0.014958	 -0.000273927
90.84	 0.0113873	 0.011389	 0.601487	 -0.012114	 0.0120098	 -0.000303886
90.86	 0.010154	 0.0101565	 0.601821	 -0.00916103	 0.0090616	 -0.000333233
90.88	 0.00891709	 0.00892028	 0.602097	 -0.0062093	 0.0061146	 -0.000361904
90.9	 0.00767681	 0.00768075	 0.602316	 -0.00325988	 0.00316979	 -0.000389837
90.92	 0.00643359	 0.00643826	 0.602477	 -0.000313797	 0.000228201	 -0.00041697
90.94	 0.00518779	 0.00519318	 0.602581	 0.00262793	 -0.00270917	 -0.000443243
90.96	 0.00393978	 0.00394588	 0.602626	 0.00556431	 -0.00564131	 -0.000468598
90.98	 0.00268994	 0.00269674	 0.602614	 0.00849433	 -0.00856724	 -0.000492981
91	 0.00143863	 0.00144612	 0.602544	 0.011417	 -0.0114859	 -0.000516338
91.02	 0.000186249	 0.000194397	 0.602416	 0.0143312	 -0.0143964	 -0.000538618
91.04	 -0.00106684	 -0.00105804	 0.602231	 0.0172361	 -0.0172977	 -0.000559771
91.06	 -0.00232025	 -0.00231082	 0.601987	 0.0201307	 -0.0201888	 -0.000579748
91.08	 -0.00357361	 -0.00356357	 0.601687	 0.0230141	 -0.0230688	 -0.000598502
91.1	 -0.00482652	 -0.00481588	 0.601329	 0.0258853	 -0.0259368	 -0.000615986
91.12	 -0.00607861	 -0.0060674	 0.600913	 0.0287435	 -0.028792	 -0.000632156
91.14	 -0.00732949	 -0.00731774	 0.60044	 0.0315878	 -0.0316335	 -0.000646974
91.16	 -0.00857879	 -0.00856651	 0.59991	 0.0344173	 -0.0344603	 -0.000660399
91.18	 -0.00982611	 -0.00981333	 0.599324	 0.037231	 -0.0372715	 -0.000672397
91.2	 -0.0110711	 -0.0110578	 0.59868	 0.0400282	 -0.0400664	 -0.000682935
91.22	 -0.0123133	 -0.0122996	 0.59798	 0.0428079	 -0.042844	 -0.000691984
91.24	 -0.0135525	 -0.0135383	 0.597224	 0.0455694	 -0.0456035	 -0.000699519
91.26	 -0.0147881	 -0.0147735	 0.596411	 0.0483118	 -0.0483442	 -0.000705517
91.28	 -0.0160198	 -0.0160049	 0.595542	 0.0510341	 -0.051065	 -0.00070996
91.3	 -0.0172473	 -0.017232	 0.594618	 0.0537356	 -0.0537651	 -0.000712831
91.32	 -0.0184701	 -0.0184545	 0.593639	 0.0564152	 -0.0564435	 -0.00071412
91.34	 -0.0196879	 -0.019672	 0.592604	 0.0590721	 -0.0590995	 -0.000713815
91.36	 -0.0209002	 -0.0208841	 0.591514	 0.0617055	 -0.0617321	 -0.000711912
91.38	 -0.0221068	 -0.0220904	 0.59037	 0.0643144	 -0.0643405	 -0.000708408
91.4	 -0.0233072	 -0.0232905	 0.589172	 0.066898	 -0.0669238	 -0.000703304
91.42	 -0.024501	 -0.0244842	 0.58792	 0.0694556	 -0.0694813	 -0.000696606
91.44	 -0.0256879	 -0.0256709	 0.586614	 0.0719863	 -0.0720121	 -0.00068832
91.46	 -0.0268675	 -0.0268503	 0.585255	 0.0744893	 -0.0745154	 -0.000678457
91.48	 -0.0280394	 -0.0280221	 0.583843	 0.0769639	 -0.0769906	 -0.00066703
91.5	 -0.0292033	 -0.0291859	 0.582379	 0.0794094	 -0.0794368	 -0.000654053
91.52	 -0.0303587	 -0.0303414	 0.580863	 0.081825	 -0.0818534	 -0.000639544
91.54	 -0.0315054	 -0.031488	 0.579296	 0.0842101	 -0.0842397	 -0.000623525
91.56	 -0.032643	 -0.0326256	 0.577677	 0.0865642	 -0.0865951	 -0.00060602
91.58	 -0.033771	 -0.0337537	 0.576007	 0.0888864	 -0.088919	 -0.000587055
91.6	 -0.0348892	 -0.0348719	 0.574288	 0.0911764	 -0.0912108	 -0.000566661
91.62	 -0.0359972	 -0.0359799	 0.572518	 0.0934334	 -0.0934699	 -0.000544872
91.64	 -0.0370945	 -0.0370774	 0.5707	 0.095657	 -0.0956958	 -0.000521724
91.66	 -0.0381809	 -0.0381639	 0.568832	 0.0978465	 -0.0978878	 -0.000497259
91.68	 -0.039256	 -0.0392392	 0.566917	 0.100001	 -0.100045	 -0.00047152
91.7	 -0.0403194	 -0.0403028	 0.564953	 0.102121	 -0.102168	 -0.000444556
91.72	 -0.0413708	 -0.0413544	 0.562943	 0.104205	 -0.104255	 -0.000416417
91.74	 -0.0424098	 -0.0423937	 0.560886	 0.106252	 -0.106305	 -0.000387156
91.76	 -0.043436	 -0.0434203	 0.558783	 0.108262	 -0.108319	 -0.00035683
91.78	 -0.0444492	 -0.0444338	 0.556635	 0.110234	 -0.110295	 -0.000325494
91.8	 -0.045449	 -0.0454339	 0.554442	 0.112169	 -0.112233	 -0.000293208
91.82	 -0.046435	 -0.0464203	 0.552205	 0.114064	 -0.114133	 -0.000260033
91.84	 -0.047407	 -0.0473927	 0.549925	 0.115921	 -0.115994	 -0.000226031
91.86	 -0.0483645	 -0.0483507	 0.547602	 0.117737	 -0.117815	 -0.000191264
91.88	 -0.0493073	 -0.049294	 0.545237	 0.119514	 -0.119596	 -0.000155797
91.9	 -0.050235	 -0.0502222	 0.54283	 0.12125	 -0.121337	 -0.000119694
91.92	 -0.0511475	 -0.0511352	 0.540383	 0.122946	 -0.123038	 -8.30218e-05
91.94	 -0.0520442	 -0.0520325	 0.537896	 0.1246	 -0.124698	 -4.58497e-05
91.96	 -0.0529249	 -0.0529138	 0.535369	 0.126213	 -0.126316	 -8.24899e-06
91.98	 -0.0537894	 -0.0537789	 0.532804	 0.127784	 -0.127893	 2.97064e-05
92	 -0.0546373	 -0.0546274	 0.530201	 0.129313	 -0.129427	 6.79413e-05
92.02	 -0.0554683	 -0.0554591	 0.527561	 0.130799	 -0.13092	 0.00010638
92.04	 -0.056282	 -0.0562735	 0.524884	 0.132242	 -0.132369	 0.000144946
92.06	 -0.0570783	 -0.0570705	 0.522173	 0.133642	 -0.133775	 0.000183565
92.08	 -0.0578568	 -0.0578498	 0.519427	 0.134998	 -0.135138	 0.000222159
92.1	 -0.0586172	 -0.058611	 0.516647	 0.136311	 -0.136457	 0.000260654
92.12	 -0.0593593	 -0.0593539	 0.513834	 0.137579	 -0.137732	 0.000298972
92.14	 -0.0600828	 -0.0600782	 0.510989	 0.138803	 -0.138963	 0.000337037
92.16	 -0.0607874	 -0.0607836	 0.508113	 0.139982	 -0.140149	 0.000374773
92.18	 -0.0614729	 -0.0614699	 0.505206	 0.141116	 -0.141291	 0.000412107
92.2	 -0.0621389	 -0.0621369	 0.502271	 0.142206	 -0.142388	 0.000448965
92.22	 -0.0627854	 -0.0627842	 0.499306	 0.14325	 -0.14344	 0.000485275
92.24	 -0.0634119	 -0.0634117	 0.496314	 0.144249	 -0.144446	 0.000520964
92.26	 -0.0640183	 -0.064019	 0.493296	 0.145202	 -0.145407	 0.000555964
92.28	 -0.0646043	 -0.064606	 0.490251	 0.146109	 -0.146321	 0.000590204
92.3	 -0.0651698	 -0.0651725	 0.487182	 0.146969	 -0.14719	 0.000623619
92.32	 -0.0657144	 -0.0657181	 0.484089	 0.147784	 -0.148013	 0.000656145
92.34	 -0.0662381	 -0.0662428	 0.480973	 0.148552	 -0.148789	 0.00068772
92.36	 -0.0667405	 -0.0667462	 0.477836	 0.149273	 -0.149519	 0.000718281
92.38	 -0.0672215	 -0.0672282	 0.474677	 0.149948	 -0.150202	 0.000747768
92.4	 -0.0676809	 -0.0676887	 0.471499	 0.150577	 -0.150839	 0.000776119
92.42	 -0.0681185	 -0.0681273	 0.468301	 0.151158	 -0.151429	 0.000803278
92.44	 -0.0685341	 -0.068544	 0.465086	 0.151693	 -0.151972	 0.00082919
92.46	 -0.0689275	 -0.0689386	 0.461854	 0.152181	 -0.152469	 0.000853803
92.48	 -0.0692986	 -0.0693108	 0.458607	 0.152622	 -0.152919	 0.000877069
92.5	 -0.0696472	 -0.0696605	 0.455345	 0.153016	 -0.153321	 0.000898945
92.52	 -0.0699732	 -0.0699876	 0.452069	 0.153363	 -0.153677	 0.000919387
92.54	 -0.0702764	 -0.0702919	 0.44878	 0.153663	 -0.153987	 0.000938355
92.56	 -0.0705567	 -0.0705734	 0.44548	 0.153917	 -0.154249	 0.00095581
92.58	 -0.0708139	 -0.0708317	 0.44217	 0.154123	 -0.154465	 0.000971716
92.6	 -0.071048	 -0.0710669	 0.43885	 0.154283	 -0.154633	 0.000986041
92.62	 -0.0712587	 -0.0712788	 0.435522	 0.154396	 -0.154755	 0.000998756
92.64	 -0.0714461	 -0.0714673	 0.432187	 0.154462	 -0.154831	 0.00100984
92.66	 -0.0716099	 -0.0716323	 0.428846	 0.154482	 -0.154859	 0.00101926
92.68	 -0.0717502	 -0.0717738	 0.4255	 0.154455	 -0.154841	 0.00102702
92.7	 -0.0718667	 -0.0718915	 0.42215	 0.154381	 -0.154776	 0.00103308
92.72	 -0.0719596	 -0.0719855	 0.418797	 0.154261	 -0.154665	 0.00103744
92.74	 -0.0720286	 -0.0720557	 0.415442	 0.154095	 -0.154508	 0.00104009
92.76	 -0.0720737	 -0.072102	 0.412087	 0.153883	 -0.154305	 0.00104103
92.78	 -0.072095	 -0.0721244	 0.408733	 0.153625	 -0.154055	 0.00104023
92.8	 -0.0720923	 -0.0721228	 0.40538	 0.153321	 -0.15376	 0.00103772
92.82	 -0.0720655	 -0.0720972	 0.40203	 0.152971	 -0.15342	 0.0010335
92.84	 -0.0720148	 -0.0720476	 0.398684	 0.152576	 -0.153033	 0.00102758
92.86	 -0.0719401	 -0.071974	 0.395343	 0.152136	 -0.152602	 0.00101996
92.88	 -0.0718413	 -0.0718763	 0.392009	 0.151651	 -0.152126	 0.00101066
92.9	 -0.0717184	 -0.0717546	 0.388681	 0.151122	 -0.151605	 0.000999707
92.92	 -0.0715716	 -0.0716088	 0.385362	 0.150548	 -0.151039	 0.00098711
92.94	 -0.0714008	 -0.0714391	 0.382053	 0.149929	 -0.150429	 0.000972894
92.96	 -0.0712059	 -0.0712453	 0.378755	 0.149267	 -0.149775	 0.000957089
92.98	 -0.0709872	 -0.0710276	 0.375468	 0.148561	 -0.149078	 0.000939724
93	 -0.0707445	 -0.070786	 0.372194	 0.147812	 -0.148337	 0.000920837
93.02	 -0.070478	 -0.0705205	 0.368934	 0.14702	 -0.147553	 0.000900463
93.04	 -0.0701877	 -0.0702312	 0.36569	 0.146185	 -0.146726	 0.000878641
93.06	 -0.0698737	 -0.0699182	 0.362461	 0.145308	 -0.145856	 0.000855416
93.08	 -0.0695361	 -0.0695815	 0.35925	 0.144389	 -0.144945	 0.000830831
93.1	 -0.069175	 -0.0692214	 0.356058	 0.143428	 -0.143992	 0.000804937
93.12	 -0.0687904	 -0.0688377	 0.352885	 0.142426	 -0.142997	 0.000777786
93.14	 -0.0683825	 -0.0684307	 0.349732	 0.141382	 -0.14196	 0.00074943
93.16	 -0.0679514	 -0.0680005	 0.346601	 0.140298	 -0.140883	 0.000719923
93.18	 -0.0674973	 -0.0675471	 0.343493	 0.139174	 -0.139766	 0.000689318
93.2	 -0.0670201	 -0.0670708	 0.340409	 0.13801	 -0.138608	 0.000657672
93.22	 -0.0665202	 -0.0665717	 0.33735	 0.136806	 -0.137411	 0.000625043
93.24	 -0.0659976	 -0.0660498	 0.334316	 0.135562	 -0.136174	 0.000591496
93.26	 -0.0654525	 -0.0655055	 0.33131	 0.13428	 -0.134898	 0.000557098
93.28	 -0.064885	 -0.0649388	 0.328331	 0.13296	 -0.133584	 0.000521915
93.3	 -0.0642954	 -0.0643499	 0.325381	 0.131601	 -0.132231	 0.000486018
93.32	 -0.0636839	 -0.063739	 0.322461	 0.130205	 -0.13084	 0.000449475
93.34	 -0.0630506	 -0.0631063	 0.319572	 0.128772	 -0.129412	 0.000412355
93.36	 -0.0623957	 -0.062452	 0.316715	 0.127301	 -0.127947	 0.000374732
93.38	 -0.0617195	 -0.0617764	 0.313891	 0.125795	 -0.126446	 0.000336679
93.4	 -0.0610222	 -0.0610796	 0.311101	 0.124253	 -0.124908	 0.000298269
93.42	 -0.060304	 -0.0603619	 0.308346	 0.122675	 -0.123335	 0.000259577
93.44	 -0.0595651	 -0.0596235	 0.305626	 0.121062	 -0.121727	 0.000220676
93.46	 -0.0588058	 -0.0588646	 0.302943	 0.119415	 -0.120084	 0.000181639
93.48	 -0.0580264	 -0.0580856	 0.300297	 0.117734	 -0.118407	 0.00014254
93.5	 -0.057227	 -0.0572866	 0.29769	 0.11602	 -0.116696	 0.000103456
93.52	 -0.0564081	 -0.056468	 0.295123	 0.114272	 -0.114952	 6.44594e-05
93.54	 -0.0555697	 -0.05563	 0.292595	 0.112492	 -0.113175	 2.56249e-05
93.56	 -0.0547123	 -0.0547728	 0.290109	 0.11068	 -0.111366	 -1.29757e-05
93.58	 -0.0538361	 -0.0538969	 0.287664	 0.108836	 -0.109525	 -5.12718e-05
93.6	 -0.0529415	 -0.0530024	 0.285262	 0.106961	 -0.107653	 -8.91924e-05
93.62	 -0.0520286	 -0.0520897	 0.282904	 0.105056	 -0.105749	 -0.000126666
93.64	 -0.0510979	 -0.0511591	 0.28059	 0.10312	 -0.103816	 -0.000163621
93.66	 -0.0501496	 -0.050211	 0.278321	 0.101156	 -0.101853	 -0.000199988
93.68	 -0.0491842	 -0.0492456	 0.276098	 0.0991619	 -0.099861	 -0.000235698
93.7	 -0.0482018	 -0.0482633	 0.273921	 0.09714	 -0.0978403	 -0.000270685
93.72	 -0.047203	 -0.0472644	 0.271792	 0.0950903	 -0.0957916	 -0.000304886
93.74	 -0.046188	 -0.0462494	 0.269711	 0.0930134	 -0.0937154	 -0.000338238
93.76	 -0.0451571	 -0.0452184	 0.267678	 0.0909099	 -0.0916123	 -0.000370683
93.78	 -0.0441108	 -0.044172	 0.265695	 0.0887802	 -0.0894828	 -0.000402161
93.8	 -0.0430494	 -0.0431105	 0.263762	 0.0866251	 -0.0873275	 -0.000432617
93.82	 -0.0419733	 -0.0420342	 0.261879	 0.0844449	 -0.085147	 -0.000462
93.84	 -0.0408829	 -0.0409436	 0.260048	 0.0822403	 -0.0829417	 -0.000490257
93.86	 -0.0397784	 -0.0398389	 0.258268	 0.0800118	 -0.0807124	 -0.000517341
93.88	 -0.0386605	 -0.0387207	 0.256541	 0.0777601	 -0.0784595	 -0.000543202
93.9	 -0.0375293	 -0.0375892	 0.254867	 0.0754858	 -0.0761838	 -0.000567799
93.92	 -0.0363854	 -0.0364449	 0.253246	 0.0731895	 -0.0738857	 -0.000591088
93.94	 -0.0352291	 -0.0352883	 0.25168	 0.0708716	 -0.0715659	 -0.000613034
93.96	 -0.0340609	 -0.0341196	 0.250168	 0.0685329	 -0.069225	 -0.000633602
93.98	 -0.0328811	 -0.0329394	 0.24871	 0.0661738	 -0.0668635	 -0.00065276
94	 -0.0316902	 -0.031748	 0.247309	 0.063795	 -0.0644819	 -0.000670479
94.02	 -0.0304885	 -0.0305459	 0.245963	 0.061397	 -0.0620809	 -0.000686732
94.04	 -0.0292766	 -0.0293335	 0.244673	 0.0589805	 -0.0596612	 -0.000701493
94.06	 -0.0280549	 -0.0281112	 0.243441	 0.0565461	 -0.0572233	 -0.000714741
94.08	 -0.0268237	 -0.0268794	 0.242265	 0.0540944	 -0.0547679	 -0.000726457
94.1	 -0.0255836	 -0.0256386	 0.241147	 0.051626	 -0.0522956	 -0.000736627
94.12	 -0.0243349	 -0.0243893	 0.240086	 0.0491417	 -0.049807	 -0.000745237
94.14	 -0.0230782	 -0.0231319	 0.239084	 0.046642	 -0.0473028	 -0.000752281
94.16	 -0.0218138	 -0.0218668	 0.23814	 0.0441275	 -0.0447837	 -0.000757751
94.18	 -0.0205423	 -0.0205945	 0.237255	 0.041599	 -0.0422502	 -0.000761646
94.2	 -0.019264	 -0.0193155	 0.236429	 0.039057	 -0.0397031	 -0.000763968
94.22	 -0.0179794	 -0.0180301	 0.235661	 0.0365021	 -0.0371429	 -0.000764721
94.24	 -0.016689	 -0.0167389	 0.234954	 0.0339351	 -0.0345702	 -0.000763911
94.26	 -0.0153932	 -0.0154422	 0.234306	 0.0313565	 -0.0319859	 -0.000761548
94.28	 -0.0140925	 -0.0141407	 0.233718	 0.0287671	 -0.0293904	 -0.000757645
94.3	 -0.0127874	 -0.0128346	 0.23319	 0.0261675	 -0.0267846	 -0.000752216
94.32	 -0.0114782	 -0.0115245	 0.232722	 0.0235583	 -0.024169	 -0.000745283
94.34	 -0.0101655	 -0.0102109	 0.232314	 0.0209402	 -0.0215443	 -0.000736866
94.36	 -0.00884978	 -0.00889421	 0.231967	 0.0183139	 -0.0189113	 -0.000726989
94.38	 -0.00753143	 -0.00757486	 0.23168	 0.0156802	 -0.0162706	 -0.000715679
94.4	 -0.00621095	 -0.00625336	 0.231454	 0.0130396	 -0.0136229	 -0.000702964
94.42	 -0.0048888	 -0.00493017	 0.231288	 0.0103931	 -0.010969	 -0.000688873
94.44	 -0.00356545	 -0.00360575	 0.231183	 0.00774118	 -0.00830966	 -0.000673443
94.46	 -0.00224136	 -0.00228059	 0.231138	 0.00508466	 -0.00564552	 -0.000656711
94.48	 -0.000917005	 -0.000955127	 0.231154	 0.00242418	 -0.00297728	 -0.000638719
94.5	 0.00040716	 0.00037016	 0.231231	 -0.000239579	 -0.000305603	 -0.000619508
94.52	 0.00173067	 0.00169481	 0.231368	 -0.00290593	 0.00236879	 -0.000599125
94.54	 0.00305307	 0.00301836	 0.231566	 -0.00557414	 0.00504518	 -0.000577615
94.56	 0.00437388	 0.00434035	 0.231824	 -0.00824347	 0.00772282	 -0.000555024
94.58	 0.00569264	 0.0056603	 0.232142	 -0.0109132	 0.010401	 -0.000531402
94.6	 0.00700889	 0.00697776	 0.232521	 -0.0135826	 0.0130789	 -0.000506802
94.62	 0.00832216	 0.00829225	 0.232959	 -0.016251	 0.0157559	 -0.000481277
94.64	 0.00963201	 0.00960333	 0.233457	 -0.0189176	 0.0184313	 -0.000454885
94.66	 0.010938	 0.0109105	 0.234015	 -0.0215818	 0.0211043	 -0.000427681
94.68	 0.0122396	 0.0122134	 0.234633	 -0.0242428	 0.0237743	 -0.000399724
94.7	 0.0135364	 0.0135115	 0.235309	 -0.0268999	 0.0264403	 -0.000371073
94.72	 0.014828	 0.0148044	 0.236044	 -0.0295523	 0.0291018	 -0.000341787
94.74	 0.016114	 0.0160916	 0.236839	 -0.0321993	 0.031758	 -0.000311927
94.76	 0.0173938	 0.0173727	 0.237691	 -0.0348403	 0.0344082	 -0.000281555
94.78	 0.0186671	 0.0186473	 0.238602	 -0.0374744	 0.0370516	 -0.000250733
94.8	 0.0199333	 0.0199149	 0.239571	 -0.040101	 0.0396875	 -0.000219521
94.82	 0.0211922	 0.021175	 0.240597	 -0.0427193	 0.0423152	 -0.000187982
94.84	 0.0224432	 0.0224274	 0.24168	 -0.0453285	 0.0449338	 -0.000156177
94.86	 0.0236859	 0.0236714	 0.24282	 -0.0479277	 0.0475425	 -0.000124167
94.88	 0.0249199	 0.0249068	 0.244017	 -0.0505164	 0.0501406	 -9.20145e-05
94.9	 0.0261448	 0.026133	 0.24527	 -0.0530937	 0.0527273	 -5.97837e-05
94.92	 0.0273602	 0.0273497	 0.246578	 -0.0556589	 0.055302	 -2.75377e-05
94.94	 0.0285657	 0.0285565	 0.247942	 -0.0582113	 0.0578639	 4.66053e-06
94.96	 0.0297608	 0.0297529	 0.249361	 -0.0607502	 0.0604122	 3.6749e-05
94.98	 0.0309451	 0.0309386	 0.250833	 -0.0632749	 0.0629463	 6.8666e-05
95	 0.0321183	 0.0321131	 0.25236	 -0.0657846	 0.0654654	 0.00010035
95.02	 0.03328	 0.0332761	 0.25394	 -0.0682787	 0.0679689	 0.000131739
95.04	 0.0344298	 0.0344272	 0.255572	 -0.0707564	 0.0704559	 0.000162771
95.06	 0.0355672	 0.035566	 0.257257	 -0.0732169	 0.0729257	 0.000193388
95.08	 0.036692	 0.036692	 0.258993	 -0.0756596	 0.0753776	 0.000223529
95.1	 0.0378038	 0.0378051	 0.26078	 -0.0780836	 0.0778108	 0.000253138
95.12	 0.0389021	 0.0389046	 0.262618	 -0.0804883	 0.0802245	 0.00028216
95.14	 0.0399866	 0.0399904	 0.264505	 -0.0828728	 0.0826181	 0.000310539
95.16	 0.041057	 0.0410621	 0.266441	 -0.0852365	 0.0849908	 0.000338223
95.18	 0.0421129	 0.0421193	 0.268425	 -0.0875786	 0.0873418	 0.000365163
95.2	 0.0431541	 0.0431616	 0.270457	 -0.0898984	 0.0896704	 0.000391313
95.22	 0.04418	 0.0441888	 0.272537	 -0.0921952	 0.0919758	 0.000416628
95.24	 0.0451905	 0.0452004	 0.274662	 -0.094468	 0.0942573	 0.000441067
95.26	 0.0461852	 0.0461963	 0.276833	 -0.0967163	 0.0965141	 0.00046459
95.28	 0.0471638	 0.047176	 0.27905	 -0.0989393	 0.0987455	 0.00048716
95.3	 0.048126	 0.0481393	 0.28131	 -0.101136	 0.100951	 0.000508738
95.32	 0.0490714	 0.0490858	 0.283615	 -0.103307	 0.103129	 0.000529293
95.34	 0.0499998	 0.0500153	 0.285962	 -0.10545	 0.10528	 0.000548794
95.36	 0.0509109	 0.0509275	 0.288351	 -0.107564	 0.107403	 0.000567213
95.38	 0.0518044	 0.051822	 0.290781	 -0.10965	 0.109497	 0.000584524
95.4	 0.05268	 0.0526986	 0.293252	 -0.111707	 0.111561	 0.000600702
95.42	 0.0535375	 0.053557	 0.295762	 -0.113733	 0.113595	 0.000615724
95.44	 0.0543766	 0.0543971	 0.298312	 -0.115728	 0.115597	 0.00062957
95.46	 0.055197	 0.0552184	 0.300899	 -0.117691	 0.117568	 0.000642222
95.48	 0.0559985	 0.0560208	 0.303524	 -0.119622	 0.119506	 0.000653668
95.5	 0.0567809	 0.056804	 0.306185	 -0.121519	 0.12141	 0.000663897
95.52	 0.0575439	 0.0575679	 0.308882	 -0.123382	 0.123281	 0.000672899
95.54	 0.0582873	 0.058312	 0.311613	 -0.125211	 0.125116	 0.00068067
95.56	 0.0590108	 0.0590363	 0.314379	 -0.127005	 0.126916	 0.000687208
95.58	 0.0597143	 0.0597405	 0.317177	 -0.128762	 0.12868	 0.000692515
95.6	 0.0603975	 0.0604245	 0.320007	 -0.130483	 0.130407	 0.000696597
95.62	 0.0610603	 0.061088	 0.322869	 -0.132167	 0.132097	 0.000699461
95.64	 0.0617025	 0.0617308	 0.325761	 -0.133812	 0.133748	 0.000701117
95.66	 0.0623239	 0.0623528	 0.328683	 -0.135419	 0.135361	 0.000701574
95.68	 0.0629242	 0.0629537	 0.331633	 -0.136987	 0.136934	 0.000700844
95.7	 0.0635034	 0.0635335	 0.334611	 -0.138514	 0.138466	 0.000698944
95.72	 0.0640613	 0.0640919	 0.337615	 -0.140001	 0.139958	 0.00069589
95.74	 0.0645977	 0.0646288	 0.340646	 -0.141446	 0.141408	 0.000691705
95.76	 0.0651125	 0.065144	 0.343701	 -0.14285	 0.142817	 0.000686412
95.78	 0.0656055	 0.0656375	 0.346779	 -0.144211	 0.144182	 0.000680037
95.8	 0.0660766	 0.066109	 0.349881	 -0.145528	 0.145504	 0.000672609
95.82	 0.0665257	 0.0665585	 0.353005	 -0.146802	 0.146782	 0.000664159
95.84	 0.0669528	 0.0669858	 0.356149	 -0.148032	 0.148015	 0.00065472
95.86	 0.0673576	 0.067391	 0.359313	 -0.149217	 0.149203	 0.000644328
95.88	 0.0677401	 0.0677737	 0.362496	 -0.150356	 0.150346	 0.000633022
95.9	 0.0681002	 0.0681341	 0.365697	 -0.151448	 0.151441	 0.00062084
95.92	 0.0684378	 0.0684719	 0.368915	 -0.152494	 0.15249	 0.000607822
95.94	 0.0687528	 0.0687871	 0.372148	 -0.153493	 0.153492	 0.000594009
95.96	 0.0690452	 0.0690797	 0.375396	 -0.154444	 0.154445	 0.000579443
95.98	 0.069315	 0.0693495	 0.378658	 -0.155346	 0.155349	 0.000564168
96	 0.0695621	 0.0695966	 0.381932	 -0.1562	 0.156205	 0.000548229
96.02	 0.0697864	 0.069821	 0.385217	 -0.157004	 0.157011	 0.000531674
96.04	 0.0699879	 0.0700225	 0.388513	 -0.157759	 0.157767	 0.000514549
96.06	 0.0701666	 0.0702012	 0.391819	 -0.158463	 0.158472	 0.000496903
96.08	 0.0703226	 0.0703571	 0.395132	 -0.159116	 0.159127	 0.000478782
96.1	 0.0704557	 0.0704901	 0.398453	 -0.159718	 0.159729	 0.000460236
96.12	 0.070566	 0.0706002	 0.40178	 -0.160268	 0.160281	 0.000441312
96.14	 0.0706534	 0.0706875	 0.405112	 -0.160767	 0.160779	 0.000422059
96.16	 0.0707181	 0.0707519	 0.408448	 -0.161213	 0.161226	 0.000402523
96.18	 0.07076	 0.0707936	 0.411787	 -0.161607	 0.16162	 0.000382754
96.2	 0.0707791	 0.0708124	 0.415128	 -0.161948	 0.16196	 0.000362798
96.22	 0.0707755	 0.0708085	 0.41847	 -0.162236	 0.162248	 0.000342703
96.24	 0.0707493	 0.0707819	 0.421811	 -0.16247	 0.162482	 0.00032252
96.26	 0.0707004	 0.0707326	 0.425151	 -0.162651	 0.162661	 0.000302296
96.28	 0.0706289	 0.0706608	 0.428488	 -0.162778	 0.162787	 0.000282081
96.3	 0.070535	 0.0705664	 0.431822	 -0.162851	 0.162859	 0.000261922
96.32	 0.0704186	 0.0704495	 0.435151	 -0.162869	 0.162876	 0.000241867
96.34	 0.0702798	 0.0703102	 0.438474	 -0.162833	 0.162838	 0.000221961
96.36	 0.0701188	 0.0701486	 0.44179	 -0.162742	 0.162745	 0.000202249
96.38	 0.0699356	 0.0699648	 0.445099	 -0.162596	 0.162597	 0.000182775
96.4	 0.0697302	 0.0697589	 0.448398	 -0.162395	 0.162393	 0.000163583
96.42	 0.0695029	 0.069531	 0.451688	 -0.162138	 0.162134	 0.000144716
96.44	 0.0692537	 0.0692811	 0.454966	 -0.161827	 0.16182	 0.000126216
96.46	 0.0689828	 0.0690095	 0.458232	 -0.161459	 0.161449	 0.000108121
96.48	 0.0686901	 0.0687161	 0.461485	 -0.161036	 0.161023	 9.0468e-05
96.5	 0.068376	 0.0684013	 0.464724	 -0.160558	 0.160542	 7.32929e-05
96.52	 0.0680405	 0.068065	 0.467947	 -0.160024	 0.160004	 5.66297e-05
96.54	 0.0676838	 0.0677075	 0.471154	 -0.159434	 0.15941	 4.05119e-05
96.56	 0.067306	 0.0673289	 0.474344	 -0.158788	 0.158761	 2.49719e-05
96.58	 0.0669073	 0.0669294	 0.477515	 -0.158087	 0.158056	 1.00399e-05
96.6	 0.0664879	 0.066509	 0.480666	 -0.15733	 0.157295	 -4.2571e-06
96.62	 0.0660478	 0.0660681	 0.483797	 -0.156518	 0.156478	 -1.78952e-05
96.64	 0.0655874	 0.0656068	 0.486907	 -0.155651	 0.155607	 -3.08533e-05
96.66	 0.0651068	 0.0651252	 0.489994	 -0.154728	 0.15468	 -4.31121e-05
96.68	 0.0646061	 0.0646236	 0.493057	 -0.153751	 0.153697	 -5.46535e-05
96.7	 0.0640856	 0.0641021	 0.496096	 -0.152719	 0.15266	 -6.54597e-05
96.72	 0.0635454	 0.0635609	 0.499109	 -0.151633	 0.151569	 -7.55145e-05
96.74	 0.0629857	 0.0630003	 0.502096	 -0.150492	 0.150423	 -8.48038e-05
96.76	 0.0624069	 0.0624204	 0.505056	 -0.149297	 0.149223	 -9.33163e-05
96.78	 0.061809	 0.0618214	 0.507987	 -0.148049	 0.147969	 -0.000101044
96.8	 0.0611923	 0.0612037	 0.510888	 -0.146747	 0.146662	 -0.00010798
96.82	 0.060557	 0.0605673	 0.513759	 -0.145392	 0.145302	 -0.000114121
96.84	 0.0599033	 0.0599126	 0.516599	 -0.143985	 0.143888	 -0.000119465
96.86	 0.0592316	 0.0592397	 0.519406	 -0.142525	 0.142423	 -0.000124015
96.88	 0.0585419	 0.0585489	 0.522181	 -0.141013	 0.140905	 -0.000127774
96.9	 0.0578346	 0.0578405	 0.524921	 -0.13945	 0.139336	 -0.000130749
96.92	 0.0571098	 0.0571146	 0.527627	 -0.137836	 0.137716	 -0.000132951
96.94	 0.0563679	 0.0563715	 0.530297	 -0.136172	 0.136046	 -0.000134387
96.96	 0.0556091	 0.0556116	 0.53293	 -0.134458	 0.134325	 -0.00013507
96.98	 0.0548336	 0.0548349	 0.535526	 -0.132694	 0.132555	 -0.00013501
97	 0.0540418	 0.0540419	 0.538083	 -0.130881	 0.130736	 -0.000134219
97.02	 0.0532338	 0.0532328	 0.540602	 -0.12902	 0.128869	 -0.000132713
97.04	 0.05241	 0.0524078	 0.54308	 -0.127112	 0.126954	 -0.000130509
97.06	 0.0515706	 0.0515672	 0.545518	 -0.125156	 0.124992	 -0.000127628
97.08	 0.0507159	 0.0507113	 0.547914	 -0.123154	 0.122984	 -0.000124091
97.1	 0.0498462	 0.0498405	 0.550267	 -0.121107	 0.12093	 -0.000119922
97.12	 0.0489618	 0.0489548	 0.552578	 -0.119014	 0.118831	 -0.000115149
97.14	 0.0480629	 0.0480547	 0.554845	 -0.116877	 0.116688	 -0.000109797
97.16	 0.0471498	 0.0471405	 0.557067	 -0.114697	 0.114501	 -0.000103894
97.18	 0.0462228	 0.0462123	 0.559244	 -0.112474	 0.112271	 -9.74726e-05
97.2	 0.0452823	 0.0452706	 0.561375	 -0.110208	 0.109999	 -9.05615e-05
97.22	 0.0443284	 0.0443156	 0.56346	 -0.107902	 0.107687	 -8.31929e-05
97.24	 0.0433616	 0.0433477	 0.565497	 -0.105555	 0.105333	 -7.53983e-05
97.26	 0.0423821	 0.042367	 0.567487	 -0.103169	 0.102941	 -6.721e-05
97.28	 0.0413902	 0.041374	 0.569428	 -0.100744	 0.100509	 -5.86609e-05
97.3	 0.0403863	 0.040369	 0.571319	 -0.0982811	 0.0980403	 -4.97852e-05
97.32	 0.0393707	 0.0393522	 0.573161	 -0.0957816	 0.0955345	 -4.06185e-05
97.34	 0.0383436	 0.038324	 0.574953	 -0.0932462	 0.0929929	 -3.11974e-05
97.36	 0.0373054	 0.0372848	 0.576694	 -0.0906759	 0.0904165	 -2.15592e-05
97.38	 0.0362565	 0.0362348	 0.578384	 -0.0880716	 0.0878061	 -1.1741e-05
97.4	 0.0351971	 0.0351743	 0.580021	 -0.0854343	 0.0851628	 -1.77985e-06
97.42	 0.0341276	 0.0341038	 0.581606	 -0.0827649	 0.0824875	 8.28751e-06
97.44	 0.0330483	 0.0330234	 0.583139	 -0.0800645	 0.0797812	 1.8424e-05
97.46	 0.0319595	 0.0319336	 0.584617	 -0.077334	 0.0770449	 2.85917e-05
97.48	 0.0308616	 0.0308347	 0.586042	 -0.0745744	 0.0742797	 3.87525e-05
97.5	 0.0297549	 0.0297271	 0.587413	 -0.0717868	 0.0714865	 4.88675e-05
97.52	 0.0286397	 0.0286109	 0.588729	 -0.0689723	 0.0686664	 5.88984e-05
97.54	 0.0275164	 0.0274866	 0.58999	 -0.0661317	 0.0658205	 6.88077e-05
97.56	 0.0263853	 0.0263546	 0.591195	 -0.0632664	 0.0629499	 7.85591e-05
97.58	 0.0252467	 0.0252151	 0.592344	 -0.0603772	 0.0600556	 8.81175e-05
97.6	 0.0241009	 0.0240685	 0.593438	 -0.0574654	 0.0571387	 9.74491e-05
97.62	 0.0229484	 0.0229151	 0.594474	 -0.054532	 0.0542004	 0.000106522
97.64	 0.0217894	 0.0217552	 0.595454	 -0.0515782	 0.0512418	 0.000115304
97.66	 0.0206243	 0.0205893	 0.596377	 -0.0486049	 0.0482639	 0.000123768
97.68	 0.0194533	 0.0194176	 0.597242	 -0.0456135	 0.0452679	 0.000131885
97.7	 0.018277	 0.0182404	 0.59805	 -0.0426049	 0.042255	 0.000139631
97.72	 0.0170955	 0.0170582	 0.5988	 -0.0395803	 0.0392261	 0.000146982
97.74	 0.0159093	 0.0158713	 0.599492	 -0.0365408	 0.0361826	 0.000153914
97.76	 0.0147186	 0.0146799	 0.600125	 -0.0334877	 0.0331256	 0.000160406
97.78	 0.0135239	 0.0134845	 0.600701	 -0.0304221	 0.0300561	 0.00016644
97.8	 0.0123254	 0.0122854	 0.601217	 -0.027345	 0.0269753	 0.000171996
97.82	 0.0111236	 0.011083	 0.601675	 -0.0242576	 0.0238845	 0.000177059
97.84	 0.00991869	 0.00987749	 0.602073	 -0.0211611	 0.0207847	 0.000181615
97.86	 0.0087111	 0.00866935	 0.602413	 -0.0180568	 0.0176772	 0.00018565
97.88	 0.00750117	 0.00745889	 0.602693	 -0.0149458	 0.0145631	 0.000189152
97.9	 0.00628923	 0.00624645	 0.602915	 -0.0118294	 0.0114438	 0.000192111
97.92	 0.00507563	 0.00503238	 0.603077	 -0.00870866	 0.00832032	 0.000194517
97.94	 0.0038607	 0.00381703	 0.60318	 -0.0055848	 0.00519388	 0.000196362
97.96	 0.0026448	 0.00260073	 0.603223	 -0.002459	 0.00206565	 0.000197641
97.98	 0.00142826	 0.00138382	 0.603208	 0.000667577	 -0.00106319	 0.000198348
98	 0.00021143	 0.000166649	 0.603133	 0.00379373	 -0.00419144	 0.00019848
98.02	 -0.00100535	 -0.00105044	 0.602999	 0.00691827	 -0.00731792	 0.000198035
98.04	 -0.00222174	 -0.0022671	 0.602805	 0.01004	 -0.0104415	 0.000197014
98.06	 -0.00343739	 -0.00348299	 0.602553	 0.0131579	 -0.0135609	 0.00019542
98.08	 -0.00465195	 -0.00469776	 0.602242	 0.0162706	 -0.0166751	 0.000193258
98.1	 -0.00586508	 -0.00591107	 0.601872	 0.0193772	 -0.019783	 0.000190539
98.12	 -0.00707643	 -0.00712258	 0.601443	 0.0224766	 -0.0228834	 0.000187272
98.14	 -0.00828567	 -0.00833194	 0.600956	 0.0255675	 -0.0259753	 0.000183471
98.16	 -0.00949244	 -0.00953881	 0.60041	 0.028649	 -0.0290576	 0.000179149
98.18	 -0.0106964	 -0.0107428	 0.599807	 0.0317198	 -0.032129	 0.000174324
98.2	 -0.0118973	 -0.0119437	 0.599145	 0.0347789	 -0.0351886	 0.000169011
98.22	 -0.0130946	 -0.0131411	 0.598426	 0.0378252	 -0.0382352	 0.000163231
98.24	 -0.0142882	 -0.0143346	 0.597649	 0.0408577	 -0.0412678	 0.000157002
98.26	 -0.0154775	 -0.0155239	 0.596816	 0.0438752	 -0.0442852	 0.000150348
98.28	 -0.0166624	 -0.0167087	 0.595925	 0.0468765	 -0.0472864	 0.000143292
98.3	 -0.0178424	 -0.0178886	 0.594978	 0.0498606	 -0.0502702	 0.000135857
98.32	 -0.0190173	 -0.0190633	 0.593974	 0.0528262	 -0.0532353	 0.00012807
98.34	 -0.0201866	 -0.0202325	 0.592915	 0.0557722	 -0.0561808	 0.000119956
98.36	 -0.0213501	 -0.0213957	 0.5918	 0.0586975	 -0.0591053	 0.000111544
98.38	 -0.0225074	 -0.0225528	 0.59063	 0.0616011	 -0.062008	 0.000102861
98.4	 -0.0236581	 -0.0237033	 0.589405	 0.0644816	 -0.0648875	 9.39371e-05
98.42	 -0.0248021	 -0.0248469	 0.588126	 0.0673382	 -0.067743	 8.4802e-05
98.44	 -0.0259388	 -0.0259834	 0.586793	 0.0701697	 -0.0705732	 7.54865e-05
98.46	 -0.0270681	 -0.0271123	 0.585406	 0.0729751	 -0.0733772	 6.60228e-05
98.48	 -0.0281896	 -0.0282333	 0.583966	 0.0757533	 -0.0761539	 5.64446e-05
98.5	 -0.0293029	 -0.0293462	 0.582474	 0.0785034	 -0.0789024	 4.6787e-05
98.52	 -0.0304077	 -0.0304506	 0.580929	 0.0812244	 -0.0816216	 3.70864e-05
98.54	 -0.0315038	 -0.0315462	 0.579333	 0.0839154	 -0.0843107	 2.73797e-05
98.56	 -0.0325907	 -0.0326327	 0.577686	 0.0865755	 -0.0869688	 1.77037e-05
98.58	 -0.0336683	 -0.0337097	 0.575988	 0.0892037	 -0.089595	 8.09528e-06
98.6	 -0.0347361	 -0.034777	 0.57424	 0.0917993	 -0.0921884	 -1.4088e-06
98.62	 -0.0357939	 -0.0358342	 0.572442	 0.0943614	 -0.0947482	 -1.07715e-05
98.64	 -0.0368412	 -0.036881	 0.570596	 0.0968892	 -0.0972736	 -1.99558e-05
98.66	 -0.037878	 -0.0379171	 0.568701	 0.0993817	 -0.0997636	 -2.89252e-05
98.68	 -0.0389037	 -0.0389422	 0.566758	 0.101838	 -0.102218	 -3.76447e-05
98.7	 -0.0399181	 -0.039956	 0.564768	 0.104258	 -0.104634	 -4.60806e-05
98.72	 -0.0409209	 -0.0409581	 0.562731	 0.106639	 -0.107013	 -5.42009e-05
98.74	 -0.0419118	 -0.0419483	 0.560649	 0.108982	 -0.109353	 -6.19738e-05
98.76	 -0.0428905	 -0.0429263	 0.558521	 0.111286	 -0.111654	 -6.9368e-05
98.78	 -0.0438566	 -0.0438917	 0.556348	 0.113549	 -0.113914	 -7.6352e-05
98.8	 -0.04481	 -0.0448443	 0.554132	 0.115771	 -0.116133	 -8.28951e-05
98.82	 -0.0457502	 -0.0457838	 0.551873	 0.11795	 -0.118309	 -8.89675e-05
98.84	 -0.046677	 -0.0467098	 0.54957	 0.120087	 -0.120443	 -9.45405e-05
98.86	 -0.0475901	 -0.0476221	 0.547227	 0.122181	 -0.122534	 -9.95857e-05
98.88	 -0.0484893	 -0.0485205	 0.544842	 0.124231	 -0.12458	 -0.000104075
98.9	 -0.0493743	 -0.0494046	 0.542416	 0.126236	 -0.126582	 -0.00010798
98.92	 -0.0502447	 -0.0502743	 0.539951	 0.128196	 -0.128538	 -0.000111274
98.94	 -0.0511003	 -0.0511291	 0.537447	 0.13011	 -0.130449	 -0.000113933
98.96	 -0.0519409	 -0.0519688	 0.534905	 0.131977	 -0.132313	 -0.000115937
98.98	 -0.0527662	 -0.0527932	 0.532325	 0.133798	 -0.134131	 -0.000117269
99	 -0.0535758	 -0.053602	 0.529709	 0.135571	 -0.1359	 -0.000117914
99.02	 -0.0543695	 -0.0543949	 0.527057	 0.137296	 -0.137621	 -0.00011786
99.04	 -0.0551472	 -0.0551716	 0.52437	 0.138972	 -0.139294	 -0.000117094
99.06	 -0.0559084	 -0.055932	 0.521649	 0.140598	 -0.140917	 -0.000115605
99.08	 -0.0566529	 -0.0566756	 0.518895	 0.142175	 -0.14249	 -0.000113384
99.1	 -0.0573806	 -0.0574024	 0.516108	 0.143702	 -0.144013	 -0.000110425
99.12	 -0.0580911	 -0.058112	 0.51329	 0.145177	 -0.145486	 -0.000106724
99.14	 -0.0587841	 -0.0588042	 0.510441	 0.146602	 -0.146907	 -0.000102277
99.16	 -0.0594596	 -0.0594787	 0.507562	 0.147975	 -0.148276	 -9.7082e-05
99.18	 -0.0601171	 -0.0601354	 0.504655	 0.149296	 -0.149594	 -9.11388e-05
99.2	 -0.0607566	 -0.060774	 0.501719	 0.150565	 -0.150859	 -8.44482e-05
99.22	 -0.0613777	 -0.0613942	 0.498756	 0.151781	 -0.152072	 -7.70142e-05
99.24	 -0.0619803	 -0.0619959	 0.495766	 0.152944	 -0.153232	 -6.88437e-05
99.26	 -0.062564	 -0.0625788	 0.492752	 0.154053	 -0.154338	 -5.99457e-05
99.28	 -0.0631288	 -0.0631427	 0.489713	 0.155109	 -0.15539	 -5.03304e-05
99.3	 -0.0636744	 -0.0636874	 0.48665	 0.15611	 -0.156388	 -4.00088e-05
99.32	 -0.0642005	 -0.0642127	 0.483565	 0.157057	 -0.157331	 -2.89931e-05
99.34	 -0.0647071	 -0.0647184	 0.480458	 0.157949	 -0.15822	 -1.72974e-05
99.36	 -0.0651939	 -0.0652044	 0.477331	 0.158786	 -0.159054	 -4.9392e-06
99.38	 -0.0656607	 -0.0656704	 0.474184	 0.159568	 -0.159833	 8.06073e-06
99.4	 -0.0661073	 -0.0661162	 0.471018	 0.160295	 -0.160557	 2.16785e-05
99.42	 -0.0665336	 -0.0665417	 0.467834	 0.160966	 -0.161226	 3.58883e-05
99.44	 -0.0669394	 -0.0669467	 0.464634	 0.161582	 -0.161839	 5.06631e-05
99.46	 -0.0673245	 -0.067331	 0.461418	 0.162142	 -0.162396	 6.59756e-05
99.48	 -0.0676887	 -0.0676945	 0.458187	 0.162647	 -0.162898	 8.17973e-05
99.5	 -0.068032	 -0.068037	 0.454943	 0.163095	 -0.163344	 9.80986e-05
99.52	 -0.068354	 -0.0683583	 0.451686	 0.163487	 -0.163734	 0.000114848
99.54	 -0.0686548	 -0.0686584	 0.448417	 0.163824	 -0.164068	 0.000132012
99.56	 -0.0689341	 -0.068937	 0.445137	 0.164104	 -0.164346	 0.000149554
99.58	 -0.0691919	 -0.0691941	 0.441848	 0.164329	 -0.164569	 0.000167437
99.6	 -0.0694279	 -0.0694296	 0.43855	 0.164497	 -0.164735	 0.000185622
99.62	 -0.0696422	 -0.0696432	 0.435244	 0.16461	 -0.164846	 0.00020407
99.64	 -0.0698345	 -0.0698349	 0.431932	 0.164666	 -0.1649	 0.00022274
99.66	 -0.0700048	 -0.0700046	 0.428614	 0.164667	 -0.164899	 0.000241592
99.68	 -0.0701529	 -0.0701521	 0.425292	 0.164612	 -0.164843	 0.000260583
99.7	 -0.0702788	 -0.0702775	 0.421967	 0.164501	 -0.16473	 0.000279671
99.72	 -0.0703823	 -0.0703805	 0.418639	 0.164335	 -0.164563	 0.000298809
99.74	 -0.0704635	 -0.0704612	 0.415309	 0.164113	 -0.16434	 0.00031795
99.76	 -0.0705222	 -0.0705195	 0.411979	 0.163837	 -0.164062	 0.000337048
99.78	 -0.0705584	 -0.0705552	 0.40865	 0.163505	 -0.16373	 0.000356056
99.8	 -0.070572	 -0.0705684	 0.405323	 0.163119	 -0.163343	 0.000374928
99.82	 -0.0705629	 -0.0705589	 0.401999	 0.162678	 -0.162901	 0.000393622
99.84	 -0.0705312	 -0.0705269	 0.398678	 0.162183	 -0.162406	 0.000412092
99.86	 -0.0704768	 -0.0704721	 0.395363	 0.161634	 -0.161857	 0.000430294
99.88	 -0.0703996	 -0.0703946	 0.392053	 0.161032	 -0.161255	 0.000448182
99.9	 -0.0702996	 -0.0702944	 0.388751	 0.160377	 -0.160599	 0.000465709
99.92	 -0.0701769	 -0.0701714	 0.385457	 0.159669	 -0.159891	 0.000482827
99.94	 -0.0700314	 -0.0700257	 0.382172	 0.158908	 -0.15913	 0.000499491
99.96	 -0.0698632	 -0.0698572	 0.378898	 0.158095	 -0.158318	 0.000515656
99.98	 -0.0696721	 -0.069666	 0.375635	 0.157231	 -0.157454	 0.00053128
100	 -0.0694583	 -0.0694521	 0.372384	 0.156315	 -0.156539	 0.000546321
100.02	 -0.0692218	 -0.0692155	 0.369147	 0.155349	 -0.155574	 0.000560738
100.04	 -0.0689626	 -0.0689562	 0.365924	 0.154332	 -0.154558	 0.000574488
100.06	 -0.0686808	 -0.0686743	 0.362717	 0.153266	 -0.153493	 0.000587532
100.08	 -0.0683763	 -0.0683698	 0.359526	 0.15215	 -0.152378	 0.000599834
100.1	 -0.0680494	 -0.0680428	 0.356354	 0.150986	 -0.151215	 0.000611357
100.12	 -0.0676999	 -0.0676934	 0.3532	 0.149773	 -0.150004	 0.000622068
100.14	 -0.0673281	 -0.0673216	 0.350065	 0.148512	 -0.148745	 0.000631933
100.16	 -0.0669339	 -0.0669275	 0.346952	 0.147204	 -0.147439	 0.000640915
100.18	 -0.0665175	 -0.0665112	 0.34386	 0.14585	 -0.146087	 0.000648981
100.2	 -0.066079	 -0.0660728	 0.340791	 0.144449	 -0.144688	 0.000656096
100.22	 -0.0656185	 -0.0656124	 0.337746	 0.143003	 -0.143245	 0.00066223
100.24	 -0.065136	 -0.0651302	 0.334726	 0.141512	 -0.141756	 0.000667358
100.26	 -0.0646318	 -0.0646261	 0.331732	 0.139976	 -0.140223	 0.000671458
100.28	 -0.0641059	 -0.0641005	 0.328764	 0.138397	 -0.138647	 0.000674511
100.3	 -0.0635585	 -0.0635533	 0.325824	 0.136775	 -0.137027	 0.000676499
100.32	 -0.0629898	 -0.0629849	 0.322914	 0.13511	 -0.135366	 0.000677405
100.34	 -0.0623998	 -0.0623952	 0.320032	 0.133404	 -0.133663	 0.000677214
100.36	 -0.0617888	 -0.0617845	 0.317182	 0.131656	 -0.131919	 0.000675914
100.38	 -0.061157	 -0.061153	 0.314364	 0.129868	 -0.130134	 0.000673497
100.4	 -0.0605044	 -0.0605009	 0.311578	 0.128041	 -0.128311	 0.000669956
100.42	 -0.0598314	 -0.0598283	 0.308825	 0.126175	 -0.126448	 0.000665286
100.44	 -0.0591381	 -0.0591354	 0.306108	 0.124271	 -0.124548	 0.000659482
100.46	 -0.0584247	 -0.0584225	 0.303425	 0.122329	 -0.12261	 0.000652544
100.48	 -0.0576915	 -0.0576897	 0.300779	 0.12035	 -0.120636	 0.000644471
100.5	 -0.0569385	 -0.0569372	 0.298171	 0.118336	 -0.118626	 0.000635271
100.52	 -0.0561662	 -0.0561654	 0.2956	 0.116286	 -0.11658	 0.000624949
100.54	 -0.0553746	 -0.0553743	 0.293069	 0.114202	 -0.114501	 0.000613516
100.56	 -0.0545641	 -0.0545643	 0.290577	 0.112084	 -0.112387	 0.000600982
100.58	 -0.0537348	 -0.0537357	 0.288126	 0.109933	 -0.110241	 0.000587359
100.6	 -0.0528871	 -0.0528886	 0.285717	 0.10775	 -0.108063	 0.000572663
100.62	 -0.0520212	 -0.0520233	 0.28335	 0.105536	 -0.105854	 0.000556915
100.64	 -0.0511374	 -0.0511401	 0.281027	 0.103292	 -0.103615	 0.000540136
100.66	 -0.050236	 -0.0502393	 0.278747	 0.101018	 -0.101345	 0.000522352
100.68	 -0.0493173	 -0.0493212	 0.276513	 0.0987146	 -0.0990476	 0.00050359
100.7	 -0.0483815	 -0.0483861	 0.274323	 0.0963837	 -0.096722	 0.000483877
100.72	 -0.0474289	 -0.0474343	 0.272181	 0.0940256	 -0.0943692	 0.000463244
100.74	 -0.0464599	 -0.046466	 0.270085	 0.0916412	 -0.0919902	 0.000441723
100.76	 -0.0454749	 -0.0454817	 0.268037	 0.0892314	 -0.0895858	 0.000419348
100.78	 -0.044474	 -0.0444815	 0.266038	 0.086797	 -0.0871569	 0.000396156
100.8	 -0.0434577	 -0.043466	 0.264088	 0.0843388	 -0.0847042	 0.000372185
100.82	 -0.0424262	 -0.0424353	 0.262187	 0.0818577	 -0.0822286	 0.000347475
100.84	 -0.04138	 -0.0413898	 0.260338	 0.0793544	 -0.0797309	 0.000322068
100.86	 -0.0403193	 -0.0403299	 0.258539	 0.0768299	 -0.0772121	 0.000296008
100.88	 -0.0392445	 -0.039256	 0.256792	 0.074285	 -0.0746728	 0.00026934
100.9	 -0.038156	 -0.0381683	 0.255098	 0.0717207	 -0.0721141	 0.000242113
100.92	 -0.0370541	 -0.0370672	 0.253457	 0.0691377	 -0.0695368	 0.000214375
100.94	 -0.0359393	 -0.0359532	 0.251869	 0.0665369	 -0.0669417	 0.000186174
100.96	 -0.0348118	 -0.0348265	 0.250335	 0.0639191	 -0.0643297	 0.00015756
100.98	 -0.033672	 -0.0336876	 0.248856	 0.0612852	 -0.0617014	 0.000128586
101	 -0.0325205	 -0.0325369	 0.247432	 0.058636	 -0.0590579	 9.93029e-05
101.02	 -0.0313574	 -0.0313747	 0.246064	 0.0559723	 -0.0563998	 6.97675e-05
101.04	 -0.0301833	 -0.0302014	 0.244752	 0.053295	 -0.0537282	 4.00353e-05
101.06	 -0.0289984	 -0.0290174	 0.243496	 0.050605	 -0.0510438	 1.01626e-05
101.08	 -0.0278033	 -0.0278232	 0.242298	 0.0479031	 -0.0483475	 -1.9794e-05
101.1	 -0.0265984	 -0.0266191	 0.241157	 0.0451902	 -0.0456401	 -4.97772e-05
101.12	 -0.025384	 -0.0254056	 0.240074	 0.0424672	 -0.0429226	 -7.97288e-05
101.14	 -0.0241606	 -0.024183	 0.239049	 0.0397348	 -0.0401957	 -0.00010959
101.16	 -0.0229286	 -0.0229518	 0.238082	 0.0369941	 -0.0374604	 -0.000139303
101.18	 -0.0216884	 -0.0217125	 0.237175	 0.0342458	 -0.0347174	 -0.000168808
101.2	 -0.0204404	 -0.0204653	 0.236327	 0.0314907	 -0.0319675	 -0.000198048
101.22	 -0.0191851	 -0.0192109	 0.235538	 0.0287296	 -0.0292117	 -0.000226964
101.24	 -0.0179229	 -0.0179495	 0.234809	 0.0259635	 -0.0264507	 -0.000255499
101.26	 -0.0166542	 -0.0166816	 0.23414	 0.0231931	 -0.0236853	 -0.000283594
101.28	 -0.0153794	 -0.0154077	 0.233532	 0.0204193	 -0.0209165	 -0.000311194
101.3	 -0.0140991	 -0.0141282	 0.232984	 0.017643	 -0.018145	 -0.000338241
101.32	 -0.0128137	 -0.0128435	 0.232497	 0.0148649	 -0.0153717	 -0.000364683
101.34	 -0.0115235	 -0.0115541	 0.23207	 0.0120858	 -0.0125973	 -0.000390465
101.36	 -0.010229	 -0.0102605	 0.231705	 0.00930666	 -0.00982274	 -0.000415534
101.38	 -0.00893075	 -0.00896297	 0.2314	 0.00652823	 -0.00704878	 -0.000439836
101.4	 -0.00762912	 -0.00766209	 0.231157	 0.00375139	 -0.00427629	 -0.000463317
101.42	 -0.00632457	 -0.00635827	 0.230976	 0.000976998	 -0.00150613	 -0.000485926
101.44	 -0.00501755	 -0.00505198	 0.230856	 -0.00179411	 0.00126086	 -0.000507614
101.46	 -0.00370853	 -0.00374367	 0.230797	 -0.00456114	 0.00402391	 -0.000528333
101.48	 -0.00239795	 -0.00243378	 0.2308	 -0.00732331	 0.00678222	 -0.000548041
101.5	 -0.00108627	 -0.00112276	 0.230864	 -0.0100799	 0.00953506	 -0.000566696
101.52	 0.000226069	 0.000188923	 0.23099	 -0.01283	 0.0122816	 -0.000584256
101.54	 0.00153861	 0.00150083	 0.231177	 -0.015573	 0.0150211	 -0.000600683
101.56	 0.00285088	 0.00281249	 0.231425	 -0.0183079	 0.0177528	 -0.000615937
101.58	 0.00416244	 0.00412346	 0.231735	 -0.021034	 0.0204758	 -0.000629982
101.6	 0.00547283	 0.00543328	 0.232106	 -0.0237506	 0.0231893	 -0.000642787
101.62	 0.00678158	 0.00674149	 0.232537	 -0.0264569	 0.0258928	 -0.000654321
101.64	 0.00808825	 0.00804763	 0.23303	 -0.0291521	 0.0285853	 -0.000664557
101.66	 0.00939238	 0.00935126	 0.233583	 -0.0318356	 0.0312663	 -0.000673469
101.68	 0.0106935	 0.0106519	 0.234197	 -0.0345065	 0.0339349	 -0.000681034
101.7	 0.0119912	 0.0119492	 0.234871	 -0.0371642	 0.0365904	 -0.000687229
101.72	 0.013285	 0.0132426	 0.235605	 -0.0398078	 0.039232	 -0.000692038
101.74	 0.0145745	 0.0145316	 0.236399	 -0.0424367	 0.0418592	 -0.000695444
101.76	 0.0158592	 0.015816	 0.237253	 -0.0450502	 0.0444711	 -0.000697435
101.78	 0.0171387	 0.0170951	 0.238165	 -0.0476477	 0.0470671	 -0.000698003
101.8	 0.0184125	 0.0183686	 0.239137	 -0.0502283	 0.0496464	 -0.000697139
101.82	 0.0196802	 0.019636	 0.240167	 -0.0527914	 0.0522085	 -0.000694837
101.84	 0.0209414	 0.020897	 0.241255	 -0.0553363	 0.0547525	 -0.000691093
101.86	 0.0221957	 0.0221509	 0.242401	 -0.0578622	 0.0572777	 -0.000685907
101.88	 0.0234425	 0.0233976	 0.243605	 -0.0603684	 0.0597835	 -0.000679282
101.9	 0.0246815	 0.0246364	 0.244866	 -0.0628544	 0.0622693	 -0.000671225
101.92	 0.0259122	 0.025867	 0.246183	 -0.0653195	 0.0647343	 -0.000661744
101.94	 0.0271343	 0.0270889	 0.247557	 -0.067763	 0.0671779	 -0.000650853
101.96	 0.0283472	 0.0283018	 0.248986	 -0.0701844	 0.0695996	 -0.000638567
101.98	 0.0295507	 0.0295052	 0.25047	 -0.0725831	 0.0719988	 -0.000624902
102	 0.0307442	 0.0306987	 0.252009	 -0.0749584	 0.0743748	 -0.000609882
102.02	 0.0319274	 0.0318819	 0.253602	 -0.0773098	 0.0767272	 -0.000593532
102.04	 0.0330998	 0.0330544	 0.255249	 -0.0796367	 0.0790552	 -0.000575878
102.06	 0.0342612	 0.0342158	 0.256948	 -0.0819386	 0.0813584	 -0.000556953
102.08	 0.0354109	 0.0353657	 0.2587	 -0.0842148	 0.0836362	 -0.000536787
102.1	 0.0365488	 0.0365037	 0.260503	 -0.0864647	 0.0858878	 -0.000515417
102.12	 0.0376743	 0.0376294	 0.262357	 -0.0886878	 0.0881128	 -0.000492881
102.14	 0.0387871	 0.0387424	 0.264262	 -0.0908835	 0.0903107	 -0.00046922
102.16	 0.0398869	 0.0398424	 0.266216	 -0.0930512	 0.0924808	 -0.000444477
102.18	 0.0409732	 0.040929	 0.268219	 -0.0951905	 0.0946226	 -0.000418698
102.2	 0.0420456	 0.0420017	 0.27027	 -0.0973007	 0.0967356	 -0.000391927
102.22	 0.0431039	 0.0430603	 0.272369	 -0.0993813	 0.0988192	 -0.000364212
102.24	 0.0441477	 0.0441044	 0.274514	 -0.101432	 0.100873	 -0.000335602
102.26	 0.0451766	 0.0451337	 0.276705	 -0.103451	 0.102896	 -0.000306148
102.28	 0.0461902	 0.0461477	 0.278942	 -0.10544	 0.104888	 -0.000275904
102.3	 0.0471883	 0.0471463	 0.281223	 -0.107397	 0.106849	 -0.000244927
102.32	 0.0481705	 0.0481289	 0.283547	 -0.109322	 0.108778	 -0.000213272
102.34	 0.0491364	 0.0490953	 0.285915	 -0.111214	 0.110674	 -0.000180996
102.36	 0.0500858	 0.0500452	 0.288325	 -0.113073	 0.112538	 -0.000148157
102.38	 0.0510183	 0.0509783	 0.290776	 -0.114899	 0.114368	 -0.000114815
102.4	 0.0519337	 0.0518942	 0.293267	 -0.11669	 0.116164	 -8.10341e-05
102.42	 0.0528315	 0.0527926	 0.295798	 -0.118447	 0.117926	 -4.68769e-05
102.44	 0.0537116	 0.0536733	 0.298368	 -0.120169	 0.119654	 -1.24086e-05
102.46	 0.0545737	 0.054536	 0.300976	 -0.121855	 0.121346	 2.23059e-05
102.48	 0.0554174	 0.0553803	 0.303621	 -0.123505	 0.123002	 5.72012e-05
102.5	 0.0562424	 0.0562061	 0.306301	 -0.125119	 0.124621	 9.22112e-05
102.52	 0.0570486	 0.0570129	 0.309017	 -0.126696	 0.126204	 0.00012727
102.54	 0.0578355	 0.0578006	 0.311768	 -0.128236	 0.12775	 0.00016231
102.56	 0.0586031	 0.0585689	 0.314551	 -0.129738	 0.129259	 0.000197266
102.58	 0.059351	 0.0593175	 0.317368	 -0.131202	 0.130729	 0.000232074
102.6	 0.0600789	 0.0600463	 0.320215	 -0.132627	 0.132162	 0.000266672
102.62	 0.0607867	 0.0607549	 0.323094	 -0.134014	 0.133555	 0.000300995
102.64	 0.0614742	 0.0614432	 0.326002	 -0.135361	 0.134909	 0.000334981
102.66	 0.062141	 0.0621108	 0.32894	 -0.136668	 0.136224	 0.000368566
102.68	 0.062787	 0.0627577	 0.331905	 -0.137935	 0.137499	 0.000401684
102.7	 0.063412	 0.0633836	 0.334897	 -0.139162	 0.138733	 0.000434273
102.72	 0.0640158	 0.0639883	 0.337915	 -0.140348	 0.139927	 0.000466271
102.74	 0.0645981	 0.0645715	 0.340958	 -0.141492	 0.141079	 0.00049762
102.76	 0.0651588	 0.0651332	 0.344025	 -0.142595	 0.14219	 0.000528261
102.78	 0.0656978	 0.0656731	 0.347114	 -0.143656	 0.143259	 0.000558137
102.8	 0.0662147	 0.0661911	 0.350226	 -0.144674	 0.144286	 0.000587193
102.82	 0.0667096	 0.0666869	 0.353359	 -0.145651	 0.145271	 0.000615375
102.84	 0.0671822	 0.0671606	 0.356512	 -0.146584	 0.146213	 0.000642632
102.86	 0.0676325	 0.0676118	 0.359684	 -0.147474	 0.147111	 0.000668917
102.88	 0.0680601	 0.0680405	 0.362873	 -0.14832	 0.147966	 0.000694183
102.9	 0.0684651	 0.0684466	 0.36608	 -0.149122	 0.148777	 0.000718386
102.92	 0.0688474	 0.0688299	 0.369302	 -0.14988	 0.149544	 0.000741481
102.94	 0.0692067	 0.0691903	 0.372539	 -0.150593	 0.150267	 0.000763425
102.96	 0.069543	 0.0695277	 0.375789	 -0.151262	 0.150944	 0.00078418
102.98	 0.0698562	 0.069842	 0.379053	 -0.151885	 0.151577	 0.000803706
103	 0.0701462	 0.0701331	 0.382328	 -0.152463	 0.152164	 0.000821971
103.02	 0.070413	 0.070401	 0.385613	 -0.152996	 0.152706	 0.000838942
103.04	 0.0706564	 0.0706455	 0.388908	 -0.153483	 0.153203	 0.000854592
103.06	 0.0708765	 0.0708667	 0.392212	 -0.153923	 0.153653	 0.000868892
103.08	 0.0710732	 0.0710645	 0.395522	 -0.154318	 0.154056	 0.000881817
103.1	 0.0712463	 0.0712388	 0.398839	 -0.154666	 0.154414	 0.000893345
103.12	 0.071396	 0.0713896	 0.402161	 -0.154967	 0.154725	 0.000903454
103.14	 0.0715221	 0.0715168	 0.405488	 -0.155222	 0.154989	 0.000912127
103.16	 0.0716246	 0.0716204	 0.408817	 -0.155429	 0.155206	 0.000919348
103.18	 0.0717036	 0.0717005	 0.412148	 -0.15559	 0.155376	 0.000925105
103.2	 0.0717589	 0.071757	 0.415481	 -0.155704	 0.155499	 0.000929387
103.22	 0.0717907	 0.0717899	 0.418813	 -0.15577	 0.155575	 0.000932188
103.24	 0.0717989	 0.0717992	 0.422144	 -0.15579	 0.155604	 0.000933504
103.26	 0.0717835	 0.071785	 0.425473	 -0.155762	 0.155586	 0.000933337
103.28	 0.0717446	 0.0717472	 0.428799	 -0.155687	 0.15552	 0.000931688
103.3	 0.0716823	 0.0716859	 0.43212	 -0.155564	 0.155407	 0.000928565
103.32	 0.0715964	 0.0716011	 0.435437	 -0.155394	 0.155246	 0.000923974
103.34	 0.0714871	 0.0714929	 0.438746	 -0.155176	 0.155038	 0.000917929
103.36	 0.0713545	 0.0713614	 0.442049	 -0.154911	 0.154782	 0.000910441
103.38	 0.0711985	 0.0712065	 0.445342	 -0.154598	 0.154478	 0.000901528
103.4	 0.0710194	 0.0710284	 0.448627	 -0.154238	 0.154126	 0.000891209
103.42	 0.070817	 0.0708271	 0.4519	 -0.15383	 0.153727	 0.000879507
103.44	 0.0705916	 0.0706028	 0.455163	 -0.153374	 0.15328	 0.000866449
103.46	 0.0703433	 0.0703555	 0.458412	 -0.152871	 0.152785	 0.00085206
103.48	 0.070072	 0.0700852	 0.461648	 -0.15232	 0.152243	 0.000836372
103.5	 0.069778	 0.0697922	 0.464869	 -0.151721	 0.151652	 0.000819416
103.52	 0.0694613	 0.0694766	 0.468075	 -0.151075	 0.151015	 0.000801227
103.54	 0.0691222	 0.0691384	 0.471264	 -0.150382	 0.150329	 0.000781844
103.56	 0.0687606	 0.0687778	 0.474436	 -0.149641	 0.149596	 0.000761305
103.58	 0.0683768	 0.068395	 0.477589	 -0.148853	 0.148816	 0.000739655
103.6	 0.067971	 0.06799	 0.480722	 -0.148018	 0.147989	 0.000716936
103.62	 0.0675432	 0.0675632	 0.483835	 -0.147136	 0.147114	 0.000693194
103.64	 0.0670936	 0.0671145	 0.486926	 -0.146208	 0.146193	 0.000668475
103.66	 0.0666225	 0.0666442	 0.489995	 -0.145233	 0.145225	 0.000642826
103.68	 0.0661299	 0.0661525	 0.49304	 -0.144212	 0.144211	 0.000616298
103.7	 0.0656161	 0.0656395	 0.496061	 -0.143145	 0.143151	 0.000588943
103.72	 0.0650812	 0.0651054	 0.499056	 -0.142032	 0.142044	 0.000560816
103.74	 0.0645255	 0.0645505	 0.502025	 -0.140874	 0.140892	 0.000531973
103.76	 0.0639491	 0.0639749	 0.504967	 -0.13967	 0.139694	 0.000502473
103.78	 0.0633523	 0.0633788	 0.507881	 -0.138422	 0.138452	 0.000472371
103.8	 0.0627353	 0.0627624	 0.510766	 -0.137128	 0.137164	 0.000441727
103.82	 0.0620982	 0.062126	 0.51362	 -0.135791	 0.135832	 0.000410599
103.84	 0.0614414	 0.0614699	 0.516444	 -0.134409	 0.134455	 0.000379048
103.86	 0.060765	 0.0607941	 0.519236	 -0.132984	 0.133034	 0.000347132
103.88	 0.0600693	 0.0600991	 0.521996	 -0.131515	 0.131571	 0.000314912
103.9	 0.0593546	 0.0593849	 0.524721	 -0.130004	 0.130063	 0.000282449
103.92	 0.058621	 0.0586519	 0.527413	 -0.12845	 0.128514	 0.000249801
103.94	 0.0578689	 0.0579002	 0.53007	 -0.126854	 0.126921	 0.000217031
103.96	 0.0570985	 0.0571303	 0.53269	 -0.125216	 0.125287	 0.0001842
103.98	 0.05631	 0.0563423	 0.535274	 -0.123538	 0.123612	 0.000151372
104	 0.0555038	 0.0555365	 0.53782	 -0.121818	 0.121895	 0.00011861
104.02	 0.0546802	 0.0547132	 0.540328	 -0.120058	 0.120138	 8.5976e-05
104.04	 0.0538393	 0.0538727	 0.542796	 -0.118259	 0.118341	 5.35321e-05
104.06	 0.0529815	 0.0530153	 0.545225	 -0.11642	 0.116505	 2.13378e-05
104.08	 0.0521071	 0.0521412	 0.547612	 -0.114543	 0.114629	 -1.05488e-05
104.1	 0.0512164	 0.0512507	 0.549958	 -0.112628	 0.112716	 -4.20698e-05
104.12	 0.0503097	 0.0503442	 0.552262	 -0.110675	 0.110764	 -7.3168e-05
104.14	 0.0493873	 0.049422	 0.554523	 -0.108685	 0.108776	 -0.000103787
104.16	 0.0484495	 0.0484843	 0.55674	 -0.106659	 0.10675	 -0.000133873
104.18	 0.0474965	 0.0475315	 0.558913	 -0.104597	 0.104689	 -0.000163371
104.2	 0.0465288	 0.0465639	 0.561041	 -0.1025	 0.102592	 -0.000192231
104.22	 0.0455467	 0.0455817	 0.563123	 -0.100368	 0.100461	 -0.000220403
104.24	 0.0445504	 0.0445855	 0.565158	 -0.0982032	 0.0982954	 -0.000247835
104.26	 0.0435403	 0.0435754	 0.567147	 -0.0960049	 0.0960965	 -0.000274478
104.28	 0.0425168	 0.0425518	 0.569088	 -0.0937741	 0.093865	 -0.000300286
104.3	 0.0414802	 0.0415151	 0.57098	 -0.0915117	 0.0916015	 -0.000325213
104.32	 0.0404308	 0.0404655	 0.572824	 -0.0892183	 0.0893068	 -0.000349216
104.34	 0.039369	 0.0394036	 0.574618	 -0.0868947	 0.0869817	 -0.000372257
104.36	 0.0382952	 0.0383295	 0.576363	 -0.0845417	 0.0846269	 -0.000394296
104.38	 0.0372096	 0.0372438	 0.578056	 -0.08216	 0.0822431	 -0.000415299
104.4	 0.0361128	 0.0361466	 0.579699	 -0.0797504	 0.0798311	 -0.00043523
104.42	 0.0350049	 0.0350384	 0.58129	 -0.0773136	 0.0773917	 -0.00045406
104.44	 0.0338865	 0.0339196	 0.582828	 -0.0748504	 0.0749257	 -0.000471758
104.46	 0.0327577	 0.0327905	 0.584314	 -0.0723616	 0.0724338	 -0.000488299
104.48	 0.0316191	 0.0316515	 0.585747	 -0.0698479	 0.0699168	 -0.00050366
104.5	 0.030471	 0.0305029	 0.587127	 -0.0673102	 0.0673755	 -0.00051782
104.52	 0.0293138	 0.0293451	 0.588452	 -0.0647493	 0.0648108	 -0.000530762
104.54	 0.0281478	 0.0281786	 0.589723	 -0.062166	 0.0622235	 -0.000542469
104.56	 0.0269733	 0.0270036	 0.590939	 -0.0595611	 0.0596144	 -0.000552928
104.58	 0.0257909	 0.0258205	 0.592099	 -0.0569355	 0.0569843	 -0.000562129
104.6	 0.0246008	 0.0246298	 0.593205	 -0.0542901	 0.0543343	 -0.000570064
104.62	 0.0234035	 0.0234318	 0.594254	 -0.0516258	 0.051665	 -0.000576724
104.64	 0.0221993	 0.0222269	 0.595247	 -0.0489433	 0.0489774	 -0.000582105
104.66	 0.0209886	 0.0210154	 0.596183	 -0.0462436	 0.0462724	 -0.000586204
104.68	 0.0197718	 0.0197978	 0.597062	 -0.0435274	 0.0435508	 -0.00058902
104.7	 0.0185492	 0.0185744	 0.597884	 -0.0407958	 0.0408135	 -0.000590555
104.72	 0.0173213	 0.0173456	 0.598649	 -0.0380496	 0.0380614	 -0.000590814
104.74	 0.0160885	 0.0161119	 0.599356	 -0.0352896	 0.0352954	 -0.000589804
104.76	 0.014851	 0.0148735	 0.600005	 -0.0325168	 0.0325165	 -0.000587534
104.78	 0.0136094	 0.0136309	 0.600595	 -0.0297321	 0.0297254	 -0.000584015
104.8	 0.012364	 0.0123845	 0.601127	 -0.0269364	 0.0269231	 -0.000579262
104.82	 0.0111152	 0.0111347	 0.601601	 -0.0241305	 0.0241105	 -0.000573288
104.84	 0.00986334	 0.00988176	 0.602016	 -0.0213154	 0.0212886	 -0.000566112
104.86	 0.00860887	 0.0086262	 0.602372	 -0.0184921	 0.0184584	 -0.000557756
104.88	 0.00735215	 0.00736837	 0.602668	 -0.0156616	 0.0156207	 -0.000548243
104.9	 0.00609359	 0.00610867	 0.602906	 -0.0128247	 0.0127766	 -0.0005376
104.92	 0.00483357	 0.00484748	 0.603084	 -0.00998252	 0.00992696	 -0.000525855
104.94	 0.00357247	 0.00358519	 0.603204	 -0.00713589	 0.0070728	 -0.000513038
104.96	 0.00231068	 0.0023222	 0.603263	 -0.00428576	 0.00421501	 -0.00049918
104.98	 0.00104859	 0.00105887	 0.603263	 -0.00143306	 0.00135455	 -0.000484316
105	 -0.000213417	 -0.000204393	 0.603204	 0.00142124	 -0.00150764	 -0.000468484
105.02	 -0.00147495	 -0.00146721	 0.603086	 0.00427622	 -0.0043706	 -0.000451721
105.04	 -0.00273563	 -0.00272918	 0.602908	 0.00713092	 -0.00723338	 -0.000434067
105.06	 -0.00399506	 -0.00398992	 0.60267	 0.00998443	 -0.0100951	 -0.000415564
105.08	 -0.00525286	 -0.00524905	 0.602374	 0.0128359	 -0.0129548	 -0.000396253
105.1	 -0.00650863	 -0.00650617	 0.602018	 0.0156843	 -0.0158116	 -0.000376175
105.12	 -0.007762	 -0.00776091	 0.601603	 0.018529	 -0.0186646	 -0.000355374
105.14	 -0.00901259	 -0.00901288	 0.60113	 0.0213689	 -0.021513	 -0.000333895
105.16	 -0.01026	 -0.0102617	 0.600597	 0.0242031	 -0.0243557	 -0.000311784
105.18	 -0.0115039	 -0.011507	 0.600006	 0.0270309	 -0.027192	 -0.000289088
105.2	 -0.0127438	 -0.0127483	 0.599356	 0.0298512	 -0.030021	 -0.000265855
105.22	 -0.0139795	 -0.0139854	 0.598648	 0.0326632	 -0.0328417	 -0.000242134
105.24	 -0.0152104	 -0.0152178	 0.597883	 0.0354661	 -0.0356532	 -0.000217973
105.26	 -0.0164363	 -0.0164452	 0.597059	 0.0382588	 -0.0384547	 -0.000193422
105.28	 -0.0176568	 -0.0176671	 0.596178	 0.0410406	 -0.0412453	 -0.000168531
105.3	 -0.0188715	 -0.0188833	 0.59524	 0.0438104	 -0.0440238	 -0.000143352
105.32	 -0.02008	 -0.0200933	 0.594245	 0.0465672	 -0.0467894	 -0.000117935
105.34	 -0.021282	 -0.0212967	 0.593193	 0.0493101	 -0.0495411	 -9.23311e-05
105.36	 -0.0224771	 -0.0224933	 0.592085	 0.0520381	 -0.052278	 -6.65922e-05
105.38	 -0.0236649	 -0.0236825	 0.590921	 0.0547503	 -0.054999	 -4.07689e-05
105.4	 -0.0248451	 -0.0248642	 0.589702	 0.0574457	 -0.0577033	 -1.49117e-05
105.42	 -0.0260173	 -0.0260378	 0.588427	 0.0601235	 -0.0603899	 1.0929e-05
105.44	 -0.0271812	 -0.0272031	 0.587098	 0.0627828	 -0.0630579	 3.67034e-05
105.46	 -0.0283363	 -0.0283598	 0.585714	 0.0654225	 -0.0657065	 6.2363e-05
105.48	 -0.0294825	 -0.0295073	 0.584277	 0.068042	 -0.0683346	 8.78605e-05
105.5	 -0.0306193	 -0.0306455	 0.582786	 0.0706402	 -0.0709416	 0.00011315
105.52	 -0.0317464	 -0.031774	 0.581242	 0.0732164	 -0.0735265	 0.000138188
105.54	 -0.0328634	 -0.0328924	 0.579646	 0.0757698	 -0.0760886	 0.000162931
105.56	 -0.03397	 -0.0340004	 0.577998	 0.0782996	 -0.078627	 0.000187335
105.58	 -0.0350659	 -0.0350976	 0.576299	 0.080805	 -0.081141	 0.000211359
105.6	 -0.0361507	 -0.0361838	 0.574549	 0.0832853	 -0.0836297	 0.000234962
105.62	 -0.0372242	 -0.0372586	 0.572748	 0.0857397	 -0.0860926	 0.000258105
105.64	 -0.0382859	 -0.0383216	 0.570898	 0.0881674	 -0.0885287	 0.000280748
105.66	 -0.0393356	 -0.0393726	 0.568999	 0.0905678	 -0.0909374	 0.000302856
105.68	 -0.0403729	 -0.0404112	 0.567051	 0.09294	 -0.0933178	 0.000324391
105.7	 -0.0413976	 -0.0414371	 0.565055	 0.0952832	 -0.0956692	 0.000345318
105.72	 -0.0424092	 -0.04245	 0.563012	 0.0975965	 -0.0979906	 0.000365603
105.74	 -0.0434076	 -0.0434495	 0.560922	 0.0998793	 -0.100281	 0.000385212
105.76	 -0.0443923	 -0.0444354	 0.558787	 0.102131	 -0.102541	 0.000404115
105.78	 -0.045363	 -0.0454073	 0.556606	 0.10435	 -0.104767	 0.000422284
105.8	 -0.0463196	 -0.046365	 0.554381	 0.106536	 -0.106961	 0.000439693
105.82	 -0.0472616	 -0.0473081	 0.552112	 0.108688	 -0.109121	 0.000456317
105.84	 -0.0481889	 -0.0482364	 0.5498	 0.110806	 -0.111247	 0.000472135
105.86	 -0.049101	 -0.0491496	 0.547445	 0.112889	 -0.113337	 0.000487127
105.88	 -0.0499978	 -0.0500474	 0.545049	 0.114937	 -0.115392	 0.000501276
105.9	 -0.050879	 -0.0509295	 0.542612	 0.116948	 -0.11741	 0.000514569
105.92	 -0.0517442	 -0.0517957	 0.540135	 0.118922	 -0.119391	 0.000526992
105.94	 -0.0525933	 -0.0526456	 0.537619	 0.120858	 -0.121335	 0.000538535
105.96	 -0.0534259	 -0.0534791	 0.535064	 0.122757	 -0.12324	 0.000549186
105.98	 -0.0542419	 -0.0542959	 0.532471	 0.124617	 -0.125106	 0.000558935
106	 -0.0550409	 -0.0550957	 0.529842	 0.126437	 -0.126933	 0.000567772
106.02	 -0.0558226	 -0.0558782	 0.527176	 0.128217	 -0.12872	 0.000575691
106.04	 -0.0565869	 -0.0566432	 0.524476	 0.129957	 -0.130466	 0.000582688
106.06	 -0.0573335	 -0.0573905	 0.52174	 0.131656	 -0.13217	 0.000588762
106.08	 -0.0580621	 -0.0581197	 0.518972	 0.133313	 -0.133833	 0.000593911
106.1	 -0.0587725	 -0.0588308	 0.516171	 0.134927	 -0.135453	 0.000598139
106.12	 -0.0594645	 -0.0595233	 0.513338	 0.136498	 -0.13703	 0.00060145
106.14	 -0.0601379	 -0.0601972	 0.510475	 0.138027	 -0.138563	 0.000603848
106.16	 -0.0607924	 -0.0608522	 0.507582	 0.139511	 -0.140053	 0.000605344
106.18	 -0.0614278	 -0.061488	 0.50466	 0.140951	 -0.141498	 0.000605949
106.2	 -0.0620439	 -0.0621046	 0.501709	 0.142347	 -0.142898	 0.000605675
106.22	 -0.0626406	 -0.0627016	 0.498732	 0.143697	 -0.144253	 0.000604536
106.24	 -0.0632175	 -0.0632789	 0.495728	 0.145001	 -0.145562	 0.000602547
106.26	 -0.0637745	 -0.0638362	 0.4927	 0.146259	 -0.146824	 0.000599725
106.28	 -0.0643115	 -0.0643734	 0.489647	 0.14747	 -0.148039	 0.000596088
106.3	 -0.0648283	 -0.0648904	 0.48657	 0.148634	 -0.149207	 0.000591657
106.32	 -0.0653246	 -0.0653869	 0.483472	 0.14975	 -0.150326	 0.000586455
106.34	 -0.0658003	 -0.0658627	 0.480352	 0.150818	 -0.151398	 0.000580508
106.36	 -0.0662553	 -0.0663178	 0.477212	 0.151837	 -0.152421	 0.000573839
106.38	 -0.0666894	 -0.0667519	 0.474052	 0.152808	 -0.153395	 0.000566474
106.4	 -0.0671024	 -0.067165	 0.470874	 0.15373	 -0.154319	 0.00055844
106.42	 -0.0674942	 -0.0675568	 0.467679	 0.154602	 -0.155194	 0.000549761
106.44	 -0.0678647	 -0.0679272	 0.464468	 0.155424	 -0.156019	 0.000540468
106.46	 -0.0682137	 -0.0682761	 0.461241	 0.156197	 -0.156794	 0.000530588
106.48	 -0.0685411	 -0.0686034	 0.458	 0.156919	 -0.157518	 0.000520153
106.5	 -0.0688468	 -0.0689088	 0.454746	 0.15759	 -0.158191	 0.000509196
106.52	 -0.0691306	 -0.0691924	 0.451479	 0.158211	 -0.158813	 0.000497747
106.54	 -0.0693924	 -0.069454	 0.448202	 0.15878	 -0.159384	 0.000485841
106.56	 -0.0696322	 -0.0696936	 0.444914	 0.159298	 -0.159903	 0.00047351
106.58	 -0.0698499	 -0.0699109	 0.441617	 0.159765	 -0.16037	 0.000460786
106.6	 -0.0700453	 -0.070106	 0.438312	 0.160179	 -0.160786	 0.000447702
106.62	 -0.0702184	 -0.0702787	 0.435001	 0.160542	 -0.161149	 0.000434291
106.64	 -0.0703691	 -0.070429	 0.431683	 0.160853	 -0.16146	 0.000420588
106.66	 -0.0704973	 -0.0705568	 0.42836	 0.161111	 -0.161718	 0.000406627
106.68	 -0.070603	 -0.070662	 0.425034	 0.161317	 -0.161924	 0.000392442
106.7	 -0.0706861	 -0.0707446	 0.421704	 0.16147	 -0.162077	 0.000378068
106.72	 -0.0707466	 -0.0708046	 0.418373	 0.16157	 -0.162177	 0.000363535
106.74	 -0.0707844	 -0.0708419	 0.415042	 0.161618	 -0.162224	 0.000348878
106.76	 -0.0707995	 -0.0708564	 0.41171	 0.161613	 -0.162218	 0.000334126
106.78	 -0.0707919	 -0.0708482	 0.40838	 0.161556	 -0.162159	 0.000319313
106.8	 -0.0707616	 -0.0708173	 0.405053	 0.161445	 -0.162047	 0.000304472
106.82	 -0.0707086	 -0.0707635	 0.401729	 0.161282	 -0.161882	 0.000289635
106.84	 -0.0706328	 -0.070687	 0.398409	 0.161066	 -0.161664	 0.000274835
106.86	 -0.0705342	 -0.0705878	 0.395095	 0.160798	 -0.161394	 0.000260105
106.88	 -0.0704129	 -0.0704657	 0.391788	 0.160476	 -0.16107	 0.000245473
106.9	 -0.0702689	 -0.070321	 0.388489	 0.160102	 -0.160694	 0.000230967
106.92	 -0.0701023	 -0.0701536	 0.385199	 0.159676	 -0.160265	 0.000216613
106.94	 -0.0699129	 -0.0699634	 0.381918	 0.159197	 -0.159783	 0.000202436
106.96	 -0.069701	 -0.0697507	 0.378648	 0.158666	 -0.159249	 0.000188464
106.98	 -0.0694665	 -0.0695153	 0.375391	 0.158083	 -0.158663	 0.000174723
107	 -0.0692095	 -0.0692575	 0.372146	 0.157448	 -0.158024	 0.000161238
107.02	 -0.0689301	 -0.0689772	 0.368915	 0.156762	 -0.157334	 0.000148033
107.04	 -0.0686283	 -0.0686745	 0.3657	 0.156024	 -0.156593	 0.000135129
107.06	 -0.0683042	 -0.0683494	 0.3625	 0.155235	 -0.1558	 0.000122548
107.08	 -0.0679579	 -0.0680022	 0.359318	 0.154395	 -0.154956	 0.00011031
107.1	 -0.0675895	 -0.0676329	 0.356154	 0.153504	 -0.15406	 9.84363e-05
107.12	 -0.0671991	 -0.0672415	 0.353009	 0.152563	 -0.153115	 8.69453e-05
107.14	 -0.0667868	 -0.0668282	 0.349884	 0.151572	 -0.152118	 7.58524e-05
107.16	 -0.0663527	 -0.0663931	 0.346781	 0.15053	 -0.151072	 6.51695e-05
107.18	 -0.065897	 -0.0659364	 0.3437	 0.149439	 -0.149976	 5.49053e-05
107.2	 -0.0654197	 -0.0654582	 0.340641	 0.148299	 -0.148831	 4.50675e-05
107.22	 -0.0649211	 -0.0649585	 0.337607	 0.14711	 -0.147637	 3.56641e-05
107.24	 -0.0644013	 -0.0644376	 0.334599	 0.145872	 -0.146394	 2.6704e-05
107.26	 -0.0638603	 -0.0638956	 0.331616	 0.144586	 -0.145102	 1.81967e-05
107.28	 -0.0632984	 -0.0633327	 0.32866	 0.143252	 -0.143763	 1.01502e-05
107.3	 -0.0627158	 -0.062749	 0.325732	 0.141871	 -0.142376	 2.57025e-06
107.32	 -0.0621126	 -0.0621447	 0.322834	 0.140443	 -0.140942	 -4.5393e-06
107.34	 -0.0614891	 -0.0615201	 0.319965	 0.138968	 -0.139462	 -1.11759e-05
107.36	 -0.0608453	 -0.0608753	 0.317127	 0.137447	 -0.137935	 -1.73375e-05
107.38	 -0.0601816	 -0.0602105	 0.314321	 0.135881	 -0.136363	 -2.30225e-05
107.4	 -0.0594981	 -0.0595259	 0.311548	 0.13427	 -0.134745	 -2.8231e-05
107.42	 -0.058795	 -0.0588217	 0.308808	 0.132614	 -0.133083	 -3.29652e-05
107.44	 -0.0580727	 -0.0580983	 0.306103	 0.130915	 -0.131378	 -3.72298e-05
107.46	 -0.0573312	 -0.0573557	 0.303433	 0.129172	 -0.129628	 -4.10309e-05
107.48	 -0.0565708	 -0.0565942	 0.3008	 0.127386	 -0.127836	 -4.43752e-05
107.5	 -0.0557918	 -0.0558141	 0.298204	 0.125557	 -0.126001	 -4.72698e-05
107.52	 -0.0549944	 -0.0550156	 0.295645	 0.123687	 -0.124125	 -4.9723e-05
107.54	 -0.0541788	 -0.054199	 0.293126	 0.121776	 -0.122207	 -5.17451e-05
107.56	 -0.0533454	 -0.0533645	 0.290646	 0.119824	 -0.120249	 -5.33481e-05
107.58	 -0.0524944	 -0.0525124	 0.288207	 0.117833	 -0.118251	 -5.45459e-05
107.6	 -0.051626	 -0.0516429	 0.285809	 0.115802	 -0.116213	 -5.53522e-05
107.62	 -0.0507406	 -0.0507565	 0.283454	 0.113732	 -0.114137	 -5.57803e-05
107.64	 -0.0498384	 -0.0498532	 0.281141	 0.111625	 -0.112024	 -5.58432e-05
107.66	 -0.0489198	 -0.0489335	 0.278872	 0.10948	 -0.109873	 -5.55544e-05
107.68	 -0.047985	 -0.0479977	 0.276647	 0.107299	 -0.107685	 -5.49291e-05
107.7	 -0.0470343	 -0.047046	 0.274468	 0.105082	 -0.105462	 -5.3984e-05
107.72	 -0.0460681	 -0.0460788	 0.272335	 0.102831	 -0.103204	 -5.27369e-05
107.74	 -0.0450867	 -0.0450964	 0.270248	 0.100544	 -0.100911	 -5.12062e-05
107.76	 -0.0440905	 -0.0440991	 0.268209	 0.0982247	 -0.0985851	 -4.94109e-05
107.78	 -0.0430796	 -0.0430873	 0.266218	 0.0958722	 -0.0962264	 -4.73704e-05
107.8	 -0.0420545	 -0.0420612	 0.264275	 0.0934878	 -0.0938357	 -4.51054e-05
107.82	 -0.0410156	 -0.0410213	 0.262382	 0.091072	 -0.0914138	 -4.26369e-05
107.84	 -0.039963	 -0.0399679	 0.260539	 0.0886257	 -0.0889615	 -3.9986e-05
107.86	 -0.0388973	 -0.0389012	 0.258746	 0.0861498	 -0.0864796	 -3.71734e-05
107.88	 -0.0378188	 -0.0378218	 0.257005	 0.083645	 -0.0839689	 -3.42194e-05
107.9	 -0.0367278	 -0.0367299	 0.255316	 0.0811122	 -0.0814303	 -3.11448e-05
107.92	 -0.0356247	 -0.0356259	 0.253679	 0.0785523	 -0.0788646	 -2.7971e-05
107.94	 -0.0345098	 -0.0345102	 0.252095	 0.075966	 -0.0762726	 -2.472e-05
107.96	 -0.0333836	 -0.0333831	 0.250564	 0.0733541	 -0.0736552	 -2.14139e-05
107.98	 -0.0322463	 -0.032245	 0.249088	 0.0707175	 -0.0710132	 -1.80742e-05
108	 -0.0310985	 -0.0310964	 0.247666	 0.0680571	 -0.0683474	 -1.47212e-05
108.02	 -0.0299404	 -0.0299375	 0.2463	 0.0653736	 -0.0656587	 -1.13745e-05
108.04	 -0.0287725	 -0.0287688	 0.244989	 0.062668	 -0.0629479	 -8.05301e-06
108.06	 -0.0275951	 -0.0275907	 0.243733	 0.0599411	 -0.0602161	 -4.77548e-06
108.08	 -0.0264087	 -0.0264036	 0.242535	 0.0571939	 -0.0574641	 -1.56023e-06
108.1	 -0.0252136	 -0.0252078	 0.241393	 0.0544272	 -0.0546927	 1.57517e-06
108.12	 -0.0240103	 -0.0240038	 0.240308	 0.0516421	 -0.0519029	 4.61394e-06
108.14	 -0.0227992	 -0.0227921	 0.239281	 0.0488393	 -0.0490957	 7.53996e-06
108.16	 -0.0215806	 -0.0215729	 0.238313	 0.0460198	 -0.046272	 1.03374e-05
108.18	 -0.020355	 -0.0203467	 0.237402	 0.0431846	 -0.0434326	 1.29909e-05
108.2	 -0.0191229	 -0.0191139	 0.23655	 0.0403345	 -0.0405785	 1.54855e-05
108.22	 -0.0178845	 -0.0178749	 0.235757	 0.0374705	 -0.0377106	 1.78077e-05
108.24	 -0.0166403	 -0.0166302	 0.235024	 0.0345934	 -0.0348299	 1.99449e-05
108.26	 -0.0153907	 -0.0153802	 0.23435	 0.0317043	 -0.0319372	 2.18861e-05
108.28	 -0.0141362	 -0.0141252	 0.233735	 0.0288042	 -0.0290337	 2.36206e-05
108.3	 -0.0128772	 -0.0128657	 0.233181	 0.0258938	 -0.0261201	 2.51382e-05
108.32	 -0.0116141	 -0.0116022	 0.232687	 0.0229743	 -0.0231975	 2.64291e-05
108.34	 -0.0103473	 -0.010335	 0.232254	 0.0200465	 -0.0202669	 2.74849e-05
108.36	 -0.00907729	 -0.00906456	 0.231881	 0.0171115	 -0.0173291	 2.82992e-05
108.38	 -0.00780442	 -0.00779133	 0.231569	 0.0141701	 -0.0143852	 2.88679e-05
108.4	 -0.00652915	 -0.00651573	 0.231317	 0.0112234	 -0.0114362	 2.91889e-05
108.42	 -0.00525191	 -0.00523818	 0.231127	 0.00827251	 -0.00848307	 2.92607e-05
108.44	 -0.00397313	 -0.00395912	 0.230998	 0.0053183	 -0.00552685	 2.90822e-05
108.46	 -0.00269324	 -0.00267897	 0.23093	 0.00236178	 -0.0025685	 2.86517e-05
108.48	 -0.00141265	 -0.00139816	 0.230923	 -0.00059609	 0.000391035	 2.79678e-05
108.5	 -0.000131811	 -0.000117111	 0.230977	 -0.00355437	 0.0033508	 2.70303e-05
108.52	 0.00114887	 0.00116375	 0.231093	 -0.00651208	 0.00630981	 2.5841e-05
108.54	 0.00242896	 0.00244399	 0.23127	 -0.00946823	 0.00926709	 2.44039e-05
108.56	 0.00370803	 0.00372319	 0.231507	 -0.0124218	 0.0122216	 2.27244e-05
108.58	 0.00498565	 0.00500091	 0.231806	 -0.0153719	 0.0151724	 2.08091e-05
108.6	 0.00626139	 0.00627672	 0.232166	 -0.0183174	 0.0181186	 1.86644e-05
108.62	 0.00753482	 0.0075502	 0.232587	 -0.0212574	 0.021059	 1.62975e-05
108.64	 0.00880552	 0.00882093	 0.233069	 -0.0241909	 0.0239928	 1.37166e-05
108.66	 0.0100731	 0.0100885	 0.233611	 -0.0271171	 0.0269191	 1.09313e-05
108.68	 0.0113371	 0.0113524	 0.234214	 -0.0300349	 0.0298368	 7.95316e-06
108.7	 0.0125971	 0.0126124	 0.234877	 -0.0329433	 0.032745	 4.79476e-06
108.72	 0.0138526	 0.0138679	 0.2356	 -0.0358414	 0.0356427	 1.46934e-06
108.74	 0.0151034	 0.0151186	 0.236383	 -0.0387282	 0.038529	 -2.00974e-06
108.76	 0.016349	 0.016364	 0.237225	 -0.0416029	 0.0414029	 -5.62864e-06
108.78	 0.0175889	 0.0176038	 0.238127	 -0.0444644	 0.0442636	 -9.37235e-06
108.8	 0.0188228	 0.0188375	 0.239087	 -0.0473119	 0.04711	 -1.32241e-05
108.82	 0.0200502	 0.0200647	 0.240107	 -0.0501443	 0.0499412	 -1.71651e-05
108.84	 0.0212708	 0.0212851	 0.241185	 -0.0529607	 0.0527563	 -2.11758e-05
108.86	 0.0224841	 0.0224982	 0.242321	 -0.0557601	 0.0555543	 -2.52363e-05
108.88	 0.0236898	 0.0237036	 0.243515	 -0.0585416	 0.0583342	 -2.93272e-05
108.9	 0.0248875	 0.0249009	 0.244766	 -0.0613043	 0.0610951	 -3.34294e-05
108.92	 0.0260767	 0.0260898	 0.246074	 -0.0640473	 0.0638362	 -3.75238e-05
108.94	 0.0272571	 0.0272699	 0.247438	 -0.0667697	 0.0665567	 -4.15906e-05
108.96	 0.0284283	 0.0284408	 0.248858	 -0.0694707	 0.0692555	 -4.56098e-05
108.98	 0.02959	 0.029602	 0.250334	 -0.0721494	 0.0719319	 -4.95616e-05
109	 0.0307416	 0.0307533	 0.251865	 -0.0748049	 0.0745851	 -5.34269e-05
109.02	 0.031883	 0.0318943	 0.25345	 -0.0774365	 0.0772142	 -5.7187e-05
109.04	 0.0330136	 0.0330245	 0.25509	 -0.0800432	 0.0798183	 -6.08234e-05
109.06	 0.0341332	 0.0341436	 0.256782	 -0.0826242	 0.0823966	 -6.43171e-05
109.08	 0.0352414	 0.0352513	 0.258527	 -0.0851787	 0.0849483	 -6.76486e-05
109.1	 0.0363378	 0.0363472	 0.260324	 -0.0877058	 0.0874725	 -7.07988e-05
109.12	 0.037422	 0.0374309	 0.262173	 -0.0902046	 0.0899684	 -7.37491e-05
109.14	 0.0384938	 0.0385022	 0.264072	 -0.0926744	 0.0924351	 -7.64818e-05
109.16	 0.0395527	 0.0395606	 0.266021	 -0.0951143	 0.094872	 -7.8979e-05
109.18	 0.0405985	 0.0406058	 0.26802	 -0.0975236	 0.0972781	 -8.12222e-05
109.2	 0.0416308	 0.0416375	 0.270067	 -0.0999014	 0.0996527	 -8.3192e-05
109.22	 0.0426493	 0.0426554	 0.272163	 -0.102247	 0.101995	 -8.48687e-05
109.24	 0.0436537	 0.0436591	 0.274305	 -0.10456	 0.104304	 -8.6233e-05
109.26	 0.0446436	 0.0446484	 0.276494	 -0.106838	 0.10658	 -8.72675e-05
109.28	 0.0456187	 0.0456228	 0.278729	 -0.109082	 0.10882	 -8.79558e-05
109.3	 0.0465788	 0.0465822	 0.281009	 -0.111291	 0.111026	 -8.82819e-05
109.32	 0.0475235	 0.0475262	 0.283333	 -0.113464	 0.113195	 -8.82299e-05
109.34	 0.0484525	 0.0484546	 0.2857	 -0.115601	 0.115328	 -8.77838e-05
109.36	 0.0493656	 0.0493669	 0.28811	 -0.1177	 0.117424	 -8.6929e-05
109.38	 0.0502625	 0.0502631	 0.290562	 -0.119761	 0.119481	 -8.56525e-05
109.4	 0.0511428	 0.0511426	 0.293055	 -0.121783	 0.1215	 -8.39437e-05
109.42	 0.0520064	 0.0520054	 0.295588	 -0.123766	 0.123479	 -8.17937e-05
109.44	 0.0528529	 0.0528512	 0.29816	 -0.125708	 0.125418	 -7.91941e-05
109.46	 0.0536821	 0.0536796	 0.300771	 -0.12761	 0.127316	 -7.61372e-05
109.48	 0.0544937	 0.0544904	 0.303419	 -0.12947	 0.129173	 -7.26161e-05
109.5	 0.0552875	 0.0552834	 0.306103	 -0.131288	 0.130988	 -6.8625e-05
109.52	 0.0560632	 0.0560583	 0.308824	 -0.133064	 0.13276	 -6.416e-05
109.54	 0.0568206	 0.056815	 0.311579	 -0.134796	 0.134489	 -5.92178e-05
109.56	 0.0575595	 0.057553	 0.314367	 -0.136484	 0.136173	 -5.37951e-05
109.58	 0.0582797	 0.0582724	 0.317189	 -0.138127	 0.137814	 -4.78885e-05
109.6	 0.0589809	 0.0589727	 0.320043	 -0.139726	 0.139409	 -4.1495e-05
109.62	 0.0596629	 0.0596539	 0.322928	 -0.141279	 0.140959	 -3.46133e-05
109.64	 0.0603255	 0.0603157	 0.325843	 -0.142786	 0.142463	 -2.72447e-05
109.66	 0.0609685	 0.0609579	 0.328787	 -0.144246	 0.14392	 -1.93936e-05
109.68	 0.0615918	 0.0615803	 0.33176	 -0.145659	 0.145329	 -1.10663e-05
109.7	 0.062195	 0.0621828	 0.33476	 -0.147024	 0.146692	 -2.26995e-06
109.72	 0.0627782	 0.0627651	 0.337786	 -0.148341	 0.148006	 6.98761e-06
109.74	 0.063341	 0.0633271	 0.340837	 -0.149609	 0.149271	 1.66981e-05
109.76	 0.0638833	 0.0638686	 0.343912	 -0.150828	 0.150487	 2.68523e-05
109.78	 0.0644049	 0.0643895	 0.347011	 -0.151998	 0.151654	 3.74391e-05
109.8	 0.0649058	 0.0648896	 0.350132	 -0.153118	 0.152771	 4.84465e-05
109.82	 0.0653857	 0.0653687	 0.353274	 -0.154187	 0.153838	 5.98615e-05
109.84	 0.0658445	 0.0658268	 0.356436	 -0.155205	 0.154854	 7.16712e-05
109.86	 0.0662821	 0.0662637	 0.359617	 -0.156172	 0.155818	 8.38618e-05
109.88	 0.0666984	 0.0666792	 0.362816	 -0.157088	 0.156732	 9.64185e-05
109.9	 0.0670932	 0.0670733	 0.366032	 -0.157951	 0.157593	 0.000109324
109.92	 0.0674665	 0.0674459	 0.369264	 -0.158762	 0.158402	 0.00012256
109.94	 0.067818	 0.0677968	 0.37251	 -0.159521	 0.159158	 0.000136106
109.96	 0.0681479	 0.0681259	 0.375771	 -0.160226	 0.159862	 0.000149938
109.98	 0.0684558	 0.0684332	 0.379044	 -0.160878	 0.160512	 0.000164036
110	 0.0687418	 0.0687186	 0.382329	 -0.161477	 0.161109	 0.000178375
110.02	 0.0690059	 0.0689821	 0.385624	 -0.162022	 0.161652	 0.000192933
110.04	 0.0692479	 0.0692234	 0.388928	 -0.162513	 0.162142	 0.000207686
110.06	 0.0694677	 0.0694427	 0.392241	 -0.162949	 0.162577	 0.000222607
110.08	 0.0696654	 0.0696398	 0.395561	 -0.163331	 0.162958	 0.000237669
110.1	 0.0698409	 0.0698148	 0.398887	 -0.163659	 0.163284	 0.000252842
110.12	 0.0699942	 0.0699675	 0.402218	 -0.163932	 0.163556	 0.000268097
110.14	 0.0701252	 0.0700979	 0.405554	 -0.16415	 0.163773	 0.000283401
110.16	 0.0702338	 0.0702061	 0.408892	 -0.164313	 0.163935	 0.000298724
110.18	 0.0703201	 0.070292	 0.412231	 -0.164421	 0.164043	 0.000314032
110.2	 0.0703841	 0.0703555	 0.415572	 -0.164474	 0.164095	 0.000329291
110.22	 0.0704258	 0.0703967	 0.418912	 -0.164472	 0.164093	 0.000344469
110.24	 0.0704451	 0.0704156	 0.422251	 -0.164415	 0.164036	 0.000359532
110.26	 0.070442	 0.0704122	 0.425587	 -0.164303	 0.163924	 0.000374448
110.28	 0.0704167	 0.0703865	 0.42892	 -0.164136	 0.163757	 0.000389186
110.3	 0.0703691	 0.0703385	 0.432248	 -0.163915	 0.163536	 0.000403713
110.32	 0.0702992	 0.0702683	 0.43557	 -0.163638	 0.163259	 0.000417998
110.34	 0.070207	 0.0701759	 0.438886	 -0.163307	 0.162928	 0.000432006
110.36	 0.0700927	 0.0700613	 0.442194	 -0.16292	 0.162543	 0.000445705
110.38	 0.0699562	 0.0699246	 0.445492	 -0.162479	 0.162103	 0.000459062
110.4	 0.0697977	 0.0697658	 0.448781	 -0.161984	 0.161608	 0.000472044
110.42	 0.0696171	 0.0695851	 0.452059	 -0.161434	 0.161059	 0.000484621
110.44	 0.0694145	 0.0693823	 0.455325	 -0.160829	 0.160456	 0.000496759
110.46	 0.06919	 0.0691577	 0.458578	 -0.16017	 0.159798	 0.000508428
110.48	 0.0689438	 0.0689114	 0.461817	 -0.159458	 0.159087	 0.000519594
110.5	 0.0686758	 0.0686433	 0.465041	 -0.158691	 0.158322	 0.000530228
110.52	 0.0683861	 0.0683536	 0.468248	 -0.157871	 0.157504	 0.000540297
110.54	 0.068075	 0.0680424	 0.471439	 -0.156998	 0.156632	 0.000549773
110.56	 0.0677424	 0.0677099	 0.474612	 -0.156072	 0.155708	 0.000558629
110.58	 0.0673885	 0.0673561	 0.477765	 -0.155093	 0.154731	 0.00056684
110.6	 0.0670135	 0.0669811	 0.480899	 -0.154061	 0.153702	 0.00057438
110.62	 0.0666174	 0.0665851	 0.484011	 -0.152978	 0.152621	 0.000581223
110.64	 0.0662005	 0.0661683	 0.487102	 -0.151843	 0.151488	 0.000587346
110.66	 0.0657627	 0.0657306	 0.490169	 -0.150656	 0.150304	 0.000592722
110.68	 0.0653043	 0.0652724	 0.493213	 -0.149419	 0.14907	 0.000597331
110.7	 0.0648255	 0.0647938	 0.496232	 -0.148131	 0.147785	 0.000601152
110.72	 0.0643263	 0.0642948	 0.499225	 -0.146794	 0.146451	 0.000604169
110.74	 0.063807	 0.0637758	 0.502191	 -0.145406	 0.145067	 0.000606365
110.76	 0.0632677	 0.0632367	 0.50513	 -0.14397	 0.143634	 0.000607728
110.78	 0.0627086	 0.0626779	 0.50804	 -0.142486	 0.142152	 0.000608241
110.8	 0.0621299	 0.0620995	 0.51092	 -0.140953	 0.140623	 0.000607894
110.82	 0.0615317	 0.0615017	 0.51377	 -0.139373	 0.139047	 0.000606674
110.84	 0.0609143	 0.0608847	 0.516589	 -0.137745	 0.137423	 0.000604572
110.86	 0.0602778	 0.0602486	 0.519376	 -0.136072	 0.135753	 0.000601579
110.88	 0.0596225	 0.0595937	 0.52213	 -0.134353	 0.134038	 0.00059769
110.9	 0.0589486	 0.0589202	 0.52485	 -0.132589	 0.132278	 0.000592898
110.92	 0.0582562	 0.0582283	 0.527535	 -0.13078	 0.130473	 0.000587198
110.94	 0.0575456	 0.0575181	 0.530186	 -0.128927	 0.128625	 0.000580591
110.96	 0.056817	 0.0567901	 0.532799	 -0.127031	 0.126733	 0.000573076
110.98	 0.0560706	 0.0560442	 0.535376	 -0.125093	 0.124799	 0.00056466
111	 0.0553067	 0.0552809	 0.537915	 -0.123113	 0.122824	 0.000555351
111.02	 0.0545256	 0.0545003	 0.540415	 -0.121092	 0.120807	 0.000545158
111.04	 0.0537274	 0.0537027	 0.542876	 -0.11903	 0.11875	 0.000534092
111.06	 0.0529124	 0.0528883	 0.545296	 -0.116929	 0.116654	 0.000522164
111.08	 0.0520808	 0.0520574	 0.547676	 -0.11479	 0.114519	 0.000509386
111.1	 0.051233	 0.0512102	 0.550014	 -0.112612	 0.112346	 0.000495772
111.12	 0.0503691	 0.050347	 0.55231	 -0.110397	 0.110136	 0.000481339
111.14	 0.0494895	 0.049468	 0.554562	 -0.108146	 0.10789	 0.000466106
111.16	 0.0485944	 0.0485736	 0.556771	 -0.105859	 0.105608	 0.000450093
111.18	 0.0476841	 0.047664	 0.558935	 -0.103538	 0.103292	 0.000433321
111.2	 0.0467588	 0.0467395	 0.561055	 -0.101183	 0.100942	 0.000415814
111.22	 0.0458189	 0.0458003	 0.563128	 -0.0987944	 0.0985583	 0.000397596
111.24	 0.0448645	 0.0448467	 0.565155	 -0.096374	 0.096143	 0.000378695
111.26	 0.0438962	 0.0438791	 0.567135	 -0.0939225	 0.0936966	 0.00035914
111.28	 0.042914	 0.0428977	 0.569068	 -0.0914407	 0.09122	 0.000338963
111.3	 0.0419183	 0.0419028	 0.570952	 -0.0889296	 0.0887141	 0.000318195
111.32	 0.0409095	 0.0408948	 0.572788	 -0.0863902	 0.0861799	 0.000296869
111.34	 0.0398879	 0.039874	 0.574574	 -0.0838234	 0.0836183	 0.000275021
111.36	 0.0388537	 0.0388406	 0.57631	 -0.0812303	 0.0810303	 0.000252685
111.38	 0.0378073	 0.037795	 0.577996	 -0.0786116	 0.0784169	 0.0002299
111.4	 0.036749	 0.0367376	 0.579631	 -0.0759685	 0.0757789	 0.000206705
111.42	 0.0356791	 0.0356685	 0.581215	 -0.0733018	 0.0731174	 0.000183141
111.44	 0.0345979	 0.0345882	 0.582746	 -0.0706125	 0.0704333	 0.00015925
111.46	 0.0335059	 0.033497	 0.584225	 -0.0679017	 0.0677277	 0.000135072
111.48	 0.0324033	 0.0323952	 0.585651	 -0.0651702	 0.0650013	 0.000110648
111.5	 0.0312904	 0.0312832	 0.587024	 -0.0624192	 0.0622554	 8.60211e-05
111.52	 0.0301676	 0.0301613	 0.588343	 -0.0596495	 0.0594908	 6.12323e-05
111.54	 0.0290352	 0.0290297	 0.589608	 -0.0568622	 0.0567085	 3.63259e-05
111.56	 0.0278936	 0.027889	 0.590819	 -0.0540583	 0.0539096	 1.13463e-05
111.58	 0.0267432	 0.0267394	 0.591974	 -0.0512388	 0.0510951	 -1.36611e-05
111.6	 0.0255842	 0.0255812	 0.593075	 -0.0484048	 0.048266	 -3.865e-05
111.62	 0.024417	 0.0244148	 0.594119	 -0.0455573	 0.0454233	 -6.35733e-05
111.64	 0.0232419	 0.0232406	 0.595108	 -0.0426972	 0.0425681	 -8.83833e-05
111.66	 0.0220594	 0.0220589	 0.59604	 -0.0398257	 0.0397013	 -0.000113031
111.68	 0.0208698	 0.0208701	 0.596916	 -0.0369437	 0.036824	 -0.000137468
111.7	 0.0196734	 0.0196745	 0.597735	 -0.0340523	 0.0339371	 -0.000161643
111.72	 0.0184706	 0.0184724	 0.598497	 -0.0311524	 0.0310418	 -0.000185509
111.74	 0.0172617	 0.0172643	 0.599202	 -0.0282452	 0.028139	 -0.000209016
111.76	 0.0160472	 0.0160506	 0.599849	 -0.0253316	 0.0252298	 -0.000232116
111.78	 0.0148273	 0.0148315	 0.600438	 -0.0224126	 0.022315	 -0.000254761
111.8	 0.0136025	 0.0136074	 0.600969	 -0.0194893	 0.0193959	 -0.000276902
111.82	 0.0123732	 0.0123788	 0.601442	 -0.0165626	 0.0164732	 -0.000298495
111.84	 0.0111396	 0.0111459	 0.601856	 -0.0136336	 0.0135482	 -0.000319491
111.86	 0.00990219	 0.00990918	 0.602212	 -0.0107033	 0.0106218	 -0.000339848
111.88	 0.00866132	 0.00866898	 0.60251	 -0.00777292	 0.0076951	 -0.000359522
111.9	 0.00741737	 0.00742568	 0.602748	 -0.00484333	 0.00476912	 -0.00037847
111.92	 0.00617072	 0.00617966	 0.602928	 -0.0019156	 0.00184488	 -0.000396651
111.94	 0.00492172	 0.00493129	 0.603049	 0.00100927	 -0.00107663	 -0.000414026
111.96	 0.00367077	 0.00368094	 0.60311	 0.00393029	 -0.00399443	 -0.000430558
111.98	 0.00241824	 0.00242898	 0.603113	 0.00684647	 -0.00690752	 -0.000446212
112	 0.00116449	 0.0011758	 0.603057	 0.00975679	 -0.0098149	 -0.000460954
112.02	 -9.00768e-05	 -7.82328e-05	 0.602941	 0.0126603	 -0.0127156	 -0.000474752
112.04	 -0.00134509	 -0.00133273	 0.602767	 0.0155559	 -0.0156086	 -0.000487577
112.06	 -0.00260017	 -0.00258732	 0.602533	 0.0184428	 -0.0184929	 -0.000499397
112.08	 -0.00385492	 -0.0038416	 0.602241	 0.0213199	 -0.0213677	 -0.000510184
112.1	 -0.00510897	 -0.00509521	 0.60189	 0.0241865	 -0.0242321	 -0.00051991
112.12	 -0.00636193	 -0.00634775	 0.60148	 0.0270416	 -0.0270851	 -0.00052855
112.14	 -0.00761342	 -0.00759885	 0.601011	 0.0298843	 -0.0299259	 -0.00053608
112.16	 -0.00886305	 -0.00884812	 0.600484	 0.0327137	 -0.0327536	 -0.000542478
112.18	 -0.0101104	 -0.0100952	 0.599898	 0.0355289	 -0.0355673	 -0.000547725
112.2	 -0.0113552	 -0.0113396	 0.599254	 0.0383291	 -0.038366	 -0.000551804
112.22	 -0.012597	 -0.0125811	 0.598553	 0.0411133	 -0.0411491	 -0.000554701
112.24	 -0.0138354	 -0.0138193	 0.597793	 0.0438808	 -0.0439156	 -0.000556403
112.26	 -0.01507	 -0.0150537	 0.596976	 0.0466307	 -0.0466646	 -0.000556902
112.28	 -0.0163005	 -0.016284	 0.596102	 0.0493621	 -0.0493953	 -0.000556191
112.3	 -0.0175264	 -0.0175097	 0.59517	 0.052074	 -0.0521067	 -0.000554265
112.32	 -0.0187474	 -0.0187306	 0.594182	 0.0547656	 -0.054798	 -0.000551124
112.34	 -0.0199631	 -0.0199462	 0.593137	 0.0574359	 -0.0574682	 -0.000546767
112.36	 -0.0211731	 -0.0211562	 0.592037	 0.0600841	 -0.0601164	 -0.000541198
112.38	 -0.0223771	 -0.0223601	 0.59088	 0.0627092	 -0.0627418	 -0.000534422
112.4	 -0.0235746	 -0.0235576	 0.589668	 0.0653105	 -0.0653436	 -0.000526447
112.42	 -0.0247654	 -0.0247484	 0.588401	 0.0678872	 -0.0679209	 -0.000517286
112.44	 -0.0259489	 -0.0259319	 0.587079	 0.0704383	 -0.0704728	 -0.00050695
112.46	 -0.0271249	 -0.027108	 0.585703	 0.072963	 -0.0729987	 -0.000495454
112.48	 -0.028293	 -0.0282762	 0.584273	 0.0754607	 -0.0754976	 -0.000482813
112.5	 -0.0294528	 -0.0294361	 0.58279	 0.0779305	 -0.0779689	 -0.000469046
112.52	 -0.0306039	 -0.0305874	 0.581254	 0.0803718	 -0.0804118	 -0.000454171
112.54	 -0.0317461	 -0.0317297	 0.579665	 0.0827839	 -0.0828257	 -0.000438211
112.56	 -0.0328788	 -0.0328627	 0.578024	 0.085166	 -0.08521	 -0.000421188
112.58	 -0.0340019	 -0.033986	 0.576332	 0.0875176	 -0.0875638	 -0.000403129
112.6	 -0.0351148	 -0.0350992	 0.574589	 0.089838	 -0.0898868	 -0.000384062
112.62	 -0.0362173	 -0.036202	 0.572795	 0.0921267	 -0.0921781	 -0.000364016
112.64	 -0.037309	 -0.037294	 0.570952	 0.094383	 -0.0944373	 -0.000343025
112.66	 -0.0383896	 -0.0383749	 0.569059	 0.0966064	 -0.0966638	 -0.000321124
112.68	 -0.0394586	 -0.0394444	 0.567118	 0.0987962	 -0.0988568	 -0.00029835
112.7	 -0.0405158	 -0.0405019	 0.565128	 0.100952	 -0.101016	 -0.000274744
112.72	 -0.0415607	 -0.0415473	 0.563091	 0.103072	 -0.10314	 -0.00025035
112.74	 -0.0425931	 -0.0425802	 0.561007	 0.105157	 -0.105229	 -0.00022521
112.76	 -0.0436126	 -0.0436002	 0.558877	 0.107206	 -0.107282	 -0.000199371
112.78	 -0.0446189	 -0.044607	 0.556702	 0.109218	 -0.109298	 -0.000172879
112.8	 -0.0456116	 -0.0456002	 0.554482	 0.111193	 -0.111278	 -0.000145782
112.82	 -0.0465904	 -0.0465796	 0.552218	 0.11313	 -0.113219	 -0.000118128
112.84	 -0.0475549	 -0.0475447	 0.54991	 0.115029	 -0.115123	 -8.99665e-05
112.86	 -0.0485049	 -0.0484953	 0.54756	 0.116888	 -0.116987	 -6.13464e-05
112.88	 -0.0494401	 -0.0494311	 0.545168	 0.118709	 -0.118813	 -3.23176e-05
112.9	 -0.0503601	 -0.0503518	 0.542734	 0.120489	 -0.120599	 -2.93007e-06
112.92	 -0.0512646	 -0.051257	 0.540261	 0.12223	 -0.122345	 2.67654e-05
112.94	 -0.0521533	 -0.0521465	 0.537747	 0.12393	 -0.124051	 5.6716e-05
112.96	 -0.053026	 -0.0530199	 0.535195	 0.125589	 -0.125716	 8.6867e-05
112.98	 -0.0538823	 -0.0538769	 0.532605	 0.127207	 -0.127339	 0.000117161
113	 -0.054722	 -0.0547173	 0.529977	 0.128783	 -0.128922	 0.000147542
113.02	 -0.0555446	 -0.0555408	 0.527313	 0.130317	 -0.130462	 0.00017795
113.04	 -0.05635	 -0.056347	 0.524614	 0.131808	 -0.13196	 0.00020833
113.06	 -0.0571378	 -0.0571357	 0.521879	 0.133257	 -0.133415	 0.000238623
113.08	 -0.0579078	 -0.0579065	 0.519112	 0.134662	 -0.134827	 0.000268774
113.1	 -0.0586598	 -0.0586593	 0.516311	 0.136023	 -0.136196	 0.000298725
113.12	 -0.0593933	 -0.0593937	 0.513478	 0.137341	 -0.13752	 0.000328418
113.14	 -0.0601082	 -0.0601095	 0.510614	 0.138614	 -0.138801	 0.000357799
113.16	 -0.0608042	 -0.0608065	 0.50772	 0.139844	 -0.140038	 0.000386811
113.18	 -0.0614811	 -0.0614843	 0.504797	 0.141028	 -0.14123	 0.000415401
113.2	 -0.0621386	 -0.0621427	 0.501845	 0.142168	 -0.142377	 0.000443515
113.22	 -0.0627765	 -0.0627815	 0.498866	 0.143262	 -0.143479	 0.000471101
113.24	 -0.0633944	 -0.0634005	 0.49586	 0.144311	 -0.144536	 0.000498107
113.26	 -0.0639923	 -0.0639993	 0.492829	 0.145314	 -0.145547	 0.000524482
113.28	 -0.0645699	 -0.0645779	 0.489773	 0.146271	 -0.146512	 0.000550178
113.3	 -0.0651269	 -0.0651359	 0.486694	 0.147182	 -0.147431	 0.000575147
113.32	 -0.0656631	 -0.0656732	 0.483592	 0.148046	 -0.148303	 0.000599345
113.34	 -0.0661785	 -0.0661895	 0.480468	 0.148864	 -0.149129	 0.000622728
113.36	 -0.0666726	 -0.0666847	 0.477324	 0.149634	 -0.149909	 0.000645253
113.38	 -0.0671454	 -0.0671585	 0.474161	 0.150358	 -0.150641	 0.000666877
113.4	 -0.0675967	 -0.0676109	 0.470978	 0.151036	 -0.151327	 0.000687559
113.42	 -0.0680263	 -0.0680415	 0.467778	 0.151666	 -0.151966	 0.000707256
113.44	 -0.068434	 -0.0684503	 0.464562	 0.152248	 -0.152557	 0.000725932
113.46	 -0.0688197	 -0.068837	 0.46133	 0.152784	 -0.153102	 0.000743552
113.48	 -0.0691831	 -0.0692015	 0.458084	 0.153272	 -0.153598	 0.000760084
113.5	 -0.0695242	 -0.0695436	 0.454825	 0.153713	 -0.154048	 0.000775498
113.52	 -0.0698428	 -0.0698632	 0.451553	 0.154106	 -0.15445	 0.000789767
113.54	 -0.0701387	 -0.0701602	 0.448269	 0.154452	 -0.154804	 0.000802862
113.56	 -0.0704118	 -0.0704344	 0.444976	 0.15475	 -0.155112	 0.000814759
113.58	 -0.070662	 -0.0706857	 0.441673	 0.155001	 -0.155371	 0.000825436
113.6	 -0.0708892	 -0.0709139	 0.438362	 0.155204	 -0.155583	 0.00083487
113.62	 -0.0710933	 -0.0711191	 0.435044	 0.155359	 -0.155748	 0.000843045
113.64	 -0.0712741	 -0.071301	 0.43172	 0.155467	 -0.155865	 0.000849946
113.66	 -0.0714316	 -0.0714595	 0.428391	 0.155528	 -0.155934	 0.00085556
113.68	 -0.0715657	 -0.0715947	 0.425058	 0.155541	 -0.155956	 0.000859879
113.7	 -0.0716763	 -0.0717063	 0.421722	 0.155506	 -0.15593	 0.000862894
113.72	 -0.0717633	 -0.0717944	 0.418385	 0.155424	 -0.155857	 0.000864599
113.74	 -0.0718267	 -0.0718588	 0.415047	 0.155296	 -0.155737	 0.000864988
113.76	 -0.0718665	 -0.0718995	 0.411709	 0.15512	 -0.155569	 0.000864061
113.78	 -0.0718825	 -0.0719166	 0.408373	 0.154897	 -0.155355	 0.000861818
113.8	 -0.0718747	 -0.0719098	 0.405039	 0.154627	 -0.155094	 0.000858265
113.82	 -0.0718432	 -0.0718793	 0.401709	 0.15431	 -0.154786	 0.00085341
113.84	 -0.0717879	 -0.071825	 0.398383	 0.153947	 -0.154431	 0.000847265
113.86	 -0.0717088	 -0.0717468	 0.395064	 0.153537	 -0.15403	 0.000839841
113.88	 -0.0716058	 -0.0716448	 0.391751	 0.153082	 -0.153582	 0.000831153
113.9	 -0.0714791	 -0.071519	 0.388446	 0.15258	 -0.153089	 0.000821213
113.92	 -0.0713285	 -0.0713694	 0.38515	 0.152033	 -0.15255	 0.00081004
113.94	 -0.0711542	 -0.071196	 0.381864	 0.151441	 -0.151965	 0.000797653
113.96	 -0.0709561	 -0.0709988	 0.378589	 0.150803	 -0.151335	 0.000784076
113.98	 -0.0707343	 -0.0707779	 0.375326	 0.15012	 -0.150659	 0.000769335
114	 -0.0704889	 -0.0705333	 0.372077	 0.149392	 -0.149939	 0.000753459
114.02	 -0.0702198	 -0.0702651	 0.368841	 0.14862	 -0.149175	 0.000736479
114.04	 -0.0699272	 -0.0699734	 0.365621	 0.147804	 -0.148366	 0.000718425
114.06	 -0.0696112	 -0.0696581	 0.362418	 0.146944	 -0.147513	 0.000699331
114.08	 -0.0692717	 -0.0693195	 0.359231	 0.146041	 -0.146617	 0.000679235
114.1	 -0.068909	 -0.0689575	 0.356064	 0.145094	 -0.145677	 0.000658174
114.12	 -0.0685231	 -0.0685723	 0.352915	 0.144105	 -0.144694	 0.000636191
114.14	 -0.0681141	 -0.068164	 0.349787	 0.143073	 -0.143669	 0.000613325
114.16	 -0.0676821	 -0.0677327	 0.346681	 0.141999	 -0.1426	 0.000589616
114.18	 -0.0672273	 -0.0672786	 0.343597	 0.140883	 -0.14149	 0.000565106
114.2	 -0.0667497	 -0.0668017	 0.340536	 0.139725	 -0.140339	 0.000539837
114.22	 -0.0662496	 -0.0663022	 0.3375	 0.138526	 -0.139145	 0.000513852
114.24	 -0.0657271	 -0.0657803	 0.33449	 0.137286	 -0.137911	 0.000487201
114.26	 -0.0651823	 -0.0652361	 0.331505	 0.136006	 -0.136636	 0.000459935
114.28	 -0.0646155	 -0.0646698	 0.328549	 0.134686	 -0.135321	 0.000432106
114.3	 -0.0640267	 -0.0640815	 0.32562	 0.133326	 -0.133967	 0.000403765
114.32	 -0.0634162	 -0.0634714	 0.322721	 0.131927	 -0.132572	 0.000374964
114.34	 -0.0627841	 -0.0628399	 0.319852	 0.13049	 -0.131139	 0.000345756
114.36	 -0.0621307	 -0.0621869	 0.317014	 0.129014	 -0.129667	 0.000316196
114.38	 -0.0614563	 -0.0615128	 0.314208	 0.1275	 -0.128157	 0.000286338
114.4	 -0.0607609	 -0.0608178	 0.311435	 0.125948	 -0.126609	 0.000256239
114.42	 -0.0600449	 -0.0601021	 0.308696	 0.12436	 -0.125025	 0.000225952
114.44	 -0.0593084	 -0.059366	 0.305993	 0.122735	 -0.123403	 0.000195534
114.46	 -0.0585517	 -0.0586096	 0.303324	 0.121075	 -0.121746	 0.000165037
114.48	 -0.0577752	 -0.0578333	 0.300693	 0.119378	 -0.120052	 0.000134516
114.5	 -0.0569789	 -0.0570372	 0.298098	 0.117647	 -0.118323	 0.000104029
114.52	 -0.0561632	 -0.0562217	 0.295542	 0.115881	 -0.11656	 7.36289e-05
114.54	 -0.0553283	 -0.055387	 0.293026	 0.114081	 -0.114762	 4.33709e-05
114.56	 -0.0544746	 -0.0545334	 0.290549	 0.112247	 -0.11293	 1.33075e-05
114.58	 -0.0536023	 -0.0536612	 0.288113	 0.110381	 -0.111065	 -1.65099e-05
114.6	 -0.0527117	 -0.0527706	 0.285718	 0.108482	 -0.109167	 -4.60292e-05
114.62	 -0.0518031	 -0.0518621	 0.283366	 0.106551	 -0.107238	 -7.51981e-05
114.64	 -0.0508768	 -0.0509358	 0.281057	 0.104589	 -0.105276	 -0.000103963
114.66	 -0.0499332	 -0.0499922	 0.278792	 0.102596	 -0.103284	 -0.000132274
114.68	 -0.0489726	 -0.0490315	 0.276572	 0.100572	 -0.101261	 -0.000160078
114.7	 -0.0479953	 -0.0480541	 0.274397	 0.0985194	 -0.0992079	 -0.000187329
114.72	 -0.0470016	 -0.0470602	 0.272268	 0.0964374	 -0.0971257	 -0.00021398
114.74	 -0.0459919	 -0.0460504	 0.270186	 0.0943269	 -0.0950149	 -0.000239986
114.76	 -0.0449666	 -0.0450249	 0.268151	 0.0921886	 -0.0928759	 -0.000265303
114.78	 -0.0439259	 -0.043984	 0.266165	 0.090023	 -0.0907093	 -0.00028989
114.8	 -0.0428703	 -0.0429282	 0.264228	 0.0878307	 -0.0885158	 -0.000313706
114.82	 -0.0418002	 -0.0418578	 0.26234	 0.0856123	 -0.0862959	 -0.000336713
114.84	 -0.0407158	 -0.0407731	 0.260502	 0.0833683	 -0.0840503	 -0.000358875
114.86	 -0.0396176	 -0.0396746	 0.258715	 0.0810994	 -0.0817795	 -0.000380156
114.88	 -0.038506	 -0.0385626	 0.256979	 0.0788063	 -0.0794842	 -0.000400521
114.9	 -0.0373814	 -0.0374375	 0.255295	 0.0764896	 -0.077165	 -0.000419939
114.92	 -0.0362441	 -0.0362998	 0.253664	 0.07415	 -0.0748227	 -0.00043838
114.94	 -0.0350945	 -0.0351498	 0.252086	 0.0717879	 -0.0724578	 -0.000455818
114.96	 -0.0339331	 -0.0339879	 0.250561	 0.0694041	 -0.0700708	 -0.000472228
114.98	 -0.0327603	 -0.0328145	 0.24909	 0.0669992	 -0.0676625	 -0.000487588
115	 -0.0315764	 -0.0316301	 0.247674	 0.0645737	 -0.0652334	 -0.000501877
115.02	 -0.0303819	 -0.030435	 0.246313	 0.0621284	 -0.0627843	 -0.000515074
115.04	 -0.0291772	 -0.0292298	 0.245007	 0.0596639	 -0.0603157	 -0.000527161
115.06	 -0.0279627	 -0.0280147	 0.243758	 0.0571808	 -0.0578283	 -0.000538122
115.08	 -0.0267389	 -0.0267902	 0.242564	 0.0546799	 -0.0553229	 -0.000547945
115.1	 -0.0255062	 -0.0255568	 0.241428	 0.0521618	 -0.0528001	 -0.000556618
115.12	 -0.0242651	 -0.024315	 0.240348	 0.0496272	 -0.0502605	 -0.000564131
115.14	 -0.0230159	 -0.023065	 0.239326	 0.0470768	 -0.047705	 -0.000570479
115.16	 -0.0217591	 -0.0218075	 0.238363	 0.0445113	 -0.0451342	 -0.000575657
115.18	 -0.0204952	 -0.0205428	 0.237457	 0.0419313	 -0.0425487	 -0.000579664
115.2	 -0.0192246	 -0.0192714	 0.23661	 0.0393376	 -0.0399493	 -0.0005825
115.22	 -0.0179477	 -0.0179937	 0.235821	 0.0367308	 -0.0373366	 -0.000584168
115.24	 -0.016665	 -0.0167101	 0.235092	 0.0341116	 -0.0347113	 -0.000584673
115.26	 -0.015377	 -0.0154212	 0.234422	 0.0314808	 -0.0320742	 -0.00058402
115.28	 -0.014084	 -0.0141274	 0.233812	 0.028839	 -0.029426	 -0.000582219
115.3	 -0.0127866	 -0.012829	 0.233262	 0.026187	 -0.0267674	 -0.000579281
115.32	 -0.0114853	 -0.0115267	 0.232771	 0.0235254	 -0.0240991	 -0.000575218
115.34	 -0.0101803	 -0.0102208	 0.232341	 0.020855	 -0.0214218	 -0.000570047
115.36	 -0.00887231	 -0.00891181	 0.231971	 0.0181765	 -0.0187363	 -0.000563784
115.38	 -0.00756167	 -0.00760016	 0.231662	 0.0154907	 -0.0160432	 -0.000556446
115.4	 -0.00624887	 -0.00628634	 0.231413	 0.0127983	 -0.0133435	 -0.000548053
115.42	 -0.00493437	 -0.00497079	 0.231225	 0.0101001	 -0.0106379	 -0.000538626
115.44	 -0.00361863	 -0.00365398	 0.231098	 0.00739686	 -0.00792712	 -0.000528187
115.46	 -0.0023021	 -0.00233637	 0.231032	 0.00468936	 -0.00521195	 -0.000516765
115.48	 -0.00098525	 -0.00101843	 0.231027	 0.00197831	 -0.00249312	 -0.000504388
115.5	 0.000331469	 0.000299407	 0.231083	 -0.00073559	 0.000228661	 -0.000491086
115.52	 0.0016476	 0.00161667	 0.231199	 -0.00345158	 0.00295263	 -0.000476892
115.54	 0.00296269	 0.0029329	 0.231377	 -0.00616889	 0.00567801	 -0.000461835
115.56	 0.00427627	 0.00424764	 0.231615	 -0.00888675	 0.00840402	 -0.00044595
115.58	 0.00558789	 0.00556042	 0.231915	 -0.0116044	 0.0111299	 -0.00042927
115.6	 0.00689708	 0.0068708	 0.232275	 -0.014321	 0.0138548	 -0.000411831
115.62	 0.0082034	 0.00817831	 0.232695	 -0.0170359	 0.016578	 -0.000393673
115.64	 0.00950639	 0.0094825	 0.233176	 -0.0197483	 0.0192989	 -0.000374834
115.66	 0.0108056	 0.0107829	 0.233718	 -0.0224574	 0.0220165	 -0.000355354
115.68	 0.0121006	 0.0120791	 0.23432	 -0.0251626	 0.0247301	 -0.000335275
115.7	 0.0133909	 0.0133707	 0.234981	 -0.0278629	 0.027439	 -0.000314635
115.72	 0.0146762	 0.0146572	 0.235703	 -0.0305576	 0.0301423	 -0.000293478
115.74	 0.0159558	 0.0159381	 0.236484	 -0.033246	 0.0328394	 -0.000271846
115.76	 0.0172295	 0.017213	 0.237325	 -0.0359273	 0.0355294	 -0.000249781
115.78	 0.0184968	 0.0184815	 0.238224	 -0.0386008	 0.0382115	 -0.000227328
115.8	 0.0197573	 0.0197432	 0.239182	 -0.0412656	 0.0408851	 -0.00020453
115.82	 0.0210104	 0.0209977	 0.240199	 -0.0439211	 0.0435492	 -0.000181428
115.84	 0.0222559	 0.0222444	 0.241274	 -0.0465663	 0.0462032	 -0.000158065
115.86	 0.0234933	 0.023483	 0.242407	 -0.0492004	 0.048846	 -0.000134483
115.88	 0.0247221	 0.0247131	 0.243598	 -0.0518228	 0.0514771	 -0.000110727
115.9	 0.025942	 0.0259342	 0.244845	 -0.0544325	 0.0540955	 -8.68417e-05
115.92	 0.0271525	 0.027146	 0.24615	 -0.0570289	 0.0567006	 -6.28709e-05
115.94	 0.0283533	 0.028348	 0.24751	 -0.0596113	 0.0592915	 -3.88593e-05
115.96	 0.0295439	 0.0295399	 0.248927	 -0.0621788	 0.0618676	 -1.48508e-05
115.98	 0.030724	 0.0307212	 0.250399	 -0.0647308	 0.0644281	 9.11099e-06
116	 0.0318931	 0.0318915	 0.251925	 -0.0672664	 0.0669723	 3.2982e-05
116.02	 0.0330509	 0.0330505	 0.253506	 -0.0697851	 0.0694993	 5.67179e-05
116.04	 0.0341969	 0.0341978	 0.255141	 -0.072286	 0.0720085	 8.02746e-05
116.06	 0.0353309	 0.035333	 0.256829	 -0.0747683	 0.0744992	 0.000103609
116.08	 0.0364524	 0.0364556	 0.258569	 -0.0772313	 0.0769704	 0.000126678
116.1	 0.037561	 0.0375655	 0.260362	 -0.0796742	 0.0794214	 0.000149442
116.12	 0.0386564	 0.0386621	 0.262205	 -0.0820963	 0.0818516	 0.000171859
116.14	 0.0397383	 0.0397451	 0.2641	 -0.0844968	 0.08426	 0.000193891
116.16	 0.0408063	 0.0408142	 0.266044	 -0.0868749	 0.0866461	 0.000215498
116.18	 0.04186	 0.041869	 0.268038	 -0.08923	 0.089009	 0.000236645
116.2	 0.0428991	 0.0429092	 0.27008	 -0.0915612	 0.0913479	 0.000257298
116.22	 0.0439233	 0.0439344	 0.27217	 -0.0938678	 0.0936621	 0.000277426
116.24	 0.0449322	 0.0449444	 0.274308	 -0.096149	 0.0959508	 0.000296999
116.26	 0.0459255	 0.0459388	 0.276492	 -0.0984041	 0.0982133	 0.000315988
116.28	 0.046903	 0.0469173	 0.278722	 -0.100632	 0.100449	 0.000334364
116.3	 0.0478643	 0.0478796	 0.280996	 -0.102833	 0.102657	 0.000352099
116.32	 0.0488091	 0.0488253	 0.283316	 -0.105006	 0.104836	 0.00036917
116.34	 0.0497371	 0.0497542	 0.285678	 -0.107149	 0.106987	 0.000385554
116.36	 0.050648	 0.050666	 0.288084	 -0.109263	 0.109108	 0.000401229
116.38	 0.0515415	 0.0515605	 0.290531	 -0.111346	 0.111198	 0.000416176
116.4	 0.0524174	 0.0524372	 0.293019	 -0.113399	 0.113257	 0.000430375
116.42	 0.0532754	 0.053296	 0.295548	 -0.115419	 0.115284	 0.000443807
116.44	 0.0541152	 0.0541366	 0.298116	 -0.117407	 0.117278	 0.000456455
116.46	 0.0549366	 0.0549588	 0.300722	 -0.119362	 0.119239	 0.000468306
116.48	 0.0557394	 0.0557623	 0.303366	 -0.121282	 0.121165	 0.000479346
116.5	 0.0565232	 0.0565468	 0.306047	 -0.123168	 0.123057	 0.000489567
116.52	 0.0572878	 0.0573121	 0.308763	 -0.125018	 0.124913	 0.000498959
116.54	 0.0580331	 0.058058	 0.311515	 -0.126833	 0.126733	 0.000507515
116.56	 0.0587587	 0.0587843	 0.3143	 -0.12861	 0.128516	 0.000515232
116.58	 0.0594646	 0.0594907	 0.317119	 -0.13035	 0.130261	 0.00052211
116.6	 0.0601504	 0.0601771	 0.31997	 -0.132052	 0.131969	 0.00052815
116.62	 0.060816	 0.0608432	 0.322852	 -0.133716	 0.133637	 0.000533355
116.64	 0.0614612	 0.0614889	 0.325765	 -0.13534	 0.135265	 0.000537728
116.66	 0.0620858	 0.0621139	 0.328707	 -0.136923	 0.136854	 0.000541274
116.68	 0.0626896	 0.0627182	 0.331677	 -0.138467	 0.138401	 0.000543998
116.7	 0.0632725	 0.0633014	 0.334675	 -0.139968	 0.139907	 0.000545906
116.72	 0.0638342	 0.0638635	 0.3377	 -0.141428	 0.141371	 0.000547007
116.74	 0.0643747	 0.0644043	 0.34075	 -0.142845	 0.142792	 0.000547314
116.76	 0.0648938	 0.0649237	 0.343824	 -0.144219	 0.14417	 0.00054684
116.78	 0.0653913	 0.0654215	 0.346922	 -0.14555	 0.145504	 0.0005456
116.8	 0.0658671	 0.0658975	 0.350042	 -0.146836	 0.146793	 0.00054361
116.82	 0.0663211	 0.0663517	 0.353184	 -0.148077	 0.148037	 0.000540889
116.84	 0.0667531	 0.066784	 0.356346	 -0.149273	 0.149236	 0.000537457
116.86	 0.0671632	 0.0671942	 0.359527	 -0.150422	 0.150388	 0.000533337
116.88	 0.0675511	 0.0675822	 0.362726	 -0.151525	 0.151494	 0.000528551
116.9	 0.0679168	 0.067948	 0.365943	 -0.152581	 0.152551	 0.000523125
116.92	 0.0682601	 0.0682914	 0.369176	 -0.153589	 0.153561	 0.000517082
116.94	 0.0685811	 0.0686124	 0.372424	 -0.154548	 0.154523	 0.000510447
116.96	 0.0688796	 0.0689109	 0.375685	 -0.155459	 0.155435	 0.000503246
116.98	 0.0691556	 0.0691868	 0.37896	 -0.156321	 0.156299	 0.000495506
117	 0.069409	 0.0694402	 0.382246	 -0.157133	 0.157112	 0.000487255
117.02	 0.0696399	 0.0696709	 0.385544	 -0.157895	 0.157875	 0.000478522
117.04	 0.0698481	 0.0698789	 0.38885	 -0.158606	 0.158587	 0.000469338
117.06	 0.0700336	 0.0700643	 0.392165	 -0.159266	 0.159248	 0.000459731
117.08	 0.0701964	 0.0702269	 0.395488	 -0.159875	 0.159857	 0.000449731
117.1	 0.0703366	 0.0703668	 0.398817	 -0.160432	 0.160414	 0.000439368
117.12	 0.070454	 0.070484	 0.402151	 -0.160937	 0.160919	 0.000428671
117.14	 0.0705487	 0.0705784	 0.405489	 -0.161389	 0.161371	 0.00041767
117.16	 0.0706207	 0.0706501	 0.40883	 -0.161789	 0.161771	 0.000406392
117.18	 0.0706701	 0.0706991	 0.412173	 -0.162135	 0.162117	 0.000394868
117.2	 0.0706967	 0.0707253	 0.415517	 -0.162428	 0.16241	 0.000383127
117.22	 0.0707007	 0.0707289	 0.418861	 -0.162668	 0.162648	 0.000371197
117.24	 0.0706822	 0.0707099	 0.422204	 -0.162854	 0.162834	 0.000359109
117.26	 0.070641	 0.0706682	 0.425544	 -0.162986	 0.162964	 0.000346895
117.28	 0.0705774	 0.0706041	 0.42888	 -0.163065	 0.163041	 0.000334583
117.3	 0.0704912	 0.0705174	 0.432212	 -0.163088	 0.163063	 0.000322206
117.32	 0.0703827	 0.0704084	 0.435539	 -0.163058	 0.163031	 0.000309791
117.34	 0.0702519	 0.0702769	 0.438858	 -0.162972	 0.162944	 0.000297368
117.36	 0.0700988	 0.0701232	 0.44217	 -0.162832	 0.162801	 0.000284963
117.38	 0.0699236	 0.0699474	 0.445474	 -0.162637	 0.162604	 0.000272606
117.4	 0.0697263	 0.0697494	 0.448767	 -0.162386	 0.162351	 0.000260323
117.42	 0.0695069	 0.0695294	 0.452049	 -0.16208	 0.162042	 0.000248142
117.44	 0.0692657	 0.0692875	 0.455319	 -0.161719	 0.161678	 0.000236088
117.46	 0.0690028	 0.0690238	 0.458577	 -0.161303	 0.161259	 0.000224185
117.48	 0.0687181	 0.0687384	 0.46182	 -0.160831	 0.160784	 0.000212458
117.5	 0.068412	 0.0684314	 0.465048	 -0.160304	 0.160254	 0.000200927
117.52	 0.0680844	 0.0681031	 0.46826	 -0.159722	 0.159668	 0.000189613
117.54	 0.0677355	 0.0677534	 0.471455	 -0.159084	 0.159027	 0.000178539
117.56	 0.0673656	 0.0673826	 0.474632	 -0.158391	 0.15833	 0.000167724
117.58	 0.0669747	 0.0669909	 0.477789	 -0.157643	 0.157578	 0.000157189
117.6	 0.066563	 0.0665783	 0.480927	 -0.156839	 0.15677	 0.00014695
117.62	 0.0661306	 0.066145	 0.484043	 -0.155981	 0.155908	 0.000137022
117.64	 0.0656778	 0.0656913	 0.487138	 -0.155068	 0.154991	 0.000127419
117.66	 0.0652046	 0.0652173	 0.490209	 -0.154101	 0.154019	 0.000118152
117.68	 0.0647114	 0.0647231	 0.493256	 -0.153079	 0.152993	 0.000109232
117.7	 0.0641982	 0.0642089	 0.496278	 -0.152003	 0.151912	 0.000100672
117.72	 0.0636652	 0.063675	 0.499275	 -0.150874	 0.150778	 9.24816e-05
117.74	 0.0631127	 0.0631215	 0.502244	 -0.149691	 0.14959	 8.46719e-05
117.76	 0.0625408	 0.0625486	 0.505186	 -0.148455	 0.148349	 7.72508e-05
117.78	 0.0619498	 0.0619566	 0.508099	 -0.147165	 0.147055	 7.02241e-05
117.8	 0.0613399	 0.0613457	 0.510982	 -0.145824	 0.145709	 6.35963e-05
117.82	 0.0607112	 0.060716	 0.513835	 -0.14443	 0.14431	 5.73704e-05
117.84	 0.060064	 0.0600678	 0.516656	 -0.142985	 0.142859	 5.15481e-05
117.86	 0.0593986	 0.0594013	 0.519445	 -0.141488	 0.141357	 4.61291e-05
117.88	 0.0587151	 0.0587168	 0.522201	 -0.13994	 0.139804	 4.11113e-05
117.9	 0.0580138	 0.0580145	 0.524923	 -0.138342	 0.1382	 3.64905e-05
117.92	 0.0572949	 0.0572945	 0.52761	 -0.136694	 0.136547	 3.22616e-05
117.94	 0.0565587	 0.0565573	 0.530261	 -0.134997	 0.134844	 2.84194e-05
117.96	 0.0558054	 0.0558029	 0.532876	 -0.13325	 0.133092	 2.4959e-05
117.98	 0.0550352	 0.0550317	 0.535454	 -0.131456	 0.131292	 2.18758e-05
118	 0.0542485	 0.0542439	 0.537993	 -0.129613	 0.129444	 1.91645e-05
118.02	 0.0534455	 0.0534398	 0.540494	 -0.127724	 0.127549	 1.68186e-05
118.04	 0.0526264	 0.0526197	 0.542955	 -0.125788	 0.125607	 1.48293e-05
118.06	 0.0517916	 0.0517838	 0.545376	 -0.123807	 0.12362	 1.3186e-05
118.08	 0.0509412	 0.0509324	 0.547755	 -0.12178	 0.121588	 1.18765e-05
118.1	 0.0500757	 0.0500658	 0.550093	 -0.119709	 0.119511	 1.0888e-05
118.12	 0.0491951	 0.0491842	 0.552388	 -0.117594	 0.117391	 1.02067e-05
118.14	 0.0482999	 0.048288	 0.55464	 -0.115437	 0.115227	 9.81822e-06
118.16	 0.0473903	 0.0473774	 0.556847	 -0.113237	 0.113022	 9.70719e-06
118.18	 0.0464666	 0.0464527	 0.559011	 -0.110995	 0.110775	 9.8576e-06
118.2	 0.0455291	 0.0455141	 0.561128	 -0.108713	 0.108487	 1.0253e-05
118.22	 0.0445781	 0.0445621	 0.5632	 -0.106391	 0.106159	 1.08768e-05
118.24	 0.0436138	 0.0435968	 0.565226	 -0.10403	 0.103793	 1.17129e-05
118.26	 0.0426366	 0.0426187	 0.567204	 -0.101631	 0.101388	 1.27448e-05
118.28	 0.0416469	 0.0416279	 0.569134	 -0.0991948	 0.0989465	 1.39561e-05
118.3	 0.0406448	 0.0406249	 0.571016	 -0.0967222	 0.0964684	 1.53293e-05
118.32	 0.0396307	 0.0396099	 0.572849	 -0.0942142	 0.0939551	 1.6846e-05
118.34	 0.038605	 0.0385833	 0.574633	 -0.0916717	 0.0914073	 1.8487e-05
118.36	 0.037568	 0.0375454	 0.576367	 -0.0890958	 0.0888261	 2.02331e-05
118.38	 0.0365199	 0.0364964	 0.57805	 -0.0864873	 0.0862125	 2.20654e-05
118.4	 0.0354612	 0.0354368	 0.579681	 -0.0838472	 0.0835673	 2.39653e-05
118.42	 0.0343921	 0.0343668	 0.581262	 -0.0811765	 0.0808916	 2.59146e-05
118.44	 0.0333129	 0.0332868	 0.58279	 -0.0784762	 0.0781864	 2.78948e-05
118.46	 0.032224	 0.0321971	 0.584266	 -0.0757472	 0.0754526	 2.9887e-05
118.48	 0.0311258	 0.031098	 0.585689	 -0.0729906	 0.0726912	 3.18713e-05
118.5	 0.0300184	 0.0299899	 0.587058	 -0.0702073	 0.0699034	 3.3828e-05
118.52	 0.0289024	 0.0288731	 0.588373	 -0.0673985	 0.0670901	 3.57373e-05
118.54	 0.027778	 0.0277479	 0.589635	 -0.0645652	 0.0642523	 3.75806e-05
118.56	 0.0266455	 0.0266147	 0.590841	 -0.0617084	 0.0613912	 3.934e-05
118.58	 0.0255053	 0.0254738	 0.591993	 -0.0588292	 0.0585079	 4.09987e-05
118.6	 0.0243578	 0.0243256	 0.593089	 -0.0559287	 0.0556033	 4.2541e-05
118.62	 0.0232031	 0.0231703	 0.59413	 -0.053008	 0.0526787	 4.39523e-05
118.64	 0.0220418	 0.0220083	 0.595115	 -0.0500682	 0.0497352	 4.52195e-05
118.66	 0.0208741	 0.02084	 0.596043	 -0.0471104	 0.0467737	 4.63308e-05
118.68	 0.0197005	 0.0196657	 0.596915	 -0.0441356	 0.0437954	 4.72758e-05
118.7	 0.0185211	 0.0184857	 0.59773	 -0.0411451	 0.0408014	 4.80452e-05
118.72	 0.0173364	 0.0173005	 0.598488	 -0.0381398	 0.0377929	 4.86308e-05
118.74	 0.0161467	 0.0161102	 0.599189	 -0.0351209	 0.0347709	 4.90251e-05
118.76	 0.0149523	 0.0149154	 0.599832	 -0.0320897	 0.0317367	 4.92215e-05
118.78	 0.0137537	 0.0137163	 0.600417	 -0.0290471	 0.0286912	 4.92146e-05
118.8	 0.0125511	 0.0125132	 0.600944	 -0.0259942	 0.0256357	 4.90004e-05
118.82	 0.011345	 0.0113066	 0.601413	 -0.0229323	 0.0225712	 4.85757e-05
118.84	 0.0101355	 0.0100968	 0.601824	 -0.0198625	 0.019499	 4.79384e-05
118.86	 0.00892322	 0.00888404	 0.602177	 -0.0167859	 0.0164202	 4.70867e-05
118.88	 0.00770836	 0.00766881	 0.602471	 -0.0137038	 0.0133359	 4.60197e-05
118.9	 0.00649129	 0.00645141	 0.602706	 -0.0106173	 0.0102475	 4.47371e-05
118.92	 0.00527238	 0.00523219	 0.602882	 -0.00752762	 0.00715593	 4.32394e-05
118.94	 0.00405196	 0.00401149	 0.603	 -0.00443582	 0.00406244	 4.15276e-05
118.96	 0.00283038	 0.00278966	 0.603059	 -0.00134307	 0.000968151	 3.96034e-05
118.98	 0.001608	 0.00156705	 0.603058	 0.00174947	 -0.00212579	 3.74691e-05
119	 0.000385155	 0.000344014	 0.602999	 0.00484064	 -0.00521821	 3.51274e-05
119.02	 -0.000837801	 -0.000879109	 0.602881	 0.0079293	 -0.00830797	 3.25822e-05
119.04	 -0.00206052	 -0.00210196	 0.602704	 0.0110143	 -0.0113939	 2.98386e-05
119.06	 -0.00328264	 -0.0033242	 0.602469	 0.0140945	 -0.0144749	 2.69039e-05
119.08	 -0.00450381	 -0.00454546	 0.602174	 0.0171688	 -0.0175499	 2.37869e-05
119.1	 -0.00572369	 -0.0057654	 0.601821	 0.0202362	 -0.0206178	 2.04983e-05
119.12	 -0.00694193	 -0.00698367	 0.601409	 0.0232956	 -0.0236775	 1.705e-05
119.14	 -0.00815817	 -0.00819992	 0.600939	 0.0263458	 -0.026728	 1.34549e-05
119.16	 -0.00937206	 -0.0094138	 0.600411	 0.0293859	 -0.0297682	 9.72661e-06
119.18	 -0.0105833	 -0.010625	 0.599824	 0.0324147	 -0.0327969	 5.87925e-06
119.2	 -0.0117914	 -0.0118331	 0.599179	 0.0354312	 -0.0358132	 1.92757e-06
119.22	 -0.0129962	 -0.0130378	 0.598477	 0.0384343	 -0.038816	 -2.11299e-06
119.24	 -0.0141973	 -0.0142387	 0.597716	 0.041423	 -0.0418042	 -6.22636e-06
119.26	 -0.0153942	 -0.0154355	 0.596899	 0.0443962	 -0.0447768	 -1.0396e-05
119.28	 -0.0165868	 -0.0166279	 0.596024	 0.0473529	 -0.0477327	 -1.46047e-05
119.3	 -0.0177745	 -0.0178154	 0.595093	 0.0502918	 -0.0506707	 -1.88353e-05
119.32	 -0.0189571	 -0.0189979	 0.594105	 0.0532119	 -0.0535899	 -2.30699e-05
119.34	 -0.0201343	 -0.0201748	 0.593061	 0.0561121	 -0.056489	 -2.72905e-05
119.36	 -0.0213056	 -0.0213459	 0.59196	 0.0589913	 -0.0593669	 -3.14788e-05
119.38	 -0.0224708	 -0.0225108	 0.590805	 0.0618483	 -0.0622227	 -3.56163e-05
119.4	 -0.0236295	 -0.0236692	 0.589594	 0.0646823	 -0.0650552	 -3.96847e-05
119.42	 -0.0247814	 -0.0248207	 0.588328	 0.0674921	 -0.0678634	 -4.36654e-05
119.44	 -0.0259262	 -0.0259651	 0.587007	 0.0702766	 -0.0706464	 -4.75395e-05
119.46	 -0.0270634	 -0.0271019	 0.585633	 0.0730349	 -0.073403	 -5.12876e-05
119.48	 -0.0281928	 -0.0282309	 0.584204	 0.0757661	 -0.0761323	 -5.48891e-05
119.5	 -0.0293141	 -0.0293518	 0.582723	 0.078469	 -0.0788334	 -5.83229e-05
119.52	 -0.0304268	 -0.0304641	 0.581188	 0.081143	 -0.0815053	 -6.1567e-05
119.54	 -0.0315308	 -0.0315676	 0.579602	 0.0837869	 -0.0841472	 -6.45998e-05
119.56	 -0.0326257	 -0.0326619	 0.577963	 0.0864001	 -0.0867583	 -6.73997e-05
119.58	 -0.033711	 -0.0337468	 0.576274	 0.0889816	 -0.0893375	 -6.99459e-05
119.6	 -0.0347866	 -0.0348218	 0.574533	 0.0915306	 -0.0918843	 -7.22179e-05
119.62	 -0.0358521	 -0.0358867	 0.572742	 0.0940464	 -0.0943977	 -7.41956e-05
119.64	 -0.0369072	 -0.0369412	 0.570901	 0.0965281	 -0.0968769	 -7.5859e-05
119.66	 -0.0379515	 -0.037985	 0.569012	 0.0989748	 -0.0993212	 -7.71893e-05
119.68	 -0.0389847	 -0.0390176	 0.567073	 0.101386	 -0.10173	 -7.81692e-05
119.7	 -0.0400066	 -0.0400388	 0.565087	 0.10376	 -0.104102	 -7.87831e-05
119.72	 -0.0410168	 -0.0410484	 0.563053	 0.106097	 -0.106436	 -7.90168e-05
119.74	 -0.0420149	 -0.0420458	 0.560972	 0.108396	 -0.108732	 -7.88568e-05
119.76	 -0.0430007	 -0.043031	 0.558846	 0.110656	 -0.110989	 -7.829e-05
119.78	 -0.0439739	 -0.0440035	 0.556674	 0.112876	 -0.113206	 -7.73033e-05
119.8	 -0.0449341	 -0.0449631	 0.554457	 0.115055	 -0.115383	 -7.58844e-05
119.82	 -0.0458811	 -0.0459094	 0.552196	 0.117193	 -0.117518	 -7.40217e-05
119.84	 -0.0468146	 -0.0468421	 0.549892	 0.119289	 -0.119611	 -7.17046e-05
119.86	 -0.0477343	 -0.0477611	 0.547545	 0.121342	 -0.121661	 -6.89227e-05
119.88	 -0.0486398	 -0.0486659	 0.545157	 0.123352	 -0.123668	 -6.56657e-05
119.9	 -0.049531	 -0.0495563	 0.542727	 0.125318	 -0.125631	 -6.19232e-05
119.92	 -0.0504075	 -0.0504321	 0.540257	 0.12724	 -0.12755	 -5.76861e-05
119.94	 -0.0512691	 -0.0512929	 0.537747	 0.129117	 -0.129424	 -5.29477e-05
119.96	 -0.0521154	 -0.0521385	 0.535198	 0.130948	 -0.131252	 -4.77046e-05
119.98	 -0.0529462	 -0.0529686	 0.532611	 0.132733	 -0.133034	 -4.19563e-05
120	 -0.0537613	 -0.0537828	 0.529987	 0.134471	 -0.13477	 -3.57043e-05
120.02	 -0.0545603	 -0.0545811	 0.527326	 0.136162	 -0.136458	 -2.8951e-05
120.04	 -0.055343	 -0.055363	 0.52463	 0.137805	 -0.138099	 -2.16993e-05
120.06	 -0.056109	 -0.0561283	 0.521899	 0.1394	 -0.139691	 -1.39529e-05
120.08	 -0.0568583	 -0.0568768	 0.519135	 0.140947	 -0.141234	 -5.71717e-06
120.1	 -0.0575904	 -0.0576081	 0.516337	 0.142444	 -0.142728	 3.00083e-06
120.12	 -0.0583051	 -0.0583221	 0.513507	 0.143891	 -0.144173	 1.21925e-05
120.14	 -0.0590023	 -0.0590185	 0.510646	 0.145288	 -0.145568	 2.18485e-05
120.16	 -0.0596816	 -0.059697	 0.507755	 0.146635	 -0.146912	 3.19592e-05
120.18	 -0.0603428	 -0.0603575	 0.504834	 0.147932	 -0.148206	 4.25142e-05
120.2	 -0.0609858	 -0.0609997	 0.501885	 0.149177	 -0.149448	 5.3502e-05
120.22	 -0.0616101	 -0.0616233	 0.498908	 0.150371	 -0.150639	 6.49089e-05
120.24	 -0.0622157	 -0.0622281	 0.495905	 0.151512	 -0.151779	 7.67193e-05
120.26	 -0.0628022	 -0.0628139	 0.492876	 0.152602	 -0.152866	 8.89163e-05
120.28	 -0.0633696	 -0.0633805	 0.489822	 0.153639	 -0.153901	 0.000101482
120.3	 -0.0639175	 -0.0639278	 0.486744	 0.154623	 -0.154882	 0.0001144
120.32	 -0.0644458	 -0.0644553	 0.483644	 0.155554	 -0.155811	 0.000127651
120.34	 -0.0649543	 -0.0649631	 0.480522	 0.156431	 -0.156686	 0.000141217
120.36	 -0.0654427	 -0.0654509	 0.47738	 0.157255	 -0.157508	 0.000155076
120.38	 -0.065911	 -0.0659185	 0.474217	 0.158026	 -0.158277	 0.000169205
120.4	 -0.0663588	 -0.0663657	 0.471036	 0.158742	 -0.158992	 0.000183576
120.42	 -0.0667861	 -0.0667923	 0.467837	 0.159405	 -0.159652	 0.000198164
120.44	 -0.0671927	 -0.0671982	 0.464622	 0.160013	 -0.160259	 0.00021294
120.46	 -0.0675783	 -0.0675832	 0.46139	 0.160567	 -0.160811	 0.000227878
120.48	 -0.0679428	 -0.0679472	 0.458144	 0.161067	 -0.161309	 0.00024295
120.5	 -0.0682861	 -0.0682899	 0.454885	 0.161512	 -0.161753	 0.000258129
120.52	 -0.068608	 -0.0686112	 0.451613	 0.161902	 -0.162142	 0.000273386
120.54	 -0.0689084	 -0.0689111	 0.44833	 0.162238	 -0.162477	 0.000288691
120.56	 -0.0691871	 -0.0691893	 0.445036	 0.16252	 -0.162758	 0.000304012
120.58	 -0.069444	 -0.0694457	 0.441732	 0.162747	 -0.162984	 0.000319318
120.6	 -0.069679	 -0.0696802	 0.438421	 0.16292	 -0.163156	 0.000334576
120.62	 -0.069892	 -0.0698927	 0.435102	 0.163038	 -0.163273	 0.000349754
120.64	 -0.0700828	 -0.070083	 0.431777	 0.163101	 -0.163336	 0.000364818
120.66	 -0.0702513	 -0.0702511	 0.428447	 0.16311	 -0.163344	 0.000379737
120.68	 -0.0703974	 -0.0703969	 0.425112	 0.163065	 -0.163298	 0.000394478
120.7	 -0.0705212	 -0.0705202	 0.421775	 0.162965	 -0.163198	 0.000409008
120.72	 -0.0706223	 -0.0706211	 0.418436	 0.162811	 -0.163044	 0.000423292
120.74	 -0.0707009	 -0.0706993	 0.415096	 0.162604	 -0.162837	 0.000437293
120.76	 -0.0707568	 -0.0707549	 0.411757	 0.162343	 -0.162576	 0.000450978
120.78	 -0.0707899	 -0.0707878	 0.408418	 0.162028	 -0.162261	 0.000464312
120.8	 -0.0708003	 -0.0707979	 0.405082	 0.16166	 -0.161893	 0.000477264
120.82	 -0.0707878	 -0.0707852	 0.40175	 0.161238	 -0.161472	 0.000489803
120.84	 -0.0707525	 -0.0707497	 0.398422	 0.160764	 -0.160999	 0.000501899
120.86	 -0.0706942	 -0.0706912	 0.395099	 0.160238	 -0.160473	 0.000513522
120.88	 -0.0706131	 -0.0706099	 0.391784	 0.159659	 -0.159895	 0.000524641
120.9	 -0.0705089	 -0.0705057	 0.388476	 0.159028	 -0.159265	 0.000535225
120.92	 -0.0703818	 -0.0703785	 0.385177	 0.158346	 -0.158584	 0.000545241
120.94	 -0.0702318	 -0.0702284	 0.381888	 0.157612	 -0.157852	 0.000554662
120.96	 -0.0700588	 -0.0700554	 0.37861	 0.156828	 -0.157069	 0.000563458
120.98	 -0.0698629	 -0.0698594	 0.375345	 0.155993	 -0.156235	 0.000571604
121	 -0.069644	 -0.0696406	 0.372092	 0.155108	 -0.155352	 0.000579076
121.02	 -0.0694023	 -0.0693989	 0.368854	 0.154173	 -0.154419	 0.000585849
121.04	 -0.0691377	 -0.0691344	 0.365631	 0.15319	 -0.153437	 0.000591899
121.06	 -0.0688504	 -0.0688471	 0.362424	 0.152157	 -0.152407	 0.000597205
121.08	 -0.0685403	 -0.0685371	 0.359234	 0.151076	 -0.151328	 0.000601746
121.1	 -0.0682075	 -0.0682044	 0.356063	 0.149948	 -0.150202	 0.000605505
121.12	 -0.0678521	 -0.0678492	 0.352911	 0.148772	 -0.149029	 0.000608466
121.14	 -0.0674742	 -0.0674715	 0.34978	 0.147549	 -0.147808	 0.000610612
121.16	 -0.0670738	 -0.0670713	 0.346671	 0.14628	 -0.146542	 0.000611924
121.18	 -0.0666512	 -0.0666489	 0.343583	 0.144965	 -0.14523	 0.000612386
121.2	 -0.0662062	 -0.0662042	 0.34052	 0.143605	 -0.143872	 0.00061198
121.22	 -0.0657392	 -0.0657374	 0.337481	 0.1422	 -0.14247	 0.000610695
121.24	 -0.0652501	 -0.0652486	 0.334467	 0.140751	 -0.141024	 0.000608521
121.26	 -0.0647392	 -0.064738	 0.33148	 0.139258	 -0.139535	 0.000605454
121.28	 -0.0642065	 -0.0642057	 0.32852	 0.137722	 -0.138002	 0.000601489
121.3	 -0.0636522	 -0.0636517	 0.325588	 0.136144	 -0.136428	 0.000596626
121.32	 -0.0630765	 -0.0630764	 0.322686	 0.134523	 -0.134811	 0.000590861
121.34	 -0.0624795	 -0.0624798	 0.319814	 0.132862	 -0.133153	 0.000584196
121.36	 -0.0618614	 -0.0618621	 0.316974	 0.13116	 -0.131455	 0.000576634
121.38	 -0.0612224	 -0.0612236	 0.314166	 0.129418	 -0.129718	 0.000568179
121.4	 -0.0605626	 -0.0605643	 0.31139	 0.127637	 -0.127941	 0.000558838
121.42	 -0.0598824	 -0.0598845	 0.308649	 0.125818	 -0.126125	 0.000548619
121.44	 -0.0591818	 -0.0591844	 0.305943	 0.123961	 -0.124272	 0.000537531
121.46	 -0.0584611	 -0.0584642	 0.303273	 0.122066	 -0.122382	 0.000525584
121.48	 -0.0577204	 -0.0577241	 0.300639	 0.120135	 -0.120456	 0.00051279
121.5	 -0.0569601	 -0.0569644	 0.298043	 0.118168	 -0.118494	 0.000499164
121.52	 -0.0561804	 -0.0561852	 0.295486	 0.116167	 -0.116496	 0.000484725
121.54	 -0.0553814	 -0.0553868	 0.292967	 0.11413	 -0.114465	 0.00046949
121.56	 -0.0545635	 -0.0545695	 0.290489	 0.112061	 -0.1124	 0.000453478
121.58	 -0.0537268	 -0.0537334	 0.288052	 0.109958	 -0.110302	 0.00043671
121.6	 -0.0528718	 -0.052879	 0.285656	 0.107823	 -0.108172	 0.000419209
121.62	 -0.0519985	 -0.0520064	 0.283303	 0.105657	 -0.106011	 0.000400999
121.64	 -0.0511074	 -0.0511159	 0.280994	 0.10346	 -0.103819	 0.000382109
121.66	 -0.0501987	 -0.0502079	 0.278728	 0.101234	 -0.101597	 0.00036257
121.68	 -0.0492727	 -0.0492825	 0.276507	 0.098978	 -0.0993471	 0.000342411
121.7	 -0.0483296	 -0.0483402	 0.274332	 0.0966943	 -0.0970685	 0.000321663
121.72	 -0.0473699	 -0.0473812	 0.272203	 0.0943831	 -0.0947625	 0.000300359
121.74	 -0.0463938	 -0.0464058	 0.270121	 0.0920453	 -0.0924299	 0.000278532
121.76	 -0.0454017	 -0.0454144	 0.268087	 0.0896816	 -0.0900715	 0.000256217
121.78	 -0.0443939	 -0.0444073	 0.266101	 0.0872929	 -0.087688	 0.00023345
121.8	 -0.0433706	 -0.0433848	 0.264164	 0.08488	 -0.0852804	 0.000210268
121.82	 -0.0423324	 -0.0423472	 0.262277	 0.0824436	 -0.0828493	 0.000186708
121.84	 -0.0412794	 -0.041295	 0.26044	 0.0799846	 -0.0803956	 0.00016281
121.86	 -0.0402121	 -0.0402284	 0.258654	 0.0775037	 -0.07792	 0.000138613
121.88	 -0.0391307	 -0.0391479	 0.256919	 0.0750018	 -0.0754234	 0.000114161
121.9	 -0.0380358	 -0.0380537	 0.255236	 0.0724797	 -0.0729066	 8.94938e-05
121.92	 -0.0369276	 -0.0369463	 0.253607	 0.0699384	 -0.0703705	 6.46552e-05
121.94	 -0.0358065	 -0.0358259	 0.25203	 0.0673784	 -0.0678158	 3.96866e-05
121.96	 -0.0346729	 -0.0346931	 0.250507	 0.0648008	 -0.0652434	 1.46301e-05
121.98	 -0.0335272	 -0.0335482	 0.249038	 0.0622061	 -0.0626539	 -1.0471e-05
122	 -0.0323698	 -0.0323915	 0.247624	 0.0595953	 -0.0600483	 -3.55721e-05
122.02	 -0.0312011	 -0.0312236	 0.246265	 0.0569691	 -0.0574273	 -6.06278e-05
122.04	 -0.0300214	 -0.0300446	 0.244961	 0.0543285	 -0.0547917	 -8.55923e-05
122.06	 -0.0288311	 -0.0288552	 0.243714	 0.0516741	 -0.0521424	 -0.00011042
122.08	 -0.0276308	 -0.0276556	 0.242523	 0.0490069	 -0.0494801	 -0.000135067
122.1	 -0.0264207	 -0.0264463	 0.241389	 0.0463277	 -0.0468058	 -0.000159486
122.12	 -0.0252014	 -0.0252277	 0.240312	 0.0436373	 -0.0441202	 -0.000183633
122.14	 -0.0239732	 -0.0240002	 0.239293	 0.0409365	 -0.0414243	 -0.000207462
122.16	 -0.0227366	 -0.0227643	 0.238332	 0.0382262	 -0.0387187	 -0.000230928
122.18	 -0.0214919	 -0.0215204	 0.237429	 0.0355072	 -0.0360043	 -0.000253987
122.2	 -0.0202397	 -0.0202689	 0.236585	 0.0327803	 -0.0332819	 -0.000276597
122.22	 -0.0189803	 -0.0190102	 0.2358	 0.0300463	 -0.0305524	 -0.000298713
122.24	 -0.0177141	 -0.0177448	 0.235073	 0.027306	 -0.0278164	 -0.000320293
122.26	 -0.0164417	 -0.0164731	 0.234407	 0.0245602	 -0.0250749	 -0.000341296
122.28	 -0.0151635	 -0.0151955	 0.233799	 0.0218097	 -0.0223286	 -0.00036168
122.3	 -0.0138798	 -0.0139125	 0.233252	 0.0190555	 -0.0195784	 -0.000381406
122.32	 -0.0125912	 -0.0126245	 0.232765	 0.0162982	 -0.016825	 -0.000400436
122.34	 -0.0112981	 -0.0113321	 0.232338	 0.0135387	 -0.0140693	 -0.000418733
122.36	 -0.0100009	 -0.0100355	 0.231971	 0.0107777	 -0.0113121	 -0.00043626
122.38	 -0.00870011	 -0.00873529	 0.231665	 0.00801616	 -0.00855411	 -0.000452981
122.4	 -0.00739614	 -0.00743191	 0.231419	 0.00525485	 -0.00579626	 -0.000468858
122.42	 -0.00608947	 -0.00612581	 0.231235	 0.00249463	 -0.00303937	 -0.000483858
122.44	 -0.00478054	 -0.00481744	 0.231111	 -0.000263674	 -0.000284258	 -0.000497949
122.46	 -0.00346981	 -0.00350725	 0.231047	 -0.00301928	 0.00246829	 -0.0005111
122.48	 -0.00215774	 -0.0021957	 0.231045	 -0.00577142	 0.00521751	 -0.000523286
122.5	 -0.000844775	 -0.000883232	 0.231104	 -0.00851934	 0.00796266	 -0.000534481
122.52	 0.000468628	 0.000429694	 0.231223	 -0.0112623	 0.010703	 -0.000544662
122.54	 0.00178202	 0.00174263	 0.231404	 -0.0139994	 0.0134376	 -0.000553804
122.56	 0.00309493	 0.0030551	 0.231645	 -0.0167299	 0.0161658	 -0.000561885
122.58	 0.00440691	 0.00436667	 0.231947	 -0.0194531	 0.0188868	 -0.000568887
122.6	 0.00571749	 0.00567687	 0.232309	 -0.0221681	 0.0215998	 -0.000574791
122.62	 0.00702623	 0.00698524	 0.232732	 -0.0248742	 0.0243041	 -0.000579583
122.64	 0.00833267	 0.00829133	 0.233216	 -0.0275707	 0.0269989	 -0.000583252
122.66	 0.00963635	 0.00959469	 0.23376	 -0.0302568	 0.0296836	 -0.000585785
122.68	 0.0109368	 0.0108949	 0.234363	 -0.0329319	 0.0323573	 -0.000587174
122.7	 0.0122336	 0.0121914	 0.235027	 -0.035595	 0.0350193	 -0.00058741
122.72	 0.0135264	 0.0134839	 0.235751	 -0.0382456	 0.0376689	 -0.000586489
122.74	 0.0148145	 0.0147718	 0.236533	 -0.0408828	 0.0403053	 -0.000584408
122.76	 0.0160977	 0.0160548	 0.237375	 -0.043506	 0.042928	 -0.000581168
122.78	 0.0173755	 0.0173324	 0.238276	 -0.0461145	 0.0455361	 -0.000576769
122.8	 0.0186474	 0.0186042	 0.239236	 -0.0487076	 0.048129	 -0.000571215
122.82	 0.0199129	 0.0198696	 0.240254	 -0.0512845	 0.0507059	 -0.00056451
122.84	 0.0211718	 0.0211284	 0.24133	 -0.0538446	 0.053266	 -0.00055666
122.86	 0.0224234	 0.02238	 0.242464	 -0.056387	 0.0558088	 -0.000547673
122.88	 0.0236675	 0.023624	 0.243655	 -0.058911	 0.0583334	 -0.000537561
122.9	 0.0249035	 0.0248601	 0.244903	 -0.0614161	 0.0608393	 -0.000526338
122.92	 0.0261311	 0.0260877	 0.246208	 -0.0639016	 0.0633257	 -0.00051402
122.94	 0.0273498	 0.0273065	 0.247569	 -0.0663668	 0.065792	 -0.000500625
122.96	 0.0285593	 0.028516	 0.248985	 -0.0688111	 0.0682376	 -0.000486175
122.98	 0.029759	 0.0297158	 0.250457	 -0.0712338	 0.0706619	 -0.000470691
123	 0.0309486	 0.0309056	 0.251983	 -0.0736344	 0.0730642	 -0.0004542
123.02	 0.0321277	 0.0320849	 0.253564	 -0.0760123	 0.075444	 -0.000436729
123.04	 0.0332959	 0.0332533	 0.255198	 -0.0783669	 0.0778007	 -0.000418309
123.06	 0.0344528	 0.0344104	 0.256886	 -0.0806975	 0.0801336	 -0.000398972
123.08	 0.035598	 0.0355559	 0.258625	 -0.0830035	 0.0824421	 -0.000378751
123.1	 0.0367311	 0.0366892	 0.260417	 -0.0852843	 0.0847256	 -0.000357681
123.12	 0.0378517	 0.0378102	 0.262259	 -0.0875393	 0.0869835	 -0.0003358
123.14	 0.0389595	 0.0389182	 0.264153	 -0.0897679	 0.0892152	 -0.000313147
123.16	 0.040054	 0.0400131	 0.266096	 -0.0919696	 0.0914201	 -0.000289763
123.18	 0.0411349	 0.0410944	 0.268088	 -0.0941437	 0.0935977	 -0.00026569
123.2	 0.0422018	 0.0421618	 0.270129	 -0.0962897	 0.0957474	 -0.000240968
123.22	 0.0432545	 0.0432149	 0.272218	 -0.0984069	 0.0978685	 -0.000215641
123.24	 0.0442925	 0.0442533	 0.274353	 -0.100495	 0.0999605	 -0.00018975
123.26	 0.0453154	 0.0452768	 0.276536	 -0.102553	 0.102023	 -0.000163342
123.28	 0.0463231	 0.0462849	 0.278764	 -0.104581	 0.104055	 -0.000136462
123.3	 0.047315	 0.0472774	 0.281036	 -0.106577	 0.106056	 -0.00010916
123.32	 0.0482909	 0.0482539	 0.283353	 -0.108543	 0.108026	 -8.14816e-05
123.34	 0.0492505	 0.049214	 0.285714	 -0.110476	 0.109965	 -5.34755e-05
123.36	 0.0501934	 0.0501576	 0.288117	 -0.112377	 0.111871	 -2.51896e-05
123.38	 0.0511194	 0.0510841	 0.290562	 -0.114245	 0.113744	 3.32609e-06
123.4	 0.0520281	 0.0519935	 0.293048	 -0.116079	 0.115584	 3.20203e-05
123.42	 0.0529192	 0.0528853	 0.295574	 -0.11788	 0.117391	 6.08404e-05
123.44	 0.0537925	 0.0537593	 0.298139	 -0.119646	 0.119162	 8.97341e-05
123.46	 0.0546477	 0.0546151	 0.300743	 -0.121376	 0.120899	 0.000118649
123.48	 0.0554844	 0.0554526	 0.303384	 -0.123072	 0.122601	 0.000147533
123.5	 0.0563025	 0.0562714	 0.306062	 -0.124731	 0.124266	 0.000176334
123.52	 0.0571016	 0.0570712	 0.308776	 -0.126353	 0.125895	 0.000204999
123.54	 0.0578815	 0.0578519	 0.311525	 -0.127939	 0.127488	 0.000233478
123.56	 0.0586419	 0.0586131	 0.314308	 -0.129487	 0.129043	 0.000261718
123.58	 0.0593826	 0.0593546	 0.317123	 -0.130997	 0.13056	 0.000289673
123.6	 0.0601034	 0.0600762	 0.319972	 -0.132468	 0.132039	 0.000317293
123.62	 0.060804	 0.0607777	 0.322851	 -0.133901	 0.133479	 0.000344533
123.64	 0.0614842	 0.0614587	 0.325761	 -0.135295	 0.13488	 0.000371344
123.66	 0.0621438	 0.0621192	 0.3287	 -0.136649	 0.136242	 0.000397679
123.68	 0.0627826	 0.0627589	 0.331668	 -0.137962	 0.137563	 0.00042349
123.7	 0.0634004	 0.0633775	 0.334663	 -0.139235	 0.138844	 0.000448731
123.72	 0.0639969	 0.063975	 0.337685	 -0.140468	 0.140085	 0.000473356
123.74	 0.064572	 0.0645511	 0.340732	 -0.141658	 0.141283	 0.000497324
123.76	 0.0651256	 0.0651055	 0.343804	 -0.142807	 0.142441	 0.000520592
123.78	 0.0656574	 0.0656383	 0.346899	 -0.143914	 0.143556	 0.000543121
123.8	 0.0661673	 0.0661491	 0.350017	 -0.144978	 0.144628	 0.000564872
123.82	 0.0666551	 0.0666379	 0.353156	 -0.146	 0.145658	 0.000585808
123.84	 0.0671207	 0.0671045	 0.356316	 -0.146978	 0.146645	 0.000605896
123.86	 0.0675639	 0.0675488	 0.359495	 -0.147912	 0.147588	 0.000625102
123.88	 0.0679847	 0.0679706	 0.362692	 -0.148802	 0.148487	 0.000643398
123.9	 0.0683829	 0.0683698	 0.365906	 -0.149648	 0.149341	 0.000660753
123.92	 0.0687583	 0.0687463	 0.369137	 -0.150449	 0.150151	 0.00067714
123.94	 0.069111	 0.0690999	 0.372383	 -0.151205	 0.150916	 0.000692531
123.96	 0.0694407	 0.0694307	 0.375643	 -0.151915	 0.151635	 0.000706901
123.98	 0.0697474	 0.0697384	 0.378916	 -0.15258	 0.152309	 0.000720226
124	 0.070031	 0.0700231	 0.382201	 -0.153199	 0.152937	 0.000732488
124.02	 0.0702915	 0.0702846	 0.385497	 -0.153771	 0.153518	 0.000743668
124.04	 0.0705287	 0.0705229	 0.388802	 -0.154297	 0.154053	 0.000753751
124.06	 0.0707427	 0.070738	 0.392116	 -0.154776	 0.154541	 0.00076272
124.08	 0.0709334	 0.0709297	 0.395438	 -0.155208	 0.154982	 0.000770565
124.1	 0.0711007	 0.0710981	 0.398766	 -0.155593	 0.155375	 0.000777272
124.12	 0.0712447	 0.0712431	 0.402099	 -0.15593	 0.155721	 0.000782831
124.14	 0.0713652	 0.0713646	 0.405437	 -0.15622	 0.15602	 0.000787237
124.16	 0.0714623	 0.0714628	 0.408778	 -0.156461	 0.15627	 0.000790481
124.18	 0.0715359	 0.0715375	 0.412121	 -0.156655	 0.156473	 0.00079256
124.2	 0.0715862	 0.0715887	 0.415465	 -0.156801	 0.156628	 0.000793473
124.22	 0.0716129	 0.0716165	 0.418809	 -0.156898	 0.156734	 0.000793221
124.24	 0.0716163	 0.0716209	 0.422151	 -0.156947	 0.156792	 0.000791806
124.26	 0.0715963	 0.0716019	 0.425492	 -0.156948	 0.156801	 0.000789236
124.28	 0.0715529	 0.0715595	 0.428829	 -0.156901	 0.156762	 0.000785518
124.3	 0.0714862	 0.0714938	 0.432162	 -0.156805	 0.156675	 0.000780664
124.32	 0.0713961	 0.0714047	 0.435489	 -0.15666	 0.156538	 0.000774685
124.34	 0.0712829	 0.0712924	 0.438809	 -0.156467	 0.156353	 0.000767595
124.36	 0.0711464	 0.071157	 0.442122	 -0.156224	 0.156119	 0.000759411
124.38	 0.0709869	 0.0709984	 0.445427	 -0.155933	 0.155836	 0.000750151
124.4	 0.0708043	 0.0708167	 0.448721	 -0.155593	 0.155504	 0.000739835
124.42	 0.0705988	 0.0706121	 0.452005	 -0.155204	 0.155123	 0.000728486
124.44	 0.0703703	 0.0703846	 0.455277	 -0.154766	 0.154693	 0.000716127
124.46	 0.0701191	 0.0701343	 0.458536	 -0.15428	 0.154213	 0.000702786
124.48	 0.0698452	 0.0698613	 0.461781	 -0.153744	 0.153685	 0.00068849
124.5	 0.0695488	 0.0695657	 0.465011	 -0.153159	 0.153108	 0.000673266
124.52	 0.0692299	 0.0692477	 0.468225	 -0.152526	 0.152481	 0.000657146
124.54	 0.0688887	 0.0689074	 0.471422	 -0.151844	 0.151806	 0.000640163
124.56	 0.0685254	 0.0685449	 0.474602	 -0.151113	 0.151082	 0.000622351
124.58	 0.06814	 0.0681603	 0.477762	 -0.150333	 0.150309	 0.000603747
124.6	 0.0677328	 0.0677538	 0.480902	 -0.149506	 0.149487	 0.000584386
124.62	 0.0673038	 0.0673257	 0.48402	 -0.14863	 0.148618	 0.000564307
124.64	 0.0668533	 0.0668759	 0.487117	 -0.147706	 0.1477	 0.000543547
124.66	 0.0663815	 0.0664047	 0.490191	 -0.146734	 0.146734	 0.000522144
124.68	 0.0658884	 0.0659123	 0.493241	 -0.145714	 0.14572	 0.000500138
124.7	 0.0653743	 0.0653989	 0.496266	 -0.144648	 0.144658	 0.000477571
124.72	 0.0648393	 0.0648646	 0.499265	 -0.143534	 0.143549	 0.000454487
124.74	 0.0642837	 0.0643096	 0.502237	 -0.142373	 0.142394	 0.000430931
124.76	 0.0637077	 0.0637342	 0.505182	 -0.141165	 0.141191	 0.000406948
124.78	 0.0631115	 0.0631386	 0.508098	 -0.139912	 0.139941	 0.000382583
124.8	 0.0624952	 0.0625229	 0.510984	 -0.138612	 0.138646	 0.000357881
124.82	 0.0618592	 0.0618874	 0.51384	 -0.137266	 0.137304	 0.000332888
124.84	 0.0612036	 0.0612323	 0.516664	 -0.135875	 0.135917	 0.000307647
124.86	 0.0605287	 0.0605578	 0.519456	 -0.134439	 0.134485	 0.000282206
124.88	 0.0598347	 0.0598642	 0.522214	 -0.132959	 0.133008	 0.00025661
124.9	 0.0591219	 0.0591518	 0.524939	 -0.131434	 0.131486	 0.000230902
124.92	 0.0583904	 0.0584207	 0.527629	 -0.129865	 0.12992	 0.000205127
124.94	 0.0576406	 0.0576712	 0.530283	 -0.128254	 0.128311	 0.000179331
124.96	 0.0568727	 0.0569036	 0.532901	 -0.126599	 0.126659	 0.00015356
124.98	 0.056087	 0.0561182	 0.535481	 -0.124902	 0.124964	 0.00012786
125	 0.0552837	 0.0553152	 0.538023	 -0.123162	 0.123227	 0.000102279
125.02	 0.0544632	 0.0544949	 0.540527	 -0.121382	 0.121448	 7.68629e-05
125.04	 0.0536257	 0.0536575	 0.54299	 -0.119561	 0.119628	 5.1657e-05
125.06	 0.0527714	 0.0528034	 0.545414	 -0.117699	 0.117767	 2.6704e-05
125.08	 0.0519008	 0.0519329	 0.547795	 -0.115797	 0.115866	 2.04585e-06
125.1	 0.051014	 0.0510462	 0.550135	 -0.113856	 0.113926	 -2.22762e-05
125.12	 0.0501114	 0.0501437	 0.552433	 -0.111877	 0.111947	 -4.62213e-05
125.14	 0.0491933	 0.0492256	 0.554686	 -0.10986	 0.10993	 -6.97497e-05
125.16	 0.0482599	 0.0482922	 0.556896	 -0.107805	 0.107875	 -9.28228e-05
125.18	 0.0473116	 0.0473439	 0.559061	 -0.105714	 0.105784	 -0.000115404
125.2	 0.0463488	 0.0463809	 0.561181	 -0.103586	 0.103655	 -0.000137456
125.22	 0.0453716	 0.0454036	 0.563254	 -0.101423	 0.101492	 -0.000158945
125.24	 0.0443805	 0.0444124	 0.565281	 -0.0992255	 0.0992929	 -0.000179836
125.26	 0.0433757	 0.0434074	 0.567261	 -0.0969939	 0.0970599	 -0.000200094
125.28	 0.0423577	 0.0423892	 0.569192	 -0.094729	 0.0947934	 -0.000219687
125.3	 0.0413267	 0.0413579	 0.571075	 -0.0924316	 0.0924942	 -0.000238583
125.32	 0.040283	 0.040314	 0.572909	 -0.0901025	 0.0901631	 -0.000256755
125.34	 0.0392272	 0.0392578	 0.574694	 -0.0877424	 0.0878007	 -0.000274174
125.36	 0.0381594	 0.0381897	 0.576428	 -0.0853522	 0.085408	 -0.000290818
125.38	 0.03708	 0.0371099	 0.578111	 -0.0829326	 0.0829857	 -0.000306661
125.4	 0.0359894	 0.0360189	 0.579743	 -0.0804845	 0.0805346	 -0.000321683
125.42	 0.034888	 0.034917	 0.581324	 -0.0780085	 0.0780555	 -0.000335861
125.44	 0.033776	 0.0338046	 0.582852	 -0.0755056	 0.0755492	 -0.000349178
125.46	 0.0326539	 0.032682	 0.584328	 -0.0729765	 0.0730165	 -0.000361618
125.48	 0.0315221	 0.0315496	 0.58575	 -0.070422	 0.0704583	 -0.000373166
125.5	 0.0303808	 0.0304077	 0.587119	 -0.0678431	 0.0678753	 -0.000383812
125.52	 0.0292304	 0.0292567	 0.588434	 -0.0652405	 0.0652685	 -0.000393544
125.54	 0.0280714	 0.028097	 0.589694	 -0.0626151	 0.0626388	 -0.000402356
125.56	 0.026904	 0.026929	 0.5909	 -0.0599679	 0.0599869	 -0.000410239
125.58	 0.0257287	 0.025753	 0.592051	 -0.0572996	 0.0573139	 -0.000417191
125.6	 0.0245458	 0.0245693	 0.593146	 -0.0546112	 0.0546205	 -0.000423205
125.62	 0.0233557	 0.0233784	 0.594185	 -0.0519036	 0.0519078	 -0.00042828
125.64	 0.0221588	 0.0221807	 0.595168	 -0.0491777	 0.0491767	 -0.000432414
125.66	 0.0209554	 0.0209765	 0.596095	 -0.0464344	 0.0464279	 -0.000435606
125.68	 0.0197459	 0.0197661	 0.596965	 -0.0436746	 0.0436625	 -0.000437858
125.7	 0.0185307	 0.01855	 0.597779	 -0.0408992	 0.0408813	 -0.000439173
125.72	 0.0173102	 0.0173286	 0.598535	 -0.0381091	 0.0380853	 -0.000439555
125.74	 0.0160847	 0.0161022	 0.599233	 -0.0353054	 0.0352755	 -0.000439011
125.76	 0.0148547	 0.0148712	 0.599874	 -0.0324888	 0.0324528	 -0.000437549
125.78	 0.0136205	 0.013636	 0.600457	 -0.0296604	 0.029618	 -0.000435178
125.8	 0.0123825	 0.0123969	 0.600982	 -0.0268211	 0.0267722	 -0.000431908
125.82	 0.011141	 0.0111544	 0.601449	 -0.0239718	 0.0239163	 -0.000427752
125.84	 0.00989652	 0.00990879	 0.601857	 -0.0211135	 0.0210513	 -0.000422721
125.86	 0.00864936	 0.00866052	 0.602207	 -0.0182472	 0.0181782	 -0.000416834
125.88	 0.00739992	 0.00740996	 0.602498	 -0.015374	 0.015298	 -0.000410108
125.9	 0.00614859	 0.00615748	 0.602731	 -0.0124947	 0.0124116	 -0.000402562
125.92	 0.00489575	 0.00490347	 0.602904	 -0.00961041	 0.00952016	 -0.000394218
125.94	 0.00364177	 0.0036483	 0.603019	 -0.00672206	 0.00662455	 -0.000385096
125.96	 0.00238703	 0.00239237	 0.603075	 -0.00383062	 0.00372575	 -0.000375221
125.98	 0.00113192	 0.00113604	 0.603072	 -0.000937066	 0.000824736	 -0.000364618
126	 -0.000123188	 -0.000120298	 0.60301	 0.00195763	 -0.00207749	 -0.000353314
126.02	 -0.00137791	 -0.00137627	 0.602889	 0.00485247	 -0.00497995	 -0.000341337
126.04	 -0.00263187	 -0.00263148	 0.602709	 0.0077465	 -0.00788166	 -0.000328716
126.06	 -0.00388468	 -0.00388557	 0.602471	 0.0106388	 -0.0107817	 -0.00031548
126.08	 -0.00513596	 -0.00513813	 0.602173	 0.0135283	 -0.0136791	 -0.000301658
126.1	 -0.00638534	 -0.0063888	 0.601817	 0.0164143	 -0.0165729	 -0.000287279
126.12	 -0.00763243	 -0.00763719	 0.601402	 0.0192957	 -0.0194622	 -0.000272373
126.14	 -0.00887686	 -0.00888294	 0.600929	 0.0221717	 -0.0223462	 -0.000256972
126.16	 -0.0101182	 -0.0101256	 0.600398	 0.0250413	 -0.0252238	 -0.000241107
126.18	 -0.0113562	 -0.011365	 0.599808	 0.0279037	 -0.0280941	 -0.00022481
126.2	 -0.0125904	 -0.0126005	 0.599161	 0.0307578	 -0.0309563	 -0.000208116
126.22	 -0.0138205	 -0.0138319	 0.598456	 0.0336028	 -0.0338093	 -0.000191056
126.24	 -0.015046	 -0.0150587	 0.597693	 0.0364377	 -0.0366524	 -0.000173665
126.26	 -0.0162666	 -0.0162807	 0.596873	 0.0392617	 -0.0394845	 -0.000155976
126.28	 -0.017482	 -0.0174974	 0.595996	 0.0420738	 -0.0423046	 -0.000138024
126.3	 -0.0186917	 -0.0187085	 0.595062	 0.0448729	 -0.0451119	 -0.000119844
126.32	 -0.0198955	 -0.0199136	 0.594072	 0.0476582	 -0.0479052	 -0.00010147
126.34	 -0.0210928	 -0.0211123	 0.593025	 0.0504285	 -0.0506836	 -8.29379e-05
126.36	 -0.0222835	 -0.0223043	 0.591923	 0.0531829	 -0.0534462	 -6.42823e-05
126.38	 -0.023467	 -0.0234892	 0.590765	 0.0559205	 -0.0561918	 -4.55378e-05
126.4	 -0.0246432	 -0.0246666	 0.589552	 0.0586403	 -0.0589197	 -2.67388e-05
126.42	 -0.0258115	 -0.0258363	 0.588284	 0.0613414	 -0.0616288	 -7.91955e-06
126.44	 -0.0269717	 -0.0269978	 0.586962	 0.0640228	 -0.0643182	 1.08861e-05
126.46	 -0.0281235	 -0.0281508	 0.585586	 0.0666836	 -0.066987	 2.96454e-05
126.48	 -0.0292664	 -0.029295	 0.584157	 0.069323	 -0.0696343	 4.83267e-05
126.5	 -0.0304001	 -0.0304299	 0.582674	 0.07194	 -0.0722592	 6.69001e-05
126.52	 -0.0315243	 -0.0315554	 0.581138	 0.0745339	 -0.074861	 8.53364e-05
126.54	 -0.0326387	 -0.032671	 0.579551	 0.0771037	 -0.0774386	 0.000103607
126.56	 -0.0337429	 -0.0337764	 0.577911	 0.0796488	 -0.0799914	 0.000121685
126.58	 -0.0348366	 -0.0348713	 0.576221	 0.0821683	 -0.0825186	 0.000139542
126.6	 -0.0359195	 -0.0359553	 0.57448	 0.0846614	 -0.0850194	 0.000157151
126.62	 -0.0369912	 -0.0370281	 0.572688	 0.0871274	 -0.087493	 0.000174486
126.64	 -0.0380514	 -0.0380895	 0.570847	 0.0895656	 -0.0899386	 0.000191523
126.66	 -0.0390998	 -0.0391389	 0.568957	 0.0919751	 -0.0923556	 0.000208237
126.68	 -0.040136	 -0.0401763	 0.567019	 0.0943552	 -0.094743	 0.000224603
126.7	 -0.0411598	 -0.0412011	 0.565033	 0.0967051	 -0.0971001	 0.000240598
126.72	 -0.0421708	 -0.0422131	 0.562999	 0.0990238	 -0.099426	 0.000256199
126.74	 -0.0431687	 -0.043212	 0.560919	 0.101311	 -0.10172	 0.000271382
126.76	 -0.0441532	 -0.0441975	 0.558793	 0.103565	 -0.103981	 0.000286126
126.78	 -0.045124	 -0.0451693	 0.556622	 0.105786	 -0.106209	 0.000300414
126.8	 -0.0460809	 -0.046127	 0.554406	 0.107972	 -0.108402	 0.000314228
126.82	 -0.0470234	 -0.0470704	 0.552146	 0.110124	 -0.11056	 0.000327551
126.84	 -0.0479513	 -0.0479992	 0.549844	 0.112239	 -0.112682	 0.000340369
126.86	 -0.0488644	 -0.0489131	 0.547498	 0.114319	 -0.114768	 0.000352669
126.88	 -0.0497623	 -0.0498118	 0.545111	 0.116361	 -0.116817	 0.000364439
126.9	 -0.0506448	 -0.0506951	 0.542683	 0.118366	 -0.118828	 0.000375672
126.92	 -0.0515117	 -0.0515627	 0.540214	 0.120333	 -0.120801	 0.000386358
126.94	 -0.0523625	 -0.0524143	 0.537706	 0.122261	 -0.122735	 0.000396491
126.96	 -0.0531972	 -0.0532496	 0.535159	 0.12415	 -0.124629	 0.000406063
126.98	 -0.0540153	 -0.0540684	 0.532574	 0.125998	 -0.126483	 0.000415064
127	 -0.0548168	 -0.0548704	 0.529952	 0.127806	 -0.128297	 0.000423487
127.02	 -0.0556012	 -0.0556553	 0.527294	 0.129573	 -0.130069	 0.000431327
127.04	 -0.0563683	 -0.056423	 0.5246	 0.131298	 -0.131799	 0.000438578
127.06	 -0.0571179	 -0.0571731	 0.521872	 0.132981	 -0.133487	 0.000445238
127.08	 -0.0578497	 -0.0579054	 0.519109	 0.13462	 -0.135131	 0.000451306
127.1	 -0.0585636	 -0.0586197	 0.516314	 0.136216	 -0.136732	 0.000456782
127.12	 -0.0592592	 -0.0593157	 0.513487	 0.137769	 -0.138289	 0.000461665
127.14	 -0.0599364	 -0.0599932	 0.510629	 0.139276	 -0.1398	 0.000465958
127.16	 -0.0605948	 -0.060652	 0.50774	 0.140739	 -0.141267	 0.000469665
127.18	 -0.0612344	 -0.0612918	 0.504822	 0.142156	 -0.142689	 0.000472793
127.2	 -0.0618549	 -0.0619125	 0.501876	 0.143527	 -0.144064	 0.000475346
127.22	 -0.062456	 -0.0625138	 0.498902	 0.144853	 -0.145393	 0.000477334
127.24	 -0.0630376	 -0.0630956	 0.495901	 0.146131	 -0.146675	 0.000478763
127.26	 -0.0635995	 -0.0636576	 0.492875	 0.147362	 -0.147909	 0.000479641
127.28	 -0.0641415	 -0.0641997	 0.489824	 0.148544	 -0.149095	 0.000479978
127.3	 -0.0646633	 -0.0647216	 0.48675	 0.149679	 -0.150232	 0.000479787
127.32	 -0.0651649	 -0.0652232	 0.483652	 0.150765	 -0.151321	 0.00047908
127.34	 -0.0656461	 -0.0657044	 0.480533	 0.151802	 -0.152361	 0.000477871
127.36	 -0.0661066	 -0.0661648	 0.477393	 0.15279	 -0.153351	 0.000476174
127.38	 -0.0665463	 -0.0666045	 0.474234	 0.153728	 -0.154291	 0.000474004
127.4	 -0.0669652	 -0.0670232	 0.471055	 0.154616	 -0.155181	 0.000471372
127.42	 -0.0673629	 -0.0674208	 0.467859	 0.155454	 -0.156021	 0.000468294
127.44	 -0.0677394	 -0.0677971	 0.464646	 0.156241	 -0.15681	 0.000464784
127.46	 -0.0680945	 -0.0681521	 0.461418	 0.156978	 -0.157548	 0.000460858
127.48	 -0.0684282	 -0.0684854	 0.458174	 0.157663	 -0.158235	 0.000456533
127.5	 -0.0687401	 -0.0687971	 0.454917	 0.158297	 -0.15887	 0.000451828
127.52	 -0.0690303	 -0.069087	 0.451648	 0.15888	 -0.159453	 0.000446759
127.54	 -0.0692987	 -0.069355	 0.448366	 0.15941	 -0.159985	 0.000441346
127.56	 -0.069545	 -0.069601	 0.445075	 0.159889	 -0.160464	 0.000435606
127.58	 -0.0697693	 -0.0698249	 0.441773	 0.160316	 -0.160891	 0.000429556
127.6	 -0.0699714	 -0.0700266	 0.438464	 0.16069	 -0.161266	 0.000423213
127.62	 -0.0701513	 -0.070206	 0.435147	 0.161012	 -0.161587	 0.000416595
127.64	 -0.0703088	 -0.0703631	 0.431824	 0.161282	 -0.161856	 0.000409722
127.66	 -0.0704439	 -0.0704976	 0.428495	 0.161498	 -0.162073	 0.000402611
127.68	 -0.0705564	 -0.0706097	 0.425163	 0.161662	 -0.162236	 0.000395282
127.7	 -0.0706465	 -0.0706992	 0.421827	 0.161773	 -0.162345	 0.000387752
127.72	 -0.0707139	 -0.0707661	 0.418489	 0.161831	 -0.162402	 0.000380038
127.74	 -0.0707587	 -0.0708102	 0.41515	 0.161836	 -0.162406	 0.000372157
127.76	 -0.0707808	 -0.0708317	 0.411812	 0.161788	 -0.162357	 0.000364124
127.78	 -0.0707802	 -0.0708305	 0.408474	 0.161687	 -0.162254	 0.000355957
127.8	 -0.0707568	 -0.0708065	 0.405139	 0.161533	 -0.162099	 0.000347672
127.82	 -0.0707107	 -0.0707597	 0.401807	 0.161326	 -0.16189	 0.00033929
127.84	 -0.0706419	 -0.0706902	 0.39848	 0.161067	 -0.161628	 0.000330827
127.86	 -0.0705503	 -0.0705978	 0.395158	 0.160754	 -0.161313	 0.000322302
127.88	 -0.0704359	 -0.0704827	 0.391842	 0.160389	 -0.160946	 0.000313729
127.9	 -0.0702988	 -0.0703449	 0.388535	 0.159972	 -0.160526	 0.000305122
127.92	 -0.070139	 -0.0701843	 0.385236	 0.159502	 -0.160053	 0.000296494
127.94	 -0.0699565	 -0.070001	 0.381947	 0.15898	 -0.159528	 0.000287857
127.96	 -0.0697513	 -0.069795	 0.378668	 0.158406	 -0.15895	 0.000279227
127.98	 -0.0695235	 -0.0695664	 0.375402	 0.15778	 -0.158321	 0.000270617
128	 -0.0692731	 -0.0693152	 0.372149	 0.157102	 -0.15764	 0.000262042
128.02	 -0.0690002	 -0.0690415	 0.36891	 0.156373	 -0.156908	 0.000253512
128.04	 -0.0687049	 -0.0687453	 0.365686	 0.155593	 -0.156124	 0.000245041
128.06	 -0.0683872	 -0.0684268	 0.362478	 0.154763	 -0.155289	 0.000236638
128.08	 -0.0680473	 -0.0680859	 0.359287	 0.153881	 -0.154404	 0.000228316
128.1	 -0.0676851	 -0.0677229	 0.356114	 0.152949	 -0.153468	 0.000220086
128.12	 -0.0673009	 -0.0673377	 0.352961	 0.151968	 -0.152482	 0.00021196
128.14	 -0.0668946	 -0.0669305	 0.349829	 0.150936	 -0.151446	 0.000203944
128.16	 -0.0664665	 -0.0665015	 0.346717	 0.149856	 -0.150361	 0.000196044
128.18	 -0.0660166	 -0.0660507	 0.343628	 0.148726	 -0.149227	 0.000188263
128.2	 -0.0655451	 -0.0655782	 0.340562	 0.147547	 -0.148044	 0.000180603
128.22	 -0.0650521	 -0.0650843	 0.337521	 0.146321	 -0.146813	 0.000173068
128.24	 -0.0645377	 -0.0645689	 0.334505	 0.145046	 -0.145533	 0.000165661
128.26	 -0.0640021	 -0.0640324	 0.331516	 0.143724	 -0.144206	 0.000158391
128.28	 -0.0634454	 -0.0634747	 0.328553	 0.142355	 -0.142832	 0.00015126
128.3	 -0.0628679	 -0.0628962	 0.325619	 0.14094	 -0.141411	 0.000144275
128.32	 -0.0622696	 -0.062297	 0.322715	 0.139478	 -0.139945	 0.000137437
128.34	 -0.0616508	 -0.0616773	 0.31984	 0.137971	 -0.138432	 0.000130749
128.36	 -0.0610117	 -0.0610372	 0.316997	 0.136418	 -0.136874	 0.000124213
128.38	 -0.0603525	 -0.060377	 0.314186	 0.134821	 -0.135272	 0.000117832
128.4	 -0.0596733	 -0.0596968	 0.311408	 0.13318	 -0.133625	 0.000111606
128.42	 -0.0589744	 -0.058997	 0.308664	 0.131495	 -0.131935	 0.000105538
128.44	 -0.058256	 -0.0582776	 0.305955	 0.129768	 -0.130202	 9.96242e-05
128.46	 -0.0575184	 -0.057539	 0.303282	 0.127998	 -0.128427	 9.38634e-05
128.48	 -0.0567617	 -0.0567813	 0.300645	 0.126186	 -0.126609	 8.82535e-05
128.5	 -0.0559862	 -0.0560049	 0.298046	 0.124333	 -0.124751	 8.27925e-05
128.52	 -0.0551921	 -0.0552098	 0.295486	 0.122439	 -0.122852	 7.74785e-05
128.54	 -0.0543797	 -0.0543965	 0.292964	 0.120506	 -0.120912	 7.23078e-05
128.56	 -0.0535492	 -0.0535651	 0.290483	 0.118532	 -0.118934	 6.72756e-05
128.58	 -0.0527009	 -0.0527159	 0.288043	 0.116521	 -0.116917	 6.23763e-05
128.6	 -0.0518352	 -0.0518492	 0.285644	 0.114471	 -0.114861	 5.76045e-05
128.62	 -0.0509522	 -0.0509653	 0.283288	 0.112383	 -0.112768	 5.29562e-05
128.64	 -0.0500522	 -0.0500644	 0.280976	 0.110259	 -0.110639	 4.84282e-05
128.66	 -0.0491356	 -0.0491469	 0.278707	 0.1081	 -0.108474	 4.40169e-05
128.68	 -0.0482026	 -0.048213	 0.276483	 0.105904	 -0.106273	 3.97182e-05
128.7	 -0.0472536	 -0.0472631	 0.274305	 0.103675	 -0.104038	 3.55263e-05
128.72	 -0.0462888	 -0.0462975	 0.272174	 0.101412	 -0.10177	 3.14353e-05
128.74	 -0.0453087	 -0.0453165	 0.270089	 0.0991152	 -0.0994682	 2.74389e-05
128.76	 -0.0443135	 -0.0443204	 0.268052	 0.0967866	 -0.0971344	 2.35309e-05
128.78	 -0.0433035	 -0.0433096	 0.266064	 0.0944265	 -0.0947693	 1.97048e-05
128.8	 -0.042279	 -0.0422844	 0.264124	 0.0920357	 -0.0923735	 1.59536e-05
128.82	 -0.0412405	 -0.0412451	 0.262235	 0.089615	 -0.0899478	 1.22697e-05
128.84	 -0.0401883	 -0.0401921	 0.260396	 0.0871651	 -0.087493	 8.64625e-06
128.86	 -0.0391226	 -0.0391257	 0.258607	 0.0846869	 -0.08501	 5.07672e-06
128.88	 -0.038044	 -0.0380462	 0.256871	 0.0821811	 -0.0824995	 1.5553e-06
128.9	 -0.0369526	 -0.0369542	 0.255186	 0.0796487	 -0.0799625	 -1.92392e-06
128.92	 -0.035849	 -0.0358498	 0.253555	 0.0770904	 -0.0773997	 -5.36746e-06
128.94	 -0.0347334	 -0.0347335	 0.251976	 0.0745071	 -0.0748119	 -8.78243e-06
128.96	 -0.0336062	 -0.0336057	 0.250452	 0.0718996	 -0.0722001	 -1.21759e-05
128.98	 -0.0324679	 -0.0324667	 0.248981	 0.0692687	 -0.0695649	 -1.55543e-05
129	 -0.0313187	 -0.0313169	 0.247566	 0.0666152	 -0.0669073	 -1.89227e-05
129.02	 -0.0301592	 -0.0301567	 0.246206	 0.06394	 -0.0642281	 -2.22854e-05
129.04	 -0.0289896	 -0.0289865	 0.244901	 0.061244	 -0.0615282	 -2.56464e-05
129.06	 -0.0278103	 -0.0278067	 0.243653	 0.058528	 -0.0588085	 -2.90093e-05
129.08	 -0.0266218	 -0.0266177	 0.242461	 0.0557929	 -0.0560698	 -3.23776e-05
129.1	 -0.0254245	 -0.0254198	 0.241327	 0.0530397	 -0.0533131	 -3.57542e-05
129.12	 -0.0242188	 -0.0242136	 0.24025	 0.0502692	 -0.0505392	 -3.91412e-05
129.14	 -0.0230051	 -0.0229993	 0.23923	 0.0474824	 -0.0477491	 -4.25403e-05
129.16	 -0.0217837	 -0.0217775	 0.238269	 0.0446801	 -0.0449437	 -4.59531e-05
129.18	 -0.0205552	 -0.0205485	 0.237366	 0.0418632	 -0.0421238	 -4.93812e-05
129.2	 -0.0193198	 -0.0193128	 0.236522	 0.0390327	 -0.0392905	 -5.28258e-05
129.22	 -0.0180782	 -0.0180707	 0.235737	 0.0361894	 -0.0364445	 -5.62873e-05
129.24	 -0.0168305	 -0.0168226	 0.235011	 0.0333343	 -0.0335868	 -5.97651e-05
129.26	 -0.0155773	 -0.0155691	 0.234345	 0.0304683	 -0.0307183	 -6.3258e-05
129.28	 -0.0143191	 -0.0143105	 0.233739	 0.0275923	 -0.02784	 -6.67645e-05
129.3	 -0.0130561	 -0.0130472	 0.233192	 0.0247072	 -0.0249528	 -7.02833e-05
129.32	 -0.0117889	 -0.0117797	 0.232706	 0.021814	 -0.0220576	 -7.38129e-05
129.34	 -0.0105178	 -0.0105084	 0.23228	 0.0189136	 -0.0191553	 -7.73511e-05
129.36	 -0.00924341	 -0.00923375	 0.231915	 0.0160069	 -0.0162469	 -8.08942e-05
129.38	 -0.007966	 -0.00795612	 0.23161	 0.0130949	 -0.0133334	 -8.44366e-05
129.4	 -0.00668605	 -0.00667597	 0.231366	 0.0101786	 -0.0104157	 -8.79713e-05
129.42	 -0.005404	 -0.00539375	 0.231183	 0.00725897	 -0.00749476	 -9.14913e-05
129.44	 -0.00412028	 -0.00410988	 0.231061	 0.00433697	 -0.00457165	 -9.499e-05
129.46	 -0.00283532	 -0.00282479	 0.231	 0.00141354	 -0.00164726	 -9.84616e-05
129.48	 -0.00154955	 -0.00153892	 0.231	 -0.00151041	 0.00127748	 -0.000101901
129.5	 -0.000263402	 -0.000252686	 0.231061	 -0.00443393	 0.00420167	 -0.000105302
129.52	 0.00102269	 0.00103347	 0.231182	 -0.00735611	 0.00712436	 -0.000108659
129.54	 0.00230831	 0.00231912	 0.231365	 -0.010276	 0.0100446	 -0.000111961
129.56	 0.003593	 0.00360383	 0.231609	 -0.0131926	 0.0129614	 -0.0001152
129.58	 0.00487635	 0.00488717	 0.231913	 -0.0161049	 0.0158738	 -0.000118366
129.6	 0.0061579	 0.00616869	 0.232279	 -0.0190121	 0.0187809	 -0.00012145
129.62	 0.00743723	 0.00744798	 0.232704	 -0.0219131	 0.0216817	 -0.000124444
129.64	 0.00871392	 0.00872459	 0.233191	 -0.0248072	 0.0245754	 -0.000127336
129.66	 0.00998754	 0.00999811	 0.233737	 -0.0276932	 0.027461	 -0.000130119
129.68	 0.0112577	 0.0112681	 0.234344	 -0.0305704	 0.0303376	 -0.00013278
129.7	 0.0125239	 0.0125342	 0.235011	 -0.0334378	 0.0332043	 -0.000135307
129.72	 0.0137857	 0.0137959	 0.235737	 -0.0362945	 0.03606	 -0.00013769
129.74	 0.0150428	 0.0150528	 0.236523	 -0.0391394	 0.038904	 -0.000139918
129.76	 0.0162947	 0.0163045	 0.237368	 -0.0419719	 0.0417353	 -0.000141979
129.78	 0.0175411	 0.0175506	 0.238272	 -0.0447909	 0.0445531	 -0.000143862
129.8	 0.0187814	 0.0187907	 0.239235	 -0.0475955	 0.0473564	 -0.000145556
129.82	 0.0200153	 0.0200244	 0.240256	 -0.0503849	 0.0501443	 -0.000147046
129.84	 0.0212424	 0.0212512	 0.241335	 -0.0531581	 0.0529159	 -0.000148319
129.86	 0.0224623	 0.0224708	 0.242472	 -0.0559141	 0.0556702	 -0.000149361
129.88	 0.0236746	 0.0236827	 0.243666	 -0.0586521	 0.0584064	 -0.00015016
129.9	 0.0248788	 0.0248866	 0.244917	 -0.0613712	 0.0611237	 -0.000150704
129.92	 0.0260746	 0.0260821	 0.246225	 -0.0640706	 0.0638211	 -0.000150983
129.94	 0.0272616	 0.0272687	 0.247588	 -0.0667495	 0.0664978	 -0.000150986
129.96	 0.0284394	 0.0284461	 0.249008	 -0.0694069	 0.069153	 -0.000150701
129.98	 0.0296076	 0.0296139	 0.250482	 -0.0720421	 0.071786	 -0.00015012
130	 0.0307658	 0.0307717	 0.252011	 -0.0746543	 0.0743958	 -0.000149232
130.02	 0.0319137	 0.0319192	 0.253595	 -0.0772427	 0.0769818	 -0.000148031
130.04	 0.0330508	 0.0330559	 0.255231	 -0.0798064	 0.079543	 -0.000146509
130.06	 0.0341769	 0.0341815	 0.256921	 -0.0823447	 0.0820788	 -0.000144659
130.08	 0.0352915	 0.0352956	 0.258663	 -0.0848568	 0.0845882	 -0.000142474
130.1	 0.0363943	 0.0363979	 0.260457	 -0.0873417	 0.0870705	 -0.000139948
130.12	 0.0374849	 0.037488	 0.262302	 -0.0897988	 0.0895248	 -0.000137074
130.14	 0.0385629	 0.0385655	 0.264197	 -0.0922272	 0.0919505	 -0.000133848
130.16	 0.0396281	 0.0396301	 0.266142	 -0.0946263	 0.0943468	 -0.000130266
130.18	 0.04068	 0.0406815	 0.268136	 -0.0969952	 0.0967128	 -0.000126324
130.2	 0.0417184	 0.0417194	 0.270178	 -0.0993332	 0.0990479	 -0.000122017
130.22	 0.0427429	 0.0427433	 0.272269	 -0.101639	 0.101351	 -0.000117338
130.24	 0.0437532	 0.043753	 0.274406	 -0.103913	 0.103622	 -0.000112284
130.26	 0.0447489	 0.0447482	 0.276589	 -0.106154	 0.10586	 -0.00010685
130.28	 0.0457298	 0.0457284	 0.278818	 -0.108361	 0.108064	 -0.000101037
130.3	 0.0466955	 0.0466936	 0.281092	 -0.110533	 0.110233	 -9.48417e-05
130.32	 0.0476458	 0.0476432	 0.28341	 -0.11267	 0.112367	 -8.82642e-05
130.34	 0.0485803	 0.048577	 0.285771	 -0.114771	 0.114465	 -8.1303e-05
130.36	 0.0494987	 0.0494948	 0.288174	 -0.116836	 0.116527	 -7.39583e-05
130.38	 0.0504007	 0.0503962	 0.290619	 -0.118863	 0.118551	 -6.62319e-05
130.4	 0.0512862	 0.051281	 0.293106	 -0.120852	 0.120538	 -5.81277e-05
130.42	 0.0521547	 0.0521488	 0.295632	 -0.122803	 0.122486	 -4.96512e-05
130.44	 0.053006	 0.0529995	 0.298197	 -0.124715	 0.124395	 -4.08085e-05
130.46	 0.0538399	 0.0538327	 0.3008	 -0.126587	 0.126264	 -3.16058e-05
130.48	 0.0546561	 0.0546482	 0.303441	 -0.128418	 0.128093	 -2.20502e-05
130.5	 0.0554543	 0.0554457	 0.306119	 -0.130208	 0.12988	 -1.21496e-05
130.52	 0.0562343	 0.056225	 0.308832	 -0.131956	 0.131626	 -1.91324e-06
130.54	 0.0569959	 0.0569859	 0.31158	 -0.133662	 0.133329	 8.64916e-06
130.56	 0.0577388	 0.0577281	 0.314362	 -0.135326	 0.13499	 1.95281e-05
130.58	 0.0584627	 0.0584513	 0.317176	 -0.136946	 0.136608	 3.07148e-05
130.6	 0.0591676	 0.0591555	 0.320023	 -0.138522	 0.138181	 4.22001e-05
130.62	 0.0598531	 0.0598403	 0.322901	 -0.140053	 0.13971	 5.39741e-05
130.64	 0.060519	 0.0605055	 0.325809	 -0.141539	 0.141195	 6.60243e-05
130.66	 0.0611652	 0.061151	 0.328747	 -0.14298	 0.142633	 7.8336e-05
130.68	 0.0617914	 0.0617766	 0.331713	 -0.144375	 0.144026	 9.0893e-05
130.7	 0.0623975	 0.062382	 0.334706	 -0.145724	 0.145372	 0.000103679
130.72	 0.0629832	 0.0629671	 0.337726	 -0.147025	 0.146672	 0.000116676
130.74	 0.0635485	 0.0635317	 0.340771	 -0.148279	 0.147924	 0.00012987
130.76	 0.064093	 0.0640756	 0.34384	 -0.149485	 0.149128	 0.000143241
130.78	 0.0646167	 0.0645987	 0.346933	 -0.150642	 0.150284	 0.000156773
130.8	 0.0651195	 0.0651008	 0.350048	 -0.151751	 0.151391	 0.000170447
130.82	 0.0656011	 0.0655818	 0.353185	 -0.152811	 0.152449	 0.000184244
130.84	 0.0660614	 0.0660415	 0.356342	 -0.153821	 0.153458	 0.000198146
130.86	 0.0665003	 0.0664799	 0.359518	 -0.154781	 0.154417	 0.000212134
130.88	 0.0669177	 0.0668967	 0.362713	 -0.155691	 0.155326	 0.00022619
130.9	 0.0673134	 0.0672919	 0.365924	 -0.15655	 0.156184	 0.000240294
130.92	 0.0676874	 0.0676654	 0.369152	 -0.157358	 0.156991	 0.000254424
130.94	 0.0680395	 0.068017	 0.372395	 -0.158115	 0.157747	 0.000268558
130.96	 0.0683696	 0.0683466	 0.375652	 -0.15882	 0.158451	 0.000282672
130.98	 0.0686777	 0.0686542	 0.378922	 -0.159473	 0.159103	 0.000296743
131	 0.0689637	 0.0689397	 0.382204	 -0.160074	 0.159703	 0.00031075
131.02	 0.0692275	 0.069203	 0.385497	 -0.160622	 0.160251	 0.000324669
131.04	 0.069469	 0.0694441	 0.388799	 -0.161118	 0.160746	 0.000338479
131.06	 0.0696882	 0.0696629	 0.39211	 -0.16156	 0.161188	 0.000352154
131.08	 0.069885	 0.0698593	 0.395428	 -0.161949	 0.161577	 0.000365672
131.1	 0.0700594	 0.0700334	 0.398753	 -0.162285	 0.161913	 0.000379005
131.12	 0.0702114	 0.070185	 0.402084	 -0.162567	 0.162196	 0.00039213
131.14	 0.0703409	 0.0703142	 0.405418	 -0.162796	 0.162425	 0.000405018
131.16	 0.0704479	 0.0704209	 0.408756	 -0.162971	 0.1626	 0.000417645
131.18	 0.0705324	 0.0705051	 0.412096	 -0.163093	 0.162722	 0.000429983
131.2	 0.0705943	 0.0705667	 0.415437	 -0.16316	 0.16279	 0.000442006
131.22	 0.0706337	 0.0706059	 0.418778	 -0.163174	 0.162805	 0.000453689
131.24	 0.0706506	 0.0706225	 0.422118	 -0.163134	 0.162766	 0.000465006
131.26	 0.070645	 0.0706167	 0.425456	 -0.16304	 0.162673	 0.000475935
131.28	 0.0706168	 0.0705884	 0.42879	 -0.162892	 0.162526	 0.000486453
131.3	 0.0705662	 0.0705376	 0.43212	 -0.162691	 0.162326	 0.000496537
131.32	 0.0704932	 0.0704644	 0.435445	 -0.162435	 0.162072	 0.000506165
131.34	 0.0703977	 0.0703688	 0.438763	 -0.162126	 0.161764	 0.000515315
131.36	 0.0702799	 0.0702509	 0.442074	 -0.161763	 0.161403	 0.000523965
131.38	 0.0701397	 0.0701107	 0.445376	 -0.161347	 0.160988	 0.000532093
131.4	 0.0699773	 0.0699482	 0.448669	 -0.160876	 0.16052	 0.00053968
131.42	 0.0697927	 0.0697636	 0.451951	 -0.160352	 0.159998	 0.000546706
131.44	 0.0695859	 0.0695568	 0.455221	 -0.159775	 0.159423	 0.000553152
131.46	 0.0693571	 0.0693281	 0.458478	 -0.159145	 0.158795	 0.000559
131.48	 0.0691063	 0.0690773	 0.461722	 -0.158461	 0.158113	 0.000564231
131.5	 0.0688337	 0.0688048	 0.46495	 -0.157725	 0.157379	 0.000568828
131.52	 0.0685393	 0.0685104	 0.468163	 -0.156936	 0.156593	 0.000572774
131.54	 0.0682232	 0.0681945	 0.471359	 -0.156094	 0.155754	 0.000576054
131.56	 0.0678855	 0.067857	 0.474537	 -0.1552	 0.154862	 0.000578656
131.58	 0.0675264	 0.0674981	 0.477696	 -0.154254	 0.153919	 0.000580569
131.6	 0.0671461	 0.0671179	 0.480836	 -0.153256	 0.152925	 0.000581782
131.62	 0.0667445	 0.0667166	 0.483954	 -0.152207	 0.151879	 0.000582284
131.64	 0.066322	 0.0662943	 0.487051	 -0.151107	 0.150782	 0.000582063
131.66	 0.0658786	 0.0658511	 0.490124	 -0.149956	 0.149634	 0.000581112
131.68	 0.0654144	 0.0653872	 0.493174	 -0.148755	 0.148437	 0.000579421
131.7	 0.0649296	 0.0649028	 0.496199	 -0.147504	 0.14719	 0.000576986
131.72	 0.0644245	 0.064398	 0.499199	 -0.146204	 0.145893	 0.000573804
131.74	 0.063899	 0.0638729	 0.502171	 -0.144855	 0.144547	 0.000569874
131.76	 0.0633536	 0.0633278	 0.505116	 -0.143457	 0.143153	 0.000565195
131.78	 0.0627882	 0.0627628	 0.508033	 -0.142011	 0.141711	 0.000559768
131.8	 0.0622031	 0.0621781	 0.51092	 -0.140517	 0.140221	 0.000553592
131.82	 0.0615985	 0.061574	 0.513777	 -0.138976	 0.138684	 0.000546671
131.84	 0.0609747	 0.0609506	 0.516602	 -0.137389	 0.137101	 0.000539007
131.86	 0.0603317	 0.0603081	 0.519395	 -0.135755	 0.135472	 0.000530606
131.88	 0.0596698	 0.0596467	 0.522155	 -0.134076	 0.133797	 0.000521472
131.9	 0.0589892	 0.0589666	 0.524882	 -0.132352	 0.132077	 0.000511612
131.92	 0.0582901	 0.058268	 0.527573	 -0.130584	 0.130313	 0.000501034
131.94	 0.0575728	 0.0575513	 0.530229	 -0.128772	 0.128506	 0.000489746
131.96	 0.0568375	 0.0568165	 0.532849	 -0.126917	 0.126655	 0.000477763
131.98	 0.0560844	 0.056064	 0.535431	 -0.125019	 0.124762	 0.000465097
132	 0.0553137	 0.0552939	 0.537976	 -0.12308	 0.122827	 0.000451769
132.02	 0.0545258	 0.0545066	 0.540482	 -0.121099	 0.120851	 0.000437796
132.04	 0.0537208	 0.0537022	 0.542948	 -0.119079	 0.118835	 0.000423197
132.06	 0.052899	 0.0528811	 0.545373	 -0.117018	 0.11678	 0.00040799
132.08	 0.0520607	 0.0520434	 0.547758	 -0.114919	 0.114685	 0.000392197
132.1	 0.0512062	 0.0511895	 0.5501	 -0.112781	 0.112552	 0.000375837
132.12	 0.0503356	 0.0503196	 0.552401	 -0.110607	 0.110382	 0.000358934
132.14	 0.0494493	 0.049434	 0.554657	 -0.108395	 0.108176	 0.000341511
132.16	 0.0485475	 0.0485329	 0.55687	 -0.106148	 0.105933	 0.000323593
132.18	 0.0476306	 0.0476166	 0.559038	 -0.103866	 0.103656	 0.000305207
132.2	 0.0466987	 0.0466855	 0.561161	 -0.101549	 0.101344	 0.000286378
132.22	 0.0457523	 0.0457398	 0.563237	 -0.0991994	 0.0989993	 0.000267134
132.24	 0.0447915	 0.0447798	 0.565267	 -0.096817	 0.0966218	 0.000247506
132.26	 0.0438168	 0.0438057	 0.56725	 -0.0944031	 0.0942127	 0.000227524
132.28	 0.0428283	 0.042818	 0.569185	 -0.0919585	 0.0917729	 0.00020722
132.3	 0.0418264	 0.0418169	 0.571071	 -0.089484	 0.0893033	 0.000186628
132.32	 0.0408115	 0.0408027	 0.572908	 -0.0869807	 0.0868047	 0.000165778
132.34	 0.0397838	 0.0397757	 0.574696	 -0.0844494	 0.0842782	 0.000144704
132.36	 0.0387436	 0.0387363	 0.576433	 -0.0818911	 0.0817247	 0.000123441
132.38	 0.0376914	 0.0376849	 0.57812	 -0.0793068	 0.079145	 0.000102023
132.4	 0.0366273	 0.0366216	 0.579755	 -0.0766972	 0.0765402	 8.0486e-05
132.42	 0.0355518	 0.0355468	 0.581339	 -0.0740635	 0.0739111	 5.88675e-05
132.44	 0.0344652	 0.034461	 0.58287	 -0.0714064	 0.0712586	 3.72037e-05
132.46	 0.0333678	 0.0333643	 0.584349	 -0.068727	 0.0685838	 1.55301e-05
132.48	 0.0322599	 0.0322572	 0.585774	 -0.0660263	 0.0658876	 -6.11782e-06
132.5	 0.0311419	 0.0311399	 0.587146	 -0.0633051	 0.0631709	 -2.7705e-05
132.52	 0.0300142	 0.0300129	 0.588464	 -0.0605645	 0.0604347	 -4.91961e-05
132.54	 0.028877	 0.0288765	 0.589727	 -0.0578054	 0.0576799	 -7.05553e-05
132.56	 0.0277307	 0.0277309	 0.590936	 -0.0550289	 0.0549077	 -9.17462e-05
132.58	 0.0265757	 0.0265766	 0.592089	 -0.0522359	 0.0521189	 -0.000112732
132.6	 0.0254124	 0.025414	 0.593187	 -0.0494274	 0.0493146	 -0.000133477
132.62	 0.024241	 0.0242433	 0.594228	 -0.0466045	 0.0464958	 -0.000153943
132.64	 0.0230619	 0.0230649	 0.595214	 -0.0437682	 0.0436634	 -0.000174092
132.66	 0.0218755	 0.0218792	 0.596143	 -0.0409194	 0.0408185	 -0.000193888
132.68	 0.0206822	 0.0206865	 0.597015	 -0.0380591	 0.037962	 -0.000213291
132.7	 0.0194823	 0.0194873	 0.597831	 -0.0351883	 0.035095	 -0.000232265
132.72	 0.0182762	 0.0182818	 0.598588	 -0.0323081	 0.0322185	 -0.000250772
132.74	 0.0170642	 0.0170704	 0.599289	 -0.0294195	 0.0293334	 -0.000268777
132.76	 0.0158467	 0.0158535	 0.599931	 -0.0265234	 0.0264407	 -0.000286243
132.78	 0.0146241	 0.0146315	 0.600516	 -0.0236209	 0.0235416	 -0.000303135
132.8	 0.0133967	 0.0134047	 0.601042	 -0.020713	 0.0206368	 -0.000319419
132.82	 0.012165	 0.0121735	 0.60151	 -0.0178006	 0.0177275	 -0.000335062
132.84	 0.0109292	 0.0109383	 0.601919	 -0.0148848	 0.0148147	 -0.000350032
132.86	 0.00968984	 0.00969942	 0.60227	 -0.0119666	 0.0118994	 -0.000364298
132.88	 0.0084472	 0.00845727	 0.602562	 -0.00904707	 0.00898257	 -0.00037783
132.9	 0.00720167	 0.00721222	 0.602795	 -0.00612727	 0.00606536	 -0.000390602
132.92	 0.00595364	 0.00596464	 0.602969	 -0.00320817	 0.00314873	 -0.000402585
132.94	 0.00470348	 0.00471492	 0.603084	 -0.000290771	 0.000233656	 -0.000413755
132.96	 0.00345157	 0.00346342	 0.60314	 0.00262393	 -0.00267887	 -0.000424088
132.98	 0.00219828	 0.00221053	 0.603136	 0.00553496	 -0.00558786	 -0.000433564
133	 0.000943994	 0.00095661	 0.603074	 0.0084413	 -0.00849231	 -0.000442164
133.02	 -0.000310914	 -0.000297948	 0.602953	 0.011342	 -0.0113912	 -0.000449869
133.04	 -0.00156606	 -0.00155277	 0.602772	 0.014236	 -0.0142837	 -0.000456664
133.06	 -0.00282106	 -0.00280746	 0.602533	 0.0171224	 -0.0171686	 -0.000462531
133.08	 -0.00407552	 -0.00406165	 0.602235	 0.0200003	 -0.0200453	 -0.000467456
133.1	 -0.00532908	 -0.00531496	 0.601878	 0.0228688	 -0.0229126	 -0.000471424
133.12	 -0.00658133	 -0.00656699	 0.601462	 0.025727	 -0.0257698	 -0.000474423
133.14	 -0.00783191	 -0.00781737	 0.600987	 0.0285739	 -0.028616	 -0.000476441
133.16	 -0.00908043	 -0.00906572	 0.600454	 0.0314088	 -0.0314502	 -0.000477471
133.18	 -0.0103265	 -0.0103117	 0.599863	 0.0342306	 -0.0342715	 -0.000477506
133.2	 -0.0115698	 -0.0115548	 0.599214	 0.0370385	 -0.0370792	 -0.000476539
133.22	 -0.0128098	 -0.0127948	 0.598507	 0.0398317	 -0.0398722	 -0.000474569
133.24	 -0.0140463	 -0.0140312	 0.597742	 0.0426093	 -0.0426498	 -0.000471594
133.26	 -0.0152788	 -0.0152637	 0.59692	 0.0453704	 -0.0454111	 -0.000467616
133.28	 -0.016507	 -0.0164918	 0.59604	 0.0481141	 -0.0481552	 -0.000462637
133.3	 -0.0177304	 -0.0177153	 0.595104	 0.0508395	 -0.0508812	 -0.000456665
133.32	 -0.0189487	 -0.0189336	 0.594111	 0.0535456	 -0.053588	 -0.000449705
133.34	 -0.0201615	 -0.0201466	 0.593062	 0.0562316	 -0.0562749	 -0.000441767
133.36	 -0.0213685	 -0.0213536	 0.591957	 0.0588965	 -0.0589409	 -0.000432861
133.38	 -0.0225692	 -0.0225545	 0.590797	 0.0615395	 -0.0615852	 -0.000423002
133.4	 -0.0237634	 -0.0237488	 0.589581	 0.0641596	 -0.0642068	 -0.000412204
133.42	 -0.0249505	 -0.0249361	 0.58831	 0.0667561	 -0.066805	 -0.000400484
133.44	 -0.0261303	 -0.0261161	 0.586985	 0.0693281	 -0.0693788	 -0.000387861
133.46	 -0.0273024	 -0.0272884	 0.585606	 0.0718748	 -0.0719275	 -0.000374353
133.48	 -0.0284664	 -0.0284527	 0.584173	 0.0743953	 -0.0744502	 -0.000359981
133.5	 -0.0296219	 -0.0296085	 0.582688	 0.076889	 -0.0769463	 -0.000344767
133.52	 -0.0307687	 -0.0307556	 0.581149	 0.079355	 -0.0794149	 -0.000328732
133.54	 -0.0319063	 -0.0318936	 0.579558	 0.0817928	 -0.0818555	 -0.000311899
133.56	 -0.0330344	 -0.033022	 0.577916	 0.0842015	 -0.0842671	 -0.000294296
133.58	 -0.0341526	 -0.0341406	 0.576222	 0.0865805	 -0.0866494	 -0.000275948
133.6	 -0.0352606	 -0.035249	 0.574478	 0.0889293	 -0.0890014	 -0.000256883
133.62	 -0.036358	 -0.0363468	 0.572683	 0.0912471	 -0.0913227	 -0.000237133
133.64	 -0.0374445	 -0.0374338	 0.570839	 0.0935333	 -0.0936127	 -0.000216728
133.66	 -0.0385197	 -0.0385095	 0.568946	 0.0957874	 -0.0958706	 -0.000195703
133.68	 -0.0395833	 -0.0395736	 0.567004	 0.0980086	 -0.0980959	 -0.000174091
133.7	 -0.0406349	 -0.0406257	 0.565015	 0.100196	 -0.100288	 -0.000151932
133.72	 -0.0416742	 -0.0416656	 0.562979	 0.10235	 -0.102446	 -0.000129264
133.74	 -0.0427008	 -0.0426928	 0.560895	 0.104468	 -0.104569	 -0.000106127
133.76	 -0.0437144	 -0.043707	 0.558767	 0.106551	 -0.106657	 -8.2561e-05
133.78	 -0.0447148	 -0.044708	 0.556592	 0.108598	 -0.108708	 -5.86075e-05
133.8	 -0.0457014	 -0.0456953	 0.554374	 0.110608	 -0.110724	 -3.43076e-05
133.82	 -0.0466741	 -0.0466686	 0.552111	 0.112581	 -0.112702	 -9.70278e-06
133.84	 -0.0476325	 -0.0476277	 0.549806	 0.114516	 -0.114642	 1.5165e-05
133.86	 -0.0485763	 -0.0485722	 0.547458	 0.116412	 -0.116544	 4.0254e-05
133.88	 -0.0495051	 -0.0495017	 0.545069	 0.11827	 -0.118407	 6.55232e-05
133.9	 -0.0504188	 -0.0504161	 0.542638	 0.120088	 -0.120231	 9.09314e-05
133.92	 -0.0513169	 -0.051315	 0.540167	 0.121867	 -0.122016	 0.000116437
133.94	 -0.0521992	 -0.0521981	 0.537657	 0.123605	 -0.123761	 0.000141998
133.96	 -0.0530655	 -0.0530651	 0.535108	 0.125303	 -0.125465	 0.000167569
133.98	 -0.0539153	 -0.0539158	 0.532522	 0.12696	 -0.127128	 0.000193103
134	 -0.0547484	 -0.0547497	 0.529898	 0.128575	 -0.12875	 0.000218556
134.02	 -0.0555645	 -0.0555667	 0.527238	 0.130148	 -0.13033	 0.00024388
134.04	 -0.0563634	 -0.0563664	 0.524543	 0.131679	 -0.131867	 0.000269029
134.06	 -0.0571447	 -0.0571485	 0.521813	 0.133167	 -0.133362	 0.00029396
134.08	 -0.0579082	 -0.0579129	 0.51905	 0.134612	 -0.134814	 0.000318628
134.1	 -0.0586535	 -0.0586591	 0.516254	 0.136014	 -0.136223	 0.000342988
134.12	 -0.0593806	 -0.0593871	 0.513426	 0.137371	 -0.137588	 0.000366997
134.14	 -0.060089	 -0.0600964	 0.510567	 0.138685	 -0.138908	 0.000390611
134.16	 -0.0607785	 -0.0607868	 0.507678	 0.139953	 -0.140185	 0.00041379
134.18	 -0.061449	 -0.0614582	 0.50476	 0.141178	 -0.141417	 0.000436491
134.2	 -0.0621001	 -0.0621102	 0.501813	 0.142357	 -0.142604	 0.000458677
134.22	 -0.0627316	 -0.0627427	 0.498839	 0.143491	 -0.143745	 0.000480307
134.24	 -0.0633433	 -0.0633553	 0.495839	 0.144579	 -0.144841	 0.000501345
134.26	 -0.0639349	 -0.0639479	 0.492813	 0.145621	 -0.145891	 0.000521752
134.28	 -0.0645063	 -0.0645202	 0.489763	 0.146616	 -0.146895	 0.000541494
134.3	 -0.0650571	 -0.0650721	 0.486689	 0.147566	 -0.147852	 0.000560537
134.32	 -0.0655874	 -0.0656033	 0.483592	 0.148468	 -0.148762	 0.000578851
134.34	 -0.0660967	 -0.0661136	 0.480474	 0.149323	 -0.149626	 0.000596405
134.36	 -0.066585	 -0.0666028	 0.477335	 0.150132	 -0.150442	 0.000613169
134.38	 -0.067052	 -0.0670708	 0.474177	 0.150892	 -0.151211	 0.000629113
134.4	 -0.0674976	 -0.0675174	 0.471	 0.151606	 -0.151933	 0.000644209
134.42	 -0.0679216	 -0.0679423	 0.467805	 0.152272	 -0.152608	 0.000658429
134.44	 -0.0683238	 -0.0683455	 0.464594	 0.15289	 -0.153234	 0.000671748
134.46	 -0.068704	 -0.0687267	 0.461367	 0.15346	 -0.153813	 0.000684142
134.48	 -0.0690622	 -0.0690859	 0.458126	 0.153983	 -0.154343	 0.000695592
134.5	 -0.0693981	 -0.0694227	 0.454871	 0.154457	 -0.154826	 0.00070608
134.52	 -0.0697116	 -0.0697372	 0.451604	 0.154883	 -0.15526	 0.000715588
134.54	 -0.0700026	 -0.0700292	 0.448325	 0.155261	 -0.155647	 0.000724101
134.56	 -0.0702709	 -0.0702985	 0.445036	 0.155591	 -0.155985	 0.000731604
134.58	 -0.0705165	 -0.070545	 0.441737	 0.155872	 -0.156274	 0.000738083
134.6	 -0.0707392	 -0.0707686	 0.43843	 0.156105	 -0.156516	 0.000743528
134.62	 -0.0709389	 -0.0709693	 0.435116	 0.15629	 -0.156709	 0.000747929
134.64	 -0.0711155	 -0.0711468	 0.431795	 0.156426	 -0.156853	 0.000751281
134.66	 -0.0712689	 -0.0713012	 0.42847	 0.156514	 -0.156949	 0.000753578
134.68	 -0.071399	 -0.0714322	 0.42514	 0.156553	 -0.156996	 0.00075482
134.7	 -0.0715058	 -0.07154	 0.421808	 0.156544	 -0.156995	 0.000755003
134.72	 -0.0715892	 -0.0716243	 0.418473	 0.156487	 -0.156946	 0.000754129
134.74	 -0.0716492	 -0.0716851	 0.415137	 0.156382	 -0.156849	 0.000752198
134.76	 -0.0716856	 -0.0717224	 0.411802	 0.156229	 -0.156704	 0.000749213
134.78	 -0.0716985	 -0.0717362	 0.408468	 0.156028	 -0.15651	 0.000745181
134.8	 -0.0716878	 -0.0717264	 0.405136	 0.155778	 -0.156268	 0.000740109
134.82	 -0.0716535	 -0.0716929	 0.401807	 0.155481	 -0.155979	 0.000734011
134.84	 -0.0715956	 -0.0716358	 0.398483	 0.155137	 -0.155642	 0.000726899
134.86	 -0.071514	 -0.0715551	 0.395164	 0.154745	 -0.155257	 0.000718788
134.88	 -0.0714088	 -0.0714507	 0.391852	 0.154306	 -0.154825	 0.000709692
134.9	 -0.07128	 -0.0713226	 0.388548	 0.15382	 -0.154346	 0.000699627
134.92	 -0.0711275	 -0.071171	 0.385252	 0.153287	 -0.15382	 0.00068861
134.94	 -0.0709515	 -0.0709957	 0.381966	 0.152707	 -0.153247	 0.000676659
134.96	 -0.0707519	 -0.0707968	 0.378691	 0.152081	 -0.152628	 0.000663798
134.98	 -0.0705288	 -0.0705744	 0.375428	 0.151409	 -0.151962	 0.00065005
135	 -0.0702822	 -0.0703285	 0.372178	 0.150691	 -0.151251	 0.000635442
135.02	 -0.0700121	 -0.0700592	 0.368941	 0.149927	 -0.150493	 0.000620001
135.04	 -0.0697188	 -0.0697664	 0.36572	 0.149118	 -0.149691	 0.000603755
135.06	 -0.0694021	 -0.0694504	 0.362515	 0.148265	 -0.148843	 0.000586732
135.08	 -0.0690622	 -0.0691112	 0.359327	 0.147366	 -0.14795	 0.000568966
135.1	 -0.0686993	 -0.0687488	 0.356157	 0.146423	 -0.147012	 0.000550489
135.12	 -0.0683133	 -0.0683634	 0.353007	 0.145436	 -0.146031	 0.000531335
135.14	 -0.0679045	 -0.0679551	 0.349877	 0.144405	 -0.145005	 0.000511541
135.16	 -0.0674728	 -0.067524	 0.346768	 0.143331	 -0.143936	 0.000491137
135.18	 -0.0670186	 -0.0670702	 0.343681	 0.142214	 -0.142823	 0.000470157
135.2	 -0.0665417	 -0.0665939	 0.340617	 0.141053	 -0.141668	 0.000448634
135.22	 -0.0660425	 -0.0660951	 0.337578	 0.139851	 -0.14047	 0.000426604
135.24	 -0.0655211	 -0.0655741	 0.334564	 0.138606	 -0.13923	 0.000404107
135.26	 -0.0649776	 -0.065031	 0.331576	 0.13732	 -0.137948	 0.000381184
135.28	 -0.0644121	 -0.0644659	 0.328616	 0.135993	 -0.136624	 0.000357877
135.3	 -0.063825	 -0.0638791	 0.325683	 0.134625	 -0.13526	 0.000334227
135.32	 -0.0632163	 -0.0632707	 0.32278	 0.133216	 -0.133855	 0.000310275
135.34	 -0.0625862	 -0.0626409	 0.319907	 0.131768	 -0.132409	 0.000286064
135.36	 -0.061935	 -0.0619899	 0.317064	 0.13028	 -0.130924	 0.000261635
135.38	 -0.0612628	 -0.061318	 0.314254	 0.128752	 -0.1294	 0.000237033
135.4	 -0.0605699	 -0.0606253	 0.311477	 0.127187	 -0.127837	 0.000212301
135.42	 -0.0598566	 -0.0599121	 0.308734	 0.125583	 -0.126236	 0.000187481
135.44	 -0.0591229	 -0.0591786	 0.306025	 0.123942	 -0.124597	 0.000162616
135.46	 -0.0583693	 -0.0584251	 0.303352	 0.122264	 -0.12292	 0.000137747
135.48	 -0.0575958	 -0.0576517	 0.300716	 0.120549	 -0.121207	 0.000112917
135.5	 -0.0568028	 -0.0568588	 0.298117	 0.118798	 -0.119458	 8.81671e-05
135.52	 -0.0559906	 -0.0560466	 0.295556	 0.117011	 -0.117672	 6.35408e-05
135.54	 -0.0551593	 -0.0552153	 0.293034	 0.11519	 -0.115852	 3.90787e-05
135.56	 -0.0543094	 -0.0543653	 0.290552	 0.113333	 -0.113996	 1.48203e-05
135.58	 -0.053441	 -0.0534969	 0.288111	 0.111443	 -0.112106	 -9.19596e-06
135.6	 -0.0525544	 -0.0526102	 0.285712	 0.109519	 -0.110183	 -3.29315e-05
135.62	 -0.05165	 -0.0517057	 0.283355	 0.107563	 -0.108227	 -5.63468e-05
135.64	 -0.050728	 -0.0507836	 0.281041	 0.105574	 -0.106238	 -7.94021e-05
135.66	 -0.0497888	 -0.0498442	 0.278771	 0.103553	 -0.104217	 -0.000102058
135.68	 -0.0488328	 -0.0488879	 0.276546	 0.101502	 -0.102165	 -0.000124278
135.7	 -0.0478601	 -0.0479151	 0.274367	 0.0994198	 -0.100082	 -0.000146026
135.72	 -0.0468712	 -0.0469259	 0.272233	 0.0973079	 -0.0979688	 -0.000167267
135.74	 -0.0458664	 -0.0459208	 0.270147	 0.0951667	 -0.0958263	 -0.00018797
135.76	 -0.0448461	 -0.0449002	 0.268108	 0.0929968	 -0.093655	 -0.000208102
135.78	 -0.0438105	 -0.0438643	 0.266117	 0.090799	 -0.0914555	 -0.000227633
135.8	 -0.0427602	 -0.0428136	 0.264176	 0.0885738	 -0.0892283	 -0.000246534
135.82	 -0.0416953	 -0.0417483	 0.262284	 0.0863218	 -0.0869741	 -0.000264779
135.84	 -0.0406163	 -0.0406689	 0.260442	 0.0840436	 -0.0846936	 -0.00028234
135.86	 -0.0395236	 -0.0395758	 0.258652	 0.0817399	 -0.0823873	 -0.000299194
135.88	 -0.0384176	 -0.0384692	 0.256912	 0.0794114	 -0.0800559	 -0.000315315
135.9	 -0.0372985	 -0.0373497	 0.255225	 0.0770587	 -0.0777003	 -0.000330681
135.92	 -0.0361669	 -0.0362176	 0.253591	 0.0746826	 -0.0753209	 -0.000345271
135.94	 -0.0350231	 -0.0350732	 0.252009	 0.0722836	 -0.0729185	 -0.000359068
135.96	 -0.0338675	 -0.033917	 0.250482	 0.0698624	 -0.0704937	 -0.000372055
135.98	 -0.0327005	 -0.0327495	 0.249008	 0.0674197	 -0.0680471	 -0.000384217
136	 -0.0315225	 -0.0315709	 0.24759	 0.064956	 -0.0655794	 -0.000395539
136.02	 -0.030334	 -0.0303817	 0.246227	 0.0624722	 -0.0630914	 -0.000406009
136.04	 -0.0291353	 -0.0291823	 0.244919	 0.0599689	 -0.0605836	 -0.000415614
136.06	 -0.0279269	 -0.0279732	 0.243668	 0.0574467	 -0.0580569	 -0.000424343
136.08	 -0.0267091	 -0.0267547	 0.242473	 0.0549065	 -0.0555118	 -0.000432189
136.1	 -0.0254825	 -0.0255273	 0.241335	 0.0523489	 -0.0529493	 -0.000439144
136.12	 -0.0242474	 -0.0242915	 0.240255	 0.0497746	 -0.0503698	 -0.000445203
136.14	 -0.0230043	 -0.0230476	 0.239232	 0.0471844	 -0.0477743	 -0.000450363
136.16	 -0.0217536	 -0.0217962	 0.238268	 0.044579	 -0.0451635	 -0.00045462
136.18	 -0.0204958	 -0.0205375	 0.237362	 0.0419591	 -0.0425379	 -0.000457976
136.2	 -0.0192313	 -0.0192722	 0.236514	 0.0393254	 -0.0398985	 -0.000460434
136.22	 -0.0179605	 -0.0180005	 0.235726	 0.0366787	 -0.0372458	 -0.000461995
136.24	 -0.0166839	 -0.016723	 0.234997	 0.0340196	 -0.0345807	 -0.000462665
136.26	 -0.0154019	 -0.0154402	 0.234328	 0.031349	 -0.0319038	 -0.000462449
136.28	 -0.014115	 -0.0141523	 0.233718	 0.0286675	 -0.029216	 -0.000461355
136.3	 -0.0128236	 -0.01286	 0.233169	 0.025976	 -0.026518	 -0.000459391
136.32	 -0.0115281	 -0.0115636	 0.23268	 0.0232752	 -0.0238105	 -0.000456569
136.34	 -0.0102291	 -0.0102637	 0.232251	 0.0205657	 -0.0210943	 -0.000452902
136.36	 -0.00892697	 -0.00896053	 0.231883	 0.0178484	 -0.0183702	 -0.000448403
136.38	 -0.00762214	 -0.00765472	 0.231576	 0.0151241	 -0.015639	 -0.000443084
136.4	 -0.0063151	 -0.00634668	 0.231329	 0.0123936	 -0.0129014	 -0.000436961
136.42	 -0.00500629	 -0.00503686	 0.231144	 0.00965761	 -0.0101583	 -0.000430048
136.44	 -0.00369617	 -0.00372571	 0.231019	 0.00691706	 -0.00741051	 -0.000422363
136.46	 -0.0023852	 -0.0024137	 0.230956	 0.00417267	 -0.00465882	 -0.000413927
136.48	 -0.00107383	 -0.00110128	 0.230953	 0.00142519	 -0.00190396	 -0.000404763
136.5	 0.000237493	 0.000211098	 0.231012	 -0.00132461	 0.000853293	 -0.000394892
136.52	 0.00154831	 0.00152299	 0.231132	 -0.00407595	 0.00361216	 -0.000384339
136.54	 0.00285818	 0.00283393	 0.231313	 -0.00682805	 0.00637183	 -0.000373126
136.56	 0.00416664	 0.00414348	 0.231555	 -0.00958007	 0.00913149	 -0.000361278
136.58	 0.00547323	 0.00545116	 0.231858	 -0.0123312	 0.0118903	 -0.00034882
136.6	 0.0067775	 0.00675654	 0.232222	 -0.0150807	 0.0146475	 -0.000335778
136.62	 0.008079	 0.00805915	 0.232646	 -0.0178277	 0.0174023	 -0.00032218
136.64	 0.00937729	 0.00935854	 0.233131	 -0.0205716	 0.0201539	 -0.000308056
136.66	 0.0106719	 0.0106543	 0.233677	 -0.0233114	 0.0229016	 -0.000293435
136.68	 0.0119624	 0.0119459	 0.234283	 -0.0260464	 0.0256444	 -0.000278345
136.7	 0.0132484	 0.013233	 0.234949	 -0.0287757	 0.0283816	 -0.000262817
136.72	 0.0145294	 0.0145152	 0.235675	 -0.0314987	 0.0311124	 -0.00024688
136.74	 0.015805	 0.0157919	 0.23646	 -0.0342144	 0.0338361	 -0.000230565
136.76	 0.0170748	 0.0170628	 0.237305	 -0.0369222	 0.0365517	 -0.000213904
136.78	 0.0183382	 0.0183273	 0.238209	 -0.0396212	 0.0392586	 -0.000196927
136.8	 0.019595	 0.0195852	 0.239172	 -0.0423107	 0.0419559	 -0.000179665
136.82	 0.0208447	 0.020836	 0.240193	 -0.0449897	 0.0446429	 -0.000162148
136.84	 0.0220868	 0.0220792	 0.241273	 -0.0476576	 0.0473186	 -0.000144406
136.86	 0.0233209	 0.0233145	 0.24241	 -0.0503134	 0.0499822	 -0.000126468
136.88	 0.0245466	 0.0245413	 0.243605	 -0.0529564	 0.0526329	 -0.000108366
136.9	 0.0257636	 0.0257594	 0.244857	 -0.0555857	 0.05527	 -9.01318e-05
136.92	 0.0269714	 0.0269683	 0.246166	 -0.0582007	 0.0578927	 -7.17971e-05
136.94	 0.0281695	 0.0281675	 0.247531	 -0.0608005	 0.0605001	 -5.33936e-05
136.96	 0.0293577	 0.0293568	 0.248952	 -0.0633844	 0.0630916	 -3.49526e-05
136.98	 0.0305355	 0.0305356	 0.250428	 -0.0659516	 0.0656663	 -1.65051e-05
137	 0.0317025	 0.0317037	 0.251959	 -0.0685014	 0.0682236	 1.91698e-06
137.02	 0.0328583	 0.0328606	 0.253544	 -0.071033	 0.0707626	 2.02817e-05
137.04	 0.0340026	 0.0340059	 0.255182	 -0.0735458	 0.0732827	 3.8557e-05
137.06	 0.0351349	 0.0351393	 0.256874	 -0.0760388	 0.075783	 5.67115e-05
137.08	 0.036255	 0.0362604	 0.258618	 -0.0785114	 0.0782627	 7.47149e-05
137.1	 0.0373623	 0.0373688	 0.260414	 -0.0809627	 0.0807211	 9.25375e-05
137.12	 0.0384567	 0.0384641	 0.262261	 -0.083392	 0.0831573	 0.00011015
137.14	 0.0395376	 0.039546	 0.264159	 -0.0857985	 0.0855707	 0.000127524
137.16	 0.0406049	 0.0406142	 0.266106	 -0.0881814	 0.0879605	 0.00014463
137.18	 0.041658	 0.0416683	 0.268103	 -0.0905402	 0.0903259	 0.000161444
137.2	 0.0426967	 0.0427079	 0.270148	 -0.0928738	 0.0926662	 0.000177941
137.22	 0.0437207	 0.0437328	 0.272241	 -0.0951817	 0.0949806	 0.000194099
137.24	 0.0447296	 0.0447426	 0.274381	 -0.097463	 0.0972682	 0.000209898
137.26	 0.0457231	 0.0457369	 0.276567	 -0.0997169	 0.0995285	 0.000225315
137.28	 0.0467009	 0.0467156	 0.278799	 -0.101943	 0.101761	 0.000240331
137.3	 0.0476627	 0.0476782	 0.281076	 -0.10414	 0.103964	 0.000254926
137.32	 0.0486082	 0.0486244	 0.283396	 -0.106308	 0.106138	 0.000269081
137.34	 0.049537	 0.049554	 0.285761	 -0.108445	 0.108281	 0.000282782
137.36	 0.050449	 0.0504667	 0.288167	 -0.110552	 0.110394	 0.000296012
137.38	 0.0513437	 0.0513621	 0.290615	 -0.112628	 0.112475	 0.000308757
137.4	 0.052221	 0.0522401	 0.293105	 -0.114671	 0.114523	 0.000321003
137.42	 0.0530806	 0.0531003	 0.295634	 -0.116681	 0.116538	 0.000332734
137.44	 0.0539221	 0.0539424	 0.298202	 -0.118657	 0.11852	 0.000343938
137.46	 0.0547454	 0.0547663	 0.300809	 -0.120599	 0.120467	 0.000354603
137.48	 0.0555502	 0.0555717	 0.303453	 -0.122505	 0.122378	 0.00036472
137.5	 0.0563363	 0.0563582	 0.306133	 -0.124376	 0.124254	 0.000374281
137.52	 0.0571033	 0.0571258	 0.308849	 -0.12621	 0.126093	 0.000383278
137.54	 0.0578511	 0.0578741	 0.3116	 -0.128008	 0.127895	 0.000391704
137.56	 0.0585795	 0.0586029	 0.314385	 -0.129767	 0.129658	 0.000399557
137.58	 0.0592882	 0.059312	 0.317202	 -0.131488	 0.131383	 0.000406835
137.6	 0.0599771	 0.0600013	 0.320052	 -0.13317	 0.133069	 0.00041354
137.62	 0.0606459	 0.0606704	 0.322933	 -0.134812	 0.134715	 0.000419671
137.64	 0.0612944	 0.0613193	 0.325844	 -0.136413	 0.136321	 0.00042523
137.66	 0.0619225	 0.0619476	 0.328784	 -0.137974	 0.137885	 0.000430219
137.68	 0.06253	 0.0625553	 0.331752	 -0.139493	 0.139407	 0.000434638
137.7	 0.0631166	 0.0631422	 0.334748	 -0.14097	 0.140887	 0.000438491
137.72	 0.0636823	 0.0637081	 0.33777	 -0.142404	 0.142324	 0.000441782
137.74	 0.0642268	 0.0642528	 0.340817	 -0.143794	 0.143718	 0.000444518
137.76	 0.06475	 0.0647762	 0.343889	 -0.14514	 0.145067	 0.000446706
137.78	 0.0652518	 0.0652781	 0.346984	 -0.146442	 0.146372	 0.000448355
137.8	 0.0657321	 0.0657585	 0.350101	 -0.147699	 0.147631	 0.000449475
137.82	 0.0661906	 0.0662171	 0.353239	 -0.14891	 0.148844	 0.000450076
137.84	 0.0666274	 0.0666539	 0.356398	 -0.150075	 0.150011	 0.000450172
137.86	 0.0670422	 0.0670688	 0.359576	 -0.151193	 0.151131	 0.000449776
137.88	 0.067435	 0.0674616	 0.362772	 -0.152264	 0.152204	 0.000448904
137.9	 0.0678057	 0.0678322	 0.365985	 -0.153287	 0.153228	 0.000447569
137.92	 0.0681541	 0.0681806	 0.369214	 -0.154262	 0.154204	 0.000445788
137.94	 0.0684803	 0.0685067	 0.372458	 -0.155188	 0.155131	 0.000443575
137.96	 0.0687841	 0.0688104	 0.375715	 -0.156064	 0.156009	 0.000440944
137.98	 0.0690655	 0.0690916	 0.378986	 -0.156891	 0.156836	 0.000437913
138	 0.0693244	 0.0693503	 0.382269	 -0.157668	 0.157614	 0.000434499
138.02	 0.0695607	 0.0695865	 0.385562	 -0.158394	 0.15834	 0.00043072
138.04	 0.0697745	 0.0698	 0.388864	 -0.159069	 0.159016	 0.000426595
138.06	 0.0699657	 0.069991	 0.392175	 -0.159692	 0.15964	 0.000422141
138.08	 0.0701343	 0.0701593	 0.395493	 -0.160264	 0.160211	 0.000417375
138.1	 0.0702802	 0.0703049	 0.398818	 -0.160784	 0.160731	 0.000412317
138.12	 0.0704035	 0.0704278	 0.402148	 -0.161251	 0.161198	 0.000406982
138.14	 0.0705041	 0.0705281	 0.405482	 -0.161666	 0.161612	 0.000401387
138.16	 0.0705821	 0.0706056	 0.408819	 -0.162027	 0.161973	 0.000395549
138.18	 0.0706374	 0.0706605	 0.412158	 -0.162336	 0.162281	 0.000389484
138.2	 0.07067	 0.0706927	 0.415498	 -0.162591	 0.162535	 0.00038321
138.22	 0.0706801	 0.0707023	 0.418838	 -0.162793	 0.162735	 0.000376742
138.24	 0.0706675	 0.0706893	 0.422177	 -0.16294	 0.162882	 0.000370099
138.26	 0.0706324	 0.0706537	 0.425513	 -0.163034	 0.162974	 0.000363299
138.28	 0.0705749	 0.0705956	 0.428846	 -0.163074	 0.163012	 0.00035636
138.3	 0.0704948	 0.070515	 0.432174	 -0.163059	 0.162996	 0.000349301
138.32	 0.0703924	 0.070412	 0.435497	 -0.16299	 0.162925	 0.000342137
138.34	 0.0702676	 0.0702866	 0.438814	 -0.162867	 0.1628	 0.000334886
138.36	 0.0701206	 0.070139	 0.442122	 -0.162689	 0.162619	 0.000327564
138.38	 0.0699514	 0.0699691	 0.445422	 -0.162455	 0.162384	 0.000320187
138.4	 0.0697601	 0.0697772	 0.448713	 -0.162167	 0.162094	 0.00031277
138.42	 0.0695468	 0.0695632	 0.451992	 -0.161824	 0.161748	 0.00030533
138.44	 0.0693115	 0.0693272	 0.455259	 -0.161426	 0.161347	 0.000297883
138.46	 0.0690545	 0.0690695	 0.458514	 -0.160973	 0.160892	 0.00029044
138.48	 0.0687757	 0.06879	 0.461755	 -0.160465	 0.160381	 0.000283016
138.5	 0.0684754	 0.0684889	 0.464981	 -0.159902	 0.159815	 0.000275622
138.52	 0.0681536	 0.0681663	 0.468191	 -0.159284	 0.159193	 0.000268269
138.54	 0.0678104	 0.0678225	 0.471384	 -0.158611	 0.158517	 0.000260971
138.56	 0.0674461	 0.0674574	 0.474559	 -0.157884	 0.157786	 0.000253739
138.58	 0.0670608	 0.0670712	 0.477715	 -0.157101	 0.157	 0.000246584
138.6	 0.0666545	 0.0666642	 0.480851	 -0.156265	 0.15616	 0.000239517
138.62	 0.0662276	 0.0662364	 0.483967	 -0.155373	 0.155265	 0.000232544
138.64	 0.0657801	 0.0657881	 0.48706	 -0.154428	 0.154316	 0.000225673
138.66	 0.0653122	 0.0653194	 0.490131	 -0.153429	 0.153313	 0.000218908
138.68	 0.0648241	 0.0648304	 0.493177	 -0.152376	 0.152256	 0.000212257
138.7	 0.0643159	 0.0643213	 0.496199	 -0.15127	 0.151146	 0.000205724
138.72	 0.0637879	 0.0637924	 0.499195	 -0.150111	 0.149983	 0.000199318
138.74	 0.0632402	 0.0632439	 0.502165	 -0.148899	 0.148767	 0.000193043
138.76	 0.062673	 0.0626758	 0.505107	 -0.147635	 0.147498	 0.000186905
138.78	 0.0620866	 0.0620885	 0.50802	 -0.146318	 0.146178	 0.000180907
138.8	 0.0614811	 0.0614821	 0.510904	 -0.14495	 0.144805	 0.000175051
138.82	 0.0608568	 0.0608569	 0.513757	 -0.14353	 0.143381	 0.000169338
138.84	 0.0602138	 0.060213	 0.51658	 -0.14206	 0.141906	 0.000163769
138.86	 0.0595524	 0.0595507	 0.51937	 -0.140539	 0.140381	 0.000158344
138.88	 0.0588729	 0.0588702	 0.522127	 -0.138968	 0.138806	 0.000153059
138.9	 0.0581753	 0.0581718	 0.524851	 -0.137348	 0.137181	 0.000147913
138.92	 0.0574601	 0.0574556	 0.527539	 -0.135679	 0.135507	 0.000142901
138.94	 0.0567273	 0.056722	 0.530193	 -0.133961	 0.133785	 0.00013802
138.96	 0.0559774	 0.0559711	 0.53281	 -0.132196	 0.132014	 0.000133268
138.98	 0.0552104	 0.0552032	 0.53539	 -0.130383	 0.130197	 0.000128642
139	 0.0544267	 0.0544186	 0.537932	 -0.128523	 0.128333	 0.000124143
139.02	 0.0536265	 0.0536175	 0.540435	 -0.126617	 0.126422	 0.000119766
139.04	 0.0528101	 0.0528002	 0.542899	 -0.124666	 0.124467	 0.000115509
139.06	 0.0519778	 0.051967	 0.545322	 -0.12267	 0.122466	 0.000111366
139.08	 0.0511298	 0.0511181	 0.547705	 -0.12063	 0.120421	 0.000107331
139.1	 0.0502664	 0.0502538	 0.550045	 -0.118547	 0.118334	 0.000103397
139.12	 0.0493878	 0.0493744	 0.552344	 -0.116421	 0.116203	 9.95577e-05
139.14	 0.0484944	 0.0484801	 0.554599	 -0.114253	 0.114031	 9.58062e-05
139.16	 0.0475865	 0.0475713	 0.55681	 -0.112045	 0.111817	 9.2135e-05
139.18	 0.0466642	 0.0466482	 0.558977	 -0.109795	 0.109563	 8.85363e-05
139.2	 0.045728	 0.0457111	 0.561098	 -0.107506	 0.10727	 8.50024e-05
139.22	 0.044778	 0.0447603	 0.563173	 -0.105179	 0.104938	 8.15259e-05
139.24	 0.0438146	 0.0437961	 0.565203	 -0.102813	 0.102568	 7.80999e-05
139.26	 0.0428382	 0.0428189	 0.567184	 -0.100411	 0.100161	 7.4718e-05
139.28	 0.0418489	 0.0418288	 0.569119	 -0.0979718	 0.097718	 7.13739e-05
139.3	 0.0408472	 0.0408263	 0.571004	 -0.0954979	 0.0952398	 6.80606e-05
139.32	 0.0398333	 0.0398117	 0.572841	 -0.0929897	 0.0927274	 6.47706e-05
139.34	 0.0388075	 0.0387852	 0.574629	 -0.0904482	 0.0901817	 6.14958e-05
139.36	 0.0377703	 0.0377472	 0.576366	 -0.0878742	 0.0876037	 5.82286e-05
139.38	 0.0367218	 0.036698	 0.578053	 -0.0852688	 0.0849943	 5.49615e-05
139.4	 0.0356624	 0.0356379	 0.579689	 -0.0826329	 0.0823545	 5.16882e-05
139.42	 0.0345925	 0.0345673	 0.581273	 -0.0799675	 0.0796852	 4.84024e-05
139.44	 0.0335123	 0.0334865	 0.582805	 -0.0772735	 0.0769875	 4.50977e-05
139.46	 0.0324223	 0.0323958	 0.584284	 -0.074552	 0.0742623	 4.17673e-05
139.48	 0.0313227	 0.0312956	 0.585711	 -0.0718038	 0.0715106	 3.84038e-05
139.5	 0.0302138	 0.0301861	 0.587084	 -0.0690302	 0.0687334	 3.49996e-05
139.52	 0.029096	 0.0290677	 0.588403	 -0.0662319	 0.0659318	 3.15477e-05
139.54	 0.0279697	 0.0279408	 0.589667	 -0.0634102	 0.0631068	 2.80417e-05
139.56	 0.0268351	 0.0268057	 0.590877	 -0.0605661	 0.0602595	 2.44762e-05
139.58	 0.0256927	 0.0256627	 0.592032	 -0.0577006	 0.0573909	 2.08465e-05
139.6	 0.0245427	 0.0245122	 0.593132	 -0.0548147	 0.0545021	 1.71492e-05
139.62	 0.0233854	 0.0233545	 0.594175	 -0.0519097	 0.0515942	 1.33818e-05
139.64	 0.0222213	 0.0221899	 0.595163	 -0.0489865	 0.0486683	 9.54304e-06
139.66	 0.0210507	 0.0210188	 0.596094	 -0.0460463	 0.0457254	 5.63295e-06
139.68	 0.0198739	 0.0198416	 0.596969	 -0.04309	 0.0427666	 1.65264e-06
139.7	 0.0186912	 0.0186585	 0.597786	 -0.0401188	 0.039793	 -2.39589e-06
139.72	 0.0175031	 0.01747	 0.598547	 -0.0371339	 0.0368058	 -6.51003e-06
139.74	 0.0163098	 0.0162763	 0.599249	 -0.0341363	 0.033806	 -1.06866e-05
139.76	 0.0151117	 0.0150779	 0.599894	 -0.0311271	 0.0307948	 -1.49217e-05
139.78	 0.0139092	 0.013875	 0.600482	 -0.0281074	 0.0277732	 -1.92106e-05
139.8	 0.0127026	 0.0126681	 0.601011	 -0.0250783	 0.0247423	 -2.35479e-05
139.82	 0.0114922	 0.0114575	 0.601481	 -0.0220409	 0.0217033	 -2.79272e-05
139.84	 0.0102785	 0.0102435	 0.601894	 -0.0189964	 0.0186572	 -3.2342e-05
139.86	 0.00906171	 0.00902645	 0.602247	 -0.0159459	 0.0156053	 -3.67854e-05
139.88	 0.00784226	 0.00780678	 0.602542	 -0.0128906	 0.0125487	 -4.12503e-05
139.9	 0.00662049	 0.00658482	 0.602778	 -0.00983166	 0.00948851	 -4.57294e-05
139.92	 0.00539675	 0.00536091	 0.602955	 -0.00677014	 0.00642592	 -5.02149e-05
139.94	 0.00417139	 0.00413541	 0.603073	 -0.00370721	 0.00336203	 -5.46991e-05
139.96	 0.00294477	 0.00290866	 0.603132	 -0.00064397	 0.000297954	 -5.91739e-05
139.98	 0.00171723	 0.00168102	 0.603132	 0.00241846	 -0.00276519	 -6.36314e-05
140	 0.000489127	 0.000452848	 0.603073	 0.00547893	 -0.00582627	 -6.80638e-05
140.02	 -0.000739181	 -0.000775509	 0.602955	 0.00853633	 -0.00888415	 -7.24625e-05
140.04	 -0.00196734	 -0.00200369	 0.602778	 0.0115895	 -0.0119377	 -7.68182e-05
140.06	 -0.00319499	 -0.00323135	 0.602541	 0.0146374	 -0.0149859	 -8.11203e-05
140.08	 -0.00442177	 -0.00445811	 0.602246	 0.017679	 -0.0180276	 -8.53567e-05
140.1	 -0.00564733	 -0.00568364	 0.601892	 0.0207132	 -0.0210618	 -8.95144e-05
140.12	 -0.00687132	 -0.00690756	 0.601479	 0.0237389	 -0.0240874	 -9.35798e-05
140.14	 -0.00809337	 -0.00812953	 0.601007	 0.0267552	 -0.0271034	 -9.75387e-05
140.16	 -0.00931313	 -0.0093492	 0.600477	 0.0297609	 -0.0301088	 -0.000101377
140.18	 -0.0105303	 -0.0105662	 0.599889	 0.032755	 -0.0331025	 -0.000105081
140.2	 -0.0117444	 -0.0117802	 0.599242	 0.0357365	 -0.0360834	 -0.000108636
140.22	 -0.0129552	 -0.0129908	 0.598538	 0.0387044	 -0.0390506	 -0.000112028
140.24	 -0.0141623	 -0.0141977	 0.597776	 0.0416576	 -0.0420031	 -0.000115242
140.26	 -0.0153653	 -0.0154006	 0.596956	 0.0445952	 -0.0449398	 -0.000118265
140.28	 -0.0165639	 -0.016599	 0.596079	 0.047516	 -0.0478596	 -0.000121083
140.3	 -0.0177578	 -0.0177926	 0.595145	 0.0504189	 -0.0507615	 -0.000123681
140.32	 -0.0189465	 -0.0189811	 0.594154	 0.053303	 -0.0536444	 -0.000126046
140.34	 -0.0201298	 -0.0201641	 0.593107	 0.056167	 -0.0565072	 -0.000128164
140.36	 -0.0213073	 -0.0213413	 0.592004	 0.05901	 -0.0593489	 -0.000130023
140.38	 -0.0224786	 -0.0225123	 0.590846	 0.0618309	 -0.0621684	 -0.00013161
140.4	 -0.0236434	 -0.0236768	 0.589632	 0.0646287	 -0.0649647	 -0.000132911
140.42	 -0.0248014	 -0.0248345	 0.588362	 0.0674023	 -0.0677368	 -0.000133917
140.44	 -0.0259522	 -0.0259849	 0.587039	 0.0701508	 -0.0704838	 -0.000134613
140.46	 -0.0270955	 -0.0271278	 0.585661	 0.0728733	 -0.0732045	 -0.00013499
140.48	 -0.0282309	 -0.0282628	 0.584229	 0.0755686	 -0.0758982	 -0.000135033
140.5	 -0.0293581	 -0.0293896	 0.582744	 0.078236	 -0.0785638	 -0.000134731
140.52	 -0.0304768	 -0.0305078	 0.581207	 0.0808746	 -0.0812006	 -0.00013407
140.54	 -0.0315866	 -0.0316172	 0.579617	 0.0834835	 -0.0838076	 -0.000133038
140.56	 -0.0326873	 -0.0327174	 0.577975	 0.0860618	 -0.0863839	 -0.000131624
140.58	 -0.0337784	 -0.033808	 0.576281	 0.0886088	 -0.0889289	 -0.000129815
140.6	 -0.0348596	 -0.0348888	 0.574537	 0.0911236	 -0.0914418	 -0.000127601
140.62	 -0.0359307	 -0.0359593	 0.572743	 0.0936055	 -0.0939216	 -0.000124974
140.64	 -0.0369913	 -0.0370194	 0.570898	 0.0960537	 -0.0963678	 -0.000121924
140.66	 -0.038041	 -0.0380686	 0.569005	 0.0984675	 -0.0987794	 -0.000118442
140.68	 -0.0390796	 -0.0391067	 0.567063	 0.100846	 -0.101156	 -0.000114525
140.7	 -0.0401067	 -0.0401332	 0.565073	 0.103188	 -0.103496	 -0.000110166
140.72	 -0.0411221	 -0.041148	 0.563036	 0.105494	 -0.105799	 -0.000105364
140.74	 -0.0421252	 -0.0421506	 0.560952	 0.107762	 -0.108065	 -0.000100116
140.76	 -0.043116	 -0.0431408	 0.558822	 0.109991	 -0.110292	 -9.44217e-05
140.78	 -0.044094	 -0.0441182	 0.556647	 0.112181	 -0.11248	 -8.82796e-05
140.8	 -0.045059	 -0.0450826	 0.554427	 0.114331	 -0.114628	 -8.16894e-05
140.82	 -0.0460105	 -0.0460336	 0.552164	 0.11644	 -0.116735	 -7.46515e-05
140.84	 -0.0469485	 -0.0469709	 0.549856	 0.118508	 -0.1188	 -6.71671e-05
140.86	 -0.0478725	 -0.0478943	 0.547507	 0.120534	 -0.120824	 -5.92377e-05
140.88	 -0.0487822	 -0.0488034	 0.545116	 0.122518	 -0.122805	 -5.08648e-05
140.9	 -0.0496774	 -0.0496981	 0.542683	 0.124458	 -0.124744	 -4.205e-05
140.92	 -0.0505579	 -0.0505779	 0.54021	 0.126355	 -0.126638	 -3.27958e-05
140.94	 -0.0514232	 -0.0514426	 0.537698	 0.128207	 -0.128488	 -2.31072e-05
140.96	 -0.0522732	 -0.0522919	 0.535147	 0.130015	 -0.130294	 -1.29921e-05
140.98	 -0.0531075	 -0.0531256	 0.532558	 0.131778	 -0.132054	 -2.46108e-06
141	 -0.0539259	 -0.0539434	 0.529932	 0.133494	 -0.133769	 8.47352e-06
141.02	 -0.054728	 -0.0547449	 0.527269	 0.135165	 -0.135437	 1.97987e-05
141.04	 -0.0555137	 -0.05553	 0.524572	 0.136788	 -0.137059	 3.15012e-05
141.06	 -0.0562826	 -0.0562983	 0.521839	 0.138364	 -0.138633	 4.35671e-05
141.08	 -0.0570345	 -0.0570496	 0.519073	 0.139892	 -0.140159	 5.59813e-05
141.1	 -0.0577692	 -0.0577836	 0.516274	 0.141372	 -0.141637	 6.87273e-05
141.12	 -0.0584863	 -0.0585001	 0.513443	 0.142803	 -0.143066	 8.17875e-05
141.14	 -0.0591856	 -0.0591989	 0.510582	 0.144185	 -0.144447	 9.51438e-05
141.16	 -0.0598669	 -0.0598796	 0.507689	 0.145518	 -0.145778	 0.000108778
141.18	 -0.06053	 -0.0605421	 0.504768	 0.146801	 -0.147059	 0.000122672
141.2	 -0.0611746	 -0.0611861	 0.501819	 0.148034	 -0.148291	 0.000136806
141.22	 -0.0618004	 -0.0618113	 0.498842	 0.149217	 -0.149472	 0.000151161
141.24	 -0.0624073	 -0.0624176	 0.495838	 0.150349	 -0.150602	 0.000165713
141.26	 -0.062995	 -0.0630048	 0.492809	 0.151429	 -0.151681	 0.00018044
141.28	 -0.0635633	 -0.0635725	 0.489756	 0.152458	 -0.152709	 0.000195318
141.3	 -0.0641119	 -0.0641207	 0.486679	 0.153435	 -0.153685	 0.000210326
141.32	 -0.0646408	 -0.0646491	 0.483579	 0.15436	 -0.154609	 0.000225441
141.34	 -0.0651497	 -0.0651574	 0.480458	 0.155233	 -0.15548	 0.000240639
141.36	 -0.0656384	 -0.0656456	 0.477316	 0.156053	 -0.1563	 0.000255896
141.38	 -0.0661067	 -0.0661134	 0.474155	 0.156821	 -0.157067	 0.000271185
141.4	 -0.0665544	 -0.0665607	 0.470975	 0.157536	 -0.157781	 0.000286477
141.42	 -0.0669814	 -0.0669872	 0.467777	 0.158198	 -0.158442	 0.000301743
141.44	 -0.0673875	 -0.0673928	 0.464563	 0.158807	 -0.15905	 0.000316956
141.46	 -0.0677724	 -0.0677773	 0.461334	 0.159362	 -0.159606	 0.000332086
141.48	 -0.0681361	 -0.0681406	 0.45809	 0.159865	 -0.160108	 0.000347107
141.5	 -0.0684784	 -0.0684825	 0.454832	 0.160314	 -0.160556	 0.000361991
141.52	 -0.0687991	 -0.0688029	 0.451562	 0.160709	 -0.160952	 0.000376711
141.54	 -0.0690981	 -0.0691015	 0.448281	 0.161051	 -0.161294	 0.000391239
141.56	 -0.0693753	 -0.0693784	 0.444989	 0.16134	 -0.161583	 0.000405544
141.58	 -0.0696305	 -0.0696333	 0.441689	 0.161575	 -0.161818	 0.000419598
141.6	 -0.0698636	 -0.0698661	 0.438379	 0.161757	 -0.162	 0.00043337
141.62	 -0.0700745	 -0.0700767	 0.435063	 0.161885	 -0.162129	 0.000446832
141.64	 -0.0702631	 -0.0702651	 0.431741	 0.16196	 -0.162204	 0.000459957
141.66	 -0.0704293	 -0.070431	 0.428414	 0.161981	 -0.162226	 0.000472716
141.68	 -0.0705729	 -0.0705744	 0.425082	 0.161949	 -0.162194	 0.000485082
141.7	 -0.070694	 -0.0706953	 0.421748	 0.161864	 -0.16211	 0.000497027
141.72	 -0.0707923	 -0.0707934	 0.418412	 0.161726	 -0.161972	 0.000508523
141.74	 -0.0708679	 -0.0708689	 0.415075	 0.161535	 -0.161782	 0.00051954
141.76	 -0.0709207	 -0.0709215	 0.411739	 0.161291	 -0.16154	 0.000530052
141.78	 -0.0709506	 -0.0709513	 0.408403	 0.160994	 -0.161244	 0.000540032
141.8	 -0.0709575	 -0.0709582	 0.405071	 0.160645	 -0.160897	 0.000549456
141.82	 -0.0709415	 -0.0709421	 0.401741	 0.160244	 -0.160497	 0.000558301
141.84	 -0.0709025	 -0.070903	 0.398417	 0.159791	 -0.160046	 0.000566547
141.86	 -0.0708404	 -0.0708409	 0.395098	 0.159287	 -0.159543	 0.000574173
141.88	 -0.0707553	 -0.0707558	 0.391785	 0.158731	 -0.158989	 0.000581156
141.9	 -0.0706471	 -0.0706477	 0.388481	 0.158124	 -0.158384	 0.000587475
141.92	 -0.0705159	 -0.0705165	 0.385185	 0.157466	 -0.157728	 0.000593108
141.94	 -0.0703616	 -0.0703622	 0.381899	 0.156757	 -0.157022	 0.000598035
141.96	 -0.0701842	 -0.0701849	 0.378625	 0.155999	 -0.156265	 0.000602241
141.98	 -0.0699837	 -0.0699846	 0.375362	 0.155191	 -0.15546	 0.000605708
142	 -0.0697603	 -0.0697612	 0.372112	 0.154334	 -0.154605	 0.000608425
142.02	 -0.0695138	 -0.069515	 0.368877	 0.153427	 -0.153701	 0.000610377
142.04	 -0.0692445	 -0.0692458	 0.365657	 0.152473	 -0.152749	 0.000611551
142.06	 -0.0689522	 -0.0689537	 0.362453	 0.15147	 -0.151749	 0.000611938
142.08	 -0.0686371	 -0.0686388	 0.359266	 0.150419	 -0.150702	 0.000611527
142.1	 -0.0682993	 -0.0683012	 0.356098	 0.149322	 -0.149607	 0.000610314
142.12	 -0.0679388	 -0.067941	 0.352949	 0.148177	 -0.148466	 0.000608293
142.14	 -0.0675557	 -0.0675581	 0.34982	 0.146986	 -0.147278	 0.000605459
142.16	 -0.06715	 -0.0671528	 0.346713	 0.14575	 -0.146045	 0.000601805
142.18	 -0.066722	 -0.0667251	 0.343628	 0.144468	 -0.144766	 0.000597325
142.2	 -0.0662717	 -0.0662751	 0.340566	 0.143141	 -0.143443	 0.000592013
142.22	 -0.0657992	 -0.065803	 0.337529	 0.14177	 -0.142075	 0.00058587
142.24	 -0.0653047	 -0.0653088	 0.334518	 0.140355	 -0.140664	 0.000578896
142.26	 -0.0647882	 -0.0647927	 0.331532	 0.138897	 -0.13921	 0.000571098
142.28	 -0.06425	 -0.0642548	 0.328574	 0.137396	 -0.137713	 0.000562483
142.3	 -0.0636901	 -0.0636954	 0.325644	 0.135853	 -0.136174	 0.000553059
142.32	 -0.0631088	 -0.0631145	 0.322743	 0.134268	 -0.134593	 0.000542836
142.34	 -0.0625061	 -0.0625123	 0.319873	 0.132642	 -0.132972	 0.000531823
142.36	 -0.0618824	 -0.061889	 0.317033	 0.130976	 -0.13131	 0.000520033
142.38	 -0.0612377	 -0.0612448	 0.314226	 0.129271	 -0.129608	 0.00050748
142.4	 -0.0605723	 -0.0605799	 0.311452	 0.127526	 -0.127868	 0.000494182
142.42	 -0.0598863	 -0.0598944	 0.308711	 0.125743	 -0.126089	 0.000480154
142.44	 -0.0591801	 -0.0591887	 0.306006	 0.123922	 -0.124273	 0.000465413
142.46	 -0.0584537	 -0.0584628	 0.303336	 0.122065	 -0.12242	 0.000449979
142.48	 -0.0577074	 -0.0577171	 0.300702	 0.12017	 -0.12053	 0.00043387
142.5	 -0.0569415	 -0.0569517	 0.298106	 0.11824	 -0.118604	 0.000417111
142.52	 -0.0561561	 -0.0561669	 0.295549	 0.116275	 -0.116644	 0.000399725
142.54	 -0.0553516	 -0.0553629	 0.29303	 0.114275	 -0.114648	 0.000381738
142.56	 -0.0545281	 -0.0545401	 0.290551	 0.112241	 -0.11262	 0.000363173
142.58	 -0.053686	 -0.0536985	 0.288114	 0.110175	 -0.110558	 0.000344058
142.6	 -0.0528254	 -0.0528386	 0.285717	 0.108076	 -0.108464	 0.00032442
142.62	 -0.0519468	 -0.0519605	 0.283363	 0.105945	 -0.106338	 0.000304289
142.64	 -0.0510503	 -0.0510647	 0.281053	 0.103784	 -0.104181	 0.000283698
142.66	 -0.0501363	 -0.0501513	 0.278786	 0.101592	 -0.101995	 0.00026268
142.68	 -0.049205	 -0.0492206	 0.276564	 0.0993717	 -0.0997789	 0.000241269
142.7	 -0.0482568	 -0.0482731	 0.274387	 0.0971224	 -0.0975345	 0.000219499
142.72	 -0.047292	 -0.0473089	 0.272257	 0.0948453	 -0.0952623	 0.000197403
142.74	 -0.0463109	 -0.0463284	 0.270173	 0.0925412	 -0.092963	 0.000175017
142.76	 -0.0453138	 -0.045332	 0.268137	 0.0902107	 -0.0906374	 0.000152378
142.78	 -0.0443011	 -0.0443199	 0.266149	 0.0878548	 -0.0882863	 0.000129521
142.8	 -0.0432731	 -0.0432926	 0.26421	 0.0854741	 -0.0859104	 0.000106483
142.82	 -0.0422301	 -0.0422503	 0.262321	 0.0830695	 -0.0835105	 8.33018e-05
142.84	 -0.0411725	 -0.0411934	 0.260482	 0.0806416	 -0.0810874	 6.00147e-05
142.86	 -0.0401007	 -0.0401222	 0.258693	 0.0781913	 -0.0786418	 3.66605e-05
142.88	 -0.039015	 -0.0390372	 0.256956	 0.0757193	 -0.0761745	 1.32789e-05
142.9	 -0.0379157	 -0.0379386	 0.255271	 0.0732266	 -0.0736864	 -1.00903e-05
142.92	 -0.0368034	 -0.0368269	 0.253638	 0.0707138	 -0.0711783	 -3.34082e-05
142.94	 -0.0356782	 -0.0357024	 0.252059	 0.0681818	 -0.0686508	 -5.66365e-05
142.96	 -0.0345407	 -0.0345655	 0.250533	 0.0656314	 -0.0661049	 -7.97374e-05
142.98	 -0.0333912	 -0.0334167	 0.249062	 0.0630631	 -0.0635411	 -0.000102672
143	 -0.03223	 -0.0322562	 0.247645	 0.060478	 -0.0609603	 -0.000125401
143.02	 -0.0310577	 -0.0310845	 0.246283	 0.0578767	 -0.0583633	 -0.000147885
143.04	 -0.0298746	 -0.029902	 0.244976	 0.0552601	 -0.055751	 -0.000170084
143.06	 -0.028681	 -0.0287091	 0.243726	 0.052629	 -0.053124	 -0.000191958
143.08	 -0.0274775	 -0.0275062	 0.242532	 0.0499841	 -0.0504832	 -0.00021347
143.1	 -0.0262644	 -0.0262937	 0.241395	 0.0473263	 -0.0478294	 -0.000234581
143.12	 -0.0250421	 -0.0250721	 0.240316	 0.0446565	 -0.0451635	 -0.000255254
143.14	 -0.0238112	 -0.0238417	 0.239293	 0.0419753	 -0.0424861	 -0.000275451
143.16	 -0.0225719	 -0.022603	 0.238329	 0.0392837	 -0.0397983	 -0.000295135
143.18	 -0.0213248	 -0.0213565	 0.237423	 0.0365824	 -0.0371006	 -0.000314272
143.2	 -0.0200702	 -0.0201025	 0.236576	 0.0338723	 -0.0343939	 -0.000332827
143.22	 -0.0188086	 -0.0188415	 0.235788	 0.031154	 -0.0316791	 -0.000350767
143.24	 -0.0175405	 -0.0175739	 0.235059	 0.0284284	 -0.0289568	 -0.000368058
143.26	 -0.0162662	 -0.0163002	 0.234389	 0.0256964	 -0.0262279	 -0.000384668
143.28	 -0.0149862	 -0.0150207	 0.233779	 0.0229586	 -0.0234932	 -0.000400566
143.3	 -0.013701	 -0.013736	 0.233229	 0.020216	 -0.0207536	 -0.000415723
143.32	 -0.012411	 -0.0124465	 0.232739	 0.0174693	 -0.0180097	 -0.000430112
143.34	 -0.0111166	 -0.0111526	 0.23231	 0.0147193	 -0.0152624	 -0.000443706
143.36	 -0.00981837	 -0.00985477	 0.23194	 0.0119668	 -0.0125124	 -0.000456478
143.38	 -0.00851663	 -0.00855348	 0.231632	 0.00921265	 -0.00976067	 -0.000468403
143.4	 -0.0072119	 -0.00724916	 0.231384	 0.00645762	 -0.00700793	 -0.000479456
143.42	 -0.00590461	 -0.00594229	 0.231197	 0.00370258	 -0.00425506	 -0.000489612
143.44	 -0.00459524	 -0.0046333	 0.231071	 0.000948361	 -0.00150285	 -0.000498851
143.46	 -0.00328423	 -0.00332265	 0.231005	 -0.00180426	 0.0012479	 -0.000507154
143.48	 -0.00197203	 -0.00201081	 0.231001	 -0.00455453	 0.00399644	 -0.000514505
143.5	 -0.000659109	 -0.000698205	 0.231058	 -0.00730168	 0.00674201	 -0.000520891
143.52	 0.000654094	 0.000614694	 0.231176	 -0.0100449	 0.00948384	 -0.000526298
143.54	 0.00196712	 0.00192744	 0.231355	 -0.0127835	 0.0122211	 -0.000530713
143.56	 0.00327951	 0.00323957	 0.231594	 -0.0155166	 0.0149531	 -0.000534125
143.58	 0.00459081	 0.00455063	 0.231895	 -0.0182434	 0.0176789	 -0.000536524
143.6	 0.00590055	 0.00586015	 0.232256	 -0.0209632	 0.0203979	 -0.000537904
143.62	 0.00720829	 0.0071677	 0.232678	 -0.0236752	 0.0231092	 -0.00053826
143.64	 0.00851356	 0.0084728	 0.233161	 -0.0263787	 0.0258122	 -0.00053759
143.66	 0.00981593	 0.00977502	 0.233704	 -0.0290728	 0.0285061	 -0.000535892
143.68	 0.0111149	 0.0110739	 0.234307	 -0.031757	 0.0311901	 -0.000533168
143.7	 0.0124101	 0.012369	 0.23497	 -0.0344303	 0.0338634	 -0.000529417
143.72	 0.0137011	 0.0136599	 0.235693	 -0.0370921	 0.0365254	 -0.000524644
143.74	 0.0149873	 0.0149461	 0.236476	 -0.0397416	 0.0391753	 -0.000518854
143.76	 0.0162684	 0.0162271	 0.237318	 -0.0423782	 0.0418124	 -0.000512057
143.78	 0.0175439	 0.0175027	 0.238219	 -0.045001	 0.0444359	 -0.000504261
143.8	 0.0188135	 0.0187722	 0.239178	 -0.0476095	 0.0470453	 -0.000495477
143.82	 0.0200765	 0.0200353	 0.240197	 -0.0502028	 0.0496396	 -0.000485716
143.84	 0.0213327	 0.0212916	 0.241273	 -0.0527801	 0.0522182	 -0.000474991
143.86	 0.0225816	 0.0225406	 0.242408	 -0.0553408	 0.0547803	 -0.000463315
143.88	 0.0238227	 0.0237818	 0.2436	 -0.0578842	 0.0573252	 -0.000450708
143.9	 0.0250557	 0.025015	 0.244849	 -0.0604094	 0.0598523	 -0.000437187
143.92	 0.0262801	 0.0262395	 0.246154	 -0.062916	 0.0623608	 -0.000422775
143.94	 0.0274954	 0.0274551	 0.247516	 -0.0654031	 0.06485	 -0.000407495
143.96	 0.0287014	 0.0286614	 0.248934	 -0.0678702	 0.0673194	 -0.00039137
143.98	 0.0298976	 0.0298578	 0.250407	 -0.0703167	 0.0697683	 -0.000374428
144	 0.0310835	 0.031044	 0.251935	 -0.0727418	 0.0721961	 -0.000356697
144.02	 0.0322588	 0.0322196	 0.253518	 -0.075145	 0.0746021	 -0.000338207
144.04	 0.0334231	 0.0333842	 0.255153	 -0.0775256	 0.0769857	 -0.000318992
144.06	 0.0345759	 0.0345374	 0.256843	 -0.0798831	 0.0793463	 -0.000299084
144.08	 0.035717	 0.0356789	 0.258584	 -0.0822166	 0.0816832	 -0.000278519
144.1	 0.0368458	 0.0368081	 0.260378	 -0.0845257	 0.0839957	 -0.000257332
144.12	 0.037962	 0.0379248	 0.262223	 -0.0868096	 0.0862833	 -0.000235561
144.14	 0.0390653	 0.0390286	 0.264118	 -0.0890678	 0.0885453	 -0.000213244
144.16	 0.0401553	 0.040119	 0.266063	 -0.0912996	 0.0907811	 -0.000190422
144.18	 0.0412316	 0.0411958	 0.268058	 -0.0935045	 0.0929901	 -0.000167134
144.2	 0.0422938	 0.0422586	 0.270101	 -0.0956817	 0.0951718	 -0.00014342
144.22	 0.0433417	 0.043307	 0.272192	 -0.0978308	 0.0973253	 -0.000119318
144.24	 0.0443748	 0.0443407	 0.274331	 -0.099951	 0.0994502	 -9.48704e-05
144.26	 0.0453928	 0.0453593	 0.276516	 -0.102042	 0.101546	 -7.01174e-05
144.28	 0.0463954	 0.0463625	 0.278746	 -0.104103	 0.103612	 -4.5102e-05
144.3	 0.0473823	 0.04735	 0.281022	 -0.106133	 0.105647	 -1.98674e-05
144.32	 0.0483531	 0.0483214	 0.283341	 -0.108132	 0.107652	 5.54383e-06
144.34	 0.0493074	 0.0492764	 0.285704	 -0.1101	 0.109625	 3.10893e-05
144.36	 0.0502451	 0.0502148	 0.28811	 -0.112036	 0.111566	 5.67265e-05
144.38	 0.0511658	 0.0511362	 0.290558	 -0.113938	 0.113475	 8.24119e-05
144.4	 0.0520692	 0.0520403	 0.293046	 -0.115808	 0.11535	 0.000108101
144.42	 0.052955	 0.0529268	 0.295575	 -0.117644	 0.117192	 0.000133747
144.44	 0.0538229	 0.0537954	 0.298143	 -0.119445	 0.119	 0.000159306
144.46	 0.0546726	 0.0546459	 0.30075	 -0.121211	 0.120773	 0.000184733
144.48	 0.0555039	 0.0554779	 0.303394	 -0.122942	 0.12251	 0.000209985
144.5	 0.0563165	 0.0562913	 0.306075	 -0.124637	 0.124212	 0.000235017
144.52	 0.0571101	 0.0570857	 0.308791	 -0.126296	 0.125877	 0.000259786
144.54	 0.0578845	 0.0578609	 0.311542	 -0.127917	 0.127505	 0.000284248
144.56	 0.0586395	 0.0586166	 0.314328	 -0.129501	 0.129096	 0.000308364
144.58	 0.0593747	 0.0593527	 0.317146	 -0.131047	 0.130649	 0.000332094
144.6	 0.06009	 0.0600688	 0.319996	 -0.132554	 0.132163	 0.0003554
144.62	 0.0607851	 0.0607648	 0.322878	 -0.134022	 0.133639	 0.000378245
144.64	 0.0614598	 0.0614404	 0.32579	 -0.135451	 0.135076	 0.000400592
144.66	 0.062114	 0.0620954	 0.328732	 -0.13684	 0.136472	 0.000422402
144.68	 0.0627474	 0.0627297	 0.331701	 -0.138189	 0.137829	 0.00044364
144.7	 0.0633598	 0.0633429	 0.334699	 -0.139497	 0.139144	 0.000464268
144.72	 0.0639509	 0.063935	 0.337722	 -0.140763	 0.140418	 0.000484253
144.74	 0.0645208	 0.0645057	 0.340771	 -0.141988	 0.141651	 0.000503562
144.76	 0.065069	 0.0650549	 0.343845	 -0.143171	 0.142842	 0.000522165
144.78	 0.0655956	 0.0655824	 0.346942	 -0.144311	 0.14399	 0.000540033
144.8	 0.0661003	 0.066088	 0.350061	 -0.145408	 0.145095	 0.000557137
144.82	 0.066583	 0.0665717	 0.353201	 -0.146462	 0.146157	 0.000573451
144.84	 0.0670436	 0.0670332	 0.356362	 -0.147472	 0.147176	 0.000588953
144.86	 0.0674818	 0.0674724	 0.359542	 -0.148438	 0.14815	 0.000603619
144.88	 0.0678977	 0.0678892	 0.362741	 -0.149359	 0.149079	 0.000617431
144.9	 0.0682911	 0.0682835	 0.365956	 -0.150236	 0.149964	 0.00063037
144.92	 0.0686618	 0.0686552	 0.369188	 -0.151067	 0.150803	 0.000642417
144.94	 0.0690097	 0.0690041	 0.372435	 -0.151852	 0.151596	 0.000653555
144.96	 0.0693348	 0.0693302	 0.375695	 -0.152591	 0.152344	 0.000663769
144.98	 0.069637	 0.0696333	 0.378968	 -0.153284	 0.153045	 0.000673044
145	 0.0699163	 0.0699135	 0.382254	 -0.15393	 0.153699	 0.000681371
145.02	 0.0701724	 0.0701707	 0.385549	 -0.154529	 0.154307	 0.00068874
145.04	 0.0704055	 0.0704047	 0.388855	 -0.155081	 0.154867	 0.000695144
145.06	 0.0706154	 0.0706155	 0.392169	 -0.155585	 0.155379	 0.000700577
145.08	 0.0708021	 0.0708032	 0.39549	 -0.156041	 0.155843	 0.000705033
145.1	 0.0709656	 0.0709676	 0.398818	 -0.156449	 0.15626	 0.000708508
145.12	 0.0711058	 0.0711087	 0.402151	 -0.156809	 0.156628	 0.000711001
145.14	 0.0712227	 0.0712266	 0.405488	 -0.157121	 0.156947	 0.00071251
145.16	 0.0713163	 0.0713211	 0.408828	 -0.157383	 0.157218	 0.000713035
145.18	 0.0713867	 0.0713923	 0.41217	 -0.157597	 0.15744	 0.000712579
145.2	 0.0714337	 0.0714402	 0.415513	 -0.157762	 0.157613	 0.000711146
145.22	 0.0714574	 0.0714648	 0.418855	 -0.157878	 0.157736	 0.000708742
145.24	 0.0714578	 0.0714661	 0.422197	 -0.157945	 0.157811	 0.000705374
145.26	 0.071435	 0.0714441	 0.425536	 -0.157962	 0.157836	 0.000701054
145.28	 0.0713889	 0.071399	 0.428871	 -0.15793	 0.157811	 0.000695794
145.3	 0.0713197	 0.0713306	 0.432202	 -0.157849	 0.157737	 0.000689608
145.32	 0.0712273	 0.071239	 0.435528	 -0.157718	 0.157614	 0.000682511
145.34	 0.0711118	 0.0711244	 0.438847	 -0.157537	 0.15744	 0.00067452
145.36	 0.0709733	 0.0709867	 0.442158	 -0.157306	 0.157217	 0.000665652
145.38	 0.0708119	 0.0708261	 0.44546	 -0.157026	 0.156943	 0.000655928
145.4	 0.0706276	 0.0706425	 0.448753	 -0.156696	 0.15662	 0.000645367
145.42	 0.0704204	 0.0704361	 0.452035	 -0.156315	 0.156246	 0.000633995
145.44	 0.0701906	 0.0702071	 0.455304	 -0.155885	 0.155823	 0.000621835
145.46	 0.0699382	 0.0699553	 0.458561	 -0.155405	 0.155349	 0.000608912
145.48	 0.0696632	 0.0696811	 0.461804	 -0.154875	 0.154825	 0.000595252
145.5	 0.0693658	 0.0693844	 0.465032	 -0.154295	 0.154251	 0.000580883
145.52	 0.0690462	 0.0690655	 0.468243	 -0.153665	 0.153627	 0.000565832
145.54	 0.0687044	 0.0687244	 0.471438	 -0.152985	 0.152953	 0.00055013
145.56	 0.0683407	 0.0683612	 0.474615	 -0.152256	 0.152229	 0.000533809
145.58	 0.067955	 0.0679762	 0.477772	 -0.151477	 0.151456	 0.0005169
145.6	 0.0675477	 0.0675695	 0.48091	 -0.150648	 0.150632	 0.000499438
145.62	 0.0671189	 0.0671413	 0.484026	 -0.149771	 0.14976	 0.000481455
145.64	 0.0666687	 0.0666916	 0.48712	 -0.148844	 0.148838	 0.000462981
145.66	 0.0661972	 0.0662207	 0.490192	 -0.147869	 0.147867	 0.000444052
145.68	 0.0657047	 0.0657287	 0.493239	 -0.146844	 0.146847	 0.000424699
145.7	 0.0651914	 0.0652158	 0.496261	 -0.145772	 0.145779	 0.000404961
145.72	 0.0646574	 0.0646823	 0.499258	 -0.144651	 0.144662	 0.000384873
145.74	 0.0641029	 0.0641283	 0.502228	 -0.143482	 0.143497	 0.000364475
145.76	 0.0635282	 0.0635539	 0.50517	 -0.142266	 0.142285	 0.000343803
145.78	 0.0629334	 0.0629595	 0.508083	 -0.141003	 0.141025	 0.000322894
145.8	 0.0623188	 0.0623452	 0.510967	 -0.139692	 0.139717	 0.000301787
145.82	 0.0616845	 0.0617113	 0.51382	 -0.138335	 0.138363	 0.000280516
145.84	 0.0610309	 0.061058	 0.516642	 -0.136931	 0.136962	 0.00025912
145.86	 0.0603581	 0.0603854	 0.519432	 -0.135482	 0.135515	 0.000237635
145.88	 0.0596663	 0.0596939	 0.522188	 -0.133987	 0.134023	 0.000216096
145.9	 0.0589559	 0.0589837	 0.524911	 -0.132447	 0.132485	 0.000194539
145.92	 0.058227	 0.058255	 0.527598	 -0.130862	 0.130902	 0.000172998
145.94	 0.0574799	 0.0575081	 0.530251	 -0.129233	 0.129275	 0.000151509
145.96	 0.0567149	 0.0567432	 0.532867	 -0.127561	 0.127603	 0.000130108
145.98	 0.0559321	 0.0559606	 0.535445	 -0.125845	 0.125889	 0.000108832
146	 0.055132	 0.0551606	 0.537986	 -0.124086	 0.124131	 8.77173e-05
146.02	 0.0543148	 0.0543434	 0.540487	 -0.122285	 0.122331	 6.68009e-05
146.04	 0.0534807	 0.0535093	 0.54295	 -0.120443	 0.120488	 4.61169e-05
146.06	 0.05263	 0.0526586	 0.545371	 -0.118559	 0.118605	 2.56979e-05
146.08	 0.0517631	 0.0517916	 0.547752	 -0.116635	 0.116681	 5.57539e-06
146.1	 0.0508802	 0.0509086	 0.550091	 -0.114671	 0.114716	 -1.42198e-05
146.12	 0.0499815	 0.0500099	 0.552387	 -0.112667	 0.112713	 -3.36573e-05
146.14	 0.0490675	 0.0490957	 0.55464	 -0.110625	 0.11067	 -5.27078e-05
146.16	 0.0481383	 0.0481664	 0.556848	 -0.108545	 0.108589	 -7.13429e-05
146.18	 0.0471943	 0.0472222	 0.559013	 -0.106427	 0.10647	 -8.95359e-05
146.2	 0.0462359	 0.0462636	 0.561132	 -0.104273	 0.104315	 -0.000107261
146.22	 0.0452632	 0.0452907	 0.563205	 -0.102083	 0.102123	 -0.000124492
146.24	 0.0442767	 0.0443039	 0.565231	 -0.0998576	 0.0998956	 -0.000141205
146.26	 0.0432767	 0.0433036	 0.56721	 -0.0975976	 0.0976337	 -0.000157375
146.28	 0.0422635	 0.04229	 0.569142	 -0.0953038	 0.0953377	 -0.000172978
146.3	 0.0412374	 0.0412635	 0.571025	 -0.0929771	 0.0930086	 -0.000187993
146.32	 0.0401988	 0.0402245	 0.572859	 -0.0906182	 0.0906471	 -0.000202399
146.34	 0.0391479	 0.0391733	 0.574644	 -0.0882279	 0.088254	 -0.00021618
146.36	 0.0380853	 0.0381102	 0.576378	 -0.0858071	 0.0858301	 -0.000229318
146.38	 0.0370111	 0.0370355	 0.578062	 -0.0833565	 0.0833763	 -0.000241798
146.4	 0.0359258	 0.0359497	 0.579695	 -0.080877	 0.0808934	 -0.000253606
146.42	 0.0348297	 0.0348531	 0.581276	 -0.0783694	 0.0783822	 -0.000264727
146.44	 0.0337231	 0.033746	 0.582805	 -0.0758345	 0.0758435	 -0.000275151
146.46	 0.0326065	 0.0326287	 0.584282	 -0.0732732	 0.0732782	 -0.000284867
146.48	 0.0314801	 0.0315017	 0.585705	 -0.0706863	 0.0706872	 -0.000293869
146.5	 0.0303443	 0.0303653	 0.587075	 -0.0680747	 0.0680713	 -0.00030215
146.52	 0.0291995	 0.0292198	 0.588392	 -0.0654392	 0.0654314	 -0.000309706
146.54	 0.028046	 0.0280656	 0.589654	 -0.0627809	 0.0627684	 -0.000316534
146.56	 0.0268843	 0.0269031	 0.590861	 -0.0601005	 0.0600832	 -0.000322631
146.58	 0.0257146	 0.0257327	 0.592013	 -0.057399	 0.0573767	 -0.000327997
146.6	 0.0245373	 0.0245547	 0.59311	 -0.0546773	 0.05465	 -0.00033263
146.62	 0.0233529	 0.0233694	 0.594151	 -0.0519364	 0.0519039	 -0.000336533
146.64	 0.0221616	 0.0221773	 0.595136	 -0.0491772	 0.0491393	 -0.000339704
146.66	 0.0209638	 0.0209786	 0.596065	 -0.0464006	 0.0463572	 -0.000342146
146.68	 0.0197599	 0.0197739	 0.596937	 -0.0436076	 0.0435586	 -0.000343862
146.7	 0.0185504	 0.0185634	 0.597752	 -0.0407991	 0.0407443	 -0.000344856
146.72	 0.0173354	 0.0173476	 0.59851	 -0.037976	 0.0379153	 -0.000345133
146.74	 0.0161155	 0.0161267	 0.599211	 -0.0351394	 0.0350727	 -0.000344699
146.76	 0.014891	 0.0149012	 0.599854	 -0.0322901	 0.0322174	 -0.000343561
146.78	 0.0136623	 0.0136715	 0.60044	 -0.0294292	 0.0293503	 -0.000341729
146.8	 0.0124297	 0.0124379	 0.600967	 -0.0265576	 0.0264724	 -0.00033921
146.82	 0.0111937	 0.0112009	 0.601436	 -0.0236763	 0.0235847	 -0.000336015
146.84	 0.00995451	 0.00996065	 0.601847	 -0.0207863	 0.0206881	 -0.000332154
146.86	 0.00871264	 0.00871772	 0.602199	 -0.0178885	 0.0177839	 -0.000327642
146.88	 0.00746844	 0.00747244	 0.602492	 -0.0149842	 0.0148728	 -0.000322493
146.9	 0.00622227	 0.00622518	 0.602727	 -0.0120742	 0.0119561	 -0.000316722
146.92	 0.00497451	 0.00497632	 0.602903	 -0.00915953	 0.00903465	 -0.000310345
146.94	 0.00372555	 0.00372624	 0.60302	 -0.00624126	 0.0061095	 -0.000303381
146.96	 0.00247574	 0.00247531	 0.603079	 -0.00332034	 0.00318163	 -0.000295848
146.98	 0.00122548	 0.0012239	 0.603078	 -0.000397764	 0.000252055	 -0.000287764
147	 -2.48778e-05	 -2.75954e-05	 0.603018	 0.00252545	 -0.00267822	 -0.000279152
147.02	 -0.00127494	 -0.00127882	 0.6029	 0.0054483	 -0.00560818	 -0.000270034
147.04	 -0.00252434	 -0.00252938	 0.602722	 0.00836979	 -0.00853682	 -0.000260431
147.06	 -0.0037727	 -0.0037789	 0.602486	 0.011289	 -0.0114632	 -0.000250366
147.08	 -0.00501963	 -0.00502702	 0.602191	 0.0142048	 -0.0143863	 -0.00023986
147.1	 -0.00626477	 -0.00627334	 0.601837	 0.0171165	 -0.0173051	 -0.000228934
147.12	 -0.00750775	 -0.0075175	 0.601424	 0.020023	 -0.0202189	 -0.000217611
147.14	 -0.00874817	 -0.00875912	 0.600953	 0.0229234	 -0.0231266	 -0.000205913
147.16	 -0.00998569	 -0.00999784	 0.600424	 0.0258167	 -0.0260272	 -0.000193863
147.18	 -0.0112199	 -0.0112333	 0.599836	 0.028702	 -0.0289198	 -0.000181484
147.2	 -0.0124505	 -0.0124651	 0.59919	 0.0315784	 -0.0318035	 -0.000168801
147.22	 -0.0136771	 -0.0136928	 0.598487	 0.0344449	 -0.0346773	 -0.000155836
147.24	 -0.0148992	 -0.0149162	 0.597726	 0.0373007	 -0.0375404	 -0.000142615
147.26	 -0.0161167	 -0.0161348	 0.596907	 0.0401447	 -0.0403916	 -0.000129161
147.28	 -0.017329	 -0.0173483	 0.596032	 0.042976	 -0.0432302	 -0.000115499
147.3	 -0.0185358	 -0.0185563	 0.595099	 0.0457935	 -0.046055	 -0.000101653
147.32	 -0.0197368	 -0.0197585	 0.59411	 0.0485963	 -0.048865	 -8.76486e-05
147.34	 -0.0209315	 -0.0209544	 0.593065	 0.0513833	 -0.0516592	 -7.35106e-05
147.36	 -0.0221197	 -0.0221438	 0.591964	 0.0541536	 -0.0544367	 -5.92635e-05
147.38	 -0.0233009	 -0.0233262	 0.590807	 0.0569062	 -0.0571964	 -4.49319e-05
147.4	 -0.0244749	 -0.0245013	 0.589595	 0.0596401	 -0.0599374	 -3.05399e-05
147.42	 -0.0256413	 -0.0256688	 0.588328	 0.0623543	 -0.0626587	 -1.61118e-05
147.44	 -0.0267997	 -0.0268283	 0.587006	 0.065048	 -0.0653594	 -1.67129e-06
147.46	 -0.0279497	 -0.0279795	 0.585631	 0.0677202	 -0.0680386	 1.27588e-05
147.48	 -0.0290911	 -0.0291219	 0.584202	 0.07037	 -0.0706953	 2.71568e-05
147.5	 -0.0302235	 -0.0302554	 0.582719	 0.0729965	 -0.0733287	 4.15024e-05
147.52	 -0.0313466	 -0.0313795	 0.581184	 0.0755988	 -0.0759379	 5.57764e-05
147.54	 -0.0324599	 -0.0324939	 0.579596	 0.0781763	 -0.0785221	 6.99599e-05
147.56	 -0.0335633	 -0.0335983	 0.577957	 0.0807279	 -0.0810804	 8.40343e-05
147.58	 -0.0346563	 -0.0346923	 0.576266	 0.083253	 -0.0836121	 9.79813e-05
147.6	 -0.0357387	 -0.0357756	 0.574525	 0.0857508	 -0.0861165	 0.000111783
147.62	 -0.03681	 -0.0368479	 0.572733	 0.0882205	 -0.0885926	 0.000125422
147.64	 -0.03787	 -0.0379089	 0.570892	 0.0906613	 -0.0910399	 0.000138882
147.66	 -0.0389184	 -0.0389582	 0.569001	 0.0930726	 -0.0934574	 0.000152147
147.68	 -0.0399548	 -0.0399955	 0.567062	 0.0954534	 -0.0958444	 0.0001652
147.7	 -0.040979	 -0.0410205	 0.565075	 0.0978029	 -0.0982001	 0.000178026
147.72	 -0.0419905	 -0.0420328	 0.563041	 0.10012	 -0.100524	 0.000190606
147.74	 -0.042989	 -0.0430322	 0.56096	 0.102405	 -0.102814	 0.000202927
147.76	 -0.0439744	 -0.0440184	 0.558832	 0.104656	 -0.105071	 0.000214972
147.78	 -0.0449462	 -0.0449909	 0.55666	 0.106872	 -0.107293	 0.000226731
147.8	 -0.0459042	 -0.0459496	 0.554443	 0.109054	 -0.10948	 0.000238189
147.82	 -0.046848	 -0.0468942	 0.552182	 0.111199	 -0.111631	 0.000249338
147.84	 -0.0477775	 -0.0478243	 0.549877	 0.113308	 -0.113745	 0.000260166
147.86	 -0.0486922	 -0.0487396	 0.54753	 0.115379	 -0.115821	 0.000270665
147.88	 -0.0495919	 -0.04964	 0.545142	 0.117412	 -0.11786	 0.000280829
147.9	 -0.0504764	 -0.050525	 0.542712	 0.119407	 -0.11986	 0.000290651
147.92	 -0.0513453	 -0.0513945	 0.540241	 0.121363	 -0.121821	 0.000300127
147.94	 -0.0521984	 -0.0522482	 0.537731	 0.123279	 -0.123742	 0.000309252
147.96	 -0.0530355	 -0.0530857	 0.535183	 0.125155	 -0.125622	 0.00031802
147.98	 -0.0538562	 -0.0539069	 0.532596	 0.12699	 -0.127461	 0.000326424
148	 -0.0546603	 -0.0547115	 0.529972	 0.128783	 -0.129259	 0.000334457
148.02	 -0.0554476	 -0.0554991	 0.527311	 0.130535	 -0.131015	 0.000342114
148.04	 -0.0562177	 -0.0562696	 0.524615	 0.132243	 -0.132728	 0.000349392
148.06	 -0.0569704	 -0.0570226	 0.521885	 0.133909	 -0.134397	 0.000356286
148.08	 -0.0577055	 -0.057758	 0.51912	 0.13553	 -0.136022	 0.000362795
148.1	 -0.0584227	 -0.0584755	 0.516323	 0.137107	 -0.137603	 0.000368917
148.12	 -0.0591218	 -0.0591748	 0.513494	 0.138639	 -0.139139	 0.00037465
148.14	 -0.0598026	 -0.0598558	 0.510633	 0.140127	 -0.140629	 0.000379994
148.16	 -0.0604648	 -0.0605182	 0.507742	 0.141568	 -0.142074	 0.000384952
148.18	 -0.0611082	 -0.0611617	 0.504822	 0.142963	 -0.143472	 0.000389525
148.2	 -0.0617326	 -0.0617863	 0.501874	 0.144312	 -0.144824	 0.000393717
148.22	 -0.0623378	 -0.0623915	 0.498897	 0.145613	 -0.146128	 0.00039753
148.24	 -0.0629236	 -0.0629774	 0.495895	 0.146867	 -0.147385	 0.000400968
148.26	 -0.0634898	 -0.0635435	 0.492866	 0.148073	 -0.148593	 0.000404033
148.28	 -0.0640361	 -0.0640898	 0.489813	 0.149231	 -0.149753	 0.000406732
148.3	 -0.0645624	 -0.0646161	 0.486737	 0.150339	 -0.150864	 0.000409069
148.32	 -0.0650686	 -0.0651221	 0.483637	 0.151398	 -0.151925	 0.000411052
148.34	 -0.0655543	 -0.0656078	 0.480516	 0.152408	 -0.152937	 0.000412689
148.36	 -0.0660196	 -0.0660729	 0.477374	 0.153368	 -0.153898	 0.000413987
148.38	 -0.0664641	 -0.0665172	 0.474213	 0.154278	 -0.15481	 0.000414952
148.4	 -0.0668878	 -0.0669407	 0.471032	 0.155137	 -0.15567	 0.00041559
148.42	 -0.0672904	 -0.0673431	 0.467834	 0.155946	 -0.15648	 0.000415908
148.44	 -0.0676719	 -0.0677243	 0.46462	 0.156703	 -0.157239	 0.000415911
148.46	 -0.068032	 -0.0680842	 0.461389	 0.157409	 -0.157946	 0.000415608
148.48	 -0.0683707	 -0.0684225	 0.458144	 0.158064	 -0.158601	 0.000415007
148.5	 -0.0686878	 -0.0687393	 0.454886	 0.158667	 -0.159205	 0.000414118
148.52	 -0.0689832	 -0.0690343	 0.451615	 0.159218	 -0.159756	 0.00041295
148.54	 -0.0692567	 -0.0693074	 0.448332	 0.159717	 -0.160255	 0.000411511
148.56	 -0.0695083	 -0.0695586	 0.445039	 0.160164	 -0.160702	 0.00040981
148.58	 -0.0697378	 -0.0697877	 0.441737	 0.160559	 -0.161097	 0.000407855
148.6	 -0.0699452	 -0.0699946	 0.438426	 0.160901	 -0.161439	 0.000405654
148.62	 -0.0701304	 -0.0701793	 0.435108	 0.16119	 -0.161728	 0.000403214
148.64	 -0.0702932	 -0.0703416	 0.431784	 0.161427	 -0.161963	 0.000400545
148.66	 -0.0704335	 -0.0704814	 0.428455	 0.16161	 -0.162146	 0.000397656
148.68	 -0.0705514	 -0.0705988	 0.425122	 0.161741	 -0.162276	 0.000394556
148.7	 -0.0706468	 -0.0706936	 0.421785	 0.161818	 -0.162353	 0.000391252
148.72	 -0.0707195	 -0.0707657	 0.418447	 0.161843	 -0.162376	 0.000387752
148.74	 -0.0707696	 -0.0708152	 0.415108	 0.161815	 -0.162347	 0.000384063
148.76	 -0.070797	 -0.0708419	 0.411769	 0.161734	 -0.162264	 0.00038019
148.78	 -0.0708016	 -0.070846	 0.408431	 0.1616	 -0.162128	 0.000376142
148.8	 -0.0707835	 -0.0708272	 0.405096	 0.161413	 -0.16194	 0.000371926
148.82	 -0.0707426	 -0.0707856	 0.401764	 0.161173	 -0.161698	 0.000367551
148.84	 -0.0706789	 -0.0707212	 0.398437	 0.160881	 -0.161403	 0.000363027
148.86	 -0.0705924	 -0.0706341	 0.395115	 0.160536	 -0.161056	 0.000358363
148.88	 -0.0704831	 -0.0705241	 0.3918	 0.160138	 -0.160656	 0.000353563
148.9	 -0.070351	 -0.0703913	 0.388493	 0.159688	 -0.160204	 0.000348634
148.92	 -0.0701962	 -0.0702357	 0.385195	 0.159187	 -0.1597	 0.000343579
148.94	 -0.0700186	 -0.0700573	 0.381906	 0.158633	 -0.159143	 0.000338405
148.96	 -0.0698183	 -0.0698563	 0.378629	 0.158027	 -0.158534	 0.000333117
148.98	 -0.0695952	 -0.0696325	 0.375363	 0.15737	 -0.157874	 0.000327721
149	 -0.0693496	 -0.0693861	 0.372111	 0.156662	 -0.157163	 0.000322224
149.02	 -0.0690814	 -0.0691171	 0.368873	 0.155902	 -0.156401	 0.000316632
149.04	 -0.0687906	 -0.0688255	 0.36565	 0.155093	 -0.155588	 0.00031095
149.06	 -0.0684774	 -0.0685115	 0.362443	 0.154232	 -0.154724	 0.000305182
149.08	 -0.0681418	 -0.0681751	 0.359254	 0.153322	 -0.15381	 0.000299334
149.1	 -0.067784	 -0.0678165	 0.356082	 0.152362	 -0.152846	 0.000293411
149.12	 -0.0674039	 -0.0674356	 0.352931	 0.151352	 -0.151833	 0.000287421
149.14	 -0.0670018	 -0.0670326	 0.3498	 0.150293	 -0.15077	 0.000281365
149.16	 -0.0665777	 -0.0666077	 0.34669	 0.149186	 -0.149659	 0.000275245
149.18	 -0.0661317	 -0.0661609	 0.343602	 0.14803	 -0.148499	 0.00026906
149.2	 -0.065664	 -0.0656923	 0.340538	 0.146826	 -0.147291	 0.000262807
149.22	 -0.0651747	 -0.0652022	 0.337499	 0.145574	 -0.146035	 0.000256489
149.24	 -0.0646638	 -0.0646905	 0.334485	 0.144275	 -0.144732	 0.000250106
149.26	 -0.0641317	 -0.0641575	 0.331497	 0.14293	 -0.143383	 0.000243664
149.28	 -0.0635784	 -0.0636033	 0.328537	 0.141538	 -0.141986	 0.000237165
149.3	 -0.063004	 -0.0630282	 0.325605	 0.1401	 -0.140544	 0.000230612
149.32	 -0.0624089	 -0.0624322	 0.322702	 0.138617	 -0.139057	 0.000224008
149.34	 -0.0617931	 -0.0618155	 0.31983	 0.137089	 -0.137525	 0.000217354
149.36	 -0.0611568	 -0.0611784	 0.316989	 0.135516	 -0.135948	 0.000210652
149.38	 -0.0605002	 -0.060521	 0.31418	 0.1339	 -0.134327	 0.000203906
149.4	 -0.0598236	 -0.0598436	 0.311404	 0.132241	 -0.132663	 0.000197119
149.42	 -0.0591272	 -0.0591463	 0.308662	 0.130539	 -0.130957	 0.000190291
149.44	 -0.0584111	 -0.0584294	 0.305955	 0.128795	 -0.129209	 0.000183424
149.46	 -0.0576756	 -0.057693	 0.303284	 0.127009	 -0.127419	 0.000176518
149.48	 -0.0569209	 -0.0569375	 0.300649	 0.125183	 -0.125588	 0.000169572
149.5	 -0.0561472	 -0.0561631	 0.298052	 0.123316	 -0.123716	 0.000162589
149.52	 -0.0553548	 -0.0553699	 0.295494	 0.121409	 -0.121805	 0.00015557
149.54	 -0.054544	 -0.0545583	 0.292974	 0.119463	 -0.119855	 0.000148517
149.56	 -0.0537149	 -0.0537284	 0.290495	 0.117479	 -0.117866	 0.000141427
149.58	 -0.052868	 -0.0528807	 0.288057	 0.115457	 -0.11584	 0.000134301
149.6	 -0.0520033	 -0.0520153	 0.28566	 0.113398	 -0.113777	 0.000127139
149.62	 -0.0511213	 -0.0511325	 0.283306	 0.111303	 -0.111677	 0.000119942
149.64	 -0.0502221	 -0.0502326	 0.280995	 0.109172	 -0.109541	 0.000112712
149.66	 -0.0493062	 -0.0493159	 0.278728	 0.107006	 -0.107371	 0.000105454
149.68	 -0.0483737	 -0.0483827	 0.276507	 0.104805	 -0.105167	 9.81677e-05
149.7	 -0.0474251	 -0.0474334	 0.27433	 0.102571	 -0.102929	 9.0856e-05
149.72	 -0.0464605	 -0.0464682	 0.2722	 0.100305	 -0.100658	 8.35196e-05
149.74	 -0.0454804	 -0.0454874	 0.270117	 0.0980063	 -0.0983554	 7.61598e-05
149.76	 -0.0444851	 -0.0444914	 0.268082	 0.0956765	 -0.0960217	 6.87782e-05
149.78	 -0.0434749	 -0.0434805	 0.266095	 0.0933162	 -0.0936575	 6.13762e-05
149.8	 -0.0424501	 -0.0424551	 0.264156	 0.0909262	 -0.0912636	 5.39552e-05
149.82	 -0.041411	 -0.0414154	 0.262268	 0.0885073	 -0.0888409	 4.65161e-05
149.84	 -0.0403581	 -0.0403619	 0.26043	 0.0860602	 -0.0863901	 3.90605e-05
149.86	 -0.0392916	 -0.0392948	 0.258643	 0.0835858	 -0.0839121	 3.15908e-05
149.88	 -0.0382119	 -0.0382146	 0.256907	 0.0810848	 -0.0814076	 2.41103e-05
149.9	 -0.0371194	 -0.0371215	 0.255224	 0.0785582	 -0.0788775	 1.6622e-05
149.92	 -0.0360145	 -0.0360161	 0.253593	 0.0760067	 -0.0763226	 9.12865e-06
149.94	 -0.0348975	 -0.0348985	 0.252015	 0.0734312	 -0.0737438	 1.63237e-06
149.96	 -0.0337688	 -0.0337693	 0.250491	 0.0708324	 -0.0711418	 -5.86464e-06
149.98	 -0.0326287	 -0.0326288	 0.249021	 0.0682112	 -0.0685175	 -1.33594e-05
150	 -0.0314777	 -0.0314773	 0.247606	 0.0655683	 -0.0658717	 -2.08477e-05
150.02	 -0.0303161	 -0.0303153	 0.246246	 0.0629047	 -0.0632052	 -2.83245e-05
150.04	 -0.0291444	 -0.0291432	 0.244942	 0.0602212	 -0.0605189	 -3.57843e-05
150.06	 -0.0279629	 -0.0279612	 0.243694	 0.0575187	 -0.0578137	 -4.32215e-05
150.08	 -0.026772	 -0.02677	 0.242502	 0.0547981	 -0.0550905	 -5.06304e-05
150.1	 -0.0255722	 -0.0255698	 0.241368	 0.0520601	 -0.0523501	 -5.80047e-05
150.12	 -0.0243638	 -0.0243611	 0.24029	 0.0493058	 -0.0495934	 -6.53377e-05
150.14	 -0.0231473	 -0.0231442	 0.239271	 0.046536	 -0.0468213	 -7.26222e-05
150.16	 -0.0219231	 -0.0219197	 0.238309	 0.0437516	 -0.0440348	 -7.98508e-05
150.18	 -0.0206915	 -0.0206878	 0.237406	 0.0409535	 -0.0412347	 -8.70167e-05
150.2	 -0.0194531	 -0.0194491	 0.236561	 0.0381425	 -0.0384218	 -9.41125e-05
150.22	 -0.0182081	 -0.0182039	 0.235775	 0.0353196	 -0.0355971	 -0.00010113
150.24	 -0.0169571	 -0.0169527	 0.235049	 0.0324856	 -0.0327614	 -0.000108062
150.26	 -0.0157005	 -0.0156958	 0.234382	 0.0296415	 -0.0299158	 -0.000114898
150.28	 -0.0144386	 -0.0144338	 0.233775	 0.0267881	 -0.027061	 -0.000121631
150.3	 -0.013172	 -0.013167	 0.233227	 0.0239264	 -0.024198	 -0.00012825
150.32	 -0.011901	 -0.0118959	 0.23274	 0.0210573	 -0.0213277	 -0.000134748
150.34	 -0.0106261	 -0.0106208	 0.232313	 0.0181816	 -0.018451	 -0.000141116
150.36	 -0.00934773	 -0.00934231	 0.231946	 0.0153004	 -0.0155688	 -0.000147345
150.38	 -0.00806627	 -0.00806076	 0.23164	 0.0124144	 -0.012682	 -0.000153422
150.4	 -0.00678219	 -0.00677661	 0.231395	 0.00952478	 -0.0097917	 -0.000159335
150.42	 -0.00549593	 -0.00549029	 0.23121	 0.00663239	 -0.00689874	 -0.000165071
150.44	 -0.00420792	 -0.00420225	 0.231087	 0.00373819	 -0.0040041	 -0.00017062
150.46	 -0.0029186	 -0.00291291	 0.231024	 0.000843103	 -0.00110869	 -0.00017597
150.48	 -0.0016284	 -0.00162271	 0.231022	 -0.00205199	 0.00178661	 -0.000181114
150.5	 -0.000337754	 -0.000332079	 0.231081	 -0.00494618	 0.00468088	 -0.00018604
150.52	 0.000952903	 0.000958541	 0.231201	 -0.00783857	 0.00757323	 -0.00019074
150.54	 0.00224313	 0.00224872	 0.231382	 -0.0107282	 0.0104627	 -0.0001952
150.56	 0.0035325	 0.00353801	 0.231624	 -0.0136142	 0.0133484	 -0.00019941
150.58	 0.00482057	 0.00482599	 0.231927	 -0.0164955	 0.0162294	 -0.000203358
150.6	 0.00610689	 0.0061122	 0.23229	 -0.0193714	 0.0191047	 -0.000207032
150.62	 0.00739103	 0.00739622	 0.232714	 -0.0222408	 0.0219736	 -0.000210424
150.64	 0.00867257	 0.00867762	 0.233198	 -0.0251029	 0.024835	 -0.000213522
150.66	 0.00995107	 0.00995595	 0.233743	 -0.0279568	 0.0276881	 -0.000216317
150.68	 0.0112261	 0.0112308	 0.234348	 -0.0308016	 0.030532	 -0.000218798
150.7	 0.0124972	 0.0125018	 0.235013	 -0.0336364	 0.0333657	 -0.000220953
150.72	 0.0137641	 0.0137684	 0.235737	 -0.0364603	 0.0361885	 -0.000222772
150.74	 0.0150261	 0.0150302	 0.236521	 -0.0392724	 0.0389994	 -0.000224247
150.76	 0.016283	 0.0162869	 0.237364	 -0.0420718	 0.0417976	 -0.000225367
150.78	 0.0175344	 0.017538	 0.238266	 -0.0448577	 0.0445821	 -0.000226124
150.8	 0.0187797	 0.018783	 0.239227	 -0.0476293	 0.0473522	 -0.000226509
150.82	 0.0200186	 0.0200217	 0.240246	 -0.0503855	 0.0501069	 -0.000226511
150.84	 0.0212507	 0.0212535	 0.241323	 -0.0531256	 0.0528454	 -0.00022612
150.86	 0.0224756	 0.022478	 0.242458	 -0.0558486	 0.0555667	 -0.000225326
150.88	 0.0236928	 0.0236949	 0.243651	 -0.0585536	 0.05827	 -0.000224122
150.9	 0.024902	 0.0249038	 0.2449	 -0.0612399	 0.0609544	 -0.000222501
150.92	 0.0261027	 0.0261042	 0.246206	 -0.0639066	 0.0636192	 -0.000220457
150.94	 0.0272946	 0.0272957	 0.247568	 -0.0665528	 0.0662635	 -0.000217984
150.96	 0.0284773	 0.028478	 0.248986	 -0.0691779	 0.0688866	 -0.000215077
150.98	 0.0296503	 0.0296507	 0.250459	 -0.071781	 0.0714876	 -0.000211733
151	 0.0308133	 0.0308133	 0.251987	 -0.0743613	 0.0740658	 -0.00020795
151.02	 0.031966	 0.0319656	 0.253569	 -0.0769181	 0.0766204	 -0.000203725
151.04	 0.0331078	 0.033107	 0.255204	 -0.0794506	 0.0791507	 -0.000199059
151.06	 0.0342386	 0.0342373	 0.256892	 -0.081958	 0.0816559	 -0.000193952
151.08	 0.0353578	 0.0353561	 0.258633	 -0.0844396	 0.0841351	 -0.000188405
151.1	 0.0364651	 0.036463	 0.260426	 -0.0868944	 0.0865877	 -0.000182418
151.12	 0.0375602	 0.0375576	 0.26227	 -0.0893218	 0.0890128	 -0.000175994
151.14	 0.0386426	 0.0386397	 0.264164	 -0.091721	 0.0914097	 -0.000169137
151.16	 0.0397122	 0.0397087	 0.266108	 -0.0940914	 0.0937777	 -0.000161851
151.18	 0.0407684	 0.0407645	 0.268101	 -0.0964321	 0.096116	 -0.000154139
151.2	 0.041811	 0.0418066	 0.270143	 -0.0987424	 0.098424	 -0.000146007
151.22	 0.0428396	 0.0428347	 0.272233	 -0.101022	 0.100701	 -0.000137456
151.24	 0.0438539	 0.0438486	 0.274369	 -0.103269	 0.102946	 -0.000128491
151.26	 0.0448536	 0.0448478	 0.276552	 -0.105484	 0.105158	 -0.000119118
151.28	 0.0458383	 0.045832	 0.278781	 -0.107665	 0.107337	 -0.000109345
151.3	 0.0468078	 0.046801	 0.281054	 -0.109813	 0.109483	 -9.91793e-05
151.32	 0.0477617	 0.0477544	 0.283372	 -0.111926	 0.111594	 -8.86292e-05
151.34	 0.0486997	 0.0486919	 0.285733	 -0.114004	 0.113669	 -7.77027e-05
151.36	 0.0496216	 0.0496132	 0.288137	 -0.116046	 0.115709	 -6.64089e-05
151.38	 0.050527	 0.0505181	 0.290582	 -0.118051	 0.117713	 -5.47587e-05
151.4	 0.0514157	 0.0514062	 0.293068	 -0.12002	 0.119679	 -4.27649e-05
151.42	 0.0522873	 0.0522773	 0.295595	 -0.12195	 0.121608	 -3.04418e-05
151.44	 0.0531417	 0.0531311	 0.298161	 -0.123843	 0.123498	 -1.78042e-05
151.46	 0.0539784	 0.0539674	 0.300765	 -0.125696	 0.125349	 -4.86709e-06
151.48	 0.0547974	 0.0547858	 0.303406	 -0.127509	 0.127161	 8.35416e-06
151.5	 0.0555983	 0.0555861	 0.306084	 -0.129283	 0.128932	 2.18432e-05
151.52	 0.0563808	 0.0563681	 0.308798	 -0.131015	 0.130663	 3.55828e-05
151.54	 0.0571447	 0.0571315	 0.311547	 -0.132706	 0.132352	 4.95552e-05
151.56	 0.0578898	 0.057876	 0.31433	 -0.134355	 0.134	 6.37433e-05
151.58	 0.0586159	 0.0586016	 0.317145	 -0.135961	 0.135605	 7.81307e-05
151.6	 0.0593227	 0.0593079	 0.319993	 -0.137525	 0.137167	 9.27011e-05
151.62	 0.0600101	 0.0599947	 0.322872	 -0.139045	 0.138686	 0.000107437
151.64	 0.0606777	 0.0606618	 0.325782	 -0.140521	 0.14016	 0.000122321
151.66	 0.0613255	 0.061309	 0.328721	 -0.141952	 0.14159	 0.00013733
151.68	 0.0619531	 0.0619362	 0.331688	 -0.143338	 0.142975	 0.000152443
151.7	 0.0625605	 0.0625431	 0.334683	 -0.144679	 0.144315	 0.000167637
151.72	 0.0631474	 0.0631295	 0.337704	 -0.145973	 0.145609	 0.00018289
151.74	 0.0637136	 0.0636952	 0.34075	 -0.147221	 0.146856	 0.000198182
151.76	 0.064259	 0.0642402	 0.343821	 -0.148422	 0.148056	 0.000213489
151.78	 0.0647834	 0.0647641	 0.346916	 -0.149576	 0.14921	 0.000228791
151.8	 0.0652867	 0.065267	 0.350033	 -0.150682	 0.150315	 0.000244063
151.82	 0.0657687	 0.0657486	 0.353171	 -0.15174	 0.151373	 0.000259285
151.84	 0.0662293	 0.0662087	 0.35633	 -0.152749	 0.152382	 0.000274435
151.86	 0.0666683	 0.0666474	 0.359508	 -0.153709	 0.153342	 0.000289491
151.88	 0.0670856	 0.0670643	 0.362704	 -0.15462	 0.154252	 0.000304433
151.9	 0.0674812	 0.0674595	 0.365917	 -0.155481	 0.155114	 0.000319239
151.92	 0.0678548	 0.0678328	 0.369147	 -0.156292	 0.155925	 0.000333886
151.94	 0.0682064	 0.0681841	 0.372392	 -0.157053	 0.156685	 0.00034835
151.96	 0.0685359	 0.0685132	 0.375651	 -0.157763	 0.157396	 0.000362608
151.98	 0.0688432	 0.0688202	 0.378923	 -0.158422	 0.158055	 0.000376636
152	 0.0691282	 0.069105	 0.382206	 -0.159029	 0.158663	 0.000390413
152.02	 0.0693909	 0.0693674	 0.385501	 -0.159585	 0.15922	 0.000403916
152.04	 0.0696312	 0.0696074	 0.388805	 -0.160089	 0.159725	 0.000417124
152.06	 0.069849	 0.069825	 0.392118	 -0.160541	 0.160178	 0.000430016
152.08	 0.0700443	 0.0700201	 0.395438	 -0.160941	 0.160578	 0.000442567
152.1	 0.0702171	 0.0701926	 0.398764	 -0.161288	 0.160927	 0.000454756
152.12	 0.0703673	 0.0703426	 0.402096	 -0.161583	 0.161223	 0.000466559
152.14	 0.0704948	 0.07047	 0.405433	 -0.161825	 0.161466	 0.000477953
152.16	 0.0705997	 0.0705748	 0.408772	 -0.162014	 0.161656	 0.000488916
152.18	 0.070682	 0.0706569	 0.412114	 -0.16215	 0.161794	 0.000499425
152.2	 0.0707415	 0.0707164	 0.415456	 -0.162234	 0.161879	 0.000509458
152.22	 0.0707785	 0.0707532	 0.418799	 -0.162264	 0.161911	 0.000518995
152.24	 0.0707927	 0.0707674	 0.42214	 -0.162241	 0.16189	 0.000528016
152.26	 0.0707843	 0.0707589	 0.425479	 -0.162165	 0.161817	 0.000536503
152.28	 0.0707533	 0.0707279	 0.428815	 -0.162036	 0.16169	 0.000544438
152.3	 0.0706997	 0.0706742	 0.432147	 -0.161854	 0.16151	 0.000551806
152.32	 0.0706235	 0.070598	 0.435473	 -0.161619	 0.161278	 0.00055859
152.34	 0.0705247	 0.0704994	 0.438792	 -0.161331	 0.160992	 0.000564775
152.36	 0.0704035	 0.0703782	 0.442104	 -0.16099	 0.160653	 0.000570346
152.38	 0.0702599	 0.0702346	 0.445407	 -0.160596	 0.160262	 0.000575288
152.4	 0.0700939	 0.0700687	 0.448701	 -0.160149	 0.159817	 0.00057959
152.42	 0.0699056	 0.0698805	 0.451983	 -0.159648	 0.15932	 0.000583239
152.44	 0.069695	 0.0696701	 0.455254	 -0.159096	 0.15877	 0.000586225
152.46	 0.0694623	 0.0694375	 0.458512	 -0.15849	 0.158168	 0.000588536
152.48	 0.0692075	 0.0691829	 0.461756	 -0.157832	 0.157513	 0.000590164
152.5	 0.0689308	 0.0689064	 0.464985	 -0.157121	 0.156805	 0.000591099
152.52	 0.0686322	 0.068608	 0.468199	 -0.156358	 0.156046	 0.000591333
152.54	 0.0683118	 0.0682878	 0.471395	 -0.155544	 0.155234	 0.00059086
152.56	 0.0679698	 0.0679461	 0.474573	 -0.154677	 0.154371	 0.000589677
152.58	 0.0676063	 0.0675829	 0.477733	 -0.153759	 0.153456	 0.00058778
152.6	 0.0672214	 0.0671983	 0.480872	 -0.152789	 0.152491	 0.000585169
152.62	 0.0668153	 0.0667925	 0.48399	 -0.151769	 0.151474	 0.00058184
152.64	 0.0663881	 0.0663656	 0.487087	 -0.150698	 0.150407	 0.000577792
152.66	 0.0659399	 0.0659178	 0.49016	 -0.149576	 0.149289	 0.000573025
152.68	 0.065471	 0.0654493	 0.49321	 -0.148405	 0.148121	 0.000567539
152.7	 0.0649814	 0.0649601	 0.496235	 -0.147184	 0.146904	 0.000561338
152.72	 0.0644714	 0.0644504	 0.499234	 -0.145914	 0.145638	 0.000554429
152.74	 0.0639411	 0.0639205	 0.502206	 -0.144595	 0.144323	 0.000546818
152.76	 0.0633906	 0.0633705	 0.50515	 -0.143227	 0.14296	 0.000538513
152.78	 0.0628203	 0.0628006	 0.508066	 -0.141812	 0.141549	 0.000529523
152.8	 0.0622302	 0.062211	 0.510952	 -0.140349	 0.14009	 0.000519857
152.82	 0.0616205	 0.0616018	 0.513808	 -0.138839	 0.138585	 0.000509525
152.84	 0.0609916	 0.0609733	 0.516632	 -0.137283	 0.137032	 0.000498538
152.86	 0.0603435	 0.0603258	 0.519425	 -0.13568	 0.135434	 0.000486908
152.88	 0.0596765	 0.0596593	 0.522184	 -0.134032	 0.133791	 0.00047465
152.9	 0.0589908	 0.0589741	 0.524909	 -0.132339	 0.132102	 0.000461775
152.92	 0.0582867	 0.0582705	 0.527599	 -0.130602	 0.130369	 0.000448298
152.94	 0.0575642	 0.0575487	 0.530254	 -0.128821	 0.128593	 0.000434236
152.96	 0.0568238	 0.0568088	 0.532872	 -0.126997	 0.126773	 0.000419607
152.98	 0.0560656	 0.0560512	 0.535454	 -0.12513	 0.124911	 0.000404433
153	 0.0552899	 0.055276	 0.537997	 -0.123221	 0.123007	 0.000388738
153.02	 0.0544969	 0.0544836	 0.540501	 -0.121271	 0.121061	 0.000372545
153.04	 0.0536869	 0.0536742	 0.542965	 -0.119281	 0.119075	 0.000355877
153.06	 0.0528601	 0.0528481	 0.545389	 -0.117251	 0.117049	 0.000338759
153.08	 0.0520169	 0.0520054	 0.547772	 -0.115181	 0.114984	 0.000321214
153.1	 0.0511574	 0.0511466	 0.550113	 -0.113073	 0.112881	 0.000303268
153.12	 0.0502819	 0.0502718	 0.552412	 -0.110928	 0.11074	 0.000284947
153.14	 0.0493908	 0.0493813	 0.554667	 -0.108745	 0.108562	 0.000266277
153.16	 0.0484843	 0.0484754	 0.556878	 -0.106526	 0.106348	 0.000247286
153.18	 0.0475626	 0.0475544	 0.559044	 -0.104272	 0.104098	 0.000228003
153.2	 0.0466261	 0.0466185	 0.561165	 -0.101983	 0.101813	 0.000208455
153.22	 0.0456751	 0.0456682	 0.56324	 -0.099661	 0.0994954	 0.000188673
153.24	 0.0447098	 0.0447035	 0.565268	 -0.0973056	 0.0971443	 0.000168687
153.26	 0.0437306	 0.043725	 0.567249	 -0.0949181	 0.0947611	 0.00014853
153.28	 0.0427378	 0.0427328	 0.569182	 -0.0924994	 0.0923467	 0.000128232
153.3	 0.0417316	 0.0417274	 0.571067	 -0.0900504	 0.0899019	 0.000107828
153.32	 0.0407125	 0.0407089	 0.572902	 -0.0875719	 0.0874276	 8.73479e-05
153.34	 0.0396807	 0.0396778	 0.574688	 -0.085065	 0.0849248	 6.6825e-05
153.36	 0.0386366	 0.0386343	 0.576424	 -0.0825304	 0.0823943	 4.62915e-05
153.38	 0.0375804	 0.0375788	 0.578109	 -0.0799692	 0.0798371	 2.57805e-05
153.4	 0.0365126	 0.0365116	 0.579743	 -0.0773822	 0.077254	 5.326e-06
153.42	 0.0354334	 0.0354331	 0.581325	 -0.0747704	 0.0746461	 -1.50381e-05
153.44	 0.0343432	 0.0343435	 0.582855	 -0.0721346	 0.0720141	 -3.52785e-05
153.46	 0.0332423	 0.0332433	 0.584332	 -0.0694757	 0.069359	 -5.53628e-05
153.48	 0.0321311	 0.0321327	 0.585756	 -0.0667949	 0.0666818	 -7.52596e-05
153.5	 0.0310099	 0.0310121	 0.587126	 -0.0640929	 0.0639835	 -9.49378e-05
153.52	 0.029879	 0.0298819	 0.588443	 -0.0613707	 0.0612648	 -0.000114367
153.54	 0.0287389	 0.0287423	 0.589705	 -0.0586293	 0.0585269	 -0.000133515
153.56	 0.0275897	 0.0275938	 0.590912	 -0.0558697	 0.0557707	 -0.000152352
153.58	 0.0264321	 0.0264367	 0.592064	 -0.0530929	 0.0529971	 -0.000170846
153.6	 0.0252661	 0.0252713	 0.59316	 -0.0502999	 0.0502073	 -0.000188968
153.62	 0.0240923	 0.024098	 0.594201	 -0.0474916	 0.0474021	 -0.000206685
153.64	 0.0229109	 0.0229172	 0.595186	 -0.044669	 0.0445825	 -0.000223966
153.66	 0.0217224	 0.0217292	 0.596114	 -0.0418332	 0.0417496	 -0.000240781
153.68	 0.0205271	 0.0205343	 0.596985	 -0.038985	 0.0389042	 -0.000257099
153.7	 0.0193253	 0.0193331	 0.5978	 -0.0361255	 0.0360475	 -0.000272889
153.72	 0.0181174	 0.0181257	 0.598557	 -0.0332558	 0.0331803	 -0.000288121
153.74	 0.0169039	 0.0169126	 0.599257	 -0.0303768	 0.0303038	 -0.000302769
153.76	 0.015685	 0.0156941	 0.599899	 -0.0274894	 0.0274188	 -0.000316803
153.78	 0.0144611	 0.0144706	 0.600483	 -0.0245948	 0.0245264	 -0.000330196
153.8	 0.0132326	 0.0132426	 0.601009	 -0.0216938	 0.0216275	 -0.000342922
153.82	 0.0119999	 0.0120102	 0.601476	 -0.0187875	 0.0187232	 -0.000354957
153.84	 0.0107634	 0.010774	 0.601885	 -0.0158768	 0.0158145	 -0.000366276
153.86	 0.00952334	 0.00953433	 0.602236	 -0.012963	 0.0129024	 -0.000376857
153.88	 0.0082802	 0.00829151	 0.602528	 -0.0100468	 0.00998788	 -0.00038668
153.9	 0.00703435	 0.00704594	 0.602761	 -0.00712953	 0.00707207	 -0.000395725
153.92	 0.00578614	 0.00579801	 0.602935	 -0.00421204	 0.00415593	 -0.000403974
153.94	 0.00453597	 0.00454809	 0.60305	 -0.00129534	 0.00124045	 -0.00041141
153.96	 0.00328419	 0.00329654	 0.603107	 0.00161957	 -0.00167338	 -0.00041802
153.98	 0.0020312	 0.00204376	 0.603104	 0.0045317	 -0.00458458	 -0.00042379
154	 0.000777362	 0.000790107	 0.603042	 0.00744004	 -0.00749214	 -0.00042871
154.02	 -0.000476937	 -0.000464029	 0.602921	 0.0103436	 -0.0103951	 -0.00043277
154.04	 -0.00173132	 -0.00171827	 0.602742	 0.0132414	 -0.0132924	 -0.000435963
154.06	 -0.00298539	 -0.00297223	 0.602503	 0.0161325	 -0.0161832	 -0.00043828
154.08	 -0.00423879	 -0.00422554	 0.602205	 0.019016	 -0.0190665	 -0.000439714
154.1	 -0.00549112	 -0.0054778	 0.601849	 0.021891	 -0.0219414	 -0.00044026
154.12	 -0.006742	 -0.00672864	 0.601434	 0.0247565	 -0.024807	 -0.000439911
154.14	 -0.00799105	 -0.00797768	 0.600961	 0.0276117	 -0.0276624	 -0.000438666
154.16	 -0.00923789	 -0.00922454	 0.600429	 0.0304556	 -0.0305067	 -0.000436523
154.18	 -0.0104821	 -0.0104688	 0.599839	 0.0332873	 -0.0333391	 -0.000433483
154.2	 -0.0117234	 -0.0117102	 0.599191	 0.0361061	 -0.0361585	 -0.000429548
154.22	 -0.0129614	 -0.0129482	 0.598485	 0.0389109	 -0.0389642	 -0.00042472
154.24	 -0.0141956	 -0.0141826	 0.597721	 0.0417009	 -0.0417552	 -0.000419007
154.26	 -0.0154257	 -0.0154128	 0.5969	 0.0444752	 -0.0445308	 -0.000412415
154.28	 -0.0166514	 -0.0166386	 0.596022	 0.047233	 -0.0472899	 -0.000404954
154.3	 -0.0178721	 -0.0178596	 0.595088	 0.0499732	 -0.0500316	 -0.000396635
154.32	 -0.0190877	 -0.0190754	 0.594096	 0.0526949	 -0.0527551	 -0.00038747
154.34	 -0.0202976	 -0.0202855	 0.593049	 0.0553973	 -0.0554592	 -0.000377473
154.36	 -0.0215015	 -0.0214897	 0.591945	 0.0580793	 -0.0581433	 -0.000366661
154.38	 -0.0226991	 -0.0226876	 0.590786	 0.0607401	 -0.0608063	 -0.000355049
154.4	 -0.0238899	 -0.0238788	 0.589572	 0.0633788	 -0.0634473	 -0.000342657
154.42	 -0.0250737	 -0.0250629	 0.588303	 0.0659946	 -0.0660656	 -0.000329506
154.44	 -0.0262499	 -0.0262395	 0.586979	 0.0685865	 -0.0686602	 -0.000315617
154.46	 -0.0274184	 -0.0274083	 0.585602	 0.0711537	 -0.0712303	 -0.000301011
154.48	 -0.0285787	 -0.028569	 0.584171	 0.0736955	 -0.073775	 -0.000285712
154.5	 -0.0297304	 -0.0297212	 0.582686	 0.076211	 -0.0762937	 -0.000269742
154.52	 -0.0308732	 -0.0308645	 0.58115	 0.0786996	 -0.0787856	 -0.000253125
154.54	 -0.0320068	 -0.0319985	 0.57956	 0.0811603	 -0.0812499	 -0.000235887
154.56	 -0.0331308	 -0.033123	 0.577919	 0.0835927	 -0.0836859	 -0.000218052
154.58	 -0.0342448	 -0.0342375	 0.576227	 0.0859959	 -0.086093	 -0.000199649
154.6	 -0.0353485	 -0.0353418	 0.574485	 0.0883693	 -0.0884704	 -0.000180706
154.62	 -0.0364416	 -0.0364354	 0.572692	 0.0907123	 -0.0908176	 -0.000161252
154.64	 -0.0375237	 -0.037518	 0.570849	 0.0930243	 -0.0931338	 -0.000141319
154.66	 -0.0385944	 -0.0385893	 0.568957	 0.0953045	 -0.0954184	 -0.000120937
154.68	 -0.0396534	 -0.0396489	 0.567017	 0.0975522	 -0.0976708	 -0.000100142
154.7	 -0.0407004	 -0.0406966	 0.565029	 0.0997669	 -0.0998902	 -7.89676e-05
154.72	 -0.041735	 -0.0417318	 0.562994	 0.101948	 -0.102076	 -5.74513e-05
154.74	 -0.0427569	 -0.0427544	 0.560913	 0.104094	 -0.104227	 -3.56297e-05
154.76	 -0.0437658	 -0.0437639	 0.558785	 0.106205	 -0.106344	 -1.35401e-05
154.78	 -0.0447613	 -0.0447601	 0.556612	 0.10828	 -0.108424	 8.78036e-06
154.8	 -0.0457431	 -0.0457426	 0.554395	 0.110319	 -0.110468	 3.12947e-05
154.82	 -0.0467109	 -0.0467112	 0.552134	 0.112321	 -0.112476	 5.39655e-05
154.84	 -0.0476643	 -0.0476654	 0.549829	 0.114285	 -0.114445	 7.67556e-05
154.86	 -0.0486032	 -0.048605	 0.547482	 0.116211	 -0.116377	 9.96284e-05
154.88	 -0.0495271	 -0.0495296	 0.545094	 0.118098	 -0.11827	 0.000122548
154.9	 -0.0504357	 -0.0504391	 0.542664	 0.119946	 -0.120124	 0.000145479
154.92	 -0.0513289	 -0.051333	 0.540194	 0.121754	 -0.121939	 0.000168385
154.94	 -0.0522062	 -0.0522112	 0.537685	 0.123522	 -0.123714	 0.000191231
154.96	 -0.0530675	 -0.0530732	 0.535137	 0.12525	 -0.125448	 0.000213978
154.98	 -0.0539123	 -0.0539189	 0.532551	 0.126937	 -0.127141	 0.000236586
155	 -0.0547404	 -0.0547478	 0.529928	 0.128582	 -0.128793	 0.000259016
155.02	 -0.0555516	 -0.0555598	 0.527268	 0.130186	 -0.130403	 0.000281229
155.04	 -0.0563455	 -0.0563546	 0.524574	 0.131747	 -0.131971	 0.000303186
155.06	 -0.0571219	 -0.0571318	 0.521844	 0.133265	 -0.133496	 0.000324851
155.08	 -0.0578804	 -0.0578913	 0.519081	 0.13474	 -0.134978	 0.000346187
155.1	 -0.058621	 -0.0586326	 0.516285	 0.136171	 -0.136416	 0.000367156
155.12	 -0.0593432	 -0.0593557	 0.513457	 0.137558	 -0.137811	 0.000387725
155.14	 -0.0600468	 -0.0600602	 0.510598	 0.138901	 -0.139161	 0.000407856
155.16	 -0.0607316	 -0.0607459	 0.507709	 0.140199	 -0.140466	 0.000427517
155.18	 -0.0613973	 -0.0614125	 0.504791	 0.141452	 -0.141727	 0.000446676
155.2	 -0.0620438	 -0.0620599	 0.501844	 0.14266	 -0.142942	 0.000465302
155.22	 -0.0626707	 -0.0626877	 0.49887	 0.143823	 -0.144112	 0.000483363
155.24	 -0.0632779	 -0.0632957	 0.495869	 0.144939	 -0.145236	 0.000500831
155.26	 -0.063865	 -0.0638838	 0.492843	 0.146009	 -0.146314	 0.000517676
155.28	 -0.064432	 -0.0644517	 0.489792	 0.147032	 -0.147345	 0.000533871
155.3	 -0.0649786	 -0.0649991	 0.486717	 0.148009	 -0.148329	 0.000549391
155.32	 -0.0655046	 -0.065526	 0.48362	 0.148938	 -0.149266	 0.000564214
155.34	 -0.0660098	 -0.0660321	 0.480501	 0.14982	 -0.150155	 0.000578316
155.36	 -0.066494	 -0.0665171	 0.477362	 0.150654	 -0.150997	 0.000591677
155.38	 -0.066957	 -0.0669811	 0.474203	 0.15144	 -0.151792	 0.000604274
155.4	 -0.0673988	 -0.0674237	 0.471025	 0.152179	 -0.152538	 0.000616086
155.42	 -0.0678189	 -0.0678447	 0.467829	 0.15287	 -0.153236	 0.000627092
155.44	 -0.0682175	 -0.0682441	 0.464617	 0.153512	 -0.153886	 0.000637276
155.46	 -0.0685941	 -0.0686216	 0.461389	 0.154106	 -0.154488	 0.000646622
155.48	 -0.0689488	 -0.0689772	 0.458146	 0.154651	 -0.155041	 0.000655116
155.5	 -0.0692813	 -0.0693105	 0.45489	 0.155147	 -0.155545	 0.000662747
155.52	 -0.0695916	 -0.0696216	 0.451622	 0.155595	 -0.156	 0.000669504
155.54	 -0.0698794	 -0.0699103	 0.448341	 0.155994	 -0.156407	 0.000675379
155.56	 -0.0701447	 -0.0701764	 0.445051	 0.156344	 -0.156764	 0.000680361
155.58	 -0.0703874	 -0.0704199	 0.441751	 0.156645	 -0.157073	 0.000684443
155.6	 -0.0706073	 -0.0706406	 0.438443	 0.156897	 -0.157333	 0.00068762
155.62	 -0.0708043	 -0.0708384	 0.435127	 0.1571	 -0.157543	 0.000689888
155.64	 -0.0709783	 -0.0710133	 0.431805	 0.157254	 -0.157704	 0.000691246
155.66	 -0.0711293	 -0.0711651	 0.428478	 0.157359	 -0.157816	 0.000691693
155.68	 -0.0712572	 -0.0712937	 0.425147	 0.157414	 -0.157879	 0.000691232
155.7	 -0.0713619	 -0.0713991	 0.421813	 0.157421	 -0.157892	 0.000689864
155.72	 -0.0714433	 -0.0714813	 0.418476	 0.157378	 -0.157857	 0.000687593
155.74	 -0.0715013	 -0.0715401	 0.415139	 0.157287	 -0.157772	 0.000684423
155.76	 -0.071536	 -0.0715755	 0.411802	 0.157146	 -0.157639	 0.000680359
155.78	 -0.0715473	 -0.0715875	 0.408467	 0.156957	 -0.157456	 0.000675411
155.8	 -0.0715351	 -0.071576	 0.405133	 0.156719	 -0.157225	 0.000669588
155.82	 -0.0714995	 -0.0715411	 0.401803	 0.156433	 -0.156945	 0.000662904
155.84	 -0.0714404	 -0.0714826	 0.398477	 0.156098	 -0.156616	 0.000655374
155.86	 -0.0713578	 -0.0714007	 0.395157	 0.155715	 -0.15624	 0.000647013
155.88	 -0.0712517	 -0.0712952	 0.391844	 0.155283	 -0.155814	 0.000637836
155.9	 -0.0711221	 -0.0711662	 0.388538	 0.154804	 -0.155341	 0.000627859
155.92	 -0.070969	 -0.0710138	 0.385241	 0.154277	 -0.15482	 0.000617097
155.94	 -0.0707925	 -0.0708378	 0.381953	 0.153703	 -0.154251	 0.000605569
155.96	 -0.0705926	 -0.0706385	 0.378677	 0.153081	 -0.153635	 0.000593297
155.98	 -0.0703692	 -0.0704157	 0.375412	 0.152412	 -0.152972	 0.000580303
156	 -0.0701226	 -0.0701696	 0.372161	 0.151697	 -0.152261	 0.000566612
156.02	 -0.0698527	 -0.0699001	 0.368923	 0.150935	 -0.151505	 0.000552248
156.04	 -0.0695595	 -0.0696075	 0.365701	 0.150127	 -0.150701	 0.000537237
156.06	 -0.0692433	 -0.0692917	 0.362495	 0.149273	 -0.149852	 0.000521605
156.08	 -0.0689039	 -0.0689528	 0.359306	 0.148373	 -0.148957	 0.00050538
156.1	 -0.0685417	 -0.0685909	 0.356135	 0.147428	 -0.148017	 0.000488593
156.12	 -0.0681565	 -0.0682062	 0.352983	 0.146438	 -0.147031	 0.000471274
156.14	 -0.0677486	 -0.0677986	 0.349852	 0.145403	 -0.146	 0.000453452
156.16	 -0.0673181	 -0.0673684	 0.346742	 0.144324	 -0.144925	 0.000435157
156.18	 -0.066865	 -0.0669157	 0.343655	 0.143201	 -0.143806	 0.000416415
156.2	 -0.0663895	 -0.0664406	 0.34059	 0.142034	 -0.142643	 0.000397254
156.22	 -0.0658918	 -0.0659431	 0.33755	 0.140824	 -0.141436	 0.000377706
156.24	 -0.065372	 -0.0654236	 0.334536	 0.139572	 -0.140186	 0.000357803
156.26	 -0.0648303	 -0.064882	 0.331547	 0.138276	 -0.138894	 0.000337582
156.28	 -0.0642667	 -0.0643187	 0.328586	 0.136939	 -0.137559	 0.000317076
156.3	 -0.0636816	 -0.0637337	 0.325653	 0.13556	 -0.136183	 0.000296322
156.32	 -0.063075	 -0.0631273	 0.32275	 0.134139	 -0.134765	 0.000275354
156.34	 -0.0624472	 -0.0624996	 0.319876	 0.132678	 -0.133306	 0.000254206
156.36	 -0.0617984	 -0.0618509	 0.317034	 0.131177	 -0.131806	 0.000232914
156.38	 -0.0611287	 -0.0611813	 0.314224	 0.129635	 -0.130266	 0.000211515
156.4	 -0.0604384	 -0.0604911	 0.311446	 0.128055	 -0.128687	 0.000190044
156.42	 -0.0597278	 -0.0597805	 0.308703	 0.126435	 -0.127069	 0.000168538
156.44	 -0.058997	 -0.0590497	 0.305994	 0.124777	 -0.125413	 0.00014703
156.46	 -0.0582463	 -0.0582989	 0.303322	 0.123082	 -0.123718	 0.000125554
156.48	 -0.0574759	 -0.0575285	 0.300685	 0.121349	 -0.121985	 0.000104144
156.5	 -0.0566861	 -0.0567386	 0.298087	 0.119579	 -0.120216	 8.28361e-05
156.52	 -0.0558771	 -0.0559295	 0.295526	 0.117773	 -0.11841	 6.16632e-05
156.54	 -0.0550492	 -0.0551014	 0.293005	 0.115931	 -0.116568	 4.06589e-05
156.56	 -0.0542027	 -0.0542548	 0.290524	 0.114053	 -0.114691	 1.98548e-05
156.58	 -0.0533378	 -0.0533897	 0.288083	 0.112142	 -0.112779	 -7.18658e-07
156.6	 -0.0524548	 -0.0525066	 0.285685	 0.110196	 -0.110832	 -2.10307e-05
156.62	 -0.0515541	 -0.0516056	 0.283328	 0.108216	 -0.108852	 -4.10496e-05
156.64	 -0.050636	 -0.0506872	 0.281015	 0.106204	 -0.106839	 -6.07434e-05
156.66	 -0.0497007	 -0.0497516	 0.278746	 0.104159	 -0.104793	 -8.00806e-05
156.68	 -0.0487485	 -0.0487991	 0.276522	 0.102083	 -0.102716	 -9.90314e-05
156.7	 -0.0477799	 -0.0478302	 0.274344	 0.099976	 -0.100607	 -0.000117568
156.72	 -0.046795	 -0.046845	 0.272211	 0.0978384	 -0.0984679	 -0.000135663
156.74	 -0.0457944	 -0.045844	 0.270126	 0.0956711	 -0.0962986	 -0.000153291
156.76	 -0.0447782	 -0.0448274	 0.268088	 0.0934747	 -0.0941001	 -0.000170427
156.78	 -0.0437469	 -0.0437957	 0.266099	 0.0912499	 -0.091873	 -0.000187048
156.8	 -0.0427009	 -0.0427492	 0.264158	 0.0889972	 -0.0896178	 -0.000203132
156.82	 -0.0416404	 -0.0416882	 0.262268	 0.0867174	 -0.0873353	 -0.000218657
156.84	 -0.0405658	 -0.0406131	 0.260427	 0.084411	 -0.085026	 -0.000233604
156.86	 -0.0394775	 -0.0395243	 0.258638	 0.0820788	 -0.0826908	 -0.000247954
156.88	 -0.0383759	 -0.0384222	 0.2569	 0.0797215	 -0.0803302	 -0.000261687
156.9	 -0.0372614	 -0.0373071	 0.255214	 0.0773397	 -0.077945	 -0.000274787
156.92	 -0.0361343	 -0.0361794	 0.253581	 0.0749342	 -0.0755358	 -0.000287237
156.94	 -0.034995	 -0.0350396	 0.252001	 0.0725056	 -0.0731035	 -0.000299026
156.96	 -0.033844	 -0.0338879	 0.250475	 0.0700546	 -0.0706486	 -0.00031014
156.98	 -0.0326816	 -0.0327249	 0.249003	 0.0675819	 -0.0681717	 -0.00032057
157	 -0.0315082	 -0.0315509	 0.247586	 0.0650881	 -0.0656737	 -0.000330304
157.02	 -0.0303243	 -0.0303662	 0.246224	 0.062574	 -0.0631552	 -0.000339333
157.04	 -0.0291302	 -0.0291715	 0.244918	 0.0600404	 -0.060617	 -0.000347647
157.06	 -0.0279263	 -0.0279669	 0.243668	 0.0574878	 -0.0580597	 -0.000355239
157.08	 -0.0267132	 -0.026753	 0.242475	 0.0549171	 -0.0554841	 -0.000362103
157.1	 -0.0254912	 -0.0255303	 0.241338	 0.052329	 -0.052891	 -0.000368234
157.12	 -0.0242607	 -0.024299	 0.240259	 0.0497243	 -0.0502812	 -0.000373629
157.14	 -0.0230221	 -0.0230597	 0.239238	 0.0471037	 -0.0476553	 -0.000378284
157.16	 -0.021776	 -0.0218128	 0.238275	 0.044468	 -0.0450142	 -0.0003822
157.18	 -0.0205227	 -0.0205587	 0.23737	 0.0418179	 -0.0423585	 -0.000385378
157.2	 -0.0192627	 -0.0192978	 0.236524	 0.0391541	 -0.0396891	 -0.000387818
157.22	 -0.0179964	 -0.0180307	 0.235737	 0.0364775	 -0.0370067	 -0.000389526
157.24	 -0.0167242	 -0.0167577	 0.23501	 0.0337887	 -0.034312	 -0.000390504
157.26	 -0.0154466	 -0.0154792	 0.234342	 0.0310885	 -0.0316058	 -0.000390758
157.28	 -0.014164	 -0.0141958	 0.233733	 0.0283778	 -0.028889	 -0.000390293
157.3	 -0.0128769	 -0.0129078	 0.233185	 0.0256573	 -0.0261623	 -0.000389118
157.32	 -0.0115857	 -0.0116157	 0.232697	 0.0229277	 -0.0234264	 -0.000387241
157.34	 -0.0102909	 -0.01032	 0.23227	 0.0201898	 -0.0206822	 -0.000384674
157.36	 -0.00899293	 -0.00902104	 0.231902	 0.0174445	 -0.0179305	 -0.000381425
157.38	 -0.00769219	 -0.00771938	 0.231596	 0.0146925	 -0.015172	 -0.000377507
157.4	 -0.00638917	 -0.00641542	 0.23135	 0.0119347	 -0.0124076	 -0.000372928
157.42	 -0.00508431	 -0.00510962	 0.231166	 0.00917191	 -0.00963819	 -0.000367702
157.44	 -0.00377808	 -0.00380243	 0.231042	 0.00640496	 -0.00686455	 -0.000361843
157.46	 -0.00247092	 -0.00249431	 0.230979	 0.00363465	 -0.0040875	 -0.000355365
157.48	 -0.00116328	 -0.0011857	 0.230978	 0.000861756	 -0.00130781	 -0.000348288
157.5	 0.000144383	 0.00012294	 0.231037	 -0.00191294	 0.00147371	 -0.000340629
157.52	 0.00145163	 0.00143117	 0.231157	 -0.00468864	 0.00425628	 -0.000332406
157.54	 0.00275801	 0.00273854	 0.231339	 -0.00746452	 0.00703905	 -0.000323638
157.56	 0.00406307	 0.00404459	 0.231581	 -0.0102397	 0.0098212	 -0.000314342
157.58	 0.00536636	 0.00534886	 0.231885	 -0.0130135	 0.0126019	 -0.000304538
157.6	 0.00666742	 0.00665092	 0.232249	 -0.0157849	 0.0153803	 -0.000294246
157.62	 0.00796581	 0.00795031	 0.232674	 -0.0185533	 0.0181556	 -0.000283488
157.64	 0.00926108	 0.00924658	 0.233159	 -0.0213177	 0.020927	 -0.000272287
157.66	 0.0105528	 0.0105393	 0.233705	 -0.0240774	 0.0236937	 -0.000260665
157.68	 0.0118405	 0.011828	 0.234311	 -0.0268317	 0.0264549	 -0.000248645
157.7	 0.0131238	 0.0131123	 0.234977	 -0.0295795	 0.0292098	 -0.000236248
157.72	 0.0144022	 0.0143917	 0.235702	 -0.0323202	 0.0319574	 -0.000223497
157.74	 0.0156753	 0.0156658	 0.236488	 -0.0350529	 0.0346971	 -0.000210417
157.76	 0.0169427	 0.0169342	 0.237332	 -0.0377769	 0.0374281	 -0.00019703
157.78	 0.0182039	 0.0181964	 0.238236	 -0.0404914	 0.0401494	 -0.000183361
157.8	 0.0194586	 0.019452	 0.239199	 -0.0431954	 0.0428604	 -0.000169433
157.82	 0.0207062	 0.0207006	 0.24022	 -0.0458883	 0.0455601	 -0.000155268
157.84	 0.0219464	 0.0219418	 0.241299	 -0.0485692	 0.0482478	 -0.000140888
157.86	 0.0231788	 0.0231751	 0.242436	 -0.0512371	 0.0509225	 -0.000126315
157.88	 0.0244029	 0.0244002	 0.24363	 -0.0538914	 0.0535835	 -0.000111573
157.9	 0.0256183	 0.0256166	 0.244881	 -0.0565311	 0.0562299	 -9.66866e-05
157.92	 0.0268247	 0.0268239	 0.246189	 -0.0591556	 0.058861	 -8.16793e-05
157.94	 0.0280216	 0.0280218	 0.247553	 -0.0617641	 0.0614761	 -6.65756e-05
157.96	 0.0292086	 0.0292097	 0.248973	 -0.0643557	 0.0640742	 -5.13991e-05
157.98	 0.0303854	 0.0303874	 0.250448	 -0.0669298	 0.0666548	 -3.61736e-05
158	 0.0315515	 0.0315544	 0.251978	 -0.0694856	 0.0692169	 -2.09237e-05
158.02	 0.0327066	 0.0327104	 0.253562	 -0.0720224	 0.0717599	 -5.67408e-06
158.04	 0.0338503	 0.033855	 0.2552	 -0.0745393	 0.074283	 9.55016e-06
158.06	 0.0349822	 0.0349877	 0.25689	 -0.0770356	 0.0767854	 2.47247e-05
158.08	 0.0361019	 0.0361083	 0.258633	 -0.0795105	 0.0792664	 3.9826e-05
158.1	 0.037209	 0.0372163	 0.260428	 -0.0819632	 0.0817251	 5.48309e-05
158.12	 0.0383033	 0.0383113	 0.262274	 -0.084393	 0.0841607	 6.97166e-05
158.14	 0.0393843	 0.0393932	 0.264171	 -0.0867991	 0.0865726	 8.44603e-05
158.16	 0.0404517	 0.0404614	 0.266117	 -0.0891808	 0.0889599	 9.90399e-05
158.18	 0.0415052	 0.0415156	 0.268112	 -0.0915373	 0.091322	 0.000113435
158.2	 0.0425444	 0.0425555	 0.270156	 -0.0938678	 0.093658	 0.000127628
158.22	 0.043569	 0.0435808	 0.272248	 -0.0961716	 0.0959672	 0.000141601
158.24	 0.0445786	 0.0445912	 0.274386	 -0.098448	 0.0982488	 0.000155338
158.26	 0.045573	 0.0455862	 0.276571	 -0.100696	 0.100502	 0.000168822
158.28	 0.0465518	 0.0465657	 0.278802	 -0.102915	 0.102726	 0.000182038
158.3	 0.0475147	 0.0475292	 0.281077	 -0.105105	 0.104921	 0.000194969
158.32	 0.0484614	 0.0484765	 0.283397	 -0.107264	 0.107085	 0.000207601
158.34	 0.0493916	 0.0494073	 0.285759	 -0.109393	 0.109218	 0.000219922
158.36	 0.0503051	 0.0503213	 0.288165	 -0.111489	 0.11132	 0.00023192
158.38	 0.0512015	 0.0512182	 0.290612	 -0.113553	 0.113388	 0.000243582
158.4	 0.0520805	 0.0520978	 0.2931	 -0.115585	 0.115424	 0.000254897
158.42	 0.0529419	 0.0529597	 0.295627	 -0.117582	 0.117426	 0.000265851
158.44	 0.0537855	 0.0538037	 0.298195	 -0.119545	 0.119393	 0.000276433
158.46	 0.0546109	 0.0546296	 0.3008	 -0.121472	 0.121324	 0.000286633
158.48	 0.055418	 0.055437	 0.303443	 -0.123364	 0.12322	 0.000296443
158.5	 0.0562064	 0.0562258	 0.306122	 -0.125219	 0.125079	 0.000305854
158.52	 0.0569759	 0.0569956	 0.308837	 -0.127037	 0.1269	 0.000314859
158.54	 0.0577264	 0.0577464	 0.311587	 -0.128817	 0.128684	 0.000323453
158.56	 0.0584574	 0.0584777	 0.31437	 -0.130558	 0.130428	 0.00033163
158.58	 0.059169	 0.0591895	 0.317187	 -0.13226	 0.132134	 0.00033939
158.6	 0.0598607	 0.0598815	 0.320035	 -0.133922	 0.1338	 0.00034673
158.62	 0.0605326	 0.0605536	 0.322915	 -0.135545	 0.135425	 0.000353651
158.64	 0.0611842	 0.0612054	 0.325825	 -0.137126	 0.137009	 0.000360152
158.66	 0.0618155	 0.0618369	 0.328764	 -0.138665	 0.138551	 0.000366231
158.68	 0.0624263	 0.0624478	 0.331732	 -0.140162	 0.140051	 0.000371888
158.7	 0.0630163	 0.0630379	 0.334727	 -0.141616	 0.141507	 0.000377122
158.72	 0.0635855	 0.0636072	 0.337748	 -0.143027	 0.142921	 0.000381935
158.74	 0.0641336	 0.0641554	 0.340795	 -0.144394	 0.14429	 0.000386329
158.76	 0.0646605	 0.0646823	 0.343866	 -0.145716	 0.145614	 0.000390308
158.78	 0.0651661	 0.0651879	 0.34696	 -0.146994	 0.146893	 0.000393877
158.8	 0.0656502	 0.0656719	 0.350077	 -0.148225	 0.148127	 0.00039704
158.82	 0.0661126	 0.0661344	 0.353214	 -0.149411	 0.149314	 0.000399803
158.84	 0.0665534	 0.066575	 0.356373	 -0.15055	 0.150455	 0.000402174
158.86	 0.0669722	 0.0669938	 0.35955	 -0.151642	 0.151548	 0.000404163
158.88	 0.0673691	 0.0673907	 0.362746	 -0.152686	 0.152593	 0.000405777
158.9	 0.067744	 0.0677654	 0.365959	 -0.153682	 0.15359	 0.000407027
158.92	 0.0680967	 0.0681179	 0.369187	 -0.154629	 0.154538	 0.000407921
158.94	 0.0684271	 0.0684482	 0.372431	 -0.155528	 0.155437	 0.000408467
158.96	 0.0687353	 0.0687562	 0.375689	 -0.156376	 0.156287	 0.000408674
158.98	 0.069021	 0.0690417	 0.37896	 -0.157175	 0.157086	 0.000408552
159	 0.0692843	 0.0693048	 0.382242	 -0.157923	 0.157834	 0.000408112
159.02	 0.0695251	 0.0695453	 0.385535	 -0.158621	 0.158532	 0.000407365
159.04	 0.0697434	 0.0697633	 0.388838	 -0.159267	 0.159179	 0.000406322
159.06	 0.0699391	 0.0699587	 0.39215	 -0.159862	 0.159773	 0.000404993
159.08	 0.0701123	 0.0701315	 0.395468	 -0.160405	 0.160316	 0.00040339
159.1	 0.0702628	 0.0702816	 0.398793	 -0.160896	 0.160806	 0.000401523
159.12	 0.0703906	 0.0704091	 0.402124	 -0.161334	 0.161244	 0.0003994
159.14	 0.0704958	 0.0705139	 0.405458	 -0.161719	 0.161629	 0.000397032
159.16	 0.0705784	 0.0705961	 0.408796	 -0.162052	 0.161961	 0.000394427
159.18	 0.0706383	 0.0706556	 0.412136	 -0.162331	 0.162239	 0.000391594
159.2	 0.0706756	 0.0706924	 0.415477	 -0.162557	 0.162464	 0.000388543
159.22	 0.0706902	 0.0707065	 0.418817	 -0.16273	 0.162636	 0.000385283
159.24	 0.0706823	 0.0706981	 0.422157	 -0.162849	 0.162754	 0.000381824
159.26	 0.0706518	 0.0706671	 0.425494	 -0.162914	 0.162817	 0.000378178
159.28	 0.0705988	 0.0706136	 0.428827	 -0.162925	 0.162827	 0.000374354
159.3	 0.0705233	 0.0705376	 0.432157	 -0.162882	 0.162783	 0.000370365
159.32	 0.0704254	 0.0704391	 0.435481	 -0.162785	 0.162684	 0.000366219
159.34	 0.0703052	 0.0703183	 0.438798	 -0.162634	 0.16253	 0.000361927
159.36	 0.0701626	 0.0701751	 0.442108	 -0.162428	 0.162323	 0.000357498
159.38	 0.0699978	 0.0700098	 0.445409	 -0.162167	 0.16206	 0.000352941
159.4	 0.0698109	 0.0698222	 0.4487	 -0.161852	 0.161743	 0.000348266
159.42	 0.069602	 0.0696126	 0.451981	 -0.161482	 0.161371	 0.000343482
159.44	 0.069371	 0.0693811	 0.45525	 -0.161058	 0.160944	 0.000338598
159.46	 0.0691182	 0.0691276	 0.458505	 -0.160579	 0.160463	 0.000333622
159.48	 0.0688436	 0.0688524	 0.461747	 -0.160045	 0.159927	 0.000328561
159.5	 0.0685474	 0.0685555	 0.464975	 -0.159457	 0.159336	 0.000323421
159.52	 0.0682297	 0.0682371	 0.468186	 -0.158814	 0.15869	 0.000318209
159.54	 0.0678906	 0.0678972	 0.47138	 -0.158117	 0.15799	 0.000312932
159.56	 0.0675302	 0.0675362	 0.474556	 -0.157365	 0.157236	 0.000307598
159.58	 0.0671487	 0.067154	 0.477714	 -0.156559	 0.156427	 0.000302213
159.6	 0.0667462	 0.0667508	 0.480851	 -0.1557	 0.155564	 0.000296783
159.62	 0.066323	 0.0663268	 0.483968	 -0.154786	 0.154648	 0.000291313
159.64	 0.0658791	 0.0658822	 0.487063	 -0.153819	 0.153678	 0.000285805
159.66	 0.0654147	 0.0654171	 0.490134	 -0.152799	 0.152654	 0.000280262
159.68	 0.06493	 0.0649316	 0.493182	 -0.151726	 0.151578	 0.000274686
159.7	 0.0644252	 0.064426	 0.496205	 -0.1506	 0.150449	 0.000269083
159.72	 0.0639004	 0.0639005	 0.499203	 -0.149421	 0.149267	 0.000263457
159.74	 0.0633558	 0.0633551	 0.502173	 -0.148191	 0.148033	 0.000257811
159.76	 0.0627916	 0.0627902	 0.505116	 -0.146908	 0.146747	 0.00025215
159.78	 0.0622081	 0.062206	 0.508031	 -0.145575	 0.14541	 0.000246475
159.8	 0.0616054	 0.0616025	 0.510916	 -0.14419	 0.144022	 0.000240788
159.82	 0.0609838	 0.0609801	 0.513771	 -0.142754	 0.142583	 0.00023509
159.84	 0.0603434	 0.0603389	 0.516594	 -0.141269	 0.141093	 0.000229381
159.86	 0.0596844	 0.0596792	 0.519385	 -0.139733	 0.139555	 0.000223662
159.88	 0.0590072	 0.0590012	 0.522143	 -0.138149	 0.137967	 0.000217931
159.9	 0.0583119	 0.0583051	 0.524868	 -0.136516	 0.13633	 0.000212186
159.92	 0.0575987	 0.0575912	 0.527557	 -0.134834	 0.134645	 0.000206425
159.94	 0.0568679	 0.0568597	 0.530211	 -0.133105	 0.132912	 0.000200647
159.96	 0.0561198	 0.0561108	 0.532829	 -0.131329	 0.131132	 0.00019485
159.98	 0.0553545	 0.0553447	 0.53541	 -0.129506	 0.129306	 0.000189037
160	 0.0545723	 0.0545618	 0.537953	 -0.127637	 0.127433	 0.000183208
160.02	 0.0537736	 0.0537623	 0.540457	 -0.125724	 0.125516	 0.000177365
160.04	 0.0529585	 0.0529465	 0.542921	 -0.123765	 0.123554	 0.000171506
160.06	 0.0521273	 0.0521146	 0.545345	 -0.121763	 0.121548	 0.000165631
160.08	 0.0512803	 0.0512669	 0.547728	 -0.119717	 0.119498	 0.000159738
160.1	 0.0504178	 0.0504036	 0.550069	 -0.117629	 0.117407	 0.000153824
160.12	 0.0495399	 0.0495251	 0.552368	 -0.115499	 0.115273	 0.000147887
160.14	 0.0486471	 0.0486316	 0.554623	 -0.113328	 0.113099	 0.000141925
160.16	 0.0477396	 0.0477234	 0.556835	 -0.111116	 0.110884	 0.000135937
160.18	 0.0468177	 0.0468008	 0.559001	 -0.108865	 0.108629	 0.00012992
160.2	 0.0458816	 0.045864	 0.561123	 -0.106576	 0.106336	 0.000123871
160.22	 0.0449316	 0.0449134	 0.563199	 -0.104248	 0.104005	 0.00011779
160.24	 0.0439681	 0.0439493	 0.565228	 -0.101883	 0.101637	 0.000111675
160.26	 0.0429914	 0.042972	 0.56721	 -0.0994825	 0.0992331	 0.000105527
160.28	 0.0420017	 0.0419817	 0.569144	 -0.0970464	 0.0967938	 9.93445e-05
160.3	 0.0409994	 0.0409788	 0.571029	 -0.0945759	 0.0943201	 9.31285e-05
160.32	 0.0399848	 0.0399636	 0.572866	 -0.0920719	 0.091813	 8.68777e-05
160.34	 0.0389583	 0.0389365	 0.574653	 -0.0895354	 0.0892734	 8.05911e-05
160.36	 0.03792	 0.0378977	 0.57639	 -0.0869673	 0.0867024	 7.4268e-05
160.38	 0.0368704	 0.0368476	 0.578077	 -0.0843686	 0.0841007	 6.79083e-05
160.4	 0.0358098	 0.0357864	 0.579712	 -0.0817402	 0.0814694	 6.15128e-05
160.42	 0.0347385	 0.0347146	 0.581295	 -0.079083	 0.0788095	 5.50825e-05
160.44	 0.0336568	 0.0336325	 0.582827	 -0.076398	 0.0761218	 4.86186e-05
160.46	 0.032565	 0.0325403	 0.584306	 -0.0736863	 0.0734075	 4.21213e-05
160.48	 0.0314636	 0.0314384	 0.585731	 -0.0709488	 0.0706674	 3.55907e-05
160.5	 0.0303528	 0.0303272	 0.587104	 -0.0681864	 0.0679026	 2.90268e-05
160.52	 0.029233	 0.0292069	 0.588422	 -0.0654003	 0.0651141	 2.24297e-05
160.54	 0.0281045	 0.028078	 0.589686	 -0.0625914	 0.0623029	 1.58004e-05
160.56	 0.0269676	 0.0269407	 0.590895	 -0.0597608	 0.0594701	 9.14082e-06
160.58	 0.0258227	 0.0257955	 0.592049	 -0.0569096	 0.0566167	 2.45356e-06
160.6	 0.0246701	 0.0246425	 0.593147	 -0.0540387	 0.0537439	 -4.25782e-06
160.62	 0.0235102	 0.0234823	 0.59419	 -0.0511493	 0.0508525	 -1.09888e-05
160.64	 0.0223433	 0.0223151	 0.595177	 -0.0482425	 0.0479439	 -1.77337e-05
160.66	 0.0211698	 0.0211412	 0.596107	 -0.0453192	 0.0450188	 -2.44858e-05
160.68	 0.01999	 0.0199611	 0.59698	 -0.0423805	 0.0420785	 -3.12375e-05
160.7	 0.0188042	 0.0187751	 0.597797	 -0.0394276	 0.0391241	 -3.79803e-05
160.72	 0.0176128	 0.0175835	 0.598556	 -0.0364615	 0.0361565	 -4.47056e-05
160.74	 0.0164162	 0.0163866	 0.599258	 -0.0334833	 0.033177	 -5.14042e-05
160.76	 0.0152147	 0.0151849	 0.599902	 -0.0304941	 0.0301866	 -5.80664e-05
160.78	 0.0140086	 0.0139786	 0.600488	 -0.0274949	 0.0271863	 -6.46819e-05
160.8	 0.0127984	 0.0127682	 0.601016	 -0.0244869	 0.0241772	 -7.124e-05
160.82	 0.0115844	 0.011554	 0.601485	 -0.0214712	 0.0211605	 -7.77295e-05
160.84	 0.0103668	 0.0103363	 0.601896	 -0.0184488	 0.0181373	 -8.41389e-05
160.86	 0.00914619	 0.00911557	 0.602249	 -0.0154209	 0.0151086	 -9.0457e-05
160.88	 0.00792279	 0.00789207	 0.602542	 -0.0123886	 0.0120757	 -9.66724e-05
160.9	 0.006697	 0.00666619	 0.602777	 -0.00935312	 0.00903962	 -0.000102774
160.92	 0.00546917	 0.00543829	 0.602953	 -0.00631551	 0.00600153	 -0.00010875
160.94	 0.00423966	 0.00420872	 0.60307	 -0.00327687	 0.00296251	 -0.00011459
160.96	 0.00300881	 0.00297785	 0.603128	 -0.000238304	 -7.63534e-05	 -0.000120282
160.98	 0.001777	 0.00174603	 0.603127	 0.00279909	 -0.00311396	 -0.000125816
161	 0.000544569	 0.000513607	 0.603066	 0.00583421	 -0.00614919	 -0.000131181
161.02	 -0.000688117	 -0.000719051	 0.602947	 0.00886594	 -0.00918095	 -0.000136367
161.04	 -0.0019207	 -0.00195159	 0.602769	 0.0118932	 -0.0122081	 -0.000141363
161.06	 -0.00315281	 -0.00318364	 0.602531	 0.0149149	 -0.0152297	 -0.000146157
161.08	 -0.0043841	 -0.00441484	 0.602235	 0.01793	 -0.0182445	 -0.000150736
161.1	 -0.00561419	 -0.00564485	 0.60188	 0.0209375	 -0.0212517	 -0.000155086
161.12	 -0.00684274	 -0.00687328	 0.601466	 0.0239364	 -0.0242502	 -0.000159193
161.14	 -0.00806938	 -0.00809979	 0.600994	 0.0269256	 -0.0272389	 -0.000163043
161.16	 -0.00929375	 -0.00932403	 0.600463	 0.0299041	 -0.0302168	 -0.000166623
161.18	 -0.0105155	 -0.0105456	 0.599873	 0.0328709	 -0.033183	 -0.000169919
161.2	 -0.0117343	 -0.0117642	 0.599226	 0.035825	 -0.0361364	 -0.000172917
161.22	 -0.0129497	 -0.0129795	 0.598521	 0.0387654	 -0.039076	 -0.000175606
161.24	 -0.0141614	 -0.014191	 0.597758	 0.0416911	 -0.0420008	 -0.000177973
161.26	 -0.0153691	 -0.0153984	 0.596937	 0.0446011	 -0.0449099	 -0.000180006
161.28	 -0.0165723	 -0.0166015	 0.59606	 0.0474944	 -0.0478021	 -0.000181693
161.3	 -0.0177708	 -0.0177997	 0.595125	 0.0503698	 -0.0506765	 -0.000183024
161.32	 -0.0189642	 -0.0189928	 0.594134	 0.0532264	 -0.0535319	 -0.000183987
161.34	 -0.020152	 -0.0201804	 0.593087	 0.0560631	 -0.0563674	 -0.000184573
161.36	 -0.0213341	 -0.0213622	 0.591983	 0.0588788	 -0.0591819	 -0.000184773
161.38	 -0.0225099	 -0.0225378	 0.590824	 0.0616725	 -0.0619743	 -0.000184577
161.4	 -0.0236792	 -0.0237068	 0.58961	 0.0644433	 -0.0647438	 -0.000183978
161.42	 -0.0248417	 -0.0248689	 0.58834	 0.0671901	 -0.0674893	 -0.000182969
161.44	 -0.0259969	 -0.0260238	 0.587016	 0.069912	 -0.0702098	 -0.000181542
161.46	 -0.0271445	 -0.0271711	 0.585638	 0.072608	 -0.0729043	 -0.00017969
161.48	 -0.0282842	 -0.0283104	 0.584207	 0.0752771	 -0.0755721	 -0.000177407
161.5	 -0.0294157	 -0.0294416	 0.582722	 0.0779186	 -0.0782121	 -0.000174685
161.52	 -0.0305386	 -0.0305641	 0.581184	 0.0805316	 -0.0808236	 -0.000171516
161.54	 -0.0316526	 -0.0316777	 0.579594	 0.0831151	 -0.0834056	 -0.000167895
161.56	 -0.0327573	 -0.032782	 0.577952	 0.0856685	 -0.0859574	 -0.000163815
161.58	 -0.0338525	 -0.0338767	 0.576259	 0.0881908	 -0.0884782	 -0.000159272
161.6	 -0.0349377	 -0.0349615	 0.574515	 0.0906814	 -0.0909672	 -0.000154262
161.62	 -0.0360126	 -0.036036	 0.572721	 0.0931394	 -0.0934237	 -0.000148782
161.64	 -0.037077	 -0.0370999	 0.570877	 0.0955642	 -0.0958469	 -0.000142829
161.66	 -0.0381304	 -0.038153	 0.568984	 0.097955	 -0.0982361	 -0.000136403
161.68	 -0.0391726	 -0.0391947	 0.567043	 0.100311	 -0.100591	 -0.000129505
161.7	 -0.0402033	 -0.0402249	 0.565053	 0.102631	 -0.102909	 -0.000122138
161.72	 -0.041222	 -0.0412432	 0.563017	 0.104915	 -0.105192	 -0.000114305
161.74	 -0.0422285	 -0.0422493	 0.560934	 0.107162	 -0.107437	 -0.000106013
161.76	 -0.0432225	 -0.0432428	 0.558804	 0.109371	 -0.109644	 -9.72666e-05
161.78	 -0.0442037	 -0.0442235	 0.55663	 0.111541	 -0.111813	 -8.80726e-05
161.8	 -0.0451717	 -0.045191	 0.554411	 0.113672	 -0.113942	 -7.84373e-05
161.82	 -0.0461262	 -0.0461451	 0.552148	 0.115762	 -0.116031	 -6.83685e-05
161.84	 -0.0470669	 -0.0470853	 0.549841	 0.117812	 -0.118079	 -5.78742e-05
161.86	 -0.0479936	 -0.0480115	 0.547493	 0.119821	 -0.120086	 -4.69631e-05
161.88	 -0.0489059	 -0.0489234	 0.545102	 0.121787	 -0.122052	 -3.56433e-05
161.9	 -0.0498036	 -0.0498206	 0.542671	 0.123711	 -0.123974	 -2.39233e-05
161.92	 -0.0506864	 -0.0507029	 0.540199	 0.125592	 -0.125854	 -1.18126e-05
161.94	 -0.051554	 -0.05157	 0.537688	 0.12743	 -0.127691	 6.77334e-07
161.96	 -0.052406	 -0.0524216	 0.535138	 0.129224	 -0.129483	 1.35321e-05
161.98	 -0.0532423	 -0.0532574	 0.53255	 0.130973	 -0.131231	 2.67349e-05
162	 -0.0540625	 -0.0540772	 0.529925	 0.132677	 -0.132934	 4.02673e-05
162.02	 -0.0548664	 -0.0548806	 0.527263	 0.134335	 -0.134591	 5.41103e-05
162.04	 -0.0556537	 -0.0556674	 0.524567	 0.135947	 -0.136202	 6.8245e-05
162.06	 -0.0564241	 -0.0564374	 0.521835	 0.137513	 -0.137766	 8.26519e-05
162.08	 -0.0571773	 -0.0571902	 0.51907	 0.139031	 -0.139284	 9.73107e-05
162.1	 -0.0579132	 -0.0579256	 0.516272	 0.140502	 -0.140754	 0.0001122
162.12	 -0.0586313	 -0.0586433	 0.513443	 0.141925	 -0.142176	 0.000127296
162.14	 -0.0593316	 -0.0593431	 0.510582	 0.1433	 -0.14355	 0.000142578
162.16	 -0.0600137	 -0.0600248	 0.507691	 0.144626	 -0.144876	 0.000158023
162.18	 -0.0606774	 -0.0606881	 0.504771	 0.145903	 -0.146153	 0.000173607
162.2	 -0.0613225	 -0.0613328	 0.501822	 0.147131	 -0.14738	 0.000189309
162.22	 -0.0619487	 -0.0619586	 0.498846	 0.14831	 -0.148558	 0.000205104
162.24	 -0.0625558	 -0.0625653	 0.495844	 0.149438	 -0.149686	 0.000220967
162.26	 -0.0631436	 -0.0631528	 0.492816	 0.150516	 -0.150764	 0.000236871
162.28	 -0.0637119	 -0.0637207	 0.489764	 0.151543	 -0.151791	 0.000252792
162.3	 -0.0642604	 -0.0642688	 0.486688	 0.152519	 -0.152767	 0.000268705
162.32	 -0.064789	 -0.0647971	 0.483589	 0.153444	 -0.153692	 0.000284585
162.34	 -0.0652975	 -0.0653052	 0.480469	 0.154318	 -0.154565	 0.000300407
162.36	 -0.0657856	 -0.065793	 0.477328	 0.15514	 -0.155388	 0.000316146
162.38	 -0.0662532	 -0.0662603	 0.474168	 0.15591	 -0.156158	 0.000331773
162.4	 -0.0667001	 -0.0667068	 0.470989	 0.156628	 -0.156876	 0.000347259
162.42	 -0.0671261	 -0.0671326	 0.467792	 0.157294	 -0.157543	 0.000362575
162.44	 -0.067531	 -0.0675373	 0.464579	 0.157908	 -0.158157	 0.000377694
162.46	 -0.0679148	 -0.0679207	 0.46135	 0.158469	 -0.158719	 0.000392586
162.48	 -0.0682771	 -0.0682828	 0.458107	 0.158978	 -0.159229	 0.000407226
162.5	 -0.0686179	 -0.0686234	 0.45485	 0.159434	 -0.159686	 0.000421588
162.52	 -0.068937	 -0.0689423	 0.451581	 0.159838	 -0.16009	 0.000435645
162.54	 -0.0692343	 -0.0692394	 0.4483	 0.160189	 -0.160442	 0.000449371
162.56	 -0.0695096	 -0.0695146	 0.445009	 0.160487	 -0.160742	 0.000462737
162.58	 -0.0697629	 -0.0697676	 0.441709	 0.160733	 -0.160989	 0.000475718
162.6	 -0.0699939	 -0.0699985	 0.4384	 0.160926	 -0.161183	 0.000488285
162.62	 -0.0702026	 -0.0702071	 0.435084	 0.161066	 -0.161325	 0.000500414
162.64	 -0.0703889	 -0.0703933	 0.431762	 0.161154	 -0.161413	 0.000512079
162.66	 -0.0705526	 -0.070557	 0.428435	 0.161188	 -0.16145	 0.000523256
162.68	 -0.0706937	 -0.070698	 0.425104	 0.16117	 -0.161433	 0.000533923
162.7	 -0.0708121	 -0.0708163	 0.42177	 0.1611	 -0.161365	 0.000544054
162.72	 -0.0709077	 -0.0709119	 0.418434	 0.160977	 -0.161244	 0.000553627
162.74	 -0.0709804	 -0.0709847	 0.415098	 0.160802	 -0.161071	 0.000562617
162.76	 -0.0710303	 -0.0710345	 0.411761	 0.160575	 -0.160846	 0.000571001
162.78	 -0.0710571	 -0.0710614	 0.408426	 0.160296	 -0.160569	 0.000578757
162.8	 -0.0710609	 -0.0710652	 0.405093	 0.159966	 -0.16024	 0.000585868
162.82	 -0.0710417	 -0.071046	 0.401764	 0.159583	 -0.15986	 0.000592317
162.84	 -0.0709993	 -0.0710038	 0.398439	 0.15915	 -0.159429	 0.000598088
162.86	 -0.0709339	 -0.0709384	 0.39512	 0.158665	 -0.158947	 0.000603166
162.88	 -0.0708453	 -0.07085	 0.391807	 0.15813	 -0.158414	 0.000607534
162.9	 -0.0707336	 -0.0707384	 0.388502	 0.157544	 -0.157831	 0.000611178
162.92	 -0.0705987	 -0.0706037	 0.385206	 0.156907	 -0.157198	 0.00061408
162.94	 -0.0704407	 -0.0704458	 0.38192	 0.156221	 -0.156514	 0.00061623
162.96	 -0.0702595	 -0.0702649	 0.378645	 0.155485	 -0.155781	 0.000617616
162.98	 -0.0700552	 -0.0700608	 0.375382	 0.1547	 -0.154999	 0.000618229
163	 -0.0698279	 -0.0698337	 0.372132	 0.153866	 -0.154169	 0.000618062
163.02	 -0.0695775	 -0.0695836	 0.368896	 0.152984	 -0.15329	 0.00061711
163.04	 -0.0693042	 -0.0693105	 0.365675	 0.152054	 -0.152362	 0.000615365
163.06	 -0.0690079	 -0.0690145	 0.36247	 0.151076	 -0.151388	 0.000612824
163.08	 -0.0686887	 -0.0686956	 0.359283	 0.15005	 -0.150366	 0.000609485
163.1	 -0.0683468	 -0.0683539	 0.356114	 0.148978	 -0.149297	 0.000605348
163.12	 -0.0679821	 -0.0679896	 0.352964	 0.147859	 -0.148182	 0.000600416
163.14	 -0.0675948	 -0.0676026	 0.349834	 0.146695	 -0.147021	 0.000594689
163.16	 -0.067185	 -0.0671931	 0.346726	 0.145484	 -0.145814	 0.000588169
163.18	 -0.0667527	 -0.0667612	 0.343641	 0.144229	 -0.144563	 0.000580854
163.2	 -0.0662981	 -0.066307	 0.340578	 0.142929	 -0.143267	 0.000572747
163.22	 -0.0658213	 -0.0658307	 0.33754	 0.141585	 -0.141926	 0.000563853
163.24	 -0.0653225	 -0.0653322	 0.334527	 0.140197	 -0.140542	 0.00055418
163.26	 -0.0648017	 -0.0648118	 0.331541	 0.138766	 -0.139116	 0.000543741
163.28	 -0.0642591	 -0.0642697	 0.328582	 0.137293	 -0.137646	 0.000532549
163.3	 -0.0636949	 -0.0637059	 0.325651	 0.135777	 -0.136135	 0.000520618
163.32	 -0.0631093	 -0.0631207	 0.322749	 0.13422	 -0.134582	 0.000507962
163.34	 -0.0625023	 -0.0625142	 0.319877	 0.132622	 -0.132988	 0.000494597
163.36	 -0.0618743	 -0.0618867	 0.317037	 0.130984	 -0.131354	 0.000480542
163.38	 -0.0612253	 -0.0612382	 0.314229	 0.129306	 -0.129681	 0.000465815
163.4	 -0.0605556	 -0.060569	 0.311453	 0.127589	 -0.127968	 0.000450439
163.42	 -0.0598654	 -0.0598793	 0.308712	 0.125834	 -0.126217	 0.000434434
163.44	 -0.0591549	 -0.0591693	 0.306005	 0.124041	 -0.124428	 0.000417822
163.46	 -0.0584243	 -0.0584392	 0.303334	 0.12221	 -0.122602	 0.000400626
163.48	 -0.0576739	 -0.0576893	 0.3007	 0.120343	 -0.12074	 0.000382869
163.5	 -0.0569038	 -0.0569197	 0.298103	 0.11844	 -0.118841	 0.000364579
163.52	 -0.0561144	 -0.0561308	 0.295544	 0.116502	 -0.116907	 0.000345784
163.54	 -0.0553058	 -0.0553227	 0.293024	 0.114529	 -0.114939	 0.00032651
163.56	 -0.0544783	 -0.0544958	 0.290545	 0.112522	 -0.112936	 0.000306787
163.58	 -0.0536322	 -0.0536502	 0.288106	 0.110482	 -0.1109	 0.000286642
163.6	 -0.0527677	 -0.0527863	 0.285709	 0.108409	 -0.108832	 0.000266105
163.62	 -0.0518852	 -0.0519044	 0.283354	 0.106304	 -0.106731	 0.000245209
163.64	 -0.0509849	 -0.0510047	 0.281042	 0.104168	 -0.1046	 0.000223988
163.66	 -0.0500672	 -0.0500874	 0.278775	 0.102002	 -0.102438	 0.000202476
163.68	 -0.0491322	 -0.0491531	 0.276552	 0.0998059	 -0.100246	 0.000180709
163.7	 -0.0481804	 -0.0482018	 0.274374	 0.097581	 -0.0980259	 0.000158721
163.72	 -0.0472121	 -0.0472341	 0.272243	 0.0953278	 -0.0957771	 0.000136547
163.74	 -0.0462275	 -0.0462501	 0.270158	 0.0930472	 -0.0935007	 0.000114221
163.76	 -0.0452271	 -0.0452502	 0.268122	 0.0907398	 -0.0911976	 9.17795e-05
163.78	 -0.0442111	 -0.0442347	 0.266133	 0.0884064	 -0.0888684	 6.92587e-05
163.8	 -0.0431798	 -0.0432041	 0.264194	 0.0860478	 -0.086514	 4.66943e-05
163.82	 -0.0421337	 -0.0421585	 0.262304	 0.0836647	 -0.084135	 2.4122e-05
163.84	 -0.0410731	 -0.0410985	 0.260464	 0.0812578	 -0.0817322	 1.57809e-06
163.86	 -0.0399984	 -0.0400243	 0.258675	 0.078828	 -0.0793063	 -2.09004e-05
163.88	 -0.0389098	 -0.0389362	 0.256937	 0.0763759	 -0.0768582	 -4.3276e-05
163.9	 -0.0378078	 -0.0378348	 0.255252	 0.0739024	 -0.0743886	 -6.55114e-05
163.92	 -0.0366928	 -0.0367203	 0.253619	 0.0714083	 -0.0718983	 -8.75703e-05
163.94	 -0.0355651	 -0.0355931	 0.252039	 0.0688944	 -0.0693881	 -0.000109418
163.96	 -0.0344251	 -0.0344537	 0.250513	 0.0663613	 -0.0668586	 -0.000131018
163.98	 -0.0332732	 -0.0333023	 0.249041	 0.0638098	 -0.0643108	 -0.000152338
164	 -0.0321098	 -0.0321395	 0.247624	 0.0612407	 -0.0617452	 -0.00017334
164.02	 -0.0309353	 -0.0309655	 0.246262	 0.0586548	 -0.0591627	 -0.000193989
164.04	 -0.0297501	 -0.0297808	 0.244956	 0.0560529	 -0.056564	 -0.00021425
164.06	 -0.0285547	 -0.0285858	 0.243705	 0.0534357	 -0.05395	 -0.000234088
164.08	 -0.0273493	 -0.027381	 0.242512	 0.050804	 -0.0513215	 -0.000253469
164.1	 -0.0261345	 -0.0261667	 0.241375	 0.0481587	 -0.0486792	 -0.000272361
164.12	 -0.0249107	 -0.0249433	 0.240295	 0.0455005	 -0.046024	 -0.00029073
164.14	 -0.0236783	 -0.0237113	 0.239273	 0.0428303	 -0.0433566	 -0.000308544
164.16	 -0.0224377	 -0.0224711	 0.238309	 0.0401489	 -0.0406779	 -0.000325773
164.18	 -0.0211893	 -0.0212232	 0.237404	 0.037457	 -0.0379885	 -0.000342387
164.2	 -0.0199336	 -0.019968	 0.236557	 0.0347554	 -0.0352894	 -0.000358357
164.22	 -0.0186711	 -0.0187058	 0.235769	 0.0320449	 -0.0325813	 -0.000373656
164.24	 -0.0174021	 -0.0174372	 0.23504	 0.0293263	 -0.0298649	 -0.000388257
164.26	 -0.016127	 -0.0161625	 0.234371	 0.0266004	 -0.0271411	 -0.000402133
164.28	 -0.0148464	 -0.0148823	 0.233762	 0.023868	 -0.0244107	 -0.000415261
164.3	 -0.0135607	 -0.0135969	 0.233212	 0.0211299	 -0.0216745	 -0.000427617
164.32	 -0.0122703	 -0.0123068	 0.232723	 0.0183869	 -0.0189332	 -0.00043918
164.34	 -0.0109757	 -0.0110125	 0.232294	 0.0156398	 -0.0161876	 -0.000449929
164.36	 -0.00967729	 -0.00971439	 0.231925	 0.0128892	 -0.0134386	 -0.000459846
164.38	 -0.00837555	 -0.00841292	 0.231617	 0.0101362	 -0.0106869	 -0.00046891
164.4	 -0.00707092	 -0.00710855	 0.23137	 0.00738151	 -0.00793339	 -0.000477103
164.42	 -0.00576387	 -0.00580173	 0.231184	 0.00462596	 -0.00517889	 -0.000484408
164.44	 -0.00445486	 -0.00449293	 0.231058	 0.00187039	 -0.00242424	 -0.00049081
164.46	 -0.00314433	 -0.0031826	 0.230994	 -0.000884432	 0.000329806	 -0.000496297
164.48	 -0.00183273	 -0.00187118	 0.23099	 -0.00363773	 0.00308247	 -0.00050086
164.5	 -0.000520528	 -0.000559131	 0.231048	 -0.00638874	 0.00583299	 -0.000504491
164.52	 0.000791833	 0.000753096	 0.231167	 -0.0091367	 0.0085806	 -0.000507183
164.54	 0.0021039	 0.00206505	 0.231347	 -0.0118808	 0.0113245	 -0.000508929
164.56	 0.00341521	 0.00337627	 0.231587	 -0.0146202	 0.0140639	 -0.000509724
164.58	 0.00472531	 0.00468629	 0.231889	 -0.0173542	 0.0167979	 -0.000509564
164.6	 0.00603374	 0.00599467	 0.232251	 -0.0200819	 0.0195259	 -0.000508448
164.62	 0.00734004	 0.00730095	 0.232674	 -0.0228027	 0.0222471	 -0.000506377
164.64	 0.00864377	 0.00860468	 0.233157	 -0.0255157	 0.0249606	 -0.000503355
164.66	 0.00994448	 0.0099054	 0.233701	 -0.0282202	 0.0276658	 -0.000499386
164.68	 0.0112417	 0.0112027	 0.234306	 -0.0309154	 0.030362	 -0.000494475
164.7	 0.012535	 0.0124961	 0.23497	 -0.0336006	 0.0330482	 -0.000488627
164.72	 0.013824	 0.0137851	 0.235694	 -0.036275	 0.0357238	 -0.000481852
164.74	 0.0151081	 0.0150694	 0.236477	 -0.0389379	 0.038388	 -0.000474159
164.76	 0.0163871	 0.0163484	 0.23732	 -0.0415885	 0.0410401	 -0.000465562
164.78	 0.0176603	 0.0176218	 0.238222	 -0.0442261	 0.0436794	 -0.000456073
164.8	 0.0189274	 0.0188891	 0.239183	 -0.0468501	 0.0463051	 -0.000445708
164.82	 0.020188	 0.0201498	 0.240202	 -0.0494595	 0.0489166	 -0.000434479
164.84	 0.0214416	 0.0214037	 0.24128	 -0.0520537	 0.0515129	 -0.000422403
164.86	 0.0226877	 0.0226501	 0.242415	 -0.0546319	 0.0540934	 -0.000409498
164.88	 0.0239261	 0.0238887	 0.243608	 -0.0571933	 0.0566573	 -0.000395784
164.9	 0.0251562	 0.0251191	 0.244858	 -0.0597373	 0.0592039	 -0.000381281
164.92	 0.0263776	 0.0263408	 0.246164	 -0.0622632	 0.0617325	 -0.000366015
164.94	 0.02759	 0.0275535	 0.247527	 -0.0647703	 0.0642425	 -0.000350011
164.96	 0.0287928	 0.0287567	 0.248946	 -0.0672579	 0.0667332	 -0.000333293
164.98	 0.0299858	 0.0299501	 0.25042	 -0.0697253	 0.0692038	 -0.000315889
165	 0.0311684	 0.0311331	 0.251948	 -0.072172	 0.0716539	 -0.00029783
165.02	 0.0323404	 0.0323055	 0.253531	 -0.0745973	 0.0740827	 -0.000279146
165.04	 0.0335012	 0.0334668	 0.255168	 -0.0770004	 0.0764895	 -0.00025987
165.06	 0.0346506	 0.0346167	 0.256858	 -0.0793809	 0.0788737	 -0.000240037
165.08	 0.0357881	 0.0357546	 0.2586	 -0.0817379	 0.0812347	 -0.000219679
165.1	 0.0369133	 0.0368804	 0.260394	 -0.0840708	 0.0835717	 -0.000198834
165.12	 0.0380259	 0.0379935	 0.262239	 -0.0863789	 0.085884	 -0.000177536
165.14	 0.0391254	 0.0390936	 0.264135	 -0.0886617	 0.0881712	 -0.000155824
165.16	 0.0402116	 0.0401803	 0.266081	 -0.0909185	 0.0904325	 -0.000133737
165.18	 0.041284	 0.0412534	 0.268076	 -0.0931486	 0.0926673	 -0.000111311
165.2	 0.0423424	 0.0423123	 0.27012	 -0.0953515	 0.0948749	 -8.85854e-05
165.22	 0.0433863	 0.0433569	 0.272211	 -0.0975264	 0.0970548	 -6.55957e-05
165.24	 0.0444155	 0.0443867	 0.27435	 -0.0996727	 0.0992062	 -4.23799e-05
165.26	 0.0454295	 0.0454013	 0.276535	 -0.10179	 0.101329	 -1.89764e-05
165.28	 0.0464281	 0.0464006	 0.278765	 -0.103877	 0.103421	 4.57503e-06
165.3	 0.0474109	 0.047384	 0.281041	 -0.105934	 0.105484	 2.8235e-05
165.32	 0.0483776	 0.0483514	 0.283361	 -0.10796	 0.107515	 5.19644e-05
165.34	 0.0493279	 0.0493024	 0.285724	 -0.109955	 0.109516	 7.57251e-05
165.36	 0.0502614	 0.0502367	 0.288129	 -0.111918	 0.111484	 9.94787e-05
165.38	 0.051178	 0.0511539	 0.290577	 -0.113848	 0.11342	 0.000123186
165.4	 0.0520772	 0.0520539	 0.293065	 -0.115745	 0.115323	 0.000146807
165.42	 0.0529588	 0.0529363	 0.295594	 -0.117607	 0.117192	 0.0001703
165.44	 0.0538226	 0.0538008	 0.298162	 -0.119436	 0.119027	 0.000193626
165.46	 0.0546682	 0.0546471	 0.300768	 -0.12123	 0.120827	 0.000216746
165.48	 0.0554953	 0.055475	 0.303412	 -0.122988	 0.122592	 0.00023962
165.5	 0.0563037	 0.0562842	 0.306092	 -0.12471	 0.124321	 0.000262211
165.52	 0.0570932	 0.0570745	 0.308808	 -0.126395	 0.126013	 0.00028448
165.54	 0.0578635	 0.0578455	 0.311559	 -0.128043	 0.127668	 0.000306391
165.56	 0.0586143	 0.0585971	 0.314344	 -0.129654	 0.129285	 0.000327909
165.58	 0.0593454	 0.0593291	 0.317162	 -0.131226	 0.130864	 0.000349001
165.6	 0.0600567	 0.0600411	 0.320012	 -0.13276	 0.132405	 0.000369634
165.62	 0.0607478	 0.060733	 0.322893	 -0.134254	 0.133907	 0.000389779
165.64	 0.0614185	 0.0614046	 0.325804	 -0.135709	 0.135369	 0.000409404
165.66	 0.0620687	 0.0620556	 0.328745	 -0.137124	 0.136791	 0.000428477
165.68	 0.0626981	 0.0626859	 0.331714	 -0.138498	 0.138172	 0.000446969
165.7	 0.0633066	 0.0632952	 0.33471	 -0.139831	 0.139513	 0.000464848
165.72	 0.063894	 0.0638834	 0.337733	 -0.141122	 0.140811	 0.000482087
165.74	 0.06446	 0.0644503	 0.340782	 -0.142371	 0.142068	 0.000498661
165.76	 0.0650046	 0.0649957	 0.343854	 -0.143578	 0.143282	 0.000514545
165.78	 0.0655274	 0.0655194	 0.34695	 -0.144741	 0.144453	 0.000529716
165.8	 0.0660285	 0.0660213	 0.350069	 -0.145861	 0.145581	 0.000544152
165.82	 0.0665077	 0.0665013	 0.353208	 -0.146938	 0.146665	 0.000557833
165.84	 0.0669647	 0.0669593	 0.356368	 -0.14797	 0.147705	 0.000570743
165.86	 0.0673996	 0.067395	 0.359548	 -0.148958	 0.1487	 0.000582864
165.88	 0.0678121	 0.0678084	 0.362745	 -0.1499	 0.14965	 0.000594184
165.9	 0.0682022	 0.0681993	 0.36596	 -0.150797	 0.150555	 0.00060469
165.92	 0.0685697	 0.0685677	 0.36919	 -0.151648	 0.151414	 0.000614367
165.94	 0.0689145	 0.0689134	 0.372436	 -0.152453	 0.152226	 0.000623205
165.96	 0.0692366	 0.0692363	 0.375696	 -0.153211	 0.152992	 0.000631194
165.98	 0.0695359	 0.0695364	 0.378968	 -0.153922	 0.15371	 0.000638325
166	 0.0698122	 0.0698136	 0.382252	 -0.154586	 0.154382	 0.000644592
166.02	 0.0700656	 0.0700679	 0.385547	 -0.155203	 0.155006	 0.00064999
166.04	 0.070296	 0.0702991	 0.388852	 -0.155771	 0.155581	 0.000654518
166.06	 0.0705034	 0.0705072	 0.392165	 -0.156291	 0.156109	 0.000658173
166.08	 0.0706876	 0.0706923	 0.395485	 -0.156763	 0.156588	 0.000660954
166.1	 0.0708487	 0.0708542	 0.398812	 -0.157185	 0.157018	 0.000662861
166.12	 0.0709867	 0.070993	 0.402144	 -0.157559	 0.157399	 0.000663894
166.14	 0.0711014	 0.0711085	 0.40548	 -0.157884	 0.15773	 0.000664057
166.16	 0.071193	 0.0712008	 0.408819	 -0.158159	 0.158012	 0.000663352
166.18	 0.0712613	 0.07127	 0.41216	 -0.158384	 0.158245	 0.000661785
166.2	 0.0713065	 0.0713159	 0.415503	 -0.15856	 0.158428	 0.000659362
166.22	 0.0713285	 0.0713386	 0.418845	 -0.158687	 0.158561	 0.000656091
166.24	 0.0713273	 0.0713382	 0.422185	 -0.158763	 0.158644	 0.000651982
166.26	 0.071303	 0.0713146	 0.425524	 -0.158789	 0.158677	 0.000647048
166.28	 0.0712556	 0.0712679	 0.428858	 -0.158765	 0.158659	 0.000641303
166.3	 0.0711851	 0.0711981	 0.432189	 -0.158691	 0.158591	 0.000634761
166.32	 0.0710916	 0.0711053	 0.435514	 -0.158566	 0.158473	 0.000627438
166.34	 0.0709752	 0.0709895	 0.438832	 -0.158391	 0.158304	 0.000619352
166.36	 0.0708358	 0.0708507	 0.442143	 -0.158165	 0.158085	 0.00061052
166.38	 0.0706736	 0.0706892	 0.445445	 -0.157889	 0.157814	 0.000600962
166.4	 0.0704887	 0.0705048	 0.448737	 -0.157562	 0.157493	 0.000590699
166.42	 0.070281	 0.0702978	 0.452018	 -0.157184	 0.157121	 0.000579753
166.44	 0.0700508	 0.0700682	 0.455287	 -0.156756	 0.156698	 0.000568147
166.46	 0.0697981	 0.0698161	 0.458544	 -0.156277	 0.156224	 0.000555906
166.48	 0.069523	 0.0695415	 0.461786	 -0.155747	 0.155699	 0.000543053
166.5	 0.0692257	 0.0692447	 0.465014	 -0.155166	 0.155123	 0.000529614
166.52	 0.0689062	 0.0689257	 0.468225	 -0.154535	 0.154497	 0.000515614
166.54	 0.0685647	 0.0685847	 0.471419	 -0.153853	 0.153819	 0.000501082
166.56	 0.0682013	 0.0682218	 0.474596	 -0.15312	 0.153091	 0.000486046
166.58	 0.0678162	 0.0678372	 0.477753	 -0.152337	 0.152313	 0.000470536
166.6	 0.0674096	 0.0674309	 0.480891	 -0.151505	 0.151484	 0.000454581
166.62	 0.0669815	 0.0670033	 0.484007	 -0.150622	 0.150605	 0.000438209
166.64	 0.0665322	 0.0665543	 0.487101	 -0.149689	 0.149676	 0.000421451
166.66	 0.0660618	 0.0660843	 0.490173	 -0.148707	 0.148697	 0.000404333
166.68	 0.0655704	 0.0655933	 0.49322	 -0.147675	 0.147669	 0.000386886
166.7	 0.0650584	 0.0650815	 0.496243	 -0.146594	 0.146591	 0.000369142
166.72	 0.0645258	 0.0645492	 0.49924	 -0.145464	 0.145465	 0.000351133
166.74	 0.0639728	 0.0639965	 0.50221	 -0.144286	 0.144289	 0.000332892
166.76	 0.0633997	 0.0634237	 0.505152	 -0.143059	 0.143065	 0.000314452
166.78	 0.0628067	 0.0628309	 0.508066	 -0.141784	 0.141793	 0.000295845
166.8	 0.0621939	 0.0622183	 0.51095	 -0.140462	 0.140472	 0.000277102
166.82	 0.0615617	 0.0615862	 0.513803	 -0.139092	 0.139105	 0.000258254
166.84	 0.0609101	 0.0609348	 0.516626	 -0.137676	 0.13769	 0.000239333
166.86	 0.0602395	 0.0602644	 0.519416	 -0.136212	 0.136228	 0.00022037
166.88	 0.0595501	 0.059575	 0.522173	 -0.134703	 0.13472	 0.000201394
166.9	 0.0588421	 0.0588671	 0.524896	 -0.133148	 0.133166	 0.000182434
166.92	 0.0581158	 0.0581408	 0.527584	 -0.131547	 0.131566	 0.000163518
166.94	 0.0573713	 0.0573963	 0.530237	 -0.129902	 0.129922	 0.000144677
166.96	 0.056609	 0.0566341	 0.532854	 -0.128212	 0.128233	 0.00012594
166.98	 0.0558292	 0.0558542	 0.535433	 -0.126479	 0.1265	 0.000107338
167	 0.055032	 0.0550569	 0.537974	 -0.124702	 0.124723	 8.89008e-05
167.02	 0.0542178	 0.0542426	 0.540477	 -0.122883	 0.122904	 7.06596e-05
167.04	 0.0533868	 0.0534115	 0.54294	 -0.121021	 0.121042	 5.26422e-05
167.06	 0.0525394	 0.0525639	 0.545362	 -0.119118	 0.119138	 3.48752e-05
167.08	 0.0516757	 0.0517001	 0.547743	 -0.117174	 0.117193	 1.73837e-05
167.1	 0.0507962	 0.0508204	 0.550083	 -0.115189	 0.115208	 1.92573e-07
167.12	 0.049901	 0.049925	 0.55238	 -0.113165	 0.113182	 -1.6674e-05
167.14	 0.0489904	 0.0490142	 0.554634	 -0.111101	 0.111117	 -3.31925e-05
167.16	 0.0480649	 0.0480884	 0.556843	 -0.108999	 0.109014	 -4.93407e-05
167.18	 0.0471246	 0.0471478	 0.559008	 -0.10686	 0.106873	 -6.50974e-05
167.2	 0.0461699	 0.0461927	 0.561128	 -0.104683	 0.104694	 -8.04423e-05
167.22	 0.045201	 0.0452236	 0.563202	 -0.10247	 0.102479	 -9.53555e-05
167.24	 0.0442184	 0.0442405	 0.565229	 -0.100221	 0.100228	 -0.000109817
167.26	 0.0432223	 0.043244	 0.56721	 -0.0979379	 0.0979422	 -0.000123808
167.28	 0.042213	 0.0422343	 0.569142	 -0.0956204	 0.0956221	 -0.00013731
167.3	 0.0411909	 0.0412118	 0.571026	 -0.0932697	 0.0932685	 -0.000150306
167.32	 0.0401563	 0.0401768	 0.572861	 -0.0908866	 0.0908824	 -0.00016278
167.34	 0.0391096	 0.0391296	 0.574646	 -0.0884718	 0.0884645	 -0.00017472
167.36	 0.0380511	 0.0380705	 0.576382	 -0.0860263	 0.0860157	 -0.000186114
167.38	 0.0369811	 0.037	 0.578066	 -0.0835509	 0.0835368	 -0.000196948
167.4	 0.0358999	 0.0359183	 0.5797	 -0.0810465	 0.0810287	 -0.000207214
167.42	 0.034808	 0.0348258	 0.581282	 -0.0785137	 0.0784921	 -0.0002169
167.44	 0.0337057	 0.0337229	 0.582812	 -0.0759536	 0.0759281	 -0.000225999
167.46	 0.0325933	 0.0326098	 0.584289	 -0.073367	 0.0733373	 -0.000234504
167.48	 0.0314712	 0.0314871	 0.585714	 -0.0707547	 0.0707208	 -0.000242411
167.5	 0.0303396	 0.0303549	 0.587084	 -0.0681177	 0.0680794	 -0.000249715
167.52	 0.0291991	 0.0292136	 0.588401	 -0.0654569	 0.0654141	 -0.000256415
167.54	 0.0280499	 0.0280637	 0.589664	 -0.0627731	 0.0627256	 -0.000262509
167.56	 0.0268924	 0.0269055	 0.590872	 -0.0600674	 0.0600151	 -0.000267997
167.58	 0.025727	 0.0257393	 0.592025	 -0.0573406	 0.0572834	 -0.00027288
167.6	 0.024554	 0.0245655	 0.593122	 -0.0545937	 0.0545315	 -0.000277158
167.62	 0.0233737	 0.0233845	 0.594164	 -0.0518276	 0.0517603	 -0.000280831
167.64	 0.0221866	 0.0221965	 0.595149	 -0.0490434	 0.0489709	 -0.000283902
167.66	 0.020993	 0.0210021	 0.596079	 -0.0462419	 0.0461641	 -0.000286373
167.68	 0.0197933	 0.0198016	 0.596951	 -0.0434241	 0.0433409	 -0.000288245
167.7	 0.0185879	 0.0185952	 0.597767	 -0.0405911	 0.0405023	 -0.000289522
167.72	 0.017377	 0.0173835	 0.598525	 -0.0377437	 0.0376493	 -0.000290209
167.74	 0.0161612	 0.0161667	 0.599226	 -0.0348829	 0.0347828	 -0.00029031
167.76	 0.0149407	 0.0149453	 0.59987	 -0.0320098	 0.0319039	 -0.000289833
167.78	 0.0137159	 0.0137196	 0.600455	 -0.0291253	 0.0290136	 -0.000288784
167.8	 0.0124872	 0.0124899	 0.600983	 -0.0262304	 0.0261128	 -0.000287168
167.82	 0.011255	 0.0112567	 0.601452	 -0.0233261	 0.0232025	 -0.000284995
167.84	 0.0100196	 0.0100204	 0.601863	 -0.0204134	 0.0202838	 -0.000282273
167.86	 0.00878149	 0.00878126	 0.602215	 -0.0174934	 0.0173576	 -0.000279012
167.88	 0.00754094	 0.00753971	 0.602509	 -0.0145671	 0.0144252	 -0.000275224
167.9	 0.00629836	 0.00629611	 0.602744	 -0.0116356	 0.0114874	 -0.000270922
167.92	 0.00505411	 0.00505085	 0.60292	 -0.0086998	 0.00854535	 -0.000266117
167.94	 0.00380859	 0.0038043	 0.603037	 -0.00576081	 0.00560004	 -0.000260824
167.96	 0.00256214	 0.00255682	 0.603095	 -0.00281961	 0.00265249	 -0.000255058
167.98	 0.00131515	 0.00130879	 0.603094	 0.000122785	 -0.000296297	 -0.000248833
168	 6.79868e-05	 6.05867e-05	 0.603034	 0.00306534	 -0.00324528	 -0.000242168
168.02	 -0.00117898	 -0.00118742	 0.602916	 0.00600704	 -0.00619342	 -0.000235079
168.04	 -0.00242537	 -0.00243486	 0.602738	 0.00894687	 -0.00913971	 -0.000227583
168.06	 -0.00367081	 -0.00368136	 0.602501	 0.0118838	 -0.0120832	 -0.000219698
168.08	 -0.00491493	 -0.00492653	 0.602206	 0.014817	 -0.0150228	 -0.00021144
168.1	 -0.00615735	 -0.00617002	 0.601851	 0.0177453	 -0.0179576	 -0.000202825
168.12	 -0.00739771	 -0.00741143	 0.601438	 0.020668	 -0.0208868	 -0.00019387
168.14	 -0.00863562	 -0.00865041	 0.600967	 0.0235839	 -0.0238092	 -0.000184592
168.16	 -0.00987074	 -0.00988659	 0.600437	 0.0264922	 -0.026724	 -0.000175007
168.18	 -0.0111027	 -0.0111196	 0.599849	 0.0293918	 -0.0296301	 -0.000165133
168.2	 -0.0123311	 -0.012349	 0.599203	 0.0322819	 -0.0325266	 -0.000154989
168.22	 -0.0135556	 -0.0135746	 0.598499	 0.0351615	 -0.0354127	 -0.000144592
168.24	 -0.0147758	 -0.0147959	 0.597737	 0.0380297	 -0.0382873	 -0.00013396
168.26	 -0.0159914	 -0.0160125	 0.596918	 0.0408855	 -0.0411494	 -0.000123111
168.28	 -0.017202	 -0.0172241	 0.596041	 0.0437278	 -0.0439981	 -0.000112063
168.3	 -0.0184072	 -0.0184304	 0.595108	 0.0465558	 -0.0468324	 -0.000100836
168.32	 -0.0196067	 -0.0196309	 0.594119	 0.0493683	 -0.0496513	 -8.94476e-05
168.34	 -0.0208001	 -0.0208253	 0.593073	 0.0521644	 -0.0524536	 -7.7917e-05
168.36	 -0.021987	 -0.0220133	 0.591971	 0.054943	 -0.0552384	 -6.62628e-05
168.38	 -0.0231672	 -0.0231944	 0.590813	 0.0577032	 -0.0580048	 -5.45034e-05
168.4	 -0.0243402	 -0.0243684	 0.5896	 0.060444	 -0.0607517	 -4.26571e-05
168.42	 -0.0255057	 -0.0255349	 0.588333	 0.0631644	 -0.0634783	 -3.07422e-05
168.44	 -0.0266633	 -0.0266935	 0.58701	 0.0658636	 -0.0661834	 -1.87768e-05
168.46	 -0.0278128	 -0.0278438	 0.585634	 0.0685405	 -0.0688663	 -6.77806e-06
168.48	 -0.0289537	 -0.0289857	 0.584204	 0.0711942	 -0.071526	 5.23808e-06
168.5	 -0.0300858	 -0.0301186	 0.582721	 0.073824	 -0.0741616	 1.72567e-05
168.52	 -0.0312086	 -0.0312423	 0.581185	 0.0764288	 -0.0767723	 2.9264e-05
168.54	 -0.0323219	 -0.0323565	 0.579596	 0.079008	 -0.0793572	 4.12462e-05
168.56	 -0.0334253	 -0.0334607	 0.577956	 0.0815606	 -0.0819155	 5.31898e-05
168.58	 -0.0345185	 -0.0345548	 0.576265	 0.084086	 -0.0844464	 6.50814e-05
168.6	 -0.0356012	 -0.0356382	 0.574522	 0.0865832	 -0.0869492	 7.69078e-05
168.62	 -0.0366729	 -0.0367108	 0.57273	 0.0890517	 -0.0894231	 8.86565e-05
168.64	 -0.0377335	 -0.0377721	 0.570888	 0.0914905	 -0.0918673	 0.000100315
168.66	 -0.0387826	 -0.0388219	 0.568996	 0.093899	 -0.0942811	 0.000111872
168.68	 -0.0398198	 -0.0398598	 0.567056	 0.0962763	 -0.0966636	 0.000123315
168.7	 -0.0408449	 -0.0408856	 0.565069	 0.0986217	 -0.0990141	 0.00013463
168.72	 -0.0418574	 -0.0418988	 0.563033	 0.100934	 -0.101332	 0.000145805
168.74	 -0.0428572	 -0.0428992	 0.560952	 0.103213	 -0.103615	 0.000156826
168.76	 -0.0438439	 -0.0438865	 0.558824	 0.105458	 -0.105865	 0.000167683
168.78	 -0.0448171	 -0.0448603	 0.556651	 0.107667	 -0.108079	 0.000178365
168.8	 -0.0457766	 -0.0458204	 0.554433	 0.10984	 -0.110257	 0.000188863
168.82	 -0.0467221	 -0.0467664	 0.552171	 0.111977	 -0.112398	 0.000199168
168.84	 -0.0476533	 -0.0476981	 0.549866	 0.114076	 -0.114502	 0.000209271
168.86	 -0.0485699	 -0.0486152	 0.547519	 0.116138	 -0.116568	 0.000219166
168.88	 -0.0494716	 -0.0495174	 0.545129	 0.118161	 -0.118595	 0.000228847
168.9	 -0.0503582	 -0.0504044	 0.542699	 0.120144	 -0.120582	 0.000238309
168.92	 -0.0512293	 -0.0512759	 0.540228	 0.122088	 -0.12253	 0.000247549
168.94	 -0.0520848	 -0.0521318	 0.537718	 0.123992	 -0.124437	 0.000256561
168.96	 -0.0529243	 -0.0529716	 0.535169	 0.125854	 -0.126304	 0.000265341
168.98	 -0.0537475	 -0.0537951	 0.532581	 0.127675	 -0.128128	 0.00027388
169	 -0.0545542	 -0.0546021	 0.529957	 0.129454	 -0.129911	 0.000282173
169.02	 -0.0553442	 -0.0553923	 0.527296	 0.13119	 -0.13165	 0.000290212
169.04	 -0.0561171	 -0.0561655	 0.5246	 0.132883	 -0.133347	 0.000297993
169.06	 -0.0568727	 -0.0569213	 0.521869	 0.134532	 -0.134999	 0.000305511
169.08	 -0.0576108	 -0.0576595	 0.519105	 0.136137	 -0.136606	 0.000312762
169.1	 -0.0583311	 -0.0583799	 0.516307	 0.137697	 -0.138169	 0.000319743
169.12	 -0.0590333	 -0.0590823	 0.513478	 0.139211	 -0.139686	 0.00032645
169.14	 -0.0597173	 -0.0597664	 0.510617	 0.140679	 -0.141158	 0.000332881
169.16	 -0.0603828	 -0.0604319	 0.507726	 0.142102	 -0.142582	 0.000339034
169.18	 -0.0610296	 -0.0610787	 0.504806	 0.143478	 -0.143961	 0.000344908
169.2	 -0.0616575	 -0.0617066	 0.501857	 0.144806	 -0.145292	 0.000350505
169.22	 -0.0622662	 -0.0623153	 0.498881	 0.146088	 -0.146575	 0.000355823
169.24	 -0.0628555	 -0.0629046	 0.495879	 0.147321	 -0.14781	 0.000360862
169.26	 -0.0634253	 -0.0634743	 0.492851	 0.148506	 -0.148997	 0.000365621
169.28	 -0.0639753	 -0.0640241	 0.489798	 0.149641	 -0.150135	 0.000370102
169.3	 -0.0645053	 -0.0645541	 0.486721	 0.150728	 -0.151223	 0.000374305
169.32	 -0.0650152	 -0.0650638	 0.483622	 0.151765	 -0.152261	 0.000378234
169.34	 -0.0655048	 -0.0655532	 0.480501	 0.152752	 -0.153249	 0.000381892
169.36	 -0.0659739	 -0.0660221	 0.47736	 0.153689	 -0.154188	 0.000385281
169.38	 -0.0664223	 -0.0664702	 0.474199	 0.154575	 -0.155075	 0.000388402
169.4	 -0.0668499	 -0.0668976	 0.471019	 0.155411	 -0.155912	 0.000391257
169.42	 -0.0672565	 -0.0673039	 0.467821	 0.156196	 -0.156697	 0.000393845
169.44	 -0.067642	 -0.067689	 0.464607	 0.156929	 -0.157432	 0.000396168
169.46	 -0.0680061	 -0.0680528	 0.461377	 0.157611	 -0.158114	 0.000398229
169.48	 -0.0683488	 -0.0683952	 0.458132	 0.158242	 -0.158745	 0.000400031
169.5	 -0.06867	 -0.0687159	 0.454875	 0.15882	 -0.159323	 0.000401577
169.52	 -0.0689694	 -0.0690149	 0.451604	 0.159346	 -0.15985	 0.000402871
169.54	 -0.069247	 -0.0692921	 0.448322	 0.159821	 -0.160324	 0.000403915
169.56	 -0.0695026	 -0.0695473	 0.44503	 0.160243	 -0.160746	 0.000404713
169.58	 -0.0697362	 -0.0697805	 0.441728	 0.160612	 -0.161115	 0.000405265
169.6	 -0.0699476	 -0.0699914	 0.438418	 0.160929	 -0.161432	 0.000405575
169.62	 -0.0701368	 -0.0701801	 0.435101	 0.161193	 -0.161695	 0.000405644
169.64	 -0.0703037	 -0.0703465	 0.431777	 0.161405	 -0.161906	 0.000405476
169.66	 -0.0704481	 -0.0704903	 0.428449	 0.161563	 -0.162064	 0.000405074
169.68	 -0.07057	 -0.0706117	 0.425116	 0.161669	 -0.162169	 0.00040444
169.7	 -0.0706693	 -0.0707105	 0.421781	 0.161721	 -0.16222	 0.000403578
169.72	 -0.070746	 -0.0707866	 0.418443	 0.161721	 -0.162219	 0.000402489
169.74	 -0.0708	 -0.07084	 0.415105	 0.161668	 -0.162165	 0.000401173
169.76	 -0.0708312	 -0.0708707	 0.411767	 0.161562	 -0.162057	 0.000399631
169.78	 -0.0708397	 -0.0708786	 0.40843	 0.161404	 -0.161897	 0.000397866
169.8	 -0.0708254	 -0.0708637	 0.405095	 0.161192	 -0.161684	 0.00039588
169.82	 -0.0707883	 -0.0708259	 0.401764	 0.160928	 -0.161419	 0.000393677
169.84	 -0.0707283	 -0.0707653	 0.398438	 0.160612	 -0.1611	 0.000391262
169.86	 -0.0706455	 -0.0706818	 0.395117	 0.160243	 -0.16073	 0.000388638
169.88	 -0.0705398	 -0.0705755	 0.391802	 0.159822	 -0.160307	 0.000385806
169.9	 -0.0704113	 -0.0704463	 0.388496	 0.159349	 -0.159831	 0.000382768
169.92	 -0.07026	 -0.0702943	 0.385198	 0.158824	 -0.159304	 0.000379523
169.94	 -0.0700858	 -0.0701195	 0.381911	 0.158248	 -0.158725	 0.000376072
169.96	 -0.0698888	 -0.0699219	 0.378634	 0.15762	 -0.158095	 0.000372418
169.98	 -0.0696691	 -0.0697015	 0.375369	 0.156941	 -0.157414	 0.000368562
170	 -0.0694267	 -0.0694584	 0.372117	 0.156211	 -0.156681	 0.00036451
170.02	 -0.0691616	 -0.0691926	 0.36888	 0.155431	 -0.155898	 0.000360261
170.04	 -0.068874	 -0.0689043	 0.365658	 0.1546	 -0.155065	 0.000355819
170.06	 -0.0685638	 -0.0685934	 0.362451	 0.153719	 -0.154182	 0.000351186
170.08	 -0.0682311	 -0.06826	 0.359263	 0.152789	 -0.153248	 0.000346363
170.1	 -0.0678761	 -0.0679043	 0.356092	 0.15181	 -0.152266	 0.000341356
170.12	 -0.0674988	 -0.0675263	 0.352941	 0.150781	 -0.151234	 0.000336167
170.14	 -0.0670994	 -0.0671261	 0.34981	 0.149704	 -0.150154	 0.000330798
170.16	 -0.0666778	 -0.0667039	 0.346701	 0.148578	 -0.149026	 0.000325249
170.18	 -0.0662343	 -0.0662596	 0.343614	 0.147405	 -0.147849	 0.000319518
170.2	 -0.065769	 -0.0657936	 0.340551	 0.146184	 -0.146625	 0.000313601
170.22	 -0.0652819	 -0.0653058	 0.337512	 0.144917	 -0.145354	 0.000307498
170.24	 -0.0647733	 -0.0647965	 0.334498	 0.143602	 -0.144037	 0.000301212
170.26	 -0.0642433	 -0.0642657	 0.331511	 0.142242	 -0.142673	 0.000294747
170.28	 -0.0636919	 -0.0637137	 0.328551	 0.140835	 -0.141263	 0.000288106
170.3	 -0.0631195	 -0.0631405	 0.325619	 0.139384	 -0.139808	 0.000281292
170.32	 -0.0625261	 -0.0625464	 0.322717	 0.137888	 -0.138309	 0.000274309
170.34	 -0.061912	 -0.0619316	 0.319844	 0.136347	 -0.136765	 0.000267159
170.36	 -0.0612773	 -0.0612962	 0.317003	 0.134763	 -0.135177	 0.000259845
170.38	 -0.0606222	 -0.0606404	 0.314195	 0.133136	 -0.133546	 0.000252372
170.4	 -0.0599469	 -0.0599645	 0.311419	 0.131466	 -0.131873	 0.000244744
170.42	 -0.0592517	 -0.0592686	 0.308677	 0.129754	 -0.130158	 0.000236966
170.44	 -0.0585367	 -0.0585529	 0.30597	 0.128001	 -0.128402	 0.000229039
170.46	 -0.0578022	 -0.0578177	 0.303299	 0.126207	 -0.126604	 0.000220967
170.48	 -0.0570484	 -0.0570633	 0.300664	 0.124373	 -0.124767	 0.000212752
170.5	 -0.0562755	 -0.0562897	 0.298067	 0.1225	 -0.12289	 0.0002044
170.52	 -0.0554838	 -0.0554974	 0.295509	 0.120587	 -0.120974	 0.000195915
170.54	 -0.0546735	 -0.0546865	 0.292989	 0.118636	 -0.119019	 0.000187301
170.56	 -0.0538449	 -0.0538573	 0.29051	 0.116647	 -0.117027	 0.000178561
170.58	 -0.0529982	 -0.05301	 0.288072	 0.114621	 -0.114998	 0.000169699
170.6	 -0.0521338	 -0.0521449	 0.285675	 0.112559	 -0.112933	 0.000160718
170.62	 -0.0512518	 -0.0512624	 0.28332	 0.110462	 -0.110832	 0.000151625
170.64	 -0.0503527	 -0.0503626	 0.281009	 0.108329	 -0.108696	 0.000142426
170.66	 -0.0494366	 -0.049446	 0.278742	 0.106162	 -0.106526	 0.000133129
170.68	 -0.0485039	 -0.0485127	 0.27652	 0.103962	 -0.104322	 0.00012374
170.7	 -0.0475548	 -0.0475632	 0.274343	 0.101729	 -0.102086	 0.000114267
170.72	 -0.0465898	 -0.0465976	 0.272213	 0.0994636	 -0.0998183	 0.000104715
170.74	 -0.0456091	 -0.0456164	 0.270129	 0.0971673	 -0.097519	 9.50897e-05
170.76	 -0.0446131	 -0.0446199	 0.268093	 0.0948405	 -0.0951894	 8.5399e-05
170.78	 -0.043602	 -0.0436083	 0.266106	 0.092484	 -0.0928301	 7.56495e-05
170.8	 -0.0425763	 -0.0425821	 0.264167	 0.0900986	 -0.0904419	 6.58478e-05
170.82	 -0.0415362	 -0.0415416	 0.262278	 0.087685	 -0.0880256	 5.60004e-05
170.84	 -0.0404821	 -0.040487	 0.26044	 0.085244	 -0.0855819	 4.61145e-05
170.86	 -0.0394144	 -0.0394189	 0.258652	 0.0827763	 -0.0831117	 3.61981e-05
170.88	 -0.0383333	 -0.0383374	 0.256916	 0.0802829	 -0.0806158	 2.626e-05
170.9	 -0.0372394	 -0.0372431	 0.255231	 0.0777645	 -0.078095	 1.63091e-05
170.92	 -0.0361329	 -0.0361362	 0.2536	 0.075222	 -0.0755501	 6.35373e-06
170.94	 -0.0350142	 -0.0350171	 0.252021	 0.0726562	 -0.072982	 -3.59838e-06
170.96	 -0.0338837	 -0.0338863	 0.250497	 0.0700678	 -0.0703915	 -1.35394e-05
170.98	 -0.0327417	 -0.032744	 0.249026	 0.0674577	 -0.0677792	 -2.34608e-05
171	 -0.0315888	 -0.0315907	 0.247611	 0.0648266	 -0.0651462	 -3.33527e-05
171.02	 -0.0304251	 -0.0304268	 0.24625	 0.0621755	 -0.0624931	 -4.32047e-05
171.04	 -0.0292512	 -0.0292526	 0.244945	 0.0595051	 -0.0598209	 -5.30058e-05
171.06	 -0.0280675	 -0.0280686	 0.243696	 0.0568164	 -0.0571304	 -6.2745e-05
171.08	 -0.0268743	 -0.0268751	 0.242504	 0.0541101	 -0.0544225	 -7.24115e-05
171.1	 -0.025672	 -0.0256727	 0.241369	 0.0513872	 -0.051698	 -8.19938e-05
171.12	 -0.0244611	 -0.0244615	 0.240291	 0.0486485	 -0.0489578	 -9.14802e-05
171.14	 -0.023242	 -0.0232422	 0.23927	 0.045895	 -0.0462029	 -0.000100859
171.16	 -0.0220151	 -0.0220151	 0.238308	 0.0431274	 -0.043434	 -0.000110117
171.18	 -0.0207808	 -0.0207806	 0.237404	 0.0403466	 -0.040652	 -0.000119244
171.2	 -0.0195395	 -0.0195392	 0.236559	 0.0375536	 -0.0378579	 -0.000128228
171.22	 -0.0182916	 -0.0182912	 0.235772	 0.0347491	 -0.0350524	 -0.000137056
171.24	 -0.0170377	 -0.0170371	 0.235045	 0.0319341	 -0.0322365	 -0.000145716
171.26	 -0.015778	 -0.0157774	 0.234377	 0.0291095	 -0.029411	 -0.000154196
171.28	 -0.014513	 -0.0145123	 0.233769	 0.0262761	 -0.0265768	 -0.000162482
171.3	 -0.0132432	 -0.0132425	 0.233221	 0.0234348	 -0.0237349	 -0.000170563
171.32	 -0.011969	 -0.0119682	 0.232733	 0.0205865	 -0.0208861	 -0.000178427
171.34	 -0.0106908	 -0.01069	 0.232306	 0.0177321	 -0.0180313	 -0.000186063
171.36	 -0.00940908	 -0.00940821	 0.231939	 0.0148726	 -0.0151713	 -0.000193456
171.38	 -0.00812423	 -0.00812335	 0.231632	 0.0120087	 -0.0123072	 -0.000200594
171.4	 -0.00683671	 -0.00683585	 0.231386	 0.00914148	 -0.00943981	 -0.000207461
171.42	 -0.00554696	 -0.00554612	 0.231201	 0.00627185	 -0.00657011	 -0.000214042
171.44	 -0.00425542	 -0.00425463	 0.231077	 0.00340075	 -0.00369902	 -0.000220326
171.46	 -0.00296253	 -0.00296179	 0.231014	 0.000529043	 -0.000827427	 -0.000226299
171.48	 -0.00166872	 -0.00166805	 0.231012	 -0.00234238	 0.0020438	 -0.000231952
171.5	 -0.00037444	 -0.000373852	 0.23107	 -0.00521266	 0.00491378	 -0.000237273
171.52	 0.000919884	 0.000920377	 0.23119	 -0.00808089	 0.00778163	 -0.000242252
171.54	 0.00221381	 0.00221419	 0.231371	 -0.0109462	 0.0106465	 -0.000246875
171.56	 0.0035069	 0.00350716	 0.231612	 -0.0138076	 0.0135073	 -0.000251132
171.58	 0.0047987	 0.00479882	 0.231915	 -0.0166642	 0.0163633	 -0.00025501
171.6	 0.00608878	 0.00608875	 0.232278	 -0.0195152	 0.0192136	 -0.0002585
171.62	 0.00737669	 0.00737651	 0.232701	 -0.0223596	 0.0220572	 -0.000261591
171.64	 0.00866201	 0.00866165	 0.233185	 -0.0251967	 0.0248934	 -0.000264274
171.66	 0.0099443	 0.00994375	 0.23373	 -0.0280254	 0.0277213	 -0.00026654
171.68	 0.0112231	 0.0112224	 0.234335	 -0.0308451	 0.0305399	 -0.000268379
171.7	 0.0124981	 0.0124971	 0.234999	 -0.0336546	 0.0333484	 -0.000269783
171.72	 0.0137687	 0.0137675	 0.235723	 -0.0364533	 0.0361459	 -0.000270742
171.74	 0.0150345	 0.0150331	 0.236507	 -0.0392401	 0.0389316	 -0.000271249
171.76	 0.0162952	 0.0162936	 0.23735	 -0.0420144	 0.0417046	 -0.000271298
171.78	 0.0175503	 0.0175484	 0.238253	 -0.0447753	 0.0444642	 -0.000270882
171.8	 0.0187994	 0.0187972	 0.239213	 -0.0475218	 0.0472094	 -0.000269994
171.82	 0.020042	 0.0200396	 0.240233	 -0.0502532	 0.0499393	 -0.000268628
171.84	 0.0212778	 0.0212751	 0.24131	 -0.0529685	 0.0526532	 -0.000266776
171.86	 0.0225064	 0.0225034	 0.242445	 -0.0556669	 0.0553501	 -0.000264432
171.88	 0.0237273	 0.023724	 0.243638	 -0.0583475	 0.0580292	 -0.000261592
171.9	 0.0249401	 0.0249365	 0.244888	 -0.0610096	 0.0606897	 -0.000258253
171.92	 0.0261444	 0.0261405	 0.246194	 -0.0636523	 0.0633308	 -0.000254413
171.94	 0.0273398	 0.0273357	 0.247556	 -0.0662749	 0.0659517	 -0.000250071
171.96	 0.028526	 0.0285215	 0.248974	 -0.0688765	 0.0685517	 -0.000245226
171.98	 0.0297025	 0.0296977	 0.250447	 -0.0714564	 0.0711299	 -0.000239879
172	 0.030869	 0.0308638	 0.251976	 -0.0740139	 0.0736857	 -0.000234031
172.02	 0.032025	 0.0320195	 0.253558	 -0.0765482	 0.0762183	 -0.000227687
172.04	 0.0331702	 0.0331644	 0.255194	 -0.0790585	 0.0787269	 -0.000220852
172.06	 0.0343042	 0.034298	 0.256882	 -0.0815442	 0.0812108	 -0.000213529
172.08	 0.0354266	 0.0354201	 0.258624	 -0.0840043	 0.0836691	 -0.000205726
172.1	 0.0365371	 0.0365302	 0.260417	 -0.0864382	 0.0861013	 -0.000197448
172.12	 0.0376353	 0.037628	 0.262261	 -0.088845	 0.0885064	 -0.000188703
172.14	 0.0387208	 0.0387132	 0.264156	 -0.0912242	 0.0908838	 -0.000179501
172.16	 0.0397932	 0.0397853	 0.266101	 -0.0935749	 0.0932328	 -0.00016985
172.18	 0.0408524	 0.040844	 0.268094	 -0.0958965	 0.0955527	 -0.000159761
172.2	 0.0418978	 0.041889	 0.270137	 -0.0981882	 0.0978427	 -0.000149242
172.22	 0.0429291	 0.04292	 0.272227	 -0.100449	 0.100102	 -0.000138302
172.24	 0.0439461	 0.0439366	 0.274364	 -0.102679	 0.10233	 -0.000126952
172.26	 0.0449483	 0.0449385	 0.276548	 -0.104877	 0.104526	 -0.000115202
172.28	 0.0459356	 0.0459253	 0.278777	 -0.107042	 0.10669	 -0.000103065
172.3	 0.0469075	 0.0468968	 0.281051	 -0.109174	 0.10882	 -9.05555e-05
172.32	 0.0478637	 0.0478527	 0.28337	 -0.111272	 0.110917	 -7.76862e-05
172.34	 0.048804	 0.0487925	 0.285731	 -0.113335	 0.112979	 -6.44707e-05
172.36	 0.049728	 0.0497162	 0.288136	 -0.115363	 0.115005	 -5.09232e-05
172.38	 0.0506354	 0.0506232	 0.290582	 -0.117355	 0.116996	 -3.70599e-05
172.4	 0.051526	 0.0515134	 0.293068	 -0.119311	 0.118951	 -2.28986e-05
172.42	 0.0523995	 0.0523865	 0.295596	 -0.12123	 0.120868	 -8.45851e-06
172.44	 0.0532556	 0.0532422	 0.298162	 -0.12311	 0.122748	 6.24073e-06
172.46	 0.0540941	 0.0540803	 0.300767	 -0.124953	 0.12459	 2.11794e-05
172.48	 0.0549146	 0.0549004	 0.303409	 -0.126756	 0.126392	 3.63376e-05
172.5	 0.0557169	 0.0557023	 0.306088	 -0.12852	 0.128156	 5.16946e-05
172.52	 0.0565008	 0.0564858	 0.308802	 -0.130244	 0.129879	 6.72287e-05
172.54	 0.057266	 0.0572506	 0.311551	 -0.131927	 0.131561	 8.29184e-05
172.56	 0.0580122	 0.0579964	 0.314335	 -0.133569	 0.133202	 9.87425e-05
172.58	 0.0587393	 0.0587232	 0.317151	 -0.135169	 0.134802	 0.000114681
172.6	 0.0594471	 0.0594305	 0.32	 -0.136727	 0.136359	 0.000130714
172.62	 0.0601352	 0.0601183	 0.322879	 -0.138242	 0.137874	 0.000146821
172.64	 0.0608035	 0.0607863	 0.325789	 -0.139713	 0.139345	 0.00016298
172.66	 0.0614519	 0.0614343	 0.328729	 -0.141141	 0.140773	 0.000179167
172.68	 0.06208	 0.062062	 0.331696	 -0.142525	 0.142156	 0.000195358
172.7	 0.0626877	 0.0626694	 0.334692	 -0.143863	 0.143495	 0.000211527
172.72	 0.0632749	 0.0632563	 0.337713	 -0.145156	 0.144788	 0.000227651
172.74	 0.0638412	 0.0638223	 0.34076	 -0.146404	 0.146036	 0.000243705
172.76	 0.0643866	 0.0643674	 0.343832	 -0.147605	 0.147238	 0.000259668
172.78	 0.064911	 0.0648915	 0.346927	 -0.14876	 0.148393	 0.000275514
172.8	 0.065414	 0.0653943	 0.350044	 -0.149868	 0.149501	 0.00029122
172.82	 0.0658957	 0.0658757	 0.353182	 -0.150928	 0.150562	 0.000306764
172.84	 0.0663559	 0.0663356	 0.356341	 -0.15194	 0.151576	 0.000322123
172.86	 0.0667943	 0.0667739	 0.35952	 -0.152905	 0.152541	 0.000337276
172.88	 0.067211	 0.0671903	 0.362716	 -0.15382	 0.153457	 0.000352201
172.9	 0.0676058	 0.0675849	 0.36593	 -0.154687	 0.154325	 0.000366878
172.92	 0.0679786	 0.0679575	 0.36916	 -0.155504	 0.155143	 0.000381282
172.94	 0.0683292	 0.0683079	 0.372405	 -0.156271	 0.155911	 0.000395392
172.96	 0.0686576	 0.0686362	 0.375664	 -0.156988	 0.15663	 0.000409185
172.98	 0.0689636	 0.0689421	 0.378936	 -0.157655	 0.157299	 0.000422638
173	 0.0692473	 0.0692257	 0.38222	 -0.158272	 0.157916	 0.000435732
173.02	 0.0695086	 0.0694868	 0.385514	 -0.158837	 0.158484	 0.000448445
173.04	 0.0697473	 0.0697255	 0.388818	 -0.159352	 0.159	 0.000460759
173.06	 0.0699635	 0.0699416	 0.392131	 -0.159815	 0.159464	 0.000472652
173.08	 0.0701571	 0.0701351	 0.395451	 -0.160226	 0.159878	 0.000484106
173.1	 0.070328	 0.0703059	 0.398778	 -0.160585	 0.160239	 0.000495099
173.12	 0.0704762	 0.0704541	 0.40211	 -0.160893	 0.160549	 0.000505612
173.14	 0.0706017	 0.0705796	 0.405446	 -0.161148	 0.160806	 0.000515624
173.16	 0.0707045	 0.0706824	 0.408785	 -0.161351	 0.161012	 0.000525117
173.18	 0.0707845	 0.0707624	 0.412127	 -0.161502	 0.161165	 0.000534071
173.2	 0.0708417	 0.0708196	 0.415469	 -0.1616	 0.161266	 0.000542468
173.22	 0.0708762	 0.0708542	 0.418811	 -0.161646	 0.161314	 0.000550291
173.24	 0.070888	 0.070866	 0.422153	 -0.161639	 0.16131	 0.000557525
173.26	 0.070877	 0.0708551	 0.425491	 -0.16158	 0.161254	 0.000564156
173.28	 0.0708433	 0.0708215	 0.428827	 -0.161468	 0.161145	 0.000570171
173.3	 0.0707869	 0.0707652	 0.432158	 -0.161304	 0.160984	 0.000575558
173.32	 0.0707078	 0.0706863	 0.435484	 -0.161087	 0.16077	 0.000580306
173.34	 0.0706062	 0.0705848	 0.438803	 -0.160818	 0.160504	 0.000584404
173.36	 0.070482	 0.0704607	 0.442114	 -0.160496	 0.160185	 0.000587841
173.38	 0.0703353	 0.0703142	 0.445417	 -0.160121	 0.159814	 0.00059061
173.4	 0.0701661	 0.0701452	 0.44871	 -0.159694	 0.15939	 0.000592701
173.42	 0.0699746	 0.0699539	 0.451992	 -0.159214	 0.158913	 0.000594109
173.44	 0.0697607	 0.0697403	 0.455262	 -0.158681	 0.158385	 0.000594829
173.46	 0.0695247	 0.0695045	 0.45852	 -0.158097	 0.157804	 0.000594855
173.48	 0.0692665	 0.0692466	 0.461763	 -0.15746	 0.15717	 0.000594182
173.5	 0.0689863	 0.0689667	 0.464992	 -0.156771	 0.156485	 0.000592807
173.52	 0.0686842	 0.0686649	 0.468205	 -0.15603	 0.155748	 0.000590727
173.54	 0.0683603	 0.0683413	 0.4714	 -0.155237	 0.154959	 0.000587943
173.56	 0.0680147	 0.067996	 0.474578	 -0.154393	 0.154119	 0.000584455
173.58	 0.0676476	 0.0676292	 0.477737	 -0.153497	 0.153227	 0.000580267
173.6	 0.067259	 0.067241	 0.480876	 -0.152551	 0.152285	 0.000575382
173.62	 0.0668492	 0.0668316	 0.483993	 -0.151553	 0.151291	 0.000569804
173.64	 0.0664182	 0.066401	 0.487089	 -0.150506	 0.150247	 0.000563535
173.66	 0.0659663	 0.0659495	 0.490162	 -0.149407	 0.149153	 0.000556579
173.68	 0.0654936	 0.0654772	 0.493211	 -0.148259	 0.148009	 0.000548945
173.7	 0.0650002	 0.0649842	 0.496235	 -0.147062	 0.146816	 0.000540639
173.72	 0.0644863	 0.0644707	 0.499233	 -0.145815	 0.145574	 0.000531673
173.74	 0.0639521	 0.063937	 0.502205	 -0.14452	 0.144283	 0.000522059
173.76	 0.0633978	 0.0633831	 0.505149	 -0.143176	 0.142943	 0.00051181
173.78	 0.0628236	 0.0628094	 0.508064	 -0.141785	 0.141556	 0.000500938
173.8	 0.0622296	 0.0622159	 0.51095	 -0.140345	 0.140121	 0.000489457
173.82	 0.0616161	 0.0616029	 0.513805	 -0.138859	 0.138639	 0.000477381
173.84	 0.0609833	 0.0609705	 0.516629	 -0.137326	 0.13711	 0.000464726
173.86	 0.0603313	 0.0603191	 0.51942	 -0.135747	 0.135536	 0.000451508
173.88	 0.0596605	 0.0596488	 0.522179	 -0.134123	 0.133915	 0.000437743
173.9	 0.0589709	 0.0589598	 0.524904	 -0.132453	 0.13225	 0.000423449
173.92	 0.0582629	 0.0582523	 0.527593	 -0.130739	 0.13054	 0.000408643
173.94	 0.0575367	 0.0575266	 0.530248	 -0.128981	 0.128787	 0.000393344
173.96	 0.0567925	 0.0567829	 0.532866	 -0.12718	 0.126989	 0.000377574
173.98	 0.0560306	 0.0560215	 0.535446	 -0.125336	 0.12515	 0.000361358
174	 0.0552511	 0.0552426	 0.537989	 -0.123449	 0.123268	 0.00034472
174.02	 0.0544544	 0.0544465	 0.540492	 -0.121522	 0.121344	 0.000327688
174.04	 0.0536408	 0.0536334	 0.542957	 -0.119553	 0.11938	 0.000310286
174.06	 0.0528104	 0.0528036	 0.54538	 -0.117544	 0.117375	 0.000292539
174.08	 0.0519636	 0.0519574	 0.547763	 -0.115496	 0.115331	 0.000274474
174.1	 0.0511006	 0.0510949	 0.550104	 -0.113409	 0.113248	 0.000256116
174.12	 0.0502217	 0.0502166	 0.552402	 -0.111285	 0.111128	 0.000237492
174.14	 0.0493272	 0.0493226	 0.554656	 -0.109122	 0.10897	 0.00021863
174.16	 0.0484173	 0.0484133	 0.556867	 -0.106924	 0.106775	 0.000199558
174.18	 0.0474923	 0.047489	 0.559033	 -0.104689	 0.104544	 0.000180305
174.2	 0.0465526	 0.0465498	 0.561154	 -0.10242	 0.102279	 0.000160897
174.22	 0.0455985	 0.0455962	 0.563229	 -0.100116	 0.0999789	 0.000141366
174.24	 0.0446301	 0.0446284	 0.565257	 -0.0977793	 0.0976457	 0.00012174
174.26	 0.0436479	 0.0436468	 0.567237	 -0.0954098	 0.0952798	 0.000102052
174.28	 0.0426521	 0.0426516	 0.56917	 -0.0930086	 0.0928823	 8.23316e-05
174.3	 0.0416431	 0.0416432	 0.571055	 -0.0905766	 0.0904538	 6.26106e-05
174.32	 0.0406213	 0.0406219	 0.57289	 -0.0881147	 0.0879954	 4.29193e-05
174.34	 0.0395868	 0.0395879	 0.574676	 -0.0856238	 0.0855079	 2.32879e-05
174.36	 0.0385401	 0.0385418	 0.576412	 -0.0831048	 0.0829922	 3.74665e-06
174.38	 0.0374814	 0.0374837	 0.578097	 -0.0805586	 0.0804492	 -1.56735e-05
174.4	 0.0364112	 0.0364139	 0.579731	 -0.077986	 0.0778798	 -3.49414e-05
174.42	 0.0353297	 0.035333	 0.581313	 -0.0753881	 0.0752849	 -5.4026e-05
174.44	 0.0342372	 0.0342411	 0.582843	 -0.0727656	 0.0726655	 -7.28971e-05
174.46	 0.0331342	 0.0331386	 0.58432	 -0.0701195	 0.0700223	 -9.15254e-05
174.48	 0.032021	 0.0320258	 0.585744	 -0.0674508	 0.0673564	 -0.000109883
174.5	 0.0308979	 0.0309032	 0.587115	 -0.0647603	 0.0646687	 -0.000127942
174.52	 0.0297652	 0.029771	 0.588432	 -0.0620491	 0.0619601	 -0.000145677
174.54	 0.0286234	 0.0286296	 0.589694	 -0.0593181	 0.0592316	 -0.000163058
174.56	 0.0274727	 0.0274793	 0.590901	 -0.0565682	 0.0564841	 -0.000180061
174.58	 0.0263135	 0.0263206	 0.592054	 -0.0538004	 0.0537187	 -0.000196658
174.6	 0.0251462	 0.0251537	 0.593151	 -0.0510158	 0.0509363	 -0.000212823
174.62	 0.0239711	 0.023979	 0.594192	 -0.0482152	 0.048138	 -0.00022853
174.64	 0.0227886	 0.0227969	 0.595177	 -0.0453998	 0.0453245	 -0.000243751
174.66	 0.021599	 0.0216077	 0.596105	 -0.0425704	 0.0424971	 -0.000258461
174.68	 0.0204028	 0.0204118	 0.596977	 -0.039728	 0.0396565	 -0.000272634
174.7	 0.0192002	 0.0192095	 0.597792	 -0.0368737	 0.0368039	 -0.000286245
174.72	 0.0179917	 0.0180013	 0.59855	 -0.0340084	 0.0339402	 -0.000299269
174.74	 0.0167776	 0.0167875	 0.59925	 -0.0311331	 0.0310664	 -0.000311682
174.76	 0.0155582	 0.0155684	 0.599892	 -0.0282488	 0.0281835	 -0.000323464
174.78	 0.014334	 0.0143444	 0.600477	 -0.0253565	 0.0252925	 -0.000334591
174.8	 0.0131053	 0.013116	 0.601003	 -0.0224573	 0.0223943	 -0.000345042
174.82	 0.0118725	 0.0118834	 0.601471	 -0.019552	 0.01949	 -0.000354798
174.84	 0.010636	 0.0106471	 0.601881	 -0.0166417	 0.0165806	 -0.000363841
174.86	 0.00939613	 0.00940734	 0.602232	 -0.0137274	 0.0136671	 -0.000372153
174.88	 0.00815327	 0.00816463	 0.602525	 -0.0108103	 0.0107505	 -0.000379719
174.9	 0.0069078	 0.00691928	 0.602758	 -0.00789122	 0.00783197	 -0.000386525
174.92	 0.00566011	 0.00567169	 0.602933	 -0.00497131	 0.00491241	 -0.000392558
174.94	 0.00441056	 0.00442222	 0.603049	 -0.00205153	 0.00199283	 -0.000397806
174.96	 0.00315953	 0.00317125	 0.603106	 0.000867153	 -0.000925773	 -0.000402261
174.98	 0.0019074	 0.00191916	 0.603103	 0.00378372	 -0.00384241	 -0.000405915
175	 0.000654536	 0.000666318	 0.603042	 0.00669718	 -0.00675608	 -0.000408761
175.02	 -0.000598672	 -0.000586894	 0.602922	 0.00960653	 -0.00966577	 -0.000410796
175.04	 -0.00185185	 -0.0018401	 0.602743	 0.0125108	 -0.0125705	 -0.000412015
175.06	 -0.00310461	 -0.00309291	 0.602505	 0.015409	 -0.0154693	 -0.000412416
175.08	 -0.00435657	 -0.00434494	 0.602208	 0.0183002	 -0.0183613	 -0.000411996
175.1	 -0.00560736	 -0.00559583	 0.601852	 0.0211836	 -0.0212456	 -0.000410752
175.12	 -0.0068566	 -0.00684519	 0.601437	 0.0240581	 -0.0241211	 -0.000408685
175.14	 -0.0081039	 -0.00809263	 0.600964	 0.0269229	 -0.0269871	 -0.000405795
175.16	 -0.00934888	 -0.00933779	 0.600433	 0.0297771	 -0.0298426	 -0.000402084
175.18	 -0.0105912	 -0.0105803	 0.599844	 0.0326197	 -0.0326867	 -0.000397558
175.2	 -0.0118304	 -0.0118197	 0.599196	 0.0354499	 -0.0355185	 -0.000392222
175.22	 -0.0130662	 -0.0130558	 0.598491	 0.0382667	 -0.0383371	 -0.000386081
175.24	 -0.0142982	 -0.014288	 0.597727	 0.0410694	 -0.0411416	 -0.000379146
175.26	 -0.0155259	 -0.015516	 0.596907	 0.0438569	 -0.0439312	 -0.000371426
175.28	 -0.0167491	 -0.0167396	 0.596029	 0.0466284	 -0.0467048	 -0.000362933
175.3	 -0.0179674	 -0.0179581	 0.595095	 0.0493829	 -0.0494616	 -0.00035368
175.32	 -0.0191803	 -0.0191714	 0.594104	 0.0521194	 -0.0522007	 -0.000343682
175.34	 -0.0203875	 -0.020379	 0.593057	 0.0548371	 -0.0549209	 -0.000332955
175.36	 -0.0215886	 -0.0215805	 0.591954	 0.0575349	 -0.0576215	 -0.000321516
175.38	 -0.0227833	 -0.0227757	 0.590795	 0.060212	 -0.0603015	 -0.000309382
175.4	 -0.0239712	 -0.023964	 0.589581	 0.0628675	 -0.06296	 -0.000296576
175.42	 -0.025152	 -0.0251452	 0.588312	 0.0655004	 -0.0655962	 -0.000283117
175.44	 -0.0263251	 -0.0263189	 0.586989	 0.06811	 -0.0682091	 -0.000269027
175.46	 -0.0274905	 -0.0274847	 0.585612	 0.0706954	 -0.0707979	 -0.000254329
175.48	 -0.0286475	 -0.0286422	 0.584181	 0.0732556	 -0.0733618	 -0.000239046
175.5	 -0.029796	 -0.0297912	 0.582697	 0.07579	 -0.0759	 -0.0002232
175.52	 -0.0309355	 -0.0309313	 0.58116	 0.0782978	 -0.0784117	 -0.000206815
175.54	 -0.0320657	 -0.032062	 0.579571	 0.0807782	 -0.0808961	 -0.000189915
175.56	 -0.0331862	 -0.0331831	 0.57793	 0.0832305	 -0.0833526	 -0.000172525
175.58	 -0.0342967	 -0.0342943	 0.576238	 0.0856541	 -0.0857805	 -0.000154671
175.6	 -0.0353969	 -0.035395	 0.574495	 0.0880481	 -0.0881789	 -0.000136381
175.62	 -0.0364864	 -0.0364852	 0.572703	 0.090412	 -0.0905474	 -0.000117682
175.64	 -0.0375648	 -0.0375642	 0.57086	 0.092745	 -0.0928852	 -9.86033e-05
175.66	 -0.0386319	 -0.0386319	 0.568968	 0.0950466	 -0.0951916	 -7.91747e-05
175.68	 -0.0396872	 -0.039688	 0.567028	 0.0973161	 -0.097466	 -5.94276e-05
175.7	 -0.0407305	 -0.0407319	 0.56504	 0.0995525	 -0.0997076	 -3.93947e-05
175.72	 -0.0417614	 -0.0417635	 0.563005	 0.101755	 -0.101916	 -1.91098e-05
175.74	 -0.0427795	 -0.0427824	 0.560923	 0.103924	 -0.104089	 1.39319e-06
175.76	 -0.0437846	 -0.0437882	 0.558795	 0.106057	 -0.106228	 2.20803e-05
175.78	 -0.0447763	 -0.0447806	 0.556622	 0.108155	 -0.108332	 4.29178e-05
175.8	 -0.0457543	 -0.0457594	 0.554405	 0.110217	 -0.110399	 6.38723e-05
175.82	 -0.0467183	 -0.0467241	 0.552143	 0.112241	 -0.112429	 8.49101e-05
175.84	 -0.047668	 -0.0476745	 0.549839	 0.114228	 -0.114421	 0.000105998
175.86	 -0.048603	 -0.0486103	 0.547491	 0.116176	 -0.116376	 0.000127103
175.88	 -0.0495231	 -0.0495312	 0.545103	 0.118086	 -0.118292	 0.000148195
175.9	 -0.050428	 -0.0504369	 0.542673	 0.119957	 -0.120169	 0.00016924
175.92	 -0.0513174	 -0.051327	 0.540203	 0.121788	 -0.122007	 0.00019021
175.94	 -0.0521909	 -0.0522014	 0.537693	 0.12358	 -0.123804	 0.00021107
175.96	 -0.0530484	 -0.0530597	 0.535144	 0.12533	 -0.125561	 0.000231789
175.98	 -0.0538895	 -0.0539016	 0.532558	 0.12704	 -0.127277	 0.000252332
176	 -0.054714	 -0.0547268	 0.529934	 0.128708	 -0.128951	 0.000272662
176.02	 -0.0555214	 -0.0555351	 0.527275	 0.130333	 -0.130584	 0.000292747
176.04	 -0.0563117	 -0.0563262	 0.524579	 0.131917	 -0.132174	 0.000312554
176.06	 -0.0570845	 -0.0570998	 0.521849	 0.133457	 -0.133721	 0.000332049
176.08	 -0.0578395	 -0.0578556	 0.519086	 0.134954	 -0.135225	 0.000351202
176.1	 -0.0585765	 -0.0585935	 0.51629	 0.136407	 -0.136685	 0.000369981
176.12	 -0.0592952	 -0.059313	 0.513461	 0.137816	 -0.1381	 0.000388356
176.14	 -0.0599954	 -0.060014	 0.510602	 0.13918	 -0.139472	 0.000406296
176.16	 -0.0606768	 -0.0606963	 0.507712	 0.1405	 -0.140798	 0.000423773
176.18	 -0.0613393	 -0.0613595	 0.504793	 0.141774	 -0.142079	 0.00044076
176.2	 -0.0619825	 -0.0620035	 0.501846	 0.143002	 -0.143315	 0.000457232
176.22	 -0.0626062	 -0.062628	 0.498871	 0.144185	 -0.144505	 0.000473162
176.24	 -0.0632102	 -0.0632329	 0.49587	 0.145322	 -0.145648	 0.000488526
176.26	 -0.0637943	 -0.0638178	 0.492843	 0.146411	 -0.146745	 0.0005033
176.28	 -0.0643583	 -0.0643826	 0.489792	 0.147454	 -0.147795	 0.000517461
176.3	 -0.0649019	 -0.064927	 0.486716	 0.148449	 -0.148798	 0.00053099
176.32	 -0.0654251	 -0.0654509	 0.483619	 0.149397	 -0.149752	 0.000543867
176.34	 -0.0659275	 -0.0659541	 0.480499	 0.150297	 -0.15066	 0.000556075
176.36	 -0.066409	 -0.0664364	 0.477359	 0.151149	 -0.151519	 0.000567597
176.38	 -0.0668694	 -0.0668976	 0.4742	 0.151953	 -0.15233	 0.000578414
176.4	 -0.0673086	 -0.0673375	 0.471021	 0.152708	 -0.153092	 0.000588511
176.42	 -0.0677263	 -0.067756	 0.467825	 0.153415	 -0.153806	 0.000597871
176.44	 -0.0681225	 -0.0681529	 0.464612	 0.154073	 -0.154471	 0.000606479
176.46	 -0.0684969	 -0.0685281	 0.461384	 0.154682	 -0.155087	 0.000614324
176.48	 -0.0688494	 -0.0688813	 0.458141	 0.155242	 -0.155654	 0.000621397
176.5	 -0.0691798	 -0.0692124	 0.454884	 0.155753	 -0.156172	 0.000627688
176.52	 -0.0694881	 -0.0695214	 0.451615	 0.156215	 -0.15664	 0.000633191
176.54	 -0.069774	 -0.0698081	 0.448335	 0.156627	 -0.157059	 0.000637898
176.56	 -0.0700375	 -0.0700722	 0.445044	 0.15699	 -0.157429	 0.000641804
176.58	 -0.0702785	 -0.0703139	 0.441743	 0.157303	 -0.157749	 0.000644904
176.6	 -0.0704967	 -0.0705329	 0.438435	 0.157566	 -0.158019	 0.000647193
176.62	 -0.0706923	 -0.070729	 0.435119	 0.15778	 -0.15824	 0.000648671
176.64	 -0.0708649	 -0.0709024	 0.431796	 0.157945	 -0.15841	 0.000649337
176.66	 -0.0710147	 -0.0710527	 0.428469	 0.158059	 -0.158531	 0.000649193
176.68	 -0.0711414	 -0.07118	 0.425138	 0.158123	 -0.158602	 0.000648242
176.7	 -0.0712449	 -0.0712842	 0.421803	 0.158138	 -0.158623	 0.000646488
176.72	 -0.0713254	 -0.0713653	 0.418467	 0.158104	 -0.158594	 0.000643934
176.74	 -0.0713826	 -0.071423	 0.415129	 0.158019	 -0.158516	 0.000640585
176.76	 -0.0714165	 -0.0714576	 0.411792	 0.157885	 -0.158388	 0.000636447
176.78	 -0.0714272	 -0.0714688	 0.408456	 0.157702	 -0.15821	 0.000631529
176.8	 -0.0714145	 -0.0714566	 0.405122	 0.157469	 -0.157983	 0.00062584
176.82	 -0.0713784	 -0.0714211	 0.401792	 0.157187	 -0.157706	 0.000619395
176.84	 -0.071319	 -0.0713622	 0.398466	 0.156856	 -0.157381	 0.000612206
176.86	 -0.0712362	 -0.0712798	 0.395146	 0.156476	 -0.157006	 0.000604289
176.88	 -0.07113	 -0.0711741	 0.391833	 0.156047	 -0.156582	 0.000595658
176.9	 -0.0710004	 -0.071045	 0.388527	 0.155569	 -0.156109	 0.000586326
176.92	 -0.0708475	 -0.0708925	 0.385229	 0.155043	 -0.155588	 0.000576307
176.94	 -0.0706712	 -0.0707167	 0.381942	 0.154469	 -0.155019	 0.00056562
176.96	 -0.0704716	 -0.0705175	 0.378666	 0.153847	 -0.154401	 0.000554283
176.98	 -0.0702488	 -0.070295	 0.375401	 0.153177	 -0.153736	 0.000542317
177	 -0.0700027	 -0.0700493	 0.37215	 0.15246	 -0.153023	 0.000529743
177.02	 -0.0697334	 -0.0697804	 0.368913	 0.151696	 -0.152262	 0.000516584
177.04	 -0.0694411	 -0.0694883	 0.36569	 0.150884	 -0.151455	 0.000502862
177.06	 -0.0691257	 -0.0691733	 0.362484	 0.150027	 -0.150601	 0.000488601
177.08	 -0.0687874	 -0.0688352	 0.359295	 0.149122	 -0.1497	 0.000473825
177.1	 -0.0684262	 -0.0684743	 0.356125	 0.148172	 -0.148754	 0.000458561
177.12	 -0.0680422	 -0.0680905	 0.352973	 0.147176	 -0.147761	 0.000442837
177.14	 -0.0676356	 -0.0676842	 0.349842	 0.146135	 -0.146723	 0.000426678
177.16	 -0.0672065	 -0.0672552	 0.346733	 0.145049	 -0.145639	 0.000410108
177.18	 -0.0667549	 -0.0668038	 0.343646	 0.143918	 -0.144511	 0.000393151
177.2	 -0.066281	 -0.0663301	 0.340582	 0.142743	 -0.143339	 0.000375832
177.22	 -0.065785	 -0.0658342	 0.337542	 0.141524	 -0.142122	 0.000358175
177.24	 -0.065267	 -0.0653163	 0.334528	 0.140261	 -0.140862	 0.00034021
177.26	 -0.0647271	 -0.0647764	 0.33154	 0.138955	 -0.139558	 0.000321968
177.28	 -0.0641655	 -0.0642149	 0.328579	 0.137607	 -0.138211	 0.00030348
177.3	 -0.0635824	 -0.0636319	 0.325646	 0.136216	 -0.136822	 0.000284775
177.32	 -0.0629779	 -0.0630274	 0.322743	 0.134784	 -0.135391	 0.000265885
177.34	 -0.0623523	 -0.0624018	 0.31987	 0.13331	 -0.133918	 0.000246837
177.36	 -0.0617058	 -0.0617552	 0.317028	 0.131795	 -0.132404	 0.000227665
177.38	 -0.0610385	 -0.0610879	 0.314218	 0.130239	 -0.13085	 0.000208398
177.4	 -0.0603507	 -0.0604	 0.311442	 0.128644	 -0.129256	 0.000189068
177.42	 -0.0596426	 -0.0596918	 0.308699	 0.12701	 -0.127622	 0.000169706
177.44	 -0.0589144	 -0.0589635	 0.305991	 0.125336	 -0.125949	 0.000150341
177.46	 -0.0581663	 -0.0582153	 0.303318	 0.123625	 -0.124237	 0.000131001
177.48	 -0.0573987	 -0.0574475	 0.300683	 0.121875	 -0.122487	 0.000111717
177.5	 -0.0566117	 -0.0566603	 0.298084	 0.120088	 -0.1207	 9.25169e-05
177.52	 -0.0558055	 -0.0558539	 0.295524	 0.118264	 -0.118876	 7.34317e-05
177.54	 -0.0549806	 -0.0550287	 0.293004	 0.116404	 -0.117016	 5.44892e-05
177.56	 -0.054137	 -0.0541849	 0.290523	 0.114509	 -0.115119	 3.57161e-05
177.58	 -0.0532752	 -0.0533228	 0.288083	 0.112578	 -0.113188	 1.71384e-05
177.6	 -0.0523953	 -0.0524427	 0.285685	 0.110613	 -0.111221	 -1.21774e-06
177.62	 -0.0514977	 -0.0515448	 0.283329	 0.108614	 -0.109221	 -1.93252e-05
177.64	 -0.0505828	 -0.0506294	 0.281016	 0.106582	 -0.107187	 -3.71563e-05
177.66	 -0.0496507	 -0.049697	 0.278748	 0.104517	 -0.105121	 -5.46839e-05
177.68	 -0.0487018	 -0.0487477	 0.276524	 0.10242	 -0.103022	 -7.18823e-05
177.7	 -0.0477364	 -0.047782	 0.274346	 0.100292	 -0.100892	 -8.87274e-05
177.72	 -0.0467549	 -0.0468001	 0.272214	 0.0981332	 -0.0987311	 -0.000105196
177.74	 -0.0457577	 -0.0458023	 0.270129	 0.0959444	 -0.09654	 -0.000121267
177.76	 -0.0447449	 -0.0447891	 0.268092	 0.0937262	 -0.0943193	 -0.000136919
177.78	 -0.043717	 -0.0437608	 0.266103	 0.0914794	 -0.0920698	 -0.00015213
177.8	 -0.0426744	 -0.0427177	 0.264163	 0.0892045	 -0.0897921	 -0.000166883
177.82	 -0.0416174	 -0.0416601	 0.262273	 0.0869023	 -0.0874869	 -0.00018116
177.84	 -0.0405463	 -0.0405885	 0.260433	 0.0845734	 -0.0851549	 -0.000194943
177.86	 -0.0394615	 -0.0395032	 0.258644	 0.0822185	 -0.0827966	 -0.000208217
177.88	 -0.0383634	 -0.0384045	 0.256906	 0.0798383	 -0.080413	 -0.000220963
177.9	 -0.0372523	 -0.0372929	 0.255221	 0.0774336	 -0.0780047	 -0.000233168
177.92	 -0.0361288	 -0.0361687	 0.253588	 0.075005	 -0.0755724	 -0.000244819
177.94	 -0.034993	 -0.0350324	 0.252008	 0.0725534	 -0.0731169	 -0.000255902
177.96	 -0.0338455	 -0.0338842	 0.250482	 0.0700793	 -0.0706387	 -0.00026641
177.98	 -0.0326866	 -0.0327247	 0.249011	 0.0675834	 -0.0681387	 -0.00027633
178	 -0.0315168	 -0.0315541	 0.247594	 0.0650665	 -0.0656175	 -0.000285656
178.02	 -0.0303363	 -0.030373	 0.246232	 0.0625292	 -0.0630759	 -0.000294376
178.04	 -0.0291457	 -0.0291817	 0.244926	 0.0599725	 -0.0605146	 -0.000302483
178.06	 -0.0279453	 -0.0279806	 0.243677	 0.0573969	 -0.0579344	 -0.00030997
178.08	 -0.0267356	 -0.0267702	 0.242483	 0.0548032	 -0.055336	 -0.000316831
178.1	 -0.025517	 -0.0255509	 0.241347	 0.0521923	 -0.0527202	 -0.000323062
178.12	 -0.0242899	 -0.024323	 0.240268	 0.0495649	 -0.0500878	 -0.000328657
178.14	 -0.0230547	 -0.0230871	 0.239247	 0.0469217	 -0.0474395	 -0.000333615
178.16	 -0.0218119	 -0.0218436	 0.238284	 0.0442636	 -0.0447762	 -0.000337933
178.18	 -0.020562	 -0.0205928	 0.237379	 0.0415913	 -0.0420986	 -0.000341612
178.2	 -0.0193052	 -0.0193353	 0.236534	 0.0389055	 -0.0394075	 -0.000344653
178.22	 -0.0180421	 -0.0180714	 0.235747	 0.0362071	 -0.0367036	 -0.000347057
178.24	 -0.0167731	 -0.0168016	 0.235019	 0.0334967	 -0.0339878	 -0.000348826
178.26	 -0.0154986	 -0.0155263	 0.234351	 0.0307753	 -0.0312608	 -0.000349965
178.28	 -0.0142191	 -0.014246	 0.233743	 0.0280436	 -0.0285234	 -0.000350476
178.3	 -0.0129351	 -0.0129611	 0.233194	 0.0253024	 -0.0257765	 -0.000350365
178.32	 -0.0116469	 -0.0116721	 0.232706	 0.0225525	 -0.0230207	 -0.00034964
178.34	 -0.010355	 -0.0103794	 0.232279	 0.0197947	 -0.0202571	 -0.000348307
178.36	 -0.00905986	 -0.00908343	 0.231911	 0.0170297	 -0.0174862	 -0.000346374
178.38	 -0.00776193	 -0.00778465	 0.231605	 0.0142585	 -0.014709	 -0.000343849
178.4	 -0.00646166	 -0.00648352	 0.231359	 0.0114819	 -0.0119264	 -0.000340739
178.42	 -0.00515949	 -0.00518049	 0.231174	 0.00870065	 -0.00913916	 -0.000337053
178.44	 -0.00385587	 -0.00387602	 0.23105	 0.00591571	 -0.00634817	 -0.0003328
178.46	 -0.00255126	 -0.00257054	 0.230987	 0.00312787	 -0.00355424	 -0.000327993
178.48	 -0.0012461	 -0.00126451	 0.230985	 0.00033791	 -0.000758167	 -0.000322647
178.5	 5.91642e-05	 4.16307e-05	 0.231044	 -0.00245337	 0.00203924	 -0.000316775
178.52	 0.00136409	 0.00134743	 0.231164	 -0.00524515	 0.00483717	 -0.000310391
178.54	 0.00266822	 0.00265243	 0.231346	 -0.0080366	 0.00763476	 -0.000303509
178.56	 0.00397111	 0.0039562	 0.231588	 -0.0108269	 0.0104312	 -0.000296143
178.58	 0.00527231	 0.00525828	 0.231891	 -0.0136151	 0.0132256	 -0.000288308
178.6	 0.00657136	 0.00655821	 0.232255	 -0.0164005	 0.0160171	 -0.000280019
178.62	 0.00786783	 0.00785555	 0.232679	 -0.0191822	 0.018805	 -0.000271295
178.64	 0.00916127	 0.00914987	 0.233164	 -0.0219594	 0.0215884	 -0.000262152
178.66	 0.0104512	 0.0104407	 0.233709	 -0.0247314	 0.0243664	 -0.000252609
178.68	 0.0117373	 0.0117276	 0.234315	 -0.0274972	 0.0271383	 -0.000242683
178.7	 0.013019	 0.0130102	 0.23498	 -0.0302561	 0.0299033	 -0.000232391
178.72	 0.014296	 0.014288	 0.235706	 -0.0330071	 0.0326604	 -0.000221752
178.74	 0.0155677	 0.0155606	 0.236491	 -0.0357496	 0.0354089	 -0.000210783
178.76	 0.0168338	 0.0168276	 0.237335	 -0.0384827	 0.038148	 -0.000199505
178.78	 0.0180938	 0.0180884	 0.238238	 -0.0412056	 0.0408769	 -0.000187937
178.8	 0.0193474	 0.0193428	 0.2392	 -0.0439174	 0.0435947	 -0.000176096
178.82	 0.020594	 0.0205903	 0.240221	 -0.0466174	 0.0463006	 -0.000164
178.84	 0.0218333	 0.0218304	 0.241299	 -0.0493047	 0.0489937	 -0.000151667
178.86	 0.0230649	 0.0230628	 0.242436	 -0.0519784	 0.0516732	 -0.000139114
178.88	 0.0242883	 0.024287	 0.24363	 -0.0546378	 0.0543383	 -0.000126359
178.9	 0.0255031	 0.0255026	 0.24488	 -0.057282	 0.0569882	 -0.000113424
178.92	 0.026709	 0.0267093	 0.246188	 -0.0599102	 0.059622	 -0.000100327
178.94	 0.0279055	 0.0279066	 0.247552	 -0.0625217	 0.062239	 -8.70877e-05
178.96	 0.0290922	 0.0290941	 0.248971	 -0.0651157	 0.0648385	 -7.37265e-05
178.98	 0.0302688	 0.0302714	 0.250446	 -0.0676915	 0.0674197	 -6.02627e-05
179	 0.0314348	 0.0314382	 0.251975	 -0.0702482	 0.0699818	 -4.67167e-05
179.02	 0.0325899	 0.032594	 0.253559	 -0.0727852	 0.072524	 -3.31097e-05
179.04	 0.0337337	 0.0337385	 0.255196	 -0.0753017	 0.0750456	 -1.94627e-05
179.06	 0.0348658	 0.0348713	 0.256886	 -0.0777968	 0.0775459	 -5.79654e-06
179.08	 0.0359858	 0.035992	 0.258629	 -0.0802699	 0.080024	 7.86869e-06
179.1	 0.0370934	 0.0371003	 0.260423	 -0.0827201	 0.0824791	 2.15132e-05
179.12	 0.0381881	 0.0381957	 0.262269	 -0.0851467	 0.0849105	 3.51172e-05
179.14	 0.0392698	 0.039278	 0.264165	 -0.0875489	 0.0873175	 4.86608e-05
179.16	 0.0403379	 0.0403468	 0.266111	 -0.089926	 0.0896993	 6.21246e-05
179.18	 0.0413922	 0.0414017	 0.268106	 -0.0922773	 0.0920551	 7.54908e-05
179.2	 0.0424323	 0.0424423	 0.270149	 -0.0946019	 0.0943842	 8.87434e-05
179.22	 0.0434579	 0.0434685	 0.272241	 -0.0968992	 0.0966859	 0.000101867
179.24	 0.0444686	 0.0444798	 0.274379	 -0.0991683	 0.0989593	 0.000114849
179.26	 0.0454642	 0.0454759	 0.276564	 -0.101409	 0.101204	 0.000127672
179.28	 0.0464443	 0.0464565	 0.278794	 -0.103619	 0.103419	 0.000140322
179.3	 0.0474086	 0.0474213	 0.281069	 -0.1058	 0.105603	 0.000152785
179.32	 0.0483568	 0.04837	 0.283389	 -0.107949	 0.107757	 0.000165049
179.34	 0.0492886	 0.0493022	 0.285751	 -0.110067	 0.109878	 0.000177099
179.36	 0.0502037	 0.0502177	 0.288156	 -0.112153	 0.111968	 0.000188927
179.38	 0.0511019	 0.0511163	 0.290603	 -0.114206	 0.114024	 0.000200519
179.4	 0.0519828	 0.0519975	 0.293091	 -0.116225	 0.116047	 0.000211863
179.42	 0.0528462	 0.0528612	 0.295619	 -0.118209	 0.118035	 0.000222946
179.44	 0.0536918	 0.0537071	 0.298186	 -0.120159	 0.119988	 0.000233758
179.46	 0.0545193	 0.054535	 0.300791	 -0.122073	 0.121905	 0.000244287
179.48	 0.0553285	 0.0553445	 0.303434	 -0.12395	 0.123785	 0.000254523
179.5	 0.0561192	 0.0561354	 0.306113	 -0.12579	 0.125628	 0.000264458
179.52	 0.0568911	 0.0569075	 0.308828	 -0.127592	 0.127434	 0.000274083
179.54	 0.0576439	 0.0576605	 0.311578	 -0.129356	 0.1292	 0.00028339
179.56	 0.0583775	 0.0583942	 0.314361	 -0.131081	 0.130928	 0.000292374
179.58	 0.0590916	 0.0591085	 0.317178	 -0.132767	 0.132616	 0.00030103
179.6	 0.059786	 0.059803	 0.320027	 -0.134412	 0.134264	 0.000309356
179.62	 0.0604605	 0.0604776	 0.322906	 -0.136016	 0.135871	 0.000317348
179.64	 0.0611149	 0.0611321	 0.325816	 -0.137579	 0.137436	 0.000325004
179.66	 0.061749	 0.0617663	 0.328756	 -0.1391	 0.138959	 0.000332319
179.68	 0.0623627	 0.06238	 0.331724	 -0.140578	 0.140439	 0.000339289
179.7	 0.0629557	 0.062973	 0.334719	 -0.142014	 0.141876	 0.000345912
179.72	 0.0635279	 0.0635451	 0.33774	 -0.143405	 0.14327	 0.000352184
179.74	 0.064079	 0.0640963	 0.340787	 -0.144752	 0.144618	 0.000358105
179.76	 0.064609	 0.0646262	 0.343858	 -0.146054	 0.145922	 0.000363677
179.78	 0.0651177	 0.0651349	 0.346953	 -0.147311	 0.147181	 0.000368898
179.8	 0.065605	 0.0656221	 0.35007	 -0.148522	 0.148393	 0.00037377
179.82	 0.0660707	 0.0660877	 0.353208	 -0.149687	 0.149559	 0.000378295
179.84	 0.0665147	 0.0665315	 0.356366	 -0.150805	 0.150678	 0.000382477
179.86	 0.0669369	 0.0669536	 0.359544	 -0.151876	 0.15175	 0.000386321
179.88	 0.0673371	 0.0673537	 0.36274	 -0.152898	 0.152773	 0.00038983
179.9	 0.0677153	 0.0677317	 0.365953	 -0.153873	 0.153748	 0.00039301
179.92	 0.0680714	 0.0680876	 0.369182	 -0.154798	 0.154674	 0.000395865
179.94	 0.0684053	 0.0684213	 0.372427	 -0.155674	 0.155551	 0.000398399
179.96	 0.0687169	 0.0687326	 0.375685	 -0.156501	 0.156378	 0.000400616
179.98	 0.0690061	 0.0690216	 0.378956	 -0.157277	 0.157155	 0.00040252
180	 0.0692729	 0.0692881	 0.382239	 -0.158004	 0.157881	 0.000404118
180.02	 0.0695172	 0.0695321	 0.385532	 -0.158679	 0.158557	 0.000405417
180.04	 0.0697389	 0.0697535	 0.388836	 -0.159303	 0.159181	 0.000406423
180.06	 0.0699381	 0.0699524	 0.392147	 -0.159876	 0.159753	 0.000407141
180.08	 0.0701148	 0.0701287	 0.395466	 -0.160396	 0.160274	 0.000407578
180.1	 0.0702688	 0.0702824	 0.398792	 -0.160865	 0.160742	 0.000407739
180.12	 0.0704001	 0.0704133	 0.402123	 -0.161281	 0.161158	 0.000407628
180.14	 0.0705088	 0.0705216	 0.405458	 -0.161644	 0.161521	 0.000407251
180.16	 0.0705949	 0.0706073	 0.408796	 -0.161955	 0.161831	 0.000406611
180.18	 0.0706582	 0.0706702	 0.412136	 -0.162213	 0.162087	 0.000405714
180.2	 0.0706989	 0.0707105	 0.415477	 -0.162417	 0.162291	 0.000404563
180.22	 0.070717	 0.0707281	 0.418818	 -0.162568	 0.162441	 0.000403165
180.24	 0.0707125	 0.0707231	 0.422158	 -0.162666	 0.162538	 0.000401524
180.26	 0.0706854	 0.0706955	 0.425495	 -0.16271	 0.162581	 0.000399647
180.28	 0.0706357	 0.0706454	 0.42883	 -0.1627	 0.16257	 0.000397542
180.3	 0.0705636	 0.0705727	 0.432159	 -0.162636	 0.162505	 0.000395215
180.32	 0.070469	 0.0704776	 0.435484	 -0.162519	 0.162386	 0.000392672
180.34	 0.0703519	 0.0703601	 0.438801	 -0.162347	 0.162213	 0.000389919
180.36	 0.0702126	 0.0702202	 0.442112	 -0.162121	 0.161986	 0.000386963
180.38	 0.070051	 0.070058	 0.445413	 -0.161841	 0.161704	 0.000383808
180.4	 0.0698672	 0.0698737	 0.448705	 -0.161507	 0.161368	 0.000380461
180.42	 0.0696613	 0.0696672	 0.451986	 -0.161118	 0.160978	 0.000376928
180.44	 0.0694333	 0.0694387	 0.455255	 -0.160675	 0.160533	 0.000373216
180.46	 0.0691835	 0.0691883	 0.458511	 -0.160178	 0.160034	 0.000369329
180.48	 0.0689118	 0.068916	 0.461753	 -0.159626	 0.15948	 0.000365273
180.5	 0.0686184	 0.068622	 0.464981	 -0.159021	 0.158873	 0.00036105
180.52	 0.0683035	 0.0683065	 0.468192	 -0.158361	 0.158211	 0.000356666
180.54	 0.067967	 0.0679695	 0.471387	 -0.157647	 0.157495	 0.000352125
180.56	 0.0676093	 0.0676111	 0.474563	 -0.15688	 0.156725	 0.000347433
180.58	 0.0672304	 0.0672316	 0.477721	 -0.156058	 0.155902	 0.000342596
180.6	 0.0668304	 0.066831	 0.480859	 -0.155184	 0.155025	 0.000337619
180.62	 0.0664096	 0.0664095	 0.483975	 -0.154256	 0.154094	 0.000332504
180.64	 0.065968	 0.0659674	 0.48707	 -0.153274	 0.153111	 0.000327254
180.66	 0.0655059	 0.0655046	 0.490142	 -0.15224	 0.152074	 0.000321871
180.68	 0.0650233	 0.0650214	 0.49319	 -0.151154	 0.150985	 0.000316357
180.7	 0.0645206	 0.0645181	 0.496213	 -0.150015	 0.149844	 0.000310716
180.72	 0.0639978	 0.0639946	 0.499211	 -0.148825	 0.148651	 0.000304954
180.74	 0.0634551	 0.0634513	 0.502182	 -0.147583	 0.147407	 0.000299074
180.76	 0.0628928	 0.0628884	 0.505125	 -0.14629	 0.146111	 0.00029308
180.78	 0.062311	 0.0623059	 0.508039	 -0.144946	 0.144764	 0.000286976
180.8	 0.0617099	 0.0617043	 0.510924	 -0.143551	 0.143367	 0.000280764
180.82	 0.0610898	 0.0610835	 0.513779	 -0.142106	 0.14192	 0.000274447
180.84	 0.0604508	 0.0604439	 0.516602	 -0.140612	 0.140423	 0.000268025
180.86	 0.0597933	 0.0597857	 0.519393	 -0.139069	 0.138877	 0.000261502
180.88	 0.0591173	 0.0591091	 0.522152	 -0.137477	 0.137283	 0.000254877
180.9	 0.0584231	 0.0584143	 0.524876	 -0.135837	 0.13564	 0.000248151
180.92	 0.0577109	 0.0577016	 0.527565	 -0.13415	 0.13395	 0.000241324
180.94	 0.0569811	 0.0569711	 0.530219	 -0.132415	 0.132213	 0.000234397
180.96	 0.0562338	 0.0562232	 0.532837	 -0.130634	 0.130429	 0.000227371
180.98	 0.0554692	 0.055458	 0.535418	 -0.128807	 0.128599	 0.000220252
181	 0.0546877	 0.0546759	 0.53796	 -0.126935	 0.126724	 0.000213044
181.02	 0.0538894	 0.0538771	 0.540464	 -0.125018	 0.124805	 0.00020575
181.04	 0.0530747	 0.0530618	 0.542928	 -0.123057	 0.122841	 0.000198374
181.06	 0.0522438	 0.0522304	 0.545352	 -0.121053	 0.120835	 0.000190917
181.08	 0.051397	 0.051383	 0.547735	 -0.119006	 0.118785	 0.000183383
181.1	 0.0505346	 0.05052	 0.550076	 -0.116918	 0.116694	 0.000175771
181.12	 0.0496567	 0.0496416	 0.552374	 -0.114788	 0.114562	 0.000168084
181.14	 0.0487638	 0.0487481	 0.554629	 -0.112618	 0.112389	 0.000160325
181.16	 0.047856	 0.0478399	 0.556841	 -0.110408	 0.110177	 0.000152495
181.18	 0.0469337	 0.046917	 0.559007	 -0.108159	 0.107925	 0.000144597
181.2	 0.0459971	 0.04598	 0.561128	 -0.105872	 0.105636	 0.000136633
181.22	 0.0450466	 0.045029	 0.563204	 -0.103548	 0.10331	 0.000128605
181.24	 0.0440825	 0.0440644	 0.565232	 -0.101187	 0.100947	 0.000120518
181.26	 0.043105	 0.0430864	 0.567214	 -0.0987912	 0.0985482	 0.000112375
181.28	 0.0421144	 0.0420954	 0.569148	 -0.0963604	 0.0961151	 0.000104182
181.3	 0.0411111	 0.0410917	 0.571033	 -0.0938958	 0.0936482	 9.59428e-05
181.32	 0.0400954	 0.0400756	 0.572869	 -0.0913983	 0.0911486	 8.76615e-05
181.34	 0.0390676	 0.0390474	 0.574656	 -0.0888689	 0.088617	 7.93416e-05
181.36	 0.0380281	 0.0380074	 0.576393	 -0.0863085	 0.0860546	 7.09872e-05
181.38	 0.0369771	 0.036956	 0.578079	 -0.0837181	 0.0834621	 6.26031e-05
181.4	 0.0359149	 0.0358936	 0.579714	 -0.0810985	 0.0808406	 5.41948e-05
181.42	 0.034842	 0.0348203	 0.581297	 -0.0784508	 0.078191	 4.57681e-05
181.44	 0.0337586	 0.0337366	 0.582828	 -0.0757758	 0.0755142	 3.73286e-05
181.46	 0.0326651	 0.0326427	 0.584307	 -0.0730746	 0.0728112	 2.88814e-05
181.48	 0.0315618	 0.0315391	 0.585732	 -0.0703482	 0.0700831	 2.04311e-05
181.5	 0.030449	 0.0304261	 0.587104	 -0.0675974	 0.0673307	 1.19821e-05
181.52	 0.0293271	 0.0293039	 0.588422	 -0.0648234	 0.0645551	 3.53891e-06
181.54	 0.0281965	 0.0281729	 0.589685	 -0.0620272	 0.0617574	 -4.893e-06
181.56	 0.0270574	 0.0270336	 0.590894	 -0.0592097	 0.0589385	 -1.33076e-05
181.58	 0.0259101	 0.0258861	 0.592047	 -0.0563721	 0.0560995	 -2.16982e-05
181.6	 0.0247552	 0.0247309	 0.593146	 -0.0535153	 0.0532414	 -3.00572e-05
181.62	 0.0235928	 0.0235683	 0.594188	 -0.0506404	 0.0503654	 -3.83763e-05
181.64	 0.0224233	 0.0223987	 0.595174	 -0.0477486	 0.0474724	 -4.66461e-05
181.66	 0.0212471	 0.0212223	 0.596104	 -0.0448407	 0.0445635	 -5.48564e-05
181.68	 0.0200646	 0.0200396	 0.596977	 -0.0419179	 0.0416397	 -6.2996e-05
181.7	 0.018876	 0.0188509	 0.597793	 -0.0389812	 0.0387021	 -7.10535e-05
181.72	 0.0176818	 0.0176565	 0.598552	 -0.0360317	 0.0357518	 -7.90171e-05
181.74	 0.0164823	 0.0164569	 0.599254	 -0.0330705	 0.0327898	 -8.68749e-05
181.76	 0.0152778	 0.0152523	 0.599897	 -0.0300986	 0.0298173	 -9.46145e-05
181.78	 0.0140688	 0.0140431	 0.600483	 -0.0271172	 0.0268352	 -0.000102223
181.8	 0.0128555	 0.0128297	 0.601011	 -0.0241272	 0.0238447	 -0.000109688
181.82	 0.0116383	 0.0116125	 0.60148	 -0.0211298	 0.0208468	 -0.000116995
181.84	 0.0104176	 0.0103917	 0.601891	 -0.018126	 0.0178427	 -0.000124132
181.86	 0.0091937	 0.00916779	 0.602243	 -0.015117	 0.0148334	 -0.000131086
181.88	 0.00796703	 0.00794109	 0.602537	 -0.0121039	 0.01182	 -0.000137844
181.9	 0.00673793	 0.00671198	 0.602771	 -0.0090878	 0.00880377	 -0.000144393
181.92	 0.00550675	 0.0054808	 0.602947	 -0.00606982	 0.00578568	 -0.000150721
181.94	 0.00427386	 0.00424791	 0.603064	 -0.00305103	 0.00276684	 -0.000156817
181.96	 0.0030396	 0.00301369	 0.603121	 -3.24963e-05	 -0.000251675	 -0.000162667
181.98	 0.00180435	 0.00177847	 0.60312	 0.00298469	 -0.00326878	 -0.000168263
182	 0.000568457	 0.000542636	 0.60306	 0.00599944	 -0.00628339	 -0.000173592
182.02	 -0.000667713	 -0.000693464	 0.60294	 0.00901066	 -0.00929441	 -0.000178645
182.04	 -0.00190379	 -0.00192946	 0.602762	 0.0120173	 -0.0123008	 -0.000183411
182.06	 -0.00313942	 -0.003165	 0.602524	 0.0150182	 -0.0153014	 -0.000187879
182.08	 -0.00437423	 -0.0043997	 0.602228	 0.0180125	 -0.0182953	 -0.000192035
182.1	 -0.00560786	 -0.00563321	 0.601873	 0.0209992	 -0.0212815	 -0.000195868
182.12	 -0.00683994	 -0.00686517	 0.601459	 0.0239771	 -0.0242589	 -0.000199366
182.14	 -0.00807012	 -0.0080952	 0.600987	 0.0269454	 -0.0272266	 -0.000202514
182.16	 -0.00929802	 -0.00932296	 0.600456	 0.0299029	 -0.0301836	 -0.000205302
182.18	 -0.0105233	 -0.0105481	 0.599866	 0.0328488	 -0.0331288	 -0.000207718
182.2	 -0.0117456	 -0.0117702	 0.599219	 0.035782	 -0.0360613	 -0.000209751
182.22	 -0.0129645	 -0.012989	 0.598514	 0.0387015	 -0.03898	 -0.000211391
182.24	 -0.0141797	 -0.014204	 0.597751	 0.0416064	 -0.0418841	 -0.000212628
182.26	 -0.0153909	 -0.0154149	 0.596931	 0.0444956	 -0.0447726	 -0.000213452
182.28	 -0.0165976	 -0.0166214	 0.596053	 0.0473682	 -0.0476443	 -0.000213855
182.3	 -0.0177995	 -0.0178231	 0.595119	 0.0502232	 -0.0504983	 -0.00021383
182.32	 -0.0189962	 -0.0190197	 0.594128	 0.0530594	 -0.0533336	 -0.000213368
182.34	 -0.0201874	 -0.0202107	 0.593081	 0.0558758	 -0.0561491	 -0.000212463
182.36	 -0.0213728	 -0.0213958	 0.591977	 0.0586714	 -0.0589438	 -0.00021111
182.38	 -0.0225519	 -0.0225747	 0.590819	 0.0614453	 -0.0617166	 -0.000209304
182.4	 -0.0237245	 -0.023747	 0.589604	 0.0641964	 -0.0644667	 -0.00020704
182.42	 -0.0248901	 -0.0249124	 0.588335	 0.0669238	 -0.0671931	 -0.000204314
182.44	 -0.0260485	 -0.0260704	 0.587012	 0.0696265	 -0.0698948	 -0.000201125
182.46	 -0.0271992	 -0.0272209	 0.585634	 0.0723036	 -0.0725709	 -0.000197468
182.48	 -0.028342	 -0.0283634	 0.584202	 0.0749542	 -0.0752204	 -0.000193342
182.5	 -0.0294765	 -0.0294976	 0.582718	 0.0775773	 -0.0778425	 -0.000188743
182.52	 -0.0306023	 -0.0306231	 0.58118	 0.0801722	 -0.0804363	 -0.000183668
182.54	 -0.0317191	 -0.0317396	 0.579591	 0.082738	 -0.0830012	 -0.000178116
182.56	 -0.0328267	 -0.0328469	 0.577949	 0.085274	 -0.0855361	 -0.000172085
182.58	 -0.0339245	 -0.0339444	 0.576256	 0.0877793	 -0.0880404	 -0.000165575
182.6	 -0.0350124	 -0.0350319	 0.574513	 0.0902533	 -0.0905134	 -0.000158586
182.62	 -0.0360899	 -0.0361092	 0.572719	 0.0926951	 -0.0929542	 -0.000151121
182.64	 -0.0371568	 -0.0371757	 0.570875	 0.095104	 -0.0953621	 -0.000143182
182.66	 -0.0382127	 -0.0382313	 0.568983	 0.0974793	 -0.0977365	 -0.000134772
182.68	 -0.0392573	 -0.0392755	 0.567042	 0.0998203	 -0.100077	 -0.000125898
182.7	 -0.0402902	 -0.0403081	 0.565053	 0.102126	 -0.102381	 -0.000116567
182.72	 -0.0413111	 -0.0413287	 0.563016	 0.104396	 -0.10465	 -0.000106787
182.74	 -0.0423198	 -0.042337	 0.560933	 0.106629	 -0.106883	 -9.65694e-05
182.76	 -0.0433158	 -0.0433327	 0.558805	 0.108825	 -0.109077	 -8.59234e-05
182.78	 -0.0442989	 -0.0443154	 0.55663	 0.110982	 -0.111234	 -7.48599e-05
182.8	 -0.0452687	 -0.0452849	 0.554412	 0.113101	 -0.113352	 -6.33899e-05
182.82	 -0.046225	 -0.0462409	 0.552149	 0.11518	 -0.11543	 -5.15251e-05
182.84	 -0.0471674	 -0.047183	 0.549843	 0.117218	 -0.117468	 -3.9278e-05
182.86	 -0.0480956	 -0.0481109	 0.547495	 0.119216	 -0.119465	 -2.6661e-05
182.88	 -0.0490094	 -0.0490243	 0.545105	 0.121173	 -0.121421	 -1.36865e-05
182.9	 -0.0499085	 -0.0499231	 0.542673	 0.123087	 -0.123335	 -3.66658e-07
182.92	 -0.0507926	 -0.0508068	 0.540202	 0.124959	 -0.125207	 1.32853e-05
182.94	 -0.0516613	 -0.0516752	 0.537691	 0.126789	 -0.127036	 2.72542e-05
182.96	 -0.0525144	 -0.052528	 0.535141	 0.128574	 -0.128821	 4.15223e-05
182.98	 -0.0533517	 -0.053365	 0.532554	 0.130316	 -0.130563	 5.60696e-05
183	 -0.0541728	 -0.0541858	 0.529929	 0.132013	 -0.13226	 7.08746e-05
183.02	 -0.0549774	 -0.0549901	 0.527268	 0.133666	 -0.133912	 8.59154e-05
183.04	 -0.0557654	 -0.0557777	 0.524571	 0.135272	 -0.135519	 0.00010117
183.06	 -0.0565363	 -0.0565484	 0.52184	 0.136833	 -0.137079	 0.000116617
183.08	 -0.05729	 -0.0573018	 0.519075	 0.138347	 -0.138594	 0.000132234
183.1	 -0.0580262	 -0.0580377	 0.516278	 0.139815	 -0.140061	 0.000147996
183.12	 -0.0587446	 -0.0587558	 0.513448	 0.141235	 -0.141481	 0.00016388
183.14	 -0.059445	 -0.059456	 0.510588	 0.142607	 -0.142854	 0.00017986
183.16	 -0.0601272	 -0.0601378	 0.507697	 0.143932	 -0.144179	 0.000195913
183.18	 -0.0607908	 -0.0608012	 0.504777	 0.145208	 -0.145455	 0.000212015
183.2	 -0.0614357	 -0.0614459	 0.501829	 0.146435	 -0.146683	 0.000228142
183.22	 -0.0620617	 -0.0620716	 0.498853	 0.147614	 -0.147862	 0.000244269
183.24	 -0.0626684	 -0.0626781	 0.495851	 0.148743	 -0.148992	 0.000260369
183.26	 -0.0632557	 -0.0632652	 0.492823	 0.149822	 -0.150072	 0.000276417
183.28	 -0.0638234	 -0.0638327	 0.489771	 0.150851	 -0.151102	 0.000292387
183.3	 -0.0643713	 -0.0643803	 0.486695	 0.15183	 -0.152082	 0.000308254
183.32	 -0.0648991	 -0.0649079	 0.483596	 0.152758	 -0.153011	 0.000323994
183.34	 -0.0654066	 -0.0654153	 0.480476	 0.153636	 -0.153889	 0.000339582
183.36	 -0.0658937	 -0.0659023	 0.477335	 0.154462	 -0.154717	 0.000354993
183.38	 -0.0663603	 -0.0663686	 0.474175	 0.155237	 -0.155493	 0.000370199
183.4	 -0.066806	 -0.0668142	 0.470996	 0.155961	 -0.156218	 0.000385173
183.42	 -0.0672307	 -0.0672388	 0.467799	 0.156634	 -0.156892	 0.000399888
183.44	 -0.0676343	 -0.0676422	 0.464586	 0.157254	 -0.157514	 0.000414315
183.46	 -0.0680166	 -0.0680244	 0.461357	 0.157823	 -0.158085	 0.00042843
183.48	 -0.0683773	 -0.0683851	 0.458114	 0.15834	 -0.158603	 0.000442207
183.5	 -0.0687165	 -0.0687242	 0.454857	 0.158805	 -0.15907	 0.000455623
183.52	 -0.0690339	 -0.0690415	 0.451588	 0.159218	 -0.159484	 0.000468654
183.54	 -0.0693293	 -0.0693369	 0.448307	 0.159579	 -0.159847	 0.000481274
183.56	 -0.0696028	 -0.0696103	 0.445016	 0.159887	 -0.160158	 0.000493461
183.58	 -0.069854	 -0.0698615	 0.441715	 0.160144	 -0.160416	 0.000505188
183.6	 -0.070083	 -0.0700905	 0.438407	 0.160348	 -0.160623	 0.000516432
183.62	 -0.0702896	 -0.0702971	 0.435091	 0.1605	 -0.160777	 0.000527171
183.64	 -0.0704736	 -0.0704812	 0.431769	 0.1606	 -0.160879	 0.000537383
183.66	 -0.0706351	 -0.0706426	 0.428441	 0.160648	 -0.160929	 0.000547047
183.68	 -0.0707738	 -0.0707814	 0.42511	 0.160643	 -0.160927	 0.000556145
183.7	 -0.0708898	 -0.0708975	 0.421776	 0.160587	 -0.160873	 0.000564654
183.72	 -0.0709829	 -0.0709907	 0.41844	 0.160479	 -0.160767	 0.000572556
183.74	 -0.071053	 -0.0710609	 0.415103	 0.160318	 -0.16061	 0.000579831
183.76	 -0.0711002	 -0.0711083	 0.411766	 0.160107	 -0.160401	 0.000586459
183.78	 -0.0711244	 -0.0711326	 0.408431	 0.159843	 -0.16014	 0.000592423
183.8	 -0.0711255	 -0.0711338	 0.405098	 0.159529	 -0.159829	 0.00059771
183.82	 -0.0711034	 -0.0711119	 0.401768	 0.159163	 -0.159466	 0.000602306
183.84	 -0.0710583	 -0.0710669	 0.398443	 0.158746	 -0.159052	 0.000606201
183.86	 -0.0709899	 -0.0709987	 0.395123	 0.158279	 -0.158588	 0.000609383
183.88	 -0.0708984	 -0.0709074	 0.391811	 0.157761	 -0.158073	 0.000611841
183.9	 -0.0707836	 -0.0707929	 0.388505	 0.157193	 -0.157509	 0.000613564
183.92	 -0.0706457	 -0.0706552	 0.385209	 0.156575	 -0.156894	 0.00061454
183.94	 -0.0704846	 -0.0704944	 0.381923	 0.155907	 -0.15623	 0.000614761
183.96	 -0.0703004	 -0.0703104	 0.378647	 0.15519	 -0.155516	 0.000614222
183.98	 -0.070093	 -0.0701033	 0.375384	 0.154425	 -0.154754	 0.000612918
184	 -0.0698625	 -0.0698731	 0.372133	 0.15361	 -0.153943	 0.000610845
184.02	 -0.0696089	 -0.0696198	 0.368897	 0.152748	 -0.153084	 0.000608004
184.04	 -0.0693324	 -0.0693436	 0.365676	 0.151837	 -0.152177	 0.00060439
184.06	 -0.0690328	 -0.0690443	 0.362471	 0.150879	 -0.151223	 0.000600006
184.08	 -0.0687104	 -0.0687223	 0.359283	 0.149874	 -0.150221	 0.000594853
184.1	 -0.0683652	 -0.0683774	 0.356114	 0.148822	 -0.149173	 0.000588936
184.12	 -0.0679972	 -0.0680098	 0.352964	 0.147724	 -0.148079	 0.000582261
184.14	 -0.0676066	 -0.0676195	 0.349834	 0.14658	 -0.146939	 0.000574834
184.16	 -0.0671935	 -0.0672068	 0.346725	 0.145391	 -0.145753	 0.000566658
184.18	 -0.0667579	 -0.0667716	 0.343639	 0.144156	 -0.144523	 0.000557738
184.2	 -0.0663001	 -0.0663141	 0.340577	 0.142877	 -0.143248	 0.000548078
184.22	 -0.06582	 -0.0658344	 0.337538	 0.141554	 -0.141928	 0.000537689
184.24	 -0.0653179	 -0.0653327	 0.334525	 0.140187	 -0.140566	 0.000526581
184.26	 -0.0647938	 -0.0648091	 0.331538	 0.138778	 -0.13916	 0.00051477
184.28	 -0.064248	 -0.0642636	 0.328579	 0.137325	 -0.137712	 0.000502273
184.3	 -0.0636805	 -0.0636966	 0.325648	 0.135831	 -0.136221	 0.000489107
184.32	 -0.0630916	 -0.0631082	 0.322746	 0.134295	 -0.13469	 0.000475288
184.34	 -0.0624814	 -0.0624984	 0.319874	 0.132718	 -0.133117	 0.000460836
184.36	 -0.0618502	 -0.0618676	 0.317033	 0.131101	 -0.131503	 0.000445771
184.38	 -0.061198	 -0.0612159	 0.314225	 0.129443	 -0.12985	 0.000430115
184.4	 -0.0605252	 -0.0605436	 0.311449	 0.127747	 -0.128158	 0.00041389
184.42	 -0.0598319	 -0.0598507	 0.308707	 0.126012	 -0.126428	 0.000397122
184.44	 -0.0591183	 -0.0591376	 0.306	 0.124239	 -0.124659	 0.000379832
184.46	 -0.0583847	 -0.0584045	 0.303329	 0.122429	 -0.122853	 0.000362044
184.48	 -0.0576313	 -0.0576515	 0.300695	 0.120582	 -0.12101	 0.000343786
184.5	 -0.0568582	 -0.0568789	 0.298097	 0.118699	 -0.119131	 0.000325084
184.52	 -0.0560659	 -0.056087	 0.295539	 0.11678	 -0.117216	 0.000305966
184.54	 -0.0552544	 -0.055276	 0.293019	 0.114827	 -0.115266	 0.000286463
184.56	 -0.0544241	 -0.0544462	 0.290539	 0.112839	 -0.113282	 0.000266601
184.58	 -0.0535752	 -0.0535978	 0.2881	 0.110817	 -0.111265	 0.000246409
184.6	 -0.052708	 -0.0527311	 0.285703	 0.108763	 -0.109214	 0.000225918
184.62	 -0.0518229	 -0.0518464	 0.283348	 0.106676	 -0.107132	 0.00020516
184.64	 -0.05092	 -0.050944	 0.281036	 0.104558	 -0.105018	 0.000184169
184.66	 -0.0499997	 -0.0500242	 0.278768	 0.102409	 -0.102873	 0.000162978
184.68	 -0.0490623	 -0.0490872	 0.276545	 0.10023	 -0.100698	 0.000141623
184.7	 -0.0481081	 -0.0481335	 0.274368	 0.0980221	 -0.0984931	 0.000120135
184.72	 -0.0471374	 -0.0471633	 0.272237	 0.0957852	 -0.0962599	 9.85499e-05
184.74	 -0.0461505	 -0.0461769	 0.270152	 0.0935205	 -0.0939988	 7.69e-05
184.76	 -0.0451479	 -0.0451747	 0.268115	 0.0912285	 -0.0917105	 5.522e-05
184.78	 -0.0441297	 -0.044157	 0.266127	 0.0889102	 -0.0893957	 3.3544e-05
184.8	 -0.0430964	 -0.0431242	 0.264187	 0.0865662	 -0.0870551	 1.1906e-05
184.82	 -0.0420483	 -0.0420765	 0.262297	 0.0841972	 -0.0846895	 -9.66048e-06
184.84	 -0.0409858	 -0.0410145	 0.260458	 0.0818039	 -0.0822995	 -3.11216e-05
184.86	 -0.0399092	 -0.0399383	 0.258669	 0.0793872	 -0.079886	 -5.24429e-05
184.88	 -0.0388189	 -0.0388484	 0.256931	 0.0769477	 -0.0774497	 -7.35895e-05
184.9	 -0.0377152	 -0.0377452	 0.255246	 0.0744864	 -0.0749914	 -9.45269e-05
184.92	 -0.0365986	 -0.036629	 0.253613	 0.0720039	 -0.0725119	 -0.000115222
184.94	 -0.0354694	 -0.0355002	 0.252034	 0.0695009	 -0.0700118	 -0.000135643
184.96	 -0.034328	 -0.0343592	 0.250508	 0.0669783	 -0.067492	 -0.000155757
184.98	 -0.0331748	 -0.0332064	 0.249036	 0.0644368	 -0.0649532	 -0.000175534
185	 -0.0320102	 -0.0320421	 0.247619	 0.061877	 -0.0623961	 -0.000194942
185.02	 -0.0308345	 -0.0308669	 0.246257	 0.0592999	 -0.0598214	 -0.000213948
185.04	 -0.0296483	 -0.029681	 0.244951	 0.0567061	 -0.0572301	 -0.000232521
185.06	 -0.0284518	 -0.0284849	 0.243701	 0.0540965	 -0.0546228	 -0.000250629
185.08	 -0.0272456	 -0.027279	 0.242507	 0.0514719	 -0.0520003	 -0.000268244
185.1	 -0.02603	 -0.0260637	 0.241371	 0.048833	 -0.0493635	 -0.000285335
185.12	 -0.0248055	 -0.0248395	 0.240291	 0.0461806	 -0.0467131	 -0.000301875
185.14	 -0.0235725	 -0.0236068	 0.23927	 0.0435155	 -0.0440499	 -0.000317836
185.16	 -0.0223313	 -0.022366	 0.238306	 0.0408386	 -0.0413747	 -0.00033319
185.18	 -0.0210826	 -0.0211175	 0.237401	 0.0381506	 -0.0386883	 -0.000347914
185.2	 -0.0198266	 -0.0198617	 0.236554	 0.0354523	 -0.0359915	 -0.000361982
185.22	 -0.0185638	 -0.0185992	 0.235766	 0.0327445	 -0.0332851	 -0.000375371
185.24	 -0.0172946	 -0.0173303	 0.235038	 0.0300279	 -0.0305697	 -0.000388058
185.26	 -0.0160195	 -0.0160554	 0.234369	 0.0273034	 -0.0278463	 -0.000400023
185.28	 -0.014739	 -0.0147751	 0.23376	 0.0245717	 -0.0251156	 -0.000411244
185.3	 -0.0134534	 -0.0134897	 0.23321	 0.0218337	 -0.0223785	 -0.000421704
185.32	 -0.0121632	 -0.0121997	 0.232721	 0.0190901	 -0.0196357	 -0.000431384
185.34	 -0.0108689	 -0.0109056	 0.232293	 0.0163418	 -0.016888	 -0.00044027
185.36	 -0.00957096	 -0.00960772	 0.231924	 0.0135895	 -0.0141361	 -0.000448346
185.38	 -0.00826972	 -0.00830661	 0.231617	 0.010834	 -0.011381	 -0.000455596
185.4	 -0.0069657	 -0.0070027	 0.23137	 0.00807619	 -0.00862339	 -0.000462006
185.42	 -0.00565935	 -0.00569643	 0.231184	 0.00531692	 -0.00586421	 -0.000467562
185.44	 -0.00435112	 -0.00438827	 0.231059	 0.002557	 -0.00310423	 -0.000472255
185.46	 -0.00304147	 -0.00307866	 0.230995	 -0.00020279	 -0.000344261	 -0.000476076
185.48	 -0.00173084	 -0.00176807	 0.230992	 -0.00296168	 0.00241494	 -0.00047902
185.5	 -0.000419691	 -0.000456925	 0.231049	 -0.00571889	 0.00517262	 -0.000481082
185.52	 0.00089153	 0.000854306	 0.231168	 -0.00847365	 0.00792797	 -0.00048226
185.54	 0.00220237	 0.00216517	 0.231348	 -0.0112252	 0.0106802	 -0.000482548
185.56	 0.00351237	 0.00347522	 0.231589	 -0.0139726	 0.0134285	 -0.000481946
185.58	 0.00482107	 0.00478399	 0.231891	 -0.0167151	 0.0161721	 -0.000480453
185.6	 0.00612802	 0.00609103	 0.232254	 -0.019452	 0.0189101	 -0.000478071
185.62	 0.00743276	 0.00739589	 0.232677	 -0.0221825	 0.0216419	 -0.000474804
185.64	 0.00873486	 0.00869811	 0.233161	 -0.0249058	 0.0243666	 -0.000470658
185.66	 0.0100338	 0.00999725	 0.233705	 -0.0276212	 0.0270835	 -0.00046564
185.68	 0.0113293	 0.0112929	 0.234309	 -0.0303278	 0.0297918	 -0.000459756
185.7	 0.0126207	 0.0125845	 0.234974	 -0.0330249	 0.0324908	 -0.000453016
185.72	 0.0139077	 0.0138717	 0.235698	 -0.0357118	 0.0351796	 -0.000445429
185.74	 0.0151899	 0.0151541	 0.236481	 -0.0383876	 0.0378576	 -0.000437009
185.76	 0.0164667	 0.0164312	 0.237325	 -0.0410516	 0.0405239	 -0.000427768
185.78	 0.0177378	 0.0177025	 0.238227	 -0.0437032	 0.0431778	 -0.000417721
185.8	 0.0190027	 0.0189677	 0.239188	 -0.0463415	 0.0458187	 -0.000406885
185.82	 0.020261	 0.0202263	 0.240207	 -0.0489658	 0.0484457	 -0.000395274
185.84	 0.0215122	 0.0214778	 0.241285	 -0.0515752	 0.051058	 -0.000382906
185.86	 0.022756	 0.022722	 0.24242	 -0.0541691	 0.0536548	 -0.000369797
185.88	 0.0239918	 0.0239582	 0.243613	 -0.0567467	 0.0562355	 -0.000355969
185.9	 0.0252194	 0.0251862	 0.244863	 -0.0593072	 0.0587992	 -0.000341444
185.92	 0.0264383	 0.0264054	 0.24617	 -0.06185	 0.0613454	 -0.000326245
185.94	 0.027648	 0.0276156	 0.247533	 -0.0643743	 0.0638732	 -0.000310397
185.96	 0.0288481	 0.0288162	 0.248952	 -0.0668795	 0.066382	 -0.000293926
185.98	 0.0300384	 0.0300069	 0.250425	 -0.0693649	 0.0688712	 -0.000276858
186	 0.0312182	 0.0311873	 0.251954	 -0.0718299	 0.07134	 -0.000259222
186.02	 0.0323874	 0.0323569	 0.253537	 -0.0742737	 0.0737878	 -0.00024105
186.04	 0.0335453	 0.0335154	 0.255174	 -0.0766957	 0.0762139	 -0.000222371
186.06	 0.0346918	 0.0346624	 0.256864	 -0.0790953	 0.0786177	 -0.00020322
186.08	 0.0358263	 0.0357975	 0.258606	 -0.0814716	 0.0809983	 -0.000183627
186.1	 0.0369486	 0.0369203	 0.2604	 -0.0838241	 0.0833553	 -0.000163628
186.12	 0.0380582	 0.0380305	 0.262245	 -0.086152	 0.0856878	 -0.000143255
186.14	 0.0391547	 0.0391276	 0.264141	 -0.0884547	 0.0879952	 -0.000122546
186.16	 0.0402378	 0.0402114	 0.266087	 -0.0907316	 0.0902769	 -0.000101536
186.18	 0.0413072	 0.0412814	 0.268082	 -0.0929821	 0.0925322	 -8.02601e-05
186.2	 0.0423625	 0.0423373	 0.270125	 -0.0952053	 0.0947605	 -5.8753e-05
186.22	 0.0434033	 0.0433787	 0.272216	 -0.0974008	 0.0969611	 -3.70487e-05
186.24	 0.0444293	 0.0444054	 0.274355	 -0.0995677	 0.0991333	 -1.51819e-05
186.26	 0.0454402	 0.045417	 0.27654	 -0.101706	 0.101276	 6.81224e-06
186.28	 0.0464356	 0.0464131	 0.27877	 -0.103814	 0.10339	 2.88974e-05
186.3	 0.0474152	 0.0473934	 0.281046	 -0.105892	 0.105473	 5.10374e-05
186.32	 0.0483788	 0.0483577	 0.283365	 -0.107938	 0.107526	 7.31969e-05
186.34	 0.0493259	 0.0493055	 0.285728	 -0.109954	 0.109547	 9.53413e-05
186.36	 0.0502563	 0.0502366	 0.288134	 -0.111937	 0.111537	 0.000117436
186.38	 0.0511697	 0.0511507	 0.290581	 -0.113888	 0.113493	 0.000139445
186.4	 0.0520658	 0.0520475	 0.293069	 -0.115805	 0.115417	 0.000161334
186.42	 0.0529442	 0.0529267	 0.295598	 -0.117689	 0.117306	 0.000183064
186.44	 0.0538049	 0.0537881	 0.298165	 -0.119538	 0.119162	 0.000204599
186.46	 0.0546473	 0.0546313	 0.300771	 -0.121352	 0.120982	 0.000225906
186.48	 0.0554714	 0.055456	 0.303415	 -0.12313	 0.122767	 0.000246949
186.5	 0.0562767	 0.0562622	 0.306095	 -0.124872	 0.124515	 0.000267694
186.52	 0.0570632	 0.0570493	 0.30881	 -0.126578	 0.126227	 0.000288108
186.54	 0.0578304	 0.0578173	 0.311561	 -0.128245	 0.127901	 0.000308158
186.56	 0.0585782	 0.0585659	 0.314346	 -0.129876	 0.129538	 0.000327813
186.58	 0.0593064	 0.0592948	 0.317163	 -0.131467	 0.131136	 0.000347046
186.6	 0.0600147	 0.0600039	 0.320013	 -0.13302	 0.132696	 0.000365828
186.62	 0.0607029	 0.0606928	 0.322894	 -0.134533	 0.134216	 0.000384133
186.64	 0.0613708	 0.0613615	 0.325805	 -0.136007	 0.135696	 0.000401933
186.66	 0.0620182	 0.0620096	 0.328745	 -0.137439	 0.137136	 0.000419203
186.68	 0.0626448	 0.0626371	 0.331714	 -0.138831	 0.138535	 0.000435915
186.7	 0.0632506	 0.0632436	 0.33471	 -0.140182	 0.139892	 0.000452043
186.72	 0.0638353	 0.063829	 0.337733	 -0.14149	 0.141207	 0.000467564
186.74	 0.0643987	 0.0643932	 0.340781	 -0.142756	 0.14248	 0.000482455
186.76	 0.0649406	 0.0649359	 0.343853	 -0.143979	 0.14371	 0.000496698
186.78	 0.065461	 0.0654571	 0.346949	 -0.145159	 0.144897	 0.000510271
186.8	 0.0659596	 0.0659565	 0.350067	 -0.146295	 0.14604	 0.000523158
186.82	 0.0664364	 0.066434	 0.353207	 -0.147387	 0.147139	 0.000535341
186.84	 0.0668911	 0.0668895	 0.356366	 -0.148434	 0.148193	 0.000546807
186.86	 0.0673237	 0.0673228	 0.359545	 -0.149436	 0.149202	 0.000557543
186.88	 0.067734	 0.0677339	 0.362742	 -0.150392	 0.150165	 0.00056754
186.9	 0.0681219	 0.0681226	 0.365957	 -0.151303	 0.151082	 0.000576785
186.92	 0.0684874	 0.0684888	 0.369187	 -0.152167	 0.151953	 0.000585271
186.94	 0.0688302	 0.0688324	 0.372433	 -0.152984	 0.152777	 0.000592988
186.96	 0.0691504	 0.0691533	 0.375692	 -0.153754	 0.153554	 0.000599927
186.98	 0.0694478	 0.0694515	 0.378964	 -0.154477	 0.154284	 0.000606084
187	 0.0697224	 0.0697268	 0.382248	 -0.155152	 0.154966	 0.000611454
187.02	 0.0699742	 0.0699792	 0.385543	 -0.155779	 0.155599	 0.000616036
187.04	 0.070203	 0.0702087	 0.388847	 -0.156357	 0.156184	 0.000619828
187.06	 0.0704088	 0.0704153	 0.39216	 -0.156886	 0.15672	 0.00062283
187.08	 0.0705916	 0.0705987	 0.39548	 -0.157367	 0.157207	 0.000625043
187.1	 0.0707513	 0.0707592	 0.398807	 -0.157798	 0.157644	 0.000626467
187.12	 0.070888	 0.0708965	 0.402139	 -0.158179	 0.158032	 0.000627105
187.14	 0.0710016	 0.0710108	 0.405475	 -0.158511	 0.15837	 0.00062696
187.16	 0.0710921	 0.0711019	 0.408814	 -0.158792	 0.158657	 0.000626036
187.18	 0.0711595	 0.0711699	 0.412155	 -0.159024	 0.158895	 0.000624339
187.2	 0.0712037	 0.0712148	 0.415497	 -0.159205	 0.159082	 0.000621874
187.22	 0.0712249	 0.0712365	 0.418839	 -0.159336	 0.159219	 0.000618651
187.24	 0.071223	 0.0712352	 0.422179	 -0.159417	 0.159305	 0.00061468
187.26	 0.0711981	 0.0712109	 0.425518	 -0.159446	 0.159341	 0.000609972
187.28	 0.0711502	 0.0711635	 0.428853	 -0.159425	 0.159325	 0.00060454
187.3	 0.0710793	 0.0710931	 0.432183	 -0.159353	 0.159259	 0.0005984
187.32	 0.0709854	 0.0709998	 0.435508	 -0.159231	 0.159141	 0.000591566
187.34	 0.0708687	 0.0708836	 0.438826	 -0.159057	 0.158973	 0.000584054
187.36	 0.0707292	 0.0707446	 0.442137	 -0.158832	 0.158753	 0.00057588
187.38	 0.070567	 0.0705829	 0.445439	 -0.158555	 0.158481	 0.000567063
187.4	 0.0703821	 0.0703985	 0.448731	 -0.158228	 0.158158	 0.000557621
187.42	 0.0701746	 0.0701914	 0.452012	 -0.157849	 0.157784	 0.000547575
187.44	 0.0699447	 0.0699619	 0.455281	 -0.157418	 0.157358	 0.000536947
187.46	 0.0696923	 0.06971	 0.458538	 -0.156937	 0.156881	 0.000525758
187.48	 0.0694177	 0.0694357	 0.46178	 -0.156404	 0.156352	 0.000514029
187.5	 0.0691209	 0.0691393	 0.465008	 -0.155819	 0.155772	 0.000501783
187.52	 0.068802	 0.0688208	 0.468219	 -0.155184	 0.15514	 0.000489042
187.54	 0.0684612	 0.0684803	 0.471414	 -0.154497	 0.154457	 0.000475833
187.56	 0.0680987	 0.0681181	 0.47459	 -0.153759	 0.153723	 0.00046218
187.58	 0.0677145	 0.0677343	 0.477748	 -0.15297	 0.152937	 0.00044811
187.6	 0.0673089	 0.0673289	 0.480886	 -0.152131	 0.152101	 0.000433649
187.62	 0.0668819	 0.0669022	 0.484002	 -0.151241	 0.151214	 0.000418823
187.64	 0.0664338	 0.0664543	 0.487097	 -0.150301	 0.150276	 0.000403655
187.66	 0.0659646	 0.0659854	 0.490168	 -0.14931	 0.149289	 0.000388171
187.68	 0.0654747	 0.0654956	 0.493216	 -0.14827	 0.148251	 0.000372397
187.7	 0.0649641	 0.0649852	 0.496239	 -0.14718	 0.147163	 0.00035636
187.72	 0.064433	 0.0644543	 0.499236	 -0.14604	 0.146025	 0.00034009
187.74	 0.0638817	 0.0639031	 0.502206	 -0.144851	 0.144839	 0.000323616
187.76	 0.0633103	 0.0633318	 0.505148	 -0.143614	 0.143603	 0.000306965
187.78	 0.0627191	 0.0627407	 0.508062	 -0.142328	 0.142319	 0.000290165
187.8	 0.0621083	 0.0621299	 0.510947	 -0.140994	 0.140986	 0.000273245
187.82	 0.061478	 0.0614996	 0.5138	 -0.139612	 0.139605	 0.00025623
187.84	 0.0608285	 0.0608502	 0.516623	 -0.138183	 0.138177	 0.000239148
187.86	 0.06016	 0.0601817	 0.519413	 -0.136706	 0.136702	 0.000222025
187.88	 0.0594727	 0.0594944	 0.522171	 -0.135184	 0.135179	 0.000204887
187.9	 0.058767	 0.0587886	 0.524894	 -0.133615	 0.133611	 0.000187758
187.92	 0.058043	 0.0580645	 0.527583	 -0.132	 0.131996	 0.000170662
187.94	 0.0573009	 0.0573224	 0.530236	 -0.13034	 0.130337	 0.000153625
187.96	 0.0565411	 0.0565625	 0.532852	 -0.128635	 0.128632	 0.000136672
187.98	 0.0557638	 0.055785	 0.535432	 -0.126886	 0.126883	 0.00011983
188	 0.0549692	 0.0549902	 0.537973	 -0.125094	 0.12509	 0.000103126
188.02	 0.0541576	 0.0541785	 0.540476	 -0.123258	 0.123254	 8.65851e-05
188.04	 0.0533294	 0.05335	 0.542939	 -0.12138	 0.121375	 7.02323e-05
188.06	 0.0524847	 0.0525051	 0.545362	 -0.11946	 0.119454	 5.40901e-05
188.08	 0.0516239	 0.051644	 0.547744	 -0.117499	 0.117491	 3.818e-05
188.1	 0.0507472	 0.050767	 0.550083	 -0.115497	 0.115488	 2.2523e-05
188.12	 0.0498549	 0.0498744	 0.552381	 -0.113455	 0.113445	 7.13977e-06
188.14	 0.0489473	 0.0489666	 0.554635	 -0.111374	 0.111362	 -7.94967e-06
188.16	 0.0480247	 0.0480436	 0.556845	 -0.109254	 0.10924	 -2.27263e-05
188.18	 0.0470875	 0.047106	 0.55901	 -0.107096	 0.10708	 -3.71722e-05
188.2	 0.0461358	 0.046154	 0.56113	 -0.104901	 0.104883	 -5.12701e-05
188.22	 0.04517	 0.0451878	 0.563204	 -0.10267	 0.102649	 -6.5003e-05
188.24	 0.0441905	 0.0442079	 0.565232	 -0.100402	 0.100379	 -7.83539e-05
188.26	 0.0431976	 0.0432145	 0.567212	 -0.0981001	 0.0980742	 -9.1306e-05
188.28	 0.0421915	 0.0422079	 0.569145	 -0.0957636	 0.0957349	 -0.000103843
188.3	 0.0411726	 0.0411885	 0.571029	 -0.0933938	 0.0933621	 -0.000115951
188.32	 0.0401412	 0.0401567	 0.572864	 -0.0909915	 0.0909566	 -0.000127617
188.34	 0.0390977	 0.0391126	 0.57465	 -0.0885575	 0.0885193	 -0.000138829
188.36	 0.0380424	 0.0380568	 0.576385	 -0.0860927	 0.0860511	 -0.000149576
188.38	 0.0369756	 0.0369895	 0.57807	 -0.0835979	 0.0835528	 -0.000159849
188.4	 0.0358978	 0.035911	 0.579704	 -0.0810741	 0.0810252	 -0.000169638
188.42	 0.0348091	 0.0348218	 0.581286	 -0.0785219	 0.0784693	 -0.000178934
188.44	 0.03371	 0.0337221	 0.582816	 -0.0759425	 0.0758859	 -0.00018773
188.46	 0.0326009	 0.0326123	 0.584294	 -0.0733365	 0.0732759	 -0.00019602
188.48	 0.031482	 0.0314927	 0.585718	 -0.0707049	 0.0706401	 -0.000203799
188.5	 0.0303537	 0.0303638	 0.587089	 -0.0680487	 0.0679796	 -0.000211064
188.52	 0.0292163	 0.0292258	 0.588406	 -0.0653687	 0.0652952	 -0.000217814
188.54	 0.0280703	 0.0280791	 0.589668	 -0.0626659	 0.0625879	 -0.000224048
188.56	 0.026916	 0.026924	 0.590876	 -0.0599412	 0.0598586	 -0.000229763
188.58	 0.0257537	 0.025761	 0.592029	 -0.0571955	 0.0571083	 -0.000234961
188.6	 0.0245839	 0.0245904	 0.593127	 -0.05443	 0.0543379	 -0.00023964
188.62	 0.0234067	 0.0234125	 0.594168	 -0.0516454	 0.0515485	 -0.000243802
188.64	 0.0222227	 0.0222277	 0.595154	 -0.0488429	 0.048741	 -0.000247446
188.66	 0.0210321	 0.0210363	 0.596083	 -0.0460233	 0.0459164	 -0.000250573
188.68	 0.0198354	 0.0198388	 0.596956	 -0.0431876	 0.0430756	 -0.000253184
188.7	 0.0186329	 0.0186355	 0.597772	 -0.0403368	 0.0402197	 -0.00025528
188.72	 0.017425	 0.0174267	 0.59853	 -0.0374719	 0.0373496	 -0.000256864
188.74	 0.016212	 0.0162129	 0.599231	 -0.034594	 0.0344664	 -0.000257939
188.76	 0.0149943	 0.0149943	 0.599875	 -0.031704	 0.031571	 -0.000258509
188.78	 0.0137723	 0.0137714	 0.60046	 -0.0288029	 0.0286645	 -0.000258578
188.8	 0.0125463	 0.0125446	 0.600988	 -0.0258916	 0.0257479	 -0.000258149
188.82	 0.0113168	 0.0113141	 0.601457	 -0.0229713	 0.0228221	 -0.000257229
188.84	 0.010084	 0.0100805	 0.601868	 -0.0200429	 0.0198882	 -0.000255823
188.86	 0.00884838	 0.00884394	 0.60222	 -0.0171076	 0.0169473	 -0.000253938
188.88	 0.0076103	 0.00760495	 0.602513	 -0.0141663	 0.0140004	 -0.000251582
188.9	 0.00637012	 0.00636386	 0.602748	 -0.0112201	 0.0110486	 -0.000248765
188.92	 0.00512822	 0.00512104	 0.602924	 -0.00827012	 0.0080929	 -0.000245495
188.94	 0.00388496	 0.00387685	 0.603041	 -0.00531728	 0.00513438	 -0.000241784
188.96	 0.0026407	 0.00263167	 0.603099	 -0.00236264	 0.00217404	 -0.000237641
188.98	 0.00139583	 0.00138587	 0.603098	 0.000592775	 -0.000787099	 -0.000233079
189	 0.000150709	 0.000139824	 0.603038	 0.00354793	 -0.00374799	 -0.000228111
189.02	 -0.00109429	 -0.00110611	 0.602919	 0.00650178	 -0.00670758	 -0.00022275
189.04	 -0.0023388	 -0.00235154	 0.602741	 0.00945331	 -0.00966486	 -0.00021701
189.06	 -0.00358244	 -0.00359611	 0.602504	 0.0124015	 -0.0126188	 -0.000210902
189.08	 -0.00482485	 -0.00483945	 0.602208	 0.0153454	 -0.0155685	 -0.000204441
189.1	 -0.00606564	 -0.00608117	 0.601854	 0.0182841	 -0.0185129	 -0.000197637
189.12	 -0.00730445	 -0.00732091	 0.601441	 0.0212165	 -0.021451	 -0.000190503
189.14	 -0.00854092	 -0.0085583	 0.600969	 0.0241418	 -0.0243819	 -0.000183052
189.16	 -0.00977466	 -0.00979297	 0.600439	 0.0270589	 -0.0273047	 -0.000175295
189.18	 -0.0110053	 -0.0110246	 0.59985	 0.0299668	 -0.0302183	 -0.000167247
189.2	 -0.0122326	 -0.0122527	 0.599204	 0.0328647	 -0.0331218	 -0.000158922
189.22	 -0.013456	 -0.013477	 0.5985	 0.0357516	 -0.0360143	 -0.000150332
189.24	 -0.0146752	 -0.0146972	 0.597738	 0.0386264	 -0.0388947	 -0.000141491
189.26	 -0.0158899	 -0.0159127	 0.596919	 0.0414884	 -0.0417622	 -0.000132414
189.28	 -0.0170997	 -0.0171234	 0.596042	 0.0443364	 -0.0446157	 -0.000123115
189.3	 -0.0183042	 -0.0183288	 0.595109	 0.0471694	 -0.0474542	 -0.000113607
189.32	 -0.019503	 -0.0195286	 0.594119	 0.0499865	 -0.0502767	 -0.000103907
189.34	 -0.0206959	 -0.0207223	 0.593073	 0.0527865	 -0.0530821	 -9.40289e-05
189.36	 -0.0218825	 -0.0219097	 0.59197	 0.0555686	 -0.0558694	 -8.39872e-05
189.38	 -0.0230623	 -0.0230904	 0.590812	 0.0583316	 -0.0586378	 -7.37967e-05
189.4	 -0.0242351	 -0.024264	 0.589599	 0.0610747	 -0.0613861	 -6.34725e-05
189.42	 -0.0254005	 -0.0254302	 0.588331	 0.0637969	 -0.0641135	 -5.30291e-05
189.44	 -0.0265581	 -0.0265886	 0.587009	 0.0664972	 -0.0668189	 -4.24814e-05
189.46	 -0.0277076	 -0.0277389	 0.585632	 0.0691747	 -0.0695015	 -3.18431e-05
189.48	 -0.0288487	 -0.0288807	 0.584202	 0.0718285	 -0.0721602	 -2.11272e-05
189.5	 -0.029981	 -0.0300138	 0.582719	 0.0744576	 -0.0747944	 -1.03456e-05
189.52	 -0.0311043	 -0.0311377	 0.581182	 0.0770614	 -0.077403	 4.90617e-07
189.54	 -0.032218	 -0.0322522	 0.579594	 0.0796389	 -0.0799853	 1.13705e-05
189.56	 -0.033322	 -0.0333568	 0.577953	 0.0821893	 -0.0825405	 2.22832e-05
189.58	 -0.0344158	 -0.0344514	 0.576262	 0.0847118	 -0.0850677	 3.32174e-05
189.6	 -0.0354993	 -0.0355354	 0.574519	 0.0872057	 -0.0875662	 4.41623e-05
189.62	 -0.0365719	 -0.0366087	 0.572727	 0.0896701	 -0.0900353	 5.51075e-05
189.64	 -0.0376334	 -0.0376708	 0.570884	 0.0921045	 -0.0924741	 6.60425e-05
189.66	 -0.0386835	 -0.0387215	 0.568993	 0.0945079	 -0.0948819	 7.6957e-05
189.68	 -0.0397219	 -0.0397604	 0.567053	 0.0968796	 -0.097258	 8.784e-05
189.7	 -0.0407481	 -0.0407872	 0.565065	 0.0992188	 -0.0996014	 9.86795e-05
189.72	 -0.041762	 -0.0418016	 0.563029	 0.101525	 -0.101911	 0.000109464
189.74	 -0.0427632	 -0.0428032	 0.560948	 0.103796	 -0.104187	 0.000120181
189.76	 -0.0437513	 -0.0437918	 0.55882	 0.106033	 -0.106428	 0.00013082
189.78	 -0.0447261	 -0.0447671	 0.556646	 0.108234	 -0.108633	 0.000141371
189.8	 -0.0456872	 -0.0457287	 0.554428	 0.110399	 -0.110801	 0.000151825
189.82	 -0.0466345	 -0.0466763	 0.552167	 0.112526	 -0.112933	 0.000162173
189.84	 -0.0475675	 -0.0476097	 0.549862	 0.114616	 -0.115026	 0.000172406
189.86	 -0.0484859	 -0.0485285	 0.547514	 0.116667	 -0.11708	 0.000182518
189.88	 -0.0493896	 -0.0494325	 0.545125	 0.118679	 -0.119096	 0.000192501
189.9	 -0.0502782	 -0.0503214	 0.542694	 0.120652	 -0.121072	 0.000202351
189.92	 -0.0511515	 -0.0511949	 0.540223	 0.122584	 -0.123007	 0.000212063
189.94	 -0.0520091	 -0.0520528	 0.537713	 0.124475	 -0.124902	 0.000221631
189.96	 -0.0528508	 -0.0528947	 0.535164	 0.126325	 -0.126755	 0.000231049
189.98	 -0.0536764	 -0.0537205	 0.532576	 0.128133	 -0.128566	 0.000240306
190	 -0.0544855	 -0.0545298	 0.529952	 0.129899	 -0.130334	 0.000249395
190.02	 -0.0552778	 -0.0553223	 0.527291	 0.131621	 -0.132059	 0.000258307
190.04	 -0.0560532	 -0.0560978	 0.524595	 0.1333	 -0.133741	 0.000267035
190.06	 -0.0568114	 -0.0568561	 0.521864	 0.134935	 -0.135378	 0.000275573
190.08	 -0.057552	 -0.0575968	 0.5191	 0.136524	 -0.13697	 0.000283914
190.1	 -0.058275	 -0.0583198	 0.516302	 0.138069	 -0.138517	 0.000292051
190.12	 -0.0589799	 -0.0590247	 0.513473	 0.139568	 -0.140018	 0.000299979
190.14	 -0.0596667	 -0.0597115	 0.510612	 0.14102	 -0.141473	 0.000307692
190.16	 -0.0603349	 -0.0603797	 0.507722	 0.142426	 -0.142881	 0.000315186
190.18	 -0.0609846	 -0.0610293	 0.504802	 0.143786	 -0.144242	 0.000322456
190.2	 -0.0616153	 -0.06166	 0.501853	 0.145098	 -0.145556	 0.000329501
190.22	 -0.0622269	 -0.0622715	 0.498877	 0.146362	 -0.146822	 0.000336315
190.24	 -0.0628192	 -0.0628636	 0.495875	 0.147578	 -0.148039	 0.000342895
190.26	 -0.0633919	 -0.0634362	 0.492847	 0.148745	 -0.149208	 0.000349236
190.28	 -0.0639449	 -0.063989	 0.489794	 0.149863	 -0.150327	 0.000355336
190.3	 -0.0644779	 -0.0645219	 0.486718	 0.150932	 -0.151397	 0.000361193
190.32	 -0.0649909	 -0.0650346	 0.483619	 0.15195	 -0.152417	 0.000366805
190.34	 -0.0654835	 -0.065527	 0.480498	 0.152919	 -0.153387	 0.000372172
190.36	 -0.0659557	 -0.0659989	 0.477357	 0.153837	 -0.154306	 0.000377292
190.38	 -0.0664072	 -0.0664502	 0.474196	 0.154705	 -0.155175	 0.000382162
190.4	 -0.0668378	 -0.0668805	 0.471016	 0.155522	 -0.155992	 0.000386778
190.42	 -0.0672475	 -0.0672899	 0.467818	 0.156288	 -0.156759	 0.000391138
190.44	 -0.0676361	 -0.0676781	 0.464604	 0.157003	 -0.157474	 0.000395238
190.46	 -0.0680033	 -0.068045	 0.461375	 0.157666	 -0.158137	 0.000399076
190.48	 -0.0683491	 -0.0683905	 0.458131	 0.158277	 -0.158749	 0.000402653
190.5	 -0.0686734	 -0.0687143	 0.454873	 0.158836	 -0.159308	 0.000405966
190.52	 -0.0689759	 -0.0690164	 0.451603	 0.159343	 -0.159816	 0.000409016
190.54	 -0.0692565	 -0.0692967	 0.448321	 0.159798	 -0.160271	 0.000411801
190.56	 -0.0695152	 -0.069555	 0.445029	 0.160201	 -0.160674	 0.000414319
190.58	 -0.0697519	 -0.0697912	 0.441727	 0.160552	 -0.161024	 0.000416568
190.6	 -0.0699663	 -0.0700052	 0.438417	 0.16085	 -0.161321	 0.000418547
190.62	 -0.0701585	 -0.0701969	 0.4351	 0.161095	 -0.161566	 0.000420255
190.64	 -0.0703283	 -0.0703662	 0.431777	 0.161287	 -0.161758	 0.000421689
190.66	 -0.0704757	 -0.0705131	 0.428449	 0.161427	 -0.161897	 0.000422851
190.68	 -0.0706005	 -0.0706374	 0.425117	 0.161514	 -0.161983	 0.000423738
190.7	 -0.0707027	 -0.0707391	 0.421781	 0.161548	 -0.162017	 0.000424351
190.72	 -0.0707823	 -0.0708182	 0.418444	 0.161529	 -0.161997	 0.000424687
190.74	 -0.0708391	 -0.0708745	 0.415106	 0.161458	 -0.161925	 0.000424743
190.76	 -0.0708731	 -0.070908	 0.411768	 0.161334	 -0.1618	 0.000424518
190.78	 -0.0708844	 -0.0709187	 0.408431	 0.161158	 -0.161622	 0.00042401
190.8	 -0.0708728	 -0.0709065	 0.405097	 0.160929	 -0.161392	 0.000423219
190.82	 -0.0708383	 -0.0708715	 0.401766	 0.160647	 -0.161109	 0.000422147
190.84	 -0.0707809	 -0.0708135	 0.39844	 0.160314	 -0.160774	 0.000420794
190.86	 -0.0707007	 -0.0707327	 0.395119	 0.159928	 -0.160387	 0.000419163
190.88	 -0.0705975	 -0.070629	 0.391805	 0.15949	 -0.159948	 0.000417253
190.9	 -0.0704714	 -0.0705023	 0.388499	 0.159001	 -0.159457	 0.000415061
190.92	 -0.0703224	 -0.0703528	 0.385201	 0.15846	 -0.158914	 0.000412586
190.94	 -0.0701506	 -0.0701803	 0.381914	 0.157868	 -0.15832	 0.000409828
190.96	 -0.0699559	 -0.0699851	 0.378637	 0.157225	 -0.157675	 0.000406786
190.98	 -0.0697384	 -0.069767	 0.375373	 0.156531	 -0.156979	 0.000403463
191	 -0.0694981	 -0.0695261	 0.372121	 0.155786	 -0.156233	 0.00039986
191.02	 -0.0692351	 -0.0692625	 0.368884	 0.154992	 -0.155436	 0.000395978
191.04	 -0.0689495	 -0.0689763	 0.365661	 0.154147	 -0.15459	 0.000391819
191.06	 -0.0686412	 -0.0686674	 0.362456	 0.153253	 -0.153694	 0.000387383
191.08	 -0.0683104	 -0.068336	 0.359267	 0.15231	 -0.152748	 0.000382673
191.1	 -0.0679572	 -0.0679822	 0.356096	 0.151318	 -0.151754	 0.000377693
191.12	 -0.0675816	 -0.067606	 0.352946	 0.150277	 -0.150711	 0.000372446
191.14	 -0.0671838	 -0.0672076	 0.349815	 0.149188	 -0.149619	 0.000366934
191.16	 -0.0667638	 -0.066787	 0.346706	 0.148051	 -0.14848	 0.000361157
191.18	 -0.0663218	 -0.0663444	 0.343619	 0.146867	 -0.147294	 0.000355112
191.2	 -0.0658578	 -0.0658799	 0.340556	 0.145636	 -0.146061	 0.000348799
191.22	 -0.0653721	 -0.0653935	 0.337516	 0.144359	 -0.14478	 0.000342218
191.24	 -0.0648647	 -0.0648856	 0.334503	 0.143035	 -0.143454	 0.000335372
191.26	 -0.0643358	 -0.0643561	 0.331516	 0.141666	 -0.142082	 0.000328266
191.28	 -0.0637855	 -0.0638052	 0.328556	 0.140251	 -0.140665	 0.000320906
191.3	 -0.0632141	 -0.0632332	 0.325624	 0.138792	 -0.139204	 0.000313297
191.32	 -0.0626216	 -0.0626401	 0.322721	 0.137288	 -0.137698	 0.000305442
191.34	 -0.0620082	 -0.0620262	 0.319849	 0.135741	 -0.136148	 0.000297348
191.36	 -0.0613743	 -0.0613917	 0.317008	 0.134151	 -0.134555	 0.000289019
191.38	 -0.0607198	 -0.0607367	 0.314199	 0.132518	 -0.13292	 0.000280463
191.4	 -0.0600451	 -0.0600614	 0.311424	 0.130843	 -0.131243	 0.000271687
191.42	 -0.0593503	 -0.0593661	 0.308682	 0.129127	 -0.129524	 0.000262696
191.44	 -0.0586357	 -0.058651	 0.305975	 0.12737	 -0.127765	 0.000253496
191.46	 -0.0579015	 -0.0579163	 0.303304	 0.125573	 -0.125965	 0.000244093
191.48	 -0.0571479	 -0.0571621	 0.300669	 0.123736	 -0.124126	 0.000234493
191.5	 -0.0563751	 -0.0563888	 0.298072	 0.121861	 -0.122247	 0.000224704
191.52	 -0.0555834	 -0.0555967	 0.295513	 0.119946	 -0.120331	 0.000214735
191.54	 -0.0547731	 -0.0547858	 0.292994	 0.117994	 -0.118376	 0.000204591
191.56	 -0.0539443	 -0.0539566	 0.290514	 0.116005	 -0.116385	 0.000194282
191.58	 -0.0530974	 -0.0531092	 0.288076	 0.113979	 -0.114357	 0.000183812
191.6	 -0.0522326	 -0.052244	 0.285679	 0.111918	 -0.112293	 0.00017319
191.62	 -0.0513502	 -0.0513611	 0.283324	 0.109822	 -0.110194	 0.000162426
191.64	 -0.0504506	 -0.050461	 0.281013	 0.107691	 -0.108061	 0.00015153
191.66	 -0.0495339	 -0.0495439	 0.278746	 0.105526	 -0.105895	 0.000140514
191.68	 -0.0486005	 -0.0486101	 0.276523	 0.103329	 -0.103695	 0.000129389
191.7	 -0.0476507	 -0.0476599	 0.274346	 0.1011	 -0.101464	 0.000118164
191.72	 -0.0466848	 -0.0466937	 0.272215	 0.0988389	 -0.0992009	 0.00010685
191.74	 -0.0457032	 -0.0457117	 0.270132	 0.0965474	 -0.0969074	 9.54573e-05
191.76	 -0.0447062	 -0.0447143	 0.268096	 0.094226	 -0.094584	 8.39969e-05
191.78	 -0.043694	 -0.0437018	 0.266108	 0.0918754	 -0.0922315	 7.24797e-05
191.8	 -0.0426671	 -0.0426745	 0.264169	 0.0894964	 -0.0898506	 6.09164e-05
191.82	 -0.0416258	 -0.0416329	 0.26228	 0.0870898	 -0.0874422	 4.93175e-05
191.84	 -0.0405703	 -0.0405771	 0.260441	 0.0846563	 -0.085007	 3.76942e-05
191.86	 -0.0395012	 -0.0395077	 0.258653	 0.0821968	 -0.0825457	 2.60586e-05
191.88	 -0.0384187	 -0.0384249	 0.256917	 0.0797119	 -0.0800592	 1.44234e-05
191.9	 -0.0373232	 -0.0373291	 0.255233	 0.0772027	 -0.0775484	 2.80144e-06
191.92	 -0.0362151	 -0.0362208	 0.253601	 0.0746698	 -0.075014	 -8.79518e-06
191.94	 -0.0350947	 -0.0351001	 0.252022	 0.0721141	 -0.0724569	 -2.03549e-05
191.96	 -0.0339624	 -0.0339676	 0.250497	 0.0695364	 -0.0698777	 -3.18664e-05
191.98	 -0.0328186	 -0.0328237	 0.249027	 0.0669373	 -0.0672774	 -4.33174e-05
192	 -0.0316638	 -0.0316686	 0.247611	 0.0643178	 -0.0646567	 -5.46946e-05
192.02	 -0.0304982	 -0.0305028	 0.24625	 0.0616787	 -0.0620164	 -6.59841e-05
192.04	 -0.0293223	 -0.0293267	 0.244945	 0.0590209	 -0.0593574	 -7.71717e-05
192.06	 -0.0281364	 -0.0281408	 0.243696	 0.056345	 -0.0566805	 -8.82433e-05
192.08	 -0.0269411	 -0.0269453	 0.242503	 0.0536521	 -0.0539866	 -9.91849e-05
192.1	 -0.0257366	 -0.0257407	 0.241368	 0.050943	 -0.0512766	 -0.000109982
192.12	 -0.0245235	 -0.0245274	 0.24029	 0.0482185	 -0.0485512	 -0.000120621
192.14	 -0.0233021	 -0.0233059	 0.239269	 0.0454795	 -0.0458114	 -0.000131086
192.16	 -0.0220728	 -0.0220765	 0.238307	 0.0427268	 -0.0430581	 -0.000141364
192.18	 -0.0208361	 -0.0208397	 0.237402	 0.0399614	 -0.040292	 -0.000151439
192.2	 -0.0195923	 -0.0195959	 0.236557	 0.037184	 -0.0375141	 -0.000161299
192.22	 -0.018342	 -0.0183455	 0.23577	 0.0343955	 -0.0347251	 -0.00017093
192.24	 -0.0170855	 -0.017089	 0.235043	 0.0315968	 -0.0319259	 -0.000180316
192.26	 -0.0158232	 -0.0158267	 0.234375	 0.0287887	 -0.0291175	 -0.000189444
192.28	 -0.0145557	 -0.0145592	 0.233767	 0.0259722	 -0.0263007	 -0.0001983
192.3	 -0.0132832	 -0.0132867	 0.233219	 0.0231481	 -0.0234764	 -0.00020687
192.32	 -0.0120063	 -0.0120098	 0.232731	 0.0203172	 -0.0206454	 -0.000215141
192.34	 -0.0107254	 -0.010729	 0.232303	 0.0174805	 -0.0178086	 -0.000223101
192.36	 -0.00944094	 -0.00944451	 0.231936	 0.0146388	 -0.0149669	 -0.000230736
192.38	 -0.00815332	 -0.00815695	 0.231629	 0.011793	 -0.0121211	 -0.000238032
192.4	 -0.00686301	 -0.0068667	 0.231383	 0.00894403	 -0.00927232	 -0.000244972
192.42	 -0.00557045	 -0.00557421	 0.231198	 0.00609285	 -0.00642134	 -0.000251544
192.44	 -0.00427608	 -0.00427992	 0.231074	 0.00324034	 -0.00356909	 -0.000257733
192.46	 -0.00298034	 -0.00298428	 0.23101	 0.000387378	 -0.000716452	 -0.000263529
192.48	 -0.00168368	 -0.00168772	 0.231008	 -0.00246519	 0.00213572	 -0.00026892
192.5	 -0.000386525	 -0.000390675	 0.231067	 -0.0053165	 0.00498658	 -0.000273897
192.52	 0.00091068	 0.000906409	 0.231186	 -0.00816568	 0.00783526	 -0.00027845
192.54	 0.00220749	 0.00220309	 0.231367	 -0.0110118	 0.0106809	 -0.000282566
192.56	 0.00350347	 0.00349893	 0.231608	 -0.0138541	 0.0135225	 -0.000286237
192.58	 0.00479816	 0.00479347	 0.231911	 -0.0166915	 0.0163592	 -0.00028945
192.6	 0.00609113	 0.00608629	 0.232274	 -0.0195233	 0.0191903	 -0.000292197
192.62	 0.00738194	 0.00737692	 0.232697	 -0.0223485	 0.0220147	 -0.000294471
192.64	 0.00867014	 0.00866495	 0.233181	 -0.0251663	 0.0248317	 -0.000296264
192.66	 0.0099553	 0.00994993	 0.233726	 -0.0279759	 0.0276405	 -0.00029757
192.68	 0.011237	 0.0112314	 0.234331	 -0.0307764	 0.0304401	 -0.000298379
192.7	 0.0125148	 0.012509	 0.234995	 -0.033567	 0.0332297	 -0.000298687
192.72	 0.0137882	 0.0137822	 0.23572	 -0.0363467	 0.0360084	 -0.000298486
192.74	 0.0150569	 0.0150507	 0.236503	 -0.0391147	 0.0387754	 -0.000297772
192.76	 0.0163204	 0.016314	 0.237347	 -0.0418703	 0.04153	 -0.000296541
192.78	 0.0175782	 0.0175716	 0.238249	 -0.0446126	 0.0442712	 -0.000294791
192.8	 0.0188301	 0.0188232	 0.23921	 -0.0473407	 0.0469982	 -0.000292516
192.82	 0.0200754	 0.0200684	 0.240229	 -0.0500539	 0.0497103	 -0.000289714
192.84	 0.0213139	 0.0213066	 0.241307	 -0.0527512	 0.0524064	 -0.00028638
192.86	 0.0225451	 0.0225376	 0.242442	 -0.0554317	 0.0550858	 -0.000282512
192.88	 0.0237686	 0.0237609	 0.243635	 -0.0580948	 0.0577477	 -0.000278109
192.9	 0.024984	 0.024976	 0.244884	 -0.0607395	 0.0603912	 -0.000273172
192.92	 0.0261909	 0.0261826	 0.246191	 -0.0633651	 0.0630157	 -0.000267703
192.94	 0.0273889	 0.0273803	 0.247553	 -0.0659708	 0.0656202	 -0.000261703
192.96	 0.0285775	 0.0285687	 0.248971	 -0.0685559	 0.0682041	 -0.000255177
192.98	 0.0297564	 0.0297474	 0.250445	 -0.0711196	 0.0707666	 -0.000248129
193	 0.0309253	 0.030916	 0.251973	 -0.0736612	 0.073307	 -0.000240564
193.02	 0.0320836	 0.0320741	 0.253555	 -0.0761799	 0.0758245	 -0.00023249
193.04	 0.0332311	 0.0332213	 0.255191	 -0.078675	 0.0783184	 -0.000223916
193.06	 0.0343673	 0.0343572	 0.25688	 -0.0811458	 0.080788	 -0.000214852
193.08	 0.0354919	 0.0354816	 0.258622	 -0.0835914	 0.0832325	 -0.000205306
193.1	 0.0366044	 0.0365939	 0.260415	 -0.0860112	 0.0856511	 -0.000195289
193.12	 0.0377046	 0.0376938	 0.26226	 -0.0884043	 0.0880432	 -0.000184813
193.14	 0.0387921	 0.038781	 0.264155	 -0.0907702	 0.090408	 -0.00017389
193.16	 0.0398665	 0.0398552	 0.266099	 -0.0931081	 0.0927449	 -0.000162536
193.18	 0.0409275	 0.0409159	 0.268093	 -0.0954173	 0.095053	 -0.000150762
193.2	 0.0419747	 0.0419628	 0.270136	 -0.097697	 0.0973318	 -0.000138583
193.22	 0.0430078	 0.0429956	 0.272226	 -0.0999466	 0.0995804	 -0.000126009
193.24	 0.0440264	 0.044014	 0.274364	 -0.102165	 0.101798	 -0.000113056
193.26	 0.0450302	 0.0450175	 0.276548	 -0.104352	 0.103985	 -9.97383e-05
193.28	 0.046019	 0.046006	 0.278777	 -0.106507	 0.106139	 -8.60723e-05
193.3	 0.0469923	 0.0469791	 0.281051	 -0.10863	 0.10826	 -7.20751e-05
193.32	 0.0479499	 0.0479364	 0.28337	 -0.110718	 0.110349	 -5.77635e-05
193.34	 0.0488914	 0.0488777	 0.285732	 -0.112773	 0.112403	 -4.31542e-05
193.36	 0.0498167	 0.0498026	 0.288136	 -0.114793	 0.114422	 -2.82649e-05
193.38	 0.0507253	 0.050711	 0.290582	 -0.116778	 0.116407	 -1.31145e-05
193.4	 0.0516169	 0.0516024	 0.29307	 -0.118727	 0.118355	 2.27611e-06
193.42	 0.0524914	 0.0524766	 0.295597	 -0.120639	 0.120267	 1.78849e-05
193.44	 0.0533484	 0.0533333	 0.298163	 -0.122514	 0.122142	 3.36896e-05
193.46	 0.0541876	 0.0541723	 0.300768	 -0.124351	 0.123979	 4.9668e-05
193.48	 0.0550089	 0.0549933	 0.303411	 -0.12615	 0.125778	 6.57977e-05
193.5	 0.0558119	 0.055796	 0.30609	 -0.127909	 0.127537	 8.20559e-05
193.52	 0.0565963	 0.0565802	 0.308804	 -0.12963	 0.129258	 9.84188e-05
193.54	 0.0573619	 0.0573456	 0.311554	 -0.131309	 0.130938	 0.000114863
193.56	 0.0581086	 0.058092	 0.314337	 -0.132949	 0.132577	 0.000131366
193.58	 0.058836	 0.0588192	 0.317154	 -0.134547	 0.134176	 0.000147905
193.6	 0.059544	 0.0595269	 0.320002	 -0.136103	 0.135733	 0.000164461
193.62	 0.0602323	 0.0602149	 0.322882	 -0.137617	 0.137248	 0.00018101
193.64	 0.0609007	 0.0608831	 0.325792	 -0.139089	 0.13872	 0.00019753
193.66	 0.061549	 0.0615312	 0.328732	 -0.140517	 0.140149	 0.000213997
193.68	 0.062177	 0.062159	 0.3317	 -0.141901	 0.141534	 0.000230384
193.7	 0.0627845	 0.0627664	 0.334695	 -0.143241	 0.142875	 0.000246668
193.72	 0.0633713	 0.063353	 0.337717	 -0.144536	 0.144171	 0.000262822
193.74	 0.0639373	 0.0639189	 0.340764	 -0.145786	 0.145422	 0.000278825
193.76	 0.0644823	 0.0644637	 0.343836	 -0.146991	 0.146628	 0.000294652
193.78	 0.065006	 0.0649873	 0.346931	 -0.148149	 0.147788	 0.000310281
193.8	 0.0655085	 0.0654896	 0.350048	 -0.149261	 0.148901	 0.000325688
193.82	 0.0659894	 0.0659705	 0.353187	 -0.150326	 0.149968	 0.000340852
193.84	 0.0664488	 0.0664297	 0.356346	 -0.151344	 0.150987	 0.00035575
193.86	 0.0668864	 0.0668672	 0.359524	 -0.152314	 0.151959	 0.000370362
193.88	 0.0673021	 0.0672829	 0.362721	 -0.153236	 0.152883	 0.00038467
193.9	 0.0676958	 0.0676765	 0.365934	 -0.154109	 0.153758	 0.000398651
193.92	 0.0680674	 0.0680481	 0.369164	 -0.154934	 0.154585	 0.000412287
193.94	 0.0684168	 0.0683975	 0.372409	 -0.155709	 0.155362	 0.000425554
193.96	 0.0687439	 0.0687245	 0.375668	 -0.156435	 0.15609	 0.000438434
193.98	 0.0690486	 0.0690292	 0.37894	 -0.157111	 0.156768	 0.000450905
194	 0.0693309	 0.0693115	 0.382224	 -0.157737	 0.157396	 0.00046295
194.02	 0.0695906	 0.0695712	 0.385519	 -0.158312	 0.157974	 0.00047455
194.04	 0.0698278	 0.0698084	 0.388823	 -0.158837	 0.158501	 0.000485689
194.06	 0.0700423	 0.070023	 0.392135	 -0.15931	 0.158978	 0.00049635
194.08	 0.0702341	 0.0702149	 0.395456	 -0.159733	 0.159403	 0.000506515
194.1	 0.0704032	 0.070384	 0.398782	 -0.160104	 0.159777	 0.000516166
194.12	 0.0705496	 0.0705305	 0.402114	 -0.160423	 0.160099	 0.000525288
194.14	 0.0706731	 0.0706541	 0.40545	 -0.160691	 0.16037	 0.000533862
194.16	 0.0707739	 0.070755	 0.408789	 -0.160907	 0.160589	 0.000541874
194.18	 0.0708518	 0.070833	 0.412131	 -0.161071	 0.160756	 0.000549307
194.2	 0.0709069	 0.0708883	 0.415473	 -0.161183	 0.160871	 0.000556148
194.22	 0.0709392	 0.0709207	 0.418815	 -0.161243	 0.160934	 0.000562382
194.24	 0.0709487	 0.0709304	 0.422156	 -0.161251	 0.160945	 0.000567999
194.26	 0.0709354	 0.0709172	 0.425495	 -0.161206	 0.160904	 0.000572987
194.28	 0.0708994	 0.0708814	 0.42883	 -0.161109	 0.160811	 0.000577338
194.3	 0.0708406	 0.0708228	 0.432161	 -0.16096	 0.160665	 0.000581044
194.32	 0.0707591	 0.0707415	 0.435487	 -0.160759	 0.160468	 0.000584098
194.34	 0.0706549	 0.0706375	 0.438806	 -0.160506	 0.160218	 0.000586492
194.36	 0.0705281	 0.070511	 0.442117	 -0.1602	 0.159915	 0.00058822
194.38	 0.0703788	 0.070362	 0.445419	 -0.159841	 0.159561	 0.000589278
194.4	 0.070207	 0.0701904	 0.448712	 -0.15943	 0.159154	 0.000589661
194.42	 0.0700128	 0.0699965	 0.451994	 -0.158967	 0.158695	 0.000589367
194.44	 0.0697963	 0.0697803	 0.455264	 -0.158452	 0.158183	 0.000588396
194.46	 0.0695575	 0.0695418	 0.458522	 -0.157884	 0.15762	 0.000586745
194.48	 0.0692965	 0.0692811	 0.461765	 -0.157265	 0.157004	 0.000584413
194.5	 0.0690135	 0.0689985	 0.464994	 -0.156593	 0.156337	 0.000581402
194.52	 0.0687086	 0.0686939	 0.468206	 -0.15587	 0.155617	 0.000577713
194.54	 0.0683818	 0.0683675	 0.471402	 -0.155095	 0.154847	 0.000573349
194.56	 0.0680333	 0.0680194	 0.474579	 -0.154269	 0.154024	 0.000568316
194.58	 0.0676633	 0.0676497	 0.477738	 -0.153391	 0.153151	 0.00056262
194.6	 0.0672718	 0.0672586	 0.480876	 -0.152463	 0.152226	 0.000556267
194.62	 0.0668591	 0.0668463	 0.483994	 -0.151483	 0.151251	 0.000549265
194.64	 0.0664252	 0.0664128	 0.48709	 -0.150453	 0.150225	 0.00054162
194.66	 0.0659704	 0.0659584	 0.490162	 -0.149373	 0.149149	 0.00053334
194.68	 0.0654947	 0.0654831	 0.493211	 -0.148244	 0.148024	 0.000524435
194.7	 0.0649984	 0.0649872	 0.496235	 -0.147064	 0.146849	 0.000514915
194.72	 0.0644815	 0.0644708	 0.499233	 -0.145836	 0.145624	 0.000504794
194.74	 0.0639444	 0.0639341	 0.502204	 -0.144558	 0.144351	 0.000494089
194.76	 0.0633872	 0.0633773	 0.505148	 -0.143233	 0.14303	 0.000482812
194.78	 0.06281	 0.0628006	 0.508063	 -0.141859	 0.14166	 0.000470981
194.8	 0.0622131	 0.0622042	 0.510948	 -0.140437	 0.140243	 0.00045861
194.82	 0.0615967	 0.0615883	 0.513804	 -0.138969	 0.138778	 0.000445716
194.84	 0.060961	 0.060953	 0.516627	 -0.137454	 0.137267	 0.000432316
194.86	 0.0603062	 0.0602987	 0.519419	 -0.135892	 0.13571	 0.000418428
194.88	 0.0596325	 0.0596255	 0.522177	 -0.134285	 0.134107	 0.000404071
194.9	 0.0589402	 0.0589336	 0.524901	 -0.132632	 0.132458	 0.000389263
194.92	 0.0582294	 0.0582233	 0.527591	 -0.130935	 0.130765	 0.000374022
194.94	 0.0575004	 0.0574949	 0.530245	 -0.129194	 0.129028	 0.000358369
194.96	 0.0567535	 0.0567484	 0.532863	 -0.127409	 0.127247	 0.000342326
194.98	 0.0559888	 0.0559843	 0.535443	 -0.125581	 0.125423	 0.000325919
195	 0.0552067	 0.0552027	 0.537986	 -0.123711	 0.123556	 0.000309173
195.02	 0.0544074	 0.0544039	 0.54049	 -0.121799	 0.121648	 0.000292115
195.04	 0.0535912	 0.0535881	 0.542954	 -0.119846	 0.119699	 0.00027477
195.06	 0.0527583	 0.0527558	 0.545377	 -0.117853	 0.117709	 0.000257163
195.08	 0.051909	 0.051907	 0.54776	 -0.115819	 0.11568	 0.000239319
195.1	 0.0510436	 0.051042	 0.5501	 -0.113747	 0.113611	 0.000221265
195.12	 0.0501623	 0.0501612	 0.552398	 -0.111637	 0.111504	 0.000203025
195.14	 0.0492655	 0.0492649	 0.554653	 -0.109489	 0.109359	 0.000184627
195.16	 0.0483533	 0.0483532	 0.556863	 -0.107304	 0.107178	 0.000166099
195.18	 0.0474262	 0.0474266	 0.559029	 -0.105082	 0.10496	 0.000147466
195.2	 0.0464844	 0.0464852	 0.56115	 -0.102826	 0.102706	 0.000128756
195.22	 0.0455281	 0.0455294	 0.563225	 -0.100535	 0.100419	 0.000109996
195.24	 0.0445577	 0.0445595	 0.565253	 -0.0982099	 0.0980967	 9.12142e-05
195.26	 0.0435736	 0.0435758	 0.567234	 -0.0958521	 0.0957419	 7.24407e-05
195.28	 0.042576	 0.0425787	 0.569166	 -0.0934622	 0.0933549	 5.37043e-05
195.3	 0.0415652	 0.0415683	 0.571051	 -0.0910411	 0.0909367	 3.50337e-05
195.32	 0.0405416	 0.0405452	 0.572886	 -0.0885897	 0.088488	 1.6457e-05
195.34	 0.0395054	 0.0395095	 0.574672	 -0.0861088	 0.0860097	 -1.99836e-06
195.36	 0.0384571	 0.0384616	 0.576408	 -0.0835993	 0.0835029	 -2.03048e-05
195.38	 0.037397	 0.0374019	 0.578093	 -0.0810622	 0.0809682	 -3.84343e-05
195.4	 0.0363253	 0.0363306	 0.579727	 -0.0784984	 0.0784067	 -5.63588e-05
195.42	 0.0352424	 0.0352482	 0.581309	 -0.0759086	 0.0758192	 -7.40504e-05
195.44	 0.0341488	 0.0341549	 0.582839	 -0.0732938	 0.0732067	 -9.14821e-05
195.46	 0.0330446	 0.0330511	 0.584316	 -0.070655	 0.0705699	 -0.000108628
195.48	 0.0319303	 0.0319371	 0.585741	 -0.067993	 0.0679099	 -0.000125464
195.5	 0.0308061	 0.0308133	 0.587111	 -0.0653088	 0.0652276	 -0.000141965
195.52	 0.0296725	 0.02968	 0.588428	 -0.0626033	 0.0625239	 -0.000158109
195.54	 0.0285298	 0.0285377	 0.58969	 -0.0598775	 0.0597998	 -0.000173872
195.56	 0.0273784	 0.0273865	 0.590898	 -0.0571324	 0.0570562	 -0.000189231
195.58	 0.0262186	 0.026227	 0.592051	 -0.0543688	 0.0542942	 -0.000204163
195.6	 0.0250507	 0.0250594	 0.593148	 -0.0515879	 0.0515146	 -0.000218646
195.62	 0.0238751	 0.023884	 0.594189	 -0.0487906	 0.0487186	 -0.000232658
195.64	 0.0226922	 0.0227014	 0.595174	 -0.0459778	 0.0459069	 -0.000246174
195.66	 0.0215024	 0.0215117	 0.596103	 -0.0431506	 0.0430807	 -0.000259175
195.68	 0.0203059	 0.0203155	 0.596975	 -0.0403098	 0.0402409	 -0.000271636
195.7	 0.0191032	 0.019113	 0.59779	 -0.0374566	 0.0373885	 -0.000283538
195.72	 0.0178946	 0.0179046	 0.598547	 -0.0345919	 0.0345245	 -0.00029486
195.74	 0.0166806	 0.0166906	 0.599248	 -0.0317167	 0.0316499	 -0.000305582
195.76	 0.0154614	 0.0154716	 0.59989	 -0.0288319	 0.0287656	 -0.000315686
195.78	 0.0142374	 0.0142477	 0.600475	 -0.0259387	 0.0258727	 -0.000325155
195.8	 0.0130091	 0.0130194	 0.601002	 -0.0230379	 0.0229722	 -0.00033397
195.82	 0.0117767	 0.0117871	 0.60147	 -0.0201306	 0.020065	 -0.000342116
195.84	 0.0105407	 0.0105511	 0.60188	 -0.0172177	 0.0171521	 -0.000349578
195.86	 0.00930142	 0.00931188	 0.602231	 -0.0143004	 0.0142347	 -0.000356343
195.88	 0.00805925	 0.00806971	 0.602524	 -0.0113797	 0.0113137	 -0.000362399
195.9	 0.00681456	 0.006825	 0.602757	 -0.00845657	 0.00839021	 -0.000367735
195.92	 0.00556773	 0.00557813	 0.602932	 -0.00553208	 0.00546521	 -0.000372342
195.94	 0.00431913	 0.00432946	 0.603048	 -0.0026072	 0.0025397	 -0.000376213
195.96	 0.00306914	 0.00307939	 0.603105	 0.000317058	 -0.000385322	 -0.00037934
195.98	 0.00181812	 0.00182828	 0.603103	 0.0032397	 -0.00330886	 -0.000381719
196	 0.000566467	 0.0005765	 0.603042	 0.00615972	 -0.0062299	 -0.000383347
196.02	 -0.000685455	 -0.000675563	 0.602922	 0.00907611	 -0.00914744	 -0.000384223
196.04	 -0.00193726	 -0.00192753	 0.602743	 0.0119879	 -0.0120605	 -0.000384345
196.06	 -0.00318858	 -0.00317903	 0.602505	 0.0148941	 -0.0149681	 -0.000383713
196.08	 -0.00443902	 -0.00442968	 0.602208	 0.0177937	 -0.0178693	 -0.000382326
196.1	 -0.00568821	 -0.0056791	 0.601853	 0.020686	 -0.0207632	 -0.000380186
196.12	 -0.00693577	 -0.0069269	 0.601438	 0.0235698	 -0.0236488	 -0.000377292
196.14	 -0.00818132	 -0.00817273	 0.600966	 0.0264444	 -0.0265253	 -0.000373649
196.16	 -0.00942448	 -0.00941619	 0.600434	 0.0293088	 -0.0293917	 -0.000369261
196.18	 -0.0106649	 -0.0106569	 0.599845	 0.032162	 -0.0322471	 -0.000364133
196.2	 -0.0119022	 -0.0118945	 0.599198	 0.0350032	 -0.0350906	 -0.000358272
196.22	 -0.0131359	 -0.0131286	 0.598492	 0.0378315	 -0.0379212	 -0.000351687
196.24	 -0.0143658	 -0.0143589	 0.597729	 0.0406459	 -0.0407382	 -0.000344387
196.26	 -0.0155914	 -0.0155849	 0.596909	 0.0434456	 -0.0435406	 -0.000336382
196.28	 -0.0168124	 -0.0168063	 0.596032	 0.0462297	 -0.0463274	 -0.000327685
196.3	 -0.0180284	 -0.0180227	 0.595097	 0.0489971	 -0.0490977	 -0.00031831
196.32	 -0.019239	 -0.0192338	 0.594107	 0.0517469	 -0.0518506	 -0.000308272
196.34	 -0.0204438	 -0.0204391	 0.59306	 0.0544781	 -0.0545849	 -0.000297587
196.36	 -0.0216425	 -0.0216383	 0.591957	 0.0571898	 -0.0572999	 -0.000286271
196.38	 -0.0228347	 -0.022831	 0.590798	 0.0598811	 -0.0599946	 -0.000274342
196.4	 -0.0240201	 -0.0240169	 0.589584	 0.0625511	 -0.0626681	 -0.000261821
196.42	 -0.0251983	 -0.0251956	 0.588315	 0.0651988	 -0.0653195	 -0.000248727
196.44	 -0.0263689	 -0.0263668	 0.586992	 0.0678234	 -0.0679479	 -0.000235082
196.46	 -0.0275315	 -0.02753	 0.585615	 0.0704241	 -0.0705525	 -0.000220907
196.48	 -0.0286859	 -0.028685	 0.584184	 0.0729999	 -0.0731323	 -0.000206223
196.5	 -0.0298316	 -0.0298313	 0.5827	 0.07555	 -0.0756866	 -0.000191051
196.52	 -0.0309684	 -0.0309687	 0.581163	 0.0780738	 -0.0782146	 -0.000175414
196.54	 -0.0320958	 -0.0320967	 0.579574	 0.0805704	 -0.0807156	 -0.000159334
196.56	 -0.0332136	 -0.0332151	 0.577934	 0.0830391	 -0.0831887	 -0.000142833
196.58	 -0.0343213	 -0.0343234	 0.576242	 0.0854791	 -0.0856334	 -0.000125937
196.6	 -0.0354186	 -0.0354214	 0.574499	 0.0878898	 -0.0880488	 -0.00010867
196.62	 -0.0365052	 -0.0365087	 0.572706	 0.0902705	 -0.0904343	 -9.10571e-05
196.64	 -0.0375808	 -0.0375849	 0.570863	 0.0926206	 -0.0927893	 -7.31251e-05
196.66	 -0.038645	 -0.0386498	 0.568972	 0.0949392	 -0.0951129	 -5.49009e-05
196.68	 -0.0396974	 -0.0397029	 0.567032	 0.0972258	 -0.0974046	 -3.6413e-05
196.7	 -0.0407378	 -0.040744	 0.565044	 0.0994795	 -0.0996636	 -1.76912e-05
196.72	 -0.0417657	 -0.0417727	 0.563008	 0.1017	 -0.101889	 1.23394e-06
196.74	 -0.042781	 -0.0427887	 0.560927	 0.103886	 -0.10408	 2.03316e-05
196.76	 -0.0437832	 -0.0437916	 0.558799	 0.106036	 -0.106237	 3.95711e-05
196.78	 -0.044772	 -0.0447811	 0.556626	 0.108152	 -0.108357	 5.89224e-05
196.8	 -0.0457471	 -0.045757	 0.554408	 0.11023	 -0.110442	 7.83554e-05
196.82	 -0.0467082	 -0.0467188	 0.552146	 0.112272	 -0.112489	 9.78403e-05
196.84	 -0.047655	 -0.0476663	 0.549842	 0.114276	 -0.114499	 0.000117347
196.86	 -0.0485872	 -0.0485993	 0.547494	 0.116242	 -0.116471	 0.000136847
196.88	 -0.0495044	 -0.0495173	 0.545105	 0.11817	 -0.118404	 0.000156313
196.9	 -0.0504065	 -0.0504201	 0.542675	 0.120058	 -0.120298	 0.000175716
196.92	 -0.0512931	 -0.0513075	 0.540205	 0.121906	 -0.122153	 0.00019503
196.94	 -0.0521639	 -0.052179	 0.537695	 0.123714	 -0.123967	 0.000214226
196.96	 -0.0530186	 -0.0530345	 0.535147	 0.125482	 -0.125741	 0.000233276
196.98	 -0.053857	 -0.0538737	 0.53256	 0.127208	 -0.127473	 0.000252147
197	 -0.0546788	 -0.0546962	 0.529937	 0.128892	 -0.129164	 0.00027081
197.02	 -0.0554836	 -0.0555018	 0.527277	 0.130535	 -0.130813	 0.000289234
197.04	 -0.0562713	 -0.0562903	 0.524581	 0.132134	 -0.132419	 0.00030739
197.06	 -0.0570415	 -0.0570612	 0.521851	 0.133691	 -0.133982	 0.000325249
197.08	 -0.057794	 -0.0578145	 0.519087	 0.135204	 -0.135501	 0.000342783
197.1	 -0.0585285	 -0.0585497	 0.516291	 0.136672	 -0.136976	 0.000359965
197.12	 -0.0592448	 -0.0592668	 0.513462	 0.138096	 -0.138407	 0.000376769
197.14	 -0.0599426	 -0.0599654	 0.510603	 0.139476	 -0.139793	 0.000393167
197.16	 -0.0606217	 -0.0606452	 0.507713	 0.14081	 -0.141133	 0.000409135
197.18	 -0.0612819	 -0.0613061	 0.504794	 0.142099	 -0.142429	 0.000424649
197.2	 -0.0619229	 -0.0619478	 0.501846	 0.143342	 -0.143678	 0.000439688
197.22	 -0.0625444	 -0.0625701	 0.498871	 0.144539	 -0.144882	 0.000454229
197.24	 -0.0631463	 -0.0631727	 0.49587	 0.145689	 -0.146038	 0.00046825
197.26	 -0.0637284	 -0.0637555	 0.492843	 0.146792	 -0.147148	 0.00048173
197.28	 -0.0642904	 -0.0643182	 0.489791	 0.147848	 -0.14821	 0.000494651
197.3	 -0.0648322	 -0.0648606	 0.486716	 0.148856	 -0.149225	 0.000506993
197.32	 -0.0653534	 -0.0653826	 0.483618	 0.149816	 -0.150192	 0.000518742
197.34	 -0.0658541	 -0.0658839	 0.480499	 0.150728	 -0.15111	 0.000529883
197.36	 -0.0663339	 -0.0663644	 0.477358	 0.151591	 -0.15198	 0.000540401
197.38	 -0.0667927	 -0.0668238	 0.474198	 0.152406	 -0.152801	 0.00055028
197.4	 -0.0672303	 -0.0672621	 0.47102	 0.153172	 -0.153574	 0.000559505
197.42	 -0.0676465	 -0.067679	 0.467824	 0.15389	 -0.154298	 0.000568064
197.44	 -0.0680413	 -0.0680743	 0.464611	 0.154558	 -0.154972	 0.000575942
197.46	 -0.0684143	 -0.068448	 0.461382	 0.155176	 -0.155597	 0.00058313
197.48	 -0.0687656	 -0.0687999	 0.458139	 0.155745	 -0.156172	 0.000589621
197.5	 -0.0690948	 -0.0691297	 0.454882	 0.156265	 -0.156698	 0.000595406
197.52	 -0.069402	 -0.0694375	 0.451613	 0.156735	 -0.157174	 0.000600479
197.54	 -0.0696869	 -0.0697229	 0.448332	 0.157154	 -0.1576	 0.000604836
197.56	 -0.0699495	 -0.0699861	 0.445041	 0.157524	 -0.157975	 0.000608469
197.58	 -0.0701896	 -0.0702267	 0.441741	 0.157844	 -0.158301	 0.000611376
197.6	 -0.0704071	 -0.0704448	 0.438432	 0.158114	 -0.158577	 0.000613553
197.62	 -0.0706019	 -0.0706401	 0.435116	 0.158334	 -0.158802	 0.000614998
197.64	 -0.070774	 -0.0708127	 0.431793	 0.158503	 -0.158977	 0.000615711
197.66	 -0.0709232	 -0.0709624	 0.428466	 0.158622	 -0.159102	 0.000615695
197.68	 -0.0710494	 -0.0710891	 0.425134	 0.158691	 -0.159176	 0.000614951
197.7	 -0.0711526	 -0.0711928	 0.4218	 0.15871	 -0.1592	 0.000613483
197.72	 -0.0712328	 -0.0712734	 0.418463	 0.158678	 -0.159174	 0.000611293
197.74	 -0.0712898	 -0.0713309	 0.415126	 0.158597	 -0.159097	 0.000608386
197.76	 -0.0713237	 -0.0713651	 0.411788	 0.158465	 -0.158971	 0.000604767
197.78	 -0.0713343	 -0.0713762	 0.408452	 0.158283	 -0.158794	 0.000600442
197.8	 -0.0713216	 -0.0713639	 0.405119	 0.158052	 -0.158567	 0.00059542
197.82	 -0.0712857	 -0.0713284	 0.401788	 0.15777	 -0.15829	 0.000589714
197.84	 -0.0712265	 -0.0712696	 0.398462	 0.157439	 -0.157963	 0.000583335
197.86	 -0.071144	 -0.0711874	 0.395142	 0.157059	 -0.157587	 0.000576296
197.88	 -0.0710382	 -0.071082	 0.391828	 0.156629	 -0.157162	 0.00056861
197.9	 -0.0709092	 -0.0709532	 0.388522	 0.15615	 -0.156687	 0.000560286
197.92	 -0.0707568	 -0.0708011	 0.385225	 0.155622	 -0.156163	 0.000551339
197.94	 -0.0705811	 -0.0706257	 0.381938	 0.155045	 -0.15559	 0.000541782
197.96	 -0.0703823	 -0.0704271	 0.378662	 0.15442	 -0.154968	 0.000531632
197.98	 -0.0701602	 -0.0702053	 0.375397	 0.153747	 -0.154298	 0.000520907
198	 -0.069915	 -0.0699604	 0.372146	 0.153025	 -0.15358	 0.000509625
198.02	 -0.0696467	 -0.0696923	 0.368908	 0.152256	 -0.152815	 0.000497807
198.04	 -0.0693554	 -0.0694011	 0.365686	 0.15144	 -0.152001	 0.00048547
198.06	 -0.0690411	 -0.069087	 0.36248	 0.150576	 -0.151141	 0.000472635
198.08	 -0.068704	 -0.06875	 0.359291	 0.149666	 -0.150233	 0.000459325
198.1	 -0.068344	 -0.0683902	 0.356121	 0.148709	 -0.149279	 0.000445562
198.12	 -0.0679614	 -0.0680077	 0.352969	 0.147706	 -0.148278	 0.00043137
198.14	 -0.0675562	 -0.0676026	 0.349839	 0.146658	 -0.147232	 0.000416771
198.16	 -0.0671285	 -0.067175	 0.346729	 0.145563	 -0.14614	 0.000401787
198.18	 -0.0666784	 -0.066725	 0.343642	 0.144424	 -0.145002	 0.000386436
198.2	 -0.0662062	 -0.0662527	 0.340578	 0.14324	 -0.14382	 0.000370739
198.22	 -0.0657118	 -0.0657584	 0.337538	 0.142011	 -0.142593	 0.000354719
198.24	 -0.0651955	 -0.0652421	 0.334524	 0.140739	 -0.141322	 0.000338399
198.26	 -0.0646574	 -0.0647039	 0.331536	 0.139423	 -0.140007	 0.000321808
198.28	 -0.0640977	 -0.0641442	 0.328576	 0.138063	 -0.138649	 0.000304973
198.3	 -0.0635165	 -0.0635629	 0.325643	 0.136662	 -0.137248	 0.000287919
198.32	 -0.062914	 -0.0629603	 0.32274	 0.135217	 -0.135805	 0.000270673
198.34	 -0.0622904	 -0.0623366	 0.319867	 0.133731	 -0.134319	 0.000253262
198.36	 -0.0616459	 -0.061692	 0.317026	 0.132204	 -0.132792	 0.000235711
198.38	 -0.0609808	 -0.0610267	 0.314216	 0.130636	 -0.131225	 0.000218049
198.4	 -0.0602951	 -0.0603409	 0.311439	 0.129028	 -0.129617	 0.000200304
198.42	 -0.0595892	 -0.0596348	 0.308696	 0.12738	 -0.127969	 0.000182502
198.44	 -0.0588633	 -0.0589087	 0.305989	 0.125693	 -0.126281	 0.000164669
198.46	 -0.0581175	 -0.0581627	 0.303316	 0.123967	 -0.124555	 0.000146831
198.48	 -0.0573522	 -0.0573972	 0.300681	 0.122203	 -0.12279	 0.000129012
198.5	 -0.0565676	 -0.0566123	 0.298083	 0.120401	 -0.120988	 0.00011124
198.52	 -0.0557639	 -0.0558083	 0.295523	 0.118563	 -0.119149	 9.35408e-05
198.54	 -0.0549414	 -0.0549854	 0.293002	 0.116688	 -0.117272	 7.59396e-05
198.56	 -0.0541003	 -0.0541441	 0.290522	 0.114776	 -0.11536	 5.84601e-05
198.58	 -0.053241	 -0.0532844	 0.288082	 0.11283	 -0.113412	 4.11251e-05
198.6	 -0.0523636	 -0.0524067	 0.285684	 0.110849	 -0.111429	 2.39581e-05
198.62	 -0.0514686	 -0.0515114	 0.283329	 0.108833	 -0.109413	 6.98345e-06
198.64	 -0.0505562	 -0.0505986	 0.281016	 0.106785	 -0.107362	 -9.77379e-06
198.66	 -0.0496267	 -0.0496687	 0.278748	 0.104703	 -0.105279	 -2.62889e-05
198.68	 -0.0486805	 -0.048722	 0.276524	 0.10259	 -0.103163	 -4.25386e-05
198.7	 -0.0477178	 -0.0477589	 0.274346	 0.100445	 -0.101016	 -5.85009e-05
198.72	 -0.046739	 -0.0467796	 0.272215	 0.0982688	 -0.0988374	 -7.41551e-05
198.74	 -0.0457443	 -0.0457845	 0.27013	 0.0960628	 -0.0966289	 -8.94808e-05
198.76	 -0.0447343	 -0.0447739	 0.268093	 0.0938274	 -0.0943907	 -0.000104459
198.78	 -0.0437091	 -0.0437482	 0.266104	 0.0915631	 -0.0921237	 -0.00011907
198.8	 -0.0426691	 -0.0427078	 0.264164	 0.0892708	 -0.0898284	 -0.000133296
198.82	 -0.0416148	 -0.0416529	 0.262274	 0.086951	 -0.0875055	 -0.000147122
198.84	 -0.0405463	 -0.0405839	 0.260434	 0.0846045	 -0.0851558	 -0.000160531
198.86	 -0.0394642	 -0.0395013	 0.258645	 0.0822319	 -0.0827799	 -0.000173508
198.88	 -0.0383688	 -0.0384053	 0.256908	 0.0798341	 -0.0803787	 -0.000186036
198.9	 -0.0372605	 -0.0372964	 0.255222	 0.0774118	 -0.0779527	 -0.0001981
198.92	 -0.0361395	 -0.0361749	 0.25359	 0.0749656	 -0.0755029	 -0.000209689
198.94	 -0.0350064	 -0.0350412	 0.25201	 0.0724963	 -0.0730298	 -0.00022079
198.96	 -0.0338616	 -0.0338957	 0.250485	 0.0700047	 -0.0705343	 -0.000231394
198.98	 -0.0327053	 -0.0327388	 0.249013	 0.0674913	 -0.0680169	 -0.00024149
199	 -0.031538	 -0.0315709	 0.247596	 0.064957	 -0.0654785	 -0.000251069
199.02	 -0.0303601	 -0.0303924	 0.246235	 0.0624025	 -0.0629198	 -0.00026012
199.04	 -0.0291721	 -0.0292036	 0.244929	 0.0598286	 -0.0603415	 -0.000268636
199.06	 -0.0279742	 -0.0280051	 0.243679	 0.057236	 -0.0577445	 -0.000276607
199.08	 -0.026767	 -0.0267972	 0.242486	 0.0546254	 -0.0551295	 -0.000284027
199.1	 -0.0255509	 -0.0255804	 0.24135	 0.0519978	 -0.0524973	 -0.000290889
199.12	 -0.0243262	 -0.0243551	 0.240271	 0.0493538	 -0.0498486	 -0.000297189
199.14	 -0.0230935	 -0.0231216	 0.23925	 0.0466943	 -0.0471844	 -0.000302922
199.16	 -0.021853	 -0.0218805	 0.238287	 0.04402	 -0.0445053	 -0.000308084
199.18	 -0.0206054	 -0.0206321	 0.237383	 0.0413318	 -0.0418122	 -0.000312674
199.2	 -0.0193509	 -0.0193769	 0.236537	 0.0386303	 -0.0391058	 -0.000316689
199.22	 -0.0180901	 -0.0181154	 0.23575	 0.0359164	 -0.0363869	 -0.000320131
199.24	 -0.0168233	 -0.0168478	 0.235022	 0.033191	 -0.0336564	 -0.000322998
199.26	 -0.015551	 -0.0155748	 0.234354	 0.0304546	 -0.030915	 -0.000325292
199.28	 -0.0142736	 -0.0142967	 0.233746	 0.0277084	 -0.0281635	 -0.000327012
199.3	 -0.0129916	 -0.0130139	 0.233198	 0.0249529	 -0.0254028	 -0.000328164
199.32	 -0.0117054	 -0.011727	 0.23271	 0.022189	 -0.0226337	 -0.000328749
199.34	 -0.0104155	 -0.0104363	 0.232282	 0.0194175	 -0.019857	 -0.000328774
199.36	 -0.00912225	 -0.00914235	 0.231915	 0.0166393	 -0.0170734	 -0.000328242
199.38	 -0.00782617	 -0.00784552	 0.231608	 0.0138552	 -0.014284	 -0.000327157
199.4	 -0.00652769	 -0.00654628	 0.231362	 0.011066	 -0.0114894	 -0.000325524
199.42	 -0.00522725	 -0.00524509	 0.231177	 0.00827258	 -0.00869067	 -0.000323348
199.44	 -0.00392531	 -0.00394238	 0.231053	 0.00547587	 -0.00588857	 -0.000320636
199.46	 -0.00262231	 -0.00263862	 0.23099	 0.00267666	 -0.00308396	 -0.000317396
199.48	 -0.0013187	 -0.00133425	 0.230988	 -0.00012426	 -0.000277646	 -0.000313638
199.5	 -1.49248e-05	 -2.97054e-05	 0.231047	 -0.00292607	 0.00252957	 -0.000309374
199.52	 0.00128858	 0.00127456	 0.231167	 -0.00572796	 0.00533685	 -0.000304613
199.54	 0.00259135	 0.0025781	 0.231348	 -0.00852906	 0.00814335	 -0.000299367
199.56	 0.00389296	 0.00388046	 0.23159	 -0.0113285	 0.0109482	 -0.000293644
199.58	 0.00519294	 0.0051812	 0.231893	 -0.0141255	 0.0137505	 -0.000287457
199.6	 0.00649084	 0.00647987	 0.232257	 -0.0169191	 0.0165495	 -0.000280816
199.62	 0.00778623	 0.00777601	 0.232681	 -0.0197087	 0.0193444	 -0.000273736
199.64	 0.00907867	 0.0090692	 0.233166	 -0.0224932	 0.0221343	 -0.000266232
199.66	 0.0103677	 0.010359	 0.233711	 -0.025272	 0.0249183	 -0.000258316
199.68	 0.0116529	 0.0116449	 0.234317	 -0.0280441	 0.0276957	 -0.000250002
199.7	 0.0129338	 0.0129266	 0.234982	 -0.0308088	 0.0304656	 -0.000241305
199.72	 0.0142101	 0.0142035	 0.235707	 -0.0335652	 0.0332272	 -0.000232238
199.74	 0.0154812	 0.0154754	 0.236492	 -0.0363124	 0.0359797	 -0.000222817
199.76	 0.0167467	 0.0167416	 0.237336	 -0.0390498	 0.0387222	 -0.000213058
199.78	 0.0180062	 0.0180019	 0.238239	 -0.0417765	 0.0414539	 -0.000202976
199.8	 0.0192594	 0.0192557	 0.239201	 -0.0444916	 0.0441741	 -0.000192585
199.82	 0.0205057	 0.0205027	 0.240222	 -0.0471943	 0.0468818	 -0.000181902
199.84	 0.0217447	 0.0217424	 0.2413	 -0.0498838	 0.0495762	 -0.000170938
199.86	 0.0229761	 0.0229745	 0.242436	 -0.0525592	 0.0522565	 -0.00015971
199.88	 0.0241994	 0.0241985	 0.24363	 -0.0552197	 0.0549218	 -0.000148232
199.9	 0.0254142	 0.025414	 0.244881	 -0.0578644	 0.0575714	 -0.000136522
199.92	 0.0266201	 0.0266205	 0.246188	 -0.0604927	 0.0602044	 -0.000124596
199.94	 0.0278168	 0.0278178	 0.247552	 -0.0631038	 0.0628201	 -0.000112472
199.96	 0.0290037	 0.0290054	 0.248971	 -0.0656968	 0.0654177	 -0.000100167
199.98	 0.0301806	 0.0301829	 0.250445	 -0.068271	 0.0679964	 -8.76972e-05
200	 0.031347	 0.0313499	 0.251975	 -0.0708257	 0.0705555	 -7.50818e-05
