0	 0	 0	 0	 -0	 0	 -0
0.02	 8.4046e-08	 -5.79587e-08	 -6.82627e-05	 -9.78969e-07	 -1.15315e-06	 -2.6889e-09
0.04	 -0.000234632	 -1.99652e-07	 -0.00127325	 -3.82587e-06	 0.00318983	 4.30743e-07
0.06	 -0.000602122	 -4.18017e-07	 -0.00403972	 -9.42678e-06	 0.00858533	 1.09686e-06
0.08	 -0.00110189	 -6.76202e-07	 -0.00873575	 -1.84906e-05	 0.0162137	 1.90282e-06
0.1	 -0.00173678	 -9.22969e-07	 -0.0154949	 -3.13519e-05	 0.0260226	 2.84333e-06
0.12	 -0.00251345	 -1.11873e-06	 -0.0242404	 -4.79818e-05	 0.0379644	 3.90134e-06
0.14	 -0.00343544	 -1.24946e-06	 -0.0347576	 -6.80516e-05	 0.0519871	 5.07991e-06
0.16	 -0.00450181	 -1.32987e-06	 -0.0467832	 -9.10759e-05	 0.0680501	 6.39011e-06
0.18	 -0.00570749	 -1.39433e-06	 -0.0600816	 -0.000116557	 0.0861204	 7.84428e-06
0.2	 -0.0070452	 -1.48214e-06	 -0.0744924	 -0.000144104	 0.106166	 9.4478e-06
0.22	 -0.00850779	 -1.62343e-06	 -0.089944	 -0.000173487	 0.128152	 1.11955e-05
0.24	 -0.0100893	 -1.83069e-06	 -0.106439	 -0.000204647	 0.152032	 1.30709e-05
0.26	 -0.0117855	 -2.09775e-06	 -0.124025	 -0.000237642	 0.177751	 1.50491e-05
0.28	 -0.0135929	 -2.40497e-06	 -0.142756	 -0.000272585	 0.205248	 1.71015e-05
0.3	 -0.0155081	 -2.72763e-06	 -0.162671	 -0.000309572	 0.234454	 1.91995e-05
0.32	 -0.0175269	 -3.04412e-06	 -0.183771	 -0.000348633	 0.265302	 2.13179e-05
0.34	 -0.019644	 -3.34136e-06	 -0.20602	 -0.000389713	 0.297722	 2.34357e-05
0.36	 -0.021853	 -3.61639e-06	 -0.229351	 -0.000432679	 0.331643	 2.55354e-05
0.38	 -0.0241472	 -3.87447e-06	 -0.253679	 -0.000477341	 0.366993	 2.76016e-05
0.4	 -0.0265191	 -4.12519e-06	 -0.278915	 -0.00052349	 0.403697	 2.96191e-05
0.42	 -0.0289619	 -4.37812e-06	 -0.304978	 -0.000570924	 0.441678	 3.15714e-05
0.44	 -0.0314685	 -4.63961e-06	 -0.331797	 -0.000619472	 0.480854	 3.34404e-05
0.46	 -0.0340321	 -4.91124e-06	 -0.359316	 -0.000668994	 0.52114	 3.5206e-05
0.48	 -0.0366462	 -5.19013e-06	 -0.387487	 -0.000719382	 0.562452	 3.68472e-05
0.5	 -0.0393039	 -5.47043e-06	 -0.416267	 -0.000770544	 0.604699	 3.83425e-05
0.52	 -0.0419981	 -5.74535e-06	 -0.445613	 -0.000822387	 0.647795	 3.96709e-05
0.54	 -0.0447216	 -6.00889e-06	 -0.475475	 -0.000874814	 0.691647	 4.08123e-05
0.56	 -0.0474669	 -6.25701e-06	 -0.505799	 -0.000927707	 0.736167	 4.17479e-05
0.58	 -0.0502264	 -6.48778e-06	 -0.536522	 -0.000980936	 0.781263	 4.24603e-05
0.6	 -0.0529927	 -6.70105e-06	 -0.567579	 -0.00103436	 0.826842	 4.29333e-05
0.62	 -0.0557581	 -6.89757e-06	 -0.598901	 -0.00108783	 0.872812	 4.31517e-05
0.64	 -0.0585152	 -7.07821e-06	 -0.630421	 -0.00114119	 0.91908	 4.3101e-05
0.66	 -0.0612567	 -7.24328e-06	 -0.662073	 -0.00119431	 0.965552	 4.27676e-05
0.68	 -0.0639752	 -7.39227e-06	 -0.693792	 -0.00124705	 1.01213	 4.21384e-05
0.7	 -0.0666635	 -7.52389e-06	 -0.725518	 -0.00129929	 1.05874	 4.12013e-05
0.72	 -0.0693144	 -7.63633e-06	 -0.757191	 -0.00135091	 1.10526	 3.99449e-05
0.74	 -0.071921	 -7.72763e-06	 -0.788752	 -0.00140178	 1.15162	 3.83588e-05
0.76	 -0.0744762	 -7.79598e-06	 -0.820143	 -0.0014518	 1.19773	 3.64337e-05
0.78	 -0.0769731	 -7.83996e-06	 -0.851305	 -0.00150085	 1.24348	 3.41615e-05
0.8	 -0.0794052	 -7.8586e-06	 -0.882179	 -0.00154881	 1.28881	 3.15355e-05
0.82	 -0.0817658	 -7.85131e-06	 -0.912706	 -0.00159558	 1.33361	 2.855e-05
0.84	 -0.0840487	 -7.81778e-06	 -0.942828	 -0.00164103	 1.3778	 2.52006e-05
0.86	 -0.0862476	 -7.7578e-06	 -0.972487	 -0.00168506	 1.4213	 2.14839e-05
0.88	 -0.0883566	 -7.67121e-06	 -1.00163	 -0.00172757	 1.46403	 1.73978e-05
0.9	 -0.0903701	 -7.55779e-06	 -1.03019	 -0.00176845	 1.50591	 1.29411e-05
0.92	 -0.0922824	 -7.41728e-06	 -1.05813	 -0.00180761	 1.54685	 8.11376e-06
0.94	 -0.0940884	 -7.24939e-06	 -1.0854	 -0.00184495	 1.58679	 2.91657e-06
0.96	 -0.095783	 -7.05387e-06	 -1.11193	 -0.00188039	 1.62564	 -2.6486e-06
0.98	 -0.0973614	 -6.83057e-06	 -1.13769	 -0.00191385	 1.66334	 -8.57892e-06
1	 -0.0988191	 -6.57948e-06	 -1.16263	 -0.00194525	 1.69983	 -1.48706e-05
1.02	 -0.100152	 -6.30072e-06	 -1.18671	 -0.00197451	 1.73502	 -2.1519e-05
1.04	 -0.101356	 -5.9946e-06	 -1.20988	 -0.00200156	 1.76887	 -2.85184e-05
1.06	 -0.102428	 -5.68687e-06	 -1.2321	 -0.00202644	 1.80131	 -3.59645e-05
1.08	 -0.103367	 -5.4045e-06	 -1.25334	 -0.00204948	 1.83232	 -4.33075e-05
1.1	 -0.10418	 -5.13549e-06	 -1.27357	 -0.00207054	 1.86192	 -5.06909e-05
1.12	 -0.10487	 -4.87789e-06	 -1.29277	 -0.00208958	 1.89008	 -5.81196e-05
1.14	 -0.105444	 -4.63072e-06	 -1.31092	 -0.00210655	 1.91679	 -6.55897e-05
1.16	 -0.105907	 -4.3939e-06	 -1.32801	 -0.00212144	 1.94205	 -7.30973e-05
1.18	 -0.106264	 -4.16793e-06	 -1.34401	 -0.0021342	 1.96583	 -8.0639e-05
1.2	 -0.106519	 -3.9537e-06	 -1.35891	 -0.00214481	 1.98813	 -8.821e-05
1.22	 -0.106675	 -3.75234e-06	 -1.37269	 -0.00215323	 2.00893	 -9.58052e-05
1.24	 -0.106734	 -3.54174e-06	 -1.38533	 -0.00215951	 2.02823	 -0.000103418
1.26	 -0.106697	 -3.31858e-06	 -1.39682	 -0.00216365	 2.04604	 -0.000111042
1.28	 -0.106562	 -3.08257e-06	 -1.40715	 -0.00216564	 2.06236	 -0.000118671
1.3	 -0.106328	 -2.83729e-06	 -1.4163	 -0.00216546	 2.07718	 -0.000126296
1.32	 -0.105995	 -2.58793e-06	 -1.42426	 -0.0021631	 2.09051	 -0.000133911
1.34	 -0.105561	 -2.33922e-06	 -1.43104	 -0.00215854	 2.10236	 -0.00014151
1.36	 -0.105028	 -2.09434e-06	 -1.43661	 -0.00215178	 2.11272	 -0.000149088
1.38	 -0.104396	 -1.85491e-06	 -1.44098	 -0.00214281	 2.12159	 -0.000156641
1.4	 -0.103665	 -1.62156e-06	 -1.44415	 -0.00213164	 2.12895	 -0.000164167
1.42	 -0.102836	 -1.39469e-06	 -1.44612	 -0.00211827	 2.13482	 -0.000171661
1.44	 -0.101909	 -1.17497e-06	 -1.44688	 -0.00210272	 2.13919	 -0.000179122
1.46	 -0.100883	 -9.63568e-07	 -1.44643	 -0.002085	 2.14204	 -0.000186546
1.48	 -0.0997588	 -7.62097e-07	 -1.44478	 -0.00206511	 2.14339	 -0.000193931
1.5	 -0.098536	 -5.72425e-07	 -1.44194	 -0.00204308	 2.14322	 -0.000201275
1.52	 -0.0972142	 -3.96431e-07	 -1.4379	 -0.00201892	 2.14153	 -0.000208578
1.54	 -0.0957933	 -2.35942e-07	 -1.43267	 -0.00199265	 2.13832	 -0.000215838
1.56	 -0.094273	 -9.25838e-08	 -1.42627	 -0.00196429	 2.13358	 -0.000223054
1.58	 -0.0926532	 3.21571e-08	 -1.4187	 -0.00193388	 2.12731	 -0.000230227
1.6	 -0.0909337	 1.36915e-07	 -1.40998	 -0.00190145	 2.1195	 -0.000237357
1.62	 -0.0891143	 2.20345e-07	 -1.40011	 -0.00186701	 2.11014	 -0.000244445
1.64	 -0.0871949	 2.81165e-07	 -1.38911	 -0.00183062	 2.09923	 -0.000251493
1.66	 -0.085175	 3.17836e-07	 -1.37701	 -0.00179231	 2.08676	 -0.000258504
1.68	 -0.0830545	 3.29691e-07	 -1.36381	 -0.00175211	 2.07272	 -0.000265475
1.7	 -0.080833	 3.14608e-07	 -1.34953	 -0.00171008	 2.05712	 -0.000272413
1.72	 -0.0785102	 2.7132e-07	 -1.33419	 -0.00166626	 2.03993	 -0.000279321
1.74	 -0.0760858	 1.98465e-07	 -1.31781	 -0.00162069	 2.02116	 -0.000286203
1.76	 -0.0735597	 9.66867e-08	 -1.30042	 -0.00157339	 2.0008	 -0.000293109
1.78	 -0.0709379	 -3.70761e-08	 -1.28205	 -0.00152443	 1.97888	 -0.000300018
1.8	 -0.0682276	 -2.17303e-07	 -1.26271	 -0.00147363	 1.95542	 -0.000307126
1.82	 -0.0654302	 -4.3992e-07	 -1.24246	 -0.00142117	 1.93042	 -0.000314321
1.84	 -0.0625502	 -7.11041e-07	 -1.22131	 -0.00136721	 1.90391	 -0.000321493
1.86	 -0.0595919	 -8.23682e-07	 -1.19932	 -0.00131077	 1.87594	 -0.000328001
1.88	 -0.0565584	 -9.73661e-07	 -1.17652	 -0.00125336	 1.84653	 -0.000334717
1.9	 -0.0534567	 -1.14999e-06	 -1.15296	 -0.00119474	 1.81576	 -0.000341459
1.92	 -0.0502911	 -1.3106e-06	 -1.12869	 -0.00113468	 1.78367	 -0.000348026
1.94	 -0.0470676	 -1.50856e-06	 -1.10375	 -0.00107361	 1.75031	 -0.000354574
1.96	 -0.0437931	 -1.72708e-06	 -1.0782	 -0.00101146	 1.71577	 -0.000361011
1.98	 -0.0404734	 -1.95557e-06	 -1.05208	 -0.000948333	 1.68008	 -0.000367298
2	 -0.0371156	 -2.20893e-06	 -1.02544	 -0.000884467	 1.64333	 -0.000373477
2.02	 -0.0337265	 -2.47082e-06	 -0.998344	 -0.0008199	 1.60558	 -0.000379476
2.04	 -0.0303129	 -2.74404e-06	 -0.970836	 -0.000754816	 1.56691	 -0.000385301
2.06	 -0.0268819	 -3.03192e-06	 -0.942973	 -0.000689345	 1.52738	 -0.000390943
2.08	 -0.0234404	 -3.32953e-06	 -0.914809	 -0.000623584	 1.48707	 -0.000396362
2.1	 -0.0199956	 -3.64337e-06	 -0.886399	 -0.000557698	 1.44606	 -0.000401559
2.12	 -0.0165549	 -3.97403e-06	 -0.857798	 -0.000491801	 1.40443	 -0.00040651
2.14	 -0.0131256	 -4.32099e-06	 -0.829064	 -0.000426024	 1.36226	 -0.000411187
2.16	 -0.00971508	 -4.6864e-06	 -0.800253	 -0.000360512	 1.31963	 -0.000415577
2.18	 -0.00633049	 -5.06836e-06	 -0.771423	 -0.00029539	 1.27661	 -0.00041965
2.2	 -0.00297886	 -5.46669e-06	 -0.74263	 -0.000230802	 1.2333	 -0.000423385
2.22	 0.000332677	 -5.88192e-06	 -0.713932	 -0.000166896	 1.18976	 -0.000426763
2.24	 0.00359675	 -6.31323e-06	 -0.685387	 -0.000103815	 1.14609	 -0.000429759
2.26	 0.00680604	 -6.76091e-06	 -0.657051	 -4.17064e-05	 1.10236	 -0.000432354
2.28	 0.00995326	 -7.22528e-06	 -0.62898	 1.92875e-05	 1.05867	 -0.000434527
2.3	 0.0130312	 -7.70626e-06	 -0.60123	 7.90292e-05	 1.0151	 -0.000436254
2.32	 0.0160328	 -8.20404e-06	 -0.573855	 0.000137386	 0.971746	 -0.000437515
2.34	 0.018951	 -8.71849e-06	 -0.54691	 0.000194226	 0.928688	 -0.000438288
2.36	 0.0217792	 -9.24966e-06	 -0.520446	 0.000249419	 0.886016	 -0.000438552
2.38	 0.0245105	 -9.79738e-06	 -0.494515	 0.000302838	 0.843815	 -0.000438289
2.4	 0.0271385	 -1.03613e-05	 -0.469169	 0.000354358	 0.802169	 -0.000437476
2.42	 0.0296567	 -1.09412e-05	 -0.444455	 0.000403859	 0.761163	 -0.000436096
2.44	 0.0320588	 -1.15368e-05	 -0.420421	 0.000451222	 0.720881	 -0.000434129
2.46	 0.034339	 -1.21479e-05	 -0.397114	 0.000496335	 0.681402	 -0.000431554
2.48	 0.0364917	 -1.27743e-05	 -0.374577	 0.000539088	 0.642804	 -0.000428355
2.5	 0.0385115	 -1.34152e-05	 -0.352854	 0.000579379	 0.605165	 -0.000424515
2.52	 0.0403934	 -1.40698e-05	 -0.331986	 0.000617111	 0.568558	 -0.000420019
2.54	 0.0421327	 -1.47374e-05	 -0.312013	 0.000652188	 0.533055	 -0.000414852
2.56	 0.0437247	 -1.54171e-05	 -0.292972	 0.000684519	 0.498725	 -0.000409004
2.58	 0.0451655	 -1.61081e-05	 -0.274899	 0.00071402	 0.465635	 -0.000402464
2.6	 0.046451	 -1.68095e-05	 -0.257829	 0.000740612	 0.433848	 -0.000395225
2.62	 0.047578	 -1.752e-05	 -0.241792	 0.000764223	 0.403424	 -0.000387281
2.64	 0.0485433	 -1.82386e-05	 -0.22682	 0.000784788	 0.37442	 -0.000378628
2.66	 0.0493442	 -1.89638e-05	 -0.212939	 0.000802248	 0.346889	 -0.000369263
2.68	 0.0499785	 -1.96945e-05	 -0.200175	 0.000816551	 0.320883	 -0.000359186
2.7	 0.0504441	 -2.04291e-05	 -0.188552	 0.000827653	 0.296449	 -0.000348398
2.72	 0.0507393	 -2.11664e-05	 -0.17809	 0.000835514	 0.273631	 -0.000336902
2.74	 0.0508629	 -2.19047e-05	 -0.168808	 0.000840102	 0.25247	 -0.000324702
2.76	 0.0508141	 -2.26427e-05	 -0.160721	 0.000841394	 0.233003	 -0.000311807
2.78	 0.0505923	 -2.33787e-05	 -0.153845	 0.000839372	 0.215262	 -0.000298225
2.8	 0.0501974	 -2.41113e-05	 -0.14819	 0.000834025	 0.199279	 -0.000283969
2.82	 0.0496294	 -2.48389e-05	 -0.143764	 0.000825349	 0.18508	 -0.000269052
2.84	 0.048889	 -2.556e-05	 -0.140575	 0.000813348	 0.172688	 -0.000253488
2.86	 0.0479769	 -2.62734e-05	 -0.138626	 0.000798031	 0.162123	 -0.000237297
2.88	 0.0468946	 -2.69776e-05	 -0.137917	 0.000779416	 0.153399	 -0.000220497
2.9	 0.0456437	 -2.76711e-05	 -0.13845	 0.000757527	 0.146528	 -0.000203111
2.92	 0.0442261	 -2.8352e-05	 -0.140218	 0.000732401	 0.141518	 -0.000185164
2.94	 0.0426442	 -2.90186e-05	 -0.143218	 0.000704075	 0.138373	 -0.000166683
2.96	 0.0409007	 -2.96693e-05	 -0.147439	 0.000672599	 0.137093	 -0.000147695
2.98	 0.0389987	 -3.03019e-05	 -0.152872	 0.000638029	 0.137673	 -0.000128235
3	 0.0369418	 -3.09146e-05	 -0.159503	 0.000600426	 0.140105	 -0.000108335
3.02	 0.0347337	 -3.15052e-05	 -0.167315	 0.000559863	 0.144377	 -8.80309e-05
3.04	 0.0323787	 -3.20718e-05	 -0.176292	 0.000516417	 0.15047	 -6.7361e-05
3.06	 0.0298814	 -3.26121e-05	 -0.186411	 0.000470173	 0.158364	 -4.6363e-05
3.08	 0.0272466	 -3.31241e-05	 -0.197651	 0.000421222	 0.168035	 -2.50789e-05
3.1	 0.0244794	 -3.36058e-05	 -0.209987	 0.000369661	 0.179454	 -3.54885e-06
3.12	 0.0215855	 -3.40551e-05	 -0.22339	 0.000315592	 0.19259	 1.81834e-05
3.14	 0.0185705	 -3.44697e-05	 -0.237831	 0.000259123	 0.207406	 4.00741e-05
3.16	 0.0154405	 -3.48479e-05	 -0.25328	 0.000200367	 0.223864	 6.20785e-05
3.18	 0.0122017	 -3.51873e-05	 -0.269702	 0.000139443	 0.241921	 8.41506e-05
3.2	 0.00886079	 -3.54861e-05	 -0.287063	 7.64719e-05	 0.261532	 0.000106245
3.22	 0.00542429	 -3.57424e-05	 -0.305325	 1.15794e-05	 0.282648	 0.000128314
3.24	 0.00189918	 -3.59544e-05	 -0.324449	 -5.51057e-05	 0.305217	 0.000150312
3.26	 -0.00170747	 -3.61204e-05	 -0.344396	 -0.000123452	 0.329187	 0.000172191
3.28	 -0.0053884	 -3.62387e-05	 -0.365123	 -0.000193323	 0.354499	 0.000193905
3.3	 -0.00913619	 -3.63077e-05	 -0.386588	 -0.000264582	 0.381094	 0.000215406
3.32	 -0.0129433	 -3.63257e-05	 -0.408745	 -0.000337089	 0.408911	 0.000236648
3.34	 -0.0168021	 -3.62912e-05	 -0.43155	 -0.000410702	 0.437885	 0.000257583
3.36	 -0.0207048	 -3.62025e-05	 -0.454954	 -0.000485276	 0.467951	 0.000278167
3.38	 -0.0246436	 -3.60585e-05	 -0.478911	 -0.000560669	 0.499041	 0.000298353
3.4	 -0.0286107	 -3.58576e-05	 -0.503372	 -0.000636733	 0.531085	 0.000318096
3.42	 -0.032598	 -3.55987e-05	 -0.528286	 -0.000713323	 0.564012	 0.000337353
3.44	 -0.0365976	 -3.52805e-05	 -0.553605	 -0.000790294	 0.59775	 0.000356081
3.46	 -0.0406016	 -3.49022e-05	 -0.579276	 -0.000867498	 0.632226	 0.000374238
3.48	 -0.044602	 -3.44627e-05	 -0.60525	 -0.000944791	 0.667364	 0.000391783
3.5	 -0.0485908	 -3.39614e-05	 -0.631473	 -0.00102203	 0.703088	 0.000408678
3.52	 -0.0525601	 -3.33974e-05	 -0.657893	 -0.00109907	 0.739324	 0.000424885
3.54	 -0.0565022	 -3.27705e-05	 -0.68446	 -0.00117576	 0.775994	 0.000440368
3.56	 -0.0604092	 -3.20801e-05	 -0.71112	 -0.00125198	 0.813022	 0.000455092
3.58	 -0.0642736	 -3.1326e-05	 -0.737821	 -0.00132757	 0.850329	 0.000469025
3.6	 -0.0680877	 -3.05082e-05	 -0.764511	 -0.00140242	 0.887839	 0.000482137
3.62	 -0.0718441	 -2.96267e-05	 -0.791138	 -0.00147637	 0.925476	 0.000494397
3.64	 -0.0755356	 -2.86816e-05	 -0.81765	 -0.0015493	 0.963162	 0.000505779
3.66	 -0.079155	 -2.76734e-05	 -0.843997	 -0.00162109	 1.00082	 0.000516257
3.68	 -0.0826953	 -2.66024e-05	 -0.870128	 -0.00169161	 1.03838	 0.000525807
3.7	 -0.0861497	 -2.54695e-05	 -0.895993	 -0.00176073	 1.07576	 0.000534409
3.72	 -0.0895117	 -2.42753e-05	 -0.921543	 -0.00182835	 1.11288	 0.000542042
3.74	 -0.0927748	 -2.30208e-05	 -0.946729	 -0.00189434	 1.14969	 0.000548688
3.76	 -0.0959329	 -2.17072e-05	 -0.971503	 -0.0019586	 1.1861	 0.000554333
3.78	 -0.09898	 -2.03356e-05	 -0.99582	 -0.00202101	 1.22204	 0.000558962
3.8	 -0.10191	 -1.89074e-05	 -1.01963	 -0.00208149	 1.25744	 0.000562563
3.82	 -0.104718	 -1.74243e-05	 -1.0429	 -0.00213992	 1.29225	 0.000565126
3.84	 -0.107399	 -1.58879e-05	 -1.06557	 -0.00219622	 1.32638	 0.000566643
3.86	 -0.109947	 -1.43e-05	 -1.08762	 -0.00225029	 1.35979	 0.000567109
3.88	 -0.112358	 -1.26626e-05	 -1.10898	 -0.00230205	 1.39239	 0.000566519
3.9	 -0.114628	 -1.09777e-05	 -1.12964	 -0.00235143	 1.42415	 0.000564869
3.92	 -0.116752	 -9.24777e-06	 -1.14955	 -0.00239834	 1.45498	 0.000562161
3.94	 -0.118726	 -7.47502e-06	 -1.16867	 -0.00244271	 1.48485	 0.000558395
3.96	 -0.120548	 -5.662e-06	 -1.18697	 -0.00248448	 1.5137	 0.000553573
3.98	 -0.122213	 -3.81138e-06	 -1.20441	 -0.0025236	 1.54147	 0.000547702
4	 -0.123724	 -1.97653e-06	 -1.22098	 -0.00256087	 1.56815	 0.000541773
4.02	 -0.125085	 -1.28638e-07	 -1.23664	 -0.00259603	 1.5937	 0.000535467
4.04	 -0.126301	 1.78222e-06	 -1.25138	 -0.00262885	 1.61811	 0.000528987
4.06	 -0.127376	 3.75111e-06	 -1.26518	 -0.00265941	 1.64137	 0.000522279
4.08	 -0.128314	 5.77618e-06	 -1.27802	 -0.00268764	 1.66347	 0.00051535
4.1	 -0.129119	 7.85067e-06	 -1.2899	 -0.00271353	 1.6844	 0.000508209
4.12	 -0.129794	 9.96659e-06	 -1.30081	 -0.002737	 1.70415	 0.000500868
4.14	 -0.130343	 1.21171e-05	 -1.31072	 -0.00275803	 1.72271	 0.000493338
4.16	 -0.130766	 1.42976e-05	 -1.31963	 -0.00277658	 1.74008	 0.000485628
4.18	 -0.131068	 1.65054e-05	 -1.32753	 -0.00279263	 1.75624	 0.000477751
4.2	 -0.131249	 1.8739e-05	 -1.33441	 -0.00280615	 1.77119	 0.000469718
4.22	 -0.131314	 2.0997e-05	 -1.34025	 -0.00281713	 1.78492	 0.000461538
4.24	 -0.131262	 2.32777e-05	 -1.34505	 -0.00282557	 1.79742	 0.000453221
4.26	 -0.131098	 2.55787e-05	 -1.34881	 -0.00283145	 1.80869	 0.000444779
4.28	 -0.130821	 2.7897e-05	 -1.35152	 -0.00283476	 1.81871	 0.000436219
4.3	 -0.130435	 3.02291e-05	 -1.35318	 -0.0028355	 1.82747	 0.000427553
4.32	 -0.129941	 3.25715e-05	 -1.35378	 -0.00283367	 1.83498	 0.000418789
4.34	 -0.129338	 3.49205e-05	 -1.35334	 -0.00282926	 1.84122	 0.000409936
4.36	 -0.12863	 3.72727e-05	 -1.35185	 -0.00282229	 1.84618	 0.000401005
4.38	 -0.127816	 3.96247e-05	 -1.34932	 -0.00281275	 1.84986	 0.000392004
4.4	 -0.126896	 4.19732e-05	 -1.34574	 -0.00280067	 1.85225	 0.000382942
4.42	 -0.125872	 4.43145e-05	 -1.34113	 -0.00278605	 1.85335	 0.000373833
4.44	 -0.124743	 4.66459e-05	 -1.33549	 -0.0027689	 1.85314	 0.000364677
4.46	 -0.123509	 4.89634e-05	 -1.32882	 -0.00274927	 1.85162	 0.000355486
4.48	 -0.12217	 5.12637e-05	 -1.32115	 -0.00272715	 1.84879	 0.000346266
4.5	 -0.120726	 5.35432e-05	 -1.31248	 -0.00270258	 1.84464	 0.000337023
4.52	 -0.119175	 5.58005e-05	 -1.30281	 -0.00267556	 1.83917	 0.00032772
4.54	 -0.117518	 5.80282e-05	 -1.29218	 -0.00264616	 1.83236	 0.000318423
4.56	 -0.115753	 6.02244e-05	 -1.28058	 -0.0026144	 1.82422	 0.000309122
4.58	 -0.113879	 6.23854e-05	 -1.26804	 -0.00258033	 1.81474	 0.000299821
4.6	 -0.111894	 6.45077e-05	 -1.25458	 -0.00254398	 1.80392	 0.000290523
4.62	 -0.109798	 6.65883e-05	 -1.2402	 -0.00250539	 1.79175	 0.000281217
4.64	 -0.107589	 6.86225e-05	 -1.22494	 -0.00246459	 1.77824	 0.000271886
4.66	 -0.10527	 7.05855e-05	 -1.20881	 -0.00242174	 1.7634	 0.000262502
4.68	 -0.102847	 7.25528e-05	 -1.19185	 -0.0023756	 1.74728	 0.000251676
4.7	 -0.100324	 7.43564e-05	 -1.17408	 -0.00232769	 1.72991	 0.00024063
4.72	 -0.0977084	 7.60253e-05	 -1.15555	 -0.00227768	 1.71133	 0.000229195
4.74	 -0.0950043	 7.76395e-05	 -1.13629	 -0.00222494	 1.69155	 0.000216955
4.76	 -0.0922176	 7.90888e-05	 -1.11634	 -0.00217054	 1.67063	 0.000204312
4.78	 -0.0893547	 8.04378e-05	 -1.09574	 -0.00211405	 1.64862	 0.00019108
4.8	 -0.0864211	 8.1684e-05	 -1.07452	 -0.00205562	 1.62555	 0.000177244
4.82	 -0.0834229	 8.2791e-05	 -1.05274	 -0.00199562	 1.60148	 0.000162956
4.84	 -0.0803662	 8.37925e-05	 -1.03043	 -0.00193382	 1.57646	 0.000148107
4.86	 -0.0772572	 8.46639e-05	 -1.00763	 -0.00187052	 1.55054	 0.000132769
4.88	 -0.0741025	 8.53983e-05	 -0.984388	 -0.00180581	 1.52379	 0.00011698
4.9	 -0.0709088	 8.60052e-05	 -0.960746	 -0.00173971	 1.49625	 0.000100717
4.92	 -0.0676827	 8.64698e-05	 -0.936749	 -0.00167243	 1.46799	 8.40485e-05
4.94	 -0.0644311	 8.67955e-05	 -0.912445	 -0.00160404	 1.43907	 6.69834e-05
4.96	 -0.0611608	 8.69834e-05	 -0.88788	 -0.00153466	 1.40954	 4.95317e-05
4.98	 -0.0578788	 8.70265e-05	 -0.863101	 -0.00146445	 1.37947	 3.17324e-05
5	 -0.0545922	 8.69269e-05	 -0.838157	 -0.0013935	 1.34892	 1.36e-05
5.02	 -0.0513079	 8.66821e-05	 -0.813094	 -0.00132195	 1.31797	 -4.83512e-06
5.04	 -0.0480331	 8.62898e-05	 -0.787962	 -0.00124993	 1.28667	 -2.35365e-05
5.06	 -0.0447747	 8.57517e-05	 -0.762809	 -0.00117754	 1.25509	 -4.24742e-05
5.08	 -0.0415394	 8.5067e-05	 -0.737684	 -0.00110491	 1.2233	 -6.16064e-05
5.1	 -0.0383338	 8.42361e-05	 -0.712635	 -0.00103214	 1.19135	 -8.08949e-05
5.12	 -0.0351647	 8.32581e-05	 -0.687713	 -0.000959398	 1.15933	 -0.000100311
5.14	 -0.0320391	 8.21332e-05	 -0.662964	 -0.000886835	 1.12729	 -0.000119819
5.16	 -0.0289637	 8.08629e-05	 -0.638439	 -0.000814589	 1.09531	 -0.000139382
5.18	 -0.0259452	 7.9448e-05	 -0.614183	 -0.000742811	 1.06346	 -0.000158961
5.2	 -0.0229901	 7.789e-05	 -0.590244	 -0.00067164	 1.0318	 -0.000178518
5.22	 -0.0201048	 7.61904e-05	 -0.566666	 -0.000601213	 1.00041	 -0.000198013
5.24	 -0.0172953	 7.43506e-05	 -0.543495	 -0.000531666	 0.969355	 -0.000217405
5.26	 -0.0145676	 7.23721e-05	 -0.520774	 -0.00046313	 0.938698	 -0.000236656
5.28	 -0.0119276	 7.02571e-05	 -0.498546	 -0.000395736	 0.90851	 -0.000255726
5.3	 -0.00938083	 6.80075e-05	 -0.476851	 -0.000329613	 0.878858	 -0.000274574
5.32	 -0.0069327	 6.56258e-05	 -0.455731	 -0.000264889	 0.849806	 -0.000293159
5.34	 -0.00458842	 6.31144e-05	 -0.435224	 -0.000201687	 0.82142	 -0.000311441
5.36	 -0.00235294	 6.0476e-05	 -0.415368	 -0.000140126	 0.793763	 -0.000329377
5.38	 -0.000230907	 5.7714e-05	 -0.3962	 -8.03141e-05	 0.766895	 -0.000346924
5.4	 0.00177333	 5.48322e-05	 -0.377754	 -2.23568e-05	 0.740875	 -0.000364044
5.42	 0.00365567	 5.18347e-05	 -0.360065	 3.36397e-05	 0.71576	 -0.000380698
5.44	 0.00541226	 4.87257e-05	 -0.343165	 8.75752e-05	 0.691606	 -0.000396846
5.46	 0.00703968	 4.55101e-05	 -0.327084	 0.000139358	 0.668466	 -0.000412448
5.48	 0.00853477	 4.21924e-05	 -0.31185	 0.000188892	 0.646391	 -0.00042747
5.5	 0.00989469	 3.8778e-05	 -0.297492	 0.000236095	 0.625428	 -0.000441874
5.52	 0.011117	 3.52722e-05	 -0.284034	 0.000280888	 0.605624	 -0.000455625
5.54	 0.0121997	 3.16801e-05	 -0.2715	 0.000323192	 0.587021	 -0.000468692
5.56	 0.0131409	 2.8008e-05	 -0.259912	 0.000362945	 0.569659	 -0.000481043
5.58	 0.0139394	 2.42612e-05	 -0.24929	 0.00040007	 0.553575	 -0.000492651
5.6	 0.014594	 2.04458e-05	 -0.239652	 0.000434513	 0.538804	 -0.000503486
5.62	 0.015104	 1.65677e-05	 -0.231013	 0.000466211	 0.525377	 -0.000513525
5.64	 0.0154689	 1.26337e-05	 -0.223388	 0.000495124	 0.513325	 -0.000522742
5.66	 0.0156888	 8.64976e-06	 -0.216788	 0.000521201	 0.502673	 -0.000531117
5.68	 0.0157639	 4.62255e-06	 -0.211223	 0.000544411	 0.493445	 -0.000538629
5.7	 0.0156947	 5.58289e-07	 -0.206701	 0.000564717	 0.485661	 -0.00054526
5.72	 0.0154823	 -3.53625e-06	 -0.203227	 0.000582098	 0.479339	 -0.000550995
5.74	 0.0151278	 -7.65488e-06	 -0.200805	 0.000596529	 0.474493	 -0.000555819
5.76	 0.0146329	 -1.1791e-05	 -0.199436	 0.000607998	 0.471136	 -0.000559721
5.78	 0.0139993	 -1.59384e-05	 -0.199119	 0.000616496	 0.469276	 -0.000562688
5.8	 0.0132293	 -2.00905e-05	 -0.199851	 0.000622022	 0.468918	 -0.000564715
5.82	 0.0123256	 -2.42405e-05	 -0.201628	 0.000624587	 0.470065	 -0.000565794
5.84	 0.0112907	 -2.83816e-05	 -0.204442	 0.0006242	 0.472715	 -0.000565926
5.86	 0.010128	 -3.25069e-05	 -0.208285	 0.000620884	 0.476865	 -0.000565108
5.88	 0.00884093	 -3.66095e-05	 -0.213144	 0.000614664	 0.482506	 -0.000563343
5.9	 0.00743323	 -4.06822e-05	 -0.219007	 0.000605575	 0.489628	 -0.000560635
5.92	 0.00590901	 -4.47182e-05	 -0.225859	 0.000593658	 0.498215	 -0.00055699
5.94	 0.00427267	 -4.87102e-05	 -0.233683	 0.000578961	 0.508251	 -0.00055242
5.96	 0.00252891	 -5.26511e-05	 -0.242458	 0.00056154	 0.519712	 -0.000546934
5.98	 0.000682657	 -5.65338e-05	 -0.252165	 0.000541451	 0.532577	 -0.000540548
6	 -0.00126092	 -6.03513e-05	 -0.262781	 0.000518761	 0.546816	 -0.000533278
6.02	 -0.00329648	 -6.40968e-05	 -0.27428	 0.00049354	 0.5624	 -0.000525142
6.04	 -0.00541842	 -6.77633e-05	 -0.286637	 0.000465863	 0.579296	 -0.000516161
6.06	 -0.00762096	 -7.13439e-05	 -0.299823	 0.000435815	 0.597468	 -0.000506355
6.08	 -0.00989815	 -7.4832e-05	 -0.313809	 0.000403479	 0.616878	 -0.00049575
6.1	 -0.0122439	 -7.82211e-05	 -0.328564	 0.000368948	 0.637486	 -0.00048437
6.12	 -0.0146519	 -8.15046e-05	 -0.344054	 0.000332316	 0.659247	 -0.000472244
6.14	 -0.0171158	 -8.46765e-05	 -0.360246	 0.000293683	 0.682116	 -0.000459398
6.16	 -0.0196291	 -8.77307e-05	 -0.377105	 0.000253149	 0.706046	 -0.000445864
6.18	 -0.0221852	 -9.06615e-05	 -0.394594	 0.000210822	 0.730987	 -0.00043167
6.2	 -0.0247776	 -9.34632e-05	 -0.412676	 0.000166808	 0.756888	 -0.00041685
6.22	 -0.0273993	 -9.61304e-05	 -0.431312	 0.000121221	 0.783693	 -0.000401436
6.24	 -0.0300437	 -9.86578e-05	 -0.450462	 7.41741e-05	 0.811349	 -0.000385462
6.26	 -0.0327039	 -0.00010104	 -0.470087	 2.57852e-05	 0.839798	 -0.000368964
6.28	 -0.0353731	 -0.000103273	 -0.490143	 -2.38274e-05	 0.868982	 -0.000351977
6.3	 -0.0380443	 -0.00010535	 -0.510591	 -7.45439e-05	 0.89884	 -0.000334539
6.32	 -0.0407109	 -0.000107269	 -0.531387	 -0.000126243	 0.929311	 -0.000316685
6.34	 -0.0433659	 -0.000109025	 -0.552489	 -0.000178801	 0.960334	 -0.000298454
6.36	 -0.0460026	 -0.000110613	 -0.573852	 -0.000232095	 0.991845	 -0.000279882
6.38	 -0.0486142	 -0.00011203	 -0.595433	 -0.000286	 1.02378	 -0.000261009
6.4	 -0.051194	 -0.000113273	 -0.617188	 -0.000340394	 1.05607	 -0.000241872
6.42	 -0.0537355	 -0.000114338	 -0.639073	 -0.000395152	 1.08866	 -0.000222509
6.44	 -0.0562323	 -0.000115222	 -0.661043	 -0.00045015	 1.12148	 -0.000202959
6.46	 -0.0586778	 -0.000115924	 -0.683054	 -0.000505267	 1.15446	 -0.00018326
6.48	 -0.061066	 -0.000116441	 -0.705062	 -0.000560381	 1.18753	 -0.000163448
6.5	 -0.0633907	 -0.00011677	 -0.727023	 -0.000615371	 1.22063	 -0.000143562
6.52	 -0.0656459	 -0.000116911	 -0.748893	 -0.00067012	 1.2537	 -0.000123639
6.54	 -0.0678259	 -0.000116863	 -0.770629	 -0.00072451	 1.28667	 -0.000103713
6.56	 -0.0699251	 -0.000116623	 -0.792188	 -0.000778426	 1.31947	 -8.38229e-05
6.58	 -0.071938	 -0.000116192	 -0.813527	 -0.000831756	 1.35203	 -6.4002e-05
6.6	 -0.0738595	 -0.00011557	 -0.834604	 -0.000884388	 1.3843	 -4.42856e-05
6.62	 -0.0756845	 -0.000114757	 -0.855379	 -0.000936216	 1.41621	 -2.47074e-05
6.64	 -0.0774082	 -0.000113752	 -0.87581	 -0.000987133	 1.4477	 -5.30057e-06
6.66	 -0.079026	 -0.000112558	 -0.895859	 -0.00103704	 1.4787	 1.39024e-05
6.68	 -0.0805337	 -0.000111175	 -0.915487	 -0.00108583	 1.50916	 3.28701e-05
6.7	 -0.081927	 -0.000109604	 -0.934656	 -0.00113342	 1.53901	 5.15718e-05
6.72	 -0.0832022	 -0.000107848	 -0.953328	 -0.00117971	 1.5682	 6.99776e-05
6.74	 -0.0843556	 -0.000105909	 -0.97147	 -0.00122461	 1.59667	 8.80587e-05
6.76	 -0.0853838	 -0.00010379	 -0.989046	 -0.00126803	 1.62437	 0.000105787
6.78	 -0.0862839	 -0.000101492	 -1.00602	 -0.0013099	 1.65123	 0.000123136
6.8	 -0.087053	 -9.90202e-05	 -1.02237	 -0.00135013	 1.67721	 0.000140078
6.82	 -0.0876886	 -9.63773e-05	 -1.03805	 -0.00138866	 1.70226	 0.000156589
6.84	 -0.0881884	 -9.35673e-05	 -1.05305	 -0.0014254	 1.72633	 0.000172645
6.86	 -0.0885505	 -9.05944e-05	 -1.06732	 -0.00146031	 1.74937	 0.000188222
6.88	 -0.0887731	 -8.74632e-05	 -1.08085	 -0.0014933	 1.77133	 0.000203298
6.9	 -0.0888549	 -8.41783e-05	 -1.09361	 -0.00152434	 1.79218	 0.000217851
6.92	 -0.0887949	 -8.07451e-05	 -1.10558	 -0.00155335	 1.81187	 0.000231861
6.94	 -0.0885921	 -7.71688e-05	 -1.11673	 -0.0015803	 1.83036	 0.000245309
6.96	 -0.0882462	 -7.34551e-05	 -1.12705	 -0.00160514	 1.84761	 0.000258175
6.98	 -0.0877568	 -6.96101e-05	 -1.13651	 -0.00162782	 1.8636	 0.000270444
7	 -0.0871241	 -6.56399e-05	 -1.1451	 -0.00164832	 1.87828	 0.000282097
7.02	 -0.0863485	 -6.15512e-05	 -1.15281	 -0.00166659	 1.89162	 0.000293119
7.04	 -0.0854307	 -5.73505e-05	 -1.15962	 -0.00168262	 1.90361	 0.000303496
7.06	 -0.0843715	 -5.30449e-05	 -1.16552	 -0.00169637	 1.91421	 0.000313214
7.08	 -0.0831724	 -4.86417e-05	 -1.1705	 -0.00170784	 1.9234	 0.000322261
7.1	 -0.0818349	 -4.41482e-05	 -1.17456	 -0.001717	 1.93116	 0.000330623
7.12	 -0.0803607	 -3.95721e-05	 -1.17768	 -0.00172385	 1.93747	 0.000338291
7.14	 -0.0787522	 -3.49257e-05	 -1.17986	 -0.0017284	 1.94232	 0.000345236
7.16	 -0.0770121	 -3.02116e-05	 -1.1811	 -0.00173062	 1.94568	 0.000351476
7.18	 -0.075143	 -2.54335e-05	 -1.1814	 -0.00173051	 1.94757	 0.000357019
7.2	 -0.073148	 -2.05939e-05	 -1.18076	 -0.00172806	 1.94796	 0.000361872
7.22	 -0.0710303	 -1.56961e-05	 -1.17919	 -0.00172328	 1.94685	 0.000366043
7.24	 -0.0687933	 -1.0744e-05	 -1.17668	 -0.00171619	 1.94424	 0.000369537
7.26	 -0.0664408	 -5.74851e-06	 -1.17325	 -0.00170683	 1.94012	 0.000372339
7.28	 -0.0639767	 -7.43363e-07	 -1.1689	 -0.00169529	 1.93449	 0.000374344
7.3	 -0.0614056	 4.28433e-06	 -1.16364	 -0.00168147	 1.92736	 0.000375675
7.32	 -0.058732	 9.29283e-06	 -1.15749	 -0.00166555	 1.91873	 0.000376181
7.34	 -0.0559608	 1.42914e-05	 -1.15045	 -0.00164745	 1.90862	 0.000375964
7.36	 -0.0530969	 1.92741e-05	 -1.14254	 -0.00162724	 1.89704	 0.000375025
7.38	 -0.0501458	 2.42216e-05	 -1.13378	 -0.00160502	 1.88401	 0.000373308
7.4	 -0.0471129	 2.91383e-05	 -1.12419	 -0.00158079	 1.86953	 0.000370876
7.42	 -0.0440041	 3.40111e-05	 -1.11378	 -0.00155462	 1.85363	 0.000367705
7.44	 -0.040825	 3.88297e-05	 -1.10259	 -0.00152659	 1.83633	 0.000363795
7.46	 -0.037582	 4.35897e-05	 -1.09062	 -0.00149673	 1.81765	 0.000359174
7.48	 -0.0342813	 4.82781e-05	 -1.07792	 -0.00146512	 1.79763	 0.00035383
7.5	 -0.0309292	 5.28874e-05	 -1.06449	 -0.00143181	 1.77628	 0.000347779
7.52	 -0.0275324	 5.74098e-05	 -1.05037	 -0.00139688	 1.75365	 0.000341034
7.54	 -0.0240977	 6.18354e-05	 -1.0356	 -0.00136041	 1.72975	 0.000333598
7.56	 -0.0206319	 6.61577e-05	 -1.02019	 -0.00132247	 1.70464	 0.000325491
7.58	 -0.0171419	 7.03685e-05	 -1.00418	 -0.00128314	 1.67834	 0.000316722
7.6	 -0.013635	 7.446e-05	 -0.987602	 -0.00124251	 1.6509	 0.000307304
7.62	 -0.0101182	 7.84251e-05	 -0.970491	 -0.00120066	 1.62235	 0.000297256
7.64	 -0.00659879	 8.22559e-05	 -0.952881	 -0.0011577	 1.59274	 0.00028659
7.66	 -0.00308418	 8.59446e-05	 -0.934806	 -0.00111371	 1.56211	 0.000275323
7.68	 0.000418246	 8.94839e-05	 -0.916305	 -0.0010688	 1.53051	 0.000263473
7.7	 0.00390102	 9.28664e-05	 -0.897414	 -0.00102307	 1.49799	 0.000251057
7.72	 0.00735665	 9.60852e-05	 -0.878172	 -0.000976615	 1.4646	 0.000238097
7.74	 0.0107776	 9.91339e-05	 -0.858617	 -0.00092954	 1.43039	 0.000224613
7.76	 0.0141563	 0.000102006	 -0.838789	 -0.000881951	 1.39542	 0.000210629
7.78	 0.0174852	 0.000104696	 -0.818728	 -0.000833949	 1.35974	 0.000196168
7.8	 0.0207569	 0.000107199	 -0.798474	 -0.000785637	 1.32341	 0.000181258
7.82	 0.0239638	 0.000109511	 -0.778069	 -0.000737112	 1.28648	 0.000165927
7.84	 0.0270984	 0.000111626	 -0.757553	 -0.000688478	 1.24903	 0.000150201
7.86	 0.0301534	 0.00011354	 -0.736968	 -0.000639852	 1.21111	 0.000134109
7.88	 0.0331216	 0.000115247	 -0.716355	 -0.000591357	 1.17279	 0.000117676
7.9	 0.0359959	 0.000116743	 -0.695757	 -0.000543106	 1.13412	 0.000100934
7.92	 0.0387692	 0.000118025	 -0.675215	 -0.000495199	 1.09517	 8.39169e-05
7.94	 0.0414349	 0.000119091	 -0.65477	 -0.00044775	 1.05601	 6.66563e-05
7.96	 0.0439862	 0.000119936	 -0.634462	 -0.000400871	 1.0167	 4.91837e-05
7.98	 0.0464167	 0.000120558	 -0.614333	 -0.00035467	 0.977303	 3.15328e-05
8	 0.0487202	 0.000120956	 -0.594424	 -0.000309255	 0.937885	 1.37378e-05
8.02	 0.0508907	 0.000121128	 -0.574773	 -0.000264734	 0.89851	 -4.16774e-06
8.04	 0.0529225	 0.000121072	 -0.555421	 -0.000221211	 0.859242	 -2.21491e-05
8.06	 0.0548099	 0.000120787	 -0.536406	 -0.000178791	 0.820147	 -4.01723e-05
8.08	 0.0565479	 0.000120274	 -0.517767	 -0.000137576	 0.781286	 -5.82043e-05
8.1	 0.0581313	 0.000119532	 -0.49954	 -9.76647e-05	 0.742725	 -7.62122e-05
8.12	 0.0595555	 0.000118562	 -0.481763	 -5.9154e-05	 0.704524	 -9.4163e-05
8.14	 0.060816	 0.000117366	 -0.46447	 -2.21361e-05	 0.666746	 -0.000112021
8.16	 0.0619086	 0.000115944	 -0.447698	 1.32972e-05	 0.629453	 -0.000129748
8.18	 0.0628296	 0.000114299	 -0.431479	 4.70563e-05	 0.592704	 -0.000147312
8.2	 0.0635756	 0.000112432	 -0.415847	 7.90554e-05	 0.556558	 -0.00016468
8.22	 0.0641434	 0.000110347	 -0.400832	 0.000109214	 0.521074	 -0.000181816
8.24	 0.0645302	 0.000108046	 -0.386465	 0.000137453	 0.486307	 -0.000198686
8.26	 0.0647338	 0.000105533	 -0.372775	 0.000163698	 0.452314	 -0.000215258
8.28	 0.0647519	 0.000102811	 -0.359789	 0.000187879	 0.419149	 -0.000231499
8.3	 0.0645831	 9.98849e-05	 -0.347534	 0.00020993	 0.386862	 -0.000247376
8.32	 0.0642258	 9.6759e-05	 -0.336034	 0.00022979	 0.355506	 -0.000262858
8.34	 0.0636793	 9.34381e-05	 -0.325312	 0.000247404	 0.325129	 -0.000277913
8.36	 0.0629429	 8.99274e-05	 -0.31539	 0.000262719	 0.295777	 -0.000292513
8.38	 0.0620166	 8.62326e-05	 -0.306289	 0.000275689	 0.267495	 -0.00030663
8.4	 0.0609006	 8.23595e-05	 -0.298025	 0.000286272	 0.240325	 -0.000320236
8.42	 0.0595954	 7.83144e-05	 -0.290618	 0.000294431	 0.214309	 -0.000333307
8.44	 0.0581022	 7.41041e-05	 -0.28408	 0.000300136	 0.189484	 -0.000345816
8.46	 0.0564223	 6.97355e-05	 -0.278426	 0.000303359	 0.165886	 -0.000357742
8.48	 0.0545574	 6.52157e-05	 -0.273668	 0.000304081	 0.143548	 -0.000369064
8.5	 0.0525099	 6.05524e-05	 -0.269815	 0.000302286	 0.1225	 -0.000379761
8.52	 0.0502822	 5.57533e-05	 -0.266875	 0.000297964	 0.10277	 -0.000389818
8.54	 0.0478774	 5.08266e-05	 -0.264855	 0.000291109	 0.0843837	 -0.000399219
8.56	 0.0452988	 4.57806e-05	 -0.263759	 0.000281722	 0.0673633	 -0.00040795
8.58	 0.04255	 4.06236e-05	 -0.26359	 0.000269807	 0.0517285	 -0.000415999
8.6	 0.0396351	 3.53644e-05	 -0.264349	 0.000255376	 0.0374966	 -0.000423355
8.62	 0.0365586	 3.00117e-05	 -0.266035	 0.000238445	 0.0246817	 -0.000430009
8.64	 0.0333251	 2.45747e-05	 -0.268645	 0.000219038	 0.0132953	 -0.000435953
8.66	 0.0299398	 1.90625e-05	 -0.272174	 0.000197183	 0.00334606	 -0.000441184
8.68	 0.0264082	 1.34844e-05	 -0.276616	 0.000172913	 -0.00516019	 -0.000445697
8.7	 0.0227359	 7.85009e-06	 -0.281963	 0.00014627	 -0.0122208	 -0.000449491
8.72	 0.0189292	 2.1692e-06	 -0.288205	 0.000117299	 -0.0178358	 -0.000452566
8.74	 0.0149944	 -3.54844e-06	 -0.295329	 8.60521e-05	 -0.0220084	 -0.000454924
8.76	 0.0109381	 -9.29289e-06	 -0.303322	 5.25868e-05	 -0.0247448	 -0.000456568
8.78	 0.00676734	 -1.50541e-05	 -0.31217	 1.69656e-05	 -0.026054	 -0.000457504
8.8	 0.00248936	 -2.0822e-05	 -0.321854	 -2.07437e-05	 -0.025948	 -0.00045774
8.82	 -0.00188842	 -2.65864e-05	 -0.332357	 -6.0469e-05	 -0.0244416	 -0.000457286
8.84	 -0.0063583	 -3.2337e-05	 -0.343658	 -0.000102133	 -0.0215523	 -0.000456151
8.86	 -0.0109124	 -3.80635e-05	 -0.355735	 -0.000145654	 -0.0173005	 -0.000454349
8.88	 -0.0155427	 -4.37558e-05	 -0.368566	 -0.000190946	 -0.0117092	 -0.000451893
8.9	 -0.0202408	 -4.94035e-05	 -0.382126	 -0.00023792	 -0.00480404	 -0.000448799
8.92	 -0.0249984	 -5.49965e-05	 -0.39639	 -0.000286483	 0.00338674	 -0.000445085
8.94	 -0.0298069	 -6.05247e-05	 -0.411329	 -0.000336539	 0.0128325	 -0.000440769
8.96	 -0.0346577	 -6.59779e-05	 -0.426915	 -0.000387987	 0.0235002	 -0.000435871
8.98	 -0.039542	 -7.13464e-05	 -0.443119	 -0.000440728	 0.0353546	 -0.000430412
9	 -0.0444509	 -7.66204e-05	 -0.45991	 -0.000494657	 0.0483583	 -0.000424414
9.02	 -0.0493757	 -8.17903e-05	 -0.477256	 -0.000549666	 0.0624719	 -0.0004179
9.04	 -0.0543072	 -8.68468e-05	 -0.495125	 -0.000605649	 0.0776541	 -0.000410893
9.06	 -0.0592366	 -9.17807e-05	 -0.513482	 -0.000662493	 0.0938617	 -0.000403417
9.08	 -0.0641549	 -9.65829e-05	 -0.532294	 -0.000720089	 0.11105	 -0.000395498
9.1	 -0.0690532	 -0.000101245	 -0.551525	 -0.000778323	 0.129172	 -0.000387162
9.12	 -0.0739224	 -0.000105758	 -0.571138	 -0.00083708	 0.14818	 -0.000378434
9.14	 -0.0787537	 -0.000110113	 -0.591099	 -0.000896247	 0.168024	 -0.000369342
9.16	 -0.0835383	 -0.000114304	 -0.611368	 -0.000955709	 0.188655	 -0.000359912
9.18	 -0.0882675	 -0.000118321	 -0.63191	 -0.00101535	 0.21002	 -0.000350172
9.2	 -0.0929326	 -0.000122158	 -0.652685	 -0.00107505	 0.232066	 -0.00034015
9.22	 -0.097525	 -0.000125807	 -0.673656	 -0.0011347	 0.254741	 -0.000329872
9.24	 -0.102036	 -0.000129262	 -0.694785	 -0.00119419	 0.277988	 -0.000319366
9.26	 -0.106459	 -0.000132516	 -0.716032	 -0.0012534	 0.301754	 -0.00030866
9.28	 -0.110784	 -0.000135562	 -0.737359	 -0.00131221	 0.325983	 -0.000297782
9.3	 -0.115003	 -0.000138396	 -0.758727	 -0.00137052	 0.350619	 -0.000286759
9.32	 -0.11911	 -0.000141011	 -0.780098	 -0.00142822	 0.375605	 -0.000275618
9.34	 -0.123096	 -0.000143402	 -0.801434	 -0.0014852	 0.400886	 -0.000264386
9.36	 -0.126954	 -0.000145565	 -0.822696	 -0.00154135	 0.426405	 -0.000253089
9.38	 -0.130678	 -0.000147496	 -0.843846	 -0.00159657	 0.452106	 -0.000241754
9.4	 -0.13426	 -0.00014919	 -0.864847	 -0.00165075	 0.477933	 -0.000230406
9.42	 -0.137693	 -0.000150645	 -0.885662	 -0.00170381	 0.50383	 -0.00021907
9.44	 -0.140972	 -0.000151856	 -0.906253	 -0.00175563	 0.529743	 -0.000207771
9.46	 -0.144091	 -0.000152822	 -0.926587	 -0.00180614	 0.555615	 -0.000196534
9.48	 -0.147043	 -0.00015354	 -0.946626	 -0.00185523	 0.581394	 -0.000185381
9.5	 -0.149824	 -0.000154008	 -0.966336	 -0.00190282	 0.607027	 -0.000174335
9.52	 -0.152427	 -0.000154225	 -0.985684	 -0.00194882	 0.632461	 -0.000163419
9.54	 -0.154849	 -0.000154191	 -1.00464	 -0.00199316	 0.657644	 -0.000152654
9.56	 -0.157085	 -0.000153904	 -1.02316	 -0.00203576	 0.682527	 -0.000142061
9.58	 -0.15913	 -0.000153364	 -1.04122	 -0.00207654	 0.707059	 -0.000131661
9.6	 -0.160981	 -0.000152573	 -1.0588	 -0.00211543	 0.731195	 -0.000121471
9.62	 -0.162633	 -0.000151531	 -1.07586	 -0.00215236	 0.754886	 -0.000111511
9.64	 -0.164085	 -0.00015024	 -1.09237	 -0.00218729	 0.778087	 -0.000101799
9.66	 -0.165333	 -0.0001487	 -1.10831	 -0.00222013	 0.800755	 -9.23521e-05
9.68	 -0.16638	 -0.000146942	 -1.12365	 -0.00225134	 0.822873	 -8.26404e-05
9.7	 -0.167228	 -0.000144952	 -1.13837	 -0.00228073	 0.844419	 -7.28452e-05
9.72	 -0.167881	 -0.000142731	 -1.15246	 -0.00230828	 0.865368	 -6.29793e-05
9.74	 -0.168343	 -0.00014028	 -1.1659	 -0.00233395	 0.885693	 -5.30537e-05
9.76	 -0.168617	 -0.000137606	 -1.17867	 -0.00235771	 0.905372	 -4.30782e-05
9.78	 -0.168707	 -0.000134714	 -1.19077	 -0.00237953	 0.924381	 -3.30625e-05
9.8	 -0.168614	 -0.000131609	 -1.20216	 -0.00239937	 0.942703	 -2.30156e-05
9.82	 -0.168342	 -0.000128297	 -1.21285	 -0.00241722	 0.960317	 -1.29459e-05
9.84	 -0.167892	 -0.000124784	 -1.22281	 -0.00243304	 0.977207	 -2.86201e-06
9.86	 -0.167267	 -0.000121074	 -1.23203	 -0.00244683	 0.993356	 7.22732e-06
9.88	 -0.16647	 -0.000117173	 -1.24051	 -0.00245857	 1.00875	 1.73131e-05
9.9	 -0.165504	 -0.000113088	 -1.24822	 -0.00246825	 1.02337	 2.73861e-05
9.92	 -0.164371	 -0.000108825	 -1.25516	 -0.00247586	 1.03719	 3.74368e-05
9.94	 -0.163074	 -0.00010439	 -1.26133	 -0.0024814	 1.05022	 4.74556e-05
9.96	 -0.161616	 -9.97921e-05	 -1.26671	 -0.00248487	 1.06242	 5.74325e-05
9.98	 -0.16	 -9.50384e-05	 -1.2713	 -0.00248626	 1.0738	 6.73579e-05
10	 -0.158228	 -9.01372e-05	 -1.2751	 -0.00248558	 1.08433	 7.72217e-05
10.02	 -0.156304	 -8.50968e-05	 -1.27811	 -0.00248284	 1.09401	 8.70141e-05
10.04	 -0.154229	 -7.99261e-05	 -1.28032	 -0.00247805	 1.10282	 9.67249e-05
10.06	 -0.152007	 -7.46341e-05	 -1.28173	 -0.00247122	 1.11076	 0.000106344
10.08	 -0.14964	 -6.92299e-05	 -1.28234	 -0.00246237	 1.11783	 0.000115861
10.1	 -0.147131	 -6.37233e-05	 -1.28215	 -0.00245152	 1.124	 0.000125265
10.12	 -0.144482	 -5.81241e-05	 -1.28117	 -0.00243868	 1.12928	 0.000134545
10.14	 -0.141696	 -5.24424e-05	 -1.2794	 -0.00242389	 1.13367	 0.000143693
10.16	 -0.138774	 -4.66882e-05	 -1.27684	 -0.00240717	 1.13715	 0.000152693
10.18	 -0.135721	 -4.08724e-05	 -1.2735	 -0.00238855	 1.13973	 0.000161536
10.2	 -0.132538	 -3.5005e-05	 -1.26939	 -0.00236807	 1.1414	 0.000170202
10.22	 -0.129227	 -2.90973e-05	 -1.26452	 -0.00234575	 1.14216	 0.000178689
10.24	 -0.125791	 -2.31595e-05	 -1.25889	 -0.00232165	 1.14202	 0.000186983
10.26	 -0.122232	 -1.72021e-05	 -1.25251	 -0.00229579	 1.14097	 0.000195072
10.28	 -0.118553	 -1.12353e-05	 -1.24541	 -0.00226822	 1.13902	 0.000202942
10.3	 -0.114756	 -5.26954e-06	 -1.23758	 -0.00223898	 1.13617	 0.000210583
10.32	 -0.110844	 6.86469e-07	 -1.22905	 -0.0022081	 1.13244	 0.000217951
10.34	 -0.106823	 6.62122e-06	 -1.21983	 -0.00217563	 1.12784	 0.000225063
10.36	 -0.1027	 1.25754e-05	 -1.20993	 -0.00214076	 1.12241	 0.000230754
10.38	 -0.0984819	 1.84724e-05	 -1.19939	 -0.00210438	 1.11616	 0.00023626
10.4	 -0.0941763	 2.4321e-05	 -1.18823	 -0.0020664	 1.10913	 0.000241346
10.42	 -0.0897894	 3.01409e-05	 -1.17646	 -0.00202644	 1.10133	 0.000245461
10.44	 -0.0853288	 3.58913e-05	 -1.16411	 -0.00198505	 1.09278	 0.000249185
10.46	 -0.0808023	 4.1583e-05	 -1.15122	 -0.00194204	 1.08353	 0.000252197
10.48	 -0.0762169	 4.72062e-05	 -1.1378	 -0.00189748	 1.0736	 0.000254471
10.5	 -0.0715807	 5.27413e-05	 -1.12388	 -0.00185161	 1.06303	 0.000256203
10.52	 -0.0669017	 5.81917e-05	 -1.10949	 -0.00180434	 1.05186	 0.000257199
10.54	 -0.0621875	 6.35424e-05	 -1.09467	 -0.0017558	 1.04011	 0.000257553
10.56	 -0.0574466	 6.87831e-05	 -1.07943	 -0.0017061	 1.02784	 0.000257288
10.58	 -0.052687	 7.3909e-05	 -1.06381	 -0.00165527	 1.01508	 0.000256336
10.6	 -0.047917	 7.89085e-05	 -1.04785	 -0.00160344	 1.00187	 0.000254771
10.62	 -0.0431449	 8.37749e-05	 -1.03157	 -0.00155069	 0.98825	 0.000252587
10.64	 -0.0383789	 8.85007e-05	 -1.015	 -0.0014971	 0.974265	 0.000249773
10.66	 -0.0336272	 9.3077e-05	 -0.998187	 -0.00144279	 0.959959	 0.000246366
10.68	 -0.0288981	 9.74979e-05	 -0.981154	 -0.00138782	 0.945377	 0.000242353
10.7	 -0.0241998	 0.000101755	 -0.963937	 -0.00133229	 0.930564	 0.000237748
10.72	 -0.0195404	 0.000105842	 -0.946569	 -0.0012763	 0.915567	 0.00023257
10.74	 -0.0149284	 0.000109752	 -0.929086	 -0.00121993	 0.900433	 0.000226825
10.76	 -0.0103716	 0.000113478	 -0.911521	 -0.00116326	 0.88521	 0.000220533
10.78	 -0.0058783	 0.000117017	 -0.89391	 -0.00110637	 0.869944	 0.000213716
10.8	 -0.0014561	 0.000120361	 -0.876288	 -0.00104936	 0.854681	 0.000206386
10.82	 0.00288729	 0.000123504	 -0.85869	 -0.000992334	 0.839467	 0.000198561
10.84	 0.00714418	 0.000126438	 -0.84115	 -0.000935427	 0.82435	 0.000190253
10.86	 0.011307	 0.000129159	 -0.823703	 -0.000878737	 0.809376	 0.000181482
10.88	 0.0153683	 0.000131663	 -0.806383	 -0.000822364	 0.794595	 0.00017227
10.9	 0.019321	 0.000133945	 -0.789223	 -0.000766415	 0.780055	 0.000162636
10.92	 0.0231581	 0.000136002	 -0.772256	 -0.00071099	 0.765802	 0.000152606
10.94	 0.0268728	 0.000137829	 -0.755514	 -0.000656194	 0.751884	 0.000142201
10.96	 0.0304587	 0.000139424	 -0.739029	 -0.000602121	 0.738349	 0.000131447
10.98	 0.0339095	 0.000140782	 -0.722831	 -0.000548874	 0.725243	 0.000120368
11	 0.0372192	 0.000141902	 -0.706951	 -0.000496547	 0.712612	 0.000108989
11.02	 0.0403821	 0.00014278	 -0.691419	 -0.000445236	 0.700501	 9.73349e-05
11.04	 0.0433926	 0.000143417	 -0.676262	 -0.000395039	 0.688957	 8.54303e-05
11.06	 0.0462454	 0.000143809	 -0.661509	 -0.000346049	 0.678022	 7.32995e-05
11.08	 0.0489356	 0.000143955	 -0.647187	 -0.000298357	 0.667741	 6.09689e-05
11.1	 0.0514585	 0.000143855	 -0.633321	 -0.000252045	 0.658158	 4.84667e-05
11.12	 0.0538097	 0.000143509	 -0.619936	 -0.00020719	 0.649314	 3.58229e-05
11.14	 0.0559853	 0.000142917	 -0.607055	 -0.00016387	 0.641247	 2.30658e-05
11.16	 0.0579818	 0.000142079	 -0.594702	 -0.000122159	 0.633996	 1.02226e-05
11.18	 0.0597959	 0.000140997	 -0.582898	 -8.21256e-05	 0.627598	 -2.6801e-06
11.2	 0.0614246	 0.000139672	 -0.571662	 -4.38378e-05	 0.622086	 -1.56146e-05
11.22	 0.0628657	 0.000138107	 -0.561016	 -7.35881e-06	 0.617495	 -2.85536e-05
11.24	 0.0641169	 0.000136305	 -0.550975	 2.72538e-05	 0.613854	 -4.14702e-05
11.26	 0.0651765	 0.000134268	 -0.541558	 5.99468e-05	 0.611193	 -5.43366e-05
11.28	 0.0660434	 0.000132	 -0.532779	 9.06728e-05	 0.609537	 -6.71258e-05
11.3	 0.0667167	 0.000129506	 -0.524653	 0.00011939	 0.60891	 -7.98105e-05
11.32	 0.067196	 0.00012679	 -0.517191	 0.000146055	 0.609334	 -9.23673e-05
11.34	 0.0674812	 0.000123855	 -0.510407	 0.000170622	 0.610828	 -0.000104775
11.36	 0.0675725	 0.000120707	 -0.504309	 0.000193057	 0.613411	 -0.000117012
11.38	 0.0674706	 0.000117353	 -0.498906	 0.000213332	 0.617099	 -0.000129056
11.4	 0.0671764	 0.000113797	 -0.494205	 0.000231419	 0.621905	 -0.000140887
11.42	 0.0666914	 0.000110047	 -0.490211	 0.000247295	 0.627843	 -0.000152486
11.44	 0.0660173	 0.000106108	 -0.486928	 0.000260947	 0.63492	 -0.000163831
11.46	 0.0651563	 0.000101987	 -0.484358	 0.000272359	 0.643145	 -0.000174907
11.48	 0.0641106	 9.76919e-05	 -0.482503	 0.000281524	 0.652523	 -0.000185696
11.5	 0.0628833	 9.32291e-05	 -0.481361	 0.000288435	 0.663056	 -0.000196183
11.52	 0.0614773	 8.86062e-05	 -0.480932	 0.000293091	 0.674747	 -0.000206351
11.54	 0.0598961	 8.38308e-05	 -0.48121	 0.000295495	 0.687593	 -0.000216187
11.56	 0.0581435	 7.89108e-05	 -0.482192	 0.000295656	 0.701591	 -0.000225678
11.58	 0.0562236	 7.38544e-05	 -0.48387	 0.000293589	 0.716736	 -0.000234811
11.6	 0.0541409	 6.86702e-05	 -0.486236	 0.000289313	 0.733018	 -0.000243577
11.62	 0.0519001	 6.3367e-05	 -0.489282	 0.000282853	 0.750426	 -0.000251966
11.64	 0.0495063	 5.7954e-05	 -0.492995	 0.000274239	 0.768949	 -0.00025997
11.66	 0.0469649	 5.24405e-05	 -0.497365	 0.000263504	 0.788569	 -0.000267581
11.68	 0.0442815	 4.68361e-05	 -0.502377	 0.000250686	 0.809269	 -0.000274793
11.7	 0.0414619	 4.11505e-05	 -0.508017	 0.000235832	 0.831029	 -0.000281602
11.72	 0.0385125	 3.53936e-05	 -0.514268	 0.00021899	 0.853825	 -0.000288003
11.74	 0.0354397	 2.95755e-05	 -0.521114	 0.000200213	 0.877632	 -0.000293993
11.76	 0.0322502	 2.37064e-05	 -0.528535	 0.000179556	 0.902423	 -0.000299571
11.78	 0.0289507	 1.77966e-05	 -0.536512	 0.000157079	 0.928168	 -0.00030474
11.8	 0.0255483	 1.18566e-05	 -0.545024	 0.000132842	 0.954837	 -0.0003095
11.82	 0.0220502	 5.89725e-06	 -0.554049	 0.000106916	 0.982397	 -0.000313852
11.84	 0.0184637	 -7.0849e-08	 -0.563564	 7.93696e-05	 1.01081	 -0.0003178
11.86	 0.0147963	 -6.03709e-06	 -0.573545	 5.02786e-05	 1.04005	 -0.000321348
11.88	 0.0110555	 -1.1991e-05	 -0.583968	 1.97176e-05	 1.07007	 -0.000324501
11.9	 0.00724911	 -1.79219e-05	 -0.594805	 -1.22332e-05	 1.10083	 -0.000327265
11.92	 0.0033848	 -2.38193e-05	 -0.606032	 -4.5492e-05	 1.1323	 -0.000329646
11.94	 -0.000529605	 -2.96727e-05	 -0.61762	 -7.99752e-05	 1.16442	 -0.00033165
11.96	 -0.00448623	 -3.54718e-05	 -0.629541	 -0.000115598	 1.19717	 -0.000333287
11.98	 -0.00847719	 -4.12063e-05	 -0.641766	 -0.000152272	 1.23049	 -0.000334562
12	 -0.0124946	 -4.68661e-05	 -0.654267	 -0.00018991	 1.26433	 -0.000335485
12.02	 -0.0165304	 -5.24413e-05	 -0.667014	 -0.00022842	 1.29866	 -0.000336064
12.04	 -0.0205769	 -5.7922e-05	 -0.679976	 -0.000267711	 1.33342	 -0.000336309
12.06	 -0.024626	 -6.32984e-05	 -0.693123	 -0.000307688	 1.36857	 -0.00033623
12.08	 -0.02867	 -6.8561e-05	 -0.706423	 -0.000348259	 1.40406	 -0.000335837
12.1	 -0.0327011	 -7.37005e-05	 -0.719846	 -0.000389328	 1.43983	 -0.000335141
12.12	 -0.0367114	 -7.87075e-05	 -0.733361	 -0.0004308	 1.47584	 -0.000334154
12.14	 -0.0406935	 -8.35731e-05	 -0.746935	 -0.00047258	 1.51204	 -0.000332886
12.16	 -0.0446396	 -8.82885e-05	 -0.760537	 -0.000514573	 1.54838	 -0.000331348
12.18	 -0.0485425	 -9.28455e-05	 -0.774136	 -0.000556682	 1.5848	 -0.000329552
12.2	 -0.0523946	 -9.72356e-05	 -0.7877	 -0.000598813	 1.62126	 -0.000327509
12.22	 -0.0561889	 -0.000101451	 -0.801198	 -0.000640871	 1.6577	 -0.000325231
12.24	 -0.0599183	 -0.000105484	 -0.814599	 -0.000682761	 1.69407	 -0.00032273
12.26	 -0.0635759	 -0.000109328	 -0.827871	 -0.000724392	 1.73032	 -0.000320017
12.28	 -0.0671549	 -0.000112975	 -0.840984	 -0.000765672	 1.76639	 -0.000317104
12.3	 -0.0706488	 -0.000116419	 -0.853908	 -0.000806511	 1.80224	 -0.000314003
12.32	 -0.0740513	 -0.000119654	 -0.866613	 -0.000846821	 1.83782	 -0.000310725
12.34	 -0.0773563	 -0.000122673	 -0.87907	 -0.000886515	 1.87307	 -0.000307283
12.36	 -0.0805577	 -0.000125472	 -0.89125	 -0.000925508	 1.90795	 -0.000303687
12.38	 -0.08365	 -0.000128044	 -0.903124	 -0.000963718	 1.9424	 -0.000299949
12.4	 -0.0866275	 -0.000130386	 -0.914665	 -0.00100106	 1.97638	 -0.000296079
12.42	 -0.0894852	 -0.000132493	 -0.925846	 -0.00103746	 2.00984	 -0.000292088
12.44	 -0.092218	 -0.000134362	 -0.936641	 -0.00107284	 2.04274	 -0.000287986
12.46	 -0.0948211	 -0.000135988	 -0.947024	 -0.00110713	 2.07502	 -0.000283785
12.48	 -0.0972901	 -0.000137369	 -0.956971	 -0.00114025	 2.10664	 -0.000279493
12.5	 -0.0996207	 -0.000138502	 -0.966458	 -0.00117214	 2.13756	 -0.000275121
12.52	 -0.101809	 -0.000139386	 -0.975463	 -0.00120273	 2.16773	 -0.000270679
12.54	 -0.103852	 -0.000140018	 -0.983964	 -0.00123196	 2.19711	 -0.000266175
12.56	 -0.105745	 -0.000140398	 -0.991939	 -0.00125977	 2.22566	 -0.000261619
12.58	 -0.107485	 -0.000140524	 -0.99937	 -0.0012861	 2.25335	 -0.000257019
12.6	 -0.109071	 -0.000140397	 -1.00624	 -0.0013109	 2.28013	 -0.000252385
12.62	 -0.110499	 -0.000140016	 -1.01252	 -0.00133413	 2.30596	 -0.000247724
12.64	 -0.111767	 -0.000139383	 -1.01821	 -0.00135573	 2.33081	 -0.000243045
12.66	 -0.112873	 -0.000138498	 -1.02329	 -0.00137566	 2.35464	 -0.000238356
12.68	 -0.113815	 -0.000137363	 -1.02774	 -0.00139388	 2.37743	 -0.000233664
12.7	 -0.114593	 -0.00013598	 -1.03155	 -0.00141036	 2.39914	 -0.000228976
12.72	 -0.115205	 -0.000134352	 -1.03471	 -0.00142507	 2.41974	 -0.0002243
12.74	 -0.115651	 -0.000132482	 -1.03721	 -0.00143797	 2.4392	 -0.000219642
12.76	 -0.115929	 -0.000130372	 -1.03904	 -0.00144904	 2.45749	 -0.00021501
12.78	 -0.116041	 -0.000128027	 -1.04019	 -0.00145826	 2.47459	 -0.00021041
12.8	 -0.115986	 -0.000125451	 -1.04065	 -0.00146562	 2.49048	 -0.000205848
12.82	 -0.115765	 -0.000122649	 -1.04043	 -0.00147109	 2.50513	 -0.000201331
12.84	 -0.115378	 -0.000119626	 -1.03951	 -0.00147467	 2.51853	 -0.000196864
12.86	 -0.114828	 -0.000116387	 -1.0379	 -0.00147636	 2.53065	 -0.000192454
12.88	 -0.114114	 -0.000112939	 -1.03559	 -0.00147614	 2.54147	 -0.000188105
12.9	 -0.113239	 -0.000109288	 -1.03258	 -0.00147403	 2.55099	 -0.000183824
12.92	 -0.112206	 -0.000105439	 -1.02888	 -0.00147002	 2.55918	 -0.000179616
12.94	 -0.111015	 -0.000101402	 -1.02449	 -0.00146413	 2.56604	 -0.000175485
12.96	 -0.109671	 -9.71822e-05	 -1.01941	 -0.00145637	 2.57156	 -0.000171437
12.98	 -0.108175	 -9.27884e-05	 -1.01365	 -0.00144675	 2.57572	 -0.000167475
13	 -0.106532	 -8.82284e-05	 -1.00721	 -0.00143531	 2.57852	 -0.000163605
13.02	 -0.104744	 -8.35106e-05	 -1.00011	 -0.00142205	 2.57996	 -0.00015983
13.04	 -0.102815	 -7.86438e-05	 -0.992354	 -0.00140701	 2.58004	 -0.000156153
13.06	 -0.100749	 -7.36368e-05	 -0.98395	 -0.00139022	 2.57874	 -0.000152578
13.08	 -0.0985513	 -6.84987e-05	 -0.974913	 -0.00137171	 2.57607	 -0.000149108
13.1	 -0.0962253	 -6.32388e-05	 -0.965256	 -0.00135153	 2.57204	 -0.000145745
13.12	 -0.0937763	 -5.78667e-05	 -0.954994	 -0.00132971	 2.56665	 -0.000142492
13.14	 -0.0912091	 -5.2392e-05	 -0.944143	 -0.0013063	 2.5599	 -0.000139349
13.16	 -0.088529	 -4.68243e-05	 -0.932719	 -0.00128135	 2.5518	 -0.000136318
13.18	 -0.0857416	 -4.11737e-05	 -0.920741	 -0.0012549	 2.54236	 -0.000133399
13.2	 -0.0828524	 -3.54501e-05	 -0.908229	 -0.00122702	 2.53159	 -0.000130593
13.22	 -0.0798675	 -2.96635e-05	 -0.895201	 -0.00119776	 2.51951	 -0.0001279
13.24	 -0.0767929	 -2.38241e-05	 -0.881681	 -0.00116717	 2.50612	 -0.000125318
13.26	 -0.073635	 -1.79422e-05	 -0.867691	 -0.00113533	 2.49145	 -0.000122846
13.28	 -0.0704001	 -1.20281e-05	 -0.853253	 -0.00110229	 2.47551	 -0.000120485
13.3	 -0.0670949	 -6.09247e-06	 -0.838392	 -0.00106813	 2.45832	 -0.000118231
13.32	 -0.0637261	 -1.45856e-07	 -0.823133	 -0.00103292	 2.4399	 -0.000116084
13.34	 -0.0603009	 5.801e-06	 -0.807503	 -0.000996725	 2.42027	 -0.000114042
13.36	 -0.0568261	 1.17373e-05	 -0.791527	 -0.000959625	 2.39946	 -0.000112103
13.38	 -0.0533089	 1.76521e-05	 -0.775234	 -0.000921698	 2.3775	 -0.000110265
13.4	 -0.0497568	 2.35346e-05	 -0.758652	 -0.000883022	 2.35441	 -0.000108525
13.42	 -0.0461771	 2.93741e-05	 -0.741809	 -0.000843677	 2.33022	 -0.000106881
13.44	 -0.0425772	 3.51599e-05	 -0.724735	 -0.000803743	 2.30496	 -0.000105329
13.46	 -0.0389647	 4.08816e-05	 -0.707459	 -0.000763299	 2.27867	 -0.000103863
13.48	 -0.0353473	 4.65287e-05	 -0.690013	 -0.000722427	 2.25137	 -0.00010248
13.5	 -0.0317325	 5.2091e-05	 -0.672426	 -0.00068121	 2.2231	 -0.000101174
13.52	 -0.0281281	 5.75581e-05	 -0.65473	 -0.000639734	 2.19391	 -9.994e-05
13.54	 -0.0245416	 6.29199e-05	 -0.636955	 -0.000598086	 2.16382	 -9.87728e-05
13.56	 -0.0209809	 6.81663e-05	 -0.619134	 -0.000556353	 2.13287	 -9.76665e-05
13.58	 -0.0174534	 7.32878e-05	 -0.601298	 -0.000514623	 2.1011	 -9.6615e-05
13.6	 -0.0139667	 7.82747e-05	 -0.583478	 -0.000472985	 2.06856	 -9.56115e-05
13.62	 -0.0105284	 8.3118e-05	 -0.565707	 -0.000431529	 2.03529	 -9.46492e-05
13.64	 -0.00714577	 8.78084e-05	 -0.548015	 -0.000390344	 2.00132	 -9.37207e-05
13.66	 -0.0038262	 9.23373e-05	 -0.530434	 -0.000349519	 1.9667	 -9.28185e-05
13.68	 -0.00057687	 9.66961e-05	 -0.512997	 -0.000309146	 1.93147	 -9.19349e-05
13.7	 0.00259517	 0.000100876	 -0.495733	 -0.000269313	 1.89568	 -9.10624e-05
13.72	 0.00568298	 0.000104871	 -0.478674	 -0.000230111	 1.85937	 -9.01931e-05
13.74	 0.00867979	 0.000108671	 -0.461851	 -0.000191628	 1.82259	 -8.93191e-05
13.76	 0.011579	 0.00011227	 -0.445293	 -0.000153953	 1.78538	 -8.84329e-05
13.78	 0.0143741	 0.00011566	 -0.429031	 -0.000117171	 1.74779	 -8.75272e-05
13.8	 0.017059	 0.000118836	 -0.413093	 -8.1368e-05	 1.70987	 -8.65949e-05
13.82	 0.0196276	 0.000121792	 -0.397509	 -4.66253e-05	 1.67166	 -8.56279e-05
13.84	 0.0220743	 0.000124521	 -0.382307	 -1.30237e-05	 1.63321	 -8.46178e-05
13.86	 0.0243934	 0.000127018	 -0.367514	 1.93588e-05	 1.59457	 -8.35563e-05
13.88	 0.0265797	 0.000129279	 -0.353157	 5.04465e-05	 1.55577	 -8.24348e-05
13.9	 0.0286283	 0.000131298	 -0.339261	 8.01656e-05	 1.51688	 -8.12441e-05
13.92	 0.0305344	 0.000133073	 -0.325852	 0.000108445	 1.47794	 -7.99749e-05
13.94	 0.0322936	 0.000134598	 -0.312955	 0.000135217	 1.43899	 -7.86181e-05
13.96	 0.0339018	 0.000135872	 -0.300592	 0.000160416	 1.40008	 -7.71646e-05
13.98	 0.0353553	 0.000136891	 -0.288786	 0.000183979	 1.36126	 -7.5605e-05
14	 0.0366504	 0.000137652	 -0.277558	 0.000205848	 1.32257	 -7.39302e-05
14.02	 0.0377841	 0.000138155	 -0.266929	 0.000225967	 1.28405	 -7.21314e-05
14.04	 0.0387535	 0.000138398	 -0.256917	 0.000244286	 1.24576	 -7.02004e-05
14.06	 0.0395561	 0.000138379	 -0.247542	 0.000260756	 1.20773	 -6.81295e-05
14.08	 0.0401899	 0.000138099	 -0.238819	 0.000275332	 1.17001	 -6.59111e-05
14.1	 0.0406531	 0.000137557	 -0.230764	 0.000287975	 1.13265	 -6.35386e-05
14.12	 0.0409443	 0.000136755	 -0.223393	 0.000298647	 1.09567	 -6.10053e-05
14.14	 0.0410624	 0.000135693	 -0.216718	 0.000307317	 1.05912	 -5.83058e-05
14.16	 0.0410069	 0.000134374	 -0.210751	 0.000313957	 1.02305	 -5.54348e-05
14.18	 0.0407774	 0.000132798	 -0.205504	 0.000318543	 0.987481	 -5.23881e-05
14.2	 0.0403739	 0.000130969	 -0.200985	 0.000321054	 0.952459	 -4.9162e-05
14.22	 0.0397971	 0.000128889	 -0.197203	 0.000321475	 0.918017	 -4.57536e-05
14.24	 0.0390476	 0.000126562	 -0.194164	 0.000319794	 0.884189	 -4.21607e-05
14.26	 0.0381268	 0.000123991	 -0.191874	 0.000316004	 0.851008	 -3.83817e-05
14.28	 0.037036	 0.000121181	 -0.190336	 0.000310102	 0.818505	 -3.44159e-05
14.3	 0.0357774	 0.000118137	 -0.189554	 0.000302089	 0.786709	 -3.02628e-05
14.32	 0.034353	 0.000114863	 -0.189528	 0.00029197	 0.75565	 -2.59228e-05
14.34	 0.0327657	 0.000111364	 -0.190258	 0.000279757	 0.725354	 -2.13968e-05
14.36	 0.0310183	 0.000107646	 -0.191742	 0.000265463	 0.695846	 -1.66865e-05
14.38	 0.0291142	 0.000103716	 -0.193978	 0.000249109	 0.667149	 -1.17945e-05
14.4	 0.0270571	 9.95803e-05	 -0.196961	 0.000230718	 0.639285	 -6.72411e-06
14.42	 0.0248509	 9.5245e-05	 -0.200685	 0.000210318	 0.612275	 -1.47959e-06
14.44	 0.0225001	 9.07179e-05	 -0.205143	 0.000187942	 0.586137	 3.93394e-06
14.46	 0.0200092	 8.60065e-05	 -0.210326	 0.000163628	 0.560886	 9.51051e-06
14.48	 0.0173833	 8.1119e-05	 -0.216226	 0.000137417	 0.536537	 1.52432e-05
14.5	 0.0146275	 7.60637e-05	 -0.22283	 0.000109356	 0.513102	 2.11239e-05
14.52	 0.0117474	 7.08493e-05	 -0.230127	 7.94949e-05	 0.490592	 2.7144e-05
14.54	 0.00874894	 6.54849e-05	 -0.238103	 4.78891e-05	 0.469014	 3.32938e-05
14.56	 0.00563811	 5.99797e-05	 -0.246742	 1.45971e-05	 0.448376	 3.95628e-05
14.58	 0.00242126	 5.43435e-05	 -0.25603	 -2.03192e-05	 0.42868	 4.594e-05
14.6	 -0.000894997	 4.8586e-05	 -0.265949	 -5.67939e-05	 0.409931	 5.24133e-05
14.62	 -0.00430388	 4.27172e-05	 -0.27648	 -9.47581e-05	 0.392126	 5.897e-05
14.64	 -0.00779838	 3.67474e-05	 -0.287605	 -0.00013414	 0.375265	 6.5597e-05
14.66	 -0.0113713	 3.06869e-05	 -0.299303	 -0.000174865	 0.359344	 7.22803e-05
14.68	 -0.0150153	 2.45463e-05	 -0.311552	 -0.000216855	 0.344357	 7.90054e-05
14.7	 -0.0187229	 1.83361e-05	 -0.324331	 -0.000260029	 0.330297	 8.57575e-05
14.72	 -0.0224864	 1.20673e-05	 -0.337616	 -0.000304307	 0.317155	 9.25214e-05
14.74	 -0.0262981	 5.75063e-06	 -0.351383	 -0.000349602	 0.304918	 9.92815e-05
14.76	 -0.03015	 -6.02946e-07	 -0.365607	 -0.000395828	 0.293575	 0.000106022
14.78	 -0.0340343	 -6.98241e-06	 -0.380263	 -0.000442897	 0.283109	 0.000112726
14.8	 -0.0379428	 -1.33767e-05	 -0.395324	 -0.000490718	 0.273506	 0.000119378
14.82	 -0.0418676	 -1.97748e-05	 -0.410764	 -0.000539201	 0.264747	 0.00012596
14.84	 -0.0458004	 -2.61655e-05	 -0.426556	 -0.000588252	 0.256813	 0.000132456
14.86	 -0.0497332	 -3.25378e-05	 -0.44267	 -0.000637777	 0.249682	 0.000138849
14.88	 -0.0536579	 -3.88807e-05	 -0.45908	 -0.000687684	 0.243332	 0.000145121
14.9	 -0.0575663	 -4.51831e-05	 -0.475756	 -0.000737875	 0.23774	 0.000151255
14.92	 -0.0614503	 -5.14341e-05	 -0.492668	 -0.000788257	 0.232881	 0.000157235
14.94	 -0.065302	 -5.76229e-05	 -0.509789	 -0.000838733	 0.228727	 0.000163042
14.96	 -0.0691133	 -6.37388e-05	 -0.527087	 -0.000889209	 0.225253	 0.00016866
14.98	 -0.0728763	 -6.97711e-05	 -0.544534	 -0.000939588	 0.222429	 0.000174072
15	 -0.0765834	 -7.57093e-05	 -0.562099	 -0.000989776	 0.220227	 0.00017926
15.02	 -0.0802268	 -8.15433e-05	 -0.579752	 -0.00103968	 0.218615	 0.00018421
15.04	 -0.0837989	 -8.72628e-05	 -0.597464	 -0.0010892	 0.217563	 0.000188904
15.06	 -0.0872924	 -9.28581e-05	 -0.615205	 -0.00113826	 0.21704	 0.000193327
15.08	 -0.0907	 -9.83194e-05	 -0.632944	 -0.00118675	 0.217012	 0.000197463
15.1	 -0.0940146	 -0.000103637	 -0.650654	 -0.00123459	 0.217448	 0.000201298
15.12	 -0.0972294	 -0.000108803	 -0.668303	 -0.00128169	 0.218313	 0.000204817
15.14	 -0.100338	 -0.000113807	 -0.685864	 -0.00132797	 0.219575	 0.000208006
15.16	 -0.103333	 -0.000118641	 -0.703307	 -0.00137333	 0.221198	 0.000210853
15.18	 -0.106208	 -0.000123296	 -0.720605	 -0.00141771	 0.22315	 0.000213343
15.2	 -0.108959	 -0.000127765	 -0.73773	 -0.00146101	 0.225396	 0.000215465
15.22	 -0.111578	 -0.000132041	 -0.754654	 -0.00150316	 0.227901	 0.000217208
15.24	 -0.114061	 -0.000136115	 -0.771351	 -0.00154408	 0.230632	 0.000218561
15.26	 -0.116401	 -0.000139981	 -0.787794	 -0.0015837	 0.233555	 0.000219513
15.28	 -0.118594	 -0.000143632	 -0.80396	 -0.00162196	 0.236635	 0.000220055
15.3	 -0.120636	 -0.000147062	 -0.819821	 -0.00165878	 0.239841	 0.000220178
15.32	 -0.122521	 -0.000150265	 -0.835356	 -0.0016941	 0.243138	 0.000219875
15.34	 -0.124246	 -0.000153236	 -0.85054	 -0.00172786	 0.246495	 0.000219139
15.36	 -0.125807	 -0.00015597	 -0.865351	 -0.00175999	 0.24988	 0.000217961
15.38	 -0.1272	 -0.000158462	 -0.879768	 -0.00179045	 0.253261	 0.000216338
15.4	 -0.128422	 -0.000160707	 -0.893769	 -0.00181918	 0.256608	 0.000214264
15.42	 -0.12947	 -0.000162704	 -0.907336	 -0.00184614	 0.259891	 0.000211734
15.44	 -0.130341	 -0.000164447	 -0.92045	 -0.00187127	 0.263081	 0.000208747
15.46	 -0.131033	 -0.000165934	 -0.933092	 -0.00189454	 0.266151	 0.000205298
15.48	 -0.131545	 -0.000167163	 -0.945247	 -0.00191591	 0.269074	 0.000201386
15.5	 -0.131874	 -0.000168131	 -0.956898	 -0.00193534	 0.271823	 0.00019701
15.52	 -0.13202	 -0.000168838	 -0.968031	 -0.0019528	 0.274375	 0.00019217
15.54	 -0.13198	 -0.000169281	 -0.978632	 -0.00196827	 0.276704	 0.000186867
15.56	 -0.131756	 -0.000169462	 -0.988689	 -0.00198171	 0.27879	 0.000181102
15.58	 -0.131346	 -0.000169378	 -0.998191	 -0.00199312	 0.28061	 0.000174877
15.6	 -0.13075	 -0.000169031	 -1.00713	 -0.00200247	 0.282144	 0.000168195
15.62	 -0.129969	 -0.000168422	 -1.01549	 -0.00200975	 0.283375	 0.00016106
15.64	 -0.129004	 -0.000167551	 -1.02327	 -0.00201496	 0.284285	 0.000153476
15.66	 -0.127856	 -0.00016642	 -1.03046	 -0.00201808	 0.284857	 0.000145449
15.68	 -0.126526	 -0.000165032	 -1.03705	 -0.00201911	 0.285078	 0.000136984
15.7	 -0.125016	 -0.000163389	 -1.04305	 -0.00201806	 0.284935	 0.00012809
15.72	 -0.123328	 -0.000161494	 -1.04844	 -0.00201493	 0.284415	 0.000118772
15.74	 -0.121464	 -0.00015935	 -1.05323	 -0.00200973	 0.28351	 0.00010904
15.76	 -0.119428	 -0.000156961	 -1.05742	 -0.00200248	 0.28221	 9.8903e-05
15.78	 -0.117222	 -0.000154332	 -1.061	 -0.00199318	 0.280509	 8.837e-05
15.8	 -0.114849	 -0.000151467	 -1.06398	 -0.00198187	 0.278401	 7.74519e-05
15.82	 -0.112314	 -0.000148371	 -1.06636	 -0.00196856	 0.275881	 6.616e-05
15.84	 -0.109619	 -0.00014505	 -1.06814	 -0.00195328	 0.272948	 5.4506e-05
15.86	 -0.106771	 -0.00014151	 -1.06933	 -0.00193606	 0.269601	 4.25027e-05
15.88	 -0.103772	 -0.000137757	 -1.06993	 -0.00191694	 0.265841	 3.01632e-05
15.9	 -0.100628	 -0.000133797	 -1.06996	 -0.00189595	 0.261668	 1.75016e-05
15.92	 -0.0973443	 -0.000129638	 -1.06942	 -0.00187313	 0.257088	 4.53222e-06
15.94	 -0.0939259	 -0.000125287	 -1.06832	 -0.00184853	 0.252105	 -8.72962e-06
15.96	 -0.0903785	 -0.000120751	 -1.06666	 -0.00182219	 0.246726	 -2.22681e-05
15.98	 -0.0867081	 -0.000116039	 -1.06447	 -0.00179416	 0.24096	 -3.6067e-05
16	 -0.0829208	 -0.000111159	 -1.06176	 -0.0017645	 0.234814	 -5.01093e-05
16.02	 -0.0790229	 -0.000106119	 -1.05853	 -0.00173326	 0.228301	 -6.43775e-05
16.04	 -0.075021	 -0.000100928	 -1.0548	 -0.00170051	 0.221433	 -7.88536e-05
16.06	 -0.0709219	 -9.55961e-05	 -1.05059	 -0.00166629	 0.214224	 -9.35192e-05
16.08	 -0.0667326	 -9.01315e-05	 -1.04591	 -0.00163068	 0.206688	 -0.000108355
16.1	 -0.0624604	 -8.45444e-05	 -1.04078	 -0.00159375	 0.198841	 -0.000123342
16.12	 -0.0581124	 -7.88444e-05	 -1.03523	 -0.00155556	 0.190702	 -0.000138459
16.14	 -0.0536963	 -7.30416e-05	 -1.02925	 -0.00151619	 0.182289	 -0.000153687
16.16	 -0.0492196	 -6.71462e-05	 -1.02289	 -0.00147571	 0.173621	 -0.000169004
16.18	 -0.0446903	 -6.11685e-05	 -1.01614	 -0.00143419	 0.164719	 -0.00018439
16.2	 -0.0401161	 -5.51192e-05	 -1.00905	 -0.00139173	 0.155606	 -0.000199822
16.22	 -0.0355051	 -4.90088e-05	 -1.00162	 -0.00134839	 0.146303	 -0.000215279
16.24	 -0.0308653	 -4.28481e-05	 -0.993886	 -0.00130427	 0.136835	 -0.000230738
16.26	 -0.026205	 -3.6648e-05	 -0.985861	 -0.00125944	 0.127226	 -0.000246177
16.28	 -0.0215324	 -3.04193e-05	 -0.977571	 -0.00121401	 0.117501	 -0.000261573
16.3	 -0.0168558	 -2.41732e-05	 -0.969038	 -0.00116805	 0.107687	 -0.000276903
16.32	 -0.0121835	 -1.79204e-05	 -0.960288	 -0.00112165	 0.0978097	 -0.000292144
16.34	 -0.00752377	 -1.16721e-05	 -0.951343	 -0.00107491	 0.0878979	 -0.000307272
16.36	 -0.00288505	 -5.43924e-06	 -0.942229	 -0.00102791	 0.0779794	 -0.000322263
16.38	 0.00172434	 7.67348e-07	 -0.932968	 -0.000980756	 0.0680833	 -0.000337094
16.4	 0.00629611	 6.93676e-06	 -0.923587	 -0.000933532	 0.0582389	 -0.00035174
16.42	 0.010822	 1.30582e-05	 -0.91411	 -0.000886333	 0.0484763	 -0.000366179
16.44	 0.0152938	 1.9121e-05	 -0.904561	 -0.000839251	 0.0388257	 -0.000380387
16.46	 0.0197033	 2.51147e-05	 -0.894966	 -0.000792379	 0.029318	 -0.000394339
16.48	 0.0240425	 3.10287e-05	 -0.885349	 -0.000745807	 0.0199842	 -0.000408012
16.5	 0.0283035	 3.68528e-05	 -0.875735	 -0.000699628	 0.0108555	 -0.000421382
16.52	 0.0324784	 4.25769e-05	 -0.866149	 -0.000653932	 0.00196324	 -0.000434427
16.54	 0.0365597	 4.81911e-05	 -0.856614	 -0.000608808	 -0.00666131	 -0.000447122
16.56	 0.0405397	 5.36857e-05	 -0.847156	 -0.000564345	 -0.0149869	 -0.000459444
16.58	 0.0444111	 5.90512e-05	 -0.837798	 -0.000520629	 -0.0229825	 -0.000471371
16.6	 0.0481669	 6.42782e-05	 -0.828564	 -0.000477747	 -0.0306175	 -0.000482879
16.62	 0.0518001	 6.93579e-05	 -0.819477	 -0.000435783	 -0.0378612	 -0.000493946
16.64	 0.0553039	 7.42815e-05	 -0.810559	 -0.000394821	 -0.0446839	 -0.000504552
16.66	 0.0586719	 7.90405e-05	 -0.801834	 -0.000354941	 -0.0510558	 -0.000514675
16.68	 0.0618978	 8.36271e-05	 -0.793323	 -0.000316223	 -0.056948	 -0.000524295
16.7	 0.0649758	 8.80334e-05	 -0.785048	 -0.000278743	 -0.0623322	 -0.000533394
16.72	 0.0679	 9.22522e-05	 -0.777029	 -0.000242575	 -0.0671804	 -0.000541952
16.74	 0.0706651	 9.62765e-05	 -0.769286	 -0.00020779	 -0.0714657	 -0.000549953
16.76	 0.073266	 0.0001001	 -0.761839	 -0.000174458	 -0.0751621	 -0.00055738
16.78	 0.0756979	 0.000103716	 -0.754707	 -0.000142645	 -0.0782442	 -0.000564218
16.8	 0.0779563	 0.000107119	 -0.747907	 -0.000112415	 -0.080688	 -0.000570453
16.82	 0.0800371	 0.000110303	 -0.741458	 -8.38296e-05	 -0.08247	 -0.000576072
16.84	 0.0819364	 0.000113264	 -0.735375	 -5.69471e-05	 -0.0835679	 -0.000581063
16.86	 0.0836507	 0.000115997	 -0.729675	 -3.18223e-05	 -0.0839601	 -0.000585417
16.88	 0.0851769	 0.000118498	 -0.724371	 -8.50627e-06	 -0.0836263	 -0.000589123
16.9	 0.0865122	 0.000120763	 -0.719478	 1.29533e-05	 -0.0825469	 -0.000592172
16.92	 0.0876541	 0.000122789	 -0.715009	 3.25125e-05	 -0.0807036	 -0.000594557
16.94	 0.0886005	 0.000124572	 -0.710975	 5.01314e-05	 -0.0780792	 -0.000596272
16.96	 0.0893497	 0.000126111	 -0.707387	 6.57734e-05	 -0.0746575	 -0.00059731
16.98	 0.0899003	 0.000127402	 -0.704256	 7.94063e-05	 -0.0704237	 -0.000597669
17	 0.0902512	 0.000128445	 -0.701589	 9.10015e-05	 -0.0653641	 -0.000597345
17.02	 0.0904019	 0.000129238	 -0.699396	 0.000100535	 -0.0594665	 -0.000596336
17.04	 0.090352	 0.000129781	 -0.697682	 0.000107985	 -0.0527198	 -0.000594642
17.06	 0.0901017	 0.000130072	 -0.696454	 0.000113337	 -0.0451147	 -0.000592262
17.08	 0.0896514	 0.000130112	 -0.695716	 0.000116579	 -0.036643	 -0.0005892
17.1	 0.0890021	 0.000129902	 -0.695472	 0.000117701	 -0.0272982	 -0.000585459
17.12	 0.0881549	 0.000129442	 -0.695723	 0.000116701	 -0.0170753	 -0.000581043
17.14	 0.0871114	 0.000128734	 -0.696472	 0.00011358	 -0.00597088	 -0.000575957
17.16	 0.0858737	 0.00012778	 -0.697719	 0.000108341	 0.00601699	 -0.000570211
17.18	 0.084444	 0.000126581	 -0.699464	 0.000100995	 0.0188886	 -0.000563814
17.2	 0.0828251	 0.000125142	 -0.701703	 9.1555e-05	 0.0326426	 -0.000556774
17.22	 0.08102	 0.000123465	 -0.704434	 8.00391e-05	 0.0472762	 -0.000549106
17.24	 0.0790321	 0.000121555	 -0.707654	 6.64694e-05	 0.0627849	 -0.000540821
17.26	 0.0768652	 0.000119414	 -0.711357	 5.08719e-05	 0.0791623	 -0.000531935
17.28	 0.0745234	 0.000117049	 -0.715536	 3.32767e-05	 0.0964009	 -0.000522465
17.3	 0.072011	 0.000114463	 -0.720185	 1.37178e-05	 0.114491	 -0.000512427
17.32	 0.0693328	 0.000111663	 -0.725295	 -7.76677e-06	 0.133423	 -0.000501841
17.34	 0.0664937	 0.000108655	 -0.730858	 -3.11349e-05	 0.153184	 -0.000490725
17.36	 0.0634991	 0.000105444	 -0.736862	 -5.63405e-05	 0.173761	 -0.000479101
17.38	 0.0603543	 0.000102037	 -0.743296	 -8.33339e-05	 0.195139	 -0.00046699
17.4	 0.0570653	 9.84409e-05	 -0.750149	 -0.000112062	 0.217302	 -0.000454414
17.42	 0.0536381	 9.46631e-05	 -0.757406	 -0.000142467	 0.240232	 -0.000441397
17.44	 0.0500789	 9.07111e-05	 -0.765055	 -0.00017449	 0.263911	 -0.000427962
17.46	 0.0463942	 8.65928e-05	 -0.773079	 -0.000208066	 0.28832	 -0.000414134
17.48	 0.0425908	 8.23163e-05	 -0.781464	 -0.000243131	 0.313436	 -0.000399939
17.5	 0.0386753	 7.789e-05	 -0.790192	 -0.000279615	 0.339238	 -0.000385402
17.52	 0.0346551	 7.33227e-05	 -0.799246	 -0.000317445	 0.365703	 -0.00037055
17.54	 0.0305371	 6.86233e-05	 -0.808609	 -0.000356548	 0.392805	 -0.00035541
17.56	 0.0263288	 6.3801e-05	 -0.818261	 -0.000396847	 0.42052	 -0.00034001
17.58	 0.0220377	 5.88652e-05	 -0.828184	 -0.000438262	 0.448822	 -0.000324376
17.6	 0.0176713	 5.38256e-05	 -0.838357	 -0.000480713	 0.477682	 -0.000308538
17.62	 0.0132374	 4.86919e-05	 -0.848759	 -0.000524117	 0.507073	 -0.000292524
17.64	 0.0087437	 4.34742e-05	 -0.85937	 -0.000568388	 0.536966	 -0.000276363
17.66	 0.00419813	 3.81826e-05	 -0.870168	 -0.000613442	 0.567331	 -0.000260083
17.68	 -0.000391419	 3.28274e-05	 -0.881132	 -0.00065919	 0.598137	 -0.000243714
17.7	 -0.00501701	 2.74192e-05	 -0.892238	 -0.000705543	 0.629354	 -0.000227284
17.72	 -0.00967065	 2.19684e-05	 -0.903464	 -0.000752413	 0.66095	 -0.000210823
17.74	 -0.0143444	 1.64855e-05	 -0.914788	 -0.000799709	 0.692893	 -0.00019436
17.76	 -0.0190302	 1.09813e-05	 -0.926185	 -0.00084734	 0.72515	 -0.000177922
17.78	 -0.0237201	 5.46637e-06	 -0.937633	 -0.000895215	 0.757688	 -0.00016154
17.8	 -0.0284062	 -4.85639e-08	 -0.949107	 -0.000943242	 0.790474	 -0.000145241
17.82	 -0.0330807	 -5.55285e-06	 -0.960585	 -0.000991331	 0.823475	 -0.000129053
17.84	 -0.0377356	 -1.10358e-05	 -0.972042	 -0.00103939	 0.856657	 -0.000113004
17.86	 -0.0423633	 -1.6487e-05	 -0.983455	 -0.00108733	 0.889986	 -9.71204e-05
17.88	 -0.046956	 -2.18957e-05	 -0.994799	 -0.00113505	 0.923428	 -8.14293e-05
17.9	 -0.0515064	 -2.72516e-05	 -1.00605	 -0.00118248	 0.95695	 -6.59566e-05
17.92	 -0.0560068	 -3.25443e-05	 -1.01719	 -0.00122951	 0.990517	 -5.07276e-05
17.94	 -0.0604501	 -3.77638e-05	 -1.02818	 -0.00127607	 1.0241	 -3.57669e-05
17.96	 -0.064829	 -4.29e-05	 -1.03902	 -0.00132206	 1.05766	 -2.10984e-05
17.98	 -0.0691366	 -4.7943e-05	 -1.04967	 -0.0013674	 1.09116	 -6.74559e-06
18	 -0.073366	 -5.28832e-05	 -1.06011	 -0.00141201	 1.12458	 7.26917e-06
18.02	 -0.0775104	 -5.77111e-05	 -1.07032	 -0.00145579	 1.15788	 2.09241e-05
18.04	 -0.0815634	 -6.24175e-05	 -1.08028	 -0.00149868	 1.19102	 3.41981e-05
18.06	 -0.0855188	 -6.69932e-05	 -1.08996	 -0.00154059	 1.22399	 4.70711e-05
18.08	 -0.0893702	 -7.14296e-05	 -1.09935	 -0.00158144	 1.25674	 5.95237e-05
18.1	 -0.093112	 -7.57181e-05	 -1.10842	 -0.00162115	 1.28924	 7.15375e-05
18.12	 -0.0967383	 -7.98505e-05	 -1.11715	 -0.00165967	 1.32147	 8.30949e-05
18.14	 -0.100244	 -8.38189e-05	 -1.12553	 -0.0016969	 1.3534	 9.41792e-05
18.16	 -0.103623	 -8.76157e-05	 -1.13354	 -0.00173279	 1.38499	 0.000104774
18.18	 -0.106871	 -9.12335e-05	 -1.14115	 -0.00176727	 1.41622	 0.000114866
18.2	 -0.109984	 -9.46655e-05	 -1.14835	 -0.00180028	 1.44707	 0.000124439
18.22	 -0.112956	 -9.7905e-05	 -1.15512	 -0.00183175	 1.4775	 0.000133481
18.24	 -0.115783	 -0.000100946	 -1.16145	 -0.00186162	 1.5075	 0.00014198
18.26	 -0.118462	 -0.000103782	 -1.16732	 -0.00188985	 1.53703	 0.000149925
18.28	 -0.120989	 -0.000106408	 -1.17272	 -0.00191637	 1.56607	 0.000157304
18.3	 -0.123359	 -0.000108819	 -1.17762	 -0.00194114	 1.5946	 0.000164109
18.32	 -0.125571	 -0.000111011	 -1.18203	 -0.00196411	 1.6226	 0.000170331
18.34	 -0.127622	 -0.000113011	 -1.18592	 -0.0019858	 1.65004	 0.000176572
18.36	 -0.129511	 -0.000114797	 -1.1893	 -0.00200603	 1.67693	 0.000182644
18.38	 -0.131238	 -0.000116363	 -1.19214	 -0.00202479	 1.70324	 0.000188533
18.4	 -0.132804	 -0.000117706	 -1.19444	 -0.00204202	 1.72897	 0.000194236
18.42	 -0.134208	 -0.000118827	 -1.1962	 -0.00205772	 1.75409	 0.000199752
18.44	 -0.13545	 -0.000119724	 -1.19741	 -0.00207183	 1.7786	 0.000205077
18.46	 -0.136529	 -0.000120399	 -1.19806	 -0.00208434	 1.80248	 0.000210207
18.48	 -0.137446	 -0.000120948	 -1.19816	 -0.00209557	 1.82573	 0.000214742
18.5	 -0.1382	 -0.000121365	 -1.19768	 -0.00210532	 1.84833	 0.000218805
18.52	 -0.138791	 -0.000121655	 -1.19665	 -0.00211354	 1.87028	 0.000222399
18.54	 -0.139219	 -0.000121815	 -1.19503	 -0.00212022	 1.89157	 0.000225521
18.56	 -0.139483	 -0.000121839	 -1.19285	 -0.00212538	 1.91218	 0.000228166
18.58	 -0.139582	 -0.000121718	 -1.19009	 -0.00212904	 1.93211	 0.00023034
18.6	 -0.139518	 -0.000121446	 -1.18676	 -0.00213119	 1.95135	 0.000232044
18.62	 -0.13929	 -0.000121021	 -1.18285	 -0.00213183	 1.96988	 0.000233278
18.64	 -0.138897	 -0.000120443	 -1.17836	 -0.00213094	 1.98769	 0.00023405
18.66	 -0.13834	 -0.000119713	 -1.17331	 -0.00212852	 2.00477	 0.000234361
18.68	 -0.137618	 -0.000118829	 -1.16767	 -0.00212452	 2.02111	 0.000234196
18.7	 -0.136731	 -0.000117768	 -1.16147	 -0.00211871	 2.0367	 0.000233467
18.72	 -0.135682	 -0.000116471	 -1.1547	 -0.002111	 2.05153	 0.000232585
18.74	 -0.134474	 -0.000114869	 -1.14737	 -0.00210042	 2.06562	 0.000230293
18.76	 -0.133109	 -0.000113112	 -1.13949	 -0.00208832	 2.07896	 0.000227515
18.78	 -0.13159	 -0.00011111	 -1.13108	 -0.00207415	 2.09154	 0.000224452
18.8	 -0.129923	 -0.00010888	 -1.12213	 -0.00205771	 2.10338	 0.000220347
18.82	 -0.128109	 -0.000106467	 -1.11266	 -0.00203953	 2.11446	 0.000215817
18.84	 -0.126154	 -0.000103824	 -1.10269	 -0.0020192	 2.12481	 0.000210675
18.86	 -0.124061	 -0.000100984	 -1.09222	 -0.00199689	 2.13441	 0.000204776
18.88	 -0.121835	 -9.79489e-05	 -1.08127	 -0.00197274	 2.14327	 0.000198405
18.9	 -0.119479	 -9.47065e-05	 -1.06986	 -0.00194658	 2.15141	 0.000191376
18.92	 -0.116999	 -9.128e-05	 -1.05799	 -0.00191861	 2.15883	 0.000183744
18.94	 -0.1144	 -8.76663e-05	 -1.04568	 -0.00188882	 2.16553	 0.000175594
18.96	 -0.111687	 -8.38703e-05	 -1.03296	 -0.00185722	 2.17153	 0.000166836
18.98	 -0.108865	 -7.99055e-05	 -1.01983	 -0.00182392	 2.17684	 0.000157549
19	 -0.10594	 -7.57728e-05	 -1.00632	 -0.00178894	 2.18146	 0.000147741
19.02	 -0.102918	 -7.14822e-05	 -0.992435	 -0.00175232	 2.18541	 0.000137398
19.04	 -0.0998048	 -6.70427e-05	 -0.978207	 -0.00171416	 2.18869	 0.000126572
19.06	 -0.0966065	 -6.24598e-05	 -0.963653	 -0.00167448	 2.19133	 0.000115258
19.08	 -0.0933293	 -5.77437e-05	 -0.948792	 -0.00163336	 2.19332	 0.000103473
19.1	 -0.0899798	 -5.29019e-05	 -0.933645	 -0.00159087	 2.1947	 9.12472e-05
19.12	 -0.0865644	 -4.79423e-05	 -0.918235	 -0.00154706	 2.19546	 7.859e-05
19.14	 -0.0830897	 -4.28735e-05	 -0.902583	 -0.00150201	 2.19563	 6.553e-05
19.16	 -0.0795627	 -3.77033e-05	 -0.886711	 -0.00145579	 2.19523	 5.20927e-05
19.18	 -0.0759902	 -3.24404e-05	 -0.870643	 -0.00140847	 2.19426	 3.82969e-05
19.2	 -0.0723792	 -2.70937e-05	 -0.854401	 -0.00136011	 2.19274	 2.41733e-05
19.22	 -0.0687365	 -2.16712e-05	 -0.83801	 -0.00131077	 2.19069	 9.74972e-06
19.24	 -0.0650688	 -1.61823e-05	 -0.821495	 -0.00126051	 2.18813	 -4.94629e-06
19.26	 -0.0613831	 -1.06396e-05	 -0.804879	 -0.00120943	 2.18505	 -1.98956e-05
19.28	 -0.0576865	 -5.05721e-06	 -0.788188	 -0.00115771	 2.18149	 -3.50916e-05
19.3	 -0.0539865	 5.5511e-07	 -0.771447	 -0.00110543	 2.17746	 -5.05099e-05
19.32	 -0.0502903	 6.18919e-06	 -0.754681	 -0.00105268	 2.17299	 -6.61183e-05
19.34	 -0.0466052	 1.18346e-05	 -0.737914	 -0.000999539	 2.16808	 -8.18898e-05
19.36	 -0.0429383	 1.74816e-05	 -0.721171	 -0.000946085	 2.16277	 -9.77951e-05
19.38	 -0.0392969	 2.31196e-05	 -0.704477	 -0.0008924	 2.15707	 -0.000113806
19.4	 -0.0356879	 2.87369e-05	 -0.687855	 -0.000838577	 2.151	 -0.000129897
19.42	 -0.0321186	 3.4322e-05	 -0.67133	 -0.000784712	 2.14459	 -0.000146043
19.44	 -0.0285958	 3.98642e-05	 -0.654925	 -0.000730898	 2.13784	 -0.000162218
19.46	 -0.0251264	 4.53535e-05	 -0.638665	 -0.000677216	 2.1308	 -0.000178391
19.48	 -0.0217173	 5.07789e-05	 -0.622573	 -0.000623766	 2.12346	 -0.000194537
19.5	 -0.018375	 5.61301e-05	 -0.606671	 -0.000570637	 2.11586	 -0.000210628
19.52	 -0.0151061	 6.13966e-05	 -0.590983	 -0.00051792	 2.10802	 -0.000226634
19.54	 -0.011917	 6.65684e-05	 -0.575531	 -0.000465701	 2.09995	 -0.000242525
19.56	 -0.00881365	 7.1635e-05	 -0.560336	 -0.000414069	 2.09167	 -0.000258272
19.58	 -0.00580217	 7.65869e-05	 -0.54542	 -0.00036311	 2.08321	 -0.000273847
19.6	 -0.00288826	 8.14145e-05	 -0.530805	 -0.00031291	 2.07458	 -0.000289222
19.62	 -7.75028e-05	 8.61081e-05	 -0.516509	 -0.000263558	 2.0658	 -0.000304368
19.64	 0.00262474	 9.06586e-05	 -0.502553	 -0.000215137	 2.05689	 -0.000319254
19.66	 0.00521333	 9.50567e-05	 -0.488955	 -0.000167733	 2.04786	 -0.000333855
19.68	 0.00768335	 9.92935e-05	 -0.475735	 -0.000121429	 2.03874	 -0.000348143
19.7	 0.0100302	 0.000103361	 -0.46291	 -7.63032e-05	 2.02954	 -0.000362093
19.72	 0.0122494	 0.00010725	 -0.450496	 -3.24289e-05	 2.02028	 -0.00037568
19.74	 0.014337	 0.000110956	 -0.438511	 1.01247e-05	 2.01097	 -0.000388876
19.76	 0.0162893	 0.000114469	 -0.426969	 5.12857e-05	 2.00163	 -0.00040166
19.78	 0.0181026	 0.000117783	 -0.415886	 9.0979e-05	 1.99227	 -0.00041401
19.8	 0.0197737	 0.000120891	 -0.405275	 0.00012913	 1.98291	 -0.000425904
19.82	 0.0212996	 0.000123786	 -0.39515	 0.000165673	 1.97355	 -0.000437319
19.84	 0.0226777	 0.000126464	 -0.385522	 0.000200553	 1.96423	 -0.000448234
19.86	 0.0239057	 0.000128918	 -0.376403	 0.000233709	 1.95493	 -0.000458628
19.88	 0.0249814	 0.000131143	 -0.367802	 0.000265084	 1.94569	 -0.000468481
19.9	 0.0259032	 0.000133135	 -0.35973	 0.000294631	 1.93651	 -0.000477774
19.92	 0.0266697	 0.000134888	 -0.352195	 0.000322301	 1.9274	 -0.000486486
19.94	 0.0272798	 0.0001364	 -0.345203	 0.000348049	 1.91837	 -0.000494598
19.96	 0.0277327	 0.000137668	 -0.338762	 0.000371837	 1.90943	 -0.000502094
19.98	 0.0280279	 0.000138687	 -0.332876	 0.000393625	 1.90059	 -0.000508955
20	 0.0281654	 0.000139455	 -0.32755	 0.00041338	 1.89187	 -0.000515168
20.02	 0.0281452	 0.00013997	 -0.322788	 0.000431076	 1.88326	 -0.000520718
20.04	 0.0279679	 0.000140231	 -0.318592	 0.000446687	 1.87477	 -0.000525593
20.06	 0.0276344	 0.000140236	 -0.314962	 0.000460193	 1.86642	 -0.00052978
20.08	 0.0271459	 0.000139985	 -0.3119	 0.000471575	 1.8582	 -0.000533269
20.1	 0.0265038	 0.000139478	 -0.309405	 0.000480823	 1.85013	 -0.00053605
20.12	 0.02571	 0.000138715	 -0.307475	 0.000487929	 1.84219	 -0.000538116
20.14	 0.0247666	 0.000137697	 -0.306108	 0.000492888	 1.83441	 -0.000539459
20.16	 0.0236761	 0.000136425	 -0.305299	 0.000495705	 1.82678	 -0.000540075
20.18	 0.0224412	 0.000134902	 -0.305044	 0.000496383	 1.81929	 -0.000539962
20.2	 0.021065	 0.00013313	 -0.305338	 0.000494928	 1.81196	 -0.000539117
20.22	 0.0195509	 0.00013111	 -0.306174	 0.000491348	 1.80478	 -0.000537542
20.24	 0.0179025	 0.000128847	 -0.307545	 0.000485656	 1.79775	 -0.000535234
20.26	 0.0161236	 0.000126344	 -0.309442	 0.000477875	 1.79086	 -0.000532196
20.28	 0.0142185	 0.000123605	 -0.311855	 0.000468028	 1.78413	 -0.000528431
20.3	 0.0121914	 0.000120633	 -0.314775	 0.00045614	 1.77753	 -0.000523944
20.32	 0.0100472	 0.000117435	 -0.31819	 0.000442245	 1.77107	 -0.000518739
20.34	 0.00779073	 0.000114014	 -0.322089	 0.000426378	 1.76475	 -0.000512824
20.36	 0.00542708	 0.000110378	 -0.326457	 0.000408579	 1.75855	 -0.000506206
20.38	 0.00296162	 0.000106531	 -0.331282	 0.000388889	 1.75248	 -0.000498894
20.4	 0.000399899	 0.000102481	 -0.33655	 0.000367358	 1.74652	 -0.000490895
20.42	 -0.00225234	 9.82338e-05	 -0.342245	 0.000344036	 1.74067	 -0.000482222
20.44	 -0.0049892	 9.37975e-05	 -0.348351	 0.000318979	 1.73491	 -0.000472886
20.46	 -0.00780462	 8.91797e-05	 -0.354851	 0.000292244	 1.72925	 -0.000462901
20.48	 -0.0106924	 8.43882e-05	 -0.36173	 0.000263892	 1.72367	 -0.000452281
20.5	 -0.0136461	 7.94315e-05	 -0.368969	 0.000233987	 1.71815	 -0.000441043
20.52	 -0.0166594	 7.43182e-05	 -0.376549	 0.000202595	 1.7127	 -0.000429202
20.54	 -0.0197255	 6.90575e-05	 -0.384453	 0.000169787	 1.70729	 -0.000416777
20.56	 -0.0228379	 6.36588e-05	 -0.39266	 0.000135636	 1.70192	 -0.000403786
20.58	 -0.0259897	 5.81315e-05	 -0.401152	 0.000100216	 1.69657	 -0.00039025
20.6	 -0.029174	 5.24859e-05	 -0.409908	 6.36049e-05	 1.69123	 -0.00037619
20.62	 -0.032384	 4.6732e-05	 -0.418908	 2.58814e-05	 1.68589	 -0.000361627
20.64	 -0.0356128	 4.088e-05	 -0.428132	 -1.28761e-05	 1.68052	 -0.000346585
20.66	 -0.0388533	 3.49402e-05	 -0.437558	 -5.25879e-05	 1.67513	 -0.000331087
20.68	 -0.0420986	 2.8923e-05	 -0.447165	 -9.31719e-05	 1.66968	 -0.000315155
20.7	 -0.0453418	 2.28391e-05	 -0.456932	 -0.000134544	 1.66417	 -0.000298814
20.72	 -0.0485759	 1.66992e-05	 -0.466838	 -0.000176619	 1.65859	 -0.00028209
20.74	 -0.051794	 1.05141e-05	 -0.476861	 -0.000219312	 1.65291	 -0.000265008
20.76	 -0.0549892	 4.29486e-06	 -0.486979	 -0.000262536	 1.64711	 -0.000247594
20.78	 -0.0581547	 -1.94773e-06	 -0.497172	 -0.000306206	 1.64119	 -0.000229875
20.8	 -0.0612838	 -8.20257e-06	 -0.507416	 -0.000350235	 1.63513	 -0.000211877
20.82	 -0.0643698	 -1.44586e-05	 -0.517692	 -0.000394535	 1.62891	 -0.000193627
20.84	 -0.0674061	 -2.07049e-05	 -0.527977	 -0.00043902	 1.62252	 -0.000175154
20.86	 -0.0703863	 -2.69304e-05	 -0.53825	 -0.000483602	 1.61593	 -0.000156485
20.88	 -0.073304	 -3.31241e-05	 -0.548491	 -0.000528196	 1.60914	 -0.000137646
20.9	 -0.076153	 -3.9275e-05	 -0.55868	 -0.000572714	 1.60212	 -0.000118668
20.92	 -0.0789272	 -4.53723e-05	 -0.568794	 -0.00061707	 1.59485	 -9.95764e-05
20.94	 -0.0816208	 -5.14051e-05	 -0.578815	 -0.00066118	 1.58734	 -8.04006e-05
20.96	 -0.0842279	 -5.73628e-05	 -0.588723	 -0.000704961	 1.57955	 -6.11687e-05
20.98	 -0.086743	 -6.32349e-05	 -0.598498	 -0.000748328	 1.57147	 -4.19091e-05
21	 -0.0891607	 -6.9011e-05	 -0.608122	 -0.000791202	 1.56309	 -2.26499e-05
21.02	 -0.0914758	 -7.46808e-05	 -0.617577	 -0.000833502	 1.55439	 -3.41953e-06
21.04	 -0.0936834	 -8.02345e-05	 -0.626843	 -0.00087515	 1.54536	 1.57538e-05
21.06	 -0.0957785	 -8.56621e-05	 -0.635905	 -0.000916069	 1.53597	 3.48419e-05
21.08	 -0.0977567	 -9.0954e-05	 -0.644746	 -0.000956184	 1.52623	 5.38172e-05
21.1	 -0.0996136	 -9.6101e-05	 -0.653349	 -0.000995422	 1.51612	 7.2652e-05
21.12	 -0.101345	 -0.000101094	 -0.661698	 -0.00103371	 1.50561	 9.13188e-05
21.14	 -0.102947	 -0.000105924	 -0.66978	 -0.00107099	 1.49471	 0.00010979
21.16	 -0.104417	 -0.000110582	 -0.67758	 -0.00110718	 1.48339	 0.000128041
21.18	 -0.10575	 -0.000115062	 -0.685084	 -0.00114223	 1.47165	 0.000146043
21.2	 -0.106944	 -0.000119354	 -0.69228	 -0.00117607	 1.45948	 0.000163772
21.22	 -0.107995	 -0.000123451	 -0.699157	 -0.00120864	 1.44686	 0.000181202
21.24	 -0.108902	 -0.000127346	 -0.705702	 -0.0012399	 1.4338	 0.000198309
21.26	 -0.109662	 -0.000131033	 -0.711905	 -0.00126978	 1.42027	 0.000215067
21.28	 -0.110273	 -0.000134506	 -0.717758	 -0.00129824	 1.40628	 0.000231454
21.3	 -0.110733	 -0.000137757	 -0.723251	 -0.00132522	 1.39181	 0.000247446
21.32	 -0.111041	 -0.000140782	 -0.728376	 -0.00135069	 1.37686	 0.000263019
21.34	 -0.111195	 -0.000143575	 -0.733127	 -0.00137461	 1.36143	 0.000278153
21.36	 -0.111195	 -0.000146133	 -0.737498	 -0.00139693	 1.3455	 0.000292827
21.38	 -0.11104	 -0.000148449	 -0.741483	 -0.00141763	 1.32909	 0.000307018
21.4	 -0.11073	 -0.000150522	 -0.745077	 -0.00143667	 1.31218	 0.000320708
21.42	 -0.110265	 -0.000152347	 -0.748278	 -0.00145401	 1.29478	 0.000333876
21.44	 -0.109644	 -0.000153921	 -0.751083	 -0.00146965	 1.27688	 0.000346505
21.46	 -0.108869	 -0.000155242	 -0.75349	 -0.00148355	 1.25849	 0.000358577
21.48	 -0.107941	 -0.000156307	 -0.755499	 -0.0014957	 1.2396	 0.000370076
21.5	 -0.10686	 -0.000157116	 -0.757109	 -0.00150608	 1.22022	 0.000380984
21.52	 -0.105628	 -0.000157667	 -0.758322	 -0.00151468	 1.20036	 0.000391287
21.54	 -0.104246	 -0.000157959	 -0.759139	 -0.00152149	 1.18001	 0.000400971
21.56	 -0.102717	 -0.000157992	 -0.759563	 -0.00152651	 1.15919	 0.000410023
21.58	 -0.101043	 -0.000157766	 -0.759599	 -0.00152974	 1.1379	 0.000418429
21.6	 -0.0992258	 -0.000157283	 -0.759249	 -0.00153117	 1.11614	 0.000426178
21.62	 -0.097269	 -0.000156542	 -0.758521	 -0.00153082	 1.09394	 0.00043326
21.64	 -0.0951755	 -0.000155547	 -0.75742	 -0.00152869	 1.07129	 0.000439666
21.66	 -0.0929484	 -0.000154298	 -0.755952	 -0.00152479	 1.04821	 0.000445385
21.68	 -0.0905916	 -0.000152799	 -0.754127	 -0.00151914	 1.02471	 0.000450411
21.7	 -0.0881087	 -0.000151053	 -0.751952	 -0.00151175	 1.00081	 0.000454736
21.72	 -0.0855038	 -0.000149063	 -0.749437	 -0.00150266	 0.976515	 0.000458356
21.74	 -0.0827814	 -0.000146833	 -0.746593	 -0.00149188	 0.951843	 0.000461266
21.76	 -0.0799459	 -0.000144367	 -0.743429	 -0.00147944	 0.926809	 0.000463461
21.78	 -0.0770022	 -0.00014167	 -0.739958	 -0.00146538	 0.901432	 0.00046494
21.8	 -0.0739552	 -0.000138747	 -0.736191	 -0.00144973	 0.875728	 0.000465701
21.82	 -0.0708101	 -0.000135605	 -0.732143	 -0.00143252	 0.849718	 0.000465745
21.84	 -0.0675725	 -0.000132248	 -0.727826	 -0.0014138	 0.82342	 0.000465071
21.86	 -0.0642477	 -0.000128684	 -0.723254	 -0.00139362	 0.796855	 0.000463682
21.88	 -0.0608418	 -0.000124919	 -0.718442	 -0.00137201	 0.770045	 0.00046158
21.9	 -0.0573605	 -0.00012096	 -0.713406	 -0.00134904	 0.743011	 0.00045877
21.92	 -0.05381	 -0.000116816	 -0.708161	 -0.00132474	 0.715777	 0.000455258
21.94	 -0.0501965	 -0.000112493	 -0.702723	 -0.00129918	 0.688365	 0.000451048
21.96	 -0.0465265	 -0.000108	 -0.69711	 -0.00127241	 0.660801	 0.00044615
21.98	 -0.0428065	 -0.000103345	 -0.691337	 -0.0012445	 0.633109	 0.00044057
22	 -0.0390431	 -9.85373e-05	 -0.685423	 -0.00121549	 0.605315	 0.000434319
22.02	 -0.0352429	 -9.35859e-05	 -0.679386	 -0.00118547	 0.577444	 0.000427408
22.04	 -0.031413	 -8.85001e-05	 -0.673242	 -0.00115449	 0.549523	 0.000419848
22.06	 -0.0275601	 -8.32894e-05	 -0.667011	 -0.00112262	 0.521578	 0.000411651
22.08	 -0.0236912	 -7.79635e-05	 -0.660712	 -0.00108994	 0.493638	 0.000402832
22.1	 -0.0198133	 -7.25324e-05	 -0.654362	 -0.0010565	 0.46573	 0.000393406
22.12	 -0.0159334	 -6.70063e-05	 -0.64798	 -0.00102239	 0.437881	 0.000383388
22.14	 -0.0120587	 -6.13954e-05	 -0.641586	 -0.00098768	 0.41012	 0.000372796
22.16	 -0.00819629	 -5.57102e-05	 -0.635198	 -0.000952441	 0.382474	 0.000361646
22.18	 -0.00435315	 -4.99613e-05	 -0.628835	 -0.000916752	 0.354974	 0.000349958
22.2	 -0.000536385	 -4.41594e-05	 -0.622517	 -0.000880688	 0.327646	 0.000337751
22.22	 0.00324696	 -3.83152e-05	 -0.616262	 -0.000844329	 0.300521	 0.000325045
22.24	 0.00698989	 -3.24397e-05	 -0.610089	 -0.000807751	 0.273625	 0.000311861
22.26	 0.0106855	 -2.65436e-05	 -0.604016	 -0.000771034	 0.246989	 0.000298221
22.28	 0.0143268	 -2.0638e-05	 -0.598063	 -0.000734257	 0.22064	 0.000284147
22.3	 0.0179072	 -1.47336e-05	 -0.592247	 -0.000697498	 0.194606	 0.000269663
22.32	 0.0214199	 -8.84131e-06	 -0.586586	 -0.000660837	 0.168915	 0.000254792
22.34	 0.0248583	 -2.97208e-06	 -0.581098	 -0.000624352	 0.143596	 0.000239559
22.36	 0.0282161	 2.86333e-06	 -0.575801	 -0.000588123	 0.118676	 0.000223988
22.38	 0.0314869	 8.65416e-06	 -0.570711	 -0.000552228	 0.0941808	 0.000208105
22.4	 0.0346645	 1.43898e-05	 -0.565846	 -0.000516745	 0.0701381	 0.000191936
22.42	 0.0377429	 2.00596e-05	 -0.561221	 -0.00048175	 0.0465738	 0.000175506
22.44	 0.0407164	 2.56533e-05	 -0.556852	 -0.000447318	 0.0235135	 0.000158842
22.46	 0.0435793	 3.11606e-05	 -0.552755	 -0.000413525	 0.000982265	 0.000141971
22.48	 0.0463262	 3.65716e-05	 -0.548943	 -0.000380445	 -0.0209955	 0.000124919
22.5	 0.0489519	 4.18761e-05	 -0.545432	 -0.000348148	 -0.0423961	 0.000107714
22.52	 0.0514513	 4.70647e-05	 -0.542235	 -0.000316706	 -0.0631964	 9.03836e-05
22.54	 0.0538197	 5.21279e-05	 -0.539365	 -0.000286188	 -0.0833741	 7.29541e-05
22.56	 0.0560526	 5.70564e-05	 -0.536834	 -0.000256659	 -0.102908	 5.54532e-05
22.58	 0.0581457	 6.18412e-05	 -0.534653	 -0.000228186	 -0.121777	 3.79081e-05
22.6	 0.060095	 6.64738e-05	 -0.532834	 -0.00020083	 -0.139961	 2.03459e-05
22.62	 0.0618967	 7.09456e-05	 -0.531387	 -0.000174653	 -0.157443	 2.7936e-06
22.64	 0.0635475	 7.52487e-05	 -0.530322	 -0.000149712	 -0.174203	 -1.47223e-05
22.66	 0.065044	 7.93751e-05	 -0.529647	 -0.000126063	 -0.190225	 -3.21754e-05
22.68	 0.0663835	 8.33176e-05	 -0.52937	 -0.000103761	 -0.205494	 -4.95395e-05
22.7	 0.0675633	 8.70688e-05	 -0.529498	 -8.28541e-05	 -0.219994	 -6.67893e-05
22.72	 0.0685812	 9.06222e-05	 -0.530038	 -6.33918e-05	 -0.233712	 -8.38998e-05
22.74	 0.0694351	 9.39713e-05	 -0.530996	 -4.54184e-05	 -0.246635	 -0.000100846
22.76	 0.0701234	 9.71102e-05	 -0.532375	 -2.89758e-05	 -0.258752	 -0.000117605
22.78	 0.0706447	 0.000100033	 -0.534181	 -1.41032e-05	 -0.270052	 -0.000134153
22.8	 0.0709981	 0.000102735	 -0.536415	 -8.36658e-07	 -0.280527	 -0.000150467
22.82	 0.0711827	 0.000105211	 -0.539081	 1.07912e-05	 -0.290167	 -0.000166526
22.84	 0.0711982	 0.000107457	 -0.542179	 2.07507e-05	 -0.298968	 -0.000182307
22.86	 0.0710445	 0.000109468	 -0.545711	 2.90156e-05	 -0.306923	 -0.000197791
22.88	 0.0707219	 0.000111242	 -0.549674	 3.55634e-05	 -0.314027	 -0.000212958
22.9	 0.0702309	 0.000112775	 -0.55407	 4.03748e-05	 -0.320278	 -0.000227789
22.92	 0.0695724	 0.000114064	 -0.558894	 4.34342e-05	 -0.325674	 -0.000242267
22.94	 0.0687476	 0.000115107	 -0.564145	 4.47294e-05	 -0.330215	 -0.000256374
22.96	 0.0677582	 0.000115903	 -0.569818	 4.42518e-05	 -0.333901	 -0.000270095
22.98	 0.0666058	 0.00011645	 -0.575909	 4.19967e-05	 -0.336734	 -0.000283415
23	 0.0652928	 0.000116748	 -0.582412	 3.79629e-05	 -0.338718	 -0.000296319
23.02	 0.0638215	 0.000116795	 -0.589321	 3.21527e-05	 -0.339856	 -0.000308795
23.04	 0.0621947	 0.000116593	 -0.596629	 2.45722e-05	 -0.340156	 -0.00032083
23.06	 0.0604155	 0.000116142	 -0.604327	 1.52311e-05	 -0.339624	 -0.000332415
23.08	 0.0584873	 0.000115443	 -0.612407	 4.14245e-06	 -0.338267	 -0.000343538
23.1	 0.0564136	 0.000114497	 -0.62086	 -8.67701e-06	 -0.336097	 -0.000354192
23.12	 0.0541984	 0.000113307	 -0.629675	 -2.32073e-05	 -0.333123	 -0.000364369
23.14	 0.0518458	 0.000111874	 -0.638841	 -3.9425e-05	 -0.329356	 -0.000374061
23.16	 0.0493602	 0.000110202	 -0.648347	 -5.73032e-05	 -0.324811	 -0.000383264
23.18	 0.0467463	 0.000108294	 -0.65818	 -7.68119e-05	 -0.3195	 -0.000391974
23.2	 0.0440089	 0.000106154	 -0.668327	 -9.79178e-05	 -0.313439	 -0.000400186
23.22	 0.0411532	 0.000103786	 -0.678775	 -0.000120585	 -0.306643	 -0.000407899
23.24	 0.0381844	 0.000101195	 -0.689509	 -0.000144773	 -0.29913	 -0.00041511
23.26	 0.035108	 9.83857e-05	 -0.700515	 -0.000170442	 -0.290917	 -0.000421821
23.28	 0.0319298	 9.53633e-05	 -0.711778	 -0.000197545	 -0.282023	 -0.00042803
23.3	 0.0286556	 9.21339e-05	 -0.72328	 -0.000226035	 -0.272468	 -0.00043374
23.32	 0.0252913	 8.87035e-05	 -0.735007	 -0.000255864	 -0.26227	 -0.000438954
23.34	 0.0218433	 8.50788e-05	 -0.746942	 -0.000286977	 -0.251453	 -0.000443673
23.36	 0.0183176	 8.12667e-05	 -0.759067	 -0.000319321	 -0.240036	 -0.000447904
23.38	 0.0147209	 7.72744e-05	 -0.771364	 -0.000352838	 -0.228044	 -0.000451649
23.4	 0.0110595	 7.31096e-05	 -0.783817	 -0.000387471	 -0.215497	 -0.000454916
23.42	 0.00734018	 6.87801e-05	 -0.796406	 -0.000423157	 -0.202421	 -0.000457711
23.44	 0.00356953	 6.42941e-05	 -0.809113	 -0.000459835	 -0.188838	 -0.00046004
23.46	 -0.000245638	 5.96601e-05	 -0.82192	 -0.000497441	 -0.174773	 -0.000461912
23.48	 -0.00409852	 5.48869e-05	 -0.834808	 -0.000535908	 -0.160251	 -0.000463335
23.5	 -0.00798224	 4.99834e-05	 -0.847757	 -0.00057517	 -0.145297	 -0.000464319
23.52	 -0.0118899	 4.49589e-05	 -0.860749	 -0.000615158	 -0.129936	 -0.000464873
23.54	 -0.0158147	 3.98229e-05	 -0.873764	 -0.000655802	 -0.114194	 -0.000465007
23.56	 -0.0197495	 3.4585e-05	 -0.886782	 -0.000697034	 -0.0980964	 -0.000464732
23.58	 -0.0236877	 2.92551e-05	 -0.899785	 -0.000738781	 -0.0816692	 -0.000464059
23.6	 -0.0276223	 2.38432e-05	 -0.912753	 -0.000780971	 -0.0649384	 -0.000463001
23.62	 -0.0315464	 1.83595e-05	 -0.925667	 -0.000823533	 -0.0479297	 -0.000461569
23.64	 -0.0354533	 1.28142e-05	 -0.938507	 -0.000866393	 -0.030669	 -0.000459775
23.66	 -0.0393363	 7.21778e-06	 -0.951254	 -0.000909479	 -0.0131821	 -0.000457633
23.68	 -0.0431887	 1.58072e-06	 -0.963889	 -0.000952717	 0.00450542	 -0.000455155
23.7	 -0.047004	 -4.08641e-06	 -0.976395	 -0.000996035	 0.0223682	 -0.000452355
23.72	 -0.0507757	 -9.77299e-06	 -0.988751	 -0.00103936	 0.0403811	 -0.000449246
23.74	 -0.0544975	 -1.54683e-05	 -1.00094	 -0.00108262	 0.0585194	 -0.000445842
23.76	 -0.0581632	 -2.11618e-05	 -1.01294	 -0.00112574	 0.0767585	 -0.000442157
23.78	 -0.0617665	 -2.68427e-05	 -1.02474	 -0.00116865	 0.0950744	 -0.000438205
23.8	 -0.0653016	 -3.25003e-05	 -1.03632	 -0.00121128	 0.113443	 -0.000434
23.82	 -0.0687627	 -3.8124e-05	 -1.04767	 -0.00125356	 0.131843	 -0.000429556
23.84	 -0.0721441	 -4.37034e-05	 -1.05875	 -0.00129542	 0.150249	 -0.000424888
23.86	 -0.0754402	 -4.92278e-05	 -1.06957	 -0.00133679	 0.168642	 -0.000420009
23.88	 -0.0786459	 -5.4687e-05	 -1.08011	 -0.0013776	 0.186998	 -0.000414935
23.9	 -0.0817559	 -6.00706e-05	 -1.09034	 -0.00141779	 0.205298	 -0.000409679
23.92	 -0.0847653	 -6.53686e-05	 -1.10025	 -0.0014573	 0.223521	 -0.000404255
23.94	 -0.0876694	 -7.05709e-05	 -1.10984	 -0.00149606	 0.241648	 -0.000398677
23.96	 -0.0904636	 -7.56678e-05	 -1.11908	 -0.00153401	 0.259661	 -0.00039296
23.98	 -0.0931436	 -8.06496e-05	 -1.12797	 -0.00157108	 0.277542	 -0.000387117
24	 -0.0957053	 -8.55069e-05	 -1.13649	 -0.00160723	 0.295274	 -0.000381162
24.02	 -0.0981449	 -9.02305e-05	 -1.14462	 -0.0016424	 0.312841	 -0.000375108
24.04	 -0.100459	 -9.48115e-05	 -1.15237	 -0.00167652	 0.330227	 -0.00036897
24.06	 -0.102643	 -9.92412e-05	 -1.15971	 -0.00170955	 0.347419	 -0.000362759
24.08	 -0.104695	 -0.000103511	 -1.16665	 -0.00174144	 0.364403	 -0.00035649
24.1	 -0.106612	 -0.000107613	 -1.17316	 -0.00177214	 0.381166	 -0.000350174
24.12	 -0.10839	 -0.00011154	 -1.17924	 -0.00180161	 0.397698	 -0.000343824
24.14	 -0.110029	 -0.000115283	 -1.18488	 -0.00182979	 0.413988	 -0.000337453
24.16	 -0.111524	 -0.000118835	 -1.19008	 -0.00185665	 0.430025	 -0.000331072
24.18	 -0.112875	 -0.00012219	 -1.19483	 -0.00188215	 0.445803	 -0.000324693
24.2	 -0.11408	 -0.000125342	 -1.19913	 -0.00190625	 0.461312	 -0.000318328
24.22	 -0.115137	 -0.000128283	 -1.20296	 -0.00192892	 0.476547	 -0.000311986
24.24	 -0.116047	 -0.000131026	 -1.20633	 -0.00195042	 0.491512	 -0.000305348
24.26	 -0.11681	 -0.000133554	 -1.20924	 -0.00197066	 0.506206	 -0.000298512
24.28	 -0.117428	 -0.000135861	 -1.21167	 -0.00198962	 0.52063	 -0.00029149
24.3	 -0.1179	 -0.000137944	 -1.21365	 -0.00200728	 0.534782	 -0.000284287
24.32	 -0.118229	 -0.000139798	 -1.21515	 -0.00202362	 0.548665	 -0.000276911
24.34	 -0.118414	 -0.000141421	 -1.2162	 -0.00203862	 0.562278	 -0.000269368
24.36	 -0.118457	 -0.00014281	 -1.21677	 -0.00205226	 0.575625	 -0.000261663
24.38	 -0.118356	 -0.000143964	 -1.21689	 -0.00206454	 0.588706	 -0.000253804
24.4	 -0.118114	 -0.000144879	 -1.21654	 -0.00207543	 0.601524	 -0.000245796
24.42	 -0.117731	 -0.000145554	 -1.21573	 -0.00208494	 0.614081	 -0.000237644
24.44	 -0.117207	 -0.000145986	 -1.21446	 -0.00209305	 0.62638	 -0.000229357
24.46	 -0.116544	 -0.000146174	 -1.21274	 -0.00209977	 0.638423	 -0.00022094
24.48	 -0.115742	 -0.000146117	 -1.21057	 -0.00210509	 0.650213	 -0.000212398
24.5	 -0.114801	 -0.000145816	 -1.20795	 -0.00210901	 0.661752	 -0.000203742
24.52	 -0.113724	 -0.000145267	 -1.2049	 -0.00211151	 0.673043	 -0.000195012
24.54	 -0.112512	 -0.000144438	 -1.2014	 -0.00211195	 0.684096	 -0.000186959
24.56	 -0.111167	 -0.000143373	 -1.19748	 -0.00211091	 0.694915	 -0.00017887
24.58	 -0.109693	 -0.000142073	 -1.19314	 -0.00210845	 0.705518	 -0.000170705
24.6	 -0.108093	 -0.000140502	 -1.1884	 -0.00210404	 0.715912	 -0.000163126
24.62	 -0.106371	 -0.000138697	 -1.18325	 -0.00209822	 0.726106	 -0.000155512
24.64	 -0.10453	 -0.000136645	 -1.17771	 -0.00209079	 0.736116	 -0.000148106
24.66	 -0.102574	 -0.000134341	 -1.17179	 -0.00208167	 0.74595	 -0.00014105
24.68	 -0.100507	 -0.000131803	 -1.1655	 -0.0020711	 0.755622	 -0.00013409
24.7	 -0.0983333	 -0.000129025	 -1.15886	 -0.00205892	 0.765147	 -0.000127436
24.72	 -0.0960565	 -0.000126014	 -1.15187	 -0.00204522	 0.774538	 -0.000121043
24.74	 -0.0936815	 -0.000122779	 -1.14456	 -0.00203006	 0.78381	 -0.000114855
24.76	 -0.0912126	 -0.000119319	 -1.13692	 -0.00201339	 0.792979	 -0.000108975
24.78	 -0.0886548	 -0.000115643	 -1.12898	 -0.00199529	 0.802059	 -0.000103343
24.8	 -0.0860129	 -0.000111756	 -1.12075	 -0.00197579	 0.811067	 -9.79742e-05
24.82	 -0.083292	 -0.000107663	 -1.11224	 -0.0019549	 0.820019	 -9.29011e-05
24.84	 -0.0804973	 -0.000103373	 -1.10347	 -0.00193269	 0.82893	 -8.80916e-05
24.86	 -0.0776343	 -9.88911e-05	 -1.09445	 -0.00190917	 0.837817	 -8.35681e-05
24.88	 -0.0747082	 -9.42244e-05	 -1.08521	 -0.0018844	 0.846698	 -7.93311e-05
24.9	 -0.0717246	 -8.93815e-05	 -1.07574	 -0.00185842	 0.855588	 -7.53692e-05
24.92	 -0.0686891	 -8.43698e-05	 -1.06608	 -0.00183127	 0.864505	 -7.16939e-05
24.94	 -0.0656073	 -7.91978e-05	 -1.05624	 -0.001803	 0.873465	 -6.83007e-05
24.96	 -0.0624849	 -7.38737e-05	 -1.04623	 -0.00177366	 0.882486	 -6.51921e-05
24.98	 -0.0593278	 -6.84064e-05	 -1.03606	 -0.00174329	 0.891584	 -6.23737e-05
25	 -0.0561418	 -6.28053e-05	 -1.02577	 -0.00171194	 0.900777	 -5.98393e-05
25.02	 -0.052933	 -5.70792e-05	 -1.01536	 -0.00167967	 0.91008	 -5.75896e-05
25.04	 -0.0497074	 -5.12379e-05	 -1.00484	 -0.00164651	 0.919512	 -5.56231e-05
25.06	 -0.0464709	 -4.52908e-05	 -0.994247	 -0.00161253	 0.929087	 -5.39346e-05
25.08	 -0.0432296	 -3.92475e-05	 -0.983585	 -0.00157777	 0.938822	 -5.25202e-05
25.1	 -0.0399894	 -3.31172e-05	 -0.972874	 -0.00154227	 0.94873	 -5.13729e-05
25.12	 -0.0367561	 -2.69101e-05	 -0.962132	 -0.00150607	 0.958825	 -5.04859e-05
25.14	 -0.0335356	 -2.06373e-05	 -0.951374	 -0.00146923	 0.969118	 -4.98578e-05
25.16	 -0.0303336	 -1.43114e-05	 -0.94062	 -0.00143186	 0.979622	 -4.94908e-05
25.18	 -0.0271562	 -7.94314e-06	 -0.929884	 -0.00139403	 0.990351	 -4.93827e-05
25.2	 -0.0240094	 -1.54212e-06	 -0.919184	 -0.00135579	 1.00132	 -4.95251e-05
25.22	 -0.020899	 4.8811e-06	 -0.908535	 -0.0013172	 1.01254	 -4.99094e-05
25.24	 -0.0178308	 1.13151e-05	 -0.897954	 -0.00127833	 1.02403	 -5.05294e-05
25.26	 -0.0148104	 1.77484e-05	 -0.887455	 -0.00123924	 1.0358	 -5.13785e-05
25.28	 -0.0118433	 2.41696e-05	 -0.877055	 -0.0012	 1.04785	 -5.24491e-05
25.3	 -0.0089351	 3.05677e-05	 -0.866767	 -0.00116066	 1.06021	 -5.37317e-05
25.32	 -0.0060911	 3.69315e-05	 -0.856606	 -0.0011213	 1.07288	 -5.52196e-05
25.34	 -0.00331657	 4.32499e-05	 -0.846587	 -0.00108197	 1.08587	 -5.69049e-05
25.36	 -0.000616633	 4.95124e-05	 -0.836723	 -0.00104274	 1.09918	 -5.87787e-05
25.38	 0.00200374	 5.5708e-05	 -0.827027	 -0.00100366	 1.11284	 -6.08334e-05
25.4	 0.0045397	 6.1826e-05	 -0.817513	 -0.000964812	 1.12684	 -6.30607e-05
25.42	 0.00698657	 6.78555e-05	 -0.808193	 -0.000926241	 1.1412	 -6.54514e-05
25.44	 0.00933982	 7.3786e-05	 -0.799078	 -0.000888014	 1.15592	 -6.79966e-05
25.46	 0.0115951	 7.96069e-05	 -0.790179	 -0.000850187	 1.171	 -7.06851e-05
25.48	 0.0137483	 8.53084e-05	 -0.781508	 -0.000812811	 1.18646	 -7.35059e-05
25.5	 0.0157956	 9.08806e-05	 -0.773075	 -0.000775936	 1.20228	 -7.64494e-05
25.52	 0.0177332	 9.63137e-05	 -0.764889	 -0.000739619	 1.21849	 -7.95068e-05
25.54	 0.0195577	 0.000101598	 -0.75696	 -0.000703916	 1.23507	 -8.26688e-05
25.56	 0.0212657	 0.000106725	 -0.749295	 -0.000668875	 1.25204	 -8.59237e-05
25.58	 0.0228543	 0.000111685	 -0.741904	 -0.000634541	 1.26938	 -8.92611e-05
25.6	 0.0243205	 0.00011647	 -0.734793	 -0.000600965	 1.2871	 -9.26716e-05
25.62	 0.0256619	 0.000121071	 -0.727969	 -0.000568191	 1.30519	 -9.61444e-05
25.64	 0.0268761	 0.000125481	 -0.721438	 -0.000536258	 1.32366	 -9.96681e-05
25.66	 0.0279611	 0.000129692	 -0.715205	 -0.000505205	 1.3425	 -0.000103233
25.68	 0.028915	 0.000133697	 -0.709276	 -0.000475069	 1.3617	 -0.000106828
25.7	 0.0297364	 0.00013749	 -0.703654	 -0.00044588	 1.38125	 -0.000110444
25.72	 0.0304241	 0.000141063	 -0.698343	 -0.000417676	 1.40116	 -0.000114072
25.74	 0.030977	 0.000144411	 -0.693346	 -0.000390495	 1.4214	 -0.000117706
25.76	 0.0313942	 0.000147527	 -0.688664	 -0.000364372	 1.44197	 -0.000121336
25.78	 0.0316753	 0.000150407	 -0.6843	 -0.000339333	 1.46287	 -0.000124953
25.8	 0.0318199	 0.000153045	 -0.680255	 -0.000315399	 1.48407	 -0.000128548
25.82	 0.0318281	 0.000155437	 -0.676527	 -0.000292601	 1.50557	 -0.000132114
25.84	 0.0317001	 0.000157579	 -0.673117	 -0.000270957	 1.52736	 -0.000135642
25.86	 0.0314363	 0.000159467	 -0.670023	 -0.000250488	 1.54942	 -0.000139126
25.88	 0.0310376	 0.000161097	 -0.667244	 -0.000231211	 1.57174	 -0.000142557
25.9	 0.0305049	 0.000162467	 -0.664776	 -0.000213141	 1.5943	 -0.00014593
25.92	 0.0298394	 0.000163574	 -0.662617	 -0.000196294	 1.61709	 -0.000149238
25.94	 0.0290427	 0.000164416	 -0.660762	 -0.000180677	 1.64009	 -0.000152474
25.96	 0.0281164	 0.00016499	 -0.659208	 -0.000166304	 1.66329	 -0.000155632
25.98	 0.0270624	 0.000165297	 -0.657949	 -0.000153176	 1.68666	 -0.000158707
26	 0.025883	 0.000165335	 -0.65698	 -0.000141298	 1.71019	 -0.000161693
26.02	 0.0245806	 0.000165105	 -0.656293	 -0.000130668	 1.73386	 -0.000164585
26.04	 0.0231578	 0.000164606	 -0.655883	 -0.000121286	 1.75764	 -0.000167379
26.06	 0.0216176	 0.000163838	 -0.655742	 -0.000113147	 1.78153	 -0.000170072
26.08	 0.0199629	 0.000162804	 -0.655863	 -0.000106246	 1.80549	 -0.000172659
26.1	 0.0181972	 0.000161505	 -0.656236	 -0.000100571	 1.82951	 -0.000175136
26.12	 0.0163238	 0.000159943	 -0.656852	 -9.6111e-05	 1.85356	 -0.0001775
26.14	 0.0143464	 0.00015812	 -0.657703	 -9.28515e-05	 1.87763	 -0.000179748
26.16	 0.012269	 0.000156041	 -0.658779	 -9.07741e-05	 1.90168	 -0.000181877
26.18	 0.0100956	 0.000153707	 -0.66007	 -8.98584e-05	 1.9257	 -0.000183885
26.2	 0.00783035	 0.000151124	 -0.661564	 -9.00823e-05	 1.94965	 -0.000185769
26.22	 0.00547775	 0.000148296	 -0.663251	 -9.1423e-05	 1.97352	 -0.00018753
26.24	 0.00304228	 0.000145228	 -0.665119	 -9.3855e-05	 1.99728	 -0.000189166
26.26	 0.000528579	 0.000141925	 -0.667158	 -9.73533e-05	 2.02091	 -0.000190676
26.28	 -0.00205856	 0.000138393	 -0.669354	 -0.000101888	 2.04438	 -0.000192059
26.3	 -0.00471424	 0.000134638	 -0.671696	 -0.000107426	 2.06766	 -0.000193314
26.32	 -0.00743344	 0.000130666	 -0.674171	 -0.000113933	 2.09074	 -0.00019444
26.34	 -0.010211	 0.000126484	 -0.676766	 -0.000121376	 2.11358	 -0.000195439
26.36	 -0.0130418	 0.0001221	 -0.679469	 -0.000129718	 2.13616	 -0.00019631
26.38	 -0.0159205	 0.000117521	 -0.682267	 -0.00013892	 2.15845	 -0.000197053
26.4	 -0.0188418	 0.000112756	 -0.685145	 -0.000148944	 2.18043	 -0.00019767
26.42	 -0.0218003	 0.000107811	 -0.688091	 -0.000159749	 2.20207	 -0.000198162
26.44	 -0.0247905	 0.000102696	 -0.691092	 -0.000171294	 2.22335	 -0.000198528
26.46	 -0.0278069	 9.74197e-05	 -0.694133	 -0.000183536	 2.24425	 -0.000198772
26.48	 -0.030844	 9.19909e-05	 -0.697202	 -0.000196431	 2.26473	 -0.000198893
26.5	 -0.0338963	 8.6419e-05	 -0.700284	 -0.000209934	 2.28477	 -0.000198895
26.52	 -0.0369582	 8.07136e-05	 -0.703367	 -0.000224001	 2.30435	 -0.000198778
26.54	 -0.0400243	 7.48845e-05	 -0.706437	 -0.000238583	 2.32345	 -0.000198545
26.56	 -0.0430889	 6.89418e-05	 -0.709481	 -0.000253636	 2.34203	 -0.000198198
26.58	 -0.0461465	 6.28956e-05	 -0.712485	 -0.00026911	 2.36008	 -0.00019774
26.6	 -0.0491918	 5.67564e-05	 -0.715436	 -0.00028496	 2.37757	 -0.000197173
26.62	 -0.0522191	 5.05345e-05	 -0.718322	 -0.000301137	 2.39448	 -0.0001965
26.64	 -0.0552232	 4.42408e-05	 -0.72113	 -0.000317592	 2.41079	 -0.000195724
26.66	 -0.0581987	 3.78859e-05	 -0.723846	 -0.000334278	 2.42648	 -0.000194847
26.68	 -0.0611403	 3.14808e-05	 -0.72646	 -0.000351145	 2.44151	 -0.000193873
26.7	 -0.0640429	 2.50364e-05	 -0.72896	 -0.000368146	 2.45588	 -0.000192804
26.72	 -0.0669012	 1.85638e-05	 -0.731332	 -0.000385232	 2.46957	 -0.000191644
26.74	 -0.0697104	 1.2074e-05	 -0.733567	 -0.000402354	 2.48254	 -0.000190397
26.76	 -0.0724655	 5.57834e-06	 -0.735653	 -0.000419466	 2.49478	 -0.000189065
26.78	 -0.0751617	 -9.12282e-07	 -0.737579	 -0.000436522	 2.50628	 -0.000187652
26.8	 -0.0777942	 -7.38675e-06	 -0.739336	 -0.000453474	 2.51702	 -0.000186162
26.82	 -0.0803586	 -1.38341e-05	 -0.740913	 -0.000470279	 2.52697	 -0.000184598
26.84	 -0.0828505	 -2.02433e-05	 -0.742301	 -0.000486892	 2.53612	 -0.000182963
26.86	 -0.0852654	 -2.66035e-05	 -0.743491	 -0.000503268	 2.54446	 -0.000181261
26.88	 -0.0875993	 -3.2904e-05	 -0.744475	 -0.000519363	 2.55197	 -0.000179495
26.9	 -0.0898482	 -3.91341e-05	 -0.745244	 -0.000535137	 2.55863	 -0.000177667
26.92	 -0.0920083	 -4.52832e-05	 -0.745791	 -0.000550547	 2.56444	 -0.000175783
26.94	 -0.0940758	 -5.13411e-05	 -0.746109	 -0.000565556	 2.56937	 -0.000173845
26.96	 -0.0960474	 -5.72974e-05	 -0.746192	 -0.000580124	 2.57343	 -0.000171856
26.98	 -0.0979196	 -6.31422e-05	 -0.746033	 -0.000594214	 2.57659	 -0.000169819
27	 -0.0996893	 -6.88657e-05	 -0.745628	 -0.000607792	 2.57884	 -0.000167738
27.02	 -0.101354	 -7.44583e-05	 -0.744971	 -0.000620822	 2.58018	 -0.000165616
27.04	 -0.10291	 -7.99108e-05	 -0.744058	 -0.000633273	 2.5806	 -0.000163455
27.06	 -0.104355	 -8.5214e-05	 -0.742886	 -0.000645114	 2.58009	 -0.000161259
27.08	 -0.105687	 -9.03593e-05	 -0.741452	 -0.000656315	 2.57865	 -0.00015903
27.1	 -0.106904	 -9.5338e-05	 -0.739752	 -0.000666849	 2.57626	 -0.000156772
27.12	 -0.108003	 -0.000100142	 -0.737785	 -0.00067669	 2.57293	 -0.000154487
27.14	 -0.108984	 -0.000104764	 -0.73555	 -0.000685813	 2.56864	 -0.000152178
27.16	 -0.109843	 -0.000109195	 -0.733047	 -0.000694197	 2.5634	 -0.000149847
27.18	 -0.110581	 -0.000113429	 -0.730275	 -0.000701821	 2.55721	 -0.000147498
27.2	 -0.111195	 -0.000117458	 -0.727234	 -0.000708667	 2.55006	 -0.000145132
27.22	 -0.111686	 -0.000121277	 -0.723927	 -0.000714719	 2.54196	 -0.000142753
27.24	 -0.112051	 -0.00012488	 -0.720355	 -0.000719963	 2.5329	 -0.000140363
27.26	 -0.112291	 -0.000128259	 -0.716519	 -0.000724386	 2.52289	 -0.000137963
27.28	 -0.112406	 -0.000131411	 -0.712425	 -0.000727977	 2.51193	 -0.000135556
27.3	 -0.112395	 -0.000134331	 -0.708074	 -0.00073073	 2.50002	 -0.000133144
27.32	 -0.112258	 -0.000137013	 -0.703472	 -0.000732637	 2.48717	 -0.000130729
27.34	 -0.111997	 -0.000139454	 -0.698622	 -0.000733695	 2.47339	 -0.000128313
27.36	 -0.111611	 -0.000141651	 -0.693531	 -0.000733903	 2.45868	 -0.000125898
27.38	 -0.111101	 -0.000143599	 -0.688205	 -0.00073326	 2.44305	 -0.000123484
27.4	 -0.110468	 -0.000145297	 -0.68265	 -0.00073177	 2.42652	 -0.000121075
27.42	 -0.109714	 -0.000146742	 -0.676874	 -0.000729438	 2.40908	 -0.000118672
27.44	 -0.10884	 -0.000147933	 -0.670883	 -0.000726272	 2.39075	 -0.000116275
27.46	 -0.107848	 -0.000148867	 -0.664686	 -0.000722281	 2.37154	 -0.000113885
27.48	 -0.106739	 -0.000149545	 -0.658292	 -0.000717476	 2.35147	 -0.000111505
27.5	 -0.105515	 -0.000149966	 -0.65171	 -0.00071187	 2.33055	 -0.000109133
27.52	 -0.10418	 -0.000150129	 -0.64495	 -0.000705478	 2.30879	 -0.000106771
27.54	 -0.102735	 -0.000150036	 -0.638021	 -0.000698319	 2.28621	 -0.000104419
27.56	 -0.101182	 -0.000149687	 -0.630934	 -0.000690412	 2.26283	 -0.000102077
27.58	 -0.099526	 -0.000149084	 -0.623701	 -0.000681778	 2.23867	 -9.97464e-05
27.6	 -0.0977683	 -0.000148229	 -0.616332	 -0.000672442	 2.21373	 -9.7426e-05
27.62	 -0.0959127	 -0.000147124	 -0.608839	 -0.000662427	 2.18805	 -9.51157e-05
27.64	 -0.0939624	 -0.000145771	 -0.601235	 -0.000651762	 2.16164	 -9.28151e-05
27.66	 -0.091921	 -0.000144175	 -0.593531	 -0.000640475	 2.13452	 -9.05235e-05
27.68	 -0.0897923	 -0.000142339	 -0.58574	 -0.000628597	 2.10672	 -8.82401e-05
27.7	 -0.08758	 -0.000140266	 -0.577876	 -0.000616159	 2.07825	 -8.59637e-05
27.72	 -0.0852882	 -0.000137962	 -0.569952	 -0.000603195	 2.04914	 -8.36934e-05
27.74	 -0.0829209	 -0.000135431	 -0.56198	 -0.00058974	 2.01942	 -8.14279e-05
27.76	 -0.0804825	 -0.000132679	 -0.553976	 -0.00057583	 1.98911	 -7.9166e-05
27.78	 -0.0779774	 -0.000129711	 -0.545952	 -0.000561503	 1.95823	 -7.6906e-05
27.8	 -0.07541	 -0.000126533	 -0.537922	 -0.000546797	 1.9268	 -7.46464e-05
27.82	 -0.072785	 -0.000123152	 -0.529902	 -0.000531753	 1.89487	 -7.23851e-05
27.84	 -0.0701071	 -0.000119574	 -0.521904	 -0.000516412	 1.86244	 -7.01201e-05
27.86	 -0.067381	 -0.000115807	 -0.513944	 -0.000500814	 1.82956	 -6.78496e-05
27.88	 -0.0646117	 -0.000111858	 -0.506035	 -0.000485003	 1.79624	 -6.55713e-05
27.9	 -0.061804	 -0.000107734	 -0.498193	 -0.000469022	 1.76252	 -6.32834e-05
27.92	 -0.0589631	 -0.000103444	 -0.490431	 -0.000452915	 1.72842	 -6.09834e-05
27.94	 -0.0560939	 -9.89959e-05	 -0.482764	 -0.000436727	 1.69397	 -5.86692e-05
27.96	 -0.0532017	 -9.43983e-05	 -0.475206	 -0.000420504	 1.65921	 -5.63386e-05
27.98	 -0.0502914	 -8.96599e-05	 -0.467771	 -0.000404292	 1.62416	 -5.39893e-05
28	 -0.0473684	 -8.479e-05	 -0.460473	 -0.000388138	 1.58885	 -5.16184e-05
28.02	 -0.0444377	 -7.97978e-05	 -0.453326	 -0.000372088	 1.55331	 -4.92232e-05
28.04	 -0.0415047	 -7.46927e-05	 -0.446344	 -0.000356188	 1.51757	 -4.68011e-05
28.06	 -0.0385744	 -6.94845e-05	 -0.439541	 -0.000340483	 1.48167	 -4.43496e-05
28.08	 -0.0356522	 -6.41829e-05	 -0.432929	 -0.000325022	 1.44562	 -4.18661e-05
28.1	 -0.0327431	 -5.8798e-05	 -0.426521	 -0.00030985	 1.40947	 -3.93479e-05
28.12	 -0.0298523	 -5.33399e-05	 -0.420331	 -0.000295013	 1.37325	 -3.67924e-05
28.14	 -0.0269849	 -4.78188e-05	 -0.414371	 -0.000280556	 1.33697	 -3.41967e-05
28.16	 -0.0241459	 -4.2245e-05	 -0.408653	 -0.000266525	 1.30068	 -3.15583e-05
28.18	 -0.0213403	 -3.66289e-05	 -0.403188	 -0.000252963	 1.26441	 -2.88746e-05
28.2	 -0.018573	 -3.09811e-05	 -0.397988	 -0.000239915	 1.22817	 -2.61431e-05
28.22	 -0.0158489	 -2.53119e-05	 -0.393064	 -0.000227422	 1.19201	 -2.33614e-05
28.24	 -0.0131727	 -1.96318e-05	 -0.388426	 -0.000215526	 1.15596	 -2.05276e-05
28.26	 -0.010549	 -1.39513e-05	 -0.384085	 -0.000204267	 1.12004	 -1.76397e-05
28.28	 -0.00798238	 -8.28079e-06	 -0.380049	 -0.000193686	 1.08428	 -1.46955e-05
28.3	 -0.00547725	 -2.63074e-06	 -0.376329	 -0.000183819	 1.04871	 -1.16935e-05
28.32	 -0.00303788	 2.98848e-06	 -0.372933	 -0.000174704	 1.01336	 -8.63193e-06
28.34	 -0.000668446	 8.5667e-06	 -0.369869	 -0.000166375	 0.978254	 -5.5097e-06
28.36	 0.00162706	 1.40938e-05	 -0.367145	 -0.000158867	 0.943423	 -2.32608e-06
28.38	 0.00384479	 1.95596e-05	 -0.364767	 -0.000152211	 0.908892	 9.19706e-07
28.4	 0.00598103	 2.49544e-05	 -0.362742	 -0.000146438	 0.874688	 4.22792e-06
28.42	 0.00803226	 3.02684e-05	 -0.361076	 -0.000141578	 0.840835	 7.5986e-06
28.44	 0.00999511	 3.54918e-05	 -0.359775	 -0.000137658	 0.807358	 1.10315e-05
28.46	 0.0118664	 4.06154e-05	 -0.358843	 -0.000134705	 0.774282	 1.45265e-05
28.48	 0.0136431	 4.56298e-05	 -0.358284	 -0.000132741	 0.741631	 1.8083e-05
28.5	 0.0153225	 5.05261e-05	 -0.358102	 -0.000131787	 0.709426	 2.16998e-05
28.52	 0.0169019	 5.52955e-05	 -0.358299	 -0.000131864	 0.67769	 2.53754e-05
28.54	 0.0183789	 5.99294e-05	 -0.358878	 -0.000132989	 0.646445	 2.9108e-05
28.56	 0.0197512	 6.44195e-05	 -0.359841	 -0.000135178	 0.61571	 3.28958e-05
28.58	 0.021017	 6.87578e-05	 -0.361188	 -0.000138444	 0.585505	 3.67363e-05
28.6	 0.0221745	 7.29366e-05	 -0.362919	 -0.000142798	 0.555848	 4.06268e-05
28.62	 0.0232219	 7.69484e-05	 -0.365036	 -0.000148249	 0.526758	 4.45642e-05
28.64	 0.0241581	 8.07863e-05	 -0.367536	 -0.000154804	 0.498251	 4.85448e-05
28.66	 0.0249818	 8.44433e-05	 -0.370417	 -0.000162468	 0.470343	 5.25648e-05
28.68	 0.0256922	 8.79131e-05	 -0.373679	 -0.000171241	 0.443049	 5.66198e-05
28.7	 0.0262886	 9.11897e-05	 -0.377318	 -0.000181124	 0.416383	 6.07049e-05
28.72	 0.0267705	 9.42673e-05	 -0.38133	 -0.000192114	 0.390357	 6.48151e-05
28.74	 0.0271378	 9.71405e-05	 -0.385711	 -0.000204207	 0.364984	 6.89452e-05
28.76	 0.0273903	 9.98044e-05	 -0.390457	 -0.000217395	 0.340275	 7.3089e-05
28.78	 0.0275284	 0.000102255	 -0.395563	 -0.000231669	 0.316239	 7.72403e-05
28.8	 0.0275524	 0.000104487	 -0.401021	 -0.000247016	 0.292885	 8.13923e-05
28.82	 0.0274631	 0.000106497	 -0.406828	 -0.000263423	 0.27022	 8.55381e-05
28.84	 0.0272613	 0.000108282	 -0.412974	 -0.000280874	 0.248252	 8.96701e-05
28.86	 0.0269482	 0.000109839	 -0.419452	 -0.00029935	 0.226986	 9.37809e-05
28.88	 0.0265251	 0.000111166	 -0.426255	 -0.000318831	 0.206425	 9.78622e-05
28.9	 0.0259935	 0.000112259	 -0.433374	 -0.000339294	 0.186575	 0.000101906
28.92	 0.0253552	 0.000113119	 -0.440799	 -0.000360714	 0.167437	 0.000105904
28.94	 0.0246121	 0.000113742	 -0.448521	 -0.000383065	 0.149012	 0.000109847
28.96	 0.0237664	 0.000114129	 -0.456529	 -0.000406317	 0.1313	 0.000113727
28.98	 0.0228204	 0.00011428	 -0.464814	 -0.00043044	 0.114302	 0.000117533
29	 0.0217767	 0.000114193	 -0.473364	 -0.000455402	 0.0980144	 0.000121256
29.02	 0.0206379	 0.00011387	 -0.482168	 -0.000481167	 0.0824353	 0.000124888
29.04	 0.0194071	 0.000113311	 -0.491213	 -0.0005077	 0.0675608	 0.000128417
29.06	 0.0180871	 0.000112518	 -0.500489	 -0.000534964	 0.0533862	 0.000131835
29.08	 0.0166813	 0.000111492	 -0.509982	 -0.000562918	 0.0399057	 0.000135131
29.1	 0.0151931	 0.000110236	 -0.519679	 -0.000591522	 0.027113	 0.000138294
29.12	 0.0136259	 0.000108752	 -0.529567	 -0.000620735	 0.0150005	 0.000141316
29.14	 0.0119835	 0.000107043	 -0.539634	 -0.000650511	 0.00355996	 0.000144185
29.16	 0.0102695	 0.000105112	 -0.549865	 -0.000680807	 -0.00721769	 0.000146892
29.18	 0.00848795	 0.000102964	 -0.560246	 -0.000711576	 -0.0173423	 0.000149426
29.2	 0.00664284	 0.000100602	 -0.570764	 -0.000742772	 -0.0268246	 0.000151778
29.22	 0.0047383	 9.80305e-05	 -0.581404	 -0.000774347	 -0.0356758	 0.000153936
29.24	 0.00277853	 9.52549e-05	 -0.592152	 -0.000806253	 -0.043908	 0.000155892
29.26	 0.000767839	 9.22802e-05	 -0.602993	 -0.000838439	 -0.0515338	 0.000157635
29.28	 -0.00128939	 8.9112e-05	 -0.613914	 -0.000870856	 -0.0585666	 0.000159155
29.3	 -0.00338872	 8.57562e-05	 -0.624899	 -0.000903452	 -0.0650202	 0.000160444
29.32	 -0.00552564	 8.22191e-05	 -0.635934	 -0.000936178	 -0.070909	 0.000161491
29.34	 -0.00769561	 7.85071e-05	 -0.647004	 -0.000968982	 -0.0762479	 0.000162289
29.36	 -0.00989405	 7.46273e-05	 -0.658095	 -0.00100181	 -0.0810521	 0.000162827
29.38	 -0.0121163	 7.05867e-05	 -0.669192	 -0.00103461	 -0.0853374	 0.000163099
29.4	 -0.0143578	 6.63927e-05	 -0.68028	 -0.00106734	 -0.08912	 0.000163095
29.42	 -0.0166139	 6.2053e-05	 -0.691346	 -0.00109993	 -0.0924162	 0.000162807
29.44	 -0.0188799	 5.75755e-05	 -0.702375	 -0.00113235	 -0.0952428	 0.000162229
29.46	 -0.0211512	 5.29686e-05	 -0.713353	 -0.00116453	 -0.0976168	 0.000161354
29.48	 -0.0234231	 4.82404e-05	 -0.724266	 -0.00119642	 -0.0995552	 0.000160174
29.5	 -0.0256911	 4.33996e-05	 -0.7351	 -0.00122798	 -0.101075	 0.000158683
29.52	 -0.0279507	 3.8455e-05	 -0.745843	 -0.00125915	 -0.102195	 0.000156876
29.54	 -0.0301972	 3.34156e-05	 -0.75648	 -0.00128989	 -0.102931	 0.000154748
29.56	 -0.0324263	 2.82904e-05	 -0.766999	 -0.00132014	 -0.103302	 0.000152292
29.58	 -0.0346336	 2.30887e-05	 -0.777387	 -0.00134986	 -0.103324	 0.000149506
29.6	 -0.0368146	 1.78199e-05	 -0.787631	 -0.00137899	 -0.103016	 0.000146385
29.62	 -0.0389653	 1.24935e-05	 -0.797721	 -0.0014075	 -0.102394	 0.000142926
29.64	 -0.0410813	 7.11899e-06	 -0.807643	 -0.00143533	 -0.101476	 0.000139125
29.66	 -0.0431586	 1.70606e-06	 -0.817388	 -0.00146245	 -0.100279	 0.000134981
29.68	 -0.0451933	 -3.73559e-06	 -0.826943	 -0.0014888	 -0.0988198	 0.000130492
29.7	 -0.0471814	 -9.19622e-06	 -0.836299	 -0.00151435	 -0.0971151	 0.000125656
29.72	 -0.0491193	 -1.46661e-05	 -0.845446	 -0.00153905	 -0.0951813	 0.000120474
29.74	 -0.0510032	 -2.01354e-05	 -0.854373	 -0.00156286	 -0.0930343	 0.000114944
29.76	 -0.0528296	 -2.55944e-05	 -0.863072	 -0.00158575	 -0.0906898	 0.000109068
29.78	 -0.0545952	 -3.10334e-05	 -0.871534	 -0.00160768	 -0.0881631	 0.000102846
29.8	 -0.0562968	 -3.64428e-05	 -0.87975	 -0.00162862	 -0.0854692	 9.62797e-05
29.82	 -0.0579311	 -4.18128e-05	 -0.887714	 -0.00164852	 -0.0826225	 8.9372e-05
29.84	 -0.0594953	 -4.7134e-05	 -0.895418	 -0.00166737	 -0.0796369	 8.21254e-05
29.86	 -0.0609866	 -5.2397e-05	 -0.902855	 -0.00168512	 -0.0765261	 7.45432e-05
29.88	 -0.0624022	 -5.75923e-05	 -0.91002	 -0.00170175	 -0.0733029	 6.66295e-05
29.9	 -0.0637397	 -6.27109e-05	 -0.916905	 -0.00171724	 -0.0699798	 5.83888e-05
29.92	 -0.0649968	 -6.77437e-05	 -0.923508	 -0.00173155	 -0.0665687	 4.98263e-05
29.94	 -0.0661712	 -7.26818e-05	 -0.929822	 -0.00174467	 -0.0630809	 4.09476e-05
29.96	 -0.0672611	 -7.75166e-05	 -0.935844	 -0.00175657	 -0.0595271	 3.1759e-05
29.98	 -0.0682646	 -8.22394e-05	 -0.94157	 -0.00176723	 -0.0559174	 2.22675e-05
30	 -0.0691799	 -8.68421e-05	 -0.946998	 -0.00177665	 -0.0522612	 1.24803e-05
30.02	 -0.0700057	 -9.13164e-05	 -0.952126	 -0.00178479	 -0.0485674	 2.40543e-06
30.04	 -0.0707407	 -9.56547e-05	 -0.956951	 -0.00179166	 -0.0448439	 -7.94858e-06
30.06	 -0.0713837	 -9.98492e-05	 -0.961472	 -0.00179723	 -0.0410985	 -1.85727e-05
30.08	 -0.0719337	 -0.000103893	 -0.965689	 -0.0018015	 -0.0373377	 -2.94575e-05
30.1	 -0.0723901	 -0.000107778	 -0.969602	 -0.00180447	 -0.0335678	 -4.05928e-05
30.12	 -0.0727523	 -0.000111498	 -0.97321	 -0.00180612	 -0.0297941	 -5.19682e-05
30.14	 -0.0730198	 -0.000115047	 -0.976516	 -0.00180646	 -0.0260214	 -6.35724e-05
30.16	 -0.0731925	 -0.000118419	 -0.97952	 -0.00180548	 -0.0222538	 -7.53941e-05
30.18	 -0.0732703	 -0.000121607	 -0.982225	 -0.00180319	 -0.0184945	 -8.74212e-05
30.2	 -0.0732534	 -0.000124606	 -0.984634	 -0.00179959	 -0.0147462	 -9.96413e-05
30.22	 -0.073142	 -0.000127411	 -0.986748	 -0.00179468	 -0.0110108	 -0.000112042
30.24	 -0.0729368	 -0.000130017	 -0.988573	 -0.00178848	 -0.00728977	 -0.000124609
30.26	 -0.0726383	 -0.00013242	 -0.990112	 -0.00178098	 -0.00358355	 -0.000137329
30.28	 -0.0722475	 -0.000134614	 -0.991369	 -0.00177222	 0.000107892	 -0.000150188
30.3	 -0.0717653	 -0.000136598	 -0.99235	 -0.00176219	 0.00378528	 -0.000163172
30.32	 -0.071193	 -0.000138367	 -0.993061	 -0.00175092	 0.00745	 -0.000176266
30.34	 -0.0705319	 -0.000139918	 -0.993506	 -0.00173843	 0.011104	 -0.000189454
30.36	 -0.0697835	 -0.000141248	 -0.993694	 -0.00172472	 0.0147501	 -0.000202722
30.38	 -0.0689496	 -0.000142356	 -0.993629	 -0.00170983	 0.0183913	 -0.000216053
30.4	 -0.0680319	 -0.000143239	 -0.993321	 -0.00169378	 0.0220315	 -0.000229432
30.42	 -0.0670325	 -0.000143897	 -0.992776	 -0.0016766	 0.0256751	 -0.000242841
30.44	 -0.0659534	 -0.000144327	 -0.992002	 -0.00165831	 0.0293271	 -0.000256265
30.46	 -0.0647971	 -0.00014453	 -0.991007	 -0.00163895	 0.0329929	 -0.000269687
30.48	 -0.0635658	 -0.000144505	 -0.989801	 -0.00161854	 0.0366784	 -0.000283089
30.5	 -0.0622623	 -0.000144252	 -0.988392	 -0.00159711	 0.0403901	 -0.000296454
30.52	 -0.060889	 -0.000143772	 -0.98679	 -0.00157471	 0.044135	 -0.000309766
30.54	 -0.059449	 -0.000143065	 -0.985003	 -0.00155137	 0.0479203	 -0.000323006
30.56	 -0.0579451	 -0.000142134	 -0.983042	 -0.00152713	 0.0517538	 -0.000336157
30.58	 -0.0563803	 -0.00014098	 -0.980917	 -0.00150203	 0.0556437	 -0.000349201
30.6	 -0.0547579	 -0.000139605	 -0.978638	 -0.00147611	 0.0595984	 -0.000362121
30.62	 -0.0530811	 -0.000138012	 -0.976216	 -0.00144941	 0.0636268	 -0.000374899
30.64	 -0.0513531	 -0.000136203	 -0.97366	 -0.00142197	 0.067738	 -0.000387516
30.66	 -0.0495776	 -0.000134182	 -0.970982	 -0.00139385	 0.0719415	 -0.000399956
30.68	 -0.0477579	 -0.000131953	 -0.968192	 -0.00136509	 0.0762467	 -0.000412201
30.7	 -0.0458978	 -0.000129519	 -0.965302	 -0.00133574	 0.0806637	 -0.000424233
30.72	 -0.0440009	 -0.000126885	 -0.962322	 -0.00130584	 0.0852024	 -0.000436035
30.74	 -0.0420708	 -0.000124056	 -0.959264	 -0.00127544	 0.0898732	 -0.000447589
30.76	 -0.0401115	 -0.000121036	 -0.956138	 -0.0012446	 0.0946862	 -0.000458878
30.78	 -0.0381268	 -0.000117832	 -0.952955	 -0.00121337	 0.099652	 -0.000469885
30.8	 -0.0361204	 -0.000114448	 -0.949728	 -0.0011818	 0.104781	 -0.000480594
30.82	 -0.0340965	 -0.000110892	 -0.946466	 -0.00114994	 0.110084	 -0.000490988
30.84	 -0.0320588	 -0.000107168	 -0.943181	 -0.00111784	 0.115571	 -0.000501051
30.86	 -0.0300113	 -0.000103285	 -0.939883	 -0.00108556	 0.121253	 -0.000510767
30.88	 -0.0279581	 -9.92479e-05	 -0.936584	 -0.00105315	 0.12714	 -0.000520121
30.9	 -0.0259031	 -9.50647e-05	 -0.933293	 -0.00102067	 0.133243	 -0.000529096
30.92	 -0.0238503	 -9.07426e-05	 -0.930022	 -0.000988168	 0.139572	 -0.00053768
30.94	 -0.0218036	 -8.62892e-05	 -0.926781	 -0.000955699	 0.146137	 -0.000545857
30.96	 -0.0197671	 -8.17123e-05	 -0.923579	 -0.000923316	 0.152948	 -0.000553614
30.98	 -0.0177445	 -7.70199e-05	 -0.920427	 -0.000891073	 0.160015	 -0.000560937
31	 -0.0157399	 -7.22202e-05	 -0.917334	 -0.000859023	 0.167347	 -0.000567813
31.02	 -0.013757	 -6.73215e-05	 -0.914309	 -0.000827218	 0.174954	 -0.00057423
31.04	 -0.0117996	 -6.23324e-05	 -0.911363	 -0.000795711	 0.182845	 -0.000580177
31.06	 -0.00987162	 -5.72615e-05	 -0.908503	 -0.000764553	 0.191028	 -0.000585642
31.08	 -0.00797661	 -5.21176e-05	 -0.905738	 -0.000733795	 0.199512	 -0.000590615
31.1	 -0.00611822	 -4.69095e-05	 -0.903076	 -0.000703487	 0.208305	 -0.000595085
31.12	 -0.0043	 -4.16462e-05	 -0.900525	 -0.000673678	 0.217415	 -0.000599043
31.14	 -0.00252542	 -3.63369e-05	 -0.898093	 -0.000644415	 0.226848	 -0.000602482
31.16	 -0.000797865	 -3.09905e-05	 -0.895786	 -0.000615747	 0.236613	 -0.000605392
31.18	 0.00087939	 -2.56164e-05	 -0.893611	 -0.000587719	 0.246714	 -0.000607767
31.2	 0.00250315	 -2.02236e-05	 -0.891575	 -0.000560376	 0.257159	 -0.000609601
31.22	 0.00407035	 -1.48215e-05	 -0.889683	 -0.000533761	 0.267953	 -0.000610887
31.24	 0.005578	 -9.41911e-06	 -0.887942	 -0.000507918	 0.2791	 -0.000611622
31.26	 0.00702327	 -4.02573e-06	 -0.886355	 -0.000482885	 0.290605	 -0.0006118
31.28	 0.0084034	 1.34952e-06	 -0.884927	 -0.000458703	 0.302473	 -0.00061142
31.3	 0.00971582	 6.69754e-06	 -0.883663	 -0.000435409	 0.314706	 -0.000610478
31.32	 0.010958	 1.20093e-05	 -0.882567	 -0.000413039	 0.327308	 -0.000608973
31.34	 0.0121277	 1.72758e-05	 -0.881641	 -0.000391627	 0.340281	 -0.000606904
31.36	 0.0132226	 2.24883e-05	 -0.880888	 -0.000371206	 0.353627	 -0.000604272
31.38	 0.0142408	 2.7638e-05	 -0.880311	 -0.000351807	 0.367347	 -0.000601078
31.4	 0.0151802	 3.27163e-05	 -0.879912	 -0.000333457	 0.381441	 -0.000597323
31.42	 0.0160392	 3.77147e-05	 -0.879691	 -0.000316185	 0.395911	 -0.000593011
31.44	 0.0168162	 4.26249e-05	 -0.87965	 -0.000300015	 0.410755	 -0.000588144
31.46	 0.0175096	 4.74387e-05	 -0.879788	 -0.000284969	 0.425972	 -0.000582728
31.48	 0.0181182	 5.21483e-05	 -0.880107	 -0.000271069	 0.441561	 -0.000576768
31.5	 0.0186409	 5.67459e-05	 -0.880604	 -0.000258333	 0.457519	 -0.000570269
31.52	 0.0190766	 6.1224e-05	 -0.88128	 -0.000246777	 0.473844	 -0.000563239
31.54	 0.0194247	 6.55752e-05	 -0.882131	 -0.000236416	 0.490532	 -0.000555687
31.56	 0.0196843	 6.97925e-05	 -0.883158	 -0.000227261	 0.50758	 -0.000547619
31.58	 0.0198552	 7.38691e-05	 -0.884356	 -0.000219324	 0.524983	 -0.000539046
31.6	 0.0199369	 7.77985e-05	 -0.885723	 -0.00021261	 0.542735	 -0.000529979
31.62	 0.0199292	 8.15745e-05	 -0.887256	 -0.000207127	 0.560832	 -0.000520427
31.64	 0.0198323	 8.51909e-05	 -0.88895	 -0.000202876	 0.579267	 -0.000510404
31.66	 0.0196463	 8.86423e-05	 -0.890801	 -0.000199859	 0.598033	 -0.000499921
31.68	 0.0193715	 9.19232e-05	 -0.892805	 -0.000198074	 0.617123	 -0.000488991
31.7	 0.0190084	 9.50287e-05	 -0.894955	 -0.000197519	 0.63653	 -0.000477629
31.72	 0.0185576	 9.7954e-05	 -0.897248	 -0.000198186	 0.656246	 -0.000465849
31.74	 0.0180201	 0.000100695	 -0.899676	 -0.000200068	 0.67626	 -0.000453667
31.76	 0.0173967	 0.000103247	 -0.902233	 -0.000203154	 0.696566	 -0.000441099
31.78	 0.0166886	 0.000105607	 -0.904913	 -0.000207433	 0.717152	 -0.000428161
31.8	 0.0158971	 0.000107772	 -0.907708	 -0.00021289	 0.738009	 -0.00041487
31.82	 0.0150235	 0.000109738	 -0.910611	 -0.000219509	 0.759126	 -0.000401245
31.84	 0.0140695	 0.000111503	 -0.913615	 -0.00022727	 0.780492	 -0.000387303
31.86	 0.0130367	 0.000113065	 -0.91671	 -0.000236153	 0.802096	 -0.000373063
31.88	 0.011927	 0.000114422	 -0.919889	 -0.000246136	 0.823927	 -0.000358545
31.9	 0.0107423	 0.000115573	 -0.923144	 -0.000257193	 0.845972	 -0.000343769
31.92	 0.00948477	 0.000116516	 -0.926464	 -0.000269299	 0.868219	 -0.000328755
31.94	 0.00815657	 0.00011725	 -0.929842	 -0.000282425	 0.890656	 -0.000313523
31.96	 0.00676005	 0.000117777	 -0.933268	 -0.000296542	 0.913269	 -0.000298094
31.98	 0.00529764	 0.000118095	 -0.936732	 -0.000311617	 0.936046	 -0.000282489
32	 0.00377189	 0.000118205	 -0.940224	 -0.000327617	 0.958972	 -0.00026673
32.02	 0.00218545	 0.000118108	 -0.943736	 -0.000344508	 0.982035	 -0.000250839
32.04	 0.000541052	 0.000117805	 -0.947256	 -0.000362252	 1.00522	 -0.000234837
32.06	 -0.00115846	 0.000117297	 -0.950775	 -0.000380814	 1.02851	 -0.000218747
32.08	 -0.00291018	 0.000116587	 -0.954282	 -0.000400152	 1.0519	 -0.00020259
32.1	 -0.00471111	 0.000115677	 -0.957767	 -0.000420228	 1.07537	 -0.000186389
32.12	 -0.00655819	 0.00011457	 -0.96122	 -0.000441	 1.09891	 -0.000170167
32.14	 -0.00844829	 0.000113268	 -0.964631	 -0.000462425	 1.12249	 -0.000153945
32.16	 -0.0103782	 0.000111774	 -0.967988	 -0.00048446	 1.14611	 -0.000137745
32.18	 -0.0123447	 0.000110094	 -0.971282	 -0.00050706	 1.16976	 -0.000121591
32.2	 -0.0143445	 0.00010823	 -0.974503	 -0.000530181	 1.19341	 -0.000105504
32.22	 -0.0163743	 0.000106186	 -0.977639	 -0.000553775	 1.21706	 -8.95058e-05
32.24	 -0.0184307	 0.000103969	 -0.980681	 -0.000577796	 1.24069	 -7.36187e-05
32.26	 -0.0205103	 0.000101581	 -0.983619	 -0.000602197	 1.26428	 -5.78643e-05
32.28	 -0.0226097	 9.90296e-05	 -0.986442	 -0.00062693	 1.28782	 -4.2264e-05
32.3	 -0.0247254	 9.63191e-05	 -0.989141	 -0.000651946	 1.31129	 -2.6839e-05
32.32	 -0.0268541	 9.34558e-05	 -0.991706	 -0.000677197	 1.33469	 -1.16104e-05
32.34	 -0.0289922	 9.04455e-05	 -0.994127	 -0.000702633	 1.358	 3.40122e-06
32.36	 -0.0311364	 8.72946e-05	 -0.996395	 -0.000728206	 1.3812	 1.81755e-05
32.38	 -0.0332832	 8.40098e-05	 -0.9985	 -0.000753865	 1.40428	 3.26925e-05
32.4	 -0.0354292	 8.05977e-05	 -1.00043	 -0.000779561	 1.42722	 4.69326e-05
32.42	 -0.0375709	 7.70654e-05	 -1.00219	 -0.000805246	 1.45002	 6.08766e-05
32.44	 -0.0397051	 7.34201e-05	 -1.00376	 -0.000830869	 1.47266	 7.45057e-05
32.46	 -0.0418283	 6.96692e-05	 -1.00512	 -0.000856382	 1.49512	 8.78017e-05
32.48	 -0.0439373	 6.58201e-05	 -1.00629	 -0.000881736	 1.5174	 0.000100747
32.5	 -0.0460288	 6.18807e-05	 -1.00724	 -0.000906883	 1.53948	 0.000113324
32.52	 -0.0480996	 5.78588e-05	 -1.00798	 -0.000931774	 1.56135	 0.000125515
32.54	 -0.0501466	 5.37623e-05	 -1.00848	 -0.000956363	 1.58299	 0.000137306
32.56	 -0.0521666	 4.95994e-05	 -1.00876	 -0.000980602	 1.6044	 0.000148679
32.58	 -0.0541566	 4.53782e-05	 -1.00879	 -0.00100445	 1.62557	 0.00015962
32.6	 -0.0561137	 4.1107e-05	 -1.00859	 -0.00102785	 1.64648	 0.000170115
32.62	 -0.0580349	 3.67942e-05	 -1.00813	 -0.00105077	 1.66712	 0.00018015
32.64	 -0.0599174	 3.2448e-05	 -1.00741	 -0.00107315	 1.68748	 0.000189711
32.66	 -0.0617585	 2.80769e-05	 -1.00644	 -0.00109497	 1.70756	 0.000198785
32.68	 -0.0635556	 2.36893e-05	 -1.0052	 -0.00111618	 1.72733	 0.000207362
32.7	 -0.0653061	 1.92936e-05	 -1.0037	 -0.00113673	 1.7468	 0.000215429
32.72	 -0.0670075	 1.48982e-05	 -1.00192	 -0.00115659	 1.76596	 0.000222977
32.74	 -0.0686574	 1.05116e-05	 -0.999873	 -0.00117572	 1.78478	 0.000229996
32.76	 -0.0702537	 6.14188e-06	 -0.997548	 -0.00119408	 1.80328	 0.000236476
32.78	 -0.0717941	 1.79745e-06	 -0.994945	 -0.00121164	 1.82143	 0.000242409
32.8	 -0.0732766	 -2.51355e-06	 -0.992063	 -0.00122837	 1.83924	 0.000247788
32.82	 -0.0746992	 -6.78306e-06	 -0.9889	 -0.00124422	 1.85668	 0.000252605
32.84	 -0.0760601	 -1.10031e-05	 -0.985457	 -0.00125918	 1.87377	 0.000256855
32.86	 -0.0773576	 -1.51658e-05	 -0.981733	 -0.00127321	 1.89049	 0.000260533
32.88	 -0.0785901	 -1.92635e-05	 -0.977729	 -0.00128629	 1.90683	 0.000263634
32.9	 -0.0797562	 -2.32887e-05	 -0.973446	 -0.00129839	 1.92279	 0.000266154
32.92	 -0.0808543	 -2.72339e-05	 -0.968885	 -0.00130948	 1.93836	 0.00026809
32.94	 -0.0818834	 -3.10919e-05	 -0.964048	 -0.00131954	 1.95354	 0.00026944
32.96	 -0.0828424	 -3.48558e-05	 -0.958937	 -0.00132856	 1.96833	 0.000270203
32.98	 -0.0837301	 -3.85187e-05	 -0.953556	 -0.00133651	 1.98272	 0.000270378
33	 -0.0845458	 -4.2074e-05	 -0.947907	 -0.00134338	 1.9967	 0.000269965
33.02	 -0.0852888	 -4.55154e-05	 -0.941995	 -0.00134915	 2.01028	 0.000268966
33.04	 -0.0859584	 -4.88368e-05	 -0.935823	 -0.00135381	 2.02344	 0.000267382
33.06	 -0.0865542	 -5.20322e-05	 -0.929397	 -0.00135735	 2.0362	 0.000265215
33.08	 -0.0870758	 -5.50962e-05	 -0.922722	 -0.00135976	 2.04853	 0.000262469
33.1	 -0.087523	 -5.80233e-05	 -0.915802	 -0.00136103	 2.06045	 0.000259148
33.12	 -0.0878958	 -6.08086e-05	 -0.908645	 -0.00136116	 2.07195	 0.000255258
33.14	 -0.0881941	 -6.34472e-05	 -0.901257	 -0.00136015	 2.08303	 0.000250803
33.16	 -0.0884182	 -6.59347e-05	 -0.893645	 -0.00135799	 2.09369	 0.00024579
33.18	 -0.0885683	 -6.8267e-05	 -0.885815	 -0.00135469	 2.10393	 0.000240226
33.2	 -0.0886449	 -7.04402e-05	 -0.877776	 -0.00135025	 2.11374	 0.00023412
33.22	 -0.0886485	 -7.24508e-05	 -0.869536	 -0.00134467	 2.12313	 0.00022748
33.24	 -0.0885798	 -7.42956e-05	 -0.861102	 -0.00133796	 2.1321	 0.000220316
33.26	 -0.0884396	 -7.59717e-05	 -0.852485	 -0.00133013	 2.14065	 0.000212637
33.28	 -0.0882287	 -7.74767e-05	 -0.843692	 -0.0013212	 2.14877	 0.000204455
33.3	 -0.0879483	 -7.88083e-05	 -0.834734	 -0.00131117	 2.15647	 0.000195781
33.32	 -0.0875995	 -7.99647e-05	 -0.825619	 -0.00130006	 2.16376	 0.000186627
33.34	 -0.0871834	 -8.09444e-05	 -0.816359	 -0.00128789	 2.17062	 0.000177007
33.36	 -0.0867016	 -8.17462e-05	 -0.806963	 -0.00127468	 2.17707	 0.000166935
33.38	 -0.0861554	 -8.23693e-05	 -0.797442	 -0.00126044	 2.18311	 0.000156423
33.4	 -0.0855464	 -8.28134e-05	 -0.787807	 -0.0012452	 2.18873	 0.000145488
33.42	 -0.0848763	 -8.30782e-05	 -0.778068	 -0.00122899	 2.19394	 0.000134145
33.44	 -0.0841469	 -8.3164e-05	 -0.768236	 -0.00121183	 2.19874	 0.00012241
33.46	 -0.08336	 -8.30714e-05	 -0.758325	 -0.00119374	 2.20314	 0.0001103
33.48	 -0.0825177	 -8.28014e-05	 -0.748343	 -0.00117477	 2.20713	 9.78317e-05
33.5	 -0.0816218	 -8.23552e-05	 -0.738304	 -0.00115493	 2.21073	 8.50232e-05
33.52	 -0.0806747	 -8.17344e-05	 -0.728219	 -0.00113426	 2.21393	 7.18928e-05
33.54	 -0.0796784	 -8.0941e-05	 -0.7181	 -0.0011128	 2.21673	 5.84594e-05
33.56	 -0.0786352	 -7.99773e-05	 -0.707959	 -0.00109058	 2.21915	 4.47423e-05
33.58	 -0.0775475	 -7.88459e-05	 -0.697808	 -0.00106764	 2.22118	 3.07613e-05
33.6	 -0.0764177	 -7.75498e-05	 -0.687659	 -0.00104401	 2.22282	 1.65365e-05
33.62	 -0.0752483	 -7.60922e-05	 -0.677524	 -0.00101974	 2.22408	 2.0885e-06
33.64	 -0.0740417	 -7.44766e-05	 -0.667415	 -0.00099487	 2.22497	 -1.25617e-05
33.66	 -0.0728006	 -7.2707e-05	 -0.657344	 -0.000969438	 2.22548	 -2.73927e-05
33.68	 -0.0715276	 -7.07875e-05	 -0.647323	 -0.000943488	 2.22563	 -4.23828e-05
33.7	 -0.0702253	 -6.87226e-05	 -0.637365	 -0.000917065	 2.22541	 -5.75102e-05
33.72	 -0.0688965	 -6.6517e-05	 -0.62748	 -0.000890214	 2.22483	 -7.27525e-05
33.74	 -0.0675438	 -6.41756e-05	 -0.617681	 -0.000862981	 2.22389	 -8.80874e-05
33.76	 -0.06617	 -6.17038e-05	 -0.607979	 -0.000835411	 2.22259	 -0.000103492
33.78	 -0.0647779	 -5.91069e-05	 -0.598386	 -0.000807554	 2.22095	 -0.000118944
33.8	 -0.0633702	 -5.63907e-05	 -0.588913	 -0.000779455	 2.21896	 -0.00013442
33.82	 -0.0619497	 -5.35611e-05	 -0.579571	 -0.000751164	 2.21662	 -0.000149897
33.84	 -0.0605192	 -5.06243e-05	 -0.570371	 -0.000722729	 2.21395	 -0.000165351
33.86	 -0.0590814	 -4.75865e-05	 -0.561324	 -0.000694199	 2.21094	 -0.000180761
33.88	 -0.0576392	 -4.44544e-05	 -0.552439	 -0.000665623	 2.20759	 -0.000196103
33.9	 -0.0561952	 -4.12344e-05	 -0.543729	 -0.000637049	 2.20392	 -0.000211353
33.92	 -0.0547523	 -3.79336e-05	 -0.535201	 -0.000608528	 2.19992	 -0.000226489
33.94	 -0.053313	 -3.45587e-05	 -0.526866	 -0.000580107	 2.1956	 -0.000241487
33.96	 -0.0518801	 -3.1117e-05	 -0.518734	 -0.000551836	 2.19096	 -0.000256326
33.98	 -0.0504562	 -2.76157e-05	 -0.510812	 -0.000523763	 2.18601	 -0.000270981
34	 -0.049044	 -2.4062e-05	 -0.50311	 -0.000495936	 2.18074	 -0.000285432
34.02	 -0.0476458	 -2.04634e-05	 -0.495636	 -0.000468403	 2.17516	 -0.000299655
34.04	 -0.0462643	 -1.68272e-05	 -0.488399	 -0.000441211	 2.16928	 -0.000313629
34.06	 -0.0449019	 -1.31611e-05	 -0.481404	 -0.000414406	 2.16309	 -0.000327331
34.08	 -0.0435609	 -9.47259e-06	 -0.474661	 -0.000388034	 2.1566	 -0.000340742
34.1	 -0.0422437	 -5.76926e-06	 -0.468174	 -0.000362141	 2.14981	 -0.000353838
34.12	 -0.0409524	 -2.05873e-06	 -0.461952	 -0.000336769	 2.14273	 -0.000366601
34.14	 -0.0396894	 1.6514e-06	 -0.455999	 -0.000311962	 2.13535	 -0.00037901
34.16	 -0.0384566	 5.35353e-06	 -0.450321	 -0.000287762	 2.12768	 -0.000391045
34.18	 -0.037256	 9.0401e-06	 -0.444923	 -0.00026421	 2.11972	 -0.000402686
34.2	 -0.0360897	 1.27036e-05	 -0.43981	 -0.000241345	 2.11147	 -0.000413915
34.22	 -0.0349593	 1.63365e-05	 -0.434985	 -0.000219206	 2.10294	 -0.000424714
34.24	 -0.0338667	 1.99315e-05	 -0.430453	 -0.000197831	 2.09412	 -0.000435066
34.26	 -0.0328135	 2.34812e-05	 -0.426217	 -0.000177254	 2.08503	 -0.000444952
34.28	 -0.0318012	 2.69785e-05	 -0.422279	 -0.00015751	 2.07565	 -0.000454357
34.3	 -0.0308313	 3.04161e-05	 -0.418642	 -0.000138632	 2.06599	 -0.000463265
34.32	 -0.0299051	 3.37873e-05	 -0.415307	 -0.00012065	 2.05606	 -0.000471661
34.34	 -0.0290238	 3.7085e-05	 -0.412276	 -0.000103595	 2.04586	 -0.000479531
34.36	 -0.0281886	 4.03027e-05	 -0.409549	 -8.74938e-05	 2.03538	 -0.00048686
34.38	 -0.0274004	 4.34338e-05	 -0.407128	 -7.23726e-05	 2.02462	 -0.000493637
34.4	 -0.0266602	 4.6472e-05	 -0.405011	 -5.82557e-05	 2.0136	 -0.000499849
34.42	 -0.0259688	 4.9411e-05	 -0.403199	 -4.51655e-05	 2.0023	 -0.000505485
34.44	 -0.0253267	 5.2245e-05	 -0.40169	 -3.31227e-05	 1.99074	 -0.000510535
34.46	 -0.0247346	 5.49681e-05	 -0.400482	 -2.21459e-05	 1.9789	 -0.000514988
34.48	 -0.0241928	 5.75749e-05	 -0.399574	 -1.2252e-05	 1.9668	 -0.000518837
34.5	 -0.0237017	 6.00599e-05	 -0.398964	 -3.45586e-06	 1.95443	 -0.000522073
34.52	 -0.0232616	 6.24182e-05	 -0.398648	 4.22978e-06	 1.9418	 -0.000524689
34.54	 -0.0228724	 6.46449e-05	 -0.398623	 1.07941e-05	 1.9289	 -0.00052668
34.56	 -0.0225342	 6.67354e-05	 -0.398885	 1.62283e-05	 1.91574	 -0.000528039
34.58	 -0.0222467	 6.86855e-05	 -0.399431	 2.05258e-05	 1.90231	 -0.000528763
34.6	 -0.0220099	 7.04911e-05	 -0.400255	 2.36821e-05	 1.88862	 -0.000528849
34.62	 -0.0218232	 7.21485e-05	 -0.401353	 2.56945e-05	 1.87467	 -0.000528293
34.64	 -0.0216862	 7.36543e-05	 -0.402719	 2.65629e-05	 1.86045	 -0.000527094
34.66	 -0.0215983	 7.50055e-05	 -0.404347	 2.62888e-05	 1.84597	 -0.000525252
34.68	 -0.0215588	 7.61991e-05	 -0.406232	 2.48762e-05	 1.83124	 -0.000522766
34.7	 -0.021567	 7.72326e-05	 -0.408367	 2.23308e-05	 1.81624	 -0.00051964
34.72	 -0.0216218	 7.8104e-05	 -0.410745	 1.86607e-05	 1.80099	 -0.000515873
34.74	 -0.0217223	 7.88112e-05	 -0.413359	 1.38757e-05	 1.78548	 -0.000511471
34.76	 -0.0218674	 7.93528e-05	 -0.416201	 7.98793e-06	 1.76971	 -0.000506437
34.78	 -0.0220559	 7.97276e-05	 -0.419265	 1.01122e-06	 1.75368	 -0.000500775
34.8	 -0.0222865	 7.99347e-05	 -0.422541	 -7.03852e-06	 1.7374	 -0.000494493
34.82	 -0.0225577	 7.99734e-05	 -0.426021	 -1.61435e-05	 1.72086	 -0.000487597
34.84	 -0.0228682	 7.98437e-05	 -0.429698	 -2.62841e-05	 1.70407	 -0.000480096
34.86	 -0.0232164	 7.95454e-05	 -0.433562	 -3.7439e-05	 1.68703	 -0.000471997
34.88	 -0.0236006	 7.90792e-05	 -0.437605	 -4.9585e-05	 1.66974	 -0.00046331
34.9	 -0.0240191	 7.84456e-05	 -0.441817	 -6.26974e-05	 1.65219	 -0.000454047
34.92	 -0.0244702	 7.76458e-05	 -0.446189	 -7.675e-05	 1.6344	 -0.000444219
34.94	 -0.0249519	 7.6681e-05	 -0.450711	 -9.17147e-05	 1.61636	 -0.000433837
34.96	 -0.0254625	 7.5553e-05	 -0.455375	 -0.000107562	 1.59807	 -0.000422915
34.98	 -0.0259999	 7.42638e-05	 -0.460171	 -0.000124261	 1.57954	 -0.000411466
35	 -0.0265621	 7.28155e-05	 -0.465088	 -0.00014178	 1.56076	 -0.000399506
35.02	 -0.0271471	 7.12108e-05	 -0.470117	 -0.000160085	 1.54175	 -0.000387049
35.04	 -0.0277527	 6.94527e-05	 -0.475248	 -0.000179141	 1.52249	 -0.000374112
35.06	 -0.0283768	 6.75442e-05	 -0.480471	 -0.000198912	 1.50299	 -0.000360711
35.08	 -0.0290173	 6.54888e-05	 -0.485777	 -0.000219361	 1.48326	 -0.000346864
35.1	 -0.0296719	 6.32903e-05	 -0.491155	 -0.00024045	 1.4633	 -0.000332589
35.12	 -0.0303384	 6.09526e-05	 -0.496596	 -0.000262139	 1.44311	 -0.000317905
35.14	 -0.0310145	 5.84801e-05	 -0.502089	 -0.000284389	 1.42269	 -0.000302831
35.16	 -0.031698	 5.58772e-05	 -0.507625	 -0.000307159	 1.40204	 -0.000287387
35.18	 -0.0323867	 5.31487e-05	 -0.513194	 -0.000330407	 1.38117	 -0.000271594
35.2	 -0.0330782	 5.02995e-05	 -0.518787	 -0.000354091	 1.36008	 -0.000255472
35.22	 -0.0337704	 4.73349e-05	 -0.524394	 -0.000378169	 1.33878	 -0.000239043
35.24	 -0.0344608	 4.42603e-05	 -0.530006	 -0.000402598	 1.31727	 -0.00022233
35.26	 -0.0351474	 4.10813e-05	 -0.535614	 -0.000427333	 1.29555	 -0.000205353
35.28	 -0.0358279	 3.78037e-05	 -0.541208	 -0.000452331	 1.27363	 -0.000188137
35.3	 -0.0365	 3.44335e-05	 -0.54678	 -0.000477549	 1.2515	 -0.000170705
35.32	 -0.0371617	 3.09769e-05	 -0.552321	 -0.000502942	 1.22919	 -0.000153079
35.34	 -0.0378107	 2.744e-05	 -0.557823	 -0.000528466	 1.20668	 -0.000135283
35.36	 -0.0384449	 2.38294e-05	 -0.563278	 -0.000554077	 1.18399	 -0.000117342
35.38	 -0.0390623	 2.01516e-05	 -0.568678	 -0.000579731	 1.16113	 -9.92799e-05
35.4	 -0.0396609	 1.64133e-05	 -0.574014	 -0.000605385	 1.13809	 -8.11205e-05
35.42	 -0.0402386	 1.26213e-05	 -0.57928	 -0.000630994	 1.11488	 -6.28887e-05
35.44	 -0.0407936	 8.78244e-06	 -0.584469	 -0.000656516	 1.09151	 -4.46089e-05
35.46	 -0.041324	 4.90366e-06	 -0.589574	 -0.000681909	 1.06799	 -2.6306e-05
35.48	 -0.041828	 9.91983e-07	 -0.594588	 -0.000707129	 1.04432	 -8.00469e-06
35.5	 -0.0423038	 -2.94553e-06	 -0.599505	 -0.000732136	 1.02051	 1.02702e-05
35.52	 -0.0427499	 -6.90179e-06	 -0.604319	 -0.000756887	 0.996573	 2.8494e-05
35.54	 -0.0431645	 -1.08697e-05	 -0.609025	 -0.000781344	 0.972508	 4.6642e-05
35.56	 -0.0435462	 -1.4842e-05	 -0.613617	 -0.000805465	 0.948327	 6.46896e-05
35.58	 -0.0438935	 -1.88117e-05	 -0.618092	 -0.000829214	 0.924038	 8.26123e-05
35.6	 -0.0442051	 -2.27717e-05	 -0.622444	 -0.000852551	 0.89965	 0.000100386
35.62	 -0.0444796	 -2.67148e-05	 -0.626669	 -0.000875439	 0.875172	 0.000117986
35.64	 -0.044716	 -3.0634e-05	 -0.630763	 -0.000897843	 0.850613	 0.000135389
35.66	 -0.0449131	 -3.45223e-05	 -0.634724	 -0.000919729	 0.825983	 0.000152572
35.68	 -0.0450699	 -3.83728e-05	 -0.638549	 -0.000941061	 0.801291	 0.00016951
35.7	 -0.0451855	 -4.21787e-05	 -0.642234	 -0.000961808	 0.776549	 0.000186181
35.72	 -0.045259	 -4.59332e-05	 -0.645777	 -0.000981939	 0.751766	 0.000202562
35.74	 -0.0452898	 -4.96296e-05	 -0.649177	 -0.00100142	 0.726955	 0.000218632
35.76	 -0.0452773	 -5.32614e-05	 -0.652433	 -0.00102023	 0.702125	 0.000234368
35.78	 -0.0452208	 -5.68223e-05	 -0.655543	 -0.00103834	 0.677288	 0.000249749
35.8	 -0.0451201	 -6.0306e-05	 -0.658507	 -0.00105571	 0.652457	 0.000264753
35.82	 -0.0449747	 -6.37064e-05	 -0.661325	 -0.00107234	 0.627643	 0.000279362
35.84	 -0.0447845	 -6.70175e-05	 -0.663996	 -0.00108818	 0.602859	 0.000293555
35.86	 -0.0445494	 -7.02336e-05	 -0.666521	 -0.00110323	 0.578117	 0.000307312
35.88	 -0.0442693	 -7.33491e-05	 -0.668902	 -0.00111747	 0.553431	 0.000320615
35.9	 -0.0439444	 -7.63586e-05	 -0.671139	 -0.00113086	 0.528813	 0.000333447
35.92	 -0.0435749	 -7.9257e-05	 -0.673234	 -0.00114341	 0.504276	 0.000345789
35.94	 -0.043161	 -8.20392e-05	 -0.67519	 -0.00115508	 0.479836	 0.000357625
35.96	 -0.0427032	 -8.47005e-05	 -0.677008	 -0.00116588	 0.455505	 0.00036894
35.98	 -0.0422019	 -8.72365e-05	 -0.678691	 -0.00117578	 0.431297	 0.000379717
36	 -0.0416578	 -8.96428e-05	 -0.680242	 -0.00118478	 0.407227	 0.000389943
36.02	 -0.0410716	 -9.19153e-05	 -0.681665	 -0.00119287	 0.383309	 0.000399603
36.04	 -0.0404441	 -9.40504e-05	 -0.682964	 -0.00120004	 0.359558	 0.000408686
36.06	 -0.0397761	 -9.60444e-05	 -0.684142	 -0.00120629	 0.335988	 0.000417177
36.08	 -0.0390687	 -9.78942e-05	 -0.685203	 -0.00121161	 0.312615	 0.000425067
36.1	 -0.0383229	 -9.95967e-05	 -0.686153	 -0.001216	 0.289453	 0.000432345
36.12	 -0.0375399	 -0.000101149	 -0.686996	 -0.00121947	 0.266518	 0.000439
36.14	 -0.036721	 -0.000102549	 -0.687738	 -0.00122201	 0.243824	 0.000445025
36.16	 -0.0358675	 -0.000103795	 -0.688383	 -0.00122363	 0.221386	 0.00045041
36.18	 -0.0349808	 -0.000104884	 -0.688938	 -0.00122433	 0.199221	 0.00045515
36.2	 -0.0340625	 -0.000105814	 -0.689408	 -0.00122412	 0.177342	 0.000459238
36.22	 -0.033114	 -0.000106586	 -0.6898	 -0.00122301	 0.155766	 0.000462669
36.24	 -0.0321372	 -0.000107197	 -0.690119	 -0.00122101	 0.134508	 0.000465438
36.26	 -0.0311335	 -0.000107647	 -0.690372	 -0.00121813	 0.113582	 0.000467542
36.28	 -0.030105	 -0.000107935	 -0.690565	 -0.00121438	 0.0930044	 0.000468978
36.3	 -0.0290534	 -0.000108062	 -0.690707	 -0.00120978	 0.0727891	 0.000469745
36.32	 -0.0279806	 -0.000108027	 -0.690802	 -0.00120435	 0.0529515	 0.000469843
36.34	 -0.0268885	 -0.000107831	 -0.690859	 -0.0011981	 0.0335061	 0.00046927
36.36	 -0.0257793	 -0.000107475	 -0.690884	 -0.00119105	 0.0144676	 0.00046803
36.38	 -0.0246549	 -0.00010696	 -0.690885	 -0.00118322	 -0.00414981	 0.000466123
36.4	 -0.0235175	 -0.000106286	 -0.690869	 -0.00117464	 -0.0223319	 0.000463552
36.42	 -0.0223692	 -0.000105456	 -0.690844	 -0.00116532	 -0.0400649	 0.000460322
36.44	 -0.0212122	 -0.000104472	 -0.690816	 -0.0011553	 -0.0573351	 0.000456438
36.46	 -0.0200486	 -0.000103335	 -0.690792	 -0.0011446	 -0.0741291	 0.000451904
36.48	 -0.0188807	 -0.000102048	 -0.690782	 -0.00113324	 -0.0904341	 0.000446729
36.5	 -0.0177108	 -0.000100614	 -0.690791	 -0.00112126	 -0.106237	 0.000440918
36.52	 -0.0165411	 -9.90358e-05	 -0.690827	 -0.00110868	 -0.121526	 0.000434481
36.54	 -0.0153739	 -9.73162e-05	 -0.690897	 -0.00109554	 -0.136289	 0.000427426
36.56	 -0.0142115	 -9.54589e-05	 -0.691009	 -0.00108186	 -0.150514	 0.000419764
36.58	 -0.0130561	 -9.34675e-05	 -0.691169	 -0.00106767	 -0.164191	 0.000411504
36.6	 -0.0119101	 -9.1346e-05	 -0.691386	 -0.00105302	 -0.177308	 0.00040266
36.62	 -0.0107757	 -8.90984e-05	 -0.691665	 -0.00103792	 -0.189855	 0.000393242
36.64	 -0.00965522	 -8.67292e-05	 -0.692013	 -0.00102243	 -0.201824	 0.000383265
36.66	 -0.00855083	 -8.4243e-05	 -0.692437	 -0.00100657	 -0.213203	 0.000372741
36.68	 -0.0074648	 -8.16443e-05	 -0.692945	 -0.000990377	 -0.223986	 0.000361685
36.7	 -0.00639932	 -7.89383e-05	 -0.69354	 -0.000973889	 -0.234163	 0.000350112
36.72	 -0.00535657	 -7.613e-05	 -0.694231	 -0.000957142	 -0.243727	 0.000338038
36.74	 -0.00433869	 -7.32248e-05	 -0.695023	 -0.000940172	 -0.252671	 0.000325479
36.76	 -0.00334776	 -7.02281e-05	 -0.695922	 -0.000923018	 -0.260989	 0.000312452
36.78	 -0.00238585	 -6.71455e-05	 -0.696932	 -0.000905717	 -0.268674	 0.000298975
36.8	 -0.00145497	 -6.39828e-05	 -0.698061	 -0.000888305	 -0.275722	 0.000285065
36.82	 -0.000557062	 -6.07459e-05	 -0.699311	 -0.000870821	 -0.282128	 0.000270741
36.84	 0.000305957	 -5.74408e-05	 -0.700689	 -0.000853302	 -0.287888	 0.000256021
36.86	 0.00113225	 -5.40735e-05	 -0.702198	 -0.000835786	 -0.292999	 0.000240926
36.88	 0.00192003	 -5.06504e-05	 -0.703842	 -0.000818311	 -0.297459	 0.000225474
36.9	 0.00266759	 -4.71776e-05	 -0.705627	 -0.000800913	 -0.301264	 0.000209687
36.92	 0.00337328	 -4.36616e-05	 -0.707554	 -0.00078363	 -0.304414	 0.000193583
36.94	 0.00403553	 -4.01089e-05	 -0.709628	 -0.000766499	 -0.306909	 0.000177185
36.96	 0.00465285	 -3.65258e-05	 -0.711852	 -0.000749555	 -0.308748	 0.000160512
36.98	 0.00522382	 -3.2919e-05	 -0.714227	 -0.000732835	 -0.309932	 0.000143587
37	 0.0057471	 -2.92951e-05	 -0.716756	 -0.000716374	 -0.310462	 0.000126429
37.02	 0.00622147	 -2.56604e-05	 -0.719442	 -0.000700206	 -0.310342	 0.000109062
37.04	 0.00664574	 -2.20218e-05	 -0.722286	 -0.000684366	 -0.309573	 9.15063e-05
37.06	 0.00701887	 -1.83856e-05	 -0.725288	 -0.000668887	 -0.308159	 7.37839e-05
37.08	 0.00733987	 -1.47586e-05	 -0.72845	 -0.000653801	 -0.306104	 5.59164e-05
37.1	 0.00760786	 -1.11471e-05	 -0.731773	 -0.000639141	 -0.303414	 3.79258e-05
37.12	 0.00782206	 -7.55767e-06	 -0.735256	 -0.000624936	 -0.300093	 1.98338e-05
37.14	 0.00798179	 -3.99675e-06	 -0.7389	 -0.000611217	 -0.296149	 1.6622e-06
37.16	 0.00808646	 -4.70658e-07	 -0.742704	 -0.000598013	 -0.291587	 -1.65674e-05
37.18	 0.00813559	 3.01433e-06	 -0.746667	 -0.00058535	 -0.286415	 -3.48336e-05
37.2	 0.0081288	 6.45204e-06	 -0.750787	 -0.000573255	 -0.280642	 -5.31148e-05
37.22	 0.00806579	 9.8364e-06	 -0.755064	 -0.000561755	 -0.274277	 -7.13899e-05
37.24	 0.00794641	 1.31614e-05	 -0.759494	 -0.000550872	 -0.267328	 -8.96378e-05
37.26	 0.00777057	 1.64213e-05	 -0.764077	 -0.00054063	 -0.259806	 -0.000107838
37.28	 0.00753831	 1.96103e-05	 -0.768809	 -0.00053105	 -0.251721	 -0.000125969
37.3	 0.00724975	 2.27229e-05	 -0.773687	 -0.000522153	 -0.243084	 -0.000144012
37.32	 0.00690514	 2.57537e-05	 -0.778708	 -0.000513957	 -0.233907	 -0.000161947
37.34	 0.00650482	 2.86975e-05	 -0.783868	 -0.00050648	 -0.224202	 -0.000179753
37.36	 0.00604922	 3.15491e-05	 -0.789164	 -0.000499738	 -0.213982	 -0.000197412
37.38	 0.00553889	 3.43037e-05	 -0.794591	 -0.000493745	 -0.203259	 -0.000214904
37.4	 0.00497446	 3.69566e-05	 -0.800143	 -0.000488514	 -0.192048	 -0.000232213
37.42	 0.00435668	 3.95033e-05	 -0.805818	 -0.000484058	 -0.180362	 -0.000249318
37.44	 0.00368637	 4.19395e-05	 -0.811608	 -0.000480387	 -0.168215	 -0.000266204
37.46	 0.00296448	 4.42611e-05	 -0.81751	 -0.000477508	 -0.155623	 -0.000282852
37.48	 0.00219202	 4.64643e-05	 -0.823516	 -0.00047543	 -0.142601	 -0.000299247
37.5	 0.0013701	 4.85455e-05	 -0.829621	 -0.000474158	 -0.129163	 -0.000315371
37.52	 0.000499935	 5.05012e-05	 -0.83582	 -0.000473696	 -0.115326	 -0.000331211
37.54	 -0.000417193	 5.23284e-05	 -0.842104	 -0.000474047	 -0.101105	 -0.00034675
37.56	 -0.00137991	 5.4024e-05	 -0.848468	 -0.000475212	 -0.086517	 -0.000361974
37.58	 -0.00238677	 5.55855e-05	 -0.854905	 -0.000477191	 -0.0715783	 -0.000376869
37.6	 -0.00343623	 5.70105e-05	 -0.861407	 -0.000479982	 -0.0563054	 -0.000391421
37.62	 -0.00452669	 5.82967e-05	 -0.867967	 -0.000483582	 -0.0407152	 -0.000405619
37.64	 -0.00565647	 5.94423e-05	 -0.874577	 -0.000487986	 -0.0248245	 -0.000419449
37.66	 -0.00682382	 6.04457e-05	 -0.881231	 -0.000493188	 -0.00865033	 -0.0004329
37.68	 -0.00802693	 6.13056e-05	 -0.88792	 -0.00049918	 0.00779015	 -0.000445961
37.7	 -0.00926393	 6.20209e-05	 -0.894636	 -0.000505954	 0.0244798	 -0.000458621
37.72	 -0.0105329	 6.25907e-05	 -0.901371	 -0.000513499	 0.0414016	 -0.00047087
37.74	 -0.0118318	 6.30146e-05	 -0.908117	 -0.000521803	 0.0585382	 -0.0004827
37.76	 -0.0131587	 6.32923e-05	 -0.914866	 -0.000530854	 0.0758727	 -0.000494101
37.78	 -0.0145114	 6.34239e-05	 -0.921609	 -0.000540637	 0.093388	 -0.000505065
37.8	 -0.0158878	 6.34095e-05	 -0.928338	 -0.000551137	 0.111067	 -0.000515584
37.82	 -0.0172858	 6.32499e-05	 -0.935045	 -0.000562337	 0.128893	 -0.000525653
37.84	 -0.0187031	 6.29458e-05	 -0.94172	 -0.000574218	 0.14685	 -0.000535264
37.86	 -0.0201376	 6.24983e-05	 -0.948356	 -0.000586763	 0.16492	 -0.000544411
37.88	 -0.021587	 6.1909e-05	 -0.954945	 -0.000599951	 0.183089	 -0.000553091
37.9	 -0.0230489	 6.11793e-05	 -0.961477	 -0.000613761	 0.201338	 -0.000561297
37.92	 -0.0245212	 6.03112e-05	 -0.967944	 -0.00062817	 0.219654	 -0.000569027
37.94	 -0.0260014	 5.9307e-05	 -0.974337	 -0.000643156	 0.23802	 -0.000576276
37.96	 -0.0274873	 5.81689e-05	 -0.98065	 -0.000658694	 0.256421	 -0.000583043
37.98	 -0.0289766	 5.68998e-05	 -0.986872	 -0.00067476	 0.274842	 -0.000589324
38	 -0.0304669	 5.55025e-05	 -0.992997	 -0.000691328	 0.293269	 -0.000595119
38.02	 -0.0319559	 5.39802e-05	 -0.999015	 -0.000708371	 0.311687	 -0.000600426
38.04	 -0.0334413	 5.23363e-05	 -1.00492	 -0.000725863	 0.330084	 -0.000605244
38.06	 -0.0349208	 5.05744e-05	 -1.0107	 -0.000743775	 0.348444	 -0.000609574
38.08	 -0.036392	 4.86983e-05	 -1.01636	 -0.000762079	 0.366756	 -0.000613416
38.1	 -0.0378528	 4.67122e-05	 -1.02187	 -0.000780746	 0.385007	 -0.000616771
38.12	 -0.0393009	 4.46202e-05	 -1.02724	 -0.000799747	 0.403184	 -0.000619641
38.14	 -0.0407341	 4.24269e-05	 -1.03246	 -0.000819051	 0.421277	 -0.000622028
38.16	 -0.0421501	 4.01368e-05	 -1.03752	 -0.000838628	 0.439275	 -0.000623934
38.18	 -0.0435468	 3.77549e-05	 -1.04242	 -0.000858448	 0.457165	 -0.000625363
38.2	 -0.0449222	 3.5286e-05	 -1.04715	 -0.000878479	 0.47494	 -0.000626317
38.22	 -0.0462741	 3.27354e-05	 -1.05169	 -0.000898689	 0.492588	 -0.000626802
38.24	 -0.0476005	 3.01084e-05	 -1.05605	 -0.000919049	 0.510102	 -0.000626821
38.26	 -0.0488994	 2.74105e-05	 -1.06022	 -0.000939525	 0.527472	 -0.000626379
38.28	 -0.050169	 2.46471e-05	 -1.0642	 -0.000960087	 0.544691	 -0.000625482
38.3	 -0.0514073	 2.1824e-05	 -1.06798	 -0.000980702	 0.561752	 -0.000624136
38.32	 -0.0526125	 1.89471e-05	 -1.07154	 -0.00100134	 0.578647	 -0.000622346
38.34	 -0.0537828	 1.60223e-05	 -1.0749	 -0.00102196	 0.595371	 -0.000620119
38.36	 -0.0549167	 1.30556e-05	 -1.07804	 -0.00104255	 0.611917	 -0.000617463
38.38	 -0.0560124	 1.0053e-05	 -1.08097	 -0.00106306	 0.628282	 -0.000614384
38.4	 -0.0570684	 7.02087e-06	 -1.08367	 -0.00108347	 0.644461	 -0.00061089
38.42	 -0.0580832	 3.96526e-06	 -1.08614	 -0.00110374	 0.660449	 -0.000606989
38.44	 -0.0590555	 8.92498e-07	 -1.08838	 -0.00112385	 0.676244	 -0.00060269
38.46	 -0.0599838	 -2.19113e-06	 -1.09039	 -0.00114375	 0.691842	 -0.000598001
38.48	 -0.0608669	 -5.27929e-06	 -1.09216	 -0.00116344	 0.707242	 -0.000592932
38.5	 -0.0617037	 -8.36566e-06	 -1.0937	 -0.00118286	 0.722443	 -0.000587491
38.52	 -0.062493	 -1.14439e-05	 -1.09499	 -0.001202	 0.737443	 -0.000581689
38.54	 -0.0632339	 -1.45078e-05	 -1.09604	 -0.00122083	 0.752242	 -0.000575535
38.56	 -0.0639254	 -1.75509e-05	 -1.09685	 -0.00123931	 0.76684	 -0.00056904
38.58	 -0.0645666	 -2.0567e-05	 -1.09742	 -0.00125743	 0.781238	 -0.000562213
38.6	 -0.0651569	 -2.355e-05	 -1.09774	 -0.00127514	 0.795437	 -0.000555066
38.62	 -0.0656955	 -2.64936e-05	 -1.09781	 -0.00129244	 0.809439	 -0.000547609
38.64	 -0.0661818	 -2.93919e-05	 -1.09764	 -0.00130929	 0.823247	 -0.000539854
38.66	 -0.0666154	 -3.22387e-05	 -1.09723	 -0.00132566	 0.836863	 -0.000531812
38.68	 -0.0669959	 -3.50283e-05	 -1.09657	 -0.00134154	 0.85029	 -0.000523494
38.7	 -0.067323	 -3.77549e-05	 -1.09567	 -0.00135689	 0.863533	 -0.000514912
38.72	 -0.0675963	 -4.04127e-05	 -1.09453	 -0.0013717	 0.876596	 -0.000506078
38.74	 -0.0678159	 -4.29962e-05	 -1.09314	 -0.00138595	 0.889483	 -0.000497004
38.76	 -0.0679816	 -4.55e-05	 -1.09152	 -0.00139962	 0.9022	 -0.000487702
38.78	 -0.0680935	 -4.79188e-05	 -1.08967	 -0.00141267	 0.914752	 -0.000478184
38.8	 -0.0681518	 -5.02476e-05	 -1.08758	 -0.00142511	 0.927146	 -0.000468463
38.82	 -0.0681566	 -5.24814e-05	 -1.08526	 -0.0014369	 0.939387	 -0.000458551
38.84	 -0.0681084	 -5.46154e-05	 -1.08271	 -0.00144804	 0.951483	 -0.000448461
38.86	 -0.0680074	 -5.6645e-05	 -1.07994	 -0.0014585	 0.963441	 -0.000438204
38.88	 -0.0678542	 -5.85659e-05	 -1.07695	 -0.00146827	 0.975268	 -0.000427795
38.9	 -0.0676493	 -6.03738e-05	 -1.07375	 -0.00147733	 0.986973	 -0.000417244
38.92	 -0.0673935	 -6.20648e-05	 -1.07033	 -0.00148568	 0.998562	 -0.000406566
38.94	 -0.0670874	 -6.36352e-05	 -1.06671	 -0.0014933	 1.01004	 -0.000395772
38.96	 -0.0667319	 -6.50813e-05	 -1.06289	 -0.00150019	 1.02143	 -0.000384875
38.98	 -0.0663279	 -6.63999e-05	 -1.05887	 -0.00150632	 1.03272	 -0.000373888
39	 -0.0658764	 -6.75879e-05	 -1.05466	 -0.0015117	 1.04394	 -0.000362824
39.02	 -0.0653784	 -6.86425e-05	 -1.05026	 -0.00151631	 1.05508	 -0.000351694
39.04	 -0.0648352	 -6.9561e-05	 -1.04569	 -0.00152016	 1.06617	 -0.000340512
39.06	 -0.0642478	 -7.03412e-05	 -1.04093	 -0.00152322	 1.0772	 -0.000329289
39.08	 -0.0636176	 -7.09811e-05	 -1.03602	 -0.00152551	 1.08819	 -0.000318038
39.1	 -0.062946	 -7.14787e-05	 -1.03094	 -0.00152702	 1.09914	 -0.00030677
39.12	 -0.0622343	 -7.18326e-05	 -1.02571	 -0.00152774	 1.11007	 -0.000295499
39.14	 -0.061484	 -7.20415e-05	 -1.02032	 -0.00152767	 1.12099	 -0.000284235
39.16	 -0.0606967	 -7.21044e-05	 -1.0148	 -0.00152682	 1.1319	 -0.000272991
39.18	 -0.059874	 -7.20206e-05	 -1.00915	 -0.00152519	 1.14282	 -0.000261778
39.2	 -0.0590176	 -7.17896e-05	 -1.00336	 -0.00152277	 1.15376	 -0.000250607
39.22	 -0.0581291	 -7.14112e-05	 -0.99746	 -0.00151958	 1.16472	 -0.00023949
39.24	 -0.0572103	 -7.08856e-05	 -0.991445	 -0.00151562	 1.17572	 -0.000228437
39.26	 -0.056263	 -7.02131e-05	 -0.985324	 -0.00151089	 1.18676	 -0.000217459
39.28	 -0.0552891	 -6.93943e-05	 -0.979107	 -0.0015054	 1.19785	 -0.000206567
39.3	 -0.0542905	 -6.84303e-05	 -0.972799	 -0.00149916	 1.20901	 -0.000195772
39.32	 -0.0532691	 -6.73221e-05	 -0.966409	 -0.00149218	 1.22023	 -0.000185083
39.34	 -0.0522268	 -6.60713e-05	 -0.959945	 -0.00148446	 1.23154	 -0.00017451
39.36	 -0.0511657	 -6.46796e-05	 -0.953413	 -0.00147603	 1.24294	 -0.000164063
39.38	 -0.0500878	 -6.3149e-05	 -0.946821	 -0.00146688	 1.25443	 -0.000153752
39.4	 -0.0489951	 -6.14817e-05	 -0.940178	 -0.00145704	 1.26603	 -0.000143585
39.42	 -0.0478897	 -5.96804e-05	 -0.93349	 -0.00144651	 1.27774	 -0.000133572
39.44	 -0.0467736	 -5.77477e-05	 -0.926766	 -0.00143531	 1.28957	 -0.000123721
39.46	 -0.0456491	 -5.56867e-05	 -0.920012	 -0.00142346	 1.30152	 -0.000114041
39.48	 -0.0445181	 -5.35007e-05	 -0.913237	 -0.00141097	 1.31361	 -0.000104539
39.5	 -0.0433828	 -5.11933e-05	 -0.906447	 -0.00139786	 1.32584	 -9.52232e-05
39.52	 -0.0422454	 -4.87681e-05	 -0.89965	 -0.00138415	 1.33821	 -8.61014e-05
39.54	 -0.0411078	 -4.62291e-05	 -0.892853	 -0.00136985	 1.35074	 -7.71805e-05
39.56	 -0.0399723	 -4.35806e-05	 -0.886063	 -0.00135499	 1.36342	 -6.84673e-05
39.58	 -0.0388409	 -4.0827e-05	 -0.879287	 -0.00133959	 1.37626	 -5.99684e-05
39.6	 -0.0377158	 -3.79729e-05	 -0.872532	 -0.00132365	 1.38926	 -5.16899e-05
39.62	 -0.0365989	 -3.50231e-05	 -0.865805	 -0.00130722	 1.40244	 -4.36376e-05
39.64	 -0.0354924	 -3.19826e-05	 -0.859112	 -0.0012903	 1.41578	 -3.58172e-05
39.66	 -0.0343982	 -2.88566e-05	 -0.852459	 -0.00127292	 1.42929	 -2.82338e-05
39.68	 -0.0333184	 -2.56504e-05	 -0.845853	 -0.0012551	 1.44298	 -2.08923e-05
39.7	 -0.0322549	 -2.23697e-05	 -0.8393	 -0.00123687	 1.45685	 -1.37972e-05
39.72	 -0.0312097	 -1.902e-05	 -0.832806	 -0.00121824	 1.47089	 -6.95264e-06
39.74	 -0.0301846	 -1.56071e-05	 -0.826375	 -0.00119925	 1.48511	 -3.62564e-07
39.76	 -0.0291815	 -1.2137e-05	 -0.820014	 -0.00117992	 1.49951	 5.96955e-06
39.78	 -0.0282022	 -8.61582e-06	 -0.813728	 -0.00116026	 1.51408	 1.20405e-05
39.8	 -0.0272485	 -5.04959e-06	 -0.807522	 -0.00114031	 1.52883	 1.78475e-05
39.82	 -0.026322	 -1.44461e-06	 -0.801401	 -0.00112008	 1.54375	 2.3388e-05
39.84	 -0.0254244	 2.19279e-06	 -0.795368	 -0.00109961	 1.55884	 2.86599e-05
39.86	 -0.0245574	 5.85621e-06	 -0.789429	 -0.00107892	 1.57409	 3.36612e-05
39.88	 -0.0237224	 9.53917e-06	 -0.783587	 -0.00105803	 1.58951	 3.83905e-05
39.9	 -0.022921	 1.32352e-05	 -0.777846	 -0.00103697	 1.60508	 4.28465e-05
39.92	 -0.0221544	 1.69377e-05	 -0.772209	 -0.00101577	 1.62081	 4.70284e-05
39.94	 -0.0214242	 2.06401e-05	 -0.766681	 -0.000994434	 1.63668	 5.09355e-05
39.96	 -0.0207316	 2.43358e-05	 -0.761263	 -0.000973004	 1.65269	 5.45677e-05
39.98	 -0.0200778	 2.80183e-05	 -0.755959	 -0.000951499	 1.66884	 5.79249e-05
40	 -0.0194639	 3.16809e-05	 -0.750771	 -0.000929944	 1.68511	 6.10074e-05
40.02	 -0.018891	 3.53172e-05	 -0.745702	 -0.000908363	 1.7015	 6.3816e-05
40.04	 -0.0183601	 3.89205e-05	 -0.740752	 -0.00088678	 1.718	 6.63515e-05
40.06	 -0.0178722	 4.24844e-05	 -0.735924	 -0.000865217	 1.7346	 6.86151e-05
40.08	 -0.017428	 4.60024e-05	 -0.731219	 -0.000843697	 1.75128	 7.06084e-05
40.1	 -0.0170283	 4.94683e-05	 -0.726639	 -0.000822244	 1.76805	 7.23331e-05
40.12	 -0.0166737	 5.28756e-05	 -0.722183	 -0.000800879	 1.78489	 7.37913e-05
40.14	 -0.016365	 5.62182e-05	 -0.717853	 -0.000779625	 1.80178	 7.49853e-05
40.16	 -0.0161026	 5.949e-05	 -0.713649	 -0.000758502	 1.81872	 7.59175e-05
40.18	 -0.0158869	 6.2685e-05	 -0.709571	 -0.000737532	 1.83569	 7.6591e-05
40.2	 -0.0157183	 6.57973e-05	 -0.705618	 -0.000716735	 1.85269	 7.70086e-05
40.22	 -0.015597	 6.88211e-05	 -0.701791	 -0.000696131	 1.86969	 7.71738e-05
40.24	 -0.0155232	 7.17509e-05	 -0.698088	 -0.00067574	 1.88668	 7.70899e-05
40.26	 -0.015497	 7.45811e-05	 -0.694509	 -0.00065558	 1.90366	 7.67608e-05
40.28	 -0.0155185	 7.73065e-05	 -0.691051	 -0.00063567	 1.9206	 7.61904e-05
40.3	 -0.0155875	 7.99219e-05	 -0.687715	 -0.000616026	 1.93749	 7.53827e-05
40.32	 -0.0157038	 8.24224e-05	 -0.684497	 -0.000596667	 1.95431	 7.43421e-05
40.34	 -0.0158673	 8.48032e-05	 -0.681397	 -0.000577609	 1.97106	 7.30732e-05
40.36	 -0.0160776	 8.70598e-05	 -0.678412	 -0.000558867	 1.98771	 7.15805e-05
40.38	 -0.0163342	 8.91876e-05	 -0.675539	 -0.000540456	 2.00425	 6.98691e-05
40.4	 -0.0166368	 9.11827e-05	 -0.672776	 -0.000522391	 2.02066	 6.79439e-05
40.42	 -0.0169846	 9.30411e-05	 -0.670121	 -0.000504685	 2.03692	 6.58102e-05
40.44	 -0.0173771	 9.4759e-05	 -0.66757	 -0.000487351	 2.05303	 6.34733e-05
40.46	 -0.0178134	 9.6333e-05	 -0.66512	 -0.000470402	 2.06895	 6.09388e-05
40.48	 -0.0182929	 9.77598e-05	 -0.662768	 -0.000453848	 2.08468	 5.82124e-05
40.5	 -0.0188145	 9.90366e-05	 -0.66051	 -0.0004377	 2.10019	 5.52998e-05
40.52	 -0.0193774	 0.000100161	 -0.658344	 -0.000421968	 2.11547	 5.2207e-05
40.54	 -0.0199805	 0.000101129	 -0.656265	 -0.000406661	 2.1305	 4.89401e-05
40.56	 -0.0206228	 0.000101941	 -0.654269	 -0.000391786	 2.14527	 4.55054e-05
40.58	 -0.0213029	 0.000102593	 -0.652352	 -0.000377352	 2.15975	 4.1909e-05
40.6	 -0.0220198	 0.000103084	 -0.650511	 -0.000363364	 2.17392	 3.81575e-05
40.62	 -0.0227721	 0.000103413	 -0.64874	 -0.000349829	 2.18778	 3.42574e-05
40.64	 -0.0235584	 0.000103578	 -0.647037	 -0.000336751	 2.2013	 3.02154e-05
40.66	 -0.0243774	 0.000103579	 -0.645396	 -0.000324136	 2.21447	 2.60382e-05
40.68	 -0.0252276	 0.000103415	 -0.643813	 -0.000311985	 2.22726	 2.17326e-05
40.7	 -0.0261074	 0.000103087	 -0.642284	 -0.000300303	 2.23966	 1.73054e-05
40.72	 -0.0270153	 0.000102593	 -0.640804	 -0.00028909	 2.25165	 1.27637e-05
40.74	 -0.0279498	 0.000101935	 -0.639368	 -0.000278348	 2.26322	 8.11449e-06
40.76	 -0.028909	 0.000101113	 -0.637973	 -0.000268079	 2.27435	 3.36479e-06
40.78	 -0.0298914	 0.000100128	 -0.636613	 -0.00025828	 2.28501	 -1.47826e-06
40.8	 -0.0308953	 9.89808e-05	 -0.635284	 -0.000248953	 2.29521	 -6.40752e-06
40.82	 -0.0319187	 9.76734e-05	 -0.633981	 -0.000240095	 2.30491	 -1.14158e-05
40.84	 -0.03296	 9.62073e-05	 -0.632701	 -0.000231704	 2.3141	 -1.64959e-05
40.86	 -0.0340173	 9.45845e-05	 -0.631438	 -0.000223777	 2.32277	 -2.16407e-05
40.88	 -0.0350887	 9.28073e-05	 -0.630187	 -0.000216312	 2.3309	 -2.68428e-05
40.9	 -0.0361725	 9.08783e-05	 -0.628946	 -0.000209304	 2.33848	 -3.2095e-05
40.92	 -0.0372666	 8.88003e-05	 -0.627709	 -0.000202749	 2.3455	 -3.73901e-05
40.94	 -0.0383693	 8.65762e-05	 -0.626472	 -0.000196642	 2.35193	 -4.27209e-05
40.96	 -0.0394785	 8.42095e-05	 -0.625231	 -0.000190979	 2.35776	 -4.80801e-05
40.98	 -0.0405924	 8.17037e-05	 -0.623983	 -0.000185752	 2.36299	 -5.34605e-05
41	 -0.041709	 7.90626e-05	 -0.622722	 -0.000180956	 2.36759	 -5.88548e-05
41.02	 -0.0428264	 7.62902e-05	 -0.621445	 -0.000176584	 2.37157	 -6.4256e-05
41.04	 -0.0439427	 7.33907e-05	 -0.62015	 -0.000172629	 2.37489	 -6.96567e-05
41.06	 -0.0450559	 7.03688e-05	 -0.618831	 -0.000169083	 2.37756	 -7.505e-05
41.08	 -0.0461641	 6.7229e-05	 -0.617486	 -0.00016594	 2.37956	 -8.04285e-05
41.1	 -0.0472654	 6.39763e-05	 -0.616112	 -0.000163189	 2.38089	 -8.57854e-05
41.12	 -0.0483579	 6.06157e-05	 -0.614705	 -0.000160824	 2.38152	 -9.11135e-05
41.14	 -0.0494397	 5.71527e-05	 -0.613263	 -0.000158834	 2.38146	 -9.64058e-05
41.16	 -0.050509	 5.35925e-05	 -0.611782	 -0.000157212	 2.3807	 -0.000101655
41.18	 -0.0515639	 4.99409e-05	 -0.61026	 -0.000155947	 2.37922	 -0.000106855
41.2	 -0.0526027	 4.62037e-05	 -0.608696	 -0.000155031	 2.37702	 -0.000111999
41.22	 -0.0536235	 4.23867e-05	 -0.607086	 -0.000154452	 2.3741	 -0.000117079
41.24	 -0.0546246	 3.84962e-05	 -0.605429	 -0.000154202	 2.37044	 -0.00012209
41.26	 -0.0556043	 3.45383e-05	 -0.603723	 -0.000154271	 2.36605	 -0.000127024
41.28	 -0.0565609	 3.05193e-05	 -0.601967	 -0.000154648	 2.36091	 -0.000131875
41.3	 -0.0574927	 2.64456e-05	 -0.600158	 -0.000155323	 2.35503	 -0.000136637
41.32	 -0.0583983	 2.23239e-05	 -0.598297	 -0.000156287	 2.3484	 -0.000141303
41.34	 -0.059276	 1.81607e-05	 -0.596382	 -0.000157528	 2.34102	 -0.000145867
41.36	 -0.0601244	 1.39627e-05	 -0.594412	 -0.000159036	 2.33288	 -0.000150323
41.38	 -0.0609419	 9.73656e-06	 -0.592388	 -0.000160803	 2.32399	 -0.000154665
41.4	 -0.0617273	 5.48918e-06	 -0.590308	 -0.000162817	 2.31435	 -0.000158887
41.42	 -0.0624792	 1.22733e-06	 -0.588173	 -0.000165068	 2.30396	 -0.000162983
41.44	 -0.0631963	 -3.04213e-06	 -0.585983	 -0.000167547	 2.29281	 -0.000166947
41.46	 -0.0638774	 -7.31237e-06	 -0.583739	 -0.000170244	 2.28091	 -0.000170774
41.48	 -0.0645213	 -1.15765e-05	 -0.581442	 -0.000173151	 2.26826	 -0.000174459
41.5	 -0.065127	 -1.58278e-05	 -0.579091	 -0.000176256	 2.25487	 -0.000177996
41.52	 -0.0656934	 -2.00593e-05	 -0.576689	 -0.000179552	 2.24074	 -0.00018138
41.54	 -0.0662195	 -2.42643e-05	 -0.574237	 -0.00018303	 2.22588	 -0.000184607
41.56	 -0.0667046	 -2.84361e-05	 -0.571736	 -0.00018668	 2.21028	 -0.000187671
41.58	 -0.0671476	 -3.25681e-05	 -0.569189	 -0.000190496	 2.19396	 -0.000190567
41.6	 -0.067548	 -3.66535e-05	 -0.566597	 -0.000194469	 2.17693	 -0.000193291
41.62	 -0.067905	 -4.0686e-05	 -0.563963	 -0.000198591	 2.15919	 -0.00019584
41.64	 -0.0682179	 -4.46592e-05	 -0.561289	 -0.000202856	 2.14075	 -0.000198208
41.66	 -0.0684864	 -4.85666e-05	 -0.558577	 -0.000207256	 2.12161	 -0.000200392
41.68	 -0.0687098	 -5.24022e-05	 -0.555832	 -0.000211784	 2.1018	 -0.000202387
41.7	 -0.0688879	 -5.61599e-05	 -0.553056	 -0.000216434	 2.08132	 -0.000204191
41.72	 -0.0690203	 -5.98337e-05	 -0.550251	 -0.000221201	 2.06018	 -0.0002058
41.74	 -0.0691068	 -6.34179e-05	 -0.547422	 -0.000226079	 2.03839	 -0.00020721
41.76	 -0.0691471	 -6.69069e-05	 -0.544573	 -0.000231062	 2.01597	 -0.000208418
41.78	 -0.0691413	 -7.02951e-05	 -0.541707	 -0.000236145	 1.99293	 -0.000209422
41.8	 -0.0690893	 -7.35775e-05	 -0.538828	 -0.000241325	 1.96929	 -0.000210219
41.82	 -0.0689912	 -7.67487e-05	 -0.53594	 -0.000246597	 1.94505	 -0.000210806
41.84	 -0.0688472	 -7.9804e-05	 -0.533048	 -0.000251957	 1.92024	 -0.000211181
41.86	 -0.0686573	 -8.27387e-05	 -0.530156	 -0.000257402	 1.89486	 -0.000211342
41.88	 -0.068422	 -8.55483e-05	 -0.527268	 -0.00026293	 1.86894	 -0.000211287
41.9	 -0.0681416	 -8.82285e-05	 -0.52439	 -0.000268537	 1.8425	 -0.000211014
41.92	 -0.0678165	 -9.07752e-05	 -0.521526	 -0.000274222	 1.81554	 -0.000210523
41.94	 -0.0674473	 -9.31847e-05	 -0.518681	 -0.000279982	 1.78809	 -0.000209811
41.96	 -0.0670345	 -9.54535e-05	 -0.51586	 -0.000285818	 1.76017	 -0.000208878
41.98	 -0.0665787	 -9.75781e-05	 -0.513069	 -0.000291727	 1.7318	 -0.000207723
42	 -0.0660807	 -9.95555e-05	 -0.510311	 -0.00029771	 1.70299	 -0.000206346
42.02	 -0.0655412	 -0.000101383	 -0.507594	 -0.000303766	 1.67376	 -0.000204747
42.04	 -0.0649612	 -0.000103058	 -0.504921	 -0.000309895	 1.64415	 -0.000202925
42.06	 -0.0643414	 -0.000104578	 -0.502299	 -0.000316098	 1.61415	 -0.00020088
42.08	 -0.063683	 -0.000105941	 -0.499733	 -0.000322376	 1.58381	 -0.000198614
42.1	 -0.0629868	 -0.000107145	 -0.497227	 -0.000328729	 1.55313	 -0.000196128
42.12	 -0.062254	 -0.000108189	 -0.494789	 -0.000335161	 1.52215	 -0.000193421
42.14	 -0.0614858	 -0.000109072	 -0.492422	 -0.000341671	 1.49087	 -0.000190496
42.16	 -0.0606833	 -0.000109793	 -0.490133	 -0.000348263	 1.45934	 -0.000187354
42.18	 -0.0598478	 -0.000110351	 -0.487926	 -0.000354939	 1.42756	 -0.000183997
42.2	 -0.0589805	 -0.000110745	 -0.485808	 -0.000361701	 1.39556	 -0.000180427
42.22	 -0.0580829	 -0.000110976	 -0.483783	 -0.000368552	 1.36336	 -0.000176647
42.24	 -0.0571563	 -0.000111044	 -0.481857	 -0.000375496	 1.33099	 -0.000172659
42.26	 -0.0562021	 -0.000110949	 -0.480036	 -0.000382535	 1.29847	 -0.000168466
42.28	 -0.0552218	 -0.000110692	 -0.478323	 -0.000389673	 1.26583	 -0.000164072
42.3	 -0.0542168	 -0.000110273	 -0.476725	 -0.000396914	 1.23308	 -0.00015948
42.32	 -0.0531888	 -0.000109695	 -0.475245	 -0.00040426	 1.20025	 -0.000154693
42.34	 -0.0521393	 -0.000108959	 -0.47389	 -0.000411717	 1.16736	 -0.000149717
42.36	 -0.0510699	 -0.000108066	 -0.472664	 -0.000419287	 1.13445	 -0.000144554
42.38	 -0.0499822	 -0.000107019	 -0.47157	 -0.000426974	 1.10152	 -0.000139211
42.4	 -0.0488777	 -0.00010582	 -0.470615	 -0.000434783	 1.06861	 -0.000133691
42.42	 -0.0477583	 -0.000104471	 -0.469802	 -0.000442717	 1.03573	 -0.000128
42.44	 -0.0466255	 -0.000102976	 -0.469135	 -0.000450781	 1.00292	 -0.000122144
42.46	 -0.045481	 -0.000101337	 -0.468619	 -0.000458978	 0.970186	 -0.000116127
42.48	 -0.0443266	 -9.95578e-05	 -0.468257	 -0.000467312	 0.937563	 -0.000109957
42.5	 -0.0431638	 -9.76418e-05	 -0.468053	 -0.000475787	 0.905069	 -0.00010364
42.52	 -0.0419945	 -9.55927e-05	 -0.46801	 -0.000484406	 0.872726	 -9.71811e-05
42.54	 -0.0408203	 -9.34147e-05	 -0.468131	 -0.000493173	 0.840558	 -9.05886e-05
42.56	 -0.0396429	 -9.11118e-05	 -0.468421	 -0.000502092	 0.808586	 -8.38691e-05
42.58	 -0.038464	 -8.86884e-05	 -0.46888	 -0.000511166	 0.776832	 -7.70301e-05
42.6	 -0.0372853	 -8.61491e-05	 -0.469514	 -0.000520398	 0.745316	 -7.00793e-05
42.62	 -0.0361084	 -8.34987e-05	 -0.470322	 -0.00052979	 0.71406	 -6.30244e-05
42.64	 -0.034935	 -8.07421e-05	 -0.471309	 -0.000539346	 0.683085	 -5.58737e-05
42.66	 -0.0337668	 -7.78845e-05	 -0.472475	 -0.000549068	 0.652409	 -4.86356e-05
42.68	 -0.0326054	 -7.4931e-05	 -0.473823	 -0.000558958	 0.622054	 -4.13187e-05
42.7	 -0.0314523	 -7.18871e-05	 -0.475353	 -0.000569018	 0.592038	 -3.39318e-05
42.72	 -0.0303091	 -6.87584e-05	 -0.477068	 -0.000579249	 0.562379	 -2.6484e-05
42.74	 -0.0291774	 -6.55505e-05	 -0.478968	 -0.000589653	 0.533097	 -1.89847e-05
42.76	 -0.0280586	 -6.22693e-05	 -0.481054	 -0.000600231	 0.504208	 -1.14433e-05
42.78	 -0.0269543	 -5.89208e-05	 -0.483326	 -0.000610984	 0.47573	 -3.86948e-06
42.8	 -0.0258659	 -5.55108e-05	 -0.485785	 -0.000621911	 0.447679	 3.72691e-06
42.82	 -0.0247948	 -5.20455e-05	 -0.48843	 -0.000633012	 0.420071	 1.13358e-05
42.84	 -0.0237423	 -4.85312e-05	 -0.491261	 -0.000644288	 0.392922	 1.89471e-05
42.86	 -0.0227098	 -4.4974e-05	 -0.494278	 -0.000655736	 0.366247	 2.65503e-05
42.88	 -0.0216985	 -4.13803e-05	 -0.497479	 -0.000667356	 0.340059	 3.41349e-05
42.9	 -0.0207096	 -3.77564e-05	 -0.500864	 -0.000679147	 0.314372	 4.16905e-05
42.92	 -0.0197444	 -3.41088e-05	 -0.504431	 -0.000691105	 0.289199	 4.92062e-05
42.94	 -0.0188039	 -3.04437e-05	 -0.508179	 -0.000703228	 0.264553	 5.66711e-05
42.96	 -0.0178893	 -2.67678e-05	 -0.512106	 -0.000715514	 0.240443	 6.40745e-05
42.98	 -0.0170014	 -2.30872e-05	 -0.516209	 -0.000727959	 0.216883	 7.14052e-05
43	 -0.0161414	 -1.94086e-05	 -0.520486	 -0.000740558	 0.193881	 7.86522e-05
43.02	 -0.0153102	 -1.57383e-05	 -0.524934	 -0.000753309	 0.171447	 8.58044e-05
43.04	 -0.0145084	 -1.20825e-05	 -0.529551	 -0.000766205	 0.14959	 9.28506e-05
43.06	 -0.0137371	 -8.44778e-06	 -0.534334	 -0.000779241	 0.128317	 9.97798e-05
43.08	 -0.0129968	 -4.84024e-06	 -0.539278	 -0.000792413	 0.107637	 0.000106581
43.1	 -0.0122883	 -1.26611e-06	 -0.544381	 -0.000805713	 0.0875558	 0.000113242
43.12	 -0.0116121	 2.26849e-06	 -0.549638	 -0.000819136	 0.0680791	 0.000119753
43.14	 -0.0109689	 5.75751e-06	 -0.555046	 -0.000832674	 0.0492124	 0.000126103
43.16	 -0.0103591	 9.19502e-06	 -0.5606	 -0.000846319	 0.0309601	 0.000132279
43.18	 -0.00978315	 1.25752e-05	 -0.566296	 -0.000860064	 0.013326	 0.000138273
43.2	 -0.00924137	 1.58923e-05	 -0.572129	 -0.000873901	 -0.00368685	 0.000144072
43.22	 -0.00873409	 1.91407e-05	 -0.578094	 -0.000887821	 -0.020076	 0.000149666
43.24	 -0.00826155	 2.23151e-05	 -0.584185	 -0.000901814	 -0.0358398	 0.000155045
43.26	 -0.00782392	 2.541e-05	 -0.590399	 -0.000915871	 -0.0509772	 0.000160198
43.28	 -0.0074213	 2.84203e-05	 -0.596729	 -0.000929982	 -0.0654878	 0.000165115
43.3	 -0.00705376	 3.1341e-05	 -0.60317	 -0.000944137	 -0.079372	 0.000169786
43.32	 -0.00672129	 3.41673e-05	 -0.609716	 -0.000958325	 -0.0926306	 0.000174201
43.34	 -0.00642381	 3.68946e-05	 -0.616361	 -0.000972536	 -0.105265	 0.00017835
43.36	 -0.0061612	 3.95183e-05	 -0.623099	 -0.000986757	 -0.117278	 0.000182225
43.38	 -0.00593328	 4.20343e-05	 -0.629924	 -0.00100098	 -0.128673	 0.000185816
43.4	 -0.00573979	 4.44384e-05	 -0.63683	 -0.00101518	 -0.139451	 0.000189114
43.42	 -0.00558044	 4.67268e-05	 -0.64381	 -0.00102937	 -0.149618	 0.000192111
43.44	 -0.00545489	 4.88959e-05	 -0.650858	 -0.00104351	 -0.159178	 0.000194798
43.46	 -0.00536271	 5.09422e-05	 -0.657968	 -0.00105761	 -0.168137	 0.000197169
43.48	 -0.00530346	 5.28625e-05	 -0.665133	 -0.00107164	 -0.176499	 0.000199214
43.5	 -0.00527663	 5.46539e-05	 -0.672346	 -0.00108559	 -0.18427	 0.000200928
43.52	 -0.00528165	 5.63136e-05	 -0.679601	 -0.00109946	 -0.191458	 0.000202303
43.54	 -0.00531793	 5.78391e-05	 -0.686891	 -0.00111322	 -0.198069	 0.000203332
43.56	 -0.00538482	 5.92282e-05	 -0.694208	 -0.00112686	 -0.204111	 0.000204011
43.58	 -0.00548163	 6.04789e-05	 -0.701547	 -0.00114038	 -0.209592	 0.000204332
43.6	 -0.00560762	 6.15893e-05	 -0.708901	 -0.00115375	 -0.21452	 0.000204291
43.62	 -0.00576202	 6.25581e-05	 -0.716263	 -0.00116696	 -0.218903	 0.000203884
43.64	 -0.00594404	 6.33839e-05	 -0.723625	 -0.00118	 -0.22275	 0.000203105
43.66	 -0.00615281	 6.40658e-05	 -0.730983	 -0.00119285	 -0.226072	 0.000201951
43.68	 -0.00638747	 6.4603e-05	 -0.738327	 -0.0012055	 -0.228877	 0.000200418
43.7	 -0.0066471	 6.49949e-05	 -0.745653	 -0.00121794	 -0.231175	 0.000198505
43.72	 -0.00693078	 6.52415e-05	 -0.752954	 -0.00123015	 -0.232977	 0.000196207
43.74	 -0.00723753	 6.53427e-05	 -0.760223	 -0.00124211	 -0.234292	 0.000193524
43.76	 -0.00756637	 6.52988e-05	 -0.767453	 -0.00125382	 -0.235132	 0.000190453
43.78	 -0.0079163	 6.51104e-05	 -0.774638	 -0.00126527	 -0.235507	 0.000186994
43.8	 -0.00828628	 6.47782e-05	 -0.781773	 -0.00127642	 -0.235428	 0.000183146
43.82	 -0.00867527	 6.43033e-05	 -0.788851	 -0.00128728	 -0.234906	 0.00017891
43.84	 -0.00908221	 6.36871e-05	 -0.795866	 -0.00129783	 -0.233953	 0.000174286
43.86	 -0.00950602	 6.29309e-05	 -0.802812	 -0.00130806	 -0.232579	 0.000169275
43.88	 -0.00994562	 6.20367e-05	 -0.809683	 -0.00131795	 -0.230795	 0.000163879
43.9	 -0.0103999	 6.10065e-05	 -0.816475	 -0.0013275	 -0.228614	 0.000158099
43.92	 -0.0108678	 5.98425e-05	 -0.823181	 -0.00133668	 -0.226046	 0.000151939
43.94	 -0.0113482	 5.85472e-05	 -0.829796	 -0.00134549	 -0.223104	 0.000145402
43.96	 -0.01184	 5.71234e-05	 -0.836315	 -0.00135392	 -0.219797	 0.000138492
43.98	 -0.0123421	 5.5574e-05	 -0.842734	 -0.00136195	 -0.216138	 0.000131213
44	 -0.0128533	 5.39022e-05	 -0.849047	 -0.00136957	 -0.212138	 0.000123569
44.02	 -0.0133727	 5.21113e-05	 -0.85525	 -0.00137678	 -0.207807	 0.000115566
44.04	 -0.0138991	 5.0205e-05	 -0.861339	 -0.00138356	 -0.203158	 0.00010721
44.06	 -0.0144313	 4.81869e-05	 -0.86731	 -0.0013899	 -0.198201	 9.85069e-05
44.08	 -0.0149685	 4.60611e-05	 -0.873157	 -0.00139579	 -0.192946	 8.94639e-05
44.1	 -0.0155094	 4.38316e-05	 -0.878879	 -0.00140123	 -0.187404	 8.00882e-05
44.12	 -0.0160531	 4.15029e-05	 -0.884471	 -0.00140621	 -0.181586	 7.03875e-05
44.14	 -0.0165986	 3.90793e-05	 -0.88993	 -0.00141071	 -0.175502	 6.03703e-05
44.16	 -0.0171448	 3.65656e-05	 -0.895254	 -0.00141474	 -0.169162	 5.00453e-05
44.18	 -0.0176907	 3.39665e-05	 -0.900438	 -0.00141828	 -0.162576	 3.94217e-05
44.2	 -0.0182354	 3.1287e-05	 -0.905481	 -0.00142133	 -0.155754	 2.85093e-05
44.22	 -0.0187779	 2.85321e-05	 -0.91038	 -0.00142388	 -0.148704	 1.73182e-05
44.24	 -0.0193173	 2.57069e-05	 -0.915133	 -0.00142592	 -0.141436	 5.85899e-06
44.26	 -0.0198528	 2.28169e-05	 -0.919738	 -0.00142746	 -0.133959	 -5.85727e-06
44.28	 -0.0203834	 1.98673e-05	 -0.924194	 -0.00142849	 -0.126282	 -1.78192e-05
44.3	 -0.0209084	 1.68638e-05	 -0.928498	 -0.001429	 -0.118411	 -3.00149e-05
44.32	 -0.0214269	 1.38118e-05	 -0.93265	 -0.00142899	 -0.110357	 -4.24323e-05
44.34	 -0.0219381	 1.0717e-05	 -0.936649	 -0.00142847	 -0.102125	 -5.50587e-05
44.36	 -0.0224413	 7.58523e-06	 -0.940495	 -0.00142742	 -0.0937239	 -6.78813e-05
44.38	 -0.0229358	 4.42214e-06	 -0.944185	 -0.00142585	 -0.0851603	 -8.08866e-05
44.4	 -0.023421	 1.23357e-06	 -0.947721	 -0.00142375	 -0.0764408	 -9.40613e-05
44.42	 -0.0238961	 -1.97462e-06	 -0.951102	 -0.00142113	 -0.067572	 -0.000107391
44.44	 -0.0243606	 -5.19656e-06	 -0.954329	 -0.00141799	 -0.0585597	 -0.000120862
44.46	 -0.0248139	 -8.42636e-06	 -0.957401	 -0.00141433	 -0.0494097	 -0.00013446
44.48	 -0.0252554	 -1.16582e-05	 -0.96032	 -0.00141015	 -0.0401273	 -0.00014817
44.5	 -0.0256848	 -1.4886e-05	 -0.963086	 -0.00140546	 -0.0307176	 -0.000161976
44.52	 -0.0261014	 -1.81042e-05	 -0.9657	 -0.00140026	 -0.0211853	 -0.000175864
44.54	 -0.0265049	 -2.13067e-05	 -0.968163	 -0.00139455	 -0.0115347	 -0.000189819
44.56	 -0.0268949	 -2.44879e-05	 -0.970478	 -0.00138834	 -0.00176974	 -0.000203824
44.58	 -0.0272711	 -2.76419e-05	 -0.972645	 -0.00138163	 0.0081058	 -0.000217865
44.6	 -0.0276331	 -3.07631e-05	 -0.974667	 -0.00137444	 0.0180886	 -0.000231924
44.62	 -0.0279807	 -3.3846e-05	 -0.976545	 -0.00136676	 0.0281756	 -0.000245986
44.64	 -0.0283137	 -3.68848e-05	 -0.978282	 -0.0013586	 0.0383643	 -0.000260036
44.66	 -0.0286318	 -3.98743e-05	 -0.979881	 -0.00134999	 0.048652	 -0.000274056
44.68	 -0.0289349	 -4.28089e-05	 -0.981342	 -0.00134091	 0.0590369	 -0.00028803
44.7	 -0.0292229	 -4.56836e-05	 -0.982671	 -0.00133139	 0.0695172	 -0.000301943
44.72	 -0.0294956	 -4.84932e-05	 -0.983868	 -0.00132143	 0.0800912	 -0.000315777
44.74	 -0.0297532	 -5.12326e-05	 -0.984938	 -0.00131104	 0.090758	 -0.000329517
44.76	 -0.0299954	 -5.3897e-05	 -0.985883	 -0.00130024	 0.101517	 -0.000343146
44.78	 -0.0302225	 -5.64817e-05	 -0.986707	 -0.00128903	 0.112366	 -0.000356648
44.8	 -0.0304343	 -5.89821e-05	 -0.987413	 -0.00127744	 0.123307	 -0.000370006
44.82	 -0.0306311	 -6.13937e-05	 -0.988004	 -0.00126547	 0.134338	 -0.000383205
44.84	 -0.0308129	 -6.37123e-05	 -0.988485	 -0.00125313	 0.14546	 -0.000396227
44.86	 -0.0309799	 -6.59339e-05	 -0.988859	 -0.00124045	 0.156673	 -0.000409059
44.88	 -0.0311324	 -6.80544e-05	 -0.98913	 -0.00122743	 0.167977	 -0.000421682
44.9	 -0.0312704	 -7.00703e-05	 -0.989301	 -0.0012141	 0.179375	 -0.000434083
44.92	 -0.0313944	 -7.19779e-05	 -0.989377	 -0.00120046	 0.190865	 -0.000446246
44.94	 -0.0315045	 -7.37739e-05	 -0.989361	 -0.00118654	 0.202451	 -0.000458154
44.96	 -0.031601	 -7.54552e-05	 -0.989259	 -0.00117235	 0.214132	 -0.000469794
44.98	 -0.0316844	 -7.70189e-05	 -0.989073	 -0.00115791	 0.225911	 -0.00048115
45	 -0.0317549	 -7.84622e-05	 -0.988808	 -0.00114323	 0.237789	 -0.000492208
45.02	 -0.031813	 -7.97827e-05	 -0.988468	 -0.00112834	 0.249767	 -0.000502955
45.04	 -0.0318591	 -8.0978e-05	 -0.988058	 -0.00111325	 0.261849	 -0.000513374
45.06	 -0.0318936	 -8.20461e-05	 -0.987581	 -0.00109798	 0.274036	 -0.000523455
45.08	 -0.0319169	 -8.29851e-05	 -0.987041	 -0.00108255	 0.286329	 -0.000533182
45.1	 -0.0319296	 -8.37936e-05	 -0.986444	 -0.00106698	 0.298732	 -0.000542543
45.12	 -0.0319321	 -8.447e-05	 -0.985793	 -0.00105129	 0.311246	 -0.000551526
45.14	 -0.031925	 -8.50132e-05	 -0.985091	 -0.0010355	 0.323874	 -0.000560119
45.16	 -0.0319087	 -8.54224e-05	 -0.984344	 -0.00101962	 0.336619	 -0.00056831
45.18	 -0.0318839	 -8.56969e-05	 -0.983556	 -0.00100368	 0.349482	 -0.000576087
45.2	 -0.0318511	 -8.58361e-05	 -0.982729	 -0.000987705	 0.362466	 -0.00058344
45.22	 -0.0318108	 -8.584e-05	 -0.981869	 -0.000971704	 0.375573	 -0.000590359
45.24	 -0.0317636	 -8.57084e-05	 -0.980978	 -0.000955703	 0.388807	 -0.000596834
45.26	 -0.0317101	 -8.54418e-05	 -0.980061	 -0.00093972	 0.402168	 -0.000602855
45.28	 -0.031651	 -8.50406e-05	 -0.979122	 -0.000923776	 0.415661	 -0.000608415
45.3	 -0.0315868	 -8.45054e-05	 -0.978164	 -0.000907892	 0.429286	 -0.000613503
45.32	 -0.0315181	 -8.38373e-05	 -0.97719	 -0.000892087	 0.443047	 -0.000618113
45.34	 -0.0314456	 -8.30374e-05	 -0.976203	 -0.000876381	 0.456945	 -0.000622238
45.36	 -0.0313698	 -8.21072e-05	 -0.975208	 -0.000860794	 0.470983	 -0.000625871
45.38	 -0.0312914	 -8.10481e-05	 -0.974207	 -0.000845347	 0.485163	 -0.000629006
45.4	 -0.031211	 -7.98622e-05	 -0.973203	 -0.000830058	 0.499486	 -0.000631638
45.42	 -0.0311292	 -7.85514e-05	 -0.972199	 -0.000814946	 0.513954	 -0.000633761
45.44	 -0.0310467	 -7.71179e-05	 -0.971197	 -0.000800031	 0.52857	 -0.000635372
45.46	 -0.0309639	 -7.55643e-05	 -0.970201	 -0.000785331	 0.543333	 -0.000636467
45.48	 -0.0308816	 -7.38932e-05	 -0.969212	 -0.000770864	 0.558247	 -0.000637044
45.5	 -0.0308004	 -7.21075e-05	 -0.968233	 -0.000756649	 0.573312	 -0.000637098
45.52	 -0.0307207	 -7.02102e-05	 -0.967266	 -0.000742703	 0.588529	 -0.00063663
45.54	 -0.0306433	 -6.82045e-05	 -0.966313	 -0.000729043	 0.603898	 -0.000635638
45.56	 -0.0305686	 -6.60938e-05	 -0.965376	 -0.000715686	 0.619422	 -0.000634122
45.58	 -0.0304972	 -6.38818e-05	 -0.964455	 -0.000702649	 0.635099	 -0.000632081
45.6	 -0.0304297	 -6.15721e-05	 -0.963553	 -0.000689946	 0.65093	 -0.000629518
45.62	 -0.0303665	 -5.91687e-05	 -0.962671	 -0.000677594	 0.666916	 -0.000626433
45.64	 -0.0303083	 -5.66756e-05	 -0.96181	 -0.000665606	 0.683056	 -0.000622828
45.66	 -0.0302555	 -5.4097e-05	 -0.960971	 -0.000653997	 0.69935	 -0.000618707
45.68	 -0.0302085	 -5.14373e-05	 -0.960154	 -0.000642781	 0.715796	 -0.000614073
45.7	 -0.0301679	 -4.87008e-05	 -0.95936	 -0.00063197	 0.732395	 -0.00060893
45.72	 -0.0301341	 -4.58922e-05	 -0.958589	 -0.000621576	 0.749146	 -0.000603283
45.74	 -0.0301075	 -4.30162e-05	 -0.957842	 -0.000611612	 0.766046	 -0.000597137
45.76	 -0.0300885	 -4.00775e-05	 -0.957118	 -0.000602088	 0.783094	 -0.000590499
45.78	 -0.0300776	 -3.70809e-05	 -0.956417	 -0.000593013	 0.800289	 -0.000583376
45.8	 -0.030075	 -3.40316e-05	 -0.955739	 -0.000584399	 0.817628	 -0.000575774
45.82	 -0.0300812	 -3.09344e-05	 -0.955083	 -0.000576252	 0.835109	 -0.000567702
45.84	 -0.0300964	 -2.77946e-05	 -0.954449	 -0.000568582	 0.852729	 -0.000559168
45.86	 -0.030121	 -2.46172e-05	 -0.953835	 -0.000561395	 0.870487	 -0.000550182
45.88	 -0.0301552	 -2.14075e-05	 -0.953241	 -0.000554698	 0.888377	 -0.000540752
45.9	 -0.0301993	 -1.81707e-05	 -0.952664	 -0.000548497	 0.906398	 -0.000530891
45.92	 -0.0302535	 -1.49121e-05	 -0.952105	 -0.000542796	 0.924546	 -0.000520607
45.94	 -0.030318	 -1.1637e-05	 -0.95156	 -0.000537599	 0.942817	 -0.000509914
45.96	 -0.030393	 -8.35067e-06	 -0.951029	 -0.00053291	 0.961206	 -0.000498823
45.98	 -0.0304787	 -5.05847e-06	 -0.95051	 -0.00052873	 0.979711	 -0.000487346
46	 -0.0305752	 -1.76567e-06	 -0.95	 -0.000525063	 0.998325	 -0.000475496
46.02	 -0.0306826	 1.52244e-06	 -0.949497	 -0.000521907	 1.01704	 -0.000463287
46.04	 -0.030801	 4.8006e-06	 -0.948999	 -0.000519263	 1.03586	 -0.000450734
46.06	 -0.0309304	 8.06359e-06	 -0.948503	 -0.000517131	 1.05478	 -0.00043785
46.08	 -0.031071	 1.13062e-05	 -0.948008	 -0.000515508	 1.07378	 -0.00042465
46.1	 -0.0312226	 1.45234e-05	 -0.947509	 -0.000514392	 1.09287	 -0.000411149
46.12	 -0.0313854	 1.771e-05	 -0.947005	 -0.00051378	 1.11204	 -0.000397364
46.14	 -0.0315591	 2.08611e-05	 -0.946493	 -0.000513667	 1.13128	 -0.00038331
46.16	 -0.0317439	 2.39718e-05	 -0.945969	 -0.000514048	 1.15058	 -0.000369004
46.18	 -0.0319397	 2.70372e-05	 -0.94543	 -0.000514918	 1.16994	 -0.000354463
46.2	 -0.0321462	 3.00526e-05	 -0.944873	 -0.00051627	 1.18936	 -0.000339703
46.22	 -0.0323634	 3.30133e-05	 -0.944295	 -0.000518097	 1.20882	 -0.000324742
46.24	 -0.0325912	 3.59149e-05	 -0.943693	 -0.000520391	 1.22832	 -0.000309598
46.26	 -0.0328293	 3.8753e-05	 -0.943062	 -0.000523142	 1.24785	 -0.000294288
46.28	 -0.0330776	 4.15232e-05	 -0.942401	 -0.000526342	 1.26741	 -0.000278831
46.3	 -0.0333359	 4.42215e-05	 -0.941705	 -0.000529979	 1.28698	 -0.000263244
46.32	 -0.0336039	 4.68438e-05	 -0.94097	 -0.000534044	 1.30656	 -0.000247548
46.34	 -0.0338815	 4.93863e-05	 -0.940193	 -0.000538524	 1.32614	 -0.000231759
46.36	 -0.0341683	 5.18453e-05	 -0.939371	 -0.000543407	 1.34572	 -0.000215897
46.38	 -0.034464	 5.42173e-05	 -0.9385	 -0.000548681	 1.36528	 -0.000199981
46.4	 -0.0347684	 5.64987e-05	 -0.937576	 -0.000554331	 1.38482	 -0.00018403
46.42	 -0.0350811	 5.86866e-05	 -0.936596	 -0.000560343	 1.40433	 -0.000168062
46.44	 -0.0354018	 6.07777e-05	 -0.935556	 -0.000566703	 1.42379	 -0.000152097
46.46	 -0.0357302	 6.27693e-05	 -0.934453	 -0.000573396	 1.44321	 -0.000136154
46.48	 -0.0360659	 6.46587e-05	 -0.933283	 -0.000580405	 1.46258	 -0.000120252
46.5	 -0.0364085	 6.64433e-05	 -0.932043	 -0.000587714	 1.48188	 -0.00010441
46.52	 -0.0367577	 6.8121e-05	 -0.930729	 -0.000595307	 1.50111	 -8.86466e-05
46.54	 -0.037113	 6.96895e-05	 -0.929338	 -0.000603167	 1.52025	 -7.2981e-05
46.56	 -0.0374741	 7.1147e-05	 -0.927866	 -0.000611275	 1.53931	 -5.7432e-05
46.58	 -0.0378406	 7.24917e-05	 -0.926311	 -0.000619614	 1.55826	 -4.2018e-05
46.6	 -0.0382119	 7.37222e-05	 -0.92467	 -0.000628165	 1.57711	 -2.67575e-05
46.62	 -0.0385878	 7.48371e-05	 -0.922938	 -0.000636911	 1.59585	 -1.16689e-05
46.64	 -0.0389677	 7.58354e-05	 -0.921114	 -0.00064583	 1.61445	 3.22975e-06
46.66	 -0.0393513	 7.67161e-05	 -0.919195	 -0.000654906	 1.63293	 1.79207e-05
46.68	 -0.039738	 7.74786e-05	 -0.917177	 -0.000664117	 1.65126	 3.23863e-05
46.7	 -0.0401275	 7.81223e-05	 -0.915058	 -0.000673445	 1.66944	 4.66093e-05
46.72	 -0.0405193	 7.8647e-05	 -0.912836	 -0.00068287	 1.68746	 6.05727e-05
46.74	 -0.0409129	 7.90526e-05	 -0.910508	 -0.000692371	 1.70532	 7.42596e-05
46.76	 -0.0413079	 7.93392e-05	 -0.908073	 -0.000701929	 1.72299	 8.76538e-05
46.78	 -0.0417039	 7.95071e-05	 -0.905527	 -0.000711523	 1.74049	 0.000100739
46.8	 -0.0421003	 7.95569e-05	 -0.90287	 -0.000721134	 1.75779	 0.0001135
46.82	 -0.0424968	 7.94893e-05	 -0.900099	 -0.000730741	 1.77488	 0.000125922
46.84	 -0.0428929	 7.93053e-05	 -0.897213	 -0.000740324	 1.79177	 0.000137989
46.86	 -0.0432881	 7.90059e-05	 -0.894211	 -0.000749863	 1.80844	 0.000149687
46.88	 -0.043682	 7.85924e-05	 -0.891091	 -0.000759338	 1.82489	 0.000161002
46.9	 -0.0440743	 7.80664e-05	 -0.887852	 -0.000768729	 1.8411	 0.000171921
46.92	 -0.0444644	 7.74295e-05	 -0.884493	 -0.000778017	 1.85707	 0.000182431
46.94	 -0.0448519	 7.66836e-05	 -0.881014	 -0.000787182	 1.8728	 0.000192519
46.96	 -0.0452365	 7.58307e-05	 -0.877414	 -0.000796205	 1.88826	 0.000202173
46.98	 -0.0456176	 7.4873e-05	 -0.873693	 -0.000805067	 1.90346	 0.000211382
47	 -0.0459951	 7.38129e-05	 -0.869851	 -0.000813749	 1.9184	 0.000220135
47.02	 -0.0463683	 7.26529e-05	 -0.865888	 -0.000822233	 1.93305	 0.000228422
47.04	 -0.046737	 7.13958e-05	 -0.861804	 -0.0008305	 1.94742	 0.000236233
47.06	 -0.0471009	 7.00442e-05	 -0.857599	 -0.000838534	 1.96149	 0.000243558
47.08	 -0.0474595	 6.86013e-05	 -0.853275	 -0.000846317	 1.97527	 0.00025039
47.1	 -0.0478125	 6.70701e-05	 -0.848832	 -0.000853831	 1.98874	 0.00025672
47.12	 -0.0481595	 6.54539e-05	 -0.844272	 -0.000861061	 2.0019	 0.000262541
47.14	 -0.0485004	 6.3756e-05	 -0.839595	 -0.000867991	 2.01474	 0.000267846
47.16	 -0.0488347	 6.19799e-05	 -0.834804	 -0.000874606	 2.02726	 0.000272629
47.18	 -0.0491621	 6.01293e-05	 -0.829899	 -0.00088089	 2.03945	 0.000276886
47.2	 -0.0494825	 5.82077e-05	 -0.824884	 -0.00088683	 2.05131	 0.00028061
47.22	 -0.0497955	 5.6219e-05	 -0.819759	 -0.000892412	 2.06282	 0.000283798
47.24	 -0.0501008	 5.41671e-05	 -0.814528	 -0.000897623	 2.07399	 0.000286446
47.26	 -0.0503984	 5.20559e-05	 -0.809192	 -0.00090245	 2.08481	 0.000288552
47.28	 -0.0506878	 4.98895e-05	 -0.803756	 -0.000906882	 2.09527	 0.000290114
47.3	 -0.050969	 4.76719e-05	 -0.798221	 -0.000910908	 2.10537	 0.00029113
47.32	 -0.0512417	 4.54073e-05	 -0.79259	 -0.000914518	 2.11511	 0.0002916
47.34	 -0.0515058	 4.30998e-05	 -0.786868	 -0.000917702	 2.12447	 0.000291524
47.36	 -0.0517611	 4.07538e-05	 -0.781056	 -0.000920451	 2.13347	 0.000290901
47.38	 -0.0520074	 3.83734e-05	 -0.77516	 -0.000922757	 2.14208	 0.000289735
47.4	 -0.0522447	 3.5963e-05	 -0.769183	 -0.000924614	 2.15032	 0.000288026
47.42	 -0.0524729	 3.35269e-05	 -0.763129	 -0.000926013	 2.15817	 0.000285777
47.44	 -0.0526918	 3.10694e-05	 -0.757001	 -0.000926951	 2.16563	 0.000282992
47.46	 -0.0529013	 2.85947e-05	 -0.750805	 -0.000927421	 2.1727	 0.000279675
47.48	 -0.0531014	 2.61072e-05	 -0.744545	 -0.00092742	 2.17937	 0.000275832
47.5	 -0.053292	 2.36112e-05	 -0.738225	 -0.000926945	 2.18565	 0.000271466
47.52	 -0.0534732	 2.1111e-05	 -0.73185	 -0.000925993	 2.19153	 0.000266584
47.54	 -0.0536448	 1.86107e-05	 -0.725425	 -0.000924563	 2.19701	 0.000261194
47.56	 -0.0538069	 1.61145e-05	 -0.718956	 -0.000922653	 2.20208	 0.000255303
47.58	 -0.0539595	 1.36267e-05	 -0.712446	 -0.000920265	 2.20675	 0.000248918
47.6	 -0.0541025	 1.11512e-05	 -0.705901	 -0.000917399	 2.21101	 0.000242049
47.62	 -0.0542361	 8.69209e-06	 -0.699327	 -0.000914057	 2.21486	 0.000234705
47.64	 -0.0543602	 6.25336e-06	 -0.692729	 -0.000910242	 2.2183	 0.000226896
47.66	 -0.0544749	 3.83885e-06	 -0.686112	 -0.000905957	 2.22132	 0.000218632
47.68	 -0.0545803	 1.45237e-06	 -0.679482	 -0.000901207	 2.22394	 0.000209925
47.7	 -0.0546764	 -9.02381e-07	 -0.672845	 -0.000895998	 2.22614	 0.000200787
47.72	 -0.0547634	 -3.2218e-06	 -0.666206	 -0.000890335	 2.22792	 0.00019123
47.74	 -0.0548413	 -5.50236e-06	 -0.659571	 -0.000884225	 2.22929	 0.000181267
47.76	 -0.0549102	 -7.74068e-06	 -0.652946	 -0.000877677	 2.23025	 0.000170912
47.78	 -0.0549703	 -9.93345e-06	 -0.646337	 -0.000870698	 2.23079	 0.000160179
47.8	 -0.0550216	 -1.20775e-05	 -0.639749	 -0.000863299	 2.23091	 0.000149082
47.82	 -0.0550643	 -1.41698e-05	 -0.633188	 -0.000855488	 2.23062	 0.000137636
47.84	 -0.0550985	 -1.62074e-05	 -0.62666	 -0.000847278	 2.22992	 0.000125858
47.86	 -0.0551244	 -1.81875e-05	 -0.620171	 -0.000838681	 2.2288	 0.000113762
47.88	 -0.055142	 -2.01074e-05	 -0.613727	 -0.000829707	 2.22726	 0.000101366
47.9	 -0.0551516	 -2.19647e-05	 -0.607333	 -0.000820371	 2.22532	 8.86871e-05
47.92	 -0.0551533	 -2.3757e-05	 -0.600996	 -0.000810686	 2.22296	 7.57415e-05
47.94	 -0.0551473	 -2.54819e-05	 -0.594721	 -0.000800666	 2.22019	 6.25475e-05
47.96	 -0.0551336	 -2.71375e-05	 -0.588513	 -0.000790328	 2.21701	 4.91232e-05
47.98	 -0.0551125	 -2.87218e-05	 -0.582379	 -0.000779685	 2.21343	 3.54868e-05
48	 -0.0550841	 -3.0233e-05	 -0.576324	 -0.000768756	 2.20944	 2.16573e-05
48.02	 -0.0550486	 -3.16695e-05	 -0.570352	 -0.000757555	 2.20504	 7.65366e-06
48.04	 -0.0550062	 -3.30298e-05	 -0.564471	 -0.000746102	 2.20024	 -6.50486e-06
48.06	 -0.0549569	 -3.43127e-05	 -0.558685	 -0.000734413	 2.19504	 -2.07987e-05
48.08	 -0.054901	 -3.55169e-05	 -0.552998	 -0.000722507	 2.18944	 -3.5208e-05
48.1	 -0.0548386	 -3.66414e-05	 -0.547417	 -0.000710402	 2.18345	 -4.97128e-05
48.12	 -0.0547698	 -3.76855e-05	 -0.541946	 -0.000698119	 2.17706	 -6.42931e-05
48.14	 -0.0546949	 -3.86484e-05	 -0.53659	 -0.000685675	 2.17028	 -7.89283e-05
48.16	 -0.0546138	 -3.95297e-05	 -0.531354	 -0.000673092	 2.16311	 -9.35982e-05
48.18	 -0.0545269	 -4.0329e-05	 -0.526242	 -0.000660389	 2.15555	 -0.000108282
48.2	 -0.0544342	 -4.1046e-05	 -0.521259	 -0.000647587	 2.14762	 -0.00012296
48.22	 -0.0543358	 -4.16809e-05	 -0.516409	 -0.000634706	 2.1393	 -0.00013761
48.24	 -0.054232	 -4.22336e-05	 -0.511695	 -0.000621767	 2.1306	 -0.000152213
48.26	 -0.0541227	 -4.27044e-05	 -0.507123	 -0.000608792	 2.12153	 -0.000166747
48.28	 -0.054008	 -4.30939e-05	 -0.502695	 -0.000595801	 2.11209	 -0.000181192
48.3	 -0.0538882	 -4.34025e-05	 -0.498416	 -0.000582815	 2.10228	 -0.000195527
48.32	 -0.0537633	 -4.3631e-05	 -0.494288	 -0.000569857	 2.0921	 -0.000209732
48.34	 -0.0536333	 -4.37803e-05	 -0.490315	 -0.000556946	 2.08157	 -0.000223787
48.36	 -0.0534984	 -4.38513e-05	 -0.4865	 -0.000544105	 2.07068	 -0.000237672
48.38	 -0.0533586	 -4.38453e-05	 -0.482845	 -0.000531355	 2.05943	 -0.000251366
48.4	 -0.053214	 -4.37635e-05	 -0.479354	 -0.000518716	 2.04784	 -0.000264849
48.42	 -0.0530646	 -4.36073e-05	 -0.476028	 -0.000506209	 2.03589	 -0.000278103
48.44	 -0.0529105	 -4.33783e-05	 -0.47287	 -0.000493856	 2.02361	 -0.000291108
48.46	 -0.0527516	 -4.30781e-05	 -0.469882	 -0.000481677	 2.01099	 -0.000303844
48.48	 -0.052588	 -4.27086e-05	 -0.467066	 -0.000469692	 1.99803	 -0.000316293
48.5	 -0.0524198	 -4.22716e-05	 -0.464423	 -0.000457921	 1.98474	 -0.000328438
48.52	 -0.0522469	 -4.17692e-05	 -0.461954	 -0.000446384	 1.97113	 -0.000340259
48.54	 -0.0520692	 -4.12035e-05	 -0.459661	 -0.0004351	 1.95719	 -0.000351739
48.56	 -0.0518869	 -4.05767e-05	 -0.457545	 -0.000424088	 1.94294	 -0.000362862
48.58	 -0.0516997	 -3.98911e-05	 -0.455606	 -0.000413367	 1.92837	 -0.00037361
48.6	 -0.0515078	 -3.91491e-05	 -0.453844	 -0.000402955	 1.91349	 -0.000383967
48.62	 -0.0513111	 -3.83533e-05	 -0.452261	 -0.00039287	 1.89831	 -0.000393917
48.64	 -0.0511095	 -3.75062e-05	 -0.450856	 -0.000383128	 1.88283	 -0.000403445
48.66	 -0.0509029	 -3.66105e-05	 -0.449628	 -0.000373746	 1.86706	 -0.000412537
48.68	 -0.0506912	 -3.56689e-05	 -0.448578	 -0.000364741	 1.85099	 -0.000421178
48.7	 -0.0504745	 -3.46842e-05	 -0.447704	 -0.000356128	 1.83463	 -0.000429355
48.72	 -0.0502525	 -3.36591e-05	 -0.447007	 -0.000347922	 1.818	 -0.000437055
48.74	 -0.0500253	 -3.25967e-05	 -0.446485	 -0.000340136	 1.80109	 -0.000444265
48.76	 -0.0497926	 -3.14998e-05	 -0.446136	 -0.000332784	 1.7839	 -0.000450973
48.78	 -0.0495544	 -3.03713e-05	 -0.44596	 -0.00032588	 1.76645	 -0.000457169
48.8	 -0.0493107	 -2.92144e-05	 -0.445954	 -0.000319435	 1.74874	 -0.000462843
48.82	 -0.0490611	 -2.80319e-05	 -0.446118	 -0.000313461	 1.73077	 -0.000467984
48.84	 -0.0488058	 -2.68269e-05	 -0.446448	 -0.000307967	 1.71255	 -0.000472583
48.86	 -0.0485444	 -2.56025e-05	 -0.446942	 -0.000302964	 1.69408	 -0.000476633
48.88	 -0.0482769	 -2.43618e-05	 -0.447599	 -0.000298461	 1.67537	 -0.000480126
48.9	 -0.0480031	 -2.31077e-05	 -0.448416	 -0.000294466	 1.65643	 -0.000483056
48.92	 -0.0477229	 -2.18433e-05	 -0.44939	 -0.000290986	 1.63725	 -0.000485415
48.94	 -0.0474362	 -2.05716e-05	 -0.450517	 -0.000288028	 1.61785	 -0.0004872
48.96	 -0.0471428	 -1.92957e-05	 -0.451796	 -0.000285597	 1.59823	 -0.000488405
48.98	 -0.0468425	 -1.80185e-05	 -0.453223	 -0.000283698	 1.5784	 -0.000489027
49	 -0.0465353	 -1.67429e-05	 -0.454795	 -0.000282334	 1.55836	 -0.000489064
49.02	 -0.046221	 -1.54719e-05	 -0.456507	 -0.00028151	 1.53811	 -0.000488514
49.04	 -0.0458994	 -1.42085e-05	 -0.458357	 -0.000281226	 1.51766	 -0.000487374
49.06	 -0.0455703	 -1.29553e-05	 -0.460341	 -0.000281485	 1.49703	 -0.000485646
49.08	 -0.0452338	 -1.17152e-05	 -0.462455	 -0.000282287	 1.4762	 -0.000483328
49.1	 -0.0448895	 -1.04909e-05	 -0.464695	 -0.000283631	 1.4552	 -0.000480424
49.12	 -0.0445375	 -9.28519e-06	 -0.467057	 -0.000285516	 1.43402	 -0.000476934
49.14	 -0.0441775	 -8.10055e-06	 -0.469537	 -0.000287941	 1.41268	 -0.000472862
49.16	 -0.0438094	 -6.93957e-06	 -0.472131	 -0.000290902	 1.39117	 -0.000468212
49.18	 -0.0434332	 -5.80471e-06	 -0.474834	 -0.000294395	 1.3695	 -0.000462988
49.2	 -0.0430487	 -4.69836e-06	 -0.477643	 -0.000298417	 1.34768	 -0.000457195
49.22	 -0.0426559	 -3.62282e-06	 -0.480552	 -0.000302961	 1.32572	 -0.00045084
49.24	 -0.0422545	 -2.58031e-06	 -0.483558	 -0.000308021	 1.30362	 -0.000443929
49.26	 -0.0418447	 -1.57296e-06	 -0.486656	 -0.000313591	 1.28139	 -0.000436471
49.28	 -0.0414263	 -6.02803e-07	 -0.489841	 -0.000319662	 1.25903	 -0.000428474
49.3	 -0.0409991	 3.28215e-07	 -0.49311	 -0.000326226	 1.23656	 -0.000419947
49.32	 -0.0405633	 1.21826e-06	 -0.496456	 -0.000333274	 1.21397	 -0.000410901
49.34	 -0.0401188	 2.06558e-06	 -0.499877	 -0.000340796	 1.19127	 -0.000401345
49.36	 -0.0396655	 2.86856e-06	 -0.503366	 -0.000348781	 1.16847	 -0.000391293
49.38	 -0.0392034	 3.62567e-06	 -0.506921	 -0.000357217	 1.14559	 -0.000380755
49.4	 -0.0387326	 4.33548e-06	 -0.510535	 -0.000366094	 1.12261	 -0.000369745
49.42	 -0.0382531	 4.99669e-06	 -0.514206	 -0.000375397	 1.09956	 -0.000358277
49.44	 -0.0377648	 5.60812e-06	 -0.517928	 -0.000385114	 1.07643	 -0.000346365
49.46	 -0.037268	 6.16867e-06	 -0.521697	 -0.00039523	 1.05324	 -0.000334024
49.48	 -0.0367625	 6.67738e-06	 -0.525508	 -0.000405732	 1.02999	 -0.000321269
49.5	 -0.0362487	 7.13341e-06	 -0.529358	 -0.000416605	 1.0067	 -0.000308117
49.52	 -0.0357264	 7.536e-06	 -0.533242	 -0.000427833	 0.983352	 -0.000294585
49.54	 -0.0351959	 7.88456e-06	 -0.537155	 -0.000439399	 0.959973	 -0.00028069
49.56	 -0.0346573	 8.17856e-06	 -0.541095	 -0.000451289	 0.936564	 -0.000266449
49.58	 -0.0341108	 8.41762e-06	 -0.545056	 -0.000463484	 0.913135	 -0.000251882
49.6	 -0.0335565	 8.60147e-06	 -0.549036	 -0.000475968	 0.889692	 -0.000237006
49.62	 -0.0329947	 8.72995e-06	 -0.553029	 -0.000488724	 0.866243	 -0.000221843
49.64	 -0.0324255	 8.80303e-06	 -0.557033	 -0.000501733	 0.842796	 -0.00020641
49.66	 -0.0318493	 8.82078e-06	 -0.561043	 -0.000514977	 0.819359	 -0.000190729
49.68	 -0.0312662	 8.78339e-06	 -0.565057	 -0.000528438	 0.79594	 -0.00017482
49.7	 -0.0306766	 8.69116e-06	 -0.569071	 -0.000542098	 0.772546	 -0.000158705
49.72	 -0.0300807	 8.54451e-06	 -0.573082	 -0.000555937	 0.749186	 -0.000142403
49.74	 -0.0294789	 8.34395e-06	 -0.577086	 -0.000569936	 0.725869	 -0.000125938
49.76	 -0.0288716	 8.09011e-06	 -0.581081	 -0.000584077	 0.702602	 -0.00010933
49.78	 -0.0282589	 7.78372e-06	 -0.585063	 -0.00059834	 0.679395	 -9.26026e-05
49.8	 -0.0276415	 7.42564e-06	 -0.589031	 -0.000612705	 0.656255	 -7.57771e-05
49.82	 -0.0270196	 7.01678e-06	 -0.592981	 -0.000627154	 0.633191	 -5.88764e-05
49.84	 -0.0263937	 6.55819e-06	 -0.596911	 -0.000641667	 0.610211	 -4.1923e-05
49.86	 -0.0257642	 6.051e-06	 -0.600819	 -0.000656225	 0.587326	 -2.49398e-05
49.88	 -0.0251315	 5.49643e-06	 -0.604703	 -0.000670808	 0.564542	 -7.9495e-06
49.9	 -0.0244962	 4.8958e-06	 -0.608561	 -0.000685397	 0.54187	 9.0249e-06
49.92	 -0.0238588	 4.2505e-06	 -0.61239	 -0.000699973	 0.519319	 2.59605e-05
49.94	 -0.0232197	 3.56201e-06	 -0.61619	 -0.000714517	 0.496896	 4.28344e-05
49.96	 -0.0225795	 2.83189e-06	 -0.619958	 -0.00072901	 0.474612	 5.96236e-05
49.98	 -0.0219387	 2.06179e-06	 -0.623694	 -0.000743434	 0.452475	 7.63055e-05
50	 -0.0212978	 1.2534e-06	 -0.627397	 -0.000757769	 0.430495	 9.28572e-05
50.02	 -0.0206576	 4.08501e-07	 -0.631064	 -0.000771999	 0.408681	 0.000109256
50.04	 -0.0200185	 -4.71067e-07	 -0.634696	 -0.000786105	 0.387042	 0.00012548
50.06	 -0.0193811	 -1.38341e-06	 -0.638291	 -0.000800069	 0.365588	 0.000141507
50.08	 -0.0187461	 -2.32657e-06	 -0.64185	 -0.000813875	 0.344328	 0.000157314
50.1	 -0.0181141	 -3.29854e-06	 -0.645371	 -0.000827506	 0.323271	 0.00017288
50.12	 -0.0174857	 -4.29727e-06	 -0.648854	 -0.000840944	 0.302426	 0.000188183
50.14	 -0.0168617	 -5.32067e-06	 -0.6523	 -0.000854174	 0.281805	 0.000203203
50.16	 -0.0162425	 -6.36659e-06	 -0.655708	 -0.000867181	 0.261414	 0.000217919
50.18	 -0.015629	 -7.43288e-06	 -0.659079	 -0.000879949	 0.241265	 0.000232309
50.2	 -0.0150217	 -8.51732e-06	 -0.662412	 -0.000892463	 0.221367	 0.000246355
50.22	 -0.0144214	 -9.61771e-06	 -0.665708	 -0.000904709	 0.201728	 0.000260036
50.24	 -0.0138287	 -1.07318e-05	 -0.668969	 -0.000916674	 0.182359	 0.000273334
50.26	 -0.0132444	 -1.18573e-05	 -0.672194	 -0.000928345	 0.163268	 0.000286229
50.28	 -0.0126691	 -1.29919e-05	 -0.675384	 -0.000939708	 0.144465	 0.000298704
50.3	 -0.0121035	 -1.41335e-05	 -0.67854	 -0.000950751	 0.12596	 0.00031074
50.32	 -0.0115483	 -1.52796e-05	 -0.681664	 -0.000961464	 0.107762	 0.000322322
50.34	 -0.0110043	 -1.6428e-05	 -0.684756	 -0.000971835	 0.0898788	 0.000333432
50.36	 -0.010472	 -1.75764e-05	 -0.687819	 -0.000981854	 0.0723207	 0.000344054
50.38	 -0.00995222	 -1.87226e-05	 -0.690852	 -0.000991511	 0.0550964	 0.000354174
50.4	 -0.0094456	 -1.98643e-05	 -0.693858	 -0.0010008	 0.0382148	 0.000363777
50.42	 -0.00895282	 -2.09992e-05	 -0.696839	 -0.00100971	 0.0216848	 0.000372848
50.44	 -0.00847457	 -2.21252e-05	 -0.699795	 -0.00101823	 0.00551496	 0.000381374
50.46	 -0.00801149	 -2.32401e-05	 -0.70273	 -0.00102635	 -0.0102861	 0.000389344
50.48	 -0.00756425	 -2.43416e-05	 -0.705643	 -0.00103408	 -0.02571	 0.000396744
50.5	 -0.00713349	 -2.54277e-05	 -0.708538	 -0.0010414	 -0.0407484	 0.000403565
50.52	 -0.00671983	 -2.64964e-05	 -0.711417	 -0.00104831	 -0.0553932	 0.000409795
50.54	 -0.0063239	 -2.75454e-05	 -0.714281	 -0.0010548	 -0.0696364	 0.000415426
50.56	 -0.00594629	 -2.8573e-05	 -0.717132	 -0.00106088	 -0.0834703	 0.000420447
50.58	 -0.0055876	 -2.9577e-05	 -0.719972	 -0.00106653	 -0.0968872	 0.000424852
50.6	 -0.0052484	 -3.05556e-05	 -0.722804	 -0.00107176	 -0.10988	 0.000428633
50.62	 -0.00492924	 -3.15071e-05	 -0.72563	 -0.00107656	 -0.122441	 0.000431783
50.64	 -0.00463065	 -3.24295e-05	 -0.728452	 -0.00108093	 -0.134563	 0.000434298
50.66	 -0.00435315	 -3.33212e-05	 -0.731271	 -0.00108488	 -0.14624	 0.000436171
50.68	 -0.00409723	 -3.41805e-05	 -0.734091	 -0.0010884	 -0.157465	 0.0004374
50.7	 -0.00386335	 -3.50058e-05	 -0.736913	 -0.0010915	 -0.168232	 0.000437982
50.72	 -0.00365197	 -3.57957e-05	 -0.73974	 -0.00109417	 -0.178535	 0.000437913
50.74	 -0.0034635	 -3.65487e-05	 -0.742573	 -0.00109642	 -0.188368	 0.000437193
50.76	 -0.00329835	 -3.72634e-05	 -0.745415	 -0.00109825	 -0.197725	 0.000435822
50.78	 -0.00315687	 -3.79386e-05	 -0.748268	 -0.00109967	 -0.206602	 0.000433798
50.8	 -0.00303941	 -3.85729e-05	 -0.751134	 -0.00110068	 -0.214993	 0.000431124
50.82	 -0.00294629	 -3.91654e-05	 -0.754016	 -0.00110128	 -0.222894	 0.000427801
50.84	 -0.00287778	 -3.97149e-05	 -0.756914	 -0.00110148	 -0.2303	 0.000423833
50.86	 -0.00283414	 -4.02206e-05	 -0.759831	 -0.00110129	 -0.237208	 0.000419222
50.88	 -0.0028156	 -4.06814e-05	 -0.762768	 -0.00110071	 -0.243613	 0.000413974
50.9	 -0.00282235	 -4.10967e-05	 -0.765729	 -0.00109975	 -0.249513	 0.000408093
50.92	 -0.00285454	 -4.14658e-05	 -0.768714	 -0.00109843	 -0.254904	 0.000401586
50.94	 -0.0029123	 -4.1788e-05	 -0.771725	 -0.00109674	 -0.259784	 0.000394459
50.96	 -0.00299573	 -4.20628e-05	 -0.774763	 -0.00109469	 -0.26415	 0.00038672
50.98	 -0.00310489	 -4.22898e-05	 -0.777831	 -0.0010923	 -0.268	 0.000378378
51	 -0.0032398	 -4.24687e-05	 -0.780929	 -0.00108958	 -0.271332	 0.000369442
51.02	 -0.00340046	 -4.25993e-05	 -0.784059	 -0.00108654	 -0.274146	 0.000359922
51.04	 -0.00358682	 -4.26813e-05	 -0.787223	 -0.00108318	 -0.276441	 0.000349828
51.06	 -0.00379881	 -4.27147e-05	 -0.79042	 -0.00107952	 -0.278215	 0.000339172
51.08	 -0.00403631	 -4.26995e-05	 -0.793653	 -0.00107557	 -0.279469	 0.000327966
51.1	 -0.00429918	 -4.26359e-05	 -0.796921	 -0.00107134	 -0.280202	 0.000316222
51.12	 -0.00458723	 -4.25241e-05	 -0.800227	 -0.00106685	 -0.280416	 0.000303955
51.14	 -0.00490026	 -4.23643e-05	 -0.80357	 -0.0010621	 -0.280111	 0.000291178
51.16	 -0.005238	 -4.2157e-05	 -0.806951	 -0.00105712	 -0.279288	 0.000277906
51.18	 -0.00560017	 -4.19027e-05	 -0.810371	 -0.00105191	 -0.277949	 0.000264155
51.2	 -0.00598644	 -4.16018e-05	 -0.813829	 -0.00104648	 -0.276097	 0.00024994
51.22	 -0.00639647	 -4.12551e-05	 -0.817327	 -0.00104086	 -0.273732	 0.000235277
51.24	 -0.00682987	 -4.08632e-05	 -0.820863	 -0.00103506	 -0.27086	 0.000220185
51.26	 -0.00728621	 -4.04269e-05	 -0.824438	 -0.00102908	 -0.267481	 0.000204679
51.28	 -0.00776503	 -3.99473e-05	 -0.828051	 -0.00102296	 -0.2636	 0.00018878
51.3	 -0.00826585	 -3.94251e-05	 -0.831703	 -0.00101669	 -0.259221	 0.000172503
51.32	 -0.00878816	 -3.88615e-05	 -0.835392	 -0.00101029	 -0.254347	 0.00015587
51.34	 -0.0093314	 -3.82575e-05	 -0.839118	 -0.00100378	 -0.248984	 0.000138898
51.36	 -0.00989498	 -3.76144e-05	 -0.842881	 -0.000997179	 -0.243136	 0.000121608
51.38	 -0.0104783	 -3.69334e-05	 -0.846678	 -0.000990495	 -0.236809	 0.00010402
51.4	 -0.0110807	 -3.62157e-05	 -0.85051	 -0.000983744	 -0.230007	 8.61541e-05
51.42	 -0.0117016	 -3.54629e-05	 -0.854375	 -0.000976942	 -0.222737	 6.80308e-05
51.44	 -0.0123402	 -3.46762e-05	 -0.858271	 -0.000970103	 -0.215005	 4.96711e-05
51.46	 -0.0129959	 -3.38572e-05	 -0.862198	 -0.000963243	 -0.206817	 3.10963e-05
51.48	 -0.0136678	 -3.30075e-05	 -0.866153	 -0.000956375	 -0.19818	 1.23277e-05
51.5	 -0.0143553	 -3.21285e-05	 -0.870134	 -0.000949515	 -0.189102	 -6.61305e-06
51.52	 -0.0150575	 -3.12221e-05	 -0.874141	 -0.000942676	 -0.179589	 -2.57042e-05
51.54	 -0.0157736	 -3.02897e-05	 -0.87817	 -0.000935874	 -0.169649	 -4.4924e-05
51.56	 -0.0165028	 -2.93333e-05	 -0.882221	 -0.000929123	 -0.159291	 -6.42503e-05
51.58	 -0.0172442	 -2.83544e-05	 -0.88629	 -0.000922436	 -0.148521	 -8.36612e-05
51.6	 -0.017997	 -2.7355e-05	 -0.890375	 -0.000915826	 -0.137349	 -0.000103135
51.62	 -0.0187603	 -2.63368e-05	 -0.894473	 -0.000909309	 -0.125783	 -0.000122648
51.64	 -0.0195333	 -2.53017e-05	 -0.898583	 -0.000902895	 -0.113833	 -0.000142181
51.66	 -0.0203149	 -2.42515e-05	 -0.902701	 -0.0008966	 -0.101506	 -0.000161709
51.68	 -0.0211042	 -2.31881e-05	 -0.906825	 -0.000890434	 -0.0888116	 -0.000181212
51.7	 -0.0219005	 -2.21135e-05	 -0.910951	 -0.000884411	 -0.0757603	 -0.000200667
51.72	 -0.0227026	 -2.10295e-05	 -0.915077	 -0.000878541	 -0.062361	 -0.000220053
51.74	 -0.0235096	 -1.99381e-05	 -0.9192	 -0.000872838	 -0.0486235	 -0.000239347
51.76	 -0.0243207	 -1.88411e-05	 -0.923316	 -0.000867311	 -0.0345576	 -0.00025853
51.78	 -0.0251348	 -1.77405e-05	 -0.927422	 -0.000861973	 -0.0201733	 -0.000277579
51.8	 -0.025951	 -1.66382e-05	 -0.931515	 -0.000856832	 -0.00548074	 -0.000296473
51.82	 -0.0267682	 -1.55362e-05	 -0.935592	 -0.000851899	 0.00951	 -0.000315192
51.84	 -0.0275857	 -1.44362e-05	 -0.939648	 -0.000847184	 0.0247886	 -0.000333715
51.86	 -0.0284023	 -1.33402e-05	 -0.943681	 -0.000842695	 0.0403447	 -0.000352021
51.88	 -0.0292171	 -1.22501e-05	 -0.947687	 -0.000838441	 0.0561678	 -0.000370092
51.9	 -0.0300293	 -1.11677e-05	 -0.951662	 -0.000834431	 0.0722476	 -0.000387908
51.92	 -0.0308377	 -1.00947e-05	 -0.955603	 -0.000830672	 0.0885735	 -0.000405448
51.94	 -0.0316415	 -9.03301e-06	 -0.959506	 -0.000827171	 0.105135	 -0.000422696
51.96	 -0.0324398	 -7.98433e-06	 -0.963367	 -0.000823934	 0.121922	 -0.000439631
51.98	 -0.0332316	 -6.95037e-06	 -0.967182	 -0.000820969	 0.138923	 -0.000456237
52	 -0.0340161	 -5.9328e-06	 -0.970948	 -0.00081828	 0.156128	 -0.000472496
52.02	 -0.0347923	 -4.93325e-06	 -0.974661	 -0.000815872	 0.173527	 -0.00048839
52.04	 -0.0355593	 -3.95329e-06	 -0.978317	 -0.000813751	 0.191109	 -0.000503903
52.06	 -0.0363163	 -2.99445e-06	 -0.981912	 -0.000811921	 0.208864	 -0.00051902
52.08	 -0.0370624	 -2.05821e-06	 -0.985443	 -0.000810384	 0.226782	 -0.000533724
52.1	 -0.0377968	 -1.14599e-06	 -0.988906	 -0.000809144	 0.244852	 -0.000548
52.12	 -0.0385187	 -2.59166e-07	 -0.992296	 -0.000808204	 0.263064	 -0.000561834
52.14	 -0.0392273	 6.00972e-07	 -0.995611	 -0.000807565	 0.281408	 -0.000575213
52.16	 -0.0399219	 1.43318e-06	 -0.998847	 -0.000807229	 0.299875	 -0.000588122
52.18	 -0.0406016	 2.23629e-06	 -1.002	 -0.000807197	 0.318454	 -0.000600549
52.2	 -0.0412658	 3.0092e-06	 -1.00507	 -0.000807468	 0.337136	 -0.000612481
52.22	 -0.0419137	 3.75087e-06	 -1.00804	 -0.000808044	 0.355912	 -0.000623908
52.24	 -0.0425448	 4.46035e-06	 -1.01092	 -0.000808923	 0.374772	 -0.000634818
52.26	 -0.0431583	 5.13675e-06	 -1.01371	 -0.000810104	 0.393707	 -0.0006452
52.28	 -0.0437537	 5.77926e-06	 -1.01639	 -0.000811585	 0.412707	 -0.000655046
52.3	 -0.0443304	 6.38715e-06	 -1.01897	 -0.000813365	 0.431765	 -0.000664346
52.32	 -0.0448877	 6.95976e-06	 -1.02145	 -0.000815439	 0.450872	 -0.000673092
52.34	 -0.0454253	 7.49653e-06	 -1.02381	 -0.000817806	 0.470019	 -0.000681275
52.36	 -0.0459426	 7.99697e-06	 -1.02606	 -0.000820461	 0.489198	 -0.00068889
52.38	 -0.0464391	 8.46067e-06	 -1.0282	 -0.0008234	 0.5084	 -0.000695929
52.4	 -0.0469144	 8.88731e-06	 -1.03021	 -0.000826618	 0.52762	 -0.000702386
52.42	 -0.0473681	 9.27664e-06	 -1.03211	 -0.000830111	 0.546847	 -0.000708258
52.44	 -0.0477999	 9.62851e-06	 -1.03388	 -0.000833872	 0.566077	 -0.000713538
52.46	 -0.0482095	 9.94284e-06	 -1.03552	 -0.000837896	 0.5853	 -0.000718224
52.48	 -0.0485965	 1.02197e-05	 -1.03703	 -0.000842175	 0.604512	 -0.000722313
52.5	 -0.0489607	 1.04591e-05	 -1.03842	 -0.000846704	 0.623704	 -0.000725802
52.52	 -0.0493019	 1.06612e-05	 -1.03966	 -0.000851474	 0.642871	 -0.000728689
52.54	 -0.0496198	 1.08264e-05	 -1.04078	 -0.000856478	 0.662007	 -0.000730974
52.56	 -0.0499145	 1.0955e-05	 -1.04175	 -0.000861708	 0.681105	 -0.000732656
52.58	 -0.0501856	 1.10473e-05	 -1.04259	 -0.000867156	 0.700161	 -0.000733736
52.6	 -0.0504332	 1.1104e-05	 -1.04328	 -0.000872811	 0.719169	 -0.000734215
52.62	 -0.0506573	 1.11256e-05	 -1.04384	 -0.000878666	 0.738124	 -0.000734094
52.64	 -0.0508577	 1.11128e-05	 -1.04425	 -0.00088471	 0.757021	 -0.000733375
52.66	 -0.0510346	 1.10663e-05	 -1.04451	 -0.000890934	 0.775856	 -0.000732063
52.68	 -0.051188	 1.0987e-05	 -1.04463	 -0.000897327	 0.794624	 -0.00073016
52.7	 -0.051318	 1.08758e-05	 -1.0446	 -0.000903878	 0.813322	 -0.000727671
52.72	 -0.0514248	 1.07335e-05	 -1.04442	 -0.000910578	 0.831945	 -0.0007246
52.74	 -0.0515084	 1.05614e-05	 -1.0441	 -0.000917415	 0.85049	 -0.000720954
52.76	 -0.0515692	 1.03604e-05	 -1.04363	 -0.000924377	 0.868955	 -0.000716739
52.78	 -0.0516074	 1.01318e-05	 -1.043	 -0.000931453	 0.887336	 -0.000711961
52.8	 -0.0516232	 9.87681e-06	 -1.04223	 -0.000938631	 0.90563	 -0.000706629
52.82	 -0.051617	 9.59668e-06	 -1.04131	 -0.000945899	 0.923835	 -0.000700749
52.84	 -0.051589	 9.29279e-06	 -1.04025	 -0.000953245	 0.941948	 -0.000694331
52.86	 -0.0515397	 8.96656e-06	 -1.03903	 -0.000960657	 0.959968	 -0.000687384
52.88	 -0.0514694	 8.61944e-06	 -1.03766	 -0.000968122	 0.977893	 -0.000679918
52.9	 -0.0513787	 8.25293e-06	 -1.03615	 -0.000975627	 0.995721	 -0.000671942
52.92	 -0.0512678	 7.86858e-06	 -1.03449	 -0.00098316	 1.01345	 -0.000663468
52.94	 -0.0511374	 7.46798e-06	 -1.03269	 -0.000990707	 1.03108	 -0.000654508
52.96	 -0.050988	 7.05277e-06	 -1.03074	 -0.000998257	 1.04861	 -0.000645072
52.98	 -0.05082	 6.6246e-06	 -1.02865	 -0.0010058	 1.06604	 -0.000635174
53	 -0.0506341	 6.18517e-06	 -1.02641	 -0.00101331	 1.08337	 -0.000624826
53.02	 -0.0504308	 5.73619e-06	 -1.02404	 -0.00102079	 1.1006	 -0.000614041
53.04	 -0.0502108	 5.27941e-06	 -1.02152	 -0.00102821	 1.11772	 -0.000602834
53.06	 -0.0499747	 4.81659e-06	 -1.01887	 -0.00103557	 1.13474	 -0.000591218
53.08	 -0.0497232	 4.3495e-06	 -1.01609	 -0.00104286	 1.15166	 -0.000579208
53.1	 -0.0494569	 3.87994e-06	 -1.01317	 -0.00105005	 1.16848	 -0.000566818
53.12	 -0.0491765	 3.40968e-06	 -1.01012	 -0.00105715	 1.1852	 -0.000554065
53.14	 -0.0488828	 2.94054e-06	 -1.00695	 -0.00106412	 1.20182	 -0.000540964
53.16	 -0.0485765	 2.4743e-06	 -1.00364	 -0.00107097	 1.21833	 -0.00052753
53.18	 -0.0482584	 2.01275e-06	 -1.00022	 -0.00107768	 1.23475	 -0.00051378
53.2	 -0.0479292	 1.55769e-06	 -0.996674	 -0.00108423	 1.25107	 -0.000499732
53.22	 -0.0475896	 1.11087e-06	 -0.99301	 -0.00109062	 1.26729	 -0.000485401
53.24	 -0.0472405	 6.74043e-07	 -0.989232	 -0.00109682	 1.28342	 -0.000470804
53.26	 -0.0468828	 2.48948e-07	 -0.985343	 -0.00110284	 1.29945	 -0.00045596
53.28	 -0.0465171	 -1.62715e-07	 -0.981345	 -0.00110865	 1.31538	 -0.000440885
53.3	 -0.0461442	 -5.59269e-07	 -0.977241	 -0.00111424	 1.33123	 -0.000425598
53.32	 -0.0457652	 -9.39071e-07	 -0.973036	 -0.00111961	 1.34698	 -0.000410117
53.34	 -0.0453806	 -1.30051e-06	 -0.968732	 -0.00112474	 1.36264	 -0.000394459
53.36	 -0.0449915	 -1.64203e-06	 -0.964333	 -0.00112962	 1.37822	 -0.000378643
53.38	 -0.0445986	 -1.9621e-06	 -0.959842	 -0.00113424	 1.39371	 -0.000362687
53.4	 -0.0442027	 -2.25925e-06	 -0.955264	 -0.00113859	 1.40911	 -0.00034661
53.42	 -0.0438047	 -2.53206e-06	 -0.950601	 -0.00114266	 1.42442	 -0.00033043
53.44	 -0.0434055	 -2.77916e-06	 -0.945858	 -0.00114644	 1.43965	 -0.000314166
53.46	 -0.0430058	 -2.99923e-06	 -0.941037	 -0.00114991	 1.4548	 -0.000297836
53.48	 -0.0426064	 -3.19103e-06	 -0.936144	 -0.00115308	 1.46987	 -0.000281459
53.5	 -0.0422083	 -3.35338e-06	 -0.931182	 -0.00115592	 1.48486	 -0.000265053
53.52	 -0.0418122	 -3.48515e-06	 -0.926155	 -0.00115844	 1.49978	 -0.000248638
53.54	 -0.0414189	 -3.58531e-06	 -0.921066	 -0.00116062	 1.51461	 -0.00023223
53.56	 -0.0410291	 -3.65288e-06	 -0.91592	 -0.00116245	 1.52937	 -0.00021585
53.58	 -0.0406438	 -3.68695e-06	 -0.910721	 -0.00116393	 1.54405	 -0.000199515
53.6	 -0.0402636	 -3.68671e-06	 -0.905473	 -0.00116506	 1.55865	 -0.000183243
53.62	 -0.0398894	 -3.65143e-06	 -0.900179	 -0.00116582	 1.57319	 -0.000167052
53.64	 -0.0395217	 -3.58043e-06	 -0.894845	 -0.0011662	 1.58764	 -0.000150961
53.66	 -0.0391615	 -3.47317e-06	 -0.889472	 -0.00116621	 1.60203	 -0.000134985
53.68	 -0.0388093	 -3.32913e-06	 -0.884067	 -0.00116583	 1.61634	 -0.000119144
53.7	 -0.0384659	 -3.14794e-06	 -0.878632	 -0.00116506	 1.63058	 -0.000103454
53.72	 -0.038132	 -2.92927e-06	 -0.873171	 -0.0011639	 1.64474	 -8.79328e-05
53.74	 -0.0378081	 -2.67291e-06	 -0.867689	 -0.00116235	 1.65884	 -7.25959e-05
53.76	 -0.037495	 -2.37874e-06	 -0.86219	 -0.00116039	 1.67285	 -5.74601e-05
53.78	 -0.0371932	 -2.0467e-06	 -0.856676	 -0.00115803	 1.6868	 -4.25415e-05
53.8	 -0.0369032	 -1.67687e-06	 -0.851153	 -0.00115526	 1.70067	 -2.78559e-05
53.82	 -0.0366257	 -1.26938e-06	 -0.845623	 -0.00115208	 1.71446	 -1.34185e-05
53.84	 -0.0363612	 -8.24482e-07	 -0.840091	 -0.00114849	 1.72817	 7.55525e-07
53.86	 -0.0361102	 -3.42511e-07	 -0.834559	 -0.00114449	 1.74181	 1.46516e-05
53.88	 -0.0358731	 1.76105e-07	 -0.829032	 -0.00114007	 1.75537	 2.82555e-05
53.9	 -0.0356504	 7.30845e-07	 -0.823514	 -0.00113524	 1.76884	 4.15535e-05
53.92	 -0.0354426	 1.3211e-06	 -0.818007	 -0.00113	 1.78223	 5.4532e-05
53.94	 -0.0352499	 1.94615e-06	 -0.812514	 -0.00112434	 1.79554	 6.71781e-05
53.96	 -0.0350728	 2.60521e-06	 -0.80704	 -0.00111828	 1.80876	 7.94795e-05
53.98	 -0.0349116	 3.2974e-06	 -0.801588	 -0.0011118	 1.82188	 9.1424e-05
54	 -0.0347665	 4.02173e-06	 -0.79616	 -0.00110492	 1.83491	 0.000103
54.02	 -0.034638	 4.77715e-06	 -0.790759	 -0.00109763	 1.84785	 0.000114197
54.04	 -0.034526	 5.56252e-06	 -0.785388	 -0.00108994	 1.86068	 0.000125003
54.06	 -0.034431	 6.37661e-06	 -0.780051	 -0.00108185	 1.87341	 0.00013541
54.08	 -0.034353	 7.21811e-06	 -0.77475	 -0.00107337	 1.88603	 0.000145407
54.1	 -0.0342922	 8.08562e-06	 -0.769487	 -0.0010645	 1.89854	 0.000154986
54.12	 -0.0342487	 8.9777e-06	 -0.764266	 -0.00105525	 1.91093	 0.000164139
54.14	 -0.0342225	 9.89279e-06	 -0.759088	 -0.00104562	 1.92321	 0.000172856
54.16	 -0.0342138	 1.08293e-05	 -0.753955	 -0.00103561	 1.93535	 0.000181132
54.18	 -0.0342224	 1.17855e-05	 -0.748871	 -0.00102524	 1.94737	 0.000188959
54.2	 -0.0342484	 1.27597e-05	 -0.743837	 -0.00101451	 1.95925	 0.000196332
54.22	 -0.0342916	 1.37501e-05	 -0.738854	 -0.00100343	 1.97099	 0.000203244
54.24	 -0.0343521	 1.47548e-05	 -0.733926	 -0.000991999	 1.98259	 0.000209691
54.26	 -0.0344297	 1.57719e-05	 -0.729053	 -0.000980236	 1.99403	 0.000215669
54.28	 -0.0345242	 1.67994e-05	 -0.724237	 -0.000968146	 2.00531	 0.000221174
54.3	 -0.0346354	 1.78353e-05	 -0.71948	 -0.000955738	 2.01643	 0.000226202
54.32	 -0.0347631	 1.88775e-05	 -0.714783	 -0.000943021	 2.02738	 0.000230752
54.34	 -0.0349071	 1.99239e-05	 -0.710147	 -0.000930005	 2.03815	 0.00023482
54.36	 -0.035067	 2.09723e-05	 -0.705574	 -0.0009167	 2.04874	 0.000238406
54.38	 -0.0352427	 2.20206e-05	 -0.701064	 -0.000903116	 2.05914	 0.00024151
54.4	 -0.0354336	 2.30665e-05	 -0.696618	 -0.000889266	 2.06933	 0.00024413
54.42	 -0.0356395	 2.41078e-05	 -0.692238	 -0.000875159	 2.07933	 0.000246268
54.44	 -0.0358599	 2.51422e-05	 -0.687924	 -0.000860808	 2.08911	 0.000247923
54.46	 -0.0360944	 2.61675e-05	 -0.683676	 -0.000846224	 2.09867	 0.000249099
54.48	 -0.0363426	 2.71814e-05	 -0.679495	 -0.00083142	 2.108	 0.000249797
54.5	 -0.036604	 2.81815e-05	 -0.675381	 -0.000816407	 2.11709	 0.00025002
54.52	 -0.0368781	 2.91655e-05	 -0.671335	 -0.0008012	 2.12595	 0.000249772
54.54	 -0.0371644	 3.01312e-05	 -0.667357	 -0.000785811	 2.13455	 0.000249055
54.56	 -0.0374623	 3.10763e-05	 -0.663446	 -0.000770253	 2.14289	 0.000247875
54.58	 -0.0377712	 3.19984e-05	 -0.659603	 -0.000754539	 2.15096	 0.000246237
54.6	 -0.0380906	 3.28952e-05	 -0.655827	 -0.000738685	 2.15875	 0.000244147
54.62	 -0.0384198	 3.37646e-05	 -0.652119	 -0.000722702	 2.16626	 0.00024161
54.64	 -0.0387583	 3.46043e-05	 -0.648477	 -0.000706606	 2.17348	 0.000238633
54.66	 -0.0391053	 3.54121e-05	 -0.644902	 -0.000690412	 2.1804	 0.000235223
54.68	 -0.0394602	 3.61858e-05	 -0.641393	 -0.000674132	 2.187	 0.000231389
54.7	 -0.0398223	 3.69233e-05	 -0.637949	 -0.000657783	 2.19329	 0.000227138
54.72	 -0.040191	 3.76225e-05	 -0.63457	 -0.000641378	 2.19925	 0.000222478
54.74	 -0.0405654	 3.82814e-05	 -0.631255	 -0.000624932	 2.20487	 0.00021742
54.76	 -0.040945	 3.88979e-05	 -0.628003	 -0.000608461	 2.21015	 0.000211972
54.78	 -0.041329	 3.94701e-05	 -0.624813	 -0.00059198	 2.21508	 0.000206145
54.8	 -0.0417166	 3.99963e-05	 -0.621685	 -0.000575502	 2.21965	 0.000199949
54.82	 -0.042107	 4.04744e-05	 -0.618617	 -0.000559044	 2.22385	 0.000193395
54.84	 -0.0424997	 4.09029e-05	 -0.615608	 -0.00054262	 2.22767	 0.000186495
54.86	 -0.0428937	 4.128e-05	 -0.612657	 -0.000526246	 2.2311	 0.00017926
54.88	 -0.0432884	 4.16041e-05	 -0.609763	 -0.000509937	 2.23414	 0.000171701
54.9	 -0.0436829	 4.18737e-05	 -0.606925	 -0.000493707	 2.23678	 0.000163833
54.92	 -0.0440765	 4.20874e-05	 -0.604142	 -0.000477571	 2.23901	 0.000155667
54.94	 -0.0444685	 4.22439e-05	 -0.601412	 -0.000461545	 2.24082	 0.000147216
54.96	 -0.0448581	 4.23418e-05	 -0.598734	 -0.000445643	 2.24221	 0.000138494
54.98	 -0.0452445	 4.238e-05	 -0.596107	 -0.000429881	 2.24317	 0.000129514
55	 -0.045627	 4.23574e-05	 -0.593529	 -0.000414272	 2.24369	 0.000120291
55.02	 -0.0460048	 4.22731e-05	 -0.591	 -0.000398831	 2.24376	 0.000110839
55.04	 -0.0463772	 4.21261e-05	 -0.588517	 -0.000383573	 2.24338	 0.000101172
55.06	 -0.0467435	 4.19158e-05	 -0.586081	 -0.000368512	 2.24254	 9.13046e-05
55.08	 -0.0471029	 4.16414e-05	 -0.583688	 -0.000353662	 2.24123	 8.1252e-05
55.1	 -0.0474548	 4.13024e-05	 -0.581338	 -0.000339036	 2.23945	 7.10291e-05
55.12	 -0.0477983	 4.08984e-05	 -0.57903	 -0.00032465	 2.2372	 6.06511e-05
55.14	 -0.0481329	 4.04289e-05	 -0.576762	 -0.000310515	 2.23446	 5.01336e-05
55.16	 -0.0484579	 3.98938e-05	 -0.574533	 -0.000296646	 2.23123	 3.94918e-05
55.18	 -0.0487726	 3.92929e-05	 -0.572343	 -0.000283056	 2.22751	 2.87415e-05
55.2	 -0.0490764	 3.86263e-05	 -0.570188	 -0.000269757	 2.22329	 1.78984e-05
55.22	 -0.0493686	 3.78941e-05	 -0.568069	 -0.000256762	 2.21856	 6.97814e-06
55.24	 -0.0496486	 3.70965e-05	 -0.565985	 -0.000244084	 2.21333	 -4.00335e-06
55.26	 -0.0499159	 3.62339e-05	 -0.563933	 -0.000231733	 2.20759	 -1.50302e-05
55.28	 -0.0501699	 3.53067e-05	 -0.561914	 -0.000219723	 2.20134	 -2.60866e-05
55.3	 -0.0504101	 3.43156e-05	 -0.559926	 -0.000208065	 2.19457	 -3.71567e-05
55.32	 -0.0506358	 3.32611e-05	 -0.557968	 -0.000196769	 2.18728	 -4.82246e-05
55.34	 -0.0508467	 3.21442e-05	 -0.556039	 -0.000185847	 2.17946	 -5.92744e-05
55.36	 -0.0510422	 3.09658e-05	 -0.554139	 -0.000175309	 2.17113	 -7.02905e-05
55.38	 -0.051222	 2.97269e-05	 -0.552266	 -0.000165165	 2.16226	 -8.12572e-05
55.4	 -0.0513855	 2.84288e-05	 -0.550421	 -0.000155424	 2.15287	 -9.21588e-05
55.42	 -0.0515324	 2.70726e-05	 -0.548601	 -0.000146097	 2.14295	 -0.00010298
55.44	 -0.0516623	 2.56598e-05	 -0.546808	 -0.000137192	 2.13251	 -0.000113706
55.46	 -0.0517749	 2.41919e-05	 -0.545039	 -0.000128718	 2.12153	 -0.00012432
55.48	 -0.0518698	 2.26705e-05	 -0.543296	 -0.000120684	 2.11003	 -0.000134809
55.5	 -0.0519468	 2.10972e-05	 -0.541576	 -0.000113096	 2.098	 -0.000145157
55.52	 -0.0520057	 1.94741e-05	 -0.539881	 -0.000105963	 2.08544	 -0.000155349
55.54	 -0.0520461	 1.78028e-05	 -0.53821	 -9.92916e-05	 2.07236	 -0.000165372
55.56	 -0.0520679	 1.60855e-05	 -0.536563	 -9.30885e-05	 2.05876	 -0.000175211
55.58	 -0.0520709	 1.43243e-05	 -0.53494	 -8.73598e-05	 2.04464	 -0.000184852
55.6	 -0.0520551	 1.25214e-05	 -0.533341	 -8.21116e-05	 2.03	 -0.000194282
55.62	 -0.0520202	 1.0679e-05	 -0.531765	 -7.7349e-05	 2.01485	 -0.000203488
55.64	 -0.0519663	 8.79956e-06	 -0.530214	 -7.30772e-05	 1.99919	 -0.000212456
55.66	 -0.0518932	 6.88553e-06	 -0.528688	 -6.93006e-05	 1.98302	 -0.000221173
55.68	 -0.0518011	 4.93942e-06	 -0.527186	 -6.60233e-05	 1.96636	 -0.000229629
55.7	 -0.0516898	 2.96385e-06	 -0.52571	 -6.3249e-05	 1.9492	 -0.000237809
55.72	 -0.0515595	 9.61497e-07	 -0.52426	 -6.09809e-05	 1.93155	 -0.000245704
55.74	 -0.0514102	 -1.06491e-06	 -0.522836	 -5.92217e-05	 1.91342	 -0.000253301
55.76	 -0.0512421	 -3.11256e-06	 -0.52144	 -5.79737e-05	 1.89481	 -0.00026059
55.78	 -0.0510553	 -5.17861e-06	 -0.520072	 -5.72389e-05	 1.87574	 -0.000267561
55.8	 -0.05085	 -7.26015e-06	 -0.518733	 -5.70187e-05	 1.8562	 -0.000274203
55.82	 -0.0506263	 -9.35423e-06	 -0.517424	 -5.73139e-05	 1.8362	 -0.000280507
55.84	 -0.0503846	 -1.14579e-05	 -0.516147	 -5.81251e-05	 1.81577	 -0.000286464
55.86	 -0.050125	 -1.3568e-05	 -0.514901	 -5.94524e-05	 1.79489	 -0.000292065
55.88	 -0.0498479	 -1.56816e-05	 -0.513689	 -6.12954e-05	 1.77359	 -0.000297302
55.9	 -0.0495536	 -1.77957e-05	 -0.512512	 -6.36531e-05	 1.75187	 -0.000302168
55.92	 -0.0492424	 -1.9907e-05	 -0.511371	 -6.65243e-05	 1.72974	 -0.000306655
55.94	 -0.0489148	 -2.20124e-05	 -0.510267	 -6.99073e-05	 1.70721	 -0.000310756
55.96	 -0.048571	 -2.4109e-05	 -0.509203	 -7.37999e-05	 1.68429	 -0.000314466
55.98	 -0.0482116	 -2.61934e-05	 -0.508179	 -7.81993e-05	 1.661	 -0.000317779
56	 -0.0478369	 -2.82627e-05	 -0.507197	 -8.31026e-05	 1.63735	 -0.000320689
56.02	 -0.0474475	 -3.03136e-05	 -0.506259	 -8.85062e-05	 1.61334	 -0.000323193
56.04	 -0.0470439	 -3.23431e-05	 -0.505367	 -9.44062e-05	 1.58899	 -0.000325286
56.06	 -0.0466265	 -3.43482e-05	 -0.504522	 -0.000100798	 1.56431	 -0.000326964
56.08	 -0.0461959	 -3.63256e-05	 -0.503726	 -0.000107678	 1.53932	 -0.000328225
56.1	 -0.0457526	 -3.82725e-05	 -0.502981	 -0.000115039	 1.51402	 -0.000329067
56.12	 -0.0452973	 -4.01858e-05	 -0.502289	 -0.000122876	 1.48844	 -0.000329488
56.14	 -0.0448305	 -4.20626e-05	 -0.501652	 -0.000131184	 1.46258	 -0.000329485
56.16	 -0.0443528	 -4.39e-05	 -0.501072	 -0.000139956	 1.43646	 -0.00032906
56.18	 -0.0438649	 -4.5695e-05	 -0.500551	 -0.000149185	 1.4101	 -0.000328212
56.2	 -0.0433674	 -4.7445e-05	 -0.50009	 -0.000158864	 1.3835	 -0.000326941
56.22	 -0.042861	 -4.91472e-05	 -0.499693	 -0.000168985	 1.35669	 -0.000325249
56.24	 -0.0423462	 -5.07989e-05	 -0.49936	 -0.00017954	 1.32968	 -0.000323137
56.26	 -0.0418239	 -5.23975e-05	 -0.499095	 -0.000190521	 1.30247	 -0.000320608
56.28	 -0.0412946	 -5.39405e-05	 -0.498898	 -0.000201918	 1.2751	 -0.000317664
56.3	 -0.040759	 -5.54255e-05	 -0.498773	 -0.000213724	 1.24758	 -0.00031431
56.32	 -0.040218	 -5.68502e-05	 -0.498721	 -0.000225928	 1.21991	 -0.000310548
56.34	 -0.0396721	 -5.82122e-05	 -0.498744	 -0.000238521	 1.19212	 -0.000306384
56.36	 -0.0391221	 -5.95094e-05	 -0.498844	 -0.000251493	 1.16422	 -0.000301823
56.38	 -0.0385687	 -6.07397e-05	 -0.499024	 -0.000264833	 1.13623	 -0.00029687
56.4	 -0.0380125	 -6.19013e-05	 -0.499285	 -0.00027853	 1.10817	 -0.000291532
56.42	 -0.0374544	 -6.29921e-05	 -0.499629	 -0.000292574	 1.08005	 -0.000285816
56.44	 -0.036895	 -6.40106e-05	 -0.500059	 -0.000306952	 1.05189	 -0.00027973
56.46	 -0.0363351	 -6.4955e-05	 -0.500575	 -0.000321654	 1.0237	 -0.00027328
56.48	 -0.0357753	 -6.58239e-05	 -0.501181	 -0.000336668	 0.995506	 -0.000266476
56.5	 -0.0352163	 -6.66158e-05	 -0.501877	 -0.00035198	 0.967318	 -0.000259327
56.52	 -0.0346589	 -6.73295e-05	 -0.502666	 -0.00036758	 0.939154	 -0.000251842
56.54	 -0.0341037	 -6.79638e-05	 -0.503549	 -0.000383454	 0.911032	 -0.000244031
56.56	 -0.0335515	 -6.85178e-05	 -0.504527	 -0.000399589	 0.882967	 -0.000235905
56.58	 -0.0330028	 -6.89905e-05	 -0.505604	 -0.000415972	 0.854976	 -0.000227475
56.6	 -0.0324583	 -6.93812e-05	 -0.506779	 -0.000432591	 0.827076	 -0.000218752
56.62	 -0.0319188	 -6.96893e-05	 -0.508054	 -0.00044943	 0.799282	 -0.000209748
56.64	 -0.0313847	 -6.99142e-05	 -0.509431	 -0.000466478	 0.771611	 -0.000200475
56.66	 -0.0308568	 -7.00556e-05	 -0.510911	 -0.000483719	 0.744079	 -0.000190947
56.68	 -0.0303357	 -7.01134e-05	 -0.512495	 -0.00050114	 0.716702	 -0.000181177
56.7	 -0.0298219	 -7.00873e-05	 -0.514184	 -0.000518727	 0.689496	 -0.000171177
56.72	 -0.029316	 -6.99776e-05	 -0.515979	 -0.000536465	 0.662475	 -0.000160963
56.74	 -0.0288186	 -6.97843e-05	 -0.517882	 -0.000554341	 0.635657	 -0.000150548
56.76	 -0.0283302	 -6.95078e-05	 -0.519892	 -0.000572339	 0.609054	 -0.000139947
56.78	 -0.0278514	 -6.91486e-05	 -0.522011	 -0.000590445	 0.582684	 -0.000129175
56.8	 -0.0273825	 -6.87073e-05	 -0.524239	 -0.000608645	 0.556559	 -0.000118247
56.82	 -0.0269241	 -6.81846e-05	 -0.526577	 -0.000626923	 0.530695	 -0.000107179
56.84	 -0.0264766	 -6.75814e-05	 -0.529025	 -0.000645265	 0.505106	 -9.59874e-05
56.86	 -0.0260405	 -6.68988e-05	 -0.531583	 -0.000663656	 0.479805	 -8.4687e-05
56.88	 -0.0256162	 -6.61378e-05	 -0.534251	 -0.000682082	 0.454807	 -7.32946e-05
56.9	 -0.025204	 -6.52998e-05	 -0.53703	 -0.000700528	 0.430124	 -6.18267e-05
56.92	 -0.0248042	 -6.43861e-05	 -0.53992	 -0.000718978	 0.405769	 -5.02999e-05
56.94	 -0.0244173	 -6.33982e-05	 -0.542919	 -0.000737418	 0.381755	 -3.8731e-05
56.96	 -0.0240435	 -6.23379e-05	 -0.546029	 -0.000755834	 0.358094	 -2.7137e-05
56.98	 -0.0236831	 -6.12069e-05	 -0.549248	 -0.00077421	 0.334798	 -1.55348e-05
57	 -0.0233364	 -6.00071e-05	 -0.552575	 -0.000792533	 0.311879	 -3.94167e-06
57.02	 -0.0230034	 -5.87404e-05	 -0.556011	 -0.000810787	 0.289346	 7.62536e-06
57.04	 -0.0226846	 -5.7409e-05	 -0.559554	 -0.000828959	 0.267212	 1.9149e-05
57.06	 -0.0223799	 -5.60152e-05	 -0.563204	 -0.000847033	 0.245486	 3.06122e-05
57.08	 -0.0220897	 -5.45612e-05	 -0.566958	 -0.000864997	 0.224179	 4.19975e-05
57.1	 -0.0218139	 -5.30495e-05	 -0.570817	 -0.000882835	 0.203299	 5.3288e-05
57.12	 -0.0215526	 -5.14826e-05	 -0.574779	 -0.000900534	 0.182855	 6.44664e-05
57.14	 -0.021306	 -4.9863e-05	 -0.578842	 -0.00091808	 0.162857	 7.55158e-05
57.16	 -0.021074	 -4.81936e-05	 -0.583005	 -0.000935459	 0.143312	 8.64193e-05
57.18	 -0.0208566	 -4.6477e-05	 -0.587265	 -0.00095266	 0.124228	 9.71601e-05
57.2	 -0.0206539	 -4.47162e-05	 -0.591623	 -0.000969667	 0.105612	 0.000107722
57.22	 -0.0204657	 -4.29141e-05	 -0.596074	 -0.000986468	 0.0874717	 0.000118087
57.24	 -0.020292	 -4.10736e-05	 -0.600618	 -0.00100305	 0.0698122	 0.000128241
57.26	 -0.0201328	 -3.91978e-05	 -0.605252	 -0.0010194	 0.0526397	 0.000138167
57.28	 -0.0199877	 -3.72899e-05	 -0.609974	 -0.00103551	 0.0359598	 0.000147849
57.3	 -0.0198568	 -3.5353e-05	 -0.614781	 -0.00105137	 0.0197772	 0.000157273
57.32	 -0.0197399	 -3.33903e-05	 -0.619671	 -0.00106695	 0.00409652	 0.000166421
57.34	 -0.0196366	 -3.14051e-05	 -0.624642	 -0.00108226	 -0.0110784	 0.000175281
57.36	 -0.0195469	 -2.94006e-05	 -0.629691	 -0.00109729	 -0.025744	 0.000183837
57.38	 -0.0194705	 -2.73802e-05	 -0.634814	 -0.00111201	 -0.0398972	 0.000192076
57.4	 -0.019407	 -2.53473e-05	 -0.64001	 -0.00112642	 -0.0535354	 0.000199983
57.42	 -0.0193562	 -2.33051e-05	 -0.645275	 -0.00114051	 -0.0666565	 0.000207545
57.44	 -0.0193178	 -2.12572e-05	 -0.650606	 -0.00115427	 -0.0792588	 0.00021475
57.46	 -0.0192915	 -1.92067e-05	 -0.656	 -0.00116769	 -0.0913411	 0.000221584
57.48	 -0.019277	 -1.71572e-05	 -0.661453	 -0.00118077	 -0.102902	 0.000228036
57.5	 -0.0192737	 -1.5112e-05	 -0.666964	 -0.00119348	 -0.113943	 0.000234095
57.52	 -0.0192815	 -1.30745e-05	 -0.672527	 -0.00120583	 -0.124462	 0.000239748
57.54	 -0.0192998	 -1.10479e-05	 -0.678139	 -0.00121781	 -0.13446	 0.000244987
57.56	 -0.0193283	 -9.03572e-06	 -0.683798	 -0.00122941	 -0.143938	 0.0002498
57.58	 -0.0193666	 -7.04114e-06	 -0.6895	 -0.00124062	 -0.152898	 0.000254179
57.6	 -0.0194142	 -5.06745e-06	 -0.695241	 -0.00125143	 -0.161342	 0.000258114
57.62	 -0.0194706	 -3.11787e-06	 -0.701017	 -0.00126184	 -0.16927	 0.000261598
57.64	 -0.0195355	 -1.19558e-06	 -0.706824	 -0.00127185	 -0.176686	 0.000264622
57.66	 -0.0196083	 6.96315e-07	 -0.71266	 -0.00128144	 -0.183593	 0.00026718
57.68	 -0.0196886	 2.55474e-06	 -0.71852	 -0.00129062	 -0.189993	 0.000269264
57.7	 -0.0197759	 4.37668e-06	 -0.7244	 -0.00129937	 -0.195891	 0.00027087
57.72	 -0.0198697	 6.15921e-06	 -0.730297	 -0.0013077	 -0.20129	 0.000271991
57.74	 -0.0199696	 7.89946e-06	 -0.736207	 -0.0013156	 -0.206193	 0.000272623
57.76	 -0.0200749	 9.59464e-06	 -0.742125	 -0.00132306	 -0.210607	 0.000272763
57.78	 -0.0201854	 1.1242e-05	 -0.748049	 -0.00133008	 -0.214535	 0.000272406
57.8	 -0.0203004	 1.2839e-05	 -0.753974	 -0.00133667	 -0.217983	 0.000271551
57.82	 -0.0204194	 1.43831e-05	 -0.759896	 -0.00134281	 -0.220955	 0.000270195
57.84	 -0.020542	 1.58718e-05	 -0.765812	 -0.0013485	 -0.223458	 0.000268337
57.86	 -0.0206677	 1.73028e-05	 -0.771718	 -0.00135376	 -0.225498	 0.000265975
57.88	 -0.020796	 1.86739e-05	 -0.77761	 -0.00135856	 -0.227079	 0.000263111
57.9	 -0.0209264	 1.9983e-05	 -0.783484	 -0.00136292	 -0.228209	 0.000259745
57.92	 -0.0210584	 2.12279e-05	 -0.789337	 -0.00136683	 -0.228894	 0.000255877
57.94	 -0.0211916	 2.24069e-05	 -0.795164	 -0.00137029	 -0.229141	 0.000251511
57.96	 -0.0213255	 2.35181e-05	 -0.800962	 -0.00137331	 -0.228956	 0.000246648
57.98	 -0.0214597	 2.45599e-05	 -0.806728	 -0.00137588	 -0.228347	 0.000241293
58	 -0.0215937	 2.55307e-05	 -0.812458	 -0.00137801	 -0.227321	 0.000235448
58.02	 -0.0217271	 2.64291e-05	 -0.818148	 -0.00137969	 -0.225884	 0.000229119
58.04	 -0.0218594	 2.72539e-05	 -0.823795	 -0.00138094	 -0.224044	 0.00022231
58.06	 -0.0219904	 2.80038e-05	 -0.829396	 -0.00138175	 -0.22181	 0.000215028
58.08	 -0.0221195	 2.86779e-05	 -0.834946	 -0.00138212	 -0.219187	 0.000207279
58.1	 -0.0222464	 2.92753e-05	 -0.840444	 -0.00138206	 -0.216184	 0.000199071
58.12	 -0.0223707	 2.97951e-05	 -0.845885	 -0.00138157	 -0.212809	 0.000190411
58.14	 -0.0224922	 3.02368e-05	 -0.851267	 -0.00138066	 -0.20907	 0.000181307
58.16	 -0.0226104	 3.05999e-05	 -0.856586	 -0.00137934	 -0.204973	 0.000171768
58.18	 -0.022725	 3.0884e-05	 -0.86184	 -0.00137759	 -0.200527	 0.000161805
58.2	 -0.0228358	 3.1089e-05	 -0.867025	 -0.00137544	 -0.19574	 0.000151426
58.22	 -0.0229425	 3.12147e-05	 -0.87214	 -0.00137289	 -0.190619	 0.000140643
58.24	 -0.0230448	 3.12612e-05	 -0.877181	 -0.00136993	 -0.185173	 0.000129467
58.26	 -0.0231425	 3.12288e-05	 -0.882145	 -0.00136659	 -0.179409	 0.00011791
58.28	 -0.0232354	 3.11177e-05	 -0.88703	 -0.00136286	 -0.173334	 0.000105984
58.3	 -0.0233233	 3.09285e-05	 -0.891835	 -0.00135875	 -0.166957	 9.37012e-05
58.32	 -0.0234059	 3.06617e-05	 -0.896555	 -0.00135427	 -0.160284	 8.10755e-05
58.34	 -0.0234832	 3.03182e-05	 -0.90119	 -0.00134942	 -0.153324	 6.81203e-05
58.36	 -0.023555	 2.98987e-05	 -0.905738	 -0.00134422	 -0.146084	 5.485e-05
58.38	 -0.0236212	 2.94043e-05	 -0.910195	 -0.00133867	 -0.138572	 4.12789e-05
58.4	 -0.0236817	 2.88362e-05	 -0.914561	 -0.00133278	 -0.130794	 2.74222e-05
58.42	 -0.0237364	 2.81956e-05	 -0.918833	 -0.00132656	 -0.122757	 1.32951e-05
58.44	 -0.0237854	 2.74839e-05	 -0.923011	 -0.00132001	 -0.114469	 -1.08645e-06
58.46	 -0.0238284	 2.67026e-05	 -0.927092	 -0.00131315	 -0.105937	 -1.57065e-05
58.48	 -0.0238657	 2.58534e-05	 -0.931075	 -0.00130598	 -0.0971671	 -3.05485e-05
58.5	 -0.0238971	 2.4938e-05	 -0.934959	 -0.00129852	 -0.0881661	 -4.55958e-05
58.52	 -0.0239227	 2.39583e-05	 -0.938743	 -0.00129077	 -0.0789404	 -6.08312e-05
58.54	 -0.0239426	 2.29163e-05	 -0.942426	 -0.00128275	 -0.0694965	 -7.62376e-05
58.56	 -0.0239568	 2.18139e-05	 -0.946006	 -0.00127445	 -0.0598404	 -9.17972e-05
58.58	 -0.0239655	 2.06535e-05	 -0.949482	 -0.0012659	 -0.0499781	 -0.000107492
58.6	 -0.0239687	 1.94374e-05	 -0.952855	 -0.00125711	 -0.0399155	 -0.000123305
58.62	 -0.0239667	 1.81678e-05	 -0.956124	 -0.00124807	 -0.0296581	 -0.000139217
58.64	 -0.0239595	 1.68472e-05	 -0.959287	 -0.00123882	 -0.0192115	 -0.00015521
58.66	 -0.0239473	 1.54783e-05	 -0.962345	 -0.00122934	 -0.00858095	 -0.000171266
58.68	 -0.0239305	 1.40636e-05	 -0.965298	 -0.00121967	 0.00222854	 -0.000187365
58.7	 -0.023909	 1.2606e-05	 -0.968144	 -0.0012098	 0.013212	 -0.00020349
58.72	 -0.0238833	 1.1108e-05	 -0.970885	 -0.00119974	 0.0243647	 -0.000219622
58.74	 -0.0238535	 9.57268e-06	 -0.97352	 -0.00118952	 0.0356822	 -0.000235741
58.76	 -0.02382	 8.00288e-06	 -0.97605	 -0.00117914	 0.04716	 -0.000251829
58.78	 -0.0237829	 6.40159e-06	 -0.978474	 -0.00116861	 0.0587941	 -0.000267867
58.8	 -0.0237427	 4.77182e-06	 -0.980792	 -0.00115795	 0.0705805	 -0.000283836
58.82	 -0.0236995	 3.11666e-06	 -0.983007	 -0.00114716	 0.0825155	 -0.000299718
58.84	 -0.0236538	 1.43921e-06	 -0.985117	 -0.00113625	 0.0945954	 -0.000315494
58.86	 -0.0236058	 -2.57359e-07	 -0.987123	 -0.00112525	 0.106817	 -0.000331146
58.88	 -0.023556	 -1.96988e-06	 -0.989027	 -0.00111415	 0.119177	 -0.000346654
58.9	 -0.0235046	 -3.69515e-06	 -0.990829	 -0.00110298	 0.131672	 -0.000362001
58.92	 -0.0234521	 -5.42993e-06	 -0.99253	 -0.00109174	 0.1443	 -0.000377168
58.94	 -0.0233988	 -7.17099e-06	 -0.994131	 -0.00108044	 0.157057	 -0.000392138
58.96	 -0.0233451	 -8.91508e-06	 -0.995632	 -0.0010691	 0.169942	 -0.000406893
58.98	 -0.0232914	 -1.0659e-05	 -0.997036	 -0.00105773	 0.182952	 -0.000421415
59	 -0.0232382	 -1.23994e-05	 -0.998342	 -0.00104634	 0.196085	 -0.000435687
59.02	 -0.0231857	 -1.41331e-05	 -0.999553	 -0.00103494	 0.209339	 -0.000449692
59.04	 -0.0231345	 -1.58568e-05	 -1.00067	 -0.00102354	 0.222712	 -0.000463413
59.06	 -0.0230849	 -1.75675e-05	 -1.00169	 -0.00101216	 0.236202	 -0.000476834
59.08	 -0.0230374	 -1.92618e-05	 -1.00263	 -0.0010008	 0.249808	 -0.000489938
59.1	 -0.0229923	 -2.09366e-05	 -1.00347	 -0.00098948	 0.263529	 -0.000502711
59.12	 -0.0229502	 -2.25889e-05	 -1.00422	 -0.000978206	 0.277363	 -0.000515137
59.14	 -0.0229113	 -2.42155e-05	 -1.00489	 -0.000966991	 0.291309	 -0.0005272
59.16	 -0.0228762	 -2.58134e-05	 -1.00547	 -0.000955846	 0.305366	 -0.000538887
59.18	 -0.0228453	 -2.73796e-05	 -1.00597	 -0.00094478	 0.319533	 -0.000550183
59.2	 -0.0228188	 -2.89112e-05	 -1.00638	 -0.000933806	 0.33381	 -0.000561075
59.22	 -0.0227974	 -3.04054e-05	 -1.00671	 -0.000922933	 0.348195	 -0.000571549
59.24	 -0.0227813	 -3.18593e-05	 -1.00697	 -0.000912172	 0.362689	 -0.000581593
59.26	 -0.022771	 -3.32702e-05	 -1.00715	 -0.000901532	 0.37729	 -0.000591195
59.28	 -0.0227669	 -3.46355e-05	 -1.00725	 -0.000891024	 0.391998	 -0.000600342
59.3	 -0.0227693	 -3.59525e-05	 -1.00728	 -0.000880656	 0.406814	 -0.000609024
59.32	 -0.0227786	 -3.72188e-05	 -1.00723	 -0.00087044	 0.421736	 -0.000617231
59.34	 -0.0227952	 -3.8432e-05	 -1.00712	 -0.000860383	 0.436765	 -0.000624951
59.36	 -0.0228194	 -3.95898e-05	 -1.00694	 -0.000850494	 0.4519	 -0.000632176
59.38	 -0.0228517	 -4.06899e-05	 -1.00668	 -0.000840784	 0.467141	 -0.000638897
59.4	 -0.0228922	 -4.17302e-05	 -1.00637	 -0.000831259	 0.482489	 -0.000645105
59.42	 -0.0229414	 -4.27088e-05	 -1.00599	 -0.000821928	 0.497943	 -0.000650793
59.44	 -0.0229995	 -4.36236e-05	 -1.00555	 -0.000812799	 0.513503	 -0.000655953
59.46	 -0.0230669	 -4.44729e-05	 -1.00505	 -0.000803881	 0.529169	 -0.00066058
59.48	 -0.0231438	 -4.52549e-05	 -1.00449	 -0.000795179	 0.544941	 -0.000664667
59.5	 -0.0232305	 -4.59682e-05	 -1.00387	 -0.000786701	 0.560819	 -0.000668209
59.52	 -0.0233272	 -4.66112e-05	 -1.0032	 -0.000778454	 0.576804	 -0.000671201
59.54	 -0.0234342	 -4.71826e-05	 -1.00247	 -0.000770445	 0.592894	 -0.000673641
59.56	 -0.0235517	 -4.76812e-05	 -1.00169	 -0.000762678	 0.609091	 -0.000675523
59.58	 -0.0236799	 -4.81058e-05	 -1.00086	 -0.000755161	 0.625394	 -0.000676846
59.6	 -0.023819	 -4.84554e-05	 -0.999981	 -0.000747899	 0.641803	 -0.000677609
59.62	 -0.0239691	 -4.87293e-05	 -0.999052	 -0.000740896	 0.658317	 -0.000677808
59.64	 -0.0241303	 -4.89267e-05	 -0.998076	 -0.000734158	 0.674937	 -0.000677445
59.66	 -0.0243029	 -4.90469e-05	 -0.997054	 -0.000727688	 0.691663	 -0.000676519
59.68	 -0.0244869	 -4.90896e-05	 -0.995988	 -0.000721492	 0.708493	 -0.000675031
59.7	 -0.0246824	 -4.90544e-05	 -0.994878	 -0.000715572	 0.725427	 -0.000672981
59.72	 -0.0248895	 -4.8941e-05	 -0.993726	 -0.000709931	 0.742466	 -0.000670373
59.74	 -0.0251081	 -4.87495e-05	 -0.992532	 -0.000704574	 0.759608	 -0.000667209
59.76	 -0.0253385	 -4.84798e-05	 -0.991298	 -0.000699502	 0.776853	 -0.000663493
59.78	 -0.0255804	 -4.81321e-05	 -0.990025	 -0.000694718	 0.794199	 -0.000659228
59.8	 -0.025834	 -4.77067e-05	 -0.988712	 -0.000690223	 0.811646	 -0.000654419
59.82	 -0.0260992	 -4.72041e-05	 -0.987362	 -0.000686019	 0.829194	 -0.000649072
59.84	 -0.026376	 -4.66248e-05	 -0.985975	 -0.000682106	 0.846839	 -0.000643192
59.86	 -0.0266642	 -4.59696e-05	 -0.984551	 -0.000678487	 0.864583	 -0.000636786
59.88	 -0.0269638	 -4.52392e-05	 -0.983091	 -0.00067516	 0.882422	 -0.000629862
59.9	 -0.0272746	 -4.44346e-05	 -0.981595	 -0.000672125	 0.900356	 -0.000622427
59.92	 -0.0275966	 -4.35569e-05	 -0.980065	 -0.000669383	 0.918383	 -0.000614489
59.94	 -0.0279295	 -4.26071e-05	 -0.9785	 -0.000666932	 0.9365	 -0.000606059
59.96	 -0.0282732	 -4.15867e-05	 -0.976901	 -0.000664771	 0.954707	 -0.000597145
59.98	 -0.0286275	 -4.0497e-05	 -0.975267	 -0.000662899	 0.973	 -0.000587757
60	 -0.0289922	 -3.93395e-05	 -0.9736	 -0.000661312	 0.991378	 -0.000577908
60.02	 -0.029367	 -3.8116e-05	 -0.971899	 -0.000660009	 1.00984	 -0.000567607
60.04	 -0.0297517	 -3.68281e-05	 -0.970164	 -0.000658987	 1.02838	 -0.000556867
60.06	 -0.0301461	 -3.54776e-05	 -0.968396	 -0.000658243	 1.04699	 -0.0005457
60.08	 -0.0305498	 -3.40666e-05	 -0.966594	 -0.000657773	 1.06568	 -0.000534119
60.1	 -0.0309625	 -3.2597e-05	 -0.964758	 -0.000657573	 1.08444	 -0.000522137
60.12	 -0.0313839	 -3.1071e-05	 -0.962887	 -0.000657639	 1.10327	 -0.000509769
60.14	 -0.0318136	 -2.94908e-05	 -0.960983	 -0.000657966	 1.12216	 -0.000497029
60.16	 -0.0322515	 -2.78587e-05	 -0.959044	 -0.000658549	 1.14112	 -0.000483931
60.18	 -0.0326969	 -2.61772e-05	 -0.95707	 -0.000659383	 1.16012	 -0.00047049
60.2	 -0.0331496	 -2.44486e-05	 -0.95506	 -0.000660462	 1.17919	 -0.000456723
60.22	 -0.0336092	 -2.26756e-05	 -0.953015	 -0.00066178	 1.1983	 -0.000442645
60.24	 -0.0340753	 -2.08606e-05	 -0.950933	 -0.000663331	 1.21745	 -0.000428272
60.26	 -0.0345474	 -1.90065e-05	 -0.948814	 -0.000665107	 1.23664	 -0.000413622
60.28	 -0.0350251	 -1.7116e-05	 -0.946658	 -0.000667103	 1.25587	 -0.000398711
60.3	 -0.035508	 -1.51918e-05	 -0.944464	 -0.00066931	 1.27513	 -0.000383556
60.32	 -0.0359956	 -1.32368e-05	 -0.94223	 -0.000671721	 1.29441	 -0.000368175
60.34	 -0.0364875	 -1.12538e-05	 -0.939958	 -0.000674328	 1.31371	 -0.000352586
60.36	 -0.0369831	 -9.24591e-06	 -0.937645	 -0.000677123	 1.33303	 -0.000336807
60.38	 -0.0374821	 -7.21597e-06	 -0.935291	 -0.000680099	 1.35236	 -0.000320856
60.4	 -0.0379838	 -5.16701e-06	 -0.932896	 -0.000683245	 1.37169	 -0.000304752
60.42	 -0.0384879	 -3.10206e-06	 -0.930457	 -0.000686553	 1.39101	 -0.000288513
60.44	 -0.0389938	 -1.02417e-06	 -0.927976	 -0.000690015	 1.41033	 -0.000272158
60.46	 -0.0395011	 1.06358e-06	 -0.92545	 -0.00069362	 1.42964	 -0.000255706
60.48	 -0.0400091	 3.15813e-06	 -0.922879	 -0.00069736	 1.44892	 -0.000239177
60.5	 -0.0405175	 5.25639e-06	 -0.920263	 -0.000701225	 1.46818	 -0.000222588
60.52	 -0.0410257	 7.35526e-06	 -0.917599	 -0.000705204	 1.4874	 -0.000205959
60.54	 -0.0415332	 9.45167e-06	 -0.914888	 -0.000709289	 1.50658	 -0.00018931
60.56	 -0.0420395	 1.15425e-05	 -0.912128	 -0.000713468	 1.52571	 -0.00017266
60.58	 -0.042544	 1.36248e-05	 -0.90932	 -0.000717731	 1.54479	 -0.000156027
60.6	 -0.0430463	 1.56954e-05	 -0.906461	 -0.000722068	 1.5638	 -0.000139432
60.62	 -0.0435459	 1.77513e-05	 -0.903551	 -0.000726469	 1.58275	 -0.000122892
60.64	 -0.0440422	 1.97896e-05	 -0.900589	 -0.000730923	 1.60162	 -0.000106427
60.66	 -0.0445348	 2.18072e-05	 -0.897575	 -0.000735419	 1.6204	 -9.00568e-05
60.68	 -0.0450231	 2.38013e-05	 -0.894507	 -0.000739946	 1.6391	 -7.37988e-05
60.7	 -0.0455067	 2.5769e-05	 -0.891386	 -0.000744494	 1.65769	 -5.76722e-05
60.72	 -0.0459851	 2.77073e-05	 -0.88821	 -0.000749052	 1.67618	 -4.16953e-05
60.74	 -0.0464579	 2.96136e-05	 -0.884978	 -0.000753609	 1.69455	 -2.58865e-05
60.76	 -0.0469244	 3.14851e-05	 -0.881691	 -0.000758154	 1.7128	 -1.02637e-05
60.78	 -0.0473844	 3.33191e-05	 -0.878347	 -0.000762676	 1.73092	 5.15521e-06
60.8	 -0.0478373	 3.5113e-05	 -0.874946	 -0.000767165	 1.7489	 2.03527e-05
60.82	 -0.0482826	 3.68643e-05	 -0.871488	 -0.000771609	 1.76673	 3.53115e-05
60.84	 -0.0487201	 3.85705e-05	 -0.867972	 -0.000775998	 1.7844	 5.00146e-05
60.86	 -0.0491492	 4.02291e-05	 -0.864397	 -0.000780322	 1.80191	 6.44455e-05
60.88	 -0.0495696	 4.18379e-05	 -0.860764	 -0.000784569	 1.81925	 7.85877e-05
60.9	 -0.0499808	 4.33946e-05	 -0.857072	 -0.00078873	 1.83641	 9.24253e-05
60.92	 -0.0503825	 4.48971e-05	 -0.853321	 -0.000792794	 1.85337	 0.000105943
60.94	 -0.0507743	 4.63432e-05	 -0.849511	 -0.000796751	 1.87014	 0.000119125
60.96	 -0.0511559	 4.77311e-05	 -0.845642	 -0.000800591	 1.88671	 0.000131957
60.98	 -0.0515269	 4.90587e-05	 -0.841714	 -0.000804304	 1.90305	 0.000144425
61	 -0.0518871	 5.03244e-05	 -0.837727	 -0.00080788	 1.91918	 0.000156514
61.02	 -0.052236	 5.15264e-05	 -0.833682	 -0.000811311	 1.93507	 0.000168211
61.04	 -0.0525734	 5.2663e-05	 -0.829577	 -0.000814585	 1.95072	 0.000179504
61.06	 -0.0528991	 5.37329e-05	 -0.825415	 -0.000817696	 1.96613	 0.00019038
61.08	 -0.0532128	 5.47346e-05	 -0.821195	 -0.000820633	 1.98127	 0.000200826
61.1	 -0.0535142	 5.56669e-05	 -0.816918	 -0.000823388	 1.99615	 0.000210832
61.12	 -0.0538032	 5.65285e-05	 -0.812584	 -0.000825953	 2.01076	 0.000220387
61.14	 -0.0540795	 5.73183e-05	 -0.808195	 -0.00082832	 2.02508	 0.000229479
61.16	 -0.0543429	 5.80355e-05	 -0.80375	 -0.000830481	 2.03912	 0.0002381
61.18	 -0.0545933	 5.86792e-05	 -0.799252	 -0.000832428	 2.05285	 0.000246241
61.2	 -0.0548306	 5.92485e-05	 -0.7947	 -0.000834155	 2.06627	 0.000253892
61.22	 -0.0550546	 5.9743e-05	 -0.790096	 -0.000835655	 2.07939	 0.000261045
61.24	 -0.0552651	 6.0162e-05	 -0.785441	 -0.00083692	 2.09217	 0.000267694
61.26	 -0.0554622	 6.05052e-05	 -0.780736	 -0.000837946	 2.10463	 0.00027383
61.28	 -0.0556457	 6.07723e-05	 -0.775983	 -0.000838726	 2.11675	 0.000279449
61.3	 -0.0558156	 6.09631e-05	 -0.771182	 -0.000839255	 2.12852	 0.000284545
61.32	 -0.0559719	 6.10775e-05	 -0.766337	 -0.000839528	 2.13994	 0.000289112
61.34	 -0.0561145	 6.11156e-05	 -0.761447	 -0.00083954	 2.15099	 0.000293146
61.36	 -0.0562434	 6.10775e-05	 -0.756516	 -0.000839287	 2.16168	 0.000296644
61.38	 -0.0563586	 6.09635e-05	 -0.751544	 -0.000838765	 2.17199	 0.000299602
61.4	 -0.0564603	 6.0774e-05	 -0.746534	 -0.000837971	 2.18191	 0.000302019
61.42	 -0.0565484	 6.05094e-05	 -0.741487	 -0.000836901	 2.19145	 0.000303892
61.44	 -0.056623	 6.01704e-05	 -0.736406	 -0.000835554	 2.20059	 0.000305221
61.46	 -0.0566843	 5.97575e-05	 -0.731293	 -0.000833926	 2.20933	 0.000306005
61.48	 -0.0567323	 5.92717e-05	 -0.726149	 -0.000832016	 2.21765	 0.000306244
61.5	 -0.0567671	 5.87137e-05	 -0.720978	 -0.000829824	 2.22556	 0.00030594
61.52	 -0.0567889	 5.80847e-05	 -0.715782	 -0.000827348	 2.23305	 0.000305094
61.54	 -0.0567978	 5.73856e-05	 -0.710562	 -0.000824587	 2.24011	 0.000303709
61.56	 -0.0567941	 5.66178e-05	 -0.705323	 -0.000821542	 2.24674	 0.000301786
61.58	 -0.0567778	 5.57823e-05	 -0.700065	 -0.000818214	 2.25292	 0.000299331
61.6	 -0.0567493	 5.48807e-05	 -0.694793	 -0.000814602	 2.25866	 0.000296347
61.62	 -0.0567087	 5.39143e-05	 -0.689509	 -0.00081071	 2.26396	 0.000292838
61.64	 -0.0566562	 5.28847e-05	 -0.684215	 -0.000806539	 2.2688	 0.000288812
61.66	 -0.0565922	 5.17935e-05	 -0.678914	 -0.00080209	 2.27318	 0.000284273
61.68	 -0.0565167	 5.06424e-05	 -0.67361	 -0.000797368	 2.27709	 0.000279229
61.7	 -0.0564302	 4.94332e-05	 -0.668305	 -0.000792375	 2.28054	 0.000273687
61.72	 -0.0563329	 4.81677e-05	 -0.663003	 -0.000787115	 2.28352	 0.000267655
61.74	 -0.056225	 4.68478e-05	 -0.657706	 -0.000781592	 2.28602	 0.000261143
61.76	 -0.0561069	 4.54755e-05	 -0.652418	 -0.000775812	 2.28804	 0.000254158
61.78	 -0.0559788	 4.40528e-05	 -0.647142	 -0.000769779	 2.28958	 0.000246712
61.8	 -0.0558412	 4.25818e-05	 -0.641881	 -0.000763498	 2.29064	 0.000238814
61.82	 -0.0556942	 4.10647e-05	 -0.636638	 -0.000756976	 2.29121	 0.000230475
61.84	 -0.0555382	 3.95036e-05	 -0.631416	 -0.00075022	 2.29129	 0.000221708
61.86	 -0.0553736	 3.79009e-05	 -0.62622	 -0.000743235	 2.29088	 0.000212525
61.88	 -0.0552007	 3.62587e-05	 -0.621052	 -0.000736031	 2.28997	 0.000202937
61.9	 -0.0550198	 3.45795e-05	 -0.615915	 -0.000728613	 2.28857	 0.000192959
61.92	 -0.0548313	 3.28655e-05	 -0.610813	 -0.00072099	 2.28667	 0.000182603
61.94	 -0.0546356	 3.11192e-05	 -0.605749	 -0.000713171	 2.28428	 0.000171885
61.96	 -0.0544328	 2.9343e-05	 -0.600727	 -0.000705165	 2.28138	 0.000160819
61.98	 -0.0542236	 2.75394e-05	 -0.59575	 -0.000696981	 2.27799	 0.000149419
62	 -0.054008	 2.57107e-05	 -0.590821	 -0.000688628	 2.2741	 0.000137702
62.02	 -0.0537866	 2.38596e-05	 -0.585944	 -0.000680116	 2.26971	 0.000125683
62.04	 -0.0535597	 2.19885e-05	 -0.581122	 -0.000671457	 2.26482	 0.00011338
62.06	 -0.0533276	 2.00999e-05	 -0.576358	 -0.000662659	 2.25943	 0.000100807
62.08	 -0.0530907	 1.81963e-05	 -0.571655	 -0.000653735	 2.25355	 8.79837e-05
62.1	 -0.0528492	 1.62802e-05	 -0.567017	 -0.000644695	 2.24717	 7.49264e-05
62.12	 -0.0526036	 1.43542e-05	 -0.562447	 -0.000635551	 2.2403	 6.1653e-05
62.14	 -0.0523542	 1.24207e-05	 -0.557949	 -0.000626314	 2.23293	 4.81816e-05
62.16	 -0.0521013	 1.04823e-05	 -0.553524	 -0.000616997	 2.22507	 3.45307e-05
62.18	 -0.0518452	 8.54142e-06	 -0.549177	 -0.000607612	 2.21673	 2.07188e-05
62.2	 -0.0515862	 6.60054e-06	 -0.54491	 -0.000598171	 2.2079	 6.76486e-06
62.22	 -0.0513247	 4.66212e-06	 -0.540727	 -0.000588687	 2.19859	 -7.31207e-06
62.24	 -0.0510609	 2.72856e-06	 -0.53663	 -0.000579172	 2.1888	 -2.14927e-05
62.26	 -0.0507951	 8.02279e-07	 -0.532622	 -0.00056964	 2.17853	 -3.57576e-05
62.28	 -0.0505277	 -1.11437e-06	 -0.528706	 -0.000560103	 2.1678	 -5.00872e-05
62.3	 -0.0502588	 -3.01904e-06	 -0.524885	 -0.000550575	 2.15659	 -6.44618e-05
62.32	 -0.0499888	 -4.90944e-06	 -0.521161	 -0.000541069	 2.14493	 -7.88615e-05
62.34	 -0.0497179	 -6.78331e-06	 -0.517537	 -0.000531599	 2.1328	 -9.32666e-05
62.36	 -0.0494463	 -8.63844e-06	 -0.514015	 -0.000522177	 2.12022	 -0.000107657
62.38	 -0.0491743	 -1.04727e-05	 -0.510598	 -0.000512818	 2.10719	 -0.000122013
62.4	 -0.048902	 -1.22838e-05	 -0.507289	 -0.000503534	 2.09372	 -0.000136314
62.42	 -0.0486297	 -1.40699e-05	 -0.504088	 -0.000494339	 2.07981	 -0.000150541
62.44	 -0.0483576	 -1.58288e-05	 -0.500999	 -0.000485247	 2.06547	 -0.000164674
62.46	 -0.0480858	 -1.75586e-05	 -0.498024	 -0.000476271	 2.05071	 -0.000178693
62.48	 -0.0478145	 -1.92574e-05	 -0.495164	 -0.000467424	 2.03553	 -0.000192578
62.5	 -0.0475438	 -2.09233e-05	 -0.492421	 -0.000458719	 2.01993	 -0.00020631
62.52	 -0.0472739	 -2.25546e-05	 -0.489797	 -0.000450171	 2.00393	 -0.000219869
62.54	 -0.0470049	 -2.41496e-05	 -0.487294	 -0.000441791	 1.98754	 -0.000233237
62.56	 -0.0467369	 -2.57065e-05	 -0.484913	 -0.000433593	 1.97075	 -0.000246394
62.58	 -0.0464701	 -2.72238e-05	 -0.482655	 -0.000425589	 1.95358	 -0.000259321
62.6	 -0.0462044	 -2.86999e-05	 -0.480523	 -0.000417791	 1.93603	 -0.000272001
62.62	 -0.0459399	 -3.01335e-05	 -0.478516	 -0.000410213	 1.91812	 -0.000284414
62.64	 -0.0456768	 -3.15231e-05	 -0.476636	 -0.000402866	 1.89985	 -0.000296544
62.66	 -0.045415	 -3.28675e-05	 -0.474884	 -0.000395762	 1.88122	 -0.000308372
62.68	 -0.0451545	 -3.41654e-05	 -0.473261	 -0.000388913	 1.86226	 -0.000319881
62.7	 -0.0448954	 -3.54157e-05	 -0.471768	 -0.000382329	 1.84296	 -0.000331055
62.72	 -0.0446377	 -3.66173e-05	 -0.470404	 -0.000376023	 1.82334	 -0.000341877
62.74	 -0.0443814	 -3.77691e-05	 -0.469171	 -0.000370004	 1.80341	 -0.00035233
62.76	 -0.0441264	 -3.88704e-05	 -0.468069	 -0.000364282	 1.78317	 -0.000362401
62.78	 -0.0438726	 -3.99201e-05	 -0.467098	 -0.000358869	 1.76263	 -0.000372073
62.8	 -0.0436201	 -4.09177e-05	 -0.466258	 -0.000353773	 1.74181	 -0.000381332
62.82	 -0.0433688	 -4.18623e-05	 -0.465549	 -0.000349003	 1.72071	 -0.000390164
62.84	 -0.0431186	 -4.27534e-05	 -0.464972	 -0.000344569	 1.69934	 -0.000398555
62.86	 -0.0428693	 -4.35905e-05	 -0.464525	 -0.000340478	 1.67772	 -0.000406494
62.88	 -0.042621	 -4.43731e-05	 -0.464208	 -0.000336739	 1.65585	 -0.000413966
62.9	 -0.0423734	 -4.51009e-05	 -0.464021	 -0.00033336	 1.63375	 -0.000420961
62.92	 -0.0421265	 -4.57734e-05	 -0.463964	 -0.000330346	 1.61142	 -0.000427467
62.94	 -0.0418801	 -4.63907e-05	 -0.464035	 -0.000327705	 1.58887	 -0.000433475
62.96	 -0.0416342	 -4.69525e-05	 -0.464234	 -0.000325443	 1.56612	 -0.000438974
62.98	 -0.0413884	 -4.74587e-05	 -0.46456	 -0.000323565	 1.54317	 -0.000443954
63	 -0.0411428	 -4.79094e-05	 -0.465011	 -0.000322076	 1.52004	 -0.000448408
63.02	 -0.040897	 -4.83047e-05	 -0.465588	 -0.000320981	 1.49674	 -0.000452329
63.04	 -0.040651	 -4.86447e-05	 -0.466288	 -0.000320284	 1.47328	 -0.000455707
63.06	 -0.0404045	 -4.89298e-05	 -0.467109	 -0.000319988	 1.44966	 -0.000458539
63.08	 -0.0401574	 -4.91602e-05	 -0.468052	 -0.000320097	 1.4259	 -0.000460817
63.1	 -0.0399095	 -4.93364e-05	 -0.469114	 -0.000320613	 1.40201	 -0.000462537
63.12	 -0.0396606	 -4.94588e-05	 -0.470293	 -0.000321537	 1.37801	 -0.000463694
63.14	 -0.0394104	 -4.95279e-05	 -0.471588	 -0.000322871	 1.35389	 -0.000464287
63.16	 -0.0391588	 -4.95444e-05	 -0.472997	 -0.000324616	 1.32968	 -0.000464311
63.18	 -0.0389056	 -4.95089e-05	 -0.474518	 -0.000326772	 1.30538	 -0.000463766
63.2	 -0.0386506	 -4.94222e-05	 -0.47615	 -0.000329339	 1.28101	 -0.00046265
63.22	 -0.0383935	 -4.92852e-05	 -0.47789	 -0.000332316	 1.25657	 -0.000460963
63.24	 -0.0381342	 -4.90986e-05	 -0.479735	 -0.000335702	 1.23207	 -0.000458705
63.26	 -0.0378724	 -4.88633e-05	 -0.481685	 -0.000339494	 1.20753	 -0.000455878
63.28	 -0.037608	 -4.85805e-05	 -0.483736	 -0.00034369	 1.18296	 -0.000452484
63.3	 -0.0373408	 -4.82511e-05	 -0.485887	 -0.000348288	 1.15837	 -0.000448527
63.32	 -0.0370705	 -4.78762e-05	 -0.488135	 -0.000353283	 1.13377	 -0.000444009
63.34	 -0.0367969	 -4.74571e-05	 -0.490478	 -0.000358671	 1.10916	 -0.000438935
63.36	 -0.0365199	 -4.69948e-05	 -0.492913	 -0.000364449	 1.08457	 -0.000433311
63.38	 -0.0362393	 -4.64906e-05	 -0.495438	 -0.00037061	 1.05999	 -0.000427143
63.4	 -0.0359548	 -4.59459e-05	 -0.498049	 -0.000377149	 1.03544	 -0.000420438
63.42	 -0.0356664	 -4.53621e-05	 -0.500746	 -0.000384059	 1.01094	 -0.000413202
63.44	 -0.0353739	 -4.47403e-05	 -0.503525	 -0.000391336	 0.986481	 -0.000405445
63.46	 -0.0350771	 -4.40822e-05	 -0.506383	 -0.00039897	 0.962085	 -0.000397177
63.48	 -0.0347758	 -4.33892e-05	 -0.509318	 -0.000406955	 0.937759	 -0.000388405
63.5	 -0.03447	 -4.26628e-05	 -0.512328	 -0.000415282	 0.913513	 -0.000379142
63.52	 -0.0341595	 -4.19044e-05	 -0.515409	 -0.000423944	 0.889357	 -0.000369399
63.54	 -0.0338441	 -4.11158e-05	 -0.518559	 -0.00043293	 0.865299	 -0.000359187
63.56	 -0.0335238	 -4.02984e-05	 -0.521775	 -0.000442233	 0.84135	 -0.00034852
63.58	 -0.0331985	 -3.94539e-05	 -0.525054	 -0.000451841	 0.817519	 -0.000337411
63.6	 -0.0328681	 -3.85839e-05	 -0.528395	 -0.000461745	 0.793815	 -0.000325873
63.62	 -0.0325325	 -3.76901e-05	 -0.531793	 -0.000471935	 0.770246	 -0.000313922
63.64	 -0.0321917	 -3.67742e-05	 -0.535247	 -0.000482399	 0.746822	 -0.000301572
63.66	 -0.0318456	 -3.58378e-05	 -0.538754	 -0.000493127	 0.723552	 -0.00028884
63.68	 -0.0314942	 -3.48827e-05	 -0.542311	 -0.000504106	 0.700444	 -0.000275743
63.7	 -0.0311375	 -3.39106e-05	 -0.545916	 -0.000515326	 0.677506	 -0.000262296
63.72	 -0.0307756	 -3.29233e-05	 -0.549565	 -0.000526773	 0.654747	 -0.000248519
63.74	 -0.0304084	 -3.19223e-05	 -0.553257	 -0.000538435	 0.632176	 -0.000234428
63.76	 -0.0300359	 -3.09096e-05	 -0.556989	 -0.000550301	 0.609799	 -0.000220043
63.78	 -0.0296582	 -2.98867e-05	 -0.560759	 -0.000562356	 0.587625	 -0.000205382
63.8	 -0.0292755	 -2.88555e-05	 -0.564563	 -0.000574588	 0.565661	 -0.000190465
63.82	 -0.0288877	 -2.78177e-05	 -0.5684	 -0.000586983	 0.543916	 -0.000175311
63.84	 -0.0284949	 -2.67749e-05	 -0.572267	 -0.000599528	 0.522396	 -0.000159942
63.86	 -0.0280974	 -2.57289e-05	 -0.576161	 -0.00061221	 0.501108	 -0.000144377
63.88	 -0.0276952	 -2.46814e-05	 -0.580082	 -0.000625013	 0.48006	 -0.000128639
63.9	 -0.0272886	 -2.3634e-05	 -0.584025	 -0.000637926	 0.459259	 -0.000112747
63.92	 -0.0268775	 -2.25885e-05	 -0.58799	 -0.000650932	 0.43871	 -9.67229e-05
63.94	 -0.0264623	 -2.15464e-05	 -0.591973	 -0.00066402	 0.418422	 -8.05895e-05
63.96	 -0.0260432	 -2.05093e-05	 -0.595974	 -0.000677173	 0.398399	 -6.43683e-05
63.98	 -0.0256204	 -1.9479e-05	 -0.599989	 -0.000690378	 0.378649	 -4.80815e-05
64	 -0.0251941	 -1.84568e-05	 -0.604018	 -0.000703621	 0.359177	 -3.17514e-05
64.02	 -0.0247646	 -1.74444e-05	 -0.608058	 -0.000716888	 0.339989	 -1.54004e-05
64.04	 -0.0243322	 -1.64433e-05	 -0.612107	 -0.000730164	 0.321092	 9.48928e-07
64.06	 -0.0238971	 -1.5455e-05	 -0.616163	 -0.000743435	 0.302489	 1.72739e-05
64.08	 -0.0234597	 -1.44808e-05	 -0.620226	 -0.000756687	 0.284188	 3.3552e-05
64.1	 -0.0230202	 -1.35222e-05	 -0.624292	 -0.000769906	 0.266192	 4.97605e-05
64.12	 -0.0225791	 -1.25806e-05	 -0.628362	 -0.000783077	 0.248507	 6.58768e-05
64.14	 -0.0221367	 -1.16573e-05	 -0.632433	 -0.000796188	 0.231139	 8.18783e-05
64.16	 -0.0216933	 -1.07535e-05	 -0.636503	 -0.000809225	 0.21409	 9.77427e-05
64.18	 -0.0212494	 -9.87053e-06	 -0.640573	 -0.000822173	 0.197367	 0.000113448
64.2	 -0.0208053	 -9.00957e-06	 -0.644639	 -0.00083502	 0.180974	 0.000128971
64.22	 -0.0203614	 -8.17176e-06	 -0.648702	 -0.000847752	 0.164914	 0.00014429
64.24	 -0.0199182	 -7.35819e-06	 -0.65276	 -0.000860356	 0.149192	 0.000159385
64.26	 -0.0194761	 -6.56991e-06	 -0.656812	 -0.00087282	 0.133811	 0.000174232
64.28	 -0.0190355	 -5.80793e-06	 -0.660857	 -0.000885131	 0.118776	 0.000188811
64.3	 -0.0185969	 -5.07319e-06	 -0.664894	 -0.000897276	 0.104089	 0.000203101
64.32	 -0.0181608	 -4.36657e-06	 -0.668922	 -0.000909244	 0.0897546	 0.000217081
64.34	 -0.0177277	 -3.68893e-06	 -0.672941	 -0.000921023	 0.0757756	 0.000230731
64.36	 -0.017298	 -3.04105e-06	 -0.67695	 -0.000932601	 0.0621551	 0.000244031
64.38	 -0.0168721	 -2.42365e-06	 -0.680949	 -0.000943968	 0.048896	 0.000256963
64.4	 -0.0164507	 -1.83741e-06	 -0.684935	 -0.000955112	 0.0360009	 0.000269505
64.42	 -0.0160342	 -1.28294e-06	 -0.688911	 -0.000966023	 0.0234726	 0.000281642
64.44	 -0.0156232	 -7.60799e-07	 -0.692874	 -0.000976691	 0.0113133	 0.000293353
64.46	 -0.0152181	 -2.71491e-07	 -0.696824	 -0.000987106	 -0.000474539	 0.000304623
64.48	 -0.0148194	 1.84546e-07	 -0.700762	 -0.000997258	 -0.0118889	 0.000315433
64.5	 -0.0144277	 6.06927e-07	 -0.704687	 -0.00100714	 -0.0229279	 0.000325767
64.52	 -0.0140435	 9.95328e-07	 -0.708598	 -0.00101674	 -0.0335896	 0.000335611
64.54	 -0.0136673	 1.34948e-06	 -0.712496	 -0.00102605	 -0.0438725	 0.000344948
64.56	 -0.0132997	 1.66918e-06	 -0.71638	 -0.00103507	 -0.053775	 0.000353764
64.58	 -0.0129411	 1.95428e-06	 -0.720251	 -0.00104379	 -0.0632957	 0.000362046
64.6	 -0.0125921	 2.20469e-06	 -0.724109	 -0.00105219	 -0.0724336	 0.000369779
64.62	 -0.0122532	 2.42037e-06	 -0.727953	 -0.00106028	 -0.0811875	 0.000376952
64.64	 -0.0119248	 2.60135e-06	 -0.731783	 -0.00106804	 -0.0895566	 0.000383554
64.66	 -0.0116076	 2.74772e-06	 -0.735601	 -0.00107548	 -0.09754	 0.000389572
64.68	 -0.0113019	 2.8596e-06	 -0.739405	 -0.00108258	 -0.105137	 0.000394996
64.7	 -0.0110083	 2.9372e-06	 -0.743197	 -0.00108935	 -0.112348	 0.000399818
64.72	 -0.0107273	 2.98077e-06	 -0.746976	 -0.00109577	 -0.119172	 0.000404028
64.74	 -0.0104594	 2.99061e-06	 -0.750743	 -0.00110185	 -0.125608	 0.000407618
64.76	 -0.0102049	 2.96707e-06	 -0.754497	 -0.00110757	 -0.131658	 0.000410582
64.78	 -0.00996439	 2.91058e-06	 -0.75824	 -0.00111295	 -0.13732	 0.000412912
64.8	 -0.00973826	 2.82158e-06	 -0.761972	 -0.00111797	 -0.142596	 0.000414604
64.82	 -0.00952695	 2.7006e-06	 -0.765692	 -0.00112263	 -0.147485	 0.000415653
64.84	 -0.00933086	 2.54819e-06	 -0.769402	 -0.00112694	 -0.151988	 0.000416054
64.86	 -0.00915041	 2.36496e-06	 -0.773102	 -0.00113089	 -0.156106	 0.000415805
64.88	 -0.00898595	 2.15157e-06	 -0.776792	 -0.00113448	 -0.15984	 0.000414903
64.9	 -0.00883788	 1.90871e-06	 -0.780472	 -0.00113771	 -0.163191	 0.000413348
64.92	 -0.00870652	 1.63713e-06	 -0.784143	 -0.00114058	 -0.166159	 0.000411139
64.94	 -0.00859221	 1.33761e-06	 -0.787806	 -0.0011431	 -0.168746	 0.000408275
64.96	 -0.00849527	 1.01099e-06	 -0.79146	 -0.00114526	 -0.170953	 0.000404759
64.98	 -0.00841599	 6.58109e-07	 -0.795106	 -0.00114706	 -0.172782	 0.000400592
65	 -0.00835463	 2.79887e-07	 -0.798744	 -0.00114852	 -0.174234	 0.000395778
65.02	 -0.00831145	 -1.22748e-07	 -0.802375	 -0.00114962	 -0.175311	 0.000390319
65.04	 -0.00828667	 -5.48825e-07	 -0.806	 -0.00115038	 -0.176015	 0.000384221
65.06	 -0.00828051	 -9.97344e-07	 -0.809617	 -0.0011508	 -0.176347	 0.000377488
65.08	 -0.00829315	 -1.46728e-06	 -0.813228	 -0.00115088	 -0.176311	 0.000370128
65.1	 -0.00832474	 -1.95756e-06	 -0.816834	 -0.00115062	 -0.175907	 0.000362146
65.12	 -0.00837543	 -2.46712e-06	 -0.820433	 -0.00115004	 -0.175139	 0.000353552
65.14	 -0.00844533	 -2.99484e-06	 -0.824027	 -0.00114914	 -0.174008	 0.000344353
65.16	 -0.00853453	 -3.5396e-06	 -0.827615	 -0.00114791	 -0.172518	 0.00033456
65.18	 -0.00864309	 -4.10024e-06	 -0.831198	 -0.00114638	 -0.170671	 0.000324181
65.2	 -0.00877105	 -4.67561e-06	 -0.834775	 -0.00114454	 -0.168469	 0.000313228
65.22	 -0.00891841	 -5.26451e-06	 -0.838348	 -0.00114241	 -0.165916	 0.000301713
65.24	 -0.00908517	 -5.86576e-06	 -0.841915	 -0.00113998	 -0.163015	 0.000289649
65.26	 -0.0092713	 -6.47814e-06	 -0.845478	 -0.00113727	 -0.159768	 0.000277047
65.28	 -0.00947671	 -7.10043e-06	 -0.849035	 -0.00113429	 -0.156179	 0.000263923
65.3	 -0.00970132	 -7.73143e-06	 -0.852587	 -0.00113104	 -0.15225	 0.00025029
65.32	 -0.00994502	 -8.36988e-06	 -0.856133	 -0.00112753	 -0.147987	 0.000236164
65.34	 -0.0102076	 -9.01457e-06	 -0.859674	 -0.00112377	 -0.14339	 0.00022156
65.36	 -0.010489	 -9.66425e-06	 -0.863208	 -0.00111977	 -0.138466	 0.000206495
65.38	 -0.010789	 -1.03177e-05	 -0.866737	 -0.00111554	 -0.133216	 0.000190985
65.4	 -0.0111073	 -1.09737e-05	 -0.870258	 -0.00111108	 -0.127644	 0.000175049
65.42	 -0.0114437	 -1.16309e-05	 -0.873773	 -0.00110642	 -0.121755	 0.000158704
65.44	 -0.011798	 -1.22883e-05	 -0.87728	 -0.00110155	 -0.115552	 0.00014197
65.46	 -0.0121697	 -1.29445e-05	 -0.880779	 -0.00109649	 -0.109039	 0.000124864
65.48	 -0.0125587	 -1.35984e-05	 -0.88427	 -0.00109124	 -0.102221	 0.000107407
65.5	 -0.0129645	 -1.42488e-05	 -0.887751	 -0.00108583	 -0.0950999	 8.9618e-05
65.52	 -0.0133868	 -1.48944e-05	 -0.891222	 -0.00108026	 -0.0876813	 7.15183e-05
65.54	 -0.0138251	 -1.55342e-05	 -0.894682	 -0.00107453	 -0.0799691	 5.31286e-05
65.56	 -0.0142791	 -1.6167e-05	 -0.89813	 -0.00106867	 -0.0719675	 3.44698e-05
65.58	 -0.0147484	 -1.67917e-05	 -0.901566	 -0.00106268	 -0.0636806	 1.55636e-05
65.6	 -0.0152324	 -1.74071e-05	 -0.904989	 -0.00105657	 -0.0551129	 -3.56819e-06
65.62	 -0.0157306	 -1.80123e-05	 -0.908397	 -0.00105036	 -0.0462686	 -2.29035e-05
65.64	 -0.0162426	 -1.8606e-05	 -0.911789	 -0.00104405	 -0.0371522	 -4.24199e-05
65.66	 -0.0167678	 -1.91873e-05	 -0.915165	 -0.00103766	 -0.0277681	 -6.20949e-05
65.68	 -0.0173057	 -1.97553e-05	 -0.918522	 -0.0010312	 -0.0181208	 -8.19056e-05
65.7	 -0.0178557	 -2.03088e-05	 -0.921861	 -0.00102468	 -0.00821471	 -0.000101829
65.72	 -0.0184172	 -2.0847e-05	 -0.925179	 -0.0010181	 0.00194562	 -0.000121842
65.74	 -0.0189896	 -2.1369e-05	 -0.928476	 -0.00101149	 0.0123556	 -0.000141922
65.76	 -0.0195724	 -2.18738e-05	 -0.931749	 -0.00100486	 0.0230108	 -0.000162045
65.78	 -0.0201649	 -2.23606e-05	 -0.934998	 -0.000998203	 0.0339066	 -0.000182188
65.8	 -0.0207663	 -2.28286e-05	 -0.93822	 -0.000991545	 0.0450383	 -0.000202327
65.82	 -0.0213762	 -2.32769e-05	 -0.941415	 -0.000984894	 0.0564014	 -0.00022244
65.84	 -0.0219937	 -2.37049e-05	 -0.944581	 -0.00097826	 0.0679913	 -0.000242503
65.86	 -0.0226183	 -2.41119e-05	 -0.947715	 -0.000971655	 0.0798035	 -0.000262492
65.88	 -0.0232492	 -2.44971e-05	 -0.950818	 -0.000965088	 0.0918333	 -0.000282385
65.9	 -0.0238857	 -2.48598e-05	 -0.953885	 -0.000958571	 0.104076	 -0.000302158
65.92	 -0.0245272	 -2.51996e-05	 -0.956917	 -0.000952113	 0.116527	 -0.00032179
65.94	 -0.0251728	 -2.55159e-05	 -0.95991	 -0.000945725	 0.129183	 -0.000341256
65.96	 -0.025822	 -2.5808e-05	 -0.962864	 -0.000939417	 0.142037	 -0.000360535
65.98	 -0.0264739	 -2.60756e-05	 -0.965776	 -0.000933199	 0.155087	 -0.000379604
66	 -0.0271278	 -2.63182e-05	 -0.968645	 -0.000927079	 0.168327	 -0.000398442
66.02	 -0.027783	 -2.65353e-05	 -0.971468	 -0.000921069	 0.181753	 -0.000417027
66.04	 -0.0284387	 -2.67267e-05	 -0.974243	 -0.000915176	 0.19536	 -0.000435337
66.06	 -0.0290943	 -2.6892e-05	 -0.976969	 -0.00090941	 0.209144	 -0.000453352
66.08	 -0.029749	 -2.70308e-05	 -0.979644	 -0.000903779	 0.223101	 -0.000471051
66.1	 -0.030402	 -2.71431e-05	 -0.982265	 -0.000898292	 0.237227	 -0.000488413
66.12	 -0.0310526	 -2.72285e-05	 -0.984831	 -0.000892957	 0.251516	 -0.000505419
66.14	 -0.0317002	 -2.72869e-05	 -0.987339	 -0.000887781	 0.265966	 -0.00052205
66.16	 -0.0323439	 -2.73182e-05	 -0.989787	 -0.000882772	 0.280571	 -0.000538286
66.18	 -0.0329832	 -2.73223e-05	 -0.992173	 -0.000877938	 0.295327	 -0.000554109
66.2	 -0.0336172	 -2.72992e-05	 -0.994496	 -0.000873285	 0.310232	 -0.000569501
66.22	 -0.0342452	 -2.72488e-05	 -0.996753	 -0.000868819	 0.325279	 -0.000584445
66.24	 -0.0348667	 -2.71712e-05	 -0.998942	 -0.000864547	 0.340466	 -0.000598924
66.26	 -0.0354809	 -2.70665e-05	 -1.00106	 -0.000860475	 0.355788	 -0.000612921
66.28	 -0.0360871	 -2.69347e-05	 -1.00311	 -0.000856609	 0.371241	 -0.000626422
66.3	 -0.0366848	 -2.67761e-05	 -1.00508	 -0.000852953	 0.386823	 -0.00063941
66.32	 -0.0372732	 -2.65907e-05	 -1.00698	 -0.000849512	 0.402528	 -0.000651872
66.34	 -0.0378517	 -2.63788e-05	 -1.0088	 -0.000846291	 0.418354	 -0.000663793
66.36	 -0.0384198	 -2.61406e-05	 -1.01054	 -0.000843294	 0.434296	 -0.000675161
66.38	 -0.0389769	 -2.58765e-05	 -1.01219	 -0.000840525	 0.450351	 -0.000685962
66.4	 -0.0395223	 -2.55867e-05	 -1.01377	 -0.000837986	 0.466516	 -0.000696186
66.42	 -0.0400556	 -2.52716e-05	 -1.01525	 -0.000835682	 0.482787	 -0.00070582
66.44	 -0.0405762	 -2.49315e-05	 -1.01665	 -0.000833614	 0.499161	 -0.000714855
66.46	 -0.0410836	 -2.45669e-05	 -1.01796	 -0.000831784	 0.515634	 -0.000723281
66.48	 -0.0415773	 -2.41781e-05	 -1.01918	 -0.000830195	 0.532203	 -0.000731089
66.5	 -0.0420568	 -2.37657e-05	 -1.02031	 -0.000828848	 0.548865	 -0.00073827
66.52	 -0.0425217	 -2.333e-05	 -1.02134	 -0.000827744	 0.565617	 -0.000744817
66.54	 -0.0429715	 -2.28717e-05	 -1.02227	 -0.000826883	 0.582455	 -0.000750723
66.56	 -0.043406	 -2.23912e-05	 -1.02311	 -0.000826265	 0.599378	 -0.000755983
66.58	 -0.0438246	 -2.18891e-05	 -1.02385	 -0.000825891	 0.616381	 -0.00076059
66.6	 -0.044227	 -2.13659e-05	 -1.02449	 -0.00082576	 0.633462	 -0.000764542
66.62	 -0.044613	 -2.08222e-05	 -1.02502	 -0.000825871	 0.650618	 -0.000767833
66.64	 -0.0449822	 -2.02587e-05	 -1.02545	 -0.000826222	 0.667846	 -0.000770461
66.66	 -0.0453343	 -1.9676e-05	 -1.02578	 -0.000826811	 0.685144	 -0.000772425
66.68	 -0.0456692	 -1.90747e-05	 -1.026	 -0.000827637	 0.702509	 -0.000773721
66.7	 -0.0459865	 -1.84554e-05	 -1.02611	 -0.000828697	 0.719939	 -0.000774351
66.72	 -0.0462861	 -1.78188e-05	 -1.02611	 -0.000829988	 0.73743	 -0.000774314
66.74	 -0.0465679	 -1.71656e-05	 -1.02601	 -0.000831507	 0.75498	 -0.000773611
66.76	 -0.0468316	 -1.64964e-05	 -1.02579	 -0.00083325	 0.772587	 -0.000772245
66.78	 -0.0470773	 -1.58121e-05	 -1.02547	 -0.000835212	 0.790249	 -0.000770217
66.8	 -0.0473047	 -1.51132e-05	 -1.02503	 -0.00083739	 0.807963	 -0.00076753
66.82	 -0.0475139	 -1.44005e-05	 -1.02448	 -0.000839778	 0.825726	 -0.00076419
66.84	 -0.0477049	 -1.36746e-05	 -1.02381	 -0.000842371	 0.843537	 -0.0007602
66.86	 -0.0478776	 -1.29364e-05	 -1.02303	 -0.000845165	 0.861393	 -0.000755567
66.88	 -0.048032	 -1.21865e-05	 -1.02214	 -0.000848152	 0.879291	 -0.000750296
66.9	 -0.0481684	 -1.14257e-05	 -1.02113	 -0.000851327	 0.897231	 -0.000744395
66.92	 -0.0482866	 -1.06546e-05	 -1.02001	 -0.000854683	 0.915208	 -0.000737872
66.94	 -0.048387	 -9.87407e-06	 -1.01878	 -0.000858213	 0.933222	 -0.000730735
66.96	 -0.0484695	 -9.08474e-06	 -1.01742	 -0.000861911	 0.95127	 -0.000722993
66.98	 -0.0485344	 -8.28735e-06	 -1.01596	 -0.000865768	 0.96935	 -0.000714656
67	 -0.0485819	 -7.48263e-06	 -1.01438	 -0.000869776	 0.98746	 -0.000705734
67.02	 -0.0486122	 -6.67128e-06	 -1.01268	 -0.000873928	 1.0056	 -0.00069624
67.04	 -0.0486255	 -5.854e-06	 -1.01087	 -0.000878216	 1.02376	 -0.000686184
67.06	 -0.0486222	 -5.03151e-06	 -1.00894	 -0.00088263	 1.04194	 -0.00067558
67.08	 -0.0486025	 -4.20449e-06	 -1.00691	 -0.000887162	 1.06015	 -0.00066444
67.1	 -0.0485668	 -3.37363e-06	 -1.00475	 -0.000891802	 1.07838	 -0.000652779
67.12	 -0.0485155	 -2.5396e-06	 -1.00249	 -0.000896541	 1.09662	 -0.00064061
67.14	 -0.0484488	 -1.70308e-06	 -1.00011	 -0.00090137	 1.11487	 -0.000627949
67.16	 -0.0483672	 -8.64729e-07	 -0.997627	 -0.000906279	 1.13314	 -0.000614811
67.18	 -0.0482712	 -2.51867e-08	 -0.995031	 -0.000911257	 1.15142	 -0.000601211
67.2	 -0.0481611	 8.14906e-07	 -0.992325	 -0.000916294	 1.16971	 -0.000587168
67.22	 -0.0480375	 1.65492e-06	 -0.989512	 -0.00092138	 1.188	 -0.000572696
67.24	 -0.0479008	 2.49425e-06	 -0.986592	 -0.000926505	 1.20629	 -0.000557815
67.26	 -0.0477515	 3.33228e-06	 -0.983566	 -0.000931657	 1.22458	 -0.000542542
67.28	 -0.0475902	 4.16843e-06	 -0.980437	 -0.000936826	 1.24287	 -0.000526895
67.3	 -0.0474173	 5.00212e-06	 -0.977205	 -0.000942001	 1.26116	 -0.000510893
67.32	 -0.0472334	 5.83279e-06	 -0.973871	 -0.00094717	 1.27943	 -0.000494555
67.34	 -0.0470392	 6.65989e-06	 -0.970439	 -0.000952323	 1.2977	 -0.000477901
67.36	 -0.0468352	 7.48287e-06	 -0.966908	 -0.000957448	 1.31595	 -0.000460951
67.38	 -0.0466219	 8.30123e-06	 -0.963282	 -0.000962533	 1.33419	 -0.000443725
67.4	 -0.0464001	 9.11444e-06	 -0.959561	 -0.000967569	 1.35241	 -0.000426242
67.42	 -0.0461703	 9.92202e-06	 -0.955749	 -0.000972542	 1.3706	 -0.000408525
67.44	 -0.0459331	 1.07235e-05	 -0.951846	 -0.000977441	 1.38877	 -0.000390594
67.46	 -0.0456893	 1.15184e-05	 -0.947855	 -0.000982256	 1.40692	 -0.000372469
67.48	 -0.0454393	 1.23062e-05	 -0.943777	 -0.000986975	 1.42502	 -0.000354174
67.5	 -0.045184	 1.30865e-05	 -0.939616	 -0.000991585	 1.4431	 -0.000335728
67.52	 -0.044924	 1.3859e-05	 -0.935374	 -0.000996077	 1.46113	 -0.000317154
67.54	 -0.0446599	 1.46231e-05	 -0.931052	 -0.00100044	 1.47913	 -0.000298473
67.56	 -0.0443924	 1.53785e-05	 -0.926653	 -0.00100466	 1.49707	 -0.000279708
67.58	 -0.0441223	 1.61248e-05	 -0.92218	 -0.00100872	 1.51497	 -0.000260881
67.6	 -0.04385	 1.68615e-05	 -0.917634	 -0.00101263	 1.53281	 -0.000242012
67.62	 -0.0435765	 1.75884e-05	 -0.91302	 -0.00101635	 1.55059	 -0.000223125
67.64	 -0.0433022	 1.83051e-05	 -0.908338	 -0.00101989	 1.56831	 -0.000204241
67.66	 -0.0430279	 1.90112e-05	 -0.903593	 -0.00102324	 1.58597	 -0.000185382
67.68	 -0.0427543	 1.97064e-05	 -0.898786	 -0.00102638	 1.60355	 -0.00016657
67.7	 -0.0424821	 2.03904e-05	 -0.89392	 -0.0010293	 1.62106	 -0.000147827
67.72	 -0.0422118	 2.10628e-05	 -0.888998	 -0.00103199	 1.63848	 -0.000129174
67.74	 -0.0419441	 2.17234e-05	 -0.884023	 -0.00103445	 1.65582	 -0.000110633
67.76	 -0.0416798	 2.23718e-05	 -0.878997	 -0.00103666	 1.67308	 -9.22248e-05
67.78	 -0.0414194	 2.30078e-05	 -0.873924	 -0.00103862	 1.69023	 -7.39707e-05
67.8	 -0.0411635	 2.3631e-05	 -0.868806	 -0.0010403	 1.70729	 -5.58915e-05
67.82	 -0.0409129	 2.42412e-05	 -0.863647	 -0.00104172	 1.72424	 -3.80078e-05
67.84	 -0.040668	 2.48381e-05	 -0.858448	 -0.00104285	 1.74108	 -2.03399e-05
67.86	 -0.0404295	 2.54215e-05	 -0.853213	 -0.00104369	 1.7578	 -2.90788e-06
67.88	 -0.0401979	 2.5991e-05	 -0.847945	 -0.00104424	 1.7744	 1.42687e-05
67.9	 -0.0399738	 2.65465e-05	 -0.842648	 -0.00104447	 1.79087	 3.11704e-05
67.92	 -0.0397578	 2.70877e-05	 -0.837323	 -0.00104439	 1.80721	 4.77784e-05
67.94	 -0.0395504	 2.76143e-05	 -0.831973	 -0.001044	 1.82341	 6.40741e-05
67.96	 -0.0393521	 2.81261e-05	 -0.826603	 -0.00104327	 1.83946	 8.00393e-05
67.98	 -0.0391634	 2.86228e-05	 -0.821213	 -0.00104221	 1.85536	 9.56564e-05
68	 -0.0389847	 2.91042e-05	 -0.815809	 -0.00104081	 1.8711	 0.000110908
68.02	 -0.0388165	 2.957e-05	 -0.810392	 -0.00103907	 1.88668	 0.000125778
68.04	 -0.0386593	 3.00201e-05	 -0.804965	 -0.00103698	 1.90208	 0.000140249
68.06	 -0.0385134	 3.04541e-05	 -0.799532	 -0.00103453	 1.91731	 0.000154306
68.08	 -0.0383792	 3.08718e-05	 -0.794095	 -0.00103173	 1.93235	 0.000167934
68.1	 -0.0382571	 3.1273e-05	 -0.788656	 -0.00102856	 1.94719	 0.000181118
68.12	 -0.0381474	 3.16575e-05	 -0.78322	 -0.00102503	 1.96184	 0.000193845
68.14	 -0.0380505	 3.20249e-05	 -0.777788	 -0.00102113	 1.97628	 0.0002061
68.16	 -0.0379666	 3.23751e-05	 -0.772364	 -0.00101686	 1.99051	 0.00021787
68.18	 -0.0378959	 3.27078e-05	 -0.766949	 -0.00101222	 2.00452	 0.000229145
68.2	 -0.0378387	 3.30227e-05	 -0.761547	 -0.00100721	 2.0183	 0.000239911
68.22	 -0.0377952	 3.33196e-05	 -0.756161	 -0.00100182	 2.03184	 0.000250159
68.24	 -0.0377656	 3.35982e-05	 -0.750793	 -0.000996058	 2.04514	 0.000259878
68.26	 -0.03775	 3.38583e-05	 -0.745445	 -0.000989922	 2.05819	 0.000269058
68.28	 -0.0377486	 3.40995e-05	 -0.74012	 -0.000983414	 2.07099	 0.00027769
68.3	 -0.0377614	 3.43217e-05	 -0.734821	 -0.000976534	 2.08351	 0.000285767
68.32	 -0.0377885	 3.45246e-05	 -0.72955	 -0.000969283	 2.09577	 0.000293281
68.34	 -0.0378299	 3.47079e-05	 -0.724309	 -0.000961665	 2.10774	 0.000300226
68.36	 -0.0378856	 3.48713e-05	 -0.719101	 -0.000953681	 2.11942	 0.000306594
68.38	 -0.0379556	 3.50145e-05	 -0.713928	 -0.000945336	 2.13081	 0.000312381
68.4	 -0.0380399	 3.51372e-05	 -0.708792	 -0.000936632	 2.14189	 0.000317583
68.42	 -0.0381383	 3.52392e-05	 -0.703695	 -0.000927575	 2.15266	 0.000322195
68.44	 -0.0382508	 3.53202e-05	 -0.69864	 -0.000918169	 2.16312	 0.000326215
68.46	 -0.0383772	 3.53799e-05	 -0.693628	 -0.000908419	 2.17324	 0.00032964
68.48	 -0.0385173	 3.5418e-05	 -0.688661	 -0.000898331	 2.18303	 0.000332469
68.5	 -0.038671	 3.54342e-05	 -0.683741	 -0.000887912	 2.19248	 0.000334701
68.52	 -0.0388379	 3.54282e-05	 -0.678871	 -0.000877168	 2.20158	 0.000336336
68.54	 -0.0390179	 3.53997e-05	 -0.674051	 -0.000866107	 2.21032	 0.000337375
68.56	 -0.0392107	 3.53484e-05	 -0.669283	 -0.000854737	 2.21869	 0.000337819
68.58	 -0.0394159	 3.52741e-05	 -0.66457	 -0.000843065	 2.22669	 0.00033767
68.6	 -0.0396333	 3.51764e-05	 -0.659912	 -0.000831101	 2.23432	 0.000336932
68.62	 -0.0398624	 3.50551e-05	 -0.655312	 -0.000818854	 2.24155	 0.000335608
68.64	 -0.0401029	 3.49098e-05	 -0.65077	 -0.000806333	 2.24839	 0.000333702
68.66	 -0.0403543	 3.47404e-05	 -0.646287	 -0.000793549	 2.25483	 0.00033122
68.68	 -0.0406162	 3.45465e-05	 -0.641866	 -0.000780513	 2.26086	 0.000328168
68.7	 -0.0408882	 3.43278e-05	 -0.637508	 -0.000767234	 2.26648	 0.000324553
68.72	 -0.0411697	 3.40841e-05	 -0.633212	 -0.000753726	 2.27167	 0.000320381
68.74	 -0.0414603	 3.38152e-05	 -0.628981	 -0.000739999	 2.27644	 0.00031566
68.76	 -0.0417594	 3.35208e-05	 -0.624816	 -0.000726066	 2.28076	 0.000310401
68.78	 -0.0420665	 3.32006e-05	 -0.620717	 -0.000711939	 2.28465	 0.000304611
68.8	 -0.0423809	 3.28545e-05	 -0.616686	 -0.000697632	 2.28809	 0.000298301
68.82	 -0.0427022	 3.24822e-05	 -0.612722	 -0.000683158	 2.29108	 0.000291482
68.84	 -0.0430297	 3.20836e-05	 -0.608828	 -0.00066853	 2.29361	 0.000284165
68.86	 -0.0433627	 3.16584e-05	 -0.605002	 -0.000653762	 2.29567	 0.000276362
68.88	 -0.0437007	 3.12065e-05	 -0.601247	 -0.000638869	 2.29726	 0.000268085
68.9	 -0.044043	 3.07277e-05	 -0.597563	 -0.000623865	 2.29838	 0.000259348
68.92	 -0.0443889	 3.02219e-05	 -0.593949	 -0.000608765	 2.29901	 0.000250165
68.94	 -0.0447378	 2.96891e-05	 -0.590407	 -0.000593584	 2.29916	 0.00024055
68.96	 -0.0450889	 2.9129e-05	 -0.586937	 -0.000578337	 2.29882	 0.000230517
68.98	 -0.0454415	 2.85416e-05	 -0.583539	 -0.00056304	 2.29799	 0.000220083
69	 -0.045795	 2.79269e-05	 -0.580213	 -0.000547709	 2.29666	 0.000209263
69.02	 -0.0461485	 2.72849e-05	 -0.576959	 -0.00053236	 2.29482	 0.000198072
69.04	 -0.0465015	 2.66155e-05	 -0.573778	 -0.000517007	 2.29248	 0.000186529
69.06	 -0.0468531	 2.59188e-05	 -0.57067	 -0.000501669	 2.28963	 0.000174651
69.08	 -0.0472026	 2.51949e-05	 -0.567634	 -0.000486361	 2.28627	 0.000162454
69.1	 -0.0475494	 2.44438e-05	 -0.564672	 -0.000471099	 2.28239	 0.000149958
69.12	 -0.0478925	 2.36656e-05	 -0.561781	 -0.0004559	 2.278	 0.000137179
69.14	 -0.0482314	 2.28605e-05	 -0.558963	 -0.00044078	 2.27308	 0.000124139
69.16	 -0.0485652	 2.20287e-05	 -0.556218	 -0.000425757	 2.26765	 0.000110854
69.18	 -0.0488933	 2.11704e-05	 -0.553544	 -0.000410846	 2.26169	 9.73452e-05
69.2	 -0.0492148	 2.02858e-05	 -0.550943	 -0.000396064	 2.25521	 8.36317e-05
69.22	 -0.0495292	 1.93752e-05	 -0.548412	 -0.000381428	 2.2482	 6.97336e-05
69.24	 -0.0498355	 1.84389e-05	 -0.545954	 -0.000366955	 2.24067	 5.56708e-05
69.26	 -0.0501332	 1.74773e-05	 -0.543566	 -0.00035266	 2.23261	 4.14638e-05
69.28	 -0.0504215	 1.64907e-05	 -0.541248	 -0.00033856	 2.22402	 2.71331e-05
69.3	 -0.0506998	 1.54796e-05	 -0.539001	 -0.000324672	 2.21491	 1.26992e-05
69.32	 -0.0509673	 1.44445e-05	 -0.536824	 -0.000311011	 2.20527	 -1.81696e-06
69.34	 -0.0512233	 1.33858e-05	 -0.534716	 -0.000297594	 2.19511	 -1.63946e-05
69.36	 -0.0514673	 1.23042e-05	 -0.532676	 -0.000284437	 2.18443	 -3.10128e-05
69.38	 -0.0516985	 1.12001e-05	 -0.530706	 -0.000271554	 2.17322	 -4.56506e-05
69.4	 -0.0519164	 1.00742e-05	 -0.528803	 -0.000258962	 2.1615	 -6.02869e-05
69.42	 -0.0521203	 8.92725e-06	 -0.526967	 -0.000246675	 2.14926	 -7.49009e-05
69.44	 -0.0523096	 7.75983e-06	 -0.525198	 -0.000234709	 2.13651	 -8.94715e-05
69.46	 -0.0524838	 6.57273e-06	 -0.523496	 -0.000223078	 2.12324	 -0.000103978
69.48	 -0.0526423	 5.36674e-06	 -0.52186	 -0.000211796	 2.10947	 -0.000118399
69.5	 -0.0527845	 4.14267e-06	 -0.520289	 -0.000200879	 2.09519	 -0.000132715
69.52	 -0.0529101	 2.90139e-06	 -0.518782	 -0.000190339	 2.08042	 -0.000146905
69.54	 -0.0530184	 1.64381e-06	 -0.51734	 -0.00018019	 2.06515	 -0.000160948
69.56	 -0.0531091	 3.70863e-07	 -0.515962	 -0.000170445	 2.04939	 -0.000174825
69.58	 -0.0531816	 -9.16462e-07	 -0.514646	 -0.000161116	 2.03315	 -0.000188515
69.6	 -0.0532356	 -2.21714e-06	 -0.513394	 -0.000152217	 2.01643	 -0.000201998
69.62	 -0.0532708	 -3.53012e-06	 -0.512204	 -0.000143758	 1.99923	 -0.000215257
69.64	 -0.0532867	 -4.85428e-06	 -0.511075	 -0.000135752	 1.98157	 -0.00022827
69.66	 -0.053283	 -6.18851e-06	 -0.510007	 -0.000128209	 1.96345	 -0.00024102
69.68	 -0.0532595	 -7.53162e-06	 -0.509001	 -0.00012114	 1.94488	 -0.000253489
69.7	 -0.0532159	 -8.88241e-06	 -0.508054	 -0.000114555	 1.92586	 -0.000265657
69.72	 -0.053152	 -1.02396e-05	 -0.507168	 -0.000108464	 1.9064	 -0.000277509
69.74	 -0.0530675	 -1.1602e-05	 -0.50634	 -0.000102874	 1.88652	 -0.000289025
69.76	 -0.0529623	 -1.29682e-05	 -0.505572	 -9.77963e-05	 1.86621	 -0.000300191
69.78	 -0.0528362	 -1.4337e-05	 -0.504863	 -9.32372e-05	 1.84549	 -0.000310989
69.8	 -0.0526892	 -1.57069e-05	 -0.504211	 -8.92046e-05	 1.82437	 -0.000321404
69.82	 -0.0525212	 -1.70765e-05	 -0.503618	 -8.57055e-05	 1.80285	 -0.00033142
69.84	 -0.0523321	 -1.84445e-05	 -0.503082	 -8.27461e-05	 1.78095	 -0.000341023
69.86	 -0.0521219	 -1.98094e-05	 -0.502604	 -8.03323e-05	 1.75868	 -0.0003502
69.88	 -0.0518907	 -2.11697e-05	 -0.502183	 -7.84692e-05	 1.73604	 -0.000358935
69.9	 -0.0516386	 -2.25239e-05	 -0.501819	 -7.71615e-05	 1.71305	 -0.000367217
69.92	 -0.0513655	 -2.38706e-05	 -0.501511	 -7.64132e-05	 1.68972	 -0.000375033
69.94	 -0.0510717	 -2.52082e-05	 -0.50126	 -7.62278e-05	 1.66605	 -0.000382371
69.96	 -0.0507573	 -2.65353e-05	 -0.501066	 -7.66081e-05	 1.64207	 -0.000389221
69.98	 -0.0504225	 -2.78502e-05	 -0.500928	 -7.75566e-05	 1.61777	 -0.000395572
70	 -0.0500675	 -2.91515e-05	 -0.500846	 -7.90747e-05	 1.59318	 -0.000401414
70.02	 -0.0496926	 -3.04375e-05	 -0.500821	 -8.11636e-05	 1.56831	 -0.000406738
70.04	 -0.0492981	 -3.17068e-05	 -0.500851	 -8.38236e-05	 1.54317	 -0.000411537
70.06	 -0.0488842	 -3.29578e-05	 -0.500939	 -8.70547e-05	 1.51776	 -0.000415802
70.08	 -0.0484515	 -3.4189e-05	 -0.501082	 -9.08559e-05	 1.49211	 -0.000419527
70.1	 -0.0480001	 -3.53987e-05	 -0.501282	 -9.5226e-05	 1.46623	 -0.000422706
70.12	 -0.0475307	 -3.65856e-05	 -0.501538	 -0.000100163	 1.44013	 -0.000425334
70.14	 -0.0470435	 -3.77479e-05	 -0.501852	 -0.000105664	 1.41382	 -0.000427405
70.16	 -0.0465391	 -3.88843e-05	 -0.502222	 -0.000111725	 1.38731	 -0.000428916
70.18	 -0.046018	 -3.99933e-05	 -0.502649	 -0.000118344	 1.36063	 -0.000429865
70.2	 -0.0454808	 -4.10733e-05	 -0.503133	 -0.000125515	 1.33379	 -0.000430249
70.22	 -0.0449279	 -4.21228e-05	 -0.503675	 -0.000133233	 1.30679	 -0.000430067
70.24	 -0.04436	 -4.31406e-05	 -0.504275	 -0.000141493	 1.27966	 -0.000429318
70.26	 -0.0437776	 -4.41251e-05	 -0.504933	 -0.000150288	 1.2524	 -0.000428003
70.28	 -0.0431815	 -4.50749e-05	 -0.50565	 -0.000159611	 1.22504	 -0.000426122
70.3	 -0.0425723	 -4.59888e-05	 -0.506425	 -0.000169455	 1.19758	 -0.000423677
70.32	 -0.0419506	 -4.68654e-05	 -0.50726	 -0.000179813	 1.17005	 -0.000420672
70.34	 -0.0413172	 -4.77034e-05	 -0.508154	 -0.000190674	 1.14245	 -0.000417109
70.36	 -0.0406728	 -4.85016e-05	 -0.509109	 -0.00020203	 1.1148	 -0.000412993
70.38	 -0.0400181	 -4.92588e-05	 -0.510123	 -0.000213872	 1.08712	 -0.000408328
70.4	 -0.0393539	 -4.99739e-05	 -0.511199	 -0.000226189	 1.05941	 -0.000403122
70.42	 -0.038681	 -5.06457e-05	 -0.512336	 -0.000238971	 1.03171	 -0.00039738
70.44	 -0.0380001	 -5.12733e-05	 -0.513535	 -0.000252205	 1.00401	 -0.00039111
70.46	 -0.0373121	 -5.18555e-05	 -0.514796	 -0.000265881	 0.976336	 -0.000384319
70.48	 -0.0366178	 -5.23916e-05	 -0.51612	 -0.000279986	 0.948703	 -0.000377018
70.5	 -0.0359181	 -5.28805e-05	 -0.517507	 -0.000294507	 0.921125	 -0.000369215
70.52	 -0.0352137	 -5.33216e-05	 -0.518958	 -0.000309432	 0.893617	 -0.000360922
70.54	 -0.0345055	 -5.37139e-05	 -0.520473	 -0.000324746	 0.866192	 -0.000352149
70.56	 -0.0337944	 -5.40569e-05	 -0.522052	 -0.000340435	 0.838865	 -0.000342908
70.58	 -0.0330813	 -5.43498e-05	 -0.523697	 -0.000356486	 0.811652	 -0.000333212
70.6	 -0.0323669	 -5.45922e-05	 -0.525408	 -0.000372884	 0.784566	 -0.000323074
70.62	 -0.0316523	 -5.47835e-05	 -0.527184	 -0.000389612	 0.757623	 -0.000312508
70.64	 -0.0309382	 -5.49232e-05	 -0.529027	 -0.000406656	 0.730835	 -0.000301529
70.66	 -0.0302255	 -5.50111e-05	 -0.530937	 -0.000423999	 0.704217	 -0.000290152
70.68	 -0.0295151	 -5.50469e-05	 -0.532914	 -0.000441626	 0.677783	 -0.000278392
70.7	 -0.028808	 -5.50303e-05	 -0.53496	 -0.000459519	 0.651547	 -0.000266267
70.72	 -0.0281049	 -5.49611e-05	 -0.537073	 -0.000477663	 0.625521	 -0.000253793
70.74	 -0.0274066	 -5.48395e-05	 -0.539255	 -0.000496039	 0.599721	 -0.000240988
70.76	 -0.0267142	 -5.46653e-05	 -0.541505	 -0.000514631	 0.574158	 -0.00022787
70.78	 -0.0260284	 -5.44386e-05	 -0.543825	 -0.000533421	 0.548846	 -0.000214458
70.8	 -0.02535	 -5.41597e-05	 -0.546214	 -0.000552392	 0.523798	 -0.00020077
70.82	 -0.0246799	 -5.38287e-05	 -0.548673	 -0.000571524	 0.499025	 -0.000186826
70.84	 -0.0240189	 -5.34461e-05	 -0.551201	 -0.000590801	 0.474541	 -0.000172646
70.86	 -0.0233678	 -5.30121e-05	 -0.5538	 -0.000610204	 0.450356	 -0.000158251
70.88	 -0.0227273	 -5.25274e-05	 -0.556469	 -0.000629715	 0.426484	 -0.000143661
70.9	 -0.0220984	 -5.19924e-05	 -0.559208	 -0.000649315	 0.402935	 -0.000128896
70.92	 -0.0214816	 -5.14078e-05	 -0.562017	 -0.000668985	 0.379721	 -0.00011398
70.94	 -0.0208777	 -5.07744e-05	 -0.564896	 -0.000688708	 0.356852	 -9.89321e-05
70.96	 -0.0202876	 -5.00929e-05	 -0.567846	 -0.000708465	 0.334339	 -8.37755e-05
70.98	 -0.0197117	 -4.93642e-05	 -0.570866	 -0.000728236	 0.312192	 -6.85319e-05
71	 -0.0191509	 -4.85892e-05	 -0.573956	 -0.000748004	 0.290421	 -5.32236e-05
71.02	 -0.0186057	 -4.7769e-05	 -0.577116	 -0.00076775	 0.269036	 -3.78731e-05
71.04	 -0.0180769	 -4.69047e-05	 -0.580345	 -0.000787455	 0.248046	 -2.25028e-05
71.06	 -0.0175649	 -4.59974e-05	 -0.583644	 -0.000807101	 0.22746	 -7.13552e-06
71.08	 -0.0170703	 -4.50483e-05	 -0.587012	 -0.00082667	 0.207287	 8.20617e-06
71.1	 -0.0165938	 -4.40589e-05	 -0.590448	 -0.000846144	 0.187534	 2.34995e-05
71.12	 -0.0161357	 -4.30304e-05	 -0.593952	 -0.000865504	 0.16821	 3.87218e-05
71.14	 -0.0156967	 -4.19642e-05	 -0.597524	 -0.000884733	 0.149321	 5.38503e-05
71.16	 -0.0152771	 -4.0862e-05	 -0.601162	 -0.000903812	 0.130876	 6.88626e-05
71.18	 -0.0148774	 -3.97251e-05	 -0.604867	 -0.000922726	 0.112881	 8.3736e-05
71.2	 -0.014498	 -3.85553e-05	 -0.608638	 -0.000941456	 0.0953417	 9.84482e-05
71.22	 -0.0141393	 -3.73543e-05	 -0.612473	 -0.000959985	 0.0782646	 0.000112977
71.24	 -0.0138015	 -3.61236e-05	 -0.616372	 -0.000978297	 0.0616552	 0.000127301
71.26	 -0.013485	 -3.48652e-05	 -0.620335	 -0.000996375	 0.0455186	 0.000141397
71.28	 -0.01319	 -3.35808e-05	 -0.624359	 -0.0010142	 0.0298596	 0.000155245
71.3	 -0.0129168	 -3.22724e-05	 -0.628445	 -0.00103177	 0.0146826	 0.000168823
71.32	 -0.0126656	 -3.09417e-05	 -0.63259	 -0.00104905	 -8.43092e-06	 0.00018211
71.34	 -0.0124366	 -2.95908e-05	 -0.636795	 -0.00106603	 -0.0142099	 0.000195087
71.36	 -0.0122298	 -2.82217e-05	 -0.641056	 -0.00108271	 -0.0279187	 0.000207732
71.38	 -0.0120454	 -2.68363e-05	 -0.645375	 -0.00109906	 -0.0411319	 0.000220026
71.4	 -0.0118835	 -2.54367e-05	 -0.649748	 -0.00111507	 -0.0538472	 0.00023195
71.42	 -0.011744	 -2.40251e-05	 -0.654175	 -0.00113073	 -0.0660625	 0.000243485
71.44	 -0.011627	 -2.26034e-05	 -0.658653	 -0.00114602	 -0.0777764	 0.000254613
71.46	 -0.0115324	 -2.11739e-05	 -0.663183	 -0.00116094	 -0.0889875	 0.000265317
71.48	 -0.0114601	 -1.97386e-05	 -0.667761	 -0.00117546	 -0.0996949	 0.000275578
71.5	 -0.0114101	 -1.82996e-05	 -0.672387	 -0.00118958	 -0.109898	 0.00028538
71.52	 -0.0113823	 -1.68593e-05	 -0.677058	 -0.00120329	 -0.119598	 0.000294708
71.54	 -0.0113763	 -1.54196e-05	 -0.681773	 -0.00121658	 -0.128793	 0.000303546
71.56	 -0.0113921	 -1.39829e-05	 -0.68653	 -0.00122943	 -0.137486	 0.000311879
71.58	 -0.0114294	 -1.25512e-05	 -0.691328	 -0.00124184	 -0.145676	 0.000319694
71.6	 -0.0114879	 -1.11267e-05	 -0.696163	 -0.0012538	 -0.153365	 0.000326976
71.62	 -0.0115673	 -9.71161e-06	 -0.701035	 -0.0012653	 -0.160556	 0.000333714
71.64	 -0.0116674	 -8.30802e-06	 -0.705941	 -0.00127633	 -0.16725	 0.000339895
71.66	 -0.0117877	 -6.91805e-06	 -0.710879	 -0.00128688	 -0.173449	 0.000345509
71.68	 -0.0119278	 -5.54384e-06	 -0.715847	 -0.00129696	 -0.179156	 0.000350544
71.7	 -0.0120874	 -4.18745e-06	 -0.720843	 -0.00130654	 -0.184375	 0.000354992
71.72	 -0.012266	 -2.85096e-06	 -0.725864	 -0.00131563	 -0.189108	 0.000358843
71.74	 -0.0124631	 -1.53638e-06	 -0.730909	 -0.00132421	 -0.19336	 0.00036209
71.76	 -0.0126783	 -2.45722e-07	 -0.735975	 -0.0013323	 -0.197134	 0.000364725
71.78	 -0.0129109	 1.01906e-06	 -0.74106	 -0.00133987	 -0.200435	 0.000366741
71.8	 -0.0131606	 2.25604e-06	 -0.746162	 -0.00134694	 -0.203267	 0.000368135
71.82	 -0.0134267	 3.46335e-06	 -0.751277	 -0.00135349	 -0.205635	 0.0003689
71.84	 -0.0137087	 4.63914e-06	 -0.756404	 -0.00135952	 -0.207544	 0.000369033
71.86	 -0.0140058	 5.78164e-06	 -0.76154	 -0.00136504	 -0.208999	 0.00036853
71.88	 -0.0143176	 6.88912e-06	 -0.766683	 -0.00137004	 -0.210006	 0.000367391
71.9	 -0.0146434	 7.95989e-06	 -0.771831	 -0.00137451	 -0.210571	 0.000365613
71.92	 -0.0149825	 8.99234e-06	 -0.77698	 -0.00137847	 -0.210699	 0.000363196
71.94	 -0.0153343	 9.98491e-06	 -0.782128	 -0.00138191	 -0.210397	 0.00036014
71.96	 -0.015698	 1.09361e-05	 -0.787274	 -0.00138483	 -0.209671	 0.000356447
71.98	 -0.016073	 1.18445e-05	 -0.792413	 -0.00138723	 -0.208528	 0.00035212
72	 -0.0164585	 1.27087e-05	 -0.797545	 -0.00138912	 -0.206974	 0.00034716
72.02	 -0.0168539	 1.35275e-05	 -0.802665	 -0.0013905	 -0.205017	 0.000341572
72.04	 -0.0172585	 1.42996e-05	 -0.807773	 -0.00139138	 -0.202662	 0.000335361
72.06	 -0.0176714	 1.50239e-05	 -0.812864	 -0.00139174	 -0.199919	 0.000328532
72.08	 -0.0180919	 1.56993e-05	 -0.817938	 -0.00139161	 -0.196792	 0.000321092
72.1	 -0.0185194	 1.63249e-05	 -0.82299	 -0.00139099	 -0.193291	 0.000313047
72.12	 -0.018953	 1.68997e-05	 -0.828019	 -0.00138988	 -0.189422	 0.000304406
72.14	 -0.019392	 1.74228e-05	 -0.833022	 -0.00138828	 -0.185194	 0.000295178
72.16	 -0.0198357	 1.78937e-05	 -0.837997	 -0.00138621	 -0.180613	 0.000285371
72.18	 -0.0202832	 1.83116e-05	 -0.842941	 -0.00138366	 -0.175687	 0.000274998
72.2	 -0.0207339	 1.86759e-05	 -0.847852	 -0.00138066	 -0.170425	 0.000264068
72.22	 -0.021187	 1.89862e-05	 -0.852727	 -0.0013772	 -0.164833	 0.000252593
72.24	 -0.0216418	 1.9242e-05	 -0.857564	 -0.00137329	 -0.15892	 0.000240587
72.26	 -0.0220975	 1.94432e-05	 -0.862361	 -0.00136895	 -0.152693	 0.000228062
72.28	 -0.0225533	 1.95894e-05	 -0.867115	 -0.00136418	 -0.146161	 0.000215032
72.3	 -0.0230086	 1.96805e-05	 -0.871824	 -0.00135899	 -0.139331	 0.000201513
72.32	 -0.0234627	 1.97166e-05	 -0.876486	 -0.00135339	 -0.13221	 0.000187518
72.34	 -0.0239149	 1.96976e-05	 -0.881098	 -0.00134738	 -0.124807	 0.000173065
72.36	 -0.0243644	 1.96237e-05	 -0.885659	 -0.00134099	 -0.11713	 0.00015817
72.38	 -0.0248105	 1.94951e-05	 -0.890166	 -0.00133423	 -0.109186	 0.00014285
72.4	 -0.0252527	 1.93123e-05	 -0.894617	 -0.00132709	 -0.100982	 0.000127122
72.42	 -0.0256902	 1.90756e-05	 -0.89901	 -0.0013196	 -0.0925269	 0.000111005
72.44	 -0.0261225	 1.87854e-05	 -0.903343	 -0.00131176	 -0.0838273	 9.45171e-05
72.46	 -0.0265489	 1.84425e-05	 -0.907615	 -0.0013036	 -0.0748908	 7.76782e-05
72.48	 -0.0269688	 1.80475e-05	 -0.911822	 -0.00129511	 -0.0657248	 6.05077e-05
72.5	 -0.0273816	 1.76011e-05	 -0.915964	 -0.00128631	 -0.0563364	 4.30257e-05
72.52	 -0.0277867	 1.71043e-05	 -0.920039	 -0.00127722	 -0.0467328	 2.52528e-05
72.54	 -0.0281837	 1.6558e-05	 -0.924045	 -0.00126785	 -0.0369209	 7.20975e-06
72.56	 -0.028572	 1.59631e-05	 -0.92798	 -0.00125821	 -0.0269076	 -1.10821e-05
72.58	 -0.0289511	 1.53209e-05	 -0.931842	 -0.00124832	 -0.0166996	 -2.96012e-05
72.6	 -0.0293204	 1.46325e-05	 -0.935631	 -0.00123818	 -0.00630356	 -4.83256e-05
72.62	 -0.0296797	 1.38991e-05	 -0.939344	 -0.00122782	 0.00427417	 -6.72332e-05
72.64	 -0.0300284	 1.31221e-05	 -0.94298	 -0.00121724	 0.0150273	 -8.63015e-05
72.66	 -0.030366	 1.23029e-05	 -0.946538	 -0.00120645	 0.0259495	 -0.000105508
72.68	 -0.0306924	 1.14431e-05	 -0.950017	 -0.00119549	 0.0370351	 -0.00012483
72.7	 -0.031007	 1.05441e-05	 -0.953414	 -0.00118435	 0.048278	 -0.000144244
72.72	 -0.0313096	 9.60755e-06	 -0.95673	 -0.00117305	 0.0596727	 -0.000163728
72.74	 -0.0315998	 8.6352e-06	 -0.959963	 -0.0011616	 0.0712137	 -0.000183257
72.76	 -0.0318773	 7.62876e-06	 -0.963111	 -0.00115003	 0.0828957	 -0.00020281
72.78	 -0.032142	 6.59005e-06	 -0.966175	 -0.00113834	 0.0947136	 -0.000222362
72.8	 -0.0323936	 5.52093e-06	 -0.969152	 -0.00112654	 0.106662	 -0.00024189
72.82	 -0.0326319	 4.42331e-06	 -0.972043	 -0.00111466	 0.118737	 -0.000261371
72.84	 -0.0328567	 3.29917e-06	 -0.974846	 -0.0011027	 0.130934	 -0.000280782
72.86	 -0.0330678	 2.15052e-06	 -0.97756	 -0.00109069	 0.143248	 -0.000300099
72.88	 -0.0332653	 9.79417e-07	 -0.980185	 -0.00107863	 0.155675	 -0.0003193
72.9	 -0.0334489	 -2.12041e-07	 -0.982721	 -0.00106653	 0.168211	 -0.000338361
72.92	 -0.0336186	 -1.42172e-06	 -0.985167	 -0.00105442	 0.180852	 -0.00035726
72.94	 -0.0337744	 -2.64744e-06	 -0.987521	 -0.0010423	 0.193595	 -0.000375975
72.96	 -0.0339163	 -3.88702e-06	 -0.989785	 -0.0010302	 0.206436	 -0.000394482
72.98	 -0.0340443	 -5.13822e-06	 -0.991958	 -0.00101811	 0.219372	 -0.00041276
73	 -0.0341584	 -6.3988e-06	 -0.994038	 -0.00100607	 0.2324	 -0.000430786
73.02	 -0.0342587	 -7.66649e-06	 -0.996027	 -0.000994067	 0.245517	 -0.00044854
73.04	 -0.0343454	 -8.93901e-06	 -0.997924	 -0.000982131	 0.258721	 -0.000466
73.06	 -0.0344185	 -1.02141e-05	 -0.999728	 -0.000970271	 0.272008	 -0.000483145
73.08	 -0.0344782	 -1.14893e-05	 -1.00144	 -0.000958498	 0.285377	 -0.000499955
73.1	 -0.0345247	 -1.27625e-05	 -1.00306	 -0.000946826	 0.298826	 -0.000516409
73.12	 -0.0345582	 -1.40313e-05	 -1.00459	 -0.000935266	 0.312352	 -0.000532489
73.14	 -0.0345789	 -1.52934e-05	 -1.00602	 -0.000923831	 0.325954	 -0.000548173
73.16	 -0.034587	 -1.65465e-05	 -1.00737	 -0.000912533	 0.339629	 -0.000563445
73.18	 -0.0345829	 -1.77883e-05	 -1.00862	 -0.000901382	 0.353378	 -0.000578286
73.2	 -0.0345667	 -1.90165e-05	 -1.00978	 -0.000890391	 0.367197	 -0.000592677
73.22	 -0.0345389	 -2.02289e-05	 -1.01085	 -0.00087957	 0.381087	 -0.000606602
73.24	 -0.0344998	 -2.14231e-05	 -1.01183	 -0.00086893	 0.395046	 -0.000620045
73.26	 -0.0344497	 -2.25971e-05	 -1.01272	 -0.00085848	 0.409074	 -0.000632988
73.28	 -0.034389	 -2.37486e-05	 -1.01352	 -0.000848232	 0.423168	 -0.000645416
73.3	 -0.0343181	 -2.48754e-05	 -1.01423	 -0.000838195	 0.43733	 -0.000657316
73.32	 -0.0342374	 -2.59755e-05	 -1.01485	 -0.000828378	 0.451559	 -0.000668672
73.34	 -0.0341474	 -2.70467e-05	 -1.01538	 -0.000818791	 0.465853	 -0.000679471
73.36	 -0.0340484	 -2.8087e-05	 -1.01582	 -0.000809442	 0.480214	 -0.0006897
73.38	 -0.0339411	 -2.90943e-05	 -1.01618	 -0.000800339	 0.494641	 -0.000699346
73.4	 -0.0338257	 -3.00668e-05	 -1.01645	 -0.00079149	 0.509133	 -0.000708399
73.42	 -0.0337028	 -3.10026e-05	 -1.01663	 -0.000782904	 0.523691	 -0.000716848
73.44	 -0.033573	 -3.18997e-05	 -1.01673	 -0.000774586	 0.538316	 -0.000724682
73.46	 -0.0334367	 -3.27564e-05	 -1.01675	 -0.000766545	 0.553007	 -0.000731892
73.48	 -0.0332945	 -3.3571e-05	 -1.01668	 -0.000758786	 0.567765	 -0.000738469
73.5	 -0.0331469	 -3.43418e-05	 -1.01653	 -0.000751315	 0.58259	 -0.000744406
73.52	 -0.0329944	 -3.50672e-05	 -1.01629	 -0.000744138	 0.597482	 -0.000749696
73.54	 -0.0328376	 -3.57456e-05	 -1.01598	 -0.000737261	 0.612443	 -0.000754332
73.56	 -0.0326771	 -3.63757e-05	 -1.01559	 -0.000730688	 0.627473	 -0.000758309
73.58	 -0.0325134	 -3.69559e-05	 -1.01511	 -0.000724422	 0.642572	 -0.000761622
73.6	 -0.0323471	 -3.7485e-05	 -1.01456	 -0.00071847	 0.657741	 -0.000764267
73.62	 -0.0321788	 -3.79618e-05	 -1.01393	 -0.000712832	 0.67298	 -0.000766242
73.64	 -0.032009	 -3.8385e-05	 -1.01322	 -0.000707514	 0.688291	 -0.000767543
73.66	 -0.0318384	 -3.87536e-05	 -1.01243	 -0.000702517	 0.703675	 -0.000768169
73.68	 -0.0316675	 -3.90667e-05	 -1.01158	 -0.000697843	 0.719131	 -0.00076812
73.7	 -0.0314969	 -3.93232e-05	 -1.01064	 -0.000693494	 0.73466	 -0.000767396
73.72	 -0.0313271	 -3.95224e-05	 -1.00963	 -0.000689472	 0.750264	 -0.000765997
73.74	 -0.0311588	 -3.96635e-05	 -1.00856	 -0.000685778	 0.765942	 -0.000763925
73.76	 -0.0309926	 -3.97459e-05	 -1.0074	 -0.000682411	 0.781696	 -0.000761183
73.78	 -0.0308289	 -3.9769e-05	 -1.00618	 -0.000679372	 0.797526	 -0.000757774
73.8	 -0.0306684	 -3.97324e-05	 -1.00489	 -0.00067666	 0.813433	 -0.000753703
73.82	 -0.0305116	 -3.96357e-05	 -1.00353	 -0.000674274	 0.829416	 -0.000748974
73.84	 -0.0303592	 -3.94786e-05	 -1.0021	 -0.000672214	 0.845478	 -0.000743592
73.86	 -0.0302115	 -3.9261e-05	 -1.00061	 -0.000670476	 0.861617	 -0.000737565
73.88	 -0.0300692	 -3.89826e-05	 -0.999045	 -0.00066906	 0.877834	 -0.000730899
73.9	 -0.0299328	 -3.86437e-05	 -0.997418	 -0.000667962	 0.89413	 -0.000723603
73.92	 -0.0298029	 -3.82441e-05	 -0.995726	 -0.000667179	 0.910504	 -0.000715685
73.94	 -0.0296798	 -3.77842e-05	 -0.99397	 -0.000666708	 0.926957	 -0.000707155
73.96	 -0.0295642	 -3.72641e-05	 -0.992152	 -0.000666546	 0.943489	 -0.000698022
73.98	 -0.0294564	 -3.66844e-05	 -0.990271	 -0.000666686	 0.960099	 -0.000688299
74	 -0.029357	 -3.60454e-05	 -0.988328	 -0.000667126	 0.976787	 -0.000677996
74.02	 -0.0292664	 -3.53477e-05	 -0.986325	 -0.00066786	 0.993552	 -0.000667125
74.04	 -0.0291851	 -3.4592e-05	 -0.984262	 -0.000668882	 1.0104	 -0.000655701
74.06	 -0.0291134	 -3.37791e-05	 -0.982141	 -0.000670187	 1.02731	 -0.000643736
74.08	 -0.0290519	 -3.29096e-05	 -0.97996	 -0.000671768	 1.04431	 -0.000631244
74.1	 -0.0290008	 -3.19847e-05	 -0.977722	 -0.000673618	 1.06138	 -0.000618241
74.12	 -0.0289605	 -3.10053e-05	 -0.975427	 -0.000675731	 1.07852	 -0.000604742
74.14	 -0.0289314	 -2.99724e-05	 -0.973076	 -0.0006781	 1.09574	 -0.000590763
74.16	 -0.0289139	 -2.88873e-05	 -0.970669	 -0.000680716	 1.11303	 -0.00057632
74.18	 -0.0289082	 -2.77512e-05	 -0.968207	 -0.000683572	 1.13038	 -0.000561432
74.2	 -0.0289146	 -2.65655e-05	 -0.96569	 -0.000686659	 1.14781	 -0.000546114
74.22	 -0.0289334	 -2.53316e-05	 -0.96312	 -0.000689969	 1.1653	 -0.000530387
74.24	 -0.0289649	 -2.4051e-05	 -0.960496	 -0.000693493	 1.18285	 -0.000514268
74.26	 -0.0290093	 -2.27252e-05	 -0.95782	 -0.000697222	 1.20046	 -0.000497777
74.28	 -0.0290668	 -2.1356e-05	 -0.955092	 -0.000701145	 1.21814	 -0.000480932
74.3	 -0.0291376	 -1.99449e-05	 -0.952313	 -0.000705254	 1.23587	 -0.000463755
74.32	 -0.0292219	 -1.84939e-05	 -0.949482	 -0.000709538	 1.25366	 -0.000446264
74.34	 -0.0293198	 -1.70047e-05	 -0.946601	 -0.000713987	 1.27149	 -0.000428482
74.36	 -0.0294314	 -1.54792e-05	 -0.94367	 -0.00071859	 1.28938	 -0.000410429
74.38	 -0.0295569	 -1.39195e-05	 -0.940689	 -0.000723338	 1.3073	 -0.000392126
74.4	 -0.0296962	 -1.23274e-05	 -0.93766	 -0.000728218	 1.32527	 -0.000373595
74.42	 -0.0298496	 -1.07052e-05	 -0.934582	 -0.000733221	 1.34328	 -0.000354858
74.44	 -0.0300169	 -9.05492e-06	 -0.931456	 -0.000738334	 1.36132	 -0.000335937
74.46	 -0.0301983	 -7.37871e-06	 -0.928282	 -0.000743546	 1.37939	 -0.000316853
74.48	 -0.0303936	 -5.67882e-06	 -0.925061	 -0.000748847	 1.39748	 -0.000297631
74.5	 -0.030603	 -3.95748e-06	 -0.921793	 -0.000754223	 1.41559	 -0.000278291
74.52	 -0.0308262	 -2.21701e-06	 -0.918479	 -0.000759664	 1.43372	 -0.000258857
74.54	 -0.0310633	 -4.59711e-07	 -0.915119	 -0.000765158	 1.45186	 -0.000239351
74.56	 -0.0313141	 1.31205e-06	 -0.911714	 -0.000770692	 1.47001	 -0.000219797
74.58	 -0.0315785	 3.0959e-06	 -0.908263	 -0.000776255	 1.48816	 -0.000200217
74.6	 -0.0318563	 4.88944e-06	 -0.904768	 -0.000781834	 1.5063	 -0.000180634
74.62	 -0.0321475	 6.69023e-06	 -0.901228	 -0.000787419	 1.52443	 -0.000161071
74.64	 -0.0324517	 8.49584e-06	 -0.897645	 -0.000792996	 1.54255	 -0.000141551
74.66	 -0.0327688	 1.03038e-05	 -0.894018	 -0.000798553	 1.56064	 -0.000122095
74.68	 -0.0330986	 1.21117e-05	 -0.890349	 -0.000804079	 1.5787	 -0.000102728
74.7	 -0.0334408	 1.39171e-05	 -0.886637	 -0.000809562	 1.59673	 -8.34713e-05
74.72	 -0.0337952	 1.57174e-05	 -0.882882	 -0.000814989	 1.61472	 -6.4347e-05
74.74	 -0.0341613	 1.75102e-05	 -0.879086	 -0.000820348	 1.63266	 -4.53775e-05
74.76	 -0.034539	 1.92931e-05	 -0.875249	 -0.000825629	 1.65055	 -2.65846e-05
74.78	 -0.0349279	 2.10637e-05	 -0.871371	 -0.000830819	 1.66837	 -7.98995e-06
74.8	 -0.0353277	 2.28194e-05	 -0.867453	 -0.000835906	 1.68612	 1.0385e-05
74.82	 -0.035738	 2.45578e-05	 -0.863495	 -0.000840879	 1.7038	 2.85193e-05
74.84	 -0.0361583	 2.62766e-05	 -0.859497	 -0.000845727	 1.72139	 4.63921e-05
74.86	 -0.0365885	 2.79735e-05	 -0.855461	 -0.000850439	 1.73889	 6.3983e-05
74.88	 -0.0370279	 2.96459e-05	 -0.851387	 -0.000855003	 1.7563	 8.1272e-05
74.9	 -0.0374762	 3.12917e-05	 -0.847276	 -0.000859409	 1.77359	 9.82393e-05
74.92	 -0.0379329	 3.29085e-05	 -0.843127	 -0.000863646	 1.79077	 0.000114866
74.94	 -0.0383976	 3.44941e-05	 -0.838942	 -0.000867705	 1.80783	 0.000131133
74.96	 -0.0388698	 3.60463e-05	 -0.834721	 -0.000871573	 1.82475	 0.000147022
74.98	 -0.0393491	 3.7563e-05	 -0.830465	 -0.000875243	 1.84153	 0.000162515
75	 -0.0398349	 3.90419e-05	 -0.826174	 -0.000878704	 1.85817	 0.000177594
75.02	 -0.0403268	 4.04811e-05	 -0.82185	 -0.000881947	 1.87465	 0.000192244
75.04	 -0.0408241	 4.18785e-05	 -0.817493	 -0.000884963	 1.89096	 0.000206447
75.06	 -0.0413265	 4.32321e-05	 -0.813104	 -0.000887743	 1.9071	 0.000220189
75.08	 -0.0418334	 4.45401e-05	 -0.808683	 -0.000890279	 1.92305	 0.000233453
75.1	 -0.0423441	 4.58006e-05	 -0.804232	 -0.000892562	 1.93881	 0.000246225
75.12	 -0.0428583	 4.70119e-05	 -0.799751	 -0.000894586	 1.95437	 0.000258492
75.14	 -0.0433753	 4.81721e-05	 -0.795242	 -0.000896342	 1.96972	 0.000270239
75.16	 -0.0438946	 4.92797e-05	 -0.790705	 -0.000897823	 1.98485	 0.000281455
75.18	 -0.0444156	 5.03332e-05	 -0.786141	 -0.000899024	 1.99975	 0.000292128
75.2	 -0.0449377	 5.13308e-05	 -0.781551	 -0.000899937	 2.01442	 0.000302245
75.22	 -0.0454604	 5.22713e-05	 -0.776936	 -0.000900558	 2.02883	 0.000311796
75.24	 -0.0459831	 5.31533e-05	 -0.772298	 -0.000900879	 2.04299	 0.000320773
75.26	 -0.0465052	 5.39756e-05	 -0.767638	 -0.000900898	 2.05689	 0.000329164
75.28	 -0.0470262	 5.47368e-05	 -0.762956	 -0.000900607	 2.07051	 0.000336962
75.3	 -0.0475454	 5.54359e-05	 -0.758254	 -0.000900005	 2.08385	 0.000344159
75.32	 -0.0480623	 5.60718e-05	 -0.753533	 -0.000899087	 2.09689	 0.000350748
75.34	 -0.0485764	 5.66436e-05	 -0.748794	 -0.000897849	 2.10964	 0.000356722
75.36	 -0.049087	 5.71505e-05	 -0.74404	 -0.000896289	 2.12207	 0.000362077
75.38	 -0.0495935	 5.75916e-05	 -0.73927	 -0.000894404	 2.13418	 0.000366807
75.4	 -0.0500955	 5.79662e-05	 -0.734487	 -0.000892193	 2.14596	 0.000370908
75.42	 -0.0505923	 5.82738e-05	 -0.729692	 -0.000889654	 2.15741	 0.000374378
75.44	 -0.0510834	 5.85138e-05	 -0.724887	 -0.000886786	 2.16851	 0.000377213
75.46	 -0.0515683	 5.86858e-05	 -0.720073	 -0.000883589	 2.17925	 0.000379411
75.48	 -0.0520463	 5.87894e-05	 -0.715251	 -0.000880063	 2.18963	 0.000380973
75.5	 -0.052517	 5.88244e-05	 -0.710423	 -0.000876208	 2.19964	 0.000381898
75.52	 -0.0529798	 5.87907e-05	 -0.705591	 -0.000872024	 2.20927	 0.000382186
75.54	 -0.0534342	 5.86881e-05	 -0.700757	 -0.000867515	 2.2185	 0.00038184
75.56	 -0.0538797	 5.85167e-05	 -0.695922	 -0.000862681	 2.22734	 0.00038086
75.58	 -0.0543158	 5.82766e-05	 -0.691087	 -0.000857524	 2.23578	 0.000379251
75.6	 -0.0547419	 5.79679e-05	 -0.686256	 -0.000852049	 2.2438	 0.000377015
75.62	 -0.0551577	 5.75911e-05	 -0.681429	 -0.000846257	 2.2514	 0.000374158
75.64	 -0.0555626	 5.71464e-05	 -0.676609	 -0.000840154	 2.25857	 0.000370685
75.66	 -0.0559561	 5.66343e-05	 -0.671797	 -0.000833743	 2.26531	 0.000366601
75.68	 -0.0563379	 5.60553e-05	 -0.666995	 -0.000827029	 2.2716	 0.000361913
75.7	 -0.0567075	 5.54102e-05	 -0.662205	 -0.000820018	 2.27745	 0.00035663
75.72	 -0.0570644	 5.46996e-05	 -0.657429	 -0.000812715	 2.28283	 0.000350759
75.74	 -0.0574083	 5.39243e-05	 -0.65267	 -0.000805126	 2.28775	 0.000344308
75.76	 -0.0577387	 5.30852e-05	 -0.647929	 -0.000797259	 2.2922	 0.000337289
75.78	 -0.0580553	 5.21833e-05	 -0.643207	 -0.000789119	 2.29618	 0.000329711
75.8	 -0.0583578	 5.12196e-05	 -0.638508	 -0.000780716	 2.29967	 0.000321585
75.82	 -0.0586456	 5.01953e-05	 -0.633834	 -0.000772056	 2.30268	 0.000312922
75.84	 -0.0589187	 4.91116e-05	 -0.629186	 -0.000763148	 2.30519	 0.000303736
75.86	 -0.0591765	 4.79697e-05	 -0.624566	 -0.000754001	 2.30721	 0.00029404
75.88	 -0.0594188	 4.6771e-05	 -0.619977	 -0.000744625	 2.30872	 0.000283846
75.9	 -0.0596453	 4.55169e-05	 -0.615421	 -0.000735028	 2.30972	 0.000273169
75.92	 -0.0598558	 4.42089e-05	 -0.610899	 -0.000725222	 2.31021	 0.000262025
75.94	 -0.06005	 4.28486e-05	 -0.606415	 -0.000715216	 2.31018	 0.000250427
75.96	 -0.0602276	 4.14377e-05	 -0.60197	 -0.00070502	 2.30963	 0.000238394
75.98	 -0.0603885	 3.99777e-05	 -0.597567	 -0.000694647	 2.30856	 0.00022594
76	 -0.0605324	 3.84704e-05	 -0.593207	 -0.000684108	 2.30696	 0.000213084
76.02	 -0.0606591	 3.69177e-05	 -0.588893	 -0.000673413	 2.30483	 0.000199842
76.04	 -0.0607685	 3.53214e-05	 -0.584627	 -0.000662577	 2.30217	 0.000186233
76.06	 -0.0608605	 3.36835e-05	 -0.580411	 -0.00065161	 2.29897	 0.000172275
76.08	 -0.0609349	 3.20058e-05	 -0.576248	 -0.000640525	 2.29524	 0.000157987
76.1	 -0.0609915	 3.02905e-05	 -0.572138	 -0.000629336	 2.29097	 0.000143389
76.12	 -0.0610304	 2.85395e-05	 -0.568086	 -0.000618055	 2.28615	 0.000128501
76.14	 -0.0610513	 2.6755e-05	 -0.564092	 -0.000606696	 2.2808	 0.000113341
76.16	 -0.0610543	 2.49391e-05	 -0.560159	 -0.000595273	 2.2749	 9.79322e-05
76.18	 -0.0610394	 2.30941e-05	 -0.556288	 -0.000583799	 2.26846	 8.22939e-05
76.2	 -0.0610064	 2.1222e-05	 -0.552483	 -0.000572288	 2.26148	 6.64476e-05
76.22	 -0.0609554	 1.93252e-05	 -0.548745	 -0.000560754	 2.25396	 5.04147e-05
76.24	 -0.0608863	 1.74059e-05	 -0.545075	 -0.000549212	 2.24589	 3.42167e-05
76.26	 -0.0607993	 1.54665e-05	 -0.541477	 -0.000537676	 2.23729	 1.78757e-05
76.28	 -0.0606943	 1.35092e-05	 -0.537952	 -0.00052616	 2.22814	 1.41368e-06
76.3	 -0.0605715	 1.15364e-05	 -0.534501	 -0.000514679	 2.21846	 -1.51471e-05
76.32	 -0.0604308	 9.55037e-06	 -0.531128	 -0.000503248	 2.20825	 -3.17844e-05
76.34	 -0.0602725	 7.55358e-06	 -0.527833	 -0.000491881	 2.1975	 -4.84754e-05
76.36	 -0.0600965	 5.54837e-06	 -0.524618	 -0.000480593	 2.18622	 -6.51978e-05
76.38	 -0.059903	 3.53713e-06	 -0.521486	 -0.000469399	 2.17442	 -8.19288e-05
76.4	 -0.0596922	 1.52223e-06	 -0.518438	 -0.000458314	 2.16209	 -9.86457e-05
76.42	 -0.0594643	 -4.93924e-07	 -0.515475	 -0.000447351	 2.14925	 -0.000115326
76.44	 -0.0592193	 -2.50896e-06	 -0.5126	 -0.000436527	 2.13589	 -0.000131946
76.46	 -0.0589575	 -4.5205e-06	 -0.509814	 -0.000425854	 2.12202	 -0.000148485
76.48	 -0.058679	 -6.52616e-06	 -0.507118	 -0.000415349	 2.10764	 -0.000164919
76.5	 -0.0583842	 -8.52359e-06	 -0.504515	 -0.000405024	 2.09277	 -0.000181226
76.52	 -0.0580732	 -1.05105e-05	 -0.502004	 -0.000394895	 2.0774	 -0.000197383
76.54	 -0.0577462	 -1.24844e-05	 -0.499589	 -0.000384975	 2.06154	 -0.000213369
76.56	 -0.0574036	 -1.44432e-05	 -0.49727	 -0.000375279	 2.0452	 -0.000229161
76.58	 -0.0570456	 -1.63845e-05	 -0.495048	 -0.000365819	 2.02839	 -0.000244738
76.6	 -0.0566725	 -1.8306e-05	 -0.492925	 -0.00035661	 2.0111	 -0.000260077
76.62	 -0.0562845	 -2.02056e-05	 -0.490902	 -0.000347664	 1.99336	 -0.000275159
76.64	 -0.0558821	 -2.20811e-05	 -0.48898	 -0.000338995	 1.97516	 -0.000289962
76.66	 -0.0554654	 -2.39303e-05	 -0.48716	 -0.000330616	 1.95652	 -0.000304465
76.68	 -0.0550349	 -2.5751e-05	 -0.485443	 -0.000322538	 1.93744	 -0.000318649
76.7	 -0.0545909	 -2.75412e-05	 -0.483829	 -0.000314775	 1.91793	 -0.000332492
76.72	 -0.0541338	 -2.9299e-05	 -0.482321	 -0.000307337	 1.898	 -0.000345976
76.74	 -0.0536638	 -3.10222e-05	 -0.480917	 -0.000300236	 1.87767	 -0.000359082
76.76	 -0.0531814	 -3.27089e-05	 -0.47962	 -0.000293484	 1.85693	 -0.000371791
76.78	 -0.052687	 -3.43573e-05	 -0.47843	 -0.000287091	 1.8358	 -0.000384086
76.8	 -0.052181	 -3.59655e-05	 -0.477346	 -0.000281068	 1.81429	 -0.000395947
76.82	 -0.0516637	 -3.75318e-05	 -0.476371	 -0.000275424	 1.79242	 -0.000407359
76.84	 -0.0511356	 -3.90543e-05	 -0.475504	 -0.000270169	 1.77018	 -0.000418305
76.86	 -0.050597	 -4.05315e-05	 -0.474745	 -0.000265311	 1.74759	 -0.00042877
76.88	 -0.0500485	 -4.19618e-05	 -0.474095	 -0.000260861	 1.72467	 -0.000438737
76.9	 -0.0494904	 -4.33435e-05	 -0.473554	 -0.000256825	 1.70142	 -0.000448192
76.92	 -0.0489231	 -4.46753e-05	 -0.473122	 -0.000253212	 1.67785	 -0.000457121
76.94	 -0.0483472	 -4.59557e-05	 -0.4728	 -0.000250028	 1.65399	 -0.000465511
76.96	 -0.047763	 -4.71834e-05	 -0.472586	 -0.000247281	 1.62983	 -0.000473349
76.98	 -0.0471709	 -4.83571e-05	 -0.472482	 -0.000244976	 1.60539	 -0.000480624
77	 -0.0465716	 -4.94756e-05	 -0.472487	 -0.000243119	 1.58069	 -0.000487323
77.02	 -0.0459653	 -5.05378e-05	 -0.4726	 -0.000241715	 1.55574	 -0.000493437
77.04	 -0.0453525	 -5.15426e-05	 -0.472822	 -0.000240769	 1.53054	 -0.000498956
77.06	 -0.0447338	 -5.24892e-05	 -0.473152	 -0.000240284	 1.50512	 -0.000503871
77.08	 -0.0441095	 -5.33766e-05	 -0.473589	 -0.000240265	 1.47948	 -0.000508173
77.1	 -0.0434802	 -5.42039e-05	 -0.474134	 -0.000240714	 1.45364	 -0.000511856
77.12	 -0.0428462	 -5.49706e-05	 -0.474785	 -0.000241633	 1.42761	 -0.000514913
77.14	 -0.0422082	 -5.56758e-05	 -0.475543	 -0.000243025	 1.40141	 -0.000517339
77.16	 -0.0415664	 -5.63192e-05	 -0.476405	 -0.000244891	 1.37505	 -0.000519127
77.18	 -0.0409214	 -5.69002e-05	 -0.477373	 -0.00024723	 1.34854	 -0.000520275
77.2	 -0.0402737	 -5.74183e-05	 -0.478444	 -0.000250044	 1.3219	 -0.000520779
77.22	 -0.0396236	 -5.78734e-05	 -0.479617	 -0.000253331	 1.29513	 -0.000520638
77.24	 -0.0389718	 -5.82651e-05	 -0.480893	 -0.000257091	 1.26826	 -0.000519848
77.26	 -0.0383185	 -5.85934e-05	 -0.48227	 -0.000261321	 1.2413	 -0.000518411
77.28	 -0.0376644	 -5.88582e-05	 -0.483746	 -0.00026602	 1.21426	 -0.000516327
77.3	 -0.0370097	 -5.90595e-05	 -0.485322	 -0.000271186	 1.18716	 -0.000513596
77.32	 -0.0363551	 -5.91974e-05	 -0.486995	 -0.000276813	 1.16	 -0.00051022
77.34	 -0.0357009	 -5.92722e-05	 -0.488764	 -0.000282899	 1.13281	 -0.000506204
77.36	 -0.0350476	 -5.9284e-05	 -0.490628	 -0.000289438	 1.1056	 -0.00050155
77.38	 -0.0343955	 -5.92334e-05	 -0.492587	 -0.000296427	 1.07837	 -0.000496264
77.4	 -0.0337453	 -5.91208e-05	 -0.494638	 -0.000303858	 1.05116	 -0.000490351
77.42	 -0.0330972	 -5.89466e-05	 -0.496779	 -0.000311726	 1.02396	 -0.000483817
77.44	 -0.0324517	 -5.87115e-05	 -0.499011	 -0.000320025	 0.996795	 -0.000476671
77.46	 -0.0318092	 -5.84163e-05	 -0.501331	 -0.000328746	 0.969677	 -0.00046892
77.48	 -0.0311701	 -5.80616e-05	 -0.503737	 -0.000337882	 0.942618	 -0.000460573
77.5	 -0.0305349	 -5.76485e-05	 -0.506228	 -0.000347425	 0.915634	 -0.000451641
77.52	 -0.0299039	 -5.71777e-05	 -0.508803	 -0.000357366	 0.888736	 -0.000442134
77.54	 -0.0292775	 -5.66503e-05	 -0.51146	 -0.000367695	 0.861939	 -0.000432064
77.56	 -0.0286561	 -5.60675e-05	 -0.514197	 -0.000378404	 0.835255	 -0.000421443
77.58	 -0.0280402	 -5.54304e-05	 -0.517012	 -0.000389481	 0.808698	 -0.000410285
77.6	 -0.0274299	 -5.47402e-05	 -0.519904	 -0.000400916	 0.782281	 -0.000398603
77.62	 -0.0268259	 -5.39983e-05	 -0.522871	 -0.000412698	 0.756015	 -0.000386413
77.64	 -0.0262283	 -5.3206e-05	 -0.525911	 -0.000424816	 0.729915	 -0.000373729
77.66	 -0.0256375	 -5.23648e-05	 -0.529023	 -0.000437257	 0.703992	 -0.000360568
77.68	 -0.0250539	 -5.14762e-05	 -0.532204	 -0.000450009	 0.678259	 -0.000346947
77.7	 -0.0244779	 -5.05418e-05	 -0.535453	 -0.00046306	 0.652727	 -0.000332884
77.72	 -0.0239096	 -4.95631e-05	 -0.538768	 -0.000476397	 0.627409	 -0.000318397
77.74	 -0.0233495	 -4.8542e-05	 -0.542147	 -0.000490005	 0.602316	 -0.000303504
77.76	 -0.0227979	 -4.74801e-05	 -0.545588	 -0.000503872	 0.577459	 -0.000288225
77.78	 -0.022255	 -4.63793e-05	 -0.54909	 -0.000517983	 0.55285	 -0.000272581
77.8	 -0.0217211	 -4.52414e-05	 -0.552649	 -0.000532324	 0.5285	 -0.000256592
77.82	 -0.0211966	 -4.40683e-05	 -0.556265	 -0.000546881	 0.50442	 -0.000240279
77.84	 -0.0206817	 -4.28619e-05	 -0.559936	 -0.000561639	 0.48062	 -0.000223664
77.86	 -0.0201766	 -4.16243e-05	 -0.56366	 -0.000576582	 0.45711	 -0.00020677
77.88	 -0.0196817	 -4.03574e-05	 -0.567434	 -0.000591696	 0.433901	 -0.000189618
77.9	 -0.0191971	 -3.90633e-05	 -0.571256	 -0.000606965	 0.411002	 -0.000172232
77.92	 -0.0187231	 -3.77441e-05	 -0.575126	 -0.000622373	 0.388422	 -0.000154636
77.94	 -0.0182599	 -3.64019e-05	 -0.579041	 -0.000637905	 0.366172	 -0.000136852
77.96	 -0.0178077	 -3.50389e-05	 -0.582999	 -0.000653545	 0.344259	 -0.000118906
77.98	 -0.0173668	 -3.36572e-05	 -0.586998	 -0.000669277	 0.322693	 -0.000100822
78	 -0.0169373	 -3.2259e-05	 -0.591036	 -0.000685084	 0.301482	 -8.26243e-05
78.02	 -0.0165195	 -3.08465e-05	 -0.595112	 -0.000700952	 0.280634	 -6.4338e-05
78.04	 -0.0161134	 -2.9422e-05	 -0.599224	 -0.000716863	 0.260157	 -4.59881e-05
78.06	 -0.0157193	 -2.79876e-05	 -0.603369	 -0.000732801	 0.240059	 -2.76e-05
78.08	 -0.0153374	 -2.65456e-05	 -0.607546	 -0.000748751	 0.220346	 -9.19895e-06
78.1	 -0.0149677	 -2.50982e-05	 -0.611753	 -0.000764695	 0.201025	 9.18945e-06
78.12	 -0.0146104	 -2.36477e-05	 -0.615988	 -0.000780618	 0.182104	 2.75397e-05
78.14	 -0.0142657	 -2.21962e-05	 -0.62025	 -0.000796505	 0.163589	 4.58263e-05
78.16	 -0.0139337	 -2.07461e-05	 -0.624537	 -0.000812338	 0.145485	 6.40237e-05
78.18	 -0.0136145	 -1.92994e-05	 -0.628847	 -0.000828102	 0.127798	 8.21064e-05
78.2	 -0.0133081	 -1.78584e-05	 -0.633178	 -0.000843781	 0.110534	 0.000100049
78.22	 -0.0130148	 -1.64254e-05	 -0.637529	 -0.00085936	 0.0936977	 0.000117826
78.24	 -0.0127345	 -1.50023e-05	 -0.641897	 -0.000874823	 0.0772942	 0.000135413
78.26	 -0.0124673	 -1.35914e-05	 -0.646282	 -0.000890154	 0.0613276	 0.000152785
78.28	 -0.0122134	 -1.21948e-05	 -0.650682	 -0.00090534	 0.0458024	 0.000169917
78.3	 -0.0119727	 -1.08145e-05	 -0.655095	 -0.000920364	 0.0307223	 0.000186784
78.32	 -0.0117454	 -9.45257e-06	 -0.659519	 -0.000935212	 0.0160908	 0.000203363
78.34	 -0.0115314	 -8.11101e-06	 -0.663954	 -0.00094987	 0.00191135	 0.000219629
78.36	 -0.0113309	 -6.79177e-06	 -0.668397	 -0.000964324	 -0.0118132	 0.00023556
78.38	 -0.0111437	 -5.49678e-06	 -0.672847	 -0.000978559	 -0.0250803	 0.000251132
78.4	 -0.01097	 -4.2279e-06	 -0.677303	 -0.000992563	 -0.0378874	 0.000266323
78.42	 -0.0108097	 -2.98695e-06	 -0.681763	 -0.00100632	 -0.0502325	 0.00028111
78.44	 -0.0106629	 -1.7757e-06	 -0.686226	 -0.00101982	 -0.062114	 0.000295473
78.46	 -0.0105295	 -5.95864e-07	 -0.69069	 -0.00103305	 -0.0735302	 0.000309389
78.48	 -0.0104095	 5.50908e-07	 -0.695154	 -0.001046	 -0.0844801	 0.000322838
78.5	 -0.0103029	 1.66302e-06	 -0.699618	 -0.00105865	 -0.0949628	 0.000335801
78.52	 -0.0102097	 2.73893e-06	 -0.704079	 -0.001071	 -0.104978	 0.000348257
78.54	 -0.0101298	 3.77717e-06	 -0.708536	 -0.00108303	 -0.114524	 0.000360189
78.56	 -0.0100631	 4.77633e-06	 -0.712989	 -0.00109474	 -0.123603	 0.000371578
78.58	 -0.0100097	 5.73509e-06	 -0.717436	 -0.0011061	 -0.132213	 0.000382406
78.6	 -0.00996942	 6.65218e-06	 -0.721876	 -0.00111712	 -0.140356	 0.000392658
78.62	 -0.00994222	 7.52641e-06	 -0.726308	 -0.00112778	 -0.148032	 0.000402316
78.64	 -0.00992803	 8.35665e-06	 -0.73073	 -0.00113808	 -0.155243	 0.000411367
78.66	 -0.00992676	 9.14186e-06	 -0.735143	 -0.001148	 -0.161989	 0.000419795
78.68	 -0.00993832	 9.88108e-06	 -0.739544	 -0.00115754	 -0.168272	 0.000427587
78.7	 -0.00996261	 1.05734e-05	 -0.743933	 -0.0011667	 -0.174093	 0.00043473
78.72	 -0.00999952	 1.12181e-05	 -0.748309	 -0.00117545	 -0.179456	 0.000441213
78.74	 -0.010049	 1.18143e-05	 -0.752671	 -0.00118381	 -0.184362	 0.000447023
78.76	 -0.0101108	 1.23615e-05	 -0.757018	 -0.00119175	 -0.188813	 0.000452151
78.78	 -0.0101849	 1.28591e-05	 -0.761349	 -0.00119928	 -0.192812	 0.000456588
78.8	 -0.0102711	 1.33065e-05	 -0.765663	 -0.0012064	 -0.196362	 0.000460325
78.82	 -0.0103694	 1.37035e-05	 -0.76996	 -0.00121309	 -0.199467	 0.000463355
78.84	 -0.0104795	 1.40496e-05	 -0.77424	 -0.00121935	 -0.202129	 0.00046567
78.86	 -0.0106014	 1.43447e-05	 -0.7785	 -0.00122519	 -0.204351	 0.000467266
78.88	 -0.0107348	 1.45886e-05	 -0.78274	 -0.00123059	 -0.206139	 0.000468137
78.9	 -0.0108796	 1.47812e-05	 -0.78696	 -0.00123555	 -0.207495	 0.00046828
78.92	 -0.0110357	 1.49227e-05	 -0.791159	 -0.00124008	 -0.208423	 0.000467691
78.94	 -0.0112028	 1.5013e-05	 -0.795337	 -0.00124417	 -0.208929	 0.000466369
78.96	 -0.0113808	 1.50523e-05	 -0.799492	 -0.00124782	 -0.209015	 0.000464314
78.98	 -0.0115696	 1.50411e-05	 -0.803624	 -0.00125103	 -0.208687	 0.000461523
79	 -0.0117688	 1.49795e-05	 -0.807733	 -0.00125381	 -0.20795	 0.000458
79.02	 -0.0119784	 1.4868e-05	 -0.811817	 -0.00125614	 -0.206808	 0.000453745
79.04	 -0.0121982	 1.47072e-05	 -0.815877	 -0.00125804	 -0.205266	 0.000448762
79.06	 -0.0124279	 1.44976e-05	 -0.819912	 -0.0012595	 -0.203329	 0.000443054
79.08	 -0.0126673	 1.42399e-05	 -0.823921	 -0.00126054	 -0.201003	 0.000436626
79.1	 -0.0129163	 1.39348e-05	 -0.827903	 -0.00126114	 -0.198293	 0.000429483
79.12	 -0.0131746	 1.35833e-05	 -0.831859	 -0.00126131	 -0.195204	 0.000421632
79.14	 -0.013442	 1.3186e-05	 -0.835788	 -0.00126106	 -0.191742	 0.000413082
79.16	 -0.0137183	 1.27442e-05	 -0.839688	 -0.0012604	 -0.187913	 0.000403839
79.18	 -0.0140032	 1.22586e-05	 -0.843561	 -0.00125932	 -0.183722	 0.000393913
79.2	 -0.0142966	 1.17306e-05	 -0.847404	 -0.00125783	 -0.179176	 0.000383315
79.22	 -0.0145981	 1.11612e-05	 -0.851219	 -0.00125594	 -0.174279	 0.000372056
79.24	 -0.0149077	 1.05516e-05	 -0.855004	 -0.00125366	 -0.169039	 0.000360147
79.26	 -0.0152249	 9.90315e-06	 -0.858759	 -0.00125098	 -0.16346	 0.000347602
79.28	 -0.0155496	 9.21722e-06	 -0.862483	 -0.00124792	 -0.15755	 0.000334433
79.3	 -0.0158815	 8.49519e-06	 -0.866176	 -0.00124449	 -0.151314	 0.000320655
79.32	 -0.0162204	 7.73852e-06	 -0.869838	 -0.00124069	 -0.144759	 0.000306284
79.34	 -0.016566	 6.94872e-06	 -0.873468	 -0.00123653	 -0.13789	 0.000291335
79.36	 -0.0169181	 6.12734e-06	 -0.877065	 -0.00123201	 -0.130715	 0.000275824
79.38	 -0.0172765	 5.276e-06	 -0.88063	 -0.00122716	 -0.123238	 0.000259771
79.4	 -0.0176407	 4.39633e-06	 -0.884161	 -0.00122197	 -0.115468	 0.000243191
79.42	 -0.0180107	 3.49002e-06	 -0.887659	 -0.00121646	 -0.107409	 0.000226105
79.44	 -0.018386	 2.55879e-06	 -0.891122	 -0.00121064	 -0.0990681	 0.000208531
79.46	 -0.0187666	 1.60441e-06	 -0.894551	 -0.00120452	 -0.090452	 0.00019049
79.48	 -0.019152	 6.28655e-07	 -0.897945	 -0.0011981	 -0.0815667	 0.000172002
79.5	 -0.019542	 -3.66651e-07	 -0.901303	 -0.0011914	 -0.0724185	 0.000153089
79.52	 -0.0199364	 -1.37967e-06	 -0.904625	 -0.00118443	 -0.0630137	 0.000133772
79.54	 -0.0203348	 -2.40854e-06	 -0.907911	 -0.00117721	 -0.0533585	 0.000114073
79.56	 -0.020737	 -3.45137e-06	 -0.911159	 -0.00116973	 -0.0434591	 9.40158e-05
79.58	 -0.0211428	 -4.50627e-06	 -0.91437	 -0.00116202	 -0.0333218	 7.36228e-05
79.6	 -0.0215517	 -5.57133e-06	 -0.917543	 -0.00115409	 -0.0229527	 5.2918e-05
79.62	 -0.0219637	 -6.64462e-06	 -0.920677	 -0.00114595	 -0.0123578	 3.19254e-05
79.64	 -0.0223783	 -7.72423e-06	 -0.923772	 -0.00113761	 -0.00154332	 1.06693e-05
79.66	 -0.0227953	 -8.80821e-06	 -0.926827	 -0.00112908	 0.00948487	 -1.08254e-05
79.68	 -0.0232144	 -9.89464e-06	 -0.929841	 -0.00112038	 0.0207208	 -3.25337e-05
79.7	 -0.0236353	 -1.09816e-05	 -0.932815	 -0.00111152	 0.0321586	 -5.44303e-05
79.72	 -0.0240578	 -1.20672e-05	 -0.935747	 -0.00110251	 0.0437924	 -7.64896e-05
79.74	 -0.0244816	 -1.31494e-05	 -0.938637	 -0.00109337	 0.0556165	 -9.86858e-05
79.76	 -0.0249063	 -1.42264e-05	 -0.941484	 -0.00108411	 0.0676253	 -0.000120993
79.78	 -0.0253318	 -1.52963e-05	 -0.944287	 -0.00107474	 0.0798131	 -0.000143385
79.8	 -0.0257577	 -1.63573e-05	 -0.947047	 -0.00106528	 0.0921745	 -0.000165836
79.82	 -0.0261837	 -1.74074e-05	 -0.949761	 -0.00105573	 0.104704	 -0.000188319
79.84	 -0.0266096	 -1.8445e-05	 -0.952431	 -0.00104612	 0.117396	 -0.000210808
79.86	 -0.0270352	 -1.9468e-05	 -0.955053	 -0.00103645	 0.130246	 -0.000233276
79.88	 -0.02746	 -2.04749e-05	 -0.957629	 -0.00102674	 0.143249	 -0.000255698
79.9	 -0.0278839	 -2.14638e-05	 -0.960157	 -0.00101701	 0.156398	 -0.000278048
79.92	 -0.0283066	 -2.24331e-05	 -0.962637	 -0.00100726	 0.169691	 -0.000300297
79.94	 -0.0287277	 -2.33811e-05	 -0.965068	 -0.000997509	 0.18312	 -0.000322422
79.96	 -0.0291471	 -2.43061e-05	 -0.967448	 -0.00098777	 0.196683	 -0.000344396
79.98	 -0.0295645	 -2.52066e-05	 -0.969778	 -0.000978056	 0.210374	 -0.000366192
80	 -0.0299796	 -2.60811e-05	 -0.972056	 -0.00096838	 0.224189	 -0.000387786
80.02	 -0.0303922	 -2.6928e-05	 -0.974281	 -0.000958755	 0.238123	 -0.000409153
80.04	 -0.0308019	 -2.7746e-05	 -0.976453	 -0.000949193	 0.252172	 -0.000430266
80.06	 -0.0312086	 -2.85335e-05	 -0.978572	 -0.000939707	 0.266332	 -0.000451102
80.08	 -0.031612	 -2.92893e-05	 -0.980635	 -0.000930309	 0.280599	 -0.000471636
80.1	 -0.0320118	 -3.00121e-05	 -0.982642	 -0.000921011	 0.294969	 -0.000491844
80.12	 -0.0324078	 -3.07007e-05	 -0.984592	 -0.000911826	 0.309438	 -0.000511703
80.14	 -0.0327998	 -3.13538e-05	 -0.986485	 -0.000902764	 0.324002	 -0.000531188
80.16	 -0.0331876	 -3.19703e-05	 -0.988319	 -0.000893837	 0.338657	 -0.000550279
80.18	 -0.0335708	 -3.25492e-05	 -0.990094	 -0.000885058	 0.353401	 -0.000568951
80.2	 -0.0339493	 -3.30895e-05	 -0.991808	 -0.000876435	 0.36823	 -0.000587184
80.22	 -0.0343228	 -3.35902e-05	 -0.993461	 -0.000867981	 0.38314	 -0.000604956
80.24	 -0.0346912	 -3.40506e-05	 -0.995052	 -0.000859706	 0.398129	 -0.000622246
80.26	 -0.0350543	 -3.44696e-05	 -0.996579	 -0.000851619	 0.413193	 -0.000639035
80.28	 -0.0354117	 -3.48467e-05	 -0.998043	 -0.000843731	 0.428329	 -0.000655302
80.3	 -0.0357634	 -3.51812e-05	 -0.999441	 -0.000836051	 0.443535	 -0.00067103
80.32	 -0.0361092	 -3.54724e-05	 -1.00077	 -0.000828589	 0.458809	 -0.000686199
80.34	 -0.0364487	 -3.57197e-05	 -1.00204	 -0.000821353	 0.474146	 -0.000700792
80.36	 -0.036782	 -3.59228e-05	 -1.00324	 -0.000814351	 0.489546	 -0.000714792
80.38	 -0.0371088	 -3.60811e-05	 -1.00436	 -0.000807592	 0.505005	 -0.000728184
80.4	 -0.0374288	 -3.61945e-05	 -1.00542	 -0.000801083	 0.520521	 -0.000740951
80.42	 -0.0377421	 -3.62625e-05	 -1.00641	 -0.000794832	 0.536093	 -0.000753079
80.44	 -0.0380484	 -3.62849e-05	 -1.00733	 -0.000788847	 0.551718	 -0.000764553
80.46	 -0.0383476	 -3.62617e-05	 -1.00817	 -0.000783132	 0.567394	 -0.000775362
80.48	 -0.0386395	 -3.61928e-05	 -1.00894	 -0.000777695	 0.583119	 -0.000785492
80.5	 -0.038924	 -3.60782e-05	 -1.00964	 -0.000772542	 0.598892	 -0.000794932
80.52	 -0.0392011	 -3.59178e-05	 -1.01026	 -0.000767677	 0.614711	 -0.000803671
80.54	 -0.0394705	 -3.5712e-05	 -1.0108	 -0.000763106	 0.630574	 -0.000811699
80.56	 -0.0397321	 -3.54607e-05	 -1.01127	 -0.000758833	 0.64648	 -0.000819007
80.58	 -0.039986	 -3.51644e-05	 -1.01166	 -0.000754862	 0.662428	 -0.000825587
80.6	 -0.0402319	 -3.48233e-05	 -1.01197	 -0.000751196	 0.678415	 -0.000831431
80.62	 -0.0404699	 -3.44378e-05	 -1.0122	 -0.00074784	 0.694442	 -0.000836534
80.64	 -0.0406998	 -3.40084e-05	 -1.01235	 -0.000744795	 0.710506	 -0.000840889
80.66	 -0.0409215	 -3.35356e-05	 -1.01242	 -0.000742064	 0.726606	 -0.000844491
80.68	 -0.0411351	 -3.30198e-05	 -1.01241	 -0.000739648	 0.742743	 -0.000847338
80.7	 -0.0413404	 -3.24619e-05	 -1.01232	 -0.000737549	 0.758913	 -0.000849425
80.72	 -0.0415375	 -3.18624e-05	 -1.01214	 -0.000735768	 0.775117	 -0.000850752
80.74	 -0.0417263	 -3.12221e-05	 -1.01188	 -0.000734305	 0.791354	 -0.000851316
80.76	 -0.0419068	 -3.05418e-05	 -1.01153	 -0.00073316	 0.807623	 -0.000851118
80.78	 -0.042079	 -2.98223e-05	 -1.0111	 -0.000732332	 0.823923	 -0.000850157
80.8	 -0.0422429	 -2.90646e-05	 -1.01059	 -0.000731821	 0.840253	 -0.000848436
80.82	 -0.0423985	 -2.82695e-05	 -1.00998	 -0.000731624	 0.856612	 -0.000845958
80.84	 -0.0425457	 -2.7438e-05	 -1.00929	 -0.00073174	 0.873	 -0.000842725
80.86	 -0.0426848	 -2.65713e-05	 -1.00852	 -0.000732167	 0.889417	 -0.000838741
80.88	 -0.0428156	 -2.56703e-05	 -1.00765	 -0.000732901	 0.90586	 -0.000834012
80.9	 -0.0429382	 -2.47363e-05	 -1.0067	 -0.00073394	 0.922331	 -0.000828544
80.92	 -0.0430527	 -2.37703e-05	 -1.00566	 -0.000735278	 0.938828	 -0.000822343
80.94	 -0.0431592	 -2.27735e-05	 -1.00453	 -0.000736913	 0.95535	 -0.000815417
80.96	 -0.0432577	 -2.17472e-05	 -1.00331	 -0.000738839	 0.971897	 -0.000807775
80.98	 -0.0433483	 -2.06927e-05	 -1.002	 -0.000741052	 0.988469	 -0.000799426
81	 -0.0434311	 -1.96113e-05	 -1.0006	 -0.000743544	 1.00506	 -0.00079038
81.02	 -0.0435062	 -1.85042e-05	 -0.999112	 -0.000746311	 1.02168	 -0.000780648
81.04	 -0.0435737	 -1.73728e-05	 -0.997534	 -0.000749347	 1.03832	 -0.000770242
81.06	 -0.0436338	 -1.62185e-05	 -0.995866	 -0.000752643	 1.05498	 -0.000759175
81.08	 -0.0436865	 -1.50428e-05	 -0.994109	 -0.000756193	 1.07167	 -0.000747459
81.1	 -0.043732	 -1.38469e-05	 -0.992261	 -0.000759989	 1.08837	 -0.00073511
81.12	 -0.0437705	 -1.26325e-05	 -0.990324	 -0.000764023	 1.10509	 -0.000722141
81.14	 -0.043802	 -1.14008e-05	 -0.988297	 -0.000768286	 1.12183	 -0.000708569
81.16	 -0.0438268	 -1.01534e-05	 -0.986181	 -0.00077277	 1.13858	 -0.000694409
81.18	 -0.0438451	 -8.89174e-06	 -0.983975	 -0.000777465	 1.15536	 -0.000679679
81.2	 -0.0438569	 -7.61732e-06	 -0.981681	 -0.000782362	 1.17215	 -0.000664396
81.22	 -0.0438626	 -6.33164e-06	 -0.979298	 -0.00078745	 1.18895	 -0.000648578
81.24	 -0.0438622	 -5.03617e-06	 -0.976826	 -0.00079272	 1.20576	 -0.000632244
81.26	 -0.043856	 -3.73243e-06	 -0.974267	 -0.000798161	 1.22259	 -0.000615414
81.28	 -0.0438442	 -2.42191e-06	 -0.971621	 -0.000803762	 1.23943	 -0.000598108
81.3	 -0.0438269	 -1.10612e-06	 -0.968888	 -0.000809511	 1.25627	 -0.000580345
81.32	 -0.0438045	 2.13467e-07	 -0.966069	 -0.000815397	 1.27312	 -0.000562148
81.34	 -0.0437772	 1.53535e-06	 -0.963164	 -0.000821409	 1.28998	 -0.000543537
81.36	 -0.0437451	 2.85805e-06	 -0.960175	 -0.000827535	 1.30684	 -0.000524535
81.38	 -0.0437085	 4.18009e-06	 -0.957102	 -0.000833761	 1.32371	 -0.000505165
81.4	 -0.0436676	 5.50003e-06	 -0.953946	 -0.000840076	 1.34057	 -0.000485448
81.42	 -0.0436228	 6.8164e-06	 -0.950707	 -0.000846467	 1.35743	 -0.000465408
81.44	 -0.0435742	 8.12779e-06	 -0.947388	 -0.000852921	 1.37429	 -0.00044507
81.46	 -0.043522	 9.43277e-06	 -0.943988	 -0.000859426	 1.39114	 -0.000424456
81.48	 -0.0434667	 1.07299e-05	 -0.940508	 -0.000865967	 1.40799	 -0.000403592
81.5	 -0.0434083	 1.20179e-05	 -0.936951	 -0.000872532	 1.42482	 -0.000382501
81.52	 -0.0433473	 1.32954e-05	 -0.933317	 -0.000879106	 1.44164	 -0.000361208
81.54	 -0.0432838	 1.4561e-05	 -0.929607	 -0.000885678	 1.45844	 -0.000339739
81.56	 -0.0432181	 1.58135e-05	 -0.925822	 -0.000892232	 1.47522	 -0.000318119
81.58	 -0.0431505	 1.70515e-05	 -0.921964	 -0.000898755	 1.49198	 -0.000296372
81.6	 -0.0430813	 1.82738e-05	 -0.918034	 -0.000905234	 1.50871	 -0.000274525
81.62	 -0.0430107	 1.94792e-05	 -0.914034	 -0.000911654	 1.52541	 -0.000252603
81.64	 -0.042939	 2.06665e-05	 -0.909965	 -0.000918002	 1.54208	 -0.000230631
81.66	 -0.0428665	 2.18346e-05	 -0.905829	 -0.000924263	 1.55871	 -0.000208635
81.68	 -0.0427935	 2.29822e-05	 -0.901627	 -0.000930425	 1.57531	 -0.000186641
81.7	 -0.0427203	 2.41083e-05	 -0.89736	 -0.000936473	 1.59186	 -0.000164674
81.72	 -0.042647	 2.52119e-05	 -0.893031	 -0.000942394	 1.60836	 -0.00014276
81.74	 -0.0425741	 2.6292e-05	 -0.888642	 -0.000948174	 1.6248	 -0.000120924
81.76	 -0.0425017	 2.73474e-05	 -0.884193	 -0.000953799	 1.64119	 -9.91922e-05
81.78	 -0.0424302	 2.83773e-05	 -0.879686	 -0.000959256	 1.65752	 -7.7589e-05
81.8	 -0.0423598	 2.93808e-05	 -0.875125	 -0.000964533	 1.67379	 -5.61395e-05
81.82	 -0.0422908	 3.0357e-05	 -0.870509	 -0.000969615	 1.68998	 -3.48686e-05
81.84	 -0.0422234	 3.1305e-05	 -0.865842	 -0.00097449	 1.70609	 -1.38008e-05
81.86	 -0.0421579	 3.22241e-05	 -0.861126	 -0.000979146	 1.72213	 7.0397e-06
81.88	 -0.0420945	 3.31134e-05	 -0.856361	 -0.000983569	 1.73808	 2.76289e-05
81.9	 -0.0420336	 3.39723e-05	 -0.851551	 -0.000987747	 1.75393	 4.79432e-05
81.92	 -0.0419753	 3.48001e-05	 -0.846697	 -0.000991669	 1.76969	 6.79594e-05
81.94	 -0.0419199	 3.5596e-05	 -0.841802	 -0.000995323	 1.78535	 8.76544e-05
81.96	 -0.0418676	 3.63596e-05	 -0.836867	 -0.000998698	 1.8009	 0.000107006
81.98	 -0.0418186	 3.70903e-05	 -0.831895	 -0.00100178	 1.81633	 0.000125992
82	 -0.0417732	 3.77875e-05	 -0.826888	 -0.00100456	 1.83164	 0.000144591
82.02	 -0.0417316	 3.84507e-05	 -0.821848	 -0.00100703	 1.84682	 0.000162782
82.04	 -0.041694	 3.90795e-05	 -0.816778	 -0.00100918	 1.86187	 0.000180544
82.06	 -0.0416606	 3.96734e-05	 -0.811679	 -0.001011	 1.87678	 0.000197858
82.08	 -0.0416316	 4.02322e-05	 -0.806553	 -0.00101247	 1.89154	 0.000214703
82.1	 -0.0416071	 4.07554e-05	 -0.801404	 -0.0010136	 1.90614	 0.000231062
82.12	 -0.0415874	 4.12428e-05	 -0.796234	 -0.00101436	 1.92059	 0.000246915
82.14	 -0.0415726	 4.16941e-05	 -0.791044	 -0.00101477	 1.93486	 0.000262246
82.16	 -0.0415628	 4.21091e-05	 -0.785838	 -0.00101479	 1.94897	 0.000277038
82.18	 -0.0415582	 4.24876e-05	 -0.780617	 -0.00101444	 1.96288	 0.000291273
82.2	 -0.041559	 4.28294e-05	 -0.775383	 -0.0010137	 1.97661	 0.000304937
82.22	 -0.0415652	 4.31344e-05	 -0.77014	 -0.00101256	 1.99014	 0.000318015
82.24	 -0.041577	 4.34026e-05	 -0.76489	 -0.00101103	 2.00347	 0.000330493
82.26	 -0.0415945	 4.36338e-05	 -0.759634	 -0.00100909	 2.01659	 0.000342358
82.28	 -0.0416178	 4.38281e-05	 -0.754376	 -0.00100674	 2.02948	 0.000353596
82.3	 -0.0416469	 4.39855e-05	 -0.749117	 -0.00100398	 2.04214	 0.000364196
82.32	 -0.0416819	 4.4106e-05	 -0.743861	 -0.00100081	 2.05457	 0.000374148
82.34	 -0.0417229	 4.41896e-05	 -0.738609	 -0.000997216	 2.06676	 0.00038344
82.36	 -0.0417699	 4.42366e-05	 -0.733363	 -0.000993201	 2.07869	 0.000392064
82.38	 -0.041823	 4.4247e-05	 -0.728127	 -0.000988765	 2.09037	 0.000400012
82.4	 -0.0418821	 4.42209e-05	 -0.722902	 -0.000983904	 2.10177	 0.000407274
82.42	 -0.0419473	 4.41586e-05	 -0.717691	 -0.00097862	 2.1129	 0.000413846
82.44	 -0.0420186	 4.40602e-05	 -0.712496	 -0.000972912	 2.12375	 0.00041972
82.46	 -0.042096	 4.39261e-05	 -0.707319	 -0.000966781	 2.1343	 0.000424892
82.48	 -0.0421793	 4.37564e-05	 -0.702164	 -0.000960229	 2.14456	 0.000429358
82.5	 -0.0422686	 4.35515e-05	 -0.69703	 -0.000953257	 2.1545	 0.000433114
82.52	 -0.0423639	 4.33115e-05	 -0.691923	 -0.000945867	 2.16413	 0.000436157
82.54	 -0.042465	 4.3037e-05	 -0.686842	 -0.000938065	 2.17343	 0.000438487
82.56	 -0.0425718	 4.27281e-05	 -0.681791	 -0.000929852	 2.18241	 0.000440102
82.58	 -0.0426843	 4.23854e-05	 -0.676772	 -0.000921233	 2.19104	 0.000441003
82.6	 -0.0428024	 4.2009e-05	 -0.671787	 -0.000912215	 2.19932	 0.000441192
82.62	 -0.0429258	 4.15996e-05	 -0.666837	 -0.000902801	 2.20725	 0.000440669
82.64	 -0.0430546	 4.11574e-05	 -0.661926	 -0.000893	 2.21481	 0.000439438
82.66	 -0.0431885	 4.06828e-05	 -0.657054	 -0.000882816	 2.222	 0.000437502
82.68	 -0.0433273	 4.01765e-05	 -0.652225	 -0.000872259	 2.22881	 0.000434868
82.7	 -0.043471	 3.96388e-05	 -0.64744	 -0.000861336	 2.23523	 0.000431539
82.72	 -0.0436192	 3.90701e-05	 -0.642701	 -0.000850056	 2.24126	 0.000427522
82.74	 -0.0437719	 3.8471e-05	 -0.63801	 -0.000838429	 2.24689	 0.000422825
82.76	 -0.0439288	 3.7842e-05	 -0.633368	 -0.000826463	 2.25211	 0.000417456
82.78	 -0.0440896	 3.71837e-05	 -0.628778	 -0.00081417	 2.25691	 0.000411423
82.8	 -0.0442541	 3.64964e-05	 -0.624242	 -0.00080156	 2.26129	 0.000404737
82.82	 -0.0444221	 3.57808e-05	 -0.61976	 -0.000788645	 2.26523	 0.000397407
82.84	 -0.0445933	 3.50375e-05	 -0.615335	 -0.000775437	 2.26874	 0.000389447
82.86	 -0.0447675	 3.42669e-05	 -0.610969	 -0.000761948	 2.27181	 0.000380867
82.88	 -0.0449443	 3.34697e-05	 -0.606663	 -0.000748192	 2.27443	 0.00037168
82.9	 -0.0451234	 3.26464e-05	 -0.602418	 -0.000734183	 2.27659	 0.000361901
82.92	 -0.0453046	 3.17976e-05	 -0.598236	 -0.000719933	 2.27829	 0.000351544
82.94	 -0.0454876	 3.0924e-05	 -0.594119	 -0.000705458	 2.27953	 0.000340624
82.96	 -0.045672	 3.00261e-05	 -0.590068	 -0.000690773	 2.28029	 0.000329157
82.98	 -0.0458574	 2.91045e-05	 -0.586084	 -0.000675892	 2.28057	 0.000317159
83	 -0.0460436	 2.81599e-05	 -0.582169	 -0.000660832	 2.28037	 0.000304649
83.02	 -0.0462302	 2.71929e-05	 -0.578323	 -0.000645609	 2.27968	 0.000291643
83.04	 -0.0464168	 2.62042e-05	 -0.574549	 -0.000630239	 2.27849	 0.00027816
83.06	 -0.0466031	 2.51943e-05	 -0.570847	 -0.000614739	 2.27681	 0.000264219
83.08	 -0.0467888	 2.4164e-05	 -0.567218	 -0.000599126	 2.27463	 0.000249841
83.1	 -0.0469733	 2.31139e-05	 -0.563664	 -0.000583418	 2.27195	 0.000235045
83.12	 -0.0471564	 2.20446e-05	 -0.560185	 -0.000567632	 2.26875	 0.000219852
83.14	 -0.0473376	 2.0957e-05	 -0.556783	 -0.000551787	 2.26505	 0.000204283
83.16	 -0.0475166	 1.98516e-05	 -0.553458	 -0.0005359	 2.26083	 0.000188361
83.18	 -0.047693	 1.87291e-05	 -0.550211	 -0.00051999	 2.25609	 0.000172106
83.2	 -0.0478663	 1.75903e-05	 -0.547043	 -0.000504075	 2.25083	 0.000155543
83.22	 -0.0480362	 1.64358e-05	 -0.543954	 -0.000488175	 2.24505	 0.000138694
83.24	 -0.0482023	 1.52664e-05	 -0.540946	 -0.000472309	 2.23875	 0.000121583
83.26	 -0.0483641	 1.40829e-05	 -0.53802	 -0.000456495	 2.23192	 0.000104232
83.28	 -0.0485213	 1.28858e-05	 -0.535174	 -0.000440752	 2.22457	 8.66673e-05
83.3	 -0.0486734	 1.16761e-05	 -0.532412	 -0.0004251	 2.21669	 6.89117e-05
83.32	 -0.0488201	 1.04544e-05	 -0.529732	 -0.000409557	 2.20828	 5.09902e-05
83.34	 -0.0489608	 9.22157e-06	 -0.527135	 -0.000394144	 2.19935	 3.29275e-05
83.36	 -0.0490954	 7.9783e-06	 -0.524622	 -0.000378879	 2.18988	 1.47488e-05
83.38	 -0.0492232	 6.72539e-06	 -0.522192	 -0.000363781	 2.1799	 -3.52102e-06
83.4	 -0.049344	 5.46364e-06	 -0.519848	 -0.000348871	 2.16938	 -2.18566e-05
83.42	 -0.0494573	 4.19386e-06	 -0.517588	 -0.000334165	 2.15834	 -4.02326e-05
83.44	 -0.0495627	 2.91685e-06	 -0.515412	 -0.000319684	 2.14678	 -5.86238e-05
83.46	 -0.0496599	 1.63345e-06	 -0.513322	 -0.000305447	 2.1347	 -7.70045e-05
83.48	 -0.0497485	 3.44476e-07	 -0.511317	 -0.000291471	 2.12211	 -9.53495e-05
83.5	 -0.0498281	 -9.4923e-07	 -0.509398	 -0.000277775	 2.10899	 -0.000113633
83.52	 -0.0498983	 -2.24682e-06	 -0.507563	 -0.000264378	 2.09537	 -0.000131831
83.54	 -0.0499588	 -3.54743e-06	 -0.505815	 -0.000251298	 2.08123	 -0.000149916
83.56	 -0.0500092	 -4.85021e-06	 -0.504151	 -0.000238551	 2.06659	 -0.000167865
83.58	 -0.0500493	 -6.15426e-06	 -0.502574	 -0.000226155	 2.05145	 -0.000185652
83.6	 -0.0500786	 -7.45872e-06	 -0.501081	 -0.000214129	 2.03582	 -0.000203253
83.62	 -0.0500968	 -8.76268e-06	 -0.499674	 -0.000202487	 2.01969	 -0.000220643
83.64	 -0.0501037	 -1.00652e-05	 -0.498351	 -0.000191247	 2.00308	 -0.000237798
83.66	 -0.050099	 -1.13655e-05	 -0.497114	 -0.000180424	 1.98599	 -0.000254694
83.68	 -0.0500823	 -1.26625e-05	 -0.495961	 -0.000170035	 1.96843	 -0.000271307
83.7	 -0.0500535	 -1.39553e-05	 -0.494893	 -0.000160094	 1.95039	 -0.000287615
83.72	 -0.0500121	 -1.5243e-05	 -0.493909	 -0.000150616	 1.9319	 -0.000303593
83.74	 -0.0499582	 -1.65246e-05	 -0.493009	 -0.000141614	 1.91296	 -0.000319221
83.76	 -0.0498912	 -1.77992e-05	 -0.492192	 -0.000133103	 1.89356	 -0.000334475
83.78	 -0.0498112	 -1.90658e-05	 -0.491459	 -0.000125097	 1.87373	 -0.000349335
83.8	 -0.0497179	 -2.03235e-05	 -0.490808	 -0.000117606	 1.85347	 -0.00036378
83.82	 -0.0496111	 -2.15711e-05	 -0.49024	 -0.000110644	 1.83279	 -0.000377788
83.84	 -0.0494906	 -2.28079e-05	 -0.489754	 -0.000104221	 1.8117	 -0.00039134
83.86	 -0.0493564	 -2.40326e-05	 -0.489349	 -9.83491e-05	 1.79021	 -0.000404417
83.88	 -0.0492082	 -2.52444e-05	 -0.489026	 -9.30378e-05	 1.76832	 -0.000417001
83.9	 -0.0490461	 -2.64423e-05	 -0.488783	 -8.82968e-05	 1.74604	 -0.000429072
83.92	 -0.0488698	 -2.76251e-05	 -0.488621	 -8.41348e-05	 1.7234	 -0.000440615
83.94	 -0.0486793	 -2.8792e-05	 -0.488538	 -8.05603e-05	 1.70039	 -0.000451612
83.96	 -0.0484747	 -2.99418e-05	 -0.488534	 -7.75806e-05	 1.67703	 -0.000462047
83.98	 -0.0482557	 -3.10737e-05	 -0.488609	 -7.52028e-05	 1.65332	 -0.000471905
84	 -0.0480225	 -3.21864e-05	 -0.488763	 -7.3433e-05	 1.62929	 -0.000481172
84.02	 -0.047775	 -3.32791e-05	 -0.488994	 -7.22768e-05	 1.60494	 -0.000489834
84.04	 -0.0475132	 -3.43508e-05	 -0.489301	 -7.17389e-05	 1.58028	 -0.000497879
84.06	 -0.0472373	 -3.54004e-05	 -0.489686	 -7.18235e-05	 1.55532	 -0.000505294
84.08	 -0.0469472	 -3.6427e-05	 -0.490146	 -7.25338e-05	 1.53009	 -0.000512069
84.1	 -0.0466431	 -3.74295e-05	 -0.490682	 -7.38727e-05	 1.50458	 -0.000518192
84.12	 -0.046325	 -3.84069e-05	 -0.491293	 -7.58418e-05	 1.47882	 -0.000523655
84.14	 -0.0459931	 -3.93584e-05	 -0.491978	 -7.84425e-05	 1.45282	 -0.000528449
84.16	 -0.0456475	 -4.02829e-05	 -0.492736	 -8.1675e-05	 1.42658	 -0.000532567
84.18	 -0.0452885	 -4.11796e-05	 -0.493568	 -8.55391e-05	 1.40012	 -0.000536002
84.2	 -0.0449161	 -4.20474e-05	 -0.494472	 -9.00336e-05	 1.37347	 -0.000538747
84.22	 -0.0445306	 -4.28854e-05	 -0.495448	 -9.51567e-05	 1.34662	 -0.000540799
84.24	 -0.0441322	 -4.36928e-05	 -0.496496	 -0.000100906	 1.31959	 -0.000542154
84.26	 -0.0437212	 -4.44686e-05	 -0.497614	 -0.000107277	 1.29241	 -0.000542808
84.28	 -0.0432978	 -4.52121e-05	 -0.498803	 -0.000114268	 1.26507	 -0.00054276
84.3	 -0.0428623	 -4.59223e-05	 -0.500061	 -0.000121872	 1.23761	 -0.000542009
84.32	 -0.042415	 -4.65985e-05	 -0.501389	 -0.000130084	 1.21002	 -0.000540555
84.34	 -0.0419563	 -4.72399e-05	 -0.502785	 -0.000138897	 1.18233	 -0.000538398
84.36	 -0.0414864	 -4.78456e-05	 -0.504249	 -0.000148306	 1.15455	 -0.000535541
84.38	 -0.0410058	 -4.8415e-05	 -0.50578	 -0.000158302	 1.12669	 -0.000531987
84.4	 -0.0405148	 -4.89474e-05	 -0.507379	 -0.000168876	 1.09877	 -0.00052774
84.42	 -0.0400137	 -4.9442e-05	 -0.509043	 -0.000180019	 1.07081	 -0.000522805
84.44	 -0.0395031	 -4.98984e-05	 -0.510774	 -0.000191722	 1.04282	 -0.000517187
84.46	 -0.0389834	 -5.03157e-05	 -0.512569	 -0.000203975	 1.01481	 -0.000510894
84.48	 -0.0384549	 -5.06935e-05	 -0.514429	 -0.000216765	 0.986798	 -0.000503933
84.5	 -0.0379181	 -5.10313e-05	 -0.516354	 -0.000230081	 0.958801	 -0.000496314
84.52	 -0.0373736	 -5.13286e-05	 -0.518342	 -0.000243911	 0.930834	 -0.000488045
84.54	 -0.0368217	 -5.15849e-05	 -0.520393	 -0.000258241	 0.90291	 -0.000479139
84.56	 -0.036263	 -5.17998e-05	 -0.522507	 -0.000273059	 0.875044	 -0.000469605
84.58	 -0.035698	 -5.1973e-05	 -0.524683	 -0.000288349	 0.847252	 -0.000459457
84.6	 -0.0351273	 -5.21041e-05	 -0.52692	 -0.000304097	 0.819548	 -0.000448708
84.62	 -0.0345513	 -5.2193e-05	 -0.529219	 -0.000320288	 0.791946	 -0.000437372
84.64	 -0.0339706	 -5.22393e-05	 -0.531578	 -0.000336906	 0.764462	 -0.000425465
84.66	 -0.0333857	 -5.22429e-05	 -0.533997	 -0.000353934	 0.737109	 -0.000413003
84.68	 -0.0327973	 -5.22036e-05	 -0.536476	 -0.000371356	 0.709903	 -0.000400001
84.7	 -0.0322058	 -5.21215e-05	 -0.539013	 -0.000389153	 0.682856	 -0.000386479
84.72	 -0.0316119	 -5.19965e-05	 -0.541609	 -0.00040731	 0.655984	 -0.000372453
84.74	 -0.0310162	 -5.18286e-05	 -0.544264	 -0.000425806	 0.629301	 -0.000357944
84.76	 -0.0304192	 -5.1618e-05	 -0.546975	 -0.000444624	 0.60282	 -0.000342971
84.78	 -0.0298215	 -5.13646e-05	 -0.549744	 -0.000463744	 0.576554	 -0.000327555
84.8	 -0.0292238	 -5.10689e-05	 -0.552569	 -0.000483148	 0.550518	 -0.000311716
84.82	 -0.0286266	 -5.07309e-05	 -0.55545	 -0.000502816	 0.524725	 -0.000295478
84.84	 -0.0280305	 -5.0351e-05	 -0.558386	 -0.000522727	 0.499187	 -0.000278861
84.86	 -0.0274362	 -4.99296e-05	 -0.561377	 -0.000542861	 0.473917	 -0.00026189
84.88	 -0.0268443	 -4.9467e-05	 -0.564423	 -0.000563198	 0.448929	 -0.000244588
84.9	 -0.0262554	 -4.89638e-05	 -0.567522	 -0.000583718	 0.424234	 -0.000226979
84.92	 -0.02567	 -4.84205e-05	 -0.570675	 -0.000604398	 0.399844	 -0.000209088
84.94	 -0.0250888	 -4.78376e-05	 -0.57388	 -0.000625219	 0.375772	 -0.00019094
84.96	 -0.0245124	 -4.72158e-05	 -0.577137	 -0.000646159	 0.35203	 -0.00017256
84.98	 -0.0239414	 -4.65558e-05	 -0.580446	 -0.000667196	 0.328628	 -0.000153975
85	 -0.0233764	 -4.58583e-05	 -0.583806	 -0.000688309	 0.305577	 -0.00013521
85.02	 -0.022818	 -4.51241e-05	 -0.587216	 -0.000709477	 0.282889	 -0.000116292
85.04	 -0.0222667	 -4.43541e-05	 -0.590676	 -0.000730678	 0.260574	 -9.72487e-05
85.06	 -0.0217231	 -4.35492e-05	 -0.594185	 -0.000751891	 0.238641	 -7.81062e-05
85.08	 -0.0211879	 -4.27103e-05	 -0.597742	 -0.000773093	 0.217102	 -5.88922e-05
85.1	 -0.0206615	 -4.18385e-05	 -0.601347	 -0.000794264	 0.195965	 -3.96341e-05
85.12	 -0.0201445	 -4.09348e-05	 -0.605	 -0.000815382	 0.17524	 -2.03594e-05
85.14	 -0.0196374	 -4.00003e-05	 -0.608698	 -0.000836426	 0.154936	 -1.09602e-06
85.16	 -0.0191409	 -3.90362e-05	 -0.612442	 -0.000857375	 0.13506	 1.81285e-05
85.18	 -0.0186553	 -3.80436e-05	 -0.616232	 -0.000878206	 0.115622	 3.72864e-05
85.2	 -0.0181812	 -3.70238e-05	 -0.620065	 -0.000898901	 0.0966295	 5.63499e-05
85.22	 -0.0177191	 -3.59782e-05	 -0.623941	 -0.000919437	 0.0780894	 7.52915e-05
85.24	 -0.0172694	 -3.49079e-05	 -0.627861	 -0.000939795	 0.0600092	 9.40836e-05
85.26	 -0.0168327	 -3.38144e-05	 -0.631822	 -0.000959954	 0.0423956	 0.000112699
85.28	 -0.0164093	 -3.26991e-05	 -0.635824	 -0.000979895	 0.0252551	 0.00013111
85.3	 -0.0159997	 -3.15634e-05	 -0.639866	 -0.000999597	 0.00859364	 0.00014929
85.32	 -0.0156044	 -3.04088e-05	 -0.643947	 -0.00101904	 -0.00758308	 0.000167213
85.34	 -0.0152236	 -2.92368e-05	 -0.648066	 -0.00103821	 -0.0232698	 0.000184852
85.36	 -0.0148577	 -2.80489e-05	 -0.652223	 -0.00105709	 -0.0384615	 0.00020218
85.38	 -0.0145073	 -2.68468e-05	 -0.656416	 -0.00107565	 -0.0531538	 0.000219173
85.4	 -0.0141724	 -2.56318e-05	 -0.660644	 -0.00109388	 -0.0673424	 0.000235805
85.42	 -0.0138536	 -2.44058e-05	 -0.664906	 -0.00111176	 -0.0810236	 0.000252051
85.44	 -0.013551	 -2.31702e-05	 -0.669202	 -0.00112928	 -0.0941941	 0.000267887
85.46	 -0.013265	 -2.19269e-05	 -0.67353	 -0.00114641	 -0.106851	 0.000283289
85.48	 -0.0129958	 -2.06773e-05	 -0.677889	 -0.00116315	 -0.118991	 0.000298235
85.5	 -0.0127437	 -1.94232e-05	 -0.682278	 -0.00117948	 -0.130613	 0.0003127
85.52	 -0.0125088	 -1.81664e-05	 -0.686696	 -0.00119538	 -0.141714	 0.000326665
85.54	 -0.0122914	 -1.69084e-05	 -0.691141	 -0.00121084	 -0.152293	 0.000340106
85.56	 -0.0120916	 -1.56509e-05	 -0.695612	 -0.00122584	 -0.162349	 0.000353004
85.58	 -0.0119096	 -1.43958e-05	 -0.700109	 -0.00124037	 -0.171881	 0.000365338
85.6	 -0.0117455	 -1.31447e-05	 -0.70463	 -0.00125443	 -0.180888	 0.00037709
85.62	 -0.0115994	 -1.18992e-05	 -0.709173	 -0.00126799	 -0.189372	 0.000388241
85.64	 -0.0114714	 -1.06612e-05	 -0.713737	 -0.00128105	 -0.197331	 0.000398773
85.66	 -0.0113615	 -9.43227e-06	 -0.718322	 -0.0012936	 -0.204767	 0.000408669
85.68	 -0.0112698	 -8.21411e-06	 -0.722925	 -0.00130562	 -0.211681	 0.000417915
85.7	 -0.0111963	 -7.00839e-06	 -0.727545	 -0.00131711	 -0.218074	 0.000426494
85.72	 -0.011141	 -5.81679e-06	 -0.73218	 -0.00132805	 -0.223949	 0.000434392
85.74	 -0.0111038	 -4.64092e-06	 -0.73683	 -0.00133845	 -0.229306	 0.000441597
85.76	 -0.0110847	 -3.48242e-06	 -0.741493	 -0.00134829	 -0.234148	 0.000448096
85.78	 -0.0110837	 -2.34287e-06	 -0.746167	 -0.00135756	 -0.238478	 0.000453877
85.8	 -0.0111005	 -1.22385e-06	 -0.750851	 -0.00136627	 -0.2423	 0.000458931
85.82	 -0.0111351	 -1.26907e-07	 -0.755543	 -0.0013744	 -0.245616	 0.000463247
85.84	 -0.0111874	 9.46457e-07	 -0.760242	 -0.00138195	 -0.24843	 0.000466818
85.86	 -0.0112571	 1.99476e-06	 -0.764946	 -0.00138892	 -0.250745	 0.000469635
85.88	 -0.0113442	 3.01655e-06	 -0.769653	 -0.00139531	 -0.252567	 0.000471693
85.9	 -0.0114483	 4.01042e-06	 -0.774363	 -0.0014011	 -0.2539	 0.000472986
85.92	 -0.0115693	 4.97501e-06	 -0.779072	 -0.00140631	 -0.254748	 0.00047351
85.94	 -0.0117069	 5.90899e-06	 -0.783781	 -0.00141092	 -0.255116	 0.000473262
85.96	 -0.0118608	 6.81107e-06	 -0.788486	 -0.00141495	 -0.25501	 0.000472238
85.98	 -0.0120309	 7.68002e-06	 -0.793186	 -0.00141838	 -0.254435	 0.000470439
86	 -0.0122166	 8.51464e-06	 -0.79788	 -0.00142122	 -0.253397	 0.000467863
86.02	 -0.0124178	 9.31381e-06	 -0.802566	 -0.00142347	 -0.251901	 0.000464512
86.04	 -0.0126341	 1.00764e-05	 -0.807242	 -0.00142514	 -0.249955	 0.000460388
86.06	 -0.0128651	 1.08014e-05	 -0.811907	 -0.00142623	 -0.247563	 0.000455493
86.08	 -0.0131105	 1.14879e-05	 -0.816558	 -0.00142674	 -0.244733	 0.000449831
86.1	 -0.0133699	 1.21349e-05	 -0.821194	 -0.00142667	 -0.241472	 0.000443408
86.12	 -0.0136428	 1.27415e-05	 -0.825813	 -0.00142603	 -0.237786	 0.000436228
86.14	 -0.0139289	 1.33069e-05	 -0.830414	 -0.00142483	 -0.233682	 0.000428301
86.16	 -0.0142277	 1.38304e-05	 -0.834995	 -0.00142308	 -0.229168	 0.000419632
86.18	 -0.0145388	 1.43114e-05	 -0.839553	 -0.00142077	 -0.22425	 0.000410232
86.2	 -0.0148617	 1.47491e-05	 -0.844088	 -0.00141792	 -0.218937	 0.000400111
86.22	 -0.015196	 1.51431e-05	 -0.848598	 -0.00141454	 -0.213235	 0.000389278
86.24	 -0.0155411	 1.54928e-05	 -0.85308	 -0.00141063	 -0.207153	 0.000377747
86.26	 -0.0158967	 1.57978e-05	 -0.857532	 -0.0014062	 -0.200699	 0.000365529
86.28	 -0.0162621	 1.60578e-05	 -0.861955	 -0.00140126	 -0.193879	 0.000352639
86.3	 -0.0166369	 1.62724e-05	 -0.866344	 -0.00139583	 -0.186702	 0.000339091
86.32	 -0.0170205	 1.64416e-05	 -0.8707	 -0.00138991	 -0.179176	 0.000324901
86.34	 -0.0174125	 1.6565e-05	 -0.875019	 -0.00138352	 -0.17131	 0.000310085
86.36	 -0.0178123	 1.66426e-05	 -0.879301	 -0.00137667	 -0.16311	 0.00029466
86.38	 -0.0182194	 1.66744e-05	 -0.883544	 -0.00136936	 -0.154586	 0.000278643
86.4	 -0.0186333	 1.66605e-05	 -0.887745	 -0.00136162	 -0.145745	 0.000262055
86.42	 -0.0190533	 1.6601e-05	 -0.891904	 -0.00135345	 -0.136595	 0.000244913
86.44	 -0.0194791	 1.64961e-05	 -0.896019	 -0.00134487	 -0.127145	 0.000227239
86.46	 -0.0199099	 1.6346e-05	 -0.900088	 -0.00133589	 -0.117403	 0.000209052
86.48	 -0.0203453	 1.6151e-05	 -0.904109	 -0.00132652	 -0.107377	 0.000190375
86.5	 -0.0207847	 1.59117e-05	 -0.90808	 -0.00131679	 -0.0970752	 0.00017123
86.52	 -0.0212276	 1.56284e-05	 -0.912002	 -0.0013067	 -0.0865053	 0.00015164
86.54	 -0.0216734	 1.53016e-05	 -0.91587	 -0.00129628	 -0.0756756	 0.000131627
86.56	 -0.0221216	 1.49321e-05	 -0.919685	 -0.00128553	 -0.0645941	 0.000111216
86.58	 -0.0225717	 1.45204e-05	 -0.923445	 -0.00127447	 -0.0532686	 9.04304e-05
86.6	 -0.023023	 1.40672e-05	 -0.927148	 -0.00126312	 -0.0417072	 6.92963e-05
86.62	 -0.0234751	 1.35735e-05	 -0.930793	 -0.00125149	 -0.0299175	 4.78383e-05
86.64	 -0.0239275	 1.304e-05	 -0.934378	 -0.0012396	 -0.0179072	 2.60824e-05
86.66	 -0.0243795	 1.24677e-05	 -0.937902	 -0.00122747	 -0.00568406	 4.05446e-06
86.68	 -0.0248308	 1.18575e-05	 -0.941363	 -0.00121511	 0.00674452	 -1.82189e-05
86.7	 -0.0252807	 1.12105e-05	 -0.944761	 -0.00120254	 0.0193711	 -4.0711e-05
86.72	 -0.0257289	 1.05278e-05	 -0.948094	 -0.00118978	 0.0321883	 -6.33948e-05
86.74	 -0.0261747	 9.81057e-06	 -0.95136	 -0.00117685	 0.045189	 -8.62429e-05
86.76	 -0.0266177	 9.06e-06	 -0.954559	 -0.00116375	 0.0583662	 -0.000109228
86.78	 -0.0270575	 8.27735e-06	 -0.957689	 -0.00115051	 0.0717128	 -0.000132322
86.8	 -0.0274935	 7.46394e-06	 -0.960749	 -0.00113714	 0.085222	 -0.000155498
86.82	 -0.0279253	 6.62115e-06	 -0.963739	 -0.00112367	 0.0988873	 -0.000178727
86.84	 -0.0283525	 5.75037e-06	 -0.966655	 -0.00111011	 0.112702	 -0.000201982
86.86	 -0.0287747	 4.85308e-06	 -0.969499	 -0.00109647	 0.12666	 -0.000225235
86.88	 -0.0291913	 3.93076e-06	 -0.972269	 -0.00108278	 0.140754	 -0.000248457
86.9	 -0.0296021	 2.98497e-06	 -0.974963	 -0.00106904	 0.15498	 -0.000271621
86.92	 -0.0300066	 2.01728e-06	 -0.977581	 -0.00105528	 0.16933	 -0.000294699
86.94	 -0.0304044	 1.0293e-06	 -0.980122	 -0.00104152	 0.183799	 -0.000317662
86.96	 -0.0307953	 2.26851e-08	 -0.982585	 -0.00102777	 0.198382	 -0.000340485
86.98	 -0.0311787	 -1.00088e-06	 -0.984969	 -0.00101404	 0.213073	 -0.000363138
87	 -0.0315545	 -2.0397e-06	 -0.987273	 -0.00100036	 0.227866	 -0.000385595
87.02	 -0.0319222	 -3.09201e-06	 -0.989498	 -0.000986735	 0.242758	 -0.000407828
87.04	 -0.0322816	 -4.15607e-06	 -0.991641	 -0.000973186	 0.257742	 -0.000429812
87.06	 -0.0326324	 -5.23008e-06	 -0.993702	 -0.000959728	 0.272814	 -0.000451519
87.08	 -0.0329743	 -6.31225e-06	 -0.995681	 -0.000946377	 0.287969	 -0.000472924
87.1	 -0.0333071	 -7.40073e-06	 -0.997577	 -0.000933147	 0.303203	 -0.000494001
87.12	 -0.0336306	 -8.4937e-06	 -0.999389	 -0.000920053	 0.318513	 -0.000514725
87.14	 -0.0339444	 -9.58931e-06	 -1.00112	 -0.000907111	 0.333892	 -0.00053507
87.16	 -0.0342485	 -1.06857e-05	 -1.00276	 -0.000894334	 0.349339	 -0.000555013
87.18	 -0.0345426	 -1.1781e-05	 -1.00432	 -0.000881736	 0.364848	 -0.00057453
87.2	 -0.0348266	 -1.28733e-05	 -1.00579	 -0.000869332	 0.380417	 -0.000593597
87.22	 -0.0351002	 -1.39609e-05	 -1.00718	 -0.000857134	 0.396043	 -0.000612192
87.24	 -0.0353635	 -1.50417e-05	 -1.00848	 -0.000845156	 0.411721	 -0.000630292
87.26	 -0.0356162	 -1.61139e-05	 -1.0097	 -0.000833409	 0.427448	 -0.000647876
87.28	 -0.0358583	 -1.71758e-05	 -1.01083	 -0.000821907	 0.443223	 -0.000664923
87.3	 -0.0360898	 -1.82253e-05	 -1.01187	 -0.000810661	 0.459042	 -0.000681412
87.32	 -0.0363104	 -1.92608e-05	 -1.01282	 -0.000799683	 0.474903	 -0.000697324
87.34	 -0.0365203	 -2.02803e-05	 -1.01369	 -0.000788983	 0.490802	 -0.000712641
87.36	 -0.0367193	 -2.12821e-05	 -1.01447	 -0.000778572	 0.506739	 -0.000727343
87.38	 -0.0369075	 -2.22643e-05	 -1.01516	 -0.00076846	 0.522711	 -0.000741414
87.4	 -0.0370849	 -2.32253e-05	 -1.01577	 -0.000758657	 0.538715	 -0.000754836
87.42	 -0.0372515	 -2.41632e-05	 -1.01629	 -0.000749171	 0.554751	 -0.000767595
87.44	 -0.0374073	 -2.50764e-05	 -1.01672	 -0.000740012	 0.570815	 -0.000779674
87.46	 -0.0375525	 -2.59632e-05	 -1.01706	 -0.000731188	 0.586908	 -0.00079106
87.48	 -0.0376871	 -2.68219e-05	 -1.01732	 -0.000722706	 0.603027	 -0.000801739
87.5	 -0.0378112	 -2.7651e-05	 -1.01749	 -0.000714574	 0.61917	 -0.000811699
87.52	 -0.0379248	 -2.84488e-05	 -1.01757	 -0.000706798	 0.635338	 -0.000820929
87.54	 -0.0380282	 -2.92138e-05	 -1.01757	 -0.000699385	 0.651529	 -0.000829416
87.56	 -0.0381215	 -2.99445e-05	 -1.01748	 -0.00069234	 0.667741	 -0.000837152
87.58	 -0.0382049	 -3.06395e-05	 -1.0173	 -0.000685667	 0.683974	 -0.000844127
87.6	 -0.0382784	 -3.12974e-05	 -1.01704	 -0.000679373	 0.700227	 -0.000850334
87.62	 -0.0383424	 -3.19168e-05	 -1.0167	 -0.000673461	 0.7165	 -0.000855764
87.64	 -0.038397	 -3.24964e-05	 -1.01626	 -0.000667934	 0.732791	 -0.000860413
87.66	 -0.0384424	 -3.3035e-05	 -1.01575	 -0.000662795	 0.749101	 -0.000864275
87.68	 -0.0384788	 -3.35313e-05	 -1.01514	 -0.000658047	 0.765429	 -0.000867345
87.7	 -0.0385066	 -3.39843e-05	 -1.01446	 -0.000653692	 0.781774	 -0.00086962
87.72	 -0.0385259	 -3.43928e-05	 -1.01369	 -0.000649731	 0.798136	 -0.000871098
87.74	 -0.0385371	 -3.47558e-05	 -1.01284	 -0.000646164	 0.814516	 -0.000871778
87.76	 -0.0385404	 -3.50724e-05	 -1.0119	 -0.000642993	 0.830912	 -0.000871658
87.78	 -0.038536	 -3.53417e-05	 -1.01088	 -0.000640217	 0.847324	 -0.000870739
87.8	 -0.0385244	 -3.55629e-05	 -1.00979	 -0.000637835	 0.863753	 -0.000869023
87.82	 -0.0385058	 -3.57352e-05	 -1.00861	 -0.000635846	 0.880198	 -0.000866512
87.84	 -0.0384805	 -3.58578e-05	 -1.00735	 -0.000634248	 0.89666	 -0.000863209
87.86	 -0.0384489	 -3.59302e-05	 -1.00601	 -0.000633038	 0.913137	 -0.000859119
87.88	 -0.0384112	 -3.59519e-05	 -1.00459	 -0.000632214	 0.929631	 -0.000854246
87.9	 -0.0383679	 -3.59222e-05	 -1.00309	 -0.000631772	 0.94614	 -0.000848598
87.92	 -0.0383194	 -3.58409e-05	 -1.00151	 -0.000631708	 0.962666	 -0.00084218
87.94	 -0.0382659	 -3.57075e-05	 -0.999859	 -0.000632017	 0.979207	 -0.000835001
87.96	 -0.0382078	 -3.55219e-05	 -0.99813	 -0.000632695	 0.995764	 -0.00082707
87.98	 -0.0381455	 -3.52837e-05	 -0.996324	 -0.000633737	 1.01234	 -0.000818397
88	 -0.0380793	 -3.49929e-05	 -0.994443	 -0.000635136	 1.02892	 -0.000808992
88.02	 -0.0380098	 -3.46495e-05	 -0.992487	 -0.000636885	 1.04553	 -0.000798866
88.04	 -0.0379371	 -3.42534e-05	 -0.990457	 -0.000638979	 1.06215	 -0.000788032
88.06	 -0.0378618	 -3.38047e-05	 -0.988355	 -0.000641408	 1.07878	 -0.000776504
88.08	 -0.0377842	 -3.33038e-05	 -0.98618	 -0.000644167	 1.09542	 -0.000764295
88.1	 -0.0377048	 -3.27507e-05	 -0.983934	 -0.000647245	 1.11209	 -0.000751419
88.12	 -0.0376238	 -3.21458e-05	 -0.981617	 -0.000650636	 1.12876	 -0.000737894
88.14	 -0.0375417	 -3.14895e-05	 -0.979229	 -0.000654328	 1.14545	 -0.000723734
88.16	 -0.0374588	 -3.07823e-05	 -0.976773	 -0.000658314	 1.16215	 -0.000708958
88.18	 -0.0373757	 -3.00248e-05	 -0.974249	 -0.000662583	 1.17886	 -0.000693582
88.2	 -0.0372926	 -2.92176e-05	 -0.971656	 -0.000667124	 1.19558	 -0.000677625
88.22	 -0.03721	 -2.83613e-05	 -0.968997	 -0.000671927	 1.21231	 -0.000661108
88.24	 -0.0371282	 -2.74567e-05	 -0.966273	 -0.000676981	 1.22905	 -0.000644048
88.26	 -0.0370476	 -2.65047e-05	 -0.963483	 -0.000682275	 1.2458	 -0.000626468
88.28	 -0.0369686	 -2.55062e-05	 -0.960629	 -0.000687796	 1.26255	 -0.000608387
88.3	 -0.0368917	 -2.44621e-05	 -0.957712	 -0.000693533	 1.27931	 -0.000589828
88.32	 -0.036817	 -2.33736e-05	 -0.954732	 -0.000699473	 1.29607	 -0.000570813
88.34	 -0.0367451	 -2.22416e-05	 -0.951691	 -0.000705604	 1.31283	 -0.000551365
88.36	 -0.0366763	 -2.10675e-05	 -0.948589	 -0.000711913	 1.3296	 -0.000531506
88.38	 -0.0366109	 -1.98523e-05	 -0.945428	 -0.000718387	 1.34636	 -0.000511261
88.4	 -0.0365492	 -1.85976e-05	 -0.942207	 -0.000725012	 1.36312	 -0.000490653
88.42	 -0.0364917	 -1.73045e-05	 -0.938929	 -0.000731775	 1.37987	 -0.000469707
88.44	 -0.0364387	 -1.59746e-05	 -0.935594	 -0.000738663	 1.39662	 -0.000448449
88.46	 -0.0363904	 -1.46093e-05	 -0.932202	 -0.00074566	 1.41335	 -0.000426902
88.48	 -0.0363472	 -1.32101e-05	 -0.928756	 -0.000752754	 1.43007	 -0.000405094
88.5	 -0.0363094	 -1.17788e-05	 -0.925255	 -0.00075993	 1.44678	 -0.000383049
88.52	 -0.0362772	 -1.03168e-05	 -0.921701	 -0.000767173	 1.46346	 -0.000360794
88.54	 -0.0362511	 -8.82602e-06	 -0.918094	 -0.00077447	 1.48013	 -0.000338355
88.56	 -0.0362312	 -7.30805e-06	 -0.914437	 -0.000781805	 1.49677	 -0.000315759
88.58	 -0.0362178	 -5.76474e-06	 -0.910729	 -0.000789165	 1.51338	 -0.000293031
88.6	 -0.0362111	 -4.19792e-06	 -0.906971	 -0.000796534	 1.52996	 -0.0002702
88.62	 -0.0362115	 -2.60946e-06	 -0.903166	 -0.000803899	 1.54651	 -0.000247292
88.64	 -0.0362191	 -1.00129e-06	 -0.899313	 -0.000811243	 1.56301	 -0.000224333
88.66	 -0.0362341	 6.24648e-07	 -0.895413	 -0.000818554	 1.57948	 -0.000201352
88.68	 -0.0362568	 2.26636e-06	 -0.891468	 -0.000825816	 1.59589	 -0.000178374
88.7	 -0.0362873	 3.92184e-06	 -0.887479	 -0.000833014	 1.61225	 -0.000155426
88.72	 -0.0363258	 5.58903e-06	 -0.883447	 -0.000840135	 1.62856	 -0.000132537
88.74	 -0.0363725	 7.26587e-06	 -0.879372	 -0.000847163	 1.64481	 -0.000109731
88.76	 -0.0364275	 8.95025e-06	 -0.875256	 -0.000854086	 1.66099	 -8.70359e-05
88.78	 -0.036491	 1.06401e-05	 -0.8711	 -0.000860887	 1.6771	 -6.44781e-05
88.8	 -0.036563	 1.23332e-05	 -0.866905	 -0.000867555	 1.69313	 -4.20838e-05
88.82	 -0.0366437	 1.40275e-05	 -0.862672	 -0.000874074	 1.70909	 -1.98788e-05
88.84	 -0.0367332	 1.57207e-05	 -0.858403	 -0.000880432	 1.72496	 2.11116e-06
88.86	 -0.0368316	 1.74108e-05	 -0.854097	 -0.000886615	 1.74073	 2.38606e-05
88.88	 -0.0369388	 1.90956e-05	 -0.849757	 -0.000892609	 1.75641	 4.53444e-05
88.9	 -0.0370551	 2.07728e-05	 -0.845383	 -0.000898403	 1.77199	 6.6538e-05
88.92	 -0.0371803	 2.24403e-05	 -0.840977	 -0.000903983	 1.78745	 8.74169e-05
88.94	 -0.0373145	 2.40958e-05	 -0.83654	 -0.000909336	 1.8028	 0.000107957
88.96	 -0.0374577	 2.57374e-05	 -0.832073	 -0.000914452	 1.81803	 0.000128135
88.98	 -0.0376099	 2.73627e-05	 -0.827577	 -0.000919318	 1.83313	 0.000147929
89	 -0.0377711	 2.89696e-05	 -0.823053	 -0.000923922	 1.8481	 0.000167314
89.02	 -0.0379411	 3.05559e-05	 -0.818503	 -0.000928255	 1.86292	 0.00018627
89.04	 -0.0381201	 3.21196e-05	 -0.813928	 -0.000932304	 1.8776	 0.000204775
89.06	 -0.0383078	 3.36586e-05	 -0.809328	 -0.00093606	 1.89212	 0.000222809
89.08	 -0.0385042	 3.51706e-05	 -0.804706	 -0.000939513	 1.90648	 0.00024035
89.1	 -0.0387092	 3.66538e-05	 -0.800063	 -0.000942654	 1.92067	 0.000257379
89.12	 -0.0389227	 3.8106e-05	 -0.795399	 -0.000945473	 1.93468	 0.000273878
89.14	 -0.0391445	 3.95252e-05	 -0.790717	 -0.000947962	 1.94851	 0.000289829
89.16	 -0.0393745	 4.09095e-05	 -0.786016	 -0.000950112	 1.96215	 0.000305212
89.18	 -0.0396125	 4.22568e-05	 -0.7813	 -0.000951916	 1.97559	 0.000320012
89.2	 -0.0398583	 4.35655e-05	 -0.776569	 -0.000953367	 1.98883	 0.000334213
89.22	 -0.0401118	 4.48334e-05	 -0.771824	 -0.000954458	 2.00185	 0.000347799
89.24	 -0.0403728	 4.60589e-05	 -0.767067	 -0.000955183	 2.01465	 0.000360756
89.26	 -0.040641	 4.72402e-05	 -0.762299	 -0.000955536	 2.02723	 0.000373069
89.28	 -0.0409161	 4.83755e-05	 -0.757521	 -0.000955511	 2.03956	 0.000384726
89.3	 -0.0411981	 4.94632e-05	 -0.752736	 -0.000955105	 2.05165	 0.000395715
89.32	 -0.0414865	 5.05016e-05	 -0.747944	 -0.000954313	 2.06349	 0.000406024
89.34	 -0.0417812	 5.14891e-05	 -0.743147	 -0.000953131	 2.07507	 0.000415642
89.36	 -0.0420818	 5.24244e-05	 -0.738346	 -0.000951557	 2.08639	 0.000424561
89.38	 -0.0423881	 5.33058e-05	 -0.733543	 -0.000949588	 2.09742	 0.00043277
89.4	 -0.0426997	 5.4132e-05	 -0.728739	 -0.000947222	 2.10818	 0.000440264
89.42	 -0.0430163	 5.49017e-05	 -0.723936	 -0.000944457	 2.11864	 0.000447033
89.44	 -0.0433377	 5.56136e-05	 -0.719135	 -0.000941293	 2.1288	 0.000453073
89.46	 -0.0436634	 5.62665e-05	 -0.714337	 -0.00093773	 2.13866	 0.000458378
89.48	 -0.0439932	 5.68593e-05	 -0.709546	 -0.000933768	 2.1482	 0.000462943
89.5	 -0.0443266	 5.73909e-05	 -0.704761	 -0.000929408	 2.15742	 0.000466766
89.52	 -0.0446634	 5.78603e-05	 -0.699984	 -0.000924652	 2.16631	 0.000469844
89.54	 -0.0450031	 5.82667e-05	 -0.695217	 -0.000919501	 2.17487	 0.000472175
89.56	 -0.0453453	 5.86091e-05	 -0.690462	 -0.000913958	 2.18307	 0.000473759
89.58	 -0.0456897	 5.88867e-05	 -0.68572	 -0.000908027	 2.19093	 0.000474596
89.6	 -0.0460359	 5.9099e-05	 -0.680993	 -0.000901711	 2.19842	 0.000474688
89.62	 -0.0463834	 5.92453e-05	 -0.676282	 -0.000895015	 2.20555	 0.000474035
89.64	 -0.0467319	 5.9325e-05	 -0.671589	 -0.000887944	 2.21231	 0.000472642
89.66	 -0.047081	 5.93376e-05	 -0.666916	 -0.000880503	 2.21868	 0.000470513
89.68	 -0.0474301	 5.9283e-05	 -0.662264	 -0.000872698	 2.22466	 0.000467652
89.7	 -0.047779	 5.91606e-05	 -0.657635	 -0.000864536	 2.23025	 0.000464064
89.72	 -0.0481272	 5.89703e-05	 -0.65303	 -0.000856024	 2.23543	 0.000459758
89.74	 -0.0484742	 5.8712e-05	 -0.648451	 -0.00084717	 2.24021	 0.00045474
89.76	 -0.0488196	 5.83857e-05	 -0.643901	 -0.000837983	 2.24457	 0.000449018
89.78	 -0.0491629	 5.79913e-05	 -0.639379	 -0.00082847	 2.24852	 0.000442602
89.8	 -0.0495039	 5.7529e-05	 -0.634889	 -0.000818641	 2.25203	 0.000435503
89.82	 -0.0498418	 5.6999e-05	 -0.630432	 -0.000808506	 2.25511	 0.00042773
89.84	 -0.0501765	 5.64016e-05	 -0.626009	 -0.000798075	 2.25775	 0.000419296
89.86	 -0.0505073	 5.57371e-05	 -0.621622	 -0.000787359	 2.25995	 0.000410214
89.88	 -0.0508339	 5.50061e-05	 -0.617273	 -0.000776369	 2.2617	 0.000400497
89.9	 -0.0511558	 5.4209e-05	 -0.612963	 -0.000765117	 2.26299	 0.000390158
89.92	 -0.0514726	 5.33464e-05	 -0.608695	 -0.000753614	 2.26382	 0.000379214
89.94	 -0.0517838	 5.24192e-05	 -0.604469	 -0.000741874	 2.26419	 0.000367679
89.96	 -0.052089	 5.14281e-05	 -0.600288	 -0.000729909	 2.26409	 0.00035557
89.98	 -0.0523877	 5.03739e-05	 -0.596152	 -0.000717732	 2.26351	 0.000342904
90	 -0.0526796	 4.92575e-05	 -0.592065	 -0.000705358	 2.26246	 0.0003297
90.02	 -0.0529642	 4.80802e-05	 -0.588026	 -0.000692799	 2.26093	 0.000315975
90.04	 -0.053241	 4.68428e-05	 -0.584038	 -0.000680072	 2.25891	 0.000301748
90.06	 -0.0535097	 4.55467e-05	 -0.580103	 -0.000667189	 2.25641	 0.000287039
90.08	 -0.0537699	 4.41931e-05	 -0.576222	 -0.000654166	 2.25342	 0.00027187
90.1	 -0.054021	 4.27833e-05	 -0.572397	 -0.000641019	 2.24993	 0.000256259
90.12	 -0.0542628	 4.13187e-05	 -0.568629	 -0.000627763	 2.24595	 0.00024023
90.14	 -0.0544948	 3.98009e-05	 -0.564919	 -0.000614414	 2.24147	 0.000223803
90.16	 -0.0547166	 3.82314e-05	 -0.56127	 -0.000600988	 2.23649	 0.000207002
90.18	 -0.0549279	 3.66118e-05	 -0.557683	 -0.0005875	 2.23101	 0.000189849
90.2	 -0.0551283	 3.49438e-05	 -0.554159	 -0.000573968	 2.22502	 0.000172367
90.22	 -0.0553173	 3.32292e-05	 -0.550699	 -0.000560408	 2.21854	 0.000154581
90.24	 -0.0554948	 3.14699e-05	 -0.547306	 -0.000546836	 2.21155	 0.000136514
90.26	 -0.0556602	 2.96676e-05	 -0.543981	 -0.00053327	 2.20405	 0.000118191
90.28	 -0.0558133	 2.78244e-05	 -0.540724	 -0.000519726	 2.19606	 9.96363e-05
90.3	 -0.0559538	 2.59422e-05	 -0.537539	 -0.000506221	 2.18756	 8.08755e-05
90.32	 -0.0560813	 2.40232e-05	 -0.534424	 -0.000492773	 2.17855	 6.19339e-05
90.34	 -0.0561955	 2.20694e-05	 -0.531383	 -0.000479397	 2.16905	 4.28369e-05
90.36	 -0.0562961	 2.0083e-05	 -0.528417	 -0.000466113	 2.15904	 2.36104e-05
90.38	 -0.0563829	 1.80663e-05	 -0.525526	 -0.000452935	 2.14853	 4.28021e-06
90.4	 -0.0564556	 1.60214e-05	 -0.522712	 -0.000439883	 2.13753	 -1.51275e-05
90.42	 -0.0565139	 1.39507e-05	 -0.519976	 -0.000426971	 2.12604	 -3.45867e-05
90.44	 -0.0565576	 1.18565e-05	 -0.51732	 -0.000414218	 2.11405	 -5.4071e-05
90.46	 -0.0565864	 9.74121e-06	 -0.514744	 -0.000401639	 2.10157	 -7.35541e-05
90.48	 -0.0566002	 7.60727e-06	 -0.51225	 -0.000389252	 2.0886	 -9.30099e-05
90.5	 -0.0565987	 5.4571e-06	 -0.509838	 -0.000377073	 2.07516	 -0.000112412
90.52	 -0.0565818	 3.29319e-06	 -0.50751	 -0.000365119	 2.06123	 -0.000131734
90.54	 -0.0565492	 1.11802e-06	 -0.505267	 -0.000353405	 2.04683	 -0.000150951
90.56	 -0.0565009	 -1.06586e-06	 -0.50311	 -0.000341946	 2.03197	 -0.000170035
90.58	 -0.0564367	 -3.25593e-06	 -0.501039	 -0.00033076	 2.01663	 -0.000188962
90.6	 -0.0563564	 -5.44963e-06	 -0.499056	 -0.000319861	 2.00084	 -0.000207705
90.62	 -0.0562599	 -7.64439e-06	 -0.497161	 -0.000309264	 1.9846	 -0.00022624
90.64	 -0.0561473	 -9.83763e-06	 -0.495355	 -0.000298984	 1.9679	 -0.000244541
90.66	 -0.0560183	 -1.20268e-05	 -0.493639	 -0.000289036	 1.95077	 -0.000262583
90.68	 -0.0558729	 -1.42092e-05	 -0.492015	 -0.000279433	 1.9332	 -0.000280341
90.7	 -0.0557111	 -1.63823e-05	 -0.490481	 -0.00027019	 1.9152	 -0.000297793
90.72	 -0.0555329	 -1.85436e-05	 -0.489039	 -0.000261319	 1.89678	 -0.000314913
90.74	 -0.0553382	 -2.06905e-05	 -0.487691	 -0.000252834	 1.87795	 -0.000331678
90.76	 -0.0551271	 -2.28203e-05	 -0.486435	 -0.000244748	 1.85871	 -0.000348066
90.78	 -0.0548996	 -2.49306e-05	 -0.485273	 -0.000237071	 1.83908	 -0.000364054
90.8	 -0.0546557	 -2.70187e-05	 -0.484205	 -0.000229816	 1.81905	 -0.00037962
90.82	 -0.0543955	 -2.90823e-05	 -0.483231	 -0.000222995	 1.79865	 -0.000394743
90.84	 -0.0541191	 -3.11187e-05	 -0.482353	 -0.000216617	 1.77787	 -0.000409401
90.86	 -0.0538265	 -3.31256e-05	 -0.48157	 -0.000210693	 1.75674	 -0.000423575
90.88	 -0.0535179	 -3.51005e-05	 -0.480882	 -0.000205233	 1.73524	 -0.000437245
90.9	 -0.0531935	 -3.70409e-05	 -0.480291	 -0.000200245	 1.71341	 -0.000450392
90.92	 -0.0528533	 -3.89446e-05	 -0.479795	 -0.000195738	 1.69124	 -0.000462998
90.94	 -0.0524975	 -4.08091e-05	 -0.479395	 -0.00019172	 1.66876	 -0.000475044
90.96	 -0.0521264	 -4.26323e-05	 -0.479092	 -0.000188199	 1.64595	 -0.000486515
90.98	 -0.05174	 -4.44119e-05	 -0.478885	 -0.000185181	 1.62285	 -0.000497394
91	 -0.0513387	 -4.61457e-05	 -0.478774	 -0.000182673	 1.59946	 -0.000507665
91.02	 -0.0509226	 -4.78315e-05	 -0.478759	 -0.000180679	 1.57579	 -0.000517315
91.04	 -0.050492	 -4.94673e-05	 -0.478841	 -0.000179206	 1.55185	 -0.000526329
91.06	 -0.0500471	 -5.10512e-05	 -0.479018	 -0.000178258	 1.52765	 -0.000534694
91.08	 -0.0495883	 -5.25811e-05	 -0.479292	 -0.000177837	 1.50321	 -0.000542399
91.1	 -0.0491158	 -5.40551e-05	 -0.479661	 -0.000177948	 1.47853	 -0.000549432
91.12	 -0.0486299	 -5.54715e-05	 -0.480126	 -0.000178594	 1.45364	 -0.000555783
91.14	 -0.048131	 -5.68286e-05	 -0.480686	 -0.000179775	 1.42853	 -0.000561442
91.16	 -0.0476194	 -5.81246e-05	 -0.48134	 -0.000181493	 1.40323	 -0.000566401
91.18	 -0.0470955	 -5.9358e-05	 -0.482089	 -0.000183749	 1.37775	 -0.000570653
91.2	 -0.0465595	 -6.05273e-05	 -0.482932	 -0.000186543	 1.3521	 -0.00057419
91.22	 -0.0460119	 -6.16311e-05	 -0.483869	 -0.000189874	 1.32628	 -0.000577008
91.24	 -0.0454531	 -6.2668e-05	 -0.484898	 -0.000193741	 1.30033	 -0.0005791
91.26	 -0.0448835	 -6.36368e-05	 -0.48602	 -0.000198142	 1.27424	 -0.000580465
91.28	 -0.0443036	 -6.45363e-05	 -0.487233	 -0.000203073	 1.24803	 -0.000581098
91.3	 -0.0437136	 -6.53654e-05	 -0.488538	 -0.000208533	 1.22171	 -0.000580999
91.32	 -0.0431141	 -6.61232e-05	 -0.489934	 -0.000214517	 1.1953	 -0.000580166
91.34	 -0.0425056	 -6.68089e-05	 -0.491419	 -0.00022102	 1.16882	 -0.000578599
91.36	 -0.0418884	 -6.74215e-05	 -0.492993	 -0.000228038	 1.14226	 -0.0005763
91.38	 -0.0412631	 -6.79605e-05	 -0.494655	 -0.000235565	 1.11566	 -0.000573272
91.4	 -0.0406302	 -6.84253e-05	 -0.496405	 -0.000243593	 1.08901	 -0.000569517
91.42	 -0.0399901	 -6.88153e-05	 -0.498242	 -0.000252118	 1.06234	 -0.000565039
91.44	 -0.0393433	 -6.91302e-05	 -0.500164	 -0.00026113	 1.03565	 -0.000559844
91.46	 -0.0386904	 -6.93696e-05	 -0.502171	 -0.000270621	 1.00896	 -0.000553938
91.48	 -0.0380318	 -6.95336e-05	 -0.504261	 -0.000280584	 0.982291	 -0.000547328
91.5	 -0.0373681	 -6.96218e-05	 -0.506435	 -0.000291009	 0.955646	 -0.000540022
91.52	 -0.0366999	 -6.96345e-05	 -0.50869	 -0.000301885	 0.929042	 -0.00053203
91.54	 -0.0360276	 -6.95717e-05	 -0.511026	 -0.000313203	 0.90249	 -0.000523362
91.56	 -0.0353517	 -6.94337e-05	 -0.513442	 -0.000324952	 0.876006	 -0.000514028
91.58	 -0.0346729	 -6.92209e-05	 -0.515937	 -0.00033712	 0.849601	 -0.000504041
91.6	 -0.0339917	 -6.89336e-05	 -0.518508	 -0.000349696	 0.823288	 -0.000493413
91.62	 -0.0333085	 -6.85725e-05	 -0.521156	 -0.000362667	 0.797082	 -0.000482159
91.64	 -0.0326241	 -6.81382e-05	 -0.523879	 -0.000376021	 0.770993	 -0.000470292
91.66	 -0.0319389	 -6.76315e-05	 -0.526676	 -0.000389744	 0.745036	 -0.000457829
91.68	 -0.0312535	 -6.70533e-05	 -0.529546	 -0.000403823	 0.719221	 -0.000444786
91.7	 -0.0305685	 -6.64045e-05	 -0.532486	 -0.000418244	 0.693563	 -0.00043118
91.72	 -0.0298843	 -6.56863e-05	 -0.535497	 -0.000432992	 0.668073	 -0.00041703
91.74	 -0.0292017	 -6.48998e-05	 -0.538577	 -0.000448052	 0.642764	 -0.000402353
91.76	 -0.028521	 -6.40463e-05	 -0.541724	 -0.000463409	 0.617646	 -0.00038717
91.78	 -0.027843	 -6.31271e-05	 -0.544937	 -0.000479049	 0.592733	 -0.000371501
91.8	 -0.0271681	 -6.21438e-05	 -0.548215	 -0.000494954	 0.568035	 -0.000355367
91.82	 -0.0264968	 -6.10978e-05	 -0.551556	 -0.00051111	 0.543564	 -0.000338789
91.84	 -0.0258299	 -5.9991e-05	 -0.554959	 -0.000527499	 0.519331	 -0.000321791
91.86	 -0.0251677	 -5.88249e-05	 -0.558422	 -0.000544105	 0.495348	 -0.000304395
91.88	 -0.0245108	 -5.76014e-05	 -0.561945	 -0.000560911	 0.471625	 -0.000286624
91.9	 -0.0238598	 -5.63224e-05	 -0.565525	 -0.000577901	 0.448173	 -0.000268504
91.92	 -0.0232153	 -5.499e-05	 -0.569161	 -0.000595057	 0.425002	 -0.000250057
91.94	 -0.0225776	 -5.36061e-05	 -0.572852	 -0.000612361	 0.402122	 -0.000231311
91.96	 -0.0219473	 -5.2173e-05	 -0.576597	 -0.000629796	 0.379543	 -0.00021229
91.98	 -0.021325	 -5.06928e-05	 -0.580393	 -0.000647345	 0.357274	 -0.00019302
92	 -0.0207112	 -4.91679e-05	 -0.584239	 -0.00066499	 0.335327	 -0.000173528
92.02	 -0.0201063	 -4.76005e-05	 -0.588134	 -0.000682713	 0.313708	 -0.000153841
92.04	 -0.0195108	 -4.59931e-05	 -0.592076	 -0.000700497	 0.292428	 -0.000133986
92.06	 -0.0189253	 -4.43482e-05	 -0.596064	 -0.000718323	 0.271494	 -0.00011399
92.08	 -0.0183501	 -4.26682e-05	 -0.600096	 -0.000736173	 0.250916	 -9.38807e-05
92.1	 -0.0177857	 -4.09558e-05	 -0.60417	 -0.00075403	 0.230702	 -7.36865e-05
92.12	 -0.0172326	 -3.92136e-05	 -0.608286	 -0.000771876	 0.210858	 -5.34352e-05
92.14	 -0.0166912	 -3.74443e-05	 -0.612441	 -0.000789694	 0.191393	 -3.31549e-05
92.16	 -0.0161619	 -3.56504e-05	 -0.616634	 -0.000807465	 0.172314	 -1.2874e-05
92.18	 -0.0156452	 -3.38349e-05	 -0.620864	 -0.000825172	 0.153628	 7.37922e-06
92.2	 -0.0151414	 -3.20004e-05	 -0.625128	 -0.000842797	 0.135342	 2.75764e-05
92.22	 -0.0146509	 -3.01497e-05	 -0.629426	 -0.000860325	 0.117462	 4.76893e-05
92.24	 -0.0141741	 -2.82857e-05	 -0.633756	 -0.000877736	 0.0999933	 6.76896e-05
92.26	 -0.0137113	 -2.64112e-05	 -0.638115	 -0.000895015	 0.0829427	 8.75491e-05
92.28	 -0.013263	 -2.4529e-05	 -0.642504	 -0.000912145	 0.0663153	 0.00010724
92.3	 -0.0128293	 -2.26419e-05	 -0.64692	 -0.000929109	 0.0501165	 0.000126734
92.32	 -0.0124106	 -2.07529e-05	 -0.651361	 -0.000945891	 0.0343509	 0.000146004
92.34	 -0.0120073	 -1.88648e-05	 -0.655826	 -0.000962475	 0.0190233	 0.000165023
92.36	 -0.0116196	 -1.69804e-05	 -0.660314	 -0.000978845	 0.00413787	 0.000183762
92.38	 -0.0112478	 -1.51025e-05	 -0.664823	 -0.000994987	 -0.0103014	 0.000202197
92.4	 -0.010892	 -1.3234e-05	 -0.669351	 -0.00101088	 -0.0242909	 0.0002203
92.42	 -0.0105527	 -1.13778e-05	 -0.673897	 -0.00102652	 -0.0378273	 0.000238045
92.44	 -0.0102299	 -9.53646e-06	 -0.67846	 -0.00104189	 -0.0509074	 0.000255407
92.46	 -0.00992388	 -7.71287e-06	 -0.683038	 -0.00105697	 -0.0635285	 0.000272361
92.48	 -0.00963484	 -5.90973e-06	 -0.687629	 -0.00107175	 -0.0756881	 0.000288883
92.5	 -0.00936294	 -4.12971e-06	 -0.692232	 -0.00108621	 -0.0873842	 0.000304948
92.52	 -0.00910832	 -2.37546e-06	 -0.696845	 -0.00110035	 -0.0986147	 0.000320533
92.54	 -0.00887113	 -6.49579e-07	 -0.701467	 -0.00111415	 -0.109378	 0.000335615
92.56	 -0.00865149	 1.04538e-06	 -0.706097	 -0.0011276	 -0.119673	 0.000350172
92.58	 -0.00844948	 2.70693e-06	 -0.710733	 -0.00114069	 -0.129499	 0.000364183
92.6	 -0.00826521	 4.33263e-06	 -0.715374	 -0.0011534	 -0.138855	 0.000377628
92.62	 -0.00809873	 5.92009e-06	 -0.720018	 -0.00116573	 -0.14774	 0.000390485
92.64	 -0.0079501	 7.46701e-06	 -0.724664	 -0.00117767	 -0.156154	 0.000402736
92.66	 -0.00781934	 8.97113e-06	 -0.72931	 -0.0011892	 -0.164098	 0.000414362
92.68	 -0.00770648	 1.04303e-05	 -0.733955	 -0.00120032	 -0.171571	 0.000425346
92.7	 -0.00761152	 1.18424e-05	 -0.738597	 -0.00121102	 -0.178576	 0.000435671
92.72	 -0.00753443	 1.32054e-05	 -0.743236	 -0.00122129	 -0.185111	 0.000445321
92.74	 -0.00747518	 1.45174e-05	 -0.74787	 -0.00123113	 -0.191179	 0.000454281
92.76	 -0.00743372	 1.57766e-05	 -0.752497	 -0.00124052	 -0.19678	 0.000462537
92.78	 -0.00740999	 1.69811e-05	 -0.757116	 -0.00124946	 -0.201918	 0.000470076
92.8	 -0.0074039	 1.81293e-05	 -0.761727	 -0.00125795	 -0.206592	 0.000476885
92.82	 -0.00741534	 1.92196e-05	 -0.766326	 -0.00126597	 -0.210807	 0.000482953
92.84	 -0.00744421	 2.02505e-05	 -0.770914	 -0.00127354	 -0.214563	 0.000488269
92.86	 -0.00749037	 2.12207e-05	 -0.775489	 -0.00128063	 -0.217863	 0.000492825
92.88	 -0.00755367	 2.21288e-05	 -0.78005	 -0.00128724	 -0.220711	 0.000496612
92.9	 -0.00763396	 2.29737e-05	 -0.784595	 -0.00129338	 -0.223109	 0.000499622
92.92	 -0.00773105	 2.37544e-05	 -0.789123	 -0.00129905	 -0.225061	 0.00050185
92.94	 -0.00784475	 2.44697e-05	 -0.793634	 -0.00130423	 -0.22657	 0.00050329
92.96	 -0.00797486	 2.51189e-05	 -0.798125	 -0.00130893	 -0.227639	 0.000503937
92.98	 -0.00812116	 2.57011e-05	 -0.802596	 -0.00131314	 -0.228272	 0.000503789
93	 -0.00828341	 2.62158e-05	 -0.807045	 -0.00131687	 -0.228474	 0.000502843
93.02	 -0.00846136	 2.66624e-05	 -0.811471	 -0.00132012	 -0.228247	 0.000501098
93.04	 -0.00865476	 2.70405e-05	 -0.815874	 -0.00132288	 -0.227598	 0.000498555
93.06	 -0.00886333	 2.73497e-05	 -0.820251	 -0.00132517	 -0.22653	 0.000495213
93.08	 -0.00908679	 2.75899e-05	 -0.824602	 -0.00132697	 -0.225047	 0.000491075
93.1	 -0.00932483	 2.7761e-05	 -0.828926	 -0.00132829	 -0.223155	 0.000486145
93.12	 -0.00957715	 2.78629e-05	 -0.833222	 -0.00132914	 -0.220858	 0.000480425
93.14	 -0.00984344	 2.78958e-05	 -0.837488	 -0.00132952	 -0.218161	 0.000473922
93.16	 -0.0101233	 2.78599e-05	 -0.841724	 -0.00132943	 -0.21507	 0.000466641
93.18	 -0.0104165	 2.77557e-05	 -0.845928	 -0.00132888	 -0.21159	 0.000458589
93.2	 -0.0107227	 2.75834e-05	 -0.850099	 -0.00132786	 -0.207726	 0.000449775
93.22	 -0.0110414	 2.73439e-05	 -0.854237	 -0.0013264	 -0.203484	 0.000440208
93.24	 -0.0113723	 2.70376e-05	 -0.858341	 -0.00132449	 -0.198868	 0.000429897
93.26	 -0.0117151	 2.66653e-05	 -0.862408	 -0.00132213	 -0.193886	 0.000418855
93.28	 -0.0120693	 2.62281e-05	 -0.866439	 -0.00131934	 -0.188542	 0.000407092
93.3	 -0.0124346	 2.57268e-05	 -0.870433	 -0.00131613	 -0.182843	 0.000394622
93.32	 -0.0128105	 2.51626e-05	 -0.874388	 -0.00131249	 -0.176793	 0.000381459
93.34	 -0.0131966	 2.45367e-05	 -0.878304	 -0.00130844	 -0.1704	 0.000367617
93.36	 -0.0135926	 2.38502e-05	 -0.882179	 -0.00130399	 -0.163669	 0.000353112
93.38	 -0.0139981	 2.31047e-05	 -0.886013	 -0.00129914	 -0.156606	 0.000337961
93.4	 -0.0144125	 2.23017e-05	 -0.889805	 -0.00129391	 -0.149218	 0.000322181
93.42	 -0.0148355	 2.14425e-05	 -0.893553	 -0.00128829	 -0.14151	 0.00030579
93.44	 -0.0152667	 2.05291e-05	 -0.897258	 -0.00128232	 -0.133488	 0.000288807
93.46	 -0.0157055	 1.9563e-05	 -0.900918	 -0.00127598	 -0.12516	 0.000271251
93.48	 -0.0161516	 1.85461e-05	 -0.904532	 -0.0012693	 -0.11653	 0.000253143
93.5	 -0.0166046	 1.74803e-05	 -0.9081	 -0.00126229	 -0.107605	 0.000234505
93.52	 -0.0170639	 1.63675e-05	 -0.91162	 -0.00125495	 -0.0983914	 0.000215357
93.54	 -0.0175292	 1.521e-05	 -0.915092	 -0.0012473	 -0.0888953	 0.000195723
93.56	 -0.018	 1.40096e-05	 -0.918516	 -0.00123934	 -0.0791229	 0.000175625
93.58	 -0.0184759	 1.27687e-05	 -0.921889	 -0.0012311	 -0.0690803	 0.000155086
93.6	 -0.0189563	 1.14894e-05	 -0.925212	 -0.00122258	 -0.0587737	 0.000134132
93.62	 -0.019441	 1.01741e-05	 -0.928484	 -0.0012138	 -0.0482091	 0.000112787
93.64	 -0.0199294	 8.82518e-06	 -0.931703	 -0.00120476	 -0.0373928	 9.10761e-05
93.66	 -0.020421	 7.44496e-06	 -0.93487	 -0.00119548	 -0.0263307	 6.90247e-05
93.68	 -0.0209155	 6.03592e-06	 -0.937983	 -0.00118598	 -0.0150289	 4.66591e-05
93.7	 -0.0214124	 4.60055e-06	 -0.941041	 -0.00117627	 -0.00349336	 2.40058e-05
93.72	 -0.0219113	 3.14139e-06	 -0.944045	 -0.00116635	 0.00826996	 1.09172e-06
93.74	 -0.0224117	 1.661e-06	 -0.946993	 -0.00115625	 0.0202552	 -2.20561e-05
93.76	 -0.0229132	 1.61966e-07	 -0.949884	 -0.00114597	 0.0324565	 -4.54101e-05
93.78	 -0.0234154	 -1.35308e-06	 -0.952718	 -0.00113554	 0.0448682	 -6.89427e-05
93.8	 -0.0239179	 -2.88151e-06	 -0.955495	 -0.00112496	 0.0574845	 -9.26258e-05
93.82	 -0.0244203	 -4.42066e-06	 -0.958212	 -0.00111424	 0.0702997	 -0.000116431
93.84	 -0.024922	 -5.96786e-06	 -0.960871	 -0.00110341	 0.0833084	 -0.000140331
93.86	 -0.0254229	 -7.52044e-06	 -0.963469	 -0.00109247	 0.096505	 -0.000164296
93.88	 -0.0259224	 -9.07572e-06	 -0.966007	 -0.00108144	 0.109884	 -0.000188299
93.9	 -0.0264201	 -1.0631e-05	 -0.968484	 -0.00107034	 0.12344	 -0.000212311
93.92	 -0.0269157	 -1.21837e-05	 -0.970899	 -0.00105917	 0.137169	 -0.000236303
93.94	 -0.0274088	 -1.3731e-05	 -0.973252	 -0.00104796	 0.151064	 -0.000260246
93.96	 -0.0278991	 -1.52704e-05	 -0.975541	 -0.0010367	 0.16512	 -0.000284113
93.98	 -0.0283861	 -1.67991e-05	 -0.977767	 -0.00102543	 0.179333	 -0.000307875
94	 -0.0288695	 -1.83147e-05	 -0.979928	 -0.00101415	 0.193698	 -0.000331503
94.02	 -0.029349	 -1.98144e-05	 -0.982024	 -0.00100287	 0.20821	 -0.000354971
94.04	 -0.0298242	 -2.12958e-05	 -0.984055	 -0.000991612	 0.222864	 -0.000378249
94.06	 -0.0302948	 -2.27563e-05	 -0.98602	 -0.000980386	 0.237656	 -0.000401311
94.08	 -0.0307606	 -2.41935e-05	 -0.987918	 -0.000969206	 0.252581	 -0.000424128
94.1	 -0.0312211	 -2.56048e-05	 -0.989749	 -0.000958085	 0.267634	 -0.000446674
94.12	 -0.031676	 -2.69879e-05	 -0.991512	 -0.000947035	 0.282812	 -0.000468923
94.14	 -0.0321252	 -2.83404e-05	 -0.993207	 -0.00093607	 0.29811	 -0.000490848
94.16	 -0.0325683	 -2.96601e-05	 -0.994832	 -0.000925202	 0.313523	 -0.000512422
94.18	 -0.033005	 -3.09446e-05	 -0.996389	 -0.000914443	 0.329048	 -0.000533621
94.2	 -0.0334351	 -3.21919e-05	 -0.997875	 -0.000903805	 0.344682	 -0.00055442
94.22	 -0.0338584	 -3.33997e-05	 -0.999291	 -0.000893301	 0.360419	 -0.000574793
94.24	 -0.0342746	 -3.4566e-05	 -1.00064	 -0.000882942	 0.376256	 -0.000594717
94.26	 -0.0346834	 -3.56888e-05	 -1.00191	 -0.00087274	 0.39219	 -0.000614169
94.28	 -0.0350848	 -3.67663e-05	 -1.00311	 -0.000862706	 0.408217	 -0.000633125
94.3	 -0.0354784	 -3.77964e-05	 -1.00424	 -0.00085285	 0.424334	 -0.000651564
94.32	 -0.035864	 -3.87776e-05	 -1.0053	 -0.000843185	 0.440537	 -0.000669463
94.34	 -0.0362416	 -3.9708e-05	 -1.00628	 -0.000833719	 0.456823	 -0.000686801
94.36	 -0.036611	 -4.05862e-05	 -1.00719	 -0.000824462	 0.473188	 -0.000703559
94.38	 -0.0369719	 -4.14104e-05	 -1.00802	 -0.000815426	 0.48963	 -0.000719716
94.4	 -0.0373242	 -4.21794e-05	 -1.00878	 -0.000806619	 0.506146	 -0.000735254
94.42	 -0.0376679	 -4.28917e-05	 -1.00947	 -0.000798049	 0.522732	 -0.000750155
94.44	 -0.0380027	 -4.35462e-05	 -1.01008	 -0.000789727	 0.539386	 -0.000764401
94.46	 -0.0383286	 -4.41415e-05	 -1.01061	 -0.00078166	 0.556106	 -0.000777975
94.48	 -0.0386455	 -4.46767e-05	 -1.01107	 -0.000773856	 0.572887	 -0.000790862
94.5	 -0.0389533	 -4.51507e-05	 -1.01145	 -0.000766323	 0.589729	 -0.000803047
94.52	 -0.039252	 -4.55626e-05	 -1.01175	 -0.000759069	 0.606628	 -0.000814516
94.54	 -0.0395414	 -4.59117e-05	 -1.01198	 -0.000752099	 0.623581	 -0.000825255
94.56	 -0.0398216	 -4.61973e-05	 -1.01213	 -0.000745421	 0.640587	 -0.000835252
94.58	 -0.0400924	 -4.64187e-05	 -1.0122	 -0.00073904	 0.657644	 -0.000844496
94.6	 -0.0403539	 -4.65755e-05	 -1.01219	 -0.000732963	 0.674748	 -0.000852976
94.62	 -0.0406061	 -4.66672e-05	 -1.01211	 -0.000727193	 0.691898	 -0.000860682
94.64	 -0.0408489	 -4.66935e-05	 -1.01194	 -0.000721738	 0.709091	 -0.000867606
94.66	 -0.0410824	 -4.66543e-05	 -1.0117	 -0.000716599	 0.726326	 -0.000873739
94.68	 -0.0413065	 -4.65493e-05	 -1.01138	 -0.000711782	 0.743601	 -0.000879076
94.7	 -0.0415214	 -4.63787e-05	 -1.01098	 -0.000707291	 0.760912	 -0.000883609
94.72	 -0.0417271	 -4.61425e-05	 -1.0105	 -0.000703127	 0.77826	 -0.000887334
94.74	 -0.0419235	 -4.58409e-05	 -1.00993	 -0.000699294	 0.795641	 -0.000890247
94.76	 -0.0421109	 -4.54742e-05	 -1.00929	 -0.000695794	 0.813054	 -0.000892345
94.78	 -0.0422892	 -4.50427e-05	 -1.00857	 -0.000692629	 0.830497	 -0.000893625
94.8	 -0.0424585	 -4.45469e-05	 -1.00777	 -0.0006898	 0.847968	 -0.000894087
94.82	 -0.042619	 -4.39875e-05	 -1.00689	 -0.000687307	 0.865466	 -0.000893731
94.84	 -0.0427707	 -4.3365e-05	 -1.00592	 -0.000685152	 0.882988	 -0.000892557
94.86	 -0.0429137	 -4.26803e-05	 -1.00488	 -0.000683333	 0.900533	 -0.000890566
94.88	 -0.0430483	 -4.19341e-05	 -1.00376	 -0.000681851	 0.9181	 -0.000887763
94.9	 -0.0431744	 -4.11275e-05	 -1.00256	 -0.000680704	 0.935685	 -0.00088415
94.92	 -0.0432923	 -4.02614e-05	 -1.00127	 -0.000679891	 0.953289	 -0.000879732
94.94	 -0.0434021	 -3.93369e-05	 -0.999907	 -0.000679411	 0.970909	 -0.000874515
94.96	 -0.0435039	 -3.83553e-05	 -0.998462	 -0.000679259	 0.988542	 -0.000868505
94.98	 -0.043598	 -3.73178e-05	 -0.996937	 -0.000679435	 1.00619	 -0.00086171
95	 -0.0436844	 -3.62257e-05	 -0.995333	 -0.000679934	 1.02385	 -0.000854137
95.02	 -0.0437634	 -3.50805e-05	 -0.993648	 -0.000680752	 1.04151	 -0.000845797
95.04	 -0.0438352	 -3.38837e-05	 -0.991883	 -0.000681886	 1.05919	 -0.0008367
95.06	 -0.0439	 -3.26369e-05	 -0.990039	 -0.000683331	 1.07687	 -0.000826856
95.08	 -0.0439579	 -3.13417e-05	 -0.988116	 -0.000685082	 1.09455	 -0.000816278
95.1	 -0.0440091	 -2.99997e-05	 -0.986113	 -0.000687133	 1.11223	 -0.000804977
95.12	 -0.044054	 -2.86129e-05	 -0.984032	 -0.000689479	 1.12992	 -0.000792969
95.14	 -0.0440926	 -2.71829e-05	 -0.981872	 -0.000692112	 1.1476	 -0.000780268
95.16	 -0.0441252	 -2.57117e-05	 -0.979635	 -0.000695027	 1.16528	 -0.000766888
95.18	 -0.0441521	 -2.42013e-05	 -0.977319	 -0.000698216	 1.18295	 -0.000752845
95.2	 -0.0441735	 -2.26535e-05	 -0.974927	 -0.000701671	 1.20062	 -0.000738158
95.22	 -0.0441895	 -2.10706e-05	 -0.972457	 -0.000705386	 1.21827	 -0.000722842
95.24	 -0.0442005	 -1.94545e-05	 -0.969912	 -0.00070935	 1.23592	 -0.000706917
95.26	 -0.0442068	 -1.78073e-05	 -0.96729	 -0.000713556	 1.25354	 -0.000690401
95.28	 -0.0442084	 -1.61313e-05	 -0.964593	 -0.000717994	 1.27115	 -0.000673315
95.3	 -0.0442057	 -1.44286e-05	 -0.961822	 -0.000722656	 1.28874	 -0.000655678
95.32	 -0.044199	 -1.27014e-05	 -0.958976	 -0.000727531	 1.30631	 -0.000637511
95.34	 -0.0441884	 -1.09521e-05	 -0.956057	 -0.000732609	 1.32386	 -0.000618837
95.36	 -0.0441743	 -9.18286e-06	 -0.953065	 -0.000737879	 1.34138	 -0.000599676
95.38	 -0.0441569	 -7.39602e-06	 -0.950001	 -0.000743332	 1.35887	 -0.000580053
95.4	 -0.0441365	 -5.5939e-06	 -0.946866	 -0.000748956	 1.37632	 -0.000559989
95.42	 -0.0441132	 -3.77884e-06	 -0.94366	 -0.00075474	 1.39374	 -0.00053951
95.44	 -0.0440875	 -1.95318e-06	 -0.940385	 -0.000760672	 1.41113	 -0.000518638
95.46	 -0.0440594	 -1.1927e-07	 -0.93704	 -0.000766741	 1.42847	 -0.000497399
95.48	 -0.0440293	 1.72052e-06	 -0.933628	 -0.000772934	 1.44577	 -0.000475818
95.5	 -0.0439975	 3.56384e-06	 -0.930149	 -0.000779239	 1.46301	 -0.000453921
95.52	 -0.0439641	 5.40834e-06	 -0.926603	 -0.000785644	 1.48021	 -0.000431732
95.54	 -0.0439295	 7.25166e-06	 -0.922993	 -0.000792135	 1.49736	 -0.000409278
95.56	 -0.0438939	 9.09146e-06	 -0.919318	 -0.000798701	 1.51444	 -0.000386586
95.58	 -0.0438574	 1.09254e-05	 -0.91558	 -0.000805328	 1.53147	 -0.000363681
95.6	 -0.0438205	 1.27512e-05	 -0.911781	 -0.000812003	 1.54843	 -0.000340592
95.62	 -0.0437833	 1.45666e-05	 -0.907921	 -0.000818712	 1.56532	 -0.000317345
95.64	 -0.043746	 1.63692e-05	 -0.904001	 -0.000825443	 1.58214	 -0.000293967
95.66	 -0.043709	 1.81569e-05	 -0.900023	 -0.000832181	 1.59888	 -0.000270486
95.68	 -0.0436723	 1.99274e-05	 -0.895987	 -0.000838914	 1.61553	 -0.000246929
95.7	 -0.0436363	 2.16785e-05	 -0.891896	 -0.000845627	 1.63211	 -0.000223324
95.72	 -0.0436012	 2.34081e-05	 -0.88775	 -0.000852307	 1.64859	 -0.000199697
95.74	 -0.0435671	 2.51141e-05	 -0.883551	 -0.000858939	 1.66498	 -0.000176078
95.76	 -0.0435343	 2.67944e-05	 -0.8793	 -0.000865512	 1.68127	 -0.000152492
95.78	 -0.043503	 2.8447e-05	 -0.874998	 -0.000872009	 1.69746	 -0.000128968
95.8	 -0.0434734	 3.00699e-05	 -0.870648	 -0.000878419	 1.71354	 -0.000105533
95.82	 -0.0434457	 3.1661e-05	 -0.86625	 -0.000884726	 1.7295	 -8.22142e-05
95.84	 -0.0434201	 3.32187e-05	 -0.861806	 -0.000890919	 1.74535	 -5.90384e-05
95.86	 -0.0433967	 3.47409e-05	 -0.857317	 -0.000896982	 1.76107	 -3.60325e-05
95.88	 -0.0433757	 3.6226e-05	 -0.852786	 -0.000902903	 1.77666	 -1.3223e-05
95.9	 -0.0433573	 3.76722e-05	 -0.848213	 -0.000908669	 1.79213	 9.36355e-06
95.92	 -0.0433416	 3.90778e-05	 -0.8436	 -0.000914266	 1.80745	 3.17013e-05
95.94	 -0.0433289	 4.04412e-05	 -0.838949	 -0.000919681	 1.82262	 5.37645e-05
95.96	 -0.0433192	 4.17609e-05	 -0.834262	 -0.000924902	 1.83765	 7.55279e-05
95.98	 -0.0433126	 4.30354e-05	 -0.82954	 -0.000929916	 1.85252	 9.69664e-05
96	 -0.0433094	 4.42632e-05	 -0.824784	 -0.00093471	 1.86722	 0.000118056
96.02	 -0.0433095	 4.5443e-05	 -0.819998	 -0.000939273	 1.88176	 0.000138771
96.04	 -0.0433132	 4.65736e-05	 -0.815182	 -0.000943592	 1.89613	 0.00015909
96.06	 -0.0433205	 4.76536e-05	 -0.810338	 -0.000947656	 1.91031	 0.000178989
96.08	 -0.0433315	 4.8682e-05	 -0.805469	 -0.000951453	 1.92431	 0.000198445
96.1	 -0.0433463	 4.96576e-05	 -0.800575	 -0.000954973	 1.93812	 0.000217436
96.12	 -0.0433649	 5.05795e-05	 -0.795659	 -0.000958205	 1.95173	 0.000235941
96.14	 -0.0433875	 5.14467e-05	 -0.790723	 -0.000961138	 1.96513	 0.000253939
96.16	 -0.0434141	 5.22584e-05	 -0.785768	 -0.000963763	 1.97833	 0.00027141
96.18	 -0.0434447	 5.30137e-05	 -0.780796	 -0.000966069	 1.9913	 0.000288335
96.2	 -0.0434793	 5.37119e-05	 -0.77581	 -0.000968048	 2.00405	 0.000304694
96.22	 -0.043518	 5.43524e-05	 -0.770812	 -0.000969691	 2.01657	 0.00032047
96.24	 -0.0435609	 5.49345e-05	 -0.765802	 -0.000970988	 2.02886	 0.000335645
96.26	 -0.0436078	 5.54579e-05	 -0.760784	 -0.000971934	 2.0409	 0.000350202
96.28	 -0.0436588	 5.59221e-05	 -0.755759	 -0.000972519	 2.05268	 0.000364126
96.3	 -0.0437139	 5.63267e-05	 -0.750729	 -0.000972737	 2.06421	 0.000377401
96.32	 -0.0437731	 5.66714e-05	 -0.745696	 -0.000972581	 2.07548	 0.000390014
96.34	 -0.0438363	 5.69561e-05	 -0.740662	 -0.000972045	 2.08648	 0.00040195
96.36	 -0.0439035	 5.71805e-05	 -0.73563	 -0.000971124	 2.0972	 0.000413198
96.38	 -0.0439746	 5.73447e-05	 -0.7306	 -0.000969812	 2.10763	 0.000423745
96.4	 -0.0440495	 5.74486e-05	 -0.725576	 -0.000968106	 2.11778	 0.00043358
96.42	 -0.0441283	 5.74923e-05	 -0.720558	 -0.000966	 2.12762	 0.000442694
96.44	 -0.0442107	 5.74759e-05	 -0.71555	 -0.000963491	 2.13716	 0.000451078
96.46	 -0.0442968	 5.73998e-05	 -0.710553	 -0.000960578	 2.1464	 0.000458723
96.48	 -0.0443863	 5.7264e-05	 -0.705569	 -0.000957257	 2.15531	 0.000465622
96.5	 -0.0444793	 5.70691e-05	 -0.700601	 -0.000953526	 2.1639	 0.000471769
96.52	 -0.0445755	 5.68154e-05	 -0.695649	 -0.000949384	 2.17215	 0.000477157
96.54	 -0.0446749	 5.65033e-05	 -0.690716	 -0.000944832	 2.18007	 0.000481784
96.56	 -0.0447773	 5.61335e-05	 -0.685805	 -0.000939868	 2.18765	 0.000485645
96.58	 -0.0448826	 5.57065e-05	 -0.680917	 -0.000934494	 2.19487	 0.000488737
96.6	 -0.0449905	 5.5223e-05	 -0.676053	 -0.00092871	 2.20174	 0.000491059
96.62	 -0.045101	 5.46837e-05	 -0.671217	 -0.000922519	 2.20825	 0.000492611
96.64	 -0.0452139	 5.40893e-05	 -0.66641	 -0.000915922	 2.21438	 0.000493392
96.66	 -0.0453289	 5.34407e-05	 -0.661633	 -0.000908923	 2.22014	 0.000493404
96.68	 -0.0454459	 5.27389e-05	 -0.656889	 -0.000901526	 2.22552	 0.000492648
96.7	 -0.0455648	 5.19846e-05	 -0.65218	 -0.000893734	 2.23051	 0.000491129
96.72	 -0.0456852	 5.1179e-05	 -0.647507	 -0.000885553	 2.23511	 0.000488851
96.74	 -0.045807	 5.0323e-05	 -0.642872	 -0.000876988	 2.23931	 0.000485817
96.76	 -0.0459299	 4.94177e-05	 -0.638277	 -0.000868045	 2.24311	 0.000482034
96.78	 -0.0460538	 4.84643e-05	 -0.633725	 -0.00085873	 2.24649	 0.00047751
96.8	 -0.0461784	 4.74639e-05	 -0.629216	 -0.000849051	 2.24946	 0.000472251
96.82	 -0.0463035	 4.64177e-05	 -0.624753	 -0.000839015	 2.25201	 0.000466267
96.84	 -0.0464288	 4.5327e-05	 -0.620336	 -0.000828632	 2.25413	 0.000459567
96.86	 -0.0465541	 4.41931e-05	 -0.615969	 -0.000817909	 2.25583	 0.000452162
96.88	 -0.046679	 4.30172e-05	 -0.611652	 -0.000806856	 2.25708	 0.000444063
96.9	 -0.0468035	 4.18008e-05	 -0.607388	 -0.000795484	 2.2579	 0.000435282
96.92	 -0.0469272	 4.05453e-05	 -0.603177	 -0.000783803	 2.25828	 0.000425833
96.94	 -0.0470497	 3.9252e-05	 -0.599022	 -0.000771824	 2.25821	 0.000415729
96.96	 -0.047171	 3.79224e-05	 -0.594923	 -0.000759559	 2.25768	 0.000404985
96.98	 -0.0472906	 3.6558e-05	 -0.590883	 -0.00074702	 2.2567	 0.000393617
97	 -0.0474084	 3.51603e-05	 -0.586903	 -0.00073422	 2.25527	 0.000381641
97.02	 -0.047524	 3.37308e-05	 -0.582985	 -0.000721171	 2.25337	 0.000369074
97.04	 -0.0476371	 3.22711e-05	 -0.579129	 -0.000707887	 2.251	 0.000355935
97.06	 -0.0477475	 3.07827e-05	 -0.575338	 -0.000694383	 2.24817	 0.00034224
97.08	 -0.0478549	 2.92671e-05	 -0.571612	 -0.000680673	 2.24486	 0.000328011
97.1	 -0.047959	 2.77261e-05	 -0.567953	 -0.000666772	 2.24109	 0.000313266
97.12	 -0.0480595	 2.61612e-05	 -0.564362	 -0.000652695	 2.23683	 0.000298027
97.14	 -0.0481561	 2.4574e-05	 -0.56084	 -0.000638457	 2.23211	 0.000282314
97.16	 -0.0482485	 2.29661e-05	 -0.557389	 -0.000624075	 2.2269	 0.00026615
97.18	 -0.0483365	 2.13392e-05	 -0.55401	 -0.000609566	 2.22121	 0.000249556
97.2	 -0.0484198	 1.9695e-05	 -0.550703	 -0.000594945	 2.21504	 0.000232556
97.22	 -0.048498	 1.80351e-05	 -0.547471	 -0.00058023	 2.20839	 0.000215173
97.24	 -0.048571	 1.63611e-05	 -0.544313	 -0.000565439	 2.20125	 0.00019743
97.26	 -0.0486383	 1.46747e-05	 -0.541231	 -0.000550588	 2.19364	 0.000179354
97.28	 -0.0486999	 1.29776e-05	 -0.538227	 -0.000535696	 2.18554	 0.000160967
97.3	 -0.0487552	 1.12714e-05	 -0.5353	 -0.00052078	 2.17696	 0.000142295
97.32	 -0.0488042	 9.55777e-06	 -0.532451	 -0.000505859	 2.16789	 0.000123365
97.34	 -0.0488465	 7.83836e-06	 -0.529682	 -0.000490951	 2.15835	 0.000104201
97.36	 -0.0488819	 6.11482e-06	 -0.526994	 -0.000476074	 2.14832	 8.48307e-05
97.38	 -0.0489101	 4.38878e-06	 -0.524386	 -0.000461248	 2.13782	 6.52795e-05
97.4	 -0.0489309	 2.66187e-06	 -0.52186	 -0.00044649	 2.12684	 4.55746e-05
97.42	 -0.048944	 9.35718e-07	 -0.519417	 -0.00043182	 2.11538	 2.57427e-05
97.44	 -0.0489492	 -7.8808e-07	 -0.517057	 -0.000417256	 2.10345	 5.81108e-06
97.46	 -0.0489462	 -2.50792e-06	 -0.51478	 -0.000402817	 2.09105	 -1.41932e-05
97.48	 -0.0489348	 -4.22223e-06	 -0.512587	 -0.000388522	 2.07819	 -3.42427e-05
97.5	 -0.0489149	 -5.92944e-06	 -0.510479	 -0.000374389	 2.06486	 -5.43101e-05
97.52	 -0.0488861	 -7.628e-06	 -0.508456	 -0.000360438	 2.05107	 -7.4368e-05
97.54	 -0.0488484	 -9.31638e-06	 -0.506519	 -0.000346687	 2.03682	 -9.43889e-05
97.56	 -0.0488015	 -1.09931e-05	 -0.504667	 -0.000333155	 2.02212	 -0.000114345
97.58	 -0.0487451	 -1.26566e-05	 -0.502901	 -0.000319859	 2.00697	 -0.00013421
97.6	 -0.0486793	 -1.43055e-05	 -0.501223	 -0.000306819	 1.99138	 -0.000153956
97.62	 -0.0486037	 -1.59382e-05	 -0.49963	 -0.000294052	 1.97535	 -0.000173556
97.64	 -0.0485183	 -1.75535e-05	 -0.498125	 -0.000281575	 1.95889	 -0.000192984
97.66	 -0.0484228	 -1.91498e-05	 -0.496707	 -0.000269408	 1.942	 -0.000212211
97.68	 -0.0483172	 -2.07259e-05	 -0.495377	 -0.000257566	 1.92469	 -0.000231213
97.7	 -0.0482014	 -2.22803e-05	 -0.494133	 -0.000246067	 1.90697	 -0.000249963
97.72	 -0.0480752	 -2.38117e-05	 -0.492978	 -0.000234928	 1.88884	 -0.000268435
97.74	 -0.0479386	 -2.53189e-05	 -0.491909	 -0.000224165	 1.8703	 -0.000286603
97.76	 -0.0477914	 -2.68006e-05	 -0.490928	 -0.000213794	 1.85137	 -0.000304443
97.78	 -0.0476336	 -2.82555e-05	 -0.490035	 -0.000203831	 1.83206	 -0.00032193
97.8	 -0.0474652	 -2.96824e-05	 -0.489229	 -0.000194291	 1.81236	 -0.000339039
97.82	 -0.047286	 -3.10802e-05	 -0.48851	 -0.000185188	 1.7923	 -0.000355747
97.84	 -0.0470962	 -3.24477e-05	 -0.487879	 -0.000176538	 1.77187	 -0.000372031
97.86	 -0.0468955	 -3.37837e-05	 -0.487334	 -0.000168353	 1.75108	 -0.000387868
97.88	 -0.0466841	 -3.50873e-05	 -0.486876	 -0.000160647	 1.72995	 -0.000403236
97.9	 -0.046462	 -3.63573e-05	 -0.486505	 -0.000153433	 1.70849	 -0.000418113
97.92	 -0.0462291	 -3.75927e-05	 -0.48622	 -0.000146723	 1.68669	 -0.000432479
97.94	 -0.0459855	 -3.87925e-05	 -0.48602	 -0.000140529	 1.66458	 -0.000446313
97.96	 -0.0457313	 -3.99559e-05	 -0.485907	 -0.000134862	 1.64216	 -0.000459596
97.98	 -0.0454665	 -4.10818e-05	 -0.485879	 -0.000129733	 1.61945	 -0.00047231
98	 -0.0451911	 -4.21694e-05	 -0.485936	 -0.00012515	 1.59644	 -0.000484436
98.02	 -0.0449054	 -4.32179e-05	 -0.486077	 -0.000121125	 1.57316	 -0.000495957
98.04	 -0.0446093	 -4.42265e-05	 -0.486303	 -0.000117664	 1.54961	 -0.000506856
98.06	 -0.044303	 -4.51944e-05	 -0.486613	 -0.000114777	 1.5258	 -0.000517119
98.08	 -0.0439866	 -4.61208e-05	 -0.487005	 -0.000112471	 1.50175	 -0.00052673
98.1	 -0.0436604	 -4.70053e-05	 -0.487481	 -0.000110752	 1.47746	 -0.000535675
98.12	 -0.0433243	 -4.7847e-05	 -0.488039	 -0.000109626	 1.45295	 -0.000543942
98.14	 -0.0429786	 -4.86454e-05	 -0.488679	 -0.000109099	 1.42823	 -0.000551518
98.16	 -0.0426236	 -4.93999e-05	 -0.4894	 -0.000109176	 1.40331	 -0.000558392
98.18	 -0.0422593	 -5.01102e-05	 -0.490202	 -0.000109859	 1.37821	 -0.000564555
98.2	 -0.041886	 -5.07756e-05	 -0.491084	 -0.000111153	 1.35292	 -0.000569996
98.22	 -0.0415039	 -5.13957e-05	 -0.492045	 -0.000113059	 1.32748	 -0.000574708
98.24	 -0.0411133	 -5.19702e-05	 -0.493086	 -0.000115579	 1.30188	 -0.000578683
98.26	 -0.0407143	 -5.24988e-05	 -0.494205	 -0.000118715	 1.27615	 -0.000581916
98.28	 -0.0403074	 -5.29812e-05	 -0.495402	 -0.000122466	 1.25028	 -0.0005844
98.3	 -0.0398926	 -5.3417e-05	 -0.496675	 -0.000126832	 1.22431	 -0.000586131
98.32	 -0.0394704	 -5.38062e-05	 -0.498026	 -0.000131812	 1.19823	 -0.000587107
98.34	 -0.039041	 -5.41486e-05	 -0.499452	 -0.000137403	 1.17207	 -0.000587325
98.36	 -0.0386048	 -5.4444e-05	 -0.500953	 -0.000143603	 1.14583	 -0.000586784
98.38	 -0.0381619	 -5.46924e-05	 -0.502528	 -0.000150408	 1.11952	 -0.000585485
98.4	 -0.0377129	 -5.48938e-05	 -0.504178	 -0.000157814	 1.09317	 -0.000583427
98.42	 -0.0372579	 -5.50482e-05	 -0.5059	 -0.000165815	 1.06678	 -0.000580613
98.44	 -0.0367975	 -5.51557e-05	 -0.507695	 -0.000174407	 1.04036	 -0.000577047
98.46	 -0.0363318	 -5.52165e-05	 -0.509561	 -0.000183582	 1.01394	 -0.000572732
98.48	 -0.0358613	 -5.52306e-05	 -0.511498	 -0.000193334	 0.987515	 -0.000567674
98.5	 -0.0353863	 -5.51984e-05	 -0.513505	 -0.000203654	 0.961106	 -0.000561878
98.52	 -0.0349073	 -5.51201e-05	 -0.515581	 -0.000214533	 0.934725	 -0.000555353
98.54	 -0.0344246	 -5.4996e-05	 -0.517726	 -0.000225964	 0.908385	 -0.000548106
98.56	 -0.0339386	 -5.48265e-05	 -0.519939	 -0.000237935	 0.882099	 -0.000540146
98.58	 -0.0334498	 -5.4612e-05	 -0.522218	 -0.000250436	 0.855879	 -0.000531485
98.6	 -0.0329584	 -5.43529e-05	 -0.524564	 -0.000263455	 0.829738	 -0.000522133
98.62	 -0.0324651	 -5.40499e-05	 -0.526976	 -0.000276981	 0.80369	 -0.000512103
98.64	 -0.03197	 -5.37033e-05	 -0.529452	 -0.000291001	 0.777746	 -0.000501408
98.66	 -0.0314738	 -5.33139e-05	 -0.531992	 -0.000305503	 0.751919	 -0.000490063
98.68	 -0.0309767	 -5.28823e-05	 -0.534595	 -0.000320471	 0.726222	 -0.000478081
98.7	 -0.0304794	 -5.24091e-05	 -0.537261	 -0.000335892	 0.700667	 -0.000465481
98.72	 -0.029982	 -5.18951e-05	 -0.539987	 -0.000351751	 0.675266	 -0.000452278
98.74	 -0.0294852	 -5.13411e-05	 -0.542775	 -0.000368032	 0.650032	 -0.00043849
98.76	 -0.0289894	 -5.0748e-05	 -0.545622	 -0.00038472	 0.624977	 -0.000424137
98.78	 -0.0284949	 -5.01164e-05	 -0.548528	 -0.000401797	 0.600111	 -0.000409238
98.8	 -0.0280022	 -4.94475e-05	 -0.551493	 -0.000419248	 0.575447	 -0.000393813
98.82	 -0.0275118	 -4.87421e-05	 -0.554514	 -0.000437054	 0.550997	 -0.000377883
98.84	 -0.0270242	 -4.80012e-05	 -0.557592	 -0.000455197	 0.526772	 -0.00036147
98.86	 -0.0265396	 -4.72258e-05	 -0.560726	 -0.00047366	 0.502783	 -0.000344597
98.88	 -0.0260586	 -4.64171e-05	 -0.563914	 -0.000492424	 0.479041	 -0.000327288
98.9	 -0.0255816	 -4.5576e-05	 -0.567156	 -0.000511469	 0.455557	 -0.000309565
98.92	 -0.0251091	 -4.47038e-05	 -0.570451	 -0.000530776	 0.432342	 -0.000291455
98.94	 -0.0246414	 -4.38016e-05	 -0.573799	 -0.000550326	 0.409405	 -0.000272981
98.96	 -0.0241789	 -4.28707e-05	 -0.577197	 -0.000570099	 0.386758	 -0.00025417
98.98	 -0.0237222	 -4.19122e-05	 -0.580646	 -0.000590073	 0.36441	 -0.000235048
99	 -0.0232716	 -4.09274e-05	 -0.584144	 -0.00061023	 0.34237	 -0.000215642
99.02	 -0.0228275	 -3.99177e-05	 -0.58769	 -0.000630547	 0.320649	 -0.000195978
99.04	 -0.0223903	 -3.88843e-05	 -0.591284	 -0.000651005	 0.299256	 -0.000176086
99.06	 -0.0219604	 -3.78287e-05	 -0.594925	 -0.000671581	 0.278199	 -0.000155992
99.08	 -0.0215382	 -3.67522e-05	 -0.598612	 -0.000692256	 0.257488	 -0.000135724
99.1	 -0.021124	 -3.56562e-05	 -0.602343	 -0.000713007	 0.23713	 -0.000115313
99.12	 -0.0207183	 -3.45421e-05	 -0.606118	 -0.000733813	 0.217135	 -9.47858e-05
99.14	 -0.0203214	 -3.34114e-05	 -0.609936	 -0.000754653	 0.197509	 -7.41722e-05
99.16	 -0.0199337	 -3.22655e-05	 -0.613795	 -0.000775505	 0.178262	 -5.35016e-05
99.18	 -0.0195554	 -3.11059e-05	 -0.617696	 -0.000796347	 0.159399	 -3.28033e-05
99.2	 -0.0191869	 -2.99342e-05	 -0.621636	 -0.000817159	 0.140929	 -1.21067e-05
99.22	 -0.0188286	 -2.87517e-05	 -0.625615	 -0.00083792	 0.122858	 8.55841e-06
99.24	 -0.0184807	 -2.75602e-05	 -0.629633	 -0.000858606	 0.105193	 2.91626e-05
99.26	 -0.0181436	 -2.63609e-05	 -0.633687	 -0.000879198	 0.0879397	 4.96762e-05
99.28	 -0.0178175	 -2.51556e-05	 -0.637776	 -0.000899675	 0.0711043	 7.00698e-05
99.3	 -0.0175027	 -2.39457e-05	 -0.641901	 -0.000920015	 0.0546924	 9.03141e-05
99.32	 -0.0171994	 -2.27328e-05	 -0.646059	 -0.000940198	 0.0387094	 0.00011038
99.34	 -0.0169079	 -2.15184e-05	 -0.65025	 -0.000960203	 0.0231603	 0.000130238
99.36	 -0.0166285	 -2.0304e-05	 -0.654473	 -0.000980011	 0.00805	 0.00014986
99.38	 -0.0163613	 -1.90913e-05	 -0.658726	 -0.0009996	 -0.00661721	 0.000169216
99.4	 -0.0161066	 -1.78816e-05	 -0.663008	 -0.00101895	 -0.0208371	 0.00018828
99.42	 -0.0158646	 -1.66766e-05	 -0.667318	 -0.00103805	 -0.034606	 0.000207023
99.44	 -0.0156354	 -1.54778e-05	 -0.671656	 -0.00105687	 -0.0479202	 0.000225418
99.46	 -0.0154191	 -1.42866e-05	 -0.676019	 -0.00107539	 -0.0607767	 0.000243437
99.48	 -0.015216	 -1.31046e-05	 -0.680408	 -0.0010936	 -0.0731724	 0.000261055
99.5	 -0.0150262	 -1.19333e-05	 -0.68482	 -0.00111148	 -0.0851047	 0.000278245
99.52	 -0.0148498	 -1.0774e-05	 -0.689254	 -0.00112902	 -0.0965715	 0.000294982
99.54	 -0.0146868	 -9.62827e-06	 -0.69371	 -0.00114619	 -0.107571	 0.00031124
99.56	 -0.0145375	 -8.49747e-06	 -0.698185	 -0.00116297	 -0.118101	 0.000326997
99.58	 -0.0144017	 -7.38303e-06	 -0.70268	 -0.00117936	 -0.12816	 0.000342227
99.6	 -0.0142797	 -6.2863e-06	 -0.707192	 -0.00119534	 -0.137748	 0.000356909
99.62	 -0.0141714	 -5.20862e-06	 -0.71172	 -0.00121089	 -0.146863	 0.00037102
99.64	 -0.0140769	 -4.15132e-06	 -0.716264	 -0.001226	 -0.155505	 0.000384539
99.66	 -0.0139962	 -3.11567e-06	 -0.720821	 -0.00124065	 -0.163673	 0.000397445
99.68	 -0.0139292	 -2.10293e-06	 -0.725391	 -0.00125483	 -0.171369	 0.000409718
99.7	 -0.013876	 -1.11431e-06	 -0.729972	 -0.00126853	 -0.178592	 0.00042134
99.72	 -0.0138365	 -1.50996e-07	 -0.734563	 -0.00128173	 -0.185343	 0.000432292
99.74	 -0.0138107	 7.85875e-07	 -0.739162	 -0.00129443	 -0.191622	 0.000442557
99.76	 -0.0137984	 1.6952e-06	 -0.743769	 -0.00130662	 -0.197431	 0.000452119
99.78	 -0.0137997	 2.5759e-06	 -0.748381	 -0.00131827	 -0.202772	 0.000460962
99.8	 -0.0138143	 3.42698e-06	 -0.752999	 -0.0013294	 -0.207646	 0.000469073
99.82	 -0.0138423	 4.24744e-06	 -0.757619	 -0.00133997	 -0.212055	 0.000476437
99.84	 -0.0138834	 5.03635e-06	 -0.762241	 -0.00135	 -0.216001	 0.000483042
99.86	 -0.0139376	 5.79284e-06	 -0.766864	 -0.00135946	 -0.219487	 0.000488877
99.88	 -0.0140047	 6.51605e-06	 -0.771486	 -0.00136836	 -0.222515	 0.000493932
99.9	 -0.0140844	 7.2052e-06	 -0.776105	 -0.00137668	 -0.225089	 0.000498197
99.92	 -0.0141767	 7.85955e-06	 -0.780721	 -0.00138443	 -0.22721	 0.000501664
99.94	 -0.0142814	 8.47841e-06	 -0.785331	 -0.00139159	 -0.228884	 0.000504326
99.96	 -0.0143981	 9.06113e-06	 -0.789935	 -0.00139817	 -0.230113	 0.000506177
99.98	 -0.0145268	 9.60713e-06	 -0.794531	 -0.00140415	 -0.230901	 0.000507211
100	 -0.0146672	 1.01159e-05	 -0.799117	 -0.00140955	 -0.231252	 0.000507426
100.02	 -0.014819	 1.05869e-05	 -0.803692	 -0.00141434	 -0.231171	 0.000506817
100.04	 -0.014982	 1.10197e-05	 -0.808255	 -0.00141855	 -0.230661	 0.000505384
100.06	 -0.015156	 1.14141e-05	 -0.812805	 -0.00142215	 -0.229727	 0.000503125
100.08	 -0.0153406	 1.17695e-05	 -0.817338	 -0.00142516	 -0.228374	 0.000500042
100.1	 -0.0155355	 1.20859e-05	 -0.821856	 -0.00142758	 -0.226606	 0.000496135
100.12	 -0.0157405	 1.23629e-05	 -0.826355	 -0.0014294	 -0.224429	 0.000491408
100.14	 -0.0159554	 1.26005e-05	 -0.830834	 -0.00143063	 -0.221848	 0.000485865
100.16	 -0.0161796	 1.27986e-05	 -0.835292	 -0.00143127	 -0.218867	 0.000479509
100.18	 -0.0164131	 1.2957e-05	 -0.839728	 -0.00143133	 -0.215493	 0.000472348
100.2	 -0.0166553	 1.30759e-05	 -0.844139	 -0.00143081	 -0.211731	 0.000464388
100.22	 -0.0169061	 1.31553e-05	 -0.848525	 -0.00142971	 -0.207587	 0.000455637
100.24	 -0.0171649	 1.31953e-05	 -0.852884	 -0.00142804	 -0.203066	 0.000446105
100.26	 -0.0174316	 1.31961e-05	 -0.857215	 -0.00142581	 -0.198174	 0.000435801
100.28	 -0.0177058	 1.3158e-05	 -0.861516	 -0.00142303	 -0.192917	 0.000424737
100.3	 -0.017987	 1.30813e-05	 -0.865785	 -0.00141969	 -0.187301	 0.000412925
100.32	 -0.018275	 1.29663e-05	 -0.870021	 -0.00141582	 -0.181332	 0.000400378
100.34	 -0.0185694	 1.28134e-05	 -0.874224	 -0.00141141	 -0.175017	 0.000387111
100.36	 -0.0188698	 1.26231e-05	 -0.87839	 -0.00140649	 -0.168361	 0.000373138
100.38	 -0.0191758	 1.23959e-05	 -0.88252	 -0.00140104	 -0.161371	 0.000358476
100.4	 -0.0194871	 1.21324e-05	 -0.886611	 -0.0013951	 -0.154053	 0.000343141
100.42	 -0.0198032	 1.18331e-05	 -0.890662	 -0.00138867	 -0.146414	 0.000327152
100.44	 -0.0201239	 1.14987e-05	 -0.894671	 -0.00138175	 -0.138459	 0.000310527
100.46	 -0.0204488	 1.113e-05	 -0.898638	 -0.00137437	 -0.130196	 0.000293285
100.48	 -0.0207774	 1.07277e-05	 -0.902561	 -0.00136654	 -0.12163	 0.000275448
100.5	 -0.0211094	 1.02926e-05	 -0.906439	 -0.00135826	 -0.112768	 0.000257035
100.52	 -0.0214444	 9.8255e-06	 -0.910269	 -0.00134955	 -0.103617	 0.000238069
100.54	 -0.0217821	 9.32737e-06	 -0.914051	 -0.00134042	 -0.0941825	 0.000218572
100.56	 -0.022122	 8.7991e-06	 -0.917784	 -0.0013309	 -0.0844714	 0.000198569
100.58	 -0.0224639	 8.24169e-06	 -0.921466	 -0.00132099	 -0.0744899	 0.000178082
100.6	 -0.0228072	 7.65613e-06	 -0.925096	 -0.00131071	 -0.0642444	 0.000157136
100.62	 -0.0231518	 7.04349e-06	 -0.928673	 -0.00130007	 -0.0537413	 0.000135756
100.64	 -0.0234972	 6.40486e-06	 -0.932194	 -0.00128909	 -0.0429867	 0.000113968
100.66	 -0.023843	 5.74135e-06	 -0.93566	 -0.00127778	 -0.0319871	 9.17991e-05
100.68	 -0.024189	 5.05412e-06	 -0.939069	 -0.00126617	 -0.0207484	 6.92747e-05
100.7	 -0.0245347	 4.34436e-06	 -0.942419	 -0.00125426	 -0.00927699	 4.64224e-05
100.72	 -0.0248799	 3.61328e-06	 -0.94571	 -0.00124208	 0.0024212	 2.32698e-05
100.74	 -0.0252241	 2.86214e-06	 -0.94894	 -0.00122963	 0.0143401	 -1.55104e-07
100.76	 -0.0255671	 2.0922e-06	 -0.952108	 -0.00121695	 0.0264738	 -2.3824e-05
100.78	 -0.0259086	 1.30476e-06	 -0.955213	 -0.00120404	 0.0388164	 -4.77083e-05
100.8	 -0.0262482	 5.01134e-07	 -0.958254	 -0.00119093	 0.0513621	 -7.1779e-05
100.82	 -0.0265857	 -3.17335e-07	 -0.961229	 -0.00117762	 0.0641052	 -9.6007e-05
100.84	 -0.0269207	 -1.14929e-06	 -0.964139	 -0.00116414	 0.07704	 -0.000120363
100.86	 -0.0272529	 -1.99336e-06	 -0.966981	 -0.00115051	 0.0901612	 -0.000144818
100.88	 -0.0275822	 -2.84815e-06	 -0.969754	 -0.00113675	 0.103463	 -0.000169341
100.9	 -0.0279081	 -3.71227e-06	 -0.972459	 -0.00112286	 0.11694	 -0.000193903
100.92	 -0.0282304	 -4.58429e-06	 -0.975093	 -0.00110887	 0.130588	 -0.000218475
100.94	 -0.028549	 -5.4628e-06	 -0.977656	 -0.0010948	 0.144401	 -0.000243027
100.96	 -0.0288635	 -6.34637e-06	 -0.980146	 -0.00108066	 0.158373	 -0.000267528
100.98	 -0.0291737	 -7.23357e-06	 -0.982564	 -0.00106648	 0.172501	 -0.00029195
101	 -0.0294794	 -8.12297e-06	 -0.984907	 -0.00105227	 0.186779	 -0.000316262
101.02	 -0.0297804	 -9.01313e-06	 -0.987176	 -0.00103804	 0.201202	 -0.000340435
101.04	 -0.0300765	 -9.90261e-06	 -0.989369	 -0.00102383	 0.215766	 -0.00036444
101.06	 -0.0303674	 -1.079e-05	 -0.991486	 -0.00100963	 0.230467	 -0.000388249
101.08	 -0.0306531	 -1.16738e-05	 -0.993526	 -0.000995476	 0.2453	 -0.000411831
101.1	 -0.0309333	 -1.25527e-05	 -0.995488	 -0.000981378	 0.26026	 -0.000435158
101.12	 -0.0312079	 -1.34252e-05	 -0.997372	 -0.000967355	 0.275344	 -0.000458203
101.14	 -0.0314767	 -1.429e-05	 -0.999176	 -0.000953424	 0.290547	 -0.000480937
101.16	 -0.0317396	 -1.51455e-05	 -1.0009	 -0.0009396	 0.305866	 -0.000503334
101.18	 -0.0319965	 -1.59906e-05	 -1.00254	 -0.0009259	 0.321297	 -0.000525365
101.2	 -0.0322473	 -1.68237e-05	 -1.00411	 -0.00091234	 0.336835	 -0.000547005
101.22	 -0.0324919	 -1.76436e-05	 -1.00559	 -0.000898936	 0.352478	 -0.000568227
101.24	 -0.0327301	 -1.84488e-05	 -1.00699	 -0.000885703	 0.368222	 -0.000589006
101.26	 -0.0329619	 -1.92382e-05	 -1.0083	 -0.000872657	 0.384064	 -0.000609316
101.28	 -0.0331873	 -2.00105e-05	 -1.00954	 -0.000859811	 0.399999	 -0.000629134
101.3	 -0.0334062	 -2.07643e-05	 -1.01069	 -0.000847181	 0.416026	 -0.000648435
101.32	 -0.0336185	 -2.14984e-05	 -1.01175	 -0.000834781	 0.432141	 -0.000667197
101.34	 -0.0338242	 -2.22116e-05	 -1.01274	 -0.000822624	 0.448341	 -0.000685396
101.36	 -0.0340233	 -2.29028e-05	 -1.01363	 -0.000810723	 0.464623	 -0.000703011
101.38	 -0.0342158	 -2.35707e-05	 -1.01445	 -0.000799091	 0.480985	 -0.000720021
101.4	 -0.0344016	 -2.42143e-05	 -1.01517	 -0.000787741	 0.497423	 -0.000736405
101.42	 -0.0345809	 -2.48325e-05	 -1.01581	 -0.000776685	 0.513936	 -0.000752145
101.44	 -0.0347536	 -2.54242e-05	 -1.01637	 -0.000765934	 0.53052	 -0.00076722
101.46	 -0.0349198	 -2.59884e-05	 -1.01684	 -0.000755499	 0.547174	 -0.000781613
101.48	 -0.0350795	 -2.65241e-05	 -1.01722	 -0.000745391	 0.563895	 -0.000795308
101.5	 -0.0352327	 -2.70304e-05	 -1.01752	 -0.00073562	 0.580681	 -0.000808287
101.52	 -0.0353796	 -2.75063e-05	 -1.01773	 -0.000726195	 0.597529	 -0.000820535
101.54	 -0.0355202	 -2.79509e-05	 -1.01786	 -0.000717125	 0.614438	 -0.000832038
101.56	 -0.0356546	 -2.83635e-05	 -1.0179	 -0.000708419	 0.631406	 -0.000842782
101.58	 -0.0357829	 -2.87433e-05	 -1.01785	 -0.000700085	 0.648431	 -0.000852754
101.6	 -0.0359052	 -2.90894e-05	 -1.01772	 -0.000692131	 0.66551	 -0.000861943
101.62	 -0.0360216	 -2.94012e-05	 -1.0175	 -0.000684562	 0.682643	 -0.000870339
101.64	 -0.0361323	 -2.9678e-05	 -1.01719	 -0.000677385	 0.699827	 -0.00087793
101.66	 -0.0362373	 -2.99193e-05	 -1.0168	 -0.000670606	 0.717061	 -0.000884708
101.68	 -0.0363369	 -3.01243e-05	 -1.01632	 -0.000664231	 0.734343	 -0.000890666
101.7	 -0.0364311	 -3.02926e-05	 -1.01575	 -0.000658263	 0.751671	 -0.000895796
101.72	 -0.0365202	 -3.04237e-05	 -1.0151	 -0.000652707	 0.769044	 -0.000900094
101.74	 -0.0366043	 -3.05172e-05	 -1.01436	 -0.000647566	 0.78646	 -0.000903553
101.76	 -0.0366836	 -3.05727e-05	 -1.01354	 -0.000642842	 0.803918	 -0.00090617
101.78	 -0.0367582	 -3.05898e-05	 -1.01264	 -0.000638539	 0.821417	 -0.000907942
101.8	 -0.0368283	 -3.05682e-05	 -1.01164	 -0.000634657	 0.838954	 -0.000908867
101.82	 -0.0368942	 -3.05078e-05	 -1.01057	 -0.000631197	 0.856528	 -0.000908945
101.84	 -0.036956	 -3.04082e-05	 -1.00941	 -0.000628161	 0.874139	 -0.000908177
101.86	 -0.0370139	 -3.02693e-05	 -1.00816	 -0.000625547	 0.891784	 -0.000906562
101.88	 -0.0370682	 -3.00911e-05	 -1.00684	 -0.000623355	 0.909462	 -0.000904103
101.9	 -0.037119	 -2.98735e-05	 -1.00543	 -0.000621584	 0.927172	 -0.000900805
101.92	 -0.0371665	 -2.96165e-05	 -1.00393	 -0.000620232	 0.944912	 -0.00089667
101.94	 -0.0372111	 -2.93201e-05	 -1.00236	 -0.000619295	 0.96268	 -0.000891705
101.96	 -0.0372529	 -2.89844e-05	 -1.0007	 -0.000618771	 0.980475	 -0.000885915
101.98	 -0.0372921	 -2.86096e-05	 -0.998965	 -0.000618656	 0.998296	 -0.000879309
102	 -0.037329	 -2.81958e-05	 -0.997147	 -0.000618946	 1.01614	 -0.000871893
102.02	 -0.0373638	 -2.77433e-05	 -0.99525	 -0.000619636	 1.03401	 -0.000863678
102.04	 -0.0373967	 -2.72523e-05	 -0.993273	 -0.00062072	 1.0519	 -0.000854674
102.06	 -0.037428	 -2.67233e-05	 -0.991217	 -0.000622193	 1.0698	 -0.000844891
102.08	 -0.0374579	 -2.61565e-05	 -0.989083	 -0.000624047	 1.08773	 -0.000834342
102.1	 -0.0374867	 -2.55525e-05	 -0.986872	 -0.000626276	 1.10567	 -0.00082304
102.12	 -0.0375145	 -2.49115e-05	 -0.984585	 -0.000628872	 1.12362	 -0.000810998
102.14	 -0.0375417	 -2.42343e-05	 -0.982221	 -0.000631827	 1.14159	 -0.000798232
102.16	 -0.0375684	 -2.35213e-05	 -0.979782	 -0.000635132	 1.15956	 -0.000784757
102.18	 -0.0375949	 -2.27731e-05	 -0.977268	 -0.000638779	 1.17755	 -0.000770589
102.2	 -0.0376215	 -2.19904e-05	 -0.974681	 -0.000642756	 1.19553	 -0.000755746
102.22	 -0.0376483	 -2.11738e-05	 -0.972021	 -0.000647055	 1.21353	 -0.000740246
102.24	 -0.0376757	 -2.03241e-05	 -0.969289	 -0.000651664	 1.23152	 -0.000724107
102.26	 -0.0377037	 -1.94421e-05	 -0.966486	 -0.000656574	 1.24951	 -0.000707349
102.28	 -0.0377327	 -1.85285e-05	 -0.963612	 -0.000661771	 1.2675	 -0.000689992
102.3	 -0.037763	 -1.75842e-05	 -0.960669	 -0.000667244	 1.28548	 -0.000672058
102.32	 -0.0377946	 -1.66101e-05	 -0.957657	 -0.000672982	 1.30345	 -0.000653568
102.34	 -0.0378278	 -1.56072e-05	 -0.954577	 -0.00067897	 1.32141	 -0.000634544
102.36	 -0.0378629	 -1.45762e-05	 -0.951431	 -0.000685197	 1.33935	 -0.000615009
102.38	 -0.0379	 -1.35183e-05	 -0.948219	 -0.000691649	 1.35728	 -0.000594988
102.4	 -0.0379394	 -1.24345e-05	 -0.944942	 -0.000698312	 1.37519	 -0.000574503
102.42	 -0.0379812	 -1.13258e-05	 -0.941602	 -0.000705171	 1.39307	 -0.000553579
102.44	 -0.0380257	 -1.01934e-05	 -0.938198	 -0.000712214	 1.41092	 -0.000532242
102.46	 -0.0380729	 -9.03825e-06	 -0.934734	 -0.000719425	 1.42875	 -0.000510518
102.48	 -0.0381233	 -7.86162e-06	 -0.931208	 -0.000726789	 1.44653	 -0.000488431
102.5	 -0.0381768	 -6.66466e-06	 -0.927623	 -0.000734291	 1.46428	 -0.000466009
102.52	 -0.0382336	 -5.44857e-06	 -0.923979	 -0.000741916	 1.48199	 -0.000443279
102.54	 -0.038294	 -4.2146e-06	 -0.920279	 -0.000749648	 1.49966	 -0.000420267
102.56	 -0.0383581	 -2.96399e-06	 -0.916522	 -0.000757472	 1.51727	 -0.000397001
102.58	 -0.038426	 -1.69802e-06	 -0.91271	 -0.000765372	 1.53483	 -0.000373508
102.6	 -0.0384978	 -4.18002e-07	 -0.908844	 -0.000773332	 1.55233	 -0.000349818
102.62	 -0.0385738	 8.74747e-07	 -0.904925	 -0.000781335	 1.56976	 -0.000325957
102.64	 -0.038654	 2.17889e-06	 -0.900955	 -0.000789367	 1.58713	 -0.000301954
102.66	 -0.0387385	 3.49305e-06	 -0.896935	 -0.00079741	 1.60443	 -0.000277837
102.68	 -0.0388275	 4.81588e-06	 -0.892866	 -0.000805448	 1.62165	 -0.000253636
102.7	 -0.038921	 6.14596e-06	 -0.88875	 -0.000813465	 1.63879	 -0.000229379
102.72	 -0.0390192	 7.4819e-06	 -0.884586	 -0.000821445	 1.65584	 -0.000205094
102.74	 -0.0391221	 8.82228e-06	 -0.880378	 -0.000829372	 1.6728	 -0.00018081
102.76	 -0.0392298	 1.01657e-05	 -0.876126	 -0.000837229	 1.68966	 -0.000156555
102.78	 -0.0393424	 1.15106e-05	 -0.871831	 -0.000845	 1.70642	 -0.000132359
102.8	 -0.0394599	 1.28557e-05	 -0.867496	 -0.000852669	 1.72307	 -0.000108249
102.82	 -0.0395823	 1.41995e-05	 -0.86312	 -0.000860221	 1.7396	 -8.42543e-05
102.84	 -0.0397097	 1.55405e-05	 -0.858706	 -0.000867639	 1.75602	 -6.04024e-05
102.86	 -0.0398422	 1.68772e-05	 -0.854255	 -0.000874908	 1.77231	 -3.67213e-05
102.88	 -0.0399797	 1.82083e-05	 -0.849769	 -0.000882013	 1.78846	 -1.32387e-05
102.9	 -0.0401222	 1.95321e-05	 -0.845248	 -0.000888938	 1.80448	 1.0018e-05
102.92	 -0.0402698	 2.08474e-05	 -0.840695	 -0.000895669	 1.82036	 3.3022e-05
102.94	 -0.0404224	 2.21525e-05	 -0.83611	 -0.00090219	 1.83608	 5.57463e-05
102.96	 -0.04058	 2.3446e-05	 -0.831495	 -0.000908488	 1.85165	 7.81648e-05
102.98	 -0.0407426	 2.47266e-05	 -0.826852	 -0.000914547	 1.86705	 0.000100251
103	 -0.0409101	 2.59927e-05	 -0.822182	 -0.000920355	 1.88228	 0.000121981
103.02	 -0.0410825	 2.72429e-05	 -0.817487	 -0.000925898	 1.89734	 0.000143328
103.04	 -0.0412597	 2.84757e-05	 -0.812767	 -0.000931162	 1.91221	 0.000164268
103.06	 -0.0414417	 2.96898e-05	 -0.808026	 -0.000936135	 1.92689	 0.000184778
103.08	 -0.0416283	 3.08837e-05	 -0.803263	 -0.000940804	 1.94138	 0.000204833
103.1	 -0.0418194	 3.20561e-05	 -0.798481	 -0.000945159	 1.95566	 0.000224412
103.12	 -0.0420151	 3.32055e-05	 -0.793682	 -0.000949186	 1.96972	 0.000243492
103.14	 -0.0422151	 3.43306e-05	 -0.788866	 -0.000952875	 1.98357	 0.000262051
103.16	 -0.0424193	 3.543e-05	 -0.784036	 -0.000956216	 1.9972	 0.000280068
103.18	 -0.0426276	 3.65024e-05	 -0.779192	 -0.000959198	 2.01059	 0.000297524
103.2	 -0.0428399	 3.75465e-05	 -0.774337	 -0.000961811	 2.02374	 0.000314398
103.22	 -0.0430561	 3.8561e-05	 -0.769473	 -0.000964048	 2.03664	 0.000330673
103.24	 -0.0432758	 3.95446e-05	 -0.7646	 -0.000965898	 2.04928	 0.000346329
103.26	 -0.0434991	 4.04961e-05	 -0.75972	 -0.000967354	 2.06167	 0.000361351
103.28	 -0.0437257	 4.14143e-05	 -0.754836	 -0.000968409	 2.07378	 0.000375721
103.3	 -0.0439555	 4.22979e-05	 -0.749948	 -0.000969056	 2.08562	 0.000389425
103.32	 -0.0441881	 4.31458e-05	 -0.745058	 -0.000969289	 2.09717	 0.000402447
103.34	 -0.0444236	 4.39569e-05	 -0.740168	 -0.000969101	 2.10843	 0.000414773
103.36	 -0.0446616	 4.47301e-05	 -0.73528	 -0.000968488	 2.11939	 0.000426391
103.38	 -0.0449019	 4.54642e-05	 -0.730395	 -0.000967445	 2.13004	 0.000437288
103.4	 -0.0451443	 4.61583e-05	 -0.725515	 -0.000965969	 2.14038	 0.000447453
103.42	 -0.0453886	 4.68113e-05	 -0.720641	 -0.000964055	 2.1504	 0.000456877
103.44	 -0.0456346	 4.74222e-05	 -0.715776	 -0.000961703	 2.16009	 0.000465549
103.46	 -0.045882	 4.79902e-05	 -0.71092	 -0.000958909	 2.16944	 0.000473462
103.48	 -0.0461305	 4.85143e-05	 -0.706076	 -0.000955673	 2.17846	 0.000480607
103.5	 -0.0463799	 4.89936e-05	 -0.701245	 -0.000951993	 2.18712	 0.000486979
103.52	 -0.04663	 4.94273e-05	 -0.696429	 -0.000947871	 2.19542	 0.000492572
103.54	 -0.0468805	 4.98147e-05	 -0.691629	 -0.000943306	 2.20336	 0.000497382
103.56	 -0.047131	 5.0155e-05	 -0.686847	 -0.0009383	 2.21093	 0.000501404
103.58	 -0.0473814	 5.04475e-05	 -0.682086	 -0.000932855	 2.21812	 0.000504636
103.6	 -0.0476314	 5.06915e-05	 -0.677345	 -0.000926974	 2.22493	 0.000507077
103.62	 -0.0478806	 5.08865e-05	 -0.672628	 -0.000920661	 2.23135	 0.000508727
103.64	 -0.0481288	 5.10318e-05	 -0.667935	 -0.000913918	 2.23736	 0.000509584
103.66	 -0.0483757	 5.11269e-05	 -0.663269	 -0.000906751	 2.24298	 0.000509652
103.68	 -0.0486211	 5.11715e-05	 -0.658631	 -0.000899166	 2.24819	 0.000508931
103.7	 -0.0488645	 5.11649e-05	 -0.654022	 -0.000891168	 2.25298	 0.000507426
103.72	 -0.0491057	 5.1107e-05	 -0.649445	 -0.000882764	 2.25735	 0.000505141
103.74	 -0.0493444	 5.09973e-05	 -0.644901	 -0.000873961	 2.26129	 0.000502081
103.76	 -0.0495803	 5.08355e-05	 -0.640391	 -0.000864767	 2.2648	 0.000498252
103.78	 -0.0498131	 5.06215e-05	 -0.635917	 -0.000855191	 2.26787	 0.000493662
103.8	 -0.0500425	 5.0355e-05	 -0.631481	 -0.000845242	 2.2705	 0.000488318
103.82	 -0.0502681	 5.0036e-05	 -0.627084	 -0.000834929	 2.27268	 0.00048223
103.84	 -0.0504898	 4.96643e-05	 -0.622728	 -0.000824264	 2.27441	 0.000475408
103.86	 -0.050707	 4.92401e-05	 -0.618414	 -0.000813256	 2.27568	 0.000467862
103.88	 -0.0509197	 4.87632e-05	 -0.614144	 -0.000801918	 2.27649	 0.000459605
103.9	 -0.0511274	 4.82338e-05	 -0.609919	 -0.000790261	 2.27683	 0.000450648
103.92	 -0.0513298	 4.7652e-05	 -0.605742	 -0.000778299	 2.2767	 0.000441007
103.94	 -0.0515266	 4.70182e-05	 -0.601613	 -0.000766043	 2.2761	 0.000430694
103.96	 -0.0517176	 4.63324e-05	 -0.597533	 -0.000753509	 2.27501	 0.000419726
103.98	 -0.0519024	 4.55951e-05	 -0.593505	 -0.000740709	 2.27345	 0.000408118
104	 -0.0520808	 4.48065e-05	 -0.58953	 -0.000727659	 2.27141	 0.000395887
104.02	 -0.0522524	 4.39673e-05	 -0.585609	 -0.000714373	 2.26888	 0.00038305
104.04	 -0.0524169	 4.30777e-05	 -0.581744	 -0.000700867	 2.26586	 0.000369627
104.06	 -0.0525741	 4.21385e-05	 -0.577936	 -0.000687157	 2.26235	 0.000355637
104.08	 -0.0527236	 4.11501e-05	 -0.574186	 -0.000673259	 2.25834	 0.000341098
104.1	 -0.0528653	 4.01133e-05	 -0.570495	 -0.00065919	 2.25384	 0.000326032
104.12	 -0.0529987	 3.90287e-05	 -0.566866	 -0.000644967	 2.24885	 0.000310459
104.14	 -0.0531237	 3.78972e-05	 -0.563299	 -0.000630607	 2.24335	 0.000294402
104.16	 -0.05324	 3.67195e-05	 -0.559796	 -0.000616128	 2.23736	 0.000277883
104.18	 -0.0533473	 3.54967e-05	 -0.556357	 -0.000601547	 2.23087	 0.000260924
104.2	 -0.0534453	 3.42295e-05	 -0.552985	 -0.000586883	 2.22388	 0.00024355
104.22	 -0.0535339	 3.29191e-05	 -0.54968	 -0.000572154	 2.21639	 0.000225784
104.24	 -0.0536128	 3.15664e-05	 -0.546443	 -0.00055738	 2.2084	 0.000207651
104.26	 -0.0536817	 3.01726e-05	 -0.543276	 -0.000542577	 2.19992	 0.000189176
104.28	 -0.0537404	 2.87389e-05	 -0.54018	 -0.000527767	 2.19093	 0.000170384
104.3	 -0.0537887	 2.72664e-05	 -0.537155	 -0.000512967	 2.18146	 0.000151301
104.32	 -0.0538264	 2.57565e-05	 -0.534203	 -0.000498196	 2.17148	 0.000131953
104.34	 -0.0538533	 2.42104e-05	 -0.531325	 -0.000483475	 2.16102	 0.000112367
104.36	 -0.0538691	 2.26296e-05	 -0.528523	 -0.000468823	 2.15006	 9.25693e-05
104.38	 -0.0538738	 2.10155e-05	 -0.525796	 -0.000454258	 2.13862	 7.2587e-05
104.4	 -0.0538671	 1.93696e-05	 -0.523146	 -0.0004398	 2.12669	 5.24476e-05
104.42	 -0.0538489	 1.76933e-05	 -0.520573	 -0.000425468	 2.11428	 3.21785e-05
104.44	 -0.053819	 1.59882e-05	 -0.51808	 -0.000411283	 2.10139	 1.18073e-05
104.46	 -0.0537773	 1.4256e-05	 -0.515666	 -0.000397262	 2.08802	 -8.63819e-06
104.48	 -0.0537236	 1.24984e-05	 -0.513332	 -0.000383425	 2.07419	 -2.913e-05
104.5	 -0.0536578	 1.07169e-05	 -0.511079	 -0.000369791	 2.05989	 -4.96403e-05
104.52	 -0.0535798	 8.91349e-06	 -0.508908	 -0.000356379	 2.04513	 -7.01411e-05
104.54	 -0.0534894	 7.08977e-06	 -0.50682	 -0.000343207	 2.02991	 -9.06044e-05
104.56	 -0.0533867	 5.24763e-06	 -0.504815	 -0.000330294	 2.01424	 -0.000111002
104.58	 -0.0532715	 3.3889e-06	 -0.502895	 -0.000317657	 1.99813	 -0.000131307
104.6	 -0.0531438	 1.51548e-06	 -0.501058	 -0.000305316	 1.98157	 -0.000151491
104.62	 -0.0530034	 -3.70713e-07	 -0.499307	 -0.000293287	 1.96459	 -0.000171526
104.64	 -0.0528504	 -2.26773e-06	 -0.497642	 -0.000281587	 1.94717	 -0.000191386
104.66	 -0.0526847	 -4.17359e-06	 -0.496063	 -0.000270234	 1.92934	 -0.000211042
104.68	 -0.0525064	 -6.08629e-06	 -0.494571	 -0.000259245	 1.91109	 -0.000230469
104.7	 -0.0523153	 -8.0038e-06	 -0.493166	 -0.000248635	 1.89244	 -0.000249639
104.72	 -0.0521116	 -9.92407e-06	 -0.491848	 -0.00023842	 1.8734	 -0.000268527
104.74	 -0.0518952	 -1.1845e-05	 -0.490618	 -0.000228615	 1.85396	 -0.000287106
104.76	 -0.0516661	 -1.37646e-05	 -0.489477	 -0.000219237	 1.83414	 -0.000305351
104.78	 -0.0514245	 -1.56807e-05	 -0.488425	 -0.000210298	 1.81395	 -0.000323237
104.8	 -0.0511704	 -1.75911e-05	 -0.487461	 -0.000201812	 1.7934	 -0.00034074
104.82	 -0.0509038	 -1.94938e-05	 -0.486587	 -0.000193794	 1.7725	 -0.000357834
104.84	 -0.0506248	 -2.13866e-05	 -0.485801	 -0.000186256	 1.75125	 -0.000374498
104.86	 -0.0503336	 -2.32675e-05	 -0.485106	 -0.00017921	 1.72966	 -0.000390707
104.88	 -0.0500303	 -2.51341e-05	 -0.4845	 -0.000172668	 1.70775	 -0.00040644
104.9	 -0.0497149	 -2.69845e-05	 -0.483983	 -0.00016664	 1.68552	 -0.000421674
104.92	 -0.0493876	 -2.88164e-05	 -0.483557	 -0.000161138	 1.66299	 -0.000436389
104.94	 -0.0490485	 -3.06277e-05	 -0.48322	 -0.000156172	 1.64017	 -0.000450564
104.96	 -0.0486979	 -3.24163e-05	 -0.482973	 -0.000151749	 1.61706	 -0.00046418
104.98	 -0.0483359	 -3.41802e-05	 -0.482816	 -0.000147879	 1.59368	 -0.000477218
105	 -0.0479627	 -3.59171e-05	 -0.482749	 -0.00014457	 1.57004	 -0.000489658
105.02	 -0.0475784	 -3.76251e-05	 -0.482771	 -0.000141829	 1.54615	 -0.000501485
105.04	 -0.0471834	 -3.9302e-05	 -0.482883	 -0.000139662	 1.52202	 -0.000512682
105.06	 -0.0467777	 -4.09459e-05	 -0.483084	 -0.000138076	 1.49767	 -0.000523232
105.08	 -0.0463617	 -4.25548e-05	 -0.483375	 -0.000137074	 1.4731	 -0.000533121
105.1	 -0.0459356	 -4.41267e-05	 -0.483754	 -0.000136662	 1.44833	 -0.000542336
105.12	 -0.0454996	 -4.56596e-05	 -0.484222	 -0.000136843	 1.42336	 -0.000550862
105.14	 -0.0450541	 -4.71516e-05	 -0.484778	 -0.00013762	 1.39822	 -0.000558688
105.16	 -0.0445992	 -4.8601e-05	 -0.485422	 -0.000138996	 1.37292	 -0.000565803
105.18	 -0.0441354	 -5.00058e-05	 -0.486153	 -0.000140971	 1.34746	 -0.000572196
105.2	 -0.0436628	 -5.13644e-05	 -0.486972	 -0.000143546	 1.32185	 -0.000577859
105.22	 -0.0431818	 -5.2675e-05	 -0.487878	 -0.000146722	 1.29613	 -0.000582782
105.24	 -0.0426928	 -5.39359e-05	 -0.48887	 -0.000150497	 1.27028	 -0.000586959
105.26	 -0.042196	 -5.51455e-05	 -0.489948	 -0.00015487	 1.24434	 -0.000590384
105.28	 -0.0416918	 -5.63023e-05	 -0.491112	 -0.000159839	 1.2183	 -0.000593051
105.3	 -0.0411805	 -5.74047e-05	 -0.49236	 -0.0001654	 1.19219	 -0.000594956
105.32	 -0.0406625	 -5.84514e-05	 -0.493693	 -0.000171549	 1.16601	 -0.000596096
105.34	 -0.0401382	 -5.94409e-05	 -0.495109	 -0.000178283	 1.13979	 -0.00059647
105.36	 -0.0396079	 -6.0372e-05	 -0.496608	 -0.000185596	 1.11352	 -0.000596075
105.38	 -0.039072	 -6.12433e-05	 -0.49819	 -0.000193481	 1.08723	 -0.000594913
105.4	 -0.0385308	 -6.20539e-05	 -0.499853	 -0.000201933	 1.06093	 -0.000592983
105.42	 -0.0379849	 -6.28025e-05	 -0.501598	 -0.000210944	 1.03464	 -0.000590289
105.44	 -0.0374345	 -6.34882e-05	 -0.503423	 -0.000220505	 1.00835	 -0.000586834
105.46	 -0.0368802	 -6.411e-05	 -0.505327	 -0.000230608	 0.982097	 -0.000582622
105.48	 -0.0363222	 -6.46671e-05	 -0.507311	 -0.000241244	 0.955882	 -0.000577658
105.5	 -0.035761	 -6.51587e-05	 -0.509372	 -0.000252402	 0.929721	 -0.000571949
105.52	 -0.035197	 -6.55842e-05	 -0.51151	 -0.000264072	 0.903625	 -0.000565503
105.54	 -0.0346307	 -6.59429e-05	 -0.513725	 -0.000276242	 0.877608	 -0.000558327
105.56	 -0.0340625	 -6.62343e-05	 -0.516015	 -0.000288901	 0.851683	 -0.000550432
105.58	 -0.0334927	 -6.64582e-05	 -0.51838	 -0.000302036	 0.825862	 -0.000541828
105.6	 -0.0329219	 -6.6614e-05	 -0.520819	 -0.000315633	 0.800157	 -0.000532526
105.62	 -0.0323505	 -6.67016e-05	 -0.52333	 -0.000329679	 0.77458	 -0.000522539
105.64	 -0.0317788	 -6.67209e-05	 -0.525913	 -0.00034416	 0.749145	 -0.00051188
105.66	 -0.0312074	 -6.66717e-05	 -0.528567	 -0.00035906	 0.723863	 -0.000500565
105.68	 -0.0306366	 -6.65543e-05	 -0.531291	 -0.000374366	 0.698745	 -0.000488608
105.7	 -0.0300669	 -6.63686e-05	 -0.534083	 -0.00039006	 0.673804	 -0.000476025
105.72	 -0.0294988	 -6.61149e-05	 -0.536944	 -0.000406127	 0.649051	 -0.000462835
105.74	 -0.0289327	 -6.57937e-05	 -0.539871	 -0.00042255	 0.624497	 -0.000449055
105.76	 -0.0283689	 -6.54052e-05	 -0.542863	 -0.000439311	 0.600154	 -0.000434703
105.78	 -0.027808	 -6.49501e-05	 -0.545921	 -0.000456394	 0.576034	 -0.000419801
105.8	 -0.0272504	 -6.44289e-05	 -0.549041	 -0.000473781	 0.552145	 -0.000404367
105.82	 -0.0266965	 -6.38424e-05	 -0.552224	 -0.000491452	 0.5285	 -0.000388425
105.84	 -0.0261467	 -6.31914e-05	 -0.555469	 -0.000509391	 0.505109	 -0.000371995
105.86	 -0.0256014	 -6.24768e-05	 -0.558773	 -0.000527577	 0.481981	 -0.0003551
105.88	 -0.0250611	 -6.16995e-05	 -0.562136	 -0.000545993	 0.459127	 -0.000337765
105.9	 -0.0245261	 -6.08608e-05	 -0.565557	 -0.000564617	 0.436558	 -0.000320013
105.92	 -0.023997	 -5.99616e-05	 -0.569035	 -0.000583432	 0.414281	 -0.000301869
105.94	 -0.023474	 -5.90034e-05	 -0.572567	 -0.000602417	 0.392306	 -0.000283358
105.96	 -0.0229576	 -5.79875e-05	 -0.576154	 -0.000621552	 0.370644	 -0.000264506
105.98	 -0.0224482	 -5.69153e-05	 -0.579794	 -0.000640817	 0.349301	 -0.00024534
106	 -0.0219461	 -5.57883e-05	 -0.583485	 -0.000660191	 0.328287	 -0.000225886
106.02	 -0.0214517	 -5.46082e-05	 -0.587227	 -0.000679656	 0.30761	 -0.000206172
106.04	 -0.0209654	 -5.33766e-05	 -0.591017	 -0.00069919	 0.287278	 -0.000186225
106.06	 -0.0204876	 -5.20954e-05	 -0.594855	 -0.000718772	 0.267299	 -0.000166074
106.08	 -0.0200186	 -5.07663e-05	 -0.59874	 -0.000738384	 0.24768	 -0.000145747
106.1	 -0.0195587	 -4.93912e-05	 -0.60267	 -0.000758003	 0.228428	 -0.000125272
106.12	 -0.0191083	 -4.79722e-05	 -0.606644	 -0.00077761	 0.209551	 -0.000104679
106.14	 -0.0186678	 -4.65113e-05	 -0.61066	 -0.000797185	 0.191054	 -8.39965e-05
106.16	 -0.0182373	 -4.50107e-05	 -0.614718	 -0.000816706	 0.172944	 -6.32539e-05
106.18	 -0.0178173	 -4.34724e-05	 -0.618815	 -0.000836156	 0.155227	 -4.24807e-05
106.2	 -0.017408	 -4.18988e-05	 -0.622951	 -0.000855512	 0.137908	 -2.17063e-05
106.22	 -0.0170097	 -4.0292e-05	 -0.627124	 -0.000874756	 0.120994	 -9.60299e-07
106.24	 -0.0166226	 -3.86546e-05	 -0.631332	 -0.000893869	 0.104489	 1.97278e-05
106.26	 -0.0162472	 -3.69887e-05	 -0.635575	 -0.00091283	 0.0883981	 4.03284e-05
106.28	 -0.0158835	 -3.5297e-05	 -0.639851	 -0.000931621	 0.0727255	 6.08123e-05
106.3	 -0.0155318	 -3.35818e-05	 -0.644158	 -0.000950222	 0.0574757	 8.115e-05
106.32	 -0.0151925	 -3.18456e-05	 -0.648496	 -0.000968616	 0.0426525	 0.000101312
106.34	 -0.0148655	 -3.00911e-05	 -0.652863	 -0.000986785	 0.0282596	 0.000121271
106.36	 -0.0145513	 -2.83207e-05	 -0.657256	 -0.00100471	 0.0143002	 0.000140996
106.38	 -0.0142499	 -2.65371e-05	 -0.661676	 -0.00102237	 0.000777329	 0.000160461
106.4	 -0.0139616	 -2.47429e-05	 -0.666121	 -0.00103976	 -0.0123062	 0.000179636
106.42	 -0.0136865	 -2.29407e-05	 -0.670588	 -0.00105685	 -0.0249481	 0.000198494
106.44	 -0.0134248	 -2.11331e-05	 -0.675078	 -0.00107363	 -0.0371461	 0.000217009
106.46	 -0.0131765	 -1.93229e-05	 -0.679587	 -0.00109008	 -0.0488984	 0.000235152
106.48	 -0.0129419	 -1.75126e-05	 -0.684116	 -0.00110619	 -0.0602035	 0.000252898
106.5	 -0.0127211	 -1.5705e-05	 -0.688662	 -0.00112194	 -0.07106	 0.000270221
106.52	 -0.012514	 -1.39026e-05	 -0.693224	 -0.00113731	 -0.0814671	 0.000287095
106.54	 -0.0123209	 -1.21082e-05	 -0.6978	 -0.00115231	 -0.091424	 0.000303496
106.56	 -0.0121418	 -1.03244e-05	 -0.70239	 -0.0011669	 -0.10093	 0.000319401
106.58	 -0.0119768	 -8.55371e-06	 -0.706992	 -0.00118108	 -0.109986	 0.000334784
106.6	 -0.0118259	 -6.79884e-06	 -0.711604	 -0.00119484	 -0.118591	 0.000349625
106.62	 -0.0116891	 -5.06233e-06	 -0.716224	 -0.00120816	 -0.126745	 0.0003639
106.64	 -0.0115665	 -3.34672e-06	 -0.720853	 -0.00122103	 -0.13445	 0.000377589
106.66	 -0.011458	 -1.65453e-06	 -0.725487	 -0.00123344	 -0.141706	 0.000390671
106.68	 -0.0113637	 1.17787e-08	 -0.730126	 -0.00124539	 -0.148515	 0.000403127
106.7	 -0.0112836	 1.64977e-06	 -0.734768	 -0.00125685	 -0.154877	 0.000414938
106.72	 -0.0112176	 3.25704e-06	 -0.739413	 -0.00126783	 -0.160795	 0.000426085
106.74	 -0.0111656	 4.83127e-06	 -0.744057	 -0.00127832	 -0.16627	 0.000436552
106.76	 -0.0111277	 6.37017e-06	 -0.748701	 -0.0012883	 -0.171304	 0.000446322
106.78	 -0.0111037	 7.87149e-06	 -0.753342	 -0.00129777	 -0.175899	 0.000455382
106.8	 -0.0110935	 9.33308e-06	 -0.757979	 -0.00130673	 -0.180059	 0.000463715
106.82	 -0.0110971	 1.07528e-05	 -0.762611	 -0.00131516	 -0.183786	 0.000471309
106.84	 -0.0111144	 1.21287e-05	 -0.767237	 -0.00132307	 -0.187082	 0.000478152
106.86	 -0.0111452	 1.34587e-05	 -0.771855	 -0.00133045	 -0.189952	 0.000484232
106.88	 -0.0111894	 1.47409e-05	 -0.776463	 -0.00133729	 -0.192397	 0.000489539
106.9	 -0.0112469	 1.59736e-05	 -0.781061	 -0.0013436	 -0.194423	 0.000494064
106.92	 -0.0113175	 1.71549e-05	 -0.785647	 -0.00134936	 -0.196031	 0.000497798
106.94	 -0.0114011	 1.82833e-05	 -0.790219	 -0.00135458	 -0.197227	 0.000500735
106.96	 -0.0114975	 1.9357e-05	 -0.794777	 -0.00135926	 -0.198014	 0.000502868
106.98	 -0.0116064	 2.03748e-05	 -0.799319	 -0.00136339	 -0.198397	 0.000504193
107	 -0.0117278	 2.1335e-05	 -0.803843	 -0.00136698	 -0.198379	 0.000504705
107.02	 -0.0118613	 2.22365e-05	 -0.808349	 -0.00137003	 -0.197966	 0.000504402
107.04	 -0.0120069	 2.3078e-05	 -0.812834	 -0.00137254	 -0.197161	 0.000503281
107.06	 -0.0121642	 2.38584e-05	 -0.817299	 -0.0013745	 -0.195969	 0.000501343
107.08	 -0.012333	 2.45767e-05	 -0.821741	 -0.00137593	 -0.194396	 0.000498587
107.1	 -0.0125132	 2.52319e-05	 -0.826158	 -0.00137682	 -0.192446	 0.000495016
107.12	 -0.0127044	 2.58232e-05	 -0.830551	 -0.00137718	 -0.190124	 0.00049063
107.14	 -0.0129064	 2.63499e-05	 -0.834918	 -0.00137702	 -0.187435	 0.000485436
107.16	 -0.013119	 2.68114e-05	 -0.839257	 -0.00137633	 -0.184385	 0.000479436
107.18	 -0.0133418	 2.72071e-05	 -0.843567	 -0.00137513	 -0.180979	 0.000472636
107.2	 -0.0135746	 2.75367e-05	 -0.847847	 -0.00137342	 -0.177222	 0.000465044
107.22	 -0.0138171	 2.77998e-05	 -0.852096	 -0.00137121	 -0.17312	 0.000456668
107.24	 -0.014069	 2.79962e-05	 -0.856312	 -0.0013685	 -0.168678	 0.000447516
107.26	 -0.0143301	 2.81258e-05	 -0.860495	 -0.0013653	 -0.163901	 0.000437598
107.28	 -0.0145999	 2.81887e-05	 -0.864643	 -0.00136162	 -0.158796	 0.000426925
107.3	 -0.0148784	 2.81849e-05	 -0.868755	 -0.00135746	 -0.153368	 0.000415509
107.32	 -0.015165	 2.81147e-05	 -0.872829	 -0.00135285	 -0.147623	 0.000403363
107.34	 -0.0154595	 2.79784e-05	 -0.876866	 -0.00134778	 -0.141566	 0.000390501
107.36	 -0.0157616	 2.77764e-05	 -0.880863	 -0.00134227	 -0.135203	 0.000376937
107.38	 -0.016071	 2.75092e-05	 -0.88482	 -0.00133633	 -0.12854	 0.000362687
107.4	 -0.0163874	 2.71776e-05	 -0.888735	 -0.00132996	 -0.121582	 0.000347767
107.42	 -0.0167103	 2.67821e-05	 -0.892607	 -0.00132319	 -0.114335	 0.000332196
107.44	 -0.0170396	 2.63238e-05	 -0.896436	 -0.00131601	 -0.106806	 0.000315991
107.46	 -0.0173748	 2.58034e-05	 -0.90022	 -0.00130845	 -0.0989992	 0.000299171
107.48	 -0.0177157	 2.52221e-05	 -0.903958	 -0.00130051	 -0.0909208	 0.000281756
107.5	 -0.0180618	 2.45809e-05	 -0.907649	 -0.00129221	 -0.0825764	 0.000263768
107.52	 -0.018413	 2.38811e-05	 -0.911292	 -0.00128357	 -0.0739717	 0.000245226
107.54	 -0.0187688	 2.31241e-05	 -0.914887	 -0.00127458	 -0.0651124	 0.000226154
107.56	 -0.0191289	 2.23111e-05	 -0.918431	 -0.00126528	 -0.0560039	 0.000206573
107.58	 -0.0194929	 2.14438e-05	 -0.921925	 -0.00125566	 -0.0466517	 0.000186508
107.6	 -0.0198607	 2.05237e-05	 -0.925367	 -0.00124576	 -0.0370614	 0.000165982
107.62	 -0.0202317	 1.95524e-05	 -0.928756	 -0.00123557	 -0.0272384	 0.000145021
107.64	 -0.0206058	 1.85317e-05	 -0.932092	 -0.00122512	 -0.017188	 0.000123648
107.66	 -0.0209825	 1.74634e-05	 -0.935373	 -0.00121441	 -0.00691547	 0.00010189
107.68	 -0.0213616	 1.63494e-05	 -0.938599	 -0.00120347	 0.00357391	 7.97736e-05
107.7	 -0.0217427	 1.51917e-05	 -0.941768	 -0.00119231	 0.014275	 5.73243e-05
107.72	 -0.0221255	 1.39924e-05	 -0.94488	 -0.00118095	 0.0251828	 3.45696e-05
107.74	 -0.0225097	 1.27534e-05	 -0.947934	 -0.00116939	 0.0362922	 1.15368e-05
107.76	 -0.0228949	 1.1477e-05	 -0.950929	 -0.00115766	 0.0475983	 -1.17463e-05
107.78	 -0.023281	 1.01654e-05	 -0.953864	 -0.00114577	 0.0590963	 -3.52516e-05
107.8	 -0.0236675	 8.82079e-06	 -0.956739	 -0.00113373	 0.0707815	 -5.89509e-05
107.82	 -0.0240542	 7.4456e-06	 -0.959552	 -0.00112157	 0.0826492	 -8.28155e-05
107.84	 -0.0244408	 6.04217e-06	 -0.962303	 -0.0011093	 0.0946948	 -0.000106817
107.86	 -0.024827	 4.6129e-06	 -0.964992	 -0.00109692	 0.106914	 -0.000130925
107.88	 -0.0252125	 3.16025e-06	 -0.967616	 -0.00108447	 0.119302	 -0.000155113
107.9	 -0.025597	 1.68671e-06	 -0.970176	 -0.00107195	 0.131855	 -0.00017935
107.92	 -0.0259803	 1.94805e-07	 -0.972671	 -0.00105938	 0.144569	 -0.000203607
107.94	 -0.0263621	 -1.31292e-06	 -0.975101	 -0.00104677	 0.157439	 -0.000227855
107.96	 -0.0267421	 -2.83389e-06	 -0.977463	 -0.00103414	 0.170462	 -0.000252064
107.98	 -0.0271201	 -4.36552e-06	 -0.979759	 -0.00102151	 0.183633	 -0.000276207
108	 -0.0274959	 -5.9052e-06	 -0.981986	 -0.00100889	 0.19695	 -0.000300253
108.02	 -0.0278691	 -7.45031e-06	 -0.984145	 -0.000996292	 0.210408	 -0.000324173
108.04	 -0.0282396	 -8.99822e-06	 -0.986235	 -0.000983737	 0.224003	 -0.000347939
108.06	 -0.0286072	 -1.05463e-05	 -0.988255	 -0.000971236	 0.237733	 -0.000371523
108.08	 -0.0289716	 -1.20919e-05	 -0.990204	 -0.000958804	 0.251594	 -0.000394895
108.1	 -0.0293325	 -1.36325e-05	 -0.992083	 -0.000946456	 0.265582	 -0.000418028
108.12	 -0.0296899	 -1.51653e-05	 -0.993889	 -0.000934206	 0.279695	 -0.000440894
108.14	 -0.0300435	 -1.66879e-05	 -0.995624	 -0.000922068	 0.293929	 -0.000463466
108.16	 -0.0303931	 -1.81975e-05	 -0.997286	 -0.000910055	 0.308282	 -0.000485716
108.18	 -0.0307386	 -1.96917e-05	 -0.998875	 -0.00089818	 0.322751	 -0.000507618
108.2	 -0.0310798	 -2.11679e-05	 -1.00039	 -0.000886458	 0.337332	 -0.000529145
108.22	 -0.0314164	 -2.26235e-05	 -1.00183	 -0.000874899	 0.352024	 -0.000550273
108.24	 -0.0317484	 -2.40562e-05	 -1.0032	 -0.000863518	 0.366823	 -0.000570975
108.26	 -0.0320757	 -2.54634e-05	 -1.00449	 -0.000852327	 0.381728	 -0.000591227
108.28	 -0.032398	 -2.68427e-05	 -1.0057	 -0.000841336	 0.396735	 -0.000611004
108.3	 -0.0327152	 -2.81918e-05	 -1.00684	 -0.000830558	 0.411843	 -0.000630284
108.32	 -0.0330273	 -2.95084e-05	 -1.0079	 -0.000820004	 0.427048	 -0.000649042
108.34	 -0.0333341	 -3.07901e-05	 -1.00889	 -0.000809686	 0.442351	 -0.000667258
108.36	 -0.0336354	 -3.20349e-05	 -1.0098	 -0.000799612	 0.457747	 -0.000684908
108.38	 -0.0339314	 -3.32404e-05	 -1.01063	 -0.000789794	 0.473235	 -0.000701973
108.4	 -0.0342217	 -3.44047e-05	 -1.01138	 -0.000780241	 0.488814	 -0.000718432
108.42	 -0.0345064	 -3.55256e-05	 -1.01205	 -0.000770963	 0.504481	 -0.000734265
108.44	 -0.0347853	 -3.66012e-05	 -1.01265	 -0.000761968	 0.520234	 -0.000749453
108.46	 -0.0350585	 -3.76297e-05	 -1.01316	 -0.000753266	 0.536072	 -0.00076398
108.48	 -0.0353259	 -3.86091e-05	 -1.0136	 -0.000744863	 0.551994	 -0.000777827
108.5	 -0.0355874	 -3.95378e-05	 -1.01396	 -0.000736769	 0.567997	 -0.000790978
108.52	 -0.035843	 -4.0414e-05	 -1.01423	 -0.000728989	 0.584081	 -0.000803419
108.54	 -0.0360927	 -4.12362e-05	 -1.01443	 -0.000721532	 0.600243	 -0.000815133
108.56	 -0.0363364	 -4.20028e-05	 -1.01455	 -0.000714402	 0.616482	 -0.000826108
108.58	 -0.0365742	 -4.27124e-05	 -1.01458	 -0.000707607	 0.632798	 -0.000836331
108.6	 -0.036806	 -4.33637e-05	 -1.01454	 -0.000701151	 0.649187	 -0.00084579
108.62	 -0.0370319	 -4.39554e-05	 -1.01441	 -0.00069504	 0.66565	 -0.000854473
108.64	 -0.0372518	 -4.44863e-05	 -1.01421	 -0.000689277	 0.682185	 -0.000862371
108.66	 -0.0374659	 -4.49554e-05	 -1.01392	 -0.000683868	 0.69879	 -0.000869475
108.68	 -0.037674	 -4.53617e-05	 -1.01355	 -0.000678815	 0.715465	 -0.000875777
108.7	 -0.0378764	 -4.57042e-05	 -1.0131	 -0.000674121	 0.732207	 -0.000881269
108.72	 -0.0380729	 -4.59822e-05	 -1.01256	 -0.00066979	 0.749017	 -0.000885946
108.74	 -0.0382637	 -4.6195e-05	 -1.01195	 -0.000665822	 0.765892	 -0.000889801
108.76	 -0.0384488	 -4.6342e-05	 -1.01125	 -0.000662221	 0.782832	 -0.000892832
108.78	 -0.0386284	 -4.64227e-05	 -1.01048	 -0.000658986	 0.799834	 -0.000895034
108.8	 -0.0388023	 -4.64366e-05	 -1.00962	 -0.000656119	 0.816899	 -0.000896405
108.82	 -0.0389709	 -4.63836e-05	 -1.00868	 -0.000653619	 0.834024	 -0.000896945
108.84	 -0.0391341	 -4.62633e-05	 -1.00765	 -0.000651487	 0.851209	 -0.000896653
108.86	 -0.039292	 -4.60757e-05	 -1.00655	 -0.000649721	 0.868452	 -0.000895529
108.88	 -0.0394447	 -4.58208e-05	 -1.00536	 -0.00064832	 0.885752	 -0.000893575
108.9	 -0.0395924	 -4.54986e-05	 -1.0041	 -0.000647282	 0.903108	 -0.000890795
108.92	 -0.0397351	 -4.51094e-05	 -1.00275	 -0.000646606	 0.920517	 -0.000887192
108.94	 -0.039873	 -4.46534e-05	 -1.00132	 -0.000646287	 0.937979	 -0.00088277
108.96	 -0.0400062	 -4.41311e-05	 -0.999812	 -0.000646324	 0.955492	 -0.000877536
108.98	 -0.0401347	 -4.35429e-05	 -0.998222	 -0.000646712	 0.973056	 -0.000871495
109	 -0.0402589	 -4.28894e-05	 -0.996552	 -0.000647447	 0.990667	 -0.000864656
109.02	 -0.0403787	 -4.21713e-05	 -0.994802	 -0.000648525	 1.00832	 -0.000857027
109.04	 -0.0404943	 -4.13894e-05	 -0.992972	 -0.00064994	 1.02603	 -0.000848618
109.06	 -0.0406059	 -4.05445e-05	 -0.991062	 -0.000651687	 1.04377	 -0.000839438
109.08	 -0.0407136	 -3.96376e-05	 -0.989074	 -0.00065376	 1.06156	 -0.0008295
109.1	 -0.0408175	 -3.86697e-05	 -0.987006	 -0.000656152	 1.07938	 -0.000818815
109.12	 -0.0409179	 -3.7642e-05	 -0.984861	 -0.000658857	 1.09725	 -0.000807396
109.14	 -0.0410148	 -3.65557e-05	 -0.982637	 -0.000661868	 1.11515	 -0.000795258
109.16	 -0.0411085	 -3.54121e-05	 -0.980336	 -0.000665176	 1.13308	 -0.000782416
109.18	 -0.041199	 -3.42126e-05	 -0.977958	 -0.000668774	 1.15104	 -0.000768884
109.2	 -0.0412866	 -3.29587e-05	 -0.975503	 -0.000672653	 1.16903	 -0.000754679
109.22	 -0.0413714	 -3.16518e-05	 -0.972973	 -0.000676805	 1.18705	 -0.000739819
109.24	 -0.0414537	 -3.02938e-05	 -0.970367	 -0.00068122	 1.20509	 -0.000724321
109.26	 -0.0415334	 -2.88861e-05	 -0.967686	 -0.000685888	 1.22315	 -0.000708204
109.28	 -0.0416109	 -2.74307e-05	 -0.964931	 -0.0006908	 1.24123	 -0.000691488
109.3	 -0.0416863	 -2.59293e-05	 -0.962103	 -0.000695946	 1.25932	 -0.000674193
109.32	 -0.0417597	 -2.43838e-05	 -0.959201	 -0.000701315	 1.27743	 -0.000656339
109.34	 -0.0418314	 -2.27962e-05	 -0.956228	 -0.000706895	 1.29554	 -0.000637948
109.36	 -0.0419015	 -2.11686e-05	 -0.953183	 -0.000712676	 1.31367	 -0.000619042
109.38	 -0.0419702	 -1.95029e-05	 -0.950067	 -0.000718647	 1.33179	 -0.000599644
109.4	 -0.0420376	 -1.78014e-05	 -0.946882	 -0.000724795	 1.34991	 -0.000579777
109.42	 -0.0421039	 -1.60662e-05	 -0.943627	 -0.000731109	 1.36803	 -0.000559464
109.44	 -0.0421693	 -1.42995e-05	 -0.940305	 -0.000737576	 1.38614	 -0.00053873
109.46	 -0.0422339	 -1.25036e-05	 -0.936915	 -0.000744183	 1.40424	 -0.0005176
109.48	 -0.0422979	 -1.06809e-05	 -0.933458	 -0.000750919	 1.42232	 -0.000496099
109.5	 -0.0423616	 -8.83359e-06	 -0.929937	 -0.00075777	 1.44038	 -0.000474252
109.52	 -0.0424249	 -6.96418e-06	 -0.926351	 -0.000764723	 1.45842	 -0.000452085
109.54	 -0.0424882	 -5.07504e-06	 -0.922701	 -0.000771765	 1.47643	 -0.000429626
109.56	 -0.0425514	 -3.16861e-06	 -0.918989	 -0.000778882	 1.49441	 -0.000406899
109.58	 -0.0426149	 -1.24736e-06	 -0.915216	 -0.000786062	 1.51234	 -0.000383933
109.6	 -0.0426787	 6.86235e-07	 -0.911383	 -0.000793289	 1.53024	 -0.000360755
109.62	 -0.042743	 2.62967e-06	 -0.90749	 -0.000800552	 1.54809	 -0.000337391
109.64	 -0.0428079	 4.58043e-06	 -0.90354	 -0.000807835	 1.56588	 -0.00031387
109.66	 -0.0428736	 6.53599e-06	 -0.899533	 -0.000815124	 1.58362	 -0.000290219
109.68	 -0.0429402	 8.49384e-06	 -0.895471	 -0.000822407	 1.6013	 -0.000266466
109.7	 -0.0430078	 1.04514e-05	 -0.891354	 -0.000829668	 1.6189	 -0.00024264
109.72	 -0.0430765	 1.24063e-05	 -0.887185	 -0.000836895	 1.63644	 -0.000218767
109.74	 -0.0431465	 1.43558e-05	 -0.882964	 -0.000844072	 1.65389	 -0.000194877
109.76	 -0.0432179	 1.62975e-05	 -0.878693	 -0.000851186	 1.67126	 -0.000170997
109.78	 -0.0432908	 1.82289e-05	 -0.874373	 -0.000858224	 1.68853	 -0.000147155
109.8	 -0.0433652	 2.01475e-05	 -0.870005	 -0.00086517	 1.70571	 -0.000123379
109.82	 -0.0434413	 2.20508e-05	 -0.865592	 -0.000872012	 1.72279	 -9.96975e-05
109.84	 -0.0435192	 2.39364e-05	 -0.861134	 -0.000878735	 1.73975	 -7.61372e-05
109.86	 -0.043599	 2.58018e-05	 -0.856633	 -0.000885326	 1.7566	 -5.2726e-05
109.88	 -0.0436807	 2.76447e-05	 -0.85209	 -0.000891772	 1.77333	 -2.9491e-05
109.9	 -0.0437644	 2.94627e-05	 -0.847507	 -0.000898059	 1.78992	 -6.45926e-06
109.92	 -0.0438502	 3.12535e-05	 -0.842886	 -0.000904175	 1.80638	 1.63425e-05
109.94	 -0.0439381	 3.30148e-05	 -0.838228	 -0.000910105	 1.8227	 3.88878e-05
109.96	 -0.0440282	 3.47443e-05	 -0.833535	 -0.000915838	 1.83887	 6.11506e-05
109.98	 -0.0441205	 3.64399e-05	 -0.828809	 -0.000921361	 1.85488	 8.31053e-05
110	 -0.0442151	 3.80993e-05	 -0.82405	 -0.000926661	 1.87072	 0.000104726
110.02	 -0.044312	 3.97204e-05	 -0.819262	 -0.000931726	 1.8864	 0.000125989
110.04	 -0.0444112	 4.13013e-05	 -0.814444	 -0.000936546	 1.90189	 0.000146869
110.06	 -0.0445128	 4.28398e-05	 -0.8096	 -0.000941107	 1.9172	 0.000167343
110.08	 -0.0446167	 4.43341e-05	 -0.804732	 -0.0009454	 1.93232	 0.000187386
110.1	 -0.044723	 4.57822e-05	 -0.799839	 -0.000949412	 1.94724	 0.000206977
110.12	 -0.0448315	 4.71824e-05	 -0.794926	 -0.000953134	 1.96194	 0.000226092
110.14	 -0.0449425	 4.85327e-05	 -0.789992	 -0.000956556	 1.97643	 0.000244711
110.16	 -0.0450557	 4.98317e-05	 -0.785041	 -0.000959667	 1.9907	 0.000262812
110.18	 -0.0451712	 5.10775e-05	 -0.780074	 -0.000962459	 2.00473	 0.000280375
110.2	 -0.045289	 5.22686e-05	 -0.775093	 -0.000964921	 2.01853	 0.00029738
110.22	 -0.0454089	 5.34036e-05	 -0.7701	 -0.000967047	 2.03208	 0.000313808
110.24	 -0.045531	 5.4481e-05	 -0.765096	 -0.000968826	 2.04537	 0.000329641
110.26	 -0.0456552	 5.54995e-05	 -0.760084	 -0.000970253	 2.0584	 0.000344862
110.28	 -0.0457814	 5.64577e-05	 -0.755066	 -0.000971318	 2.07116	 0.000359453
110.3	 -0.0459095	 5.73545e-05	 -0.750042	 -0.000972016	 2.08364	 0.000373399
110.32	 -0.0460395	 5.81888e-05	 -0.745016	 -0.000972341	 2.09584	 0.000386685
110.34	 -0.0461712	 5.89595e-05	 -0.73999	 -0.000972286	 2.10774	 0.000399295
110.36	 -0.0463047	 5.96656e-05	 -0.734964	 -0.000971845	 2.11933	 0.000411218
110.38	 -0.0464396	 6.03062e-05	 -0.729942	 -0.000971015	 2.13062	 0.00042244
110.4	 -0.0465761	 6.08807e-05	 -0.724924	 -0.000969791	 2.14159	 0.000432949
110.42	 -0.0467138	 6.13881e-05	 -0.719914	 -0.000968169	 2.15224	 0.000442735
110.44	 -0.0468528	 6.1828e-05	 -0.714913	 -0.000966145	 2.16255	 0.000451787
110.46	 -0.0469928	 6.21997e-05	 -0.709922	 -0.000963718	 2.17252	 0.000460097
110.48	 -0.0471338	 6.25027e-05	 -0.704945	 -0.000960884	 2.18214	 0.000467656
110.5	 -0.0472755	 6.27367e-05	 -0.699982	 -0.000957643	 2.19141	 0.000474457
110.52	 -0.0474178	 6.29014e-05	 -0.695036	 -0.000953993	 2.20031	 0.000480494
110.54	 -0.0475606	 6.29965e-05	 -0.690109	 -0.000949933	 2.20884	 0.000485762
110.56	 -0.0477037	 6.30219e-05	 -0.685202	 -0.000945465	 2.21699	 0.000490256
110.58	 -0.0478469	 6.29776e-05	 -0.680319	 -0.000940588	 2.22476	 0.000493972
110.6	 -0.04799	 6.28635e-05	 -0.675459	 -0.000935304	 2.23214	 0.000496909
110.62	 -0.0481329	 6.26798e-05	 -0.670626	 -0.000929614	 2.23912	 0.000499065
110.64	 -0.0482753	 6.24267e-05	 -0.665822	 -0.000923521	 2.24569	 0.00050044
110.66	 -0.048417	 6.21044e-05	 -0.661048	 -0.000917029	 2.25185	 0.000501033
110.68	 -0.048558	 6.17133e-05	 -0.656305	 -0.000910139	 2.25759	 0.000500846
110.7	 -0.0486978	 6.12538e-05	 -0.651597	 -0.000902858	 2.2629	 0.000499882
110.72	 -0.0488364	 6.07264e-05	 -0.646925	 -0.000895189	 2.26779	 0.000498144
110.74	 -0.0489735	 6.01318e-05	 -0.64229	 -0.000887138	 2.27223	 0.000495636
110.76	 -0.0491089	 5.94706e-05	 -0.637695	 -0.000878711	 2.27623	 0.000492364
110.78	 -0.0492423	 5.87434e-05	 -0.633141	 -0.000869914	 2.27978	 0.000488333
110.8	 -0.0493736	 5.79513e-05	 -0.62863	 -0.000860753	 2.28288	 0.000483552
110.82	 -0.0495024	 5.70949e-05	 -0.624164	 -0.000851238	 2.28552	 0.000478027
110.84	 -0.0496286	 5.61754e-05	 -0.619744	 -0.000841376	 2.28769	 0.000471769
110.86	 -0.049752	 5.51936e-05	 -0.615373	 -0.000831175	 2.28939	 0.000464786
110.88	 -0.0498722	 5.41509e-05	 -0.611051	 -0.000820644	 2.29062	 0.00045709
110.9	 -0.0499891	 5.30482e-05	 -0.606782	 -0.000809794	 2.29137	 0.000448693
110.92	 -0.0501023	 5.18868e-05	 -0.602565	 -0.000798635	 2.29163	 0.000439607
110.94	 -0.0502117	 5.06681e-05	 -0.598403	 -0.000787178	 2.29141	 0.000429845
110.96	 -0.0503169	 4.93934e-05	 -0.594297	 -0.000775433	 2.29069	 0.000419423
110.98	 -0.0504178	 4.80642e-05	 -0.59025	 -0.000763412	 2.28948	 0.000408354
111	 -0.0505141	 4.66818e-05	 -0.586262	 -0.000751128	 2.28777	 0.000396655
111.02	 -0.0506055	 4.52479e-05	 -0.582334	 -0.000738593	 2.28557	 0.000384342
111.04	 -0.0506918	 4.37641e-05	 -0.578469	 -0.000725821	 2.28285	 0.000371434
111.06	 -0.0507728	 4.22319e-05	 -0.574668	 -0.000712825	 2.27963	 0.000357948
111.08	 -0.0508481	 4.06532e-05	 -0.570932	 -0.000699618	 2.27591	 0.000343903
111.1	 -0.0509175	 3.90296e-05	 -0.567263	 -0.000686216	 2.27167	 0.000329319
111.12	 -0.0509809	 3.73629e-05	 -0.563661	 -0.000672632	 2.26692	 0.000314215
111.14	 -0.0510378	 3.56551e-05	 -0.560128	 -0.000658883	 2.26166	 0.000298615
111.16	 -0.0510882	 3.39079e-05	 -0.556666	 -0.000644983	 2.25588	 0.000282538
111.18	 -0.0511317	 3.21233e-05	 -0.553275	 -0.000630947	 2.24959	 0.000266006
111.2	 -0.0511681	 3.03033e-05	 -0.549957	 -0.000616793	 2.24278	 0.000249044
111.22	 -0.0511972	 2.84498e-05	 -0.546712	 -0.000602537	 2.23546	 0.000231674
111.24	 -0.0512188	 2.6565e-05	 -0.543543	 -0.000588194	 2.22762	 0.00021392
111.26	 -0.0512326	 2.46508e-05	 -0.540449	 -0.000573783	 2.21927	 0.000195806
111.28	 -0.0512384	 2.27094e-05	 -0.537433	 -0.000559319	 2.21041	 0.000177357
111.3	 -0.0512359	 2.07428e-05	 -0.534494	 -0.00054482	 2.20103	 0.000158599
111.32	 -0.0512251	 1.87533e-05	 -0.531634	 -0.000530305	 2.19114	 0.000139557
111.34	 -0.0512056	 1.6743e-05	 -0.528854	 -0.000515789	 2.18075	 0.000120256
111.36	 -0.0511772	 1.4714e-05	 -0.526154	 -0.000501291	 2.16984	 0.000100725
111.38	 -0.0511398	 1.26687e-05	 -0.523536	 -0.000486829	 2.15843	 8.09878e-05
111.4	 -0.0510932	 1.06091e-05	 -0.521	 -0.000472421	 2.14652	 6.10731e-05
111.42	 -0.0510373	 8.53757e-06	 -0.518546	 -0.000458084	 2.13411	 4.10075e-05
111.44	 -0.0509717	 6.45631e-06	 -0.516177	 -0.000443838	 2.12121	 2.08185e-05
111.46	 -0.0508964	 4.36757e-06	 -0.513891	 -0.000429699	 2.10781	 5.33566e-07
111.48	 -0.0508112	 2.2736e-06	 -0.51169	 -0.000415685	 2.09393	 -1.98196e-05
111.5	 -0.050716	 1.76658e-07	 -0.509574	 -0.000401816	 2.07957	 -4.02133e-05
111.52	 -0.0506106	 -1.92101e-06	 -0.507545	 -0.000388109	 2.06472	 -6.06195e-05
111.54	 -0.0504949	 -4.01717e-06	 -0.505601	 -0.000374581	 2.04941	 -8.10105e-05
111.56	 -0.0503687	 -6.10955e-06	 -0.503745	 -0.000361251	 2.03363	 -0.000101358
111.58	 -0.0502321	 -8.19594e-06	 -0.501975	 -0.000348137	 2.01738	 -0.000121635
111.6	 -0.0500848	 -1.02741e-05	 -0.500293	 -0.000335255	 2.00068	 -0.000141813
111.62	 -0.0499268	 -1.23418e-05	 -0.498698	 -0.000322623	 1.98353	 -0.000161865
111.64	 -0.049758	 -1.43969e-05	 -0.497192	 -0.000310259	 1.96594	 -0.000181763
111.66	 -0.0495783	 -1.64372e-05	 -0.495774	 -0.000298179	 1.94792	 -0.000201479
111.68	 -0.0493878	 -1.84605e-05	 -0.494445	 -0.000286401	 1.92946	 -0.000220988
111.7	 -0.0491863	 -2.04647e-05	 -0.493204	 -0.000274939	 1.91059	 -0.000240261
111.72	 -0.0489739	 -2.24476e-05	 -0.492051	 -0.000263812	 1.8913	 -0.000259272
111.74	 -0.0487505	 -2.44073e-05	 -0.490988	 -0.000253034	 1.87161	 -0.000277996
111.76	 -0.0485161	 -2.63415e-05	 -0.490013	 -0.000242621	 1.85153	 -0.000296405
111.78	 -0.0482707	 -2.82484e-05	 -0.489127	 -0.000232588	 1.83105	 -0.000314476
111.8	 -0.0480143	 -3.01258e-05	 -0.48833	 -0.00022295	 1.8102	 -0.000332182
111.82	 -0.0477471	 -3.19719e-05	 -0.487622	 -0.000213722	 1.78899	 -0.000349499
111.84	 -0.047469	 -3.37846e-05	 -0.487002	 -0.000204917	 1.76741	 -0.000366402
111.86	 -0.0471801	 -3.55622e-05	 -0.486471	 -0.000196548	 1.74549	 -0.00038287
111.88	 -0.0468804	 -3.73027e-05	 -0.486028	 -0.000188629	 1.72322	 -0.000398878
111.9	 -0.0465701	 -3.90044e-05	 -0.485673	 -0.000181172	 1.70063	 -0.000414403
111.92	 -0.0462493	 -4.06654e-05	 -0.485406	 -0.00017419	 1.67772	 -0.000429425
111.94	 -0.045918	 -4.22842e-05	 -0.485226	 -0.000167693	 1.65451	 -0.000443922
111.96	 -0.0455765	 -4.3859e-05	 -0.485134	 -0.000161692	 1.631	 -0.000457874
111.98	 -0.0452248	 -4.53882e-05	 -0.485129	 -0.000156199	 1.60721	 -0.000471261
112	 -0.0448631	 -4.68702e-05	 -0.48521	 -0.000151223	 1.58314	 -0.000484063
112.02	 -0.0444915	 -4.83036e-05	 -0.485378	 -0.000146773	 1.55881	 -0.000496264
112.04	 -0.0441103	 -4.96869e-05	 -0.485631	 -0.000142858	 1.53424	 -0.000507844
112.06	 -0.0437196	 -5.10187e-05	 -0.48597	 -0.000139486	 1.50943	 -0.000518789
112.08	 -0.0433196	 -5.22978e-05	 -0.486394	 -0.000136665	 1.48439	 -0.000529081
112.1	 -0.0429106	 -5.35228e-05	 -0.486902	 -0.000134401	 1.45914	 -0.000538706
112.12	 -0.0424928	 -5.46925e-05	 -0.487494	 -0.0001327	 1.43369	 -0.00054765
112.14	 -0.0420664	 -5.58059e-05	 -0.488169	 -0.000131568	 1.40805	 -0.000555901
112.16	 -0.0416317	 -5.68619e-05	 -0.488928	 -0.000131011	 1.38224	 -0.000563444
112.18	 -0.041189	 -5.78594e-05	 -0.489768	 -0.000131032	 1.35627	 -0.000570271
112.2	 -0.0407384	 -5.87975e-05	 -0.49069	 -0.000131634	 1.33015	 -0.000576369
112.22	 -0.0402805	 -5.96754e-05	 -0.491694	 -0.000132821	 1.3039	 -0.000581731
112.24	 -0.0398153	 -6.04923e-05	 -0.492777	 -0.000134595	 1.27752	 -0.000586347
112.26	 -0.0393433	 -6.12475e-05	 -0.493941	 -0.000136957	 1.25103	 -0.00059021
112.28	 -0.0388647	 -6.19404e-05	 -0.495183	 -0.000139908	 1.22445	 -0.000593315
112.3	 -0.0383799	 -6.25703e-05	 -0.496504	 -0.000143448	 1.19779	 -0.000595655
112.32	 -0.0378893	 -6.31368e-05	 -0.497903	 -0.000147576	 1.17106	 -0.000597227
112.34	 -0.0373932	 -6.36395e-05	 -0.499378	 -0.000152292	 1.14427	 -0.000598028
112.36	 -0.0368919	 -6.40781e-05	 -0.50093	 -0.000157592	 1.11745	 -0.000598056
112.38	 -0.0363859	 -6.44522e-05	 -0.502558	 -0.000163475	 1.09059	 -0.000597309
112.4	 -0.0358755	 -6.47618e-05	 -0.50426	 -0.000169936	 1.06372	 -0.000595788
112.42	 -0.0353611	 -6.50066e-05	 -0.506036	 -0.000176972	 1.03685	 -0.000593493
112.44	 -0.0348431	 -6.51868e-05	 -0.507885	 -0.000184578	 1.00999	 -0.000590428
112.46	 -0.0343219	 -6.53023e-05	 -0.509807	 -0.000192749	 0.983163	 -0.000586596
112.48	 -0.0337979	 -6.53533e-05	 -0.5118	 -0.000201477	 0.956371	 -0.000582
112.5	 -0.0332715	 -6.534e-05	 -0.513864	 -0.000210757	 0.929631	 -0.000576646
112.52	 -0.0327432	 -6.52627e-05	 -0.515998	 -0.000220581	 0.902959	 -0.000570542
112.54	 -0.0322134	 -6.51218e-05	 -0.518201	 -0.00023094	 0.876365	 -0.000563694
112.56	 -0.0316825	 -6.49177e-05	 -0.520472	 -0.000241826	 0.849864	 -0.000556111
112.58	 -0.031151	 -6.4651e-05	 -0.522811	 -0.000253229	 0.823469	 -0.000547802
112.6	 -0.0306192	 -6.43222e-05	 -0.525216	 -0.00026514	 0.797192	 -0.000538779
112.62	 -0.0300877	 -6.39322e-05	 -0.527687	 -0.000277547	 0.771046	 -0.000529053
112.64	 -0.0295569	 -6.34815e-05	 -0.530222	 -0.000290439	 0.745045	 -0.000518637
112.66	 -0.0290272	 -6.29712e-05	 -0.532822	 -0.000303804	 0.7192	 -0.000507545
112.68	 -0.0284991	 -6.24021e-05	 -0.535484	 -0.000317631	 0.693524	 -0.000495791
112.7	 -0.027973	 -6.17751e-05	 -0.538208	 -0.000331905	 0.66803	 -0.000483391
112.72	 -0.0274495	 -6.10914e-05	 -0.540994	 -0.000346613	 0.642729	 -0.000470362
112.74	 -0.0269288	 -6.03521e-05	 -0.54384	 -0.000361742	 0.617634	 -0.00045672
112.76	 -0.0264116	 -5.95583e-05	 -0.546745	 -0.000377276	 0.592755	 -0.000442486
112.78	 -0.0258982	 -5.87115e-05	 -0.549708	 -0.000393201	 0.568106	 -0.000427676
112.8	 -0.0253891	 -5.78128e-05	 -0.552729	 -0.000409501	 0.543696	 -0.000412313
112.82	 -0.0248848	 -5.68637e-05	 -0.555806	 -0.000426159	 0.519538	 -0.000396416
112.84	 -0.0243856	 -5.58657e-05	 -0.558939	 -0.000443161	 0.495642	 -0.000380008
112.86	 -0.023892	 -5.48203e-05	 -0.562127	 -0.000460488	 0.472019	 -0.000363111
112.88	 -0.0234045	 -5.37291e-05	 -0.565368	 -0.000478123	 0.448679	 -0.000345748
112.9	 -0.0229235	 -5.25937e-05	 -0.568661	 -0.000496049	 0.425633	 -0.000327943
112.92	 -0.0224494	 -5.14159e-05	 -0.572007	 -0.000514248	 0.40289	 -0.000309721
112.94	 -0.0219826	 -5.01973e-05	 -0.575403	 -0.000532702	 0.380461	 -0.000291106
112.96	 -0.0215236	 -4.89399e-05	 -0.578849	 -0.000551392	 0.358355	 -0.000272126
112.98	 -0.0210727	 -4.76454e-05	 -0.582343	 -0.000570299	 0.336582	 -0.000252805
113	 -0.0206304	 -4.63157e-05	 -0.585885	 -0.000589404	 0.315149	 -0.000233171
113.02	 -0.020197	 -4.49529e-05	 -0.589474	 -0.000608688	 0.294066	 -0.000213252
113.04	 -0.0197729	 -4.35588e-05	 -0.593108	 -0.000628132	 0.273342	 -0.000193075
113.06	 -0.0193585	 -4.21355e-05	 -0.596788	 -0.000647715	 0.252984	 -0.000172669
113.08	 -0.0189541	 -4.06851e-05	 -0.60051	 -0.000667418	 0.233	 -0.000152062
113.1	 -0.0185602	 -3.92096e-05	 -0.604276	 -0.000687221	 0.213398	 -0.000131283
113.12	 -0.018177	 -3.77113e-05	 -0.608083	 -0.000707104	 0.194185	 -0.000110361
113.14	 -0.0178049	 -3.61921e-05	 -0.61193	 -0.000727047	 0.175369	 -8.93267e-05
113.16	 -0.0174441	 -3.46543e-05	 -0.615817	 -0.000747029	 0.156955	 -6.8209e-05
113.18	 -0.0170951	 -3.31e-05	 -0.619743	 -0.00076703	 0.13895	 -4.70381e-05
113.2	 -0.0167581	 -3.15316e-05	 -0.623706	 -0.00078703	 0.12136	 -2.58439e-05
113.22	 -0.0164333	 -2.99511e-05	 -0.627705	 -0.000807009	 0.104191	 -4.6567e-06
113.24	 -0.0161211	 -2.83608e-05	 -0.631739	 -0.000826947	 0.0874488	 1.64933e-05
113.26	 -0.0158218	 -2.6763e-05	 -0.635807	 -0.000846823	 0.0711376	 3.7576e-05
113.28	 -0.0155354	 -2.51599e-05	 -0.639909	 -0.000866618	 0.0552625	 5.85611e-05
113.3	 -0.0152624	 -2.35538e-05	 -0.644042	 -0.000886312	 0.0398281	 7.94185e-05
113.32	 -0.0150028	 -2.19468e-05	 -0.648206	 -0.000905884	 0.0248385	 0.000100118
113.34	 -0.0147569	 -2.03412e-05	 -0.6524	 -0.000925316	 0.0102975	 0.000120631
113.36	 -0.0145249	 -1.87393e-05	 -0.656623	 -0.000944588	 -0.00379143	 0.000140926
113.38	 -0.0143069	 -1.71432e-05	 -0.660873	 -0.000963681	 -0.017425	 0.000160975
113.4	 -0.0141032	 -1.55552e-05	 -0.665149	 -0.000982577	 -0.0306004	 0.000180748
113.42	 -0.0139138	 -1.39773e-05	 -0.66945	 -0.00100126	 -0.043315	 0.000200218
113.44	 -0.0137388	 -1.24119e-05	 -0.673776	 -0.0010197	 -0.0555667	 0.000219354
113.46	 -0.0135784	 -1.0861e-05	 -0.678124	 -0.00103789	 -0.0673534	 0.000238131
113.48	 -0.0134326	 -9.32675e-06	 -0.682494	 -0.00105581	 -0.0786735	 0.000256519
113.5	 -0.0133016	 -7.81118e-06	 -0.686885	 -0.00107344	 -0.0895258	 0.000274492
113.52	 -0.0131853	 -6.31635e-06	 -0.691295	 -0.00109077	 -0.0999091	 0.000292024
113.54	 -0.0130839	 -4.84428e-06	 -0.695723	 -0.00110778	 -0.109823	 0.000309088
113.56	 -0.0129973	 -3.39692e-06	 -0.700168	 -0.00112445	 -0.119267	 0.00032566
113.58	 -0.0129256	 -1.9762e-06	 -0.704628	 -0.00114077	 -0.12824	 0.000341714
113.6	 -0.0128687	 -5.83997e-07	 -0.709104	 -0.00115671	 -0.136744	 0.000357228
113.62	 -0.0128267	 7.77858e-07	 -0.713592	 -0.00117228	 -0.144778	 0.000372176
113.64	 -0.0127994	 2.10759e-06	 -0.718093	 -0.00118745	 -0.152344	 0.000386537
113.66	 -0.0127869	 3.40346e-06	 -0.722604	 -0.0012022	 -0.159441	 0.00040029
113.68	 -0.012789	 4.66382e-06	 -0.727125	 -0.00121654	 -0.166073	 0.000413412
113.7	 -0.0128057	 5.88704e-06	 -0.731654	 -0.00123043	 -0.172239	 0.000425885
113.72	 -0.0128368	 7.07157e-06	 -0.736191	 -0.00124388	 -0.177943	 0.000437688
113.74	 -0.0128823	 8.21593e-06	 -0.740733	 -0.00125686	 -0.183185	 0.000448804
113.76	 -0.012942	 9.31869e-06	 -0.74528	 -0.00126937	 -0.187969	 0.000459214
113.78	 -0.0130157	 1.03785e-05	 -0.74983	 -0.0012814	 -0.192297	 0.000468903
113.8	 -0.0131034	 1.13941e-05	 -0.754382	 -0.00129294	 -0.196172	 0.000477854
113.82	 -0.0132047	 1.23641e-05	 -0.758935	 -0.00130398	 -0.199596	 0.000486054
113.84	 -0.0133196	 1.32876e-05	 -0.763487	 -0.0013145	 -0.202574	 0.000493488
113.86	 -0.0134477	 1.41634e-05	 -0.768037	 -0.00132451	 -0.205109	 0.000500144
113.88	 -0.013589	 1.49906e-05	 -0.772584	 -0.00133399	 -0.207203	 0.000506011
113.9	 -0.0137431	 1.57681e-05	 -0.777127	 -0.00134294	 -0.208862	 0.000511078
113.92	 -0.0139097	 1.64952e-05	 -0.781664	 -0.00135135	 -0.210089	 0.000515335
113.94	 -0.0140888	 1.7171e-05	 -0.786194	 -0.00135922	 -0.210889	 0.000518774
113.96	 -0.0142798	 1.7795e-05	 -0.790715	 -0.00136654	 -0.211266	 0.000521389
113.98	 -0.0144827	 1.83665e-05	 -0.795226	 -0.0013733	 -0.211225	 0.000523172
114	 -0.014697	 1.8885e-05	 -0.799727	 -0.00137951	 -0.21077	 0.000524119
114.02	 -0.0149225	 1.935e-05	 -0.804215	 -0.00138516	 -0.209907	 0.000524226
114.04	 -0.0151589	 1.97612e-05	 -0.808689	 -0.00139025	 -0.208641	 0.00052349
114.06	 -0.0154057	 2.01183e-05	 -0.813149	 -0.00139477	 -0.206976	 0.00052191
114.08	 -0.0156628	 2.04211e-05	 -0.817592	 -0.00139873	 -0.204919	 0.000519484
114.1	 -0.0159296	 2.06695e-05	 -0.822017	 -0.00140212	 -0.202475	 0.000516214
114.12	 -0.016206	 2.08634e-05	 -0.826423	 -0.00140495	 -0.199649	 0.000512101
114.14	 -0.0164914	 2.1003e-05	 -0.830809	 -0.00140722	 -0.196447	 0.000507147
114.16	 -0.0167856	 2.10884e-05	 -0.835173	 -0.00140892	 -0.192876	 0.000501358
114.18	 -0.0170882	 2.11197e-05	 -0.839514	 -0.00141007	 -0.188941	 0.000494738
114.2	 -0.0173987	 2.10973e-05	 -0.843831	 -0.00141066	 -0.184647	 0.000487292
114.22	 -0.0177167	 2.10216e-05	 -0.848122	 -0.00141069	 -0.180002	 0.000479029
114.24	 -0.018042	 2.08929e-05	 -0.852386	 -0.00141018	 -0.175011	 0.000469956
114.26	 -0.018374	 2.0712e-05	 -0.856622	 -0.00140913	 -0.169681	 0.000460084
114.28	 -0.0187124	 2.04792e-05	 -0.860829	 -0.00140753	 -0.164018	 0.000449421
114.3	 -0.0190568	 2.01955e-05	 -0.865004	 -0.0014054	 -0.158028	 0.000437981
114.32	 -0.0194067	 1.98614e-05	 -0.869147	 -0.00140275	 -0.151718	 0.000425775
114.34	 -0.0197617	 1.9478e-05	 -0.873257	 -0.00139958	 -0.145093	 0.000412816
114.36	 -0.0201214	 1.90459e-05	 -0.877332	 -0.00139589	 -0.138161	 0.00039912
114.38	 -0.0204855	 1.85664e-05	 -0.88137	 -0.00139171	 -0.130928	 0.000384702
114.4	 -0.0208533	 1.80403e-05	 -0.885372	 -0.00138702	 -0.1234	 0.000369579
114.42	 -0.0212246	 1.74689e-05	 -0.889335	 -0.00138186	 -0.115584	 0.000353766
114.44	 -0.021599	 1.68533e-05	 -0.893258	 -0.00137622	 -0.107486	 0.000337284
114.46	 -0.0219759	 1.61947e-05	 -0.89714	 -0.00137011	 -0.0991131	 0.000320151
114.48	 -0.022355	 1.54945e-05	 -0.900979	 -0.00136355	 -0.0904709	 0.000302386
114.5	 -0.0227358	 1.4754e-05	 -0.904775	 -0.00135654	 -0.081566	 0.000284011
114.52	 -0.023118	 1.39747e-05	 -0.908526	 -0.0013491	 -0.0724048	 0.000265048
114.54	 -0.0235012	 1.3158e-05	 -0.912231	 -0.00134125	 -0.0629936	 0.000245518
114.56	 -0.0238848	 1.23054e-05	 -0.915889	 -0.00133298	 -0.0533386	 0.000225444
114.58	 -0.0242686	 1.14186e-05	 -0.919498	 -0.00132433	 -0.0434461	 0.000204852
114.6	 -0.024652	 1.04991e-05	 -0.923057	 -0.00131529	 -0.0333222	 0.000183764
114.62	 -0.0250348	 9.54861e-06	 -0.926566	 -0.00130588	 -0.0229729	 0.000162206
114.64	 -0.0254165	 8.56886e-06	 -0.930023	 -0.00129612	 -0.0124043	 0.000140205
114.66	 -0.0257968	 7.56159e-06	 -0.933427	 -0.00128602	 -0.00162221	 0.000117785
114.68	 -0.0261752	 6.52857e-06	 -0.936777	 -0.00127559	 0.00936745	 9.49741e-05
114.7	 -0.0265514	 5.47162e-06	 -0.940071	 -0.00126486	 0.020559	 7.17995e-05
114.72	 -0.026925	 4.39259e-06	 -0.943309	 -0.00125383	 0.0319466	 4.8289e-05
114.74	 -0.0272958	 3.29336e-06	 -0.94649	 -0.00124252	 0.0435249	 2.44709e-05
114.76	 -0.0276632	 2.17581e-06	 -0.949612	 -0.00123095	 0.0552882	 3.73622e-07
114.78	 -0.028027	 1.04187e-06	 -0.952674	 -0.00121913	 0.0672313	 -2.39737e-05
114.8	 -0.0283869	 -1.06512e-07	 -0.955676	 -0.00120708	 0.0793488	 -4.85417e-05
114.82	 -0.0287425	 -1.26739e-06	 -0.958616	 -0.00119481	 0.0916357	 -7.33009e-05
114.84	 -0.0290935	 -2.43881e-06	 -0.961494	 -0.00118234	 0.104087	 -9.82213e-05
114.86	 -0.0294397	 -3.61877e-06	 -0.964308	 -0.00116969	 0.116697	 -0.000123273
114.88	 -0.0297807	 -4.80531e-06	 -0.967057	 -0.00115687	 0.129462	 -0.000148426
114.9	 -0.0301163	 -5.99643e-06	 -0.969741	 -0.0011439	 0.142377	 -0.000173649
114.92	 -0.0304461	 -7.19015e-06	 -0.972358	 -0.0011308	 0.155437	 -0.000198912
114.94	 -0.03077	 -8.38447e-06	 -0.974909	 -0.00111759	 0.168637	 -0.000224186
114.96	 -0.0310877	 -9.57743e-06	 -0.97739	 -0.00110427	 0.181974	 -0.000249438
114.98	 -0.0313989	 -1.0767e-05	 -0.979803	 -0.00109087	 0.195443	 -0.000274639
115	 -0.0317034	 -1.19514e-05	 -0.982146	 -0.00107741	 0.209041	 -0.000299758
115.02	 -0.0320011	 -1.31284e-05	 -0.984418	 -0.00106389	 0.222762	 -0.000324764
115.04	 -0.0322917	 -1.42964e-05	 -0.986618	 -0.00105035	 0.236604	 -0.000349629
115.06	 -0.0325751	 -1.54532e-05	 -0.988746	 -0.00103678	 0.250562	 -0.000374321
115.08	 -0.032851	 -1.6597e-05	 -0.990801	 -0.00102322	 0.264634	 -0.00039881
115.1	 -0.0331194	 -1.77261e-05	 -0.992782	 -0.00100968	 0.278815	 -0.000423067
115.12	 -0.03338	 -1.88384e-05	 -0.994689	 -0.000996172	 0.293102	 -0.000447064
115.14	 -0.0336328	 -1.99323e-05	 -0.99652	 -0.000982714	 0.307493	 -0.00047077
115.16	 -0.0338776	 -2.1006e-05	 -0.998276	 -0.000969321	 0.321983	 -0.000494157
115.18	 -0.0341143	 -2.20576e-05	 -0.999954	 -0.000956011	 0.336571	 -0.000517197
115.2	 -0.0343428	 -2.30856e-05	 -1.00156	 -0.000942799	 0.351253	 -0.000539862
115.22	 -0.0345631	 -2.40882e-05	 -1.00308	 -0.0009297	 0.366026	 -0.000562124
115.24	 -0.0347751	 -2.50639e-05	 -1.00452	 -0.00091673	 0.380888	 -0.000583957
115.26	 -0.0349787	 -2.6011e-05	 -1.00589	 -0.000903903	 0.395837	 -0.000605335
115.28	 -0.0351739	 -2.6928e-05	 -1.00718	 -0.000891235	 0.41087	 -0.000626232
115.3	 -0.0353607	 -2.78135e-05	 -1.00838	 -0.000878739	 0.425985	 -0.000646622
115.32	 -0.0355391	 -2.8666e-05	 -1.00951	 -0.000866431	 0.44118	 -0.00066648
115.34	 -0.035709	 -2.94841e-05	 -1.01056	 -0.000854323	 0.456452	 -0.000685784
115.36	 -0.0358705	 -3.02664e-05	 -1.01152	 -0.00084243	 0.4718	 -0.000704509
115.38	 -0.0360236	 -3.10118e-05	 -1.0124	 -0.000830765	 0.487223	 -0.000722634
115.4	 -0.0361684	 -3.1719e-05	 -1.0132	 -0.000819339	 0.502717	 -0.000740136
115.42	 -0.0363049	 -3.23869e-05	 -1.01392	 -0.000808166	 0.518283	 -0.000756994
115.44	 -0.0364331	 -3.30142e-05	 -1.01456	 -0.000797258	 0.533917	 -0.000773188
115.46	 -0.0365532	 -3.36001e-05	 -1.01511	 -0.000786626	 0.549619	 -0.000788698
115.48	 -0.0366653	 -3.41435e-05	 -1.01557	 -0.000776282	 0.565388	 -0.000803506
115.5	 -0.0367694	 -3.46435e-05	 -1.01596	 -0.000766235	 0.581222	 -0.000817595
115.52	 -0.0368657	 -3.50992e-05	 -1.01626	 -0.000756497	 0.597119	 -0.000830946
115.54	 -0.0369542	 -3.55099e-05	 -1.01647	 -0.000747078	 0.61308	 -0.000843545
115.56	 -0.0370353	 -3.58747e-05	 -1.01661	 -0.000737986	 0.629102	 -0.000855376
115.58	 -0.0371089	 -3.61932e-05	 -1.01665	 -0.00072923	 0.645184	 -0.000866424
115.6	 -0.0371752	 -3.64646e-05	 -1.01662	 -0.000720819	 0.661326	 -0.000876677
115.62	 -0.0372345	 -3.66885e-05	 -1.01649	 -0.000712761	 0.677528	 -0.000886123
115.64	 -0.0372868	 -3.68644e-05	 -1.01629	 -0.000705063	 0.693787	 -0.00089475
115.66	 -0.0373325	 -3.69918e-05	 -1.01599	 -0.000697732	 0.710103	 -0.000902547
115.68	 -0.0373716	 -3.70706e-05	 -1.01562	 -0.000690774	 0.726475	 -0.000909506
115.7	 -0.0374045	 -3.71003e-05	 -1.01515	 -0.000684194	 0.742903	 -0.000915619
115.72	 -0.0374312	 -3.70809e-05	 -1.01461	 -0.000677999	 0.759386	 -0.000920877
115.74	 -0.0374522	 -3.70121e-05	 -1.01398	 -0.000672193	 0.775923	 -0.000925275
115.76	 -0.0374675	 -3.68941e-05	 -1.01326	 -0.000666779	 0.792514	 -0.000928808
115.78	 -0.0374774	 -3.67267e-05	 -1.01246	 -0.000661762	 0.809157	 -0.000931472
115.8	 -0.0374822	 -3.651e-05	 -1.01157	 -0.000657144	 0.825853	 -0.000933262
115.82	 -0.0374822	 -3.62443e-05	 -1.0106	 -0.000652928	 0.8426	 -0.000934178
115.84	 -0.0374775	 -3.59296e-05	 -1.00954	 -0.000649116	 0.859397	 -0.000934219
115.86	 -0.0374685	 -3.55664e-05	 -1.00841	 -0.000645708	 0.876245	 -0.000933384
115.88	 -0.0374555	 -3.51549e-05	 -1.00718	 -0.000642707	 0.893142	 -0.000931674
115.9	 -0.0374387	 -3.46956e-05	 -1.00588	 -0.00064011	 0.910088	 -0.000929092
115.92	 -0.0374185	 -3.41889e-05	 -1.00449	 -0.000637919	 0.927081	 -0.000925642
115.94	 -0.037395	 -3.36353e-05	 -1.00301	 -0.000636133	 0.944122	 -0.000921326
115.96	 -0.0373686	 -3.30355e-05	 -1.00146	 -0.000634748	 0.961208	 -0.000916151
115.98	 -0.0373396	 -3.23901e-05	 -0.999821	 -0.000633764	 0.97834	 -0.000910122
116	 -0.0373083	 -3.16998e-05	 -0.998101	 -0.000633178	 0.995516	 -0.000903248
116.02	 -0.0372751	 -3.09654e-05	 -0.9963	 -0.000632986	 1.01274	 -0.000895536
116.04	 -0.0372401	 -3.01878e-05	 -0.994418	 -0.000633185	 1.03	 -0.000886997
116.06	 -0.0372037	 -2.93677e-05	 -0.992455	 -0.000633769	 1.0473	 -0.000877639
116.08	 -0.0371663	 -2.85061e-05	 -0.990412	 -0.000634734	 1.06464	 -0.000867475
116.1	 -0.0371281	 -2.76041e-05	 -0.98829	 -0.000636075	 1.08202	 -0.000856517
116.12	 -0.0370894	 -2.66626e-05	 -0.986088	 -0.000637785	 1.09944	 -0.000844778
116.14	 -0.0370505	 -2.56827e-05	 -0.983808	 -0.000639858	 1.1169	 -0.000832272
116.16	 -0.0370119	 -2.46656e-05	 -0.981451	 -0.000642286	 1.13438	 -0.000819015
116.18	 -0.0369736	 -2.36124e-05	 -0.979016	 -0.000645062	 1.15191	 -0.000805022
116.2	 -0.0369362	 -2.25244e-05	 -0.976504	 -0.000648177	 1.16946	 -0.00079031
116.22	 -0.0368998	 -2.14028e-05	 -0.973917	 -0.000651624	 1.18704	 -0.000774897
116.24	 -0.0368647	 -2.02489e-05	 -0.971254	 -0.000655392	 1.20465	 -0.000758802
116.26	 -0.0368314	 -1.9064e-05	 -0.968518	 -0.000659473	 1.22228	 -0.000742043
116.28	 -0.0368	 -1.78495e-05	 -0.965707	 -0.000663855	 1.23994	 -0.000724641
116.3	 -0.0367708	 -1.66068e-05	 -0.962824	 -0.000668529	 1.25761	 -0.000706617
116.32	 -0.0367442	 -1.53374e-05	 -0.959868	 -0.000673484	 1.27531	 -0.000687992
116.34	 -0.0367204	 -1.40427e-05	 -0.956841	 -0.000678708	 1.29302	 -0.000668789
116.36	 -0.0366996	 -1.27241e-05	 -0.953744	 -0.000684188	 1.31074	 -0.00064903
116.38	 -0.0366823	 -1.13833e-05	 -0.950578	 -0.000689914	 1.32847	 -0.000628741
116.4	 -0.0366685	 -1.00217e-05	 -0.947343	 -0.000695872	 1.34621	 -0.000607943
116.42	 -0.0366587	 -8.641e-06	 -0.94404	 -0.00070205	 1.36396	 -0.000586663
116.44	 -0.0366529	 -7.24265e-06	 -0.940671	 -0.000708434	 1.3817	 -0.000564927
116.46	 -0.0366516	 -5.82829e-06	 -0.937236	 -0.00071501	 1.39944	 -0.000542759
116.48	 -0.0366549	 -4.39954e-06	 -0.933737	 -0.000721765	 1.41718	 -0.000520186
116.5	 -0.036663	 -2.95803e-06	 -0.930174	 -0.000728684	 1.43491	 -0.000497236
116.52	 -0.0366761	 -1.5054e-06	 -0.926549	 -0.000735754	 1.45262	 -0.000473935
116.54	 -0.0366946	 -4.32964e-08	 -0.922862	 -0.000742958	 1.47032	 -0.000450312
116.56	 -0.0367185	 1.42662e-06	 -0.919115	 -0.000750283	 1.48799	 -0.000426394
116.58	 -0.0367482	 2.9027e-06	 -0.915309	 -0.000757712	 1.50564	 -0.00040221
116.6	 -0.0367836	 4.38327e-06	 -0.911445	 -0.000765231	 1.52325	 -0.000377789
116.62	 -0.0368251	 5.86666e-06	 -0.907524	 -0.000772825	 1.54084	 -0.00035316
116.64	 -0.0368729	 7.35121e-06	 -0.903548	 -0.000780477	 1.55838	 -0.000328351
116.66	 -0.0369269	 8.83527e-06	 -0.899518	 -0.000788171	 1.57588	 -0.000303393
116.68	 -0.0369875	 1.03172e-05	 -0.895434	 -0.000795892	 1.59333	 -0.000278314
116.7	 -0.0370547	 1.17952e-05	 -0.891299	 -0.000803624	 1.61072	 -0.000253145
116.72	 -0.0371287	 1.32679e-05	 -0.887114	 -0.00081135	 1.62806	 -0.000227915
116.74	 -0.0372095	 1.47334e-05	 -0.882879	 -0.000819055	 1.64533	 -0.000202654
116.76	 -0.0372973	 1.61903e-05	 -0.878597	 -0.000826723	 1.66252	 -0.000177392
116.78	 -0.0373922	 1.76368e-05	 -0.874269	 -0.000834337	 1.67964	 -0.000152159
116.8	 -0.0374942	 1.90714e-05	 -0.869895	 -0.000841881	 1.69668	 -0.000126984
116.82	 -0.0376034	 2.04926e-05	 -0.865479	 -0.000849339	 1.71363	 -0.000101897
116.84	 -0.0377198	 2.18987e-05	 -0.86102	 -0.000856695	 1.73048	 -7.69268e-05
116.86	 -0.0378436	 2.32882e-05	 -0.856521	 -0.000863934	 1.74724	 -5.21036e-05
116.88	 -0.0379747	 2.46597e-05	 -0.851983	 -0.00087104	 1.76388	 -2.74561e-05
116.9	 -0.0381131	 2.60116e-05	 -0.847407	 -0.000877996	 1.78041	 -3.01317e-06
116.92	 -0.0382589	 2.73424e-05	 -0.842795	 -0.000884789	 1.79682	 2.11967e-05
116.94	 -0.038412	 2.86508e-05	 -0.838149	 -0.000891402	 1.8131	 4.51453e-05
116.96	 -0.0385724	 2.99353e-05	 -0.83347	 -0.00089782	 1.82925	 6.88046e-05
116.98	 -0.0387401	 3.11945e-05	 -0.82876	 -0.000904029	 1.84525	 9.21473e-05
117	 -0.0389151	 3.24271e-05	 -0.82402	 -0.000910014	 1.86111	 0.000115146
117.02	 -0.0390972	 3.36317e-05	 -0.819252	 -0.000915761	 1.87681	 0.000137775
117.04	 -0.0392864	 3.48071e-05	 -0.814458	 -0.000921256	 1.89234	 0.000160006
117.06	 -0.0394827	 3.59519e-05	 -0.809639	 -0.000926485	 1.90771	 0.000181816
117.08	 -0.0396859	 3.70651e-05	 -0.804797	 -0.000931435	 1.92289	 0.000203179
117.1	 -0.0398959	 3.81453e-05	 -0.799933	 -0.000936094	 1.93789	 0.000224069
117.12	 -0.0401126	 3.91914e-05	 -0.79505	 -0.000940448	 1.95269	 0.000244464
117.14	 -0.0403359	 4.02024e-05	 -0.790148	 -0.000944486	 1.96729	 0.00026434
117.16	 -0.0405657	 4.11771e-05	 -0.785231	 -0.000948195	 1.98168	 0.000283674
117.18	 -0.0408016	 4.21144e-05	 -0.780299	 -0.000951565	 1.99585	 0.000302445
117.2	 -0.0410437	 4.30135e-05	 -0.775354	 -0.000954586	 2.0098	 0.000320631
117.22	 -0.0412917	 4.38732e-05	 -0.770398	 -0.000957245	 2.02351	 0.000338212
117.24	 -0.0415455	 4.46928e-05	 -0.765433	 -0.000959535	 2.03698	 0.000355168
117.26	 -0.0418047	 4.54712e-05	 -0.76046	 -0.000961445	 2.0502	 0.000371481
117.28	 -0.0420693	 4.62078e-05	 -0.755481	 -0.000962966	 2.06316	 0.000387131
117.3	 -0.042339	 4.69016e-05	 -0.750499	 -0.000964092	 2.07585	 0.000402103
117.32	 -0.0426135	 4.75519e-05	 -0.745515	 -0.000964813	 2.08827	 0.000416379
117.34	 -0.0428926	 4.81579e-05	 -0.74053	 -0.000965123	 2.1004	 0.000429943
117.36	 -0.0431761	 4.87192e-05	 -0.735546	 -0.000965015	 2.11225	 0.000442783
117.38	 -0.0434637	 4.92349e-05	 -0.730566	 -0.000964484	 2.12379	 0.000454882
117.4	 -0.0437551	 4.97045e-05	 -0.725591	 -0.000963524	 2.13502	 0.00046623
117.42	 -0.04405	 5.01274e-05	 -0.720623	 -0.000962131	 2.14594	 0.000476814
117.44	 -0.0443482	 5.05033e-05	 -0.715664	 -0.0009603	 2.15654	 0.000486622
117.46	 -0.0446492	 5.08315e-05	 -0.710715	 -0.000958029	 2.1668	 0.000495646
117.48	 -0.0449529	 5.11117e-05	 -0.705779	 -0.000955314	 2.17672	 0.000503876
117.5	 -0.0452589	 5.13436e-05	 -0.700856	 -0.000952153	 2.18629	 0.000511304
117.52	 -0.0455669	 5.15268e-05	 -0.69595	 -0.000948545	 2.19551	 0.000517923
117.54	 -0.0458765	 5.16611e-05	 -0.691062	 -0.00094449	 2.20436	 0.000523728
117.56	 -0.0461875	 5.17461e-05	 -0.686193	 -0.000939987	 2.21284	 0.000528713
117.58	 -0.0464993	 5.17818e-05	 -0.681345	 -0.000935037	 2.22095	 0.000532874
117.6	 -0.0468118	 5.17679e-05	 -0.676521	 -0.000929641	 2.22866	 0.000536209
117.62	 -0.0471245	 5.17044e-05	 -0.671722	 -0.000923802	 2.23598	 0.000538716
117.64	 -0.0474371	 5.15913e-05	 -0.666949	 -0.000917521	 2.2429	 0.000540394
117.66	 -0.0477492	 5.14284e-05	 -0.662206	 -0.000910802	 2.24941	 0.000541243
117.68	 -0.0480605	 5.12159e-05	 -0.657492	 -0.00090365	 2.2555	 0.000541264
117.7	 -0.0483705	 5.09539e-05	 -0.65281	 -0.000896069	 2.26117	 0.000540459
117.72	 -0.0486788	 5.06423e-05	 -0.648163	 -0.000888065	 2.26642	 0.000538833
117.74	 -0.0489852	 5.02815e-05	 -0.64355	 -0.000879642	 2.27122	 0.000536389
117.76	 -0.0492891	 4.98716e-05	 -0.638975	 -0.00087081	 2.27558	 0.000533132
117.78	 -0.0495903	 4.94128e-05	 -0.634439	 -0.000861574	 2.2795	 0.00052907
117.8	 -0.0498883	 4.89056e-05	 -0.629944	 -0.000851942	 2.28295	 0.000524208
117.82	 -0.0501827	 4.83501e-05	 -0.62549	 -0.000841924	 2.28595	 0.000518556
117.84	 -0.0504731	 4.77468e-05	 -0.621081	 -0.00083153	 2.28848	 0.000512123
117.86	 -0.0507592	 4.70961e-05	 -0.616717	 -0.000820767	 2.29054	 0.000504919
117.88	 -0.0510405	 4.63984e-05	 -0.6124	 -0.000809649	 2.29213	 0.000496956
117.9	 -0.0513166	 4.56543e-05	 -0.608132	 -0.000798185	 2.29323	 0.000488246
117.92	 -0.0515872	 4.48643e-05	 -0.603915	 -0.000786387	 2.29384	 0.000478801
117.94	 -0.0518518	 4.4029e-05	 -0.599749	 -0.000774268	 2.29396	 0.000468636
117.96	 -0.0521101	 4.31491e-05	 -0.595636	 -0.000761841	 2.29359	 0.000457766
117.98	 -0.0523617	 4.22251e-05	 -0.591579	 -0.00074912	 2.29272	 0.000446206
118	 -0.0526062	 4.12578e-05	 -0.587577	 -0.000736117	 2.29135	 0.000433974
118.02	 -0.0528432	 4.0248e-05	 -0.583634	 -0.000722849	 2.28946	 0.000421087
118.04	 -0.0530723	 3.91963e-05	 -0.579749	 -0.000709329	 2.28707	 0.000407563
118.06	 -0.0532931	 3.81038e-05	 -0.575926	 -0.000695574	 2.28417	 0.000393421
118.08	 -0.0535054	 3.69711e-05	 -0.572164	 -0.000681599	 2.28075	 0.000378681
118.1	 -0.0537086	 3.57993e-05	 -0.568465	 -0.000667421	 2.27681	 0.000363365
118.12	 -0.0539025	 3.45893e-05	 -0.564832	 -0.000653057	 2.27235	 0.000347492
118.14	 -0.0540868	 3.33419e-05	 -0.561264	 -0.000638523	 2.26737	 0.000331086
118.16	 -0.054261	 3.20583e-05	 -0.557763	 -0.000623838	 2.26187	 0.00031417
118.18	 -0.0544248	 3.07395e-05	 -0.554331	 -0.000609019	 2.25585	 0.000296765
118.2	 -0.0545779	 2.93866e-05	 -0.550968	 -0.000594085	 2.2493	 0.000278898
118.22	 -0.0547199	 2.80007e-05	 -0.547676	 -0.000579055	 2.24222	 0.000260591
118.24	 -0.0548507	 2.65829e-05	 -0.544456	 -0.000563946	 2.23462	 0.000241871
118.26	 -0.0549697	 2.51344e-05	 -0.541309	 -0.000548779	 2.2265	 0.000222763
118.28	 -0.0550769	 2.36565e-05	 -0.538236	 -0.000533572	 2.21785	 0.000203292
118.3	 -0.0551718	 2.21504e-05	 -0.535238	 -0.000518346	 2.20867	 0.000183487
118.32	 -0.0552541	 2.06173e-05	 -0.532316	 -0.000503119	 2.19898	 0.000163373
118.34	 -0.0553237	 1.90586e-05	 -0.529471	 -0.000487912	 2.18876	 0.000142979
118.36	 -0.0553803	 1.74757e-05	 -0.526704	 -0.000472745	 2.17803	 0.000122332
118.38	 -0.0554236	 1.58699e-05	 -0.524016	 -0.000457637	 2.16677	 0.00010146
118.4	 -0.0554534	 1.42426e-05	 -0.521407	 -0.00044261	 2.15501	 8.03911e-05
118.42	 -0.0554694	 1.25952e-05	 -0.518879	 -0.000427682	 2.14273	 5.91549e-05
118.44	 -0.0554715	 1.09292e-05	 -0.516433	 -0.000412875	 2.12994	 3.77798e-05
118.46	 -0.0554595	 9.24606e-06	 -0.514068	 -0.000398208	 2.11665	 1.62949e-05
118.48	 -0.0554332	 7.5473e-06	 -0.511787	 -0.000383702	 2.10286	 -5.27045e-06
118.5	 -0.0553924	 5.83444e-06	 -0.509588	 -0.000369376	 2.08857	 -2.68871e-05
118.52	 -0.0553369	 4.10902e-06	 -0.507474	 -0.000355251	 2.0738	 -4.85255e-05
118.54	 -0.0552667	 2.3726e-06	 -0.505445	 -0.000341346	 2.05853	 -7.01563e-05
118.56	 -0.0551816	 6.26787e-07	 -0.503501	 -0.000327681	 2.04279	 -9.175e-05
118.58	 -0.0550814	 -1.12683e-06	 -0.501643	 -0.000314276	 2.02656	 -0.000113277
118.6	 -0.0549662	 -2.88662e-06	 -0.499871	 -0.00030115	 2.00987	 -0.000134709
118.62	 -0.0548358	 -4.65096e-06	 -0.498185	 -0.000288321	 1.99272	 -0.000156015
118.64	 -0.0546902	 -6.41818e-06	 -0.496587	 -0.000275808	 1.97511	 -0.000177167
118.66	 -0.0545293	 -8.18661e-06	 -0.495077	 -0.000263631	 1.95705	 -0.000198137
118.68	 -0.054353	 -9.95459e-06	 -0.493655	 -0.000251807	 1.93855	 -0.000218895
118.7	 -0.0541615	 -1.17204e-05	 -0.49232	 -0.000240353	 1.91961	 -0.000239413
118.72	 -0.0539546	 -1.34824e-05	 -0.491075	 -0.000229288	 1.90025	 -0.000259663
118.74	 -0.0537324	 -1.52388e-05	 -0.489918	 -0.000218628	 1.88047	 -0.000279617
118.76	 -0.053495	 -1.69879e-05	 -0.488849	 -0.00020839	 1.86029	 -0.000299249
118.78	 -0.0532424	 -1.87281e-05	 -0.48787	 -0.00019859	 1.8397	 -0.00031853
118.8	 -0.0529746	 -2.04575e-05	 -0.486981	 -0.000189243	 1.81872	 -0.000337435
118.82	 -0.0526918	 -2.21745e-05	 -0.48618	 -0.000180365	 1.79736	 -0.000355937
118.84	 -0.052394	 -2.38773e-05	 -0.485469	 -0.000171969	 1.77563	 -0.000374012
118.86	 -0.0520814	 -2.55641e-05	 -0.484848	 -0.000164071	 1.75353	 -0.000391634
118.88	 -0.0517541	 -2.72334e-05	 -0.484316	 -0.000156683	 1.73109	 -0.000408779
118.9	 -0.0514122	 -2.88834e-05	 -0.483873	 -0.000149819	 1.70831	 -0.000425422
118.92	 -0.051056	 -3.05122e-05	 -0.483519	 -0.00014349	 1.68519	 -0.000441543
118.94	 -0.0506857	 -3.21184e-05	 -0.483255	 -0.000137708	 1.66176	 -0.000457117
118.96	 -0.0503013	 -3.37e-05	 -0.48308	 -0.000132484	 1.63802	 -0.000472123
118.98	 -0.0499032	 -3.52556e-05	 -0.482993	 -0.000127828	 1.61399	 -0.000486541
119	 -0.0494915	 -3.67834e-05	 -0.482996	 -0.00012375	 1.58967	 -0.00050035
119.02	 -0.0490665	 -3.82817e-05	 -0.483087	 -0.000120259	 1.56508	 -0.000513531
119.04	 -0.0486286	 -3.97491e-05	 -0.483266	 -0.000117363	 1.54023	 -0.000526065
119.06	 -0.0481779	 -4.11838e-05	 -0.483533	 -0.000115069	 1.51514	 -0.000537936
119.08	 -0.0477147	 -4.25843e-05	 -0.483888	 -0.000113384	 1.48981	 -0.000549126
119.1	 -0.0472395	 -4.3949e-05	 -0.484329	 -0.000112315	 1.46426	 -0.000559619
119.12	 -0.0467524	 -4.52765e-05	 -0.484858	 -0.000111865	 1.4385	 -0.000569401
119.14	 -0.0462538	 -4.65653e-05	 -0.485474	 -0.000112041	 1.41255	 -0.000578458
119.16	 -0.0457441	 -4.78139e-05	 -0.486175	 -0.000112845	 1.38641	 -0.000586776
119.18	 -0.0452237	 -4.90208e-05	 -0.486962	 -0.000114281	 1.36011	 -0.000594345
119.2	 -0.0446929	 -5.01848e-05	 -0.487835	 -0.00011635	 1.33365	 -0.000601152
119.22	 -0.0441522	 -5.13045e-05	 -0.488792	 -0.000119054	 1.30705	 -0.000607188
119.24	 -0.0436018	 -5.23785e-05	 -0.489833	 -0.000122394	 1.28032	 -0.000612445
119.26	 -0.0430423	 -5.34057e-05	 -0.490958	 -0.000126368	 1.25347	 -0.000616914
119.28	 -0.0424741	 -5.43847e-05	 -0.492165	 -0.000130977	 1.22653	 -0.000620589
119.3	 -0.0418975	 -5.53146e-05	 -0.493455	 -0.000136219	 1.1995	 -0.000623465
119.32	 -0.0413132	 -5.61941e-05	 -0.494827	 -0.00014209	 1.1724	 -0.000625536
119.34	 -0.0407214	 -5.70222e-05	 -0.496281	 -0.000148587	 1.14524	 -0.000626799
119.36	 -0.0401227	 -5.7798e-05	 -0.497814	 -0.000155706	 1.11803	 -0.000627252
119.38	 -0.0395176	 -5.85203e-05	 -0.499428	 -0.000163443	 1.0908	 -0.000626894
119.4	 -0.0389066	 -5.91885e-05	 -0.50112	 -0.00017179	 1.06355	 -0.000625726
119.42	 -0.03829	 -5.98016e-05	 -0.502891	 -0.000180742	 1.03629	 -0.000623747
119.44	 -0.0376686	 -6.03588e-05	 -0.50474	 -0.000190292	 1.00905	 -0.00062096
119.46	 -0.0370426	 -6.08596e-05	 -0.506665	 -0.00020043	 0.981834	 -0.000617369
119.48	 -0.0364128	 -6.13032e-05	 -0.508667	 -0.000211149	 0.954657	 -0.000612978
119.5	 -0.0357795	 -6.1689e-05	 -0.510744	 -0.000222439	 0.927534	 -0.000607793
119.52	 -0.0351433	 -6.20167e-05	 -0.512895	 -0.000234289	 0.900479	 -0.000601819
119.54	 -0.0345048	 -6.22856e-05	 -0.51512	 -0.000246688	 0.873505	 -0.000595067
119.56	 -0.0338644	 -6.24956e-05	 -0.517418	 -0.000259626	 0.846626	 -0.000587543
119.58	 -0.0332228	 -6.26463e-05	 -0.519787	 -0.000273089	 0.819855	 -0.000579258
119.6	 -0.0325804	 -6.27375e-05	 -0.522228	 -0.000287064	 0.793206	 -0.000570224
119.62	 -0.0319378	 -6.2769e-05	 -0.524739	 -0.000301539	 0.766693	 -0.000560451
119.64	 -0.0312955	 -6.27409e-05	 -0.527319	 -0.000316497	 0.740328	 -0.000549955
119.66	 -0.0306541	 -6.2653e-05	 -0.529967	 -0.000331925	 0.714124	 -0.000538748
119.68	 -0.0300141	 -6.25055e-05	 -0.532683	 -0.000347808	 0.688095	 -0.000526846
119.7	 -0.0293761	 -6.22987e-05	 -0.535465	 -0.000364128	 0.662254	 -0.000514266
119.72	 -0.0287405	 -6.20326e-05	 -0.538313	 -0.00038087	 0.636612	 -0.000501023
119.74	 -0.0281081	 -6.17076e-05	 -0.541225	 -0.000398015	 0.611182	 -0.000487138
119.76	 -0.0274791	 -6.13242e-05	 -0.5442	 -0.000415548	 0.585977	 -0.000472629
119.78	 -0.0268543	 -6.08828e-05	 -0.547238	 -0.000433449	 0.561008	 -0.000457515
119.8	 -0.0262341	 -6.03839e-05	 -0.550337	 -0.000451699	 0.536288	 -0.000441818
119.82	 -0.0256191	 -5.98283e-05	 -0.553496	 -0.000470281	 0.511827	 -0.000425559
119.84	 -0.0250098	 -5.92165e-05	 -0.556714	 -0.000489173	 0.487638	 -0.000408762
119.86	 -0.0244066	 -5.85495e-05	 -0.559991	 -0.000508358	 0.463731	 -0.000391449
119.88	 -0.0238102	 -5.7828e-05	 -0.563325	 -0.000527814	 0.440117	 -0.000373644
119.9	 -0.023221	 -5.7053e-05	 -0.566715	 -0.00054752	 0.416807	 -0.000355373
119.92	 -0.0226394	 -5.62255e-05	 -0.570159	 -0.000567457	 0.393811	 -0.00033666
119.94	 -0.0220661	 -5.53466e-05	 -0.573658	 -0.000587603	 0.37114	 -0.000317533
119.96	 -0.0215014	 -5.44175e-05	 -0.577209	 -0.000607936	 0.348802	 -0.000298018
119.98	 -0.0209458	 -5.34394e-05	 -0.580811	 -0.000628436	 0.326809	 -0.000278142
120	 -0.0203999	 -5.24136e-05	 -0.584464	 -0.000649081	 0.305168	 -0.000257933
120.02	 -0.0198639	 -5.13415e-05	 -0.588166	 -0.000669848	 0.28389	 -0.00023742
120.04	 -0.0193384	 -5.02245e-05	 -0.591916	 -0.000690716	 0.262982	 -0.000216632
120.06	 -0.0188238	 -4.90641e-05	 -0.595713	 -0.000711662	 0.242453	 -0.000195597
120.08	 -0.0183206	 -4.7862e-05	 -0.599556	 -0.000732665	 0.222311	 -0.000174347
120.1	 -0.017829	 -4.66196e-05	 -0.603443	 -0.000753701	 0.202564	 -0.00015291
120.12	 -0.0173495	 -4.53388e-05	 -0.607373	 -0.00077475	 0.18322	 -0.000131317
120.14	 -0.0168825	 -4.40212e-05	 -0.611345	 -0.000795789	 0.164285	 -0.000109599
120.16	 -0.0164283	 -4.26687e-05	 -0.615358	 -0.000816795	 0.145766	 -8.77869e-05
120.18	 -0.0159874	 -4.12832e-05	 -0.61941	 -0.000837747	 0.12767	 -6.59114e-05
120.2	 -0.0155599	 -3.98664e-05	 -0.623501	 -0.000858623	 0.110003	 -4.40037e-05
120.22	 -0.0151462	 -3.84204e-05	 -0.627628	 -0.0008794	 0.0927706	 -2.20952e-05
120.24	 -0.0147467	 -3.69472e-05	 -0.631791	 -0.000900057	 0.0759786	 -2.16946e-07
120.26	 -0.0143616	 -3.54488e-05	 -0.635989	 -0.000920572	 0.0596321	 2.15996e-05
120.28	 -0.0139912	 -3.39273e-05	 -0.64022	 -0.000940925	 0.0437358	 4.33233e-05
120.3	 -0.0136358	 -3.23848e-05	 -0.644483	 -0.000961094	 0.0282943	 6.49229e-05
120.32	 -0.0132955	 -3.08234e-05	 -0.648776	 -0.000981058	 0.0133117	 8.63675e-05
120.34	 -0.0129707	 -2.92454e-05	 -0.653098	 -0.0010008	 -0.00120819	 0.000107626
120.36	 -0.0126615	 -2.76528e-05	 -0.657449	 -0.00102029	 -0.0152618	 0.000128669
120.38	 -0.0123681	 -2.6048e-05	 -0.661826	 -0.00103952	 -0.0288461	 0.000149464
120.4	 -0.0120906	 -2.44331e-05	 -0.666228	 -0.00105846	 -0.0419581	 0.000169983
120.42	 -0.0118293	 -2.28105e-05	 -0.670654	 -0.0010771	 -0.0545955	 0.000190195
120.44	 -0.0115843	 -2.11824e-05	 -0.675103	 -0.00109542	 -0.0667561	 0.000210072
120.46	 -0.0113557	 -1.95511e-05	 -0.679573	 -0.0011134	 -0.0784379	 0.000229584
120.48	 -0.0111435	 -1.79189e-05	 -0.684063	 -0.00113102	 -0.0896397	 0.000248703
120.5	 -0.010948	 -1.6288e-05	 -0.688571	 -0.00114826	 -0.10036	 0.000267401
120.52	 -0.0107691	 -1.46608e-05	 -0.693097	 -0.00116511	 -0.110598	 0.000285651
120.54	 -0.0106069	 -1.30396e-05	 -0.697638	 -0.00118155	 -0.120354	 0.000303426
120.56	 -0.0104614	 -1.14265e-05	 -0.702194	 -0.00119757	 -0.129626	 0.000320701
120.58	 -0.0103327	 -9.82398e-06	 -0.706763	 -0.00121315	 -0.138416	 0.000337449
120.6	 -0.0102207	 -8.23419e-06	 -0.711344	 -0.00122827	 -0.146723	 0.000353647
120.62	 -0.0101254	 -6.65937e-06	 -0.715935	 -0.00124293	 -0.154549	 0.000369269
120.64	 -0.0100468	 -5.10175e-06	 -0.720535	 -0.0012571	 -0.161894	 0.000384294
120.66	 -0.00998492	 -3.56351e-06	 -0.725142	 -0.00127078	 -0.168759	 0.000398698
120.68	 -0.00993955	 -2.0468e-06	 -0.729756	 -0.00128396	 -0.175147	 0.00041246
120.7	 -0.00991065	 -5.53769e-07	 -0.734374	 -0.00129661	 -0.181058	 0.00042556
120.72	 -0.00989813	 9.13508e-07	 -0.738995	 -0.00130874	 -0.186495	 0.000437978
120.74	 -0.00990187	 2.35297e-06	 -0.743619	 -0.00132033	 -0.191461	 0.000449694
120.76	 -0.00992171	 3.76261e-06	 -0.748243	 -0.00133138	 -0.195958	 0.000460691
120.78	 -0.00995753	 5.14046e-06	 -0.752867	 -0.00134186	 -0.199989	 0.000470953
120.8	 -0.0100091	 6.4846e-06	 -0.757488	 -0.00135178	 -0.203558	 0.000480462
120.82	 -0.0100764	 7.79316e-06	 -0.762106	 -0.00136113	 -0.206666	 0.000489204
120.84	 -0.010159	 9.06432e-06	 -0.766718	 -0.0013699	 -0.209319	 0.000497166
120.86	 -0.0102569	 1.02963e-05	 -0.771325	 -0.00137809	 -0.211521	 0.000504334
120.88	 -0.0103697	 1.14875e-05	 -0.775923	 -0.00138568	 -0.213274	 0.000510696
120.9	 -0.0104973	 1.26362e-05	 -0.780513	 -0.00139268	 -0.214583	 0.000516243
120.92	 -0.0106393	 1.37408e-05	 -0.785092	 -0.00139909	 -0.215454	 0.000520964
120.94	 -0.0107956	 1.47999e-05	 -0.789659	 -0.00140489	 -0.21589	 0.000524851
120.96	 -0.0109658	 1.58119e-05	 -0.794213	 -0.00141009	 -0.215896	 0.000527896
120.98	 -0.0111497	 1.67756e-05	 -0.798752	 -0.00141468	 -0.215478	 0.000530094
121	 -0.0113469	 1.76897e-05	 -0.803276	 -0.00141867	 -0.214641	 0.000531439
121.02	 -0.0115572	 1.85529e-05	 -0.807782	 -0.00142205	 -0.21339	 0.000531928
121.04	 -0.0117802	 1.93641e-05	 -0.81227	 -0.00142483	 -0.21173	 0.000531556
121.06	 -0.0120156	 2.01222e-05	 -0.816737	 -0.001427	 -0.209668	 0.000530324
121.08	 -0.012263	 2.08263e-05	 -0.821183	 -0.00142857	 -0.207209	 0.00052823
121.1	 -0.0125221	 2.14755e-05	 -0.825607	 -0.00142954	 -0.204359	 0.000525276
121.12	 -0.0127925	 2.20689e-05	 -0.830007	 -0.00142992	 -0.201124	 0.000521462
121.14	 -0.0130739	 2.26059e-05	 -0.834381	 -0.0014297	 -0.19751	 0.000516792
121.16	 -0.0133659	 2.30858e-05	 -0.838729	 -0.00142889	 -0.193524	 0.00051127
121.18	 -0.013668	 2.3508e-05	 -0.84305	 -0.0014275	 -0.189171	 0.000504901
121.2	 -0.01398	 2.38721e-05	 -0.847341	 -0.00142554	 -0.18446	 0.000497692
121.22	 -0.0143013	 2.41778e-05	 -0.851601	 -0.00142301	 -0.179395	 0.000489649
121.24	 -0.0146317	 2.44247e-05	 -0.85583	 -0.00141991	 -0.173983	 0.000480783
121.26	 -0.0149707	 2.46126e-05	 -0.860027	 -0.00141626	 -0.168232	 0.000471101
121.28	 -0.0153178	 2.47414e-05	 -0.864189	 -0.00141207	 -0.162147	 0.000460615
121.3	 -0.0156728	 2.48112e-05	 -0.868315	 -0.00140733	 -0.155736	 0.000449337
121.32	 -0.016035	 2.4822e-05	 -0.872405	 -0.00140207	 -0.149006	 0.000437279
121.34	 -0.0164042	 2.47739e-05	 -0.876458	 -0.0013963	 -0.141963	 0.000424456
121.36	 -0.01678	 2.46673e-05	 -0.880471	 -0.00139001	 -0.134614	 0.000410882
121.38	 -0.0171618	 2.45025e-05	 -0.884445	 -0.00138323	 -0.126965	 0.000396573
121.4	 -0.0175492	 2.42798e-05	 -0.888377	 -0.00137597	 -0.119025	 0.000381546
121.42	 -0.0179419	 2.39999e-05	 -0.892266	 -0.00136824	 -0.110798	 0.000365818
121.44	 -0.0183394	 2.36633e-05	 -0.896112	 -0.00136005	 -0.102294	 0.000349408
121.46	 -0.0187413	 2.32707e-05	 -0.899913	 -0.00135141	 -0.093517	 0.000332336
121.48	 -0.0191471	 2.2823e-05	 -0.903669	 -0.00134234	 -0.0844753	 0.000314622
121.5	 -0.0195564	 2.2321e-05	 -0.907377	 -0.00133286	 -0.0751753	 0.000296287
121.52	 -0.0199689	 2.17656e-05	 -0.911038	 -0.00132297	 -0.0656237	 0.000277353
121.54	 -0.020384	 2.11578e-05	 -0.91465	 -0.00131269	 -0.0558272	 0.000257843
121.56	 -0.0208014	 2.04989e-05	 -0.918211	 -0.00130204	 -0.0457923	 0.000237781
121.58	 -0.0212207	 1.97899e-05	 -0.921722	 -0.00129103	 -0.0355255	 0.00021719
121.6	 -0.0216414	 1.90321e-05	 -0.92518	 -0.00127968	 -0.0250335	 0.000196096
121.62	 -0.0220632	 1.82269e-05	 -0.928585	 -0.001268	 -0.0143225	 0.000174523
121.64	 -0.0224856	 1.73757e-05	 -0.931936	 -0.00125601	 -0.00339888	 0.000152499
121.66	 -0.0229082	 1.64799e-05	 -0.935232	 -0.00124373	 0.00773106	 0.00013005
121.68	 -0.0233307	 1.55412e-05	 -0.938471	 -0.00123118	 0.0190612	 0.000107202
121.7	 -0.0237527	 1.4561e-05	 -0.941654	 -0.00121836	 0.0305855	 8.39846e-05
121.72	 -0.0241738	 1.35412e-05	 -0.944779	 -0.0012053	 0.0422979	 6.0425e-05
121.74	 -0.0245936	 1.24834e-05	 -0.947845	 -0.00119202	 0.0541926	 3.6552e-05
121.76	 -0.0250119	 1.13894e-05	 -0.950852	 -0.00117853	 0.0662638	 1.23947e-05
121.78	 -0.0254281	 1.02611e-05	 -0.953798	 -0.00116485	 0.0785059	 -1.20177e-05
121.8	 -0.025842	 9.10035e-06	 -0.956682	 -0.001151	 0.0909133	 -3.66553e-05
121.82	 -0.0262533	 7.90914e-06	 -0.959504	 -0.001137	 0.103481	 -6.14884e-05
121.84	 -0.0266615	 6.68946e-06	 -0.962264	 -0.00112285	 0.116203	 -8.64865e-05
121.86	 -0.0270665	 5.44334e-06	 -0.964959	 -0.00110859	 0.129074	 -0.000111619
121.88	 -0.0274679	 4.17286e-06	 -0.96759	 -0.00109423	 0.14209	 -0.000136857
121.9	 -0.0278653	 2.88013e-06	 -0.970155	 -0.00107979	 0.155245	 -0.000162167
121.92	 -0.0282585	 1.56732e-06	 -0.972654	 -0.00106528	 0.168534	 -0.000187521
121.94	 -0.0286473	 2.36579e-07	 -0.975086	 -0.00105073	 0.181954	 -0.000212886
121.96	 -0.0290313	 -1.10987e-06	 -0.977451	 -0.00103615	 0.195499	 -0.000238232
121.98	 -0.0294103	 -2.4698e-06	 -0.979747	 -0.00102155	 0.209165	 -0.000263529
122	 -0.0297841	 -3.84097e-06	 -0.981975	 -0.00100696	 0.222948	 -0.000288745
122.02	 -0.0301523	 -5.2211e-06	 -0.984133	 -0.000992399	 0.236843	 -0.000313851
122.04	 -0.0305148	 -6.60792e-06	 -0.98622	 -0.000977876	 0.250847	 -0.000338814
122.06	 -0.0308714	 -7.99914e-06	 -0.988237	 -0.000963412	 0.264956	 -0.000363606
122.08	 -0.0312219	 -9.39245e-06	 -0.990182	 -0.000949022	 0.279166	 -0.000388197
122.1	 -0.031566	 -1.07856e-05	 -0.992056	 -0.000934725	 0.293473	 -0.000412555
122.12	 -0.0319037	 -1.21762e-05	 -0.993856	 -0.000920536	 0.307874	 -0.000436653
122.14	 -0.0322346	 -1.35619e-05	 -0.995584	 -0.000906472	 0.322365	 -0.00046046
122.16	 -0.0325588	 -1.49406e-05	 -0.997237	 -0.000892549	 0.336945	 -0.000483948
122.18	 -0.0328759	 -1.63099e-05	 -0.998817	 -0.000878782	 0.351608	 -0.000507089
122.2	 -0.033186	 -1.76676e-05	 -1.00032	 -0.000865188	 0.366353	 -0.000529855
122.22	 -0.0334888	 -1.90113e-05	 -1.00175	 -0.000851781	 0.381177	 -0.000552217
122.24	 -0.0337842	 -2.03389e-05	 -1.00311	 -0.000838576	 0.396077	 -0.00057415
122.26	 -0.0340723	 -2.16481e-05	 -1.00438	 -0.000825587	 0.41105	 -0.000595627
122.28	 -0.0343528	 -2.29368e-05	 -1.00558	 -0.00081283	 0.426094	 -0.000616621
122.3	 -0.0346258	 -2.42028e-05	 -1.00671	 -0.000800316	 0.441207	 -0.000637108
122.32	 -0.034891	 -2.5444e-05	 -1.00776	 -0.000788061	 0.456387	 -0.000657063
122.34	 -0.0351486	 -2.66583e-05	 -1.00873	 -0.000776077	 0.471632	 -0.000676463
122.36	 -0.0353985	 -2.78436e-05	 -1.00962	 -0.000764375	 0.486939	 -0.000695283
122.38	 -0.0356406	 -2.8998e-05	 -1.01043	 -0.00075297	 0.502307	 -0.000713501
122.4	 -0.0358749	 -3.01194e-05	 -1.01117	 -0.000741872	 0.517734	 -0.000731095
122.42	 -0.0361014	 -3.1206e-05	 -1.01182	 -0.000731092	 0.533219	 -0.000748045
122.44	 -0.0363202	 -3.22558e-05	 -1.0124	 -0.000720641	 0.548759	 -0.000764331
122.46	 -0.0365312	 -3.32672e-05	 -1.0129	 -0.00071053	 0.564355	 -0.000779931
122.48	 -0.0367346	 -3.42382e-05	 -1.01331	 -0.000700768	 0.580003	 -0.000794829
122.5	 -0.0369302	 -3.51673e-05	 -1.01365	 -0.000691365	 0.595704	 -0.000809006
122.52	 -0.0371182	 -3.60527e-05	 -1.01391	 -0.00068233	 0.611455	 -0.000822446
122.54	 -0.0372987	 -3.6893e-05	 -1.01409	 -0.00067367	 0.627257	 -0.000835133
122.56	 -0.0374716	 -3.76865e-05	 -1.01418	 -0.000665394	 0.643107	 -0.000847051
122.58	 -0.0376372	 -3.84318e-05	 -1.0142	 -0.000657508	 0.659005	 -0.000858186
122.6	 -0.0377955	 -3.91276e-05	 -1.01413	 -0.00065002	 0.67495	 -0.000868526
122.62	 -0.0379465	 -3.97725e-05	 -1.01399	 -0.000642936	 0.690942	 -0.000878058
122.64	 -0.0380905	 -4.03653e-05	 -1.01376	 -0.000636261	 0.706979	 -0.000886771
122.66	 -0.0382275	 -4.09048e-05	 -1.01345	 -0.00063	 0.723061	 -0.000894655
122.68	 -0.0383576	 -4.139e-05	 -1.01307	 -0.000624158	 0.739188	 -0.000901701
122.7	 -0.0384811	 -4.18199e-05	 -1.0126	 -0.000618738	 0.755358	 -0.000907901
122.72	 -0.038598	 -4.21934e-05	 -1.01205	 -0.000613745	 0.771571	 -0.000913247
122.74	 -0.0387085	 -4.25099e-05	 -1.01141	 -0.00060918	 0.787827	 -0.000917733
122.76	 -0.0388128	 -4.27684e-05	 -1.0107	 -0.000605047	 0.804124	 -0.000921354
122.78	 -0.038911	 -4.29683e-05	 -1.00991	 -0.000601346	 0.820464	 -0.000924107
122.8	 -0.0390033	 -4.31091e-05	 -1.00903	 -0.00059808	 0.836844	 -0.000925988
122.82	 -0.0390899	 -4.31901e-05	 -1.00808	 -0.000595247	 0.853265	 -0.000926996
122.84	 -0.039171	 -4.3211e-05	 -1.00704	 -0.000592849	 0.869726	 -0.000927129
122.86	 -0.0392468	 -4.31714e-05	 -1.00592	 -0.000590884	 0.886227	 -0.000926388
122.88	 -0.0393175	 -4.30711e-05	 -1.00473	 -0.000589352	 0.902767	 -0.000924774
122.9	 -0.0393832	 -4.29098e-05	 -1.00345	 -0.00058825	 0.919346	 -0.00092229
122.92	 -0.0394443	 -4.26875e-05	 -1.00209	 -0.000587577	 0.935963	 -0.000918938
122.94	 -0.0395009	 -4.24042e-05	 -1.00065	 -0.000587329	 0.952618	 -0.000914723
122.96	 -0.0395532	 -4.206e-05	 -0.999137	 -0.000587502	 0.96931	 -0.000909651
122.98	 -0.0396015	 -4.16549e-05	 -0.99754	 -0.000588094	 0.986038	 -0.000903728
123	 -0.039646	 -4.11894e-05	 -0.995865	 -0.000589099	 1.0028	 -0.000896961
123.02	 -0.0396869	 -4.06637e-05	 -0.994111	 -0.000590512	 1.0196	 -0.000889359
123.04	 -0.0397244	 -4.00782e-05	 -0.992278	 -0.000592327	 1.03644	 -0.000880932
123.06	 -0.0397589	 -3.94335e-05	 -0.990367	 -0.000594539	 1.0533	 -0.000871689
123.08	 -0.0397905	 -3.87301e-05	 -0.988379	 -0.00059714	 1.0702	 -0.000861643
123.1	 -0.0398195	 -3.79688e-05	 -0.986313	 -0.000600123	 1.08713	 -0.000850805
123.12	 -0.0398461	 -3.71502e-05	 -0.984171	 -0.000603481	 1.1041	 -0.000839189
123.14	 -0.0398705	 -3.62752e-05	 -0.981952	 -0.000607206	 1.12109	 -0.00082681
123.16	 -0.0398931	 -3.53447e-05	 -0.979657	 -0.000611288	 1.13811	 -0.000813681
123.18	 -0.039914	 -3.43598e-05	 -0.977286	 -0.000615718	 1.15516	 -0.000799821
123.2	 -0.0399335	 -3.33214e-05	 -0.974841	 -0.000620488	 1.17223	 -0.000785244
123.22	 -0.0399518	 -3.22307e-05	 -0.972321	 -0.000625586	 1.18933	 -0.000769969
123.24	 -0.0399692	 -3.1089e-05	 -0.969728	 -0.000631002	 1.20645	 -0.000754015
123.26	 -0.0399859	 -2.98975e-05	 -0.967061	 -0.000636725	 1.22359	 -0.000737401
123.28	 -0.0400022	 -2.86576e-05	 -0.964322	 -0.000642743	 1.24075	 -0.000720147
123.3	 -0.0400183	 -2.73707e-05	 -0.96151	 -0.000649046	 1.25793	 -0.000702274
123.32	 -0.0400344	 -2.60382e-05	 -0.958628	 -0.000655621	 1.27513	 -0.000683804
123.34	 -0.0400508	 -2.46619e-05	 -0.955675	 -0.000662454	 1.29234	 -0.000664759
123.36	 -0.0400676	 -2.32431e-05	 -0.952652	 -0.000669534	 1.30956	 -0.000645161
123.38	 -0.0400852	 -2.17838e-05	 -0.94956	 -0.000676847	 1.32678	 -0.000625035
123.4	 -0.0401037	 -2.02854e-05	 -0.946399	 -0.00068438	 1.34402	 -0.000604405
123.42	 -0.0401234	 -1.875e-05	 -0.943171	 -0.000692118	 1.36125	 -0.000583295
123.44	 -0.0401445	 -1.71792e-05	 -0.939877	 -0.000700048	 1.37849	 -0.000561732
123.46	 -0.0401671	 -1.5575e-05	 -0.936517	 -0.000708154	 1.39573	 -0.00053974
123.48	 -0.0401916	 -1.39393e-05	 -0.933091	 -0.000716423	 1.41296	 -0.000517346
123.5	 -0.040218	 -1.22741e-05	 -0.929602	 -0.00072484	 1.43018	 -0.000494578
123.52	 -0.0402466	 -1.05815e-05	 -0.92605	 -0.000733388	 1.4474	 -0.000471462
123.54	 -0.0402776	 -8.8634e-06	 -0.922435	 -0.000742054	 1.46459	 -0.000448025
123.56	 -0.0403111	 -7.12199e-06	 -0.91876	 -0.000750821	 1.48177	 -0.000424297
123.58	 -0.0403474	 -5.35938e-06	 -0.915024	 -0.000759674	 1.49892	 -0.000400305
123.6	 -0.0403866	 -3.57775e-06	 -0.91123	 -0.000768597	 1.51605	 -0.000376078
123.62	 -0.0404288	 -1.77926e-06	 -0.907377	 -0.000777574	 1.53315	 -0.000351644
123.64	 -0.0404743	 3.38459e-08	 -0.903468	 -0.00078659	 1.55021	 -0.000327033
123.66	 -0.0405231	 1.85935e-06	 -0.899503	 -0.000795627	 1.56723	 -0.000302275
123.68	 -0.0405754	 3.695e-06	 -0.895484	 -0.00080467	 1.58421	 -0.000277397
123.7	 -0.0406314	 5.53852e-06	 -0.891411	 -0.000813702	 1.60114	 -0.000252431
123.72	 -0.0406912	 7.38763e-06	 -0.887286	 -0.000822708	 1.61802	 -0.000227405
123.74	 -0.0407548	 9.24004e-06	 -0.88311	 -0.000831672	 1.63484	 -0.000202349
123.76	 -0.0408225	 1.10934e-05	 -0.878885	 -0.000840576	 1.65159	 -0.000177293
123.78	 -0.0408942	 1.29455e-05	 -0.874611	 -0.000849405	 1.66828	 -0.000152266
123.8	 -0.0409702	 1.4794e-05	 -0.870291	 -0.000858143	 1.68489	 -0.000127298
123.82	 -0.0410504	 1.66366e-05	 -0.865925	 -0.000866774	 1.70142	 -0.000102418
123.84	 -0.0411349	 1.8471e-05	 -0.861514	 -0.000875282	 1.71787	 -7.76561e-05
123.86	 -0.0412239	 2.02949e-05	 -0.857061	 -0.000883651	 1.73422	 -5.30403e-05
123.88	 -0.0413174	 2.2106e-05	 -0.852567	 -0.000891866	 1.75048	 -2.86e-05
123.9	 -0.0414154	 2.39021e-05	 -0.848033	 -0.000899911	 1.76663	 -4.36371e-06
123.92	 -0.0415179	 2.56809e-05	 -0.84346	 -0.00090777	 1.78267	 1.96402e-05
123.94	 -0.041625	 2.74402e-05	 -0.83885	 -0.00091543	 1.7986	 4.33837e-05
123.96	 -0.0417367	 2.91777e-05	 -0.834205	 -0.000922875	 1.8144	 6.68391e-05
123.98	 -0.0418531	 3.08914e-05	 -0.829526	 -0.000930091	 1.83008	 8.99791e-05
124	 -0.041974	 3.25791e-05	 -0.824815	 -0.000937063	 1.84561	 0.000112777
124.02	 -0.0420996	 3.42385e-05	 -0.820073	 -0.000943777	 1.861	 0.000135206
124.04	 -0.0422298	 3.58677e-05	 -0.815302	 -0.00095022	 1.87625	 0.000157241
124.06	 -0.0423645	 3.74646e-05	 -0.810504	 -0.000956379	 1.89133	 0.000178855
124.08	 -0.0425037	 3.90272e-05	 -0.80568	 -0.00096224	 1.90625	 0.000200025
124.1	 -0.0426474	 4.05534e-05	 -0.800832	 -0.000967791	 1.92099	 0.000220725
124.12	 -0.0427956	 4.20414e-05	 -0.795961	 -0.00097302	 1.93556	 0.000240933
124.14	 -0.042948	 4.34893e-05	 -0.79107	 -0.000977915	 1.94994	 0.000260624
124.16	 -0.0431048	 4.48952e-05	 -0.78616	 -0.000982464	 1.96413	 0.000279777
124.18	 -0.0432657	 4.62573e-05	 -0.781233	 -0.000986657	 1.97811	 0.00029837
124.2	 -0.0434307	 4.7574e-05	 -0.77629	 -0.000990483	 1.99188	 0.000316382
124.22	 -0.0435997	 4.88434e-05	 -0.771334	 -0.000993932	 2.00543	 0.000333792
124.24	 -0.0437725	 5.0064e-05	 -0.766366	 -0.000996995	 2.01876	 0.000350582
124.26	 -0.0439491	 5.12341e-05	 -0.761389	 -0.000999662	 2.03185	 0.000366731
124.28	 -0.0441293	 5.23524e-05	 -0.756403	 -0.00100193	 2.0447	 0.000382223
124.3	 -0.044313	 5.34172e-05	 -0.75141	 -0.00100378	 2.05731	 0.000397041
124.32	 -0.0445	 5.44273e-05	 -0.746414	 -0.00100521	 2.06965	 0.000411167
124.34	 -0.0446901	 5.53813e-05	 -0.741414	 -0.00100622	 2.08173	 0.000424587
124.36	 -0.0448833	 5.62779e-05	 -0.736414	 -0.00100679	 2.09353	 0.000437286
124.38	 -0.0450792	 5.71159e-05	 -0.731416	 -0.00100693	 2.10505	 0.00044925
124.4	 -0.0452778	 5.78943e-05	 -0.72642	 -0.00100662	 2.11628	 0.000460467
124.42	 -0.0454788	 5.86118e-05	 -0.721429	 -0.00100587	 2.12721	 0.000470925
124.44	 -0.045682	 5.92676e-05	 -0.716445	 -0.00100466	 2.13784	 0.000480614
124.46	 -0.0458873	 5.98607e-05	 -0.71147	 -0.001003	 2.14815	 0.000489522
124.48	 -0.0460943	 6.03903e-05	 -0.706505	 -0.00100088	 2.15814	 0.000497642
124.5	 -0.046303	 6.08556e-05	 -0.701554	 -0.000998299	 2.1678	 0.000504966
124.52	 -0.046513	 6.12559e-05	 -0.696616	 -0.000995259	 2.17712	 0.000511486
124.54	 -0.0467241	 6.15905e-05	 -0.691695	 -0.000991757	 2.1861	 0.000517197
124.56	 -0.0469361	 6.1859e-05	 -0.686792	 -0.000987792	 2.19472	 0.000522094
124.58	 -0.0471487	 6.20608e-05	 -0.681909	 -0.000983367	 2.20298	 0.000526173
124.6	 -0.0473617	 6.21956e-05	 -0.677049	 -0.000978481	 2.21087	 0.000529431
124.62	 -0.0475748	 6.2263e-05	 -0.672212	 -0.000973136	 2.21838	 0.000531866
124.64	 -0.0477878	 6.22627e-05	 -0.667401	 -0.000967335	 2.22551	 0.000533478
124.66	 -0.0480003	 6.21947e-05	 -0.662618	 -0.000961081	 2.23225	 0.000534266
124.68	 -0.0482121	 6.20588e-05	 -0.657865	 -0.000954378	 2.23859	 0.000534232
124.7	 -0.0484229	 6.18549e-05	 -0.653143	 -0.000947231	 2.24452	 0.000533377
124.72	 -0.0486325	 6.15833e-05	 -0.648454	 -0.000939643	 2.25004	 0.000531706
124.74	 -0.0488405	 6.12439e-05	 -0.643801	 -0.000931621	 2.25515	 0.000529223
124.76	 -0.0490466	 6.0837e-05	 -0.639184	 -0.000923172	 2.25982	 0.000525932
124.78	 -0.0492506	 6.03629e-05	 -0.634606	 -0.000914301	 2.26407	 0.00052184
124.8	 -0.0494522	 5.9822e-05	 -0.630069	 -0.000905018	 2.26787	 0.000516955
124.82	 -0.049651	 5.92147e-05	 -0.625574	 -0.000895329	 2.27123	 0.000511284
124.84	 -0.0498467	 5.85416e-05	 -0.621123	 -0.000885245	 2.27414	 0.000504836
124.86	 -0.0500391	 5.78031e-05	 -0.616718	 -0.000874773	 2.2766	 0.000497622
124.88	 -0.0502278	 5.70001e-05	 -0.612361	 -0.000863925	 2.27859	 0.000489654
124.9	 -0.0504125	 5.61331e-05	 -0.608052	 -0.00085271	 2.28011	 0.000480942
124.92	 -0.050593	 5.52031e-05	 -0.603795	 -0.000841141	 2.28116	 0.000471501
124.94	 -0.0507689	 5.4211e-05	 -0.59959	 -0.000829228	 2.28174	 0.000461343
124.96	 -0.0509398	 5.31575e-05	 -0.59544	 -0.000816984	 2.28183	 0.000450484
124.98	 -0.0511056	 5.20439e-05	 -0.591345	 -0.000804422	 2.28143	 0.00043894
125	 -0.0512658	 5.08712e-05	 -0.587307	 -0.000791555	 2.28055	 0.000426726
125.02	 -0.0514202	 4.96404e-05	 -0.583329	 -0.000778397	 2.27917	 0.000413861
125.04	 -0.0515685	 4.8353e-05	 -0.579411	 -0.000764961	 2.27729	 0.000400362
125.06	 -0.0517103	 4.70101e-05	 -0.575554	 -0.000751264	 2.27491	 0.000386248
125.08	 -0.0518454	 4.56131e-05	 -0.571761	 -0.00073732	 2.27203	 0.000371539
125.1	 -0.0519735	 4.41633e-05	 -0.568033	 -0.000723144	 2.26864	 0.000356256
125.12	 -0.0520943	 4.26624e-05	 -0.564371	 -0.000708753	 2.26474	 0.00034042
125.14	 -0.0522074	 4.11118e-05	 -0.560777	 -0.000694163	 2.26033	 0.000324052
125.16	 -0.0523126	 3.9513e-05	 -0.557251	 -0.000679391	 2.2554	 0.000307175
125.18	 -0.0524096	 3.78678e-05	 -0.553796	 -0.000664453	 2.24996	 0.000289813
125.2	 -0.0524982	 3.61778e-05	 -0.550412	 -0.000649369	 2.244	 0.000271988
125.22	 -0.052578	 3.44448e-05	 -0.547101	 -0.000634154	 2.23752	 0.000253726
125.24	 -0.0526488	 3.26706e-05	 -0.543863	 -0.000618828	 2.23052	 0.000235052
125.26	 -0.0527103	 3.0857e-05	 -0.5407	 -0.000603409	 2.22301	 0.00021599
125.28	 -0.0527623	 2.90059e-05	 -0.537614	 -0.000587915	 2.21497	 0.000196567
125.3	 -0.0528045	 2.71192e-05	 -0.534604	 -0.000572364	 2.20642	 0.00017681
125.32	 -0.0528367	 2.5199e-05	 -0.531673	 -0.000556777	 2.19735	 0.000156744
125.34	 -0.0528586	 2.32472e-05	 -0.528821	 -0.000541172	 2.18776	 0.000136398
125.36	 -0.05287	 2.12659e-05	 -0.526049	 -0.000525568	 2.17765	 0.000115799
125.38	 -0.0528708	 1.92572e-05	 -0.523358	 -0.000509985	 2.16703	 9.49744e-05
125.4	 -0.0528606	 1.72232e-05	 -0.520749	 -0.000494442	 2.1559	 7.39531e-05
125.42	 -0.0528393	 1.51661e-05	 -0.518223	 -0.000478958	 2.14425	 5.27633e-05
125.44	 -0.0528066	 1.3088e-05	 -0.51578	 -0.000463554	 2.1321	 3.14338e-05
125.46	 -0.0527625	 1.09913e-05	 -0.513422	 -0.000448249	 2.11944	 9.99354e-06
125.48	 -0.0527067	 8.87801e-06	 -0.511148	 -0.000433062	 2.10629	 -1.15285e-05
125.5	 -0.0526391	 6.75053e-06	 -0.50896	 -0.000418014	 2.09263	 -3.31032e-05
125.52	 -0.0525595	 4.61109e-06	 -0.506859	 -0.000403122	 2.07848	 -5.47013e-05
125.54	 -0.0524678	 2.46199e-06	 -0.504844	 -0.000388408	 2.06384	 -7.62933e-05
125.56	 -0.0523638	 3.0554e-07	 -0.502917	 -0.000373889	 2.04872	 -9.78502e-05
125.58	 -0.0522474	 -1.85594e-06	 -0.501078	 -0.000359586	 2.03311	 -0.000119342
125.6	 -0.0521186	 -4.02013e-06	 -0.499327	 -0.000345517	 2.01704	 -0.000140741
125.62	 -0.0519772	 -6.18469e-06	 -0.497665	 -0.000331701	 2.00049	 -0.000162017
125.64	 -0.0518232	 -8.34728e-06	 -0.496092	 -0.000318157	 1.98348	 -0.000183141
125.66	 -0.0516565	 -1.05056e-05	 -0.494609	 -0.000304903	 1.96602	 -0.000204084
125.68	 -0.051477	 -1.26572e-05	 -0.493216	 -0.000291957	 1.9481	 -0.000224818
125.7	 -0.0512847	 -1.47998e-05	 -0.491912	 -0.000279336	 1.92975	 -0.000245315
125.72	 -0.0510795	 -1.69312e-05	 -0.490699	 -0.000267059	 1.91095	 -0.000265546
125.74	 -0.0508616	 -1.90488e-05	 -0.489577	 -0.000255142	 1.89174	 -0.000285484
125.76	 -0.0506308	 -2.11506e-05	 -0.488545	 -0.000243602	 1.8721	 -0.000305101
125.78	 -0.0503872	 -2.32341e-05	 -0.487603	 -0.000232455	 1.85205	 -0.000324371
125.8	 -0.0501308	 -2.5297e-05	 -0.486753	 -0.000221718	 1.8316	 -0.000343267
125.82	 -0.0498616	 -2.73372e-05	 -0.485993	 -0.000211405	 1.81076	 -0.000361763
125.84	 -0.0495798	 -2.93523e-05	 -0.485324	 -0.000201532	 1.78953	 -0.000379833
125.86	 -0.0492854	 -3.13402e-05	 -0.484745	 -0.000192113	 1.76793	 -0.000397452
125.88	 -0.0489784	 -3.32986e-05	 -0.484257	 -0.000183163	 1.74596	 -0.000414597
125.9	 -0.048659	 -3.52254e-05	 -0.48386	 -0.000174694	 1.72364	 -0.000431243
125.92	 -0.0483273	 -3.71185e-05	 -0.483553	 -0.00016672	 1.70098	 -0.000447367
125.94	 -0.0479835	 -3.89757e-05	 -0.483335	 -0.000159253	 1.67798	 -0.000462947
125.96	 -0.0476276	 -4.07949e-05	 -0.483208	 -0.000152305	 1.65466	 -0.000477961
125.98	 -0.0472599	 -4.25743e-05	 -0.483171	 -0.000145886	 1.63103	 -0.000492387
126	 -0.0468804	 -4.43118e-05	 -0.483222	 -0.000140009	 1.6071	 -0.000506206
126.02	 -0.0464895	 -4.60054e-05	 -0.483363	 -0.000134682	 1.58288	 -0.000519398
126.04	 -0.0460872	 -4.76533e-05	 -0.483592	 -0.000129915	 1.55839	 -0.000531944
126.06	 -0.0456739	 -4.92536e-05	 -0.483909	 -0.000125716	 1.53363	 -0.000543827
126.08	 -0.0452497	 -5.08046e-05	 -0.484314	 -0.000122094	 1.50861	 -0.000555029
126.1	 -0.0448149	 -5.23046e-05	 -0.484807	 -0.000119057	 1.48336	 -0.000565535
126.12	 -0.0443697	 -5.37518e-05	 -0.485386	 -0.00011661	 1.45788	 -0.000575329
126.14	 -0.0439144	 -5.51448e-05	 -0.486051	 -0.00011476	 1.43219	 -0.000584397
126.16	 -0.0434494	 -5.64818e-05	 -0.486803	 -0.000113511	 1.40629	 -0.000592726
126.18	 -0.0429748	 -5.77616e-05	 -0.487639	 -0.00011287	 1.38021	 -0.000600304
126.2	 -0.042491	 -5.89826e-05	 -0.48856	 -0.000112838	 1.35395	 -0.000607119
126.22	 -0.0419983	 -6.01435e-05	 -0.489566	 -0.000113421	 1.32753	 -0.000613162
126.24	 -0.0414972	 -6.1243e-05	 -0.490654	 -0.000114619	 1.30096	 -0.000618422
126.26	 -0.0409878	 -6.228e-05	 -0.491826	 -0.000116435	 1.27426	 -0.000622892
126.28	 -0.0404705	 -6.32534e-05	 -0.493079	 -0.000118869	 1.24743	 -0.000626565
126.3	 -0.0399458	 -6.4162e-05	 -0.494414	 -0.000121922	 1.2205	 -0.000629434
126.32	 -0.039414	 -6.50048e-05	 -0.495829	 -0.000125592	 1.19347	 -0.000631495
126.34	 -0.0388755	 -6.57812e-05	 -0.497325	 -0.00012988	 1.16637	 -0.000632744
126.36	 -0.0383307	 -6.64901e-05	 -0.498899	 -0.000134782	 1.13919	 -0.000633179
126.38	 -0.03778	 -6.71309e-05	 -0.500552	 -0.000140296	 1.11197	 -0.000632797
126.4	 -0.0372238	 -6.77029e-05	 -0.502283	 -0.000146418	 1.08471	 -0.000631598
126.42	 -0.0366626	 -6.82056e-05	 -0.50409	 -0.000153144	 1.05742	 -0.000629584
126.44	 -0.0360968	 -6.86385e-05	 -0.505973	 -0.000160469	 1.03013	 -0.000626755
126.46	 -0.0355267	 -6.90012e-05	 -0.507931	 -0.000168387	 1.00283	 -0.000623114
126.48	 -0.034953	 -6.92935e-05	 -0.509964	 -0.000176892	 0.975559	 -0.000618666
126.5	 -0.034376	 -6.95151e-05	 -0.51207	 -0.000185976	 0.948318	 -0.000613416
126.52	 -0.0337962	 -6.96659e-05	 -0.514248	 -0.000195633	 0.921122	 -0.00060737
126.54	 -0.0332141	 -6.97459e-05	 -0.516498	 -0.000205852	 0.893986	 -0.000600535
126.56	 -0.0326301	 -6.97552e-05	 -0.518818	 -0.000216626	 0.866923	 -0.000592921
126.58	 -0.0320447	 -6.96939e-05	 -0.521208	 -0.000227944	 0.839948	 -0.000584535
126.6	 -0.0314584	 -6.95622e-05	 -0.523667	 -0.000239796	 0.813074	 -0.00057539
126.62	 -0.0308717	 -6.93606e-05	 -0.526194	 -0.00025217	 0.786314	 -0.000565497
126.64	 -0.0302851	 -6.90895e-05	 -0.528787	 -0.000265055	 0.759682	 -0.000554869
126.66	 -0.0296991	 -6.87493e-05	 -0.531447	 -0.000278439	 0.733192	 -0.000543519
126.68	 -0.0291141	 -6.83407e-05	 -0.534171	 -0.000292308	 0.706855	 -0.000531462
126.7	 -0.0285307	 -6.78645e-05	 -0.53696	 -0.000306649	 0.680687	 -0.000518715
126.72	 -0.0279494	 -6.73213e-05	 -0.539811	 -0.000321447	 0.654698	 -0.000505293
126.74	 -0.0273705	 -6.67121e-05	 -0.542724	 -0.000336689	 0.628903	 -0.000491216
126.76	 -0.0267948	 -6.60379e-05	 -0.545698	 -0.000352359	 0.603314	 -0.000476502
126.78	 -0.0262226	 -6.52998e-05	 -0.548731	 -0.000368441	 0.577942	 -0.00046117
126.8	 -0.0256544	 -6.44988e-05	 -0.551824	 -0.000384919	 0.552801	 -0.000445241
126.82	 -0.0250907	 -6.36362e-05	 -0.554974	 -0.000401777	 0.527902	 -0.000428737
126.84	 -0.024532	 -6.27133e-05	 -0.558181	 -0.000418997	 0.503257	 -0.00041168
126.86	 -0.0239789	 -6.17316e-05	 -0.561444	 -0.000436562	 0.478878	 -0.000394093
126.88	 -0.0234317	 -6.06924e-05	 -0.564761	 -0.000454454	 0.454776	 -0.000376
126.9	 -0.022891	 -5.95974e-05	 -0.568132	 -0.000472655	 0.430962	 -0.000357426
126.92	 -0.0223571	 -5.84481e-05	 -0.571555	 -0.000491147	 0.407447	 -0.000338396
126.94	 -0.0218307	 -5.72464e-05	 -0.575029	 -0.000509909	 0.384242	 -0.000318936
126.96	 -0.0213121	 -5.59939e-05	 -0.578553	 -0.000528924	 0.361357	 -0.000299073
126.98	 -0.0208018	 -5.46925e-05	 -0.582127	 -0.000548171	 0.338802	 -0.000278835
127	 -0.0203002	 -5.3344e-05	 -0.585749	 -0.000567631	 0.316587	 -0.000258249
127.02	 -0.0198078	 -5.19506e-05	 -0.589417	 -0.000587284	 0.294721	 -0.000237344
127.04	 -0.019325	 -5.05142e-05	 -0.593132	 -0.00060711	 0.273215	 -0.000216148
127.06	 -0.0188523	 -4.90369e-05	 -0.596891	 -0.000627088	 0.252076	 -0.000194692
127.08	 -0.0183899	 -4.75209e-05	 -0.600693	 -0.000647197	 0.231315	 -0.000173004
127.1	 -0.0179383	 -4.59683e-05	 -0.604538	 -0.000667418	 0.210938	 -0.000151116
127.12	 -0.017498	 -4.43815e-05	 -0.608424	 -0.00068773	 0.190954	 -0.000129058
127.14	 -0.0170692	 -4.27626e-05	 -0.61235	 -0.000708111	 0.171372	 -0.000106861
127.16	 -0.0166524	 -4.11142e-05	 -0.616315	 -0.000728541	 0.152198	 -8.45554e-05
127.18	 -0.0162479	 -3.94384e-05	 -0.620318	 -0.000748999	 0.13344	 -6.2173e-05
127.2	 -0.015856	 -3.77379e-05	 -0.624357	 -0.000769464	 0.115104	 -3.97453e-05
127.22	 -0.015477	 -3.60149e-05	 -0.628432	 -0.000789916	 0.0971972	 -1.73039e-05
127.24	 -0.0151113	 -3.4272e-05	 -0.632541	 -0.000810333	 0.0797259	 5.11947e-06
127.26	 -0.0147592	 -3.25117e-05	 -0.636683	 -0.000830695	 0.0626958	 2.74931e-05
127.28	 -0.014421	 -3.07365e-05	 -0.640857	 -0.000850982	 0.0461125	 4.97853e-05
127.3	 -0.0140969	 -2.8949e-05	 -0.645062	 -0.000871173	 0.0299811	 7.19644e-05
127.32	 -0.0137871	 -2.71517e-05	 -0.649296	 -0.000891247	 0.0143067	 9.39988e-05
127.34	 -0.013492	 -2.53471e-05	 -0.653558	 -0.000911185	 -0.000906267	 0.000115857
127.36	 -0.0132117	 -2.35379e-05	 -0.657848	 -0.000930966	 -0.0156535	 0.000137508
127.38	 -0.0129465	 -2.17266e-05	 -0.662163	 -0.000950572	 -0.0299312	 0.000158921
127.4	 -0.0126965	 -1.99158e-05	 -0.666503	 -0.000969982	 -0.0437357	 0.000180064
127.42	 -0.0124619	 -1.8108e-05	 -0.670866	 -0.000989178	 -0.0570639	 0.000200909
127.44	 -0.0122429	 -1.63059e-05	 -0.675251	 -0.00100814	 -0.0699127	 0.000221423
127.46	 -0.0120396	 -1.45119e-05	 -0.679657	 -0.00102685	 -0.0822798	 0.000241579
127.48	 -0.0118522	 -1.27286e-05	 -0.684083	 -0.00104529	 -0.0941627	 0.000261346
127.5	 -0.0116807	 -1.09585e-05	 -0.688528	 -0.00106345	 -0.10556	 0.000280696
127.52	 -0.0115253	 -9.2041e-06	 -0.692989	 -0.0010813	 -0.116469	 0.000299602
127.54	 -0.0113861	 -7.46781e-06	 -0.697466	 -0.00109883	 -0.12689	 0.000318034
127.56	 -0.011263	 -5.75208e-06	 -0.701959	 -0.00111602	 -0.136821	 0.000335966
127.58	 -0.0111561	 -4.05929e-06	 -0.706464	 -0.00113285	 -0.146261	 0.000353373
127.6	 -0.0110655	 -2.39178e-06	 -0.710982	 -0.00114932	 -0.155211	 0.000370228
127.62	 -0.0109911	 -7.51875e-07	 -0.71551	 -0.0011654	 -0.163671	 0.000386506
127.64	 -0.010933	 8.58181e-07	 -0.720048	 -0.00118108	 -0.17164	 0.000402183
127.66	 -0.0108912	 2.43618e-06	 -0.724594	 -0.00119635	 -0.179119	 0.000417235
127.68	 -0.0108655	 3.97996e-06	 -0.729148	 -0.00121119	 -0.18611	 0.000431641
127.7	 -0.0108559	 5.48742e-06	 -0.733707	 -0.00122559	 -0.192613	 0.000445378
127.72	 -0.0108624	 6.95654e-06	 -0.73827	 -0.00123954	 -0.19863	 0.000458426
127.74	 -0.0108848	 8.38532e-06	 -0.742837	 -0.00125302	 -0.204163	 0.000470764
127.76	 -0.010923	 9.77186e-06	 -0.747406	 -0.00126603	 -0.209213	 0.000482374
127.78	 -0.010977	 1.11143e-05	 -0.751975	 -0.00127855	 -0.213784	 0.000493237
127.8	 -0.0110465	 1.24109e-05	 -0.756543	 -0.00129057	 -0.217877	 0.000503336
127.82	 -0.0111314	 1.366e-05	 -0.761109	 -0.00130209	 -0.221497	 0.000512657
127.84	 -0.0112316	 1.48599e-05	 -0.765672	 -0.00131309	 -0.224644	 0.000521182
127.86	 -0.0113468	 1.60091e-05	 -0.770231	 -0.00132357	 -0.227324	 0.000528899
127.88	 -0.0114768	 1.71061e-05	 -0.774783	 -0.00133353	 -0.22954	 0.000535794
127.9	 -0.0116214	 1.81495e-05	 -0.779328	 -0.00134294	 -0.231295	 0.000541857
127.92	 -0.0117805	 1.91382e-05	 -0.783865	 -0.00135181	 -0.232593	 0.000547075
127.94	 -0.0119536	 2.00707e-05	 -0.788392	 -0.00136013	 -0.233439	 0.00055144
127.96	 -0.0121407	 2.09462e-05	 -0.792907	 -0.00136789	 -0.233838	 0.000554943
127.98	 -0.0123413	 2.17634e-05	 -0.79741	 -0.0013751	 -0.233793	 0.000557577
128	 -0.0125552	 2.25215e-05	 -0.8019	 -0.00138174	 -0.23331	 0.000559335
128.02	 -0.0127822	 2.32197e-05	 -0.806374	 -0.00138782	 -0.232394	 0.000560213
128.04	 -0.0130218	 2.38571e-05	 -0.810832	 -0.00139333	 -0.23105	 0.000560208
128.06	 -0.0132738	 2.44332e-05	 -0.815272	 -0.00139827	 -0.229284	 0.000559315
128.08	 -0.0135378	 2.49474e-05	 -0.819693	 -0.00140264	 -0.2271	 0.000557535
128.1	 -0.0138136	 2.53992e-05	 -0.824094	 -0.00140644	 -0.224505	 0.000554866
128.12	 -0.0141006	 2.57883e-05	 -0.828474	 -0.00140967	 -0.221505	 0.000551309
128.14	 -0.0143987	 2.61144e-05	 -0.83283	 -0.00141233	 -0.218105	 0.000546867
128.16	 -0.0147073	 2.63774e-05	 -0.837163	 -0.00141442	 -0.214311	 0.000541543
128.18	 -0.0150261	 2.65771e-05	 -0.84147	 -0.00141595	 -0.210131	 0.000535342
128.2	 -0.0153548	 2.67136e-05	 -0.845751	 -0.00141691	 -0.205569	 0.000528268
128.22	 -0.0156929	 2.6787e-05	 -0.850003	 -0.00141731	 -0.200633	 0.000520328
128.24	 -0.0160399	 2.67976e-05	 -0.854226	 -0.00141716	 -0.195329	 0.000511531
128.26	 -0.0163956	 2.67456e-05	 -0.858419	 -0.00141646	 -0.189664	 0.000501886
128.28	 -0.0167595	 2.66316e-05	 -0.862581	 -0.00141521	 -0.183645	 0.000491402
128.3	 -0.0171311	 2.64559e-05	 -0.866709	 -0.00141342	 -0.177277	 0.00048009
128.32	 -0.01751	 2.62192e-05	 -0.870803	 -0.0014111	 -0.170568	 0.000467964
128.34	 -0.0178959	 2.59222e-05	 -0.874862	 -0.00140825	 -0.163525	 0.000455035
128.36	 -0.0182881	 2.55657e-05	 -0.878884	 -0.00140489	 -0.156155	 0.00044132
128.38	 -0.0186864	 2.51505e-05	 -0.882868	 -0.00140101	 -0.148465	 0.000426833
128.4	 -0.0190903	 2.46776e-05	 -0.886814	 -0.00139663	 -0.140461	 0.00041159
128.42	 -0.0194993	 2.41482e-05	 -0.890719	 -0.00139176	 -0.13215	 0.000395609
128.44	 -0.019913	 2.35632e-05	 -0.894582	 -0.00138641	 -0.12354	 0.000378909
128.46	 -0.0203309	 2.29239e-05	 -0.898403	 -0.00138058	 -0.114638	 0.000361508
128.48	 -0.0207526	 2.22317e-05	 -0.902181	 -0.00137429	 -0.10545	 0.000343427
128.5	 -0.0211776	 2.14878e-05	 -0.905913	 -0.00136755	 -0.0959835	 0.000324687
128.52	 -0.0216055	 2.06938e-05	 -0.9096	 -0.00136037	 -0.0862455	 0.000305311
128.54	 -0.0220359	 1.98512e-05	 -0.91324	 -0.00135276	 -0.0762428	 0.000285319
128.56	 -0.0224683	 1.89615e-05	 -0.916831	 -0.00134474	 -0.0659824	 0.000264738
128.58	 -0.0229022	 1.80265e-05	 -0.920373	 -0.00133632	 -0.0554711	 0.00024359
128.6	 -0.0233373	 1.70478e-05	 -0.923864	 -0.0013275	 -0.0447157	 0.0002219
128.62	 -0.023773	 1.60273e-05	 -0.927304	 -0.00131831	 -0.0337229	 0.000199695
128.64	 -0.024209	 1.49668e-05	 -0.930691	 -0.00130876	 -0.0224995	 0.000177001
128.66	 -0.0246448	 1.38682e-05	 -0.934025	 -0.00129886	 -0.0110521	 0.000153845
128.68	 -0.0250801	 1.27335e-05	 -0.937304	 -0.00128862	 0.000612817	 0.000130254
128.7	 -0.0255143	 1.15647e-05	 -0.940528	 -0.00127807	 0.0124887	 0.000106258
128.72	 -0.0259471	 1.03639e-05	 -0.943694	 -0.00126721	 0.0245691	 8.18831e-05
128.74	 -0.0263781	 9.13306e-06	 -0.946803	 -0.00125606	 0.0368478	 5.71604e-05
128.76	 -0.0268069	 7.87445e-06	 -0.949854	 -0.00124464	 0.0493185	 3.21189e-05
128.78	 -0.0272331	 6.59023e-06	 -0.952845	 -0.00123296	 0.0619751	 6.78875e-06
128.8	 -0.0276563	 5.2826e-06	 -0.955775	 -0.00122104	 0.0748116	 -1.87997e-05
128.82	 -0.0280762	 3.95381e-06	 -0.958644	 -0.0012089	 0.0878221	 -4.46156e-05
128.84	 -0.0284923	 2.60613e-06	 -0.96145	 -0.00119654	 0.101001	 -7.0628e-05
128.86	 -0.0289043	 1.24187e-06	 -0.964193	 -0.001184	 0.114342	 -9.68057e-05
128.88	 -0.029312	 -1.36679e-07	 -0.966873	 -0.00117127	 0.127839	 -0.000123117
128.9	 -0.0297148	 -1.52717e-06	 -0.969487	 -0.00115838	 0.141488	 -0.000149531
128.92	 -0.0301126	 -2.92728e-06	 -0.972035	 -0.00114536	 0.155283	 -0.000176014
128.94	 -0.030505	 -4.33465e-06	 -0.974516	 -0.0011322	 0.169219	 -0.000202537
128.96	 -0.0308917	 -5.74692e-06	 -0.976931	 -0.00111893	 0.183291	 -0.000229065
128.98	 -0.0312724	 -7.16174e-06	 -0.979276	 -0.00110557	 0.197493	 -0.000255569
129	 -0.0316469	 -8.57676e-06	 -0.981553	 -0.00109213	 0.211821	 -0.000282014
129.02	 -0.0320147	 -9.98964e-06	 -0.983761	 -0.00107863	 0.22627	 -0.000308371
129.04	 -0.0323758	 -1.1398e-05	 -0.985897	 -0.00106509	 0.240835	 -0.000334607
129.06	 -0.0327298	 -1.27996e-05	 -0.987963	 -0.00105152	 0.255512	 -0.00036069
129.08	 -0.0330765	 -1.4192e-05	 -0.989956	 -0.00103794	 0.270297	 -0.000386589
129.1	 -0.0334157	 -1.5573e-05	 -0.991877	 -0.00102437	 0.285186	 -0.000412273
129.12	 -0.0337472	 -1.69404e-05	 -0.993725	 -0.00101082	 0.300174	 -0.000437711
129.14	 -0.0340707	 -1.82918e-05	 -0.995499	 -0.000997302	 0.315257	 -0.000462872
129.16	 -0.0343862	 -1.9625e-05	 -0.997199	 -0.000983842	 0.330432	 -0.000487727
129.18	 -0.0346933	 -2.09379e-05	 -0.998823	 -0.000970452	 0.345695	 -0.000512245
129.2	 -0.034992	 -2.22284e-05	 -1.00037	 -0.000957148	 0.361043	 -0.000536396
129.22	 -0.0352822	 -2.34942e-05	 -1.00184	 -0.000943944	 0.376472	 -0.000560152
129.24	 -0.0355636	 -2.47334e-05	 -1.00324	 -0.000930856	 0.391978	 -0.000583484
129.26	 -0.0358362	 -2.5944e-05	 -1.00456	 -0.0009179	 0.407559	 -0.000606365
129.28	 -0.0360999	 -2.71238e-05	 -1.0058	 -0.000905089	 0.423212	 -0.000628766
129.3	 -0.0363545	 -2.82711e-05	 -1.00696	 -0.000892439	 0.438933	 -0.000650661
129.32	 -0.0366	 -2.9384e-05	 -1.00805	 -0.000879963	 0.454721	 -0.000672023
129.34	 -0.0368364	 -3.04606e-05	 -1.00905	 -0.000867676	 0.470572	 -0.000692827
129.36	 -0.0370635	 -3.14992e-05	 -1.00998	 -0.00085559	 0.486483	 -0.000713048
129.38	 -0.0372814	 -3.2498e-05	 -1.01083	 -0.000843719	 0.502454	 -0.000732662
129.4	 -0.03749	 -3.34555e-05	 -1.01159	 -0.000832075	 0.51848	 -0.000751645
129.42	 -0.0376893	 -3.43701e-05	 -1.01228	 -0.000820672	 0.53456	 -0.000769974
129.44	 -0.0378793	 -3.52402e-05	 -1.01289	 -0.000809522	 0.550692	 -0.000787628
129.46	 -0.03806	 -3.60644e-05	 -1.01341	 -0.000798635	 0.566875	 -0.000804586
129.48	 -0.0382315	 -3.68414e-05	 -1.01385	 -0.000788023	 0.583105	 -0.000820826
129.5	 -0.0383938	 -3.75698e-05	 -1.01421	 -0.000777698	 0.599382	 -0.000836331
129.52	 -0.0385469	 -3.82485e-05	 -1.01449	 -0.000767669	 0.615703	 -0.00085108
129.54	 -0.0386909	 -3.88762e-05	 -1.01469	 -0.000757946	 0.632067	 -0.000865057
129.56	 -0.038826	 -3.94519e-05	 -1.01481	 -0.00074854	 0.648473	 -0.000878245
129.58	 -0.0389521	 -3.99746e-05	 -1.01484	 -0.000739459	 0.664919	 -0.000890629
129.6	 -0.0390694	 -4.04434e-05	 -1.01479	 -0.000730711	 0.681404	 -0.000902192
129.62	 -0.039178	 -4.08575e-05	 -1.01466	 -0.000722305	 0.697926	 -0.000912923
129.64	 -0.0392781	 -4.1216e-05	 -1.01444	 -0.000714249	 0.714485	 -0.000922808
129.66	 -0.0393697	 -4.15184e-05	 -1.01414	 -0.000706549	 0.731079	 -0.000931834
129.68	 -0.039453	 -4.1764e-05	 -1.01376	 -0.000699212	 0.747708	 -0.000939993
129.7	 -0.0395282	 -4.19523e-05	 -1.0133	 -0.000692245	 0.764369	 -0.000947273
129.72	 -0.0395955	 -4.20829e-05	 -1.01276	 -0.000685652	 0.781063	 -0.000953666
129.74	 -0.039655	 -4.21554e-05	 -1.01213	 -0.000679439	 0.797788	 -0.000959165
129.76	 -0.0397069	 -4.21696e-05	 -1.01142	 -0.00067361	 0.814543	 -0.000963764
129.78	 -0.0397514	 -4.21253e-05	 -1.01062	 -0.00066817	 0.831328	 -0.000967456
129.8	 -0.0397887	 -4.20224e-05	 -1.00975	 -0.000663121	 0.848141	 -0.000970238
129.82	 -0.0398191	 -4.18609e-05	 -1.00879	 -0.000658466	 0.864983	 -0.000972106
129.84	 -0.0398428	 -4.16409e-05	 -1.00775	 -0.000654208	 0.881851	 -0.000973059
129.86	 -0.0398599	 -4.13625e-05	 -1.00662	 -0.000650349	 0.898746	 -0.000973094
129.88	 -0.0398708	 -4.10259e-05	 -1.00542	 -0.00064689	 0.915666	 -0.000972213
129.9	 -0.0398757	 -4.06315e-05	 -1.00413	 -0.00064383	 0.932611	 -0.000970416
129.92	 -0.0398748	 -4.01797e-05	 -1.00276	 -0.000641171	 0.94958	 -0.000967706
129.94	 -0.0398684	 -3.96709e-05	 -1.00131	 -0.000638912	 0.966572	 -0.000964086
129.96	 -0.0398568	 -3.91057e-05	 -0.999784	 -0.000637052	 0.983587	 -0.00095956
129.98	 -0.0398402	 -3.84848e-05	 -0.998174	 -0.000635589	 1.00062	 -0.000954135
130	 -0.0398189	 -3.78088e-05	 -0.996483	 -0.000634521	 1.01768	 -0.000947816
130.02	 -0.0397933	 -3.70785e-05	 -0.994712	 -0.000633846	 1.03476	 -0.000940611
130.04	 -0.0397636	 -3.62948e-05	 -0.992862	 -0.000633559	 1.05185	 -0.000932528
130.06	 -0.03973	 -3.54585e-05	 -0.990933	 -0.000633658	 1.06897	 -0.000923579
130.08	 -0.0396929	 -3.45708e-05	 -0.988926	 -0.000634137	 1.0861	 -0.000913773
130.1	 -0.0396526	 -3.36326e-05	 -0.98684	 -0.000634992	 1.10324	 -0.000903122
130.12	 -0.0396094	 -3.26452e-05	 -0.984676	 -0.000636218	 1.1204	 -0.000891639
130.14	 -0.0395635	 -3.16096e-05	 -0.982436	 -0.000637808	 1.13758	 -0.000879337
130.16	 -0.0395154	 -3.05271e-05	 -0.980119	 -0.000639756	 1.15477	 -0.000866232
130.18	 -0.0394652	 -2.93992e-05	 -0.977726	 -0.000642056	 1.17196	 -0.000852339
130.2	 -0.0394134	 -2.8227e-05	 -0.975257	 -0.000644698	 1.18917	 -0.000837675
130.22	 -0.0393601	 -2.70122e-05	 -0.972714	 -0.000647677	 1.20639	 -0.000822257
130.24	 -0.0393058	 -2.57561e-05	 -0.970097	 -0.000650982	 1.22361	 -0.000806104
130.26	 -0.0392507	 -2.44604e-05	 -0.967406	 -0.000654605	 1.24083	 -0.000789234
130.28	 -0.0391951	 -2.31265e-05	 -0.964642	 -0.000658537	 1.25806	 -0.000771669
130.3	 -0.0391394	 -2.17562e-05	 -0.961807	 -0.000662767	 1.2753	 -0.000753429
130.32	 -0.0390838	 -2.03511e-05	 -0.9589	 -0.000667286	 1.29253	 -0.000734536
130.34	 -0.0390286	 -1.89129e-05	 -0.955922	 -0.000672082	 1.30975	 -0.000715011
130.36	 -0.0389742	 -1.74435e-05	 -0.952875	 -0.000677145	 1.32698	 -0.00069488
130.38	 -0.0389208	 -1.59446e-05	 -0.949759	 -0.000682463	 1.34419	 -0.000674165
130.4	 -0.0388688	 -1.4418e-05	 -0.946575	 -0.000688024	 1.3614	 -0.000652891
130.42	 -0.0388184	 -1.28657e-05	 -0.943324	 -0.000693816	 1.37859	 -0.000631083
130.44	 -0.0387699	 -1.12895e-05	 -0.940006	 -0.000699825	 1.39577	 -0.000608767
130.46	 -0.0387236	 -9.69132e-06	 -0.936623	 -0.00070604	 1.41293	 -0.000585971
130.48	 -0.0386797	 -8.07318e-06	 -0.933176	 -0.000712446	 1.43007	 -0.00056272
130.5	 -0.0386386	 -6.43702e-06	 -0.929666	 -0.00071903	 1.44719	 -0.000539043
130.52	 -0.0386005	 -4.78484e-06	 -0.926093	 -0.000725779	 1.46428	 -0.000514967
130.54	 -0.0385657	 -3.11864e-06	 -0.922458	 -0.000732678	 1.48134	 -0.00049052
130.56	 -0.0385343	 -1.44045e-06	 -0.918764	 -0.000739712	 1.49836	 -0.000465733
130.58	 -0.0385067	 2.47695e-07	 -0.91501	 -0.000746867	 1.51535	 -0.000440634
130.6	 -0.0384831	 1.94376e-06	 -0.911198	 -0.000754128	 1.5323	 -0.000415253
130.62	 -0.0384637	 3.64568e-06	 -0.907329	 -0.00076148	 1.54921	 -0.000389619
130.64	 -0.0384488	 5.35142e-06	 -0.903405	 -0.000768908	 1.56606	 -0.000363764
130.66	 -0.0384385	 7.05893e-06	 -0.899425	 -0.000776397	 1.58286	 -0.000337717
130.68	 -0.0384331	 8.76616e-06	 -0.895393	 -0.00078393	 1.59961	 -0.000311509
130.7	 -0.0384328	 1.04711e-05	 -0.891308	 -0.000791493	 1.61629	 -0.000285172
130.72	 -0.0384377	 1.21716e-05	 -0.887172	 -0.00079907	 1.63291	 -0.000258735
130.74	 -0.0384481	 1.38657e-05	 -0.882987	 -0.000806644	 1.64946	 -0.000232231
130.76	 -0.038464	 1.55515e-05	 -0.878753	 -0.000814201	 1.66593	 -0.000205689
130.78	 -0.0384858	 1.72268e-05	 -0.874473	 -0.000821723	 1.68232	 -0.000179143
130.8	 -0.0385134	 1.88898e-05	 -0.870146	 -0.000829196	 1.69862	 -0.000152621
130.82	 -0.0385471	 2.05384e-05	 -0.865776	 -0.000836604	 1.71484	 -0.000126157
130.84	 -0.0385869	 2.21707e-05	 -0.861363	 -0.00084393	 1.73096	 -9.97794e-05
130.86	 -0.0386331	 2.37848e-05	 -0.856908	 -0.00085116	 1.74697	 -7.35205e-05
130.88	 -0.0386857	 2.53788e-05	 -0.852413	 -0.000858277	 1.76288	 -4.74106e-05
130.9	 -0.0387447	 2.69509e-05	 -0.84788	 -0.000865266	 1.77867	 -2.14801e-05
130.92	 -0.0388104	 2.84992e-05	 -0.84331	 -0.000872111	 1.79435	 4.24073e-06
130.94	 -0.0388827	 3.00219e-05	 -0.838704	 -0.000878798	 1.8099	 2.9722e-05
130.96	 -0.0389618	 3.15173e-05	 -0.834065	 -0.000885311	 1.82532	 5.49342e-05
130.98	 -0.0390476	 3.29836e-05	 -0.829393	 -0.000891636	 1.8406	 7.9848e-05
131	 -0.0391403	 3.44192e-05	 -0.82469	 -0.000897757	 1.85573	 0.000104435
131.02	 -0.0392398	 3.58223e-05	 -0.819958	 -0.000903661	 1.87072	 0.000128666
131.04	 -0.0393461	 3.71914e-05	 -0.815198	 -0.000909333	 1.88555	 0.000152513
131.06	 -0.0394593	 3.8525e-05	 -0.810412	 -0.00091476	 1.90021	 0.00017595
131.08	 -0.0395794	 3.98215e-05	 -0.805602	 -0.000919928	 1.9147	 0.000198948
131.1	 -0.0397063	 4.10793e-05	 -0.800769	 -0.000924824	 1.92902	 0.000221482
131.12	 -0.03984	 4.22972e-05	 -0.795915	 -0.000929434	 1.94315	 0.000243526
131.14	 -0.0399805	 4.34737e-05	 -0.791041	 -0.000933747	 1.95708	 0.000265055
131.16	 -0.0401276	 4.46075e-05	 -0.78615	 -0.000937751	 1.97082	 0.000286044
131.18	 -0.0402814	 4.56973e-05	 -0.781243	 -0.000941434	 1.98435	 0.000306469
131.2	 -0.0404418	 4.67419e-05	 -0.776322	 -0.000944784	 1.99767	 0.000326308
131.22	 -0.0406086	 4.77401e-05	 -0.771388	 -0.00094779	 2.01077	 0.000345537
131.24	 -0.0407818	 4.86908e-05	 -0.766443	 -0.000950444	 2.02364	 0.000364136
131.26	 -0.0409612	 4.95929e-05	 -0.76149	 -0.000952734	 2.03627	 0.000382083
131.28	 -0.0411468	 5.04455e-05	 -0.756529	 -0.000954651	 2.04866	 0.000399359
131.3	 -0.0413383	 5.12475e-05	 -0.751563	 -0.000956186	 2.06079	 0.000415945
131.32	 -0.0415357	 5.19981e-05	 -0.746594	 -0.000957332	 2.07267	 0.000431821
131.34	 -0.0417387	 5.26964e-05	 -0.741622	 -0.00095808	 2.08428	 0.000446971
131.36	 -0.0419472	 5.33417e-05	 -0.736651	 -0.000958423	 2.09562	 0.000461378
131.38	 -0.0421611	 5.39332e-05	 -0.731682	 -0.000958355	 2.10668	 0.000475027
131.4	 -0.04238	 5.44703e-05	 -0.726716	 -0.000957869	 2.11744	 0.000487902
131.42	 -0.0426039	 5.49523e-05	 -0.721755	 -0.000956961	 2.12791	 0.000499991
131.44	 -0.0428325	 5.53788e-05	 -0.716802	 -0.000955624	 2.13808	 0.00051128
131.46	 -0.0430655	 5.57492e-05	 -0.711858	 -0.000953856	 2.14793	 0.000521759
131.48	 -0.0433028	 5.60632e-05	 -0.706925	 -0.000951652	 2.15746	 0.000531415
131.5	 -0.0435441	 5.63203e-05	 -0.702005	 -0.00094901	 2.16667	 0.00054024
131.52	 -0.0437891	 5.65202e-05	 -0.697099	 -0.000945927	 2.17554	 0.000548225
131.54	 -0.0440376	 5.66627e-05	 -0.69221	 -0.000942402	 2.18407	 0.000555363
131.56	 -0.0442893	 5.67477e-05	 -0.687339	 -0.000938433	 2.19224	 0.000561646
131.58	 -0.044544	 5.67749e-05	 -0.682488	 -0.00093402	 2.20007	 0.000567069
131.6	 -0.0448013	 5.67443e-05	 -0.67766	 -0.000929164	 2.20752	 0.000571628
131.62	 -0.0450609	 5.6656e-05	 -0.672854	 -0.000923866	 2.21461	 0.00057532
131.64	 -0.0453226	 5.65099e-05	 -0.668075	 -0.000918127	 2.22132	 0.000578142
131.66	 -0.045586	 5.63061e-05	 -0.663323	 -0.00091195	 2.22764	 0.000580093
131.68	 -0.0458508	 5.60449e-05	 -0.658599	 -0.000905338	 2.23357	 0.000581173
131.7	 -0.0461167	 5.57264e-05	 -0.653907	 -0.000898294	 2.2391	 0.000581383
131.72	 -0.0463834	 5.53509e-05	 -0.649248	 -0.000890824	 2.24423	 0.000580725
131.74	 -0.0466505	 5.49188e-05	 -0.644623	 -0.000882931	 2.24895	 0.000579202
131.76	 -0.0469176	 5.44304e-05	 -0.640034	 -0.000874622	 2.25324	 0.000576818
131.78	 -0.0471845	 5.38862e-05	 -0.635483	 -0.000865903	 2.25712	 0.000573579
131.8	 -0.0474508	 5.32867e-05	 -0.630971	 -0.000856782	 2.26056	 0.00056949
131.82	 -0.047716	 5.26324e-05	 -0.626501	 -0.000847266	 2.26357	 0.00056456
131.84	 -0.04798	 5.19239e-05	 -0.622074	 -0.000837363	 2.26613	 0.000558796
131.86	 -0.0482422	 5.11619e-05	 -0.617691	 -0.000827082	 2.26825	 0.000552208
131.88	 -0.0485024	 5.03471e-05	 -0.613355	 -0.000816434	 2.26991	 0.000544807
131.9	 -0.0487601	 4.94803e-05	 -0.609067	 -0.000805428	 2.27112	 0.000536604
131.92	 -0.049015	 4.85622e-05	 -0.604829	 -0.000794075	 2.27187	 0.000527611
131.94	 -0.0492667	 4.75937e-05	 -0.600641	 -0.000782387	 2.27215	 0.000517842
131.96	 -0.0495149	 4.65757e-05	 -0.596506	 -0.000770376	 2.27196	 0.000507311
131.98	 -0.0497591	 4.55092e-05	 -0.592426	 -0.000758054	 2.27129	 0.000496034
132	 -0.049999	 4.43951e-05	 -0.588401	 -0.000745435	 2.27014	 0.000484026
132.02	 -0.0502343	 4.32345e-05	 -0.584434	 -0.000732532	 2.26851	 0.000471306
132.04	 -0.0504645	 4.20284e-05	 -0.580525	 -0.000719359	 2.2664	 0.000457891
132.06	 -0.0506892	 4.07781e-05	 -0.576677	 -0.000705932	 2.26379	 0.000443799
132.08	 -0.0509082	 3.94846e-05	 -0.57289	 -0.000692266	 2.26069	 0.000429052
132.1	 -0.0511209	 3.81492e-05	 -0.569166	 -0.000678376	 2.2571	 0.000413669
132.12	 -0.0513271	 3.67732e-05	 -0.565506	 -0.000664278	 2.25301	 0.000397672
132.14	 -0.0515264	 3.53577e-05	 -0.561912	 -0.000649989	 2.24842	 0.000381083
132.16	 -0.0517185	 3.39041e-05	 -0.558385	 -0.000635527	 2.24333	 0.000363925
132.18	 -0.0519029	 3.24139e-05	 -0.554926	 -0.000620907	 2.23773	 0.000346221
132.2	 -0.0520793	 3.08883e-05	 -0.551536	 -0.000606149	 2.23163	 0.000327996
132.22	 -0.0522474	 2.93289e-05	 -0.548217	 -0.000591271	 2.22503	 0.000309274
132.24	 -0.0524068	 2.7737e-05	 -0.54497	 -0.00057629	 2.21792	 0.000290082
132.26	 -0.0525573	 2.61142e-05	 -0.541796	 -0.000561225	 2.2103	 0.000270445
132.28	 -0.0526983	 2.4462e-05	 -0.538696	 -0.000546096	 2.20218	 0.00025039
132.3	 -0.0528297	 2.27819e-05	 -0.535671	 -0.000530922	 2.19355	 0.000229945
132.32	 -0.0529511	 2.10756e-05	 -0.532722	 -0.000515721	 2.18442	 0.000209137
132.34	 -0.0530622	 1.93446e-05	 -0.529851	 -0.000500514	 2.17478	 0.000187993
132.36	 -0.0531627	 1.75907e-05	 -0.527057	 -0.000485321	 2.16464	 0.000166544
132.38	 -0.0532524	 1.58153e-05	 -0.524343	 -0.000470161	 2.15399	 0.000144818
132.4	 -0.0533308	 1.40203e-05	 -0.521708	 -0.000455054	 2.14285	 0.000122844
132.42	 -0.0533978	 1.22072e-05	 -0.519154	 -0.000440021	 2.13121	 0.000100652
132.44	 -0.0534531	 1.0378e-05	 -0.516682	 -0.000425081	 2.11908	 7.82711e-05
132.46	 -0.0534963	 8.53417e-06	 -0.514292	 -0.000410255	 2.10645	 5.57328e-05
132.48	 -0.0535274	 6.67764e-06	 -0.511985	 -0.000395564	 2.09333	 3.30668e-05
132.5	 -0.053546	 4.81012e-06	 -0.509763	 -0.000381026	 2.07973	 1.03039e-05
132.52	 -0.0535519	 2.93341e-06	 -0.507624	 -0.000366663	 2.06565	 -1.25253e-05
132.54	 -0.053545	 1.0493e-06	 -0.505571	 -0.000352494	 2.05109	 -3.53901e-05
132.56	 -0.0535249	 -8.40391e-07	 -0.503603	 -0.00033854	 2.03606	 -5.82596e-05
132.58	 -0.0534916	 -2.73385e-06	 -0.501722	 -0.00032482	 2.02056	 -8.11029e-05
132.6	 -0.0534448	 -4.62925e-06	 -0.499927	 -0.000311353	 2.0046	 -0.000103889
132.62	 -0.0533844	 -6.52477e-06	 -0.49822	 -0.000298159	 1.98819	 -0.000126588
132.64	 -0.0533103	 -8.41856e-06	 -0.496601	 -0.000285258	 1.97132	 -0.000149168
132.66	 -0.0532223	 -1.03088e-05	 -0.495069	 -0.000272668	 1.95401	 -0.000171599
132.68	 -0.0531203	 -1.21936e-05	 -0.493626	 -0.000260408	 1.93626	 -0.000193851
132.7	 -0.0530042	 -1.40712e-05	 -0.492272	 -0.000248497	 1.91807	 -0.000215894
132.72	 -0.0528739	 -1.59397e-05	 -0.491007	 -0.000236952	 1.89947	 -0.000237698
132.74	 -0.0527294	 -1.77972e-05	 -0.489831	 -0.000225791	 1.88045	 -0.000259233
132.76	 -0.0525705	 -1.9642e-05	 -0.488744	 -0.000215031	 1.86101	 -0.00028047
132.78	 -0.0523973	 -2.14723e-05	 -0.487747	 -0.000204689	 1.84118	 -0.000301381
132.8	 -0.0522098	 -2.32861e-05	 -0.48684	 -0.000194782	 1.82096	 -0.000321936
132.82	 -0.0520078	 -2.50817e-05	 -0.486023	 -0.000185325	 1.80035	 -0.000342109
132.84	 -0.0517915	 -2.68573e-05	 -0.485296	 -0.000176335	 1.77937	 -0.000361871
132.86	 -0.0515609	 -2.86112e-05	 -0.484659	 -0.000167825	 1.75802	 -0.000381196
132.88	 -0.0513159	 -3.03414e-05	 -0.484112	 -0.000159811	 1.73632	 -0.000400057
132.9	 -0.0510566	 -3.20464e-05	 -0.483655	 -0.000152305	 1.71427	 -0.000418429
132.92	 -0.0507832	 -3.37243e-05	 -0.483288	 -0.000145322	 1.69189	 -0.000436287
132.94	 -0.0504957	 -3.53734e-05	 -0.48301	 -0.000138874	 1.66918	 -0.000453606
132.96	 -0.0501941	 -3.69921e-05	 -0.482822	 -0.000132972	 1.64615	 -0.000470362
132.98	 -0.0498787	 -3.85786e-05	 -0.482724	 -0.000127629	 1.62282	 -0.000486533
133	 -0.0495496	 -4.01313e-05	 -0.482714	 -0.000122855	 1.5992	 -0.000502097
133.02	 -0.0492068	 -4.16487e-05	 -0.482794	 -0.00011866	 1.5753	 -0.000517031
133.04	 -0.0488506	 -4.31291e-05	 -0.482963	 -0.000115053	 1.55112	 -0.000531316
133.06	 -0.0484812	 -4.4571e-05	 -0.48322	 -0.000112044	 1.52669	 -0.000544932
133.08	 -0.0480987	 -4.59729e-05	 -0.483565	 -0.000109639	 1.50201	 -0.00055786
133.1	 -0.0477034	 -4.73333e-05	 -0.483998	 -0.000107847	 1.4771	 -0.000570082
133.12	 -0.0472955	 -4.86508e-05	 -0.484518	 -0.000106674	 1.45196	 -0.000581581
133.14	 -0.0468752	 -4.99239e-05	 -0.485125	 -0.000106125	 1.42661	 -0.000592342
133.16	 -0.0464428	 -5.11514e-05	 -0.485819	 -0.000106205	 1.40106	 -0.000602348
133.18	 -0.0459985	 -5.23319e-05	 -0.486598	 -0.000106919	 1.37533	 -0.000611587
133.2	 -0.0455428	 -5.34641e-05	 -0.487464	 -0.00010827	 1.34943	 -0.000620045
133.22	 -0.0450758	 -5.45469e-05	 -0.488414	 -0.000110261	 1.32336	 -0.000627711
133.24	 -0.0445979	 -5.55791e-05	 -0.489449	 -0.000112894	 1.29716	 -0.000634573
133.26	 -0.0441093	 -5.65595e-05	 -0.490568	 -0.000116169	 1.27081	 -0.000640622
133.28	 -0.0436106	 -5.74872e-05	 -0.49177	 -0.000120087	 1.24435	 -0.000645849
133.3	 -0.0431019	 -5.8361e-05	 -0.493055	 -0.000124648	 1.21778	 -0.000650246
133.32	 -0.0425838	 -5.91801e-05	 -0.494421	 -0.000129849	 1.19112	 -0.000653808
133.34	 -0.0420565	 -5.99436e-05	 -0.49587	 -0.000135689	 1.16438	 -0.000656529
133.36	 -0.0415204	 -6.06506e-05	 -0.497399	 -0.000142165	 1.13757	 -0.000658405
133.38	 -0.040976	 -6.13004e-05	 -0.499008	 -0.000149273	 1.11071	 -0.000659433
133.4	 -0.0404237	 -6.18923e-05	 -0.500696	 -0.000157008	 1.08381	 -0.000659612
133.42	 -0.0398639	 -6.24255e-05	 -0.502463	 -0.000165365	 1.05689	 -0.00065894
133.44	 -0.0392971	 -6.28996e-05	 -0.504308	 -0.000174338	 1.02995	 -0.000657418
133.46	 -0.0387236	 -6.33141e-05	 -0.50623	 -0.000183921	 1.00302	 -0.000655048
133.48	 -0.038144	 -6.36684e-05	 -0.508228	 -0.000194104	 0.976102	 -0.000651834
133.5	 -0.0375587	 -6.39623e-05	 -0.510301	 -0.00020488	 0.949213	 -0.000647778
133.52	 -0.0369682	 -6.41954e-05	 -0.512449	 -0.00021624	 0.922367	 -0.000642887
133.54	 -0.0363729	 -6.43675e-05	 -0.51467	 -0.000228174	 0.895577	 -0.000637167
133.56	 -0.0357734	 -6.44785e-05	 -0.516965	 -0.000240671	 0.868857	 -0.000630625
133.58	 -0.0351701	 -6.45282e-05	 -0.519331	 -0.000253719	 0.84222	 -0.00062327
133.6	 -0.0345635	 -6.45167e-05	 -0.521769	 -0.000267307	 0.81568	 -0.000615113
133.62	 -0.0339542	 -6.44441e-05	 -0.524276	 -0.000281422	 0.789249	 -0.000606163
133.64	 -0.0333427	 -6.43105e-05	 -0.526853	 -0.000296051	 0.762941	 -0.000596434
133.66	 -0.0327294	 -6.4116e-05	 -0.529499	 -0.000311179	 0.736768	 -0.000585938
133.68	 -0.0321149	 -6.38611e-05	 -0.532211	 -0.000326791	 0.710744	 -0.000574689
133.7	 -0.0314997	 -6.3546e-05	 -0.53499	 -0.000342873	 0.684882	 -0.000562704
133.72	 -0.0308844	 -6.31713e-05	 -0.537834	 -0.000359408	 0.659193	 -0.000549999
133.74	 -0.0302693	 -6.27374e-05	 -0.540743	 -0.00037638	 0.63369	 -0.000536591
133.76	 -0.0296552	 -6.2245e-05	 -0.543714	 -0.000393773	 0.608387	 -0.000522498
133.78	 -0.0290424	 -6.16947e-05	 -0.546749	 -0.000411567	 0.583294	 -0.00050774
133.8	 -0.0284316	 -6.10873e-05	 -0.549844	 -0.000429746	 0.558423	 -0.000492337
133.82	 -0.0278232	 -6.04236e-05	 -0.553	 -0.000448291	 0.533787	 -0.000476312
133.84	 -0.0272178	 -5.97045e-05	 -0.556215	 -0.000467182	 0.509398	 -0.000459685
133.86	 -0.0266158	 -5.8931e-05	 -0.559488	 -0.0004864	 0.485265	 -0.00044248
133.88	 -0.0260179	 -5.81041e-05	 -0.562818	 -0.000505926	 0.461401	 -0.000424721
133.9	 -0.0254245	 -5.72249e-05	 -0.566204	 -0.000525739	 0.437817	 -0.000406433
133.92	 -0.0248361	 -5.62946e-05	 -0.569645	 -0.000545819	 0.414522	 -0.000387641
133.94	 -0.0242532	 -5.53146e-05	 -0.57314	 -0.000566144	 0.391528	 -0.000368372
133.96	 -0.0236764	 -5.4286e-05	 -0.576687	 -0.000586693	 0.368845	 -0.000348652
133.98	 -0.0231061	 -5.32103e-05	 -0.580286	 -0.000607445	 0.346482	 -0.000328509
134	 -0.0225429	 -5.2089e-05	 -0.583935	 -0.000628379	 0.32445	 -0.000307972
134.02	 -0.0219871	 -5.09236e-05	 -0.587633	 -0.000649471	 0.302758	 -0.000287069
134.04	 -0.0214393	 -4.97156e-05	 -0.59138	 -0.0006707	 0.281414	 -0.000265829
134.06	 -0.0208999	 -4.84666e-05	 -0.595173	 -0.000692044	 0.260429	 -0.000244283
134.08	 -0.0203694	 -4.71785e-05	 -0.599012	 -0.000713481	 0.239809	 -0.000222461
134.1	 -0.0198483	 -4.58529e-05	 -0.602895	 -0.000734987	 0.219565	 -0.000200393
134.12	 -0.019337	 -4.44916e-05	 -0.606822	 -0.00075654	 0.199704	 -0.000178111
134.14	 -0.0188358	 -4.30965e-05	 -0.61079	 -0.000778117	 0.180232	 -0.000155647
134.16	 -0.0183453	 -4.16695e-05	 -0.6148	 -0.000799696	 0.161159	 -0.000133031
134.18	 -0.0178658	 -4.02125e-05	 -0.618849	 -0.000821254	 0.142491	 -0.000110297
134.2	 -0.0173977	 -3.87276e-05	 -0.622937	 -0.000842769	 0.124235	 -8.74756e-05
134.22	 -0.0169415	 -3.72167e-05	 -0.627062	 -0.000864217	 0.106398	 -6.46003e-05
134.24	 -0.0164974	 -3.5682e-05	 -0.631222	 -0.000885577	 0.0889846	 -4.17032e-05
134.26	 -0.0160658	 -3.41254e-05	 -0.635418	 -0.000906826	 0.072002	 -1.88169e-05
134.28	 -0.0156471	 -3.25493e-05	 -0.639647	 -0.000927942	 0.0554554	 4.02589e-06
134.3	 -0.0152416	 -3.09556e-05	 -0.643908	 -0.000948903	 0.0393502	 2.67927e-05
134.32	 -0.0148496	 -2.93466e-05	 -0.648199	 -0.000969687	 0.0236912	 4.94511e-05
134.34	 -0.0144714	 -2.77246e-05	 -0.652521	 -0.000990273	 0.008483	 7.19685e-05
134.36	 -0.0141073	 -2.60917e-05	 -0.656871	 -0.00101064	 -0.00627009	 9.43129e-05
134.38	 -0.0137576	 -2.44502e-05	 -0.661247	 -0.00103077	 -0.0205641	 0.000116452
134.4	 -0.0134225	 -2.28023e-05	 -0.66565	 -0.00105063	 -0.0343955	 0.000138354
134.42	 -0.0131023	 -2.11503e-05	 -0.670077	 -0.00107021	 -0.0477608	 0.000159989
134.44	 -0.0127971	 -1.94964e-05	 -0.674526	 -0.0010895	 -0.0606572	 0.000181323
134.46	 -0.0125072	 -1.78431e-05	 -0.678998	 -0.00110846	 -0.0730818	 0.000202328
134.48	 -0.0122328	 -1.61924e-05	 -0.68349	 -0.00112708	 -0.0850325	 0.000222972
134.5	 -0.011974	 -1.45467e-05	 -0.688001	 -0.00114535	 -0.0965072	 0.000243225
134.52	 -0.011731	 -1.29083e-05	 -0.69253	 -0.00116323	 -0.107504	 0.000263059
134.54	 -0.011504	 -1.12793e-05	 -0.697075	 -0.00118073	 -0.118022	 0.000282445
134.56	 -0.0112931	 -9.66209e-06	 -0.701636	 -0.00119781	 -0.128059	 0.000301355
134.58	 -0.0110983	 -8.05882e-06	 -0.706209	 -0.00121446	 -0.137616	 0.00031976
134.6	 -0.0109197	 -6.47169e-06	 -0.710796	 -0.00123068	 -0.146691	 0.000337634
134.62	 -0.0107575	 -4.90288e-06	 -0.715393	 -0.00124643	 -0.155284	 0.000354952
134.64	 -0.0106117	 -3.35453e-06	 -0.72	 -0.0012617	 -0.163396	 0.000371687
134.66	 -0.0104822	 -1.82876e-06	 -0.724615	 -0.00127649	 -0.171026	 0.000387816
134.68	 -0.0103692	 -3.27653e-07	 -0.729237	 -0.00129078	 -0.178176	 0.000403313
134.7	 -0.0102727	 1.14676e-06	 -0.733865	 -0.00130455	 -0.184847	 0.000418157
134.72	 -0.0101925	 2.59246e-06	 -0.738497	 -0.00131779	 -0.191039	 0.000432326
134.74	 -0.0101288	 4.00751e-06	 -0.743131	 -0.0013305	 -0.196755	 0.000445798
134.76	 -0.0100814	 5.38997e-06	 -0.747767	 -0.00134265	 -0.201996	 0.000458552
134.78	 -0.0100502	 6.738e-06	 -0.752403	 -0.00135424	 -0.206764	 0.000470571
134.8	 -0.0100353	 8.04977e-06	 -0.757037	 -0.00136526	 -0.211062	 0.000481835
134.82	 -0.0100364	 9.32354e-06	 -0.761669	 -0.00137571	 -0.214892	 0.000492328
134.84	 -0.0100536	 1.05576e-05	 -0.766297	 -0.00138556	 -0.218257	 0.000502033
134.86	 -0.0100866	 1.17503e-05	 -0.770919	 -0.00139482	 -0.22116	 0.000510935
134.88	 -0.0101353	 1.29001e-05	 -0.775534	 -0.00140348	 -0.223604	 0.000519021
134.9	 -0.0101995	 1.40054e-05	 -0.780141	 -0.00141153	 -0.225593	 0.000526276
134.92	 -0.0102791	 1.50649e-05	 -0.784738	 -0.00141897	 -0.22713	 0.000532691
134.94	 -0.0103739	 1.60771e-05	 -0.789324	 -0.00142578	 -0.22822	 0.000538253
134.96	 -0.0104836	 1.70408e-05	 -0.793898	 -0.00143198	 -0.228867	 0.000542954
134.98	 -0.0106082	 1.79547e-05	 -0.798458	 -0.00143755	 -0.229075	 0.000546785
135	 -0.0107472	 1.88176e-05	 -0.803003	 -0.00144249	 -0.228848	 0.000549738
135.02	 -0.0109005	 1.96285e-05	 -0.807531	 -0.00144681	 -0.228192	 0.000551809
135.04	 -0.0110679	 2.03864e-05	 -0.812042	 -0.00145049	 -0.227111	 0.000552992
135.06	 -0.011249	 2.10904e-05	 -0.816533	 -0.00145354	 -0.22561	 0.000553284
135.08	 -0.0114436	 2.17396e-05	 -0.821004	 -0.00145597	 -0.223694	 0.000552681
135.1	 -0.0116513	 2.23333e-05	 -0.825453	 -0.00145776	 -0.221369	 0.000551184
135.12	 -0.0118719	 2.28708e-05	 -0.829879	 -0.00145893	 -0.218641	 0.000548792
135.14	 -0.0121051	 2.33515e-05	 -0.83428	 -0.00145948	 -0.215514	 0.000545506
135.16	 -0.0123505	 2.37749e-05	 -0.838655	 -0.0014594	 -0.211996	 0.000541328
135.18	 -0.0126078	 2.41406e-05	 -0.843003	 -0.00145871	 -0.20809	 0.000536262
135.2	 -0.0128766	 2.44483e-05	 -0.847323	 -0.00145741	 -0.203805	 0.000530314
135.22	 -0.0131566	 2.46978e-05	 -0.851612	 -0.0014555	 -0.199145	 0.000523488
135.24	 -0.0134475	 2.48888e-05	 -0.855871	 -0.001453	 -0.194116	 0.000515792
135.26	 -0.0137488	 2.50214e-05	 -0.860097	 -0.0014499	 -0.188726	 0.000507234
135.28	 -0.0140602	 2.50955e-05	 -0.86429	 -0.00144621	 -0.182981	 0.000497824
135.3	 -0.0143813	 2.51113e-05	 -0.868447	 -0.00144195	 -0.176886	 0.000487571
135.32	 -0.0147117	 2.5069e-05	 -0.872569	 -0.00143712	 -0.170448	 0.000476488
135.34	 -0.015051	 2.49688e-05	 -0.876653	 -0.00143174	 -0.163675	 0.000464588
135.36	 -0.0153989	 2.48111e-05	 -0.880698	 -0.0014258	 -0.156571	 0.000451883
135.38	 -0.0157548	 2.45964e-05	 -0.884704	 -0.00141932	 -0.149145	 0.00043839
135.4	 -0.0161185	 2.43253e-05	 -0.888668	 -0.00141232	 -0.141403	 0.000424123
135.42	 -0.0164894	 2.39983e-05	 -0.89259	 -0.0014048	 -0.13335	 0.000409099
135.44	 -0.0168672	 2.36162e-05	 -0.896469	 -0.00139678	 -0.124995	 0.000393338
135.46	 -0.0172514	 2.31797e-05	 -0.900302	 -0.00138827	 -0.116344	 0.000376856
135.48	 -0.0176417	 2.26897e-05	 -0.904091	 -0.00137928	 -0.107402	 0.000359675
135.5	 -0.0180376	 2.21473e-05	 -0.907832	 -0.00136983	 -0.0981783	 0.000341814
135.52	 -0.0184387	 2.15534e-05	 -0.911525	 -0.00135992	 -0.0886778	 0.000323296
135.54	 -0.0188445	 2.09091e-05	 -0.915169	 -0.00134959	 -0.0789077	 0.000304142
135.56	 -0.0192547	 2.02156e-05	 -0.918762	 -0.00133883	 -0.0688746	 0.000284376
135.58	 -0.0196688	 1.94741e-05	 -0.922305	 -0.00132767	 -0.058585	 0.000264021
135.6	 -0.0200864	 1.86861e-05	 -0.925794	 -0.00131611	 -0.0480455	 0.000243103
135.62	 -0.0205071	 1.78528e-05	 -0.929231	 -0.00130419	 -0.0372626	 0.000221648
135.64	 -0.0209305	 1.69758e-05	 -0.932612	 -0.00129191	 -0.0262427	 0.00019968
135.66	 -0.0213561	 1.60566e-05	 -0.935938	 -0.00127929	 -0.0149923	 0.000177227
135.68	 -0.0217835	 1.50966e-05	 -0.939208	 -0.00126635	 -0.00351763	 0.000154316
135.7	 -0.0222124	 1.40977e-05	 -0.94242	 -0.0012531	 0.00817498	 0.000130976
135.72	 -0.0226423	 1.30615e-05	 -0.945573	 -0.00123956	 0.0200794	 0.000107235
135.74	 -0.0230729	 1.19898e-05	 -0.948667	 -0.00122576	 0.0321894	 8.31212e-05
135.76	 -0.0235037	 1.08842e-05	 -0.951701	 -0.0012117	 0.0444991	 5.86649e-05
135.78	 -0.0239344	 9.74684e-06	 -0.954673	 -0.00119741	 0.0570024	 3.38959e-05
135.8	 -0.0243646	 8.57946e-06	 -0.957583	 -0.0011829	 0.0696935	 8.84435e-06
135.82	 -0.0247938	 7.38403e-06	 -0.960429	 -0.0011682	 0.0825667	 -1.6459e-05
135.84	 -0.0252218	 6.16254e-06	 -0.963212	 -0.00115332	 0.0956162	 -4.19832e-05
135.86	 -0.0256482	 4.91702e-06	 -0.96593	 -0.00113828	 0.108837	 -6.7697e-05
135.88	 -0.0260726	 3.64951e-06	 -0.968582	 -0.0011231	 0.122222	 -9.35689e-05
135.9	 -0.0264947	 2.36211e-06	 -0.971167	 -0.00110779	 0.135768	 -0.000119567
135.92	 -0.0269141	 1.05691e-06	 -0.973686	 -0.00109239	 0.149468	 -0.000145661
135.94	 -0.0273305	 -2.63931e-07	 -0.976136	 -0.0010769	 0.163318	 -0.000171817
135.96	 -0.0277437	 -1.59827e-06	 -0.978517	 -0.00106134	 0.177313	 -0.000198004
135.98	 -0.0281532	 -2.94394e-06	 -0.980829	 -0.00104574	 0.191447	 -0.000224189
136	 -0.0285588	 -4.29874e-06	 -0.98307	 -0.00103011	 0.205716	 -0.000250342
136.02	 -0.0289602	 -5.66047e-06	 -0.985241	 -0.00101447	 0.220115	 -0.000276429
136.04	 -0.0293571	 -7.02692e-06	 -0.98734	 -0.00099884	 0.23464	 -0.00030242
136.06	 -0.0297493	 -8.39588e-06	 -0.989366	 -0.000983238	 0.249285	 -0.000328282
136.08	 -0.0301364	 -9.76512e-06	 -0.99132	 -0.000967683	 0.264048	 -0.000353984
136.1	 -0.0305183	 -1.11324e-05	 -0.9932	 -0.000952192	 0.278923	 -0.000379494
136.12	 -0.0308947	 -1.24956e-05	 -0.995006	 -0.000936783	 0.293907	 -0.000404782
136.14	 -0.0312653	 -1.38524e-05	 -0.996737	 -0.000921474	 0.308996	 -0.000429816
136.16	 -0.03163	 -1.52007e-05	 -0.998393	 -0.000906283	 0.324185	 -0.000454567
136.18	 -0.0319885	 -1.65383e-05	 -0.999973	 -0.000891228	 0.339472	 -0.000479004
136.2	 -0.0323407	 -1.7863e-05	 -1.00148	 -0.000876324	 0.354852	 -0.000503097
136.22	 -0.0326864	 -1.91726e-05	 -1.0029	 -0.000861589	 0.370321	 -0.000526818
136.24	 -0.0330253	 -2.04651e-05	 -1.00425	 -0.000847039	 0.385878	 -0.000550137
136.26	 -0.0333574	 -2.17384e-05	 -1.00553	 -0.000832691	 0.401518	 -0.000573027
136.28	 -0.0336825	 -2.29903e-05	 -1.00672	 -0.00081856	 0.417238	 -0.000595459
136.3	 -0.0340004	 -2.42189e-05	 -1.00784	 -0.000804662	 0.433036	 -0.000617406
136.32	 -0.034311	 -2.54222e-05	 -1.00887	 -0.000791011	 0.448908	 -0.000638843
136.34	 -0.0346143	 -2.65981e-05	 -1.00983	 -0.000777623	 0.464852	 -0.000659742
136.36	 -0.0349101	 -2.77448e-05	 -1.01071	 -0.000764512	 0.480865	 -0.000680079
136.38	 -0.0351983	 -2.88604e-05	 -1.0115	 -0.000751691	 0.496944	 -0.00069983
136.4	 -0.0354789	 -2.9943e-05	 -1.01222	 -0.000739174	 0.513087	 -0.000718969
136.42	 -0.0357518	 -3.09909e-05	 -1.01286	 -0.000726975	 0.529292	 -0.000737476
136.44	 -0.0360169	 -3.20024e-05	 -1.01341	 -0.000715105	 0.545556	 -0.000755327
136.46	 -0.0362743	 -3.29756e-05	 -1.01389	 -0.000703577	 0.561877	 -0.0007725
136.48	 -0.0365238	 -3.39091e-05	 -1.01428	 -0.000692403	 0.578254	 -0.000788976
136.5	 -0.0367654	 -3.48012e-05	 -1.01459	 -0.000681592	 0.594684	 -0.000804735
136.52	 -0.0369992	 -3.56504e-05	 -1.01483	 -0.000671157	 0.611165	 -0.000819757
136.54	 -0.0372252	 -3.64553e-05	 -1.01497	 -0.000661107	 0.627695	 -0.000834025
136.56	 -0.0374434	 -3.72145e-05	 -1.01504	 -0.000651451	 0.644273	 -0.000847522
136.58	 -0.0376537	 -3.79266e-05	 -1.01503	 -0.000642199	 0.660898	 -0.000860231
136.6	 -0.0378563	 -3.85904e-05	 -1.01493	 -0.000633359	 0.677567	 -0.000872139
136.62	 -0.0380512	 -3.92047e-05	 -1.01475	 -0.000624939	 0.694278	 -0.00088323
136.64	 -0.0382385	 -3.97684e-05	 -1.01449	 -0.000616945	 0.711032	 -0.000893492
136.66	 -0.0384182	 -4.02804e-05	 -1.01414	 -0.000609386	 0.727825	 -0.000902912
136.68	 -0.0385904	 -4.07397e-05	 -1.01372	 -0.000602267	 0.744657	 -0.00091148
136.7	 -0.0387552	 -4.11455e-05	 -1.01321	 -0.000595593	 0.761527	 -0.000919185
136.72	 -0.0389127	 -4.14969e-05	 -1.01262	 -0.00058937	 0.778433	 -0.000926018
136.74	 -0.039063	 -4.17932e-05	 -1.01195	 -0.000583601	 0.795373	 -0.000931973
136.76	 -0.0392063	 -4.20336e-05	 -1.01119	 -0.000578291	 0.812348	 -0.000937041
136.78	 -0.0393426	 -4.22176e-05	 -1.01035	 -0.000573443	 0.829355	 -0.000941217
136.8	 -0.0394721	 -4.23447e-05	 -1.00944	 -0.000569059	 0.846394	 -0.000944496
136.82	 -0.039595	 -4.24145e-05	 -1.00844	 -0.000565142	 0.863463	 -0.000946876
136.84	 -0.0397113	 -4.24265e-05	 -1.00735	 -0.000561692	 0.880561	 -0.000948352
136.86	 -0.0398214	 -4.23805e-05	 -1.00619	 -0.00055871	 0.897687	 -0.000948925
136.88	 -0.0399252	 -4.22763e-05	 -1.00495	 -0.000556197	 0.914841	 -0.000948593
136.9	 -0.0400231	 -4.21137e-05	 -1.00362	 -0.000554151	 0.93202	 -0.000947358
136.92	 -0.0401151	 -4.18928e-05	 -1.00222	 -0.000552572	 0.949224	 -0.000945221
136.94	 -0.0402015	 -4.16135e-05	 -1.00073	 -0.000551458	 0.966452	 -0.000942185
136.96	 -0.0402825	 -4.1276e-05	 -0.999166	 -0.000550807	 0.983703	 -0.000938254
136.98	 -0.0403583	 -4.08805e-05	 -0.997521	 -0.000550615	 1.00097	 -0.000933434
137	 -0.040429	 -4.04272e-05	 -0.995797	 -0.000550879	 1.01827	 -0.000927731
137.02	 -0.0404949	 -3.99166e-05	 -0.993993	 -0.000551596	 1.03558	 -0.000921152
137.04	 -0.0405562	 -3.9349e-05	 -0.992112	 -0.000552759	 1.05291	 -0.000913704
137.06	 -0.0406131	 -3.87249e-05	 -0.990152	 -0.000554364	 1.07025	 -0.000905399
137.08	 -0.0406659	 -3.8045e-05	 -0.988115	 -0.000556404	 1.08761	 -0.000896245
137.1	 -0.0407147	 -3.73099e-05	 -0.986	 -0.000558874	 1.10499	 -0.000886255
137.12	 -0.0407598	 -3.65203e-05	 -0.98381	 -0.000561766	 1.12238	 -0.00087544
137.14	 -0.0408015	 -3.56771e-05	 -0.981542	 -0.000565073	 1.13977	 -0.000863815
137.16	 -0.0408399	 -3.47811e-05	 -0.9792	 -0.000568786	 1.15718	 -0.000851393
137.18	 -0.0408753	 -3.38333e-05	 -0.976782	 -0.000572897	 1.1746	 -0.000838189
137.2	 -0.040908	 -3.28347e-05	 -0.974291	 -0.000577397	 1.19202	 -0.000824221
137.22	 -0.0409381	 -3.17864e-05	 -0.971725	 -0.000582275	 1.20944	 -0.000809504
137.24	 -0.040966	 -3.06895e-05	 -0.969086	 -0.000587521	 1.22687	 -0.000794058
137.26	 -0.0409918	 -2.95452e-05	 -0.966375	 -0.000593125	 1.2443	 -0.0007779
137.28	 -0.0410158	 -2.8355e-05	 -0.963592	 -0.000599076	 1.26172	 -0.000761051
137.3	 -0.0410383	 -2.712e-05	 -0.960738	 -0.000605361	 1.27914	 -0.000743531
137.32	 -0.0410595	 -2.58417e-05	 -0.957814	 -0.000611969	 1.29656	 -0.000725362
137.34	 -0.0410795	 -2.45216e-05	 -0.95482	 -0.000618887	 1.31397	 -0.000706565
137.36	 -0.0410988	 -2.31611e-05	 -0.951758	 -0.000626102	 1.33136	 -0.000687164
137.38	 -0.0411174	 -2.17619e-05	 -0.948628	 -0.0006336	 1.34875	 -0.000667181
137.4	 -0.0411357	 -2.03255e-05	 -0.945431	 -0.000641368	 1.36611	 -0.000646641
137.42	 -0.0411538	 -1.88537e-05	 -0.942167	 -0.000649392	 1.38346	 -0.000625569
137.44	 -0.0411721	 -1.73481e-05	 -0.938838	 -0.000657657	 1.40079	 -0.000603991
137.46	 -0.0411906	 -1.58105e-05	 -0.935445	 -0.000666148	 1.41809	 -0.000581931
137.48	 -0.0412097	 -1.42427e-05	 -0.931989	 -0.00067485	 1.43536	 -0.000559418
137.5	 -0.0412296	 -1.26466e-05	 -0.92847	 -0.000683747	 1.45261	 -0.000536478
137.52	 -0.0412504	 -1.1024e-05	 -0.92489	 -0.000692825	 1.46981	 -0.000513138
137.54	 -0.0412724	 -9.37691e-06	 -0.921249	 -0.000702066	 1.48699	 -0.000489428
137.56	 -0.0412958	 -7.7072e-06	 -0.917549	 -0.000711455	 1.50411	 -0.000465374
137.58	 -0.0413208	 -6.01688e-06	 -0.91379	 -0.000720975	 1.5212	 -0.000441006
137.6	 -0.0413476	 -4.30796e-06	 -0.909974	 -0.000730609	 1.53823	 -0.000416354
137.62	 -0.0413763	 -2.58245e-06	 -0.906103	 -0.000740341	 1.55522	 -0.000391446
137.64	 -0.0414072	 -8.42429e-07	 -0.902176	 -0.000750154	 1.57214	 -0.000366313
137.66	 -0.0414404	 9.10045e-07	 -0.898196	 -0.00076003	 1.589	 -0.000340984
137.68	 -0.0414762	 2.67288e-06	 -0.894162	 -0.000769952	 1.6058	 -0.00031549
137.7	 -0.0415146	 4.44396e-06	 -0.890078	 -0.000779904	 1.62253	 -0.000289862
137.72	 -0.0415558	 6.22118e-06	 -0.885944	 -0.000789866	 1.63918	 -0.000264129
137.74	 -0.0416	 8.00242e-06	 -0.88176	 -0.000799824	 1.65575	 -0.000238322
137.76	 -0.0416473	 9.78553e-06	 -0.877529	 -0.000809757	 1.67224	 -0.000212472
137.78	 -0.0416978	 1.15684e-05	 -0.873252	 -0.00081965	 1.68864	 -0.00018661
137.8	 -0.0417517	 1.33489e-05	 -0.86893	 -0.000829485	 1.70494	 -0.000160766
137.82	 -0.0418091	 1.51248e-05	 -0.864565	 -0.000839244	 1.72115	 -0.000134971
137.84	 -0.0418701	 1.68941e-05	 -0.860157	 -0.00084891	 1.73724	 -0.000109255
137.86	 -0.0419348	 1.86546e-05	 -0.855708	 -0.000858466	 1.75323	 -8.36491e-05
137.88	 -0.0420033	 2.04042e-05	 -0.851221	 -0.000867895	 1.7691	 -5.81831e-05
137.9	 -0.0420757	 2.21408e-05	 -0.846695	 -0.00087718	 1.78485	 -3.28871e-05
137.92	 -0.042152	 2.38622e-05	 -0.842133	 -0.000886303	 1.80047	 -7.79084e-06
137.94	 -0.0422323	 2.55666e-05	 -0.837536	 -0.000895249	 1.81595	 1.70763e-05
137.96	 -0.0423167	 2.72517e-05	 -0.832906	 -0.000904001	 1.83129	 4.16851e-05
137.98	 -0.0424052	 2.89156e-05	 -0.828244	 -0.000912542	 1.84649	 6.60067e-05
138	 -0.0424978	 3.05562e-05	 -0.823551	 -0.000920857	 1.86153	 9.00128e-05
138.02	 -0.0425946	 3.21715e-05	 -0.81883	 -0.00092893	 1.87642	 0.000113675
138.04	 -0.0426956	 3.37597e-05	 -0.814082	 -0.000936746	 1.89114	 0.000136967
138.06	 -0.0428008	 3.53187e-05	 -0.809308	 -0.00094429	 1.90568	 0.00015986
138.08	 -0.0429103	 3.68467e-05	 -0.80451	 -0.000951546	 1.92005	 0.000182328
138.1	 -0.0430239	 3.83418e-05	 -0.79969	 -0.000958501	 1.93423	 0.000204346
138.12	 -0.0431417	 3.98023e-05	 -0.794849	 -0.000965141	 1.94821	 0.000225888
138.14	 -0.0432636	 4.12262e-05	 -0.78999	 -0.000971452	 1.962	 0.000246929
138.16	 -0.0433896	 4.26119e-05	 -0.785113	 -0.000977421	 1.97558	 0.000267445
138.18	 -0.0435197	 4.39578e-05	 -0.780221	 -0.000983034	 1.98895	 0.000287412
138.2	 -0.0436537	 4.5262e-05	 -0.775315	 -0.000988281	 2.00209	 0.000306808
138.22	 -0.0437917	 4.6523e-05	 -0.770397	 -0.000993149	 2.01501	 0.000325611
138.24	 -0.0439335	 4.77394e-05	 -0.765468	 -0.000997627	 2.02769	 0.000343799
138.26	 -0.0440791	 4.89094e-05	 -0.760531	 -0.0010017	 2.04013	 0.000361352
138.28	 -0.0442283	 5.00317e-05	 -0.755587	 -0.00100537	 2.05232	 0.000378251
138.3	 -0.0443811	 5.11049e-05	 -0.750638	 -0.00100862	 2.06425	 0.000394475
138.32	 -0.0445373	 5.21277e-05	 -0.745686	 -0.00101143	 2.07591	 0.000410008
138.34	 -0.0446968	 5.30986e-05	 -0.740733	 -0.00101381	 2.08731	 0.000424832
138.36	 -0.0448594	 5.40166e-05	 -0.735779	 -0.00101574	 2.09842	 0.000438931
138.38	 -0.0450251	 5.48803e-05	 -0.730828	 -0.00101721	 2.10925	 0.00045229
138.4	 -0.0451937	 5.56888e-05	 -0.725881	 -0.00101823	 2.11978	 0.000464893
138.42	 -0.0453649	 5.64408e-05	 -0.72094	 -0.00101878	 2.13001	 0.000476729
138.44	 -0.0455387	 5.71355e-05	 -0.716006	 -0.00101886	 2.13994	 0.000487783
138.46	 -0.0457149	 5.77718e-05	 -0.711082	 -0.00101846	 2.14954	 0.000498045
138.48	 -0.0458932	 5.8349e-05	 -0.706168	 -0.00101757	 2.15883	 0.000507504
138.5	 -0.0460735	 5.88661e-05	 -0.701268	 -0.00101621	 2.16778	 0.000516151
138.52	 -0.0462556	 5.93225e-05	 -0.696383	 -0.00101435	 2.17639	 0.000523977
138.54	 -0.0464392	 5.97175e-05	 -0.691515	 -0.00101201	 2.18466	 0.000530974
138.56	 -0.0466242	 6.00504e-05	 -0.686665	 -0.00100917	 2.19258	 0.000537137
138.58	 -0.0468103	 6.03208e-05	 -0.681835	 -0.00100585	 2.20014	 0.000542459
138.6	 -0.0469973	 6.0528e-05	 -0.677027	 -0.00100203	 2.20734	 0.000546936
138.62	 -0.047185	 6.06718e-05	 -0.672244	 -0.000997716	 2.21416	 0.000550566
138.64	 -0.0473731	 6.07518e-05	 -0.667486	 -0.000992914	 2.2206	 0.000553345
138.66	 -0.0475614	 6.07676e-05	 -0.662756	 -0.000987624	 2.22665	 0.000555272
138.68	 -0.0477495	 6.07192e-05	 -0.658055	 -0.000981848	 2.23232	 0.000556349
138.7	 -0.0479373	 6.06063e-05	 -0.653385	 -0.000975589	 2.23758	 0.000556574
138.72	 -0.0481246	 6.04289e-05	 -0.648748	 -0.000968853	 2.24244	 0.000555951
138.74	 -0.0483109	 6.01871e-05	 -0.644146	 -0.000961643	 2.24689	 0.000554482
138.76	 -0.048496	 5.98808e-05	 -0.63958	 -0.000953965	 2.25092	 0.000552172
138.78	 -0.0486798	 5.95102e-05	 -0.635052	 -0.000945825	 2.25453	 0.000549025
138.8	 -0.0488618	 5.90755e-05	 -0.630564	 -0.00093723	 2.25772	 0.000545048
138.82	 -0.0490418	 5.8577e-05	 -0.626118	 -0.000928187	 2.26046	 0.000540248
138.84	 -0.0492195	 5.80151e-05	 -0.621714	 -0.000918705	 2.26277	 0.000534633
138.86	 -0.0493947	 5.73901e-05	 -0.617356	 -0.000908793	 2.26463	 0.000528213
138.88	 -0.049567	 5.67026e-05	 -0.613044	 -0.00089846	 2.26605	 0.000520997
138.9	 -0.0497361	 5.59531e-05	 -0.60878	 -0.000887716	 2.26701	 0.000512997
138.92	 -0.0499017	 5.51422e-05	 -0.604566	 -0.000876572	 2.26751	 0.000504226
138.94	 -0.0500636	 5.42705e-05	 -0.600403	 -0.000865039	 2.26755	 0.000494696
138.96	 -0.0502214	 5.3339e-05	 -0.596292	 -0.00085313	 2.26713	 0.000484421
138.98	 -0.0503748	 5.23483e-05	 -0.592237	 -0.000840856	 2.26623	 0.000473417
139	 -0.0505236	 5.12994e-05	 -0.588237	 -0.000828232	 2.26486	 0.0004617
139.02	 -0.0506675	 5.01931e-05	 -0.584294	 -0.00081527	 2.26301	 0.000449286
139.04	 -0.050806	 4.90306e-05	 -0.580411	 -0.000801986	 2.26068	 0.000436193
139.06	 -0.050939	 4.78128e-05	 -0.576587	 -0.000788393	 2.25787	 0.00042244
139.08	 -0.0510662	 4.65409e-05	 -0.572825	 -0.000774507	 2.25457	 0.000408046
139.1	 -0.0511872	 4.52161e-05	 -0.569127	 -0.000760344	 2.25078	 0.000393031
139.12	 -0.0513018	 4.38397e-05	 -0.565492	 -0.000745921	 2.2465	 0.000377416
139.14	 -0.0514097	 4.24128e-05	 -0.561924	 -0.000731253	 2.24173	 0.000361224
139.16	 -0.0515106	 4.0937e-05	 -0.558422	 -0.000716358	 2.23647	 0.000344476
139.18	 -0.0516041	 3.94136e-05	 -0.554989	 -0.000701254	 2.23071	 0.000327196
139.2	 -0.0516901	 3.78441e-05	 -0.551625	 -0.000685958	 2.22445	 0.000309407
139.22	 -0.0517683	 3.62299e-05	 -0.548332	 -0.000670489	 2.2177	 0.000291135
139.24	 -0.0518383	 3.45728e-05	 -0.54511	 -0.000654866	 2.21045	 0.000272403
139.26	 -0.0519	 3.28743e-05	 -0.541962	 -0.000639106	 2.2027	 0.000253238
139.28	 -0.0519531	 3.1136e-05	 -0.538888	 -0.000623231	 2.19445	 0.000233666
139.3	 -0.0519972	 2.93598e-05	 -0.535888	 -0.000607258	 2.18571	 0.000213714
139.32	 -0.0520323	 2.75473e-05	 -0.532965	 -0.000591209	 2.17647	 0.000193409
139.34	 -0.0520579	 2.57004e-05	 -0.530119	 -0.000575102	 2.16674	 0.000172778
139.36	 -0.052074	 2.38209e-05	 -0.527351	 -0.000558958	 2.15651	 0.00015185
139.38	 -0.0520802	 2.19107e-05	 -0.524662	 -0.000542798	 2.14579	 0.000130653
139.4	 -0.0520764	 1.99718e-05	 -0.522053	 -0.000526641	 2.13458	 0.000109216
139.42	 -0.0520624	 1.8006e-05	 -0.519525	 -0.000510508	 2.12289	 8.75679e-05
139.44	 -0.0520378	 1.60155e-05	 -0.517078	 -0.00049442	 2.1107	 6.57385e-05
139.46	 -0.0520027	 1.40022e-05	 -0.514713	 -0.000478398	 2.09804	 4.37571e-05
139.48	 -0.0519567	 1.19682e-05	 -0.512431	 -0.000462462	 2.0849	 2.16538e-05
139.5	 -0.0518997	 9.91559e-06	 -0.510233	 -0.000446633	 2.07129	 -5.4165e-07
139.52	 -0.0518316	 7.84646e-06	 -0.508119	 -0.000430932	 2.0572	 -2.2799e-05
139.54	 -0.0517521	 5.76297e-06	 -0.506091	 -0.000415379	 2.04265	 -4.5088e-05
139.56	 -0.0516612	 3.66727e-06	 -0.504147	 -0.000399995	 2.02763	 -6.73784e-05
139.58	 -0.0515588	 1.56154e-06	 -0.50229	 -0.0003848	 2.01216	 -8.96399e-05
139.6	 -0.0514446	 -5.52026e-07	 -0.50052	 -0.000369814	 1.99624	 -0.000111842
139.62	 -0.0513186	 -2.67122e-06	 -0.498836	 -0.000355059	 1.97987	 -0.000133955
139.64	 -0.0511807	 -4.79382e-06	 -0.49724	 -0.000340553	 1.96306	 -0.000155949
139.66	 -0.0510309	 -6.91759e-06	 -0.495731	 -0.000326316	 1.94582	 -0.000177793
139.68	 -0.050869	 -9.0403e-06	 -0.494311	 -0.000312368	 1.92815	 -0.000199458
139.7	 -0.050695	 -1.11597e-05	 -0.492979	 -0.000298729	 1.91005	 -0.000220915
139.72	 -0.0505089	 -1.32735e-05	 -0.491736	 -0.000285416	 1.89155	 -0.000242133
139.74	 -0.0503106	 -1.53795e-05	 -0.490582	 -0.000272448	 1.87264	 -0.000263085
139.76	 -0.0501001	 -1.74754e-05	 -0.489517	 -0.000259845	 1.85333	 -0.000283741
139.78	 -0.0498774	 -1.95591e-05	 -0.488541	 -0.000247622	 1.83363	 -0.000304072
139.8	 -0.0496426	 -2.16281e-05	 -0.487655	 -0.000235799	 1.81355	 -0.000324052
139.82	 -0.0493956	 -2.36804e-05	 -0.486858	 -0.000224391	 1.79309	 -0.000343653
139.84	 -0.0491365	 -2.57136e-05	 -0.48615	 -0.000213415	 1.77227	 -0.000362848
139.86	 -0.0488654	 -2.77256e-05	 -0.485532	 -0.000202888	 1.7511	 -0.00038161
139.88	 -0.0485822	 -2.97142e-05	 -0.485004	 -0.000192824	 1.72957	 -0.000399913
139.9	 -0.0482871	 -3.16772e-05	 -0.484565	 -0.000183239	 1.70772	 -0.000417733
139.92	 -0.0479803	 -3.36125e-05	 -0.484215	 -0.000174147	 1.68553	 -0.000435045
139.94	 -0.0476617	 -3.55178e-05	 -0.483955	 -0.000165561	 1.66303	 -0.000451824
139.96	 -0.0473315	 -3.73912e-05	 -0.483784	 -0.000157496	 1.64022	 -0.000468047
139.98	 -0.0469899	 -3.92305e-05	 -0.483701	 -0.000149963	 1.61712	 -0.000483692
140	 -0.0466369	 -4.10336e-05	 -0.483707	 -0.000142975	 1.59373	 -0.000498738
140.02	 -0.0462729	 -4.27987e-05	 -0.483802	 -0.000136543	 1.57007	 -0.000513162
140.04	 -0.0458978	 -4.45236e-05	 -0.483984	 -0.000130677	 1.54614	 -0.000526945
140.06	 -0.045512	 -4.62065e-05	 -0.484255	 -0.000125389	 1.52197	 -0.000540067
140.08	 -0.0451156	 -4.78456e-05	 -0.484612	 -0.000120686	 1.49755	 -0.00055251
140.1	 -0.0447089	 -4.94388e-05	 -0.485057	 -0.000116578	 1.47291	 -0.000564257
140.12	 -0.044292	 -5.09846e-05	 -0.485589	 -0.000113073	 1.44805	 -0.00057529
140.14	 -0.0438653	 -5.2481e-05	 -0.486206	 -0.000110177	 1.42298	 -0.000585594
140.16	 -0.0434289	 -5.39265e-05	 -0.48691	 -0.000107898	 1.39773	 -0.000595155
140.18	 -0.0429831	 -5.53195e-05	 -0.487698	 -0.000106241	 1.37229	 -0.000603957
140.2	 -0.0425283	 -5.66582e-05	 -0.488572	 -0.000105211	 1.34669	 -0.00061199
140.22	 -0.0420647	 -5.79412e-05	 -0.48953	 -0.000104813	 1.32093	 -0.00061924
140.24	 -0.0415926	 -5.91671e-05	 -0.490571	 -0.000105049	 1.29504	 -0.000625697
140.26	 -0.0411124	 -6.03345e-05	 -0.491695	 -0.000105922	 1.26901	 -0.000631352
140.28	 -0.0406243	 -6.1442e-05	 -0.492902	 -0.000107435	 1.24287	 -0.000636196
140.3	 -0.0401288	 -6.24884e-05	 -0.494191	 -0.000109588	 1.21662	 -0.000640222
140.32	 -0.039626	 -6.34725e-05	 -0.495561	 -0.000112382	 1.19029	 -0.000643423
140.34	 -0.0391165	 -6.43932e-05	 -0.497012	 -0.000115817	 1.16387	 -0.000645795
140.36	 -0.0386006	 -6.52494e-05	 -0.498542	 -0.00011989	 1.1374	 -0.000647333
140.38	 -0.0380786	 -6.60403e-05	 -0.500151	 -0.0001246	 1.11087	 -0.000648034
140.4	 -0.037551	 -6.67648e-05	 -0.501839	 -0.000129944	 1.08431	 -0.000647896
140.42	 -0.0370181	 -6.74223e-05	 -0.503604	 -0.000135919	 1.05773	 -0.00064692
140.44	 -0.0364804	 -6.80119e-05	 -0.505447	 -0.00014252	 1.03113	 -0.000645105
140.46	 -0.0359382	 -6.85331e-05	 -0.507365	 -0.000149743	 1.00453	 -0.000642453
140.48	 -0.035392	 -6.89853e-05	 -0.509358	 -0.00015758	 0.977955	 -0.000638967
140.5	 -0.0348422	 -6.93681e-05	 -0.511426	 -0.000166027	 0.951406	 -0.000634652
140.52	 -0.0342892	 -6.96809e-05	 -0.513568	 -0.000175074	 0.924899	 -0.000629511
140.54	 -0.0337335	 -6.99237e-05	 -0.515782	 -0.000184715	 0.898447	 -0.000623553
140.56	 -0.0331756	 -7.00961e-05	 -0.518068	 -0.00019494	 0.872063	 -0.000616783
140.58	 -0.0326157	 -7.0198e-05	 -0.520425	 -0.00020574	 0.845761	 -0.000609211
140.6	 -0.0320546	 -7.02295e-05	 -0.522852	 -0.000217104	 0.819553	 -0.000600846
140.62	 -0.0314924	 -7.01906e-05	 -0.525349	 -0.000229022	 0.793452	 -0.0005917
140.64	 -0.0309299	 -7.00814e-05	 -0.527913	 -0.000241483	 0.76747	 -0.000581784
140.66	 -0.0303673	 -6.99022e-05	 -0.530545	 -0.000254473	 0.741621	 -0.000571111
140.68	 -0.0298052	 -6.96534e-05	 -0.533243	 -0.00026798	 0.715917	 -0.000559695
140.7	 -0.029244	 -6.93353e-05	 -0.536007	 -0.000281991	 0.69037	 -0.000547552
140.72	 -0.0286842	 -6.89485e-05	 -0.538835	 -0.000296492	 0.664992	 -0.000534698
140.74	 -0.0281263	 -6.84937e-05	 -0.541726	 -0.000311467	 0.639796	 -0.000521149
140.76	 -0.0275707	 -6.79715e-05	 -0.54468	 -0.000326902	 0.614793	 -0.000506925
140.78	 -0.0270179	 -6.73827e-05	 -0.547695	 -0.000342781	 0.589995	 -0.000492043
140.8	 -0.0264684	 -6.67282e-05	 -0.55077	 -0.000359088	 0.565414	 -0.000476526
140.82	 -0.0259226	 -6.6009e-05	 -0.553905	 -0.000375805	 0.541061	 -0.000460393
140.84	 -0.025381	 -6.52261e-05	 -0.557098	 -0.000392915	 0.516947	 -0.000443666
140.86	 -0.024844	 -6.43808e-05	 -0.560348	 -0.000410401	 0.493083	 -0.000426368
140.88	 -0.0243122	 -6.34741e-05	 -0.563654	 -0.000428245	 0.469481	 -0.000408524
140.9	 -0.0237859	 -6.25075e-05	 -0.567016	 -0.000446428	 0.446151	 -0.000390157
140.92	 -0.0232657	 -6.14823e-05	 -0.570431	 -0.000464931	 0.423102	 -0.000371292
140.94	 -0.0227519	 -6.04001e-05	 -0.573899	 -0.000483734	 0.400345	 -0.000351957
140.96	 -0.022245	 -5.92623e-05	 -0.577419	 -0.000502818	 0.377891	 -0.000332176
140.98	 -0.0217454	 -5.80706e-05	 -0.58099	 -0.000522164	 0.355749	 -0.000311978
141	 -0.0212535	 -5.68267e-05	 -0.58461	 -0.00054175	 0.333927	 -0.000291391
141.02	 -0.0207698	 -5.55325e-05	 -0.588279	 -0.000561557	 0.312436	 -0.000270442
141.04	 -0.0202947	 -5.41897e-05	 -0.591995	 -0.000581563	 0.291284	 -0.000249162
141.06	 -0.0198285	 -5.28003e-05	 -0.595757	 -0.000601747	 0.27048	 -0.00022758
141.08	 -0.0193718	 -5.13662e-05	 -0.599564	 -0.00062209	 0.250032	 -0.000205726
141.1	 -0.0189247	 -4.98896e-05	 -0.603415	 -0.000642568	 0.229949	 -0.00018363
141.12	 -0.0184878	 -4.83725e-05	 -0.607309	 -0.000663162	 0.210237	 -0.000161323
141.14	 -0.0180614	 -4.68171e-05	 -0.611244	 -0.000683849	 0.190905	 -0.000138837
141.16	 -0.0176458	 -4.52255e-05	 -0.615219	 -0.000704608	 0.17196	 -0.000116204
141.18	 -0.0172413	 -4.36001e-05	 -0.619234	 -0.000725418	 0.153409	 -9.34539e-05
141.2	 -0.0168484	 -4.19432e-05	 -0.623286	 -0.000746256	 0.135259	 -7.06201e-05
141.22	 -0.0164674	 -4.02572e-05	 -0.627375	 -0.000767101	 0.117515	 -4.77345e-05
141.24	 -0.0160984	 -3.85444e-05	 -0.6315	 -0.000787933	 0.100184	 -2.48293e-05
141.26	 -0.0157419	 -3.68072e-05	 -0.635659	 -0.000808728	 0.0832714	 -1.93701e-06
141.28	 -0.015398	 -3.50482e-05	 -0.639851	 -0.000829467	 0.0667832	 2.091e-05
141.3	 -0.0150672	 -3.32699e-05	 -0.644074	 -0.000850128	 0.0507241	 4.36793e-05
141.32	 -0.0147496	 -3.14746e-05	 -0.648329	 -0.000870689	 0.0350991	 6.63385e-05
141.34	 -0.0144454	 -2.96651e-05	 -0.652612	 -0.00089113	 0.0199127	 8.88553e-05
141.36	 -0.014155	 -2.78439e-05	 -0.656924	 -0.00091143	 0.00516908	 0.000111198
141.38	 -0.0138784	 -2.60135e-05	 -0.661262	 -0.000931569	 -0.00912782	 0.000133334
141.4	 -0.013616	 -2.41766e-05	 -0.665626	 -0.000951527	 -0.0229744	 0.000155232
141.42	 -0.0133678	 -2.23357e-05	 -0.670015	 -0.000971283	 -0.0363674	 0.00017686
141.44	 -0.0131341	 -2.04935e-05	 -0.674426	 -0.000990819	 -0.0493038	 0.000198189
141.46	 -0.012915	 -1.86524e-05	 -0.678859	 -0.00101011	 -0.0617809	 0.000219186
141.48	 -0.0127106	 -1.68153e-05	 -0.683313	 -0.00102915	 -0.0737964	 0.000239821
141.5	 -0.0125211	 -1.49845e-05	 -0.687785	 -0.00104791	 -0.0853482	 0.000260065
141.52	 -0.0123465	 -1.31627e-05	 -0.692276	 -0.00106637	 -0.0964345	 0.000279889
141.54	 -0.012187	 -1.13525e-05	 -0.696783	 -0.00108452	 -0.107054	 0.000299263
141.56	 -0.0120427	 -9.55633e-06	 -0.701305	 -0.00110234	 -0.117205	 0.000318159
141.58	 -0.0119135	 -7.77678e-06	 -0.705842	 -0.00111981	 -0.126887	 0.000336551
141.6	 -0.0117995	 -6.01631e-06	 -0.710391	 -0.00113691	 -0.1361	 0.00035441
141.62	 -0.0117008	 -4.27737e-06	 -0.714951	 -0.00115364	 -0.144843	 0.000371711
141.64	 -0.0116174	 -2.56238e-06	 -0.719521	 -0.00116997	 -0.153116	 0.000388427
141.66	 -0.0115492	 -8.73719e-07	 -0.7241	 -0.00118589	 -0.160919	 0.000404536
141.68	 -0.0114962	 7.86287e-07	 -0.728686	 -0.00120139	 -0.168253	 0.000420011
141.7	 -0.0114585	 2.41535e-06	 -0.733278	 -0.00121645	 -0.175119	 0.000434832
141.72	 -0.0114359	 4.01122e-06	 -0.737875	 -0.00123105	 -0.181518	 0.000448974
141.74	 -0.0114283	 5.57173e-06	 -0.742475	 -0.00124519	 -0.187451	 0.000462417
141.76	 -0.0114358	 7.09474e-06	 -0.747078	 -0.00125886	 -0.19292	 0.00047514
141.78	 -0.0114582	 8.57819e-06	 -0.751681	 -0.00127204	 -0.197926	 0.000487125
141.8	 -0.0114953	 1.00201e-05	 -0.756283	 -0.00128472	 -0.202473	 0.000498352
141.82	 -0.0115471	 1.14185e-05	 -0.760883	 -0.0012969	 -0.206561	 0.000508803
141.84	 -0.0116134	 1.27715e-05	 -0.76548	 -0.00130855	 -0.210194	 0.000518464
141.86	 -0.011694	 1.40773e-05	 -0.770072	 -0.00131968	 -0.213374	 0.000527318
141.88	 -0.0117888	 1.53343e-05	 -0.774658	 -0.00133027	 -0.216105	 0.00053535
141.9	 -0.0118977	 1.65407e-05	 -0.779237	 -0.00134033	 -0.218389	 0.000542549
141.92	 -0.0120203	 1.7695e-05	 -0.783807	 -0.00134983	 -0.220231	 0.000548901
141.94	 -0.0121565	 1.87958e-05	 -0.788367	 -0.00135878	 -0.221633	 0.000554395
141.96	 -0.0123061	 1.98416e-05	 -0.792915	 -0.00136717	 -0.2226	 0.000559023
141.98	 -0.0124688	 2.0831e-05	 -0.797451	 -0.00137499	 -0.223135	 0.000562774
142	 -0.0126443	 2.1763e-05	 -0.801973	 -0.00138224	 -0.223244	 0.000565643
142.02	 -0.0128325	 2.26364e-05	 -0.806479	 -0.00138892	 -0.22293	 0.000567621
142.04	 -0.0130331	 2.345e-05	 -0.810969	 -0.00139502	 -0.222197	 0.000568705
142.06	 -0.0132457	 2.42031e-05	 -0.81544	 -0.00140055	 -0.221051	 0.00056889
142.08	 -0.01347	 2.48946e-05	 -0.819892	 -0.0014055	 -0.219496	 0.000568173
142.1	 -0.0137058	 2.55239e-05	 -0.824324	 -0.00140986	 -0.217538	 0.000566553
142.12	 -0.0139528	 2.60903e-05	 -0.828733	 -0.00141365	 -0.215181	 0.00056403
142.14	 -0.0142106	 2.65933e-05	 -0.833119	 -0.00141685	 -0.212431	 0.000560604
142.16	 -0.0144789	 2.70323e-05	 -0.83748	 -0.00141948	 -0.209293	 0.000556278
142.18	 -0.0147574	 2.7407e-05	 -0.841816	 -0.00142153	 -0.205772	 0.000551054
142.2	 -0.0150457	 2.77172e-05	 -0.846124	 -0.00142301	 -0.201875	 0.000544936
142.22	 -0.0153434	 2.79626e-05	 -0.850403	 -0.00142392	 -0.197607	 0.000537932
142.24	 -0.0156502	 2.81433e-05	 -0.854653	 -0.00142426	 -0.192973	 0.000530046
142.26	 -0.0159657	 2.82592e-05	 -0.858872	 -0.00142403	 -0.18798	 0.000521288
142.28	 -0.0162896	 2.83104e-05	 -0.863058	 -0.00142325	 -0.182634	 0.000511666
142.3	 -0.0166215	 2.82973e-05	 -0.867211	 -0.00142192	 -0.17694	 0.00050119
142.32	 -0.016961	 2.82201e-05	 -0.871329	 -0.00142004	 -0.170904	 0.000489872
142.34	 -0.0173076	 2.80792e-05	 -0.875411	 -0.00141763	 -0.164534	 0.000477724
142.36	 -0.0176611	 2.78753e-05	 -0.879455	 -0.00141468	 -0.157834	 0.00046476
142.38	 -0.018021	 2.76088e-05	 -0.883461	 -0.00141121	 -0.150811	 0.000450994
142.4	 -0.0183869	 2.72806e-05	 -0.887428	 -0.00140722	 -0.143472	 0.000436441
142.42	 -0.0187584	 2.68914e-05	 -0.891353	 -0.00140273	 -0.135822	 0.000421119
142.44	 -0.0191351	 2.64422e-05	 -0.895236	 -0.00139775	 -0.127868	 0.000405045
142.46	 -0.0195166	 2.59338e-05	 -0.899076	 -0.00139227	 -0.119616	 0.000388238
142.48	 -0.0199025	 2.53675e-05	 -0.902871	 -0.00138632	 -0.111073	 0.000370717
142.5	 -0.0202925	 2.47443e-05	 -0.906621	 -0.00137991	 -0.102244	 0.000352502
142.52	 -0.020686	 2.40656e-05	 -0.910323	 -0.00137304	 -0.093136	 0.000333615
142.54	 -0.0210827	 2.33326e-05	 -0.913978	 -0.00136574	 -0.0837554	 0.000314079
142.56	 -0.0214822	 2.25468e-05	 -0.917584	 -0.001358	 -0.0741082	 0.000293916
142.58	 -0.0218841	 2.17097e-05	 -0.92114	 -0.00134985	 -0.0642006	 0.000273151
142.6	 -0.022288	 2.08228e-05	 -0.924644	 -0.00134129	 -0.0540389	 0.000251807
142.62	 -0.0226934	 1.98877e-05	 -0.928097	 -0.00133235	 -0.0436291	 0.000229911
142.64	 -0.0231001	 1.89063e-05	 -0.931495	 -0.00132303	 -0.0329773	 0.000207488
142.66	 -0.0235076	 1.78803e-05	 -0.93484	 -0.00131335	 -0.0220895	 0.000184565
142.68	 -0.0239155	 1.68115e-05	 -0.938129	 -0.00130332	 -0.0109718	 0.000161171
142.7	 -0.0243234	 1.57018e-05	 -0.941361	 -0.00129296	 0.000370078	 0.000137332
142.72	 -0.0247311	 1.45532e-05	 -0.944536	 -0.00128228	 0.0119301	 0.000113077
142.74	 -0.025138	 1.33677e-05	 -0.947652	 -0.0012713	 0.0237027	 8.84358e-05
142.76	 -0.0255439	 1.21475e-05	 -0.950709	 -0.00126003	 0.0356819	 6.34377e-05
142.78	 -0.0259483	 1.08945e-05	 -0.953706	 -0.00124849	 0.0478623	 3.81129e-05
142.8	 -0.026351	 9.61105e-06	 -0.956641	 -0.0012367	 0.0602383	 1.24918e-05
142.82	 -0.0267515	 8.2993e-06	 -0.959514	 -0.00122467	 0.0728044	 -1.33948e-05
142.84	 -0.0271496	 6.9615e-06	 -0.962324	 -0.00121242	 0.0855553	 -3.95157e-05
142.86	 -0.0275449	 5.59995e-06	 -0.96507	 -0.00119996	 0.0984857	 -6.58393e-05
142.88	 -0.0279372	 4.21696e-06	 -0.967751	 -0.00118731	 0.11159	 -9.23339e-05
142.9	 -0.028326	 2.81488e-06	 -0.970366	 -0.00117449	 0.124864	 -0.000118968
142.92	 -0.0287111	 1.39609e-06	 -0.972915	 -0.00116151	 0.138302	 -0.000145708
142.94	 -0.0290921	 -3.70418e-08	 -0.975396	 -0.0011484	 0.1519	 -0.000172523
142.96	 -0.0294689	 -1.48209e-06	 -0.977809	 -0.00113516	 0.165652	 -0.000199381
142.98	 -0.0298411	 -2.93665e-06	 -0.980153	 -0.00112182	 0.179554	 -0.000226248
143	 -0.0302085	 -4.39827e-06	 -0.982427	 -0.00110838	 0.193601	 -0.000253093
143.02	 -0.0305707	 -5.86454e-06	 -0.984631	 -0.00109488	 0.20779	 -0.000279882
143.04	 -0.0309277	 -7.333e-06	 -0.986764	 -0.00108132	 0.222114	 -0.000306584
143.06	 -0.031279	 -8.80122e-06	 -0.988825	 -0.00106772	 0.236571	 -0.000333167
143.08	 -0.0316245	 -1.02668e-05	 -0.990813	 -0.00105409	 0.251157	 -0.000359598
143.1	 -0.0319641	 -1.17272e-05	 -0.992728	 -0.00104047	 0.265866	 -0.000385845
143.12	 -0.0322974	 -1.31801e-05	 -0.994569	 -0.00102685	 0.280696	 -0.000411878
143.14	 -0.0326243	 -1.46232e-05	 -0.996335	 -0.00101326	 0.295642	 -0.000437663
143.16	 -0.0329446	 -1.60539e-05	 -0.998027	 -0.000999716	 0.310701	 -0.000463171
143.18	 -0.0332581	 -1.747e-05	 -0.999642	 -0.000986229	 0.325869	 -0.000488371
143.2	 -0.0335647	 -1.88692e-05	 -1.00118	 -0.000972817	 0.341143	 -0.000513231
143.22	 -0.0338643	 -2.0249e-05	 -1.00264	 -0.000959496	 0.356519	 -0.000537723
143.24	 -0.0341566	 -2.16074e-05	 -1.00403	 -0.00094628	 0.371994	 -0.000561817
143.26	 -0.0344416	 -2.29419e-05	 -1.00534	 -0.000933186	 0.387565	 -0.000585484
143.28	 -0.0347192	 -2.42506e-05	 -1.00657	 -0.000920227	 0.40323	 -0.000608695
143.3	 -0.0349893	 -2.55311e-05	 -1.00772	 -0.000907419	 0.418984	 -0.000631422
143.32	 -0.0352517	 -2.67814e-05	 -1.00879	 -0.000894775	 0.434825	 -0.000653639
143.34	 -0.0355065	 -2.79994e-05	 -1.00978	 -0.00088231	 0.450751	 -0.000675318
143.36	 -0.0357534	 -2.91832e-05	 -1.01069	 -0.000870037	 0.466759	 -0.000696433
143.38	 -0.0359926	 -3.03308e-05	 -1.01153	 -0.000857969	 0.482846	 -0.00071696
143.4	 -0.0362239	 -3.14403e-05	 -1.01228	 -0.00084612	 0.499009	 -0.000736873
143.42	 -0.0364474	 -3.25098e-05	 -1.01295	 -0.000834502	 0.515247	 -0.000756149
143.44	 -0.0366629	 -3.35376e-05	 -1.01354	 -0.000823127	 0.531558	 -0.000774764
143.46	 -0.0368706	 -3.4522e-05	 -1.01404	 -0.000812008	 0.547938	 -0.000792696
143.48	 -0.0370703	 -3.54613e-05	 -1.01447	 -0.000801155	 0.564386	 -0.000809925
143.5	 -0.0372622	 -3.6354e-05	 -1.01481	 -0.000790579	 0.580901	 -0.000826428
143.52	 -0.0374462	 -3.71986e-05	 -1.01508	 -0.000780292	 0.597479	 -0.000842187
143.54	 -0.0376224	 -3.79936e-05	 -1.01525	 -0.000770303	 0.614119	 -0.000857183
143.56	 -0.0377909	 -3.87377e-05	 -1.01535	 -0.000760621	 0.630819	 -0.000871398
143.58	 -0.0379517	 -3.94296e-05	 -1.01537	 -0.000751257	 0.647578	 -0.000884814
143.6	 -0.0381048	 -4.00681e-05	 -1.0153	 -0.000742219	 0.664393	 -0.000897417
143.62	 -0.0382504	 -4.06521e-05	 -1.01514	 -0.000733515	 0.681264	 -0.000909191
143.64	 -0.0383886	 -4.11806e-05	 -1.01491	 -0.000725153	 0.698188	 -0.000920121
143.66	 -0.0385194	 -4.16525e-05	 -1.01459	 -0.00071714	 0.715164	 -0.000930196
143.68	 -0.038643	 -4.2067e-05	 -1.01419	 -0.000709483	 0.73219	 -0.000939403
143.7	 -0.0387595	 -4.24233e-05	 -1.01371	 -0.000702188	 0.749265	 -0.000947731
143.72	 -0.038869	 -4.27208e-05	 -1.01314	 -0.000695261	 0.766388	 -0.00095517
143.74	 -0.0389717	 -4.29588e-05	 -1.01249	 -0.000688707	 0.783557	 -0.000961713
143.76	 -0.0390677	 -4.31367e-05	 -1.01175	 -0.000682531	 0.800771	 -0.00096735
143.78	 -0.0391572	 -4.32541e-05	 -1.01094	 -0.000676737	 0.818028	 -0.000972076
143.8	 -0.0392403	 -4.33108e-05	 -1.01004	 -0.000671328	 0.835328	 -0.000975884
143.82	 -0.0393172	 -4.33063e-05	 -1.00906	 -0.000666308	 0.852668	 -0.000978772
143.84	 -0.0393881	 -4.32405e-05	 -1.00799	 -0.000661679	 0.870047	 -0.000980735
143.86	 -0.0394531	 -4.31133e-05	 -1.00685	 -0.000657443	 0.887464	 -0.00098177
143.88	 -0.0395126	 -4.29248e-05	 -1.00562	 -0.000653602	 0.904918	 -0.000981878
143.9	 -0.0395666	 -4.26749e-05	 -1.00431	 -0.000650156	 0.922407	 -0.000981058
143.92	 -0.0396154	 -4.23639e-05	 -1.00292	 -0.000647106	 0.93993	 -0.000979312
143.94	 -0.0396591	 -4.19921e-05	 -1.00144	 -0.000644451	 0.957486	 -0.000976641
143.96	 -0.0396981	 -4.15596e-05	 -0.999889	 -0.00064219	 0.975072	 -0.000973048
143.98	 -0.0397325	 -4.10671e-05	 -0.998254	 -0.000640323	 0.992689	 -0.00096854
144	 -0.0397626	 -4.05149e-05	 -0.996539	 -0.000638847	 1.01033	 -0.00096312
144.02	 -0.0397885	 -3.99037e-05	 -0.994744	 -0.00063776	 1.028	 -0.000956796
144.04	 -0.0398106	 -3.92341e-05	 -0.99287	 -0.000637059	 1.0457	 -0.000949575
144.06	 -0.039829	 -3.8507e-05	 -0.990916	 -0.00063674	 1.06342	 -0.000941466
144.08	 -0.0398441	 -3.7723e-05	 -0.988884	 -0.000636799	 1.08116	 -0.000932479
144.1	 -0.039856	 -3.68832e-05	 -0.986773	 -0.000637232	 1.09892	 -0.000922625
144.12	 -0.0398649	 -3.59886e-05	 -0.984585	 -0.000638033	 1.1167	 -0.000911915
144.14	 -0.0398713	 -3.50401e-05	 -0.98232	 -0.000639198	 1.1345	 -0.000900364
144.16	 -0.0398752	 -3.40389e-05	 -0.979979	 -0.000640719	 1.15231	 -0.000887984
144.18	 -0.039877	 -3.29862e-05	 -0.977561	 -0.00064259	 1.17013	 -0.00087479
144.2	 -0.0398769	 -3.18834e-05	 -0.975068	 -0.000644803	 1.18797	 -0.000860799
144.22	 -0.0398752	 -3.07316e-05	 -0.972501	 -0.000647352	 1.20581	 -0.000846026
144.24	 -0.0398721	 -2.95324e-05	 -0.969859	 -0.000650228	 1.22366	 -0.000830491
144.26	 -0.0398678	 -2.82873e-05	 -0.967144	 -0.000653423	 1.24151	 -0.000814211
144.28	 -0.0398627	 -2.69976e-05	 -0.964357	 -0.000656927	 1.25936	 -0.000797206
144.3	 -0.0398569	 -2.5665e-05	 -0.961497	 -0.00066073	 1.27721	 -0.000779496
144.32	 -0.0398508	 -2.42913e-05	 -0.958567	 -0.000664824	 1.29506	 -0.000761103
144.34	 -0.0398445	 -2.28779e-05	 -0.955566	 -0.000669197	 1.3129	 -0.000742048
144.36	 -0.0398384	 -2.14268e-05	 -0.952495	 -0.000673839	 1.33073	 -0.000722354
144.38	 -0.0398327	 -1.99397e-05	 -0.949356	 -0.000678739	 1.34855	 -0.000702045
144.4	 -0.0398275	 -1.84184e-05	 -0.94615	 -0.000683885	 1.36636	 -0.000681145
144.42	 -0.0398232	 -1.68648e-05	 -0.942876	 -0.000689265	 1.38414	 -0.000659679
144.44	 -0.03982	 -1.52808e-05	 -0.939536	 -0.000694866	 1.40191	 -0.000637672
144.46	 -0.0398181	 -1.36685e-05	 -0.936132	 -0.000700678	 1.41965	 -0.00061515
144.48	 -0.0398178	 -1.20298e-05	 -0.932663	 -0.000706685	 1.43736	 -0.000592141
144.5	 -0.0398192	 -1.03667e-05	 -0.929131	 -0.000712876	 1.45503	 -0.000568671
144.52	 -0.0398226	 -8.68128e-06	 -0.925538	 -0.000719237	 1.47267	 -0.000544768
144.54	 -0.0398282	 -6.97567e-06	 -0.921883	 -0.000725754	 1.49028	 -0.000520461
144.56	 -0.0398362	 -5.25195e-06	 -0.918169	 -0.000732413	 1.50783	 -0.000495779
144.58	 -0.0398469	 -3.51225e-06	 -0.914395	 -0.000739199	 1.52534	 -0.00047075
144.6	 -0.0398603	 -1.75874e-06	 -0.910564	 -0.000746099	 1.5428	 -0.000445405
144.62	 -0.0398767	 6.44349e-09	 -0.906677	 -0.000753098	 1.5602	 -0.000419773
144.64	 -0.0398963	 1.78111e-06	 -0.902734	 -0.00076018	 1.57754	 -0.000393884
144.66	 -0.0399193	 3.56307e-06	 -0.898737	 -0.000767332	 1.59481	 -0.00036777
144.68	 -0.0399457	 5.35013e-06	 -0.894688	 -0.000774537	 1.61201	 -0.00034146
144.7	 -0.0399759	 7.1401e-06	 -0.890587	 -0.000781781	 1.62914	 -0.000314986
144.72	 -0.0400098	 8.93079e-06	 -0.886435	 -0.000789049	 1.64618	 -0.000288379
144.74	 -0.0400478	 1.072e-05	 -0.882234	 -0.000796324	 1.66314	 -0.000261671
144.76	 -0.0400899	 1.25055e-05	 -0.877986	 -0.000803592	 1.68001	 -0.000234892
144.78	 -0.0401362	 1.42852e-05	 -0.873692	 -0.000810837	 1.69678	 -0.000208074
144.8	 -0.0401868	 1.60568e-05	 -0.869352	 -0.000818044	 1.71345	 -0.000181249
144.82	 -0.040242	 1.78183e-05	 -0.864969	 -0.000825197	 1.73002	 -0.000154447
144.84	 -0.0403017	 1.95674e-05	 -0.860543	 -0.000832281	 1.74647	 -0.000127701
144.86	 -0.0403661	 2.13021e-05	 -0.856077	 -0.000839281	 1.7628	 -0.000101041
144.88	 -0.0404353	 2.30202e-05	 -0.851572	 -0.00084618	 1.779	 -7.44992e-05
144.9	 -0.0405093	 2.47196e-05	 -0.847029	 -0.000852965	 1.79507	 -4.81058e-05
144.92	 -0.0405881	 2.63984e-05	 -0.84245	 -0.000859619	 1.81101	 -2.18916e-05
144.94	 -0.040672	 2.80544e-05	 -0.837836	 -0.000866129	 1.8268	 4.11283e-06
144.96	 -0.0407608	 2.96857e-05	 -0.833188	 -0.000872479	 1.84244	 2.98773e-05
144.98	 -0.0408546	 3.12904e-05	 -0.828509	 -0.000878654	 1.85793	 5.53719e-05
145	 -0.0409535	 3.28664e-05	 -0.8238	 -0.000884641	 1.87325	 8.05671e-05
145.02	 -0.0410575	 3.44119e-05	 -0.819063	 -0.000890425	 1.8884	 0.000105434
145.04	 -0.0411666	 3.59251e-05	 -0.814299	 -0.000895992	 1.90338	 0.000129944
145.06	 -0.0412807	 3.74041e-05	 -0.809509	 -0.00090133	 1.91817	 0.000154068
145.08	 -0.0413999	 3.88472e-05	 -0.804696	 -0.000906423	 1.93277	 0.000177779
145.1	 -0.0415242	 4.02526e-05	 -0.799861	 -0.00091126	 1.94717	 0.00020105
145.12	 -0.0416534	 4.16187e-05	 -0.795006	 -0.000915828	 1.96136	 0.000223854
145.14	 -0.0417876	 4.29438e-05	 -0.790133	 -0.000920114	 1.97535	 0.000246165
145.16	 -0.0419267	 4.42264e-05	 -0.785242	 -0.000924107	 1.98912	 0.000267958
145.18	 -0.0420706	 4.54649e-05	 -0.780337	 -0.000927794	 2.00265	 0.000289207
145.2	 -0.0422193	 4.66579e-05	 -0.775418	 -0.000931165	 2.01596	 0.00030989
145.22	 -0.0423727	 4.78039e-05	 -0.770487	 -0.000934209	 2.02902	 0.000329981
145.24	 -0.0425306	 4.89016e-05	 -0.765547	 -0.000936916	 2.04184	 0.00034946
145.26	 -0.0426931	 4.99497e-05	 -0.760599	 -0.000939276	 2.0544	 0.000368304
145.28	 -0.0428599	 5.09469e-05	 -0.755644	 -0.00094128	 2.0667	 0.000386492
145.3	 -0.0430309	 5.1892e-05	 -0.750685	 -0.000942918	 2.07872	 0.000404004
145.32	 -0.043206	 5.2784e-05	 -0.745724	 -0.000944182	 2.09047	 0.00042082
145.34	 -0.0433851	 5.36217e-05	 -0.740761	 -0.000945065	 2.10193	 0.000436922
145.36	 -0.043568	 5.44042e-05	 -0.735799	 -0.000945559	 2.1131	 0.000452293
145.38	 -0.0437545	 5.51305e-05	 -0.73084	 -0.000945658	 2.12397	 0.000466915
145.4	 -0.0439445	 5.57997e-05	 -0.725886	 -0.000945355	 2.13453	 0.000480773
145.42	 -0.0441378	 5.6411e-05	 -0.720938	 -0.000944644	 2.14477	 0.000493853
145.44	 -0.0443342	 5.69638e-05	 -0.715998	 -0.000943521	 2.1547	 0.000506139
145.46	 -0.0445336	 5.74572e-05	 -0.711068	 -0.000941982	 2.16429	 0.00051762
145.48	 -0.0447356	 5.78907e-05	 -0.70615	 -0.000940022	 2.17354	 0.000528284
145.5	 -0.0449401	 5.82637e-05	 -0.701246	 -0.000937638	 2.18245	 0.000538119
145.52	 -0.0451469	 5.85759e-05	 -0.696357	 -0.000934828	 2.19101	 0.000547116
145.54	 -0.0453557	 5.88266e-05	 -0.691485	 -0.00093159	 2.19921	 0.000555267
145.56	 -0.0455663	 5.90156e-05	 -0.686632	 -0.000927922	 2.20704	 0.000562562
145.58	 -0.0457785	 5.91427e-05	 -0.681801	 -0.000923823	 2.2145	 0.000568997
145.6	 -0.045992	 5.92076e-05	 -0.676992	 -0.000919295	 2.22159	 0.000574565
145.62	 -0.0462065	 5.92101e-05	 -0.672207	 -0.000914337	 2.22828	 0.000579261
145.64	 -0.0464219	 5.91502e-05	 -0.667449	 -0.00090895	 2.23458	 0.000583083
145.66	 -0.0466378	 5.90279e-05	 -0.662719	 -0.000903137	 2.24049	 0.000586027
145.68	 -0.0468539	 5.88431e-05	 -0.658018	 -0.000896901	 2.24598	 0.000588093
145.7	 -0.04707	 5.85962e-05	 -0.65335	 -0.000890243	 2.25107	 0.00058928
145.72	 -0.0472858	 5.82871e-05	 -0.648714	 -0.000883169	 2.25574	 0.00058959
145.74	 -0.047501	 5.79162e-05	 -0.644114	 -0.000875683	 2.25998	 0.000589023
145.76	 -0.0477153	 5.74838e-05	 -0.63955	 -0.000867791	 2.2638	 0.000587584
145.78	 -0.0479285	 5.69903e-05	 -0.635025	 -0.000859497	 2.26718	 0.000585277
145.8	 -0.0481401	 5.6436e-05	 -0.63054	 -0.000850808	 2.27011	 0.000582106
145.82	 -0.04835	 5.58216e-05	 -0.626098	 -0.000841733	 2.27261	 0.000578078
145.84	 -0.0485577	 5.51475e-05	 -0.621698	 -0.000832278	 2.27465	 0.0005732
145.86	 -0.048763	 5.44145e-05	 -0.617344	 -0.000822452	 2.27624	 0.000567481
145.88	 -0.0489657	 5.36231e-05	 -0.613036	 -0.000812263	 2.27736	 0.000560931
145.9	 -0.0491653	 5.27742e-05	 -0.608777	 -0.000801723	 2.27802	 0.000553558
145.92	 -0.0493615	 5.18686e-05	 -0.604568	 -0.00079084	 2.27821	 0.000545376
145.94	 -0.0495541	 5.0907e-05	 -0.60041	 -0.000779625	 2.27793	 0.000536397
145.96	 -0.0497427	 4.98905e-05	 -0.596306	 -0.000768091	 2.27718	 0.000526633
145.98	 -0.0499271	 4.882e-05	 -0.592256	 -0.000756248	 2.27594	 0.0005161
146	 -0.0501068	 4.76966e-05	 -0.588262	 -0.00074411	 2.27422	 0.000504813
146.02	 -0.0502816	 4.65213e-05	 -0.584325	 -0.00073169	 2.27201	 0.000492788
146.04	 -0.0504512	 4.52953e-05	 -0.580447	 -0.000719001	 2.26931	 0.000480042
146.06	 -0.0506152	 4.40198e-05	 -0.57663	 -0.000706056	 2.26612	 0.000466594
146.08	 -0.0507733	 4.26959e-05	 -0.572874	 -0.000692872	 2.26243	 0.000452463
146.1	 -0.0509253	 4.13251e-05	 -0.569182	 -0.000679462	 2.25825	 0.000437668
146.12	 -0.0510708	 3.99086e-05	 -0.565554	 -0.000665842	 2.25357	 0.00042223
146.14	 -0.0512095	 3.84479e-05	 -0.561991	 -0.000652028	 2.24839	 0.000406171
146.16	 -0.0513412	 3.69443e-05	 -0.558496	 -0.000638036	 2.24271	 0.000389514
146.18	 -0.0514654	 3.53994e-05	 -0.555068	 -0.000623884	 2.23653	 0.00037228
146.2	 -0.051582	 3.38146e-05	 -0.55171	 -0.000609587	 2.22985	 0.000354493
146.22	 -0.0516907	 3.21916e-05	 -0.548423	 -0.000595164	 2.22266	 0.000336179
146.24	 -0.0517911	 3.05319e-05	 -0.545207	 -0.000580632	 2.21498	 0.000317363
146.26	 -0.051883	 2.88371e-05	 -0.542064	 -0.00056601	 2.20679	 0.000298069
146.28	 -0.0519661	 2.71089e-05	 -0.538995	 -0.000551314	 2.19809	 0.000278324
146.3	 -0.0520402	 2.53491e-05	 -0.536	 -0.000536565	 2.1889	 0.000258156
146.32	 -0.052105	 2.35594e-05	 -0.533082	 -0.000521781	 2.17921	 0.000237591
146.34	 -0.0521602	 2.17416e-05	 -0.53024	 -0.000506981	 2.16902	 0.000216658
146.36	 -0.0522056	 1.98974e-05	 -0.527476	 -0.000492183	 2.15834	 0.000195385
146.38	 -0.052241	 1.80287e-05	 -0.52479	 -0.000477408	 2.14716	 0.0001738
146.4	 -0.0522661	 1.61373e-05	 -0.522185	 -0.000462674	 2.13549	 0.000151934
146.42	 -0.0522807	 1.42252e-05	 -0.519659	 -0.000448002	 2.12333	 0.000129815
146.44	 -0.0522846	 1.22943e-05	 -0.517215	 -0.00043341	 2.11068	 0.000107473
146.46	 -0.0522777	 1.03465e-05	 -0.514852	 -0.000418919	 2.09756	 8.49386e-05
146.48	 -0.0522597	 8.38368e-06	 -0.512572	 -0.000404548	 2.08395	 6.22423e-05
146.5	 -0.0522303	 6.4079e-06	 -0.510375	 -0.000390317	 2.06988	 3.94146e-05
146.52	 -0.0521896	 4.42112e-06	 -0.508262	 -0.000376246	 2.05533	 1.64862e-05
146.54	 -0.0521373	 2.42534e-06	 -0.506233	 -0.000362353	 2.04032	 -6.51179e-06
146.56	 -0.0520732	 4.22567e-07	 -0.50429	 -0.000348659	 2.02485	 -2.95485e-05
146.58	 -0.0519973	 -1.58518e-06	 -0.502432	 -0.000335183	 2.00892	 -5.25928e-05
146.6	 -0.0519093	 -3.59587e-06	 -0.50066	 -0.000321944	 1.99255	 -7.56136e-05
146.62	 -0.0518092	 -5.60748e-06	 -0.498975	 -0.000308961	 1.97573	 -9.85798e-05
146.64	 -0.0516969	 -7.61794e-06	 -0.497376	 -0.000296253	 1.95848	 -0.00012146
146.66	 -0.0515724	 -9.62524e-06	 -0.495865	 -0.000283838	 1.9408	 -0.000144225
146.68	 -0.0514354	 -1.16273e-05	 -0.494441	 -0.000271736	 1.92269	 -0.000166842
146.7	 -0.051286	 -1.36221e-05	 -0.493106	 -0.000259964	 1.90417	 -0.000189281
146.72	 -0.0511241	 -1.56076e-05	 -0.491858	 -0.000248539	 1.88524	 -0.000211512
146.74	 -0.0509497	 -1.75818e-05	 -0.490699	 -0.00023748	 1.86592	 -0.000233505
146.76	 -0.0507628	 -1.95426e-05	 -0.489628	 -0.000226804	 1.8462	 -0.00025523
146.78	 -0.0505633	 -2.1488e-05	 -0.488647	 -0.000216526	 1.82609	 -0.000276658
146.8	 -0.0503513	 -2.3416e-05	 -0.487754	 -0.000206664	 1.80562	 -0.00029776
146.82	 -0.0501268	 -2.53246e-05	 -0.48695	 -0.000197234	 1.78477	 -0.000318506
146.84	 -0.0498897	 -2.72119e-05	 -0.486235	 -0.00018825	 1.76357	 -0.00033887
146.86	 -0.0496403	 -2.90758e-05	 -0.485609	 -0.000179727	 1.74203	 -0.000358823
146.88	 -0.0493785	 -3.09144e-05	 -0.485071	 -0.000171681	 1.72014	 -0.000378338
146.9	 -0.0491043	 -3.27258e-05	 -0.484623	 -0.000164124	 1.69793	 -0.000397388
146.92	 -0.048818	 -3.45081e-05	 -0.484264	 -0.00015707	 1.67541	 -0.000415949
146.94	 -0.0485196	 -3.62593e-05	 -0.483994	 -0.000150532	 1.65257	 -0.000433994
146.96	 -0.0482092	 -3.79777e-05	 -0.483812	 -0.000144521	 1.62944	 -0.000451499
146.98	 -0.0478869	 -3.96615e-05	 -0.483718	 -0.000139051	 1.60603	 -0.000468439
147	 -0.0475529	 -4.13088e-05	 -0.483713	 -0.00013413	 1.58234	 -0.000484793
147.02	 -0.0472074	 -4.29179e-05	 -0.483795	 -0.00012977	 1.55839	 -0.000500538
147.04	 -0.0468505	 -4.4487e-05	 -0.483966	 -0.00012598	 1.53419	 -0.000515651
147.06	 -0.0464824	 -4.60146e-05	 -0.484223	 -0.00012277	 1.50974	 -0.000530113
147.08	 -0.0461033	 -4.74989e-05	 -0.484568	 -0.000120147	 1.48508	 -0.000543903
147.1	 -0.0457135	 -4.89385e-05	 -0.485	 -0.000118119	 1.46019	 -0.000557003
147.12	 -0.0453131	 -5.03317e-05	 -0.485517	 -0.000116692	 1.4351	 -0.000569394
147.14	 -0.0449023	 -5.1677e-05	 -0.486121	 -0.000115874	 1.40982	 -0.00058106
147.16	 -0.0444816	 -5.2973e-05	 -0.48681	 -0.000115669	 1.38437	 -0.000591984
147.18	 -0.044051	 -5.42184e-05	 -0.487585	 -0.000116082	 1.35874	 -0.000602151
147.2	 -0.0436109	 -5.54117e-05	 -0.488443	 -0.000117117	 1.33297	 -0.000611547
147.22	 -0.0431616	 -5.65517e-05	 -0.489386	 -0.000118778	 1.30705	 -0.00062016
147.24	 -0.0427034	 -5.76372e-05	 -0.490413	 -0.000121065	 1.281	 -0.000627977
147.26	 -0.0422365	 -5.86669e-05	 -0.491522	 -0.000123982	 1.25484	 -0.000634987
147.28	 -0.0417614	 -5.96398e-05	 -0.492714	 -0.000127528	 1.22858	 -0.00064118
147.3	 -0.0412783	 -6.05549e-05	 -0.493987	 -0.000131704	 1.20223	 -0.000646548
147.32	 -0.0407876	 -6.1411e-05	 -0.495342	 -0.000136509	 1.17581	 -0.000651084
147.34	 -0.0402897	 -6.22075e-05	 -0.496777	 -0.000141942	 1.14932	 -0.00065478
147.36	 -0.0397849	 -6.29433e-05	 -0.498291	 -0.000148	 1.12278	 -0.000657632
147.38	 -0.0392735	 -6.36177e-05	 -0.499885	 -0.00015468	 1.09621	 -0.000659635
147.4	 -0.0387561	 -6.423e-05	 -0.501558	 -0.000161979	 1.06962	 -0.000660787
147.42	 -0.0382328	 -6.47795e-05	 -0.503308	 -0.000169891	 1.04301	 -0.000661085
147.44	 -0.0377043	 -6.52657e-05	 -0.505135	 -0.000178411	 1.01641	 -0.000660529
147.46	 -0.0371708	 -6.56882e-05	 -0.507038	 -0.000187533	 0.989829	 -0.000659121
147.48	 -0.0366328	 -6.60464e-05	 -0.509017	 -0.00019725	 0.963276	 -0.00065686
147.5	 -0.0360907	 -6.634e-05	 -0.51107	 -0.000207554	 0.936768	 -0.000653752
147.52	 -0.0355449	 -6.65689e-05	 -0.513198	 -0.000218437	 0.910316	 -0.000649799
147.54	 -0.0349959	 -6.67327e-05	 -0.515398	 -0.00022989	 0.883933	 -0.000645006
147.56	 -0.0344441	 -6.68315e-05	 -0.51767	 -0.000241903	 0.857634	 -0.000639381
147.58	 -0.03389	 -6.68652e-05	 -0.520014	 -0.000254465	 0.83143	 -0.000632932
147.6	 -0.0333339	 -6.68338e-05	 -0.522427	 -0.000267566	 0.805335	 -0.000625666
147.62	 -0.0327764	 -6.67375e-05	 -0.524911	 -0.000281192	 0.77936	 -0.000617593
147.64	 -0.0322178	 -6.65765e-05	 -0.527463	 -0.000295332	 0.753519	 -0.000608726
147.66	 -0.0316588	 -6.63512e-05	 -0.530083	 -0.000309972	 0.727825	 -0.000599076
147.68	 -0.0310996	 -6.60618e-05	 -0.532769	 -0.000325098	 0.702288	 -0.000588656
147.7	 -0.0305408	 -6.5709e-05	 -0.535522	 -0.000340696	 0.676923	 -0.00057748
147.72	 -0.0299828	 -6.52931e-05	 -0.538339	 -0.00035675	 0.651739	 -0.000565566
147.74	 -0.0294262	 -6.48149e-05	 -0.54122	 -0.000373246	 0.626751	 -0.000552927
147.76	 -0.0288712	 -6.42751e-05	 -0.544164	 -0.000390166	 0.601968	 -0.000539583
147.78	 -0.0283185	 -6.36744e-05	 -0.54717	 -0.000407494	 0.577403	 -0.000525552
147.8	 -0.0277685	 -6.30137e-05	 -0.550237	 -0.000425213	 0.553067	 -0.000510854
147.82	 -0.0272216	 -6.2294e-05	 -0.553363	 -0.000443305	 0.528971	 -0.000495508
147.84	 -0.0266783	 -6.15163e-05	 -0.556549	 -0.000461751	 0.505127	 -0.000479537
147.86	 -0.0261391	 -6.06817e-05	 -0.559792	 -0.000480533	 0.481544	 -0.000462962
147.88	 -0.0256043	 -5.97913e-05	 -0.563092	 -0.000499631	 0.458233	 -0.000445807
147.9	 -0.0250745	 -5.88465e-05	 -0.566448	 -0.000519027	 0.435205	 -0.000428096
147.92	 -0.02455	 -5.78485e-05	 -0.569859	 -0.0005387	 0.412469	 -0.000409853
147.94	 -0.0240314	 -5.67988e-05	 -0.573323	 -0.00055863	 0.390036	 -0.000391105
147.96	 -0.023519	 -5.56987e-05	 -0.576839	 -0.000578796	 0.367914	 -0.000371878
147.98	 -0.0230133	 -5.45499e-05	 -0.580407	 -0.000599179	 0.346114	 -0.000352198
148	 -0.0225146	 -5.3354e-05	 -0.584025	 -0.000619755	 0.324644	 -0.000332094
148.02	 -0.0220235	 -5.21125e-05	 -0.587692	 -0.000640505	 0.303513	 -0.000311593
148.04	 -0.0215403	 -5.08273e-05	 -0.591407	 -0.000661406	 0.28273	 -0.000290726
148.06	 -0.0210653	 -4.95001e-05	 -0.595168	 -0.000682437	 0.262303	 -0.00026952
148.08	 -0.020599	 -4.81328e-05	 -0.598976	 -0.000703576	 0.242239	 -0.000248007
148.1	 -0.0201418	 -4.67272e-05	 -0.602828	 -0.0007248	 0.222547	 -0.000226216
148.12	 -0.0196941	 -4.52854e-05	 -0.606723	 -0.000746089	 0.203234	 -0.000204178
148.14	 -0.0192561	 -4.38093e-05	 -0.610661	 -0.000767419	 0.184306	 -0.000181925
148.16	 -0.0188282	 -4.23009e-05	 -0.614639	 -0.000788768	 0.165772	 -0.000159489
148.18	 -0.0184108	 -4.07624e-05	 -0.618658	 -0.000810114	 0.147636	 -0.0001369
148.2	 -0.0180042	 -3.9196e-05	 -0.622714	 -0.000831435	 0.129907	 -0.000114191
148.22	 -0.0176088	 -3.76037e-05	 -0.626809	 -0.000852709	 0.112588	 -9.13955e-05
148.24	 -0.0172247	 -3.59878e-05	 -0.630939	 -0.000873913	 0.0956872	 -6.85443e-05
148.26	 -0.0168523	 -3.43505e-05	 -0.635104	 -0.000895026	 0.0792083	 -4.56707e-05
148.28	 -0.0164919	 -3.26941e-05	 -0.639303	 -0.000916025	 0.0631567	 -2.28071e-05
148.3	 -0.0161438	 -3.1021e-05	 -0.643534	 -0.000936889	 0.0475372	 1.37216e-08
148.32	 -0.0158082	 -2.93333e-05	 -0.647797	 -0.000957597	 0.0323541	 2.27593e-05
148.34	 -0.0154853	 -2.76336e-05	 -0.652089	 -0.000978126	 0.0176114	 4.53969e-05
148.36	 -0.0151753	 -2.5924e-05	 -0.656411	 -0.000998457	 0.00331305	 6.78944e-05
148.38	 -0.0148786	 -2.4207e-05	 -0.660759	 -0.00101857	 -0.0105376	 9.02193e-05
148.4	 -0.0145952	 -2.2485e-05	 -0.665134	 -0.00103844	 -0.0239375	 0.00011234
148.42	 -0.0143253	 -2.07603e-05	 -0.669533	 -0.00105805	 -0.0368837	 0.000134224
148.44	 -0.0140692	 -1.90354e-05	 -0.673956	 -0.00107738	 -0.0493737	 0.00015584
148.46	 -0.013827	 -1.73126e-05	 -0.678401	 -0.0010964	 -0.0614053	 0.000177158
148.48	 -0.0135988	 -1.55942e-05	 -0.682867	 -0.00111511	 -0.0729765	 0.000198145
148.5	 -0.0133847	 -1.38828e-05	 -0.687353	 -0.00113348	 -0.0840858	 0.000218773
148.52	 -0.0131848	 -1.21805e-05	 -0.691857	 -0.0011515	 -0.0947318	 0.000239012
148.54	 -0.0129993	 -1.04899e-05	 -0.696378	 -0.00116914	 -0.104914	 0.000258831
148.56	 -0.0128282	 -8.81309e-06	 -0.700915	 -0.00118639	 -0.11463	 0.000278202
148.58	 -0.0126716	 -7.15251e-06	 -0.705466	 -0.00120323	 -0.123882	 0.000297098
148.6	 -0.0125296	 -5.5104e-06	 -0.71003	 -0.00121965	 -0.132667	 0.00031549
148.62	 -0.0124021	 -3.88901e-06	 -0.714605	 -0.00123563	 -0.140987	 0.000333352
148.64	 -0.0122892	 -2.29056e-06	 -0.719191	 -0.00125115	 -0.148842	 0.000350658
148.66	 -0.0121908	 -7.17227e-07	 -0.723786	 -0.0012662	 -0.156233	 0.000367382
148.68	 -0.0121071	 8.28856e-07	 -0.728388	 -0.00128077	 -0.16316	 0.0003835
148.7	 -0.0120379	 2.34559e-06	 -0.732997	 -0.00129484	 -0.169626	 0.000398988
148.72	 -0.0119832	 3.83092e-06	 -0.737611	 -0.0013084	 -0.17563	 0.000413823
148.74	 -0.0119429	 5.28285e-06	 -0.742228	 -0.00132144	 -0.181175	 0.000427984
148.76	 -0.0119171	 6.69943e-06	 -0.746847	 -0.00133394	 -0.186263	 0.000441448
148.78	 -0.0119055	 8.07875e-06	 -0.751467	 -0.0013459	 -0.190897	 0.000454197
148.8	 -0.0119081	 9.41899e-06	 -0.756087	 -0.0013573	 -0.195078	 0.00046621
148.82	 -0.0119248	 1.07184e-05	 -0.760705	 -0.00136814	 -0.198809	 0.00047747
148.84	 -0.0119555	 1.19752e-05	 -0.765319	 -0.00137841	 -0.202094	 0.000487959
148.86	 -0.012	 1.31877e-05	 -0.769929	 -0.00138809	 -0.204935	 0.000497662
148.88	 -0.0120581	 1.43545e-05	 -0.774533	 -0.00139719	 -0.207335	 0.000506562
148.9	 -0.0121298	 1.54739e-05	 -0.779129	 -0.00140568	 -0.209299	 0.000514648
148.92	 -0.0122148	 1.65446e-05	 -0.783717	 -0.00141358	 -0.21083	 0.000521904
148.94	 -0.0123129	 1.75651e-05	 -0.788295	 -0.00142087	 -0.211932	 0.000528321
148.96	 -0.0124239	 1.85343e-05	 -0.792861	 -0.00142755	 -0.212609	 0.000533886
148.98	 -0.0125476	 1.94508e-05	 -0.797414	 -0.00143361	 -0.212865	 0.000538591
149	 -0.0126838	 2.03136e-05	 -0.801954	 -0.00143905	 -0.212704	 0.000542428
149.02	 -0.0128323	 2.11216e-05	 -0.806477	 -0.00144387	 -0.212133	 0.000545389
149.04	 -0.0129928	 2.18739e-05	 -0.810984	 -0.00144807	 -0.211154	 0.000547468
149.06	 -0.013165	 2.25695e-05	 -0.815473	 -0.00145165	 -0.209773	 0.00054866
149.08	 -0.0133487	 2.32077e-05	 -0.819942	 -0.0014546	 -0.207996	 0.000548963
149.1	 -0.0135436	 2.37878e-05	 -0.82439	 -0.00145693	 -0.205827	 0.000548373
149.12	 -0.0137494	 2.43092e-05	 -0.828816	 -0.00145863	 -0.203271	 0.00054689
149.14	 -0.0139658	 2.47713e-05	 -0.833219	 -0.00145972	 -0.200335	 0.000544513
149.16	 -0.0141926	 2.51737e-05	 -0.837596	 -0.00146018	 -0.197023	 0.000541243
149.18	 -0.0144293	 2.55161e-05	 -0.841948	 -0.00146004	 -0.193341	 0.000537084
149.2	 -0.0146757	 2.57982e-05	 -0.846272	 -0.00145928	 -0.189295	 0.000532038
149.22	 -0.0149315	 2.60198e-05	 -0.850567	 -0.00145791	 -0.18489	 0.000526111
149.24	 -0.0151964	 2.61809e-05	 -0.854832	 -0.00145595	 -0.180134	 0.000519308
149.26	 -0.0154699	 2.62815e-05	 -0.859066	 -0.00145339	 -0.17503	 0.000511636
149.28	 -0.0157518	 2.63218e-05	 -0.863267	 -0.00145024	 -0.169587	 0.000503104
149.3	 -0.0160417	 2.63018e-05	 -0.867434	 -0.00144652	 -0.163809	 0.000493721
149.32	 -0.0163392	 2.62219e-05	 -0.871566	 -0.00144222	 -0.157702	 0.000483498
149.34	 -0.016644	 2.60825e-05	 -0.875662	 -0.00143735	 -0.151273	 0.000472446
149.36	 -0.0169558	 2.5884e-05	 -0.87972	 -0.00143193	 -0.144529	 0.000460577
149.38	 -0.0172742	 2.56271e-05	 -0.883739	 -0.00142597	 -0.137474	 0.000447906
149.4	 -0.0175988	 2.53123e-05	 -0.887718	 -0.00141947	 -0.130116	 0.000434448
149.42	 -0.0179292	 2.49404e-05	 -0.891656	 -0.00141245	 -0.12246	 0.000420218
149.44	 -0.0182652	 2.45122e-05	 -0.895551	 -0.00140492	 -0.114513	 0.000405233
149.46	 -0.0186062	 2.40285e-05	 -0.899403	 -0.00139688	 -0.106282	 0.000389511
149.48	 -0.018952	 2.34905e-05	 -0.90321	 -0.00138836	 -0.0977713	 0.000373071
149.5	 -0.0193021	 2.28991e-05	 -0.906971	 -0.00137936	 -0.0889883	 0.000355933
149.52	 -0.0196563	 2.22555e-05	 -0.910684	 -0.0013699	 -0.0799388	 0.000338116
149.54	 -0.0200141	 2.15609e-05	 -0.91435	 -0.00135999	 -0.0706292	 0.000319644
149.56	 -0.0203752	 2.08166e-05	 -0.917965	 -0.00134965	 -0.0610654	 0.000300537
149.58	 -0.0207391	 2.0024e-05	 -0.921531	 -0.00133889	 -0.0512535	 0.00028082
149.6	 -0.0211056	 1.91844e-05	 -0.925045	 -0.00132773	 -0.0411995	 0.000260516
149.62	 -0.0214743	 1.82995e-05	 -0.928506	 -0.00131618	 -0.0309095	 0.00023965
149.64	 -0.0218449	 1.73707e-05	 -0.931913	 -0.00130426	 -0.0203892	 0.000218248
149.66	 -0.0222169	 1.63997e-05	 -0.935266	 -0.00129198	 -0.00964464	 0.000196335
149.68	 -0.02259	 1.53882e-05	 -0.938563	 -0.00127936	 0.00131853	 0.000173938
149.7	 -0.0229639	 1.4338e-05	 -0.941803	 -0.00126641	 0.0124946	 0.000151085
149.72	 -0.0233382	 1.32508e-05	 -0.944985	 -0.00125317	 0.0238778	 0.000127804
149.74	 -0.0237126	 1.21285e-05	 -0.948109	 -0.00123963	 0.0354628	 0.000104123
149.76	 -0.0240868	 1.09731e-05	 -0.951172	 -0.00122582	 0.047244	 8.00709e-05
149.78	 -0.0244604	 9.78642e-06	 -0.954175	 -0.00121176	 0.059216	 5.56777e-05
149.8	 -0.0248331	 8.57052e-06	 -0.957116	 -0.00119747	 0.0713736	 3.0973e-05
149.82	 -0.0252047	 7.32744e-06	 -0.959995	 -0.00118296	 0.0837115	 5.98725e-06
149.84	 -0.0255747	 6.05926e-06	 -0.96281	 -0.00116824	 0.0962247	 -1.9249e-05
149.86	 -0.025943	 4.76808e-06	 -0.965561	 -0.00115335	 0.108908	 -4.47048e-05
149.88	 -0.0263091	 3.45606e-06	 -0.968247	 -0.0011383	 0.121757	 -7.0349e-05
149.9	 -0.0266729	 2.12536e-06	 -0.970867	 -0.00112311	 0.134766	 -9.615e-05
149.92	 -0.0270341	 7.78175e-07	 -0.973419	 -0.00110779	 0.147932	 -0.000122076
149.94	 -0.0273923	 -5.83272e-07	 -0.975905	 -0.00109236	 0.161249	 -0.000148096
149.96	 -0.0277474	 -1.95675e-06	 -0.978321	 -0.00107685	 0.174712	 -0.000174177
149.98	 -0.028099	 -3.34002e-06	 -0.980668	 -0.00106127	 0.188318	 -0.000200288
150	 -0.028447	 -4.73081e-06	 -0.982946	 -0.00104564	 0.202063	 -0.000226396
150.02	 -0.0287911	 -6.12687e-06	 -0.985152	 -0.00102997	 0.215941	 -0.00025247
150.04	 -0.0291311	 -7.52592e-06	 -0.987288	 -0.0010143	 0.22995	 -0.000278478
150.06	 -0.0294667	 -8.92568e-06	 -0.989351	 -0.000998631	 0.244085	 -0.000304387
150.08	 -0.0297979	 -1.03239e-05	 -0.991341	 -0.000982988	 0.258343	 -0.000330167
150.1	 -0.0301242	 -1.17183e-05	 -0.993258	 -0.000967387	 0.272719	 -0.000355785
150.12	 -0.0304457	 -1.31066e-05	 -0.9951	 -0.000951847	 0.287211	 -0.000381211
150.14	 -0.0307621	 -1.44866e-05	 -0.996868	 -0.000936386	 0.301814	 -0.000406412
150.16	 -0.0310733	 -1.58561e-05	 -0.998561	 -0.000921021	 0.316526	 -0.00043136
150.18	 -0.031379	 -1.72128e-05	 -1.00018	 -0.000905771	 0.331343	 -0.000456022
150.2	 -0.0316792	 -1.85546e-05	 -1.00172	 -0.000890651	 0.346263	 -0.000480369
150.22	 -0.0319737	 -1.98792e-05	 -1.00318	 -0.00087568	 0.361282	 -0.000504371
150.24	 -0.0322625	 -2.11846e-05	 -1.00457	 -0.000860875	 0.376397	 -0.000528
150.26	 -0.0325453	 -2.24687e-05	 -1.00588	 -0.00084625	 0.391605	 -0.000551225
150.28	 -0.0328221	 -2.37293e-05	 -1.0071	 -0.000831824	 0.406905	 -0.00057402
150.3	 -0.0330928	 -2.49645e-05	 -1.00826	 -0.000817611	 0.422293	 -0.000596356
150.32	 -0.0333574	 -2.61722e-05	 -1.00933	 -0.000803628	 0.437766	 -0.000618206
150.34	 -0.0336157	 -2.73505e-05	 -1.01032	 -0.000789889	 0.453323	 -0.000639544
150.36	 -0.0338676	 -2.84974e-05	 -1.01123	 -0.000776409	 0.468962	 -0.000660343
150.38	 -0.0341133	 -2.96112e-05	 -1.01206	 -0.000763202	 0.484679	 -0.000680579
150.4	 -0.0343525	 -3.069e-05	 -1.01281	 -0.000750283	 0.500474	 -0.000700227
150.42	 -0.0345853	 -3.1732e-05	 -1.01348	 -0.000737666	 0.516343	 -0.000719264
150.44	 -0.0348117	 -3.27356e-05	 -1.01407	 -0.000725363	 0.532286	 -0.000737665
150.46	 -0.0350317	 -3.3699e-05	 -1.01457	 -0.000713386	 0.548299	 -0.00075541
150.48	 -0.0352452	 -3.46208e-05	 -1.015	 -0.000701749	 0.564383	 -0.000772476
150.5	 -0.0354523	 -3.54993e-05	 -1.01534	 -0.000690463	 0.580534	 -0.000788844
150.52	 -0.035653	 -3.63331e-05	 -1.0156	 -0.000679539	 0.596751	 -0.000804493
150.54	 -0.0358473	 -3.71208e-05	 -1.01578	 -0.000668989	 0.613033	 -0.000819404
150.56	 -0.0360353	 -3.78611e-05	 -1.01587	 -0.000658821	 0.629378	 -0.00083356
150.58	 -0.036217	 -3.85527e-05	 -1.01588	 -0.000649046	 0.645784	 -0.000846944
150.6	 -0.0363925	 -3.91943e-05	 -1.01581	 -0.000639674	 0.662252	 -0.00085954
150.62	 -0.0365619	 -3.9785e-05	 -1.01566	 -0.000630712	 0.678778	 -0.000871332
150.64	 -0.0367252	 -4.03236e-05	 -1.01542	 -0.000622169	 0.695362	 -0.000882307
150.66	 -0.0368826	 -4.08091e-05	 -1.0151	 -0.000614053	 0.712002	 -0.000892452
150.68	 -0.0370341	 -4.12407e-05	 -1.01469	 -0.00060637	 0.728698	 -0.000901754
150.7	 -0.0371798	 -4.16175e-05	 -1.0142	 -0.000599126	 0.745448	 -0.000910203
150.72	 -0.0373199	 -4.19388e-05	 -1.01363	 -0.000592328	 0.762251	 -0.000917788
150.74	 -0.0374544	 -4.22039e-05	 -1.01298	 -0.00058598	 0.779106	 -0.000924501
150.76	 -0.0375835	 -4.24122e-05	 -1.01224	 -0.000580088	 0.796011	 -0.000930334
150.78	 -0.0377073	 -4.25633e-05	 -1.01142	 -0.000574655	 0.812967	 -0.000935281
150.8	 -0.0378261	 -4.26566e-05	 -1.01052	 -0.000569684	 0.829971	 -0.000939334
150.82	 -0.0379398	 -4.26919e-05	 -1.00953	 -0.000565179	 0.847022	 -0.00094249
150.84	 -0.0380487	 -4.26688e-05	 -1.00846	 -0.000561141	 0.86412	 -0.000944746
150.86	 -0.0381529	 -4.25872e-05	 -1.00731	 -0.000557572	 0.881263	 -0.000946099
150.88	 -0.0382526	 -4.24471e-05	 -1.00608	 -0.000554473	 0.898451	 -0.000946547
150.9	 -0.038348	 -4.22483e-05	 -1.00476	 -0.000551845	 0.915681	 -0.000946091
150.92	 -0.0384393	 -4.19909e-05	 -1.00336	 -0.000549687	 0.932953	 -0.000944731
150.94	 -0.0385265	 -4.1675e-05	 -1.00188	 -0.000547997	 0.950266	 -0.000942469
150.96	 -0.03861	 -4.13009e-05	 -1.00032	 -0.000546775	 0.967619	 -0.000939309
150.98	 -0.0386899	 -4.08689e-05	 -0.998682	 -0.000546019	 0.98501	 -0.000935254
151	 -0.0387664	 -4.03794e-05	 -0.99696	 -0.000545725	 1.00244	 -0.00093031
151.02	 -0.0388397	 -3.98327e-05	 -0.995158	 -0.00054589	 1.0199	 -0.000924483
151.04	 -0.0389099	 -3.92295e-05	 -0.993276	 -0.000546511	 1.0374	 -0.000917781
151.06	 -0.0389774	 -3.85703e-05	 -0.991314	 -0.000547582	 1.05493	 -0.000910211
151.08	 -0.0390422	 -3.78558e-05	 -0.989274	 -0.000549099	 1.07249	 -0.000901784
151.1	 -0.0391047	 -3.70868e-05	 -0.987155	 -0.000551056	 1.09008	 -0.000892509
151.12	 -0.0391649	 -3.62641e-05	 -0.984959	 -0.000553446	 1.1077	 -0.000882399
151.14	 -0.0392232	 -3.53886e-05	 -0.982685	 -0.000556263	 1.12534	 -0.000871465
151.16	 -0.0392798	 -3.44613e-05	 -0.980334	 -0.000559499	 1.14301	 -0.000859722
151.18	 -0.0393347	 -3.34832e-05	 -0.977907	 -0.000563145	 1.1607	 -0.000847184
151.2	 -0.0393884	 -3.24554e-05	 -0.975404	 -0.000567195	 1.17842	 -0.000833865
151.22	 -0.0394409	 -3.13791e-05	 -0.972826	 -0.000571637	 1.19615	 -0.000819784
151.24	 -0.0394925	 -3.02555e-05	 -0.970174	 -0.000576464	 1.21389	 -0.000804956
151.26	 -0.0395434	 -2.90859e-05	 -0.967448	 -0.000581663	 1.23165	 -0.0007894
151.28	 -0.0395937	 -2.78718e-05	 -0.96465	 -0.000587226	 1.24943	 -0.000773135
151.3	 -0.0396438	 -2.66143e-05	 -0.961779	 -0.00059314	 1.26721	 -0.000756181
151.32	 -0.0396939	 -2.53152e-05	 -0.958836	 -0.000599395	 1.28499	 -0.000738559
151.34	 -0.039744	 -2.39758e-05	 -0.955823	 -0.000605977	 1.30279	 -0.00072029
151.36	 -0.0397945	 -2.25978e-05	 -0.95274	 -0.000612875	 1.32058	 -0.000701395
151.38	 -0.0398454	 -2.11827e-05	 -0.949588	 -0.000620075	 1.33837	 -0.000681899
151.4	 -0.0398972	 -1.97323e-05	 -0.946368	 -0.000627565	 1.35615	 -0.000661825
151.42	 -0.0399498	 -1.82482e-05	 -0.943081	 -0.000635329	 1.37393	 -0.000641197
151.44	 -0.0400035	 -1.67323e-05	 -0.939727	 -0.000643355	 1.39169	 -0.00062004
151.46	 -0.0400585	 -1.51863e-05	 -0.936308	 -0.000651627	 1.40944	 -0.00059838
151.48	 -0.040115	 -1.3612e-05	 -0.932825	 -0.000660131	 1.42717	 -0.000576242
151.5	 -0.0401732	 -1.20113e-05	 -0.929278	 -0.000668851	 1.44488	 -0.000553655
151.52	 -0.0402331	 -1.03862e-05	 -0.925669	 -0.000677772	 1.46256	 -0.000530644
151.54	 -0.0402951	 -8.73848e-06	 -0.921998	 -0.000686879	 1.48022	 -0.000507238
151.56	 -0.0403592	 -7.07022e-06	 -0.918268	 -0.000696154	 1.49783	 -0.000483465
151.58	 -0.0404256	 -5.38337e-06	 -0.914478	 -0.000705583	 1.51541	 -0.000459353
151.6	 -0.0404945	 -3.67994e-06	 -0.91063	 -0.000715147	 1.53295	 -0.000434932
151.62	 -0.040566	 -1.96195e-06	 -0.906726	 -0.000724831	 1.55044	 -0.000410231
151.64	 -0.0406402	 -2.31467e-07	 -0.902766	 -0.000734617	 1.56787	 -0.000385279
151.66	 -0.0407173	 1.50946e-06	 -0.898751	 -0.000744489	 1.58525	 -0.000360107
151.68	 -0.0407973	 3.25877e-06	 -0.894683	 -0.000754429	 1.60257	 -0.000334744
151.7	 -0.0408805	 5.01435e-06	 -0.890564	 -0.000764419	 1.61982	 -0.00030922
151.72	 -0.0409669	 6.77414e-06	 -0.886394	 -0.000774443	 1.637	 -0.000283568
151.74	 -0.0410567	 8.53603e-06	 -0.882174	 -0.000784482	 1.6541	 -0.000257816
151.76	 -0.0411498	 1.02979e-05	 -0.877907	 -0.00079452	 1.67112	 -0.000231995
151.78	 -0.0412465	 1.20577e-05	 -0.873592	 -0.000804538	 1.68805	 -0.000206138
151.8	 -0.0413467	 1.38134e-05	 -0.869233	 -0.000814518	 1.70489	 -0.000180273
151.82	 -0.0414506	 1.55627e-05	 -0.86483	 -0.000824444	 1.72163	 -0.000154432
151.84	 -0.0415582	 1.73038e-05	 -0.860385	 -0.000834297	 1.73826	 -0.000128647
151.86	 -0.0416696	 1.90344e-05	 -0.855898	 -0.00084406	 1.75477	 -0.000102946
151.88	 -0.0417849	 2.07526e-05	 -0.851372	 -0.000853715	 1.77117	 -7.73607e-05
151.9	 -0.0419039	 2.24562e-05	 -0.846809	 -0.000863246	 1.78745	 -5.19216e-05
151.92	 -0.0420269	 2.41434e-05	 -0.842209	 -0.000872634	 1.80359	 -2.66584e-05
151.94	 -0.0421538	 2.58121e-05	 -0.837574	 -0.000881864	 1.8196	 -1.60096e-06
151.96	 -0.0422846	 2.74602e-05	 -0.832905	 -0.000890917	 1.83546	 2.32212e-05
151.98	 -0.0424193	 2.9086e-05	 -0.828205	 -0.000899778	 1.85117	 4.77788e-05
152	 -0.0425579	 3.06873e-05	 -0.823475	 -0.000908429	 1.86673	 7.20432e-05
152.02	 -0.0427004	 3.22625e-05	 -0.818716	 -0.000916856	 1.88212	 9.59858e-05
152.04	 -0.0428468	 3.38095e-05	 -0.813931	 -0.00092504	 1.89733	 0.000119579
152.06	 -0.042997	 3.53265e-05	 -0.80912	 -0.000932968	 1.91237	 0.000142794
152.08	 -0.043151	 3.68119e-05	 -0.804285	 -0.000940624	 1.92722	 0.000165605
152.1	 -0.0433088	 3.82637e-05	 -0.799429	 -0.000947992	 1.94188	 0.000187986
152.12	 -0.0434702	 3.96803e-05	 -0.794553	 -0.000955059	 1.95634	 0.000209909
152.14	 -0.0436352	 4.106e-05	 -0.789658	 -0.000961809	 1.97058	 0.00023135
152.16	 -0.0438038	 4.24012e-05	 -0.784747	 -0.00096823	 1.98462	 0.000252284
152.18	 -0.0439758	 4.37022e-05	 -0.779821	 -0.000974307	 1.99842	 0.000272688
152.2	 -0.0441511	 4.49616e-05	 -0.774881	 -0.000980028	 2.012	 0.000292536
152.22	 -0.0443297	 4.61778e-05	 -0.76993	 -0.00098538	 2.02534	 0.000311808
152.24	 -0.0445114	 4.73493e-05	 -0.76497	 -0.000990351	 2.03843	 0.00033048
152.26	 -0.0446961	 4.84749e-05	 -0.760001	 -0.00099493	 2.05127	 0.000348532
152.28	 -0.0448837	 4.9553e-05	 -0.755027	 -0.000999105	 2.06385	 0.000365943
152.3	 -0.0450739	 5.05825e-05	 -0.750048	 -0.00100287	 2.07616	 0.000382694
152.32	 -0.0452668	 5.15621e-05	 -0.745067	 -0.0010062	 2.08819	 0.000398765
152.34	 -0.0454621	 5.24905e-05	 -0.740086	 -0.00100911	 2.09993	 0.00041414
152.36	 -0.0456596	 5.33667e-05	 -0.735106	 -0.00101157	 2.11138	 0.0004288
152.38	 -0.0458591	 5.41896e-05	 -0.730129	 -0.00101358	 2.12253	 0.00044273
152.4	 -0.0460606	 5.49582e-05	 -0.725157	 -0.00101514	 2.13338	 0.000455915
152.42	 -0.0462638	 5.56715e-05	 -0.720191	 -0.00101623	 2.1439	 0.00046834
152.44	 -0.0464685	 5.63286e-05	 -0.715235	 -0.00101685	 2.15411	 0.000479991
152.46	 -0.0466744	 5.69286e-05	 -0.710289	 -0.00101699	 2.16398	 0.000490858
152.48	 -0.0468815	 5.74709e-05	 -0.705355	 -0.00101665	 2.17351	 0.000500927
152.5	 -0.0470894	 5.79546e-05	 -0.700435	 -0.00101582	 2.1827	 0.00051019
152.52	 -0.047298	 5.83791e-05	 -0.695532	 -0.00101451	 2.19153	 0.000518636
152.54	 -0.047507	 5.87439e-05	 -0.690646	 -0.0010127	 2.20001	 0.000526257
152.56	 -0.0477162	 5.90484e-05	 -0.68578	 -0.0010104	 2.20811	 0.000533046
152.58	 -0.0479254	 5.92921e-05	 -0.680936	 -0.0010076	 2.21584	 0.000538997
152.6	 -0.0481342	 5.94747e-05	 -0.676115	 -0.0010043	 2.22319	 0.000544104
152.62	 -0.0483424	 5.95958e-05	 -0.671319	 -0.0010005	 2.23014	 0.000548364
152.64	 -0.0485499	 5.96551e-05	 -0.66655	 -0.000996212	 2.2367	 0.000551773
152.66	 -0.0487563	 5.96525e-05	 -0.66181	 -0.000991424	 2.24286	 0.000554329
152.68	 -0.0489613	 5.95877e-05	 -0.6571	 -0.000986141	 2.24861	 0.000556031
152.7	 -0.0491647	 5.94608e-05	 -0.652423	 -0.000980367	 2.25394	 0.000556879
152.72	 -0.0493662	 5.92717e-05	 -0.647781	 -0.000974106	 2.25884	 0.000556875
152.74	 -0.0495655	 5.90204e-05	 -0.643174	 -0.00096736	 2.26332	 0.000556021
152.76	 -0.0497624	 5.87071e-05	 -0.638604	 -0.000960135	 2.26737	 0.00055432
152.78	 -0.0499565	 5.83319e-05	 -0.634074	 -0.000952436	 2.27097	 0.000551776
152.8	 -0.0501476	 5.78951e-05	 -0.629585	 -0.00094427	 2.27413	 0.000548395
152.82	 -0.0503354	 5.7397e-05	 -0.625139	 -0.000935644	 2.27684	 0.000544183
152.84	 -0.0505196	 5.6838e-05	 -0.620738	 -0.000926564	 2.27909	 0.000539148
152.86	 -0.0506999	 5.62185e-05	 -0.616382	 -0.00091704	 2.28087	 0.000533299
152.88	 -0.050876	 5.55389e-05	 -0.612074	 -0.00090708	 2.28219	 0.000526644
152.9	 -0.0510476	 5.48e-05	 -0.607816	 -0.000896695	 2.28304	 0.000519194
152.92	 -0.0512144	 5.40022e-05	 -0.603608	 -0.000885893	 2.28342	 0.000510961
152.94	 -0.0513762	 5.31463e-05	 -0.599453	 -0.000874686	 2.28331	 0.000501958
152.96	 -0.0515326	 5.22329e-05	 -0.595352	 -0.000863086	 2.28272	 0.000492197
152.98	 -0.0516833	 5.1263e-05	 -0.591306	 -0.000851105	 2.28164	 0.000481694
153	 -0.0518281	 5.02373e-05	 -0.587317	 -0.000838755	 2.28007	 0.000470464
153.02	 -0.0519667	 4.91568e-05	 -0.583387	 -0.00082605	 2.27801	 0.000458522
153.04	 -0.0520987	 4.80224e-05	 -0.579517	 -0.000813005	 2.27545	 0.000445887
153.06	 -0.0522239	 4.68352e-05	 -0.575708	 -0.000799632	 2.27239	 0.000432576
153.08	 -0.052342	 4.55963e-05	 -0.571962	 -0.000785948	 2.26883	 0.000418608
153.1	 -0.0524527	 4.43068e-05	 -0.56828	 -0.000771968	 2.26476	 0.000404002
153.12	 -0.0525558	 4.29679e-05	 -0.564663	 -0.000757708	 2.26019	 0.00038878
153.14	 -0.052651	 4.15808e-05	 -0.561113	 -0.000743184	 2.25511	 0.000372962
153.16	 -0.0527379	 4.01469e-05	 -0.557631	 -0.000728414	 2.24952	 0.000356571
153.18	 -0.0528164	 3.86674e-05	 -0.554218	 -0.000713415	 2.24342	 0.00033963
153.2	 -0.0528862	 3.71439e-05	 -0.550876	 -0.000698204	 2.23681	 0.000322161
153.22	 -0.052947	 3.55776e-05	 -0.547604	 -0.000682801	 2.22969	 0.000304189
153.24	 -0.0529986	 3.39702e-05	 -0.544406	 -0.000667223	 2.22206	 0.000285739
153.26	 -0.0530407	 3.23232e-05	 -0.541281	 -0.00065149	 2.21391	 0.000266836
153.28	 -0.0530731	 3.06381e-05	 -0.538231	 -0.000635621	 2.20526	 0.000247507
153.3	 -0.0530956	 2.89166e-05	 -0.535256	 -0.000619636	 2.1961	 0.000227777
153.32	 -0.053108	 2.71603e-05	 -0.532359	 -0.000603554	 2.18643	 0.000207673
153.34	 -0.05311	 2.53709e-05	 -0.529539	 -0.000587395	 2.17626	 0.000187224
153.36	 -0.0531014	 2.35502e-05	 -0.526797	 -0.000571181	 2.16558	 0.000166457
153.38	 -0.0530821	 2.17e-05	 -0.524135	 -0.00055493	 2.1544	 0.0001454
153.4	 -0.0530518	 1.9822e-05	 -0.521554	 -0.000538665	 2.14271	 0.000124083
153.42	 -0.0530104	 1.79182e-05	 -0.519053	 -0.000522405	 2.13054	 0.000102533
153.44	 -0.0529577	 1.59903e-05	 -0.516635	 -0.000506172	 2.11787	 8.07818e-05
153.46	 -0.0528935	 1.40404e-05	 -0.514299	 -0.000489987	 2.1047	 5.88576e-05
153.48	 -0.0528178	 1.20704e-05	 -0.512046	 -0.000473871	 2.09106	 3.67905e-05
153.5	 -0.0527303	 1.00821e-05	 -0.509877	 -0.000457845	 2.07693	 1.46107e-05
153.52	 -0.0526309	 8.07769e-06	 -0.507793	 -0.000441929	 2.06232	 -7.6516e-06
153.54	 -0.0525195	 6.05906e-06	 -0.505794	 -0.000426146	 2.04724	 -2.9966e-05
153.56	 -0.052396	 4.02827e-06	 -0.50388	 -0.000410516	 2.0317	 -5.23022e-05
153.58	 -0.0522604	 1.98738e-06	 -0.502053	 -0.00039506	 2.01569	 -7.46296e-05
153.6	 -0.0521124	 -6.15664e-08	 -0.500312	 -0.000379798	 1.99923	 -9.69177e-05
153.62	 -0.0519522	 -2.11648e-06	 -0.498658	 -0.000364753	 1.98231	 -0.000119136
153.64	 -0.0517795	 -4.17526e-06	 -0.497091	 -0.000349943	 1.96496	 -0.000141255
153.66	 -0.0515944	 -6.23581e-06	 -0.495613	 -0.00033539	 1.94716	 -0.000163243
153.68	 -0.0513969	 -8.29602e-06	 -0.494222	 -0.000321113	 1.92894	 -0.000185071
153.7	 -0.0511869	 -1.03538e-05	 -0.492919	 -0.000307132	 1.9103	 -0.000206708
153.72	 -0.0509644	 -1.24069e-05	 -0.491705	 -0.000293467	 1.89124	 -0.000228126
153.74	 -0.0507294	 -1.44534e-05	 -0.49058	 -0.000280137	 1.87177	 -0.000249294
153.76	 -0.0504819	 -1.6491e-05	 -0.489544	 -0.000267161	 1.85191	 -0.000270184
153.78	 -0.0502221	 -1.85176e-05	 -0.488596	 -0.000254557	 1.83166	 -0.000290766
153.8	 -0.0499499	 -2.05312e-05	 -0.487738	 -0.000242343	 1.81103	 -0.000311014
153.82	 -0.0496654	 -2.25296e-05	 -0.486968	 -0.000230537	 1.79003	 -0.000330897
153.84	 -0.0493687	 -2.45106e-05	 -0.486288	 -0.000219156	 1.76866	 -0.00035039
153.86	 -0.0490599	 -2.64722e-05	 -0.485697	 -0.000208217	 1.74695	 -0.000369465
153.88	 -0.0487391	 -2.84123e-05	 -0.485194	 -0.000197736	 1.72489	 -0.000388096
153.9	 -0.0484063	 -3.03289e-05	 -0.484781	 -0.000187729	 1.7025	 -0.000406257
153.92	 -0.0480618	 -3.22198e-05	 -0.484456	 -0.00017821	 1.67979	 -0.000423923
153.94	 -0.0477058	 -3.4083e-05	 -0.48422	 -0.000169195	 1.65677	 -0.000441069
153.96	 -0.0473382	 -3.59166e-05	 -0.484073	 -0.000160697	 1.63345	 -0.000457671
153.98	 -0.0469594	 -3.77185e-05	 -0.484014	 -0.00015273	 1.60984	 -0.000473707
154	 -0.0465695	 -3.94868e-05	 -0.484042	 -0.000145306	 1.58595	 -0.000489153
154.02	 -0.0461687	 -4.12195e-05	 -0.484159	 -0.000138438	 1.5618	 -0.000503988
154.04	 -0.0457573	 -4.29148e-05	 -0.484362	 -0.000132136	 1.53739	 -0.000518191
154.06	 -0.0453354	 -4.45709e-05	 -0.484653	 -0.000126413	 1.51275	 -0.000531742
154.08	 -0.0449033	 -4.61858e-05	 -0.485031	 -0.000121277	 1.48787	 -0.000544623
154.1	 -0.0444613	 -4.77578e-05	 -0.485495	 -0.000116739	 1.46278	 -0.000556814
154.12	 -0.0440096	 -4.92851e-05	 -0.486044	 -0.000112806	 1.43748	 -0.000568298
154.14	 -0.0435485	 -5.07662e-05	 -0.48668	 -0.000109487	 1.41199	 -0.000579059
154.16	 -0.0430783	 -5.21993e-05	 -0.4874	 -0.00010679	 1.38631	 -0.000589081
154.18	 -0.0425993	 -5.35829e-05	 -0.488204	 -0.000104719	 1.36048	 -0.00059835
154.2	 -0.0421119	 -5.49153e-05	 -0.489093	 -0.000103282	 1.33448	 -0.000606853
154.22	 -0.0416163	 -5.61952e-05	 -0.490065	 -0.000102483	 1.30835	 -0.000614577
154.24	 -0.0411128	 -5.74211e-05	 -0.49112	 -0.000102326	 1.28209	 -0.000621511
154.26	 -0.0406019	 -5.85915e-05	 -0.492257	 -0.000102814	 1.25572	 -0.000627643
154.28	 -0.0400839	 -5.97053e-05	 -0.493476	 -0.00010395	 1.22924	 -0.000632966
154.3	 -0.0395592	 -6.07611e-05	 -0.494775	 -0.000105735	 1.20268	 -0.000637471
154.32	 -0.0390281	 -6.17577e-05	 -0.496155	 -0.000108171	 1.17604	 -0.000641151
154.34	 -0.038491	 -6.26941e-05	 -0.497615	 -0.000111258	 1.14934	 -0.000644001
154.36	 -0.0379484	 -6.35692e-05	 -0.499154	 -0.000114994	 1.12259	 -0.000646014
154.38	 -0.0374006	 -6.4382e-05	 -0.500771	 -0.000119379	 1.09581	 -0.000647189
154.4	 -0.0368481	 -6.51316e-05	 -0.502466	 -0.00012441	 1.06901	 -0.000647522
154.42	 -0.0362912	 -6.58171e-05	 -0.504237	 -0.000130084	 1.04221	 -0.000647012
154.44	 -0.0357304	 -6.64379e-05	 -0.506084	 -0.000136396	 1.01541	 -0.00064566
154.46	 -0.0351662	 -6.69932e-05	 -0.508007	 -0.000143343	 0.988625	 -0.000643465
154.48	 -0.0345989	 -6.74823e-05	 -0.510004	 -0.000150919	 0.961878	 -0.000640431
154.5	 -0.0340291	 -6.79049e-05	 -0.512075	 -0.000159118	 0.935178	 -0.000636561
154.52	 -0.0334572	 -6.82605e-05	 -0.514218	 -0.000167932	 0.908539	 -0.000631859
154.54	 -0.0328835	 -6.85486e-05	 -0.516434	 -0.000177353	 0.881972	 -0.000626332
154.56	 -0.0323087	 -6.87691e-05	 -0.51872	 -0.000187374	 0.855493	 -0.000619985
154.58	 -0.0317331	 -6.89217e-05	 -0.521077	 -0.000197985	 0.829113	 -0.000612828
154.6	 -0.0311573	 -6.90064e-05	 -0.523503	 -0.000209176	 0.802847	 -0.000604869
154.62	 -0.0305816	 -6.9023e-05	 -0.525998	 -0.000220937	 0.776706	 -0.000596118
154.64	 -0.0300066	 -6.89718e-05	 -0.52856	 -0.000233255	 0.750703	 -0.000586588
154.66	 -0.0294328	 -6.88528e-05	 -0.531189	 -0.000246119	 0.724851	 -0.000576291
154.68	 -0.0288606	 -6.86662e-05	 -0.533883	 -0.000259516	 0.699164	 -0.000565239
154.7	 -0.0282904	 -6.84125e-05	 -0.536643	 -0.000273433	 0.673652	 -0.000553449
154.72	 -0.0277229	 -6.8092e-05	 -0.539465	 -0.000287856	 0.648328	 -0.000540936
154.74	 -0.0271583	 -6.77052e-05	 -0.542351	 -0.000302769	 0.623204	 -0.000527716
154.76	 -0.0265973	 -6.72527e-05	 -0.545299	 -0.000318159	 0.598292	 -0.000513808
154.78	 -0.0260402	 -6.67353e-05	 -0.548307	 -0.000334008	 0.573604	 -0.00049923
154.8	 -0.0254876	 -6.61536e-05	 -0.551375	 -0.000350301	 0.549151	 -0.000484002
154.82	 -0.0249399	 -6.55084e-05	 -0.554502	 -0.00036702	 0.524944	 -0.000468146
154.84	 -0.0243976	 -6.48009e-05	 -0.557686	 -0.000384149	 0.500995	 -0.000451681
154.86	 -0.0238611	 -6.40318e-05	 -0.560927	 -0.000401669	 0.477313	 -0.000434633
154.88	 -0.0233309	 -6.32024e-05	 -0.564224	 -0.000419563	 0.453911	 -0.000417022
154.9	 -0.0228074	 -6.23139e-05	 -0.567576	 -0.00043781	 0.430798	 -0.000398875
154.92	 -0.0222911	 -6.13674e-05	 -0.570981	 -0.000456393	 0.407984	 -0.000380215
154.94	 -0.0217823	 -6.03643e-05	 -0.574438	 -0.000475291	 0.385479	 -0.000361069
154.96	 -0.0212816	 -5.93061e-05	 -0.577947	 -0.000494485	 0.363293	 -0.000341464
154.98	 -0.0207894	 -5.81942e-05	 -0.581506	 -0.000513954	 0.341436	 -0.000321425
155	 -0.0203059	 -5.70303e-05	 -0.585115	 -0.000533678	 0.319915	 -0.000300983
155.02	 -0.0198318	 -5.58158e-05	 -0.588771	 -0.000553636	 0.298741	 -0.000280164
155.04	 -0.0193673	 -5.45527e-05	 -0.592475	 -0.000573806	 0.277921	 -0.000258997
155.06	 -0.0189128	 -5.32425e-05	 -0.596224	 -0.000594168	 0.257464	 -0.000237514
155.08	 -0.0184688	 -5.18872e-05	 -0.600018	 -0.0006147	 0.237378	 -0.000215743
155.1	 -0.0180355	 -5.04887e-05	 -0.603855	 -0.000635381	 0.21767	 -0.000193715
155.12	 -0.0176133	 -4.9049e-05	 -0.607735	 -0.000656187	 0.198348	 -0.000171461
155.14	 -0.0172027	 -4.757e-05	 -0.611656	 -0.000677099	 0.17942	 -0.000149012
155.16	 -0.0168038	 -4.60538e-05	 -0.615618	 -0.000698092	 0.160891	 -0.000126401
155.18	 -0.016417	 -4.45026e-05	 -0.619618	 -0.000719146	 0.142768	 -0.000103658
155.2	 -0.0160426	 -4.29185e-05	 -0.623656	 -0.000740239	 0.125058	 -8.08166e-05
155.22	 -0.015681	 -4.13038e-05	 -0.62773	 -0.000761348	 0.107766	 -5.79086e-05
155.24	 -0.0153323	 -3.96608e-05	 -0.63184	 -0.000782451	 0.0908982	 -3.49665e-05
155.26	 -0.0149969	 -3.79916e-05	 -0.635984	 -0.000803526	 0.0744592	 -1.20229e-05
155.28	 -0.0146751	 -3.62988e-05	 -0.64016	 -0.000824552	 0.0584543	 1.08895e-05
155.3	 -0.0143669	 -3.45846e-05	 -0.644369	 -0.000845506	 0.042888	 3.3738e-05
155.32	 -0.0140727	 -3.28514e-05	 -0.648608	 -0.000866367	 0.0277645	 5.64902e-05
155.34	 -0.0137927	 -3.11017e-05	 -0.652876	 -0.000887113	 0.0130879	 7.91134e-05
155.36	 -0.0135271	 -2.9338e-05	 -0.657172	 -0.000907724	 -0.00113822	 0.000101575
155.38	 -0.013276	 -2.75626e-05	 -0.661495	 -0.000928177	 -0.0149105	 0.000123843
155.4	 -0.0130396	 -2.57782e-05	 -0.665843	 -0.000948453	 -0.028226	 0.000145886
155.42	 -0.0128181	 -2.39871e-05	 -0.670216	 -0.000968531	 -0.0410819	 0.000167672
155.44	 -0.0126116	 -2.21919e-05	 -0.674612	 -0.00098839	 -0.0534759	 0.000189168
155.46	 -0.0124201	 -2.0395e-05	 -0.679029	 -0.00100801	 -0.0654059	 0.000210345
155.48	 -0.0122439	 -1.85991e-05	 -0.683467	 -0.00102737	 -0.0768701	 0.000231172
155.5	 -0.012083	 -1.68065e-05	 -0.687924	 -0.00104646	 -0.0878672	 0.000251618
155.52	 -0.0119374	 -1.50199e-05	 -0.692399	 -0.00106525	 -0.0983959	 0.000271654
155.54	 -0.0118072	 -1.32416e-05	 -0.69689	 -0.00108373	 -0.108455	 0.00029125
155.56	 -0.0116925	 -1.14742e-05	 -0.701397	 -0.00110187	 -0.118045	 0.000310378
155.58	 -0.0115932	 -9.72005e-06	 -0.705918	 -0.00111966	 -0.127165	 0.000329009
155.6	 -0.0115094	 -7.98165e-06	 -0.710451	 -0.00113709	 -0.135815	 0.000347118
155.62	 -0.011441	 -6.26137e-06	 -0.714996	 -0.00115414	 -0.143995	 0.000364676
155.64	 -0.0113881	 -4.5616e-06	 -0.719551	 -0.00117079	 -0.151706	 0.000381658
155.66	 -0.0113505	 -2.88467e-06	 -0.724114	 -0.00118702	 -0.158949	 0.000398038
155.68	 -0.0113282	 -1.23289e-06	 -0.728685	 -0.00120282	 -0.165726	 0.000413793
155.7	 -0.0113212	 3.91487e-07	 -0.733263	 -0.00121818	 -0.172036	 0.000428898
155.72	 -0.0113294	 1.98623e-06	 -0.737844	 -0.00123308	 -0.177883	 0.000443332
155.74	 -0.0113525	 3.54918e-06	 -0.74243	 -0.00124752	 -0.183268	 0.000457071
155.76	 -0.0113906	 5.07821e-06	 -0.747017	 -0.00126147	 -0.188194	 0.000470096
155.78	 -0.0114435	 6.57125e-06	 -0.751605	 -0.00127493	 -0.192662	 0.000482387
155.8	 -0.011511	 8.02629e-06	 -0.756193	 -0.00128788	 -0.196675	 0.000493923
155.82	 -0.011593	 9.44138e-06	 -0.760779	 -0.00130031	 -0.200237	 0.000504689
155.84	 -0.0116893	 1.08146e-05	 -0.765361	 -0.00131222	 -0.203351	 0.000514665
155.86	 -0.0117996	 1.21442e-05	 -0.769939	 -0.00132359	 -0.206019	 0.000523838
155.88	 -0.0119239	 1.34284e-05	 -0.774511	 -0.00133442	 -0.208247	 0.000532191
155.9	 -0.0120618	 1.46655e-05	 -0.779076	 -0.0013447	 -0.210036	 0.000539712
155.92	 -0.0122131	 1.58538e-05	 -0.783632	 -0.00135442	 -0.211391	 0.000546387
155.94	 -0.0123776	 1.6992e-05	 -0.788179	 -0.00136358	 -0.212317	 0.000552206
155.96	 -0.012555	 1.80784e-05	 -0.792714	 -0.00137216	 -0.212818	 0.000557157
155.98	 -0.0127451	 1.91117e-05	 -0.797236	 -0.00138017	 -0.212898	 0.000561233
156	 -0.0129476	 2.00907e-05	 -0.801745	 -0.00138759	 -0.212563	 0.000564424
156.02	 -0.0131622	 2.10141e-05	 -0.806238	 -0.00139444	 -0.211816	 0.000566724
156.04	 -0.0133885	 2.18808e-05	 -0.810715	 -0.00140069	 -0.210663	 0.000568128
156.06	 -0.0136263	 2.26898e-05	 -0.815174	 -0.00140636	 -0.209109	 0.00056863
156.08	 -0.0138752	 2.34401e-05	 -0.819614	 -0.00141143	 -0.207159	 0.000568229
156.1	 -0.014135	 2.41309e-05	 -0.824033	 -0.00141591	 -0.204819	 0.000566921
156.12	 -0.0144052	 2.47614e-05	 -0.82843	 -0.0014198	 -0.202095	 0.000564706
156.14	 -0.0146855	 2.53309e-05	 -0.832805	 -0.0014231	 -0.198991	 0.000561585
156.16	 -0.0149756	 2.58389e-05	 -0.837155	 -0.00142581	 -0.195514	 0.000557559
156.18	 -0.0152751	 2.62848e-05	 -0.841479	 -0.00142792	 -0.19167	 0.000552631
156.2	 -0.0155837	 2.66683e-05	 -0.845776	 -0.00142946	 -0.187464	 0.000546805
156.22	 -0.0159009	 2.69891e-05	 -0.850045	 -0.0014304	 -0.182903	 0.000540085
156.24	 -0.0162263	 2.7247e-05	 -0.854284	 -0.00143077	 -0.177992	 0.000532479
156.26	 -0.0165597	 2.74419e-05	 -0.858492	 -0.00143057	 -0.172738	 0.000523995
156.28	 -0.0169005	 2.75738e-05	 -0.862669	 -0.00142979	 -0.167147	 0.00051464
156.3	 -0.0172485	 2.76428e-05	 -0.866812	 -0.00142846	 -0.161225	 0.000504424
156.32	 -0.0176031	 2.7649e-05	 -0.87092	 -0.00142656	 -0.154978	 0.000493359
156.34	 -0.017964	 2.75928e-05	 -0.874993	 -0.00142411	 -0.148414	 0.000481457
156.36	 -0.0183308	 2.74745e-05	 -0.879029	 -0.00142112	 -0.141538	 0.000468731
156.38	 -0.0187031	 2.72946e-05	 -0.883026	 -0.0014176	 -0.134356	 0.000455194
156.4	 -0.0190804	 2.70536e-05	 -0.886984	 -0.00141355	 -0.126875	 0.000440863
156.42	 -0.0194624	 2.67523e-05	 -0.890902	 -0.00140898	 -0.119102	 0.000425755
156.44	 -0.0198486	 2.63913e-05	 -0.894777	 -0.0014039	 -0.111042	 0.000409885
156.46	 -0.0202387	 2.59715e-05	 -0.89861	 -0.00139833	 -0.102702	 0.000393273
156.48	 -0.0206322	 2.54938e-05	 -0.902398	 -0.00139227	 -0.0940892	 0.000375938
156.5	 -0.0210287	 2.49593e-05	 -0.906141	 -0.00138574	 -0.0852088	 0.0003579
156.52	 -0.0214278	 2.43689e-05	 -0.909838	 -0.00137874	 -0.0760674	 0.000339181
156.54	 -0.0218291	 2.3724e-05	 -0.913487	 -0.00137129	 -0.0666715	 0.000319802
156.56	 -0.0222322	 2.30257e-05	 -0.917088	 -0.00136341	 -0.0570271	 0.000299787
156.58	 -0.0226366	 2.22754e-05	 -0.920638	 -0.0013551	 -0.0471404	 0.000279159
156.6	 -0.0230421	 2.14745e-05	 -0.924138	 -0.00134637	 -0.0370176	 0.000257943
156.62	 -0.0234482	 2.06245e-05	 -0.927586	 -0.00133725	 -0.0266648	 0.000236164
156.64	 -0.0238544	 1.97269e-05	 -0.930981	 -0.00132775	 -0.0160878	 0.000213848
156.66	 -0.0242605	 1.87834e-05	 -0.934322	 -0.00131788	 -0.00529269	 0.000191022
156.68	 -0.0246661	 1.77957e-05	 -0.937608	 -0.00130765	 0.00571472	 0.000167713
156.7	 -0.0250707	 1.67655e-05	 -0.940838	 -0.00129708	 0.0169287	 0.00014395
156.72	 -0.025474	 1.56947e-05	 -0.944011	 -0.00128619	 0.0283435	 0.00011976
156.74	 -0.0258757	 1.45851e-05	 -0.947126	 -0.00127499	 0.0399535	 9.51735e-05
156.76	 -0.0262753	 1.34387e-05	 -0.950182	 -0.0012635	 0.0517534	 7.02194e-05
156.78	 -0.0266726	 1.22574e-05	 -0.953178	 -0.00125173	 0.0637375	 4.4928e-05
156.8	 -0.0270672	 1.10434e-05	 -0.956113	 -0.00123971	 0.0759007	 1.93297e-05
156.82	 -0.0274588	 9.79863e-06	 -0.958987	 -0.00122744	 0.0882377	 -6.54443e-06
156.84	 -0.027847	 8.52528e-06	 -0.961798	 -0.00121494	 0.100743	 -3.26632e-05
156.86	 -0.0282315	 7.22551e-06	 -0.964545	 -0.00120224	 0.113413	 -5.89951e-05
156.88	 -0.0286121	 5.90152e-06	 -0.967228	 -0.00118934	 0.126241	 -8.55082e-05
156.9	 -0.0289885	 4.55556e-06	 -0.969845	 -0.00117627	 0.139223	 -0.00011217
156.92	 -0.0293602	 3.18989e-06	 -0.972397	 -0.00116304	 0.152355	 -0.00013895
156.94	 -0.0297272	 1.8068e-06	 -0.974882	 -0.00114967	 0.165632	 -0.000165813
156.96	 -0.0300891	 4.08599e-07	 -0.977299	 -0.00113617	 0.179049	 -0.000192729
156.98	 -0.0304456	 -1.00237e-06	 -0.979647	 -0.00112257	 0.192602	 -0.000219664
157	 -0.0307966	 -2.42378e-06	 -0.981926	 -0.00110888	 0.206288	 -0.000246586
157.02	 -0.0311417	 -3.85325e-06	 -0.984136	 -0.00109512	 0.220101	 -0.000273462
157.04	 -0.0314808	 -5.28842e-06	 -0.986275	 -0.0010813	 0.234038	 -0.00030026
157.06	 -0.0318136	 -6.72692e-06	 -0.988342	 -0.00106744	 0.248096	 -0.000326947
157.08	 -0.03214	 -8.16637e-06	 -0.990337	 -0.00105357	 0.262269	 -0.00035349
157.1	 -0.0324598	 -9.6044e-06	 -0.99226	 -0.00103969	 0.276556	 -0.000379859
157.12	 -0.0327727	 -1.10386e-05	 -0.994109	 -0.00102582	 0.290953	 -0.000406021
157.14	 -0.0330786	 -1.24667e-05	 -0.995885	 -0.00101198	 0.305455	 -0.000431943
157.16	 -0.0333774	 -1.38863e-05	 -0.997585	 -0.000998195	 0.320061	 -0.000457596
157.18	 -0.033669	 -1.52951e-05	 -0.999211	 -0.000984467	 0.334766	 -0.000482948
157.2	 -0.0339531	 -1.66908e-05	 -1.00076	 -0.000970818	 0.349568	 -0.000507967
157.22	 -0.0342297	 -1.8071e-05	 -1.00223	 -0.000957265	 0.364464	 -0.000532625
157.24	 -0.0344987	 -1.94335e-05	 -1.00363	 -0.000943821	 0.379452	 -0.000556891
157.26	 -0.0347599	 -2.07761e-05	 -1.00495	 -0.000930504	 0.394528	 -0.000580736
157.28	 -0.0350134	 -2.20967e-05	 -1.00619	 -0.000917328	 0.409691	 -0.000604132
157.3	 -0.0352589	 -2.33929e-05	 -1.00736	 -0.000904307	 0.424937	 -0.000627049
157.32	 -0.0354966	 -2.46627e-05	 -1.00844	 -0.000891458	 0.440265	 -0.00064946
157.34	 -0.0357263	 -2.5904e-05	 -1.00945	 -0.000878793	 0.455672	 -0.000671339
157.36	 -0.035948	 -2.71148e-05	 -1.01038	 -0.000866327	 0.471156	 -0.000692659
157.38	 -0.0361616	 -2.82931e-05	 -1.01122	 -0.000854074	 0.486715	 -0.000713394
157.4	 -0.0363672	 -2.94369e-05	 -1.01199	 -0.000842046	 0.502348	 -0.000733519
157.42	 -0.0365648	 -3.05443e-05	 -1.01267	 -0.000830257	 0.518053	 -0.00075301
157.44	 -0.0367544	 -3.16135e-05	 -1.01328	 -0.000818719	 0.533827	 -0.000771844
157.46	 -0.036936	 -3.26428e-05	 -1.0138	 -0.000807443	 0.549669	 -0.000789998
157.48	 -0.0371096	 -3.36304e-05	 -1.01425	 -0.000796443	 0.565578	 -0.00080745
157.5	 -0.0372754	 -3.45746e-05	 -1.01461	 -0.000785728	 0.581552	 -0.000824179
157.52	 -0.0374333	 -3.54739e-05	 -1.01489	 -0.00077531	 0.59759	 -0.000840166
157.54	 -0.0375834	 -3.63267e-05	 -1.01508	 -0.000765199	 0.613691	 -0.00085539
157.56	 -0.0377259	 -3.71317e-05	 -1.0152	 -0.000755404	 0.629852	 -0.000869834
157.58	 -0.0378607	 -3.78873e-05	 -1.01523	 -0.000745936	 0.646074	 -0.000883481
157.6	 -0.0379881	 -3.85924e-05	 -1.01518	 -0.000736803	 0.662354	 -0.000896314
157.62	 -0.0381081	 -3.92456e-05	 -1.01505	 -0.000728012	 0.678693	 -0.000908317
157.64	 -0.0382208	 -3.98458e-05	 -1.01483	 -0.000719573	 0.695087	 -0.000919478
157.66	 -0.0383265	 -4.03919e-05	 -1.01454	 -0.000711493	 0.711538	 -0.000929781
157.68	 -0.0384251	 -4.08829e-05	 -1.01415	 -0.000703778	 0.728043	 -0.000939215
157.7	 -0.038517	 -4.13179e-05	 -1.01369	 -0.000696434	 0.744603	 -0.000947769
157.72	 -0.0386021	 -4.16961e-05	 -1.01314	 -0.000689468	 0.761215	 -0.000955432
157.74	 -0.0386808	 -4.20167e-05	 -1.01251	 -0.000682884	 0.777879	 -0.000962196
157.76	 -0.0387531	 -4.22789e-05	 -1.0118	 -0.000676688	 0.794594	 -0.000968052
157.78	 -0.0388194	 -4.24823e-05	 -1.01101	 -0.000670882	 0.811359	 -0.000972994
157.8	 -0.0388796	 -4.26263e-05	 -1.01013	 -0.000665472	 0.828174	 -0.000977016
157.82	 -0.0389342	 -4.27105e-05	 -1.00917	 -0.00066046	 0.845038	 -0.000980112
157.84	 -0.0389832	 -4.27346e-05	 -1.00812	 -0.000655847	 0.861949	 -0.00098228
157.86	 -0.0390268	 -4.26982e-05	 -1.007	 -0.000651637	 0.878907	 -0.000983518
157.88	 -0.0390654	 -4.26013e-05	 -1.00579	 -0.000647831	 0.89591	 -0.000983822
157.9	 -0.0390991	 -4.24437e-05	 -1.0045	 -0.000644428	 0.912959	 -0.000983194
157.92	 -0.0391281	 -4.22255e-05	 -1.00313	 -0.00064143	 0.930052	 -0.000981635
157.94	 -0.0391527	 -4.19467e-05	 -1.00168	 -0.000638836	 0.947188	 -0.000979145
157.96	 -0.0391731	 -4.16076e-05	 -1.00014	 -0.000636645	 0.964366	 -0.00097573
157.98	 -0.0391896	 -4.12084e-05	 -0.998529	 -0.000634855	 0.981586	 -0.000971391
158	 -0.0392024	 -4.07493e-05	 -0.996834	 -0.000633465	 0.998845	 -0.000966136
158.02	 -0.0392118	 -4.0231e-05	 -0.995058	 -0.000632471	 1.01614	 -0.00095997
158.04	 -0.039218	 -3.96538e-05	 -0.993203	 -0.000631871	 1.03348	 -0.000952901
158.06	 -0.0392213	 -3.90183e-05	 -0.991269	 -0.000631661	 1.05085	 -0.000944938
158.08	 -0.0392219	 -3.83253e-05	 -0.989256	 -0.000631835	 1.06826	 -0.00093609
158.1	 -0.0392201	 -3.75754e-05	 -0.987164	 -0.000632391	 1.0857	 -0.000926367
158.12	 -0.0392161	 -3.67696e-05	 -0.984994	 -0.000633322	 1.10317	 -0.000915783
158.14	 -0.0392103	 -3.59086e-05	 -0.982747	 -0.000634622	 1.12068	 -0.000904348
158.16	 -0.0392029	 -3.49936e-05	 -0.980423	 -0.000636284	 1.13821	 -0.000892078
158.18	 -0.0391941	 -3.40254e-05	 -0.978023	 -0.000638303	 1.15577	 -0.000878987
158.2	 -0.0391843	 -3.30054e-05	 -0.975546	 -0.00064067	 1.17335	 -0.00086509
158.22	 -0.0391737	 -3.19346e-05	 -0.972995	 -0.000643378	 1.19096	 -0.000850405
158.24	 -0.0391625	 -3.08143e-05	 -0.970369	 -0.000646418	 1.20859	 -0.000834948
158.26	 -0.039151	 -2.96458e-05	 -0.967669	 -0.00064978	 1.22624	 -0.00081874
158.28	 -0.0391395	 -2.84306e-05	 -0.964896	 -0.000653457	 1.24391	 -0.000801798
158.3	 -0.0391282	 -2.71701e-05	 -0.96205	 -0.000657438	 1.26159	 -0.000784143
158.32	 -0.0391174	 -2.58658e-05	 -0.959133	 -0.000661712	 1.27929	 -0.000765797
158.34	 -0.0391074	 -2.45193e-05	 -0.956145	 -0.000666269	 1.29699	 -0.000746782
158.36	 -0.0390983	 -2.31323e-05	 -0.953087	 -0.000671098	 1.3147	 -0.000727119
158.38	 -0.0390905	 -2.17063e-05	 -0.949959	 -0.000676188	 1.33242	 -0.000706833
158.4	 -0.0390843	 -2.02431e-05	 -0.946763	 -0.000681526	 1.35014	 -0.000685948
158.42	 -0.0390797	 -1.87446e-05	 -0.943499	 -0.000687101	 1.36785	 -0.000664488
158.44	 -0.0390771	 -1.72124e-05	 -0.940168	 -0.000692899	 1.38556	 -0.00064248
158.46	 -0.0390767	 -1.56486e-05	 -0.936772	 -0.000698909	 1.40326	 -0.000619949
158.48	 -0.0390788	 -1.40551e-05	 -0.933311	 -0.000705116	 1.42095	 -0.000596923
158.5	 -0.0390835	 -1.24337e-05	 -0.929786	 -0.000711507	 1.43863	 -0.000573428
158.52	 -0.039091	 -1.07865e-05	 -0.926198	 -0.000718068	 1.45628	 -0.000549493
158.54	 -0.0391016	 -9.11541e-06	 -0.922548	 -0.000724786	 1.47392	 -0.000525146
158.56	 -0.0391155	 -7.42261e-06	 -0.918838	 -0.000731645	 1.49152	 -0.000500415
158.58	 -0.0391329	 -5.71011e-06	 -0.915068	 -0.000738632	 1.50909	 -0.000475332
158.6	 -0.0391539	 -3.98004e-06	 -0.91124	 -0.000745731	 1.52663	 -0.000449924
158.62	 -0.0391787	 -2.2345e-06	 -0.907354	 -0.000752929	 1.54413	 -0.000424222
158.64	 -0.0392076	 -4.75635e-07	 -0.903412	 -0.000760209	 1.56158	 -0.000398257
158.66	 -0.0392406	 1.29439e-06	 -0.899416	 -0.000767556	 1.57898	 -0.000372059
158.68	 -0.039278	 3.0734e-06	 -0.895365	 -0.000774955	 1.59633	 -0.000345659
158.7	 -0.0393199	 4.85922e-06	 -0.891262	 -0.000782391	 1.61362	 -0.000319088
158.72	 -0.0393664	 6.64966e-06	 -0.887107	 -0.000789847	 1.63084	 -0.000292378
158.74	 -0.0394176	 8.44252e-06	 -0.882903	 -0.000797309	 1.648	 -0.000265561
158.76	 -0.0394737	 1.02356e-05	 -0.87865	 -0.000804761	 1.66508	 -0.000238667
158.78	 -0.0395348	 1.20267e-05	 -0.87435	 -0.000812187	 1.68207	 -0.000211728
158.8	 -0.039601	 1.38137e-05	 -0.870004	 -0.00081957	 1.69898	 -0.000184776
158.82	 -0.0396724	 1.55943e-05	 -0.865614	 -0.000826897	 1.7158	 -0.000157843
158.84	 -0.0397491	 1.73664e-05	 -0.86118	 -0.00083415	 1.73252	 -0.00013096
158.86	 -0.0398311	 1.91279e-05	 -0.856705	 -0.000841315	 1.74913	 -0.000104158
158.88	 -0.0399185	 2.08764e-05	 -0.85219	 -0.000848375	 1.76563	 -7.74696e-05
158.9	 -0.0400114	 2.26101e-05	 -0.847636	 -0.000855316	 1.78201	 -5.09253e-05
158.92	 -0.0401099	 2.43266e-05	 -0.843045	 -0.000862123	 1.79827	 -2.45562e-05
158.94	 -0.0402138	 2.6024e-05	 -0.838418	 -0.000868779	 1.8144	 1.60711e-06
158.96	 -0.0403234	 2.77001e-05	 -0.833757	 -0.000875271	 1.83039	 2.75341e-05
158.98	 -0.0404385	 2.9353e-05	 -0.829064	 -0.000881584	 1.84623	 5.31946e-05
159	 -0.0405593	 3.09806e-05	 -0.82434	 -0.000887702	 1.86193	 7.85589e-05
159.02	 -0.0406856	 3.25809e-05	 -0.819587	 -0.000893613	 1.87746	 0.000103598
159.04	 -0.0408175	 3.4152e-05	 -0.814806	 -0.000899301	 1.89283	 0.000128282
159.06	 -0.0409549	 3.5692e-05	 -0.809999	 -0.000904753	 1.90802	 0.000152583
159.08	 -0.0410979	 3.7199e-05	 -0.805168	 -0.000909956	 1.92304	 0.000176473
159.1	 -0.0412463	 3.86711e-05	 -0.800314	 -0.000914897	 1.93786	 0.000199924
159.12	 -0.0414	 4.01067e-05	 -0.79544	 -0.000919562	 1.95249	 0.000222911
159.14	 -0.0415591	 4.15039e-05	 -0.790546	 -0.00092394	 1.96692	 0.000245405
159.16	 -0.0417235	 4.2861e-05	 -0.785634	 -0.000928018	 1.98114	 0.000267382
159.18	 -0.041893	 4.41764e-05	 -0.780708	 -0.000931786	 1.99513	 0.000288817
159.2	 -0.0420675	 4.54485e-05	 -0.775767	 -0.000935231	 2.0089	 0.000309685
159.22	 -0.0422469	 4.66758e-05	 -0.770814	 -0.000938343	 2.02244	 0.000329963
159.24	 -0.0424312	 4.78566e-05	 -0.76585	 -0.000941111	 2.03574	 0.000349627
159.26	 -0.0426201	 4.89897e-05	 -0.760878	 -0.000943527	 2.04878	 0.000368656
159.28	 -0.0428136	 5.00735e-05	 -0.7559	 -0.00094558	 2.06157	 0.000387029
159.3	 -0.0430114	 5.11069e-05	 -0.750916	 -0.000947262	 2.07409	 0.000404724
159.32	 -0.0432135	 5.20884e-05	 -0.74593	 -0.000948564	 2.08633	 0.000421723
159.34	 -0.0434196	 5.30168e-05	 -0.740942	 -0.000949479	 2.09829	 0.000438006
159.36	 -0.0436296	 5.38911e-05	 -0.735954	 -0.000949999	 2.10997	 0.000453556
159.38	 -0.0438432	 5.47101e-05	 -0.730969	 -0.000950118	 2.12134	 0.000468356
159.4	 -0.0440603	 5.54728e-05	 -0.725989	 -0.000949829	 2.13241	 0.000482389
159.42	 -0.0442807	 5.61782e-05	 -0.721014	 -0.000949127	 2.14317	 0.000495641
159.44	 -0.0445041	 5.68254e-05	 -0.716048	 -0.000948008	 2.1536	 0.000508098
159.46	 -0.0447303	 5.74136e-05	 -0.711091	 -0.000946466	 2.16371	 0.000519746
159.48	 -0.0449591	 5.7942e-05	 -0.706146	 -0.000944499	 2.17348	 0.000530573
159.5	 -0.0451902	 5.84099e-05	 -0.701215	 -0.000942102	 2.1829	 0.000540569
159.52	 -0.0454234	 5.88167e-05	 -0.696299	 -0.000939274	 2.19197	 0.000549723
159.54	 -0.0456585	 5.91617e-05	 -0.6914	 -0.000936013	 2.20068	 0.000558026
159.56	 -0.0458951	 5.94445e-05	 -0.68652	 -0.000932318	 2.20902	 0.000565471
159.58	 -0.046133	 5.96647e-05	 -0.681662	 -0.000928187	 2.21698	 0.00057205
159.6	 -0.0463719	 5.98218e-05	 -0.676826	 -0.000923622	 2.22457	 0.000577758
159.62	 -0.0466116	 5.99156e-05	 -0.672015	 -0.000918622	 2.23176	 0.00058259
159.64	 -0.0468517	 5.99458e-05	 -0.66723	 -0.00091319	 2.23855	 0.000586542
159.66	 -0.0470919	 5.99122e-05	 -0.662474	 -0.000907327	 2.24495	 0.000589612
159.68	 -0.047332	 5.98149e-05	 -0.657748	 -0.000901037	 2.25093	 0.000591798
159.7	 -0.0475717	 5.96537e-05	 -0.653054	 -0.000894322	 2.25649	 0.0005931
159.72	 -0.0478105	 5.94287e-05	 -0.648393	 -0.000887187	 2.26163	 0.000593519
159.74	 -0.0480483	 5.914e-05	 -0.643768	 -0.000879637	 2.26633	 0.000593056
159.76	 -0.0482847	 5.87877e-05	 -0.63918	 -0.000871676	 2.27061	 0.000591715
159.78	 -0.0485193	 5.83722e-05	 -0.634631	 -0.000863311	 2.27443	 0.000589499
159.8	 -0.0487519	 5.78936e-05	 -0.630123	 -0.000854549	 2.27781	 0.000586413
159.82	 -0.0489821	 5.73525e-05	 -0.625657	 -0.000845397	 2.28074	 0.000582464
159.84	 -0.0492096	 5.67493e-05	 -0.621235	 -0.000835863	 2.2832	 0.000577659
159.86	 -0.049434	 5.60844e-05	 -0.616859	 -0.000825955	 2.2852	 0.000572006
159.88	 -0.0496551	 5.53584e-05	 -0.612531	 -0.000815683	 2.28673	 0.000565515
159.9	 -0.0498724	 5.4572e-05	 -0.608251	 -0.000805056	 2.28778	 0.000558195
159.92	 -0.0500857	 5.37259e-05	 -0.604022	 -0.000794085	 2.28835	 0.000550059
159.94	 -0.0502946	 5.28208e-05	 -0.599846	 -0.000782781	 2.28844	 0.000541118
159.96	 -0.0504988	 5.18576e-05	 -0.595723	 -0.000771156	 2.28804	 0.000531386
159.98	 -0.0506979	 5.08371e-05	 -0.591655	 -0.000759221	 2.28715	 0.000520877
160	 -0.0508916	 4.97604e-05	 -0.587645	 -0.00074699	 2.28576	 0.000509608
160.02	 -0.0510796	 4.86283e-05	 -0.583693	 -0.000734475	 2.28387	 0.000497593
160.04	 -0.0512615	 4.74421e-05	 -0.5798	 -0.00072169	 2.28148	 0.00048485
160.06	 -0.051437	 4.62028e-05	 -0.575969	 -0.000708649	 2.27858	 0.000471398
160.08	 -0.0516058	 4.49116e-05	 -0.5722	 -0.000695368	 2.27518	 0.000457256
160.1	 -0.0517676	 4.35697e-05	 -0.568495	 -0.00068186	 2.27126	 0.000442442
160.12	 -0.051922	 4.21784e-05	 -0.564856	 -0.000668143	 2.26683	 0.000426978
160.14	 -0.0520687	 4.07392e-05	 -0.561283	 -0.000654231	 2.26189	 0.000410886
160.16	 -0.0522074	 3.92533e-05	 -0.557779	 -0.000640142	 2.25643	 0.000394188
160.18	 -0.0523378	 3.77222e-05	 -0.554343	 -0.000625892	 2.25046	 0.000376906
160.2	 -0.0524596	 3.61474e-05	 -0.550978	 -0.000611498	 2.24397	 0.000359064
160.22	 -0.0525725	 3.45305e-05	 -0.547684	 -0.000596978	 2.23696	 0.000340688
160.24	 -0.0526762	 3.2873e-05	 -0.544463	 -0.00058235	 2.22943	 0.000321802
160.26	 -0.0527704	 3.11766e-05	 -0.541315	 -0.000567631	 2.22138	 0.000302432
160.28	 -0.0528549	 2.9443e-05	 -0.538243	 -0.00055284	 2.21282	 0.000282604
160.3	 -0.0529293	 2.76738e-05	 -0.535246	 -0.000537997	 2.20374	 0.000262345
160.32	 -0.0529934	 2.58709e-05	 -0.532327	 -0.000523119	 2.19414	 0.000241683
160.34	 -0.053047	 2.4036e-05	 -0.529485	 -0.000508226	 2.18403	 0.000220646
160.36	 -0.0530898	 2.2171e-05	 -0.526722	 -0.000493337	 2.17341	 0.000199262
160.38	 -0.0531215	 2.02777e-05	 -0.524039	 -0.000478471	 2.16227	 0.00017756
160.4	 -0.053142	 1.83581e-05	 -0.521436	 -0.000463648	 2.15063	 0.00015557
160.42	 -0.053151	 1.6414e-05	 -0.518915	 -0.000448887	 2.13849	 0.000133321
160.44	 -0.0531483	 1.44475e-05	 -0.516475	 -0.000434209	 2.12584	 0.000110844
160.46	 -0.0531337	 1.24605e-05	 -0.514119	 -0.000419633	 2.1127	 8.81675e-05
160.48	 -0.053107	 1.04551e-05	 -0.511846	 -0.000405178	 2.09905	 6.53236e-05
160.5	 -0.0530681	 8.4333e-06	 -0.509657	 -0.000390864	 2.08492	 4.23427e-05
160.52	 -0.0530167	 6.39715e-06	 -0.507554	 -0.000376711	 2.07031	 1.92557e-05
160.54	 -0.0529528	 4.34874e-06	 -0.505535	 -0.000362738	 2.05521	 -3.9062e-06
160.56	 -0.0528762	 2.29017e-06	 -0.503603	 -0.000348966	 2.03964	 -2.71118e-05
160.58	 -0.0527867	 2.2356e-07	 -0.501757	 -0.000335413	 2.02359	 -5.03299e-05
160.6	 -0.0526842	 -1.84897e-06	 -0.499998	 -0.000322099	 2.00709	 -7.3529e-05
160.62	 -0.0525687	 -3.92527e-06	 -0.498327	 -0.000309042	 1.99012	 -9.6678e-05
160.64	 -0.05244	 -6.0032e-06	 -0.496743	 -0.000296261	 1.9727	 -0.000119746
160.66	 -0.0522981	 -8.0806e-06	 -0.495247	 -0.000283776	 1.95484	 -0.000142701
160.68	 -0.052143	 -1.01553e-05	 -0.49384	 -0.000271605	 1.93654	 -0.000165512
160.7	 -0.0519745	 -1.22251e-05	 -0.492522	 -0.000259765	 1.91781	 -0.00018815
160.72	 -0.0517926	 -1.4288e-05	 -0.491292	 -0.000248274	 1.89865	 -0.000210582
160.74	 -0.0515974	 -1.63416e-05	 -0.490152	 -0.00023715	 1.87908	 -0.000232779
160.76	 -0.0513888	 -1.83839e-05	 -0.489101	 -0.00022641	 1.85911	 -0.000254711
160.78	 -0.0511668	 -2.04126e-05	 -0.488139	 -0.000216071	 1.83874	 -0.000276348
160.8	 -0.0509315	 -2.24257e-05	 -0.487267	 -0.000206148	 1.81798	 -0.000297661
160.82	 -0.0506828	 -2.4421e-05	 -0.486485	 -0.000196658	 1.79684	 -0.00031862
160.84	 -0.050421	 -2.63963e-05	 -0.485792	 -0.000187615	 1.77533	 -0.000339198
160.86	 -0.0501459	 -2.83496e-05	 -0.485188	 -0.000179036	 1.75347	 -0.000359367
160.88	 -0.0498578	 -3.02788e-05	 -0.484675	 -0.000170933	 1.73125	 -0.000379098
160.9	 -0.0495567	 -3.21817e-05	 -0.48425	 -0.000163321	 1.7087	 -0.000398366
160.92	 -0.0492427	 -3.40564e-05	 -0.483915	 -0.000156214	 1.68581	 -0.000417144
160.94	 -0.048916	 -3.59007e-05	 -0.483669	 -0.000149623	 1.66261	 -0.000435406
160.96	 -0.0485767	 -3.77127e-05	 -0.483512	 -0.000143561	 1.6391	 -0.000453128
160.98	 -0.048225	 -3.94904e-05	 -0.483444	 -0.000138039	 1.6153	 -0.000470285
161	 -0.0478611	 -4.12318e-05	 -0.483464	 -0.000133068	 1.59121	 -0.000486854
161.02	 -0.047485	 -4.29351e-05	 -0.483573	 -0.000128659	 1.56685	 -0.000502813
161.04	 -0.0470971	 -4.45984e-05	 -0.483769	 -0.00012482	 1.54224	 -0.000518138
161.06	 -0.0466976	 -4.62198e-05	 -0.484053	 -0.000121562	 1.51737	 -0.000532811
161.08	 -0.0462866	 -4.77975e-05	 -0.484424	 -0.000118891	 1.49227	 -0.000546809
161.1	 -0.0458645	 -4.93299e-05	 -0.484882	 -0.000116816	 1.46694	 -0.000560114
161.12	 -0.0454315	 -5.08151e-05	 -0.485427	 -0.000115343	 1.44141	 -0.000572708
161.14	 -0.0449879	 -5.22516e-05	 -0.486058	 -0.000114479	 1.41568	 -0.000584573
161.16	 -0.0445339	 -5.36378e-05	 -0.486774	 -0.000114228	 1.38976	 -0.000595693
161.18	 -0.0440699	 -5.49721e-05	 -0.487575	 -0.000114596	 1.36367	 -0.000606052
161.2	 -0.0435962	 -5.6253e-05	 -0.48846	 -0.000115586	 1.33742	 -0.000615637
161.22	 -0.0431131	 -5.74791e-05	 -0.48943	 -0.000117201	 1.31103	 -0.000624433
161.24	 -0.0426209	 -5.8649e-05	 -0.490483	 -0.000119444	 1.28451	 -0.000632428
161.26	 -0.0421201	 -5.97614e-05	 -0.491618	 -0.000122316	 1.25787	 -0.000639611
161.28	 -0.0416108	 -6.08151e-05	 -0.492836	 -0.000125818	 1.23112	 -0.000645973
161.3	 -0.0410936	 -6.18089e-05	 -0.494135	 -0.00012995	 1.20429	 -0.000651504
161.32	 -0.0405689	 -6.27416e-05	 -0.495516	 -0.000134711	 1.17738	 -0.000656195
161.34	 -0.0400369	 -6.36123e-05	 -0.496976	 -0.000140099	 1.1504	 -0.000660042
161.36	 -0.0394982	 -6.44199e-05	 -0.498516	 -0.000146113	 1.12337	 -0.000663037
161.38	 -0.038953	 -6.51635e-05	 -0.500135	 -0.000152749	 1.09631	 -0.000665177
161.4	 -0.038402	 -6.58424e-05	 -0.501831	 -0.000160003	 1.06923	 -0.000666459
161.42	 -0.0378454	 -6.64557e-05	 -0.503605	 -0.000167871	 1.04214	 -0.00066688
161.44	 -0.0372837	 -6.70029e-05	 -0.505456	 -0.000176347	 1.01505	 -0.00066644
161.46	 -0.0367174	 -6.74833e-05	 -0.507382	 -0.000185424	 0.987982	 -0.000665139
161.48	 -0.0361469	 -6.78963e-05	 -0.509383	 -0.000195097	 0.960949	 -0.000662978
161.5	 -0.0355727	 -6.82417e-05	 -0.511459	 -0.000205357	 0.933962	 -0.00065996
161.52	 -0.0349952	 -6.8519e-05	 -0.513607	 -0.000216196	 0.907035	 -0.00065609
161.54	 -0.034415	 -6.8728e-05	 -0.515828	 -0.000227605	 0.880183	 -0.000651372
161.56	 -0.0338324	 -6.88685e-05	 -0.518121	 -0.000239573	 0.853418	 -0.000645813
161.58	 -0.0332481	 -6.89405e-05	 -0.520484	 -0.000252091	 0.826754	 -0.00063942
161.6	 -0.0326623	 -6.89439e-05	 -0.522917	 -0.000265147	 0.800204	 -0.000632202
161.62	 -0.0320758	 -6.88788e-05	 -0.525419	 -0.000278729	 0.773782	 -0.000624169
161.64	 -0.0314889	 -6.87454e-05	 -0.527989	 -0.000292825	 0.7475	 -0.000615331
161.66	 -0.0309021	 -6.8544e-05	 -0.530625	 -0.000307421	 0.721371	 -0.000605701
161.68	 -0.0303159	 -6.82748e-05	 -0.533328	 -0.000322504	 0.695409	 -0.000595291
161.7	 -0.0297309	 -6.79385e-05	 -0.536096	 -0.000338059	 0.669625	 -0.000584117
161.72	 -0.0291475	 -6.75353e-05	 -0.538928	 -0.000354071	 0.644033	 -0.000572193
161.74	 -0.0285662	 -6.70661e-05	 -0.541823	 -0.000370524	 0.618644	 -0.000559537
161.76	 -0.0279875	 -6.65315e-05	 -0.544781	 -0.000387402	 0.593471	 -0.000546165
161.78	 -0.0274119	 -6.59323e-05	 -0.547799	 -0.000404689	 0.568525	 -0.000532096
161.8	 -0.0268399	 -6.52693e-05	 -0.550878	 -0.000422367	 0.543819	 -0.000517349
161.82	 -0.026272	 -6.45435e-05	 -0.554016	 -0.000440419	 0.519364	 -0.000501946
161.84	 -0.0257087	 -6.3756e-05	 -0.557211	 -0.000458826	 0.495171	 -0.000485907
161.86	 -0.0251504	 -6.29078e-05	 -0.560464	 -0.000477569	 0.471251	 -0.000469255
161.88	 -0.0245976	 -6.20002e-05	 -0.563773	 -0.000496631	 0.447616	 -0.000452013
161.9	 -0.0240508	 -6.10345e-05	 -0.567137	 -0.00051599	 0.424275	 -0.000434206
161.92	 -0.0235105	 -6.0012e-05	 -0.570554	 -0.000535628	 0.401239	 -0.000415858
161.94	 -0.0229771	 -5.89343e-05	 -0.574024	 -0.000555524	 0.378519	 -0.000396994
161.96	 -0.0224511	 -5.78027e-05	 -0.577546	 -0.000575658	 0.356124	 -0.000377642
161.98	 -0.0219329	 -5.66189e-05	 -0.581119	 -0.000596009	 0.334063	 -0.000357828
162	 -0.0214229	 -5.53846e-05	 -0.584741	 -0.000616555	 0.312347	 -0.00033758
162.02	 -0.0209217	 -5.41015e-05	 -0.588411	 -0.000637277	 0.290984	 -0.000316928
162.04	 -0.0204296	 -5.27714e-05	 -0.592128	 -0.000658152	 0.269982	 -0.000295899
162.06	 -0.0199469	 -5.13963e-05	 -0.595891	 -0.000679158	 0.249351	 -0.000274523
162.08	 -0.0194742	 -4.99779e-05	 -0.599699	 -0.000700275	 0.229098	 -0.000252832
162.1	 -0.0190118	 -4.85183e-05	 -0.603551	 -0.000721479	 0.209232	 -0.000230854
162.12	 -0.0185602	 -4.70196e-05	 -0.607446	 -0.000742749	 0.18976	 -0.000208622
162.14	 -0.0181195	 -4.54839e-05	 -0.611382	 -0.000764062	 0.170689	 -0.000186167
162.16	 -0.0176903	 -4.39133e-05	 -0.615358	 -0.000785398	 0.152026	 -0.000163521
162.18	 -0.0172728	 -4.23101e-05	 -0.619373	 -0.000806732	 0.133778	 -0.000140715
162.2	 -0.0168675	 -4.06765e-05	 -0.623426	 -0.000828044	 0.115951	 -0.000117782
162.22	 -0.0164745	 -3.90147e-05	 -0.627516	 -0.000849312	 0.0985506	 -9.47549e-05
162.24	 -0.0160943	 -3.73272e-05	 -0.631641	 -0.000870512	 0.0815834	 -7.16662e-05
162.26	 -0.0157271	 -3.56162e-05	 -0.6358	 -0.000891624	 0.0650543	 -4.85487e-05
162.28	 -0.0153732	 -3.38843e-05	 -0.639992	 -0.000912625	 0.0489685	 -2.54355e-05
162.3	 -0.0150328	 -3.21338e-05	 -0.644216	 -0.000933495	 0.0333305	 -2.35937e-06
162.32	 -0.0147062	 -3.03671e-05	 -0.648471	 -0.00095421	 0.0181447	 2.06467e-05
162.34	 -0.0143937	 -2.85869e-05	 -0.652755	 -0.000974751	 0.0034153	 4.35498e-05
162.36	 -0.0140954	 -2.67954e-05	 -0.657066	 -0.000995096	 -0.0108541	 6.63172e-05
162.38	 -0.0138115	 -2.49954e-05	 -0.661405	 -0.00101522	 -0.0246601	 8.89164e-05
162.4	 -0.0135423	 -2.31893e-05	 -0.665769	 -0.00103512	 -0.0379997	 0.000111315
162.42	 -0.013288	 -2.13796e-05	 -0.670157	 -0.00105475	 -0.05087	 0.000133481
162.44	 -0.0130486	 -1.95688e-05	 -0.674568	 -0.00107411	 -0.0632687	 0.000155382
162.46	 -0.0128243	 -1.77595e-05	 -0.679001	 -0.00109317	 -0.0751936	 0.000176986
162.48	 -0.0126152	 -1.59543e-05	 -0.683455	 -0.00111191	 -0.086643	 0.000198264
162.5	 -0.0124215	 -1.41556e-05	 -0.687927	 -0.00113032	 -0.0976155	 0.000219184
162.52	 -0.0122431	 -1.2366e-05	 -0.692417	 -0.00114838	 -0.10811	 0.000239715
162.54	 -0.0120803	 -1.05878e-05	 -0.696924	 -0.00116607	 -0.118125	 0.000259829
162.56	 -0.0119331	 -8.82376e-06	 -0.701446	 -0.00118337	 -0.127661	 0.000279496
162.58	 -0.0118014	 -7.07614e-06	 -0.705981	 -0.00120027	 -0.136718	 0.000298687
162.6	 -0.0116854	 -5.34741e-06	 -0.710529	 -0.00121674	 -0.145294	 0.000317375
162.62	 -0.011585	 -3.63996e-06	 -0.715089	 -0.00123278	 -0.153392	 0.000335532
162.64	 -0.0115002	 -1.95617e-06	 -0.719658	 -0.00124837	 -0.161011	 0.000353133
162.66	 -0.0114311	 -2.98335e-07	 -0.724236	 -0.00126349	 -0.168152	 0.00037015
162.68	 -0.0113774	 1.33125e-06	 -0.728821	 -0.00127813	 -0.174818	 0.00038656
162.7	 -0.0113393	 2.93035e-06	 -0.733412	 -0.00129228	 -0.181008	 0.000402337
162.72	 -0.0113166	 4.49678e-06	 -0.738008	 -0.00130592	 -0.186725	 0.000417459
162.74	 -0.0113092	 6.02841e-06	 -0.742606	 -0.00131905	 -0.191972	 0.000431904
162.76	 -0.011317	 7.52314e-06	 -0.747207	 -0.00133164	 -0.19675	 0.00044565
162.78	 -0.01134	 8.97897e-06	 -0.751808	 -0.00134369	 -0.201062	 0.000458675
162.8	 -0.0113779	 1.03939e-05	 -0.756409	 -0.00135519	 -0.204911	 0.000470962
162.82	 -0.0114306	 1.17661e-05	 -0.761007	 -0.00136613	 -0.2083	 0.000482491
162.84	 -0.011498	 1.30937e-05	 -0.765602	 -0.0013765	 -0.211232	 0.000493244
162.86	 -0.0115798	 1.43749e-05	 -0.770192	 -0.00138629	 -0.213711	 0.000503206
162.88	 -0.011676	 1.5608e-05	 -0.774775	 -0.0013955	 -0.21574	 0.00051236
162.9	 -0.0117862	 1.67915e-05	 -0.779351	 -0.00140411	 -0.217324	 0.000520693
162.92	 -0.0119102	 1.79238e-05	 -0.783919	 -0.00141213	 -0.218466	 0.000528191
162.94	 -0.0120479	 1.90034e-05	 -0.788476	 -0.00141954	 -0.219172	 0.000534843
162.96	 -0.0121989	 2.0029e-05	 -0.793021	 -0.00142634	 -0.219445	 0.000540636
162.98	 -0.012363	 2.09992e-05	 -0.797553	 -0.00143253	 -0.219291	 0.000545562
163	 -0.01254	 2.19129e-05	 -0.802072	 -0.0014381	 -0.218714	 0.000549612
163.02	 -0.0127295	 2.27689e-05	 -0.806574	 -0.00144306	 -0.217719	 0.000552778
163.04	 -0.0129313	 2.35662e-05	 -0.81106	 -0.00144739	 -0.216312	 0.000555054
163.06	 -0.013145	 2.43039e-05	 -0.815528	 -0.00145111	 -0.214498	 0.000556435
163.08	 -0.0133704	 2.49811e-05	 -0.819975	 -0.0014542	 -0.212282	 0.000556918
163.1	 -0.0136071	 2.5597e-05	 -0.824402	 -0.00145667	 -0.209671	 0.000556499
163.12	 -0.0138548	 2.61511e-05	 -0.828807	 -0.00145852	 -0.206669	 0.000555177
163.14	 -0.0141132	 2.66426e-05	 -0.833189	 -0.00145975	 -0.203284	 0.000552952
163.16	 -0.0143818	 2.70712e-05	 -0.837545	 -0.00146037	 -0.19952	 0.000549824
163.18	 -0.0146604	 2.74365e-05	 -0.841875	 -0.00146037	 -0.195385	 0.000545797
163.2	 -0.0149485	 2.77382e-05	 -0.846178	 -0.00145977	 -0.190884	 0.000540873
163.22	 -0.0152458	 2.79761e-05	 -0.850453	 -0.00145856	 -0.186023	 0.000535058
163.24	 -0.015552	 2.81501e-05	 -0.854697	 -0.00145675	 -0.18081	 0.000528355
163.26	 -0.0158666	 2.82603e-05	 -0.85891	 -0.00145435	 -0.17525	 0.000520774
163.28	 -0.0161892	 2.83067e-05	 -0.86309	 -0.00145136	 -0.16935	 0.000512321
163.3	 -0.0165195	 2.82895e-05	 -0.867237	 -0.00144779	 -0.163116	 0.000503006
163.32	 -0.0168571	 2.82092e-05	 -0.871349	 -0.00144365	 -0.156556	 0.000492839
163.34	 -0.0172015	 2.80659e-05	 -0.875424	 -0.00143894	 -0.149675	 0.000481832
163.36	 -0.0175523	 2.78603e-05	 -0.879462	 -0.00143368	 -0.14248	 0.000469997
163.38	 -0.0179093	 2.75929e-05	 -0.883462	 -0.00142788	 -0.134979	 0.000457348
163.4	 -0.0182718	 2.72645e-05	 -0.887421	 -0.00142154	 -0.127177	 0.0004439
163.42	 -0.0186396	 2.68757e-05	 -0.89134	 -0.00141467	 -0.119082	 0.000429669
163.44	 -0.0190122	 2.64274e-05	 -0.895216	 -0.00140729	 -0.1107	 0.00041467
163.46	 -0.0193892	 2.59206e-05	 -0.899049	 -0.00139941	 -0.102038	 0.000398923
163.48	 -0.0197702	 2.53563e-05	 -0.902837	 -0.00139104	 -0.0931021	 0.000382446
163.5	 -0.0201548	 2.47357e-05	 -0.90658	 -0.0013822	 -0.0838995	 0.000365259
163.52	 -0.0205426	 2.40598e-05	 -0.910276	 -0.00137289	 -0.0744366	 0.000347382
163.54	 -0.0209332	 2.33301e-05	 -0.913924	 -0.00136313	 -0.0647201	 0.000328836
163.56	 -0.0213261	 2.25479e-05	 -0.917522	 -0.00135293	 -0.0547564	 0.000309645
163.58	 -0.021721	 2.17147e-05	 -0.921071	 -0.00134232	 -0.044552	 0.000289832
163.6	 -0.0221174	 2.08318e-05	 -0.924568	 -0.00133129	 -0.0341134	 0.000269419
163.62	 -0.0225151	 1.9901e-05	 -0.928013	 -0.00131988	 -0.0234469	 0.000248433
163.64	 -0.0229135	 1.89239e-05	 -0.931405	 -0.00130809	 -0.0125588	 0.000226899
163.66	 -0.0233123	 1.79022e-05	 -0.934743	 -0.00129594	 -0.00145541	 0.000204843
163.68	 -0.0237111	 1.68377e-05	 -0.938025	 -0.00128345	 0.00985724	 0.000182292
163.7	 -0.0241096	 1.57323e-05	 -0.94125	 -0.00127063	 0.021373	 0.000159273
163.72	 -0.0245073	 1.45879e-05	 -0.944419	 -0.0012575	 0.033086	 0.000135815
163.74	 -0.0249039	 1.34063e-05	 -0.947529	 -0.00124408	 0.0449902	 0.000111945
163.76	 -0.0252991	 1.21898e-05	 -0.950579	 -0.00123038	 0.05708	 8.76946e-05
163.78	 -0.0256925	 1.09402e-05	 -0.95357	 -0.00121643	 0.0693495	 6.30919e-05
163.8	 -0.0260837	 9.65986e-06	 -0.956499	 -0.00120223	 0.0817933	 3.81673e-05
163.82	 -0.0264725	 8.35076e-06	 -0.959366	 -0.00118782	 0.0944059	 1.29513e-05
163.84	 -0.0268585	 7.01517e-06	 -0.96217	 -0.0011732	 0.107182	 -1.25252e-05
163.86	 -0.0272413	 5.6553e-06	 -0.964911	 -0.00115839	 0.120116	 -3.82311e-05
163.88	 -0.0276207	 4.27342e-06	 -0.967586	 -0.00114342	 0.133203	 -6.41348e-05
163.9	 -0.0279964	 2.87184e-06	 -0.970197	 -0.0011283	 0.146438	 -9.02046e-05
163.92	 -0.0283681	 1.45287e-06	 -0.972741	 -0.00111304	 0.159816	 -0.000116409
163.94	 -0.0287355	 1.8855e-08	 -0.975218	 -0.00109768	 0.173332	 -0.000142715
163.96	 -0.0290983	 -1.42785e-06	 -0.977626	 -0.00108222	 0.186982	 -0.000169091
163.98	 -0.0294563	 -2.88486e-06	 -0.979967	 -0.00106669	 0.200761	 -0.000195505
164	 -0.0298092	 -4.34981e-06	 -0.982238	 -0.0010511	 0.214665	 -0.000221924
164.02	 -0.0301568	 -5.82028e-06	 -0.984438	 -0.00103547	 0.22869	 -0.000248317
164.04	 -0.0304989	 -7.29388e-06	 -0.986568	 -0.00101983	 0.24283	 -0.00027465
164.06	 -0.0308352	 -8.76822e-06	 -0.988627	 -0.00100418	 0.257083	 -0.000300892
164.08	 -0.0311655	 -1.02409e-05	 -0.990613	 -0.000988553	 0.271445	 -0.00032701
164.1	 -0.0314897	 -1.17095e-05	 -0.992527	 -0.000972959	 0.285911	 -0.000352973
164.12	 -0.0318076	 -1.31717e-05	 -0.994367	 -0.00095742	 0.300478	 -0.000378749
164.14	 -0.032119	 -1.4625e-05	 -0.996133	 -0.000941952	 0.315143	 -0.000404306
164.16	 -0.0324237	 -1.60672e-05	 -0.997824	 -0.000926573	 0.329902	 -0.000429614
164.18	 -0.0327216	 -1.74959e-05	 -0.99944	 -0.000911301	 0.344752	 -0.000454641
164.2	 -0.0330125	 -1.89088e-05	 -1.00098	 -0.000896153	 0.35969	 -0.000479358
164.22	 -0.0332964	 -2.03036e-05	 -1.00244	 -0.000881146	 0.374712	 -0.000503733
164.24	 -0.0335731	 -2.16781e-05	 -1.00383	 -0.000866297	 0.389817	 -0.000527737
164.26	 -0.0338425	 -2.303e-05	 -1.00514	 -0.000851622	 0.405001	 -0.000551342
164.28	 -0.0341045	 -2.43572e-05	 -1.00637	 -0.000837138	 0.420262	 -0.000574517
164.3	 -0.0343591	 -2.56574e-05	 -1.00753	 -0.000822859	 0.435596	 -0.000597236
164.32	 -0.0346062	 -2.69287e-05	 -1.0086	 -0.000808803	 0.451003	 -0.000619471
164.34	 -0.0348458	 -2.8169e-05	 -1.0096	 -0.000794984	 0.466479	 -0.000641194
164.36	 -0.0350777	 -2.93761e-05	 -1.01052	 -0.000781417	 0.482023	 -0.00066238
164.38	 -0.0353021	 -3.05483e-05	 -1.01135	 -0.000768117	 0.497632	 -0.000683002
164.4	 -0.0355188	 -3.16835e-05	 -1.01211	 -0.000755097	 0.513304	 -0.000703036
164.42	 -0.0357278	 -3.278e-05	 -1.01279	 -0.000742372	 0.529038	 -0.000722457
164.44	 -0.0359293	 -3.38359e-05	 -1.01338	 -0.000729954	 0.544831	 -0.000741242
164.46	 -0.0361231	 -3.48496e-05	 -1.0139	 -0.000717856	 0.560683	 -0.000759369
164.48	 -0.0363093	 -3.58193e-05	 -1.01433	 -0.000706091	 0.576591	 -0.000776815
164.5	 -0.0364881	 -3.67434e-05	 -1.01469	 -0.000694671	 0.592554	 -0.000793559
164.52	 -0.0366593	 -3.76204e-05	 -1.01496	 -0.000683606	 0.608571	 -0.000809581
164.54	 -0.0368231	 -3.84489e-05	 -1.01514	 -0.000672909	 0.624641	 -0.000824862
164.56	 -0.0369796	 -3.92274e-05	 -1.01525	 -0.000662589	 0.640761	 -0.000839384
164.58	 -0.0371288	 -3.99547e-05	 -1.01527	 -0.000652657	 0.656932	 -0.000853129
164.6	 -0.0372708	 -4.06295e-05	 -1.01522	 -0.000643121	 0.673151	 -0.000866081
164.62	 -0.0374058	 -4.12505e-05	 -1.01508	 -0.00063399	 0.689418	 -0.000878223
164.64	 -0.0375339	 -4.18168e-05	 -1.01485	 -0.000625274	 0.705733	 -0.000889543
164.66	 -0.0376551	 -4.23274e-05	 -1.01455	 -0.000616979	 0.722093	 -0.000900025
164.68	 -0.0377697	 -4.27812e-05	 -1.01416	 -0.000609113	 0.738498	 -0.000909658
164.7	 -0.0378777	 -4.31774e-05	 -1.01369	 -0.000601682	 0.754947	 -0.00091843
164.72	 -0.0379793	 -4.35154e-05	 -1.01313	 -0.000594693	 0.771439	 -0.000926331
164.74	 -0.0380747	 -4.37943e-05	 -1.0125	 -0.000588151	 0.787975	 -0.000933352
164.76	 -0.0381641	 -4.40136e-05	 -1.01178	 -0.00058206	 0.804552	 -0.000939483
164.78	 -0.0382476	 -4.41728e-05	 -1.01097	 -0.000576426	 0.82117	 -0.000944719
164.8	 -0.0383254	 -4.42715e-05	 -1.01009	 -0.000571251	 0.837828	 -0.000949052
164.82	 -0.0383976	 -4.43093e-05	 -1.00912	 -0.000566539	 0.854526	 -0.000952479
164.84	 -0.0384646	 -4.42859e-05	 -1.00808	 -0.000562292	 0.871264	 -0.000954994
164.86	 -0.0385264	 -4.42012e-05	 -1.00694	 -0.000558513	 0.888039	 -0.000956596
164.88	 -0.0385834	 -4.40551e-05	 -1.00573	 -0.000555202	 0.904852	 -0.000957282
164.9	 -0.0386357	 -4.38477e-05	 -1.00444	 -0.00055236	 0.921701	 -0.000957052
164.92	 -0.0386835	 -4.35789e-05	 -1.00306	 -0.000549987	 0.938587	 -0.000955907
164.94	 -0.0387271	 -4.3249e-05	 -1.0016	 -0.000548083	 0.955508	 -0.000953848
164.96	 -0.0387667	 -4.28582e-05	 -1.00007	 -0.000546646	 0.972463	 -0.000950878
164.98	 -0.0388025	 -4.24069e-05	 -0.998448	 -0.000545674	 0.989452	 -0.000947
165	 -0.0388348	 -4.18954e-05	 -0.996749	 -0.000545166	 1.00647	 -0.00094222
165.02	 -0.0388638	 -4.13244e-05	 -0.994971	 -0.000545118	 1.02353	 -0.000936544
165.04	 -0.0388898	 -4.06943e-05	 -0.993113	 -0.000545526	 1.04061	 -0.000929979
165.06	 -0.0389129	 -4.00059e-05	 -0.991176	 -0.000546386	 1.05773	 -0.000922533
165.08	 -0.0389335	 -3.92598e-05	 -0.98916	 -0.000547693	 1.07487	 -0.000914215
165.1	 -0.0389519	 -3.8457e-05	 -0.987066	 -0.000549443	 1.09204	 -0.000905035
165.12	 -0.0389682	 -3.75983e-05	 -0.984894	 -0.000551629	 1.10924	 -0.000895006
165.14	 -0.0389827	 -3.66847e-05	 -0.982645	 -0.000554244	 1.12646	 -0.000884138
165.16	 -0.0389956	 -3.57173e-05	 -0.980319	 -0.000557281	 1.1437	 -0.000872446
165.18	 -0.0390074	 -3.46971e-05	 -0.977917	 -0.000560733	 1.16097	 -0.000859944
165.2	 -0.039018	 -3.36253e-05	 -0.97544	 -0.000564591	 1.17826	 -0.000846646
165.22	 -0.039028	 -3.25033e-05	 -0.972887	 -0.000568847	 1.19557	 -0.000832571
165.24	 -0.0390374	 -3.13323e-05	 -0.970261	 -0.000573491	 1.21289	 -0.000817733
165.26	 -0.0390465	 -3.01138e-05	 -0.96756	 -0.000578513	 1.23023	 -0.000802152
165.28	 -0.0390557	 -2.88492e-05	 -0.964787	 -0.000583903	 1.24758	 -0.000785847
165.3	 -0.0390651	 -2.75399e-05	 -0.961941	 -0.00058965	 1.26495	 -0.000768837
165.32	 -0.039075	 -2.61876e-05	 -0.959024	 -0.000595744	 1.28232	 -0.000751143
165.34	 -0.0390857	 -2.47939e-05	 -0.956036	 -0.000602171	 1.2997	 -0.000732787
165.36	 -0.0390973	 -2.33605e-05	 -0.952978	 -0.000608919	 1.31709	 -0.00071379
165.38	 -0.0391101	 -2.1889e-05	 -0.949851	 -0.000615977	 1.33448	 -0.000694176
165.4	 -0.0391244	 -2.03814e-05	 -0.946655	 -0.000623331	 1.35187	 -0.000673969
165.42	 -0.0391404	 -1.88393e-05	 -0.943392	 -0.000630967	 1.36925	 -0.000653192
165.44	 -0.0391583	 -1.72647e-05	 -0.940063	 -0.000638871	 1.38663	 -0.000631872
165.46	 -0.0391783	 -1.56595e-05	 -0.936667	 -0.00064703	 1.404	 -0.000610033
165.48	 -0.0392007	 -1.40256e-05	 -0.933208	 -0.000655428	 1.42135	 -0.000587702
165.5	 -0.0392256	 -1.2365e-05	 -0.929684	 -0.00066405	 1.43869	 -0.000564906
165.52	 -0.0392533	 -1.06798e-05	 -0.926098	 -0.000672882	 1.45601	 -0.000541672
165.54	 -0.0392839	 -8.97188e-06	 -0.92245	 -0.000681907	 1.47331	 -0.000518029
165.56	 -0.0393178	 -7.24342e-06	 -0.918741	 -0.000691109	 1.49058	 -0.000494005
165.58	 -0.0393549	 -5.49649e-06	 -0.914973	 -0.000700473	 1.50783	 -0.000469628
165.6	 -0.0393956	 -3.73322e-06	 -0.911146	 -0.000709981	 1.52503	 -0.000444928
165.62	 -0.0394399	 -1.95573e-06	 -0.907263	 -0.000719618	 1.5422	 -0.000419934
165.64	 -0.0394881	 -1.66193e-07	 -0.903323	 -0.000729367	 1.55933	 -0.000394677
165.66	 -0.0395403	 1.63324e-06	 -0.899328	 -0.00073921	 1.5764	 -0.000369186
165.68	 -0.0395967	 3.44038e-06	 -0.895279	 -0.00074913	 1.59343	 -0.000343493
165.7	 -0.0396574	 5.25306e-06	 -0.891178	 -0.00075911	 1.6104	 -0.000317627
165.72	 -0.0397224	 7.06907e-06	 -0.887025	 -0.000769132	 1.62731	 -0.000291621
165.74	 -0.0397921	 8.88623e-06	 -0.882823	 -0.000779179	 1.64415	 -0.000265503
165.76	 -0.0398664	 1.07023e-05	 -0.878572	 -0.000789234	 1.66092	 -0.000239307
165.78	 -0.0399455	 1.25152e-05	 -0.874274	 -0.000799278	 1.67761	 -0.000213063
165.8	 -0.0400294	 1.43227e-05	 -0.86993	 -0.000809294	 1.69422	 -0.000186801
165.82	 -0.0401183	 1.61226e-05	 -0.865541	 -0.000819265	 1.71074	 -0.000160555
165.84	 -0.0402122	 1.79127e-05	 -0.861109	 -0.000829172	 1.72716	 -0.000134353
165.86	 -0.0403112	 1.9691e-05	 -0.856636	 -0.000838998	 1.74349	 -0.000108229
165.88	 -0.0404153	 2.14552e-05	 -0.852122	 -0.000848725	 1.75971	 -8.22115e-05
165.9	 -0.0405247	 2.32033e-05	 -0.84757	 -0.000858337	 1.77582	 -5.63327e-05
165.92	 -0.0406393	 2.49332e-05	 -0.84298	 -0.000867815	 1.79181	 -3.06227e-05
165.94	 -0.0407591	 2.66428e-05	 -0.838355	 -0.000877142	 1.80767	 -5.11194e-06
165.96	 -0.0408842	 2.83301e-05	 -0.833695	 -0.000886302	 1.82341	 2.01696e-05
165.98	 -0.0410146	 2.9993e-05	 -0.829003	 -0.000895278	 1.839	 4.51922e-05
166	 -0.0411503	 3.16296e-05	 -0.82428	 -0.000904052	 1.85446	 6.99264e-05
166.02	 -0.0412912	 3.3238e-05	 -0.819528	 -0.000912609	 1.86976	 9.43433e-05
166.04	 -0.0414374	 3.48162e-05	 -0.814747	 -0.000920933	 1.8849	 0.000118414
166.06	 -0.0415887	 3.63624e-05	 -0.809941	 -0.000929007	 1.89987	 0.000142111
166.08	 -0.0417453	 3.78746e-05	 -0.80511	 -0.000936816	 1.91468	 0.000165406
166.1	 -0.0419069	 3.93513e-05	 -0.800257	 -0.000944344	 1.9293	 0.000188272
166.12	 -0.0420736	 4.07905e-05	 -0.795382	 -0.000951577	 1.94373	 0.000210683
166.14	 -0.0422452	 4.21905e-05	 -0.790488	 -0.000958501	 1.95798	 0.000232613
166.16	 -0.0424216	 4.35498e-05	 -0.785577	 -0.000965101	 1.97201	 0.000254036
166.18	 -0.0426029	 4.48667e-05	 -0.78065	 -0.000971363	 1.98584	 0.000274927
166.2	 -0.0427888	 4.61397e-05	 -0.775708	 -0.000977275	 1.99945	 0.000295263
166.22	 -0.0429792	 4.73671e-05	 -0.770754	 -0.000982822	 2.01284	 0.000315021
166.24	 -0.0431741	 4.85477e-05	 -0.76579	 -0.000987994	 2.02599	 0.000334177
166.26	 -0.0433732	 4.968e-05	 -0.760817	 -0.000992778	 2.03891	 0.00035271
166.28	 -0.0435765	 5.07626e-05	 -0.755837	 -0.000997162	 2.05157	 0.000370598
166.3	 -0.0437837	 5.17943e-05	 -0.750852	 -0.00100114	 2.06398	 0.000387823
166.32	 -0.0439947	 5.27737e-05	 -0.745863	 -0.00100469	 2.07612	 0.000404363
166.34	 -0.0442094	 5.36999e-05	 -0.740873	 -0.00100781	 2.088	 0.000420202
166.36	 -0.0444275	 5.45716e-05	 -0.735884	 -0.0010105	 2.09959	 0.00043532
166.38	 -0.0446488	 5.53878e-05	 -0.730897	 -0.00101273	 2.11089	 0.000449702
166.4	 -0.0448731	 5.61475e-05	 -0.725913	 -0.00101451	 2.1219	 0.000463332
166.42	 -0.0451003	 5.68498e-05	 -0.720936	 -0.00101583	 2.13261	 0.000476194
166.44	 -0.0453301	 5.74938e-05	 -0.715967	 -0.00101668	 2.143	 0.000488276
166.46	 -0.0455623	 5.80788e-05	 -0.711007	 -0.00101705	 2.15308	 0.000499563
166.48	 -0.0457966	 5.86039e-05	 -0.706059	 -0.00101693	 2.16282	 0.000510044
166.5	 -0.0460328	 5.90686e-05	 -0.701124	 -0.00101634	 2.17224	 0.000519709
166.52	 -0.0462706	 5.94723e-05	 -0.696204	 -0.00101525	 2.18131	 0.000528547
166.54	 -0.0465098	 5.98143e-05	 -0.691302	 -0.00101366	 2.19003	 0.000536549
166.56	 -0.0467501	 6.00943e-05	 -0.686418	 -0.00101159	 2.19839	 0.000543708
166.58	 -0.0469913	 6.03118e-05	 -0.681556	 -0.00100901	 2.20639	 0.000550017
166.6	 -0.047233	 6.04665e-05	 -0.676716	 -0.00100593	 2.21402	 0.000555471
166.62	 -0.047475	 6.05582e-05	 -0.6719	 -0.00100235	 2.22126	 0.000560064
166.64	 -0.0477169	 6.05866e-05	 -0.667111	 -0.000998271	 2.22812	 0.000563793
166.66	 -0.0479586	 6.05516e-05	 -0.66235	 -0.000993692	 2.23459	 0.000566656
166.68	 -0.0481996	 6.04532e-05	 -0.657619	 -0.000988615	 2.24065	 0.000568651
166.7	 -0.0484397	 6.02913e-05	 -0.65292	 -0.000983041	 2.24631	 0.000569778
166.72	 -0.0486786	 6.0066e-05	 -0.648254	 -0.000976975	 2.25155	 0.000570038
166.74	 -0.0489159	 5.97774e-05	 -0.643624	 -0.000970419	 2.25637	 0.000569432
166.76	 -0.0491514	 5.94258e-05	 -0.639031	 -0.000963379	 2.26077	 0.000567964
166.78	 -0.0493847	 5.90114e-05	 -0.634476	 -0.000955858	 2.26473	 0.000565638
166.8	 -0.0496154	 5.85345e-05	 -0.629963	 -0.000947864	 2.26825	 0.000562458
166.82	 -0.0498433	 5.79956e-05	 -0.625492	 -0.000939402	 2.27133	 0.000558431
166.84	 -0.0500681	 5.7395e-05	 -0.621064	 -0.000930481	 2.27395	 0.000553565
166.86	 -0.0502893	 5.67334e-05	 -0.616683	 -0.000921107	 2.27612	 0.000547866
166.88	 -0.0505067	 5.60112e-05	 -0.612349	 -0.000911289	 2.27783	 0.000541345
166.9	 -0.0507199	 5.52292e-05	 -0.608064	 -0.000901037	 2.27907	 0.000534013
166.92	 -0.0509286	 5.4388e-05	 -0.603829	 -0.000890361	 2.27984	 0.000525879
166.94	 -0.0511325	 5.34884e-05	 -0.599647	 -0.000879271	 2.28014	 0.000516957
166.96	 -0.0513312	 5.25313e-05	 -0.595519	 -0.000867778	 2.27995	 0.00050726
166.98	 -0.0515244	 5.15175e-05	 -0.591446	 -0.000855895	 2.27928	 0.000496803
167	 -0.0517117	 5.0448e-05	 -0.58743	 -0.000843634	 2.27812	 0.0004856
167.02	 -0.0518929	 4.93238e-05	 -0.583473	 -0.000831008	 2.27646	 0.000473667
167.04	 -0.0520675	 4.81459e-05	 -0.579575	 -0.000818031	 2.27431	 0.000461023
167.06	 -0.0522354	 4.69155e-05	 -0.575738	 -0.000804718	 2.27167	 0.000447684
167.08	 -0.0523961	 4.56337e-05	 -0.571965	 -0.000791082	 2.26852	 0.000433669
167.1	 -0.0525493	 4.43018e-05	 -0.568255	 -0.00077714	 2.26486	 0.000419
167.12	 -0.0526947	 4.29209e-05	 -0.564611	 -0.000762906	 2.26071	 0.000403695
167.14	 -0.052832	 4.14926e-05	 -0.561034	 -0.000748399	 2.25604	 0.000387776
167.16	 -0.0529609	 4.0018e-05	 -0.557524	 -0.000733635	 2.25086	 0.000371266
167.18	 -0.0530811	 3.84986e-05	 -0.554084	 -0.00071863	 2.24517	 0.000354186
167.2	 -0.0531922	 3.6936e-05	 -0.550715	 -0.000703403	 2.23897	 0.000336562
167.22	 -0.0532941	 3.53316e-05	 -0.547417	 -0.000687972	 2.23225	 0.000318417
167.24	 -0.0533863	 3.3687e-05	 -0.544192	 -0.000672356	 2.22502	 0.000299775
167.26	 -0.0534687	 3.20037e-05	 -0.541041	 -0.000656573	 2.21728	 0.000280663
167.28	 -0.0535409	 3.02835e-05	 -0.537966	 -0.000640643	 2.20902	 0.000261107
167.3	 -0.0536026	 2.85279e-05	 -0.534966	 -0.000624585	 2.20025	 0.000241134
167.32	 -0.0536538	 2.67388e-05	 -0.532044	 -0.00060842	 2.19097	 0.00022077
167.34	 -0.0536939	 2.49178e-05	 -0.529199	 -0.000592167	 2.18118	 0.000200043
167.36	 -0.0537229	 2.30668e-05	 -0.526434	 -0.000575847	 2.17087	 0.000178982
167.38	 -0.0537405	 2.11877e-05	 -0.523749	 -0.000559481	 2.16006	 0.000157616
167.4	 -0.0537465	 1.92821e-05	 -0.521144	 -0.00054309	 2.14874	 0.000135973
167.42	 -0.0537407	 1.73521e-05	 -0.518621	 -0.000526693	 2.13692	 0.000114083
167.44	 -0.0537228	 1.53996e-05	 -0.516181	 -0.000510313	 2.1246	 9.19753e-05
167.46	 -0.0536926	 1.34264e-05	 -0.513823	 -0.000493971	 2.11178	 6.96803e-05
167.48	 -0.05365	 1.14347e-05	 -0.51155	 -0.000477687	 2.09846	 4.72283e-05
167.5	 -0.0535949	 9.42623e-06	 -0.509361	 -0.000461484	 2.08466	 2.46497e-05
167.52	 -0.053527	 7.40317e-06	 -0.507258	 -0.000445383	 2.07037	 1.97519e-06
167.54	 -0.0534462	 5.36751e-06	 -0.50524	 -0.000429404	 2.0556	 -2.07644e-05
167.56	 -0.0533523	 3.32128e-06	 -0.503308	 -0.000413569	 2.04035	 -4.35382e-05
167.58	 -0.0532453	 1.26654e-06	 -0.501464	 -0.0003979	 2.02462	 -6.63152e-05
167.6	 -0.053125	 -7.94627e-07	 -0.499706	 -0.000382418	 2.00844	 -8.90645e-05
167.62	 -0.0529914	 -2.86014e-06	 -0.498037	 -0.000367143	 1.99179	 -0.000111755
167.64	 -0.0528444	 -4.92791e-06	 -0.496455	 -0.000352097	 1.97469	 -0.000134356
167.66	 -0.0526838	 -6.99584e-06	 -0.494962	 -0.000337299	 1.95714	 -0.000156836
167.68	 -0.0525097	 -9.06182e-06	 -0.493558	 -0.000322772	 1.93915	 -0.000179166
167.7	 -0.0523219	 -1.11237e-05	 -0.492243	 -0.000308534	 1.92073	 -0.000201313
167.72	 -0.0521206	 -1.31795e-05	 -0.491017	 -0.000294606	 1.90188	 -0.000223249
167.74	 -0.0519056	 -1.52269e-05	 -0.489881	 -0.000281007	 1.88261	 -0.000244943
167.76	 -0.051677	 -1.7264e-05	 -0.488835	 -0.000267756	 1.86293	 -0.000266365
167.78	 -0.0514348	 -1.92886e-05	 -0.487878	 -0.000254874	 1.84285	 -0.000287487
167.8	 -0.051179	 -2.12986e-05	 -0.487011	 -0.000242377	 1.82238	 -0.000308278
167.82	 -0.0509097	 -2.32919e-05	 -0.486234	 -0.000230285	 1.80152	 -0.000328711
167.84	 -0.0506269	 -2.52664e-05	 -0.485547	 -0.000218614	 1.78029	 -0.000348757
167.86	 -0.0503308	 -2.72202e-05	 -0.48495	 -0.000207383	 1.7587	 -0.000368389
167.88	 -0.0500214	 -2.9151e-05	 -0.484443	 -0.000196607	 1.73674	 -0.00038758
167.9	 -0.0496988	 -3.1057e-05	 -0.484025	 -0.000186303	 1.71445	 -0.000406302
167.92	 -0.0493631	 -3.2936e-05	 -0.483697	 -0.000176487	 1.69181	 -0.000424531
167.94	 -0.0490146	 -3.47861e-05	 -0.483459	 -0.000167173	 1.66886	 -0.000442241
167.96	 -0.0486533	 -3.66053e-05	 -0.48331	 -0.000158377	 1.64559	 -0.000459407
167.98	 -0.0482794	 -3.83917e-05	 -0.48325	 -0.000150111	 1.62202	 -0.000476006
168	 -0.0478931	 -4.01434e-05	 -0.483279	 -0.00014239	 1.59815	 -0.000492014
168.02	 -0.0474946	 -4.18585e-05	 -0.483396	 -0.000135226	 1.57401	 -0.000507409
168.04	 -0.0470841	 -4.35351e-05	 -0.483602	 -0.000128631	 1.5496	 -0.000522169
168.06	 -0.0466619	 -4.51715e-05	 -0.483896	 -0.000122617	 1.52493	 -0.000536274
168.08	 -0.0462282	 -4.67659e-05	 -0.484277	 -0.000117193	 1.50002	 -0.000549704
168.1	 -0.0457832	 -4.83165e-05	 -0.484745	 -0.00011237	 1.47488	 -0.000562439
168.12	 -0.0453272	 -4.98218e-05	 -0.4853	 -0.000108157	 1.44952	 -0.000574462
168.14	 -0.0448605	 -5.12799e-05	 -0.485941	 -0.000104563	 1.42396	 -0.000585755
168.16	 -0.0443834	 -5.26895e-05	 -0.486668	 -0.000101595	 1.3982	 -0.000596303
168.18	 -0.0438963	 -5.40489e-05	 -0.48748	 -9.92597e-05	 1.37225	 -0.00060609
168.2	 -0.0433993	 -5.53566e-05	 -0.488376	 -9.75642e-05	 1.34615	 -0.000615101
168.22	 -0.042893	 -5.66113e-05	 -0.489357	 -9.65135e-05	 1.31988	 -0.000623325
168.24	 -0.0423775	 -5.78116e-05	 -0.490422	 -9.61121e-05	 1.29348	 -0.000630749
168.26	 -0.0418534	 -5.8956e-05	 -0.491569	 -9.63639e-05	 1.26695	 -0.000637362
168.28	 -0.0413209	 -6.00435e-05	 -0.492799	 -9.72718e-05	 1.24031	 -0.000643153
168.3	 -0.0407805	 -6.10728e-05	 -0.49411	 -9.88381e-05	 1.21356	 -0.000648115
168.32	 -0.0402325	 -6.20427e-05	 -0.495502	 -0.000101064	 1.18673	 -0.00065224
168.34	 -0.0396774	 -6.29523e-05	 -0.496975	 -0.000103951	 1.15982	 -0.000655521
168.36	 -0.0391155	 -6.38005e-05	 -0.498527	 -0.000107497	 1.13286	 -0.000657953
168.38	 -0.0385474	 -6.45864e-05	 -0.500158	 -0.000111702	 1.10585	 -0.000659532
168.4	 -0.0379734	 -6.53091e-05	 -0.501868	 -0.000116564	 1.0788	 -0.000660254
168.42	 -0.0373939	 -6.59679e-05	 -0.503654	 -0.000122081	 1.05174	 -0.000660118
168.44	 -0.0368095	 -6.65621e-05	 -0.505517	 -0.000128248	 1.02468	 -0.000659124
168.46	 -0.0362205	 -6.7091e-05	 -0.507456	 -0.000135062	 0.997623	 -0.000657272
168.48	 -0.0356276	 -6.75541e-05	 -0.50947	 -0.000142517	 0.970591	 -0.000654563
168.5	 -0.035031	 -6.7951e-05	 -0.511558	 -0.000150608	 0.943596	 -0.000651001
168.52	 -0.0344314	 -6.82811e-05	 -0.513719	 -0.000159327	 0.916651	 -0.00064659
168.54	 -0.0338292	 -6.85443e-05	 -0.515952	 -0.000168667	 0.88977	 -0.000641334
168.56	 -0.0332248	 -6.87404e-05	 -0.518257	 -0.000178621	 0.862967	 -0.000635241
168.58	 -0.0326189	 -6.8869e-05	 -0.520633	 -0.000189178	 0.836255	 -0.000628319
168.6	 -0.0320118	 -6.89303e-05	 -0.523078	 -0.00020033	 0.809648	 -0.000620575
168.62	 -0.0314041	 -6.89242e-05	 -0.525592	 -0.000212065	 0.783159	 -0.000612021
168.64	 -0.0307964	 -6.88508e-05	 -0.528174	 -0.000224373	 0.7568	 -0.000602667
168.66	 -0.030189	 -6.87103e-05	 -0.530822	 -0.000237241	 0.730586	 -0.000592525
168.68	 -0.0295825	 -6.85031e-05	 -0.533537	 -0.000250658	 0.704529	 -0.000581609
168.7	 -0.0289775	 -6.82294e-05	 -0.536316	 -0.000264609	 0.678641	 -0.000569934
168.72	 -0.0283744	 -6.78898e-05	 -0.53916	 -0.000279081	 0.652936	 -0.000557514
168.74	 -0.0277738	 -6.74847e-05	 -0.542066	 -0.000294059	 0.627425	 -0.000544367
168.76	 -0.0271761	 -6.70147e-05	 -0.545034	 -0.000309528	 0.602122	 -0.000530511
168.78	 -0.0265819	 -6.64806e-05	 -0.548064	 -0.000325472	 0.577037	 -0.000515964
168.8	 -0.0259916	 -6.58832e-05	 -0.551153	 -0.000341876	 0.552184	 -0.000500745
168.82	 -0.0254058	 -6.52233e-05	 -0.554301	 -0.000358721	 0.527574	 -0.000484876
168.84	 -0.024825	 -6.45019e-05	 -0.557507	 -0.00037599	 0.503218	 -0.000468378
168.86	 -0.0242497	 -6.372e-05	 -0.56077	 -0.000393667	 0.479128	 -0.000451274
168.88	 -0.0236804	 -6.28788e-05	 -0.564088	 -0.000411731	 0.455314	 -0.000433586
168.9	 -0.0231175	 -6.19793e-05	 -0.567461	 -0.000430164	 0.431788	 -0.000415341
168.92	 -0.0225616	 -6.10229e-05	 -0.570887	 -0.000448948	 0.40856	 -0.000396562
168.94	 -0.022013	 -6.0011e-05	 -0.574366	 -0.000468061	 0.38564	 -0.000377275
168.96	 -0.0214724	 -5.89449e-05	 -0.577897	 -0.000487484	 0.363039	 -0.000357508
168.98	 -0.0209401	 -5.78262e-05	 -0.581477	 -0.000507197	 0.340767	 -0.000337288
169	 -0.0204165	 -5.66564e-05	 -0.585107	 -0.000527178	 0.318832	 -0.000316642
169.02	 -0.0199023	 -5.54372e-05	 -0.588784	 -0.000547407	 0.297245	 -0.000295599
169.04	 -0.0193977	 -5.41702e-05	 -0.592509	 -0.000567862	 0.276014	 -0.00027419
169.06	 -0.0189032	 -5.28573e-05	 -0.596279	 -0.000588522	 0.255149	 -0.000252443
169.08	 -0.0184192	 -5.15003e-05	 -0.600094	 -0.000609364	 0.234656	 -0.000230389
169.1	 -0.0179462	 -5.0101e-05	 -0.603952	 -0.000630367	 0.214546	 -0.000208059
169.12	 -0.0174845	 -4.86615e-05	 -0.607852	 -0.000651508	 0.194824	 -0.000185484
169.14	 -0.0170345	 -4.71836e-05	 -0.611793	 -0.000672765	 0.1755	 -0.000162697
169.16	 -0.0165965	 -4.56696e-05	 -0.615775	 -0.000694115	 0.15658	 -0.000139729
169.18	 -0.016171	 -4.41215e-05	 -0.619795	 -0.000715537	 0.138072	 -0.000116612
169.2	 -0.0157583	 -4.25414e-05	 -0.623852	 -0.000737008	 0.119981	 -9.3379e-05
169.22	 -0.0153586	 -4.09316e-05	 -0.627946	 -0.000758504	 0.102314	 -7.00633e-05
169.24	 -0.0149724	 -3.92943e-05	 -0.632074	 -0.000780003	 0.0850777	 -4.66976e-05
169.26	 -0.0146	 -3.76318e-05	 -0.636237	 -0.000801484	 0.0682768	 -2.33152e-05
169.28	 -0.0142415	 -3.59463e-05	 -0.640432	 -0.000822923	 0.051917	 5.08938e-08
169.3	 -0.0138974	 -3.42404e-05	 -0.644659	 -0.000844298	 0.0360033	 2.33673e-05
169.32	 -0.0135678	 -3.25162e-05	 -0.648915	 -0.000865587	 0.0205404	 4.66008e-05
169.34	 -0.013253	 -3.07763e-05	 -0.653201	 -0.000886768	 0.00553253	 6.97182e-05
169.36	 -0.0129532	 -2.90229e-05	 -0.657514	 -0.000907818	 -0.00901616	 9.26865e-05
169.38	 -0.0126687	 -2.72587e-05	 -0.661854	 -0.000928717	 -0.023102	 0.000115473
169.4	 -0.0123996	 -2.5486e-05	 -0.666219	 -0.000949443	 -0.0367217	 0.000138044
169.42	 -0.0121461	 -2.37072e-05	 -0.670608	 -0.000969974	 -0.0498721	 0.000160369
169.44	 -0.0119084	 -2.19249e-05	 -0.675019	 -0.000990291	 -0.0625506	 0.000182414
169.46	 -0.0116866	 -2.01415e-05	 -0.679451	 -0.00101037	 -0.0747547	 0.000204148
169.48	 -0.0114809	 -1.83594e-05	 -0.683904	 -0.0010302	 -0.0864824	 0.00022554
169.5	 -0.0112914	 -1.65812e-05	 -0.688376	 -0.00104975	 -0.0977319	 0.000246558
169.52	 -0.0111181	 -1.48093e-05	 -0.692864	 -0.001069	 -0.108502	 0.000267172
169.54	 -0.0109611	 -1.30462e-05	 -0.697369	 -0.00108794	 -0.118791	 0.000287352
169.56	 -0.0108206	 -1.12942e-05	 -0.701889	 -0.00110655	 -0.128599	 0.000307069
169.58	 -0.0106965	 -9.55577e-06	 -0.706423	 -0.0011248	 -0.137924	 0.000326294
169.6	 -0.0105889	 -7.83331e-06	 -0.710968	 -0.00114269	 -0.146768	 0.000344998
169.62	 -0.0104977	 -6.12918e-06	 -0.715525	 -0.00116019	 -0.155129	 0.000363155
169.64	 -0.0104231	 -4.4457e-06	 -0.720091	 -0.00117729	 -0.163009	 0.000380737
169.66	 -0.0103649	 -2.78516e-06	 -0.724665	 -0.00119397	 -0.170408	 0.000397718
169.68	 -0.0103231	 -1.14983e-06	 -0.729246	 -0.00121022	 -0.177327	 0.000414074
169.7	 -0.0102976	 4.58071e-07	 -0.733833	 -0.00122602	 -0.183767	 0.000429779
169.72	 -0.0102884	 2.03637e-06	 -0.738424	 -0.00124135	 -0.18973	 0.000444811
169.74	 -0.0102954	 3.58294e-06	 -0.743019	 -0.00125621	 -0.195218	 0.000459147
169.76	 -0.0103185	 5.09569e-06	 -0.747614	 -0.00127058	 -0.200232	 0.000472764
169.78	 -0.0103575	 6.57262e-06	 -0.75221	 -0.00128445	 -0.204776	 0.000485643
169.8	 -0.0104123	 8.01173e-06	 -0.756805	 -0.0012978	 -0.208852	 0.000497763
169.82	 -0.0104828	 9.41114e-06	 -0.761398	 -0.00131062	 -0.212462	 0.000509106
169.84	 -0.0105688	 1.0769e-05	 -0.765986	 -0.00132291	 -0.21561	 0.000519654
169.86	 -0.01067	 1.20835e-05	 -0.77057	 -0.00133466	 -0.218299	 0.000529391
169.88	 -0.0107863	 1.33529e-05	 -0.775147	 -0.00134585	 -0.220532	 0.000538301
169.9	 -0.0109175	 1.45757e-05	 -0.779716	 -0.00135647	 -0.222314	 0.000546369
169.92	 -0.0110634	 1.57501e-05	 -0.784277	 -0.00136653	 -0.223649	 0.000553583
169.94	 -0.0112236	 1.68748e-05	 -0.788826	 -0.001376	 -0.22454	 0.000559929
169.96	 -0.011398	 1.79483e-05	 -0.793364	 -0.0013849	 -0.224992	 0.000565398
169.98	 -0.0115863	 1.89693e-05	 -0.797889	 -0.0013932	 -0.22501	 0.000569979
170	 -0.0117881	 1.99364e-05	 -0.8024	 -0.0014009	 -0.224599	 0.000573664
170.02	 -0.0120032	 2.08486e-05	 -0.806894	 -0.00140801	 -0.223762	 0.000576445
170.04	 -0.0122313	 2.17048e-05	 -0.811372	 -0.00141451	 -0.222506	 0.000578315
170.06	 -0.0124721	 2.25038e-05	 -0.815831	 -0.00142041	 -0.220836	 0.000579271
170.08	 -0.0127252	 2.32449e-05	 -0.82027	 -0.0014257	 -0.218758	 0.000579308
170.1	 -0.0129903	 2.39271e-05	 -0.824688	 -0.00143038	 -0.216275	 0.000578424
170.12	 -0.013267	 2.45498e-05	 -0.829084	 -0.00143445	 -0.213396	 0.000576617
170.14	 -0.013555	 2.51123e-05	 -0.833456	 -0.00143792	 -0.210125	 0.000573887
170.16	 -0.0138539	 2.56141e-05	 -0.837803	 -0.00144077	 -0.206468	 0.000570235
170.18	 -0.0141634	 2.60546e-05	 -0.842124	 -0.00144302	 -0.202431	 0.000565664
170.2	 -0.014483	 2.64335e-05	 -0.846417	 -0.00144466	 -0.198021	 0.000560177
170.22	 -0.0148123	 2.67505e-05	 -0.850681	 -0.0014457	 -0.193244	 0.000553779
170.24	 -0.015151	 2.70054e-05	 -0.854916	 -0.00144614	 -0.188106	 0.000546476
170.26	 -0.0154986	 2.71983e-05	 -0.859119	 -0.00144599	 -0.182613	 0.000538275
170.28	 -0.0158548	 2.73289e-05	 -0.863289	 -0.00144525	 -0.176772	 0.000529185
170.3	 -0.0162191	 2.73975e-05	 -0.867425	 -0.00144393	 -0.17059	 0.000519214
170.32	 -0.0165911	 2.74043e-05	 -0.871526	 -0.00144203	 -0.164073	 0.000508375
170.34	 -0.0169703	 2.73495e-05	 -0.875591	 -0.00143955	 -0.157228	 0.000496678
170.36	 -0.0173564	 2.72335e-05	 -0.879618	 -0.00143652	 -0.150061	 0.000484136
170.38	 -0.0177489	 2.70568e-05	 -0.883607	 -0.00143293	 -0.142579	 0.000470764
170.4	 -0.0181474	 2.68199e-05	 -0.887555	 -0.00142879	 -0.13479	 0.000456577
170.42	 -0.0185514	 2.65235e-05	 -0.891463	 -0.00142412	 -0.126698	 0.000441591
170.44	 -0.0189605	 2.61683e-05	 -0.895328	 -0.00141892	 -0.118313	 0.000425823
170.46	 -0.0193743	 2.57551e-05	 -0.899149	 -0.00141321	 -0.109639	 0.000409291
170.48	 -0.0197923	 2.5285e-05	 -0.902926	 -0.00140698	 -0.100684	 0.000392016
170.5	 -0.020214	 2.47587e-05	 -0.906657	 -0.00140027	 -0.0914545	 0.000374016
170.52	 -0.0206391	 2.41775e-05	 -0.910341	 -0.00139307	 -0.0819574	 0.000355314
170.54	 -0.0210672	 2.35425e-05	 -0.913977	 -0.0013854	 -0.0721991	 0.000335931
170.56	 -0.0214976	 2.28549e-05	 -0.917564	 -0.00137727	 -0.0621864	 0.000315891
170.58	 -0.0219301	 2.21161e-05	 -0.9211	 -0.0013687	 -0.0519257	 0.000295216
170.6	 -0.0223643	 2.13274e-05	 -0.924586	 -0.0013597	 -0.0414237	 0.000273933
170.62	 -0.0227996	 2.04903e-05	 -0.928019	 -0.00135028	 -0.0306868	 0.000252066
170.64	 -0.0232356	 1.96063e-05	 -0.931398	 -0.00134046	 -0.0197214	 0.000229642
170.66	 -0.023672	 1.8677e-05	 -0.934723	 -0.00133026	 -0.00853387	 0.000206686
170.68	 -0.0241083	 1.77042e-05	 -0.937993	 -0.00131968	 0.0028695	 0.000183228
170.7	 -0.0245442	 1.66894e-05	 -0.941206	 -0.00130875	 0.0144825	 0.000159295
170.72	 -0.0249791	 1.56346e-05	 -0.944362	 -0.00129747	 0.026299	 0.000134916
170.74	 -0.0254128	 1.45415e-05	 -0.947459	 -0.00128587	 0.038313	 0.000110121
170.76	 -0.0258448	 1.34121e-05	 -0.950497	 -0.00127397	 0.0505186	 8.4939e-05
170.78	 -0.0262748	 1.22482e-05	 -0.953475	 -0.00126177	 0.0629098	 5.94008e-05
170.8	 -0.0267024	 1.1052e-05	 -0.956392	 -0.0012493	 0.075481	 3.35374e-05
170.82	 -0.0271271	 9.82543e-06	 -0.959246	 -0.00123657	 0.0882264	 7.3799e-06
170.84	 -0.0275487	 8.57057e-06	 -0.962038	 -0.0012236	 0.101141	 -1.90399e-05
170.86	 -0.0279669	 7.28956e-06	 -0.964766	 -0.0012104	 0.114218	 -4.56901e-05
170.88	 -0.0283812	 5.98455e-06	 -0.967429	 -0.00119701	 0.127454	 -7.25383e-05
170.9	 -0.0287913	 4.65775e-06	 -0.970026	 -0.00118342	 0.140842	 -9.9552e-05
170.92	 -0.0291969	 3.31137e-06	 -0.972557	 -0.00116967	 0.154378	 -0.000126699
170.94	 -0.0295978	 1.94764e-06	 -0.975021	 -0.00115576	 0.168057	 -0.000153945
170.96	 -0.0299936	 5.68841e-07	 -0.977418	 -0.00114172	 0.181873	 -0.000181258
170.98	 -0.030384	 -8.22756e-07	 -0.979745	 -0.00112756	 0.195823	 -0.000208605
171	 -0.0307687	 -2.22485e-06	 -0.982003	 -0.00111331	 0.209901	 -0.000235952
171.02	 -0.0311475	 -3.63513e-06	 -0.984192	 -0.00109897	 0.224104	 -0.000263267
171.04	 -0.0315201	 -5.05128e-06	 -0.986309	 -0.00108457	 0.238426	 -0.000290516
171.06	 -0.0318862	 -6.47098e-06	 -0.988355	 -0.00107013	 0.252863	 -0.000317666
171.08	 -0.0322458	 -7.8919e-06	 -0.990329	 -0.00105566	 0.267412	 -0.000344685
171.1	 -0.0325984	 -9.31172e-06	 -0.99223	 -0.00104118	 0.282069	 -0.000371539
171.12	 -0.0329439	 -1.07281e-05	 -0.994057	 -0.00102671	 0.296829	 -0.000398196
171.14	 -0.0332822	 -1.21388e-05	 -0.995811	 -0.00101227	 0.311689	 -0.000424623
171.16	 -0.0336129	 -1.35414e-05	 -0.99749	 -0.000997863	 0.326645	 -0.000450789
171.18	 -0.033936	 -1.49338e-05	 -0.999094	 -0.00098352	 0.341694	 -0.000476663
171.2	 -0.0342513	 -1.63136e-05	 -1.00062	 -0.000969255	 0.356832	 -0.000502212
171.22	 -0.0345587	 -1.76785e-05	 -1.00207	 -0.000955083	 0.372057	 -0.000527406
171.24	 -0.034858	 -1.90265e-05	 -1.00345	 -0.000941022	 0.387366	 -0.000552214
171.26	 -0.035149	 -2.03552e-05	 -1.00475	 -0.000927086	 0.402754	 -0.000576606
171.28	 -0.0354317	 -2.16626e-05	 -1.00597	 -0.000913293	 0.41822	 -0.000600553
171.3	 -0.035706	 -2.29465e-05	 -1.00711	 -0.000899657	 0.433761	 -0.000624026
171.32	 -0.0359719	 -2.42048e-05	 -1.00818	 -0.000886195	 0.449374	 -0.000646996
171.34	 -0.0362291	 -2.54355e-05	 -1.00916	 -0.00087292	 0.465056	 -0.000669437
171.36	 -0.0364777	 -2.66366e-05	 -1.01007	 -0.000859849	 0.480806	 -0.00069132
171.38	 -0.0367177	 -2.78061e-05	 -1.0109	 -0.000846995	 0.496621	 -0.000712619
171.4	 -0.0369489	 -2.89422e-05	 -1.01164	 -0.000834372	 0.512498	 -0.000733309
171.42	 -0.0371714	 -3.00429e-05	 -1.01231	 -0.000821994	 0.528437	 -0.000753364
171.44	 -0.0373852	 -3.11064e-05	 -1.0129	 -0.000809873	 0.544434	 -0.000772761
171.46	 -0.0375903	 -3.21311e-05	 -1.0134	 -0.000798024	 0.560489	 -0.000791477
171.48	 -0.0377866	 -3.31152e-05	 -1.01382	 -0.000786457	 0.576598	 -0.000809487
171.5	 -0.0379743	 -3.40571e-05	 -1.01417	 -0.000775185	 0.592762	 -0.000826772
171.52	 -0.0381534	 -3.49552e-05	 -1.01443	 -0.00076422	 0.608977	 -0.000843311
171.54	 -0.0383239	 -3.5808e-05	 -1.01461	 -0.000753572	 0.625243	 -0.000859082
171.56	 -0.0384858	 -3.66142e-05	 -1.01471	 -0.000743252	 0.641557	 -0.000874068
171.58	 -0.0386394	 -3.73722e-05	 -1.01472	 -0.00073327	 0.65792	 -0.00088825
171.6	 -0.0387845	 -3.80809e-05	 -1.01466	 -0.000723635	 0.674329	 -0.000901612
171.62	 -0.0389215	 -3.8739e-05	 -1.01451	 -0.000714356	 0.690783	 -0.000914138
171.64	 -0.0390502	 -3.93454e-05	 -1.01428	 -0.000705442	 0.707281	 -0.000925812
171.66	 -0.039171	 -3.98989e-05	 -1.01397	 -0.000696901	 0.723822	 -0.00093662
171.68	 -0.0392839	 -4.03986e-05	 -1.01357	 -0.00068874	 0.740405	 -0.00094655
171.7	 -0.0393891	 -4.08436e-05	 -1.0131	 -0.000680966	 0.757029	 -0.00095559
171.72	 -0.0394866	 -4.12329e-05	 -1.01254	 -0.000673585	 0.773693	 -0.000963729
171.74	 -0.0395767	 -4.1566e-05	 -1.0119	 -0.000666603	 0.790395	 -0.000970958
171.76	 -0.0396596	 -4.1842e-05	 -1.01117	 -0.000660026	 0.807136	 -0.000977267
171.78	 -0.0397353	 -4.20603e-05	 -1.01037	 -0.000653857	 0.823914	 -0.000982649
171.8	 -0.0398042	 -4.22205e-05	 -1.00948	 -0.0006481	 0.840728	 -0.000987099
171.82	 -0.0398664	 -4.23222e-05	 -1.00851	 -0.00064276	 0.857578	 -0.00099061
171.84	 -0.039922	 -4.23648e-05	 -1.00746	 -0.000637839	 0.874462	 -0.000993179
171.86	 -0.0399714	 -4.23483e-05	 -1.00632	 -0.00063334	 0.89138	 -0.000994803
171.88	 -0.0400147	 -4.22723e-05	 -1.00511	 -0.000629263	 0.908331	 -0.000995479
171.9	 -0.0400521	 -4.21369e-05	 -1.00381	 -0.000625611	 0.925315	 -0.000995208
171.92	 -0.0400839	 -4.19419e-05	 -1.00244	 -0.000622383	 0.942329	 -0.000993989
171.94	 -0.0401104	 -4.16874e-05	 -1.00098	 -0.000619579	 0.959374	 -0.000991825
171.96	 -0.0401317	 -4.13736e-05	 -0.999443	 -0.000617199	 0.976448	 -0.000988717
171.98	 -0.0401481	 -4.10006e-05	 -0.997826	 -0.000615242	 0.993551	 -0.00098467
172	 -0.0401598	 -4.05689e-05	 -0.996128	 -0.000613706	 1.01068	 -0.000979689
172.02	 -0.0401672	 -4.00787e-05	 -0.994352	 -0.000612588	 1.02784	 -0.00097378
172.04	 -0.0401704	 -3.95306e-05	 -0.992496	 -0.000611884	 1.04502	 -0.00096695
172.06	 -0.0401698	 -3.89251e-05	 -0.990562	 -0.000611593	 1.06223	 -0.000959207
172.08	 -0.0401656	 -3.82627e-05	 -0.98855	 -0.000611709	 1.07946	 -0.000950561
172.1	 -0.0401581	 -3.75443e-05	 -0.98646	 -0.000612227	 1.09671	 -0.000941022
172.12	 -0.0401475	 -3.67706e-05	 -0.984293	 -0.000613143	 1.11398	 -0.000930602
172.14	 -0.0401341	 -3.59424e-05	 -0.982049	 -0.00061445	 1.13128	 -0.000919313
172.16	 -0.0401182	 -3.50606e-05	 -0.979729	 -0.000616143	 1.14859	 -0.00090717
172.18	 -0.0401001	 -3.41263e-05	 -0.977333	 -0.000618213	 1.16591	 -0.000894185
172.2	 -0.0400801	 -3.31406e-05	 -0.974863	 -0.000620654	 1.18325	 -0.000880376
172.22	 -0.0400584	 -3.21045e-05	 -0.972318	 -0.000623458	 1.20061	 -0.000865758
172.24	 -0.0400353	 -3.10192e-05	 -0.969699	 -0.000626615	 1.21798	 -0.00085035
172.26	 -0.0400111	 -2.9886e-05	 -0.967007	 -0.000630118	 1.23535	 -0.00083417
172.28	 -0.0399861	 -2.87063e-05	 -0.964243	 -0.000633956	 1.25274	 -0.000817237
172.3	 -0.0399606	 -2.74815e-05	 -0.961407	 -0.00063812	 1.27013	 -0.000799571
172.32	 -0.0399347	 -2.62129e-05	 -0.9585	 -0.000642599	 1.28752	 -0.000781194
172.34	 -0.0399089	 -2.49021e-05	 -0.955523	 -0.000647382	 1.30492	 -0.000762128
172.36	 -0.0398833	 -2.35506e-05	 -0.952477	 -0.000652458	 1.32231	 -0.000742395
172.38	 -0.0398582	 -2.21601e-05	 -0.949362	 -0.000657815	 1.3397	 -0.000722019
172.4	 -0.039834	 -2.07323e-05	 -0.946179	 -0.000663442	 1.35709	 -0.000701024
172.42	 -0.0398108	 -1.92687e-05	 -0.942929	 -0.000669324	 1.37446	 -0.000679436
172.44	 -0.0397889	 -1.77713e-05	 -0.939613	 -0.00067545	 1.39182	 -0.000657281
172.46	 -0.0397686	 -1.62418e-05	 -0.936232	 -0.000681806	 1.40917	 -0.000634583
172.48	 -0.0397501	 -1.4682e-05	 -0.932787	 -0.000688379	 1.4265	 -0.000611372
172.5	 -0.0397337	 -1.30939e-05	 -0.929278	 -0.000695154	 1.44381	 -0.000587674
172.52	 -0.0397195	 -1.14792e-05	 -0.925707	 -0.000702118	 1.4611	 -0.000563517
172.54	 -0.0397079	 -9.84014e-06	 -0.922076	 -0.000709256	 1.47836	 -0.00053893
172.56	 -0.0396991	 -8.17851e-06	 -0.918384	 -0.000716553	 1.49558	 -0.000513943
172.58	 -0.0396932	 -6.49637e-06	 -0.914633	 -0.000723993	 1.51277	 -0.000488585
172.6	 -0.0396906	 -4.79575e-06	 -0.910824	 -0.000731563	 1.52992	 -0.000462886
172.62	 -0.0396913	 -3.07871e-06	 -0.906958	 -0.000739246	 1.54703	 -0.000436877
172.64	 -0.0396956	 -1.34733e-06	 -0.903036	 -0.000747027	 1.56409	 -0.000410588
172.66	 -0.0397037	 3.96288e-07	 -0.89906	 -0.000754889	 1.58109	 -0.000384051
172.68	 -0.0397158	 2.15004e-06	 -0.895031	 -0.000762817	 1.59804	 -0.000357297
172.7	 -0.039732	 3.91181e-06	 -0.890949	 -0.000770795	 1.61493	 -0.000330357
172.72	 -0.0397526	 5.67946e-06	 -0.886817	 -0.000778807	 1.63175	 -0.000303264
172.74	 -0.0397776	 7.45086e-06	 -0.882635	 -0.000786835	 1.64851	 -0.000276049
172.76	 -0.0398072	 9.22386e-06	 -0.878404	 -0.000794865	 1.66518	 -0.000248745
172.78	 -0.0398416	 1.09963e-05	 -0.874127	 -0.000802879	 1.68178	 -0.000221383
172.8	 -0.0398809	 1.27661e-05	 -0.869804	 -0.000810862	 1.69828	 -0.000193996
172.82	 -0.0399253	 1.45311e-05	 -0.865437	 -0.000818796	 1.7147	 -0.000166615
172.84	 -0.0399747	 1.62891e-05	 -0.861027	 -0.000826666	 1.73102	 -0.000139274
172.86	 -0.0400294	 1.8038e-05	 -0.856575	 -0.000834455	 1.74723	 -0.000112005
172.88	 -0.0400894	 1.97758e-05	 -0.852084	 -0.000842147	 1.76334	 -8.4838e-05
172.9	 -0.0401549	 2.15003e-05	 -0.847554	 -0.000849726	 1.77932	 -5.78063e-05
172.92	 -0.0402258	 2.32094e-05	 -0.842987	 -0.000857176	 1.79519	 -3.09412e-05
172.94	 -0.0403022	 2.49012e-05	 -0.838384	 -0.00086448	 1.81093	 -4.27396e-06
172.96	 -0.0403843	 2.65734e-05	 -0.833747	 -0.000871625	 1.82654	 2.21642e-05
172.98	 -0.040472	 2.82243e-05	 -0.829078	 -0.000878593	 1.842	 4.83426e-05
173	 -0.0405654	 2.98517e-05	 -0.824378	 -0.00088537	 1.85732	 7.42308e-05
173.02	 -0.0406644	 3.14537e-05	 -0.819648	 -0.00089194	 1.87249	 9.97987e-05
173.04	 -0.0407692	 3.30283e-05	 -0.814891	 -0.00089829	 1.88749	 0.000125017
173.06	 -0.0408796	 3.45738e-05	 -0.810108	 -0.000904403	 1.90233	 0.000149856
173.08	 -0.0409958	 3.60881e-05	 -0.8053	 -0.000910267	 1.91699	 0.000174287
173.1	 -0.0411176	 3.75696e-05	 -0.80047	 -0.000915868	 1.93147	 0.000198282
173.12	 -0.041245	 3.90163e-05	 -0.795618	 -0.000921191	 1.94576	 0.000221814
173.14	 -0.041378	 4.04266e-05	 -0.790747	 -0.000926224	 1.95986	 0.000244855
173.16	 -0.0415166	 4.17988e-05	 -0.785858	 -0.000930954	 1.97375	 0.000267379
173.18	 -0.0416606	 4.31311e-05	 -0.780953	 -0.000935369	 1.98743	 0.000289361
173.2	 -0.04181	 4.44221e-05	 -0.776034	 -0.000939456	 2.00089	 0.000310775
173.22	 -0.0419646	 4.567e-05	 -0.771102	 -0.000943205	 2.01413	 0.000331597
173.24	 -0.0421245	 4.68735e-05	 -0.766159	 -0.000946604	 2.02713	 0.000351804
173.26	 -0.0422894	 4.8031e-05	 -0.761208	 -0.000949642	 2.03989	 0.000371372
173.28	 -0.0424593	 4.91411e-05	 -0.756249	 -0.000952311	 2.05241	 0.00039028
173.3	 -0.0426341	 5.02025e-05	 -0.751285	 -0.000954599	 2.06466	 0.000408507
173.32	 -0.0428135	 5.12139e-05	 -0.746317	 -0.000956498	 2.07666	 0.000426032
173.34	 -0.0429975	 5.2174e-05	 -0.741347	 -0.000958	 2.08838	 0.000442836
173.36	 -0.0431859	 5.30816e-05	 -0.736378	 -0.000959097	 2.09982	 0.0004589
173.38	 -0.0433784	 5.39355e-05	 -0.73141	 -0.000959782	 2.11098	 0.000474207
173.4	 -0.043575	 5.47348e-05	 -0.726446	 -0.000960047	 2.12184	 0.00048874
173.42	 -0.0437755	 5.54784e-05	 -0.721487	 -0.000959886	 2.13239	 0.000502483
173.44	 -0.0439795	 5.61654e-05	 -0.716536	 -0.000959295	 2.14264	 0.000515423
173.46	 -0.044187	 5.67948e-05	 -0.711594	 -0.000958267	 2.15257	 0.000527544
173.48	 -0.0443978	 5.73658e-05	 -0.706663	 -0.0009568	 2.16218	 0.000538835
173.5	 -0.0446115	 5.78777e-05	 -0.701744	 -0.000954889	 2.17145	 0.000549283
173.52	 -0.0448279	 5.83298e-05	 -0.696841	 -0.000952531	 2.18038	 0.000558878
173.54	 -0.0450469	 5.87214e-05	 -0.691953	 -0.000949724	 2.18896	 0.000567611
173.56	 -0.0452681	 5.9052e-05	 -0.687085	 -0.000946466	 2.19719	 0.000575473
173.58	 -0.0454914	 5.9321e-05	 -0.682236	 -0.000942756	 2.20505	 0.000582457
173.6	 -0.0457164	 5.9528e-05	 -0.67741	 -0.000938595	 2.21255	 0.000588556
173.62	 -0.0459428	 5.96727e-05	 -0.672607	 -0.000933981	 2.21966	 0.000593765
173.64	 -0.0461705	 5.97547e-05	 -0.66783	 -0.000928917	 2.2264	 0.000598081
173.66	 -0.046399	 5.97738e-05	 -0.66308	 -0.000923404	 2.23274	 0.000601499
173.68	 -0.0466282	 5.97298e-05	 -0.65836	 -0.000917445	 2.23868	 0.000604019
173.7	 -0.0468577	 5.96226e-05	 -0.653671	 -0.000911042	 2.24422	 0.000605639
173.72	 -0.0470872	 5.94522e-05	 -0.649015	 -0.000904199	 2.24935	 0.00060636
173.74	 -0.0473164	 5.92186e-05	 -0.644393	 -0.000896921	 2.25406	 0.000606183
173.76	 -0.047545	 5.89218e-05	 -0.639807	 -0.000889214	 2.25835	 0.00060511
173.78	 -0.0477727	 5.85621e-05	 -0.63526	 -0.000881081	 2.26221	 0.000603147
173.8	 -0.0479992	 5.81397e-05	 -0.630753	 -0.000872531	 2.26563	 0.000600296
173.82	 -0.0482241	 5.76548e-05	 -0.626287	 -0.000863571	 2.26861	 0.000596565
173.84	 -0.0484471	 5.71079e-05	 -0.621864	 -0.000854207	 2.27114	 0.000591959
173.86	 -0.0486679	 5.64992e-05	 -0.617487	 -0.00084445	 2.27322	 0.000586488
173.88	 -0.0488862	 5.58294e-05	 -0.613155	 -0.000834306	 2.27484	 0.000580159
173.9	 -0.0491015	 5.5099e-05	 -0.608873	 -0.000823788	 2.276	 0.000572985
173.92	 -0.0493137	 5.43085e-05	 -0.60464	 -0.000812904	 2.2767	 0.000564974
173.94	 -0.0495223	 5.34587e-05	 -0.600458	 -0.000801666	 2.27692	 0.000556141
173.96	 -0.049727	 5.25503e-05	 -0.596329	 -0.000790085	 2.27666	 0.000546498
173.98	 -0.0499274	 5.1584e-05	 -0.592255	 -0.000778174	 2.27593	 0.000536059
174	 -0.0501233	 5.05608e-05	 -0.588237	 -0.000765945	 2.27471	 0.000524839
174.02	 -0.0503143	 4.94816e-05	 -0.584277	 -0.000753411	 2.273	 0.000512856
174.04	 -0.0505001	 4.83473e-05	 -0.580375	 -0.000740587	 2.2708	 0.000500125
174.06	 -0.0506802	 4.7159e-05	 -0.576534	 -0.000727486	 2.26811	 0.000486666
174.08	 -0.0508545	 4.59178e-05	 -0.572755	 -0.000714123	 2.26492	 0.000472497
174.1	 -0.0510225	 4.46248e-05	 -0.569039	 -0.000700515	 2.26123	 0.000457638
174.12	 -0.0511839	 4.32812e-05	 -0.565388	 -0.000686676	 2.25704	 0.00044211
174.14	 -0.0513385	 4.18883e-05	 -0.561803	 -0.000672623	 2.25235	 0.000425935
174.16	 -0.0514858	 4.04475e-05	 -0.558285	 -0.000658372	 2.24715	 0.000409134
174.18	 -0.0516256	 3.896e-05	 -0.554836	 -0.000643941	 2.24144	 0.000391731
174.2	 -0.0517575	 3.74273e-05	 -0.551456	 -0.000629347	 2.23523	 0.00037375
174.22	 -0.0518813	 3.58508e-05	 -0.548148	 -0.000614608	 2.22851	 0.000355215
174.24	 -0.0519966	 3.42321e-05	 -0.544911	 -0.000599742	 2.22128	 0.000336153
174.26	 -0.0521031	 3.25728e-05	 -0.541748	 -0.000584768	 2.21354	 0.000316588
174.28	 -0.0522006	 3.08744e-05	 -0.538659	 -0.000569703	 2.20529	 0.000296548
174.3	 -0.0522888	 2.91385e-05	 -0.535645	 -0.000554568	 2.19653	 0.00027606
174.32	 -0.0523673	 2.7367e-05	 -0.532708	 -0.000539382	 2.18726	 0.000255151
174.34	 -0.0524359	 2.55614e-05	 -0.529849	 -0.000524164	 2.17749	 0.00023385
174.36	 -0.0524944	 2.37237e-05	 -0.527067	 -0.000508934	 2.16721	 0.000212185
174.38	 -0.0525424	 2.18555e-05	 -0.524365	 -0.000493711	 2.15643	 0.000190187
174.4	 -0.0525798	 1.99588e-05	 -0.521744	 -0.000478516	 2.14515	 0.000167884
174.42	 -0.0526063	 1.80354e-05	 -0.519203	 -0.000463369	 2.13337	 0.000145307
174.44	 -0.0526217	 1.60873e-05	 -0.516744	 -0.000448289	 2.12109	 0.000122486
174.46	 -0.0526257	 1.41164e-05	 -0.514368	 -0.000433298	 2.10832	 9.94517e-05
174.48	 -0.0526182	 1.21246e-05	 -0.512075	 -0.000418415	 2.09506	 7.62353e-05
174.5	 -0.0525989	 1.01141e-05	 -0.509866	 -0.00040366	 2.08131	 5.28681e-05
174.52	 -0.0525677	 8.0867e-06	 -0.507742	 -0.000389054	 2.06709	 2.93815e-05
174.54	 -0.0525243	 6.04461e-06	 -0.505704	 -0.000374617	 2.05238	 5.80693e-06
174.56	 -0.0524687	 3.98985e-06	 -0.503751	 -0.00036037	 2.0372	 -1.78237e-05
174.58	 -0.0524006	 1.92452e-06	 -0.501884	 -0.000346331	 2.02156	 -4.14787e-05
174.6	 -0.0523199	 -1.49275e-07	 -0.500105	 -0.000332521	 2.00545	 -6.51263e-05
174.62	 -0.0522265	 -2.22941e-06	 -0.498412	 -0.000318959	 1.98888	 -8.87345e-05
174.64	 -0.0521204	 -4.31374e-06	 -0.496808	 -0.000305666	 1.97187	 -0.000112272
174.66	 -0.0520013	 -6.40013e-06	 -0.495292	 -0.00029266	 1.95441	 -0.000135706
174.68	 -0.0518692	 -8.48641e-06	 -0.493864	 -0.00027996	 1.93651	 -0.000159006
174.7	 -0.051724	 -1.05704e-05	 -0.492525	 -0.000267585	 1.91818	 -0.00018214
174.72	 -0.0515657	 -1.265e-05	 -0.491275	 -0.000255553	 1.89943	 -0.000205078
174.74	 -0.0513942	 -1.47229e-05	 -0.490115	 -0.000243882	 1.88027	 -0.000227787
174.76	 -0.0512095	 -1.6787e-05	 -0.489044	 -0.000232591	 1.86069	 -0.000250238
174.78	 -0.0510115	 -1.88402e-05	 -0.488063	 -0.000221696	 1.84072	 -0.0002724
174.8	 -0.0508004	 -2.08802e-05	 -0.487171	 -0.000211215	 1.82036	 -0.000294244
174.82	 -0.050576	 -2.29049e-05	 -0.486369	 -0.000201163	 1.79962	 -0.000315739
174.84	 -0.0503385	 -2.49121e-05	 -0.485658	 -0.000191557	 1.7785	 -0.000336857
174.86	 -0.0500878	 -2.68997e-05	 -0.485036	 -0.000182412	 1.75702	 -0.000357568
174.88	 -0.049824	 -2.88655e-05	 -0.484504	 -0.000173743	 1.73519	 -0.000377846
174.9	 -0.0495472	 -3.08075e-05	 -0.484061	 -0.000165565	 1.71301	 -0.000397662
174.92	 -0.0492575	 -3.27235e-05	 -0.483709	 -0.000157891	 1.6905	 -0.00041699
174.94	 -0.0489549	 -3.46114e-05	 -0.483446	 -0.000150735	 1.66767	 -0.000435804
174.96	 -0.0486397	 -3.64691e-05	 -0.483272	 -0.00014411	 1.64453	 -0.000454077
174.98	 -0.0483119	 -3.82947e-05	 -0.483188	 -0.000138027	 1.62108	 -0.000471785
175	 -0.0479716	 -4.00861e-05	 -0.483192	 -0.000132498	 1.59735	 -0.000488903
175.02	 -0.0476191	 -4.18414e-05	 -0.483285	 -0.000127533	 1.57333	 -0.00050541
175.04	 -0.0472545	 -4.35586e-05	 -0.483467	 -0.000123144	 1.54905	 -0.000521281
175.06	 -0.0468781	 -4.52358e-05	 -0.483737	 -0.000119339	 1.52451	 -0.000536495
175.08	 -0.0464899	 -4.68711e-05	 -0.484095	 -0.000116127	 1.49973	 -0.000551032
175.1	 -0.0460902	 -4.84627e-05	 -0.48454	 -0.000113516	 1.47472	 -0.000564871
175.12	 -0.0456793	 -5.00088e-05	 -0.485072	 -0.000111514	 1.44949	 -0.000577994
175.14	 -0.0452575	 -5.15078e-05	 -0.48569	 -0.000110127	 1.42406	 -0.000590383
175.16	 -0.0448248	 -5.29578e-05	 -0.486395	 -0.000109361	 1.39843	 -0.000602019
175.18	 -0.0443818	 -5.43573e-05	 -0.487185	 -0.000109221	 1.37262	 -0.000612888
175.2	 -0.0439285	 -5.57047e-05	 -0.48806	 -0.000109712	 1.34664	 -0.000622974
175.22	 -0.0434655	 -5.69984e-05	 -0.48902	 -0.000110836	 1.3205	 -0.000632264
175.24	 -0.0429928	 -5.82371e-05	 -0.490064	 -0.000112598	 1.29423	 -0.000640744
175.26	 -0.042511	 -5.94191e-05	 -0.491192	 -0.000114998	 1.26782	 -0.000648403
175.28	 -0.0420202	 -6.05433e-05	 -0.492402	 -0.000118039	 1.2413	 -0.000655229
175.3	 -0.0415209	 -6.16084e-05	 -0.493694	 -0.00012172	 1.21468	 -0.000661214
175.32	 -0.0410135	 -6.2613e-05	 -0.495068	 -0.000126041	 1.18797	 -0.000666348
175.34	 -0.0404982	 -6.35561e-05	 -0.496522	 -0.000131001	 1.16118	 -0.000670626
175.36	 -0.0399756	 -6.44365e-05	 -0.498057	 -0.000136597	 1.13433	 -0.00067404
175.38	 -0.0394459	 -6.52533e-05	 -0.499671	 -0.000142828	 1.10744	 -0.000676585
175.4	 -0.0389096	 -6.60055e-05	 -0.501364	 -0.00014969	 1.08051	 -0.000678259
175.42	 -0.0383671	 -6.66923e-05	 -0.503134	 -0.000157178	 1.05356	 -0.000679058
175.44	 -0.0378188	 -6.73128e-05	 -0.504982	 -0.000165287	 1.0266	 -0.00067898
175.46	 -0.0372652	 -6.78664e-05	 -0.506906	 -0.000174011	 0.999648	 -0.000678027
175.48	 -0.0367066	 -6.83525e-05	 -0.508906	 -0.000183344	 0.972717	 -0.000676199
175.5	 -0.0361436	 -6.87704e-05	 -0.51098	 -0.000193278	 0.94582	 -0.000673499
175.52	 -0.0355766	 -6.91198e-05	 -0.513129	 -0.000203804	 0.918971	 -0.000669929
175.54	 -0.035006	 -6.94002e-05	 -0.51535	 -0.000214915	 0.892182	 -0.000665495
175.56	 -0.0344323	 -6.96115e-05	 -0.517643	 -0.000226601	 0.865467	 -0.000660202
175.58	 -0.033856	 -6.97533e-05	 -0.520008	 -0.00023885	 0.838841	 -0.000654058
175.6	 -0.0332776	 -6.98256e-05	 -0.522443	 -0.000251652	 0.812315	 -0.00064707
175.62	 -0.0326975	 -6.98283e-05	 -0.524947	 -0.000264996	 0.785903	 -0.00063925
175.64	 -0.0321162	 -6.97615e-05	 -0.52752	 -0.000278868	 0.759618	 -0.000630606
175.66	 -0.0315342	 -6.96254e-05	 -0.530161	 -0.000293255	 0.733473	 -0.000621151
175.68	 -0.0309519	 -6.94202e-05	 -0.532868	 -0.000308145	 0.707481	 -0.000610898
175.7	 -0.03037	 -6.91462e-05	 -0.53564	 -0.000323522	 0.681654	 -0.00059986
175.72	 -0.0297889	 -6.88039e-05	 -0.538477	 -0.000339372	 0.656005	 -0.000588054
175.74	 -0.029209	 -6.83938e-05	 -0.541378	 -0.000355678	 0.630547	 -0.000575495
175.76	 -0.0286308	 -6.79164e-05	 -0.544342	 -0.000372425	 0.605291	 -0.0005622
175.78	 -0.0280549	 -6.73725e-05	 -0.547367	 -0.000389596	 0.58025	 -0.000548188
175.8	 -0.0274818	 -6.67628e-05	 -0.550453	 -0.000407174	 0.555436	 -0.000533479
175.82	 -0.0269119	 -6.60882e-05	 -0.553598	 -0.000425141	 0.530859	 -0.000518093
175.84	 -0.0263457	 -6.53497e-05	 -0.556801	 -0.000443479	 0.506532	 -0.000502051
175.86	 -0.0257837	 -6.45482e-05	 -0.560063	 -0.000462168	 0.482466	 -0.000485375
175.88	 -0.0252264	 -6.3685e-05	 -0.56338	 -0.000481191	 0.458672	 -0.000468089
175.9	 -0.0246743	 -6.27613e-05	 -0.566753	 -0.000500527	 0.43516	 -0.000450216
175.92	 -0.0241278	 -6.17782e-05	 -0.570179	 -0.000520157	 0.411942	 -0.000431782
175.94	 -0.0235874	 -6.07373e-05	 -0.573659	 -0.00054006	 0.389027	 -0.000412813
175.96	 -0.0230536	 -5.96399e-05	 -0.577191	 -0.000560216	 0.366426	 -0.000393335
175.98	 -0.0225268	 -5.84876e-05	 -0.580774	 -0.000580604	 0.344148	 -0.000373375
176	 -0.0220075	 -5.7282e-05	 -0.584406	 -0.000601202	 0.322204	 -0.000352961
176.02	 -0.0214961	 -5.60248e-05	 -0.588087	 -0.000621989	 0.300601	 -0.000332122
176.04	 -0.020993	 -5.47177e-05	 -0.591816	 -0.000642944	 0.27935	 -0.000310888
176.06	 -0.0204987	 -5.33626e-05	 -0.595591	 -0.000664044	 0.25846	 -0.000289287
176.08	 -0.0200136	 -5.19613e-05	 -0.59941	 -0.000685268	 0.237937	 -0.00026735
176.1	 -0.0195382	 -5.05159e-05	 -0.603274	 -0.000706594	 0.217792	 -0.000245109
176.12	 -0.0190727	 -4.90283e-05	 -0.607181	 -0.000727999	 0.198031	 -0.000222595
176.14	 -0.0186176	 -4.75007e-05	 -0.611129	 -0.000749461	 0.178662	 -0.000199839
176.16	 -0.0181732	 -4.59351e-05	 -0.615117	 -0.000770957	 0.159693	 -0.000176873
176.18	 -0.01774	 -4.43338e-05	 -0.619145	 -0.000792466	 0.14113	 -0.000153731
176.2	 -0.0173183	 -4.2699e-05	 -0.62321	 -0.000813964	 0.12298	 -0.000130444
176.22	 -0.0169084	 -4.10329e-05	 -0.627313	 -0.00083543	 0.10525	 -0.000107046
176.24	 -0.0165106	 -3.9338e-05	 -0.631451	 -0.00085684	 0.0879454	 -8.35695e-05
176.26	 -0.0161253	 -3.76166e-05	 -0.635623	 -0.000878174	 0.071072	 -6.00485e-05
176.28	 -0.0157528	 -3.58711e-05	 -0.639828	 -0.000899408	 0.0546354	 -3.65161e-05
176.3	 -0.0153933	 -3.4104e-05	 -0.644065	 -0.000920521	 0.0386406	 -1.30057e-05
176.32	 -0.0150472	 -3.23177e-05	 -0.648333	 -0.000941491	 0.0230923	 1.04493e-05
176.34	 -0.0147146	 -3.05148e-05	 -0.65263	 -0.000962296	 0.00799512	 3.38153e-05
176.36	 -0.0143959	 -2.86977e-05	 -0.656955	 -0.000982916	 -0.00664697	 5.70591e-05
176.38	 -0.0140912	 -2.68691e-05	 -0.661306	 -0.00100333	 -0.0208301	 8.01476e-05
176.4	 -0.0138009	 -2.50314e-05	 -0.665684	 -0.00102351	 -0.0345508	 0.000103048
176.42	 -0.013525	 -2.31874e-05	 -0.670085	 -0.00104345	 -0.0478058	 0.000125727
176.44	 -0.0132637	 -2.13394e-05	 -0.67451	 -0.00106312	 -0.0605925	 0.000148152
176.46	 -0.0130173	 -1.94902e-05	 -0.678956	 -0.0010825	 -0.0729081	 0.000170292
176.48	 -0.0127859	 -1.76424e-05	 -0.683422	 -0.00110157	 -0.0847506	 0.000192114
176.5	 -0.0125696	 -1.57984e-05	 -0.687907	 -0.00112031	 -0.096118	 0.000213588
176.52	 -0.0123685	 -1.39609e-05	 -0.69241	 -0.00113871	 -0.107009	 0.000234682
176.54	 -0.0121828	 -1.21325e-05	 -0.69693	 -0.00115675	 -0.117422	 0.000255365
176.56	 -0.0120125	 -1.03157e-05	 -0.701465	 -0.00117441	 -0.127356	 0.000275609
176.58	 -0.0118577	 -8.51302e-06	 -0.706013	 -0.00119166	 -0.13681	 0.000295384
176.6	 -0.0117185	 -6.727e-06	 -0.710574	 -0.0012085	 -0.145785	 0.00031466
176.62	 -0.0115949	 -4.96011e-06	 -0.715146	 -0.00122492	 -0.154279	 0.000333412
176.64	 -0.0114868	 -3.21481e-06	 -0.719727	 -0.00124088	 -0.162294	 0.000351609
176.66	 -0.0113945	 -1.49352e-06	 -0.724317	 -0.00125638	 -0.16983	 0.000369228
176.68	 -0.0113177	 2.0139e-07	 -0.728915	 -0.00127141	 -0.176888	 0.000386241
176.7	 -0.0112565	 1.86758e-06	 -0.733518	 -0.00128595	 -0.183468	 0.000402624
176.72	 -0.0112108	 3.50274e-06	 -0.738125	 -0.00129998	 -0.189573	 0.000418353
176.74	 -0.0111807	 5.10465e-06	 -0.742735	 -0.0013135	 -0.195203	 0.000433405
176.76	 -0.0111659	 6.6711e-06	 -0.747348	 -0.00132649	 -0.200361	 0.000447756
176.78	 -0.0111665	 8.19995e-06	 -0.75196	 -0.00133894	 -0.205049	 0.000461387
176.8	 -0.0111823	 9.68913e-06	 -0.756572	 -0.00135084	 -0.209269	 0.000474277
176.82	 -0.0112131	 1.11366e-05	 -0.761181	 -0.00136218	 -0.213025	 0.000486406
176.84	 -0.0112589	 1.25405e-05	 -0.765786	 -0.00137296	 -0.216318	 0.000497756
176.86	 -0.0113195	 1.38988e-05	 -0.770387	 -0.00138315	 -0.219152	 0.00050831
176.88	 -0.0113948	 1.52098e-05	 -0.774981	 -0.00139277	 -0.221531	 0.000518052
176.9	 -0.0114845	 1.64717e-05	 -0.779567	 -0.00140178	 -0.223458	 0.000526966
176.92	 -0.0115885	 1.76829e-05	 -0.784144	 -0.00141021	 -0.224936	 0.000535039
176.94	 -0.0117065	 1.88418e-05	 -0.788711	 -0.00141802	 -0.225971	 0.000542258
176.96	 -0.0118383	 1.99468e-05	 -0.793266	 -0.00142523	 -0.226566	 0.000548611
176.98	 -0.0119838	 2.09966e-05	 -0.797807	 -0.00143182	 -0.226725	 0.000554087
177	 -0.0121426	 2.19898e-05	 -0.802335	 -0.00143779	 -0.226453	 0.000558678
177.02	 -0.0123145	 2.29252e-05	 -0.806846	 -0.00144315	 -0.225755	 0.000562375
177.04	 -0.0124992	 2.38016e-05	 -0.81134	 -0.00144788	 -0.224636	 0.000565172
177.06	 -0.0126965	 2.46179e-05	 -0.815816	 -0.00145199	 -0.223101	 0.000567062
177.08	 -0.012906	 2.53733e-05	 -0.820272	 -0.00145547	 -0.221155	 0.000568041
177.1	 -0.0131275	 2.60667e-05	 -0.824707	 -0.00145833	 -0.218803	 0.000568105
177.12	 -0.0133606	 2.66974e-05	 -0.829119	 -0.00146057	 -0.216052	 0.000567254
177.14	 -0.013605	 2.72647e-05	 -0.833507	 -0.00146218	 -0.212906	 0.000565485
177.16	 -0.0138603	 2.77681e-05	 -0.837871	 -0.00146318	 -0.209372	 0.000562799
177.18	 -0.0141264	 2.8207e-05	 -0.842207	 -0.00146355	 -0.205455	 0.000559198
177.2	 -0.0144027	 2.85811e-05	 -0.846517	 -0.00146332	 -0.201162	 0.000554685
177.22	 -0.0146889	 2.889e-05	 -0.850797	 -0.00146247	 -0.196498	 0.000549264
177.24	 -0.0149847	 2.91335e-05	 -0.855047	 -0.00146102	 -0.19147	 0.000542939
177.26	 -0.0152898	 2.93116e-05	 -0.859265	 -0.00145897	 -0.186083	 0.000535718
177.28	 -0.0156036	 2.94243e-05	 -0.863451	 -0.00145633	 -0.180345	 0.000527607
177.3	 -0.0159259	 2.94716e-05	 -0.867603	 -0.0014531	 -0.174262	 0.000518617
177.32	 -0.0162562	 2.94537e-05	 -0.871719	 -0.00144929	 -0.16784	 0.000508755
177.34	 -0.0165942	 2.9371e-05	 -0.875799	 -0.00144492	 -0.161085	 0.000498035
177.36	 -0.0169395	 2.92239e-05	 -0.879841	 -0.00143998	 -0.154005	 0.000486468
177.38	 -0.0172916	 2.90128e-05	 -0.883844	 -0.00143449	 -0.146605	 0.000474067
177.4	 -0.0176502	 2.87384e-05	 -0.887806	 -0.00142846	 -0.138893	 0.000460847
177.42	 -0.0180148	 2.84013e-05	 -0.891728	 -0.0014219	 -0.130875	 0.000446823
177.44	 -0.0183851	 2.80023e-05	 -0.895607	 -0.00141481	 -0.122557	 0.000432011
177.46	 -0.0187607	 2.75423e-05	 -0.899442	 -0.00140722	 -0.113947	 0.00041643
177.48	 -0.0191411	 2.70222e-05	 -0.903232	 -0.00139913	 -0.10505	 0.000400098
177.5	 -0.0195259	 2.64432e-05	 -0.906976	 -0.00139055	 -0.0958743	 0.000383034
177.52	 -0.0199148	 2.58062e-05	 -0.910673	 -0.00138151	 -0.0864254	 0.00036526
177.54	 -0.0203072	 2.51127e-05	 -0.914322	 -0.001372	 -0.0767102	 0.000346795
177.56	 -0.0207029	 2.43639e-05	 -0.917921	 -0.00136206	 -0.0667352	 0.000327663
177.58	 -0.0211013	 2.35611e-05	 -0.92147	 -0.00135168	 -0.0565069	 0.000307887
177.6	 -0.0215022	 2.2706e-05	 -0.924967	 -0.00134089	 -0.0460318	 0.00028749
177.62	 -0.021905	 2.17999e-05	 -0.928411	 -0.00132969	 -0.0353164	 0.000266498
177.64	 -0.0223095	 2.08445e-05	 -0.931802	 -0.00131812	 -0.024367	 0.000244935
177.66	 -0.0227151	 1.98416e-05	 -0.935138	 -0.00130617	 -0.0131899	 0.000222829
177.68	 -0.0231215	 1.8793e-05	 -0.938418	 -0.00129387	 -0.00179141	 0.000200206
177.7	 -0.0235284	 1.77003e-05	 -0.941642	 -0.00128124	 0.00982238	 0.000177094
177.72	 -0.0239353	 1.65656e-05	 -0.944808	 -0.00126829	 0.0216453	 0.000153521
177.74	 -0.0243419	 1.53908e-05	 -0.947915	 -0.00125503	 0.0336714	 0.000129515
177.76	 -0.0247478	 1.41778e-05	 -0.950963	 -0.00124149	 0.0458948	 0.000105107
177.78	 -0.0251527	 1.29289e-05	 -0.953949	 -0.00122769	 0.0583094	 8.03251e-05
177.8	 -0.0255561	 1.16461e-05	 -0.956875	 -0.00121363	 0.0709097	 5.52007e-05
177.82	 -0.0259577	 1.03315e-05	 -0.959738	 -0.00119935	 0.0836899	 2.97642e-05
177.84	 -0.0263573	 8.98746e-06	 -0.962537	 -0.00118484	 0.0966445	 4.04673e-06
177.86	 -0.0267544	 7.61613e-06	 -0.965273	 -0.00117015	 0.109768	 -2.19202e-05
177.88	 -0.0271487	 6.21984e-06	 -0.967943	 -0.00115528	 0.123055	 -4.81049e-05
177.9	 -0.0275399	 4.8009e-06	 -0.970548	 -0.00114024	 0.136501	 -7.44752e-05
177.92	 -0.0279277	 3.36167e-06	 -0.973086	 -0.00112507	 0.150099	 -0.000100999
177.94	 -0.0283119	 1.90454e-06	 -0.975556	 -0.00110978	 0.163846	 -0.000127644
177.96	 -0.028692	 4.3191e-07	 -0.977958	 -0.00109438	 0.177736	 -0.000154377
177.98	 -0.0290679	 -1.0538e-06	 -0.980291	 -0.0010789	 0.191765	 -0.000181166
178	 -0.0294393	 -2.55016e-06	 -0.982555	 -0.00106335	 0.205927	 -0.000207977
178.02	 -0.0298058	 -4.0547e-06	 -0.984747	 -0.00104776	 0.220219	 -0.000234779
178.04	 -0.0301673	 -5.56497e-06	 -0.986869	 -0.00103213	 0.234635	 -0.000261539
178.06	 -0.0305235	 -7.07851e-06	 -0.988919	 -0.0010165	 0.249172	 -0.000288223
178.08	 -0.0308742	 -8.59284e-06	 -0.990896	 -0.00100087	 0.263825	 -0.000314799
178.1	 -0.0312191	 -1.01055e-05	 -0.992801	 -0.000985268	 0.278591	 -0.000341236
178.12	 -0.0315581	 -1.1614e-05	 -0.994631	 -0.000969711	 0.293465	 -0.000367499
178.14	 -0.0318909	 -1.3116e-05	 -0.996387	 -0.000954215	 0.308443	 -0.000393558
178.16	 -0.0322174	 -1.4609e-05	 -0.998068	 -0.000938799	 0.323522	 -0.000419381
178.18	 -0.0325374	 -1.60905e-05	 -0.999674	 -0.00092348	 0.338698	 -0.000444937
178.2	 -0.0328508	 -1.75582e-05	 -1.0012	 -0.000908276	 0.353968	 -0.000470193
178.22	 -0.0331573	 -1.90097e-05	 -1.00266	 -0.000893203	 0.369329	 -0.00049512
178.24	 -0.0334569	 -2.04427e-05	 -1.00403	 -0.000878278	 0.384776	 -0.000519687
178.26	 -0.0337493	 -2.18548e-05	 -1.00533	 -0.000863519	 0.400308	 -0.000543865
178.28	 -0.0340346	 -2.32438e-05	 -1.00655	 -0.00084894	 0.415921	 -0.000567623
178.3	 -0.0343126	 -2.46073e-05	 -1.00769	 -0.000834559	 0.431612	 -0.000590934
178.32	 -0.0345832	 -2.59433e-05	 -1.00876	 -0.00082039	 0.447378	 -0.000613769
178.34	 -0.0348463	 -2.72495e-05	 -1.00974	 -0.00080645	 0.463218	 -0.0006361
178.36	 -0.0351018	 -2.85239e-05	 -1.01064	 -0.000792752	 0.479127	 -0.0006579
178.38	 -0.0353498	 -2.97643e-05	 -1.01147	 -0.000779313	 0.495105	 -0.000679143
178.4	 -0.0355901	 -3.09688e-05	 -1.01221	 -0.000766145	 0.511148	 -0.000699804
178.42	 -0.0358228	 -3.21353e-05	 -1.01287	 -0.000753264	 0.527254	 -0.000719856
178.44	 -0.0360478	 -3.3262e-05	 -1.01346	 -0.000740681	 0.543422	 -0.000739277
178.46	 -0.0362651	 -3.43471e-05	 -1.01396	 -0.00072841	 0.559649	 -0.000758042
178.48	 -0.0364746	 -3.53887e-05	 -1.01438	 -0.000716464	 0.575932	 -0.00077613
178.5	 -0.0366765	 -3.63852e-05	 -1.01472	 -0.000704855	 0.592272	 -0.000793517
178.52	 -0.0368708	 -3.73349e-05	 -1.01497	 -0.000693593	 0.608664	 -0.000810184
178.54	 -0.0370574	 -3.82362e-05	 -1.01515	 -0.000682692	 0.625109	 -0.000826111
178.56	 -0.0372364	 -3.90876e-05	 -1.01524	 -0.000672159	 0.641604	 -0.000841277
178.58	 -0.0374079	 -3.98877e-05	 -1.01525	 -0.000662007	 0.658147	 -0.000855666
178.6	 -0.037572	 -4.06352e-05	 -1.01518	 -0.000652245	 0.674738	 -0.00086926
178.62	 -0.0377288	 -4.13286e-05	 -1.01502	 -0.000642881	 0.691374	 -0.000882042
178.64	 -0.0378782	 -4.1967e-05	 -1.01478	 -0.000633924	 0.708055	 -0.000893998
178.66	 -0.0380205	 -4.2549e-05	 -1.01446	 -0.000625382	 0.724779	 -0.000905113
178.68	 -0.0381557	 -4.30737e-05	 -1.01406	 -0.000617263	 0.741544	 -0.000915374
178.7	 -0.0382839	 -4.35402e-05	 -1.01357	 -0.000609572	 0.758351	 -0.000924769
178.72	 -0.0384053	 -4.39475e-05	 -1.013	 -0.000602318	 0.775196	 -0.000933287
178.74	 -0.0385201	 -4.42949e-05	 -1.01235	 -0.000595504	 0.79208	 -0.000940917
178.76	 -0.0386283	 -4.45816e-05	 -1.01162	 -0.000589137	 0.809002	 -0.000947651
178.78	 -0.0387301	 -4.48071e-05	 -1.0108	 -0.00058322	 0.825959	 -0.000953481
178.8	 -0.0388257	 -4.49709e-05	 -1.0099	 -0.000577758	 0.842951	 -0.0009584
178.82	 -0.0389153	 -4.50724e-05	 -1.00892	 -0.000572755	 0.859978	 -0.000962403
178.84	 -0.0389989	 -4.51114e-05	 -1.00786	 -0.000568212	 0.877037	 -0.000965484
178.86	 -0.0390769	 -4.50876e-05	 -1.00671	 -0.000564132	 0.894128	 -0.000967641
178.88	 -0.0391494	 -4.50008e-05	 -1.00549	 -0.000560516	 0.91125	 -0.000968871
178.9	 -0.0392166	 -4.48509e-05	 -1.00418	 -0.000557366	 0.928402	 -0.000969173
178.92	 -0.0392786	 -4.46379e-05	 -1.00279	 -0.000554681	 0.945583	 -0.000968547
178.94	 -0.0393358	 -4.4362e-05	 -1.00132	 -0.000552462	 0.962791	 -0.000966994
178.96	 -0.0393883	 -4.40233e-05	 -0.999769	 -0.000550707	 0.980026	 -0.000964516
178.98	 -0.0394363	 -4.3622e-05	 -0.998138	 -0.000549414	 0.997287	 -0.000961117
179	 -0.0394801	 -4.31586e-05	 -0.996426	 -0.000548583	 1.01457	 -0.0009568
179.02	 -0.0395199	 -4.26334e-05	 -0.994636	 -0.00054821	 1.03188	 -0.000951571
179.04	 -0.039556	 -4.20471e-05	 -0.992766	 -0.000548291	 1.04921	 -0.000945437
179.06	 -0.0395884	 -4.14001e-05	 -0.990817	 -0.000548823	 1.06656	 -0.000938406
179.08	 -0.0396176	 -4.06933e-05	 -0.98879	 -0.000549801	 1.08393	 -0.000930486
179.1	 -0.0396437	 -3.99273e-05	 -0.986685	 -0.00055122	 1.10132	 -0.000921687
179.12	 -0.0396671	 -3.9103e-05	 -0.984503	 -0.000553075	 1.11872	 -0.00091202
179.14	 -0.0396878	 -3.82214e-05	 -0.982244	 -0.000555358	 1.13614	 -0.000901497
179.16	 -0.0397062	 -3.72834e-05	 -0.979908	 -0.000558064	 1.15358	 -0.000890131
179.18	 -0.0397226	 -3.62902e-05	 -0.977497	 -0.000561186	 1.17102	 -0.000877935
179.2	 -0.0397371	 -3.5243e-05	 -0.975011	 -0.000564714	 1.18848	 -0.000864925
179.22	 -0.03975	 -3.41428e-05	 -0.97245	 -0.00056864	 1.20594	 -0.000851116
179.24	 -0.0397617	 -3.29911e-05	 -0.969815	 -0.000572956	 1.22341	 -0.000836526
179.26	 -0.0397722	 -3.17893e-05	 -0.967107	 -0.000577652	 1.24088	 -0.000821172
179.28	 -0.039782	 -3.05387e-05	 -0.964327	 -0.000582718	 1.25836	 -0.000805072
179.3	 -0.0397912	 -2.92408e-05	 -0.961475	 -0.000588143	 1.27584	 -0.000788247
179.32	 -0.0398	 -2.78973e-05	 -0.958551	 -0.000593916	 1.29331	 -0.000770717
179.34	 -0.0398088	 -2.65097e-05	 -0.955558	 -0.000600027	 1.31078	 -0.000752503
179.36	 -0.0398177	 -2.50798e-05	 -0.952495	 -0.000606462	 1.32825	 -0.000733626
179.38	 -0.039827	 -2.36092e-05	 -0.949363	 -0.000613209	 1.3457	 -0.000714111
179.4	 -0.039837	 -2.20998e-05	 -0.946164	 -0.000620257	 1.36314	 -0.00069398
179.42	 -0.0398479	 -2.05533e-05	 -0.942898	 -0.00062759	 1.38057	 -0.000673258
179.44	 -0.0398598	 -1.89718e-05	 -0.939565	 -0.000635197	 1.39798	 -0.00065197
179.46	 -0.0398731	 -1.7357e-05	 -0.936168	 -0.000643062	 1.41537	 -0.000630141
179.48	 -0.039888	 -1.5711e-05	 -0.932707	 -0.000651172	 1.43273	 -0.000607798
179.5	 -0.0399046	 -1.40359e-05	 -0.929182	 -0.000659511	 1.45007	 -0.000584968
179.52	 -0.0399232	 -1.23335e-05	 -0.925596	 -0.000668065	 1.46737	 -0.000561678
179.54	 -0.0399441	 -1.06061e-05	 -0.921948	 -0.000676818	 1.48464	 -0.000537955
179.56	 -0.0399673	 -8.8558e-06	 -0.91824	 -0.000685755	 1.50188	 -0.00051383
179.58	 -0.0399931	 -7.08464e-06	 -0.914473	 -0.000694859	 1.51907	 -0.000489329
179.6	 -0.0400217	 -5.29483e-06	 -0.910649	 -0.000704115	 1.53621	 -0.000464484
179.62	 -0.0400532	 -3.48857e-06	 -0.906768	 -0.000713506	 1.5533	 -0.000439323
179.64	 -0.040088	 -1.66807e-06	 -0.902831	 -0.000723016	 1.57034	 -0.000413876
179.66	 -0.040126	 1.64453e-07	 -0.89884	 -0.000732628	 1.58733	 -0.000388175
179.68	 -0.0401675	 2.00675e-06	 -0.894796	 -0.000742324	 1.60424	 -0.000362249
179.7	 -0.0402126	 3.85658e-06	 -0.890699	 -0.000752088	 1.62109	 -0.00033613
179.72	 -0.0402616	 5.71168e-06	 -0.886553	 -0.000761903	 1.63787	 -0.000309849
179.74	 -0.0403144	 7.56979e-06	 -0.882357	 -0.000771751	 1.65457	 -0.000283437
179.76	 -0.0403713	 9.42865e-06	 -0.878113	 -0.000781614	 1.67119	 -0.000256925
179.78	 -0.0404324	 1.1286e-05	 -0.873822	 -0.000791476	 1.68772	 -0.000230345
179.8	 -0.0404978	 1.31395e-05	 -0.869486	 -0.000801319	 1.70416	 -0.000203729
179.82	 -0.0405676	 1.4987e-05	 -0.865106	 -0.000811125	 1.72049	 -0.000177108
179.84	 -0.0406419	 1.68263e-05	 -0.860683	 -0.000820877	 1.73673	 -0.000150513
179.86	 -0.0407207	 1.8655e-05	 -0.85622	 -0.000830557	 1.75285	 -0.000123977
179.88	 -0.0408042	 2.0471e-05	 -0.851716	 -0.000840148	 1.76886	 -9.753e-05
179.9	 -0.0408925	 2.22721e-05	 -0.847175	 -0.000849633	 1.78475	 -7.12037e-05
179.92	 -0.0409855	 2.40561e-05	 -0.842597	 -0.000858994	 1.80051	 -4.50291e-05
179.94	 -0.0410834	 2.58208e-05	 -0.837983	 -0.000868214	 1.81614	 -1.9037e-05
179.96	 -0.0411861	 2.75641e-05	 -0.833336	 -0.000877277	 1.83163	 6.74195e-06
179.98	 -0.0412938	 2.9284e-05	 -0.828657	 -0.000886165	 1.84697	 3.22775e-05
180	 -0.0414063	 3.09782e-05	 -0.823948	 -0.000894863	 1.86215	 5.75398e-05
180.02	 -0.0415239	 3.26449e-05	 -0.819209	 -0.000903353	 1.87718	 8.24991e-05
180.04	 -0.0416463	 3.42819e-05	 -0.814443	 -0.00091162	 1.89205	 0.000107126
180.06	 -0.0417737	 3.58874e-05	 -0.809652	 -0.000919647	 1.90674	 0.000131393
180.08	 -0.0419059	 3.74593e-05	 -0.804836	 -0.00092742	 1.92125	 0.00015527
180.1	 -0.0420431	 3.89959e-05	 -0.799998	 -0.000934923	 1.93557	 0.000178731
180.12	 -0.0421851	 4.04952e-05	 -0.79514	 -0.000942141	 1.9497	 0.000201747
180.14	 -0.0423318	 4.19554e-05	 -0.790262	 -0.000949059	 1.96363	 0.000224293
180.16	 -0.0424833	 4.33748e-05	 -0.785367	 -0.000955664	 1.97735	 0.000246342
180.18	 -0.0426394	 4.47518e-05	 -0.780457	 -0.000961942	 1.99086	 0.00026787
180.2	 -0.0428001	 4.60845e-05	 -0.775533	 -0.000967879	 2.00414	 0.00028885
180.22	 -0.0429653	 4.73716e-05	 -0.770597	 -0.000973462	 2.0172	 0.000309259
180.24	 -0.0431348	 4.86113e-05	 -0.76565	 -0.000978679	 2.03002	 0.000329074
180.26	 -0.0433086	 4.98021e-05	 -0.760695	 -0.000983519	 2.04259	 0.000348273
180.28	 -0.0434866	 5.09428e-05	 -0.755734	 -0.000987968	 2.05491	 0.000366833
180.3	 -0.0436685	 5.20319e-05	 -0.750767	 -0.000992017	 2.06698	 0.000384733
180.32	 -0.0438543	 5.3068e-05	 -0.745797	 -0.000995656	 2.07877	 0.000401954
180.34	 -0.0440438	 5.40499e-05	 -0.740826	 -0.000998873	 2.09029	 0.000418476
180.36	 -0.0442369	 5.49765e-05	 -0.735856	 -0.00100166	 2.10153	 0.000434281
180.38	 -0.0444334	 5.58466e-05	 -0.730888	 -0.00100401	 2.11248	 0.000449351
180.4	 -0.044633	 5.66591e-05	 -0.725923	 -0.00100591	 2.12313	 0.00046367
180.42	 -0.0448357	 5.7413e-05	 -0.720965	 -0.00100736	 2.13348	 0.000477222
180.44	 -0.0450413	 5.81074e-05	 -0.716015	 -0.00100834	 2.14352	 0.000489992
180.46	 -0.0452494	 5.87415e-05	 -0.711075	 -0.00100886	 2.15324	 0.000501967
180.48	 -0.04546	 5.93144e-05	 -0.706145	 -0.0010089	 2.16263	 0.000513134
180.5	 -0.0456727	 5.98254e-05	 -0.70123	 -0.00100847	 2.17168	 0.000523482
180.52	 -0.0458874	 6.02738e-05	 -0.696329	 -0.00100755	 2.1804	 0.000532999
180.54	 -0.0461039	 6.06591e-05	 -0.691445	 -0.00100615	 2.18876	 0.000541676
180.56	 -0.0463218	 6.09806e-05	 -0.686581	 -0.00100425	 2.19677	 0.000549505
180.58	 -0.046541	 6.12381e-05	 -0.681737	 -0.00100187	 2.20442	 0.000556477
180.6	 -0.0467611	 6.1431e-05	 -0.676915	 -0.000998987	 2.2117	 0.000562587
180.62	 -0.046982	 6.15591e-05	 -0.672118	 -0.000995613	 2.2186	 0.00056783
180.64	 -0.0472033	 6.16221e-05	 -0.667346	 -0.000991745	 2.22512	 0.0005722
180.66	 -0.0474248	 6.16198e-05	 -0.662603	 -0.000987383	 2.23125	 0.000575695
180.68	 -0.0476462	 6.15522e-05	 -0.657889	 -0.000982527	 2.23698	 0.000578313
180.7	 -0.0478672	 6.14192e-05	 -0.653207	 -0.000977181	 2.2423	 0.000580052
180.72	 -0.0480875	 6.12208e-05	 -0.648558	 -0.000971346	 2.24722	 0.000580914
180.74	 -0.0483069	 6.09571e-05	 -0.643945	 -0.000965027	 2.25172	 0.000580897
180.76	 -0.0485249	 6.06284e-05	 -0.639368	 -0.000958226	 2.2558	 0.000580006
180.78	 -0.0487414	 6.02348e-05	 -0.634829	 -0.00095095	 2.25945	 0.000578244
180.8	 -0.048956	 5.97767e-05	 -0.63033	 -0.000943203	 2.26267	 0.000575614
180.82	 -0.0491684	 5.92545e-05	 -0.625874	 -0.000934991	 2.26545	 0.000572123
180.84	 -0.0493783	 5.86685e-05	 -0.621461	 -0.000926322	 2.26779	 0.000567777
180.86	 -0.0495854	 5.80194e-05	 -0.617093	 -0.000917203	 2.26968	 0.000562584
180.88	 -0.0497894	 5.73077e-05	 -0.612773	 -0.000907642	 2.27111	 0.000556552
180.9	 -0.0499899	 5.65339e-05	 -0.6085	 -0.000897649	 2.27208	 0.000549691
180.92	 -0.0501866	 5.5699e-05	 -0.604278	 -0.000887232	 2.27259	 0.000542013
180.94	 -0.0503792	 5.48036e-05	 -0.600108	 -0.000876403	 2.27263	 0.000533528
180.96	 -0.0505674	 5.38485e-05	 -0.595991	 -0.000865171	 2.2722	 0.000524249
180.98	 -0.0507509	 5.28347e-05	 -0.591928	 -0.000853549	 2.27129	 0.000514192
181	 -0.0509293	 5.17631e-05	 -0.587922	 -0.000841549	 2.26991	 0.000503369
181.02	 -0.0511023	 5.06348e-05	 -0.583974	 -0.000829183	 2.26804	 0.000491797
181.04	 -0.0512696	 4.94508e-05	 -0.580085	 -0.000816465	 2.26568	 0.000479493
181.06	 -0.0514309	 4.82123e-05	 -0.576256	 -0.000803409	 2.26284	 0.000466474
181.08	 -0.0515858	 4.69205e-05	 -0.57249	 -0.00079003	 2.2595	 0.000452759
181.1	 -0.0517341	 4.55766e-05	 -0.568787	 -0.000776341	 2.25567	 0.000438367
181.12	 -0.0518755	 4.41819e-05	 -0.565149	 -0.000762359	 2.25134	 0.000423318
181.14	 -0.0520096	 4.27379e-05	 -0.561577	 -0.000748101	 2.24652	 0.000407634
181.16	 -0.0521361	 4.12458e-05	 -0.558072	 -0.000733582	 2.24119	 0.000391336
181.18	 -0.0522547	 3.97072e-05	 -0.554636	 -0.000718819	 2.23537	 0.000374446
181.2	 -0.0523652	 3.81236e-05	 -0.55127	 -0.000703831	 2.22904	 0.000356989
181.22	 -0.0524672	 3.64966e-05	 -0.547974	 -0.000688634	 2.22221	 0.000338988
181.24	 -0.0525605	 3.48277e-05	 -0.544751	 -0.000673247	 2.21488	 0.000320468
181.26	 -0.0526448	 3.31186e-05	 -0.541601	 -0.00065769	 2.20704	 0.000301454
181.28	 -0.0527198	 3.1371e-05	 -0.538526	 -0.00064198	 2.19871	 0.000281972
181.3	 -0.0527852	 2.95867e-05	 -0.535526	 -0.000626137	 2.18987	 0.00026205
181.32	 -0.0528408	 2.77674e-05	 -0.532603	 -0.000610181	 2.18053	 0.000241714
181.34	 -0.0528863	 2.5915e-05	 -0.529756	 -0.000594132	 2.17069	 0.000220992
181.36	 -0.0529215	 2.40312e-05	 -0.526989	 -0.00057801	 2.16035	 0.000199912
181.38	 -0.0529462	 2.21181e-05	 -0.5243	 -0.000561834	 2.14952	 0.000178503
181.4	 -0.05296	 2.01774e-05	 -0.521692	 -0.000545627	 2.13819	 0.000156794
181.42	 -0.0529629	 1.82112e-05	 -0.519164	 -0.000529408	 2.12637	 0.000134815
181.44	 -0.0529545	 1.62215e-05	 -0.516719	 -0.000513199	 2.11406	 0.000112595
181.46	 -0.0529348	 1.42102e-05	 -0.514355	 -0.00049702	 2.10126	 9.01642e-05
181.48	 -0.0529034	 1.21794e-05	 -0.512075	 -0.000480893	 2.08798	 6.75534e-05
181.5	 -0.0528602	 1.01312e-05	 -0.509879	 -0.000464838	 2.07423	 4.47933e-05
181.52	 -0.0528051	 8.06759e-06	 -0.507768	 -0.000448877	 2.05999	 2.19146e-05
181.54	 -0.0527379	 5.99074e-06	 -0.505741	 -0.000433031	 2.04529	 -1.05154e-06
181.56	 -0.0526584	 3.90274e-06	 -0.503801	 -0.000417321	 2.03013	 -2.4074e-05
181.58	 -0.0525666	 1.80572e-06	 -0.501946	 -0.000401769	 2.0145	 -4.71216e-05
181.6	 -0.0524622	 -2.98159e-07	 -0.500178	 -0.000386395	 1.99842	 -7.0163e-05
181.62	 -0.0523452	 -2.40676e-06	 -0.498498	 -0.00037122	 1.98188	 -9.31669e-05
181.64	 -0.0522154	 -4.5179e-06	 -0.496905	 -0.000356265	 1.96491	 -0.000116102
181.66	 -0.0520729	 -6.62942e-06	 -0.4954	 -0.00034155	 1.9475	 -0.000138937
181.68	 -0.0519175	 -8.73914e-06	 -0.493983	 -0.000327097	 1.92966	 -0.000161642
181.7	 -0.0517491	 -1.08449e-05	 -0.492655	 -0.000312924	 1.91139	 -0.000184184
181.72	 -0.0515678	 -1.29445e-05	 -0.491415	 -0.000299053	 1.89271	 -0.000206534
181.74	 -0.0513735	 -1.50357e-05	 -0.490265	 -0.000285502	 1.87362	 -0.00022866
181.76	 -0.0511661	 -1.71164e-05	 -0.489204	 -0.000272291	 1.85413	 -0.000250534
181.78	 -0.0509458	 -1.91844e-05	 -0.488232	 -0.000259439	 1.83425	 -0.000272124
181.8	 -0.0507124	 -2.12376e-05	 -0.48735	 -0.000246965	 1.81399	 -0.000293401
181.82	 -0.0504661	 -2.32737e-05	 -0.486557	 -0.000234886	 1.79335	 -0.000314337
181.84	 -0.0502069	 -2.52907e-05	 -0.485854	 -0.00022322	 1.77234	 -0.000334902
181.86	 -0.0499347	 -2.72864e-05	 -0.485241	 -0.000211985	 1.75098	 -0.000355069
181.88	 -0.0496498	 -2.92587e-05	 -0.484716	 -0.000201197	 1.72927	 -0.000374809
181.9	 -0.0493521	 -3.12056e-05	 -0.484282	 -0.000190873	 1.70723	 -0.000394096
181.92	 -0.0490419	 -3.31249e-05	 -0.483937	 -0.000181029	 1.68485	 -0.000412903
181.94	 -0.0487191	 -3.50145e-05	 -0.483681	 -0.000171679	 1.66216	 -0.000431203
181.96	 -0.048384	 -3.68725e-05	 -0.483514	 -0.000162838	 1.63917	 -0.000448973
181.98	 -0.0480366	 -3.86969e-05	 -0.483436	 -0.000154521	 1.61588	 -0.000466187
182	 -0.0476771	 -4.04857e-05	 -0.483447	 -0.00014674	 1.5923	 -0.000482821
182.02	 -0.0473058	 -4.22371e-05	 -0.483546	 -0.000139509	 1.56845	 -0.000498852
182.04	 -0.0469227	 -4.3949e-05	 -0.483733	 -0.00013284	 1.54434	 -0.000514258
182.06	 -0.0465282	 -4.56196e-05	 -0.484008	 -0.000126744	 1.51998	 -0.000529018
182.08	 -0.0461223	 -4.72472e-05	 -0.48437	 -0.000121232	 1.49538	 -0.00054311
182.1	 -0.0457053	 -4.883e-05	 -0.484819	 -0.000116314	 1.47056	 -0.000556516
182.12	 -0.0452776	 -5.03663e-05	 -0.485355	 -0.000112001	 1.44552	 -0.000569216
182.14	 -0.0448392	 -5.18543e-05	 -0.485978	 -0.000108299	 1.42027	 -0.000581192
182.16	 -0.0443906	 -5.32926e-05	 -0.486686	 -0.000105218	 1.39484	 -0.000592428
182.18	 -0.0439319	 -5.46794e-05	 -0.487479	 -0.000102765	 1.36923	 -0.000602908
182.2	 -0.0434635	 -5.60134e-05	 -0.488357	 -0.000100946	 1.34346	 -0.000612616
182.22	 -0.0429857	 -5.7293e-05	 -0.489319	 -9.97667e-05	 1.31753	 -0.000621538
182.24	 -0.0424988	 -5.85168e-05	 -0.490365	 -9.92321e-05	 1.29147	 -0.000629663
182.26	 -0.0420031	 -5.96836e-05	 -0.491494	 -9.93463e-05	 1.26528	 -0.000636977
182.28	 -0.0414991	 -6.0792e-05	 -0.492706	 -0.000100113	 1.23898	 -0.000643471
182.3	 -0.0409869	 -6.18408e-05	 -0.493999	 -0.000101533	 1.21258	 -0.000649135
182.32	 -0.040467	 -6.28289e-05	 -0.495373	 -0.00010361	 1.18609	 -0.000653961
182.34	 -0.0399399	 -6.37553e-05	 -0.496828	 -0.000106345	 1.15953	 -0.00065794
182.36	 -0.0394058	 -6.46188e-05	 -0.498363	 -0.000109736	 1.13291	 -0.000661068
182.38	 -0.0388651	 -6.54186e-05	 -0.499977	 -0.000113784	 1.10624	 -0.000663339
182.4	 -0.0383183	 -6.61539e-05	 -0.501669	 -0.000118487	 1.07955	 -0.000664749
182.42	 -0.0377658	 -6.68238e-05	 -0.503439	 -0.000123843	 1.05283	 -0.000665296
182.44	 -0.037208	 -6.74277e-05	 -0.505286	 -0.000129847	 1.0261	 -0.000664978
182.46	 -0.0366453	 -6.79648e-05	 -0.507209	 -0.000136498	 0.999387	 -0.000663796
182.48	 -0.0360782	 -6.84347e-05	 -0.509207	 -0.000143788	 0.972692	 -0.00066175
182.5	 -0.0355072	 -6.8837e-05	 -0.511279	 -0.000151714	 0.94603	 -0.000658842
182.52	 -0.0349326	 -6.91711e-05	 -0.513425	 -0.000160269	 0.919416	 -0.000655076
182.54	 -0.0343549	 -6.94369e-05	 -0.515644	 -0.000169445	 0.892862	 -0.000650456
182.56	 -0.0337746	 -6.96341e-05	 -0.517935	 -0.000179234	 0.866383	 -0.000644988
182.58	 -0.0331922	 -6.97626e-05	 -0.520296	 -0.000189629	 0.83999	 -0.000638679
182.6	 -0.0326081	 -6.98223e-05	 -0.522728	 -0.000200619	 0.813697	 -0.000631538
182.62	 -0.0320228	 -6.98132e-05	 -0.525229	 -0.000212195	 0.787517	 -0.000623573
182.64	 -0.0314369	 -6.97356e-05	 -0.527798	 -0.000224345	 0.761463	 -0.000614795
182.66	 -0.0308507	 -6.95896e-05	 -0.530435	 -0.000237058	 0.735547	 -0.000605215
182.68	 -0.0302647	 -6.93755e-05	 -0.533138	 -0.000250322	 0.709783	 -0.000594847
182.7	 -0.0296795	 -6.90938e-05	 -0.535906	 -0.000264124	 0.684181	 -0.000583704
182.72	 -0.0290956	 -6.87448e-05	 -0.538739	 -0.000278449	 0.658755	 -0.000571801
182.74	 -0.0285133	 -6.83291e-05	 -0.541635	 -0.000293285	 0.633518	 -0.000559154
182.76	 -0.0279333	 -6.78475e-05	 -0.544594	 -0.000308616	 0.60848	 -0.000545781
182.78	 -0.027356	 -6.73006e-05	 -0.547614	 -0.000324426	 0.583653	 -0.000531699
182.8	 -0.0267819	 -6.66892e-05	 -0.550695	 -0.000340699	 0.55905	 -0.000516928
182.82	 -0.0262114	 -6.60142e-05	 -0.553834	 -0.00035742	 0.534682	 -0.000501487
182.84	 -0.0256451	 -6.52767e-05	 -0.557033	 -0.00037457	 0.510559	 -0.000485399
182.86	 -0.0250835	 -6.44777e-05	 -0.560288	 -0.000392132	 0.486694	 -0.000468685
182.88	 -0.0245269	 -6.36183e-05	 -0.5636	 -0.000410088	 0.463096	 -0.000451368
182.9	 -0.0239759	 -6.26999e-05	 -0.566967	 -0.000428418	 0.439777	 -0.000433472
182.92	 -0.023431	 -6.17236e-05	 -0.570388	 -0.000447105	 0.416747	 -0.000415022
182.94	 -0.0228926	 -6.06909e-05	 -0.573861	 -0.000466128	 0.394015	 -0.000396043
182.96	 -0.0223611	 -5.96032e-05	 -0.577387	 -0.000485468	 0.371593	 -0.000376562
182.98	 -0.0218371	 -5.84621e-05	 -0.580964	 -0.000505104	 0.349488	 -0.000356605
183	 -0.0213209	 -5.72692e-05	 -0.58459	 -0.000525016	 0.327712	 -0.000336201
183.02	 -0.0208131	 -5.60262e-05	 -0.588264	 -0.000545182	 0.306273	 -0.000315378
183.04	 -0.0203139	 -5.47348e-05	 -0.591986	 -0.000565582	 0.285179	 -0.000294164
183.06	 -0.0198239	 -5.33968e-05	 -0.595755	 -0.000586193	 0.26444	 -0.000272591
183.08	 -0.0193434	 -5.20142e-05	 -0.599568	 -0.000606995	 0.244064	 -0.000250687
183.1	 -0.0188728	 -5.05888e-05	 -0.603425	 -0.000627966	 0.224059	 -0.000228484
183.12	 -0.0184127	 -4.91227e-05	 -0.607325	 -0.000649082	 0.204432	 -0.000206012
183.14	 -0.0179632	 -4.76178e-05	 -0.611266	 -0.000670323	 0.185191	 -0.000183305
183.16	 -0.0175248	 -4.60764e-05	 -0.615248	 -0.000691665	 0.166343	 -0.000160392
183.18	 -0.0170978	 -4.45006e-05	 -0.619269	 -0.000713087	 0.147895	 -0.000137307
183.2	 -0.0166826	 -4.28925e-05	 -0.623328	 -0.000734565	 0.129854	 -0.000114083
183.22	 -0.0162796	 -4.12545e-05	 -0.627424	 -0.000756077	 0.112225	 -9.07515e-05
183.24	 -0.015889	 -3.95887e-05	 -0.631555	 -0.000777601	 0.0950155	 -6.73464e-05
183.26	 -0.0155111	 -3.78977e-05	 -0.635721	 -0.000799114	 0.0782302	 -4.39008e-05
183.28	 -0.0151462	 -3.61836e-05	 -0.639919	 -0.000820594	 0.0618746	 -2.0448e-05
183.3	 -0.0147947	 -3.44488e-05	 -0.64415	 -0.000842018	 0.0459537	 2.97877e-06
183.32	 -0.0144568	 -3.26959e-05	 -0.648411	 -0.000863365	 0.0304723	 2.6346e-05
183.34	 -0.0141327	 -3.09273e-05	 -0.652702	 -0.000884611	 0.0154347	 4.96204e-05
183.36	 -0.0138226	 -2.91453e-05	 -0.65702	 -0.000905735	 0.000845066	 7.27688e-05
183.38	 -0.0135269	 -2.73525e-05	 -0.661366	 -0.000926716	 -0.0132929	 9.57579e-05
183.4	 -0.0132457	 -2.55514e-05	 -0.665737	 -0.000947531	 -0.0269758	 0.000118555
183.42	 -0.0129791	 -2.37445e-05	 -0.670132	 -0.00096816	 -0.0402005	 0.000141127
183.44	 -0.0127275	 -2.19343e-05	 -0.67455	 -0.000988582	 -0.0529641	 0.000163442
183.46	 -0.0124908	 -2.01232e-05	 -0.67899	 -0.00100878	 -0.0652642	 0.000185467
183.48	 -0.0122694	 -1.83139e-05	 -0.683451	 -0.00102872	 -0.0770985	 0.000207171
183.5	 -0.0120632	 -1.65087e-05	 -0.68793	 -0.0010484	 -0.0884652	 0.000228523
183.52	 -0.0118725	 -1.47103e-05	 -0.692428	 -0.00106779	 -0.0993626	 0.000249491
183.54	 -0.0116972	 -1.2921e-05	 -0.696942	 -0.00108687	 -0.10979	 0.000270045
183.56	 -0.0115376	 -1.11433e-05	 -0.701471	 -0.00110562	 -0.119745	 0.000290155
183.58	 -0.0113936	 -9.37976e-06	 -0.706014	 -0.00112403	 -0.129228	 0.000309793
183.6	 -0.0112653	 -7.6327e-06	 -0.71057	 -0.00114208	 -0.138239	 0.000328928
183.62	 -0.0111528	 -5.90453e-06	 -0.715137	 -0.00115975	 -0.146778	 0.000347534
183.64	 -0.011056	 -4.19761e-06	 -0.719713	 -0.00117702	 -0.154843	 0.000365583
183.66	 -0.0109749	 -2.51427e-06	 -0.724299	 -0.00119388	 -0.162437	 0.000383047
183.68	 -0.0109096	 -8.56804e-07	 -0.728891	 -0.00121031	 -0.16956	 0.000399903
183.7	 -0.0108599	 7.72549e-07	 -0.73349	 -0.0012263	 -0.176213	 0.000416124
183.72	 -0.0108259	 2.37159e-06	 -0.738093	 -0.00124183	 -0.182396	 0.000431686
183.74	 -0.0108075	 3.93815e-06	 -0.742699	 -0.00125688	 -0.188113	 0.000446566
183.76	 -0.0108046	 5.47015e-06	 -0.747307	 -0.00127145	 -0.193364	 0.000460742
183.78	 -0.0108171	 6.96552e-06	 -0.751916	 -0.00128552	 -0.198152	 0.000474193
183.8	 -0.0108449	 8.42229e-06	 -0.756523	 -0.00129908	 -0.202478	 0.000486897
183.82	 -0.0108878	 9.83852e-06	 -0.761129	 -0.00131212	 -0.206346	 0.000498836
183.84	 -0.0109458	 1.12124e-05	 -0.765731	 -0.00132462	 -0.209759	 0.00050999
183.86	 -0.0110186	 1.2542e-05	 -0.770328	 -0.00133658	 -0.212719	 0.000520344
183.88	 -0.0111061	 1.38257e-05	 -0.774919	 -0.00134799	 -0.215229	 0.000529879
183.9	 -0.0112081	 1.50618e-05	 -0.779503	 -0.00135884	 -0.217294	 0.000538582
183.92	 -0.0113244	 1.62488e-05	 -0.784077	 -0.00136911	 -0.218916	 0.000546438
183.94	 -0.0114548	 1.7385e-05	 -0.788641	 -0.00137881	 -0.2201	 0.000553434
183.96	 -0.0115991	 1.84692e-05	 -0.793194	 -0.00138792	 -0.220849	 0.000559558
183.98	 -0.011757	 1.94999e-05	 -0.797733	 -0.00139644	 -0.221169	 0.0005648
184	 -0.0119282	 2.04759e-05	 -0.802259	 -0.00140437	 -0.221063	 0.000569151
184.02	 -0.0121126	 2.1396e-05	 -0.806768	 -0.0014117	 -0.220536	 0.000572601
184.04	 -0.0123098	 2.22592e-05	 -0.811261	 -0.00141842	 -0.219592	 0.000575144
184.06	 -0.0125196	 2.30643e-05	 -0.815735	 -0.00142454	 -0.218237	 0.000576775
184.08	 -0.0127416	 2.38105e-05	 -0.82019	 -0.00143004	 -0.216476	 0.000577488
184.1	 -0.0129755	 2.4497e-05	 -0.824623	 -0.00143494	 -0.214314	 0.00057728
184.12	 -0.0132211	 2.5123e-05	 -0.829034	 -0.00143922	 -0.211757	 0.000576149
184.14	 -0.013478	 2.56878e-05	 -0.833422	 -0.00144289	 -0.208809	 0.000574095
184.16	 -0.0137458	 2.6191e-05	 -0.837785	 -0.00144595	 -0.205476	 0.000571116
184.18	 -0.0140243	 2.66321e-05	 -0.842121	 -0.0014484	 -0.201764	 0.000567216
184.2	 -0.014313	 2.70107e-05	 -0.84643	 -0.00145023	 -0.19768	 0.000562396
184.22	 -0.0146116	 2.73266e-05	 -0.85071	 -0.00145147	 -0.193228	 0.000556661
184.24	 -0.0149198	 2.75795e-05	 -0.85496	 -0.00145209	 -0.188414	 0.000550016
184.26	 -0.0152372	 2.77695e-05	 -0.859179	 -0.00145212	 -0.183246	 0.000542467
184.28	 -0.0155633	 2.78964e-05	 -0.863365	 -0.00145156	 -0.177728	 0.000534022
184.3	 -0.0158978	 2.79605e-05	 -0.867517	 -0.0014504	 -0.171868	 0.00052469
184.32	 -0.0162403	 2.7962e-05	 -0.871634	 -0.00144866	 -0.16567	 0.00051448
184.34	 -0.0165905	 2.79011e-05	 -0.875714	 -0.00144634	 -0.159143	 0.000503404
184.36	 -0.0169478	 2.77783e-05	 -0.879757	 -0.00144346	 -0.152291	 0.000491474
184.38	 -0.017312	 2.7594e-05	 -0.883761	 -0.00144001	 -0.145121	 0.000478703
184.4	 -0.0176826	 2.73489e-05	 -0.887725	 -0.001436	 -0.137641	 0.000465105
184.42	 -0.0180592	 2.70435e-05	 -0.891648	 -0.00143145	 -0.129855	 0.000450698
184.44	 -0.0184414	 2.66788e-05	 -0.895528	 -0.00142637	 -0.121771	 0.000435496
184.46	 -0.0188287	 2.62554e-05	 -0.899364	 -0.00142076	 -0.113395	 0.000419517
184.48	 -0.0192208	 2.57744e-05	 -0.903156	 -0.00141464	 -0.104733	 0.000402781
184.5	 -0.0196173	 2.52367e-05	 -0.906902	 -0.00140801	 -0.0957913	 0.000385307
184.52	 -0.0200177	 2.46436e-05	 -0.910601	 -0.00140089	 -0.0865771	 0.000367115
184.54	 -0.0204216	 2.39961e-05	 -0.914251	 -0.00139329	 -0.0770964	 0.000348227
184.56	 -0.0208287	 2.32956e-05	 -0.917852	 -0.00138522	 -0.0673554	 0.000328666
184.58	 -0.0212385	 2.25433e-05	 -0.921403	 -0.0013767	 -0.0573605	 0.000308454
184.6	 -0.0216505	 2.17408e-05	 -0.924902	 -0.00136773	 -0.0471179	 0.000287616
184.62	 -0.0220645	 2.08894e-05	 -0.928349	 -0.00135834	 -0.0366338	 0.000266178
184.64	 -0.02248	 1.99908e-05	 -0.931742	 -0.00134854	 -0.0259145	 0.000244163
184.66	 -0.0228966	 1.90467e-05	 -0.93508	 -0.00133834	 -0.0149659	 0.0002216
184.68	 -0.0233139	 1.80586e-05	 -0.938363	 -0.00132776	 -0.00379411	 0.000198516
184.7	 -0.0237315	 1.70283e-05	 -0.941588	 -0.00131681	 0.0075949	 0.000174937
184.72	 -0.0241491	 1.59577e-05	 -0.944757	 -0.0013055	 0.0191952	 0.000150893
184.74	 -0.0245662	 1.48487e-05	 -0.947866	 -0.00129387	 0.0310011	 0.000126412
184.76	 -0.0249825	 1.37032e-05	 -0.950916	 -0.00128191	 0.0430068	 0.000101525
184.78	 -0.0253976	 1.25231e-05	 -0.953905	 -0.00126965	 0.0552065	 7.62613e-05
184.8	 -0.0258112	 1.13105e-05	 -0.956833	 -0.0012571	 0.0675949	 5.06517e-05
184.82	 -0.0262229	 1.00675e-05	 -0.959698	 -0.00124429	 0.0801664	 2.47271e-05
184.84	 -0.0266324	 8.79618e-06	 -0.9625	 -0.00123122	 0.0929156	 -1.4808e-06
184.86	 -0.0270393	 7.49869e-06	 -0.965238	 -0.00121792	 0.105837	 -2.79403e-05
184.88	 -0.0274433	 6.17724e-06	 -0.96791	 -0.0012044	 0.118926	 -5.46193e-05
184.9	 -0.027844	 4.83403e-06	 -0.970517	 -0.00119068	 0.132178	 -8.14853e-05
184.92	 -0.0282413	 3.47133e-06	 -0.973057	 -0.00117678	 0.145586	 -0.000108506
184.94	 -0.0286347	 2.09139e-06	 -0.97553	 -0.00116272	 0.159147	 -0.000135648
184.96	 -0.029024	 6.96522e-07	 -0.977934	 -0.00114851	 0.172856	 -0.000162878
184.98	 -0.0294088	 -7.10974e-07	 -0.980269	 -0.00113417	 0.186707	 -0.000190164
185	 -0.029789	 -2.12877e-06	 -0.982534	 -0.00111973	 0.200698	 -0.000217472
185.02	 -0.0301642	 -3.55453e-06	 -0.984729	 -0.00110519	 0.214822	 -0.00024477
185.04	 -0.0305343	 -4.98592e-06	 -0.986852	 -0.00109058	 0.229076	 -0.000272023
185.06	 -0.0308988	 -6.42058e-06	 -0.988904	 -0.00107592	 0.243457	 -0.000299199
185.08	 -0.0312577	 -7.85617e-06	 -0.990883	 -0.00106122	 0.257958	 -0.000326264
185.1	 -0.0316107	 -9.29034e-06	 -0.992789	 -0.00104649	 0.272578	 -0.000353186
185.12	 -0.0319576	 -1.07208e-05	 -0.99462	 -0.00103177	 0.287311	 -0.000379933
185.14	 -0.0322982	 -1.21451e-05	 -0.996378	 -0.00101706	 0.302154	 -0.000406471
185.16	 -0.0326322	 -1.3561e-05	 -0.99806	 -0.00100238	 0.317105	 -0.000432768
185.18	 -0.0329596	 -1.49663e-05	 -0.999667	 -0.000987759	 0.332158	 -0.000458793
185.2	 -0.0332801	 -1.63585e-05	 -1.0012	 -0.000973202	 0.347311	 -0.000484514
185.22	 -0.0335937	 -1.77356e-05	 -1.00265	 -0.00095873	 0.362561	 -0.0005099
185.24	 -0.0339001	 -1.90951e-05	 -1.00403	 -0.000944359	 0.377904	 -0.000534919
185.26	 -0.0341992	 -2.0435e-05	 -1.00533	 -0.000930106	 0.393338	 -0.000559542
185.28	 -0.0344909	 -2.17531e-05	 -1.00655	 -0.000915988	 0.408859	 -0.000583739
185.3	 -0.0347752	 -2.30472e-05	 -1.00769	 -0.000902019	 0.424465	 -0.00060748
185.32	 -0.0350518	 -2.43153e-05	 -1.00875	 -0.000888217	 0.440153	 -0.000630736
185.34	 -0.0353208	 -2.55553e-05	 -1.00974	 -0.000874596	 0.45592	 -0.000653481
185.36	 -0.035582	 -2.67651e-05	 -1.01064	 -0.000861172	 0.471765	 -0.000675685
185.38	 -0.0358355	 -2.79429e-05	 -1.01146	 -0.000847958	 0.487684	 -0.000697322
185.4	 -0.0360811	 -2.90867e-05	 -1.01221	 -0.000834971	 0.503676	 -0.000718367
185.42	 -0.0363188	 -3.01947e-05	 -1.01287	 -0.000822222	 0.519737	 -0.000738793
185.44	 -0.0365486	 -3.1265e-05	 -1.01345	 -0.000809727	 0.535867	 -0.000758576
185.46	 -0.0367705	 -3.22959e-05	 -1.01395	 -0.000797499	 0.552063	 -0.000777692
185.48	 -0.0369844	 -3.32858e-05	 -1.01437	 -0.000785549	 0.568323	 -0.000796118
185.5	 -0.0371905	 -3.4233e-05	 -1.01471	 -0.000773891	 0.584645	 -0.000813832
185.52	 -0.0373887	 -3.51359e-05	 -1.01496	 -0.000762537	 0.601027	 -0.000830812
185.54	 -0.037579	 -3.59931e-05	 -1.01513	 -0.000751497	 0.617469	 -0.000847038
185.56	 -0.0377615	 -3.6803e-05	 -1.01522	 -0.000740783	 0.633968	 -0.000862491
185.58	 -0.0379363	 -3.75645e-05	 -1.01523	 -0.000730405	 0.650522	 -0.000877152
185.6	 -0.0381034	 -3.82761e-05	 -1.01516	 -0.000720374	 0.66713	 -0.000891003
185.62	 -0.0382629	 -3.89366e-05	 -1.015	 -0.000710698	 0.683791	 -0.000904028
185.64	 -0.0384149	 -3.9545e-05	 -1.01476	 -0.000701387	 0.700504	 -0.000916211
185.66	 -0.0385594	 -4.01002e-05	 -1.01444	 -0.000692449	 0.717266	 -0.000927537
185.68	 -0.0386967	 -4.06011e-05	 -1.01403	 -0.000683893	 0.734077	 -0.000937994
185.7	 -0.0388267	 -4.10469e-05	 -1.01354	 -0.000675724	 0.750935	 -0.000947568
185.72	 -0.0389497	 -4.14367e-05	 -1.01297	 -0.000667951	 0.76784	 -0.000956248
185.74	 -0.0390657	 -4.17698e-05	 -1.01232	 -0.000660579	 0.784789	 -0.000964023
185.76	 -0.039175	 -4.20456e-05	 -1.01158	 -0.000653614	 0.801783	 -0.000970885
185.78	 -0.0392776	 -4.22633e-05	 -1.01076	 -0.000647062	 0.818818	 -0.000976826
185.8	 -0.0393737	 -4.24227e-05	 -1.00986	 -0.000640926	 0.835896	 -0.000981837
185.82	 -0.0394635	 -4.25231e-05	 -1.00887	 -0.000635211	 0.853013	 -0.000985915
185.84	 -0.0395472	 -4.25644e-05	 -1.00781	 -0.00062992	 0.87017	 -0.000989052
185.86	 -0.0396249	 -4.25462e-05	 -1.00666	 -0.000625055	 0.887365	 -0.000991247
185.88	 -0.0396968	 -4.24683e-05	 -1.00543	 -0.00062062	 0.904597	 -0.000992496
185.9	 -0.0397632	 -4.23308e-05	 -1.00411	 -0.000616615	 0.921865	 -0.000992799
185.92	 -0.0398241	 -4.21335e-05	 -1.00272	 -0.000613042	 0.939167	 -0.000992154
185.94	 -0.03988	 -4.18766e-05	 -1.00125	 -0.0006099	 0.956503	 -0.000990563
185.96	 -0.0399308	 -4.15602e-05	 -0.999691	 -0.00060719	 0.973871	 -0.000988027
185.98	 -0.039977	 -4.11846e-05	 -0.998056	 -0.000604912	 0.99127	 -0.000984551
186	 -0.0400186	 -4.07501e-05	 -0.996341	 -0.000603062	 1.0087	 -0.000980138
186.02	 -0.0400559	 -4.02571e-05	 -0.994546	 -0.00060164	 1.02616	 -0.000974794
186.04	 -0.0400892	 -3.97061e-05	 -0.992671	 -0.000600643	 1.04364	 -0.000968525
186.06	 -0.0401187	 -3.90977e-05	 -0.990718	 -0.000600068	 1.06115	 -0.000961339
186.08	 -0.0401446	 -3.84325e-05	 -0.988687	 -0.000599911	 1.07868	 -0.000953245
186.1	 -0.0401671	 -3.77112e-05	 -0.986578	 -0.000600167	 1.09624	 -0.000944252
186.12	 -0.0401866	 -3.69346e-05	 -0.984391	 -0.000600832	 1.11382	 -0.000934372
186.14	 -0.0402032	 -3.61037e-05	 -0.982127	 -0.0006019	 1.13141	 -0.000923616
186.16	 -0.0402172	 -3.52192e-05	 -0.979788	 -0.000603366	 1.14903	 -0.000911998
186.18	 -0.0402289	 -3.42824e-05	 -0.977372	 -0.000605222	 1.16666	 -0.000899531
186.2	 -0.0402385	 -3.32942e-05	 -0.974881	 -0.000607461	 1.1843	 -0.000886231
186.22	 -0.0402462	 -3.22557e-05	 -0.972316	 -0.000610077	 1.20196	 -0.000872113
186.24	 -0.0402523	 -3.11683e-05	 -0.969677	 -0.00061306	 1.21962	 -0.000857194
186.26	 -0.0402571	 -3.00332e-05	 -0.966965	 -0.000616402	 1.2373	 -0.000841494
186.28	 -0.0402607	 -2.88518e-05	 -0.964181	 -0.000620094	 1.25498	 -0.000825029
186.3	 -0.0402636	 -2.76253e-05	 -0.961324	 -0.000624125	 1.27266	 -0.000807821
186.32	 -0.0402658	 -2.63554e-05	 -0.958397	 -0.000628487	 1.29034	 -0.000789889
186.34	 -0.0402676	 -2.50435e-05	 -0.9554	 -0.000633168	 1.30802	 -0.000771256
186.36	 -0.0402694	 -2.36912e-05	 -0.952333	 -0.000638156	 1.3257	 -0.000751944
186.38	 -0.0402713	 -2.23001e-05	 -0.949198	 -0.000643441	 1.34337	 -0.000731975
186.4	 -0.0402736	 -2.0872e-05	 -0.945995	 -0.000649011	 1.36102	 -0.000711375
186.42	 -0.0402764	 -1.94084e-05	 -0.942725	 -0.000654853	 1.37867	 -0.000690166
186.44	 -0.0402802	 -1.79113e-05	 -0.93939	 -0.000660954	 1.3963	 -0.000668376
186.46	 -0.040285	 -1.63823e-05	 -0.935989	 -0.000667302	 1.41391	 -0.000646029
186.48	 -0.040291	 -1.48234e-05	 -0.932525	 -0.000673882	 1.43149	 -0.000623153
186.5	 -0.0402987	 -1.32364e-05	 -0.928997	 -0.000680681	 1.44905	 -0.000599774
186.52	 -0.040308	 -1.16232e-05	 -0.925408	 -0.000687685	 1.46658	 -0.000575922
186.54	 -0.0403193	 -9.9859e-06	 -0.921758	 -0.000694879	 1.48407	 -0.000551623
186.56	 -0.0403327	 -8.32635e-06	 -0.918048	 -0.000702249	 1.50153	 -0.000526907
186.58	 -0.0403485	 -6.64661e-06	 -0.914279	 -0.000709779	 1.51894	 -0.000501804
186.6	 -0.0403668	 -4.9487e-06	 -0.910453	 -0.000717454	 1.53631	 -0.000476343
186.62	 -0.0403879	 -3.23467e-06	 -0.90657	 -0.000725259	 1.55363	 -0.000450555
186.64	 -0.0404119	 -1.5066e-06	 -0.902632	 -0.000733178	 1.57089	 -0.00042447
186.66	 -0.0404389	 2.33418e-07	 -0.898639	 -0.000741195	 1.58809	 -0.000398119
186.68	 -0.0404693	 1.98328e-06	 -0.894594	 -0.000749294	 1.60523	 -0.000371534
186.7	 -0.040503	 3.74089e-06	 -0.890497	 -0.000757459	 1.6223	 -0.000344745
186.72	 -0.0405403	 5.5041e-06	 -0.88635	 -0.000765673	 1.63929	 -0.000317785
186.74	 -0.0405813	 7.2708e-06	 -0.882154	 -0.000773921	 1.65621	 -0.000290685
186.76	 -0.0406261	 9.03886e-06	 -0.87791	 -0.000782185	 1.67304	 -0.000263478
186.78	 -0.0406749	 1.08061e-05	 -0.873619	 -0.000790449	 1.68978	 -0.000236195
186.8	 -0.0407279	 1.25705e-05	 -0.869284	 -0.000798696	 1.70643	 -0.000208869
186.82	 -0.040785	 1.43299e-05	 -0.864904	 -0.000806911	 1.72297	 -0.000181532
186.84	 -0.0408464	 1.60821e-05	 -0.860483	 -0.000815075	 1.73941	 -0.000154216
186.86	 -0.0409122	 1.78251e-05	 -0.856021	 -0.000823173	 1.75574	 -0.000126954
186.88	 -0.0409825	 1.95568e-05	 -0.851519	 -0.000831189	 1.77194	 -9.97762e-05
186.9	 -0.0410574	 2.12751e-05	 -0.846979	 -0.000839105	 1.78803	 -7.2716e-05
186.92	 -0.0411369	 2.29779e-05	 -0.842403	 -0.000846906	 1.80398	 -4.58046e-05
186.94	 -0.041221	 2.46632e-05	 -0.837792	 -0.000854575	 1.81979	 -1.90735e-05
186.96	 -0.0413099	 2.6329e-05	 -0.833148	 -0.000862096	 1.83546	 7.44593e-06
186.98	 -0.0414035	 2.79733e-05	 -0.828472	 -0.000869454	 1.85098	 3.37228e-05
187	 -0.041502	 2.95941e-05	 -0.823765	 -0.000876632	 1.86635	 5.97266e-05
187.02	 -0.0416052	 3.11896e-05	 -0.81903	 -0.000883616	 1.88154	 8.54269e-05
187.04	 -0.0417132	 3.27577e-05	 -0.814268	 -0.00089039	 1.89657	 0.000110794
187.06	 -0.0418261	 3.42967e-05	 -0.809481	 -0.000896938	 1.91143	 0.000135798
187.08	 -0.0419437	 3.58046e-05	 -0.80467	 -0.000903248	 1.92609	 0.000160411
187.1	 -0.0420661	 3.72798e-05	 -0.799836	 -0.000909304	 1.94057	 0.000184603
187.12	 -0.0421933	 3.87204e-05	 -0.794983	 -0.000915091	 1.95485	 0.000208348
187.14	 -0.0423251	 4.01247e-05	 -0.79011	 -0.000920598	 1.96892	 0.000231617
187.16	 -0.0424615	 4.14911e-05	 -0.785221	 -0.000925809	 1.98278	 0.000254384
187.18	 -0.0426026	 4.28179e-05	 -0.780317	 -0.000930713	 1.99641	 0.000276623
187.2	 -0.0427481	 4.41035e-05	 -0.775398	 -0.000935297	 2.00982	 0.000298309
187.22	 -0.0428981	 4.53464e-05	 -0.770468	 -0.000939549	 2.023	 0.000319416
187.24	 -0.0430523	 4.65451e-05	 -0.765529	 -0.000943457	 2.03593	 0.000339921
187.26	 -0.0432108	 4.76981e-05	 -0.76058	 -0.000947011	 2.04861	 0.000359801
187.28	 -0.0433734	 4.88042e-05	 -0.755626	 -0.000950198	 2.06103	 0.000379033
187.3	 -0.04354	 4.98618e-05	 -0.750666	 -0.000953011	 2.07319	 0.000397596
187.32	 -0.0437104	 5.08699e-05	 -0.745704	 -0.000955438	 2.08507	 0.000415468
187.34	 -0.0438846	 5.18271e-05	 -0.740741	 -0.00095747	 2.09667	 0.00043263
187.36	 -0.0440623	 5.27322e-05	 -0.735778	 -0.0009591	 2.10799	 0.000449064
187.38	 -0.0442434	 5.35843e-05	 -0.730818	 -0.00096032	 2.11901	 0.00046475
187.4	 -0.0444277	 5.43821e-05	 -0.725862	 -0.000961121	 2.12972	 0.000479671
187.42	 -0.0446151	 5.51248e-05	 -0.720913	 -0.000961497	 2.14012	 0.000493813
187.44	 -0.0448053	 5.58113e-05	 -0.715971	 -0.000961442	 2.15021	 0.000507158
187.46	 -0.0449982	 5.64409e-05	 -0.711039	 -0.000960951	 2.15997	 0.000519694
187.48	 -0.0451936	 5.70127e-05	 -0.706119	 -0.000960018	 2.16939	 0.000531406
187.5	 -0.0453912	 5.7526e-05	 -0.701213	 -0.000958639	 2.17848	 0.000542283
187.52	 -0.0455909	 5.79801e-05	 -0.696321	 -0.000956811	 2.18722	 0.000552313
187.54	 -0.0457924	 5.83743e-05	 -0.691447	 -0.000954531	 2.1956	 0.000561487
187.56	 -0.0459955	 5.87082e-05	 -0.686592	 -0.000951796	 2.20362	 0.000569795
187.58	 -0.0461999	 5.89811e-05	 -0.681757	 -0.000948605	 2.21127	 0.000577229
187.6	 -0.0464054	 5.91928e-05	 -0.676946	 -0.000944956	 2.21854	 0.000583783
187.62	 -0.0466118	 5.93428e-05	 -0.672158	 -0.00094085	 2.22543	 0.00058945
187.64	 -0.0468187	 5.94309e-05	 -0.667397	 -0.000936287	 2.23192	 0.000594227
187.66	 -0.047026	 5.94568e-05	 -0.662664	 -0.000931268	 2.23803	 0.000598108
187.68	 -0.0472333	 5.94203e-05	 -0.65796	 -0.000925794	 2.24372	 0.000601093
187.7	 -0.0474404	 5.93214e-05	 -0.653288	 -0.00091987	 2.24901	 0.000603179
187.72	 -0.047647	 5.91599e-05	 -0.648649	 -0.000913496	 2.25388	 0.000604367
187.74	 -0.0478528	 5.8936e-05	 -0.644046	 -0.000906678	 2.25833	 0.000604656
187.76	 -0.0480575	 5.86498e-05	 -0.639479	 -0.00089942	 2.26235	 0.00060405
187.78	 -0.0482608	 5.83013e-05	 -0.63495	 -0.000891727	 2.26594	 0.000602551
187.8	 -0.0484625	 5.78908e-05	 -0.630462	 -0.000883605	 2.26908	 0.000600164
187.82	 -0.0486622	 5.74186e-05	 -0.626015	 -0.000875061	 2.27178	 0.000596893
187.84	 -0.0488596	 5.68851e-05	 -0.621612	 -0.000866103	 2.27403	 0.000592746
187.86	 -0.0490545	 5.62906e-05	 -0.617255	 -0.000856737	 2.27583	 0.000587729
187.88	 -0.0492464	 5.56357e-05	 -0.612944	 -0.000846972	 2.27716	 0.000581851
187.9	 -0.0494352	 5.49208e-05	 -0.608681	 -0.000836819	 2.27803	 0.000575122
187.92	 -0.0496205	 5.41466e-05	 -0.604469	 -0.000826286	 2.27843	 0.000567553
187.94	 -0.0498019	 5.33137e-05	 -0.600308	 -0.000815385	 2.27836	 0.000559155
187.96	 -0.0499793	 5.24229e-05	 -0.5962	 -0.000804126	 2.27781	 0.000549941
187.98	 -0.0501521	 5.14749e-05	 -0.592147	 -0.000792521	 2.27678	 0.000539924
188	 -0.0503203	 5.04707e-05	 -0.58815	 -0.000780582	 2.27526	 0.00052912
188.02	 -0.0504834	 4.9411e-05	 -0.58421	 -0.000768323	 2.27325	 0.000517545
188.04	 -0.0506411	 4.82968e-05	 -0.58033	 -0.000755757	 2.27076	 0.000505214
188.06	 -0.0507931	 4.71292e-05	 -0.57651	 -0.000742898	 2.26776	 0.000492146
188.08	 -0.0509391	 4.59092e-05	 -0.572752	 -0.00072976	 2.26428	 0.00047836
188.1	 -0.0510789	 4.46379e-05	 -0.569057	 -0.000716358	 2.26029	 0.000463874
188.12	 -0.051212	 4.33166e-05	 -0.565427	 -0.000702708	 2.2558	 0.000448709
188.14	 -0.0513383	 4.19464e-05	 -0.561863	 -0.000688827	 2.25081	 0.000432886
188.16	 -0.0514574	 4.05286e-05	 -0.558365	 -0.000674729	 2.24532	 0.000416427
188.18	 -0.051569	 3.90646e-05	 -0.554936	 -0.000660433	 2.23932	 0.000399355
188.2	 -0.0516728	 3.75558e-05	 -0.551577	 -0.000645956	 2.23282	 0.000381694
188.22	 -0.0517686	 3.60036e-05	 -0.548288	 -0.000631315	 2.22581	 0.000363467
188.24	 -0.051856	 3.44094e-05	 -0.545072	 -0.000616528	 2.2183	 0.000344701
188.26	 -0.0519349	 3.27748e-05	 -0.541928	 -0.000601614	 2.21028	 0.00032542
188.28	 -0.0520049	 3.11013e-05	 -0.538858	 -0.000586591	 2.20175	 0.00030565
188.3	 -0.0520658	 2.93906e-05	 -0.535863	 -0.000571479	 2.19272	 0.00028542
188.32	 -0.0521173	 2.76443e-05	 -0.532945	 -0.000556296	 2.18319	 0.000264756
188.34	 -0.0521592	 2.58642e-05	 -0.530103	 -0.000541062	 2.17316	 0.000243686
188.36	 -0.0521913	 2.40518e-05	 -0.52734	 -0.000525797	 2.16262	 0.000222239
188.38	 -0.0522132	 2.22091e-05	 -0.524655	 -0.000510521	 2.15158	 0.000200444
188.4	 -0.0522248	 2.03378e-05	 -0.522051	 -0.000495253	 2.14005	 0.000178331
188.42	 -0.052226	 1.84397e-05	 -0.519526	 -0.000480014	 2.12803	 0.000155929
188.44	 -0.0522163	 1.65168e-05	 -0.517083	 -0.000464825	 2.11552	 0.000133269
188.46	 -0.0521958	 1.45709e-05	 -0.514723	 -0.000449704	 2.10252	 0.000110381
188.48	 -0.0521642	 1.2604e-05	 -0.512445	 -0.000434674	 2.08903	 8.72966e-05
188.5	 -0.0521212	 1.0618e-05	 -0.510251	 -0.000419754	 2.07507	 6.40464e-05
188.52	 -0.0520669	 8.61488e-06	 -0.50814	 -0.000404964	 2.06063	 4.0662e-05
188.54	 -0.0520009	 6.59668e-06	 -0.506115	 -0.000390326	 2.04572	 1.71749e-05
188.56	 -0.0519232	 4.56541e-06	 -0.504175	 -0.000375859	 2.03035	 -6.38329e-06
188.58	 -0.0518336	 2.52312e-06	 -0.502321	 -0.000361584	 2.01452	 -2.99807e-05
188.6	 -0.051732	 4.7187e-07	 -0.500553	 -0.00034752	 1.99823	 -5.35856e-05
188.62	 -0.0516183	 -1.58626e-06	 -0.498871	 -0.000333689	 1.98149	 -7.7166e-05
188.64	 -0.0514925	 -3.64917e-06	 -0.497277	 -0.000320108	 1.96431	 -0.00010069
188.66	 -0.0513543	 -5.71477e-06	 -0.495771	 -0.000306799	 1.9467	 -0.000124126
188.68	 -0.0512038	 -7.78093e-06	 -0.494352	 -0.000293781	 1.92866	 -0.000147443
188.7	 -0.051041	 -9.84554e-06	 -0.493022	 -0.000281072	 1.91019	 -0.000170608
188.72	 -0.0508657	 -1.19065e-05	 -0.49178	 -0.000268692	 1.89132	 -0.000193591
188.74	 -0.0506779	 -1.39616e-05	 -0.490627	 -0.000256659	 1.87203	 -0.000216361
188.76	 -0.0504777	 -1.60087e-05	 -0.489562	 -0.00024499	 1.85235	 -0.000238886
188.78	 -0.0502649	 -1.80458e-05	 -0.488587	 -0.000233705	 1.83228	 -0.000261136
188.8	 -0.0500398	 -2.00707e-05	 -0.487701	 -0.00022282	 1.81183	 -0.000283082
188.82	 -0.0498022	 -2.20812e-05	 -0.486903	 -0.000212352	 1.791	 -0.000304693
188.84	 -0.0495522	 -2.40752e-05	 -0.486195	 -0.000202317	 1.76981	 -0.00032594
188.86	 -0.0492898	 -2.60507e-05	 -0.485577	 -0.000192732	 1.74827	 -0.000346794
188.88	 -0.0490152	 -2.80054e-05	 -0.485047	 -0.000183613	 1.72639	 -0.000367227
188.9	 -0.0487284	 -2.99374e-05	 -0.484607	 -0.000174973	 1.70417	 -0.000387211
188.92	 -0.0484296	 -3.18446e-05	 -0.484255	 -0.000166828	 1.68163	 -0.000406719
188.94	 -0.0481187	 -3.37249e-05	 -0.483993	 -0.000159191	 1.65878	 -0.000425725
188.96	 -0.047796	 -3.55762e-05	 -0.483819	 -0.000152076	 1.63562	 -0.000444202
188.98	 -0.0474616	 -3.73966e-05	 -0.483734	 -0.000145495	 1.61218	 -0.000462126
189	 -0.0471157	 -3.9184e-05	 -0.483737	 -0.000139461	 1.58845	 -0.000479472
189.02	 -0.0467583	 -4.09366e-05	 -0.483828	 -0.000133984	 1.56446	 -0.000496216
189.04	 -0.0463898	 -4.26524e-05	 -0.484007	 -0.000129076	 1.5402	 -0.000512335
189.06	 -0.0460102	 -4.43295e-05	 -0.484274	 -0.000124746	 1.51571	 -0.000527808
189.08	 -0.0456198	 -4.59661e-05	 -0.484627	 -0.000121004	 1.49098	 -0.000542612
189.1	 -0.0452189	 -4.75603e-05	 -0.485068	 -0.000117859	 1.46603	 -0.000556729
189.12	 -0.0448076	 -4.91104e-05	 -0.485595	 -0.000115319	 1.44086	 -0.000570137
189.14	 -0.0443862	 -5.06147e-05	 -0.486208	 -0.00011339	 1.41551	 -0.00058282
189.16	 -0.0439549	 -5.20715e-05	 -0.486906	 -0.00011208	 1.38997	 -0.000594759
189.18	 -0.0435141	 -5.34792e-05	 -0.48769	 -0.000111394	 1.36425	 -0.000605938
189.2	 -0.0430641	 -5.48361e-05	 -0.488558	 -0.000111337	 1.33838	 -0.000616341
189.22	 -0.042605	 -5.61407e-05	 -0.48951	 -0.000111914	 1.31236	 -0.000625954
189.24	 -0.0421373	 -5.73917e-05	 -0.490545	 -0.000113127	 1.28621	 -0.000634764
189.26	 -0.0416612	 -5.85874e-05	 -0.491664	 -0.000114979	 1.25994	 -0.000642758
189.28	 -0.0411771	 -5.97267e-05	 -0.492865	 -0.000117473	 1.23357	 -0.000649925
189.3	 -0.0406853	 -6.08082e-05	 -0.494147	 -0.000120608	 1.2071	 -0.000656256
189.32	 -0.0401862	 -6.18307e-05	 -0.495511	 -0.000124387	 1.18055	 -0.000661741
189.34	 -0.0396802	 -6.27929e-05	 -0.496955	 -0.000128807	 1.15393	 -0.000666372
189.36	 -0.0391675	 -6.36939e-05	 -0.498478	 -0.000133867	 1.12727	 -0.000670143
189.38	 -0.0386487	 -6.45325e-05	 -0.500081	 -0.000139566	 1.10056	 -0.000673049
189.4	 -0.038124	 -6.53079e-05	 -0.501762	 -0.0001459	 1.07382	 -0.000675085
189.42	 -0.037594	 -6.60191e-05	 -0.503521	 -0.000152866	 1.04707	 -0.000676248
189.44	 -0.0370589	 -6.66653e-05	 -0.505356	 -0.000160458	 1.02032	 -0.000676537
189.46	 -0.0365193	 -6.72458e-05	 -0.507267	 -0.000168673	 0.993591	 -0.00067595
189.48	 -0.0359755	 -6.77599e-05	 -0.509254	 -0.000177502	 0.966884	 -0.00067449
189.5	 -0.0354279	 -6.82071e-05	 -0.511315	 -0.000186941	 0.940218	 -0.000672156
189.52	 -0.0348771	 -6.85868e-05	 -0.51345	 -0.00019698	 0.913605	 -0.000668953
189.54	 -0.0343234	 -6.88987e-05	 -0.515657	 -0.000207612	 0.887059	 -0.000664884
189.56	 -0.0337673	 -6.91425e-05	 -0.517937	 -0.000218828	 0.860594	 -0.000659956
189.58	 -0.0332092	 -6.93178e-05	 -0.520287	 -0.000230616	 0.834222	 -0.000654173
189.6	 -0.0326497	 -6.94246e-05	 -0.522708	 -0.000242968	 0.807956	 -0.000647546
189.62	 -0.032089	 -6.94627e-05	 -0.525198	 -0.000255871	 0.781808	 -0.000640082
189.64	 -0.0315278	 -6.94322e-05	 -0.527756	 -0.000269314	 0.755793	 -0.000631791
189.66	 -0.0309665	 -6.93332e-05	 -0.530381	 -0.000283284	 0.729922	 -0.000622686
189.68	 -0.0304055	 -6.91659e-05	 -0.533073	 -0.000297767	 0.704208	 -0.000612777
189.7	 -0.0298453	 -6.89305e-05	 -0.535831	 -0.00031275	 0.678663	 -0.00060208
189.72	 -0.0292864	 -6.86274e-05	 -0.538653	 -0.000328217	 0.6533	 -0.000590609
189.74	 -0.0287293	 -6.82572e-05	 -0.541539	 -0.000344155	 0.62813	 -0.00057838
189.76	 -0.0281743	 -6.78202e-05	 -0.544487	 -0.000360546	 0.603166	 -0.000565409
189.78	 -0.0276221	 -6.73172e-05	 -0.547497	 -0.000377374	 0.578419	 -0.000551714
189.8	 -0.027073	 -6.67488e-05	 -0.550567	 -0.000394623	 0.5539	 -0.000537315
189.82	 -0.0265275	 -6.6116e-05	 -0.553697	 -0.000412275	 0.529621	 -0.000522232
189.84	 -0.025986	 -6.54194e-05	 -0.556886	 -0.000430312	 0.505594	 -0.000506485
189.86	 -0.0254491	 -6.46603e-05	 -0.560132	 -0.000448716	 0.481828	 -0.000490097
189.88	 -0.0249172	 -6.38395e-05	 -0.563434	 -0.000467467	 0.458335	 -0.00047309
189.9	 -0.0243907	 -6.29582e-05	 -0.566792	 -0.000486547	 0.435125	 -0.000455488
189.92	 -0.02387	 -6.20178e-05	 -0.570204	 -0.000505935	 0.412209	 -0.000437316
189.94	 -0.0233557	 -6.10194e-05	 -0.573669	 -0.000525612	 0.389596	 -0.000418599
189.96	 -0.0228482	 -5.99644e-05	 -0.577186	 -0.000545557	 0.367296	 -0.000399364
189.98	 -0.0223478	 -5.88544e-05	 -0.580754	 -0.000565749	 0.345318	 -0.000379636
190	 -0.021855	 -5.76909e-05	 -0.584372	 -0.000586167	 0.323672	 -0.000359445
190.02	 -0.0213702	 -5.64754e-05	 -0.588039	 -0.000606791	 0.302367	 -0.000338819
190.04	 -0.0208938	 -5.52097e-05	 -0.591753	 -0.000627597	 0.281412	 -0.000317785
190.06	 -0.0204262	 -5.38956e-05	 -0.595514	 -0.000648566	 0.260814	 -0.000296375
190.08	 -0.0199679	 -5.25348e-05	 -0.59932	 -0.000669674	 0.240582	 -0.000274618
190.1	 -0.0195191	 -5.11293e-05	 -0.60317	 -0.000690899	 0.220724	 -0.000252545
190.12	 -0.0190802	 -4.96809e-05	 -0.607063	 -0.000712219	 0.201248	 -0.000230187
190.14	 -0.0186517	 -4.81918e-05	 -0.610998	 -0.000733612	 0.18216	 -0.000207576
190.16	 -0.0182337	 -4.6664e-05	 -0.614974	 -0.000755056	 0.163468	 -0.000184744
190.18	 -0.0178268	 -4.50996e-05	 -0.618989	 -0.000776528	 0.145178	 -0.000161722
190.2	 -0.0174312	 -4.35007e-05	 -0.623042	 -0.000798005	 0.127297	 -0.000138544
190.22	 -0.0170472	 -4.18698e-05	 -0.627132	 -0.000819465	 0.10983	 -0.000115243
190.24	 -0.0166751	 -4.02089e-05	 -0.631258	 -0.000840885	 0.0927841	 -9.18511e-05
190.26	 -0.0163152	 -3.85204e-05	 -0.635419	 -0.000862244	 0.076164	 -6.84022e-05
190.28	 -0.0159678	 -3.68067e-05	 -0.639612	 -0.000883519	 0.0599749	 -4.49294e-05
190.3	 -0.0156331	 -3.50701e-05	 -0.643838	 -0.000904688	 0.0442216	 -2.14663e-05
190.32	 -0.0153114	 -3.33131e-05	 -0.648095	 -0.000925728	 0.0289087	 1.95392e-06
190.34	 -0.0150029	 -3.15382e-05	 -0.652382	 -0.000946619	 0.0140403	 2.52977e-05
190.36	 -0.0147079	 -2.97477e-05	 -0.656697	 -0.000967339	 -0.000379625	 4.85318e-05
190.38	 -0.0144265	 -2.79442e-05	 -0.661038	 -0.000987866	 -0.0143476	 7.16229e-05
190.4	 -0.014159	 -2.61303e-05	 -0.665406	 -0.00100818	 -0.0278603	 9.45381e-05
190.42	 -0.0139054	 -2.43084e-05	 -0.669798	 -0.00102826	 -0.0409149	 0.000117244
190.44	 -0.013666	 -2.24811e-05	 -0.674214	 -0.00104808	 -0.0535087	 0.00013971
190.46	 -0.013441	 -2.06509e-05	 -0.678651	 -0.00106763	 -0.0656395	 0.000161901
190.48	 -0.0132303	 -1.88204e-05	 -0.683109	 -0.00108688	 -0.0773051	 0.000183787
190.5	 -0.0130343	 -1.69922e-05	 -0.687587	 -0.00110583	 -0.088504	 0.000205337
190.52	 -0.0128529	 -1.51687e-05	 -0.692082	 -0.00112443	 -0.0992347	 0.000226518
190.54	 -0.0126862	 -1.33525e-05	 -0.696595	 -0.00114269	 -0.109496	 0.000247301
190.56	 -0.0125343	 -1.15461e-05	 -0.701122	 -0.00116058	 -0.119288	 0.000267655
190.58	 -0.0123973	 -9.7521e-06	 -0.705664	 -0.00117808	 -0.128608	 0.000287551
190.6	 -0.0122752	 -7.97291e-06	 -0.710219	 -0.00119517	 -0.137459	 0.000306961
190.62	 -0.012168	 -6.21101e-06	 -0.714785	 -0.00121185	 -0.145838	 0.000325856
190.64	 -0.0120758	 -4.46884e-06	 -0.719361	 -0.00122809	 -0.153747	 0.000344208
190.66	 -0.0119984	 -2.7488e-06	 -0.723946	 -0.00124388	 -0.161187	 0.000361991
190.68	 -0.0119359	 -1.05325e-06	 -0.728538	 -0.0012592	 -0.168158	 0.000379179
190.7	 -0.0118883	 6.15464e-07	 -0.733136	 -0.00127405	 -0.174661	 0.000395746
190.72	 -0.0118555	 2.25506e-06	 -0.73774	 -0.0012884	 -0.180699	 0.000411669
190.74	 -0.0118373	 3.86329e-06	 -0.742346	 -0.00130224	 -0.186272	 0.000426924
190.76	 -0.0118339	 5.43797e-06	 -0.746955	 -0.00131556	 -0.191382	 0.000441488
190.78	 -0.0118449	 6.97695e-06	 -0.751564	 -0.00132835	 -0.196033	 0.000455339
190.8	 -0.0118703	 8.47814e-06	 -0.756173	 -0.0013406	 -0.200226	 0.000468458
190.82	 -0.0119101	 9.93951e-06	 -0.76078	 -0.0013523	 -0.203964	 0.000480823
190.84	 -0.011964	 1.13591e-05	 -0.765383	 -0.00136344	 -0.20725	 0.000492418
190.86	 -0.0120318	 1.2735e-05	 -0.769982	 -0.001374	 -0.210087	 0.000503223
190.88	 -0.0121135	 1.40654e-05	 -0.774574	 -0.00138399	 -0.212478	 0.000513223
190.9	 -0.0122088	 1.53486e-05	 -0.77916	 -0.00139338	 -0.214428	 0.000522402
190.92	 -0.0123175	 1.65827e-05	 -0.783736	 -0.00140219	 -0.215939	 0.000530746
190.94	 -0.0124395	 1.77663e-05	 -0.788302	 -0.00141039	 -0.217016	 0.000538241
190.96	 -0.0125744	 1.88978e-05	 -0.792857	 -0.00141799	 -0.217664	 0.000544875
190.98	 -0.0127221	 1.99757e-05	 -0.797399	 -0.00142499	 -0.217885	 0.000550638
191	 -0.0128823	 2.09986e-05	 -0.801927	 -0.00143136	 -0.217686	 0.00055552
191.02	 -0.0130548	 2.19653e-05	 -0.80644	 -0.00143712	 -0.21707	 0.000559511
191.04	 -0.0132393	 2.28746e-05	 -0.810935	 -0.00144226	 -0.216042	 0.000562606
191.06	 -0.0134355	 2.37253e-05	 -0.815413	 -0.00144678	 -0.214608	 0.000564797
191.08	 -0.0136431	 2.45165e-05	 -0.81987	 -0.00145068	 -0.212772	 0.00056608
191.1	 -0.0138618	 2.52471e-05	 -0.824307	 -0.00145395	 -0.21054	 0.000566451
191.12	 -0.0140914	 2.59164e-05	 -0.828722	 -0.0014566	 -0.207917	 0.000565907
191.14	 -0.0143315	 2.65236e-05	 -0.833114	 -0.00145863	 -0.204909	 0.000564448
191.16	 -0.0145817	 2.70681e-05	 -0.83748	 -0.00146004	 -0.201521	 0.000562072
191.18	 -0.0148418	 2.75492e-05	 -0.841821	 -0.00146084	 -0.197759	 0.000558782
191.2	 -0.0151114	 2.79666e-05	 -0.846134	 -0.00146102	 -0.193629	 0.00055458
191.22	 -0.0153902	 2.83199e-05	 -0.850419	 -0.00146059	 -0.189136	 0.000549469
191.24	 -0.0156778	 2.86088e-05	 -0.854673	 -0.00145955	 -0.184288	 0.000543453
191.26	 -0.0159738	 2.88332e-05	 -0.858897	 -0.00145792	 -0.179089	 0.00053654
191.28	 -0.0162779	 2.89929e-05	 -0.863088	 -0.00145569	 -0.173546	 0.000528737
191.3	 -0.0165898	 2.9088e-05	 -0.867245	 -0.00145287	 -0.167665	 0.00052005
191.32	 -0.016909	 2.91187e-05	 -0.871367	 -0.00144947	 -0.161453	 0.000510491
191.34	 -0.0172352	 2.90852e-05	 -0.875453	 -0.0014455	 -0.154915	 0.00050007
191.36	 -0.017568	 2.89877e-05	 -0.879501	 -0.00144097	 -0.148058	 0.000488798
191.38	 -0.017907	 2.88267e-05	 -0.883511	 -0.00143588	 -0.140889	 0.000476689
191.4	 -0.0182518	 2.86028e-05	 -0.88748	 -0.00143025	 -0.133413	 0.000463756
191.42	 -0.0186021	 2.83165e-05	 -0.891409	 -0.00142408	 -0.125637	 0.000450015
191.44	 -0.0189574	 2.79685e-05	 -0.895295	 -0.00141738	 -0.117567	 0.000435481
191.46	 -0.0193174	 2.75596e-05	 -0.899138	 -0.00141017	 -0.10921	 0.000420173
191.48	 -0.0196816	 2.70907e-05	 -0.902937	 -0.00140246	 -0.100571	 0.000404107
191.5	 -0.0200498	 2.65629e-05	 -0.906689	 -0.00139427	 -0.0916587	 0.000387304
191.52	 -0.0204215	 2.5977e-05	 -0.910395	 -0.00138559	 -0.0824776	 0.000369784
191.54	 -0.0207963	 2.53344e-05	 -0.914052	 -0.00137645	 -0.0730345	 0.000351567
191.56	 -0.0211738	 2.46362e-05	 -0.91766	 -0.00136686	 -0.0633356	 0.000332675
191.58	 -0.0215536	 2.38837e-05	 -0.921218	 -0.00135684	 -0.0533871	 0.000313131
191.6	 -0.0219355	 2.30784e-05	 -0.924725	 -0.0013464	 -0.0431951	 0.00029296
191.62	 -0.0223189	 2.22217e-05	 -0.928179	 -0.00133554	 -0.0327659	 0.000272185
191.64	 -0.0227035	 2.13151e-05	 -0.93158	 -0.0013243	 -0.0221055	 0.000250831
191.66	 -0.023089	 2.03604e-05	 -0.934926	 -0.00131269	 -0.0112198	 0.000228925
191.68	 -0.023475	 1.93591e-05	 -0.938217	 -0.00130071	 -0.000114859	 0.000206494
191.7	 -0.023861	 1.8313e-05	 -0.941451	 -0.00128839	 0.0112036	 0.000183563
191.72	 -0.0242469	 1.7224e-05	 -0.944628	 -0.00127575	 0.0227297	 0.000160163
191.74	 -0.0246321	 1.60939e-05	 -0.947746	 -0.0012628	 0.0344577	 0.000136321
191.76	 -0.0250165	 1.49247e-05	 -0.950805	 -0.00124955	 0.0463821	 0.000112066
191.78	 -0.0253995	 1.37185e-05	 -0.953803	 -0.00123603	 0.0584974	 8.74274e-05
191.8	 -0.025781	 1.24771e-05	 -0.95674	 -0.00122225	 0.070798	 6.24363e-05
191.82	 -0.0261605	 1.12028e-05	 -0.959614	 -0.00120824	 0.0832786	 3.71229e-05
191.84	 -0.0265378	 9.89774e-06	 -0.962426	 -0.001194	 0.0959341	 1.1518e-05
191.86	 -0.0269126	 8.56404e-06	 -0.965173	 -0.00117956	 0.108759	 -1.43469e-05
191.88	 -0.0272845	 7.20397e-06	 -0.967855	 -0.00116493	 0.121749	 -4.04402e-05
191.9	 -0.0276532	 5.8198e-06	 -0.970472	 -0.00115014	 0.134898	 -6.673e-05
191.92	 -0.0280186	 4.41383e-06	 -0.973022	 -0.00113519	 0.148203	 -9.31842e-05
191.94	 -0.0283802	 2.98839e-06	 -0.975505	 -0.00112012	 0.161657	 -0.00011977
191.96	 -0.0287379	 1.54584e-06	 -0.977919	 -0.00110494	 0.175257	 -0.000146456
191.98	 -0.0290914	 8.85489e-08	 -0.980265	 -0.00108966	 0.188999	 -0.000173208
192	 -0.0294404	 -1.38108e-06	 -0.98254	 -0.00107431	 0.202876	 -0.000199994
192.02	 -0.0297847	 -2.86065e-06	 -0.984746	 -0.0010589	 0.216887	 -0.000226782
192.04	 -0.030124	 -4.34772e-06	 -0.98688	 -0.00104345	 0.231025	 -0.000253538
192.06	 -0.0304583	 -5.83988e-06	 -0.988943	 -0.00102799	 0.245288	 -0.00028023
192.08	 -0.0307871	 -7.33468e-06	 -0.990932	 -0.00101252	 0.259672	 -0.000306825
192.1	 -0.0311105	 -8.82969e-06	 -0.992849	 -0.000997068	 0.274172	 -0.000333291
192.12	 -0.0314281	 -1.03225e-05	 -0.994692	 -0.000981653	 0.288785	 -0.000359596
192.14	 -0.0317398	 -1.18106e-05	 -0.996461	 -0.000966291	 0.303507	 -0.000385707
192.16	 -0.0320454	 -1.32917e-05	 -0.998155	 -0.000951	 0.318336	 -0.000411592
192.18	 -0.0323448	 -1.47633e-05	 -0.999773	 -0.000935796	 0.333267	 -0.000437221
192.2	 -0.0326379	 -1.62231e-05	 -1.00131	 -0.000920698	 0.348297	 -0.000462561
192.22	 -0.0329244	 -1.76686e-05	 -1.00278	 -0.000905723	 0.363424	 -0.000487582
192.24	 -0.0332044	 -1.90976e-05	 -1.00417	 -0.000890886	 0.378644	 -0.000512253
192.26	 -0.0334777	 -2.05077e-05	 -1.00548	 -0.000876206	 0.393955	 -0.000536545
192.28	 -0.0337441	 -2.18967e-05	 -1.00671	 -0.000861698	 0.409353	 -0.000560428
192.3	 -0.0340037	 -2.32623e-05	 -1.00786	 -0.000847378	 0.424837	 -0.000583873
192.32	 -0.0342563	 -2.46023e-05	 -1.00894	 -0.000833262	 0.440403	 -0.000606852
192.34	 -0.0345018	 -2.59145e-05	 -1.00993	 -0.000819366	 0.456049	 -0.000629336
192.36	 -0.0347403	 -2.71968e-05	 -1.01085	 -0.000805703	 0.471773	 -0.000651298
192.38	 -0.0349717	 -2.84471e-05	 -1.01169	 -0.00079229	 0.487573	 -0.000672712
192.4	 -0.035196	 -2.96634e-05	 -1.01244	 -0.000779139	 0.503446	 -0.000693552
192.42	 -0.035413	 -3.08437e-05	 -1.01311	 -0.000766266	 0.51939	 -0.000713793
192.44	 -0.035623	 -3.1986e-05	 -1.01371	 -0.000753683	 0.535404	 -0.00073341
192.46	 -0.0358257	 -3.30886e-05	 -1.01422	 -0.000741404	 0.551485	 -0.000752379
192.48	 -0.0360214	 -3.41496e-05	 -1.01465	 -0.00072944	 0.567632	 -0.000770678
192.5	 -0.0362099	 -3.51672e-05	 -1.015	 -0.000717805	 0.583843	 -0.000788284
192.52	 -0.0363913	 -3.61398e-05	 -1.01526	 -0.000706509	 0.600116	 -0.000805177
192.54	 -0.0365658	 -3.70658e-05	 -1.01545	 -0.000695564	 0.61645	 -0.000821336
192.56	 -0.0367332	 -3.79435e-05	 -1.01555	 -0.000684981	 0.632843	 -0.000836741
192.58	 -0.0368938	 -3.87716e-05	 -1.01557	 -0.00067477	 0.649293	 -0.000851375
192.6	 -0.0370475	 -3.95486e-05	 -1.0155	 -0.00066494	 0.665801	 -0.000865219
192.62	 -0.0371945	 -4.02732e-05	 -1.01535	 -0.0006555	 0.682363	 -0.000878258
192.64	 -0.0373349	 -4.09441e-05	 -1.01512	 -0.000646459	 0.698979	 -0.000890474
192.66	 -0.0374687	 -4.15602e-05	 -1.01481	 -0.000637826	 0.715647	 -0.000901855
192.68	 -0.0375962	 -4.21204e-05	 -1.01442	 -0.000629607	 0.732367	 -0.000912386
192.7	 -0.0377173	 -4.26236e-05	 -1.01394	 -0.000621809	 0.749136	 -0.000922055
192.72	 -0.0378323	 -4.3069e-05	 -1.01337	 -0.000614439	 0.765955	 -0.00093085
192.74	 -0.0379413	 -4.34556e-05	 -1.01273	 -0.000607503	 0.782822	 -0.000938762
192.76	 -0.0380444	 -4.37827e-05	 -1.012	 -0.000601006	 0.799735	 -0.00094578
192.78	 -0.0381418	 -4.40497e-05	 -1.01119	 -0.000594952	 0.816694	 -0.000951896
192.8	 -0.0382336	 -4.4256e-05	 -1.0103	 -0.000589345	 0.833697	 -0.000957104
192.82	 -0.0383201	 -4.4401e-05	 -1.00932	 -0.00058419	 0.850744	 -0.000961397
192.84	 -0.0384014	 -4.44843e-05	 -1.00826	 -0.000579488	 0.867834	 -0.00096477
192.86	 -0.0384776	 -4.45056e-05	 -1.00712	 -0.000575242	 0.884965	 -0.00096722
192.88	 -0.0385491	 -4.44647e-05	 -1.0059	 -0.000571453	 0.902136	 -0.000968744
192.9	 -0.0386159	 -4.43613e-05	 -1.00459	 -0.000568123	 0.919346	 -0.00096934
192.92	 -0.0386783	 -4.41955e-05	 -1.0032	 -0.000565252	 0.936595	 -0.000969008
192.94	 -0.0387364	 -4.39672e-05	 -1.00174	 -0.00056284	 0.95388	 -0.000967748
192.96	 -0.0387906	 -4.36766e-05	 -1.00019	 -0.000560886	 0.971201	 -0.000965563
192.98	 -0.0388409	 -4.33238e-05	 -0.998555	 -0.000559388	 0.988557	 -0.000962455
193	 -0.0388877	 -4.29092e-05	 -0.996845	 -0.000558345	 1.00595	 -0.000958429
193.02	 -0.0389311	 -4.2433e-05	 -0.995054	 -0.000557754	 1.02337	 -0.000953489
193.04	 -0.0389713	 -4.18958e-05	 -0.993184	 -0.000557612	 1.04082	 -0.000947641
193.06	 -0.0390087	 -4.1298e-05	 -0.991234	 -0.000557915	 1.0583	 -0.000940894
193.08	 -0.0390434	 -4.06403e-05	 -0.989206	 -0.000558658	 1.07581	 -0.000933255
193.1	 -0.0390756	 -3.99234e-05	 -0.987099	 -0.000559837	 1.09334	 -0.000924733
193.12	 -0.0391057	 -3.91481e-05	 -0.984915	 -0.000561446	 1.1109	 -0.000915341
193.14	 -0.0391337	 -3.83152e-05	 -0.982653	 -0.000563479	 1.12849	 -0.000905088
193.16	 -0.0391601	 -3.74257e-05	 -0.980314	 -0.000565929	 1.14609	 -0.000893987
193.18	 -0.0391849	 -3.64805e-05	 -0.977899	 -0.00056879	 1.16371	 -0.000882053
193.2	 -0.0392085	 -3.54808e-05	 -0.975409	 -0.000572053	 1.18136	 -0.0008693
193.22	 -0.039231	 -3.44278e-05	 -0.972843	 -0.000575709	 1.19901	 -0.000855742
193.24	 -0.0392528	 -3.33225e-05	 -0.970204	 -0.000579751	 1.21668	 -0.000841398
193.26	 -0.039274	 -3.21665e-05	 -0.96749	 -0.000584168	 1.23436	 -0.000826284
193.28	 -0.039295	 -3.0961e-05	 -0.964704	 -0.000588952	 1.25206	 -0.000810419
193.3	 -0.0393158	 -2.97074e-05	 -0.961845	 -0.000594091	 1.26975	 -0.000793822
193.32	 -0.0393368	 -2.84073e-05	 -0.958915	 -0.000599574	 1.28745	 -0.000776513
193.34	 -0.0393582	 -2.70622e-05	 -0.955914	 -0.000605391	 1.30516	 -0.000758514
193.36	 -0.0393801	 -2.56738e-05	 -0.952844	 -0.00061153	 1.32286	 -0.000739845
193.38	 -0.039403	 -2.42436e-05	 -0.949704	 -0.000617977	 1.34056	 -0.00072053
193.4	 -0.0394269	 -2.27736e-05	 -0.946496	 -0.000624722	 1.35825	 -0.000700592
193.42	 -0.039452	 -2.12653e-05	 -0.943221	 -0.00063175	 1.37593	 -0.000680054
193.44	 -0.0394787	 -1.97207e-05	 -0.939879	 -0.000639048	 1.3936	 -0.000658943
193.46	 -0.039507	 -1.81416e-05	 -0.936472	 -0.000646602	 1.41125	 -0.000637283
193.48	 -0.0395372	 -1.653e-05	 -0.933001	 -0.000654399	 1.42888	 -0.0006151
193.5	 -0.0395696	 -1.48879e-05	 -0.929466	 -0.000662423	 1.44648	 -0.000592421
193.52	 -0.0396042	 -1.32171e-05	 -0.925869	 -0.000670661	 1.46406	 -0.000569274
193.54	 -0.0396414	 -1.15198e-05	 -0.92221	 -0.000679096	 1.48161	 -0.000545686
193.56	 -0.0396812	 -9.79811e-06	 -0.918491	 -0.000687713	 1.49913	 -0.000521685
193.58	 -0.0397238	 -8.05403e-06	 -0.914712	 -0.000696496	 1.5166	 -0.0004973
193.6	 -0.0397694	 -6.28972e-06	 -0.910876	 -0.000705431	 1.53403	 -0.000472561
193.62	 -0.0398183	 -4.50735e-06	 -0.906982	 -0.0007145	 1.55141	 -0.000447496
193.64	 -0.0398705	 -2.70909e-06	 -0.903033	 -0.000723686	 1.56874	 -0.000422137
193.66	 -0.0399261	 -8.97136e-07	 -0.899029	 -0.000732975	 1.58601	 -0.000396513
193.68	 -0.0399854	 9.2629e-07	 -0.894972	 -0.000742348	 1.60322	 -0.000370655
193.7	 -0.0400485	 2.75896e-06	 -0.890862	 -0.000751789	 1.62037	 -0.000344594
193.72	 -0.0401154	 4.59865e-06	 -0.886702	 -0.000761281	 1.63744	 -0.000318361
193.74	 -0.0401864	 6.4431e-06	 -0.882492	 -0.000770806	 1.65443	 -0.000291986
193.76	 -0.0402614	 8.29006e-06	 -0.878235	 -0.000780349	 1.67135	 -0.000265503
193.78	 -0.0403408	 1.01373e-05	 -0.87393	 -0.00078989	 1.68817	 -0.00023894
193.8	 -0.0404244	 1.19825e-05	 -0.86958	 -0.000799414	 1.7049	 -0.000212332
193.82	 -0.0405124	 1.38235e-05	 -0.865185	 -0.000808903	 1.72153	 -0.000185708
193.84	 -0.0406049	 1.56581e-05	 -0.860749	 -0.000818339	 1.73806	 -0.000159101
193.86	 -0.040702	 1.74839e-05	 -0.85627	 -0.000827705	 1.75447	 -0.000132542
193.88	 -0.0408037	 1.92988e-05	 -0.851753	 -0.000836985	 1.77077	 -0.000106062
193.9	 -0.04091	 2.11006e-05	 -0.847197	 -0.000846161	 1.78694	 -7.96933e-05
193.92	 -0.041021	 2.2887e-05	 -0.842604	 -0.000855216	 1.80299	 -5.3466e-05
193.94	 -0.0411367	 2.4656e-05	 -0.837976	 -0.000864133	 1.81889	 -2.74112e-05
193.96	 -0.0412572	 2.64054e-05	 -0.833314	 -0.000872896	 1.83466	 -1.55974e-06
193.98	 -0.0413825	 2.8133e-05	 -0.828621	 -0.000881488	 1.85027	 2.40582e-05
194	 -0.0415124	 2.98367e-05	 -0.823897	 -0.000889892	 1.86573	 4.94125e-05
194.02	 -0.0416472	 3.15146e-05	 -0.819144	 -0.000898093	 1.88103	 7.44734e-05
194.04	 -0.0417867	 3.31645e-05	 -0.814364	 -0.000906075	 1.89615	 9.92118e-05
194.06	 -0.0419308	 3.47845e-05	 -0.809558	 -0.000913822	 1.9111	 0.000123599
194.08	 -0.0420797	 3.63726e-05	 -0.804728	 -0.000921319	 1.92587	 0.000147606
194.1	 -0.0422331	 3.79269e-05	 -0.799876	 -0.000928551	 1.94044	 0.000171205
194.12	 -0.0423911	 3.94455e-05	 -0.795004	 -0.000935502	 1.95481	 0.000194369
194.14	 -0.0425536	 4.09266e-05	 -0.790113	 -0.00094216	 1.96898	 0.000217072
194.16	 -0.0427204	 4.23684e-05	 -0.785205	 -0.00094851	 1.98294	 0.000239286
194.18	 -0.0428916	 4.37691e-05	 -0.780281	 -0.000954538	 1.99667	 0.000260986
194.2	 -0.0430671	 4.5127e-05	 -0.775344	 -0.000960231	 2.01017	 0.000282148
194.22	 -0.0432466	 4.64406e-05	 -0.770395	 -0.000965577	 2.02344	 0.000302747
194.24	 -0.0434301	 4.77081e-05	 -0.765437	 -0.000970563	 2.03647	 0.00032276
194.26	 -0.0436175	 4.89281e-05	 -0.76047	 -0.000975177	 2.04924	 0.000342163
194.28	 -0.0438087	 5.0099e-05	 -0.755496	 -0.000979409	 2.06176	 0.000360935
194.3	 -0.0440034	 5.12196e-05	 -0.750518	 -0.000983247	 2.074	 0.000379055
194.32	 -0.0442016	 5.22882e-05	 -0.745537	 -0.000986682	 2.08598	 0.000396502
194.34	 -0.044403	 5.33038e-05	 -0.740555	 -0.000989703	 2.09767	 0.000413257
194.36	 -0.0446076	 5.42649e-05	 -0.735574	 -0.000992301	 2.10907	 0.000429301
194.38	 -0.044815	 5.51705e-05	 -0.730596	 -0.000994468	 2.12018	 0.000444616
194.4	 -0.0450252	 5.60194e-05	 -0.725622	 -0.000996196	 2.13097	 0.000459186
194.42	 -0.045238	 5.68105e-05	 -0.720655	 -0.000997477	 2.14146	 0.000472994
194.44	 -0.045453	 5.75429e-05	 -0.715696	 -0.000998305	 2.15163	 0.000486026
194.46	 -0.0456702	 5.82155e-05	 -0.710747	 -0.000998673	 2.16146	 0.000498268
194.48	 -0.0458893	 5.88277e-05	 -0.70581	 -0.000998576	 2.17097	 0.000509706
194.5	 -0.04611	 5.93784e-05	 -0.700887	 -0.000998009	 2.18013	 0.000520329
194.52	 -0.0463322	 5.98671e-05	 -0.695979	 -0.000996968	 2.18894	 0.000530125
194.54	 -0.0465556	 6.0293e-05	 -0.691089	 -0.000995449	 2.19739	 0.000539085
194.56	 -0.0467799	 6.06556e-05	 -0.686218	 -0.000993449	 2.20547	 0.0005472
194.58	 -0.0470049	 6.09544e-05	 -0.681368	 -0.000990967	 2.21319	 0.000554462
194.6	 -0.0472304	 6.11888e-05	 -0.676542	 -0.000988	 2.22052	 0.000560864
194.62	 -0.047456	 6.13586e-05	 -0.67174	 -0.000984548	 2.22747	 0.000566401
194.64	 -0.0476815	 6.14633e-05	 -0.666964	 -0.000980611	 2.23403	 0.000571068
194.66	 -0.0479065	 6.15028e-05	 -0.662218	 -0.000976189	 2.24018	 0.000574861
194.68	 -0.048131	 6.14769e-05	 -0.657501	 -0.000971284	 2.24593	 0.000577778
194.7	 -0.0483544	 6.13855e-05	 -0.652816	 -0.000965897	 2.25127	 0.000579818
194.72	 -0.0485766	 6.12285e-05	 -0.648166	 -0.000960032	 2.25619	 0.000580979
194.74	 -0.0487973	 6.10059e-05	 -0.64355	 -0.000953691	 2.26068	 0.000581264
194.76	 -0.0490161	 6.0718e-05	 -0.638972	 -0.000946879	 2.26474	 0.000580675
194.78	 -0.0492327	 6.03649e-05	 -0.634433	 -0.0009396	 2.26837	 0.000579213
194.8	 -0.0494469	 5.99468e-05	 -0.629935	 -0.000931861	 2.27155	 0.000576883
194.82	 -0.0496583	 5.9464e-05	 -0.62548	 -0.000923667	 2.27428	 0.000573691
194.84	 -0.0498667	 5.89169e-05	 -0.621068	 -0.000915024	 2.27656	 0.000569642
194.86	 -0.0500716	 5.8306e-05	 -0.616702	 -0.000905942	 2.27838	 0.000564744
194.88	 -0.0502729	 5.76318e-05	 -0.612384	 -0.000896427	 2.27973	 0.000559005
194.9	 -0.0504701	 5.68949e-05	 -0.608114	 -0.00088649	 2.28062	 0.000552435
194.92	 -0.050663	 5.6096e-05	 -0.603895	 -0.000876138	 2.28104	 0.000545044
194.94	 -0.0508513	 5.52357e-05	 -0.599729	 -0.000865383	 2.28097	 0.000536844
194.96	 -0.0510346	 5.43148e-05	 -0.595616	 -0.000854236	 2.28043	 0.000527847
194.98	 -0.0512126	 5.33342e-05	 -0.591559	 -0.000842708	 2.2794	 0.000518067
195	 -0.051385	 5.22949e-05	 -0.587558	 -0.00083081	 2.27789	 0.000507517
195.02	 -0.0515515	 5.11977e-05	 -0.583615	 -0.000818556	 2.27588	 0.000496214
195.04	 -0.0517118	 5.00438e-05	 -0.579733	 -0.000805959	 2.27338	 0.000484174
195.06	 -0.0518656	 4.88341e-05	 -0.575911	 -0.000793033	 2.27038	 0.000471414
195.08	 -0.0520126	 4.757e-05	 -0.572152	 -0.000779791	 2.26688	 0.000457953
195.1	 -0.0521524	 4.62525e-05	 -0.568457	 -0.00076625	 2.26287	 0.000443808
195.12	 -0.0522847	 4.4883e-05	 -0.564827	 -0.000752424	 2.25837	 0.000429001
195.14	 -0.0524093	 4.34627e-05	 -0.561263	 -0.00073833	 2.25336	 0.000413552
195.16	 -0.0525259	 4.19932e-05	 -0.557767	 -0.000723983	 2.24784	 0.000397483
195.18	 -0.0526342	 4.04757e-05	 -0.554341	 -0.000709401	 2.24181	 0.000380816
195.2	 -0.0527339	 3.89118e-05	 -0.550984	 -0.000694601	 2.23528	 0.000363574
195.22	 -0.0528247	 3.7303e-05	 -0.547699	 -0.0006796	 2.22824	 0.00034578
195.24	 -0.0529064	 3.56509e-05	 -0.544486	 -0.000664417	 2.22068	 0.00032746
195.26	 -0.0529786	 3.39572e-05	 -0.541347	 -0.00064907	 2.21262	 0.000308639
195.28	 -0.0530412	 3.22235e-05	 -0.538283	 -0.000633578	 2.20405	 0.000289342
195.3	 -0.0530939	 3.04515e-05	 -0.535294	 -0.00061796	 2.19497	 0.000269596
195.32	 -0.0531363	 2.8643e-05	 -0.532382	 -0.000602236	 2.18539	 0.000249427
195.34	 -0.0531684	 2.67998e-05	 -0.529548	 -0.000586424	 2.1753	 0.000228864
195.36	 -0.0531898	 2.49237e-05	 -0.526792	 -0.000570546	 2.16471	 0.000207935
195.38	 -0.0532004	 2.30167e-05	 -0.524116	 -0.000554621	 2.15361	 0.000186667
195.4	 -0.0531999	 2.10807e-05	 -0.52152	 -0.000538669	 2.14202	 0.00016509
195.42	 -0.0531881	 1.91176e-05	 -0.519006	 -0.000522711	 2.12993	 0.000143234
195.44	 -0.0531649	 1.71294e-05	 -0.516573	 -0.000506768	 2.11735	 0.000121127
195.46	 -0.05313	 1.51181e-05	 -0.514223	 -0.000490861	 2.10428	 9.88001e-05
195.48	 -0.0530833	 1.30857e-05	 -0.511956	 -0.000475009	 2.09073	 7.62835e-05
195.5	 -0.0530246	 1.10344e-05	 -0.509773	 -0.000459235	 2.07669	 5.36076e-05
195.52	 -0.0529538	 8.96625e-06	 -0.507675	 -0.000443558	 2.06217	 3.08034e-05
195.54	 -0.0528707	 6.88331e-06	 -0.505662	 -0.000428	 2.04719	 7.90167e-06
195.56	 -0.0527751	 4.78775e-06	 -0.503735	 -0.000412583	 2.03173	 -1.50664e-05
195.58	 -0.0526671	 2.68171e-06	 -0.501894	 -0.000397325	 2.01581	 -3.80697e-05
195.6	 -0.0525464	 5.67366e-07	 -0.50014	 -0.000382249	 1.99944	 -6.10769e-05
195.62	 -0.0524131	 -1.5531e-06	 -0.498473	 -0.000367375	 1.98262	 -8.40568e-05
195.64	 -0.0522669	 -3.6775e-06	 -0.496894	 -0.000352723	 1.96535	 -0.000106978
195.66	 -0.0521079	 -5.80362e-06	 -0.495403	 -0.000338314	 1.94765	 -0.00012981
195.68	 -0.051936	 -7.92926e-06	 -0.493999	 -0.000324167	 1.92951	 -0.000152521
195.7	 -0.0517511	 -1.00522e-05	 -0.492685	 -0.000310303	 1.91095	 -0.00017508
195.72	 -0.0515533	 -1.21702e-05	 -0.491458	 -0.000296741	 1.89198	 -0.000197456
195.74	 -0.0513425	 -1.42811e-05	 -0.490321	 -0.000283501	 1.8726	 -0.00021962
195.76	 -0.0511187	 -1.63826e-05	 -0.489273	 -0.000270602	 1.85282	 -0.000241541
195.78	 -0.050882	 -1.84726e-05	 -0.488315	 -0.000258061	 1.83265	 -0.000263188
195.8	 -0.0506324	 -2.05488e-05	 -0.487445	 -0.000245898	 1.8121	 -0.000284533
195.82	 -0.0503699	 -2.2609e-05	 -0.486665	 -0.00023413	 1.79118	 -0.000305546
195.84	 -0.0500947	 -2.46511e-05	 -0.485974	 -0.000222775	 1.76989	 -0.000326198
195.86	 -0.0498067	 -2.66728e-05	 -0.485373	 -0.000211849	 1.74825	 -0.000346461
195.88	 -0.049506	 -2.8672e-05	 -0.484861	 -0.00020137	 1.72627	 -0.000366307
195.9	 -0.0491928	 -3.06465e-05	 -0.484438	 -0.000191353	 1.70395	 -0.00038571
195.92	 -0.0488673	 -3.25942e-05	 -0.484104	 -0.000181813	 1.68131	 -0.000404641
195.94	 -0.0485294	 -3.45131e-05	 -0.483859	 -0.000172766	 1.65835	 -0.000423076
195.96	 -0.0481794	 -3.6401e-05	 -0.483703	 -0.000164226	 1.6351	 -0.000440988
195.98	 -0.0478174	 -3.82559e-05	 -0.483636	 -0.000156206	 1.61155	 -0.000458354
196	 -0.0474437	 -4.00758e-05	 -0.483657	 -0.00014872	 1.58772	 -0.000475148
196.02	 -0.0470583	 -4.18586e-05	 -0.483766	 -0.000141781	 1.56363	 -0.000491348
196.04	 -0.0466616	 -4.36025e-05	 -0.483962	 -0.0001354	 1.53928	 -0.000506931
196.06	 -0.0462536	 -4.53056e-05	 -0.484247	 -0.000129588	 1.51468	 -0.000521876
196.08	 -0.0458347	 -4.69659e-05	 -0.484618	 -0.000124357	 1.48985	 -0.000536162
196.1	 -0.0454051	 -4.85816e-05	 -0.485076	 -0.000119716	 1.46481	 -0.000549768
196.12	 -0.0449651	 -5.01511e-05	 -0.48562	 -0.000115674	 1.43955	 -0.000562676
196.14	 -0.0445148	 -5.16725e-05	 -0.48625	 -0.00011224	 1.4141	 -0.000574867
196.16	 -0.0440547	 -5.31441e-05	 -0.486965	 -0.000109422	 1.38846	 -0.000586325
196.18	 -0.043585	 -5.45644e-05	 -0.487766	 -0.000107226	 1.36266	 -0.000597033
196.2	 -0.043106	 -5.59317e-05	 -0.48865	 -0.000105658	 1.3367	 -0.000606976
196.22	 -0.0426181	 -5.72446e-05	 -0.489619	 -0.000104725	 1.31059	 -0.00061614
196.24	 -0.0421215	 -5.85016e-05	 -0.490671	 -0.000104431	 1.28436	 -0.000624511
196.26	 -0.0416166	 -5.97013e-05	 -0.491805	 -0.00010478	 1.258	 -0.000632078
196.28	 -0.0411038	 -6.08424e-05	 -0.493021	 -0.000105775	 1.23155	 -0.00063883
196.3	 -0.0405834	 -6.19235e-05	 -0.494319	 -0.000107418	 1.205	 -0.000644756
196.32	 -0.0400559	 -6.29436e-05	 -0.495698	 -0.000109711	 1.17837	 -0.000649849
196.34	 -0.0395215	 -6.39015e-05	 -0.497156	 -0.000112654	 1.15168	 -0.0006541
196.36	 -0.0389808	 -6.47961e-05	 -0.498694	 -0.000116247	 1.12494	 -0.000657504
196.38	 -0.038434	 -6.56264e-05	 -0.500311	 -0.000120491	 1.09816	 -0.000660054
196.4	 -0.0378817	 -6.63916e-05	 -0.502006	 -0.000125382	 1.07136	 -0.000661747
196.42	 -0.0373242	 -6.70908e-05	 -0.503778	 -0.000130918	 1.04454	 -0.000662581
196.44	 -0.036762	 -6.77232e-05	 -0.505626	 -0.000137097	 1.01773	 -0.000662552
196.46	 -0.0361955	 -6.82882e-05	 -0.50755	 -0.000143913	 0.990939	 -0.000661661
196.48	 -0.0356251	 -6.87852e-05	 -0.509549	 -0.000151363	 0.964176	 -0.000659909
196.5	 -0.0350514	 -6.92137e-05	 -0.511621	 -0.000159439	 0.937457	 -0.000657296
196.52	 -0.0344747	 -6.95732e-05	 -0.513767	 -0.000168137	 0.910795	 -0.000653827
196.54	 -0.0338955	 -6.98634e-05	 -0.515986	 -0.000177449	 0.884203	 -0.000649506
196.56	 -0.0333143	 -7.00841e-05	 -0.518275	 -0.000187366	 0.857694	 -0.000644337
196.58	 -0.0327315	 -7.02351e-05	 -0.520636	 -0.000197881	 0.831282	 -0.000638328
196.6	 -0.0321477	 -7.03163e-05	 -0.523066	 -0.000208983	 0.80498	 -0.000631487
196.62	 -0.0315633	 -7.03278e-05	 -0.525565	 -0.000220663	 0.7788	 -0.000623822
196.64	 -0.0309788	 -7.02695e-05	 -0.528132	 -0.000232909	 0.752755	 -0.000615343
196.66	 -0.0303947	 -7.01418e-05	 -0.530765	 -0.000245711	 0.726859	 -0.000606063
196.68	 -0.0298114	 -6.99448e-05	 -0.533465	 -0.000259055	 0.701123	 -0.000595992
196.7	 -0.0292295	 -6.9679e-05	 -0.53623	 -0.000272928	 0.67556	 -0.000585146
196.72	 -0.0286494	 -6.93448e-05	 -0.539059	 -0.000287318	 0.650182	 -0.000573537
196.74	 -0.0280716	 -6.89427e-05	 -0.541951	 -0.00030221	 0.625002	 -0.000561184
196.76	 -0.0274966	 -6.84734e-05	 -0.544905	 -0.000317589	 0.60003	 -0.000548101
196.78	 -0.0269248	 -6.79376e-05	 -0.54792	 -0.000333439	 0.57528	 -0.000534307
196.8	 -0.0263569	 -6.73361e-05	 -0.550995	 -0.000349745	 0.550762	 -0.000519821
196.82	 -0.0257931	 -6.66698e-05	 -0.55413	 -0.00036649	 0.526488	 -0.000504662
196.84	 -0.0252341	 -6.59396e-05	 -0.557322	 -0.000383657	 0.502469	 -0.000488852
196.86	 -0.0246802	 -6.51466e-05	 -0.560572	 -0.000401228	 0.478716	 -0.000472413
196.88	 -0.024132	 -6.42921e-05	 -0.563877	 -0.000419185	 0.455239	 -0.000455366
196.9	 -0.02359	 -6.33771e-05	 -0.567237	 -0.000437509	 0.43205	 -0.000437736
196.92	 -0.0230544	 -6.2403e-05	 -0.570651	 -0.000456182	 0.409157	 -0.000419547
196.94	 -0.0225259	 -6.13713e-05	 -0.574118	 -0.000475184	 0.386572	 -0.000400825
196.96	 -0.0220049	 -6.02833e-05	 -0.577636	 -0.000494496	 0.364304	 -0.000381594
196.98	 -0.0214917	 -5.91406e-05	 -0.581205	 -0.000514096	 0.342362	 -0.000361884
197	 -0.0209869	 -5.79448e-05	 -0.584823	 -0.000533965	 0.320756	 -0.000341719
197.02	 -0.0204908	 -5.66977e-05	 -0.58849	 -0.000554082	 0.299494	 -0.00032113
197.04	 -0.0200039	 -5.5401e-05	 -0.592203	 -0.000574426	 0.278586	 -0.000300145
197.06	 -0.0195266	 -5.40565e-05	 -0.595963	 -0.000594974	 0.258039	 -0.000278793
197.08	 -0.0190592	 -5.26662e-05	 -0.599768	 -0.000615707	 0.237862	 -0.000257104
197.1	 -0.0186022	 -5.12319e-05	 -0.603616	 -0.000636601	 0.218062	 -0.000235109
197.12	 -0.0181558	 -4.97557e-05	 -0.607507	 -0.000657635	 0.198648	 -0.000212838
197.14	 -0.0177206	 -4.82397e-05	 -0.611439	 -0.000678788	 0.179625	 -0.000190324
197.16	 -0.0172967	 -4.66861e-05	 -0.615412	 -0.000700036	 0.161002	 -0.000167597
197.18	 -0.0168847	 -4.50969e-05	 -0.619423	 -0.000721357	 0.142784	 -0.000144691
197.2	 -0.0164847	 -4.34744e-05	 -0.623473	 -0.00074273	 0.124978	 -0.000121637
197.22	 -0.0160972	 -4.1821e-05	 -0.627559	 -0.000764131	 0.107591	 -9.84678e-05
197.24	 -0.0157223	 -4.01389e-05	 -0.63168	 -0.000785539	 0.0906266	 -7.52169e-05
197.26	 -0.0153604	 -3.84305e-05	 -0.635836	 -0.00080693	 0.0740916	 -5.1917e-05
197.28	 -0.0150118	 -3.66981e-05	 -0.640025	 -0.000828284	 0.0579906	 -2.86014e-05
197.3	 -0.0146768	 -3.49443e-05	 -0.644245	 -0.000849577	 0.0423285	 -5.3033e-06
197.32	 -0.0143555	 -3.31715e-05	 -0.648497	 -0.000870787	 0.0271095	 1.79441e-05
197.34	 -0.0140482	 -3.13821e-05	 -0.652777	 -0.000891893	 0.0123379	 4.11077e-05
197.36	 -0.0137552	 -2.95786e-05	 -0.657085	 -0.000912873	 -0.00198268	 6.41541e-05
197.38	 -0.0134765	 -2.77636e-05	 -0.661421	 -0.000933705	 -0.0158487	 8.70506e-05
197.4	 -0.0132125	 -2.59397e-05	 -0.665782	 -0.000954369	 -0.0292571	 0.000109764
197.42	 -0.0129632	 -2.41093e-05	 -0.670167	 -0.000974842	 -0.042205	 0.000132262
197.44	 -0.0127289	 -2.2275e-05	 -0.674575	 -0.000995104	 -0.0546898	 0.000154512
197.46	 -0.0125096	 -2.04393e-05	 -0.679005	 -0.00101514	 -0.0667095	 0.000176482
197.48	 -0.0123056	 -1.86049e-05	 -0.683455	 -0.00103491	 -0.0782621	 0.00019814
197.5	 -0.0121168	 -1.67742e-05	 -0.687924	 -0.00105442	 -0.089346	 0.000219455
197.52	 -0.0119434	 -1.49498e-05	 -0.692412	 -0.00107364	 -0.0999601	 0.000240397
197.54	 -0.0117855	 -1.31343e-05	 -0.696915	 -0.00109255	 -0.110103	 0.000260934
197.56	 -0.0116431	 -1.13301e-05	 -0.701434	 -0.00111113	 -0.119775	 0.000281036
197.58	 -0.0115163	 -9.53974e-06	 -0.705967	 -0.00112936	 -0.128975	 0.000300676
197.6	 -0.011405	 -7.76569e-06	 -0.710513	 -0.00114723	 -0.137702	 0.000319823
197.62	 -0.0113094	 -6.01038e-06	 -0.71507	 -0.00116472	 -0.145958	 0.00033845
197.64	 -0.0112293	 -4.27624e-06	 -0.719637	 -0.00118181	 -0.153743	 0.000356529
197.66	 -0.0111649	 -2.56563e-06	 -0.724212	 -0.00119848	 -0.161057	 0.000374034
197.68	 -0.0111159	 -8.80888e-07	 -0.728795	 -0.00121473	 -0.167902	 0.000390939
197.7	 -0.0110824	 7.75687e-07	 -0.733384	 -0.00123053	 -0.174279	 0.00040722
197.72	 -0.0110643	 2.40184e-06	 -0.737978	 -0.00124587	 -0.18019	 0.00042285
197.74	 -0.0110616	 3.99538e-06	 -0.742575	 -0.00126073	 -0.185636	 0.000437809
197.76	 -0.011074	 5.55416e-06	 -0.747174	 -0.00127512	 -0.190619	 0.000452072
197.78	 -0.0111016	 7.07607e-06	 -0.751773	 -0.001289	 -0.195142	 0.000465618
197.8	 -0.0111441	 8.55908e-06	 -0.756372	 -0.00130237	 -0.199208	 0.000478428
197.82	 -0.0112015	 1.00012e-05	 -0.760969	 -0.00131522	 -0.202819	 0.00049048
197.84	 -0.0112735	 1.14006e-05	 -0.765562	 -0.00132753	 -0.205979	 0.000501758
197.86	 -0.01136	 1.27553e-05	 -0.770151	 -0.0013393	 -0.20869	 0.000512242
197.88	 -0.0114608	 1.40637e-05	 -0.774733	 -0.00135052	 -0.210957	 0.000521918
197.9	 -0.0115756	 1.53239e-05	 -0.779308	 -0.00136118	 -0.212782	 0.000530769
197.92	 -0.0117044	 1.65344e-05	 -0.783875	 -0.00137127	 -0.214171	 0.000538781
197.94	 -0.0118468	 1.76937e-05	 -0.788431	 -0.00138078	 -0.215126	 0.000545941
197.96	 -0.0120026	 1.88002e-05	 -0.792976	 -0.00138971	 -0.215653	 0.000552238
197.98	 -0.0121716	 1.98526e-05	 -0.797508	 -0.00139805	 -0.215756	 0.000557659
198	 -0.0123534	 2.08496e-05	 -0.802026	 -0.0014058	 -0.215439	 0.000562197
198.02	 -0.0125479	 2.17899e-05	 -0.806528	 -0.00141294	 -0.214707	 0.000565841
198.04	 -0.0127547	 2.26725e-05	 -0.811014	 -0.00141949	 -0.213566	 0.000568586
198.06	 -0.0129735	 2.34963e-05	 -0.815481	 -0.00142542	 -0.21202	 0.000570425
198.08	 -0.013204	 2.42603e-05	 -0.819929	 -0.00143075	 -0.210075	 0.000571352
198.1	 -0.0134459	 2.49637e-05	 -0.824357	 -0.00143547	 -0.207735	 0.000571365
198.12	 -0.0136989	 2.56058e-05	 -0.828762	 -0.00143958	 -0.205008	 0.000570461
198.14	 -0.0139626	 2.61858e-05	 -0.833144	 -0.00144308	 -0.201897	 0.000568639
198.16	 -0.0142367	 2.67032e-05	 -0.837501	 -0.00144597	 -0.19841	 0.000565899
198.18	 -0.0145208	 2.71575e-05	 -0.841832	 -0.00144826	 -0.194551	 0.000562242
198.2	 -0.0148147	 2.75484e-05	 -0.846136	 -0.00144993	 -0.190328	 0.000557671
198.22	 -0.0151178	 2.78755e-05	 -0.850411	 -0.001451	 -0.185744	 0.000552189
198.24	 -0.0154298	 2.81386e-05	 -0.854657	 -0.00145147	 -0.180808	 0.000545802
198.26	 -0.0157504	 2.83377e-05	 -0.858871	 -0.00145134	 -0.175525	 0.000538515
198.28	 -0.0160792	 2.84728e-05	 -0.863053	 -0.00145062	 -0.169902	 0.000530335
198.3	 -0.0164157	 2.8544e-05	 -0.867201	 -0.00144931	 -0.163943	 0.000521272
198.32	 -0.0167597	 2.85515e-05	 -0.871315	 -0.00144742	 -0.157657	 0.000511335
198.34	 -0.0171106	 2.84955e-05	 -0.875392	 -0.00144496	 -0.151049	 0.000500534
198.36	 -0.0174681	 2.83765e-05	 -0.879432	 -0.00144193	 -0.144126	 0.000488882
198.38	 -0.0178318	 2.8195e-05	 -0.883433	 -0.00143834	 -0.136894	 0.000476392
198.4	 -0.0182013	 2.79515e-05	 -0.887395	 -0.00143419	 -0.129359	 0.000463077
198.42	 -0.0185762	 2.76467e-05	 -0.891315	 -0.00142951	 -0.121528	 0.000448953
198.44	 -0.018956	 2.72814e-05	 -0.895194	 -0.00142429	 -0.113408	 0.000434037
198.46	 -0.0193404	 2.68564e-05	 -0.899029	 -0.00141855	 -0.105005	 0.000418345
198.48	 -0.0197289	 2.63727e-05	 -0.90282	 -0.0014123	 -0.0963245	 0.000401897
198.5	 -0.0201212	 2.58312e-05	 -0.906565	 -0.00140554	 -0.087374	 0.00038471
198.52	 -0.0205168	 2.52333e-05	 -0.910263	 -0.0013983	 -0.0781595	 0.000366807
198.54	 -0.0209153	 2.45799e-05	 -0.913913	 -0.00139058	 -0.0686874	 0.000348207
198.56	 -0.0213163	 2.38724e-05	 -0.917515	 -0.00138239	 -0.058964	 0.000328933
198.58	 -0.0217195	 2.31122e-05	 -0.921066	 -0.00137375	 -0.0489956	 0.000309008
198.6	 -0.0221243	 2.23007e-05	 -0.924566	 -0.00136468	 -0.0387883	 0.000288455
198.62	 -0.0225305	 2.14394e-05	 -0.928014	 -0.00135518	 -0.0283483	 0.0002673
198.64	 -0.0229377	 2.05299e-05	 -0.931408	 -0.00134526	 -0.0176817	 0.000245568
198.66	 -0.0233454	 1.95739e-05	 -0.934748	 -0.00133496	 -0.00679448	 0.000223285
198.68	 -0.0237532	 1.8573e-05	 -0.938033	 -0.00132427	 0.00430736	 0.000200478
198.7	 -0.0241608	 1.75291e-05	 -0.941261	 -0.00131322	 0.015618	 0.000177174
198.72	 -0.0245679	 1.64439e-05	 -0.944432	 -0.00130182	 0.0271315	 0.000153402
198.74	 -0.0249739	 1.53195e-05	 -0.947545	 -0.00129009	 0.0388424	 0.00012919
198.76	 -0.0253787	 1.41578e-05	 -0.950598	 -0.00127804	 0.0507449	 0.000104568
198.78	 -0.0257818	 1.29607e-05	 -0.953591	 -0.00126568	 0.0628335	 7.95655e-05
198.8	 -0.0261829	 1.17304e-05	 -0.956523	 -0.00125305	 0.0751028	 5.42128e-05
198.82	 -0.0265816	 1.04689e-05	 -0.959393	 -0.00124015	 0.0875475	 2.85408e-05
198.84	 -0.0269777	 9.17841e-06	 -0.9622	 -0.001227	 0.100162	 2.58074e-06
198.86	 -0.0273707	 7.86112e-06	 -0.964943	 -0.00121361	 0.112942	 -2.36359e-05
198.88	 -0.0277605	 6.51926e-06	 -0.967621	 -0.00120001	 0.125882	 -5.00773e-05
198.9	 -0.0281466	 5.15508e-06	 -0.970233	 -0.00118622	 0.138977	 -7.67111e-05
198.92	 -0.0285288	 3.77087e-06	 -0.972779	 -0.00117224	 0.152223	 -0.000103505
198.94	 -0.0289068	 2.36893e-06	 -0.975258	 -0.00115811	 0.165614	 -0.000130427
198.96	 -0.0292803	 9.51611e-07	 -0.977669	 -0.00114382	 0.179146	 -0.000157443
198.98	 -0.0296491	 -4.78747e-07	 -0.980011	 -0.00112942	 0.192815	 -0.000184521
199	 -0.0300129	 -1.91977e-06	 -0.982284	 -0.00111491	 0.206617	 -0.000211628
199.02	 -0.0303714	 -3.36909e-06	 -0.984486	 -0.0011003	 0.220546	 -0.000238731
199.04	 -0.0307244	 -4.82432e-06	 -0.986618	 -0.00108563	 0.2346	 -0.000265796
199.06	 -0.0310718	 -6.28305e-06	 -0.988678	 -0.0010709	 0.248774	 -0.000292792
199.08	 -0.0314132	 -7.74291e-06	 -0.990665	 -0.00105613	 0.263065	 -0.000319685
199.1	 -0.0317485	 -9.20151e-06	 -0.99258	 -0.00104135	 0.277468	 -0.000346442
199.12	 -0.0320775	 -1.06564e-05	 -0.994421	 -0.00102657	 0.29198	 -0.000373031
199.14	 -0.0324	 -1.21054e-05	 -0.996187	 -0.0010118	 0.306598	 -0.000399419
199.16	 -0.0327158	 -1.35459e-05	 -0.997879	 -0.00099707	 0.321318	 -0.000425575
199.18	 -0.0330249	 -1.49757e-05	 -0.999496	 -0.000982391	 0.336138	 -0.000451466
199.2	 -0.0333269	 -1.63925e-05	 -1.00104	 -0.000967782	 0.351053	 -0.000477062
199.22	 -0.0336219	 -1.77939e-05	 -1.0025	 -0.000953258	 0.366062	 -0.00050233
199.24	 -0.0339096	 -1.91777e-05	 -1.00389	 -0.000938838	 0.38116	 -0.000527241
199.26	 -0.0341901	 -2.05416e-05	 -1.0052	 -0.000924537	 0.396346	 -0.000551764
199.28	 -0.0344631	 -2.18835e-05	 -1.00643	 -0.000910371	 0.411617	 -0.000575869
199.3	 -0.0347286	 -2.32011e-05	 -1.00758	 -0.000896357	 0.42697	 -0.000599528
199.32	 -0.0349865	 -2.44923e-05	 -1.00866	 -0.000882511	 0.442403	 -0.00062271
199.34	 -0.0352368	 -2.57551e-05	 -1.00965	 -0.000868847	 0.457913	 -0.000645389
199.36	 -0.0354793	 -2.69873e-05	 -1.01057	 -0.000855381	 0.473499	 -0.000667537
199.38	 -0.0357142	 -2.8187e-05	 -1.0114	 -0.000842128	 0.489158	 -0.000689127
199.4	 -0.0359413	 -2.93523e-05	 -1.01216	 -0.000829101	 0.504888	 -0.000710132
199.42	 -0.0361606	 -3.04812e-05	 -1.01283	 -0.000816316	 0.520687	 -0.000730528
199.44	 -0.0363722	 -3.15718e-05	 -1.01343	 -0.000803785	 0.536554	 -0.00075029
199.46	 -0.036576	 -3.26225e-05	 -1.01394	 -0.000791521	 0.552487	 -0.000769393
199.48	 -0.036772	 -3.36315e-05	 -1.01437	 -0.000779539	 0.568483	 -0.000787816
199.5	 -0.0369603	 -3.45971e-05	 -1.01472	 -0.000767849	 0.584543	 -0.000805535
199.52	 -0.037141	 -3.55178e-05	 -1.01499	 -0.000756464	 0.600663	 -0.000822528
199.54	 -0.037314	 -3.6392e-05	 -1.01517	 -0.000745395	 0.616843	 -0.000838777
199.56	 -0.0374795	 -3.72182e-05	 -1.01527	 -0.000734654	 0.633081	 -0.000854261
199.58	 -0.0376375	 -3.79952e-05	 -1.0153	 -0.000724251	 0.649375	 -0.00086896
199.6	 -0.0377881	 -3.87215e-05	 -1.01523	 -0.000714195	 0.665726	 -0.000882859
199.62	 -0.0379314	 -3.93959e-05	 -1.01509	 -0.000704497	 0.682131	 -0.00089594
199.64	 -0.0380675	 -4.00173e-05	 -1.01486	 -0.000695165	 0.69859	 -0.000908186
199.66	 -0.0381966	 -4.05846e-05	 -1.01455	 -0.000686209	 0.7151	 -0.000919585
199.68	 -0.0383186	 -4.10967e-05	 -1.01416	 -0.000677635	 0.731662	 -0.000930121
199.7	 -0.0384339	 -4.15528e-05	 -1.01368	 -0.000669451	 0.748275	 -0.000939782
199.72	 -0.0385424	 -4.1952e-05	 -1.01312	 -0.000661664	 0.764936	 -0.000948557
199.74	 -0.0386444	 -4.22936e-05	 -1.01248	 -0.000654281	 0.781646	 -0.000956436
199.76	 -0.0387401	 -4.25768e-05	 -1.01175	 -0.000647307	 0.798403	 -0.000963408
199.78	 -0.0388295	 -4.28012e-05	 -1.01095	 -0.000640747	 0.815207	 -0.000969465
199.8	 -0.0389129	 -4.29661e-05	 -1.01006	 -0.000634606	 0.832056	 -0.000974601
199.82	 -0.0389904	 -4.30711e-05	 -1.00908	 -0.000628887	 0.84895	 -0.000978808
199.84	 -0.0390623	 -4.3116e-05	 -1.00803	 -0.000623596	 0.865888	 -0.000982083
199.86	 -0.0391287	 -4.31004e-05	 -1.00689	 -0.000618733	 0.882868	 -0.000984422
199.88	 -0.0391899	 -4.30242e-05	 -1.00567	 -0.000614302	 0.899891	 -0.000985821
199.9	 -0.0392459	 -4.28872e-05	 -1.00437	 -0.000610304	 0.916954	 -0.000986279
199.92	 -0.0392971	 -4.26896e-05	 -1.00299	 -0.000606739	 0.934057	 -0.000985795
199.94	 -0.0393437	 -4.24314e-05	 -1.00153	 -0.00060361	 0.9512	 -0.000984371
199.96	 -0.0393859	 -4.21128e-05	 -0.999981	 -0.000600915	 0.96838	 -0.000982008
199.98	 -0.0394239	 -4.17339e-05	 -0.998355	 -0.000598654	 0.985597	 -0.00097871
200	 -0.0394579	 -4.12952e-05	 -0.99665	 -0.000596825	 1.00285	 -0.000974479
