0	 0	 0	 0	 -0	 0	 -0
0.02	 -6.8144e-09	 -5.90959e-08	 -6.63113e-05	 -9.86591e-07	 -1.46345e-07	 -3.45848e-10
0.04	 0.000132228	 -1.35698e-07	 -0.00127213	 -3.14093e-06	 -0.000637867	 -8.75567e-08
0.06	 0.000428271	 -2.08972e-07	 -0.00401127	 -7.13741e-06	 -0.00207262	 -3.32976e-07
0.08	 0.000903695	 -2.29859e-07	 -0.00860541	 -1.34339e-05	 -0.00440472	 -8.00375e-07
0.1	 0.00154824	 -1.50778e-07	 -0.0151396	 -2.22628e-05	 -0.00760783	 -1.51885e-06
0.12	 0.00233924	 5.6158e-08	 -0.0235039	 -3.36059e-05	 -0.0115816	 -2.47636e-06
0.14	 0.0032548	 3.89942e-07	 -0.0334769	 -4.72469e-05	 -0.0162097	 -3.63106e-06
0.16	 0.00428164	 8.24061e-07	 -0.0448168	 -6.28606e-05	 -0.0214018	 -4.9313e-06
0.18	 0.00541648	 1.31874e-06	 -0.0573299	 -8.01131e-05	 -0.0271107	 -6.33461e-06
0.2	 0.00666288	 1.8358e-06	 -0.0709036	 -9.87443e-05	 -0.033326	 -7.81815e-06
0.22	 0.00802655	 2.3505e-06	 -0.0855075	 -0.000118612	 -0.0400578	 -9.37901e-06
0.24	 0.00951141	 2.85666e-06	 -0.101168	 -0.000139691	 -0.0473186	 -1.10268e-05
0.26	 0.0111178	 3.36473e-06	 -0.117937	 -0.000162046	 -0.0551104	 -1.2774e-05
0.28	 0.0128426	 3.89502e-06	 -0.135857	 -0.00018577	 -0.06342	 -1.46278e-05
0.3	 0.0146809	 4.46925e-06	 -0.154945	 -0.000210945	 -0.0722211	 -1.65865e-05
0.32	 0.0166271	 5.10352e-06	 -0.175179	 -0.000237597	 -0.0814794	 -1.86399e-05
0.34	 0.0186766	 5.80449e-06	 -0.19651	 -0.000265688	 -0.0911581	 -2.07728e-05
0.36	 0.020826	 6.56944e-06	 -0.218868	 -0.000295123	 -0.101222	 -2.29683e-05
0.38	 0.0230726	 7.38901e-06	 -0.242175	 -0.000325771	 -0.111638	 -2.52109e-05
0.4	 0.0254141	 8.25143e-06	 -0.266358	 -0.000357495	 -0.122378	 -2.74877e-05
0.42	 0.0278479	 9.14642e-06	 -0.291354	 -0.00039017	 -0.133412	 -2.97886e-05
0.44	 0.030371	 1.00677e-05	 -0.31711	 -0.000423699	 -0.144712	 -3.21049e-05
0.46	 0.0329798	 1.10135e-05	 -0.343584	 -0.000458009	 -0.156248	 -3.44282e-05
0.48	 0.0356703	 1.1986e-05	 -0.370733	 -0.000493048	 -0.167989	 -3.67498e-05
0.5	 0.0384381	 1.29894e-05	 -0.398518	 -0.000528771	 -0.179901	 -3.906e-05
0.52	 0.0412792	 1.40278e-05	 -0.426893	 -0.00056513	 -0.19195	 -4.13486e-05
0.54	 0.0441893	 1.51036e-05	 -0.455807	 -0.000602063	 -0.204102	 -4.36043e-05
0.56	 0.0471644	 1.62172e-05	 -0.485203	 -0.000639498	 -0.216322	 -4.5816e-05
0.58	 0.0502004	 1.73669e-05	 -0.51502	 -0.000677351	 -0.228576	 -4.79726e-05
0.6	 0.0532934	 1.85498e-05	 -0.545198	 -0.000715528	 -0.240827	 -5.00631e-05
0.62	 0.056439	 1.97622e-05	 -0.575674	 -0.00075394	 -0.253043	 -5.2077e-05
0.64	 0.0596331	 2.1001e-05	 -0.606386	 -0.000792497	 -0.26519	 -5.40041e-05
0.66	 0.0628712	 2.22638e-05	 -0.637277	 -0.000831117	 -0.277233	 -5.58346e-05
0.68	 0.066149	 2.35493e-05	 -0.668289	 -0.000869722	 -0.289139	 -5.7559e-05
0.7	 0.0694618	 2.48566e-05	 -0.699364	 -0.000908241	 -0.300874	 -5.91678e-05
0.72	 0.0728053	 2.6185e-05	 -0.730448	 -0.000946603	 -0.312407	 -6.0652e-05
0.74	 0.076175	 2.7534e-05	 -0.761483	 -0.000984738	 -0.323705	 -6.20028e-05
0.76	 0.0795665	 2.89024e-05	 -0.792412	 -0.00102258	 -0.334735	 -6.32114e-05
0.78	 0.0829752	 3.02886e-05	 -0.823178	 -0.00106005	 -0.345468	 -6.42696e-05
0.8	 0.0863969	 3.16905e-05	 -0.853725	 -0.00109708	 -0.355873	 -6.51692e-05
0.82	 0.089827	 3.31058e-05	 -0.883994	 -0.0011336	 -0.365921	 -6.59026e-05
0.84	 0.0932612	 3.4532e-05	 -0.913931	 -0.00116954	 -0.375584	 -6.64624e-05
0.86	 0.096695	 3.59665e-05	 -0.94348	 -0.00120483	 -0.384833	 -6.68416e-05
0.88	 0.100124	 3.74068e-05	 -0.972587	 -0.00123941	 -0.393644	 -6.70336e-05
0.9	 0.103544	 3.88507e-05	 -1.0012	 -0.00127321	 -0.401991	 -6.70324e-05
0.92	 0.106951	 4.02957e-05	 -1.02927	 -0.00130619	 -0.40985	 -6.68322e-05
0.94	 0.11034	 4.17394e-05	 -1.05674	 -0.00133827	 -0.417199	 -6.64276e-05
0.96	 0.113708	 4.31793e-05	 -1.08357	 -0.00136941	 -0.424016	 -6.58137e-05
0.98	 0.117046	 4.46292e-05	 -1.10972	 -0.00139955	 -0.430295	 -6.50188e-05
1	 0.120346	 4.60921e-05	 -1.13515	 -0.00142865	 -0.436035	 -6.40475e-05
1.02	 0.1236	 4.75701e-05	 -1.15981	 -0.00145664	 -0.44124	 -6.29028e-05
1.04	 0.126798	 4.90328e-05	 -1.18369	 -0.00148346	 -0.445923	 -6.15227e-05
1.06	 0.129934	 5.04722e-05	 -1.20676	 -0.00150906	 -0.450101	 -5.98966e-05
1.08	 0.133003	 5.18823e-05	 -1.22899	 -0.00153338	 -0.453788	 -5.80204e-05
1.1	 0.136	 5.32624e-05	 -1.25036	 -0.00155638	 -0.457	 -5.59017e-05
1.12	 0.13892	 5.46152e-05	 -1.27083	 -0.00157802	 -0.459747	 -5.35522e-05
1.14	 0.141759	 5.59433e-05	 -1.2904	 -0.00159826	 -0.462036	 -5.09826e-05
1.16	 0.144513	 5.72483e-05	 -1.30902	 -0.00161709	 -0.463874	 -4.81988e-05
1.18	 0.147177	 5.85294e-05	 -1.32669	 -0.00163447	 -0.465267	 -4.5203e-05
1.2	 0.14975	 5.97795e-05	 -1.34336	 -0.00165074	 -0.466224	 -4.20825e-05
1.22	 0.152233	 6.10118e-05	 -1.35904	 -0.00166576	 -0.466752	 -3.88503e-05
1.24	 0.154628	 6.22247e-05	 -1.37369	 -0.00167951	 -0.46686	 -3.55139e-05
1.26	 0.156938	 6.34124e-05	 -1.38732	 -0.00169198	 -0.466556	 -3.20686e-05
1.28	 0.159164	 6.45668e-05	 -1.39989	 -0.00170317	 -0.465847	 -2.85059e-05
1.3	 0.161306	 6.5681e-05	 -1.41141	 -0.00171307	 -0.464742	 -2.48199e-05
1.32	 0.163367	 6.675e-05	 -1.42185	 -0.00172168	 -0.463246	 -2.10105e-05
1.34	 0.165344	 6.7771e-05	 -1.4312	 -0.00172898	 -0.461368	 -1.70822e-05
1.36	 0.167239	 6.8742e-05	 -1.43947	 -0.00173497	 -0.459115	 -1.30422e-05
1.38	 0.169051	 6.96615e-05	 -1.44663	 -0.00173966	 -0.456496	 -8.8977e-06
1.4	 0.17078	 7.05273e-05	 -1.45267	 -0.00174303	 -0.453518	 -4.65448e-06
1.42	 0.172428	 7.13366e-05	 -1.4576	 -0.00174509	 -0.450191	 -3.16941e-07
1.44	 0.173995	 7.20859e-05	 -1.46141	 -0.00174586	 -0.44652	 4.11159e-06
1.46	 0.175481	 7.27716e-05	 -1.46409	 -0.00174532	 -0.442514	 8.62805e-06
1.48	 0.176887	 7.33898e-05	 -1.46564	 -0.00174351	 -0.438178	 1.32291e-05
1.5	 0.178214	 7.3937e-05	 -1.46605	 -0.00174041	 -0.433518	 1.7911e-05
1.52	 0.179462	 7.44096e-05	 -1.46534	 -0.00173606	 -0.428542	 2.26695e-05
1.54	 0.18063	 7.48045e-05	 -1.46349	 -0.00173045	 -0.423256	 2.74999e-05
1.56	 0.181721	 7.51185e-05	 -1.46052	 -0.00172361	 -0.417665	 3.23977e-05
1.58	 0.182733	 7.53486e-05	 -1.45643	 -0.00171556	 -0.411776	 3.73584e-05
1.6	 0.183667	 7.54916e-05	 -1.45121	 -0.00170631	 -0.405595	 4.23775e-05
1.62	 0.184524	 7.55444e-05	 -1.44488	 -0.00169589	 -0.399128	 4.74507e-05
1.64	 0.185304	 7.55039e-05	 -1.43744	 -0.00168432	 -0.39238	 5.25736e-05
1.66	 0.186007	 7.5367e-05	 -1.42891	 -0.00167162	 -0.385356	 5.77419e-05
1.68	 0.186633	 7.51306e-05	 -1.41929	 -0.00165782	 -0.378061	 6.29511e-05
1.7	 0.187183	 7.47918e-05	 -1.40859	 -0.00164295	 -0.3705	 6.8197e-05
1.72	 0.187657	 7.43478e-05	 -1.39683	 -0.00162704	 -0.362677	 7.3475e-05
1.74	 0.188055	 7.37957e-05	 -1.38402	 -0.00161012	 -0.354597	 7.8781e-05
1.76	 0.188378	 7.3133e-05	 -1.37017	 -0.00159222	 -0.346263	 8.41104e-05
1.78	 0.188626	 7.23571e-05	 -1.3553	 -0.00157337	 -0.337681	 8.9459e-05
1.8	 0.188798	 7.14655e-05	 -1.33943	 -0.00155361	 -0.328853	 9.48222e-05
1.82	 0.188895	 7.0456e-05	 -1.32257	 -0.00153298	 -0.319782	 0.000100197
1.84	 0.188918	 6.93261e-05	 -1.30474	 -0.00151152	 -0.310474	 0.000105578
1.86	 0.188865	 6.80736e-05	 -1.28597	 -0.00148925	 -0.300929	 0.000110962
1.88	 0.188738	 6.66962e-05	 -1.26627	 -0.00146623	 -0.291153	 0.000116346
1.9	 0.188534	 6.5193e-05	 -1.24567	 -0.00144249	 -0.281154	 0.000121726
1.92	 0.188248	 6.35607e-05	 -1.22421	 -0.00141807	 -0.270949	 0.0001271
1.94	 0.187879	 6.17964e-05	 -1.2019	 -0.00139299	 -0.260551	 0.000132469
1.96	 0.187421	 5.99047e-05	 -1.17879	 -0.00136729	 -0.249988	 0.000137818
1.98	 0.186873	 5.78599e-05	 -1.15491	 -0.00134101	 -0.239288	 0.000143196
2	 0.186235	 5.56702e-05	 -1.13031	 -0.00131417	 -0.228482	 0.000148578
2.02	 0.185508	 5.3354e-05	 -1.10504	 -0.0012865	 -0.217607	 0.000154009
2.04	 0.184695	 5.08803e-05	 -1.07914	 -0.00125844	 -0.206694	 0.00015945
2.06	 0.183799	 4.82765e-05	 -1.05266	 -0.00122985	 -0.195776	 0.000164877
2.08	 0.182823	 4.55483e-05	 -1.02565	 -0.00120074	 -0.184884	 0.000170288
2.1	 0.181768	 4.2689e-05	 -0.998155	 -0.00117131	 -0.174047	 0.000175657
2.12	 0.180636	 3.97139e-05	 -0.970235	 -0.0011415	 -0.163298	 0.00018098
2.14	 0.179429	 3.66204e-05	 -0.941938	 -0.00111141	 -0.152669	 0.000186252
2.16	 0.17815	 3.34116e-05	 -0.913317	 -0.00108111	 -0.142196	 0.000191457
2.18	 0.176801	 3.00959e-05	 -0.884425	 -0.00105061	 -0.131913	 0.000196587
2.2	 0.175385	 2.66736e-05	 -0.855316	 -0.00102001	 -0.121854	 0.000201628
2.22	 0.173904	 2.31522e-05	 -0.826045	 -0.000989338	 -0.112054	 0.000206566
2.24	 0.172361	 1.9538e-05	 -0.796666	 -0.000958653	 -0.102547	 0.000211388
2.26	 0.170759	 1.58355e-05	 -0.767237	 -0.000928029	 -0.0933665	 0.00021608
2.28	 0.169101	 1.20523e-05	 -0.737811	 -0.000897509	 -0.0845464	 0.000220628
2.3	 0.16739	 8.19473e-06	 -0.708446	 -0.000867153	 -0.0761204	 0.000225022
2.32	 0.165629	 4.26909e-06	 -0.679199	 -0.000837021	 -0.068122	 0.000229248
2.34	 0.163822	 2.83195e-07	 -0.650125	 -0.000807164	 -0.0605844	 0.000233294
2.36	 0.16197	 -3.75587e-06	 -0.62128	 -0.000777641	 -0.0535398	 0.000237146
2.38	 0.160079	 -7.84014e-06	 -0.59272	 -0.000748505	 -0.0470196	 0.000240791
2.4	 0.158151	 -1.19612e-05	 -0.5645	 -0.000719808	 -0.0410538	 0.000244216
2.42	 0.15619	 -1.61106e-05	 -0.536674	 -0.000691601	 -0.0356699	 0.000247405
2.44	 0.154199	 -2.02799e-05	 -0.509295	 -0.000663937	 -0.0308932	 0.000250347
2.46	 0.152181	 -2.44612e-05	 -0.482413	 -0.000636873	 -0.0267465	 0.000253028
2.48	 0.15014	 -2.86469e-05	 -0.456081	 -0.000610467	 -0.0232516	 0.000255439
2.5	 0.148079	 -3.28285e-05	 -0.430348	 -0.000584772	 -0.0204291	 0.000257569
2.52	 0.146001	 -3.69978e-05	 -0.405261	 -0.000559839	 -0.0182984	 0.000259409
2.54	 0.14391	 -4.11465e-05	 -0.380868	 -0.000535717	 -0.0168774	 0.000260949
2.56	 0.14181	 -4.52659e-05	 -0.357213	 -0.000512453	 -0.0161824	 0.00026218
2.58	 0.139702	 -4.93477e-05	 -0.33434	 -0.00049009	 -0.0162284	 0.000263092
2.6	 0.137592	 -5.33831e-05	 -0.312291	 -0.00046867	 -0.0170283	 0.000263679
2.62	 0.135481	 -5.73635e-05	 -0.291107	 -0.000448233	 -0.0185937	 0.000263931
2.64	 0.133373	 -6.12803e-05	 -0.270827	 -0.000428817	 -0.0209341	 0.000263841
2.66	 0.131272	 -6.51248e-05	 -0.251487	 -0.000410458	 -0.0240575	 0.000263404
2.68	 0.129179	 -6.88884e-05	 -0.233123	 -0.000393191	 -0.0279702	 0.000262611
2.7	 0.1271	 -7.25624e-05	 -0.215768	 -0.000377049	 -0.0326771	 0.000261458
2.72	 0.125035	 -7.61383e-05	 -0.199454	 -0.000362062	 -0.0381812	 0.000259937
2.74	 0.122989	 -7.96076e-05	 -0.184212	 -0.000348253	 -0.0444836	 0.000258046
2.76	 0.120964	 -8.2962e-05	 -0.170069	 -0.000335646	 -0.0515836	 0.000255781
2.78	 0.118963	 -8.61931e-05	 -0.157049	 -0.000324263	 -0.059478	 0.00025314
2.8	 0.116989	 -8.92931e-05	 -0.145178	 -0.000314123	 -0.0681618	 0.00025012
2.82	 0.115045	 -9.2254e-05	 -0.134476	 -0.000305241	 -0.0776274	 0.000246721
2.84	 0.113132	 -9.5068e-05	 -0.124961	 -0.000297632	 -0.0878655	 0.000242943
2.86	 0.111254	 -9.77277e-05	 -0.11665	 -0.000291306	 -0.0988643	 0.000238786
2.88	 0.109412	 -0.000100226	 -0.109557	 -0.000286272	 -0.11061	 0.000234253
2.9	 0.107609	 -0.000102556	 -0.103694	 -0.000282535	 -0.123088	 0.000229347
2.92	 0.105847	 -0.000104711	 -0.0990711	 -0.000280099	 -0.136281	 0.00022407
2.94	 0.104128	 -0.000106685	 -0.0956942	 -0.000278964	 -0.150168	 0.000218429
2.96	 0.102453	 -0.000108473	 -0.0935685	 -0.000279126	 -0.164729	 0.000212429
2.98	 0.100825	 -0.000110068	 -0.0926962	 -0.000280583	 -0.17994	 0.000206075
3	 0.0992445	 -0.000111464	 -0.0930772	 -0.000283325	 -0.195777	 0.000199375
3.02	 0.0977135	 -0.000112659	 -0.0947091	 -0.000287342	 -0.212213	 0.000192337
3.04	 0.0962333	 -0.000113645	 -0.0975871	 -0.000292622	 -0.229219	 0.00018497
3.06	 0.094805	 -0.00011442	 -0.101704	 -0.000299148	 -0.246765	 0.000177284
3.08	 0.0934297	 -0.000114979	 -0.10705	 -0.000306903	 -0.264821	 0.000169289
3.1	 0.0921083	 -0.000115319	 -0.113613	 -0.000315868	 -0.283351	 0.000160997
3.12	 0.0908417	 -0.000115437	 -0.12138	 -0.000326018	 -0.302323	 0.000152419
3.14	 0.0896304	 -0.00011533	 -0.130333	 -0.00033733	 -0.3217	 0.000143568
3.16	 0.0884751	 -0.000114996	 -0.140454	 -0.000349773	 -0.341444	 0.000134457
3.18	 0.0873761	 -0.000114432	 -0.151722	 -0.000363317	 -0.361517	 0.0001251
3.2	 0.0863337	 -0.000113638	 -0.164114	 -0.000377929	 -0.381879	 0.000115511
3.22	 0.085348	 -0.000112612	 -0.177604	 -0.000393573	 -0.402488	 0.000105706
3.24	 0.0844188	 -0.000111352	 -0.192166	 -0.000410211	 -0.423303	 9.56999e-05
3.26	 0.0835461	 -0.000109859	 -0.207769	 -0.000427801	 -0.444281	 8.55092e-05
3.28	 0.0827296	 -0.000108132	 -0.224383	 -0.000446302	 -0.465379	 7.51507e-05
3.3	 0.0819688	 -0.000106172	 -0.241975	 -0.000465668	 -0.486551	 6.46416e-05
3.32	 0.0812632	 -0.000103979	 -0.26051	 -0.000485853	 -0.507755	 5.39995e-05
3.34	 0.0806121	 -0.000101554	 -0.279951	 -0.00050681	 -0.528944	 4.32421e-05
3.36	 0.0800148	 -9.88994e-05	 -0.300261	 -0.000528487	 -0.550075	 3.23877e-05
3.38	 0.0794703	 -9.60165e-05	 -0.321401	 -0.000550835	 -0.571101	 2.14543e-05
3.4	 0.0789778	 -9.29077e-05	 -0.343329	 -0.000573802	 -0.591979	 1.04604e-05
3.42	 0.0785363	 -8.95756e-05	 -0.366003	 -0.000597334	 -0.612662	 -5.75356e-07
3.44	 0.0781444	 -8.60234e-05	 -0.389381	 -0.000621379	 -0.633107	 -1.16344e-05
3.46	 0.0778011	 -8.22545e-05	 -0.413417	 -0.000645882	 -0.653269	 -2.26977e-05
3.48	 0.077505	 -7.82731e-05	 -0.438067	 -0.00067079	 -0.673104	 -3.37468e-05
3.5	 0.0772546	 -7.40835e-05	 -0.463284	 -0.000696046	 -0.692568	 -4.47625e-05
3.52	 0.0770487	 -6.96905e-05	 -0.489021	 -0.000721597	 -0.711619	 -5.57263e-05
3.54	 0.0768856	 -6.50994e-05	 -0.51523	 -0.000747388	 -0.730216	 -6.66196e-05
3.56	 0.0767637	 -6.0316e-05	 -0.541862	 -0.000773364	 -0.748315	 -7.74239e-05
3.58	 0.0766814	 -5.53461e-05	 -0.568869	 -0.00079947	 -0.765878	 -8.8121e-05
3.6	 0.076637	 -5.01961e-05	 -0.5962	 -0.000825651	 -0.782865	 -9.86927e-05
3.62	 0.0766287	 -4.48727e-05	 -0.623807	 -0.000851853	 -0.799237	 -0.000109121
3.64	 0.0766547	 -3.93833e-05	 -0.651638	 -0.000878023	 -0.814957	 -0.000119388
3.66	 0.0767132	 -3.37352e-05	 -0.679644	 -0.000904108	 -0.82999	 -0.000129476
3.68	 0.0768022	 -2.79364e-05	 -0.707774	 -0.000930055	 -0.844299	 -0.000139369
3.7	 0.0769199	 -2.19953e-05	 -0.735977	 -0.000955813	 -0.857853	 -0.000149048
3.72	 0.0770643	 -1.59203e-05	 -0.764205	 -0.000981332	 -0.870618	 -0.000158497
3.74	 0.0772334	 -9.7206e-06	 -0.792406	 -0.00100656	 -0.882565	 -0.0001677
3.76	 0.0774252	 -3.40542e-06	 -0.820531	 -0.00103145	 -0.893665	 -0.000176641
3.78	 0.0776378	 3.01559e-06	 -0.848531	 -0.00105596	 -0.90389	 -0.000185305
3.8	 0.0778692	 9.53249e-06	 -0.876357	 -0.00108004	 -0.913216	 -0.000193675
3.82	 0.0781172	 1.61351e-05	 -0.903962	 -0.00110365	 -0.921619	 -0.000201738
3.84	 0.07838	 2.28129e-05	 -0.931297	 -0.00112674	 -0.929076	 -0.00020948
3.86	 0.0786518	 2.95835e-05	 -0.958324	 -0.00114928	 -0.935583	 -0.000216943
3.88	 0.078925	 3.64454e-05	 -0.985005	 -0.00117122	 -0.941142	 -0.000224128
3.9	 0.079191	 4.33947e-05	 -1.01131	 -0.00119252	 -0.945765	 -0.000231033
3.92	 0.0794413	 5.04231e-05	 -1.03721	 -0.00121314	 -0.949464	 -0.000237646
3.94	 0.079668	 5.75188e-05	 -1.06266	 -0.00123303	 -0.952252	 -0.000243952
3.96	 0.0798642	 6.46694e-05	 -1.08765	 -0.00125215	 -0.954141	 -0.00024994
3.98	 0.0800238	 7.18623e-05	 -1.11213	 -0.00127046	 -0.95514	 -0.000255599
4	 0.0801415	 7.90858e-05	 -1.13608	 -0.00128793	 -0.955254	 -0.000260921
4.02	 0.0802128	 8.63113e-05	 -1.15946	 -0.00130452	 -0.954496	 -0.000265864
4.04	 0.0802345	 9.35283e-05	 -1.18225	 -0.0013202	 -0.952882	 -0.000270426
4.06	 0.0802033	 0.000100729	 -1.20443	 -0.00133495	 -0.950434	 -0.000274609
4.08	 0.0801163	 0.000107908	 -1.22596	 -0.00134873	 -0.947179	 -0.00027842
4.1	 0.0799698	 0.000115063	 -1.24684	 -0.00136154	 -0.943141	 -0.000281869
4.12	 0.0797604	 0.00012219	 -1.26703	 -0.00137336	 -0.938345	 -0.000284966
4.14	 0.0794845	 0.000129284	 -1.28653	 -0.00138418	 -0.932815	 -0.000287714
4.16	 0.0791387	 0.000136336	 -1.3053	 -0.001394	 -0.926575	 -0.000290118
4.18	 0.0787199	 0.000143338	 -1.32334	 -0.00140279	 -0.919647	 -0.000292178
4.2	 0.0782255	 0.00015028	 -1.34062	 -0.00141057	 -0.912053	 -0.000293899
4.22	 0.0776529	 0.000157154	 -1.35712	 -0.00141732	 -0.903815	 -0.000295282
4.24	 0.0770001	 0.00016395	 -1.37283	 -0.00142303	 -0.894957	 -0.000296333
4.26	 0.0762649	 0.000170659	 -1.38772	 -0.00142771	 -0.885502	 -0.000297058
4.28	 0.0754456	 0.000177273	 -1.4018	 -0.00143137	 -0.875473	 -0.000297462
4.3	 0.0745404	 0.000183783	 -1.41503	 -0.001434	 -0.864896	 -0.000297553
4.32	 0.0735477	 0.000190181	 -1.42741	 -0.00143562	 -0.853793	 -0.000297337
4.34	 0.0724662	 0.000196458	 -1.43894	 -0.00143623	 -0.842188	 -0.00029682
4.36	 0.0712947	 0.000202607	 -1.44959	 -0.00143586	 -0.830106	 -0.000296008
4.38	 0.0700322	 0.000208617	 -1.45935	 -0.00143452	 -0.817568	 -0.000294909
4.4	 0.0686781	 0.000214481	 -1.46823	 -0.00143222	 -0.804599	 -0.000293529
4.42	 0.0672318	 0.000220189	 -1.47621	 -0.00142898	 -0.79122	 -0.000291876
4.44	 0.0656932	 0.000225733	 -1.48329	 -0.00142483	 -0.777456	 -0.000289956
4.46	 0.0640622	 0.000231104	 -1.48946	 -0.00141978	 -0.763327	 -0.000287778
4.48	 0.062339	 0.000236293	 -1.49471	 -0.00141387	 -0.748856	 -0.000285348
4.5	 0.0605238	 0.000241292	 -1.49905	 -0.00140711	 -0.734065	 -0.000282676
4.52	 0.0586174	 0.000246093	 -1.50247	 -0.00139954	 -0.718976	 -0.000279768
4.54	 0.0566205	 0.000250687	 -1.50498	 -0.00139118	 -0.703609	 -0.000276634
4.56	 0.0545342	 0.000255066	 -1.50657	 -0.00138207	 -0.687987	 -0.00027328
4.58	 0.0523595	 0.000259223	 -1.50724	 -0.00137224	 -0.672128	 -0.000269715
4.6	 0.0500981	 0.00026315	 -1.507	 -0.00136173	 -0.656054	 -0.000265948
4.62	 0.0477515	 0.000266839	 -1.50585	 -0.00135056	 -0.639784	 -0.000261986
4.64	 0.0453217	 0.000270284	 -1.50379	 -0.00133877	 -0.623337	 -0.000257838
4.66	 0.0428106	 0.000273477	 -1.50084	 -0.0013264	 -0.606732	 -0.000253512
4.68	 0.0402206	 0.000276411	 -1.497	 -0.00131349	 -0.589987	 -0.000249017
4.7	 0.0375542	 0.00027908	 -1.49228	 -0.00130008	 -0.573121	 -0.000244361
4.72	 0.0348141	 0.000281478	 -1.48668	 -0.00128619	 -0.556151	 -0.000239552
4.74	 0.032003	 0.000283599	 -1.48022	 -0.00127189	 -0.539093	 -0.000234597
4.76	 0.0291241	 0.000285437	 -1.47292	 -0.00125719	 -0.521964	 -0.000229506
4.78	 0.0261807	 0.000286986	 -1.46477	 -0.00124216	 -0.504779	 -0.000224286
4.8	 0.0231762	 0.000288242	 -1.4558	 -0.00122681	 -0.487555	 -0.000218945
4.82	 0.0201141	 0.000289201	 -1.44603	 -0.00121121	 -0.470306	 -0.00021349
4.84	 0.0169984	 0.000289857	 -1.43546	 -0.00119538	 -0.453045	 -0.000207929
4.86	 0.0138329	 0.000290207	 -1.42411	 -0.00117938	 -0.435787	 -0.00020227
4.88	 0.0106219	 0.000290248	 -1.412	 -0.00116324	 -0.418544	 -0.000196519
4.9	 0.00736948	 0.00028992	 -1.39915	 -0.00114699	 -0.40133	 -0.00019057
4.92	 0.00408024	 0.000289265	 -1.38559	 -0.00113067	 -0.384155	 -0.000184528
4.94	 0.000758734	 0.000288285	 -1.37132	 -0.00111433	 -0.367031	 -0.000178407
4.96	 -0.00259029	 0.000286987	 -1.35637	 -0.00109802	 -0.349968	 -0.00017223
4.98	 -0.00596194	 0.00028537	 -1.34077	 -0.00108177	 -0.332978	 -0.000166002
5	 -0.00935119	 0.000283426	 -1.32453	 -0.00106563	 -0.316068	 -0.000159709
5.02	 -0.0127528	 0.000281078	 -1.30768	 -0.00104963	 -0.29925	 -0.0001532
5.04	 -0.016161	 0.000278363	 -1.29025	 -0.00103379	 -0.282535	 -0.000146569
5.06	 -0.0195693	 0.0002752	 -1.27226	 -0.00101813	 -0.265939	 -0.000139661
5.08	 -0.0229715	 0.000271504	 -1.25374	 -0.00100265	 -0.249474	 -0.000132319
5.1	 -0.0263611	 0.000267406	 -1.23474	 -0.000987384	 -0.233157	 -0.000124828
5.12	 -0.0297314	 0.000262789	 -1.21527	 -0.000972355	 -0.217003	 -0.00011695
5.14	 -0.0330775	 0.000257691	 -1.19537	 -0.0009576	 -0.201032	 -0.000108762
5.16	 -0.0363953	 0.000252152	 -1.17508	 -0.000943165	 -0.185268	 -0.000100337
5.18	 -0.0396793	 0.000246122	 -1.15445	 -0.000929081	 -0.169732	 -9.15664e-05
5.2	 -0.0429245	 0.000239646	 -1.13349	 -0.00091539	 -0.154447	 -8.25322e-05
5.22	 -0.0461259	 0.000232722	 -1.11227	 -0.000902124	 -0.139437	 -7.32257e-05
5.24	 -0.0492781	 0.000225343	 -1.09081	 -0.000889309	 -0.124726	 -6.36259e-05
5.26	 -0.0523764	 0.000217539	 -1.06917	 -0.000876973	 -0.110342	 -5.37873e-05
5.28	 -0.0554163	 0.000209311	 -1.04737	 -0.000865138	 -0.096312	 -4.37033e-05
5.3	 -0.0583936	 0.000200673	 -1.02548	 -0.00085383	 -0.0826625	 -3.33949e-05
5.32	 -0.0613044	 0.000191646	 -1.00353	 -0.000843073	 -0.0694226	 -2.28923e-05
5.34	 -0.064145	 0.000182239	 -0.98156	 -0.000832891	 -0.0566206	 -1.21974e-05
5.36	 -0.0669116	 0.000172469	 -0.959626	 -0.000823304	 -0.0442849	 -1.33108e-06
5.38	 -0.0696006	 0.000162353	 -0.93777	 -0.000814333	 -0.0324439	 9.69129e-06
5.4	 -0.0722079	 0.000151904	 -0.916036	 -0.000805991	 -0.021125	 2.08586e-05
5.42	 -0.07473	 0.000141143	 -0.894471	 -0.000798293	 -0.010355	 3.21487e-05
5.44	 -0.0771627	 0.000130086	 -0.873118	 -0.000791249	 -0.000159786	 4.35443e-05
5.46	 -0.0795024	 0.000118754	 -0.852022	 -0.000784867	 0.0094355	 5.50257e-05
5.48	 -0.0817452	 0.000107168	 -0.831227	 -0.000779154	 0.0184063	 6.65698e-05
5.5	 -0.0838875	 9.53495e-05	 -0.810776	 -0.000774116	 0.0267291	 7.81561e-05
5.52	 -0.0859257	 8.33217e-05	 -0.790714	 -0.000769755	 0.034381	 8.97613e-05
5.54	 -0.0878566	 7.11083e-05	 -0.771081	 -0.000766075	 0.0413404	 0.000101362
5.56	 -0.0896769	 5.87328e-05	 -0.751921	 -0.000763076	 0.0475869	 0.000112936
5.58	 -0.0913837	 4.622e-05	 -0.733273	 -0.000760757	 0.0531011	 0.00012446
5.6	 -0.0929739	 3.35945e-05	 -0.715178	 -0.000759116	 0.0578653	 0.00013591
5.62	 -0.0944449	 2.08816e-05	 -0.697675	 -0.000758148	 0.0618634	 0.000147263
5.64	 -0.0957941	 8.10655e-06	 -0.6808	 -0.000757846	 0.0650809	 0.000158497
5.66	 -0.0970189	 -4.70514e-06	 -0.664591	 -0.000758203	 0.0675049	 0.000169589
5.68	 -0.098117	 -1.75281e-05	 -0.649081	 -0.000759213	 0.0691245	 0.000180517
5.7	 -0.0990862	 -3.03368e-05	 -0.634304	 -0.000760868	 0.0699305	 0.000191258
5.72	 -0.0999246	 -4.3106e-05	 -0.620293	 -0.000763158	 0.0699156	 0.000201791
5.74	 -0.10063	 -5.58102e-05	 -0.607076	 -0.000766073	 0.0690743	 0.000212097
5.76	 -0.101201	 -6.84243e-05	 -0.594684	 -0.000769601	 0.0674029	 0.000222154
5.78	 -0.101636	 -8.09232e-05	 -0.583143	 -0.000773728	 0.0648999	 0.000231943
5.8	 -0.101934	 -9.32822e-05	 -0.572478	 -0.00077844	 0.0615653	 0.000241445
5.82	 -0.102093	 -0.000105477	 -0.562712	 -0.000783722	 0.0574015	 0.000250641
5.84	 -0.102112	 -0.000117483	 -0.553867	 -0.000789557	 0.0524127	 0.000259513
5.86	 -0.10199	 -0.000129277	 -0.545964	 -0.000795928	 0.0466052	 0.000268045
5.88	 -0.101727	 -0.000140835	 -0.539018	 -0.000802817	 0.0399873	 0.000276221
5.9	 -0.10132	 -0.000152135	 -0.533047	 -0.000810206	 0.0325696	 0.000284024
5.92	 -0.100771	 -0.000163155	 -0.528065	 -0.000818076	 0.0243646	 0.00029144
5.94	 -0.100077	 -0.000173872	 -0.524082	 -0.000826405	 0.0153869	 0.000298455
5.96	 -0.0992394	 -0.000184266	 -0.521108	 -0.000835173	 0.00565327	 0.000305055
5.98	 -0.0982574	 -0.000194316	 -0.519151	 -0.000844358	 -0.00481761	 0.00031123
6	 -0.097131	 -0.000204002	 -0.518216	 -0.000853936	 -0.0160052	 0.000316965
6.02	 -0.0958603	 -0.000213305	 -0.518307	 -0.000863885	 -0.0278872	 0.000322252
6.04	 -0.0944456	 -0.000222206	 -0.519425	 -0.000874181	 -0.0404395	 0.000327079
6.06	 -0.0928874	 -0.000230688	 -0.521571	 -0.0008848	 -0.0536366	 0.000331437
6.08	 -0.0911864	 -0.000238733	 -0.524741	 -0.000895715	 -0.0674511	 0.000335319
6.1	 -0.0893432	 -0.000246326	 -0.528931	 -0.000906903	 -0.0818544	 0.000338718
6.12	 -0.0873588	 -0.00025345	 -0.534136	 -0.000918339	 -0.0968161	 0.000341627
6.14	 -0.0852344	 -0.000260093	 -0.540346	 -0.000929996	 -0.112304	 0.000344041
6.16	 -0.0829712	 -0.000266241	 -0.547552	 -0.000941849	 -0.128285	 0.000345956
6.18	 -0.0805707	 -0.000271881	 -0.555741	 -0.000953872	 -0.144724	 0.00034737
6.2	 -0.0780346	 -0.000277002	 -0.564899	 -0.000966039	 -0.161584	 0.000348281
6.22	 -0.0753645	 -0.000281593	 -0.575009	 -0.000978322	 -0.178828	 0.000348686
6.24	 -0.0725626	 -0.000285646	 -0.586054	 -0.000990694	 -0.196416	 0.000348587
6.26	 -0.0696309	 -0.000289152	 -0.598014	 -0.00100313	 -0.214309	 0.000347984
6.28	 -0.0665718	 -0.000292104	 -0.610866	 -0.0010156	 -0.232464	 0.00034688
6.3	 -0.0633876	 -0.000294496	 -0.624587	 -0.00102808	 -0.250839	 0.000345279
6.32	 -0.0600811	 -0.000296323	 -0.639152	 -0.00104055	 -0.26939	 0.000343184
6.34	 -0.0566549	 -0.000297582	 -0.654534	 -0.00105298	 -0.288074	 0.000340601
6.36	 -0.0531121	 -0.000298271	 -0.670704	 -0.00106533	 -0.306844	 0.000337537
6.38	 -0.0494555	 -0.000298387	 -0.687631	 -0.0010776	 -0.325656	 0.000333999
6.4	 -0.0456884	 -0.00029793	 -0.705285	 -0.00108975	 -0.344463	 0.000329994
6.42	 -0.041814	 -0.000296901	 -0.723631	 -0.00110176	 -0.363219	 0.000325532
6.44	 -0.0378358	 -0.000295302	 -0.742637	 -0.00111361	 -0.381876	 0.000320623
6.46	 -0.0337573	 -0.000293136	 -0.762266	 -0.00112528	 -0.400389	 0.000315276
6.48	 -0.0295822	 -0.000290407	 -0.782482	 -0.00113674	 -0.418709	 0.000309505
6.5	 -0.0253141	 -0.00028712	 -0.803247	 -0.00114798	 -0.43679	 0.00030332
6.52	 -0.020957	 -0.000283281	 -0.824523	 -0.00115897	 -0.454586	 0.000296735
6.54	 -0.0165148	 -0.000278899	 -0.846268	 -0.00116971	 -0.472049	 0.000289764
6.56	 -0.0119915	 -0.000273982	 -0.868444	 -0.00118016	 -0.489134	 0.000282422
6.58	 -0.00739126	 -0.000268539	 -0.891009	 -0.00119032	 -0.505795	 0.000274724
6.6	 -0.00271827	 -0.000262581	 -0.913921	 -0.00120017	 -0.521986	 0.000266685
6.62	 0.00202322	 -0.00025612	 -0.937138	 -0.0012097	 -0.537664	 0.000258324
6.64	 0.00682889	 -0.000249169	 -0.960616	 -0.0012189	 -0.552786	 0.000249657
6.66	 0.0116943	 -0.000241741	 -0.984313	 -0.00122775	 -0.567307	 0.000240703
6.68	 0.0166152	 -0.000233852	 -1.00818	 -0.00123625	 -0.581187	 0.00023148
6.7	 0.0215869	 -0.000225517	 -1.03219	 -0.00124438	 -0.594384	 0.000222007
6.72	 0.0266049	 -0.000216752	 -1.05628	 -0.00125214	 -0.60686	 0.000212304
6.74	 0.0316648	 -0.000207576	 -1.08041	 -0.00125952	 -0.618574	 0.000202392
6.76	 0.036762	 -0.000198007	 -1.10454	 -0.00126651	 -0.62949	 0.000192291
6.78	 0.0418918	 -0.000188064	 -1.12862	 -0.00127312	 -0.639571	 0.000182022
6.8	 0.0470497	 -0.000177767	 -1.15262	 -0.00127934	 -0.648784	 0.000171609
6.82	 0.052231	 -0.000167138	 -1.17648	 -0.00128516	 -0.657095	 0.000161071
6.84	 0.0574296	 -0.000156179	 -1.20017	 -0.00129059	 -0.664478	 0.000150397
6.86	 0.0626367	 -0.000144907	 -1.22365	 -0.00129562	 -0.67092	 0.000139599
6.88	 0.0678424	 -0.00013334	 -1.24689	 -0.00130025	 -0.676413	 0.000128696
6.9	 0.0730368	 -0.000121501	 -1.26985	 -0.00130448	 -0.680955	 0.000117712
6.92	 0.0782101	 -0.000109415	 -1.29251	 -0.00130829	 -0.684542	 0.000106673
6.94	 0.0833549	 -9.72097e-05	 -1.31484	 -0.00131166	 -0.687182	 9.58157e-05
6.96	 0.0884649	 -8.49237e-05	 -1.33682	 -0.00131456	 -0.688884	 8.51759e-05
6.98	 0.0935347	 -7.25836e-05	 -1.35842	 -0.00131697	 -0.689655	 7.47663e-05
7	 0.098559	 -6.01967e-05	 -1.37961	 -0.00131889	 -0.689504	 6.45644e-05
7.02	 0.103532	 -4.77611e-05	 -1.40038	 -0.00132033	 -0.688437	 5.45387e-05
7.04	 0.108449	 -3.52754e-05	 -1.42069	 -0.00132132	 -0.68646	 4.46672e-05
7.06	 0.113303	 -2.27447e-05	 -1.44051	 -0.00132188	 -0.683578	 3.49443e-05
7.08	 0.118087	 -1.01819e-05	 -1.45983	 -0.00132205	 -0.6798	 2.53781e-05
7.1	 0.122798	 2.39091e-06	 -1.47863	 -0.00132211	 -0.675133	 1.59169e-05
7.12	 0.127436	 1.4965e-05	 -1.49686	 -0.00132197	 -0.669587	 6.5641e-06
7.14	 0.132004	 2.75208e-05	 -1.51453	 -0.00132167	 -0.663172	 -2.67749e-06
7.16	 0.136505	 4.00365e-05	 -1.53161	 -0.00132123	 -0.655896	 -1.17996e-05
7.18	 0.140942	 5.24907e-05	 -1.54809	 -0.00132066	 -0.647769	 -2.07929e-05
7.2	 0.145319	 6.48637e-05	 -1.56394	 -0.00132001	 -0.638799	 -2.96502e-05
7.22	 0.149636	 7.71383e-05	 -1.57915	 -0.0013193	 -0.628994	 -3.83673e-05
7.24	 0.153895	 8.92992e-05	 -1.5937	 -0.00131855	 -0.618366	 -4.69424e-05
7.26	 0.158096	 0.000101332	 -1.60758	 -0.00131781	 -0.606926	 -5.53751e-05
7.28	 0.16224	 0.000113221	 -1.62077	 -0.00131709	 -0.594689	 -6.36648e-05
7.3	 0.166328	 0.000124953	 -1.63325	 -0.00131641	 -0.581668	 -7.18102e-05
7.32	 0.170362	 0.00013656	 -1.64502	 -0.00131546	 -0.567877	 -7.97987e-05
7.34	 0.174342	 0.000148027	 -1.65605	 -0.00131434	 -0.553329	 -8.76286e-05
7.36	 0.178272	 0.000159347	 -1.66634	 -0.00131306	 -0.538034	 -9.52956e-05
7.38	 0.182151	 0.00017051	 -1.67587	 -0.00131163	 -0.522004	 -0.000102796
7.4	 0.185983	 0.000181506	 -1.68464	 -0.00131004	 -0.50525	 -0.000110128
7.42	 0.189768	 0.000192325	 -1.69264	 -0.00130828	 -0.487785	 -0.000117288
7.44	 0.193508	 0.000202954	 -1.69986	 -0.00130634	 -0.469622	 -0.000124275
7.46	 0.197206	 0.000213385	 -1.70628	 -0.00130422	 -0.450775	 -0.000131085
7.48	 0.200861	 0.000223608	 -1.71191	 -0.00130191	 -0.43126	 -0.000137716
7.5	 0.204476	 0.000233641	 -1.71673	 -0.00129894	 -0.411085	 -0.000143948
7.52	 0.208051	 0.000243457	 -1.72074	 -0.00129554	 -0.390255	 -0.000149732
7.54	 0.211588	 0.00025305	 -1.72392	 -0.00129172	 -0.368771	 -0.000155037
7.56	 0.215086	 0.000262416	 -1.72629	 -0.00128748	 -0.346636	 -0.000159861
7.58	 0.218548	 0.000271554	 -1.72782	 -0.00128279	 -0.323853	 -0.000164221
7.6	 0.221975	 0.00028046	 -1.72852	 -0.00127761	 -0.300429	 -0.000168125
7.62	 0.225368	 0.000289127	 -1.72838	 -0.00127192	 -0.276373	 -0.000171573
7.64	 0.228728	 0.000297545	 -1.72741	 -0.00126569	 -0.251694	 -0.000174553
7.66	 0.232058	 0.000305705	 -1.72559	 -0.00125893	 -0.226403	 -0.000177048
7.68	 0.235358	 0.000313602	 -1.72294	 -0.00125163	 -0.200514	 -0.000179038
7.7	 0.23863	 0.00032123	 -1.71944	 -0.00124379	 -0.174038	 -0.00018051
7.72	 0.241876	 0.000328584	 -1.71511	 -0.00123541	 -0.146987	 -0.000181455
7.74	 0.245097	 0.000335662	 -1.70993	 -0.00122649	 -0.119374	 -0.000181864
7.76	 0.248294	 0.00034246	 -1.70392	 -0.00121702	 -0.0912111	 -0.000181732
7.78	 0.25147	 0.000348974	 -1.69708	 -0.001207	 -0.0625133	 -0.000181055
7.8	 0.254626	 0.0003552	 -1.6894	 -0.00119642	 -0.0332947	 -0.000179825
7.82	 0.257764	 0.000361135	 -1.68091	 -0.00118528	 -0.00357072	 -0.000178038
7.84	 0.260886	 0.000366775	 -1.67159	 -0.00117359	 0.0266424	 -0.000175687
7.86	 0.263993	 0.000372117	 -1.66145	 -0.00116133	 0.0573277	 -0.000172768
7.88	 0.267088	 0.000377159	 -1.65052	 -0.00114852	 0.0884678	 -0.000169276
7.9	 0.270172	 0.000381899	 -1.63878	 -0.00113515	 0.120044	 -0.000165209
7.92	 0.273247	 0.000386336	 -1.62625	 -0.00112122	 0.152039	 -0.000160564
7.94	 0.276316	 0.000390468	 -1.61293	 -0.00110675	 0.184433	 -0.000155339
7.96	 0.27938	 0.000394295	 -1.59885	 -0.00109173	 0.217206	 -0.000149535
7.98	 0.282441	 0.000397817	 -1.584	 -0.00107617	 0.250338	 -0.000143152
8	 0.285502	 0.000401034	 -1.5684	 -0.00106008	 0.283809	 -0.00013619
8.02	 0.288564	 0.000403946	 -1.55206	 -0.00104346	 0.317598	 -0.00012865
8.04	 0.291629	 0.000406553	 -1.53499	 -0.00102632	 0.351682	 -0.000120534
8.06	 0.2947	 0.000408856	 -1.5172	 -0.00100867	 0.386041	 -0.000111845
8.08	 0.297779	 0.000410858	 -1.49872	 -0.000990525	 0.420651	 -0.000102589
8.1	 0.300868	 0.000412558	 -1.47954	 -0.000971885	 0.45549	 -9.27657e-05
8.12	 0.303969	 0.000413961	 -1.45969	 -0.00095277	 0.490534	 -8.23839e-05
8.14	 0.307084	 0.000415067	 -1.43919	 -0.000933183	 0.525761	 -7.14454e-05
8.16	 0.310216	 0.00041588	 -1.41804	 -0.000913149	 0.561145	 -5.99584e-05
8.18	 0.313366	 0.000416402	 -1.39626	 -0.000892682	 0.596663	 -4.79311e-05
8.2	 0.316537	 0.000416636	 -1.37388	 -0.000871787	 0.63229	 -3.53682e-05
8.22	 0.319726	 0.000416589	 -1.35091	 -0.000850474	 0.667987	 -2.22803e-05
8.24	 0.322931	 0.000416375	 -1.32738	 -0.000827895	 0.703707	 -8.67098e-06
8.26	 0.326148	 0.000415871	 -1.30333	 -0.000805253	 0.739406	 5.44689e-06
8.28	 0.329372	 0.000415106	 -1.27877	 -0.000782237	 0.775027	 2.00566e-05
8.3	 0.3326	 0.000413747	 -1.25375	 -0.000761378	 0.81052	 3.51444e-05
8.32	 0.335827	 0.00041214	 -1.2283	 -0.000739544	 0.845836	 5.06715e-05
8.34	 0.33905	 0.000410035	 -1.20244	 -0.000718939	 0.880926	 6.66286e-05
8.36	 0.342267	 0.000407466	 -1.17621	 -0.000699208	 0.915743	 8.29785e-05
8.38	 0.345472	 0.000403933	 -1.14965	 -0.000678356	 0.950242	 0.000101208
8.4	 0.348664	 0.000399655	 -1.12278	 -0.000658988	 0.984372	 0.000120205
8.42	 0.351838	 0.000394904	 -1.09563	 -0.000639922	 1.01808	 0.000139636
8.44	 0.354991	 0.000389553	 -1.06826	 -0.000621134	 1.05133	 0.000159818
8.46	 0.358119	 0.00038371	 -1.04068	 -0.000603631	 1.08405	 0.000180325
8.48	 0.361219	 0.00037739	 -1.01294	 -0.000586747	 1.11619	 0.000201331
8.5	 0.364287	 0.000370463	 -0.985091	 -0.000570869	 1.14769	 0.00022304
8.52	 0.367319	 0.000362959	 -0.957158	 -0.000556079	 1.17851	 0.000245339
8.54	 0.370314	 0.000354843	 -0.929188	 -0.000542006	 1.20857	 0.000268354
8.56	 0.373266	 0.000346092	 -0.901223	 -0.000528894	 1.23782	 0.000292042
8.58	 0.376173	 0.000336748	 -0.873305	 -0.000516701	 1.2662	 0.000316306
8.6	 0.379032	 0.000326819	 -0.845475	 -0.000505335	 1.29365	 0.000341155
8.62	 0.381839	 0.000316345	 -0.817776	 -0.000494875	 1.32012	 0.000366511
8.64	 0.384592	 0.000305358	 -0.790248	 -0.000485418	 1.34556	 0.000392287
8.66	 0.387287	 0.000293881	 -0.762933	 -0.000476975	 1.36989	 0.000418451
8.68	 0.38992	 0.000281895	 -0.73587	 -0.000470404	 1.39309	 0.000444682
8.7	 0.392489	 0.000269316	 -0.709099	 -0.000467471	 1.41509	 0.000470201
8.72	 0.39499	 0.000256347	 -0.682658	 -0.000465581	 1.43584	 0.000495286
8.74	 0.39742	 0.000243068	 -0.656583	 -0.000463256	 1.45532	 0.000520656
8.76	 0.399776	 0.00022922	 -0.630914	 -0.000464246	 1.47346	 0.000545682
8.78	 0.402055	 0.000215021	 -0.605685	 -0.000466089	 1.49024	 0.000570678
8.8	 0.404254	 0.000200456	 -0.580932	 -0.000469381	 1.50562	 0.00059555
8.82	 0.406369	 0.000185502	 -0.556689	 -0.000475113	 1.51956	 0.000619812
8.84	 0.408399	 0.000170286	 -0.53299	 -0.000482005	 1.53203	 0.000643521
8.86	 0.410339	 0.000154782	 -0.509867	 -0.000490727	 1.54301	 0.000666465
8.88	 0.412188	 0.000139008	 -0.487352	 -0.000501356	 1.55246	 0.00068853
8.9	 0.413943	 0.000123	 -0.465476	 -0.000513594	 1.56038	 0.000709789
8.92	 0.4156	 0.000106754	 -0.444266	 -0.000527883	 1.56672	 0.000730133
8.94	 0.417158	 9.03148e-05	 -0.423751	 -0.000544042	 1.57149	 0.000749549
8.96	 0.418613	 7.37216e-05	 -0.403957	 -0.000561973	 1.57466	 0.00076802
8.98	 0.419965	 5.70004e-05	 -0.384908	 -0.000581799	 1.57623	 0.00078546
9	 0.421209	 4.01922e-05	 -0.366629	 -0.000603397	 1.57618	 0.00080185
9.02	 0.422345	 2.33262e-05	 -0.349139	 -0.000626785	 1.57452	 0.000817148
9.04	 0.423369	 6.43641e-06	 -0.33246	 -0.00065189	 1.57123	 0.000831322
9.06	 0.42428	 -1.04378e-05	 -0.316608	 -0.000678548	 1.56632	 0.000844377
9.08	 0.425077	 -2.7272e-05	 -0.3016	 -0.00070679	 1.55979	 0.000856291
9.1	 0.425756	 -4.40352e-05	 -0.287451	 -0.000736563	 1.55165	 0.00086705
9.12	 0.426317	 -6.06941e-05	 -0.274172	 -0.000767795	 1.54192	 0.000876632
9.14	 0.426757	 -7.72182e-05	 -0.261773	 -0.000800439	 1.5306	 0.000885006
9.16	 0.427076	 -9.35783e-05	 -0.250264	 -0.000834448	 1.51772	 0.000892147
9.18	 0.427271	 -0.000109742	 -0.23965	 -0.000869725	 1.50329	 0.000898033
9.2	 0.427342	 -0.000125677	 -0.229937	 -0.000906169	 1.48733	 0.000902645
9.22	 0.427286	 -0.000141353	 -0.221127	 -0.000943691	 1.46989	 0.000905971
9.24	 0.427104	 -0.000156738	 -0.213223	 -0.000982161	 1.45097	 0.000908007
9.26	 0.426794	 -0.0001718	 -0.206223	 -0.00102146	 1.43063	 0.00090875
9.28	 0.426357	 -0.00018651	 -0.200127	 -0.00106148	 1.40888	 0.000908201
9.3	 0.425793	 -0.000200842	 -0.19493	 -0.0011022	 1.38577	 0.00090634
9.32	 0.425104	 -0.000214768	 -0.19063	 -0.00114354	 1.36135	 0.00090317
9.34	 0.424289	 -0.000228265	 -0.187217	 -0.00118532	 1.33564	 0.000898725
9.36	 0.423349	 -0.000241307	 -0.184685	 -0.00122751	 1.30871	 0.000893002
9.38	 0.422282	 -0.000253874	 -0.183021	 -0.00127	 1.2806	 0.000886023
9.4	 0.421091	 -0.000265944	 -0.182214	 -0.00131267	 1.25136	 0.000877814
9.42	 0.419774	 -0.000277495	 -0.18225	 -0.00135547	 1.22104	 0.000868387
9.44	 0.418334	 -0.000288509	 -0.183113	 -0.00139829	 1.18971	 0.000857775
9.46	 0.416771	 -0.000298966	 -0.184786	 -0.00144102	 1.15742	 0.000846007
9.48	 0.415087	 -0.000308851	 -0.18725	 -0.00148359	 1.12423	 0.000833117
9.5	 0.413285	 -0.000318146	 -0.190487	 -0.00152585	 1.0902	 0.000819143
9.52	 0.411366	 -0.00032684	 -0.194473	 -0.00156773	 1.05539	 0.000804124
9.54	 0.409331	 -0.000334917	 -0.199185	 -0.00160914	 1.01988	 0.000788098
9.56	 0.407183	 -0.000342367	 -0.2046	 -0.00164997	 0.983727	 0.000771105
9.58	 0.404924	 -0.000349181	 -0.210691	 -0.00169013	 0.947001	 0.000753188
9.6	 0.402555	 -0.000355348	 -0.21743	 -0.00172953	 0.909772	 0.000734387
9.62	 0.400079	 -0.000360861	 -0.224789	 -0.00176806	 0.872112	 0.000714747
9.64	 0.397498	 -0.000365713	 -0.232738	 -0.00180561	 0.834091	 0.000694316
9.66	 0.394814	 -0.0003699	 -0.241247	 -0.00184208	 0.795783	 0.000673144
9.68	 0.392029	 -0.000373417	 -0.250282	 -0.00187735	 0.757262	 0.00065128
9.7	 0.389145	 -0.000376261	 -0.259812	 -0.00191134	 0.718602	 0.000628776
9.72	 0.386165	 -0.00037843	 -0.269802	 -0.00194392	 0.679877	 0.000605682
9.74	 0.38309	 -0.000379924	 -0.280217	 -0.00197501	 0.641164	 0.000582051
9.76	 0.379923	 -0.000380742	 -0.291021	 -0.00200449	 0.602538	 0.000557935
9.78	 0.376665	 -0.000380888	 -0.302177	 -0.0020323	 0.564074	 0.000533388
9.8	 0.373319	 -0.000380364	 -0.313648	 -0.0020583	 0.525848	 0.000508463
9.82	 0.369886	 -0.000379174	 -0.325397	 -0.00208243	 0.487935	 0.000483217
9.84	 0.366371	 -0.000377324	 -0.337386	 -0.00210457	 0.450412	 0.000457706
9.86	 0.362773	 -0.000374824	 -0.349575	 -0.00212465	 0.413351	 0.000431988
9.88	 0.359097	 -0.000371682	 -0.361925	 -0.00214261	 0.376828	 0.000406115
9.9	 0.355344	 -0.000367912	 -0.374398	 -0.00215841	 0.340915	 0.000380143
9.92	 0.351516	 -0.000363524	 -0.386954	 -0.00217198	 0.305685	 0.000354123
9.94	 0.347617	 -0.000358532	 -0.399554	 -0.00218327	 0.271209	 0.000328109
9.96	 0.343648	 -0.000352948	 -0.412157	 -0.00219223	 0.237558	 0.000302155
9.98	 0.339611	 -0.000346791	 -0.424725	 -0.00219881	 0.204801	 0.000276315
10	 0.33551	 -0.000340076	 -0.437218	 -0.00220297	 0.173004	 0.000250643
10.02	 0.331346	 -0.000332822	 -0.449596	 -0.00220469	 0.142232	 0.000225191
10.04	 0.327122	 -0.000325048	 -0.461821	 -0.00220393	 0.11255	 0.000200011
10.06	 0.322841	 -0.000316775	 -0.473854	 -0.00220068	 0.0840187	 0.000175154
10.08	 0.318505	 -0.000308024	 -0.485658	 -0.00219491	 0.0566972	 0.00015067
10.1	 0.314116	 -0.000298817	 -0.497194	 -0.00218661	 0.0306429	 0.000126606
10.12	 0.309678	 -0.000289177	 -0.508425	 -0.00217579	 0.00591082	 0.000103011
10.14	 0.305193	 -0.000279125	 -0.519316	 -0.00216243	 -0.0174467	 7.99276e-05
10.16	 0.300663	 -0.000268688	 -0.529829	 -0.00214653	 -0.0393798	 5.74023e-05
10.18	 0.296091	 -0.000257889	 -0.539931	 -0.00212811	 -0.0598411	 3.54773e-05
10.2	 0.29148	 -0.000246753	 -0.549587	 -0.00210717	 -0.0787862	 1.41945e-05
10.22	 0.286833	 -0.000235307	 -0.558763	 -0.00208373	 -0.0961736	 -6.40676e-06
10.24	 0.282152	 -0.000223576	 -0.567428	 -0.00205781	 -0.111965	 -2.62878e-05
10.26	 0.277441	 -0.000211588	 -0.57555	 -0.00202943	 -0.126124	 -4.54126e-05
10.28	 0.272702	 -0.000199369	 -0.583098	 -0.00199862	 -0.138618	 -6.37463e-05
10.3	 0.267938	 -0.000186947	 -0.590044	 -0.00196541	 -0.149419	 -8.12564e-05
10.32	 0.263151	 -0.000174349	 -0.59636	 -0.00192985	 -0.158499	 -9.79118e-05
10.34	 0.258346	 -0.000161604	 -0.602019	 -0.00189197	 -0.165837	 -0.000113684
10.36	 0.253525	 -0.00014874	 -0.606996	 -0.00185185	 -0.171411	 -0.000128548
10.38	 0.248691	 -0.000135786	 -0.611267	 -0.00180954	 -0.175207	 -0.000142479
10.4	 0.243847	 -0.00012277	 -0.614808	 -0.00176512	 -0.177212	 -0.000155458
10.42	 0.238997	 -0.000109721	 -0.617599	 -0.00171865	 -0.177416	 -0.000167466
10.44	 0.234143	 -9.6666e-05	 -0.619621	 -0.00167019	 -0.175814	 -0.000178485
10.46	 0.229289	 -8.36341e-05	 -0.620853	 -0.00161983	 -0.172403	 -0.0001885
10.48	 0.224438	 -7.06528e-05	 -0.621281	 -0.00156765	 -0.167185	 -0.000197499
10.5	 0.219593	 -5.77498e-05	 -0.620889	 -0.00151373	 -0.160164	 -0.000205473
10.52	 0.214758	 -4.49522e-05	 -0.619663	 -0.00145816	 -0.15135	 -0.000212413
10.54	 0.209937	 -3.22868e-05	 -0.617591	 -0.00140104	 -0.140755	 -0.000218315
10.56	 0.205131	 -1.97797e-05	 -0.614663	 -0.00134244	 -0.128392	 -0.000223177
10.58	 0.200346	 -7.45642e-06	 -0.61087	 -0.00128249	 -0.114283	 -0.000226999
10.6	 0.195584	 4.6581e-06	 -0.606205	 -0.00122126	 -0.0984485	 -0.000229784
10.62	 0.190849	 1.65399e-05	 -0.600664	 -0.00115886	 -0.0809154	 -0.000231537
10.64	 0.186144	 2.81655e-05	 -0.594242	 -0.00109539	 -0.061713	 -0.000232266
10.66	 0.181473	 3.95124e-05	 -0.586938	 -0.00103095	 -0.0408741	 -0.000231981
10.68	 0.176839	 5.05589e-05	 -0.578752	 -0.000965656	 -0.0184347	 -0.000230695
10.7	 0.172246	 6.12845e-05	 -0.569685	 -0.000899604	 0.00556583	 -0.000228426
10.72	 0.167696	 7.16693e-05	 -0.559741	 -0.000832901	 0.0310849	 -0.00022519
10.74	 0.163195	 8.16946e-05	 -0.548926	 -0.000765656	 0.0580771	 -0.000221009
10.76	 0.158744	 9.13425e-05	 -0.537245	 -0.000697978	 0.0864937	 -0.000215905
10.78	 0.154347	 0.000100596	 -0.524708	 -0.000629979	 0.116283	 -0.000209904
10.8	 0.150008	 0.00010944	 -0.511326	 -0.000561769	 0.14739	 -0.000203033
10.82	 0.14573	 0.000117858	 -0.49711	 -0.000493465	 0.179759	 -0.000195321
10.84	 0.141516	 0.000125838	 -0.482074	 -0.000425182	 0.213327	 -0.000186803
10.86	 0.137369	 0.000133366	 -0.466234	 -0.00035704	 0.248033	 -0.000177511
10.88	 0.133293	 0.000140431	 -0.449607	 -0.000289155	 0.283812	 -0.000167483
10.9	 0.12929	 0.000147023	 -0.432211	 -0.000221641	 0.320593	 -0.000156757
10.92	 0.125364	 0.000153132	 -0.414068	 -0.000154611	 0.358309	 -0.000145375
10.94	 0.121517	 0.000158752	 -0.395199	 -8.81798e-05	 0.396885	 -0.000133378
10.96	 0.117752	 0.000163875	 -0.375628	 -2.24601e-05	 0.436246	 -0.000120809
10.98	 0.114073	 0.000168497	 -0.35538	 4.24344e-05	 0.476316	 -0.000107716
11	 0.110482	 0.000172613	 -0.33448	 0.000106396	 0.517016	 -9.41437e-05
11.02	 0.106982	 0.000176221	 -0.312958	 0.000169314	 0.558265	 -8.01418e-05
11.04	 0.103574	 0.000179319	 -0.290843	 0.000231083	 0.59998	 -6.57596e-05
11.06	 0.100263	 0.000181907	 -0.268164	 0.000291598	 0.642078	 -5.10479e-05
11.08	 0.0970493	 0.000183987	 -0.244954	 0.000350762	 0.684473	 -3.60582e-05
11.1	 0.0939363	 0.00018556	 -0.221245	 0.000408476	 0.727078	 -2.08428e-05
11.12	 0.090926	 0.000186632	 -0.197073	 0.000464647	 0.769806	 -5.45467e-06
11.14	 0.0880205	 0.000187207	 -0.172471	 0.000519185	 0.812568	 1.00525e-05
11.16	 0.0852217	 0.000187291	 -0.147477	 0.000572005	 0.855274	 2.56246e-05
11.18	 0.0825317	 0.000186893	 -0.122127	 0.000623022	 0.897834	 4.12074e-05
11.2	 0.0799522	 0.00018602	 -0.0964591	 0.000672157	 0.940157	 5.6746e-05
11.22	 0.0774849	 0.000184682	 -0.0705128	 0.000719336	 0.982154	 7.21859e-05
11.24	 0.0751313	 0.000182891	 -0.0443274	 0.000764487	 1.02373	 8.74722e-05
11.26	 0.072893	 0.000180659	 -0.017943	 0.000807543	 1.0648	 0.00010255
11.28	 0.0707713	 0.000177999	 0.00859956	 0.00084844	 1.10527	 0.000117366
11.3	 0.0687675	 0.000174924	 0.0352589	 0.000887118	 1.14504	 0.000131866
11.32	 0.0668828	 0.000171449	 0.0619935	 0.000923522	 1.18404	 0.000145996
11.34	 0.0651181	 0.000167591	 0.0887611	 0.000957599	 1.22217	 0.000159705
11.36	 0.0634744	 0.000163365	 0.115519	 0.0009893	 1.25933	 0.000172942
11.38	 0.0619526	 0.00015879	 0.142226	 0.00101858	 1.29545	 0.000185655
11.4	 0.0605535	 0.000153883	 0.168839	 0.00104541	 1.33044	 0.000197795
11.42	 0.0592777	 0.000148664	 0.195314	 0.00106974	 1.36421	 0.000209314
11.44	 0.0581259	 0.000143151	 0.22161	 0.00109155	 1.39669	 0.000220167
11.46	 0.0570984	 0.000137365	 0.247685	 0.00111083	 1.42777	 0.000230308
11.48	 0.0561957	 0.000131327	 0.273495	 0.00112753	 1.4574	 0.000239696
11.5	 0.0554181	 0.000125057	 0.299	 0.00114167	 1.48549	 0.000248289
11.52	 0.0547659	 0.000118577	 0.324158	 0.00115322	 1.51196	 0.000256048
11.54	 0.0542393	 0.00011191	 0.348928	 0.00116219	 1.53675	 0.000262938
11.56	 0.0538383	 0.000105078	 0.37327	 0.00116858	 1.55978	 0.000268925
11.58	 0.0535631	 9.8103e-05	 0.397145	 0.0011724	 1.58098	 0.000273979
11.6	 0.0534135	 9.10093e-05	 0.420512	 0.00117368	 1.60028	 0.00027807
11.62	 0.0533895	 8.38198e-05	 0.443335	 0.00117244	 1.61764	 0.000281172
11.64	 0.053491	 7.65579e-05	 0.465577	 0.0011687	 1.63298	 0.000283264
11.66	 0.0537178	 6.9247e-05	 0.4872	 0.0011625	 1.64624	 0.000284324
11.68	 0.0540695	 6.19107e-05	 0.50817	 0.00115388	 1.65739	 0.000284335
11.7	 0.0545461	 5.45724e-05	 0.528453	 0.00114289	 1.66636	 0.000283281
11.72	 0.0551469	 4.72553e-05	 0.548016	 0.00112957	 1.67312	 0.00028115
11.74	 0.0558719	 3.99826e-05	 0.566827	 0.00111399	 1.67761	 0.000277934
11.76	 0.0567203	 3.27771e-05	 0.584856	 0.0010962	 1.67981	 0.000273625
11.78	 0.057692	 2.56612e-05	 0.602075	 0.00107626	 1.67967	 0.000268222
11.8	 0.0587862	 1.86571e-05	 0.618456	 0.00105424	 1.67717	 0.000261722
11.82	 0.0600026	 1.17864e-05	 0.633972	 0.00103022	 1.67228	 0.00025413
11.84	 0.0613406	 5.07016e-06	 0.6486	 0.00100427	 1.66497	 0.000245449
11.86	 0.0627995	 -1.471e-06	 0.662316	 0.000976462	 1.65524	 0.00023569
11.88	 0.0643788	 -7.81703e-06	 0.6751	 0.000946889	 1.64305	 0.000224863
11.9	 0.0660777	 -1.39485e-05	 0.686931	 0.000915634	 1.62841	 0.000212983
11.92	 0.0678957	 -1.98467e-05	 0.697793	 0.000882787	 1.6113	 0.000200067
11.94	 0.0698319	 -2.54936e-05	 0.707668	 0.00084844	 1.59174	 0.000186137
11.96	 0.0718856	 -3.08719e-05	 0.716544	 0.000812692	 1.5697	 0.000171216
11.98	 0.0740559	 -3.5965e-05	 0.724406	 0.00077564	 1.54522	 0.00015533
12	 0.0763421	 -4.07572e-05	 0.731245	 0.000737386	 1.51829	 0.000138509
12.02	 0.0787432	 -4.52339e-05	 0.737051	 0.000698033	 1.48893	 0.000120784
12.04	 0.0812583	 -4.93809e-05	 0.741819	 0.000657685	 1.45717	 0.000102189
12.06	 0.0838863	 -5.31855e-05	 0.745542	 0.000616449	 1.42302	 8.27621e-05
12.08	 0.0866261	 -5.66355e-05	 0.748218	 0.000574432	 1.38652	 6.2541e-05
12.1	 0.0894766	 -5.972e-05	 0.749845	 0.000531741	 1.34769	 4.15672e-05
12.12	 0.0924367	 -6.24291e-05	 0.750423	 0.000488484	 1.30658	 1.98838e-05
12.14	 0.0955049	 -6.4754e-05	 0.749956	 0.000444769	 1.26323	 -2.46386e-06
12.16	 0.09868	 -6.6687e-05	 0.748448	 0.000400703	 1.21767	 -2.54286e-05
12.18	 0.10196	 -6.82213e-05	 0.745905	 0.000356393	 1.16997	 -4.89617e-05
12.2	 0.105345	 -6.93516e-05	 0.742334	 0.000311945	 1.12017	 -7.30125e-05
12.22	 0.108831	 -7.00736e-05	 0.737746	 0.000267464	 1.06834	 -9.75289e-05
12.24	 0.112418	 -7.0384e-05	 0.732153	 0.000223053	 1.01452	 -0.000122457
12.26	 0.116103	 -7.02809e-05	 0.725568	 0.000178813	 0.958795	 -0.000147743
12.28	 0.119885	 -6.97636e-05	 0.718007	 0.000134845	 0.901223	 -0.00017333
12.3	 0.123761	 -6.88323e-05	 0.709486	 9.12452e-05	 0.841878	 -0.000199161
12.32	 0.12773	 -6.74888e-05	 0.700024	 4.81091e-05	 0.780835	 -0.000225177
12.34	 0.131788	 -6.57356e-05	 0.689643	 5.529e-06	 0.718174	 -0.000251322
12.36	 0.135933	 -6.35766e-05	 0.678363	 -3.64058e-05	 0.653975	 -0.000277534
12.38	 0.140163	 -6.10169e-05	 0.666209	 -7.76093e-05	 0.588323	 -0.000303754
12.4	 0.144474	 -5.80627e-05	 0.653205	 -0.000117999	 0.521305	 -0.000329921
12.42	 0.148864	 -5.47213e-05	 0.639378	 -0.000157496	 0.453012	 -0.000355976
12.44	 0.15333	 -5.10012e-05	 0.624755	 -0.000196025	 0.383534	 -0.000381858
12.46	 0.157868	 -4.69119e-05	 0.609366	 -0.000233515	 0.312966	 -0.000407507
12.48	 0.162475	 -4.24641e-05	 0.59324	 -0.0002699	 0.241404	 -0.000432862
12.5	 0.167147	 -3.76694e-05	 0.57641	 -0.000305117	 0.168948	 -0.000457863
12.52	 0.17188	 -3.25406e-05	 0.558907	 -0.000339109	 0.0956951	 -0.000482452
12.54	 0.17667	 -2.70914e-05	 0.540765	 -0.000371821	 0.0217482	 -0.000506568
12.56	 0.181514	 -2.13365e-05	 0.522018	 -0.000403207	 -0.0527906	 -0.000530155
12.58	 0.186407	 -1.52918e-05	 0.502702	 -0.000433222	 -0.127818	 -0.000553154
12.6	 0.191344	 -8.9736e-06	 0.482852	 -0.000461827	 -0.203228	 -0.000575509
12.62	 0.19632	 -2.39952e-06	 0.462505	 -0.000488989	 -0.278918	 -0.000597165
12.64	 0.201332	 4.4122e-06	 0.441699	 -0.000514679	 -0.35478	 -0.000618068
12.66	 0.206374	 1.14425e-05	 0.420471	 -0.000538873	 -0.430709	 -0.000638163
12.68	 0.211441	 1.86716e-05	 0.398859	 -0.000561553	 -0.5066	 -0.000657401
12.7	 0.216528	 2.6079e-05	 0.376903	 -0.000582705	 -0.582346	 -0.000675729
12.72	 0.221629	 3.36435e-05	 0.35464	 -0.000602319	 -0.657841	 -0.0006931
12.74	 0.226739	 4.13434e-05	 0.332111	 -0.000620392	 -0.732982	 -0.000709466
12.76	 0.231853	 4.91564e-05	 0.309355	 -0.000636926	 -0.807664	 -0.000724781
12.78	 0.236964	 5.70597e-05	 0.28641	 -0.000651925	 -0.881783	 -0.000739003
12.8	 0.242067	 6.503e-05	 0.263317	 -0.000665402	 -0.955239	 -0.000752089
12.82	 0.247155	 7.30438e-05	 0.240114	 -0.00067737	 -1.02793	 -0.000764
12.84	 0.252224	 8.10771e-05	 0.21684	 -0.00068785	 -1.09976	 -0.000774697
12.86	 0.257266	 8.91057e-05	 0.193535	 -0.000696867	 -1.17062	 -0.000784146
12.88	 0.262276	 9.71053e-05	 0.170236	 -0.000704448	 -1.24043	 -0.000792312
12.9	 0.267247	 0.000105051	 0.146983	 -0.000710627	 -1.30909	 -0.000799164
12.92	 0.272174	 0.000112918	 0.123811	 -0.000715441	 -1.3765	 -0.000804674
12.94	 0.277049	 0.000120683	 0.100759	 -0.000718929	 -1.44259	 -0.000808814
12.96	 0.281867	 0.000128319	 0.0778629	 -0.000721137	 -1.50726	 -0.00081156
12.98	 0.286622	 0.000135804	 0.0551584	 -0.000722113	 -1.57043	 -0.000812892
13	 0.291306	 0.000143111	 0.0326804	 -0.000721907	 -1.63202	 -0.000812788
13.02	 0.295915	 0.000150217	 0.0104634	 -0.000720575	 -1.69196	 -0.000811234
13.04	 0.300442	 0.000157099	 -0.0114594	 -0.000718172	 -1.75016	 -0.000808214
13.06	 0.30488	 0.000163731	 -0.0330554	 -0.00071476	 -1.80656	 -0.000803717
13.08	 0.309223	 0.000170092	 -0.0542932	 -0.0007104	 -1.86109	 -0.000797734
13.1	 0.313466	 0.000176158	 -0.0751423	 -0.000705159	 -1.91369	 -0.000790259
13.12	 0.317603	 0.000181907	 -0.0955733	 -0.000699102	 -1.96429	 -0.000781288
13.14	 0.321627	 0.000187318	 -0.115558	 -0.000692298	 -2.01284	 -0.000770822
13.16	 0.325534	 0.000192368	 -0.135069	 -0.000684819	 -2.05928	 -0.000758861
13.18	 0.329317	 0.000197039	 -0.154081	 -0.000676736	 -2.10358	 -0.00074541
13.2	 0.332971	 0.000201309	 -0.172568	 -0.000668123	 -2.14567	 -0.000730478
13.22	 0.336491	 0.000205161	 -0.190508	 -0.000659054	 -2.18553	 -0.000714074
13.24	 0.339871	 0.000208576	 -0.207879	 -0.000649604	 -2.22312	 -0.000696211
13.26	 0.343107	 0.000211537	 -0.224659	 -0.000639849	 -2.25839	 -0.000676905
13.28	 0.346194	 0.000214028	 -0.24083	 -0.000629865	 -2.29133	 -0.000656175
13.3	 0.349127	 0.000216033	 -0.256374	 -0.000619728	 -2.32192	 -0.000634041
13.32	 0.351901	 0.000217539	 -0.271273	 -0.000609515	 -2.35012	 -0.000610528
13.34	 0.354513	 0.000218532	 -0.285514	 -0.000599301	 -2.37593	 -0.000585663
13.36	 0.356958	 0.000218999	 -0.299082	 -0.000589163	 -2.39933	 -0.000559475
13.38	 0.359233	 0.000218931	 -0.311966	 -0.000579175	 -2.42033	 -0.000531995
13.4	 0.361333	 0.000218317	 -0.324155	 -0.000569411	 -2.4389	 -0.000503258
13.42	 0.363256	 0.000217149	 -0.335639	 -0.000559946	 -2.45507	 -0.000473302
13.44	 0.364998	 0.00021542	 -0.346413	 -0.000550851	 -2.46883	 -0.000442165
13.46	 0.366556	 0.000213122	 -0.356469	 -0.000542196	 -2.48019	 -0.000409891
13.48	 0.367928	 0.000210253	 -0.365803	 -0.000534053	 -2.48918	 -0.000376523
13.5	 0.36911	 0.000206807	 -0.374413	 -0.000526489	 -2.4958	 -0.000342108
13.52	 0.3701	 0.000202784	 -0.382298	 -0.000519569	 -2.50009	 -0.000306697
13.54	 0.370897	 0.000198182	 -0.389457	 -0.000513358	 -2.50206	 -0.00027034
13.56	 0.371499	 0.000193001	 -0.395892	 -0.000507916	 -2.50176	 -0.000233091
13.58	 0.371904	 0.000187245	 -0.401607	 -0.000503303	 -2.49921	 -0.000195005
13.6	 0.37211	 0.000180916	 -0.406607	 -0.000499572	 -2.49446	 -0.00015614
13.62	 0.372116	 0.000174018	 -0.410899	 -0.000496778	 -2.48755	 -0.000116556
13.64	 0.371922	 0.00016656	 -0.414489	 -0.000494968	 -2.47852	 -7.63123e-05
13.66	 0.371526	 0.000158547	 -0.417389	 -0.00049419	 -2.46744	 -3.54728e-05
13.68	 0.370929	 0.000149989	 -0.419607	 -0.000494485	 -2.45434	 5.89883e-06
13.7	 0.37013	 0.000140897	 -0.421158	 -0.000495894	 -2.4393	 4.77372e-05
13.72	 0.369128	 0.000131282	 -0.422055	 -0.000498452	 -2.42236	 8.99756e-05
13.74	 0.367924	 0.000121158	 -0.422312	 -0.000502192	 -2.4036	 0.000132546
13.76	 0.366518	 0.000110538	 -0.421947	 -0.000507142	 -2.38308	 0.00017538
13.78	 0.364911	 9.94396e-05	 -0.420977	 -0.000513326	 -2.36088	 0.000218408
13.8	 0.363103	 8.78787e-05	 -0.419421	 -0.000520767	 -2.33706	 0.00026156
13.82	 0.361095	 7.58739e-05	 -0.417301	 -0.00052948	 -2.31169	 0.000304765
13.84	 0.358888	 6.34446e-05	 -0.414637	 -0.00053948	 -2.28487	 0.000347951
13.86	 0.356483	 5.06116e-05	 -0.411452	 -0.000550776	 -2.25666	 0.000391047
13.88	 0.353882	 3.73967e-05	 -0.407771	 -0.000563374	 -2.22716	 0.00043398
13.9	 0.351085	 2.38226e-05	 -0.403618	 -0.000577276	 -2.19643	 0.00047668
13.92	 0.348094	 9.91331e-06	 -0.399019	 -0.00059248	 -2.16458	 0.000519072
13.94	 0.344912	 -4.30625e-06	 -0.394002	 -0.000608981	 -2.13169	 0.000561087
13.96	 0.341539	 -1.88103e-05	 -0.388594	 -0.000626768	 -2.09784	 0.000602651
13.98	 0.337978	 -3.3572e-05	 -0.382825	 -0.000645829	 -2.06313	 0.000643695
14	 0.334231	 -4.85639e-05	 -0.376724	 -0.000666146	 -2.02764	 0.000684147
14.02	 0.3303	 -6.37577e-05	 -0.370321	 -0.000687697	 -1.99148	 0.000723939
14.04	 0.326188	 -7.91242e-05	 -0.363648	 -0.000710458	 -1.95473	 0.000763001
14.06	 0.321896	 -9.46338e-05	 -0.356737	 -0.000734401	 -1.91749	 0.000801266
14.08	 0.317427	 -0.000110256	 -0.349619	 -0.000759493	 -1.87986	 0.000838667
14.1	 0.312784	 -0.000125961	 -0.342328	 -0.000785699	 -1.84192	 0.000875139
14.12	 0.307969	 -0.000141716	 -0.334897	 -0.000812979	 -1.80377	 0.000910618
14.14	 0.302985	 -0.00015749	 -0.32736	 -0.000841292	 -1.7655	 0.000945043
14.16	 0.297836	 -0.000173252	 -0.319751	 -0.00087059	 -1.72721	 0.000978352
14.18	 0.292523	 -0.000188968	 -0.312104	 -0.000900826	 -1.689	 0.00101049
14.2	 0.28705	 -0.000204607	 -0.304454	 -0.000931947	 -1.65095	 0.00104139
14.22	 0.281419	 -0.000220136	 -0.296834	 -0.000963898	 -1.61316	 0.00107101
14.24	 0.275635	 -0.000235523	 -0.28928	 -0.00099662	 -1.57572	 0.00109929
14.26	 0.269699	 -0.000250735	 -0.281827	 -0.00103005	 -1.53872	 0.00112618
14.28	 0.263616	 -0.000265739	 -0.274508	 -0.00106414	 -1.50225	 0.00115163
14.3	 0.257389	 -0.000280504	 -0.267357	 -0.0010988	 -1.46638	 0.0011756
14.32	 0.25102	 -0.000294998	 -0.26041	 -0.00113399	 -1.43122	 0.00119805
14.34	 0.244514	 -0.000309189	 -0.253699	 -0.00116961	 -1.39684	 0.00121893
14.36	 0.237874	 -0.000323047	 -0.247258	 -0.00120562	 -1.36333	 0.0012382
14.38	 0.231103	 -0.000336539	 -0.24112	 -0.00124192	 -1.33076	 0.00125583
14.4	 0.224205	 -0.000349637	 -0.235318	 -0.00127845	 -1.29921	 0.00127179
14.42	 0.217184	 -0.000362311	 -0.229882	 -0.00131512	 -1.26876	 0.00128604
14.44	 0.210044	 -0.000374531	 -0.224845	 -0.00135187	 -1.23948	 0.00129857
14.46	 0.202788	 -0.000386271	 -0.220237	 -0.0013886	 -1.21143	 0.00130934
14.48	 0.19542	 -0.000397502	 -0.216087	 -0.00142525	 -1.1847	 0.00131833
14.5	 0.187944	 -0.000408199	 -0.212424	 -0.00146173	 -1.15933	 0.00132553
14.52	 0.180365	 -0.000418335	 -0.209277	 -0.00149796	 -1.13539	 0.00133093
14.54	 0.172686	 -0.000427886	 -0.206672	 -0.00153385	 -1.11295	 0.0013345
14.56	 0.164911	 -0.00043683	 -0.204636	 -0.00156933	 -1.09204	 0.00133625
14.58	 0.157046	 -0.000445143	 -0.203194	 -0.00160431	 -1.07274	 0.00133616
14.6	 0.149093	 -0.000452805	 -0.20237	 -0.00163871	 -1.05507	 0.00133423
14.62	 0.141058	 -0.000459794	 -0.202185	 -0.00167245	 -1.0391	 0.00133047
14.64	 0.132944	 -0.000466094	 -0.202664	 -0.00170545	 -1.02486	 0.00132487
14.66	 0.124757	 -0.000471686	 -0.203824	 -0.00173762	 -1.01238	 0.00131745
14.68	 0.116501	 -0.000476554	 -0.205687	 -0.00176889	 -1.00171	 0.0013082
14.7	 0.10818	 -0.000480683	 -0.208268	 -0.00179918	 -0.992864	 0.00129716
14.72	 0.0997992	 -0.000484061	 -0.211586	 -0.00182841	 -0.985881	 0.00128432
14.74	 0.0913636	 -0.000486674	 -0.215656	 -0.0018565	 -0.980779	 0.00126971
14.76	 0.0828778	 -0.000488513	 -0.22049	 -0.00188339	 -0.977577	 0.00125335
14.78	 0.0743467	 -0.000489569	 -0.226101	 -0.001909	 -0.97629	 0.00123526
14.8	 0.0657752	 -0.000489833	 -0.232501	 -0.00193325	 -0.976929	 0.00121547
14.82	 0.0571683	 -0.000489301	 -0.239698	 -0.00195608	 -0.979502	 0.00119401
14.84	 0.0485311	 -0.000487968	 -0.2477	 -0.00197743	 -0.984011	 0.00117092
14.86	 0.0398685	 -0.00048583	 -0.256514	 -0.00199723	 -0.990456	 0.00114621
14.88	 0.0311858	 -0.000482887	 -0.266145	 -0.00201543	 -0.998832	 0.00111995
14.9	 0.022488	 -0.000479139	 -0.276596	 -0.00203195	 -1.00913	 0.00109215
14.92	 0.0137804	 -0.000474588	 -0.287869	 -0.00204676	 -1.02134	 0.00106287
14.94	 0.0050681	 -0.000469236	 -0.299964	 -0.00205979	 -1.03545	 0.00103215
14.96	 -0.00364361	 -0.000463089	 -0.31288	 -0.002071	 -1.05142	 0.00100004
14.98	 -0.0123495	 -0.000456154	 -0.326614	 -0.00208035	 -1.06925	 0.000966579
15	 -0.0210444	 -0.000448439	 -0.341162	 -0.00208778	 -1.0889	 0.000931825
15.02	 -0.0297231	 -0.000439952	 -0.356517	 -0.00209328	 -1.11035	 0.000895828
15.04	 -0.0383803	 -0.000430706	 -0.372673	 -0.00209679	 -1.13354	 0.000858643
15.06	 -0.0470109	 -0.000420713	 -0.389621	 -0.0020983	 -1.15846	 0.000820326
15.08	 -0.0556096	 -0.000409987	 -0.407351	 -0.00209777	 -1.18506	 0.000780935
15.1	 -0.0641713	 -0.000398543	 -0.425851	 -0.00209519	 -1.21328	 0.00074053
15.12	 -0.072691	 -0.000386399	 -0.445108	 -0.00209053	 -1.24309	 0.00069917
15.14	 -0.0811635	 -0.000373572	 -0.465107	 -0.00208379	 -1.27443	 0.000656919
15.16	 -0.089584	 -0.000360082	 -0.485834	 -0.00207495	 -1.30725	 0.000613839
15.18	 -0.0979473	 -0.000345951	 -0.507271	 -0.00206401	 -1.34148	 0.000569995
15.2	 -0.106249	 -0.000331201	 -0.5294	 -0.00205096	 -1.37708	 0.000525452
15.22	 -0.114483	 -0.000315854	 -0.552202	 -0.00203582	 -1.41398	 0.000480277
15.24	 -0.122646	 -0.000299936	 -0.575657	 -0.00201859	 -1.4521	 0.000434537
15.26	 -0.130734	 -0.000283472	 -0.599743	 -0.00199928	 -1.4914	 0.000388299
15.28	 -0.13874	 -0.00026649	 -0.624437	 -0.00197791	 -1.53178	 0.000341633
15.3	 -0.146661	 -0.000249016	 -0.649716	 -0.00195451	 -1.57319	 0.000294606
15.32	 -0.154493	 -0.00023108	 -0.675556	 -0.00192909	 -1.61555	 0.000247289
15.34	 -0.162232	 -0.000212711	 -0.701931	 -0.00190168	 -1.65878	 0.000199751
15.36	 -0.169873	 -0.000193941	 -0.728815	 -0.00187233	 -1.70281	 0.000152061
15.38	 -0.177412	 -0.0001748	 -0.756181	 -0.00184107	 -1.74756	 0.000104289
15.4	 -0.184845	 -0.00015532	 -0.784002	 -0.00180794	 -1.79295	 5.65059e-05
15.42	 -0.19217	 -0.000135534	 -0.81225	 -0.00177299	 -1.83889	 8.77976e-06
15.44	 -0.199382	 -0.000115476	 -0.840896	 -0.00173627	 -1.88531	 -3.88198e-05
15.46	 -0.206477	 -9.51787e-05	 -0.86991	 -0.00169783	 -1.93213	 -8.6224e-05
15.48	 -0.213454	 -7.46769e-05	 -0.899263	 -0.00165773	 -1.97925	 -0.000133365
15.5	 -0.220308	 -5.40049e-05	 -0.928925	 -0.00161603	 -2.0266	 -0.000180174
15.52	 -0.227036	 -3.31976e-05	 -0.958865	 -0.0015728	 -2.07409	 -0.000226586
15.54	 -0.233639	 -1.2262e-05	 -0.989061	 -0.0015281	 -2.12166	 -0.000272591
15.56	 -0.240123	 8.77716e-06	 -1.01949	 -0.00148201	 -2.16924	 -0.00031814
15.58	 -0.246491	 2.98931e-05	 -1.05014	 -0.00143458	 -2.21679	 -0.00036318
15.6	 -0.252751	 5.10548e-05	 -1.081	 -0.00138589	 -2.26426	 -0.00040765
15.62	 -0.258908	 7.22288e-05	 -1.11205	 -0.001336	 -2.31159	 -0.00045149
15.64	 -0.264967	 9.33808e-05	 -1.14328	 -0.00128497	 -2.35875	 -0.000494639
15.66	 -0.270933	 0.000114477	 -1.17467	 -0.00123288	 -2.40567	 -0.000537043
15.68	 -0.27681	 0.000135485	 -1.20619	 -0.00117981	 -2.4523	 -0.000578648
15.7	 -0.282602	 0.000156372	 -1.23783	 -0.00112583	 -2.49857	 -0.000619403
15.72	 -0.288311	 0.000177108	 -1.26957	 -0.00107103	 -2.54444	 -0.000659258
15.74	 -0.293942	 0.000197634	 -1.30137	 -0.00101549	 -2.58983	 -0.000698112
15.76	 -0.299501	 0.000217924	 -1.33324	 -0.000959289	 -2.63471	 -0.000735927
15.78	 -0.30499	 0.000237955	 -1.36515	 -0.000902513	 -2.67903	 -0.000772672
15.8	 -0.310416	 0.000257709	 -1.3971	 -0.000845248	 -2.72277	 -0.000808331
15.82	 -0.315783	 0.000277173	 -1.42907	 -0.000787586	 -2.7659	 -0.00084289
15.84	 -0.321097	 0.000296333	 -1.46106	 -0.000729622	 -2.80836	 -0.000876335
15.86	 -0.326361	 0.000315171	 -1.49305	 -0.000671456	 -2.85014	 -0.000908647
15.88	 -0.331582	 0.00033367	 -1.52502	 -0.000613185	 -2.89119	 -0.000939804
15.9	 -0.336763	 0.000351809	 -1.55697	 -0.000554907	 -2.93147	 -0.000969783
15.92	 -0.341908	 0.000369568	 -1.58887	 -0.000496716	 -2.97096	 -0.000998564
15.94	 -0.347023	 0.000386929	 -1.62072	 -0.000438704	 -3.0096	 -0.00102613
15.96	 -0.352111	 0.000403876	 -1.6525	 -0.000380966	 -3.04737	 -0.00105248
15.98	 -0.357175	 0.000420647	 -1.6842	 -0.000323629	 -3.08425	 -0.00107811
16	 -0.362218	 0.000437285	 -1.71581	 -0.00026684	 -3.12022	 -0.0011031
16.02	 -0.367241	 0.000453814	 -1.74732	 -0.000210747	 -3.15526	 -0.0011275
16.04	 -0.372246	 0.000470215	 -1.77874	 -0.00015548	 -3.18937	 -0.00115126
16.06	 -0.377236	 0.000486443	 -1.81006	 -0.000101134	 -3.22253	 -0.00117431
16.08	 -0.382211	 0.000502454	 -1.84127	 -4.77773e-05	 -3.25472	 -0.00119658
16.1	 -0.387176	 0.000518212	 -1.87237	 4.53723e-06	 -3.28594	 -0.00121806
16.12	 -0.392132	 0.000533699	 -1.90334	 5.57549e-05	 -3.31617	 -0.00123876
16.14	 -0.397082	 0.000548906	 -1.93418	 0.000105807	 -3.3454	 -0.00125869
16.16	 -0.402028	 0.000563833	 -1.96488	 0.00015461	 -3.3736	 -0.00127788
16.18	 -0.406971	 0.000578481	 -1.99543	 0.000202066	 -3.40078	 -0.00129634
16.2	 -0.411915	 0.000592845	 -2.02582	 0.000248078	 -3.42693	 -0.00131408
16.22	 -0.416859	 0.00060692	 -2.05605	 0.000292551	 -3.45203	 -0.00133111
16.24	 -0.421808	 0.000620695	 -2.08611	 0.000335402	 -3.47608	 -0.00134742
16.26	 -0.426761	 0.000634159	 -2.116	 0.000376557	 -3.49908	 -0.00136301
16.28	 -0.431721	 0.0006473	 -2.14569	 0.000415952	 -3.52102	 -0.00137788
16.3	 -0.43669	 0.000660108	 -2.1752	 0.000453524	 -3.5419	 -0.00139205
16.32	 -0.441669	 0.000672573	 -2.2045	 0.000489214	 -3.56171	 -0.00140552
16.34	 -0.446659	 0.000684689	 -2.2336	 0.000522962	 -3.58046	 -0.00141831
16.36	 -0.451663	 0.000696448	 -2.26248	 0.000554707	 -3.59814	 -0.00143042
16.38	 -0.456681	 0.000707843	 -2.29114	 0.000584389	 -3.61475	 -0.00144185
16.4	 -0.461715	 0.000718868	 -2.31958	 0.000611952	 -3.63029	 -0.00145263
16.42	 -0.466766	 0.000729518	 -2.34777	 0.000637342	 -3.64477	 -0.00146275
16.44	 -0.471835	 0.000739786	 -2.37573	 0.000660511	 -3.65818	 -0.00147223
16.46	 -0.476923	 0.000749667	 -2.40343	 0.000681413	 -3.67054	 -0.00148107
16.48	 -0.482031	 0.000759154	 -2.43088	 0.000700009	 -3.68185	 -0.00148929
16.5	 -0.48716	 0.000768243	 -2.45807	 0.00071626	 -3.69211	 -0.00149689
16.52	 -0.492311	 0.000776929	 -2.48498	 0.000730131	 -3.70133	 -0.00150389
16.54	 -0.497484	 0.000785207	 -2.51162	 0.000741591	 -3.70952	 -0.00151029
16.56	 -0.50268	 0.000793073	 -2.53797	 0.00075061	 -3.71668	 -0.00151612
16.58	 -0.507901	 0.000800524	 -2.56404	 0.000757161	 -3.72282	 -0.00152136
16.6	 -0.513145	 0.000807557	 -2.58981	 0.000761217	 -3.72796	 -0.00152605
16.62	 -0.518414	 0.000814168	 -2.61527	 0.000762758	 -3.73209	 -0.00153017
16.64	 -0.523709	 0.000820633	 -2.64043	 0.000763753	 -3.73524	 -0.00153362
16.66	 -0.529029	 0.000826909	 -2.66528	 0.000763405	 -3.73741	 -0.00153649
16.68	 -0.534375	 0.000833018	 -2.68981	 0.000761671	 -3.7386	 -0.00153877
16.7	 -0.539748	 0.00083896	 -2.71401	 0.000758533	 -3.73883	 -0.00154049
16.72	 -0.545149	 0.00084473	 -2.7379	 0.000754028	 -3.73809	 -0.00154165
16.74	 -0.550576	 0.000850314	 -2.76146	 0.000748204	 -3.73641	 -0.00154229
16.76	 -0.556031	 0.000855703	 -2.78469	 0.000741105	 -3.73379	 -0.0015424
16.78	 -0.561514	 0.000860889	 -2.80759	 0.000732761	 -3.73023	 -0.00154201
16.8	 -0.567023	 0.000865872	 -2.83016	 0.00072318	 -3.72576	 -0.00154114
16.82	 -0.57256	 0.000870657	 -2.85238	 0.000712359	 -3.72038	 -0.00153979
16.84	 -0.578125	 0.00087525	 -2.87426	 0.000700289	 -3.7141	 -0.00153798
16.86	 -0.583716	 0.000879657	 -2.8958	 0.000686963	 -3.70694	 -0.00153573
16.88	 -0.589333	 0.000883884	 -2.91698	 0.000672379	 -3.69892	 -0.00153305
16.9	 -0.594977	 0.000887931	 -2.93782	 0.000656544	 -3.69004	 -0.00152996
16.92	 -0.600646	 0.000891802	 -2.95829	 0.000639469	 -3.68032	 -0.00152648
16.94	 -0.606341	 0.000895495	 -2.97841	 0.000621171	 -3.66976	 -0.00152261
16.96	 -0.612059	 0.000899011	 -2.99817	 0.000601666	 -3.6584	 -0.00151839
16.98	 -0.617802	 0.000902351	 -3.01757	 0.00058097	 -3.64624	 -0.00151381
17	 -0.623567	 0.000905515	 -3.0366	 0.000559095	 -3.63329	 -0.00150891
17.02	 -0.629355	 0.000908508	 -3.05526	 0.000536055	 -3.61957	 -0.0015037
17.04	 -0.635163	 0.000911329	 -3.07356	 0.000511862	 -3.6051	 -0.00149819
17.06	 -0.640992	 0.000913983	 -3.09148	 0.000486528	 -3.58989	 -0.00149241
17.08	 -0.64684	 0.000916473	 -3.10903	 0.000460066	 -3.57396	 -0.00148636
17.1	 -0.652705	 0.000918801	 -3.1262	 0.000432492	 -3.55732	 -0.00148008
17.12	 -0.658588	 0.000920972	 -3.14299	 0.000403822	 -3.54	 -0.00147357
17.14	 -0.664486	 0.000922986	 -3.15941	 0.000374073	 -3.52199	 -0.00146685
17.16	 -0.670398	 0.000924847	 -3.17544	 0.000343263	 -3.50333	 -0.00145995
17.18	 -0.676323	 0.000926556	 -3.19109	 0.000311409	 -3.48402	 -0.00145287
17.2	 -0.682259	 0.000928116	 -3.20636	 0.000278531	 -3.46409	 -0.00144564
17.22	 -0.688205	 0.000929529	 -3.22124	 0.000244648	 -3.44355	 -0.00143827
17.24	 -0.69416	 0.000930798	 -3.23573	 0.000209779	 -3.42241	 -0.00143078
17.26	 -0.700121	 0.000931924	 -3.24984	 0.000173943	 -3.4007	 -0.00142318
17.28	 -0.706087	 0.000932911	 -3.26356	 0.000137161	 -3.37842	 -0.00141549
17.3	 -0.712057	 0.000933762	 -3.27689	 9.94532e-05	 -3.3556	 -0.00140772
17.32	 -0.718028	 0.000934479	 -3.28983	 6.08396e-05	 -3.33224	 -0.0013999
17.34	 -0.723999	 0.000935065	 -3.30238	 2.13413e-05	 -3.30837	 -0.00139203
17.36	 -0.729967	 0.000935527	 -3.31453	 -1.90213e-05	 -3.284	 -0.00138413
17.38	 -0.735932	 0.000935864	 -3.3263	 -6.02273e-05	 -3.25914	 -0.00137622
17.4	 -0.741891	 0.000936078	 -3.33767	 -0.000102256	 -3.23381	 -0.00136831
17.42	 -0.747842	 0.00093617	 -3.34865	 -0.000145087	 -3.20802	 -0.0013604
17.44	 -0.753784	 0.000936178	 -3.35923	 -0.000188109	 -3.1818	 -0.00135222
17.46	 -0.759714	 0.000936077	 -3.36942	 -0.0002316	 -3.15512	 -0.00134375
17.48	 -0.765634	 0.000935871	 -3.37922	 -0.000275571	 -3.12799	 -0.00133496
17.5	 -0.771542	 0.000935568	 -3.38862	 -0.000319997	 -3.10041	 -0.00132587
17.52	 -0.777437	 0.000935176	 -3.39762	 -0.000364824	 -3.07235	 -0.00131653
17.54	 -0.783318	 0.000934701	 -3.40622	 -0.000409996	 -3.04382	 -0.00130696
17.56	 -0.789184	 0.000934144	 -3.41442	 -0.000455467	 -3.0148	 -0.00129718
17.58	 -0.795032	 0.000933504	 -3.42223	 -0.000501202	 -2.98531	 -0.00128718
17.6	 -0.800862	 0.000932782	 -3.42963	 -0.000547177	 -2.95533	 -0.00127697
17.62	 -0.806672	 0.000931977	 -3.43664	 -0.000593375	 -2.92487	 -0.00126653
17.64	 -0.81246	 0.000931092	 -3.44325	 -0.000639776	 -2.89393	 -0.00125587
17.66	 -0.818226	 0.000930132	 -3.44946	 -0.000686361	 -2.8625	 -0.00124498
17.68	 -0.823966	 0.0009291	 -3.45528	 -0.000733105	 -2.83059	 -0.00123386
17.7	 -0.82968	 0.000928001	 -3.46069	 -0.000779983	 -2.79819	 -0.00122253
17.72	 -0.835365	 0.000926828	 -3.46571	 -0.000826966	 -2.76529	 -0.00121097
17.74	 -0.84102	 0.000925589	 -3.47032	 -0.000874027	 -2.7319	 -0.0011992
17.76	 -0.846644	 0.00092429	 -3.47454	 -0.000921138	 -2.69801	 -0.00118722
17.78	 -0.852232	 0.000922931	 -3.47837	 -0.000968276	 -2.66362	 -0.00117503
17.8	 -0.857785	 0.000921515	 -3.48179	 -0.00101541	 -2.62874	 -0.00116264
17.82	 -0.863299	 0.000920044	 -3.48482	 -0.00106253	 -2.59335	 -0.00115005
17.84	 -0.868773	 0.000918522	 -3.48746	 -0.00110959	 -2.55746	 -0.00113726
17.86	 -0.874203	 0.000916948	 -3.4897	 -0.00115659	 -2.52107	 -0.00112427
17.88	 -0.879589	 0.000915327	 -3.49155	 -0.00120348	 -2.48417	 -0.00111108
17.9	 -0.884928	 0.000913662	 -3.493	 -0.00125024	 -2.44678	 -0.00109771
17.92	 -0.890217	 0.000911952	 -3.49407	 -0.00129686	 -2.40887	 -0.00108413
17.94	 -0.895453	 0.000910203	 -3.49474	 -0.0013433	 -2.37047	 -0.00107038
17.96	 -0.900635	 0.000908415	 -3.49502	 -0.00138955	 -2.33156	 -0.00105643
17.98	 -0.905761	 0.000906591	 -3.49492	 -0.00143557	 -2.29214	 -0.0010423
18	 -0.910826	 0.000904734	 -3.49443	 -0.00148135	 -2.25222	 -0.001028
18.02	 -0.915829	 0.000902845	 -3.49356	 -0.00152685	 -2.21179	 -0.00101351
18.04	 -0.920768	 0.00090093	 -3.4923	 -0.00157206	 -2.17086	 -0.000998853
18.06	 -0.925639	 0.000898989	 -3.49065	 -0.00161696	 -2.12943	 -0.000984024
18.08	 -0.93044	 0.000897024	 -3.48863	 -0.00166151	 -2.0875	 -0.000969025
18.1	 -0.935168	 0.000895037	 -3.48623	 -0.0017057	 -2.04507	 -0.000953855
18.12	 -0.93982	 0.000893029	 -3.48345	 -0.0017495	 -2.00214	 -0.000938518
18.14	 -0.944394	 0.000891004	 -3.48029	 -0.00179289	 -1.95872	 -0.000923019
18.16	 -0.948887	 0.000888963	 -3.47676	 -0.00183584	 -1.9148	 -0.00090736
18.18	 -0.953296	 0.000886909	 -3.47286	 -0.00187834	 -1.87039	 -0.000891542
18.2	 -0.957617	 0.000884844	 -3.46858	 -0.00192036	 -1.82549	 -0.000875569
18.22	 -0.961849	 0.00088277	 -3.46393	 -0.00196189	 -1.7801	 -0.000859444
18.24	 -0.965988	 0.000880692	 -3.45892	 -0.00200287	 -1.73423	 -0.000843169
18.26	 -0.970032	 0.000878609	 -3.45354	 -0.00204332	 -1.68787	 -0.000826746
18.28	 -0.973977	 0.000876523	 -3.4478	 -0.00208321	 -1.64104	 -0.000810179
18.3	 -0.97782	 0.000874419	 -3.44169	 -0.00212251	 -1.59374	 -0.000793432
18.32	 -0.981558	 0.000872312	 -3.43523	 -0.00216121	 -1.54597	 -0.000776539
18.34	 -0.98519	 0.000870216	 -3.42841	 -0.00219929	 -1.49773	 -0.000759527
18.36	 -0.98871	 0.000868129	 -3.42123	 -0.00223673	 -1.44903	 -0.000742389
18.38	 -0.992117	 0.000866048	 -3.41369	 -0.00227351	 -1.39988	 -0.000725113
18.4	 -0.995408	 0.000863975	 -3.40581	 -0.00230962	 -1.35027	 -0.000707708
18.42	 -0.998579	 0.000861917	 -3.39757	 -0.00234504	 -1.30022	 -0.000690179
18.44	 -1.00163	 0.000859871	 -3.38899	 -0.00237974	 -1.24972	 -0.000672524
18.46	 -1.00455	 0.000857836	 -3.38005	 -0.00241371	 -1.1988	 -0.000654741
18.48	 -1.00734	 0.000855829	 -3.37078	 -0.00244683	 -1.14744	 -0.000636841
18.5	 -1.01001	 0.000853838	 -3.36116	 -0.00247922	 -1.09566	 -0.000618829
18.52	 -1.01254	 0.000851864	 -3.3512	 -0.00251085	 -1.04346	 -0.000600701
18.54	 -1.01493	 0.000849911	 -3.34091	 -0.00254167	 -0.990856	 -0.000582457
18.56	 -1.01718	 0.000847981	 -3.33028	 -0.00257168	 -0.937847	 -0.000564105
18.58	 -1.01928	 0.000846076	 -3.31931	 -0.00260086	 -0.884443	 -0.000545647
18.6	 -1.02124	 0.000844196	 -3.30801	 -0.0026292	 -0.83065	 -0.000527082
18.62	 -1.02305	 0.00084238	 -3.29638	 -0.00265637	 -0.776477	 -0.000508425
18.64	 -1.02471	 0.000840585	 -3.28443	 -0.00268278	 -0.721932	 -0.000489675
18.66	 -1.02622	 0.000838821	 -3.27215	 -0.00270833	 -0.667021	 -0.00047083
18.68	 -1.02756	 0.000837087	 -3.25954	 -0.00273298	 -0.611755	 -0.000451888
18.7	 -1.02875	 0.000835386	 -3.24662	 -0.00275672	 -0.556141	 -0.000432849
18.72	 -1.02977	 0.000833718	 -3.23337	 -0.00277954	 -0.500188	 -0.000413721
18.74	 -1.03062	 0.000832085	 -3.21981	 -0.00280143	 -0.443906	 -0.000394505
18.76	 -1.03131	 0.000830492	 -3.20593	 -0.00282235	 -0.387303	 -0.000375206
18.78	 -1.03182	 0.000828941	 -3.19173	 -0.00284229	 -0.330389	 -0.000355826
18.8	 -1.03216	 0.000827427	 -3.17723	 -0.0028613	 -0.273174	 -0.000336368
18.82	 -1.03232	 0.000825953	 -3.16241	 -0.00287936	 -0.215668	 -0.000316832
18.84	 -1.0323	 0.000824522	 -3.14729	 -0.00289642	 -0.15788	 -0.000297222
18.86	 -1.0321	 0.000823136	 -3.13186	 -0.00291248	 -0.099821	 -0.000277539
18.88	 -1.03171	 0.000821792	 -3.11613	 -0.00292756	 -0.0415017	 -0.000257789
18.9	 -1.03114	 0.000820494	 -3.10009	 -0.00294164	 0.0170675	 -0.000237973
18.92	 -1.03037	 0.000819242	 -3.08376	 -0.00295469	 0.0758757	 -0.000218092
18.94	 -1.02942	 0.000818038	 -3.06713	 -0.00296673	 0.134912	 -0.000198149
18.96	 -1.02827	 0.000816882	 -3.05019	 -0.00297774	 0.194165	 -0.000178146
18.98	 -1.02692	 0.000815774	 -3.03297	 -0.00298774	 0.253623	 -0.000158087
19	 -1.02537	 0.000814716	 -3.01545	 -0.00299669	 0.313276	 -0.000137973
19.02	 -1.02362	 0.000813708	 -2.99764	 -0.00300459	 0.373111	 -0.000117806
19.04	 -1.02166	 0.000812751	 -2.97954	 -0.00301146	 0.433116	 -9.75872e-05
19.06	 -1.0195	 0.000811845	 -2.96115	 -0.00301728	 0.493279	 -7.73206e-05
19.08	 -1.01714	 0.000810991	 -2.94247	 -0.00302205	 0.553589	 -5.70069e-05
19.1	 -1.01456	 0.00081019	 -2.92351	 -0.00302576	 0.614033	 -3.66486e-05
19.12	 -1.01177	 0.000809408	 -2.90427	 -0.00302883	 0.674599	 -1.62967e-05
19.14	 -1.00877	 0.000808694	 -2.88475	 -0.00303067	 0.735275	 4.08664e-06
19.16	 -1.00555	 0.000808035	 -2.86494	 -0.00303144	 0.796047	 2.45079e-05
19.18	 -1.00211	 0.000807427	 -2.84486	 -0.00303115	 0.856903	 4.49716e-05
19.2	 -0.998453	 0.000806868	 -2.8245	 -0.00302985	 0.91783	 6.54732e-05
19.22	 -0.994576	 0.000806363	 -2.80386	 -0.00302749	 0.978816	 8.60111e-05
19.24	 -0.990477	 0.000805914	 -2.78295	 -0.00302405	 1.03985	 0.000106586
19.26	 -0.986153	 0.000805522	 -2.76177	 -0.00301949	 1.10091	 0.000127199
19.28	 -0.981604	 0.000805181	 -2.74032	 -0.0030139	 1.16199	 0.000147845
19.3	 -0.976828	 0.000804888	 -2.71859	 -0.00300729	 1.22308	 0.000168518
19.32	 -0.971824	 0.000804646	 -2.6966	 -0.00299961	 1.28416	 0.000189221
19.34	 -0.966591	 0.000804454	 -2.67434	 -0.00299086	 1.34522	 0.000209955
19.36	 -0.961126	 0.000804308	 -2.65182	 -0.00298107	 1.40625	 0.000230722
19.38	 -0.95543	 0.000804207	 -2.62903	 -0.00297025	 1.46723	 0.000251523
19.4	 -0.949501	 0.000804149	 -2.60598	 -0.00295837	 1.52814	 0.000272361
19.42	 -0.943338	 0.000804132	 -2.58267	 -0.00294546	 1.58898	 0.000293241
19.44	 -0.936941	 0.000804149	 -2.5591	 -0.00293152	 1.64973	 0.000314167
19.46	 -0.930307	 0.000804199	 -2.53528	 -0.00291655	 1.71038	 0.000335143
19.48	 -0.923437	 0.000804274	 -2.51119	 -0.00290056	 1.77091	 0.00035618
19.5	 -0.91633	 0.00080437	 -2.48685	 -0.00288354	 1.83131	 0.000377283
19.52	 -0.908985	 0.000804479	 -2.46226	 -0.00286551	 1.89156	 0.000398464
19.54	 -0.901402	 0.000804594	 -2.43742	 -0.00284646	 1.95166	 0.000419733
19.56	 -0.89358	 0.000804707	 -2.41233	 -0.00282641	 2.01157	 0.000441101
19.58	 -0.885518	 0.00080481	 -2.38699	 -0.00280535	 2.07129	 0.000462583
19.6	 -0.877217	 0.000804895	 -2.36141	 -0.0027833	 2.13081	 0.00048419
19.62	 -0.868675	 0.000804951	 -2.33559	 -0.00276025	 2.1901	 0.000505938
19.64	 -0.859894	 0.00080497	 -2.30953	 -0.00273621	 2.24915	 0.000527841
19.66	 -0.850872	 0.000804942	 -2.28324	 -0.0027112	 2.30794	 0.000549912
19.68	 -0.841611	 0.000804859	 -2.25671	 -0.00268521	 2.36645	 0.000572164
19.7	 -0.832109	 0.000804714	 -2.22996	 -0.00265824	 2.42467	 0.000594608
19.72	 -0.822367	 0.000804503	 -2.20298	 -0.00263032	 2.48258	 0.000617247
19.74	 -0.812386	 0.000804221	 -2.17579	 -0.00260145	 2.54016	 0.000640088
19.76	 -0.802167	 0.000803864	 -2.14838	 -0.00257163	 2.59738	 0.000663134
19.78	 -0.791708	 0.000803429	 -2.12076	 -0.00254089	 2.65424	 0.000686391
19.8	 -0.781012	 0.00080291	 -2.09294	 -0.00250922	 2.7107	 0.000709864
19.82	 -0.770079	 0.000802306	 -2.06492	 -0.00247664	 2.76675	 0.000733558
19.84	 -0.758909	 0.000801611	 -2.03671	 -0.00244316	 2.82236	 0.000757477
19.86	 -0.747505	 0.000800822	 -2.00831	 -0.0024088	 2.87752	 0.000781624
19.88	 -0.735866	 0.000799937	 -1.97972	 -0.00237355	 2.93221	 0.000806001
19.9	 -0.723994	 0.000798952	 -1.95097	 -0.00233744	 2.98639	 0.00083061
19.92	 -0.71189	 0.000797865	 -1.92204	 -0.00230049	 3.04006	 0.000855451
19.94	 -0.699556	 0.000796674	 -1.89296	 -0.0022627	 3.09318	 0.000880526
19.96	 -0.686994	 0.000795374	 -1.86372	 -0.0022241	 3.14574	 0.000905834
19.98	 -0.674204	 0.000793963	 -1.83433	 -0.00218475	 3.19771	 0.000931371
20	 -0.661188	 0.000792434	 -1.80481	 -0.00214469	 3.24906	 0.00095713
20.02	 -0.647948	 0.000790782	 -1.77515	 -0.00210402	 3.29978	 0.000983099
20.04	 -0.634487	 0.000789	 -1.74537	 -0.00206281	 3.34984	 0.00100926
20.06	 -0.620805	 0.000787111	 -1.71547	 -0.00202078	 3.39922	 0.00103564
20.08	 -0.606906	 0.000785102	 -1.68546	 -0.00197805	 3.44788	 0.00106225
20.1	 -0.592791	 0.000782973	 -1.65536	 -0.00193465	 3.49582	 0.00108909
20.12	 -0.578462	 0.000780722	 -1.62517	 -0.00189059	 3.543	 0.00111616
20.14	 -0.563923	 0.00077835	 -1.5949	 -0.00184589	 3.5894	 0.00114345
20.16	 -0.549174	 0.000775857	 -1.56455	 -0.00180056	 3.63499	 0.00117096
20.18	 -0.53422	 0.000773243	 -1.53415	 -0.00175464	 3.67975	 0.00119869
20.2	 -0.51906	 0.000770505	 -1.50369	 -0.00170798	 3.72366	 0.00122667
20.22	 -0.503693	 0.000767635	 -1.47319	 -0.00166067	 3.76668	 0.00125492
20.24	 -0.488117	 0.000764629	 -1.44267	 -0.00161271	 3.80879	 0.00128345
20.26	 -0.472331	 0.000761489	 -1.41213	 -0.00156413	 3.84996	 0.00131226
20.28	 -0.456332	 0.000758216	 -1.38159	 -0.00151496	 3.89017	 0.00134132
20.3	 -0.440121	 0.000754814	 -1.35106	 -0.00146522	 3.92939	 0.00137064
20.32	 -0.423696	 0.000751282	 -1.32055	 -0.00141493	 3.9676	 0.00140021
20.34	 -0.407057	 0.000747623	 -1.29007	 -0.00136412	 4.00478	 0.00143003
20.36	 -0.390204	 0.000743836	 -1.25963	 -0.00131282	 4.0409	 0.00146008
20.38	 -0.373137	 0.000739922	 -1.22925	 -0.00126105	 4.07594	 0.00149038
20.4	 -0.355854	 0.000735879	 -1.19892	 -0.00120885	 4.10988	 0.00152091
20.42	 -0.338356	 0.000731707	 -1.16867	 -0.00115624	 4.1427	 0.00155168
20.44	 -0.32064	 0.000727404	 -1.13851	 -0.00110324	 4.17438	 0.00158268
20.46	 -0.302707	 0.000722967	 -1.10843	 -0.00104988	 4.2049	 0.00161393
20.48	 -0.284556	 0.000718392	 -1.07846	 -0.000996203	 4.23424	 0.00164541
20.5	 -0.266184	 0.000713675	 -1.04859	 -0.000942228	 4.2624	 0.00167714
20.52	 -0.247592	 0.00070881	 -1.01884	 -0.000887996	 4.28934	 0.00170913
20.54	 -0.228778	 0.000703792	 -0.989226	 -0.000833546	 4.31507	 0.00174136
20.56	 -0.209742	 0.000698619	 -0.959744	 -0.00077892	 4.33955	 0.00177384
20.58	 -0.190483	 0.00069329	 -0.930406	 -0.000724162	 4.36279	 0.00180657
20.6	 -0.170999	 0.000687803	 -0.901222	 -0.00066932	 4.38476	 0.00183954
20.62	 -0.15129	 0.000682156	 -0.8722	 -0.000614439	 4.40545	 0.00187275
20.64	 -0.131358	 0.000676343	 -0.843351	 -0.000559568	 4.42484	 0.0019062
20.66	 -0.111206	 0.000670337	 -0.814692	 -0.00050474	 4.44289	 0.00193993
20.68	 -0.0908439	 0.000664101	 -0.786248	 -0.000449978	 4.45957	 0.00197402
20.7	 -0.0702796	 0.000657604	 -0.758043	 -0.000395305	 4.47482	 0.00200849
20.72	 -0.0495217	 0.000650875	 -0.730102	 -0.000340774	 4.48859	 0.00204327
20.74	 -0.0285786	 0.000643869	 -0.702453	 -0.000286799	 4.50084	 0.00207833
20.76	 -0.00745707	 0.000636614	 -0.675116	 -0.000233221	 4.51152	 0.00211364
20.78	 0.0138356	 0.000629085	 -0.648113	 -0.000180518	 4.52059	 0.00214912
20.8	 0.0352927	 0.000621342	 -0.621466	 -0.000127718	 4.52801	 0.00218487
20.82	 0.0569071	 0.000613334	 -0.595193	 -7.54334e-05	 4.53376	 0.00222096
20.84	 0.0786712	 0.00060503	 -0.569317	 -2.39889e-05	 4.53778	 0.00225735
20.86	 0.100577	 0.000596422	 -0.543859	 2.65981e-05	 4.54005	 0.00229401
20.88	 0.122615	 0.000587524	 -0.518841	 7.6564e-05	 4.54052	 0.00233096
20.9	 0.144778	 0.000578308	 -0.494286	 0.000125743	 4.53915	 0.0023682
20.92	 0.167055	 0.000568736	 -0.470218	 0.000173736	 4.5359	 0.00240573
20.94	 0.189439	 0.000558795	 -0.446663	 0.000220462	 4.53072	 0.00244348
20.96	 0.21192	 0.000548488	 -0.423642	 0.000266054	 4.52358	 0.00248148
20.98	 0.234489	 0.000537793	 -0.401179	 0.000310382	 4.51443	 0.00251975
21	 0.257139	 0.000526677	 -0.379298	 0.000353092	 4.50324	 0.00255826
21.02	 0.279859	 0.00051512	 -0.358018	 0.000394018	 4.48997	 0.00259697
21.04	 0.302642	 0.000503122	 -0.337362	 0.000433219	 4.4746	 0.00263587
21.06	 0.325479	 0.000490674	 -0.317351	 0.000470679	 4.45708	 0.00267498
21.08	 0.348361	 0.000477759	 -0.298004	 0.000506203	 4.43739	 0.00271427
21.1	 0.371281	 0.000464372	 -0.279342	 0.000539643	 4.4155	 0.0027537
21.12	 0.394228	 0.000450517	 -0.261384	 0.000571016	 4.39137	 0.00279323
21.14	 0.417196	 0.000436201	 -0.244148	 0.000600342	 4.36499	 0.00283285
21.16	 0.440176	 0.000421419	 -0.227651	 0.000627511	 4.33633	 0.00287255
21.18	 0.463159	 0.000406169	 -0.211909	 0.000652368	 4.30537	 0.00291228
21.2	 0.486139	 0.000390453	 -0.196938	 0.000674844	 4.27209	 0.002952
21.22	 0.509108	 0.000374281	 -0.182749	 0.000694926	 4.23648	 0.00299167
21.24	 0.532057	 0.000357659	 -0.169355	 0.000712563	 4.19854	 0.00303125
21.26	 0.55498	 0.000340591	 -0.156765	 0.000727645	 4.15824	 0.00307071
21.28	 0.577869	 0.000323083	 -0.144989	 0.000740059	 4.1156	 0.00310998
21.3	 0.600718	 0.000305144	 -0.134032	 0.000749719	 4.07061	 0.00314901
21.32	 0.623519	 0.000286784	 -0.1239	 0.000756554	 4.02328	 0.00318773
21.34	 0.646267	 0.000268012	 -0.114597	 0.000760478	 3.97362	 0.00322609
21.36	 0.668953	 0.000248837	 -0.106124	 0.000761385	 3.92163	 0.00326402
21.38	 0.691572	 0.000229265	 -0.0984812	 0.000759162	 3.86734	 0.00330145
21.4	 0.714117	 0.000209303	 -0.0916675	 0.000753693	 3.81076	 0.00333829
21.42	 0.736582	 0.000188959	 -0.0856802	 0.000744855	 3.75192	 0.00337447
21.44	 0.75896	 0.000168237	 -0.0805151	 0.000732522	 3.69085	 0.00340988
21.46	 0.781247	 0.000147143	 -0.076167	 0.000716563	 3.62756	 0.00344444
21.48	 0.803434	 0.00012568	 -0.072629	 0.000696835	 3.56211	 0.00347802
21.5	 0.825517	 0.000103855	 -0.0698932	 0.000673188	 3.49452	 0.00351052
21.52	 0.847489	 8.16728e-05	 -0.0679497	 0.000645467	 3.42484	 0.0035418
21.54	 0.869345	 5.91392e-05	 -0.0667874	 0.000613515	 3.35311	 0.00357173
21.56	 0.891077	 3.62608e-05	 -0.0663935	 0.000577168	 3.27938	 0.00360015
21.58	 0.912681	 1.30447e-05	 -0.0667532	 0.00053627	 3.20371	 0.00362691
21.6	 0.934149	 -1.05015e-05	 -0.0678506	 0.000490668	 3.12616	 0.00365186
21.62	 0.955476	 -3.437e-05	 -0.0696678	 0.000440216	 3.04678	 0.00367483
21.64	 0.976656	 -5.85513e-05	 -0.0721858	 0.000384795	 2.96564	 0.00369567
21.66	 0.997682	 -8.3034e-05	 -0.0753842	 0.000324324	 2.88282	 0.00371424
21.68	 1.01855	 -0.000107804	 -0.0792412	 0.000258767	 2.7984	 0.00373042
21.7	 1.03925	 -0.000132848	 -0.0837341	 0.000188082	 2.71244	 0.00374413
21.72	 1.05978	 -0.000158146	 -0.0888388	 0.000112296	 2.62504	 0.00375528
21.74	 1.08012	 -0.000183681	 -0.0945305	 3.14043e-05	 2.53627	 0.00376379
21.76	 1.10029	 -0.000209611	 -0.100783	 -5.70183e-05	 2.44624	 0.00376969
21.78	 1.12026	 -0.000235651	 -0.107568	 -0.000149726	 2.35503	 0.00377274
21.8	 1.14003	 -0.000261844	 -0.114859	 -0.000247355	 2.26274	 0.00377294
21.82	 1.15959	 -0.00028817	 -0.122626	 -0.000349795	 2.16947	 0.00377025
21.84	 1.17894	 -0.000314609	 -0.130838	 -0.000456935	 2.07532	 0.0037646
21.86	 1.19807	 -0.00034113	 -0.139464	 -0.000568596	 1.98038	 0.00375596
21.88	 1.21697	 -0.000367706	 -0.148472	 -0.000684713	 1.88478	 0.00374429
21.9	 1.23564	 -0.000394306	 -0.157828	 -0.000805177	 1.78862	 0.00372957
21.92	 1.25406	 -0.000420892	 -0.167499	 -0.000929798	 1.692	 0.00371175
21.94	 1.27224	 -0.000447428	 -0.17745	 -0.00105841	 1.59505	 0.00369083
21.96	 1.29015	 -0.000473881	 -0.187646	 -0.00119086	 1.49788	 0.00366677
21.98	 1.30779	 -0.000500215	 -0.198051	 -0.00132693	 1.4006	 0.00363956
22	 1.32517	 -0.000526397	 -0.208629	 -0.0014664	 1.30334	 0.00360919
22.02	 1.34225	 -0.00055239	 -0.219344	 -0.00160903	 1.20621	 0.00357568
22.04	 1.35905	 -0.000578159	 -0.230159	 -0.00175458	 1.10934	 0.00353902
22.06	 1.37554	 -0.000603667	 -0.241035	 -0.00190276	 1.01285	 0.00349924
22.08	 1.39172	 -0.000628873	 -0.251937	 -0.00205329	 0.916859	 0.00345636
22.1	 1.40758	 -0.000653738	 -0.262825	 -0.00220588	 0.821496	 0.00341042
22.12	 1.42311	 -0.000678222	 -0.273662	 -0.00236022	 0.726883	 0.00336146
22.14	 1.4383	 -0.000702283	 -0.284411	 -0.00251598	 0.633144	 0.00330952
22.16	 1.45314	 -0.000725881	 -0.295032	 -0.00267284	 0.540402	 0.00325466
22.18	 1.46763	 -0.000748977	 -0.30549	 -0.00283047	 0.448781	 0.00319696
22.2	 1.48174	 -0.00077153	 -0.315746	 -0.00298851	 0.358402	 0.00313648
22.22	 1.49548	 -0.000793503	 -0.325763	 -0.00314664	 0.269386	 0.00307332
22.24	 1.50883	 -0.000814857	 -0.335506	 -0.0033045	 0.181853	 0.00300754
22.26	 1.52178	 -0.000835553	 -0.344936	 -0.00346174	 0.0959175	 0.00293927
22.28	 1.53432	 -0.000855557	 -0.354021	 -0.00361803	 0.0116957	 0.0028686
22.3	 1.54645	 -0.000874829	 -0.362723	 -0.00377302	 -0.070701	 0.00279564
22.32	 1.55814	 -0.000893335	 -0.37101	 -0.00392636	 -0.151163	 0.0027205
22.34	 1.5694	 -0.00091104	 -0.378847	 -0.00407771	 -0.229586	 0.00264332
22.36	 1.58021	 -0.000927907	 -0.386203	 -0.00422673	 -0.305865	 0.0025642
22.38	 1.59056	 -0.000943902	 -0.393045	 -0.00437307	 -0.379902	 0.00248328
22.4	 1.60045	 -0.000958992	 -0.399343	 -0.0045164	 -0.451602	 0.00240068
22.42	 1.60986	 -0.000973144	 -0.405067	 -0.00465636	 -0.520873	 0.00231653
22.44	 1.61878	 -0.000986325	 -0.410188	 -0.00479263	 -0.587628	 0.00223097
22.46	 1.62721	 -0.000998502	 -0.414678	 -0.00492485	 -0.651783	 0.00214411
22.48	 1.63514	 -0.00100964	 -0.418512	 -0.00505268	 -0.71326	 0.00205609
22.5	 1.64255	 -0.00101972	 -0.421663	 -0.00517577	 -0.771985	 0.00196705
22.52	 1.64944	 -0.0010287	 -0.424108	 -0.00529376	 -0.827886	 0.00187711
22.54	 1.65581	 -0.00103656	 -0.425823	 -0.00540629	 -0.880899	 0.0017864
22.56	 1.66163	 -0.00104326	 -0.426788	 -0.00551302	 -0.930963	 0.00169507
22.58	 1.66691	 -0.00104878	 -0.426982	 -0.0056136	 -0.978022	 0.00160325
22.6	 1.67163	 -0.0010531	 -0.426386	 -0.00570768	 -1.02202	 0.00151106
22.62	 1.67579	 -0.00105618	 -0.424982	 -0.00579493	 -1.06292	 0.00141865
22.64	 1.67939	 -0.00105802	 -0.422756	 -0.00587503	 -1.10068	 0.00132614
22.66	 1.6824	 -0.00105859	 -0.419692	 -0.00594767	 -1.13525	 0.00123368
22.68	 1.68484	 -0.00105786	 -0.415777	 -0.00601255	 -1.16662	 0.00114138
22.7	 1.68669	 -0.00105584	 -0.411	 -0.0060694	 -1.19474	 0.00104939
22.72	 1.68794	 -0.00105249	 -0.405352	 -0.00611795	 -1.21961	 0.000957816
22.74	 1.68859	 -0.00104782	 -0.398823	 -0.00615797	 -1.2412	 0.000866791
22.76	 1.68864	 -0.00104181	 -0.391408	 -0.00618923	 -1.25951	 0.000776433
22.78	 1.68808	 -0.00103445	 -0.383101	 -0.00621151	 -1.27453	 0.00068686
22.8	 1.68691	 -0.00102573	 -0.373899	 -0.00622464	 -1.28626	 0.000598184
22.82	 1.68511	 -0.00101567	 -0.363801	 -0.00622843	 -1.29471	 0.000510516
22.84	 1.6827	 -0.00100424	 -0.352805	 -0.00622274	 -1.29989	 0.000423962
22.86	 1.67966	 -0.000991465	 -0.340914	 -0.00620742	 -1.30181	 0.000338627
22.88	 1.67599	 -0.000977334	 -0.32813	 -0.00618236	 -1.30051	 0.00025461
22.9	 1.6717	 -0.000961855	 -0.314459	 -0.00614745	 -1.296	 0.000172007
22.92	 1.66677	 -0.000945035	 -0.299906	 -0.0061026	 -1.28833	 9.09128e-05
22.94	 1.66121	 -0.000926885	 -0.284481	 -0.00604775	 -1.27752	 1.14163e-05
22.96	 1.65501	 -0.000907415	 -0.268192	 -0.00598285	 -1.26363	 -6.63962e-05
22.98	 1.64818	 -0.000886639	 -0.251052	 -0.00590785	 -1.2467	 -0.000142442
23	 1.64071	 -0.000864573	 -0.233071	 -0.00582274	 -1.22679	 -0.000216644
23.02	 1.63261	 -0.000841235	 -0.214267	 -0.00572752	 -1.20396	 -0.000288926
23.04	 1.62387	 -0.000816646	 -0.194653	 -0.00562222	 -1.17827	 -0.00035922
23.06	 1.61449	 -0.000790828	 -0.174248	 -0.00550689	 -1.14978	 -0.000427461
23.08	 1.60448	 -0.000763807	 -0.153071	 -0.00538158	 -1.11858	 -0.000493588
23.1	 1.59384	 -0.000735609	 -0.131142	 -0.00524639	 -1.08475	 -0.000557547
23.12	 1.58257	 -0.000706265	 -0.108484	 -0.00510143	 -1.04836	 -0.000619287
23.14	 1.57067	 -0.000675806	 -0.0851189	 -0.00494683	 -1.0095	 -0.000678763
23.16	 1.55814	 -0.000644266	 -0.0610722	 -0.00478273	 -0.968268	 -0.000735935
23.18	 1.54499	 -0.000611682	 -0.0363698	 -0.00460932	 -0.924753	 -0.000790767
23.2	 1.53121	 -0.000578092	 -0.0110389	 -0.00442677	 -0.879057	 -0.000843229
23.22	 1.51682	 -0.000543536	 0.0148919	 -0.00423531	 -0.83128	 -0.000893297
23.24	 1.50181	 -0.000508057	 0.0413931	 -0.00403517	 -0.78153	 -0.000940952
23.26	 1.4862	 -0.000471699	 0.0684338	 -0.0038266	 -0.729914	 -0.000986178
23.28	 1.46997	 -0.000434507	 0.0959821	 -0.00360986	 -0.676544	 -0.00102897
23.3	 1.45315	 -0.000396531	 0.124005	 -0.00338524	 -0.621536	 -0.00106932
23.32	 1.43572	 -0.000357819	 0.152469	 -0.00315305	 -0.565005	 -0.00110722
23.34	 1.4177	 -0.000318423	 0.18134	 -0.00291362	 -0.50707	 -0.0011427
23.36	 1.39909	 -0.000278396	 0.210581	 -0.00266728	 -0.447854	 -0.00117576
23.38	 1.3799	 -0.000237791	 0.240156	 -0.0024144	 -0.387478	 -0.00120641
23.4	 1.36012	 -0.000196666	 0.270029	 -0.00215536	 -0.326067	 -0.00123469
23.42	 1.33977	 -0.000155077	 0.300161	 -0.00189055	 -0.263746	 -0.00126062
23.44	 1.31885	 -0.000113083	 0.330515	 -0.00162038	 -0.200642	 -0.00128423
23.46	 1.29737	 -7.07427e-05	 0.361051	 -0.00134528	 -0.136882	 -0.00130557
23.48	 1.27533	 -2.81177e-05	 0.39173	 -0.0010657	 -0.0725942	 -0.00132467
23.5	 1.25274	 1.47307e-05	 0.422512	 -0.00078207	 -0.00790544	 -0.00134159
23.52	 1.2296	 5.77403e-05	 0.453358	 -0.000494871	 0.0570564	 -0.00135638
23.54	 1.20593	 0.000100848	 0.484226	 -0.000204573	 0.122164	 -0.0013691
23.56	 1.18172	 0.000143989	 0.515077	 8.83342e-05	 0.187291	 -0.0013798
23.58	 1.15699	 0.0001871	 0.545869	 0.000383349	 0.252312	 -0.00138856
23.6	 1.13174	 0.000230116	 0.576561	 0.000679955	 0.317101	 -0.00139545
23.62	 1.10599	 0.000272969	 0.607111	 0.000977621	 0.381536	 -0.00140054
23.64	 1.07973	 0.000315595	 0.637479	 0.00127581	 0.445492	 -0.00140391
23.66	 1.05299	 0.000357926	 0.667623	 0.00157396	 0.508849	 -0.00140564
23.68	 1.02577	 0.000399899	 0.697502	 0.00187154	 0.571487	 -0.00140583
23.7	 0.998079	 0.000441447	 0.727074	 0.00216799	 0.633289	 -0.00140456
23.72	 0.969934	 0.000482505	 0.756297	 0.00246275	 0.694139	 -0.00140193
23.74	 0.941345	 0.000523009	 0.78513	 0.00275524	 0.753923	 -0.00139804
23.76	 0.912327	 0.000562893	 0.813533	 0.00304488	 0.81253	 -0.00139298
23.78	 0.882895	 0.000602093	 0.841463	 0.00333111	 0.869851	 -0.00138686
23.8	 0.853063	 0.000640548	 0.86888	 0.00361336	 0.925777	 -0.00137978
23.82	 0.82285	 0.000678194	 0.895744	 0.00389104	 0.980203	 -0.00137185
23.84	 0.792271	 0.000714971	 0.922014	 0.0041636	 1.03303	 -0.00136318
23.86	 0.761347	 0.000750819	 0.94765	 0.00443047	 1.08415	 -0.00135388
23.88	 0.730095	 0.000785681	 0.972614	 0.00469109	 1.13346	 -0.00134405
23.9	 0.698536	 0.0008195	 0.996866	 0.00494492	 1.18088	 -0.00133382
23.92	 0.666691	 0.000852219	 1.02037	 0.00519142	 1.22631	 -0.00132328
23.94	 0.634579	 0.000883787	 1.04309	 0.00543006	 1.26965	 -0.00131255
23.96	 0.602223	 0.000914151	 1.06499	 0.00566034	 1.31083	 -0.00130173
23.98	 0.569645	 0.000943263	 1.08603	 0.00588174	 1.34975	 -0.00129093
24	 0.536866	 0.000971074	 1.10619	 0.00609379	 1.38634	 -0.00128026
24.02	 0.50391	 0.000997539	 1.12542	 0.00629603	 1.42053	 -0.0012698
24.04	 0.470801	 0.00102262	 1.1437	 0.006488	 1.45224	 -0.00125967
24.06	 0.437561	 0.00104626	 1.16101	 0.00666928	 1.48141	 -0.00124995
24.08	 0.404216	 0.00106844	 1.1773	 0.00683945	 1.50797	 -0.00124073
24.1	 0.370789	 0.00108912	 1.19256	 0.00699814	 1.53187	 -0.00123209
24.12	 0.337304	 0.00110826	 1.20676	 0.00714499	 1.55305	 -0.00122412
24.14	 0.303788	 0.00112584	 1.21988	 0.00727964	 1.57147	 -0.00121689
24.16	 0.270265	 0.00114182	 1.2319	 0.0074018	 1.58708	 -0.00121047
24.18	 0.236759	 0.00115618	 1.24279	 0.00751118	 1.59985	 -0.00120492
24.2	 0.203297	 0.0011689	 1.25254	 0.00760751	 1.60974	 -0.00120029
24.22	 0.169902	 0.00117995	 1.26114	 0.00769056	 1.61672	 -0.00119663
24.24	 0.1366	 0.00118933	 1.26856	 0.00776015	 1.62078	 -0.00119399
24.26	 0.103416	 0.00119702	 1.27481	 0.00781608	 1.6219	 -0.0011924
24.28	 0.0703747	 0.00120301	 1.27987	 0.00785823	 1.62007	 -0.00119188
24.3	 0.0374993	 0.00120729	 1.28373	 0.00788647	 1.6153	 -0.00119245
24.32	 0.0048142	 0.00120985	 1.28638	 0.00790071	 1.60758	 -0.00119413
24.34	 -0.0276568	 0.00121069	 1.28783	 0.00790088	 1.59692	 -0.00119691
24.36	 -0.0598903	 0.00120981	 1.28808	 0.00788693	 1.58335	 -0.0012008
24.38	 -0.0918628	 0.00120721	 1.28711	 0.00785885	 1.56689	 -0.0012058
24.4	 -0.123551	 0.00120289	 1.28495	 0.00781665	 1.54756	 -0.00121187
24.42	 -0.154931	 0.00119687	 1.28158	 0.00776038	 1.52539	 -0.00121902
24.44	 -0.185981	 0.00118915	 1.27703	 0.00769012	 1.50041	 -0.0012272
24.46	 -0.216677	 0.00117975	 1.27129	 0.00760598	 1.47266	 -0.00123639
24.48	 -0.246996	 0.00116869	 1.26438	 0.00750809	 1.44219	 -0.00124654
24.5	 -0.276916	 0.00115598	 1.2563	 0.00739666	 1.40902	 -0.00125761
24.52	 -0.306413	 0.00114166	 1.24708	 0.00727194	 1.37322	 -0.00126952
24.54	 -0.335467	 0.00112574	 1.23673	 0.00713417	 1.33482	 -0.00128222
24.56	 -0.364056	 0.00110826	 1.22526	 0.00698364	 1.2939	 -0.00129562
24.58	 -0.392159	 0.00108925	 1.2127	 0.00682067	 1.2505	 -0.00130965
24.6	 -0.419756	 0.00106874	 1.19907	 0.00664559	 1.20472	 -0.00132421
24.62	 -0.446827	 0.00104678	 1.18438	 0.00645876	 1.1566	 -0.00133922
24.64	 -0.473353	 0.00102339	 1.16867	 0.00626057	 1.10624	 -0.00135459
24.66	 -0.499317	 0.000998629	 1.15197	 0.00605142	 1.05372	 -0.00137021
24.68	 -0.524698	 0.000972533	 1.13429	 0.00583175	 0.999129	 -0.00138599
24.7	 -0.549481	 0.00094515	 1.11567	 0.005602	 0.942545	 -0.00140183
24.72	 -0.573647	 0.000916528	 1.09614	 0.00536267	 0.884062	 -0.00141761
24.74	 -0.597181	 0.000886718	 1.07572	 0.00511423	 0.823772	 -0.00143324
24.76	 -0.620065	 0.000855775	 1.05446	 0.00485725	 0.761766	 -0.00144859
24.78	 -0.642285	 0.000823755	 1.03239	 0.00459229	 0.69814	 -0.00146355
24.8	 -0.663824	 0.000790716	 1.00954	 0.00431992	 0.632991	 -0.00147799
24.82	 -0.68467	 0.000756715	 0.985954	 0.00404072	 0.566423	 -0.00149179
24.84	 -0.704809	 0.000721814	 0.96166	 0.00375528	 0.498539	 -0.00150482
24.86	 -0.724229	 0.000686074	 0.936702	 0.0034642	 0.429449	 -0.00151698
24.88	 -0.742918	 0.000649556	 0.911119	 0.00316807	 0.359262	 -0.00152813
24.9	 -0.760865	 0.000612322	 0.88495	 0.00286749	 0.288091	 -0.00153817
24.92	 -0.77806	 0.000574437	 0.858236	 0.00256308	 0.21605	 -0.00154698
24.94	 -0.794494	 0.000535965	 0.831018	 0.00225545	 0.143252	 -0.00155446
24.96	 -0.810157	 0.000496971	 0.803338	 0.00194524	 0.0698095	 -0.00156051
24.98	 -0.825041	 0.000457524	 0.775238	 0.00163308	 -0.0041652	 -0.001565
25	 -0.839139	 0.000417692	 0.74676	 0.00131964	 -0.0785603	 -0.00156784
25.02	 -0.852443	 0.000377545	 0.717946	 0.00100559	 -0.153264	 -0.00156892
25.04	 -0.864949	 0.00033715	 0.688839	 0.000691549	 -0.228163	 -0.00156814
25.06	 -0.876649	 0.000296575	 0.659482	 0.000378158	 -0.303147	 -0.00156539
25.08	 -0.887541	 0.000255888	 0.629917	 6.6037e-05	 -0.3781	 -0.0015606
25.1	 -0.897621	 0.000215155	 0.600187	 -0.000244207	 -0.452912	 -0.00155367
25.12	 -0.906885	 0.000174442	 0.570334	 -0.000551987	 -0.52747	 -0.00154455
25.14	 -0.915333	 0.000133813	 0.540401	 -0.000856726	 -0.601664	 -0.00153315
25.16	 -0.922961	 9.33337e-05	 0.51043	 -0.00115785	 -0.675385	 -0.00151943
25.18	 -0.92977	 5.30676e-05	 0.48046	 -0.00145479	 -0.748527	 -0.00150332
25.2	 -0.935759	 1.30782e-05	 0.450534	 -0.001747	 -0.820986	 -0.00148476
25.22	 -0.940929	 -2.65713e-05	 0.420691	 -0.00203391	 -0.892662	 -0.00146372
25.24	 -0.945282	 -6.58188e-05	 0.39097	 -0.00231499	 -0.963455	 -0.00144015
25.26	 -0.948818	 -0.000104604	 0.361411	 -0.00258973	 -1.03327	 -0.001414
25.28	 -0.951541	 -0.00014287	 0.332051	 -0.00285765	 -1.10201	 -0.00138525
25.3	 -0.953454	 -0.000180559	 0.302926	 -0.00311828	 -1.16959	 -0.00135388
25.32	 -0.954561	 -0.000217617	 0.274073	 -0.00337119	 -1.23592	 -0.00131988
25.34	 -0.954869	 -0.00025399	 0.245522	 -0.00361596	 -1.30092	 -0.00128324
25.36	 -0.954388	 -0.000289627	 0.217299	 -0.0038522	 -1.36453	 -0.00124399
25.38	 -0.953129	 -0.000324478	 0.189424	 -0.00407953	 -1.42669	 -0.00120211
25.4	 -0.951103	 -0.000358497	 0.161919	 -0.00429759	 -1.48737	 -0.00115764
25.42	 -0.948323	 -0.000391636	 0.134803	 -0.00450605	 -1.54649	 -0.0011106
25.44	 -0.944799	 -0.000423854	 0.108097	 -0.00470458	 -1.60403	 -0.001061
25.46	 -0.940542	 -0.000455107	 0.0818234	 -0.0048929	 -1.65992	 -0.00100889
25.48	 -0.935564	 -0.000485359	 0.0560034	 -0.00507075	 -1.71412	 -0.000954305
25.5	 -0.929874	 -0.000514575	 0.0306591	 -0.0052379	 -1.76659	 -0.000897283
25.52	 -0.923483	 -0.000542723	 0.00581201	 -0.00539415	 -1.81727	 -0.000837878
25.54	 -0.916404	 -0.000569775	 -0.0185179	 -0.00553935	 -1.86613	 -0.000776149
25.56	 -0.908649	 -0.000595704	 -0.0423119	 -0.00567333	 -1.91313	 -0.00071216
25.58	 -0.900229	 -0.000620487	 -0.0655529	 -0.005796	 -1.95824	 -0.000645983
25.6	 -0.891157	 -0.000644103	 -0.088225	 -0.00590726	 -2.00143	 -0.000577696
25.62	 -0.881446	 -0.000666533	 -0.110314	 -0.00600705	 -2.04267	 -0.00050738
25.64	 -0.871109	 -0.000687762	 -0.131805	 -0.00609533	 -2.08195	 -0.000435119
25.66	 -0.860157	 -0.000707775	 -0.152685	 -0.0061721	 -2.11925	 -0.000361003
25.68	 -0.848605	 -0.000726563	 -0.172943	 -0.00623737	 -2.15454	 -0.000285124
25.7	 -0.836465	 -0.000744119	 -0.192566	 -0.00629117	 -2.18783	 -0.000207576
25.72	 -0.823749	 -0.000760436	 -0.211544	 -0.00633358	 -2.21909	 -0.000128462
25.74	 -0.810471	 -0.000775515	 -0.229868	 -0.00636469	 -2.24833	 -4.78871e-05
25.76	 -0.796644	 -0.000789356	 -0.247528	 -0.00638462	 -2.27554	 3.40391e-05
25.78	 -0.78228	 -0.000801962	 -0.264519	 -0.00639351	 -2.30071	 0.000117202
25.8	 -0.767394	 -0.00081334	 -0.280832	 -0.00639155	 -2.32386	 0.000201485
25.82	 -0.751998	 -0.000823501	 -0.296465	 -0.00637893	 -2.345	 0.00028677
25.84	 -0.736106	 -0.000832454	 -0.311411	 -0.00635585	 -2.36413	 0.000372929
25.86	 -0.71973	 -0.000840211	 -0.325669	 -0.00632256	 -2.38126	 0.00045984
25.88	 -0.702883	 -0.000846791	 -0.339236	 -0.00627931	 -2.39643	 0.000547378
25.9	 -0.68558	 -0.00085221	 -0.352112	 -0.00622637	 -2.40963	 0.00063542
25.92	 -0.667833	 -0.000856489	 -0.364298	 -0.00616403	 -2.42091	 0.000723839
25.94	 -0.649655	 -0.000859651	 -0.375793	 -0.00609258	 -2.43027	 0.00081251
25.96	 -0.631059	 -0.00086172	 -0.3866	 -0.00601236	 -2.43777	 0.000901304
25.98	 -0.612059	 -0.000862721	 -0.396724	 -0.0059237	 -2.44341	 0.00099009
26	 -0.592667	 -0.000862684	 -0.406168	 -0.00582696	 -2.44725	 0.00107874
26.02	 -0.572896	 -0.000861637	 -0.414937	 -0.00572251	 -2.44931	 0.00116711
26.04	 -0.55276	 -0.000859612	 -0.423039	 -0.00561074	 -2.44964	 0.00125507
26.06	 -0.532271	 -0.000856644	 -0.430481	 -0.00549205	 -2.44827	 0.00134248
26.08	 -0.511442	 -0.000852765	 -0.437271	 -0.00536684	 -2.44526	 0.00142922
26.1	 -0.490286	 -0.000848012	 -0.443419	 -0.00523553	 -2.44065	 0.00151515
26.12	 -0.468818	 -0.000842426	 -0.448937	 -0.00509853	 -2.4345	 0.00160015
26.14	 -0.447052	 -0.000836017	 -0.453838	 -0.00495627	 -2.42685	 0.00168404
26.16	 -0.425002	 -0.000828835	 -0.458136	 -0.00480917	 -2.41776	 0.00176672
26.18	 -0.402683	 -0.000820922	 -0.461847	 -0.00465768	 -2.4073	 0.00184806
26.2	 -0.380107	 -0.000812303	 -0.464987	 -0.00450223	 -2.39553	 0.00192791
26.22	 -0.35729	 -0.000803021	 -0.467574	 -0.00434328	 -2.3825	 0.00200616
26.24	 -0.334246	 -0.000793109	 -0.469629	 -0.00418126	 -2.3683	 0.00208266
26.26	 -0.310991	 -0.000782598	 -0.471172	 -0.00401662	 -2.35299	 0.00215727
26.28	 -0.28754	 -0.000771527	 -0.472229	 -0.0038498	 -2.33664	 0.00222988
26.3	 -0.26391	 -0.000759928	 -0.472823	 -0.00368124	 -2.31934	 0.00230034
26.32	 -0.240116	 -0.00074784	 -0.472983	 -0.00351138	 -2.30117	 0.00236855
26.34	 -0.216176	 -0.000735301	 -0.472736	 -0.00334065	 -2.28221	 0.00243438
26.36	 -0.192106	 -0.000722347	 -0.472111	 -0.0031695	 -2.26254	 0.00249772
26.38	 -0.167923	 -0.000709015	 -0.471139	 -0.00299832	 -2.24226	 0.00255846
26.4	 -0.143643	 -0.000695342	 -0.469849	 -0.00282753	 -2.22144	 0.00261649
26.42	 -0.119284	 -0.000681364	 -0.468274	 -0.00265753	 -2.20018	 0.00267171
26.44	 -0.0948627	 -0.000667118	 -0.466446	 -0.00248874	 -2.17857	 0.00272401
26.46	 -0.0703955	 -0.000652639	 -0.464396	 -0.00232153	 -2.15668	 0.00277331
26.48	 -0.0458999	 -0.000637959	 -0.462158	 -0.00215626	 -2.13462	 0.0028195
26.5	 -0.0213931	 -0.000623114	 -0.459767	 -0.00199332	 -2.11246	 0.00286251
26.52	 0.00310773	 -0.000608136	 -0.457255	 -0.00183306	 -2.0903	 0.00290224
26.54	 0.0275852	 -0.000593055	 -0.454659	 -0.0016758	 -2.06823	 0.00293863
26.56	 0.0520219	 -0.000577902	 -0.452013	 -0.0015219	 -2.04634	 0.00297158
26.58	 0.0764005	 -0.000562706	 -0.449353	 -0.00137166	 -2.0247	 0.00300104
26.6	 0.100704	 -0.000547496	 -0.446714	 -0.00122538	 -2.00342	 0.00302693
26.62	 0.124914	 -0.000532299	 -0.444132	 -0.00108335	 -1.98257	 0.0030492
26.64	 0.149013	 -0.000517142	 -0.441643	 -0.000945846	 -1.96225	 0.00306778
26.66	 0.172985	 -0.000502049	 -0.439283	 -0.000813106	 -1.94253	 0.00308264
26.68	 0.196812	 -0.000487045	 -0.437087	 -0.000685383	 -1.9235	 0.00309373
26.7	 0.220477	 -0.000472151	 -0.435091	 -0.000562889	 -1.90524	 0.003101
26.72	 0.243961	 -0.000457391	 -0.433328	 -0.00044583	 -1.88782	 0.00310444
26.74	 0.26725	 -0.000442783	 -0.431835	 -0.000334395	 -1.87133	 0.00310401
26.76	 0.290325	 -0.000428347	 -0.430645	 -0.000228748	 -1.85584	 0.00309969
26.78	 0.313169	 -0.0004141	 -0.429792	 -0.000129042	 -1.84142	 0.00309147
26.8	 0.335766	 -0.00040006	 -0.429308	 -3.5407e-05	 -1.82813	 0.00307934
26.82	 0.358099	 -0.000386241	 -0.429226	 5.20406e-05	 -1.81605	 0.00306331
26.84	 0.380153	 -0.000372657	 -0.429576	 0.000133207	 -1.80524	 0.00304338
26.86	 0.401911	 -0.000359323	 -0.430389	 0.000208013	 -1.79575	 0.00301956
26.88	 0.423356	 -0.000346248	 -0.431695	 0.0002764	 -1.78765	 0.00299187
26.9	 0.444474	 -0.000333445	 -0.43352	 0.000338325	 -1.78099	 0.00296034
26.92	 0.465249	 -0.000320922	 -0.435893	 0.000393766	 -1.77582	 0.00292501
26.94	 0.485666	 -0.000308688	 -0.43884	 0.000442715	 -1.77218	 0.0028859
26.96	 0.505711	 -0.000296749	 -0.442383	 0.000485186	 -1.77011	 0.00284307
26.98	 0.525367	 -0.000285111	 -0.446548	 0.000521208	 -1.76966	 0.00279657
27	 0.544622	 -0.000273776	 -0.451355	 0.000550827	 -1.77085	 0.00274644
27.02	 0.563462	 -0.000262746	 -0.456826	 0.000574106	 -1.77372	 0.00269276
27.04	 0.581872	 -0.00025202	 -0.46298	 0.000591124	 -1.7783	 0.00263558
27.06	 0.59984	 -0.000241595	 -0.469835	 0.000601977	 -1.78461	 0.00257498
27.08	 0.617352	 -0.000231469	 -0.477409	 0.000606776	 -1.79267	 0.00251104
27.1	 0.634397	 -0.000221637	 -0.485718	 0.000605648	 -1.80249	 0.00244383
27.12	 0.650962	 -0.000212095	 -0.494777	 0.000598735	 -1.81409	 0.00237345
27.14	 0.667036	 -0.000202836	 -0.504598	 0.000586194	 -1.82748	 0.00229999
27.16	 0.682607	 -0.000193854	 -0.515193	 0.000568195	 -1.84267	 0.00222355
27.18	 0.697664	 -0.000185141	 -0.526574	 0.000544923	 -1.85964	 0.00214424
27.2	 0.712197	 -0.000176689	 -0.538748	 0.000516576	 -1.87841	 0.00206216
27.22	 0.726195	 -0.000168489	 -0.551722	 0.000483362	 -1.89896	 0.00197743
27.24	 0.73965	 -0.000160531	 -0.565502	 0.000445503	 -1.92127	 0.00189018
27.26	 0.752552	 -0.000152805	 -0.580092	 0.000403229	 -1.94534	 0.00180052
27.28	 0.764891	 -0.000145297	 -0.595493	 0.000356783	 -1.97115	 0.00170859
27.3	 0.776661	 -0.000137998	 -0.611706	 0.000306414	 -1.99866	 0.00161451
27.32	 0.787851	 -0.000130892	 -0.62873	 0.000252381	 -2.02786	 0.00151842
27.34	 0.798457	 -0.000123967	 -0.646562	 0.000194952	 -2.0587	 0.00142046
27.36	 0.808469	 -0.000117209	 -0.665197	 0.000134399	 -2.09116	 0.00132076
27.38	 0.817881	 -0.000110597	 -0.68463	 7.11301e-05	 -2.12518	 0.0012195
27.4	 0.826692	 -0.000104109	 -0.704855	 5.87531e-06	 -2.16074	 0.00111693
27.42	 0.834902	 -9.77528e-05	 -0.725866	 -6.13303e-05	 -2.19777	 0.00101318
27.44	 0.842512	 -9.15156e-05	 -0.747656	 -0.000130243	 -2.23622	 0.000908383
27.46	 0.849522	 -8.53765e-05	 -0.770214	 -0.000200622	 -2.27602	 0.000802669
27.48	 0.855932	 -7.93119e-05	 -0.793531	 -0.000272224	 -2.31713	 0.000696158
27.5	 0.861743	 -7.32993e-05	 -0.817594	 -0.000344805	 -2.35946	 0.000588977
27.52	 0.866953	 -6.73187e-05	 -0.842387	 -0.000418122	 -2.40295	 0.000481265
27.54	 0.871562	 -6.13523e-05	 -0.867896	 -0.000491929	 -2.44754	 0.000373165
27.56	 0.875569	 -5.53838e-05	 -0.894101	 -0.000565979	 -2.49314	 0.000264824
27.58	 0.878974	 -4.9397e-05	 -0.920984	 -0.000640024	 -2.5397	 0.000156387
27.6	 0.881777	 -4.33755e-05	 -0.948525	 -0.000713814	 -2.58714	 4.7996e-05
27.62	 0.883979	 -3.73021e-05	 -0.976702	 -0.000787102	 -2.63536	 -6.02085e-05
27.64	 0.885581	 -3.1159e-05	 -1.00549	 -0.000859644	 -2.6843	 -0.000168089
27.66	 0.886584	 -2.49282e-05	 -1.03487	 -0.000931202	 -2.73388	 -0.000275509
27.68	 0.886988	 -1.85918e-05	 -1.06481	 -0.00100154	 -2.784	 -0.000382332
27.7	 0.886795	 -1.21321e-05	 -1.09529	 -0.00107043	 -2.83458	 -0.000488425
27.72	 0.886006	 -5.53143e-06	 -1.12628	 -0.00113765	 -2.88553	 -0.000593652
27.74	 0.884623	 1.2274e-06	 -1.15776	 -0.00120298	 -2.93676	 -0.000697883
27.76	 0.882647	 8.1617e-06	 -1.18969	 -0.00126619	 -2.98819	 -0.000800991
27.78	 0.880081	 1.52888e-05	 -1.22204	 -0.00132709	 -3.03972	 -0.000902851
27.8	 0.876925	 2.26264e-05	 -1.25479	 -0.00138547	 -3.09127	 -0.00100334
27.82	 0.873182	 3.04357e-05	 -1.2879	 -0.00144117	 -3.14275	 -0.00110285
27.84	 0.868858	 3.87808e-05	 -1.32134	 -0.00149404	 -3.19408	 -0.00120132
27.86	 0.863955	 4.77043e-05	 -1.3551	 -0.00154397	 -3.24517	 -0.00129867
27.88	 0.85848	 5.72042e-05	 -1.38915	 -0.00159079	 -3.29596	 -0.00139473
27.9	 0.852438	 6.72549e-05	 -1.42346	 -0.00163436	 -3.34637	 -0.00148932
27.92	 0.845833	 7.78278e-05	 -1.458	 -0.00167448	 -3.39632	 -0.00158226
27.94	 0.83867	 8.89051e-05	 -1.49276	 -0.00171097	 -3.44574	 -0.00167341
27.96	 0.830954	 0.000100482	 -1.52769	 -0.00174366	 -3.49454	 -0.00176267
27.98	 0.82269	 0.000112566	 -1.56277	 -0.00177241	 -3.54265	 -0.00184996
28	 0.813883	 0.000125166	 -1.59798	 -0.0017971	 -3.58999	 -0.0019352
28.02	 0.804539	 0.000138289	 -1.63327	 -0.00181764	 -3.63648	 -0.00201828
28.04	 0.794663	 0.000151781	 -1.66863	 -0.00183392	 -3.68207	 -0.0020988
28.06	 0.784262	 0.000165613	 -1.70404	 -0.00184586	 -3.72669	 -0.0021766
28.08	 0.773342	 0.000179766	 -1.73947	 -0.00185333	 -3.7703	 -0.0022516
28.1	 0.761908	 0.000194249	 -1.77491	 -0.00185626	 -3.81286	 -0.00232375
28.12	 0.749967	 0.000209085	 -1.81035	 -0.00185458	 -3.85431	 -0.00239304
28.14	 0.737525	 0.000224295	 -1.84575	 -0.00184828	 -3.8946	 -0.00245945
28.16	 0.724589	 0.000239895	 -1.8811	 -0.00183733	 -3.93368	 -0.00252293
28.18	 0.711164	 0.000255886	 -1.91637	 -0.00182176	 -3.97151	 -0.00258345
28.2	 0.69726	 0.000272263	 -1.95155	 -0.00180155	 -4.00804	 -0.00264093
28.22	 0.682882	 0.000289017	 -1.98661	 -0.00177673	 -4.04321	 -0.00269532
28.24	 0.668034	 0.000306187	 -2.02153	 -0.0017473	 -4.077	 -0.00274669
28.26	 0.652719	 0.000323778	 -2.0563	 -0.00171328	 -4.10939	 -0.00279502
28.28	 0.636935	 0.00034179	 -2.09092	 -0.0016747	 -4.14037	 -0.00284029
28.3	 0.62068	 0.000360214	 -2.12537	 -0.00163158	 -4.16993	 -0.00288248
28.32	 0.603956	 0.000379038	 -2.15966	 -0.00158397	 -4.19808	 -0.00292155
28.34	 0.586762	 0.000398246	 -2.19379	 -0.00153177	 -4.22481	 -0.00295743
28.36	 0.569104	 0.000417821	 -2.22773	 -0.00147542	 -4.25011	 -0.00299023
28.38	 0.550987	 0.00043776	 -2.26148	 -0.00141296	 -4.27397	 -0.00301921
28.4	 0.532418	 0.000457961	 -2.29503	 -0.00134681	 -4.29639	 -0.00304502
28.42	 0.513402	 0.000478486	 -2.32838	 -0.00127647	 -4.31735	 -0.00306766
28.44	 0.493944	 0.000499352	 -2.3615	 -0.00120119	 -4.33685	 -0.00308691
28.46	 0.474049	 0.000520511	 -2.39439	 -0.00112197	 -4.35488	 -0.00310306
28.48	 0.453721	 0.00054197	 -2.42704	 -0.00103839	 -4.37144	 -0.00311598
28.5	 0.432967	 0.000563697	 -2.45944	 -0.000950522	 -4.38652	 -0.00312563
28.52	 0.411792	 0.000585653	 -2.49158	 -0.000858859	 -4.40013	 -0.00313213
28.54	 0.390204	 0.00060783	 -2.52346	 -0.000763211	 -4.41228	 -0.00313541
28.56	 0.36821	 0.000630195	 -2.55506	 -0.000663871	 -4.42296	 -0.00313555
28.58	 0.345817	 0.000652725	 -2.58637	 -0.000561086	 -4.43218	 -0.0031326
28.6	 0.323034	 0.000675404	 -2.6174	 -0.000454904	 -4.43994	 -0.0031266
28.62	 0.299869	 0.0006982	 -2.64812	 -0.000345653	 -4.44624	 -0.00311763
28.64	 0.276331	 0.000721089	 -2.67854	 -0.000233533	 -4.4511	 -0.00310574
28.66	 0.252427	 0.000744044	 -2.70864	 -0.00011876	 -4.45451	 -0.00309099
28.68	 0.228167	 0.000767032	 -2.73841	 -1.66483e-06	 -4.45649	 -0.00307347
28.7	 0.20356	 0.000790023	 -2.76785	 0.000117514	 -4.45705	 -0.00305324
28.72	 0.178615	 0.000812988	 -2.79695	 0.000238492	 -4.4562	 -0.00303039
28.74	 0.153341	 0.000835891	 -2.8257	 0.000360964	 -4.45394	 -0.00300501
28.76	 0.127747	 0.000858702	 -2.85409	 0.00048465	 -4.4503	 -0.00297717
28.78	 0.101843	 0.000881363	 -2.88212	 0.000609095	 -4.44527	 -0.00294697
28.8	 0.0756382	 0.000903851	 -2.90977	 0.000734097	 -4.43889	 -0.0029145
28.82	 0.0491427	 0.000926157	 -2.93706	 0.000859528	 -4.43114	 -0.00287982
28.84	 0.0223661	 0.00094827	 -2.96396	 0.000985177	 -4.42205	 -0.00284303
28.86	 -0.00468146	 0.000970182	 -2.99047	 0.00111083	 -4.41161	 -0.00280421
28.88	 -0.0319895	 0.000991885	 -3.0166	 0.00123628	 -4.39985	 -0.00276345
28.9	 -0.0595474	 0.00101337	 -3.04234	 0.00136132	 -4.38678	 -0.00272086
28.92	 -0.0873445	 0.00103463	 -3.06768	 0.00148572	 -4.37241	 -0.00267652
28.94	 -0.11537	 0.00105565	 -3.09262	 0.00160931	 -4.35676	 -0.00263054
28.96	 -0.143612	 0.00107642	 -3.11716	 0.00173188	 -4.33984	 -0.00258303
28.98	 -0.17206	 0.00109692	 -3.14128	 0.00185323	 -4.32167	 -0.00253408
29	 -0.200703	 0.00111714	 -3.16499	 0.00197316	 -4.30228	 -0.0024838
29.02	 -0.229529	 0.00113707	 -3.18828	 0.00209146	 -4.28166	 -0.00243231
29.04	 -0.258526	 0.0011567	 -3.21115	 0.00220794	 -4.25986	 -0.0023797
29.06	 -0.287682	 0.00117602	 -3.2336	 0.00232238	 -4.23688	 -0.00232609
29.08	 -0.316986	 0.00119501	 -3.25561	 0.00243457	 -4.21274	 -0.00227158
29.1	 -0.346425	 0.00121366	 -3.27719	 0.0025443	 -4.18747	 -0.0022163
29.12	 -0.375988	 0.00123196	 -3.29834	 0.00265137	 -4.16108	 -0.00216034
29.14	 -0.405661	 0.00124991	 -3.31905	 0.00275558	 -4.13361	 -0.00210382
29.16	 -0.435432	 0.00126748	 -3.33932	 0.00285672	 -4.10506	 -0.00204686
29.18	 -0.465289	 0.00128468	 -3.35914	 0.0029546	 -4.07546	 -0.00198957
29.2	 -0.495219	 0.00130149	 -3.37852	 0.003049	 -4.04483	 -0.00193208
29.22	 -0.52521	 0.00131791	 -3.39744	 0.00313975	 -4.01321	 -0.0018745
29.24	 -0.555248	 0.00133392	 -3.41592	 0.00322664	 -3.9806	 -0.00181693
29.26	 -0.585321	 0.00134952	 -3.43394	 0.00330947	 -3.94705	 -0.00175949
29.28	 -0.615415	 0.0013647	 -3.4515	 0.00338807	 -3.91255	 -0.00170228
29.3	 -0.645519	 0.00137943	 -3.46861	 0.00346225	 -3.87716	 -0.00164542
29.32	 -0.675619	 0.00139373	 -3.48526	 0.00353183	 -3.84088	 -0.00158901
29.34	 -0.705701	 0.00140757	 -3.50144	 0.00359662	 -3.80374	 -0.00153316
29.36	 -0.735754	 0.00142095	 -3.51717	 0.00365644	 -3.76576	 -0.00147797
29.38	 -0.765763	 0.00143386	 -3.53243	 0.00371113	 -3.72698	 -0.00142353
29.4	 -0.795716	 0.0014463	 -3.54722	 0.00376051	 -3.68741	 -0.00136994
29.42	 -0.825601	 0.00145824	 -3.56155	 0.0038044	 -3.64707	 -0.00131729
29.44	 -0.855403	 0.00146968	 -3.5754	 0.00384263	 -3.606	 -0.00126564
29.46	 -0.885111	 0.00148059	 -3.58879	 0.00387496	 -3.56421	 -0.00121506
29.48	 -0.914711	 0.00149101	 -3.60172	 0.00390338	 -3.52172	 -0.00116388
29.5	 -0.944193	 0.00150103	 -3.61416	 0.00392843	 -3.47854	 -0.00111197
29.52	 -0.973545	 0.00151131	 -3.62614	 0.00395444	 -3.43466	 -0.0010594
29.54	 -1.00276	 0.00152102	 -3.63764	 0.00397377	 -3.39008	 -0.00100647
29.56	 -1.03181	 0.00153031	 -3.64867	 0.00398809	 -3.34478	 -0.000953076
29.58	 -1.06071	 0.00153927	 -3.65922	 0.00399856	 -3.29879	 -0.000899339
29.6	 -1.08942	 0.00154795	 -3.6693	 0.00400581	 -3.25209	 -0.000845386
29.62	 -1.11795	 0.00155618	 -3.67889	 0.00400854	 -3.20469	 -0.000791255
29.64	 -1.14627	 0.00156392	 -3.68802	 0.00400658	 -3.15661	 -0.000736873
29.66	 -1.17438	 0.00157124	 -3.69667	 0.00400055	 -3.10785	 -0.000682184
29.68	 -1.20227	 0.00157818	 -3.70484	 0.00399051	 -3.05842	 -0.000627202
29.7	 -1.22992	 0.00158471	 -3.71253	 0.00397601	 -3.00833	 -0.000571945
29.72	 -1.25733	 0.00159083	 -3.71975	 0.00395691	 -2.9576	 -0.000516417
29.74	 -1.28447	 0.00159656	 -3.72649	 0.00393338	 -2.90621	 -0.000460642
29.76	 -1.31134	 0.00160193	 -3.73276	 0.00390552	 -2.8542	 -0.000404644
29.78	 -1.33793	 0.00160691	 -3.73856	 0.00387322	 -2.80155	 -0.000348442
29.8	 -1.36422	 0.0016115	 -3.74388	 0.00383644	 -2.7483	 -0.000292044
29.82	 -1.3902	 0.00161568	 -3.74874	 0.00379529	 -2.69444	 -0.000235418
29.84	 -1.41587	 0.00161947	 -3.75312	 0.00374978	 -2.63999	 -0.000178599
29.86	 -1.44121	 0.00162288	 -3.75703	 0.00369988	 -2.58496	 -0.000121626
29.88	 -1.4662	 0.00162591	 -3.76048	 0.0036456	 -2.52936	 -6.45214e-05
29.9	 -1.49084	 0.00162857	 -3.76346	 0.00358695	 -2.47322	 -7.28453e-06
29.92	 -1.51512	 0.00163087	 -3.76598	 0.00352396	 -2.41654	 5.00717e-05
29.94	 -1.53902	 0.00163281	 -3.76804	 0.00345664	 -2.35934	 0.000107528
29.96	 -1.56254	 0.00163439	 -3.76964	 0.00338502	 -2.30163	 0.000165075
29.98	 -1.58566	 0.00163563	 -3.77079	 0.00330914	 -2.24342	 0.000222702
30	 -1.60838	 0.00163651	 -3.77147	 0.00322905	 -2.18475	 0.000280391
30.02	 -1.63067	 0.00163706	 -3.77171	 0.00314478	 -2.12561	 0.000338125
30.04	 -1.65254	 0.00163726	 -3.7715	 0.00305638	 -2.06604	 0.00039589
30.06	 -1.67396	 0.00163714	 -3.77084	 0.00296389	 -2.00603	 0.000453671
30.08	 -1.69494	 0.00163669	 -3.76974	 0.00286735	 -1.94563	 0.000511452
30.1	 -1.71546	 0.00163593	 -3.7682	 0.00276682	 -1.88483	 0.000569215
30.12	 -1.73551	 0.00163485	 -3.76622	 0.00266229	 -1.82367	 0.000626937
30.14	 -1.75508	 0.00163332	 -3.76381	 0.00255206	 -1.76216	 0.000684298
30.16	 -1.77417	 0.00163144	 -3.76096	 0.00243743	 -1.70032	 0.000741375
30.18	 -1.79275	 0.00162932	 -3.75769	 0.00231957	 -1.63817	 0.00079835
30.2	 -1.81083	 0.00162691	 -3.75399	 0.00219811	 -1.57573	 0.000855254
30.22	 -1.8284	 0.00162415	 -3.74987	 0.00207229	 -1.51302	 0.000911998
30.24	 -1.84544	 0.00162115	 -3.74533	 0.00194328	 -1.45006	 0.000968695
30.26	 -1.86194	 0.00161793	 -3.74038	 0.00181125	 -1.38687	 0.00102537
30.28	 -1.87791	 0.00161445	 -3.73501	 0.00167563	 -1.32347	 0.0010819
30.3	 -1.89333	 0.00161071	 -3.72924	 0.00153651	 -1.25989	 0.00113825
30.32	 -1.90819	 0.00160676	 -3.72307	 0.00139437	 -1.19614	 0.00119442
30.34	 -1.92249	 0.00160259	 -3.71649	 0.00124929	 -1.13225	 0.0012504
30.36	 -1.93621	 0.00159821	 -3.70952	 0.00110118	 -1.06824	 0.00130616
30.38	 -1.94936	 0.0015936	 -3.70215	 0.000950172	 -1.00412	 0.00136171
30.4	 -1.96192	 0.00158881	 -3.6944	 0.00079645	 -0.939933	 0.00141704
30.42	 -1.97389	 0.00158382	 -3.68626	 0.00064008	 -0.875686	 0.00147215
30.44	 -1.98526	 0.00157866	 -3.67774	 0.000481105	 -0.811405	 0.00152701
30.46	 -1.99603	 0.00157332	 -3.66884	 0.000319665	 -0.747112	 0.00158161
30.48	 -2.00619	 0.00156783	 -3.65956	 0.000155905	 -0.682828	 0.00163595
30.5	 -2.01574	 0.00156218	 -3.64992	 -1.00876e-05	 -0.618576	 0.00169001
30.52	 -2.02466	 0.00155639	 -3.6399	 -0.000178218	 -0.554377	 0.00174377
30.54	 -2.03296	 0.00155047	 -3.62953	 -0.000348348	 -0.490253	 0.00179724
30.56	 -2.04063	 0.00154442	 -3.61879	 -0.000520353	 -0.426225	 0.00185039
30.58	 -2.04766	 0.00153825	 -3.60769	 -0.000694129	 -0.362316	 0.00190323
30.6	 -2.05406	 0.00153198	 -3.59625	 -0.000869561	 -0.298546	 0.00195574
30.62	 -2.05981	 0.00152561	 -3.58445	 -0.00104652	 -0.234937	 0.00200792
30.64	 -2.06492	 0.00151915	 -3.57231	 -0.00122488	 -0.171509	 0.00205975
30.66	 -2.06938	 0.00151261	 -3.55983	 -0.00140452	 -0.108283	 0.00211123
30.68	 -2.07319	 0.001506	 -3.547	 -0.00158533	 -0.0452795	 0.00216235
30.7	 -2.07634	 0.00149932	 -3.53384	 -0.00176716	 0.0174812	 0.00221311
30.72	 -2.07884	 0.0014926	 -3.52035	 -0.0019499	 0.0799794	 0.0022635
30.74	 -2.08069	 0.00148582	 -3.50653	 -0.00213341	 0.142196	 0.00231351
30.76	 -2.08187	 0.00147901	 -3.49238	 -0.00231757	 0.20411	 0.00236313
30.78	 -2.08239	 0.00147218	 -3.4779	 -0.00250224	 0.265705	 0.00241237
30.8	 -2.08225	 0.00146532	 -3.46311	 -0.0026873	 0.326962	 0.00246122
30.82	 -2.08144	 0.00145845	 -3.448	 -0.00287262	 0.387862	 0.00250968
30.84	 -2.07998	 0.00145158	 -3.43257	 -0.00305806	 0.448387	 0.00255774
30.86	 -2.07785	 0.00144471	 -3.41683	 -0.00324344	 0.508521	 0.00260539
30.88	 -2.07506	 0.00143786	 -3.40078	 -0.00342872	 0.568247	 0.00265264
30.9	 -2.0716	 0.00143103	 -3.38442	 -0.00361373	 0.627549	 0.00269949
30.92	 -2.06749	 0.00142421	 -3.36775	 -0.00379836	 0.68641	 0.00274594
30.94	 -2.06271	 0.00141743	 -3.35078	 -0.00398248	 0.744816	 0.00279198
30.96	 -2.05727	 0.00141069	 -3.33351	 -0.00416596	 0.802751	 0.00283762
30.98	 -2.05118	 0.00140399	 -3.31594	 -0.00434864	 0.860201	 0.00288286
31	 -2.04443	 0.00139734	 -3.29808	 -0.00453035	 0.917152	 0.00292771
31.02	 -2.03703	 0.00139078	 -3.27991	 -0.00471063	 0.973591	 0.00297221
31.04	 -2.02899	 0.00138426	 -3.26146	 -0.0048899	 1.02951	 0.00301633
31.06	 -2.02029	 0.0013778	 -3.24271	 -0.00506785	 1.08488	 0.00306007
31.08	 -2.01095	 0.00137141	 -3.22367	 -0.00524437	 1.13971	 0.00310344
31.1	 -2.00097	 0.00136509	 -3.20434	 -0.00541932	 1.19398	 0.00314643
31.12	 -1.99035	 0.00135884	 -3.18472	 -0.00559258	 1.24768	 0.00318908
31.14	 -1.9791	 0.00135265	 -3.16481	 -0.00576402	 1.3008	 0.00323138
31.16	 -1.96722	 0.00134652	 -3.14462	 -0.00593352	 1.35333	 0.00327337
31.18	 -1.95472	 0.00134045	 -3.12415	 -0.00610096	 1.40526	 0.00331506
31.2	 -1.94159	 0.00133445	 -3.10339	 -0.0062662	 1.45658	 0.00335648
31.22	 -1.92786	 0.00132849	 -3.08235	 -0.00642913	 1.50728	 0.00339765
31.24	 -1.91352	 0.00132257	 -3.06104	 -0.00658962	 1.55736	 0.00343859
31.26	 -1.89857	 0.00131668	 -3.03944	 -0.00674755	 1.60682	 0.00347935
31.28	 -1.88303	 0.00131081	 -3.01756	 -0.00690278	 1.65563	 0.00351996
31.3	 -1.86689	 0.00130493	 -2.9954	 -0.00705521	 1.70379	 0.00356046
31.32	 -1.85018	 0.00129905	 -2.97297	 -0.00720471	 1.75131	 0.0036009
31.34	 -1.83288	 0.00129313	 -2.95027	 -0.00735116	 1.79817	 0.00364131
31.36	 -1.81501	 0.00128716	 -2.92729	 -0.00749444	 1.84437	 0.00368174
31.38	 -1.79658	 0.00128112	 -2.90404	 -0.00763444	 1.88989	 0.00372225
31.4	 -1.7776	 0.00127499	 -2.88052	 -0.00777103	 1.93475	 0.00376288
31.42	 -1.75806	 0.00126873	 -2.85674	 -0.00790412	 1.97892	 0.0038037
31.44	 -1.73798	 0.00126234	 -2.83268	 -0.00803358	 2.02241	 0.00384477
31.46	 -1.71737	 0.00125576	 -2.80837	 -0.0081593	 2.06521	 0.00388616
31.48	 -1.69624	 0.00124897	 -2.78379	 -0.00828116	 2.10732	 0.00392793
31.5	 -1.67458	 0.00124195	 -2.75896	 -0.00839906	 2.14872	 0.00397016
31.52	 -1.65243	 0.00123464	 -2.73388	 -0.00851288	 2.18942	 0.00401292
31.54	 -1.62977	 0.00122704	 -2.70854	 -0.00862253	 2.22942	 0.00405627
31.56	 -1.60662	 0.00121909	 -2.68295	 -0.00872791	 2.26869	 0.00410029
31.58	 -1.58299	 0.00121077	 -2.65712	 -0.00882891	 2.30725	 0.00414504
31.6	 -1.55889	 0.00120205	 -2.63106	 -0.00892545	 2.34508	 0.00419061
31.62	 -1.53433	 0.00119288	 -2.60476	 -0.00901743	 2.38217	 0.00423705
31.64	 -1.50932	 0.00118325	 -2.57823	 -0.00910477	 2.41853	 0.00428444
31.66	 -1.48386	 0.0011731	 -2.55147	 -0.00918738	 2.45415	 0.00433285
31.68	 -1.45798	 0.00116243	 -2.5245	 -0.0092652	 2.48901	 0.00438233
31.7	 -1.43167	 0.00115119	 -2.49732	 -0.00933813	 2.52312	 0.00443295
31.72	 -1.40496	 0.00113936	 -2.46993	 -0.00940613	 2.55646	 0.00448475
31.74	 -1.37785	 0.00112691	 -2.44235	 -0.00946912	 2.58903	 0.00453779
31.76	 -1.35034	 0.00111384	 -2.41457	 -0.00952706	 2.62083	 0.00459212
31.78	 -1.32247	 0.0011001	 -2.38661	 -0.00957987	 2.65184	 0.00464777
31.8	 -1.29423	 0.0010857	 -2.35847	 -0.00962753	 2.68205	 0.00470478
31.82	 -1.26563	 0.00107061	 -2.33016	 -0.00966998	 2.71147	 0.00476318
31.84	 -1.23669	 0.00105483	 -2.30169	 -0.0097072	 2.74008	 0.00482299
31.86	 -1.20743	 0.00103834	 -2.27307	 -0.00973914	 2.76787	 0.00488423
31.88	 -1.17784	 0.00102113	 -2.2443	 -0.00976579	 2.79484	 0.00494692
31.9	 -1.14795	 0.00100321	 -2.2154	 -0.00978713	 2.82098	 0.00501106
31.92	 -1.11777	 0.000984573	 -2.18637	 -0.00980314	 2.84629	 0.00507667
31.94	 -1.0873	 0.000965213	 -2.15722	 -0.00981381	 2.87075	 0.00514373
31.96	 -1.05656	 0.00094515	 -2.12796	 -0.00981914	 2.89437	 0.00521223
31.98	 -1.02557	 0.000924378	 -2.09859	 -0.00981913	 2.91712	 0.00528216
32	 -0.994329	 0.000902905	 -2.06914	 -0.0098138	 2.93902	 0.00535352
32.02	 -0.962858	 0.000880743	 -2.0396	 -0.00980314	 2.96005	 0.00542629
32.04	 -0.931167	 0.000857905	 -2.00998	 -0.00978718	 2.98021	 0.00550043
32.06	 -0.899268	 0.000834414	 -1.98029	 -0.00976595	 2.9995	 0.0055759
32.08	 -0.867174	 0.00081029	 -1.95054	 -0.00973946	 3.0179	 0.00565266
32.1	 -0.834896	 0.00078556	 -1.92073	 -0.00970777	 3.03543	 0.00573065
32.12	 -0.802448	 0.000760253	 -1.89088	 -0.0096709	 3.05208	 0.00580982
32.14	 -0.769841	 0.000734397	 -1.86099	 -0.00962897	 3.06785	 0.00589011
32.16	 -0.737087	 0.000708032	 -1.83106	 -0.00958196	 3.08274	 0.00597145
32.18	 -0.704198	 0.000681195	 -1.80111	 -0.0095299	 3.09675	 0.00605377
32.2	 -0.671186	 0.00065392	 -1.77113	 -0.0094729	 3.10989	 0.006137
32.22	 -0.638063	 0.000626243	 -1.74113	 -0.00941105	 3.12216	 0.00622106
32.24	 -0.60484	 0.000598201	 -1.71112	 -0.00934449	 3.13356	 0.00630587
32.26	 -0.571527	 0.000569844	 -1.6811	 -0.00927313	 3.1441	 0.00639134
32.28	 -0.538136	 0.000541205	 -1.65107	 -0.00919711	 3.15378	 0.00647743
32.3	 -0.504678	 0.000512324	 -1.62105	 -0.00911649	 3.16261	 0.00656406
32.32	 -0.471156	 0.000483208	 -1.59102	 -0.00903064	 3.1706	 0.00665141
32.34	 -0.437567	 0.000453879	 -1.56102	 -0.00893957	 3.17774	 0.00673952
32.36	 -0.403909	 0.000424342	 -1.53104	 -0.0088435	 3.18403	 0.00682836
32.38	 -0.370177	 0.000394632	 -1.5011	 -0.00874269	 3.18948	 0.00691782
32.4	 -0.336369	 0.000364802	 -1.47121	 -0.00863713	 3.19411	 0.00700776
32.42	 -0.302483	 0.000334919	 -1.44137	 -0.00852673	 3.19791	 0.0070981
32.44	 -0.268519	 0.000304999	 -1.4116	 -0.00841191	 3.2009	 0.00718874
32.46	 -0.234478	 0.000275102	 -1.3819	 -0.00829266	 3.20309	 0.00727956
32.48	 -0.20036	 0.000245334	 -1.35228	 -0.00816889	 3.20449	 0.00737042
32.5	 -0.166165	 0.000215623	 -1.32274	 -0.00804125	 3.20511	 0.00746138
32.52	 -0.131892	 0.000185922	 -1.29328	 -0.00791024	 3.20496	 0.00755239
32.54	 -0.0975401	 0.00015608	 -1.26392	 -0.00777724	 3.20405	 0.00764342
32.56	 -0.0631081	 0.000126444	 -1.23466	 -0.00763957	 3.2024	 0.00773426
32.58	 -0.0285944	 9.70817e-05	 -1.2055	 -0.00749739	 3.20002	 0.00782489
32.6	 0.00600253	 6.81145e-05	 -1.17645	 -0.00735067	 3.19693	 0.0079152
32.62	 0.0406841	 3.90616e-05	 -1.14751	 -0.00720384	 3.19315	 0.00800524
32.64	 0.0754514	 1.0704e-05	 -1.11868	 -0.00705029	 3.1887	 0.00809471
32.66	 0.110306	 -1.74288e-05	 -1.08997	 -0.00689502	 3.18359	 0.00818373
32.68	 0.145248	 -4.54843e-05	 -1.06138	 -0.00674036	 3.17785	 0.00827166
32.7	 0.18028	 -7.30372e-05	 -1.03292	 -0.00658176	 3.17148	 0.00835857
32.72	 0.215403	 -0.000100212	 -1.00457	 -0.00641942	 3.16452	 0.0084452
32.74	 0.250618	 -0.000127195	 -0.976352	 -0.00625605	 3.15698	 0.00853133
32.76	 0.285924	 -0.000153888	 -0.948269	 -0.00609189	 3.14886	 0.00861646
32.78	 0.321321	 -0.000180295	 -0.920326	 -0.00592669	 3.14019	 0.00870058
32.8	 0.356803	 -0.000206381	 -0.892541	 -0.00576002	 3.13094	 0.00878377
32.82	 0.392363	 -0.00023225	 -0.864934	 -0.00559271	 3.1211	 0.00886604
32.84	 0.427994	 -0.000257963	 -0.837529	 -0.00542574	 3.11063	 0.00894721
32.86	 0.463686	 -0.000283494	 -0.810351	 -0.0052591	 3.09952	 0.00902716
32.88	 0.499429	 -0.000308849	 -0.78342	 -0.00509311	 3.08774	 0.00910581
32.9	 0.535211	 -0.000334069	 -0.75676	 -0.00492842	 3.07526	 0.00918307
32.92	 0.571023	 -0.000359174	 -0.73039	 -0.00476546	 3.06207	 0.00925884
32.94	 0.606851	 -0.000384186	 -0.704333	 -0.00460463	 3.04815	 0.009333
32.96	 0.642684	 -0.000409129	 -0.67861	 -0.00444631	 3.03346	 0.00940545
32.98	 0.678507	 -0.000434022	 -0.653247	 -0.00429079	 3.01797	 0.00947611
33	 0.714306	 -0.000458884	 -0.628272	 -0.00413846	 3.00165	 0.00954485
33.02	 0.750064	 -0.000483729	 -0.603712	 -0.00398966	 2.98446	 0.00961153
33.04	 0.785766	 -0.000508567	 -0.579599	 -0.0038447	 2.96635	 0.00967603
33.06	 0.821396	 -0.000533403	 -0.555962	 -0.00370388	 2.94729	 0.00973819
33.08	 0.856937	 -0.000558238	 -0.532833	 -0.0035675	 2.92722	 0.00979783
33.1	 0.892374	 -0.00058308	 -0.510243	 -0.00343589	 2.90612	 0.00985481
33.12	 0.927694	 -0.000607937	 -0.488222	 -0.00330937	 2.88394	 0.00990894
33.14	 0.962881	 -0.000632816	 -0.466799	 -0.00318831	 2.86063	 0.00996001
33.16	 0.997923	 -0.000657726	 -0.446004	 -0.00307305	 2.83616	 0.0100078
33.18	 1.03281	 -0.000682677	 -0.425866	 -0.00296397	 2.8105	 0.0100521
33.2	 1.06752	 -0.000707682	 -0.406411	 -0.00286148	 2.78361	 0.0100927
33.22	 1.10204	 -0.000732758	 -0.387667	 -0.00276596	 2.75546	 0.0101293
33.24	 1.13637	 -0.000757923	 -0.369659	 -0.00267781	 2.72601	 0.0101617
33.26	 1.17048	 -0.000783196	 -0.352411	 -0.00259739	 2.69524	 0.0101895
33.28	 1.20437	 -0.000808596	 -0.335948	 -0.00252505	 2.66313	 0.0102127
33.3	 1.23802	 -0.00083414	 -0.320291	 -0.00246109	 2.62965	 0.0102309
33.32	 1.27142	 -0.000859845	 -0.305464	 -0.00240584	 2.59478	 0.010244
33.34	 1.30456	 -0.000885723	 -0.291488	 -0.00235957	 2.5585	 0.0102518
33.36	 1.33743	 -0.000911787	 -0.278382	 -0.00232255	 2.52078	 0.010254
33.38	 1.37001	 -0.000938044	 -0.266164	 -0.00229496	 2.48163	 0.0102504
33.4	 1.4023	 -0.000964498	 -0.254852	 -0.00227698	 2.44102	 0.0102408
33.42	 1.43428	 -0.000991151	 -0.244462	 -0.00226874	 2.39895	 0.0102252
33.44	 1.46595	 -0.001018	 -0.235006	 -0.00227033	 2.35541	 0.0102032
33.46	 1.49729	 -0.00104505	 -0.226497	 -0.00228182	 2.31042	 0.0101747
33.48	 1.52829	 -0.00107227	 -0.218946	 -0.00230326	 2.26395	 0.0101397
33.5	 1.55895	 -0.00109968	 -0.21236	 -0.00233465	 2.21603	 0.0100979
33.52	 1.58925	 -0.00112723	 -0.206747	 -0.00237597	 2.16667	 0.0100492
33.54	 1.61919	 -0.00115493	 -0.202112	 -0.00242718	 2.11587	 0.00999355
33.56	 1.64875	 -0.00118275	 -0.198455	 -0.0024882	 2.06366	 0.00993076
33.58	 1.67793	 -0.00121067	 -0.195779	 -0.0025589	 2.01005	 0.00986077
33.6	 1.70672	 -0.00123865	 -0.194081	 -0.00263913	 1.95507	 0.00978349
33.62	 1.7351	 -0.00126667	 -0.193357	 -0.00272871	 1.89876	 0.00969887
33.64	 1.76308	 -0.00129471	 -0.1936	 -0.00282748	 1.84115	 0.00960685
33.66	 1.79063	 -0.00132273	 -0.194803	 -0.00293507	 1.78227	 0.00950742
33.68	 1.81776	 -0.00135047	 -0.196954	 -0.00304872	 1.72217	 0.00940039
33.7	 1.84446	 -0.00137821	 -0.20004	 -0.00317138	 1.6609	 0.00928598
33.72	 1.87071	 -0.0014058	 -0.204046	 -0.00330175	 1.5985	 0.00916419
33.74	 1.89651	 -0.00143321	 -0.208955	 -0.0034396	 1.53503	 0.00903511
33.76	 1.92186	 -0.00146041	 -0.214746	 -0.00358448	 1.47055	 0.00889881
33.78	 1.94673	 -0.00148733	 -0.221399	 -0.0037359	 1.40511	 0.00875538
33.8	 1.97113	 -0.00151393	 -0.228888	 -0.00389343	 1.33879	 0.00860492
33.82	 1.99505	 -0.00154016	 -0.237189	 -0.00405651	 1.27165	 0.00844755
33.84	 2.01848	 -0.00156597	 -0.246272	 -0.0042246	 1.20376	 0.00828339
33.86	 2.04141	 -0.00159132	 -0.256109	 -0.00439714	 1.13519	 0.00811261
33.88	 2.06384	 -0.00161615	 -0.266668	 -0.00457356	 1.06603	 0.00793537
33.9	 2.08575	 -0.00164041	 -0.277915	 -0.00475326	 0.996356	 0.00775185
33.92	 2.10715	 -0.00166404	 -0.289814	 -0.00493563	 0.926243	 0.00756225
33.94	 2.12801	 -0.001687	 -0.30233	 -0.00512008	 0.855782	 0.00736677
33.96	 2.14834	 -0.00170922	 -0.315422	 -0.00530595	 0.785057	 0.00716563
33.98	 2.16813	 -0.00173065	 -0.329052	 -0.00549261	 0.714159	 0.00695907
34	 2.18737	 -0.00175123	 -0.343177	 -0.00567941	 0.643179	 0.00674731
34.02	 2.20605	 -0.0017709	 -0.357756	 -0.00586569	 0.572208	 0.00653062
34.04	 2.22417	 -0.00178962	 -0.372743	 -0.00605078	 0.501341	 0.00630926
34.06	 2.24171	 -0.00180731	 -0.388092	 -0.00623402	 0.430674	 0.00608351
34.08	 2.25868	 -0.00182393	 -0.403759	 -0.00641472	 0.360303	 0.00585364
34.1	 2.27505	 -0.00183941	 -0.419694	 -0.00659221	 0.290325	 0.00561996
34.12	 2.29084	 -0.0018537	 -0.435849	 -0.00676581	 0.220838	 0.00538276
34.14	 2.30602	 -0.00186674	 -0.452174	 -0.00693484	 0.151941	 0.00514234
34.16	 2.32059	 -0.00187847	 -0.46862	 -0.00709862	 0.0837335	 0.00489903
34.18	 2.33455	 -0.00188884	 -0.485135	 -0.00725647	 0.0163129	 0.00465314
34.2	 2.34788	 -0.00189779	 -0.501669	 -0.00740772	 -0.0502224	 0.00440499
34.22	 2.36058	 -0.00190527	 -0.518169	 -0.00755168	 -0.115775	 0.00415491
34.24	 2.37265	 -0.00191121	 -0.534585	 -0.0076877	 -0.180249	 0.00390322
34.26	 2.38407	 -0.00191557	 -0.550865	 -0.00781511	 -0.243548	 0.00365026
34.28	 2.39484	 -0.00191828	 -0.566956	 -0.00793325	 -0.305579	 0.00339635
34.3	 2.40495	 -0.0019193	 -0.582808	 -0.00804148	 -0.36625	 0.00314182
34.32	 2.4144	 -0.00191857	 -0.59837	 -0.00813915	 -0.42547	 0.002887
34.34	 2.42318	 -0.00191604	 -0.61359	 -0.00822563	 -0.48315	 0.00263222
34.36	 2.43128	 -0.00191165	 -0.628419	 -0.00830029	 -0.539204	 0.00237779
34.38	 2.43869	 -0.00190537	 -0.642807	 -0.00836252	 -0.593548	 0.00212406
34.4	 2.44542	 -0.00189714	 -0.656705	 -0.00841172	 -0.646101	 0.00187132
34.42	 2.45145	 -0.00188691	 -0.670066	 -0.00844729	 -0.696783	 0.0016199
34.44	 2.45679	 -0.00187464	 -0.682842	 -0.00846872	 -0.745521	 0.0013701
34.46	 2.46141	 -0.0018603	 -0.694987	 -0.00847553	 -0.792242	 0.00112224
34.48	 2.46532	 -0.00184384	 -0.706459	 -0.0084671	 -0.83688	 0.000876604
34.5	 2.46852	 -0.00182522	 -0.717213	 -0.00844298	 -0.879369	 0.000633484
34.52	 2.47099	 -0.00180441	 -0.727208	 -0.0084027	 -0.91965	 0.000393161
34.54	 2.47273	 -0.00178138	 -0.736404	 -0.00834584	 -0.957666	 0.000155908
34.56	 2.47375	 -0.00175609	 -0.744762	 -0.00827204	 -0.993363	 -7.80062e-05
34.58	 2.47402	 -0.00172853	 -0.752245	 -0.00818094	 -1.02669	 -0.000308324
34.6	 2.47356	 -0.00169869	 -0.75882	 -0.00807226	 -1.05762	 -0.000534798
34.62	 2.47235	 -0.00166654	 -0.764456	 -0.00794573	 -1.0861	 -0.000757168
34.64	 2.4704	 -0.00163209	 -0.769128	 -0.00780115	 -1.11211	 -0.000975189
34.66	 2.46769	 -0.00159535	 -0.772815	 -0.00763833	 -1.13565	 -0.00118863
34.68	 2.46425	 -0.00155631	 -0.775496	 -0.00745716	 -1.15669	 -0.00139727
34.7	 2.46005	 -0.00151499	 -0.777152	 -0.00725755	 -1.17523	 -0.00160091
34.72	 2.4551	 -0.00147142	 -0.777764	 -0.00703947	 -1.19126	 -0.00179932
34.74	 2.4494	 -0.00142559	 -0.777316	 -0.0068029	 -1.20478	 -0.00199234
34.76	 2.44294	 -0.00137754	 -0.775789	 -0.00654791	 -1.21578	 -0.0021798
34.78	 2.43573	 -0.00132728	 -0.773169	 -0.00627456	 -1.22426	 -0.00236153
34.8	 2.42776	 -0.00127485	 -0.769442	 -0.00598299	 -1.23024	 -0.00253739
34.82	 2.41904	 -0.00122029	 -0.764597	 -0.00567334	 -1.23371	 -0.00270722
34.84	 2.40956	 -0.00116364	 -0.758622	 -0.00534581	 -1.2347	 -0.00287089
34.86	 2.39932	 -0.00110495	 -0.751512	 -0.00500064	 -1.23323	 -0.00302826
34.88	 2.38833	 -0.00104426	 -0.74326	 -0.00463809	 -1.22932	 -0.00317926
34.9	 2.37658	 -0.000981543	 -0.733862	 -0.0042585	 -1.22299	 -0.00332395
34.92	 2.36408	 -0.000916982	 -0.723317	 -0.00386222	 -1.21428	 -0.00346199
34.94	 2.35082	 -0.0008506	 -0.711627	 -0.00344967	 -1.20323	 -0.00359339
34.96	 2.3368	 -0.00078247	 -0.69879	 -0.00302128	 -1.18987	 -0.00371808
34.98	 2.32204	 -0.000712694	 -0.684811	 -0.00257753	 -1.17424	 -0.00383596
35	 2.30652	 -0.000641322	 -0.669692	 -0.00211896	 -1.15639	 -0.00394706
35.02	 2.29024	 -0.000568426	 -0.653439	 -0.00164616	 -1.13635	 -0.00405137
35.04	 2.27322	 -0.000494106	 -0.636061	 -0.00115974	 -1.1142	 -0.00414884
35.06	 2.25545	 -0.000418449	 -0.617565	 -0.000660368	 -1.08996	 -0.00423949
35.08	 2.23693	 -0.000341551	 -0.597964	 -0.000148732	 -1.06371	 -0.00432331
35.1	 2.21766	 -0.000263518	 -0.57727	 0.00037444	 -1.03551	 -0.00440031
35.12	 2.19765	 -0.000184452	 -0.555497	 0.000908392	 -1.00541	 -0.00447054
35.14	 2.17689	 -0.000104458	 -0.532662	 0.00145233	 -0.973481	 -0.00453404
35.16	 2.1554	 -2.36438e-05	 -0.508781	 0.00200545	 -0.939791	 -0.00459086
35.18	 2.13317	 5.78805e-05	 -0.483875	 0.00256689	 -0.904409	 -0.00464109
35.2	 2.1102	 0.000140003	 -0.457962	 0.00313577	 -0.867408	 -0.0046848
35.22	 2.0865	 0.000222611	 -0.431066	 0.00371118	 -0.828861	 -0.00472209
35.24	 2.06207	 0.000305587	 -0.403209	 0.0042922	 -0.788845	 -0.00475306
35.26	 2.03691	 0.000388815	 -0.374416	 0.00487784	 -0.747439	 -0.00477783
35.28	 2.01103	 0.000472175	 -0.344713	 0.00546714	 -0.704724	 -0.00479653
35.3	 1.98443	 0.000555546	 -0.314129	 0.00605907	 -0.66078	 -0.00480931
35.32	 1.95711	 0.000638809	 -0.282691	 0.00665262	 -0.615691	 -0.00481631
35.34	 1.92907	 0.000721839	 -0.250431	 0.00724672	 -0.569544	 -0.00481769
35.36	 1.90033	 0.000804601	 -0.21738	 0.00784141	 -0.522422	 -0.00481364
35.38	 1.87088	 0.000886802	 -0.183571	 0.00843356	 -0.474414	 -0.00480433
35.4	 1.84073	 0.000968399	 -0.149037	 0.00902296	 -0.425609	 -0.00478993
35.42	 1.80988	 0.00104927	 -0.113815	 0.00960854	 -0.376097	 -0.00477063
35.44	 1.77834	 0.00112931	 -0.0779401	 0.0101893	 -0.325967	 -0.00474665
35.46	 1.74611	 0.00120838	 -0.0414507	 0.010764	 -0.275311	 -0.00471819
35.48	 1.7132	 0.00128636	 -0.00438505	 0.0113314	 -0.22422	 -0.00468548
35.5	 1.67961	 0.00136312	 0.0332169	 0.0118905	 -0.172785	 -0.00464874
35.52	 1.64536	 0.00143855	 0.0713145	 0.01244	 -0.121098	 -0.0046082
35.54	 1.61043	 0.00151252	 0.109866	 0.012979	 -0.0692505	 -0.00456407
35.56	 1.57485	 0.00158492	 0.148828	 0.0135061	 -0.0173342	 -0.00451661
35.58	 1.53862	 0.00165564	 0.188158	 0.0140203	 0.0345601	 -0.00446603
35.6	 1.50174	 0.00172454	 0.227811	 0.0145203	 0.086342	 -0.00441259
35.62	 1.46422	 0.00179152	 0.267741	 0.0150052	 0.137922	 -0.00435652
35.64	 1.42607	 0.00185647	 0.307903	 0.0154736	 0.189212	 -0.00429807
35.66	 1.38731	 0.00191927	 0.348249	 0.0159246	 0.240124	 -0.00423748
35.68	 1.34793	 0.00197982	 0.388731	 0.0163569	 0.290573	 -0.00417499
35.7	 1.30794	 0.00203801	 0.429302	 0.0167695	 0.340475	 -0.00411085
35.72	 1.26737	 0.00209373	 0.469912	 0.0171613	 0.389747	 -0.0040453
35.74	 1.22621	 0.00214689	 0.51051	 0.0175312	 0.438308	 -0.00397859
35.76	 1.18449	 0.00219738	 0.551047	 0.0178781	 0.486081	 -0.00391097
35.78	 1.14222	 0.00224512	 0.59147	 0.0182011	 0.532988	 -0.00384267
35.8	 1.0994	 0.00229002	 0.631727	 0.0184991	 0.578954	 -0.00377393
35.82	 1.05606	 0.00233198	 0.671765	 0.0187711	 0.623906	 -0.003705
35.84	 1.01222	 0.00237095	 0.71153	 0.0190163	 0.667772	 -0.00363612
35.86	 0.967899	 0.00240683	 0.750968	 0.0192338	 0.710482	 -0.00356752
35.88	 0.923114	 0.00243956	 0.790022	 0.0194227	 0.751965	 -0.00349943
35.9	 0.877891	 0.00246908	 0.828636	 0.0195823	 0.792153	 -0.00343207
35.92	 0.832256	 0.00249532	 0.866755	 0.0197117	 0.830978	 -0.00336566
35.94	 0.786239	 0.00251823	 0.904319	 0.0198104	 0.868372	 -0.00330039
35.96	 0.739867	 0.00253776	 0.941272	 0.0198777	 0.90427	 -0.00323644
35.98	 0.693174	 0.00255387	 0.977557	 0.0199131	 0.938606	 -0.003174
36	 0.646191	 0.00256651	 1.01311	 0.0199162	 0.971317	 -0.0031132
36.02	 0.598954	 0.00257565	 1.04789	 0.0198866	 1.00234	 -0.00305417
36.04	 0.551498	 0.00258126	 1.08182	 0.0198242	 1.03161	 -0.00299701
36.06	 0.503858	 0.0025833	 1.11486	 0.0197287	 1.05906	 -0.00294179
36.08	 0.456071	 0.00258176	 1.14695	 0.0195999	 1.08465	 -0.0028886
36.1	 0.408173	 0.00257662	 1.17803	 0.0194378	 1.10831	 -0.00283748
36.12	 0.360203	 0.00256787	 1.20805	 0.0192423	 1.12999	 -0.00278848
36.14	 0.312198	 0.0025555	 1.23697	 0.0190137	 1.14963	 -0.00274162
36.16	 0.264195	 0.00253953	 1.26473	 0.018752	 1.1672	 -0.00269692
36.18	 0.216233	 0.00251997	 1.29128	 0.0184574	 1.18265	 -0.00265439
36.2	 0.16835	 0.00249683	 1.31657	 0.0181304	 1.19593	 -0.002614
36.22	 0.120586	 0.00247014	 1.34056	 0.0177712	 1.20701	 -0.00257573
36.24	 0.0729786	 0.00243994	 1.36321	 0.0173804	 1.21586	 -0.00253952
36.26	 0.025567	 0.00240625	 1.38447	 0.0169584	 1.22244	 -0.00250531
36.28	 -0.0216106	 0.00236912	 1.40431	 0.016506	 1.22673	 -0.00247303
36.3	 -0.068516	 0.0023286	 1.42267	 0.0160237	 1.22869	 -0.00244257
36.32	 -0.115112	 0.00228474	 1.43954	 0.0155122	 1.22833	 -0.00241383
36.34	 -0.161361	 0.00223761	 1.45487	 0.0149725	 1.22561	 -0.00238667
36.36	 -0.207227	 0.00218725	 1.46864	 0.0144052	 1.22054	 -0.00236097
36.38	 -0.252674	 0.00213374	 1.48081	 0.0138114	 1.21311	 -0.00233657
36.4	 -0.297667	 0.00207715	 1.49136	 0.0131919	 1.20332	 -0.00231329
36.42	 -0.342174	 0.00201756	 1.50027	 0.0125478	 1.1912	 -0.00229098
36.44	 -0.38616	 0.00195505	 1.50751	 0.0118803	 1.17675	 -0.00226944
36.46	 -0.429594	 0.00188973	 1.51308	 0.0111904	 1.16001	 -0.00224848
36.48	 -0.472444	 0.00182169	 1.51694	 0.0104797	 1.14099	 -0.0022279
36.5	 -0.514677	 0.00175105	 1.5191	 0.00974929	 1.11971	 -0.00220751
36.52	 -0.556262	 0.00167791	 1.51955	 0.0090007	 1.09621	 -0.00218708
36.54	 -0.597168	 0.00160239	 1.51826	 0.00823534	 1.07051	 -0.00216639
36.56	 -0.637366	 0.00152461	 1.51524	 0.00745469	 1.04263	 -0.00214524
36.58	 -0.676825	 0.00144469	 1.51049	 0.00666023	 1.01261	 -0.00212337
36.6	 -0.715515	 0.00136276	 1.504	 0.00585346	 0.980472	 -0.00210057
36.62	 -0.753411	 0.00127895	 1.49579	 0.00503591	 0.946261	 -0.0020766
36.64	 -0.790485	 0.00119338	 1.48586	 0.00420916	 0.910021	 -0.00205122
36.66	 -0.826711	 0.00110619	 1.47421	 0.00337482	 0.871807	 -0.00202419
36.68	 -0.862067	 0.00101752	 1.46086	 0.00253459	 0.831677	 -0.00199526
36.7	 -0.896528	 0.00092753	 1.44584	 0.00169017	 0.789693	 -0.00196422
36.72	 -0.930072	 0.000836357	 1.42915	 0.000843266	 0.745919	 -0.00193082
36.74	 -0.962678	 0.00074415	 1.41082	 -4.44949e-06	 0.700419	 -0.00189485
36.76	 -0.994323	 0.000651058	 1.39087	 -0.000851292	 0.65326	 -0.00185609
36.78	 -1.02499	 0.000557231	 1.36933	 -0.00169559	 0.604504	 -0.00181434
36.8	 -1.05465	 0.000462813	 1.34623	 -0.00253575	 0.554217	 -0.00176941
36.82	 -1.08329	 0.000367951	 1.3216	 -0.00337019	 0.502469	 -0.00172111
36.84	 -1.1109	 0.000272793	 1.29547	 -0.00419727	 0.449333	 -0.00166925
36.86	 -1.13746	 0.000177491	 1.26789	 -0.00501539	 0.394888	 -0.00161367
36.88	 -1.16295	 8.21975e-05	 1.2389	 -0.00582292	 0.339219	 -0.00155419
36.9	 -1.18736	 -1.29312e-05	 1.20853	 -0.00661822	 0.282414	 -0.00149066
36.92	 -1.21068	 -0.000107743	 1.17685	 -0.00739973	 0.224565	 -0.00142293
36.94	 -1.23289	 -0.000202089	 1.14388	 -0.00816595	 0.165761	 -0.00135088
36.96	 -1.25398	 -0.000295826	 1.10969	 -0.00891545	 0.106094	 -0.00127441
36.98	 -1.27396	 -0.000388809	 1.07432	 -0.00964685	 0.0456533	 -0.00119343
37	 -1.29279	 -0.000480907	 1.03784	 -0.0103589	 -0.0154712	 -0.00110787
37.02	 -1.31049	 -0.000571989	 1.00029	 -0.0110504	 -0.0771892	 -0.00101768
37.04	 -1.32703	 -0.000661919	 0.961743	 -0.01172	 -0.139407	 -0.00092281
37.06	 -1.34243	 -0.000750564	 0.922252	 -0.0123667	 -0.202028	 -0.000823222
37.08	 -1.35666	 -0.000837795	 0.881883	 -0.0129892	 -0.264952	 -0.000718895
37.1	 -1.36973	 -0.000923482	 0.8407	 -0.0135864	 -0.328078	 -0.000609825
37.12	 -1.38163	 -0.0010075	 0.798769	 -0.0141574	 -0.391303	 -0.000496029
37.14	 -1.39237	 -0.00108974	 0.756157	 -0.0147011	 -0.454528	 -0.000377547
37.16	 -1.40194	 -0.00117009	 0.712933	 -0.0152168	 -0.517652	 -0.000254431
37.18	 -1.41035	 -0.00124844	 0.669164	 -0.0157037	 -0.58058	 -0.000126755
37.2	 -1.41759	 -0.0013247	 0.624921	 -0.0161613	 -0.643218	 5.38653e-06
37.22	 -1.42367	 -0.00139879	 0.580274	 -0.016589	 -0.705471	 0.000141881
37.24	 -1.42859	 -0.00147061	 0.535294	 -0.0169862	 -0.767248	 0.000282607
37.26	 -1.43235	 -0.00154008	 0.490052	 -0.0173526	 -0.828454	 0.000427433
37.28	 -1.43496	 -0.00160711	 0.444621	 -0.0176876	 -0.888996	 0.000576213
37.3	 -1.43642	 -0.00167163	 0.399073	 -0.0179909	 -0.948782	 0.00072879
37.32	 -1.43675	 -0.00173357	 0.353481	 -0.0182624	 -1.00772	 0.000884991
37.34	 -1.43594	 -0.00179287	 0.307915	 -0.0185017	 -1.06573	 0.00104462
37.36	 -1.43401	 -0.00184946	 0.262446	 -0.0187089	 -1.12271	 0.00120748
37.38	 -1.43097	 -0.00190331	 0.217146	 -0.0188839	 -1.1786	 0.00137332
37.4	 -1.42682	 -0.00195438	 0.172083	 -0.0190271	 -1.23331	 0.00154191
37.42	 -1.42158	 -0.0020026	 0.127323	 -0.0191386	 -1.28679	 0.00171296
37.44	 -1.41526	 -0.00204795	 0.0829186	 -0.0192185	 -1.33899	 0.00188618
37.46	 -1.40789	 -0.00209037	 0.0389185	 -0.0192672	 -1.38989	 0.00206129
37.48	 -1.39949	 -0.00212984	 -0.00463266	 -0.0192849	 -1.43946	 0.00223803
37.5	 -1.39008	 -0.00216633	 -0.0476913	 -0.019272	 -1.48768	 0.0024161
37.52	 -1.37968	 -0.00219982	 -0.0902132	 -0.019229	 -1.53455	 0.00259522
37.54	 -1.36832	 -0.00223031	 -0.132152	 -0.0191564	 -1.58003	 0.00277507
37.56	 -1.35602	 -0.00225779	 -0.173462	 -0.0190547	 -1.62409	 0.00295534
37.58	 -1.34279	 -0.00228226	 -0.214094	 -0.0189247	 -1.66673	 0.00313569
37.6	 -1.32866	 -0.00230373	 -0.254001	 -0.0187672	 -1.7079	 0.00331581
37.62	 -1.31365	 -0.00232223	 -0.293138	 -0.0185828	 -1.74761	 0.00349535
37.64	 -1.29778	 -0.00233776	 -0.331462	 -0.0183724	 -1.78582	 0.00367398
37.66	 -1.28107	 -0.00235034	 -0.368932	 -0.0181369	 -1.82254	 0.00385136
37.68	 -1.26355	 -0.00236	 -0.40551	 -0.017877	 -1.85775	 0.00402718
37.7	 -1.24524	 -0.00236677	 -0.441158	 -0.0175936	 -1.89145	 0.0042011
37.72	 -1.22616	 -0.00237068	 -0.475841	 -0.0172877	 -1.92365	 0.0043728
37.74	 -1.20634	 -0.00237177	 -0.509527	 -0.0169602	 -1.95434	 0.00454194
37.76	 -1.1858	 -0.00237007	 -0.542183	 -0.0166122	 -1.98352	 0.0047082
37.78	 -1.16456	 -0.00236564	 -0.573777	 -0.0162445	 -2.0112	 0.00487125
37.8	 -1.14264	 -0.00235853	 -0.604281	 -0.0158584	 -2.03739	 0.00503077
37.82	 -1.12008	 -0.00234879	 -0.633667	 -0.0154548	 -2.0621	 0.00518642
37.84	 -1.09689	 -0.00233649	 -0.661909	 -0.015035	 -2.08533	 0.0053379
37.86	 -1.07309	 -0.00232168	 -0.688984	 -0.0145999	 -2.10711	 0.0054849
37.88	 -1.04872	 -0.00230443	 -0.714869	 -0.0141506	 -2.12744	 0.00562712
37.9	 -1.02378	 -0.0022848	 -0.739545	 -0.0136883	 -2.14636	 0.00576426
37.92	 -0.998313	 -0.00226287	 -0.762995	 -0.0132141	 -2.16387	 0.00589603
37.94	 -0.972333	 -0.0022387	 -0.785203	 -0.0127292	 -2.18	 0.00602215
37.96	 -0.945864	 -0.00221237	 -0.806154	 -0.0122345	 -2.19478	 0.00614235
37.98	 -0.91893	 -0.00218396	 -0.825838	 -0.0117312	 -2.20823	 0.00625637
38	 -0.891554	 -0.00215353	 -0.844245	 -0.0112204	 -2.22037	 0.00636396
38.02	 -0.863756	 -0.00212119	 -0.861366	 -0.0107033	 -2.23125	 0.00646488
38.04	 -0.835561	 -0.002087	 -0.877197	 -0.010181	 -2.24088	 0.00655888
38.06	 -0.806989	 -0.00205107	 -0.891733	 -0.00965453	 -2.2493	 0.00664575
38.08	 -0.778064	 -0.00201346	 -0.904973	 -0.00912502	 -2.25655	 0.00672528
38.1	 -0.748806	 -0.00197427	 -0.916918	 -0.00859352	 -2.26266	 0.00679727
38.12	 -0.719237	 -0.00193359	 -0.927569	 -0.00806107	 -2.26767	 0.00686154
38.14	 -0.689379	 -0.0018915	 -0.936932	 -0.0075287	 -2.27162	 0.00691791
38.16	 -0.659253	 -0.0018481	 -0.945013	 -0.00699738	 -2.27454	 0.00696624
38.18	 -0.628879	 -0.00180347	 -0.95182	 -0.00646808	 -2.27647	 0.00700637
38.2	 -0.598279	 -0.0017577	 -0.957364	 -0.00594175	 -2.27745	 0.00703819
38.22	 -0.567473	 -0.00171088	 -0.961657	 -0.00541931	 -2.27753	 0.00706157
38.24	 -0.536481	 -0.0016631	 -0.964714	 -0.00490166	 -2.27675	 0.00707641
38.26	 -0.505323	 -0.00161446	 -0.966551	 -0.00438966	 -2.27515	 0.00708264
38.28	 -0.474019	 -0.00156503	 -0.967185	 -0.00388415	 -2.27276	 0.00708017
38.3	 -0.442587	 -0.00151492	 -0.966638	 -0.00338596	 -2.26965	 0.00706895
38.32	 -0.411047	 -0.0014642	 -0.96493	 -0.00289587	 -2.26584	 0.00704893
38.34	 -0.379418	 -0.00141297	 -0.962086	 -0.00241462	 -2.2614	 0.00702008
38.36	 -0.347719	 -0.00136132	 -0.95813	 -0.00194292	 -2.25635	 0.0069824
38.38	 -0.315966	 -0.00130933	 -0.953089	 -0.00148149	 -2.25074	 0.00693587
38.4	 -0.284179	 -0.00125708	 -0.946992	 -0.00103092	 -2.24463	 0.00688052
38.42	 -0.252375	 -0.00120465	 -0.93987	 -0.000591834	 -2.23805	 0.00681639
38.44	 -0.220571	 -0.00115214	 -0.931753	 -0.000164797	 -2.23105	 0.00674351
38.46	 -0.188785	 -0.00109961	 -0.922676	 0.000249663	 -2.22367	 0.00666195
38.48	 -0.157032	 -0.00104715	 -0.912673	 0.000651063	 -2.21596	 0.00657179
38.5	 -0.12533	 -0.00099482	 -0.901779	 0.00103895	 -2.20796	 0.00647312
38.52	 -0.093694	 -0.000942709	 -0.890033	 0.0014129	 -2.19972	 0.00636604
38.54	 -0.0621402	 -0.000890883	 -0.877473	 0.00177256	 -2.19128	 0.00625068
38.56	 -0.0306838	 -0.00083941	 -0.864139	 0.00211757	 -2.18268	 0.00612716
38.58	 0.00065994	 -0.000788359	 -0.850073	 0.00244765	 -2.17397	 0.00599564
38.6	 0.0318763	 -0.000737794	 -0.835316	 0.00276253	 -2.16518	 0.00585628
38.62	 0.0629509	 -0.000687777	 -0.819912	 0.00306199	 -2.15636	 0.00570925
38.64	 0.0938696	 -0.000638367	 -0.803904	 0.00334586	 -2.14754	 0.00555474
38.66	 0.124619	 -0.000589621	 -0.787339	 0.00361399	 -2.13878	 0.00539294
38.68	 0.155185	 -0.000541594	 -0.770262	 0.00386627	 -2.13009	 0.00522408
38.7	 0.185555	 -0.000494337	 -0.75272	 0.00410265	 -2.12154	 0.00504837
38.72	 0.215716	 -0.000447898	 -0.73476	 0.00432309	 -2.11314	 0.00486605
38.74	 0.245655	 -0.000402321	 -0.71643	 0.00452762	 -2.10494	 0.00467738
38.76	 0.275361	 -0.000357651	 -0.69778	 0.00471627	 -2.09696	 0.0044826
38.78	 0.304822	 -0.000313924	 -0.678858	 0.00488913	 -2.08926	 0.00428198
38.8	 0.334026	 -0.000271183	 -0.659714	 0.00504634	 -2.08185	 0.00407582
38.82	 0.362956	 -0.000229445	 -0.640412	 0.00518804	 -2.0748	 0.00386437
38.84	 0.391594	 -0.00018873	 -0.621017	 0.00531445	 -2.06818	 0.00364791
38.86	 0.41992	 -0.00014906	 -0.6016	 0.0054258	 -2.06205	 0.00342673
38.88	 0.447912	 -0.000110444	 -0.582235	 0.00552238	 -2.0565	 0.00320113
38.9	 0.475551	 -7.28895e-05	 -0.562992	 0.00560447	 -2.05158	 0.0029714
38.92	 0.502818	 -3.6407e-05	 -0.54394	 0.00567242	 -2.04737	 0.00273786
38.94	 0.529693	 -1.00006e-06	 -0.525146	 0.00572657	 -2.04392	 0.00250081
38.96	 0.55616	 3.33277e-05	 -0.506675	 0.00576732	 -2.04129	 0.00226059
38.98	 0.5822	 6.65743e-05	 -0.488591	 0.00579508	 -2.03953	 0.00201753
39	 0.607797	 9.87424e-05	 -0.470957	 0.00581028	 -2.03868	 0.00177196
39.02	 0.632934	 0.000129836	 -0.453838	 0.00581339	 -2.03881	 0.00152421
39.04	 0.657593	 0.000159864	 -0.437296	 0.0058049	 -2.03996	 0.00127464
39.06	 0.681757	 0.000188838	 -0.421397	 0.00578531	 -2.04217	 0.00102359
39.08	 0.705409	 0.000216771	 -0.406203	 0.00575516	 -2.04551	 0.000771393
39.1	 0.728532	 0.000243681	 -0.391777	 0.00571497	 -2.05001	 0.000518407
39.12	 0.751112	 0.000269588	 -0.37818	 0.00566531	 -2.05571	 0.000264974
39.14	 0.773133	 0.000294517	 -0.365472	 0.00560676	 -2.06267	 1.14406e-05
39.16	 0.79458	 0.000318489	 -0.353711	 0.00553989	 -2.07091	 -0.000241841
39.18	 0.815439	 0.000341528	 -0.342953	 0.0054653	 -2.08047	 -0.000494519
39.2	 0.835697	 0.000363658	 -0.333251	 0.00538359	 -2.09138	 -0.000746239
39.22	 0.855341	 0.000384907	 -0.324657	 0.00529539	 -2.10366	 -0.00099665
39.24	 0.874358	 0.000405301	 -0.317218	 0.0052013	 -2.11734	 -0.0012454
39.26	 0.892735	 0.000424872	 -0.310982	 0.00510196	 -2.13243	 -0.00149215
39.28	 0.910461	 0.000443651	 -0.30599	 0.00499798	 -2.14894	 -0.00173656
39.3	 0.927523	 0.000461675	 -0.302286	 0.00488999	 -2.16689	 -0.0019783
39.32	 0.943912	 0.000478978	 -0.299907	 0.00477862	 -2.18628	 -0.00221702
39.34	 0.959618	 0.000495595	 -0.298891	 0.00466448	 -2.20711	 -0.00245241
39.36	 0.97463	 0.000511558	 -0.299275	 0.0045482	 -2.22939	 -0.00268414
39.38	 0.98894	 0.000526904	 -0.301089	 0.00443038	 -2.25312	 -0.00291189
39.4	 1.00254	 0.000541668	 -0.304363	 0.00431164	 -2.27828	 -0.00313534
39.42	 1.01542	 0.000555888	 -0.309125	 0.00419256	 -2.30487	 -0.00335419
39.44	 1.02757	 0.000569601	 -0.315396	 0.00407373	 -2.33287	 -0.00356815
39.46	 1.03898	 0.000582849	 -0.323197	 0.00395573	 -2.36225	 -0.00377695
39.48	 1.04966	 0.000595674	 -0.332545	 0.00383911	 -2.39301	 -0.00398031
39.5	 1.05959	 0.00060812	 -0.343453	 0.00372442	 -2.4251	 -0.00417797
39.52	 1.06876	 0.000620208	 -0.355934	 0.00361158	 -2.4585	 -0.0043698
39.54	 1.07718	 0.000631986	 -0.369997	 0.00350068	 -2.49317	 -0.00455567
39.56	 1.08484	 0.000643521	 -0.385649	 0.00339231	 -2.52907	 -0.00473538
39.58	 1.09175	 0.000654859	 -0.402894	 0.00328684	 -2.56616	 -0.00490873
39.6	 1.0979	 0.000666032	 -0.421734	 0.00318466	 -2.60438	 -0.00507549
39.62	 1.10329	 0.000677075	 -0.442166	 0.00308612	 -2.64368	 -0.00523547
39.64	 1.10792	 0.000688019	 -0.464186	 0.00299157	 -2.68401	 -0.00538848
39.66	 1.1118	 0.000698902	 -0.487785	 0.00290134	 -2.7253	 -0.00553434
39.68	 1.11492	 0.000709763	 -0.512952	 0.00281576	 -2.7675	 -0.00567292
39.7	 1.11728	 0.000720642	 -0.539671	 0.00273512	 -2.81055	 -0.00580408
39.72	 1.11889	 0.00073158	 -0.567927	 0.00265971	 -2.85439	 -0.00592771
39.74	 1.11974	 0.000742619	 -0.597699	 0.00258976	 -2.89894	 -0.0060437
39.76	 1.11983	 0.000753795	 -0.628963	 0.00252552	 -2.94413	 -0.00615195
39.78	 1.11918	 0.000765145	 -0.661695	 0.00246719	 -2.9899	 -0.00625238
39.8	 1.11777	 0.000776704	 -0.695867	 0.00241495	 -3.03617	 -0.0063449
39.82	 1.11562	 0.000788507	 -0.731448	 0.00236896	 -3.08287	 -0.00642948
39.84	 1.11272	 0.000800586	 -0.768405	 0.00232937	 -3.12991	 -0.00650605
39.86	 1.10909	 0.000812973	 -0.806702	 0.00229628	 -3.17723	 -0.00657459
39.88	 1.10472	 0.000825699	 -0.846302	 0.00226979	 -3.22474	 -0.00663508
39.9	 1.09961	 0.000838791	 -0.887164	 0.00224996	 -3.27235	 -0.00668753
39.92	 1.09378	 0.00085228	 -0.929245	 0.00223683	 -3.32	 -0.00673193
39.94	 1.08722	 0.00086619	 -0.972502	 0.00223041	 -3.3676	 -0.00676833
39.96	 1.07994	 0.000880547	 -1.01689	 0.00223068	 -3.41507	 -0.00679674
39.98	 1.07195	 0.000895373	 -1.06235	 0.00223762	 -3.46232	 -0.00681723
40	 1.06325	 0.000910692	 -1.10885	 0.00225115	 -3.50928	 -0.00682986
40.02	 1.05385	 0.000926522	 -1.15633	 0.00227119	 -3.55586	 -0.00683472
40.04	 1.04375	 0.000942884	 -1.20473	 0.00229763	 -3.60198	 -0.00683188
40.06	 1.03296	 0.000959797	 -1.25401	 0.00233033	 -3.64756	 -0.00682147
40.08	 1.02148	 0.000977278	 -1.3041	 0.00236915	 -3.69252	 -0.0068036
40.1	 1.00933	 0.000995348	 -1.35495	 0.00241389	 -3.73678	 -0.00677842
40.12	 0.996505	 0.00101404	 -1.4065	 0.00246436	 -3.78027	 -0.0067461
40.14	 0.983019	 0.00103356	 -1.45871	 0.00252031	 -3.82293	 -0.00670722
40.16	 0.968877	 0.00105393	 -1.51153	 0.00258146	 -3.86472	 -0.00666193
40.18	 0.954087	 0.00107514	 -1.56492	 0.00264752	 -3.9056	 -0.00661034
40.2	 0.938658	 0.00109713	 -1.61883	 0.00271821	 -3.94552	 -0.00655253
40.22	 0.922597	 0.00111984	 -1.67321	 0.00279325	 -3.98444	 -0.00648854
40.24	 0.905912	 0.00114318	 -1.72802	 0.00287238	 -4.02233	 -0.00641847
40.26	 0.888616	 0.00116676	 -1.78321	 0.00295535	 -4.05914	 -0.00634172
40.28	 0.870719	 0.00119043	 -1.83874	 0.00304192	 -4.09485	 -0.00625831
40.3	 0.852234	 0.00121409	 -1.89456	 0.00313183	 -4.12943	 -0.00616835
40.32	 0.833176	 0.00123771	 -1.95062	 0.00322475	 -4.16285	 -0.00607207
40.34	 0.813556	 0.00126128	 -2.00688	 0.00332031	 -4.19509	 -0.00596973
40.36	 0.793386	 0.00128479	 -2.0633	 0.00341805	 -4.22613	 -0.00586159
40.38	 0.772681	 0.00130822	 -2.11983	 0.00351752	 -4.25594	 -0.00574786
40.4	 0.751452	 0.00133151	 -2.17642	 0.00361825	 -4.28449	 -0.0056287
40.42	 0.729712	 0.0013546	 -2.23302	 0.00371979	 -4.31178	 -0.00550425
40.44	 0.707476	 0.0013774	 -2.28959	 0.00382172	 -4.33777	 -0.00537469
40.46	 0.684758	 0.00139986	 -2.34608	 0.0039234	 -4.36246	 -0.00524041
40.48	 0.661576	 0.00142184	 -2.40243	 0.00402512	 -4.38583	 -0.00510109
40.5	 0.637943	 0.00144329	 -2.45861	 0.00412572	 -4.40785	 -0.00495728
40.52	 0.613872	 0.00146417	 -2.51457	 0.00422479	 -4.42852	 -0.00480937
40.54	 0.589379	 0.00148442	 -2.57025	 0.0043222	 -4.44783	 -0.0046574
40.56	 0.564477	 0.00150397	 -2.62562	 0.00441731	 -4.46575	 -0.00450163
40.58	 0.539181	 0.00152274	 -2.68063	 0.00450956	 -4.48229	 -0.00434234
40.6	 0.513505	 0.00154068	 -2.73522	 0.00459852	 -4.49744	 -0.00417971
40.62	 0.487466	 0.00155772	 -2.78937	 0.00468365	 -4.51118	 -0.004014
40.64	 0.461072	 0.0015738	 -2.84302	 0.00476445	 -4.52354	 -0.00384551
40.66	 0.434328	 0.00158889	 -2.89616	 0.00484044	 -4.53453	 -0.00367449
40.68	 0.407238	 0.00160292	 -2.94876	 0.00491113	 -4.5442	 -0.0035012
40.7	 0.379806	 0.00161629	 -3.0008	 0.00497949	 -4.55256	 -0.00332563
40.72	 0.352035	 0.00162893	 -3.05225	 0.00504399	 -4.55965	 -0.00314818
40.74	 0.323931	 0.00164085	 -3.10309	 0.00510431	 -4.56548	 -0.00296908
40.76	 0.295501	 0.00165202	 -3.15331	 0.00516015	 -4.57007	 -0.00278857
40.78	 0.266753	 0.00166243	 -3.20287	 0.00521128	 -4.57343	 -0.00260689
40.8	 0.237694	 0.00167199	 -3.25176	 0.0052575	 -4.57558	 -0.00242422
40.82	 0.208334	 0.00168072	 -3.29994	 0.00529862	 -4.57652	 -0.0022409
40.84	 0.178681	 0.00168856	 -3.3474	 0.00533443	 -4.57629	 -0.00205714
40.86	 0.148741	 0.00169539	 -3.3941	 0.00536468	 -4.57489	 -0.00187298
40.88	 0.118524	 0.00170117	 -3.44002	 0.00538914	 -4.57234	 -0.00168863
40.9	 0.0880363	 0.00170601	 -3.48514	 0.00540753	 -4.56866	 -0.00150458
40.92	 0.0572861	 0.00170993	 -3.52944	 0.00541956	 -4.56389	 -0.00132113
40.94	 0.0262814	 0.00171294	 -3.57289	 0.00542494	 -4.55803	 -0.00113857
40.96	 -0.00496928	 0.0017151	 -3.61549	 0.00542338	 -4.5511	 -0.00095727
40.98	 -0.0364576	 0.00171633	 -3.65721	 0.0054146	 -4.54314	 -0.000777296
41	 -0.0681747	 0.00171663	 -3.69802	 0.00539836	 -4.53414	 -0.000598909
41.02	 -0.100112	 0.00171599	 -3.73792	 0.00537444	 -4.52413	 -0.000422356
41.04	 -0.13226	 0.00171432	 -3.77687	 0.00534263	 -4.51314	 -0.00024775
41.06	 -0.164611	 0.00171161	 -3.81487	 0.0053027	 -4.50116	 -7.52683e-05
41.08	 -0.197154	 0.00170785	 -3.8519	 0.00525445	 -4.48823	 9.48166e-05
41.1	 -0.229882	 0.00170304	 -3.88793	 0.00519765	 -4.47436	 0.0002623
41.12	 -0.262784	 0.00169716	 -3.92295	 0.00513206	 -4.45956	 0.000427012
41.14	 -0.295852	 0.00169022	 -3.95696	 0.00505746	 -4.44385	 0.000588757
41.16	 -0.329076	 0.0016822	 -3.98992	 0.00497362	 -4.42725	 0.000747371
41.18	 -0.362447	 0.0016731	 -4.02184	 0.00488033	 -4.40976	 0.000902756
41.2	 -0.395955	 0.00166288	 -4.05269	 0.0047774	 -4.3914	 0.00105483
41.22	 -0.429592	 0.00165153	 -4.08246	 0.00466467	 -4.37218	 0.00120358
41.24	 -0.463348	 0.00163971	 -4.11114	 0.00455267	 -4.3521	 0.001354
41.26	 -0.497215	 0.0016269	 -4.13871	 0.0044356	 -4.33114	 0.00150623
41.28	 -0.531185	 0.00161314	 -4.16518	 0.00431302	 -4.30929	 0.00166065
41.3	 -0.565251	 0.00159856	 -4.19051	 0.00418507	 -4.28651	 0.00181691
41.32	 -0.599402	 0.00158326	 -4.21471	 0.00405236	 -4.2628	 0.00197438
41.34	 -0.633629	 0.00156732	 -4.23777	 0.00391552	 -4.23814	 0.0021325
41.36	 -0.667922	 0.00155072	 -4.25967	 0.00377498	 -4.21252	 0.00229099
41.38	 -0.702272	 0.00153338	 -4.28041	 0.00363061	 -4.18593	 0.00244987
41.4	 -0.736666	 0.00151358	 -4.29999	 0.00346911	 -4.15836	 0.00260944
41.42	 -0.771096	 0.0014927	 -4.3184	 0.00330351	 -4.12981	 0.00277057
41.44	 -0.805551	 0.00147132	 -4.33563	 0.00313756	 -4.10027	 0.00293276
41.46	 -0.840019	 0.0014492	 -4.35168	 0.00296744	 -4.06974	 0.00309549
41.48	 -0.874491	 0.00142643	 -4.36655	 0.00279321	 -4.03819	 0.00325869
41.5	 -0.908954	 0.00140326	 -4.38023	 0.00261663	 -4.00563	 0.00342233
41.52	 -0.943397	 0.00137956	 -4.39273	 0.00243641	 -3.97203	 0.00358628
41.54	 -0.977807	 0.00135509	 -4.40403	 0.00225172	 -3.93741	 0.00375078
41.56	 -1.01217	 0.00132987	 -4.41415	 0.00206266	 -3.90174	 0.00391579
41.58	 -1.04648	 0.001304	 -4.42309	 0.00187039	 -3.86502	 0.0040813
41.6	 -1.08072	 0.00127751	 -4.43084	 0.00167499	 -3.82724	 0.00424718
41.62	 -1.11488	 0.00125036	 -4.43742	 0.00147585	 -3.78841	 0.00441334
41.64	 -1.14894	 0.00122258	 -4.44281	 0.00127301	 -3.74851	 0.00457976
41.66	 -1.1829	 0.00119423	 -4.44704	 0.00106684	 -3.70754	 0.00474642
41.68	 -1.21673	 0.00116539	 -4.4501	 0.000858161	 -3.66549	 0.00491346
41.7	 -1.25042	 0.00113596	 -4.452	 0.000645595	 -3.62236	 0.00508066
41.72	 -1.28396	 0.00110599	 -4.45275	 0.000429601	 -3.57816	 0.00524799
41.74	 -1.31734	 0.00107549	 -4.45235	 0.00021036	 -3.53287	 0.00541539
41.76	 -1.35054	 0.00104448	 -4.45082	 -1.20885e-05	 -3.48649	 0.00558281
41.78	 -1.38355	 0.00101289	 -4.44817	 -0.00023862	 -3.43902	 0.00575
41.8	 -1.41635	 0.000980896	 -4.4444	 -0.000467235	 -3.39047	 0.00591726
41.82	 -1.44892	 0.000948597	 -4.43953	 -0.000696841	 -3.34084	 0.00608486
41.84	 -1.48125	 0.000915706	 -4.43357	 -0.000931072	 -3.29012	 0.00625212
41.86	 -1.51333	 0.000882395	 -4.42653	 -0.00116818	 -3.23832	 0.0064192
41.88	 -1.54513	 0.000848698	 -4.41843	 -0.0014079	 -3.18544	 0.00658604
41.9	 -1.57666	 0.000814565	 -4.40928	 -0.00165091	 -3.13149	 0.00675245
41.92	 -1.60788	 0.000780091	 -4.3991	 -0.00189618	 -3.07647	 0.00691853
41.94	 -1.63878	 0.000745296	 -4.3879	 -0.00214355	 -3.0204	 0.00708431
41.96	 -1.66935	 0.000710128	 -4.37569	 -0.00239379	 -2.96327	 0.00724964
41.98	 -1.69957	 0.000674616	 -4.3625	 -0.00264672	 -2.90509	 0.00741446
42	 -1.72942	 0.000638819	 -4.34835	 -0.00290188	 -2.84589	 0.00757876
42.02	 -1.7589	 0.000602756	 -4.33325	 -0.00315918	 -2.78566	 0.00774247
42.04	 -1.78797	 0.000566436	 -4.31722	 -0.00341869	 -2.72443	 0.00790554
42.06	 -1.81663	 0.000529882	 -4.30029	 -0.0036803	 -2.66221	 0.0080679
42.08	 -1.84487	 0.000493122	 -4.28246	 -0.00394386	 -2.59901	 0.00822951
42.1	 -1.87265	 0.000456179	 -4.26377	 -0.00420923	 -2.53485	 0.00839032
42.12	 -1.89997	 0.000419072	 -4.24423	 -0.00447637	 -2.46975	 0.00855029
42.14	 -1.92682	 0.000381824	 -4.22387	 -0.00474516	 -2.40374	 0.00870934
42.16	 -1.95317	 0.000344459	 -4.20271	 -0.00501549	 -2.33683	 0.00886744
42.18	 -1.97901	 0.000307002	 -4.18077	 -0.00528724	 -2.26904	 0.00902453
42.2	 -2.00432	 0.000269475	 -4.15807	 -0.00556031	 -2.20041	 0.00918055
42.22	 -2.0291	 0.0002319	 -4.13465	 -0.00583461	 -2.13095	 0.00933545
42.24	 -2.05331	 0.000194303	 -4.11052	 -0.00611001	 -2.0607	 0.00948919
42.26	 -2.07695	 0.000156705	 -4.0857	 -0.00638641	 -1.98968	 0.0096417
42.28	 -2.10001	 0.000119131	 -4.06023	 -0.0066637	 -1.91791	 0.00979294
42.3	 -2.12246	 8.1603e-05	 -4.03413	 -0.00694177	 -1.84544	 0.00994287
42.32	 -2.14429	 4.41457e-05	 -4.00741	 -0.00722049	 -1.77229	 0.0100914
42.34	 -2.16549	 6.78274e-06	 -3.98012	 -0.00749977	 -1.6985	 0.0102386
42.36	 -2.18605	 -3.04625e-05	 -3.95227	 -0.00777947	 -1.62408	 0.0103842
42.38	 -2.20594	 -6.75665e-05	 -3.9239	 -0.00805949	 -1.54909	 0.0105284
42.4	 -2.22516	 -0.000104505	 -3.89501	 -0.0083397	 -1.47354	 0.010671
42.42	 -2.24369	 -0.000141255	 -3.86566	 -0.00861997	 -1.39748	 0.0108119
42.44	 -2.26152	 -0.000177793	 -3.83585	 -0.00890019	 -1.32095	 0.0109513
42.46	 -2.27864	 -0.000214095	 -3.80561	 -0.00918022	 -1.24396	 0.0110889
42.48	 -2.29503	 -0.000250138	 -3.77498	 -0.00945994	 -1.16657	 0.0112247
42.5	 -2.31068	 -0.000285898	 -3.74397	 -0.00973922	 -1.08881	 0.0113588
42.52	 -2.32558	 -0.000321354	 -3.71262	 -0.0100179	 -1.01071	 0.0114911
42.54	 -2.33972	 -0.000356481	 -3.68095	 -0.0102959	 -0.932314	 0.0116215
42.56	 -2.35308	 -0.000391257	 -3.64898	 -0.0105731	 -0.853662	 0.01175
42.58	 -2.36566	 -0.000425661	 -3.61675	 -0.0108493	 -0.77479	 0.0118765
42.6	 -2.37745	 -0.000459671	 -3.58428	 -0.0111243	 -0.695738	 0.0120011
42.62	 -2.38843	 -0.000493265	 -3.5516	 -0.0113982	 -0.616545	 0.0121236
42.64	 -2.3986	 -0.000526423	 -3.51872	 -0.0116706	 -0.53725	 0.0122441
42.66	 -2.40794	 -0.000559124	 -3.48568	 -0.0119415	 -0.457894	 0.0123625
42.68	 -2.41645	 -0.000591348	 -3.4525	 -0.0122108	 -0.378516	 0.0124788
42.7	 -2.42412	 -0.000623076	 -3.41921	 -0.0124783	 -0.299157	 0.012593
42.72	 -2.43095	 -0.000654291	 -3.38584	 -0.0127438	 -0.219857	 0.012705
42.74	 -2.43692	 -0.000684972	 -3.35239	 -0.0130072	 -0.140657	 0.0128148
42.76	 -2.44203	 -0.000715105	 -3.31891	 -0.0132684	 -0.0615967	 0.0129224
42.78	 -2.44626	 -0.000744673	 -3.28542	 -0.0135273	 0.0172825	 0.0130278
42.8	 -2.44963	 -0.000773659	 -3.25193	 -0.0137836	 0.0959402	 0.0131309
42.82	 -2.45211	 -0.00080205	 -3.21847	 -0.0140372	 0.174336	 0.0132317
42.84	 -2.45371	 -0.000829832	 -3.18507	 -0.014288	 0.25243	 0.0133303
42.86	 -2.45442	 -0.000856992	 -3.15174	 -0.0145359	 0.33018	 0.0134266
42.88	 -2.45424	 -0.000883518	 -3.11852	 -0.0147807	 0.407548	 0.0135206
42.9	 -2.45316	 -0.000909401	 -3.08541	 -0.0150222	 0.484494	 0.0136122
42.92	 -2.45118	 -0.000934632	 -3.05245	 -0.0152604	 0.560977	 0.0137016
42.94	 -2.4483	 -0.000959193	 -3.01965	 -0.0154949	 0.636957	 0.0137887
42.96	 -2.44452	 -0.000983079	 -2.98703	 -0.0157257	 0.712397	 0.0138735
42.98	 -2.43983	 -0.0010063	 -2.95461	 -0.0159527	 0.787257	 0.013956
43	 -2.43424	 -0.00102885	 -2.92242	 -0.0161757	 0.861497	 0.0140362
43.02	 -2.42774	 -0.00105072	 -2.89047	 -0.0163946	 0.935081	 0.0141141
43.04	 -2.42033	 -0.00107191	 -2.85878	 -0.0166093	 1.00797	 0.0141898
43.06	 -2.41202	 -0.00109242	 -2.82736	 -0.0168196	 1.08012	 0.0142632
43.08	 -2.40281	 -0.00111226	 -2.79625	 -0.0170254	 1.15151	 0.0143344
43.1	 -2.39269	 -0.00113142	 -2.76544	 -0.0172264	 1.22208	 0.0144033
43.12	 -2.38168	 -0.0011499	 -2.73496	 -0.0174227	 1.29181	 0.0144701
43.14	 -2.36977	 -0.00116771	 -2.70483	 -0.017614	 1.36066	 0.0145347
43.16	 -2.35696	 -0.00118484	 -2.67506	 -0.0178001	 1.4286	 0.0145971
43.18	 -2.34327	 -0.0012013	 -2.64567	 -0.0179811	 1.49558	 0.0146575
43.2	 -2.3287	 -0.00121709	 -2.61666	 -0.0181566	 1.56157	 0.0147157
43.22	 -2.31324	 -0.00123221	 -2.58806	 -0.0183266	 1.62655	 0.0147718
43.24	 -2.29692	 -0.00124667	 -2.55988	 -0.018491	 1.69046	 0.0148259
43.26	 -2.27973	 -0.00126047	 -2.53213	 -0.0186496	 1.75329	 0.0148779
43.28	 -2.26168	 -0.0012736	 -2.50482	 -0.0188022	 1.815	 0.0149279
43.3	 -2.24278	 -0.00128608	 -2.47797	 -0.0189488	 1.87555	 0.014976
43.32	 -2.22304	 -0.00129789	 -2.45158	 -0.0190893	 1.93491	 0.015022
43.34	 -2.20247	 -0.00130905	 -2.42567	 -0.0192234	 1.99307	 0.0150661
43.36	 -2.18107	 -0.00131954	 -2.40024	 -0.0193511	 2.04997	 0.0151083
43.38	 -2.15886	 -0.00132936	 -2.37531	 -0.0194723	 2.1056	 0.0151485
43.4	 -2.13584	 -0.00133851	 -2.35088	 -0.0195869	 2.15993	 0.0151868
43.42	 -2.11203	 -0.00134699	 -2.32697	 -0.0196947	 2.21294	 0.0152232
43.44	 -2.08744	 -0.00135478	 -2.30357	 -0.0197957	 2.26459	 0.0152578
43.46	 -2.06208	 -0.0013619	 -2.2807	 -0.0198897	 2.31486	 0.0152904
43.48	 -2.03597	 -0.00136832	 -2.25836	 -0.0199766	 2.36373	 0.0153212
43.5	 -2.00911	 -0.00137405	 -2.23655	 -0.0200564	 2.41117	 0.01535
43.52	 -1.98151	 -0.00137908	 -2.21527	 -0.020129	 2.45717	 0.0153771
43.54	 -1.95321	 -0.00138339	 -2.19454	 -0.0201942	 2.50172	 0.0154022
43.56	 -1.9242	 -0.00138699	 -2.17435	 -0.0202521	 2.54478	 0.0154255
43.58	 -1.8945	 -0.00138987	 -2.1547	 -0.0203024	 2.58634	 0.015447
43.6	 -1.86413	 -0.00139201	 -2.13559	 -0.0203452	 2.6264	 0.0154666
43.62	 -1.83311	 -0.00139341	 -2.11702	 -0.0203803	 2.66494	 0.0154844
43.64	 -1.80144	 -0.00139406	 -2.09899	 -0.0204077	 2.70194	 0.0155003
43.66	 -1.76915	 -0.00139394	 -2.08149	 -0.0204274	 2.73741	 0.0155143
43.68	 -1.73626	 -0.00139306	 -2.06453	 -0.0204392	 2.77132	 0.0155265
43.7	 -1.70277	 -0.0013914	 -2.04809	 -0.0204432	 2.80369	 0.0155368
43.72	 -1.66871	 -0.00138895	 -2.03217	 -0.0204393	 2.83449	 0.0155453
43.74	 -1.63409	 -0.00138569	 -2.01675	 -0.0204274	 2.86375	 0.0155519
43.76	 -1.59893	 -0.00138162	 -2.00184	 -0.0204074	 2.89144	 0.0155566
43.78	 -1.56325	 -0.00137672	 -1.98742	 -0.0203795	 2.91759	 0.0155594
43.8	 -1.52707	 -0.00137097	 -1.97348	 -0.0203435	 2.94219	 0.0155603
43.82	 -1.49041	 -0.00136436	 -1.96001	 -0.0202994	 2.96525	 0.0155592
43.84	 -1.45328	 -0.00135688	 -1.947	 -0.0202472	 2.98678	 0.0155562
43.86	 -1.4157	 -0.0013485	 -1.93442	 -0.0201869	 3.00679	 0.0155513
43.88	 -1.3777	 -0.00133921	 -1.92227	 -0.0201184	 3.0253	 0.0155444
43.9	 -1.33928	 -0.00132901	 -1.91053	 -0.0200418	 3.04232	 0.0155354
43.92	 -1.30048	 -0.00131786	 -1.89918	 -0.0199571	 3.05787	 0.0155245
43.94	 -1.2613	 -0.00130575	 -1.8882	 -0.0198643	 3.07197	 0.0155115
43.96	 -1.22177	 -0.00129267	 -1.87758	 -0.0197633	 3.08464	 0.0154964
43.98	 -1.1819	 -0.0012786	 -1.86728	 -0.0196542	 3.09591	 0.0154793
44	 -1.14173	 -0.00126353	 -1.8573	 -0.0195371	 3.10579	 0.0154601
44.02	 -1.10125	 -0.00124745	 -1.8476	 -0.0194118	 3.11433	 0.0154388
44.04	 -1.0605	 -0.00123034	 -1.83817	 -0.0192786	 3.12154	 0.0154153
44.06	 -1.01949	 -0.0012122	 -1.82898	 -0.0191373	 3.12747	 0.0153898
44.08	 -0.978241	 -0.00119301	 -1.82001	 -0.018988	 3.13213	 0.0153621
44.1	 -0.936773	 -0.00117277	 -1.81123	 -0.0188308	 3.13556	 0.0153322
44.12	 -0.895104	 -0.00115146	 -1.80262	 -0.0186656	 3.1378	 0.0153003
44.14	 -0.853253	 -0.00112909	 -1.79414	 -0.0184926	 3.13888	 0.0152662
44.16	 -0.811238	 -0.00110564	 -1.78578	 -0.0183117	 3.13884	 0.0152299
44.18	 -0.76908	 -0.00108112	 -1.7775	 -0.0181231	 3.13772	 0.0151915
44.2	 -0.726796	 -0.00105551	 -1.76928	 -0.0179268	 3.13556	 0.0151509
44.22	 -0.684404	 -0.00102882	 -1.76108	 -0.0177228	 3.13239	 0.0151082
44.24	 -0.641924	 -0.00100105	 -1.75289	 -0.0175112	 3.12826	 0.0150634
44.26	 -0.599374	 -0.000972185	 -1.74467	 -0.0172921	 3.12321	 0.0150165
44.28	 -0.556771	 -0.00094224	 -1.73639	 -0.0170655	 3.11729	 0.0149674
44.3	 -0.514128	 -0.000911268	 -1.72802	 -0.0168291	 3.11052	 0.0149171
44.32	 -0.471445	 -0.000879392	 -1.71954	 -0.0165836	 3.10295	 0.0148659
44.34	 -0.428716	 -0.000846664	 -1.71095	 -0.0163292	 3.0946	 0.0148137
44.36	 -0.385931	 -0.000813067	 -1.70222	 -0.0160662	 3.0855	 0.0147605
44.38	 -0.343083	 -0.00077856	 -1.69334	 -0.0157944	 3.07569	 0.0147062
44.4	 -0.300169	 -0.000743118	 -1.68429	 -0.0155143	 3.06521	 0.0146507
44.42	 -0.257185	 -0.000706744	 -1.67505	 -0.015226	 3.0541	 0.0145938
44.44	 -0.214131	 -0.000669461	 -1.6656	 -0.01493	 3.04241	 0.0145356
44.46	 -0.171008	 -0.000631241	 -1.65593	 -0.0146259	 3.03018	 0.0144761
44.48	 -0.127815	 -0.000592126	 -1.64601	 -0.014314	 3.01745	 0.0144155
44.5	 -0.0845501	 -0.00055213	 -1.63582	 -0.0139946	 3.00424	 0.0143537
44.52	 -0.0412126	 -0.000511407	 -1.62534	 -0.0136688	 2.99062	 0.0142907
44.54	 0.00220085	 -0.000469802	 -1.61455	 -0.0133354	 2.9766	 0.0142266
44.56	 0.0456933	 -0.000427356	 -1.60344	 -0.0129948	 2.96224	 0.0141613
44.58	 0.0892677	 -0.000384118	 -1.59197	 -0.0126476	 2.94758	 0.0140948
44.6	 0.132927	 -0.000339682	 -1.58014	 -0.0122906	 2.93266	 0.0140273
44.62	 0.176673	 -0.00029482	 -1.56792	 -0.0119308	 2.91752	 0.0139588
44.64	 0.220509	 -0.000249138	 -1.5553	 -0.0115642	 2.90222	 0.013889
44.66	 0.264438	 -0.000202674	 -1.54225	 -0.0111911	 2.88679	 0.0138182
44.68	 0.30846	 -0.00015564	 -1.52877	 -0.0108139	 2.87127	 0.0137461
44.7	 0.35258	 -0.000108048	 -1.51482	 -0.0104329	 2.8557	 0.0136725
44.72	 0.396799	 -5.97694e-05	 -1.5004	 -0.0100459	 2.84014	 0.0135977
44.74	 0.441119	 -1.08014e-05	 -1.48548	 -0.00965375	 2.8246	 0.0135219
44.76	 0.48554	 3.86741e-05	 -1.47007	 -0.00925743	 2.80911	 0.0134451
44.78	 0.530062	 8.86385e-05	 -1.45414	 -0.00885694	 2.79371	 0.0133676
44.8	 0.57468	 0.000139166	 -1.43771	 -0.00845251	 2.7784	 0.0132891
44.82	 0.619389	 0.000190053	 -1.42078	 -0.00804457	 2.76316	 0.0132098
44.84	 0.664181	 0.000241244	 -1.40335	 -0.00763334	 2.74799	 0.0131297
44.86	 0.709048	 0.000292698	 -1.38544	 -0.00721892	 2.73287	 0.0130489
44.88	 0.753978	 0.000344363	 -1.36706	 -0.0068017	 2.71779	 0.0129674
44.9	 0.798961	 0.000396198	 -1.34822	 -0.0063821	 2.70272	 0.0128852
44.92	 0.843983	 0.000448156	 -1.32893	 -0.00596044	 2.68766	 0.0128022
44.94	 0.889032	 0.000500194	 -1.30922	 -0.00553709	 2.67256	 0.0127185
44.96	 0.934092	 0.000552259	 -1.28909	 -0.00511246	 2.65741	 0.0126341
44.98	 0.979145	 0.000604289	 -1.26858	 -0.004687	 2.64216	 0.012549
45	 1.02417	 0.000656214	 -1.2477	 -0.00426116	 2.62676	 0.0124632
45.02	 1.06916	 0.000707963	 -1.22648	 -0.00383539	 2.61119	 0.0123767
45.04	 1.11408	 0.000759459	 -1.20495	 -0.00341016	 2.59537	 0.0122894
45.06	 1.15892	 0.000810617	 -1.18315	 -0.00298601	 2.57926	 0.0122014
45.08	 1.20366	 0.000861346	 -1.16109	 -0.00256352	 2.56281	 0.0121126
45.1	 1.24827	 0.000911544	 -1.13882	 -0.00214332	 2.54596	 0.012023
45.12	 1.29275	 0.000961102	 -1.11636	 -0.00172607	 2.52866	 0.0119325
45.14	 1.33708	 0.0010099	 -1.09376	 -0.00131249	 2.51085	 0.0118412
45.16	 1.38123	 0.00105783	 -1.07104	 -0.0009033	 2.49246	 0.0117489
45.18	 1.42519	 0.00110476	 -1.04825	 -0.000499293	 2.47346	 0.0116556
45.2	 1.46893	 0.00115055	 -1.02541	 -0.000101273	 2.45377	 0.0115612
45.22	 1.51246	 0.00119509	 -1.00256	 0.000289936	 2.43334	 0.0114657
45.24	 1.55574	 0.00123822	 -0.979742	 0.000673491	 2.41213	 0.0113689
45.26	 1.59876	 0.00127981	 -0.956988	 0.00104854	 2.39006	 0.0112708
45.28	 1.6415	 0.00131972	 -0.934335	 0.00141422	 2.36709	 0.0111711
45.3	 1.68395	 0.00135781	 -0.911823	 0.00176965	 2.34315	 0.0110699
45.32	 1.72608	 0.00139396	 -0.889488	 0.00211395	 2.3182	 0.0109669
45.34	 1.7679	 0.00142802	 -0.867368	 0.00244622	 2.29218	 0.0108619
45.36	 1.80937	 0.00145987	 -0.8455	 0.00276555	 2.26504	 0.0107548
45.38	 1.85048	 0.00148937	 -0.823919	 0.00307105	 2.23673	 0.0106454
45.4	 1.89122	 0.0015164	 -0.802661	 0.00336182	 2.20721	 0.0105334
45.42	 1.93158	 0.00154084	 -0.781759	 0.00363702	 2.17643	 0.0104186
45.44	 1.97153	 0.00156255	 -0.761249	 0.00389578	 2.14436	 0.0103007
45.46	 2.01107	 0.00158144	 -0.741161	 0.00413731	 2.11095	 0.0101796
45.48	 2.05017	 0.00159739	 -0.721529	 0.00436081	 2.07617	 0.010055
45.5	 2.08883	 0.00161031	 -0.702383	 0.00456555	 2.04	 0.00992655
45.52	 2.12704	 0.00162012	 -0.683751	 0.00475084	 2.0024	 0.00979408
45.54	 2.16477	 0.00162675	 -0.665662	 0.00491606	 1.96336	 0.00965731
45.56	 2.20202	 0.00163015	 -0.648143	 0.00506063	 1.92285	 0.00951595
45.58	 2.23876	 0.00163025	 -0.631217	 0.00518407	 1.88087	 0.00936975
45.6	 2.275	 0.00162703	 -0.614908	 0.00528595	 1.8374	 0.00921844
45.62	 2.31071	 0.00162047	 -0.599237	 0.00536593	 1.79244	 0.00906176
45.64	 2.34589	 0.00161055	 -0.584222	 0.00542376	 1.746	 0.00889947
45.66	 2.38052	 0.00159727	 -0.569882	 0.00545926	 1.69806	 0.00873135
45.68	 2.41458	 0.00158064	 -0.556232	 0.00547233	 1.64866	 0.00855716
45.7	 2.44807	 0.00156068	 -0.543284	 0.00546297	 1.5978	 0.00837673
45.72	 2.48098	 0.00153741	 -0.531051	 0.00543125	 1.5455	 0.00818988
45.74	 2.51328	 0.00151088	 -0.519541	 0.00537732	 1.49179	 0.00799647
45.76	 2.54498	 0.00148113	 -0.508762	 0.00530141	 1.4367	 0.0077964
45.78	 2.57605	 0.00144822	 -0.49872	 0.00520382	 1.38027	 0.00758959
45.8	 2.60649	 0.0014122	 -0.489416	 0.00508492	 1.32252	 0.007376
45.82	 2.63628	 0.00137314	 -0.480853	 0.00494515	 1.26352	 0.00715564
45.84	 2.66542	 0.00133113	 -0.473029	 0.00478503	 1.20331	 0.00692853
45.86	 2.69389	 0.00128624	 -0.465942	 0.0046051	 1.14193	 0.00669477
45.88	 2.72167	 0.00123855	 -0.459587	 0.004406	 1.07946	 0.00645444
45.9	 2.74876	 0.00118817	 -0.453959	 0.00418839	 1.01594	 0.00620769
45.92	 2.77515	 0.00113519	 -0.449048	 0.00395299	 0.951451	 0.00595468
45.94	 2.80082	 0.00107954	 -0.444846	 0.00369868	 0.886049	 0.00569579
45.96	 2.82577	 0.00102156	 -0.441341	 0.00342865	 0.819807	 0.00543105
45.98	 2.84997	 0.00096133	 -0.43852	 0.00314316	 0.752802	 0.00516069
46	 2.87343	 0.000898966	 -0.436368	 0.00284316	 0.685109	 0.00488494
46.02	 2.89612	 0.000834596	 -0.434869	 0.00252954	 0.616808	 0.00460407
46.04	 2.91804	 0.000768353	 -0.434003	 0.00220323	 0.547984	 0.00431836
46.06	 2.93918	 0.000700371	 -0.433751	 0.0018652	 0.478722	 0.00402816
46.08	 2.95953	 0.000630788	 -0.434092	 0.00151637	 0.409109	 0.00373379
46.1	 2.97906	 0.00055976	 -0.435002	 0.00115783	 0.339235	 0.00343562
46.12	 2.99778	 0.000487433	 -0.436458	 0.000790555	 0.269192	 0.003134
46.14	 3.01567	 0.000413978	 -0.438434	 0.000415755	 0.199072	 0.00282931
46.16	 3.03272	 0.000339498	 -0.440903	 3.39231e-05	 0.12897	 0.00252199
46.18	 3.04892	 0.00026426	 -0.443839	 -0.000352703	 0.0589817	 0.00221236
46.2	 3.06426	 0.000188365	 -0.447211	 -0.00074366	 -0.0107983	 0.00190089
46.22	 3.07873	 0.000111989	 -0.45099	 -0.0011377	 -0.0802733	 0.00158801
46.24	 3.09231	 3.5324e-05	 -0.455146	 -0.00153337	 -0.149347	 0.00127417
46.26	 3.105	 -4.1457e-05	 -0.459646	 -0.00192946	 -0.217923	 0.000959813
46.28	 3.11678	 -0.000118165	 -0.464459	 -0.00232458	 -0.285905	 0.000645398
46.3	 3.12765	 -0.000194619	 -0.469551	 -0.00271741	 -0.353197	 0.000331392
46.32	 3.13759	 -0.000270636	 -0.474889	 -0.00310662	 -0.419703	 1.82707e-05
46.34	 3.1466	 -0.000346029	 -0.480438	 -0.00349081	 -0.48533	 -0.000293489
46.36	 3.15467	 -0.000420616	 -0.486165	 -0.00386862	 -0.549983	 -0.000603404
46.38	 3.16178	 -0.000494216	 -0.492035	 -0.00423867	 -0.613572	 -0.000910986
46.4	 3.16792	 -0.000566646	 -0.498014	 -0.00459956	 -0.676006	 -0.00121575
46.42	 3.17309	 -0.000637731	 -0.504066	 -0.0049499	 -0.737198	 -0.0015172
46.44	 3.17728	 -0.000707298	 -0.510157	 -0.00528831	 -0.797061	 -0.00181486
46.46	 3.18048	 -0.000775183	 -0.516254	 -0.00561342	 -0.855513	 -0.00210822
46.48	 3.18267	 -0.000841232	 -0.522322	 -0.00592386	 -0.912472	 -0.00239679
46.5	 3.18386	 -0.000905306	 -0.528327	 -0.00621833	 -0.967861	 -0.00268005
46.52	 3.18402	 -0.000967288	 -0.534238	 -0.00649548	 -1.02161	 -0.00295745
46.54	 3.18317	 -0.00102754	 -0.540025	 -0.00675398	 -1.07364	 -0.00322751
46.56	 3.18128	 -0.00108602	 -0.545662	 -0.0069925	 -1.12391	 -0.00348962
46.58	 3.17835	 -0.00114266	 -0.551125	 -0.00720986	 -1.17235	 -0.00374328
46.6	 3.17439	 -0.00119733	 -0.55639	 -0.00740489	 -1.21893	 -0.00398816
46.62	 3.16938	 -0.00124983	 -0.561432	 -0.0075766	 -1.26359	 -0.00422397
46.64	 3.16332	 -0.00129998	 -0.566227	 -0.00772413	 -1.30628	 -0.00445042
46.66	 3.15621	 -0.00134764	 -0.570748	 -0.0078467	 -1.34696	 -0.00466719
46.68	 3.14803	 -0.00139271	 -0.574969	 -0.00794359	 -1.38558	 -0.00487388
46.7	 3.1388	 -0.00143508	 -0.578863	 -0.00801412	 -1.4221	 -0.00507013
46.72	 3.1285	 -0.00147472	 -0.582405	 -0.00805763	 -1.45647	 -0.00525556
46.74	 3.11713	 -0.00151155	 -0.58557	 -0.00807349	 -1.48866	 -0.00542987
46.76	 3.10469	 -0.0015454	 -0.588333	 -0.00806117	 -1.51863	 -0.00559304
46.78	 3.09118	 -0.0015763	 -0.590672	 -0.00802016	 -1.54637	 -0.00574464
46.8	 3.07659	 -0.0016042	 -0.592563	 -0.00795005	 -1.57184	 -0.00588439
46.82	 3.06094	 -0.00162904	 -0.593983	 -0.00785047	 -1.59501	 -0.00601215
46.84	 3.04421	 -0.00165077	 -0.59491	 -0.00772115	 -1.61588	 -0.00612772
46.86	 3.0264	 -0.00166936	 -0.595321	 -0.00756185	 -1.63441	 -0.00623096
46.88	 3.00753	 -0.00168475	 -0.595193	 -0.00737246	 -1.6506	 -0.00632173
46.9	 2.98758	 -0.00169692	 -0.594506	 -0.00715289	 -1.66442	 -0.00639993
46.92	 2.96657	 -0.00170586	 -0.593239	 -0.0069032	 -1.67588	 -0.00646547
46.94	 2.94449	 -0.00171155	 -0.59137	 -0.00662344	 -1.68497	 -0.0065183
46.96	 2.92135	 -0.00171399	 -0.588882	 -0.0063138	 -1.69167	 -0.00655836
46.98	 2.89715	 -0.0017132	 -0.585753	 -0.00597455	 -1.69601	 -0.00658562
47	 2.8719	 -0.0017092	 -0.581967	 -0.005606	 -1.69797	 -0.00660009
47.02	 2.8456	 -0.00170201	 -0.577505	 -0.00520858	 -1.69756	 -0.00660179
47.04	 2.81825	 -0.00169166	 -0.572351	 -0.00478278	 -1.69479	 -0.00659077
47.06	 2.78987	 -0.00167821	 -0.566486	 -0.00432918	 -1.68968	 -0.00656711
47.08	 2.76046	 -0.00166168	 -0.559896	 -0.0038484	 -1.68223	 -0.00653089
47.1	 2.73002	 -0.00164214	 -0.552565	 -0.00334114	 -1.67246	 -0.00648224
47.12	 2.69857	 -0.00161965	 -0.544479	 -0.00280816	 -1.6604	 -0.00642131
47.14	 2.66611	 -0.00159427	 -0.535623	 -0.0022503	 -1.64605	 -0.00634825
47.16	 2.63266	 -0.00156608	 -0.525986	 -0.00166845	 -1.62946	 -0.00626326
47.18	 2.59821	 -0.00153515	 -0.515554	 -0.00106356	 -1.61064	 -0.00616654
47.2	 2.56279	 -0.00150157	 -0.504316	 -0.000436658	 -1.58963	 -0.00605834
47.22	 2.5264	 -0.00146544	 -0.492261	 0.000211127	 -1.56645	 -0.00593888
47.24	 2.48905	 -0.00142685	 -0.479381	 0.0008787	 -1.54114	 -0.00580846
47.26	 2.45076	 -0.0013859	 -0.465665	 0.00156485	 -1.51374	 -0.00566738
47.28	 2.41154	 -0.0013427	 -0.451106	 0.0022683	 -1.48429	 -0.00551593
47.3	 2.37139	 -0.00129737	 -0.435697	 0.00298772	 -1.45281	 -0.00535447
47.32	 2.33034	 -0.00125001	 -0.419431	 0.00372175	 -1.41937	 -0.00518335
47.34	 2.28839	 -0.00120077	 -0.402304	 0.00446871	 -1.384	 -0.00500295
47.36	 2.24556	 -0.00114973	 -0.384312	 0.00522746	 -1.34675	 -0.00481364
47.38	 2.20187	 -0.00109704	 -0.365451	 0.00599646	 -1.30767	 -0.00461587
47.4	 2.15732	 -0.00104282	 -0.34572	 0.00677408	 -1.26681	 -0.00441007
47.42	 2.11193	 -0.000987199	 -0.325119	 0.00755871	 -1.22422	 -0.00419668
47.44	 2.06573	 -0.000930304	 -0.303647	 0.00834876	 -1.17995	 -0.00397618
47.46	 2.01871	 -0.000872264	 -0.281306	 0.00914256	 -1.13407	 -0.00374906
47.48	 1.97091	 -0.000813209	 -0.2581	 0.00993842	 -1.08663	 -0.00351582
47.5	 1.92233	 -0.000753268	 -0.234034	 0.0107346	 -1.03769	 -0.00327697
47.52	 1.873	 -0.000692568	 -0.209113	 0.0115294	 -0.987312	 -0.00303306
47.54	 1.82292	 -0.000631236	 -0.183345	 0.0123211	 -0.935565	 -0.00278463
47.56	 1.77212	 -0.000569244	 -0.156739	 0.01311	 -0.882508	 -0.00253223
47.58	 1.72061	 -0.000507178	 -0.129305	 0.0138883	 -0.828207	 -0.0022765
47.6	 1.66841	 -0.00044478	 -0.101057	 0.0146587	 -0.772733	 -0.00201792
47.62	 1.61554	 -0.000382179	 -0.0720087	 0.0154196	 -0.716156	 -0.0017571
47.64	 1.56201	 -0.000319629	 -0.0421757	 0.0161676	 -0.658548	 -0.00149468
47.66	 1.50785	 -0.000257234	 -0.0115762	 0.0169009	 -0.599981	 -0.00123125
47.68	 1.45307	 -0.000195076	 0.0197699	 0.0176183	 -0.54053	 -0.000967404
47.7	 1.3977	 -0.000133303	 0.051841	 0.0183177	 -0.480269	 -0.000703764
47.72	 1.34174	 -7.20501e-05	 0.084613	 0.0189969	 -0.419275	 -0.000440943
47.74	 1.28523	 -1.14339e-05	 0.11806	 0.0196541	 -0.357623	 -0.00017955
47.76	 1.22818	 4.84137e-05	 0.152154	 0.0202872	 -0.29539	 7.98009e-05
47.78	 1.17062	 0.000107367	 0.186863	 0.0208944	 -0.232653	 0.000336491
47.8	 1.11256	 0.00016531	 0.222155	 0.0214736	 -0.169488	 0.0005899
47.82	 1.05404	 0.000222127	 0.257993	 0.022023	 -0.105973	 0.000839394
47.84	 0.995082	 0.000277705	 0.294339	 0.0225407	 -0.0421892	 0.00108433
47.86	 0.935708	 0.00033193	 0.33115	 0.0230249	 0.0217821	 0.00132409
47.88	 0.875953	 0.000384688	 0.368381	 0.0234738	 0.0858554	 0.00155804
47.9	 0.815847	 0.00043587	 0.405986	 0.0238857	 0.149943	 0.00178558
47.92	 0.755427	 0.000485371	 0.443912	 0.0242589	 0.213954	 0.00200612
47.94	 0.694727	 0.000533091	 0.482105	 0.0245917	 0.277795	 0.00221907
47.96	 0.633788	 0.000578933	 0.52051	 0.0248826	 0.341368	 0.00242385
47.98	 0.57265	 0.000622803	 0.559066	 0.0251302	 0.404573	 0.00261994
48	 0.511355	 0.000664611	 0.597711	 0.0253333	 0.467304	 0.00280682
48.02	 0.449949	 0.000704264	 0.63638	 0.0254906	 0.529454	 0.00298404
48.04	 0.388477	 0.000741669	 0.675008	 0.0256012	 0.590911	 0.00315119
48.06	 0.326985	 0.000776733	 0.713525	 0.025664	 0.651562	 0.00330792
48.08	 0.265519	 0.000809362	 0.751863	 0.0256783	 0.711293	 0.0034539
48.1	 0.204126	 0.000839463	 0.789952	 0.0256434	 0.769987	 0.00358885
48.12	 0.142853	 0.000866955	 0.827721	 0.0255584	 0.827528	 0.00371252
48.14	 0.0817452	 0.000891762	 0.865098	 0.025423	 0.883802	 0.00382467
48.16	 0.0208504	 0.00091382	 0.902013	 0.0252368	 0.938696	 0.0039251
48.18	 -0.0397853	 0.000933073	 0.938393	 0.0249994	 0.992097	 0.00401364
48.2	 -0.100115	 0.00094947	 0.974167	 0.0247107	 1.04389	 0.00409015
48.22	 -0.160094	 0.00096297	 1.00926	 0.0243708	 1.09398	 0.00415453
48.24	 -0.219673	 0.000973532	 1.04361	 0.0239797	 1.14224	 0.00420671
48.26	 -0.278809	 0.000981122	 1.07714	 0.0235375	 1.18858	 0.0042467
48.28	 -0.337456	 0.000985717	 1.10977	 0.0230448	 1.23289	 0.00427451
48.3	 -0.39557	 0.000987296	 1.14145	 0.0225018	 1.27507	 0.00429021
48.32	 -0.453107	 0.000985845	 1.1721	 0.0219091	 1.31503	 0.00429391
48.34	 -0.510026	 0.000981358	 1.20166	 0.0212673	 1.35269	 0.00428575
48.36	 -0.566284	 0.000973833	 1.23006	 0.0205773	 1.38796	 0.0042659
48.38	 -0.621843	 0.000963282	 1.25724	 0.01984	 1.42078	 0.00423458
48.4	 -0.676662	 0.000949727	 1.28315	 0.0190564	 1.45106	 0.00419201
48.42	 -0.730704	 0.000933202	 1.30772	 0.0182279	 1.47876	 0.00413843
48.44	 -0.783928	 0.000913748	 1.3309	 0.0173557	 1.5038	 0.00407412
48.46	 -0.836299	 0.000891413	 1.35262	 0.0164413	 1.52612	 0.00399938
48.48	 -0.887777	 0.000866258	 1.37285	 0.0154865	 1.54566	 0.00391457
48.5	 -0.938327	 0.000838345	 1.39153	 0.014493	 1.56237	 0.00382005
48.52	 -0.987912	 0.000807733	 1.40861	 0.0134625	 1.57619	 0.00371628
48.54	 -1.0365	 0.000774497	 1.42405	 0.012397	 1.58706	 0.0036037
48.56	 -1.08405	 0.000738716	 1.4378	 0.0112985	 1.59494	 0.00348282
48.58	 -1.13053	 0.000700475	 1.44984	 0.0101691	 1.59979	 0.00335417
48.6	 -1.17591	 0.00065987	 1.46012	 0.00901114	 1.6016	 0.00321829
48.62	 -1.22017	 0.000617004	 1.46862	 0.00782695	 1.60032	 0.00307575
48.64	 -1.26326	 0.000571988	 1.4753	 0.00661901	 1.59594	 0.00292713
48.66	 -1.30516	 0.000524938	 1.48014	 0.00538989	 1.58847	 0.00277305
48.68	 -1.34585	 0.000475973	 1.48313	 0.00414218	 1.57788	 0.00261411
48.7	 -1.38529	 0.000425216	 1.48424	 0.00287853	 1.56418	 0.00245092
48.72	 -1.42346	 0.000372788	 1.48346	 0.00160155	 1.54738	 0.00228412
48.74	 -1.46033	 0.000318812	 1.48079	 0.000313928	 1.52748	 0.00211438
48.76	 -1.49588	 0.00026342	 1.47621	 -0.000981585	 1.5045	 0.00194235
48.78	 -1.53009	 0.000206745	 1.46973	 -0.00228222	 1.47846	 0.0017687
48.8	 -1.56293	 0.000148928	 1.46135	 -0.00358514	 1.44939	 0.00159413
48.82	 -1.59439	 9.01169e-05	 1.45107	 -0.00488744	 1.41733	 0.00141932
48.84	 -1.62443	 3.04639e-05	 1.43891	 -0.00618618	 1.38232	 0.00124495
48.86	 -1.65306	 -2.98772e-05	 1.42488	 -0.00747843	 1.34441	 0.00107168
48.88	 -1.68024	 -9.07555e-05	 1.40899	 -0.00876137	 1.30366	 0.000900162
48.9	 -1.70596	 -0.000152025	 1.39128	 -0.0100322	 1.26013	 0.000731013
48.92	 -1.73021	 -0.00021354	 1.37176	 -0.0112883	 1.21389	 0.000564854
48.94	 -1.75297	 -0.000275145	 1.35047	 -0.0125268	 1.16501	 0.000402317
48.96	 -1.77423	 -0.000336686	 1.32745	 -0.0137449	 1.11356	 0.000244023
48.98	 -1.79397	 -0.000398018	 1.30272	 -0.0149401	 1.05964	 9.05585e-05
49	 -1.8122	 -0.000458988	 1.27633	 -0.0161097	 1.00333	 -5.75257e-05
49.02	 -1.82889	 -0.000519439	 1.24833	 -0.0172511	 0.944731	 -0.000199704
49.04	 -1.84404	 -0.000579211	 1.21876	 -0.0183619	 0.883944	 -0.000335479
49.06	 -1.85764	 -0.000638151	 1.18768	 -0.0194394	 0.821078	 -0.000464388
49.08	 -1.8697	 -0.00069611	 1.15515	 -0.0204815	 0.756245	 -0.000585995
49.1	 -1.88019	 -0.000752948	 1.12123	 -0.0214859	 0.689561	 -0.000699891
49.12	 -1.88913	 -0.000808528	 1.08596	 -0.0224505	 0.621142	 -0.000805685
49.14	 -1.89651	 -0.00086271	 1.04943	 -0.0233734	 0.551112	 -0.000903018
49.16	 -1.90233	 -0.000915359	 1.0117	 -0.0242525	 0.479594	 -0.000991554
49.18	 -1.9066	 -0.000966343	 0.972832	 -0.0250861	 0.406719	 -0.00107099
49.2	 -1.9093	 -0.00101553	 0.932903	 -0.0258724	 0.332618	 -0.00114107
49.22	 -1.91046	 -0.0010628	 0.891987	 -0.0266099	 0.257427	 -0.00120156
49.24	 -1.91007	 -0.00110804	 0.850157	 -0.0272971	 0.181283	 -0.00125229
49.26	 -1.90813	 -0.00115112	 0.807493	 -0.0279328	 0.104323	 -0.00129312
49.28	 -1.90467	 -0.00119195	 0.764073	 -0.0285157	 0.0266872	 -0.00132393
49.3	 -1.89968	 -0.00123043	 0.719975	 -0.0290448	 -0.0514867	 -0.00134465
49.32	 -1.89318	 -0.00126649	 0.675281	 -0.0295195	 -0.13006	 -0.00135525
49.34	 -1.88518	 -0.00129988	 0.630066	 -0.0299391	 -0.208907	 -0.00135605
49.36	 -1.8757	 -0.00133048	 0.584391	 -0.030303	 -0.287936	 -0.00134721
49.38	 -1.86477	 -0.00135817	 0.53831	 -0.0306109	 -0.367067	 -0.00132883
49.4	 -1.85242	 -0.00138289	 0.491876	 -0.0308623	 -0.446232	 -0.00130101
49.42	 -1.83868	 -0.00140459	 0.445139	 -0.0310572	 -0.52536	 -0.00126387
49.44	 -1.82358	 -0.00142324	 0.398153	 -0.0311954	 -0.60438	 -0.00121754
49.46	 -1.80714	 -0.0014388	 0.350973	 -0.0312773	 -0.68321	 -0.00116225
49.48	 -1.78939	 -0.00145124	 0.303662	 -0.0313028	 -0.761765	 -0.00109825
49.5	 -1.77037	 -0.00146052	 0.256282	 -0.0312726	 -0.839955	 -0.00102582
49.52	 -1.7501	 -0.00146662	 0.208897	 -0.0311871	 -0.917692	 -0.000945286
49.54	 -1.72861	 -0.00146952	 0.16157	 -0.031047	 -0.994889	 -0.000856969
49.56	 -1.70593	 -0.00146919	 0.114363	 -0.0308529	 -1.07146	 -0.000761219
49.58	 -1.68209	 -0.00146564	 0.067334	 -0.0306059	 -1.14734	 -0.000658404
49.6	 -1.65713	 -0.00145888	 0.0205416	 -0.0303069	 -1.22245	 -0.000548917
49.62	 -1.63109	 -0.00144891	 -0.0259582	 -0.0299571	 -1.29672	 -0.000433175
49.64	 -1.60399	 -0.00143577	 -0.0721102	 -0.0295575	 -1.37008	 -0.000311617
49.66	 -1.57586	 -0.00141948	 -0.11786	 -0.0291096	 -1.44247	 -0.000184697
49.68	 -1.54676	 -0.00140008	 -0.163152	 -0.0286147	 -1.51382	 -5.28801e-05
49.7	 -1.5167	 -0.0013776	 -0.207935	 -0.0280743	 -1.58408	 8.33641e-05
49.72	 -1.48572	 -0.00135211	 -0.252155	 -0.0274899	 -1.65317	 0.000223561
49.74	 -1.45386	 -0.00132366	 -0.29576	 -0.0268632	 -1.72104	 0.000367231
49.76	 -1.42115	 -0.0012923	 -0.3387	 -0.0261958	 -1.78764	 0.000513886
49.78	 -1.38764	 -0.00125811	 -0.380927	 -0.0254895	 -1.85292	 0.000663029
49.8	 -1.35334	 -0.00122115	 -0.422393	 -0.0247461	 -1.91682	 0.000814154
49.82	 -1.31831	 -0.00118153	 -0.463054	 -0.0239675	 -1.9793	 0.000966746
49.84	 -1.28257	 -0.00113931	 -0.502867	 -0.0231557	 -2.04032	 0.00112029
49.86	 -1.24616	 -0.00109459	 -0.541788	 -0.0223126	 -2.09985	 0.00127427
49.88	 -1.20912	 -0.00104748	 -0.579779	 -0.0214403	 -2.15783	 0.00142818
49.9	 -1.17149	 -0.000998067	 -0.616801	 -0.0205407	 -2.21424	 0.00158152
49.92	 -1.13328	 -0.000946466	 -0.652817	 -0.0196159	 -2.26905	 0.00173379
49.94	 -1.09456	 -0.000892787	 -0.687793	 -0.0186681	 -2.32223	 0.00188451
49.96	 -1.05533	 -0.000837142	 -0.721695	 -0.0176992	 -2.37375	 0.0020332
49.98	 -1.01565	 -0.000779649	 -0.754492	 -0.0167114	 -2.42359	 0.00217939
50	 -0.975549	 -0.000720432	 -0.786156	 -0.0157068	 -2.47174	 0.00232263
50.02	 -0.935055	 -0.000659617	 -0.816659	 -0.0146875	 -2.51818	 0.00246246
50.04	 -0.894205	 -0.000597331	 -0.845978	 -0.0136557	 -2.56288	 0.00259843
50.06	 -0.853033	 -0.000533706	 -0.874088	 -0.0126133	 -2.60586	 0.00273014
50.08	 -0.81157	 -0.000468874	 -0.900969	 -0.0115625	 -2.64708	 0.00285716
50.1	 -0.769851	 -0.000402973	 -0.926602	 -0.0105054	 -2.68656	 0.00297912
50.12	 -0.727906	 -0.000336141	 -0.950972	 -0.00944397	 -2.72429	 0.00309562
50.14	 -0.685768	 -0.00026852	 -0.974063	 -0.00838028	 -2.76026	 0.00320632
50.16	 -0.643468	 -0.000200251	 -0.995865	 -0.00731628	 -2.79449	 0.00331088
50.18	 -0.601037	 -0.00013148	 -1.01637	 -0.00625394	 -2.82698	 0.00340899
50.2	 -0.558504	 -6.26555e-05	 -1.03556	 -0.00519514	 -2.85774	 0.00350096
50.22	 -0.515894	 5.99029e-06	 -1.05346	 -0.00414171	 -2.8868	 0.00358666
50.24	 -0.473236	 7.42413e-05	 -1.07006	 -0.00309538	 -2.9142	 0.00366594
50.26	 -0.430554	 0.000141933	 -1.08537	 -0.00205791	 -2.93996	 0.00373856
50.28	 -0.387873	 0.000208932	 -1.0994	 -0.00103102	 -2.96413	 0.00380426
50.3	 -0.345221	 0.000275114	 -1.11217	 -1.64394e-05	 -2.98673	 0.00386282
50.32	 -0.302622	 0.00034035	 -1.12368	 0.000984163	 -3.0078	 0.00391406
50.34	 -0.260102	 0.000404499	 -1.13394	 0.00196916	 -3.02736	 0.00395784
50.36	 -0.217685	 0.000467408	 -1.14297	 0.00293698	 -3.04545	 0.00399408
50.38	 -0.175397	 0.000528923	 -1.15078	 0.00388615	 -3.0621	 0.00402269
50.4	 -0.133261	 0.000588891	 -1.15737	 0.00481527	 -3.07734	 0.0040436
50.42	 -0.091301	 0.000647168	 -1.16278	 0.00572299	 -3.0912	 0.00405677
50.44	 -0.0495389	 0.000703616	 -1.16702	 0.00660803	 -3.10372	 0.00406214
50.46	 -0.00799761	 0.000758111	 -1.1701	 0.00746918	 -3.11495	 0.00405967
50.48	 0.0333007	 0.000810532	 -1.17205	 0.00830524	 -3.1249	 0.00404935
50.5	 0.0743344	 0.000860768	 -1.17289	 0.00911512	 -3.13363	 0.00403116
50.52	 0.115082	 0.000908709	 -1.17265	 0.00989775	 -3.14116	 0.00400513
50.54	 0.155523	 0.000954252	 -1.17134	 0.0106522	 -3.14752	 0.00397131
50.56	 0.195637	 0.0009973	 -1.169	 0.0113774	 -3.15277	 0.00392974
50.58	 0.235404	 0.00103776	 -1.16565	 0.0120727	 -3.15693	 0.00388049
50.6	 0.274805	 0.00107554	 -1.16132	 0.0127372	 -3.16003	 0.00382366
50.62	 0.313822	 0.00111056	 -1.15603	 0.0133703	 -3.16212	 0.00375933
50.64	 0.352434	 0.00114275	 -1.14983	 0.0139712	 -3.16322	 0.00368762
50.66	 0.390626	 0.00117204	 -1.14273	 0.0145395	 -3.16338	 0.00360867
50.68	 0.428379	 0.00119837	 -1.13476	 0.0150746	 -3.16262	 0.00352262
50.7	 0.465677	 0.00122167	 -1.12597	 0.0155761	 -3.16098	 0.00342963
50.72	 0.502503	 0.00124204	 -1.11639	 0.0160436	 -3.1585	 0.00332963
50.74	 0.538841	 0.00125932	 -1.10604	 0.0164768	 -3.15521	 0.003223
50.76	 0.574677	 0.00127347	 -1.09497	 0.0168755	 -3.15113	 0.00310999
50.78	 0.609994	 0.00128444	 -1.0832	 0.0172395	 -3.14631	 0.00299083
50.8	 0.64478	 0.00129221	 -1.07078	 0.0175687	 -3.14077	 0.00286578
50.82	 0.67902	 0.00129674	 -1.05774	 0.0178631	 -3.13455	 0.00273507
50.84	 0.7127	 0.00129804	 -1.04412	 0.0181228	 -3.12767	 0.00259892
50.86	 0.745809	 0.00129611	 -1.02996	 0.0183478	 -3.12016	 0.00245759
50.88	 0.778334	 0.00129094	 -1.01529	 0.0185384	 -3.11205	 0.00231137
50.9	 0.810262	 0.00128256	 -1.00015	 0.0186946	 -3.10338	 0.00216054
50.92	 0.841584	 0.00127098	 -0.984578	 0.0188169	 -3.09415	 0.00200537
50.94	 0.872288	 0.00125622	 -0.968619	 0.0189054	 -3.08442	 0.00184618
50.96	 0.902364	 0.0012383	 -0.952311	 0.0189607	 -3.07419	 0.00168329
50.98	 0.931796	 0.0012175	 -0.935709	 0.0189894	 -3.06353	 0.00151823
51	 0.960572	 0.00119362	 -0.91888	 0.0189898	 -3.0525	 0.00135109
51.02	 0.988681	 0.0011667	 -0.901895	 0.0189623	 -3.04116	 0.0011822
51.04	 1.01611	 0.00113684	 -0.884829	 0.0189077	 -3.02959	 0.00101174
51.06	 1.04285	 0.00110437	 -0.867755	 0.0188263	 -3.01785	 0.000839434
51.08	 1.06888	 0.00106907	 -0.850744	 0.0187188	 -3.00599	 0.000666174
51.1	 1.0942	 0.0010315	 -0.833864	 0.0185859	 -2.99409	 0.000491289
51.12	 1.1188	 0.00099168	 -0.817177	 0.018428	 -2.98218	 0.000315226
51.14	 1.14266	 0.000949472	 -0.800746	 0.0182459	 -2.97033	 0.000138804
51.16	 1.16577	 0.000905183	 -0.784632	 0.0180403	 -2.95858	 -3.81213e-05
51.18	 1.18812	 0.000858913	 -0.768896	 0.017812	 -2.947	 -0.000215255
51.2	 1.20971	 0.000810724	 -0.753602	 0.0175619	 -2.93563	 -0.000392225
51.22	 1.23052	 0.000760847	 -0.738812	 0.0172907	 -2.92455	 -0.000568989
51.24	 1.25055	 0.000709404	 -0.724592	 0.0169994	 -2.9138	 -0.00074527
51.26	 1.26978	 0.000656527	 -0.711007	 0.0166888	 -2.90345	 -0.000920794
51.28	 1.28822	 0.000602385	 -0.698119	 0.0163598	 -2.89355	 -0.00109536
51.3	 1.30584	 0.000547094	 -0.685991	 0.0160134	 -2.88416	 -0.00126866
51.32	 1.32266	 0.000490793	 -0.674683	 0.0156505	 -2.87533	 -0.00144042
51.34	 1.33865	 0.000433622	 -0.664251	 0.0152721	 -2.86712	 -0.00161038
51.36	 1.35382	 0.000375704	 -0.654754	 0.0148792	 -2.85957	 -0.00177826
51.38	 1.36815	 0.000317182	 -0.646242	 0.0144729	 -2.85274	 -0.00194379
51.4	 1.38165	 0.000258196	 -0.63877	 0.0140541	 -2.84665	 -0.00210673
51.42	 1.39431	 0.000198881	 -0.632387	 0.0136239	 -2.84137	 -0.0022668
51.44	 1.40612	 0.000139376	 -0.627141	 0.0131834	 -2.83693	 -0.00242375
51.46	 1.41708	 7.9819e-05	 -0.623079	 0.0127336	 -2.83337	 -0.00257732
51.48	 1.4272	 2.03478e-05	 -0.620246	 0.0122755	 -2.83072	 -0.00272727
51.5	 1.43645	 -3.89001e-05	 -0.618683	 0.0118102	 -2.82903	 -0.00287334
51.52	 1.44486	 -9.77903e-05	 -0.61843	 0.0113388	 -2.82832	 -0.00301529
51.54	 1.4524	 -0.00015619	 -0.619523	 0.0108623	 -2.82862	 -0.00315288
51.56	 1.45909	 -0.00021397	 -0.621999	 0.0103818	 -2.82995	 -0.00328588
51.58	 1.46491	 -0.000271002	 -0.625886	 0.00989829	 -2.83235	 -0.00341406
51.6	 1.46988	 -0.00032716	 -0.631216	 0.00941286	 -2.83582	 -0.0035372
51.62	 1.47398	 -0.00038232	 -0.638013	 0.00892653	 -2.8404	 -0.00365509
51.64	 1.47723	 -0.00043636	 -0.646301	 0.00844035	 -2.84608	 -0.00376751
51.66	 1.47962	 -0.000489157	 -0.6561	 0.00795534	 -2.85288	 -0.00387427
51.68	 1.48115	 -0.000540593	 -0.667428	 0.00747249	 -2.86081	 -0.0039752
51.7	 1.48182	 -0.00059055	 -0.680299	 0.0069928	 -2.86987	 -0.00407012
51.72	 1.48164	 -0.000638916	 -0.694725	 0.00651723	 -2.88006	 -0.00415886
51.74	 1.48061	 -0.000685581	 -0.710713	 0.00604672	 -2.89139	 -0.00424127
51.76	 1.47874	 -0.000730438	 -0.72827	 0.00558218	 -2.90384	 -0.00431722
51.78	 1.47601	 -0.000773385	 -0.747398	 0.00512448	 -2.91742	 -0.00438657
51.8	 1.47245	 -0.000814324	 -0.768095	 0.00467447	 -2.9321	 -0.00444921
51.82	 1.46805	 -0.000853162	 -0.790359	 0.00423295	 -2.94787	 -0.00450503
51.84	 1.46282	 -0.00088981	 -0.814182	 0.0038007	 -2.96472	 -0.00455394
51.86	 1.45676	 -0.000924184	 -0.839555	 0.00337844	 -2.98262	 -0.00459587
51.88	 1.44988	 -0.000956206	 -0.866464	 0.00296687	 -3.00156	 -0.00463074
51.9	 1.44218	 -0.000985801	 -0.894895	 0.00256663	 -3.0215	 -0.00465849
51.92	 1.43368	 -0.0010129	 -0.924827	 0.00217832	 -3.04242	 -0.0046791
51.94	 1.42437	 -0.00103744	 -0.95624	 0.00180253	 -3.06428	 -0.00469253
51.96	 1.41426	 -0.00105937	 -0.98911	 0.00143976	 -3.08705	 -0.00469876
51.98	 1.40336	 -0.00107862	 -1.02341	 0.00109049	 -3.11069	 -0.00469781
52	 1.39168	 -0.00109515	 -1.05911	 0.000755159	 -3.13517	 -0.00468967
52.02	 1.37922	 -0.00110892	 -1.09617	 0.000434152	 -3.16043	 -0.0046744
52.04	 1.36599	 -0.00111988	 -1.13457	 0.000127808	 -3.18644	 -0.00465202
52.06	 1.352	 -0.00112801	 -1.17426	 -0.000163583	 -3.21315	 -0.00462261
52.08	 1.33726	 -0.00113326	 -1.2152	 -0.000439782	 -3.24051	 -0.00458627
52.1	 1.32178	 -0.00113522	 -1.25737	 -0.000700646	 -3.26849	 -0.00454386
52.12	 1.30556	 -0.00113384	 -1.30072	 -0.0009461	 -3.29704	 -0.00449553
52.14	 1.28862	 -0.00112911	 -1.34522	 -0.00117611	 -3.32615	 -0.00444133
52.16	 1.27095	 -0.00112111	 -1.39084	 -0.00139064	 -3.35578	 -0.00438121
52.18	 1.25258	 -0.00110994	 -1.43754	 -0.00158965	 -3.38591	 -0.00431509
52.2	 1.23351	 -0.00109572	 -1.48528	 -0.00177312	 -3.41649	 -0.00424294
52.22	 1.21375	 -0.00107856	 -1.53402	 -0.00194105	 -3.44749	 -0.0041648
52.24	 1.19331	 -0.00105854	 -1.5837	 -0.00209348	 -3.47885	 -0.00408075
52.26	 1.1722	 -0.00103572	 -1.63428	 -0.00223057	 -3.51053	 -0.00399091
52.28	 1.15043	 -0.00101018	 -1.6857	 -0.00235251	 -3.54248	 -0.00389543
52.3	 1.12802	 -0.00098199	 -1.73791	 -0.00245957	 -3.57463	 -0.00379441
52.32	 1.10496	 -0.00095124	 -1.79085	 -0.00255208	 -3.60694	 -0.00368797
52.34	 1.08128	 -0.000918035	 -1.84446	 -0.00263038	 -3.63936	 -0.00357622
52.36	 1.05699	 -0.000882489	 -1.8987	 -0.00269483	 -3.67182	 -0.00345927
52.38	 1.03209	 -0.000844725	 -1.95349	 -0.00274584	 -3.70427	 -0.00333724
52.4	 1.00659	 -0.000804871	 -2.00878	 -0.00278382	 -3.73666	 -0.00321028
52.42	 0.980521	 -0.000763061	 -2.06451	 -0.00280924	 -3.76892	 -0.00307854
52.44	 0.95388	 -0.00071943	 -2.12061	 -0.00282258	 -3.801	 -0.00294216
52.46	 0.926683	 -0.000674319	 -2.17703	 -0.00282437	 -3.83283	 -0.00280092
52.48	 0.898947	 -0.000627867	 -2.2337	 -0.00281511	 -3.86438	 -0.00265499
52.5	 0.870687	 -0.00058019	 -2.29058	 -0.0027954	 -3.8956	 -0.00250465
52.52	 0.841921	 -0.000531361	 -2.34761	 -0.00276585	 -3.92646	 -0.00235024
52.54	 0.812665	 -0.000481442	 -2.40473	 -0.00272714	 -3.95692	 -0.00219212
52.56	 0.782935	 -0.000430501	 -2.4619	 -0.00267999	 -3.98694	 -0.00203064
52.58	 0.752748	 -0.000378628	 -2.51905	 -0.00262515	 -4.01646	 -0.00186609
52.6	 0.722119	 -0.000325933	 -2.57613	 -0.00256339	 -4.04544	 -0.00169878
52.62	 0.691064	 -0.000272538	 -2.63308	 -0.00249547	 -4.07384	 -0.00152897
52.64	 0.6596	 -0.000218576	 -2.68984	 -0.00242215	 -4.1016	 -0.00135695
52.66	 0.627742	 -0.000164181	 -2.74635	 -0.0023442	 -4.12867	 -0.00118302
52.68	 0.595507	 -0.000109486	 -2.80255	 -0.00226241	 -4.15501	 -0.00100746
52.7	 0.562912	 -5.4927e-05	 -2.85839	 -0.00217986	 -4.18056	 -0.00083076
52.72	 0.529973	 -4.77039e-07	 -2.9138	 -0.00209574	 -4.20527	 -0.000653069
52.74	 0.496706	 5.38063e-05	 -2.96874	 -0.00201046	 -4.22908	 -0.00047469
52.76	 0.463127	 0.000107929	 -3.02316	 -0.00192447	 -4.25194	 -0.000296084
52.78	 0.42926	 0.000161869	 -3.077	 -0.00183806	 -4.27381	 -0.000117367
52.8	 0.395119	 0.000215661	 -3.13024	 -0.00175172	 -4.29468	 6.11834e-05
52.82	 0.360706	 0.000269406	 -3.18285	 -0.00166627	 -4.31455	 0.000238751
52.84	 0.326021	 0.000323301	 -3.2348	 -0.00158179	 -4.33342	 0.000414864
52.86	 0.291062	 0.000377036	 -3.28609	 -0.00149888	 -4.35133	 0.000589712
52.88	 0.255827	 0.000430712	 -3.33668	 -0.00141798	 -4.36828	 0.000762611
52.9	 0.22032	 0.000484149	 -3.38657	 -0.00133926	 -4.38429	 0.00093363
52.92	 0.184546	 0.000537301	 -3.43571	 -0.00126317	 -4.39936	 0.0011024
52.94	 0.148512	 0.000590039	 -3.4841	 -0.00119009	 -4.41347	 0.00126878
52.96	 0.112226	 0.000642317	 -3.53169	 -0.00112033	 -4.42664	 0.0014325
52.98	 0.0756964	 0.000694205	 -3.57847	 -0.0010544	 -4.43884	 0.00159305
53	 0.0389305	 0.000745723	 -3.6244	 -0.000992717	 -4.45007	 0.00175006
53.02	 0.00193542	 0.00079682	 -3.66947	 -0.000935729	 -4.46034	 0.00190332
53.04	 -0.0352825	 0.000847474	 -3.71365	 -0.000883901	 -4.46963	 0.00205257
53.06	 -0.0727167	 0.000897668	 -3.75691	 -0.000837623	 -4.47794	 0.00219752
53.08	 -0.110361	 0.000947341	 -3.79925	 -0.000797282	 -4.48529	 0.00233799
53.1	 -0.148207	 0.000996443	 -3.84064	 -0.000763253	 -4.49166	 0.00247377
53.12	 -0.186248	 0.00104494	 -3.88106	 -0.000735881	 -4.49706	 0.00260459
53.14	 -0.224477	 0.00109278	 -3.9205	 -0.000715522	 -4.50147	 0.0027303
53.16	 -0.262884	 0.0011401	 -3.95893	 -0.000702546	 -4.5049	 0.00285034
53.18	 -0.301461	 0.00118682	 -3.99633	 -0.000697321	 -4.50734	 0.00296466
53.2	 -0.3402	 0.00123281	 -4.03269	 -0.000700199	 -4.50877	 0.0030733
53.22	 -0.379093	 0.00127805	 -4.06799	 -0.000711494	 -4.50919	 0.00317615
53.24	 -0.41813	 0.00132239	 -4.10222	 -0.000731391	 -4.50859	 0.00327337
53.26	 -0.457303	 0.00136588	 -4.13536	 -0.000760196	 -4.50697	 0.00336481
53.28	 -0.496603	 0.00140855	 -4.16739	 -0.000797151	 -4.5043	 0.00345095
53.3	 -0.536023	 0.00145123	 -4.1983	 -0.000828634	 -4.50058	 0.00353865
53.32	 -0.575554	 0.00149325	 -4.22808	 -0.000862763	 -4.49576	 0.00362808
53.34	 -0.615188	 0.00153478	 -4.25672	 -0.000899339	 -4.48981	 0.00371972
53.36	 -0.654916	 0.00157488	 -4.2842	 -0.000946909	 -4.4827	 0.0038131
53.38	 -0.694727	 0.00161391	 -4.31051	 -0.00100141	 -4.47439	 0.0039079
53.4	 -0.734613	 0.00165414	 -4.33564	 -0.00104445	 -4.46487	 0.00400319
53.42	 -0.774563	 0.0016939	 -4.35958	 -0.00109107	 -4.45409	 0.00409754
53.44	 -0.814567	 0.00173333	 -4.38233	 -0.00113884	 -4.44204	 0.00419145
53.46	 -0.854613	 0.0017726	 -4.40388	 -0.00118563	 -4.4287	 0.00428527
53.48	 -0.894692	 0.00181144	 -4.42421	 -0.00123335	 -4.41403	 0.00437921
53.5	 -0.934791	 0.00184968	 -4.44334	 -0.00128347	 -4.39802	 0.00447353
53.52	 -0.974899	 0.00188724	 -4.46124	 -0.00133657	 -4.38065	 0.00456837
53.54	 -1.015	 0.00192434	 -4.47791	 -0.00139104	 -4.36188	 0.0046637
53.56	 -1.05509	 0.00196109	 -4.49336	 -0.00144656	 -4.3417	 0.00475928
53.58	 -1.09516	 0.00199737	 -4.50758	 -0.0015043	 -4.32007	 0.00485496
53.6	 -1.13518	 0.00203317	 -4.52057	 -0.00156443	 -4.29699	 0.00495073
53.62	 -1.17514	 0.00206853	 -4.53232	 -0.00162636	 -4.27243	 0.00504662
53.64	 -1.21504	 0.00210344	 -4.54285	 -0.00169004	 -4.24636	 0.00514261
53.66	 -1.25486	 0.00213785	 -4.55215	 -0.00175594	 -4.21877	 0.0052387
53.68	 -1.29457	 0.00217175	 -4.56022	 -0.00182414	 -4.18964	 0.0053349
53.7	 -1.33418	 0.00220514	 -4.56707	 -0.00189453	 -4.15895	 0.00543121
53.72	 -1.37366	 0.00223799	 -4.5727	 -0.00196771	 -4.1267	 0.00552743
53.74	 -1.413	 0.0022703	 -4.57711	 -0.00204389	 -4.09285	 0.00562345
53.76	 -1.45218	 0.00230238	 -4.58032	 -0.00211933	 -4.0574	 0.00572014
53.78	 -1.49118	 0.00233389	 -4.58233	 -0.00219805	 -4.02034	 0.00581678
53.8	 -1.53	 0.00236489	 -4.58314	 -0.00227969	 -3.98165	 0.00591335
53.82	 -1.56861	 0.00239542	 -4.58277	 -0.00236375	 -3.94132	 0.00600985
53.84	 -1.60699	 0.00242544	 -4.58123	 -0.00245065	 -3.89935	 0.00610611
53.86	 -1.64514	 0.00245494	 -4.57852	 -0.00254045	 -3.85573	 0.00620204
53.88	 -1.68303	 0.00248398	 -4.57465	 -0.0026327	 -3.81045	 0.00629773
53.9	 -1.72064	 0.00251251	 -4.56965	 -0.00272767	 -3.76351	 0.00639317
53.92	 -1.75796	 0.00254053	 -4.56351	 -0.00282559	 -3.71491	 0.00648832
53.94	 -1.79497	 0.00256806	 -4.55626	 -0.00292638	 -3.66465	 0.00658317
53.96	 -1.83166	 0.00259511	 -4.54791	 -0.00302999	 -3.61274	 0.00667769
53.98	 -1.868	 0.00262169	 -4.53847	 -0.00313651	 -3.55917	 0.00677183
54	 -1.90397	 0.0026478	 -4.52796	 -0.00324597	 -3.50396	 0.00686555
54.02	 -1.93956	 0.00267347	 -4.5164	 -0.0033583	 -3.44711	 0.00695879
54.04	 -1.97475	 0.00269868	 -4.5038	 -0.00347349	 -3.38865	 0.00705154
54.06	 -2.00952	 0.00272345	 -4.49018	 -0.00359156	 -3.32857	 0.00714375
54.08	 -2.04386	 0.00274779	 -4.47556	 -0.00371252	 -3.2669	 0.00723538
54.1	 -2.07773	 0.0027717	 -4.45996	 -0.00383636	 -3.20366	 0.00732639
54.12	 -2.11114	 0.00279519	 -4.4434	 -0.00396305	 -3.13886	 0.00741675
54.14	 -2.14404	 0.00281829	 -4.4259	 -0.00409259	 -3.07253	 0.00750642
54.16	 -2.17644	 0.002841	 -4.40748	 -0.00422498	 -3.0047	 0.00759534
54.18	 -2.2083	 0.00286334	 -4.38816	 -0.00436019	 -2.93539	 0.00768348
54.2	 -2.23961	 0.00288531	 -4.36797	 -0.00449821	 -2.86463	 0.00777079
54.22	 -2.27036	 0.00290694	 -4.34692	 -0.00463901	 -2.79245	 0.00785722
54.24	 -2.30051	 0.00292823	 -4.32505	 -0.00478257	 -2.71887	 0.00794274
54.26	 -2.33006	 0.00294921	 -4.30237	 -0.00492888	 -2.64395	 0.00802729
54.28	 -2.35899	 0.00296988	 -4.2789	 -0.0050779	 -2.5677	 0.00811083
54.3	 -2.38728	 0.00299026	 -4.25468	 -0.00522959	 -2.49017	 0.00819331
54.32	 -2.4149	 0.00301038	 -4.22973	 -0.00538392	 -2.4114	 0.00827469
54.34	 -2.44185	 0.00303024	 -4.20407	 -0.00554084	 -2.33142	 0.00835491
54.36	 -2.46811	 0.00304988	 -4.17773	 -0.00570031	 -2.25027	 0.00843394
54.38	 -2.49365	 0.0030693	 -4.15074	 -0.00586227	 -2.16801	 0.00851172
54.4	 -2.51847	 0.00308854	 -4.12312	 -0.00602667	 -2.08466	 0.0085882
54.42	 -2.54254	 0.0031076	 -4.09489	 -0.00619344	 -2.00028	 0.00866334
54.44	 -2.56585	 0.00312653	 -4.06609	 -0.00636252	 -1.91491	 0.00873709
54.46	 -2.58838	 0.00314532	 -4.03673	 -0.00653384	 -1.82861	 0.00880939
54.48	 -2.61012	 0.00316403	 -4.00686	 -0.00670733	 -1.74141	 0.00888019
54.5	 -2.63105	 0.00318266	 -3.97649	 -0.00688292	 -1.65337	 0.00894943
54.52	 -2.65115	 0.00320126	 -3.94565	 -0.00706053	 -1.56454	 0.00901706
54.54	 -2.67042	 0.00321985	 -3.91438	 -0.00724007	 -1.47498	 0.00908302
54.56	 -2.68883	 0.00323845	 -3.88269	 -0.00742145	 -1.38473	 0.00914725
54.58	 -2.70637	 0.00325711	 -3.85061	 -0.00760459	 -1.29385	 0.0092097
54.6	 -2.72303	 0.00327585	 -3.81818	 -0.00778939	 -1.2024	 0.0092703
54.62	 -2.7388	 0.00329471	 -3.78542	 -0.00797574	 -1.11042	 0.009329
54.64	 -2.75366	 0.00331373	 -3.75235	 -0.00816356	 -1.01798	 0.00938574
54.66	 -2.7676	 0.00333294	 -3.71901	 -0.00835273	 -0.925137	 0.00944044
54.68	 -2.78061	 0.00335237	 -3.68542	 -0.00854315	 -0.831941	 0.00949305
54.7	 -2.79268	 0.00337208	 -3.65161	 -0.00873471	 -0.738453	 0.00954349
54.72	 -2.80379	 0.00339211	 -3.6176	 -0.0089273	 -0.644733	 0.00959169
54.74	 -2.81393	 0.00341248	 -3.58343	 -0.00912081	 -0.550838	 0.00963758
54.76	 -2.8231	 0.00343327	 -3.54912	 -0.00931512	 -0.456828	 0.0096811
54.78	 -2.83129	 0.0034545	 -3.51469	 -0.0095101	 -0.362763	 0.00972215
54.8	 -2.83848	 0.00347623	 -3.48017	 -0.00970565	 -0.268703	 0.00976067
54.82	 -2.84468	 0.00349851	 -3.4456	 -0.00990163	 -0.174707	 0.00979656
54.84	 -2.84986	 0.0035214	 -3.41098	 -0.0100979	 -0.0808357	 0.00982975
54.86	 -2.85402	 0.00354495	 -3.37636	 -0.0102944	 0.0128503	 0.00986015
54.88	 -2.85717	 0.00356922	 -3.34175	 -0.010491	 0.106291	 0.00988766
54.9	 -2.85928	 0.00359427	 -3.30717	 -0.0106875	 0.199427	 0.00991221
54.92	 -2.86036	 0.00362015	 -3.27267	 -0.0108838	 0.292197	 0.0099337
54.94	 -2.8604	 0.00364693	 -3.23824	 -0.0110797	 0.384542	 0.00995202
54.96	 -2.85939	 0.00367467	 -3.20393	 -0.0112753	 0.476401	 0.0099671
54.98	 -2.85733	 0.00370344	 -3.16976	 -0.0114702	 0.567717	 0.00997882
55	 -2.85423	 0.00373329	 -3.13574	 -0.0116645	 0.65843	 0.0099871
55.02	 -2.85007	 0.00376431	 -3.1019	 -0.0118578	 0.748481	 0.00999184
55.04	 -2.84486	 0.0037966	 -3.06826	 -0.0120496	 0.837813	 0.009993
55.06	 -2.83859	 0.00383014	 -3.03485	 -0.0122407	 0.926368	 0.00999045
55.08	 -2.83126	 0.00386505	 -3.00168	 -0.0124305	 1.01409	 0.00998406
55.1	 -2.82288	 0.00390139	 -2.96877	 -0.0126188	 1.10092	 0.00997371
55.12	 -2.81344	 0.00393924	 -2.93614	 -0.0128056	 1.18681	 0.00995932
55.14	 -2.80294	 0.00397864	 -2.90382	 -0.0129907	 1.2717	 0.00994079
55.16	 -2.7914	 0.00401967	 -2.87182	 -0.013174	 1.35553	 0.00991803
55.18	 -2.7788	 0.00406239	 -2.84016	 -0.0133553	 1.43827	 0.00989097
55.2	 -2.76516	 0.00410686	 -2.80885	 -0.0135345	 1.51984	 0.00985952
55.22	 -2.75047	 0.00415316	 -2.77792	 -0.0137114	 1.60021	 0.0098236
55.24	 -2.73475	 0.00420133	 -2.74738	 -0.013886	 1.67932	 0.00978313
55.26	 -2.71799	 0.00425143	 -2.71723	 -0.0140579	 1.75712	 0.00973803
55.28	 -2.70021	 0.00430354	 -2.68751	 -0.0142272	 1.83358	 0.00968824
55.3	 -2.68141	 0.00435768	 -2.65821	 -0.0143937	 1.90864	 0.00963368
55.32	 -2.6616	 0.00441394	 -2.62936	 -0.0145571	 1.98227	 0.00957429
55.34	 -2.64078	 0.00447234	 -2.60097	 -0.0147173	 2.05441	 0.00951004
55.36	 -2.61897	 0.00453294	 -2.57304	 -0.0148743	 2.12504	 0.00944085
55.38	 -2.59617	 0.00459577	 -2.54558	 -0.0150277	 2.1941	 0.00936671
55.4	 -2.57239	 0.00466088	 -2.51861	 -0.0151775	 2.26157	 0.00928759
55.42	 -2.54765	 0.00472825	 -2.49213	 -0.0153235	 2.32741	 0.00920357
55.44	 -2.52195	 0.004798	 -2.46616	 -0.0154655	 2.39159	 0.00911443
55.46	 -2.4953	 0.00487015	 -2.44069	 -0.0156034	 2.45407	 0.00902017
55.48	 -2.46772	 0.00494476	 -2.41573	 -0.015737	 2.51483	 0.00892075
55.5	 -2.43922	 0.00502185	 -2.39128	 -0.0158662	 2.57384	 0.00881619
55.52	 -2.40982	 0.00510142	 -2.36736	 -0.0159907	 2.63107	 0.0087065
55.54	 -2.37952	 0.00518348	 -2.34395	 -0.0161105	 2.6865	 0.00859174
55.56	 -2.34834	 0.00526803	 -2.32107	 -0.0162253	 2.74011	 0.00847194
55.58	 -2.3163	 0.00535506	 -2.29871	 -0.016335	 2.79189	 0.00834716
55.6	 -2.28341	 0.00544457	 -2.27687	 -0.0164394	 2.84181	 0.00821743
55.62	 -2.24968	 0.00553655	 -2.25554	 -0.0165383	 2.88986	 0.00808283
55.64	 -2.21513	 0.00563097	 -2.23474	 -0.0166314	 2.93603	 0.00794341
55.66	 -2.17979	 0.00572784	 -2.21444	 -0.0167188	 2.98031	 0.00779928
55.68	 -2.14365	 0.0058271	 -2.19465	 -0.0168	 3.0227	 0.00765051
55.7	 -2.10675	 0.00592874	 -2.17535	 -0.0168751	 3.0632	 0.00749723
55.72	 -2.0691	 0.0060327	 -2.15655	 -0.0169438	 3.10179	 0.00733956
55.74	 -2.03071	 0.00613894	 -2.13823	 -0.0170059	 3.13848	 0.00717763
55.76	 -1.99161	 0.00624741	 -2.12037	 -0.0170613	 3.17328	 0.00701157
55.78	 -1.95181	 0.00635805	 -2.10298	 -0.0171097	 3.2062	 0.00684155
55.8	 -1.91133	 0.00647079	 -2.08603	 -0.017151	 3.23724	 0.00666771
55.82	 -1.8702	 0.00658557	 -2.06951	 -0.0171849	 3.26641	 0.00649023
55.84	 -1.82842	 0.00670231	 -2.05341	 -0.0172115	 3.29373	 0.00630929
55.86	 -1.78602	 0.00682094	 -2.03772	 -0.0172303	 3.31921	 0.00612506
55.88	 -1.74303	 0.00694137	 -2.0224	 -0.0172414	 3.34288	 0.00593774
55.9	 -1.69945	 0.00706353	 -2.00745	 -0.0172445	 3.36475	 0.00574751
55.92	 -1.65531	 0.00718733	 -1.99285	 -0.0172394	 3.38485	 0.00555457
55.94	 -1.61063	 0.00731268	 -1.97858	 -0.017226	 3.40321	 0.00535912
55.96	 -1.56543	 0.00743951	 -1.96461	 -0.0172041	 3.41985	 0.00516136
55.98	 -1.51973	 0.00756772	 -1.95093	 -0.0171737	 3.43481	 0.00496148
56	 -1.47355	 0.00769723	 -1.93751	 -0.0171345	 3.44811	 0.00475968
56.02	 -1.42691	 0.00782793	 -1.92432	 -0.0170865	 3.45978	 0.00455616
56.04	 -1.37983	 0.00795976	 -1.91135	 -0.0170294	 3.46988	 0.00435114
56.06	 -1.33234	 0.0080926	 -1.89858	 -0.0169632	 3.47842	 0.00414481
56.08	 -1.28445	 0.00822637	 -1.88596	 -0.0168878	 3.48546	 0.00393739
56.1	 -1.23618	 0.00836097	 -1.87348	 -0.0168031	 3.49102	 0.00372907
56.12	 -1.18756	 0.00849631	 -1.86112	 -0.0167089	 3.49516	 0.00352007
56.14	 -1.1386	 0.00863227	 -1.84884	 -0.0166052	 3.49792	 0.00331061
56.16	 -1.08934	 0.00876877	 -1.83662	 -0.0164919	 3.49934	 0.00310089
56.18	 -1.03978	 0.0089057	 -1.82442	 -0.0163689	 3.49947	 0.00289114
56.2	 -0.989959	 0.00904296	 -1.81223	 -0.0162362	 3.49835	 0.00268156
56.22	 -0.939885	 0.00918045	 -1.80001	 -0.0160936	 3.49603	 0.00247238
56.24	 -0.889584	 0.00931806	 -1.78772	 -0.0159411	 3.49257	 0.00226382
56.26	 -0.839077	 0.00945568	 -1.77536	 -0.0157787	 3.48801	 0.00205608
56.28	 -0.788383	 0.00959319	 -1.76287	 -0.0156066	 3.4824	 0.00184936
56.3	 -0.737525	 0.00973051	 -1.75024	 -0.0154244	 3.4758	 0.00164388
56.32	 -0.686522	 0.00986752	 -1.73743	 -0.0152322	 3.46825	 0.00143989
56.34	 -0.635395	 0.0100041	 -1.72442	 -0.0150302	 3.45981	 0.00123757
56.36	 -0.584164	 0.0101401	 -1.71117	 -0.0148181	 3.45052	 0.00103719
56.38	 -0.532846	 0.0102754	 -1.69766	 -0.0145971	 3.44043	 0.000838675
56.4	 -0.481439	 0.0104098	 -1.68387	 -0.0143675	 3.42958	 0.000642252
56.42	 -0.429936	 0.0105433	 -1.66978	 -0.0141294	 3.418	 0.000447827
56.44	 -0.378326	 0.0106759	 -1.6554	 -0.013883	 3.40572	 0.000255455
56.46	 -0.3266	 0.0108069	 -1.6407	 -0.0136293	 3.39278	 6.58057e-05
56.48	 -0.274751	 0.0109366	 -1.62568	 -0.0133677	 3.37923	 -0.000121187
56.5	 -0.222777	 0.0110652	 -1.61033	 -0.0130964	 3.36511	 -0.000305745
56.52	 -0.170676	 0.0111926	 -1.59462	 -0.0128171	 3.35047	 -0.000487417
56.54	 -0.118449	 0.0113182	 -1.57854	 -0.0125322	 3.33535	 -0.000665876
56.56	 -0.0660938	 0.0114423	 -1.56209	 -0.012237	 3.31979	 -0.000840995
56.58	 -0.0136104	 0.0115647	 -1.54523	 -0.0119352	 3.30383	 -0.00101253
56.6	 0.039004	 0.011685	 -1.52796	 -0.0116255	 3.2875	 -0.00117996
56.62	 0.0917517	 0.0118028	 -1.51028	 -0.0113096	 3.27085	 -0.0013428
56.64	 0.144635	 0.0119184	 -1.49216	 -0.0109832	 3.25389	 -0.00150044
56.66	 0.197655	 0.0120313	 -1.47361	 -0.0106525	 3.23667	 -0.00165368
56.68	 0.250808	 0.0121413	 -1.45463	 -0.0103148	 3.21918	 -0.00180178
56.7	 0.304094	 0.0122482	 -1.43522	 -0.00997086	 3.20146	 -0.00194442
56.72	 0.357508	 0.0123519	 -1.41538	 -0.00962071	 3.18349	 -0.00208129
56.74	 0.411043	 0.0124519	 -1.39513	 -0.0092643	 3.16528	 -0.00221171
56.76	 0.464693	 0.0125481	 -1.37449	 -0.00890233	 3.14681	 -0.00233545
56.78	 0.518447	 0.0126403	 -1.35347	 -0.00853533	 3.12806	 -0.00245241
56.8	 0.572295	 0.0127282	 -1.33209	 -0.00816334	 3.10902	 -0.00256217
56.82	 0.626226	 0.0128116	 -1.31036	 -0.00778654	 3.08966	 -0.00266431
56.84	 0.680225	 0.0128902	 -1.28831	 -0.00740536	 3.06995	 -0.00275846
56.86	 0.734278	 0.0129636	 -1.26596	 -0.00702017	 3.04987	 -0.00284418
56.88	 0.788367	 0.0130316	 -1.24334	 -0.00663131	 3.02938	 -0.00292095
56.9	 0.842473	 0.0130937	 -1.22048	 -0.00623921	 3.00842	 -0.00298832
56.92	 0.896576	 0.0131496	 -1.19742	 -0.00584439	 2.98696	 -0.00304583
56.94	 0.950656	 0.0131989	 -1.17418	 -0.00544738	 2.96493	 -0.00309303
56.96	 1.00469	 0.0132412	 -1.1508	 -0.00504874	 2.94229	 -0.00312943
56.98	 1.05866	 0.0132761	 -1.12733	 -0.00464916	 2.91898	 -0.00315455
57	 1.11254	 0.0133031	 -1.10379	 -0.00424939	 2.89494	 -0.00316786
57.02	 1.16631	 0.0133217	 -1.08022	 -0.0038503	 2.87013	 -0.00316886
57.04	 1.21996	 0.0133314	 -1.05667	 -0.00345281	 2.84447	 -0.003157
57.06	 1.27345	 0.0133316	 -1.03317	 -0.00305789	 2.81792	 -0.00313179
57.08	 1.32678	 0.013322	 -1.00976	 -0.00266661	 2.79042	 -0.00309276
57.1	 1.37992	 0.0133019	 -0.986479	 -0.00228014	 2.76191	 -0.00303949
57.12	 1.43284	 0.0132708	 -0.963374	 -0.00189974	 2.73233	 -0.00297157
57.14	 1.48554	 0.0132281	 -0.940482	 -0.0015267	 2.70164	 -0.00288858
57.16	 1.53799	 0.0131734	 -0.917842	 -0.00116237	 2.66978	 -0.00279016
57.18	 1.59017	 0.013106	 -0.895495	 -0.000808134	 2.63669	 -0.002676
57.2	 1.64207	 0.0130256	 -0.873484	 -0.000465426	 2.60232	 -0.00254583
57.22	 1.69366	 0.0129315	 -0.851848	 -0.000135705	 2.56662	 -0.00239951
57.24	 1.74492	 0.0128234	 -0.83063	 0.000179535	 2.52953	 -0.00223696
57.26	 1.79585	 0.0127008	 -0.809869	 0.000478777	 2.49101	 -0.00205825
57.28	 1.84641	 0.0125635	 -0.789602	 0.000760476	 2.45103	 -0.00186356
57.3	 1.8966	 0.0124111	 -0.769868	 0.00102307	 2.40953	 -0.00165322
57.32	 1.94639	 0.0122436	 -0.750701	 0.001265	 2.36648	 -0.00142767
57.34	 1.99577	 0.0120606	 -0.732134	 0.0014847	 2.32186	 -0.00118747
57.36	 2.04472	 0.0118623	 -0.714199	 0.00168061	 2.27564	 -0.000933337
57.38	 2.09323	 0.0116487	 -0.696926	 0.00185125	 2.2278	 -0.000666111
57.4	 2.14128	 0.0114197	 -0.680343	 0.00199517	 2.17833	 -0.000386731
57.42	 2.18885	 0.0111757	 -0.664476	 0.00211103	 2.1272	 -9.62014e-05
57.44	 2.23592	 0.0109167	 -0.649351	 0.0021976	 2.07443	 0.000204441
57.46	 2.28248	 0.0106431	 -0.63499	 0.00225381	 2.01999	 0.000514152
57.48	 2.32852	 0.0103549	 -0.621413	 0.00227875	 1.96391	 0.000831883
57.5	 2.37402	 0.0100526	 -0.60864	 0.0022717	 1.90618	 0.00115657
57.52	 2.41896	 0.0097364	 -0.596686	 0.00223214	 1.84683	 0.00148715
57.54	 2.46332	 0.00940671	 -0.585565	 0.00215972	 1.78587	 0.00182254
57.56	 2.5071	 0.00906392	 -0.57529	 0.0020543	 1.72333	 0.00216166
57.58	 2.55028	 0.00870848	 -0.565869	 0.00191589	 1.65925	 0.00250344
57.6	 2.59283	 0.00834087	 -0.557311	 0.00174471	 1.59364	 0.00284684
57.62	 2.63476	 0.00796161	 -0.54962	 0.00154113	 1.52657	 0.00319083
57.64	 2.67603	 0.00757124	 -0.542799	 0.00130565	 1.45808	 0.00353443
57.66	 2.71664	 0.00717033	 -0.536848	 0.00103895	 1.38821	 0.0038767
57.68	 2.75658	 0.00675947	 -0.531765	 0.000741813	 1.31702	 0.00421674
57.7	 2.79582	 0.00633928	 -0.527548	 0.000415133	 1.24458	 0.00455368
57.72	 2.83435	 0.00591039	 -0.524189	 5.99234e-05	 1.17095	 0.00488674
57.74	 2.87216	 0.00547342	 -0.521681	 -0.000322715	 1.09621	 0.00521515
57.76	 2.90924	 0.00502906	 -0.520014	 -0.000731603	 1.02042	 0.0055382
57.78	 2.94556	 0.00457796	 -0.519176	 -0.00116549	 0.943659	 0.0058552
57.8	 2.98112	 0.00412083	 -0.519153	 -0.00162306	 0.866013	 0.00616552
57.82	 3.0159	 0.00365837	 -0.519931	 -0.00210294	 0.787564	 0.00646854
57.84	 3.04988	 0.0031913	 -0.521492	 -0.00260374	 0.708399	 0.00676366
57.86	 3.08306	 0.00272028	 -0.523815	 -0.00312443	 0.62861	 0.00705038
57.88	 3.11541	 0.00224614	 -0.526881	 -0.00366279	 0.548293	 0.0073281
57.9	 3.14692	 0.00176963	 -0.530665	 -0.004217	 0.467543	 0.00759625
57.92	 3.17759	 0.00129146	 -0.535143	 -0.00478593	 0.386458	 0.00785437
57.94	 3.20738	 0.000812414	 -0.540288	 -0.00536753	 0.305141	 0.00810198
57.96	 3.2363	 0.000333245	 -0.546074	 -0.00596011	 0.223691	 0.00833865
57.98	 3.26432	 -0.000145305	 -0.55247	 -0.00656205	 0.142212	 0.00856397
58	 3.29143	 -0.000622471	 -0.559447	 -0.00717145	 0.0608078	 0.00877758
58.02	 3.31762	 -0.00109748	 -0.566973	 -0.00778629	 -0.0204153	 0.00897913
58.04	 3.34287	 -0.00156958	 -0.575016	 -0.00840475	 -0.101352	 0.00916828
58.06	 3.36717	 -0.00203802	 -0.58354	 -0.00902482	 -0.181894	 0.00934478
58.08	 3.39051	 -0.00250205	 -0.592512	 -0.00964436	 -0.261936	 0.00950835
58.1	 3.41287	 -0.00296094	 -0.601895	 -0.0102613	 -0.341369	 0.00965881
58.12	 3.43424	 -0.00341397	 -0.611654	 -0.0108737	 -0.420087	 0.00979602
58.14	 3.45461	 -0.00386044	 -0.62175	 -0.0114791	 -0.497982	 0.00991987
58.16	 3.47396	 -0.00429968	 -0.632145	 -0.0120754	 -0.574951	 0.0100303
58.18	 3.49228	 -0.00473104	 -0.642801	 -0.0126603	 -0.650889	 0.0101274
58.2	 3.50955	 -0.00515392	 -0.65368	 -0.0132316	 -0.725692	 0.0102113
58.22	 3.52577	 -0.0055678	 -0.664743	 -0.013787	 -0.799259	 0.0102822
58.24	 3.54093	 -0.00597225	 -0.675949	 -0.014324	 -0.871494	 0.0103407
58.26	 3.555	 -0.00637128	 -0.687265	 -0.0148393	 -0.942305	 0.0103961
58.28	 3.56798	 -0.00676691	 -0.698658	 -0.0153292	 -1.01161	 0.0104534
58.3	 3.57987	 -0.00715967	 -0.710099	 -0.0157902	 -1.07935	 0.0105141
58.32	 3.59065	 -0.00754926	 -0.721559	 -0.0162189	 -1.14544	 0.0105783
58.34	 3.60032	 -0.00793469	 -0.733009	 -0.0166129	 -1.20981	 0.0106451
58.36	 3.60886	 -0.00831481	 -0.74442	 -0.0169704	 -1.27239	 0.0107136
58.38	 3.61627	 -0.00868865	 -0.755759	 -0.0172898	 -1.33313	 0.0107836
58.4	 3.62254	 -0.00905562	 -0.766996	 -0.0175702	 -1.39194	 0.0108555
58.42	 3.62766	 -0.00941539	 -0.778096	 -0.0178099	 -1.44877	 0.0109303
58.44	 3.63162	 -0.00976784	 -0.789026	 -0.018007	 -1.50356	 0.0110089
58.46	 3.63442	 -0.0101129	 -0.799754	 -0.0181594	 -1.55624	 0.0110922
58.48	 3.63605	 -0.0104505	 -0.810247	 -0.0182649	 -1.60675	 0.0111807
58.5	 3.6365	 -0.0107804	 -0.820472	 -0.0183214	 -1.65504	 0.011275
58.52	 3.63577	 -0.0111025	 -0.830398	 -0.0183272	 -1.70106	 0.0113752
58.54	 3.63384	 -0.0114164	 -0.839994	 -0.0182809	 -1.74477	 0.0114821
58.56	 3.63072	 -0.0117219	 -0.849228	 -0.0181812	 -1.78611	 0.0115955
58.58	 3.62641	 -0.0120185	 -0.85807	 -0.0180272	 -1.82505	 0.0117159
58.6	 3.62088	 -0.0123062	 -0.86649	 -0.017818	 -1.86154	 0.0118438
58.62	 3.61415	 -0.0125846	 -0.874455	 -0.0175528	 -1.89555	 0.0119795
58.64	 3.60621	 -0.0128529	 -0.881937	 -0.0172309	 -1.92704	 0.0121218
58.66	 3.59705	 -0.013112	 -0.888906	 -0.0168517	 -1.95598	 0.0122731
58.68	 3.58667	 -0.0133617	 -0.895333	 -0.0164144	 -1.98236	 0.0124337
58.7	 3.57508	 -0.0136017	 -0.901188	 -0.0159184	 -2.00613	 0.0126033
58.72	 3.56227	 -0.0138318	 -0.906443	 -0.0153634	 -2.02729	 0.0127817
58.74	 3.54824	 -0.0140518	 -0.91107	 -0.0147489	 -2.04582	 0.0129694
58.76	 3.53299	 -0.0142618	 -0.915043	 -0.0140751	 -2.0617	 0.0131662
58.78	 3.51652	 -0.0144615	 -0.918335	 -0.0133418	 -2.07492	 0.0133724
58.8	 3.49884	 -0.0146508	 -0.920919	 -0.0125494	 -2.08548	 0.0135878
58.82	 3.47995	 -0.0148298	 -0.922771	 -0.0116982	 -2.09338	 0.0138128
58.84	 3.45985	 -0.0149983	 -0.923867	 -0.0107884	 -2.09862	 0.0140472
58.86	 3.43854	 -0.0151565	 -0.924182	 -0.00982074	 -2.10121	 0.014291
58.88	 3.41603	 -0.0153042	 -0.923692	 -0.00879586	 -2.10114	 0.0145443
58.9	 3.39233	 -0.0154414	 -0.922377	 -0.00771463	 -2.09844	 0.0148068
58.92	 3.36744	 -0.0155683	 -0.920213	 -0.00657809	 -2.09312	 0.0150786
58.94	 3.34137	 -0.0156849	 -0.91718	 -0.00538743	 -2.08518	 0.0153594
58.96	 3.31412	 -0.0157911	 -0.913258	 -0.00414397	 -2.07467	 0.015649
58.98	 3.2857	 -0.0158872	 -0.908428	 -0.00284917	 -2.06158	 0.0159474
59	 3.25613	 -0.015973	 -0.902671	 -0.00150459	 -2.04596	 0.0162542
59.02	 3.22541	 -0.0160488	 -0.895969	 -0.000111906	 -2.02784	 0.0165691
59.04	 3.19354	 -0.0161147	 -0.888307	 0.00132713	 -2.00723	 0.016892
59.06	 3.16055	 -0.0161707	 -0.879667	 0.00281067	 -1.98418	 0.0172223
59.08	 3.12644	 -0.016217	 -0.870037	 0.00433672	 -1.95872	 0.0175598
59.1	 3.09123	 -0.0162537	 -0.859401	 0.00590322	 -1.9309	 0.0179041
59.12	 3.05492	 -0.0162809	 -0.847748	 0.00750798	 -1.90075	 0.0182547
59.14	 3.01752	 -0.0162989	 -0.835064	 0.0091487	 -1.86832	 0.0186111
59.16	 2.97906	 -0.0163076	 -0.821341	 0.010823	 -1.83365	 0.0189728
59.18	 2.93955	 -0.0163074	 -0.806568	 0.0125283	 -1.7968	 0.0193394
59.2	 2.89899	 -0.0162984	 -0.790736	 0.0142621	 -1.75781	 0.0197101
59.22	 2.85741	 -0.0162807	 -0.773839	 0.0160216	 -1.71673	 0.0200844
59.24	 2.81481	 -0.0162545	 -0.75587	 0.0178041	 -1.67363	 0.0204616
59.26	 2.77122	 -0.0162199	 -0.736824	 0.0196067	 -1.62856	 0.020841
59.28	 2.72665	 -0.0161772	 -0.716698	 0.0214264	 -1.58158	 0.0212219
59.3	 2.68111	 -0.0161265	 -0.695489	 0.0232603	 -1.53274	 0.0216035
59.32	 2.63463	 -0.016068	 -0.673196	 0.0251052	 -1.48211	 0.0219848
59.34	 2.58721	 -0.0160017	 -0.649819	 0.026958	 -1.42976	 0.0223651
59.36	 2.53888	 -0.0159277	 -0.62536	 0.0288155	 -1.37574	 0.0227433
59.38	 2.48965	 -0.0158463	 -0.599822	 0.0306744	 -1.32013	 0.0231184
59.4	 2.43954	 -0.0157573	 -0.573209	 0.0325313	 -1.263	 0.0234892
59.42	 2.38857	 -0.0156609	 -0.545528	 0.0343829	 -1.20441	 0.0238547
59.44	 2.33675	 -0.0155571	 -0.516786	 0.0362257	 -1.14444	 0.0242134
59.46	 2.2841	 -0.0154458	 -0.486993	 0.0380564	 -1.08317	 0.0245641
59.48	 2.23065	 -0.0153269	 -0.456159	 0.0398712	 -1.02066	 0.0249053
59.5	 2.1764	 -0.0152004	 -0.424298	 0.0416667	 -0.956993	 0.0252355
59.52	 2.12138	 -0.015066	 -0.391425	 0.0434393	 -0.892253	 0.025553
59.54	 2.0656	 -0.0149235	 -0.357555	 0.0451854	 -0.826518	 0.0258562
59.56	 2.00908	 -0.0147728	 -0.322708	 0.046901	 -0.75987	 0.0261432
59.58	 1.95185	 -0.0146136	 -0.286904	 0.0485822	 -0.692392	 0.0264124
59.6	 1.89391	 -0.0144456	 -0.250166	 0.0502244	 -0.62417	 0.0266617
59.62	 1.8353	 -0.0142684	 -0.212518	 0.0518258	 -0.555291	 0.0268893
59.64	 1.77602	 -0.0140817	 -0.173989	 0.0533826	 -0.485843	 0.0270933
59.66	 1.7161	 -0.0138851	 -0.134608	 0.0548906	 -0.415919	 0.0272716
59.68	 1.65555	 -0.0136783	 -0.0944071	 0.0563462	 -0.345611	 0.0274223
59.7	 1.59439	 -0.0134603	 -0.0534202	 0.0577553	 -0.275006	 0.0275437
59.72	 1.53265	 -0.0132327	 -0.0116844	 0.05909	 -0.204196	 0.0276334
59.74	 1.47033	 -0.0129935	 0.0307606	 0.0603652	 -0.133276	 0.0276902
59.76	 1.40747	 -0.012743	 0.0738726	 0.0615735	 -0.0623402	 0.0277122
59.78	 1.34408	 -0.0124813	 0.117607	 0.0627066	 0.00851434	 0.0276975
59.8	 1.28019	 -0.0122079	 0.161916	 0.0637629	 0.0791917	 0.0276448
59.82	 1.2158	 -0.0119229	 0.20675	 0.0647385	 0.149597	 0.0275526
59.84	 1.15096	 -0.0116264	 0.252057	 0.0656283	 0.219635	 0.0274193
59.86	 1.08567	 -0.0113182	 0.297779	 0.0664289	 0.289213	 0.0272437
59.88	 1.01997	 -0.0109984	 0.34386	 0.0671366	 0.35824	 0.0270245
59.9	 0.953888	 -0.0106672	 0.390237	 0.0677475	 0.426621	 0.0267606
59.92	 0.887448	 -0.0103246	 0.436846	 0.0682588	 0.494262	 0.0264508
59.94	 0.820687	 -0.00997071	 0.483617	 0.0686673	 0.561065	 0.0260943
59.96	 0.753639	 -0.00960588	 0.530481	 0.06897	 0.626931	 0.0256902
59.98	 0.686344	 -0.00923033	 0.577363	 0.0691643	 0.691757	 0.025238
60	 0.61884	 -0.00884437	 0.624186	 0.069248	 0.755437	 0.0247372
60.02	 0.551173	 -0.00844837	 0.670872	 0.0692189	 0.817861	 0.0241875
60.04	 0.483386	 -0.00804275	 0.717339	 0.0690756	 0.878921	 0.0235889
60.06	 0.415529	 -0.00762798	 0.763503	 0.0688168	 0.938501	 0.0229416
60.08	 0.34765	 -0.00720459	 0.809281	 0.0684419	 0.996488	 0.0222461
60.1	 0.2798	 -0.00677317	 0.854587	 0.0679506	 1.05277	 0.0215031
60.12	 0.212029	 -0.00633436	 0.899335	 0.0673426	 1.10722	 0.0207135
60.14	 0.144388	 -0.00588884	 0.943439	 0.0666182	 1.15973	 0.0198785
60.16	 0.0769284	 -0.00543731	 0.986814	 0.0657776	 1.21019	 0.0189994
60.18	 0.00970099	 -0.00498046	 1.02938	 0.0648214	 1.25849	 0.0180774
60.2	 -0.0572434	 -0.00451898	 1.07104	 0.0637507	 1.30452	 0.0171141
60.22	 -0.123854	 -0.00405357	 1.11172	 0.0625666	 1.34818	 0.0161109
60.24	 -0.190079	 -0.0035849	 1.15135	 0.061271	 1.38936	 0.0150695
60.26	 -0.255869	 -0.00311367	 1.18983	 0.0598656	 1.42798	 0.0139917
60.28	 -0.321172	 -0.0026406	 1.22708	 0.0583526	 1.46395	 0.0128794
60.3	 -0.385939	 -0.0021664	 1.26304	 0.0567342	 1.49717	 0.0117346
60.32	 -0.450118	 -0.00169182	 1.29763	 0.0550132	 1.52756	 0.0105595
60.34	 -0.513662	 -0.00121759	 1.33077	 0.0531922	 1.55505	 0.00935624
60.36	 -0.576524	 -0.000744467	 1.36239	 0.0512743	 1.57958	 0.00812732
60.38	 -0.638655	 -0.000273209	 1.39243	 0.0492625	 1.60108	 0.00687518
60.4	 -0.700011	 0.000195416	 1.42082	 0.0471601	 1.6195	 0.00560238
60.42	 -0.760549	 0.000660669	 1.44751	 0.0449709	 1.63481	 0.00431154
60.44	 -0.820224	 0.00112186	 1.47244	 0.0426992	 1.64698	 0.0030053
60.46	 -0.878995	 0.00157833	 1.49555	 0.0403501	 1.65599	 0.00168634
60.48	 -0.93682	 0.00202945	 1.51679	 0.0379287	 1.66181	 0.000357371
60.5	 -0.993658	 0.00247456	 1.53612	 0.0354404	 1.66443	 -0.000978832
60.52	 -1.04947	 0.00291307	 1.55349	 0.032891	 1.66383	 -0.00231947
60.54	 -1.10421	 0.00334436	 1.56887	 0.0302863	 1.65999	 -0.00366169
60.56	 -1.15784	 0.00376779	 1.58221	 0.0276316	 1.65292	 -0.00500259
60.58	 -1.21032	 0.00418268	 1.59349	 0.0249322	 1.64259	 -0.00633919
60.6	 -1.26162	 0.00458846	 1.60268	 0.0221941	 1.62902	 -0.00766849
60.62	 -1.3117	 0.00498453	 1.60975	 0.0194232	 1.61221	 -0.00898745
60.64	 -1.36052	 0.00537034	 1.6147	 0.0166257	 1.59221	 -0.010293
60.66	 -1.40805	 0.00574538	 1.61749	 0.0138082	 1.56903	 -0.0115822
60.68	 -1.45427	 0.00610917	 1.61813	 0.0109774	 1.54273	 -0.0128519
60.7	 -1.49913	 0.00646125	 1.61661	 0.00814006	 1.51336	 -0.0140993
60.72	 -1.54261	 0.00680119	 1.61292	 0.00530289	 1.48096	 -0.0153215
60.74	 -1.58468	 0.00712857	 1.60708	 0.00247266	 1.44559	 -0.0165159
60.76	 -1.62531	 0.00744295	 1.59909	 -0.000344759	 1.40732	 -0.0176796
60.78	 -1.66446	 0.00774387	 1.58897	 -0.00314351	 1.3662	 -0.01881
60.8	 -1.70213	 0.00803098	 1.57672	 -0.00591709	 1.3223	 -0.0199046
60.82	 -1.73827	 0.00830393	 1.56237	 -0.00865935	 1.27571	 -0.0209606
60.84	 -1.77288	 0.0085624	 1.54595	 -0.011364	 1.22651	 -0.0219756
60.86	 -1.80592	 0.00880615	 1.52749	 -0.0140244	 1.1748	 -0.0229471
60.88	 -1.83738	 0.00903496	 1.50703	 -0.0166342	 1.1207	 -0.0238726
60.9	 -1.86723	 0.00924858	 1.4846	 -0.0191877	 1.06432	 -0.0247502
60.92	 -1.89547	 0.00944682	 1.46026	 -0.0216794	 1.00575	 -0.0255778
60.94	 -1.92207	 0.00962952	 1.43404	 -0.0241038	 0.945131	 -0.0263538
60.96	 -1.94702	 0.00979647	 1.40601	 -0.0264563	 0.882562	 -0.0270763
60.98	 -1.9703	 0.00994755	 1.37621	 -0.0287316	 0.818169	 -0.0277438
61	 -1.99191	 0.0100827	 1.34471	 -0.030925	 0.75208	 -0.0283546
61.02	 -2.01183	 0.0102018	 1.31156	 -0.0330318	 0.684431	 -0.0289073
61.04	 -2.03005	 0.0103048	 1.27685	 -0.0350475	 0.615362	 -0.0294005
61.06	 -2.04656	 0.0103918	 1.24063	 -0.0369677	 0.545018	 -0.0298331
61.08	 -2.06137	 0.0104627	 1.20298	 -0.0387888	 0.473546	 -0.0302041
61.1	 -2.07446	 0.0105177	 1.16397	 -0.0405073	 0.401088	 -0.0305129
61.12	 -2.08584	 0.0105568	 1.12369	 -0.04212	 0.327789	 -0.030759
61.14	 -2.09549	 0.01058	 1.08221	 -0.0436248	 0.253789	 -0.0309418
61.16	 -2.10342	 0.0105875	 1.0396	 -0.045019	 0.179233	 -0.0310612
61.18	 -2.10964	 0.0105802	 0.995964	 -0.0463009	 0.10426	 -0.0311186
61.2	 -2.11414	 0.0105588	 0.951347	 -0.0474689	 0.0289649	 -0.0311152
61.22	 -2.11696	 0.0105239	 0.90581	 -0.0485211	 -0.0465701	 -0.0310511
61.24	 -2.11812	 0.0104755	 0.8594	 -0.0494563	 -0.122278	 -0.0309264
61.26	 -2.11764	 0.010414	 0.812167	 -0.0502741	 -0.198094	 -0.0307413
61.28	 -2.11555	 0.0103392	 0.764163	 -0.0509738	 -0.273953	 -0.0304962
61.3	 -2.11186	 0.0102515	 0.715446	 -0.0515552	 -0.349782	 -0.0301916
61.32	 -2.1066	 0.0101509	 0.666078	 -0.0520187	 -0.425501	 -0.0298285
61.34	 -2.09979	 0.0100378	 0.616126	 -0.0523644	 -0.501024	 -0.0294082
61.36	 -2.09146	 0.00991257	 0.565661	 -0.0525934	 -0.576261	 -0.0289318
61.38	 -2.08163	 0.00977565	 0.514753	 -0.0527067	 -0.651124	 -0.0284007
61.4	 -2.07032	 0.00962741	 0.463472	 -0.0527056	 -0.725527	 -0.0278163
61.42	 -2.05758	 0.00946827	 0.411884	 -0.0525921	 -0.799392	 -0.0271802
61.44	 -2.04341	 0.00929862	 0.360057	 -0.0523683	 -0.872645	 -0.0264938
61.46	 -2.02787	 0.00911887	 0.308055	 -0.0520365	 -0.945217	 -0.0257592
61.48	 -2.01096	 0.00892944	 0.255943	 -0.0515992	 -1.01705	 -0.024978
61.5	 -1.99274	 0.00873072	 0.203787	 -0.0510594	 -1.08807	 -0.0241525
61.52	 -1.97323	 0.00852317	 0.15165	 -0.0504201	 -1.15822	 -0.0232847
61.54	 -1.95245	 0.0083072	 0.0996002	 -0.0496848	 -1.22744	 -0.0223767
61.56	 -1.93045	 0.0080833	 0.0477018	 -0.0488568	 -1.29567	 -0.0214307
61.58	 -1.90726	 0.00785195	 -0.00397935	 -0.0479398	 -1.36284	 -0.0204491
61.6	 -1.88292	 0.00761365	 -0.0553785	 -0.0469373	 -1.42891	 -0.0194342
61.62	 -1.85744	 0.00736891	 -0.106432	 -0.0458533	 -1.4938	 -0.0183885
61.64	 -1.83088	 0.00711823	 -0.157079	 -0.0446921	 -1.55749	 -0.0173145
61.66	 -1.80327	 0.00686211	 -0.207258	 -0.0434579	 -1.61992	 -0.0162148
61.68	 -1.77463	 0.00660104	 -0.25691	 -0.0421551	 -1.68105	 -0.0150921
61.7	 -1.74502	 0.00633556	 -0.305976	 -0.0407884	 -1.74085	 -0.0139489
61.72	 -1.71445	 0.00606618	 -0.3544	 -0.039362	 -1.79928	 -0.012788
61.74	 -1.68297	 0.0057934	 -0.402127	 -0.0378806	 -1.85631	 -0.011612
61.76	 -1.65062	 0.00551777	 -0.4491	 -0.0363489	 -1.9119	 -0.0104236
61.78	 -1.61742	 0.00523979	 -0.495269	 -0.0347715	 -1.96603	 -0.00922548
61.8	 -1.58342	 0.00495996	 -0.540581	 -0.0331534	 -2.01867	 -0.00802027
61.82	 -1.54865	 0.00467882	 -0.584986	 -0.0314993	 -2.0698	 -0.00681071
61.84	 -1.51315	 0.00439687	 -0.628438	 -0.0298141	 -2.11939	 -0.00559951
61.86	 -1.47695	 0.00411463	 -0.670891	 -0.0281024	 -2.16744	 -0.00438936
61.88	 -1.44009	 0.00383261	 -0.7123	 -0.0263688	 -2.21393	 -0.00318294
61.9	 -1.4026	 0.00355131	 -0.752624	 -0.0246182	 -2.25886	 -0.00198289
61.92	 -1.36452	 0.00327123	 -0.791823	 -0.022855	 -2.30221	 -0.000791807
61.94	 -1.32589	 0.00299283	 -0.829858	 -0.0210841	 -2.34399	 0.000387748
61.96	 -1.28673	 0.00271659	 -0.866695	 -0.0193099	 -2.38419	 0.00155329
61.98	 -1.24708	 0.00244299	 -0.902298	 -0.0175367	 -2.42281	 0.00270245
62	 -1.20697	 0.00217253	 -0.936637	 -0.0157685	 -2.45985	 0.00383291
62.02	 -1.16645	 0.00190564	 -0.969682	 -0.0140095	 -2.49533	 0.00494236
62.04	 -1.12554	 0.00164276	 -1.00141	 -0.012264	 -2.52925	 0.00602852
62.06	 -1.08427	 0.00138431	 -1.03179	 -0.0105362	 -2.56161	 0.00708913
62.08	 -1.04268	 0.00112998	 -1.0608	 -0.00882979	 -2.59246	 0.00812351
62.1	 -1.00079	 0.000879493	 -1.08844	 -0.00714818	 -2.62181	 0.00913097
62.12	 -0.958629	 0.000632458	 -1.1147	 -0.00549467	 -2.64971	 0.0101109
62.14	 -0.91623	 0.000388549	 -1.13957	 -0.00387235	 -2.6762	 0.0110627
62.16	 -0.873616	 0.000147535	 -1.16305	 -0.00228407	 -2.70132	 0.0119857
62.18	 -0.830816	 -9.0744e-05	 -1.18514	 -0.000732713	 -2.72511	 0.0128789
62.2	 -0.787858	 -0.000326407	 -1.20583	 0.000778842	 -2.74761	 0.0137415
62.22	 -0.744768	 -0.000559547	 -1.22513	 0.00224802	 -2.76886	 0.014573
62.24	 -0.701574	 -0.000790275	 -1.24304	 0.00367242	 -2.78888	 0.0153728
62.26	 -0.658302	 -0.00101875	 -1.25955	 0.00504945	 -2.80771	 0.0161405
62.28	 -0.61498	 -0.00124516	 -1.27466	 0.00637673	 -2.82539	 0.0168755
62.3	 -0.571631	 -0.00146965	 -1.28839	 0.00765248	 -2.84196	 0.0175776
62.32	 -0.528283	 -0.00169243	 -1.30073	 0.00887484	 -2.85746	 0.0182466
62.34	 -0.484958	 -0.00191368	 -1.31171	 0.010042	 -2.87192	 0.0188822
62.36	 -0.441683	 -0.00213355	 -1.32132	 0.0111526	 -2.88538	 0.0194843
62.38	 -0.398482	 -0.00235222	 -1.32958	 0.0122052	 -2.89789	 0.0200528
62.4	 -0.355377	 -0.00256983	 -1.33651	 0.0131986	 -2.90947	 0.0205877
62.42	 -0.312394	 -0.00278653	 -1.34211	 0.0141318	 -2.92016	 0.0210889
62.44	 -0.269555	 -0.00300245	 -1.34641	 0.0150039	 -2.93	 0.0215567
62.46	 -0.226882	 -0.00321774	 -1.34942	 0.0158141	 -2.93903	 0.0219911
62.48	 -0.184398	 -0.00343252	 -1.35117	 0.0165619	 -2.94727	 0.0223926
62.5	 -0.142125	 -0.00364694	 -1.35166	 0.0172469	 -2.95476	 0.0227612
62.52	 -0.100083	 -0.00386111	 -1.35093	 0.0178689	 -2.96154	 0.0230975
62.54	 -0.0582944	 -0.00407516	 -1.34899	 0.0184278	 -2.96763	 0.0234017
62.56	 -0.0167783	 -0.0042892	 -1.34588	 0.0189237	 -2.97306	 0.0236744
62.58	 0.0244448	 -0.00450334	 -1.34161	 0.0193568	 -2.97787	 0.0239161
62.6	 0.0653557	 -0.00471768	 -1.33621	 0.0197274	 -2.98209	 0.0241273
62.62	 0.105935	 -0.00493231	 -1.32972	 0.0200361	 -2.98574	 0.0243087
62.64	 0.146166	 -0.00514731	 -1.32216	 0.0202835	 -2.98885	 0.0244609
62.66	 0.186028	 -0.00536277	 -1.31356	 0.0204703	 -2.99144	 0.0245845
62.68	 0.225506	 -0.00557874	 -1.30395	 0.0205975	 -2.99354	 0.0246805
62.7	 0.264581	 -0.0057953	 -1.29337	 0.0206662	 -2.99518	 0.0247495
62.72	 0.303238	 -0.00601249	 -1.28184	 0.0206774	 -2.99637	 0.0247924
62.74	 0.341461	 -0.00623037	 -1.26941	 0.0206325	 -2.99714	 0.0248101
62.76	 0.379234	 -0.00644897	 -1.25611	 0.0205329	 -2.9975	 0.0248035
62.78	 0.416543	 -0.00666832	 -1.24197	 0.0203802	 -2.99747	 0.0247735
62.8	 0.453372	 -0.0068884	 -1.22704	 0.0201759	 -2.99708	 0.024721
62.82	 0.489709	 -0.00710926	 -1.21134	 0.0199219	 -2.99634	 0.024647
62.84	 0.525539	 -0.00733088	 -1.19493	 0.0196198	 -2.99525	 0.0245527
62.86	 0.56085	 -0.00755327	 -1.17783	 0.0192718	 -2.99384	 0.024439
62.88	 0.59563	 -0.00777644	 -1.16009	 0.0188797	 -2.99212	 0.0243071
62.9	 0.629866	 -0.00800035	 -1.14174	 0.0184458	 -2.9901	 0.0241581
62.92	 0.663548	 -0.00822498	 -1.12284	 0.0179722	 -2.98779	 0.023993
62.94	 0.696664	 -0.00845028	 -1.10341	 0.0174612	 -2.9852	 0.0238131
62.96	 0.729205	 -0.00867619	 -1.08351	 0.0169151	 -2.98233	 0.0236193
62.98	 0.761161	 -0.0089007	 -1.06317	 0.016336	 -2.97919	 0.0234089
63	 0.792523	 -0.00912271	 -1.04244	 0.0157258	 -2.97579	 0.0231812
63.02	 0.823282	 -0.00934204	 -1.02136	 0.0150865	 -2.97214	 0.0229373
63.04	 0.85343	 -0.00956018	 -0.999981	 0.0144204	 -2.96824	 0.0226821
63.06	 0.882962	 -0.00977669	 -0.978341	 0.0137462	 -2.9641	 0.0224198
63.08	 0.911866	 -0.00999133	 -0.956511	 0.013061	 -2.95974	 0.0221496
63.1	 0.940126	 -0.010203	 -0.934567	 0.0123675	 -2.95524	 0.02187
63.12	 0.967727	 -0.0104098	 -0.912591	 0.011668	 -2.95063	 0.0215788
63.14	 0.994653	 -0.0106105	 -0.890668	 0.0109641	 -2.94599	 0.021275
63.16	 1.02089	 -0.0108041	 -0.868882	 0.0102576	 -2.94137	 0.0209577
63.18	 1.04642	 -0.0109894	 -0.847313	 0.00955004	 -2.93685	 0.0206267
63.2	 1.07124	 -0.0111658	 -0.826038	 0.00884335	 -2.93246	 0.0202822
63.22	 1.09532	 -0.0113328	 -0.805131	 0.0081396	 -2.92826	 0.0199245
63.24	 1.11867	 -0.0114899	 -0.784661	 0.00744105	 -2.9243	 0.0195538
63.26	 1.14127	 -0.0116363	 -0.764701	 0.00675002	 -2.92062	 0.0191699
63.28	 1.16311	 -0.0117717	 -0.745322	 0.00606876	 -2.91727	 0.0187731
63.3	 1.18419	 -0.0118953	 -0.726594	 0.0053994	 -2.9143	 0.0183631
63.32	 1.20448	 -0.0120067	 -0.708591	 0.00474391	 -2.91175	 0.0179403
63.34	 1.22399	 -0.0121052	 -0.691386	 0.00410416	 -2.90969	 0.0175048
63.36	 1.24271	 -0.0121905	 -0.675049	 0.00348191	 -2.90815	 0.0170568
63.38	 1.26062	 -0.012262	 -0.659653	 0.00287894	 -2.9072	 0.0165965
63.4	 1.27771	 -0.0123193	 -0.645265	 0.00229697	 -2.90687	 0.0161244
63.42	 1.29399	 -0.0123621	 -0.631952	 0.00173772	 -2.90721	 0.0156407
63.44	 1.30945	 -0.01239	 -0.619777	 0.00120286	 -2.90827	 0.0151458
63.46	 1.32407	 -0.0124026	 -0.608802	 0.000694013	 -2.91008	 0.01464
63.48	 1.33786	 -0.0123998	 -0.599087	 0.00021271	 -2.91269	 0.0141238
63.5	 1.3508	 -0.0123813	 -0.590688	 -0.00023959	 -2.91613	 0.0135977
63.52	 1.3629	 -0.012347	 -0.583661	 -0.000661518	 -2.92043	 0.0130621
63.54	 1.37415	 -0.0122967	 -0.578058	 -0.00105179	 -2.92564	 0.0125178
63.56	 1.38454	 -0.0122304	 -0.573929	 -0.0014092	 -2.93177	 0.0119652
63.58	 1.39408	 -0.0121479	 -0.571319	 -0.00173263	 -2.93885	 0.0114049
63.6	 1.40276	 -0.0120492	 -0.570274	 -0.00202105	 -2.94691	 0.0108376
63.62	 1.41057	 -0.0119343	 -0.570834	 -0.00227353	 -2.95597	 0.0102638
63.64	 1.41752	 -0.0118032	 -0.573036	 -0.00248921	 -2.96603	 0.00968404
63.66	 1.4236	 -0.011656	 -0.576914	 -0.00266735	 -2.97713	 0.00909902
63.68	 1.42882	 -0.0114926	 -0.582497	 -0.00280729	 -2.98926	 0.00850931
63.7	 1.43317	 -0.0113133	 -0.589814	 -0.00290848	 -3.00243	 0.0079155
63.72	 1.43666	 -0.011118	 -0.598887	 -0.00297045	 -3.01664	 0.00731819
63.74	 1.43927	 -0.010907	 -0.609737	 -0.00299285	 -3.0319	 0.00671797
63.76	 1.44102	 -0.0106804	 -0.622379	 -0.00297543	 -3.0482	 0.00611542
63.78	 1.44191	 -0.0104384	 -0.636826	 -0.00291804	 -3.06552	 0.00551112
63.8	 1.44193	 -0.0101813	 -0.653087	 -0.00282067	 -3.08386	 0.00490565
63.82	 1.4411	 -0.00990916	 -0.671167	 -0.00268339	 -3.10321	 0.00429958
63.84	 1.4394	 -0.00962238	 -0.691069	 -0.00250641	 -3.12354	 0.00369346
63.86	 1.43685	 -0.00932124	 -0.712789	 -0.00229005	 -3.14484	 0.00308786
63.88	 1.43344	 -0.00900604	 -0.736323	 -0.00203475	 -3.16707	 0.00248332
63.9	 1.42919	 -0.00867714	 -0.761661	 -0.00174104	 -3.19021	 0.00188041
63.92	 1.42409	 -0.00833491	 -0.788791	 -0.00140959	 -3.21424	 0.00127964
63.94	 1.41816	 -0.00797974	 -0.817694	 -0.00104115	 -3.23911	 0.000681555
63.96	 1.41139	 -0.00761206	 -0.848353	 -0.000636594	 -3.26479	 8.66719e-05
63.98	 1.40379	 -0.00723231	 -0.880742	 -0.000196893	 -3.29124	 -0.000504505
64	 1.39536	 -0.00684093	 -0.914836	 0.000276885	 -3.31842	 -0.00109149
64.02	 1.38612	 -0.0064384	 -0.950604	 0.000783578	 -3.34628	 -0.00167381
64.04	 1.37607	 -0.0060252	 -0.988013	 0.00132193	 -3.37477	 -0.00225106
64.06	 1.36521	 -0.00560178	 -1.02703	 0.00189058	 -3.40385	 -0.00282286
64.08	 1.35356	 -0.0051686	 -1.0676	 0.00248811	 -3.43346	 -0.00338897
64.1	 1.34112	 -0.0047231	 -1.10971	 0.00311255	 -3.46355	 -0.00395528
64.12	 1.32789	 -0.00426266	 -1.15329	 0.00376138	 -3.49409	 -0.00452748
64.14	 1.31389	 -0.00378718	 -1.19833	 0.00443181	 -3.52502	 -0.00510589
64.16	 1.29913	 -0.00329737	 -1.24478	 0.00512129	 -3.55633	 -0.00568931
64.18	 1.2836	 -0.0027947	 -1.2926	 0.0058278	 -3.58797	 -0.00627537
64.2	 1.26733	 -0.00228093	 -1.34175	 0.00654999	 -3.61991	 -0.00686159
64.22	 1.25032	 -0.00175768	 -1.39217	 0.00728685	 -3.65209	 -0.00744614
64.24	 1.23257	 -0.00122627	 -1.44381	 0.00803737	 -3.68446	 -0.00802792
64.26	 1.21411	 -0.000687703	 -1.49662	 0.00880022	 -3.71697	 -0.00860635
64.28	 1.19493	 -0.000142817	 -1.55054	 0.00957361	 -3.74955	 -0.00918096
64.3	 1.17506	 0.000407596	 -1.6055	 0.0103554	 -3.78216	 -0.00975119
64.32	 1.15449	 0.000962684	 -1.66145	 0.0111431	 -3.81473	 -0.0103162
64.34	 1.13324	 0.00152149	 -1.71831	 0.0119343	 -3.8472	 -0.0108751
64.36	 1.11133	 0.00208296	 -1.77602	 0.0127267	 -3.8795	 -0.0114267
64.38	 1.08876	 0.00264599	 -1.83451	 0.0135183	 -3.91159	 -0.01197
64.4	 1.06555	 0.00320944	 -1.89371	 0.0143069	 -3.94338	 -0.0125039
64.42	 1.0417	 0.00377219	 -1.95354	 0.0150908	 -3.97483	 -0.0130276
64.44	 1.01724	 0.00433315	 -2.01395	 0.0158679	 -4.00585	 -0.0135403
64.46	 0.992166	 0.00489129	 -2.07484	 0.0166363	 -4.0364	 -0.0140412
64.48	 0.966501	 0.00544559	 -2.13616	 0.0173938	 -4.0664	 -0.0145296
64.5	 0.940255	 0.00599513	 -2.19781	 0.0181382	 -4.09578	 -0.0150049
64.52	 0.913447	 0.00654235	 -2.25974	 0.018867	 -4.12451	 -0.0154734
64.54	 0.886093	 0.00708758	 -2.32188	 0.0195773	 -4.15253	 -0.0159366
64.56	 0.858214	 0.00763099	 -2.38416	 0.0202661	 -4.17981	 -0.0163956
64.58	 0.829829	 0.00817216	 -2.44652	 0.0209305	 -4.20632	 -0.0168505
64.6	 0.800956	 0.00871038	 -2.50891	 0.0215681	 -4.23203	 -0.0173009
64.62	 0.771615	 0.00924481	 -2.57125	 0.0221768	 -4.25688	 -0.0177463
64.64	 0.741825	 0.0097747	 -2.63348	 0.022755	 -4.28085	 -0.0181868
64.66	 0.711603	 0.0102995	 -2.69554	 0.0233007	 -4.30387	 -0.0186226
64.68	 0.680968	 0.0108187	 -2.75734	 0.0238122	 -4.32591	 -0.0190542
64.7	 0.649939	 0.0113321	 -2.81883	 0.0242873	 -4.34691	 -0.0194823
64.72	 0.618535	 0.0118393	 -2.87993	 0.0247239	 -4.36684	 -0.0199071
64.74	 0.586775	 0.0123451	 -2.94058	 0.0251555	 -4.38565	 -0.0203266
64.76	 0.554677	 0.0128485	 -3.00072	 0.0255675	 -4.40328	 -0.0207428
64.78	 0.522259	 0.0133503	 -3.06028	 0.0259584	 -4.41969	 -0.0211569
64.8	 0.489525	 0.013851	 -3.11923	 0.026327	 -4.43487	 -0.0215705
64.82	 0.456474	 0.0143511	 -3.17754	 0.0266729	 -4.44884	 -0.0219852
64.84	 0.423104	 0.0148501	 -3.23519	 0.0269963	 -4.46162	 -0.0224008
64.86	 0.389412	 0.015347	 -3.29216	 0.0272973	 -4.47325	 -0.0228165
64.88	 0.355406	 0.0158417	 -3.34843	 0.0275762	 -4.48379	 -0.0232327
64.9	 0.32109	 0.0163338	 -3.40397	 0.0278332	 -4.49325	 -0.0236493
64.92	 0.286472	 0.0168235	 -3.45876	 0.0280669	 -4.50166	 -0.0240674
64.94	 0.25156	 0.0173107	 -3.51276	 0.0282772	 -4.50902	 -0.0244871
64.96	 0.216356	 0.0177953	 -3.56593	 0.0284634	 -4.51534	 -0.0249088
64.98	 0.180865	 0.0182776	 -3.61824	 0.0286244	 -4.52062	 -0.0253334
65	 0.145092	 0.0187577	 -3.66967	 0.0287599	 -4.52485	 -0.0257613
65.02	 0.109041	 0.0192352	 -3.72017	 0.0288694	 -4.52806	 -0.0261924
65.04	 0.0727175	 0.0197102	 -3.76973	 0.0289526	 -4.53025	 -0.0266273
65.06	 0.0361267	 0.0201825	 -3.81831	 0.0290091	 -4.53145	 -0.0270662
65.08	 -0.000725468	 0.020651	 -3.8659	 0.029039	 -4.53166	 -0.0275073
65.1	 -0.0378326	 0.0211169	 -3.91247	 0.029042	 -4.53091	 -0.0279534
65.12	 -0.0751883	 0.02158	 -3.95799	 0.0290179	 -4.5292	 -0.0284051
65.14	 -0.112786	 0.0220404	 -4.00244	 0.0289662	 -4.52655	 -0.0288623
65.16	 -0.150619	 0.0224977	 -4.0458	 0.0288867	 -4.52295	 -0.0293245
65.18	 -0.188681	 0.022952	 -4.08805	 0.028779	 -4.51842	 -0.0297925
65.2	 -0.226965	 0.0234033	 -4.12915	 0.0286431	 -4.51296	 -0.0302662
65.22	 -0.265464	 0.0238513	 -4.1691	 0.0284789	 -4.50657	 -0.030745
65.24	 -0.304173	 0.0242975	 -4.20786	 0.0283108	 -4.49925	 -0.0312173
65.26	 -0.343086	 0.0247408	 -4.24542	 0.0281269	 -4.49096	 -0.0316829
65.28	 -0.382198	 0.0251813	 -4.28176	 0.0279252	 -4.48169	 -0.0321409
65.3	 -0.421502	 0.025619	 -4.31686	 0.0277066	 -4.4714	 -0.0325917
65.32	 -0.460993	 0.0260543	 -4.35069	 0.0274727	 -4.46007	 -0.0330368
65.34	 -0.500661	 0.0264874	 -4.38325	 0.027226	 -4.44767	 -0.0334773
65.36	 -0.540501	 0.026918	 -4.41452	 0.0269662	 -4.4342	 -0.0339136
65.38	 -0.580503	 0.0273458	 -4.44449	 0.026692	 -4.41962	 -0.0343455
65.4	 -0.620659	 0.0277689	 -4.47313	 0.0263914	 -4.40394	 -0.0347723
65.42	 -0.66096	 0.0281902	 -4.50045	 0.0260895	 -4.38713	 -0.0351928
65.44	 -0.701398	 0.0286092	 -4.52642	 0.0257801	 -4.36917	 -0.0356081
65.46	 -0.741964	 0.0290257	 -4.55103	 0.0254595	 -4.35006	 -0.0360181
65.48	 -0.782648	 0.0294383	 -4.57428	 0.0251177	 -4.32978	 -0.0364226
65.5	 -0.82344	 0.0298488	 -4.59615	 0.024771	 -4.3083	 -0.0368207
65.52	 -0.86433	 0.0302573	 -4.61664	 0.0244187	 -4.28561	 -0.0372134
65.54	 -0.905307	 0.0306627	 -4.63574	 0.0240533	 -4.2617	 -0.0376005
65.56	 -0.94636	 0.0310651	 -4.65345	 0.0236765	 -4.23655	 -0.0379816
65.58	 -0.987478	 0.031465	 -4.66975	 0.0232937	 -4.21015	 -0.0383566
65.6	 -1.02865	 0.0318622	 -4.68466	 0.0229044	 -4.18248	 -0.0387256
65.62	 -1.06986	 0.0322566	 -4.69816	 0.0225064	 -4.15353	 -0.0390884
65.64	 -1.11109	 0.0326481	 -4.71026	 0.0221012	 -4.12329	 -0.0394449
65.66	 -1.15235	 0.033037	 -4.72095	 0.0216907	 -4.09175	 -0.039795
65.68	 -1.1936	 0.0334233	 -4.73024	 0.0212754	 -4.05889	 -0.0401386
65.7	 -1.23484	 0.0338068	 -4.73812	 0.0208548	 -4.02469	 -0.0404755
65.72	 -1.27605	 0.0341876	 -4.74461	 0.0204286	 -3.98916	 -0.0408061
65.74	 -1.31721	 0.0345656	 -4.74969	 0.0199981	 -3.95228	 -0.0411301
65.76	 -1.35832	 0.0349414	 -4.75339	 0.0195684	 -3.91405	 -0.0414467
65.78	 -1.39936	 0.0353146	 -4.75571	 0.0191386	 -3.87444	 -0.0417558
65.8	 -1.4403	 0.0356852	 -4.75665	 0.018706	 -3.83346	 -0.0420579
65.82	 -1.48114	 0.0360529	 -4.75622	 0.0182701	 -3.7911	 -0.0423532
65.84	 -1.52185	 0.0364179	 -4.75444	 0.0178316	 -3.74735	 -0.0426421
65.86	 -1.56243	 0.0367804	 -4.75131	 0.017393	 -3.7022	 -0.0429243
65.88	 -1.60285	 0.0371402	 -4.74684	 0.0169551	 -3.65565	 -0.0431996
65.9	 -1.64309	 0.0374974	 -4.74105	 0.0165169	 -3.6077	 -0.0434679
65.92	 -1.68313	 0.0378518	 -4.73395	 0.0160788	 -3.55834	 -0.0437293
65.94	 -1.72297	 0.0382037	 -4.72556	 0.0156417	 -3.50758	 -0.0439835
65.96	 -1.76257	 0.0385529	 -4.71589	 0.0152063	 -3.45541	 -0.0442305
65.98	 -1.80192	 0.0388996	 -4.70496	 0.0147726	 -3.40183	 -0.0444704
66	 -1.841	 0.0392436	 -4.69279	 0.014341	 -3.34685	 -0.0447031
66.02	 -1.87979	 0.0395851	 -4.67939	 0.0139121	 -3.29047	 -0.0449286
66.04	 -1.91828	 0.0399241	 -4.66478	 0.0134862	 -3.2327	 -0.0451469
66.06	 -1.95643	 0.0402605	 -4.64899	 0.0130637	 -3.17355	 -0.0453579
66.08	 -1.99423	 0.0405944	 -4.63203	 0.0126449	 -3.11302	 -0.0455616
66.1	 -2.03167	 0.0409258	 -4.61394	 0.0122299	 -3.05113	 -0.0457581
66.12	 -2.06871	 0.0412546	 -4.59472	 0.0118191	 -2.9879	 -0.0459473
66.14	 -2.10534	 0.041581	 -4.57441	 0.0114128	 -2.92333	 -0.0461291
66.16	 -2.14153	 0.0419049	 -4.55303	 0.011011	 -2.85744	 -0.0463036
66.18	 -2.17728	 0.0422263	 -4.53061	 0.0106141	 -2.79027	 -0.0464708
66.2	 -2.21254	 0.0425453	 -4.50717	 0.0102221	 -2.72182	 -0.0466306
66.22	 -2.24731	 0.0428619	 -4.48273	 0.00983541	 -2.65212	 -0.0467832
66.24	 -2.28157	 0.0431762	 -4.45734	 0.00945403	 -2.58121	 -0.0469285
66.26	 -2.31528	 0.043488	 -4.431	 0.00907818	 -2.5091	 -0.0470665
66.28	 -2.34843	 0.0437976	 -4.40376	 0.00870807	 -2.43584	 -0.0471973
66.3	 -2.381	 0.0441048	 -4.37565	 0.00834387	 -2.36145	 -0.047321
66.32	 -2.41297	 0.0444099	 -4.34668	 0.00798578	 -2.28596	 -0.0474376
66.34	 -2.44431	 0.0447127	 -4.3169	 0.00763399	 -2.20941	 -0.0475472
66.36	 -2.47501	 0.0450134	 -4.28633	 0.00728873	 -2.13185	 -0.0476499
66.38	 -2.50505	 0.0453121	 -4.25501	 0.00695019	 -2.0533	 -0.0477459
66.4	 -2.53439	 0.0456088	 -4.22296	 0.00661858	 -1.9738	 -0.0478352
66.42	 -2.56303	 0.0459036	 -4.19023	 0.0062941	 -1.89341	 -0.047918
66.44	 -2.59095	 0.0461966	 -4.15683	 0.00597694	 -1.81215	 -0.0479945
66.46	 -2.61811	 0.0464879	 -4.12281	 0.00566726	 -1.73007	 -0.0480648
66.48	 -2.64451	 0.0467775	 -4.0882	 0.00536521	 -1.64722	 -0.0481291
66.5	 -2.67013	 0.0470656	 -4.05302	 0.00507094	 -1.56363	 -0.0481876
66.52	 -2.69494	 0.0473524	 -4.01732	 0.00478458	 -1.47937	 -0.0482404
66.54	 -2.71892	 0.0476378	 -3.98113	 0.00450627	 -1.39446	 -0.0482879
66.56	 -2.74206	 0.0479222	 -3.94448	 0.00423612	 -1.30897	 -0.0483303
66.58	 -2.76435	 0.0482055	 -3.9074	 0.00397425	 -1.22293	 -0.0483677
66.6	 -2.78575	 0.048488	 -3.86994	 0.00372076	 -1.1364	 -0.0484006
66.62	 -2.80626	 0.0487699	 -3.83211	 0.00347572	 -1.04944	 -0.0484291
66.64	 -2.82586	 0.0490513	 -3.79396	 0.00323922	 -0.962084	 -0.0484538
66.66	 -2.84453	 0.0493324	 -3.75552	 0.0030113	 -0.874392	 -0.0484748
66.68	 -2.86225	 0.0496135	 -3.71683	 0.00279203	 -0.786417	 -0.0484926
66.7	 -2.87901	 0.0498947	 -3.67791	 0.00258145	 -0.69821	 -0.0485077
66.72	 -2.8948	 0.0501764	 -3.6388	 0.00237959	 -0.609827	 -0.0485204
66.74	 -2.9096	 0.0504587	 -3.59954	 0.00218648	 -0.521321	 -0.0485312
66.76	 -2.92339	 0.050742	 -3.56016	 0.00200213	 -0.432746	 -0.0485407
66.78	 -2.93617	 0.0510266	 -3.52069	 0.00182653	 -0.344158	 -0.0485493
66.8	 -2.94791	 0.0513127	 -3.48116	 0.00165967	 -0.255612	 -0.0485577
66.82	 -2.95861	 0.0516008	 -3.4416	 0.00150151	 -0.167164	 -0.0485665
66.84	 -2.96826	 0.0518911	 -3.40206	 0.001352	 -0.0788691	 -0.0485762
66.86	 -2.97684	 0.052184	 -3.36255	 0.0012111	 0.00921718	 -0.0485875
66.88	 -2.98435	 0.05248	 -3.32311	 0.00107874	 0.0970387	 -0.0486012
66.9	 -2.99076	 0.0527794	 -3.28378	 0.000954834	 0.18454	 -0.048618
66.92	 -2.99608	 0.0530826	 -3.24458	 0.000839284	 0.271665	 -0.0486385
66.94	 -3.0003	 0.05339	 -3.20554	 0.000731981	 0.358359	 -0.0486636
66.96	 -3.0034	 0.0537022	 -3.16669	 0.000632799	 0.444566	 -0.0486942
66.98	 -3.00538	 0.0540195	 -3.12806	 0.000541618	 0.530231	 -0.0487309
67	 -3.00624	 0.0543424	 -3.08968	 0.000458344	 0.615301	 -0.0487746
67.02	 -3.00596	 0.0546714	 -3.05158	 0.000382928	 0.699721	 -0.0488263
67.04	 -3.00454	 0.055007	 -3.01378	 0.000314052	 0.783437	 -0.0488868
67.06	 -3.00198	 0.0553497	 -2.97631	 0.000253306	 0.866397	 -0.048957
67.08	 -2.99827	 0.0556999	 -2.9392	 0.000199892	 0.948549	 -0.0490377
67.1	 -2.9934	 0.0560583	 -2.90247	 0.000153499	 1.02984	 -0.0491298
67.12	 -2.98739	 0.0564252	 -2.86614	 0.00011385	 1.11022	 -0.0492343
67.14	 -2.98022	 0.0568012	 -2.83024	 8.05275e-05	 1.18964	 -0.049352
67.16	 -2.97189	 0.0571867	 -2.79479	 5.31045e-05	 1.26806	 -0.0494839
67.18	 -2.9624	 0.0575824	 -2.75981	 3.22642e-05	 1.34541	 -0.0496309
67.2	 -2.95176	 0.0579889	 -2.72532	 1.88327e-05	 1.42167	 -0.049794
67.22	 -2.93996	 0.0584067	 -2.69135	 1.1709e-05	 1.49677	 -0.0499743
67.24	 -2.92701	 0.0588363	 -2.6579	 1.07001e-05	 1.57068	 -0.0501725
67.26	 -2.91291	 0.0592782	 -2.62501	 1.57027e-05	 1.64336	 -0.0503896
67.28	 -2.89766	 0.0597329	 -2.59268	 2.63911e-05	 1.71476	 -0.0506265
67.3	 -2.88126	 0.0602009	 -2.56094	 4.24617e-05	 1.78484	 -0.0508841
67.32	 -2.86372	 0.0606825	 -2.52979	 6.3641e-05	 1.85357	 -0.051163
67.34	 -2.84505	 0.0611783	 -2.49925	 8.96666e-05	 1.9209	 -0.0514642
67.36	 -2.82524	 0.0616886	 -2.46933	 0.00012029	 1.98681	 -0.0517883
67.38	 -2.80432	 0.0622139	 -2.44004	 0.000155239	 2.05126	 -0.0521362
67.4	 -2.78228	 0.0627547	 -2.4114	 0.000194234	 2.11422	 -0.0525087
67.42	 -2.75914	 0.0633113	 -2.38342	 0.000236994	 2.17565	 -0.0529067
67.44	 -2.73489	 0.0638842	 -2.35609	 0.000283239	 2.23553	 -0.0533308
67.46	 -2.70956	 0.0644739	 -2.32944	 0.000332717	 2.29384	 -0.0537817
67.48	 -2.68315	 0.0650806	 -2.30345	 0.000385194	 2.35055	 -0.0542601
67.5	 -2.65567	 0.0657047	 -2.27814	 0.000440515	 2.40563	 -0.0547663
67.52	 -2.62714	 0.0663461	 -2.25352	 0.000498601	 2.45907	 -0.0553005
67.54	 -2.59756	 0.0670051	 -2.22957	 0.000559453	 2.51085	 -0.0558628
67.56	 -2.56695	 0.0676815	 -2.20631	 0.000623137	 2.56096	 -0.0564531
67.58	 -2.53533	 0.0683754	 -2.18374	 0.000689762	 2.60937	 -0.0570713
67.6	 -2.5027	 0.0690867	 -2.16184	 0.000759461	 2.65609	 -0.0577175
67.62	 -2.46908	 0.0698154	 -2.14061	 0.000832362	 2.7011	 -0.0583914
67.64	 -2.43448	 0.0705613	 -2.12006	 0.000908584	 2.74438	 -0.0590927
67.66	 -2.39893	 0.0713243	 -2.10017	 0.000988243	 2.78595	 -0.0598211
67.68	 -2.36243	 0.0721041	 -2.08094	 0.00107147	 2.8258	 -0.060576
67.7	 -2.325	 0.0729005	 -2.06236	 0.00115843	 2.86392	 -0.0613569
67.72	 -2.28667	 0.0737131	 -2.04442	 0.00124937	 2.90033	 -0.0621629
67.74	 -2.24744	 0.0745415	 -2.02711	 0.00134463	 2.93502	 -0.0629934
67.76	 -2.20735	 0.0753852	 -2.0104	 0.00144465	 2.96801	 -0.0638472
67.78	 -2.16639	 0.0762438	 -1.9943	 0.00154989	 2.99931	 -0.0647236
67.8	 -2.1246	 0.0771167	 -1.97878	 0.00166082	 3.02892	 -0.0656213
67.82	 -2.08199	 0.0780032	 -1.96383	 0.00177789	 3.05686	 -0.0665392
67.84	 -2.03859	 0.0789029	 -1.94942	 0.00190153	 3.08316	 -0.0674761
67.86	 -1.99441	 0.079815	 -1.93555	 0.00203221	 3.10783	 -0.0684307
67.88	 -1.94947	 0.0807388	 -1.92218	 0.00217045	 3.13089	 -0.0694015
67.9	 -1.9038	 0.0816737	 -1.9093	 0.0023168	 3.15236	 -0.0703873
67.92	 -1.85741	 0.0826189	 -1.89689	 0.00247184	 3.17228	 -0.0713866
67.94	 -1.81032	 0.0835737	 -1.88491	 0.00263608	 3.19067	 -0.0723979
67.96	 -1.76257	 0.0845374	 -1.87335	 0.00281002	 3.20757	 -0.0734199
67.98	 -1.71417	 0.0855092	 -1.86218	 0.00299414	 3.22299	 -0.0744509
68	 -1.66513	 0.0864883	 -1.85137	 0.00318904	 3.23698	 -0.0754896
68.02	 -1.6155	 0.087474	 -1.8409	 0.00339526	 3.24958	 -0.0765343
68.04	 -1.56528	 0.0884654	 -1.83073	 0.00361324	 3.26082	 -0.0775834
68.06	 -1.5145	 0.0894616	 -1.82084	 0.00384351	 3.27073	 -0.0786352
68.08	 -1.46319	 0.0904619	 -1.81119	 0.00408665	 3.27936	 -0.0796881
68.1	 -1.41136	 0.0914654	 -1.80176	 0.00434304	 3.28675	 -0.0807407
68.12	 -1.35905	 0.0924714	 -1.79251	 0.00461313	 3.29295	 -0.0817914
68.14	 -1.30627	 0.0934788	 -1.78341	 0.00489746	 3.29799	 -0.0828382
68.16	 -1.25305	 0.0944869	 -1.77444	 0.00519633	 3.30192	 -0.0838796
68.18	 -1.19941	 0.0954947	 -1.76555	 0.00551009	 3.30479	 -0.0849139
68.2	 -1.14538	 0.0965014	 -1.75671	 0.00583908	 3.30665	 -0.0859396
68.22	 -1.09098	 0.097506	 -1.74789	 0.0061835	 3.30754	 -0.0869546
68.24	 -1.03623	 0.0985074	 -1.73905	 0.00654273	 3.3075	 -0.0879574
68.26	 -0.981166	 0.0995048	 -1.73016	 0.00691821	 3.3066	 -0.0889462
68.28	 -0.925804	 0.100497	 -1.72119	 0.00731037	 3.30488	 -0.0899193
68.3	 -0.870169	 0.101484	 -1.71209	 0.00771935	 3.30239	 -0.0908749
68.32	 -0.814287	 0.102464	 -1.70284	 0.00814511	 3.29918	 -0.0918113
68.34	 -0.758181	 0.103436	 -1.6934	 0.00858725	 3.2953	 -0.0927268
68.36	 -0.701874	 0.104399	 -1.68374	 0.00904565	 3.2908	 -0.0936199
68.38	 -0.645393	 0.105353	 -1.67382	 0.00952139	 3.28572	 -0.0944888
68.4	 -0.588758	 0.106296	 -1.6636	 0.0100146	 3.28013	 -0.0953322
68.42	 -0.531996	 0.107227	 -1.65305	 0.0105254	 3.27406	 -0.0961484
68.44	 -0.47512	 0.108147	 -1.64215	 0.0110223	 3.26755	 -0.0969454
68.46	 -0.418129	 0.109055	 -1.63087	 0.0115175	 3.26064	 -0.0977243
68.48	 -0.361014	 0.109952	 -1.6192	 0.0120096	 3.25335	 -0.0984846
68.5	 -0.303764	 0.110835	 -1.60713	 0.0124976	 3.24571	 -0.0992236
68.52	 -0.246368	 0.111703	 -1.59465	 0.0129806	 3.23775	 -0.099938
68.54	 -0.188822	 0.112556	 -1.58175	 0.0134625	 3.22951	 -0.100625
68.56	 -0.131122	 0.11339	 -1.56841	 0.0139393	 3.22103	 -0.101281
68.58	 -0.0732681	 0.114207	 -1.55461	 0.0144115	 3.21236	 -0.101906
68.6	 -0.0152612	 0.115003	 -1.54034	 0.0148792	 3.20352	 -0.102497
68.62	 0.0428986	 0.115779	 -1.52558	 0.015344	 3.19454	 -0.103053
68.64	 0.101212	 0.116532	 -1.51032	 0.0157986	 3.18545	 -0.103574
68.66	 0.159681	 0.117262	 -1.49455	 0.0162507	 3.17627	 -0.104055
68.68	 0.218304	 0.117963	 -1.47826	 0.0166985	 3.16701	 -0.10449
68.7	 0.277076	 0.118634	 -1.46146	 0.0171429	 3.15766	 -0.104871
68.72	 0.335992	 0.119273	 -1.44416	 0.0175836	 3.14821	 -0.105198
68.74	 0.395045	 0.119874	 -1.42637	 0.018021	 3.13863	 -0.105463
68.76	 0.454223	 0.120439	 -1.40813	 0.0184633	 3.12889	 -0.105663
68.78	 0.513515	 0.120964	 -1.38944	 0.0189009	 3.11894	 -0.105796
68.8	 0.572908	 0.121447	 -1.37033	 0.019335	 3.10876	 -0.10586
68.82	 0.632388	 0.121887	 -1.35082	 0.0197649	 3.09831	 -0.105852
68.84	 0.69194	 0.122281	 -1.33094	 0.0201906	 3.08753	 -0.105767
68.86	 0.751545	 0.122626	 -1.3107	 0.0206113	 3.07638	 -0.1056
68.88	 0.811186	 0.122919	 -1.29015	 0.0210256	 3.06482	 -0.105347
68.9	 0.870842	 0.123157	 -1.2693	 0.0214328	 3.05278	 -0.105003
68.92	 0.930493	 0.123336	 -1.24819	 0.0218321	 3.0402	 -0.104563
68.94	 0.990116	 0.123454	 -1.22686	 0.0222221	 3.02701	 -0.104022
68.96	 1.04969	 0.123508	 -1.20534	 0.0226011	 3.01316	 -0.103377
68.98	 1.10919	 0.123493	 -1.18367	 0.0229668	 2.99856	 -0.102623
69	 1.16859	 0.123407	 -1.16189	 0.0233167	 2.98316	 -0.101755
69.02	 1.22788	 0.123247	 -1.14005	 0.0236477	 2.96687	 -0.100768
69.04	 1.28703	 0.123008	 -1.11816	 0.0239565	 2.94963	 -0.0996585
69.06	 1.34602	 0.122686	 -1.09629	 0.0242396	 2.93138	 -0.0984208
69.08	 1.40483	 0.122279	 -1.07447	 0.024493	 2.91204	 -0.0970511
69.1	 1.46344	 0.121783	 -1.05273	 0.024712	 2.89154	 -0.0955455
69.12	 1.52182	 0.121194	 -1.03113	 0.024892	 2.86982	 -0.0938999
69.14	 1.57997	 0.120508	 -1.00969	 0.0250277	 2.84682	 -0.0921103
69.16	 1.63784	 0.119722	 -0.988457	 0.0251134	 2.82247	 -0.0901729
69.18	 1.69543	 0.118831	 -0.967474	 0.0251433	 2.7967	 -0.0880848
69.2	 1.75272	 0.117834	 -0.94678	 0.0251108	 2.76945	 -0.0858435
69.22	 1.80968	 0.116726	 -0.926415	 0.0250091	 2.74067	 -0.0834475
69.24	 1.86629	 0.115506	 -0.906417	 0.0248309	 2.71029	 -0.080896
69.26	 1.92255	 0.114171	 -0.886825	 0.0245685	 2.67826	 -0.0781893
69.28	 1.97841	 0.112719	 -0.867673	 0.0242136	 2.64453	 -0.0753283
69.3	 2.03388	 0.11115	 -0.848995	 0.0237579	 2.60906	 -0.0723148
69.32	 2.08892	 0.109461	 -0.830824	 0.0231928	 2.57181	 -0.0691511
69.34	 2.14352	 0.107653	 -0.81319	 0.0225097	 2.53275	 -0.0658402
69.36	 2.19766	 0.105725	 -0.796123	 0.0217	 2.49184	 -0.0623861
69.38	 2.25132	 0.103676	 -0.77965	 0.0207553	 2.44906	 -0.0587932
69.4	 2.30449	 0.101507	 -0.763799	 0.0196673	 2.40438	 -0.0550667
69.42	 2.35714	 0.0992194	 -0.748594	 0.0184282	 2.35779	 -0.0512124
69.44	 2.40925	 0.0968133	 -0.734059	 0.0170306	 2.30927	 -0.0472365
69.46	 2.46082	 0.0942904	 -0.720218	 0.0154675	 2.2588	 -0.0431461
69.48	 2.51182	 0.0916526	 -0.707089	 0.0137329	 2.20639	 -0.0389485
69.5	 2.56224	 0.088902	 -0.694692	 0.0118214	 2.15204	 -0.0346515
69.52	 2.61205	 0.0860412	 -0.683042	 0.00972852	 2.09575	 -0.0302633
69.54	 2.66125	 0.083073	 -0.672154	 0.0074508	 2.03753	 -0.0257922
69.56	 2.7098	 0.0800006	 -0.66204	 0.00498584	 1.97741	 -0.0212469
69.58	 2.75771	 0.0768272	 -0.65271	 0.00233231	 1.9154	 -0.0166359
69.6	 2.80494	 0.0735566	 -0.644172	 -0.000510042	 1.85153	 -0.0119681
69.62	 2.85149	 0.0701925	 -0.636433	 -0.00354038	 1.78583	 -0.00725221
69.64	 2.89734	 0.0667392	 -0.629497	 -0.00675689	 1.71834	 -0.00249706
69.66	 2.94246	 0.063201	 -0.623366	 -0.0101568	 1.64911	 0.00228844
69.68	 2.98685	 0.0595826	 -0.618041	 -0.0137364	 1.57818	 0.00709545
69.7	 3.03049	 0.0558886	 -0.61352	 -0.0174913	 1.5056	 0.0119152
69.72	 3.07336	 0.0521242	 -0.6098	 -0.0214163	 1.43143	 0.0167393
69.74	 3.11544	 0.0482942	 -0.606875	 -0.0255052	 1.35574	 0.0215592
69.76	 3.15673	 0.044404	 -0.604739	 -0.0297515	 1.27858	 0.0263669
69.78	 3.1972	 0.040459	 -0.603383	 -0.0341478	 1.20004	 0.0311543
69.8	 3.23683	 0.0364646	 -0.602795	 -0.0386863	 1.12018	 0.0359135
69.82	 3.27561	 0.0324264	 -0.602963	 -0.0433585	 1.03909	 0.040637
69.84	 3.31353	 0.0283502	 -0.603873	 -0.0481555	 0.956843	 0.0453171
69.86	 3.35057	 0.0242417	 -0.605509	 -0.0530678	 0.873532	 0.0499467
69.88	 3.38672	 0.0201069	 -0.607852	 -0.0580855	 0.789246	 0.0545185
69.9	 3.42194	 0.0159517	 -0.610883	 -0.0631983	 0.704079	 0.0590256
69.92	 3.45624	 0.011782	 -0.614581	 -0.0683954	 0.618128	 0.0634612
69.94	 3.4896	 0.0076039	 -0.618923	 -0.0736657	 0.531492	 0.0678187
69.96	 3.52199	 0.00342345	 -0.623887	 -0.0789976	 0.444273	 0.0720915
69.98	 3.55341	 -0.000753282	 -0.629446	 -0.0843792	 0.356575	 0.0762735
70	 3.58384	 -0.00492023	 -0.635574	 -0.0897983	 0.268504	 0.0803584
70.02	 3.61325	 -0.00907131	 -0.642245	 -0.0952425	 0.180169	 0.0843403
70.04	 3.64165	 -0.0132005	 -0.649428	 -0.100699	 0.0916769	 0.0882136
70.06	 3.669	 -0.0173018	 -0.657095	 -0.106154	 0.00314029	 0.0919729
70.08	 3.69531	 -0.0213693	 -0.665215	 -0.111595	 -0.0853296	 0.0956132
70.1	 3.72054	 -0.0254029	 -0.673761	 -0.117007	 -0.173628	 0.0991411
70.12	 3.74469	 -0.0294043	 -0.682704	 -0.122371	 -0.261653	 0.102567
70.14	 3.76775	 -0.0333761	 -0.692019	 -0.127671	 -0.349302	 0.105902
70.16	 3.7897	 -0.0373212	 -0.701679	 -0.132885	 -0.436475	 0.109156
70.18	 3.81052	 -0.0412412	 -0.711655	 -0.137995	 -0.523069	 0.11234
70.2	 3.83021	 -0.0451372	 -0.721918	 -0.142979	 -0.60898	 0.115461
70.22	 3.84876	 -0.0490093	 -0.732436	 -0.147822	 -0.694104	 0.118525
70.24	 3.86614	 -0.0528575	 -0.743179	 -0.152505	 -0.778337	 0.121539
70.26	 3.88235	 -0.0566815	 -0.754113	 -0.157012	 -0.861577	 0.124511
70.28	 3.89737	 -0.0604779	 -0.765209	 -0.161326	 -0.943727	 0.127442
70.3	 3.9112	 -0.0642429	 -0.776434	 -0.165432	 -1.02469	 0.130331
70.32	 3.92382	 -0.0679725	 -0.78776	 -0.169315	 -1.10438	 0.133179
70.34	 3.93522	 -0.071663	 -0.799156	 -0.172958	 -1.1827	 0.135987
70.36	 3.94539	 -0.075311	 -0.810591	 -0.176348	 -1.25956	 0.138755
70.38	 3.95433	 -0.0789139	 -0.822034	 -0.179469	 -1.33487	 0.141486
70.4	 3.96201	 -0.082469	 -0.833453	 -0.182305	 -1.40854	 0.144183
70.42	 3.96844	 -0.0859739	 -0.844814	 -0.184841	 -1.48049	 0.146846
70.44	 3.9736	 -0.0894258	 -0.856084	 -0.187059	 -1.55062	 0.14948
70.46	 3.97748	 -0.0928223	 -0.86723	 -0.188943	 -1.61886	 0.152084
70.48	 3.98007	 -0.0961608	 -0.878219	 -0.190483	 -1.68512	 0.154661
70.5	 3.98137	 -0.0994389	 -0.889016	 -0.191663	 -1.74933	 0.157212
70.52	 3.98136	 -0.102654	 -0.899589	 -0.192472	 -1.8114	 0.15974
70.54	 3.98005	 -0.105804	 -0.909903	 -0.192898	 -1.87127	 0.162246
70.56	 3.97742	 -0.108886	 -0.919925	 -0.192929	 -1.92887	 0.164731
70.58	 3.97346	 -0.111897	 -0.929622	 -0.192555	 -1.98411	 0.167197
70.6	 3.96818	 -0.114835	 -0.93896	 -0.191767	 -2.03694	 0.169643
70.62	 3.96156	 -0.117698	 -0.947907	 -0.190556	 -2.08729	 0.172071
70.64	 3.9536	 -0.120484	 -0.956427	 -0.188915	 -2.1351	 0.174483
70.66	 3.94429	 -0.123192	 -0.96449	 -0.186836	 -2.18031	 0.176881
70.68	 3.93364	 -0.125821	 -0.97206	 -0.184313	 -2.22286	 0.179268
70.7	 3.92164	 -0.128369	 -0.979107	 -0.181341	 -2.2627	 0.181644
70.72	 3.90828	 -0.130835	 -0.985597	 -0.177915	 -2.29978	 0.184009
70.74	 3.89357	 -0.133217	 -0.991499	 -0.174032	 -2.33406	 0.186365
70.76	 3.8775	 -0.135515	 -0.996782	 -0.16969	 -2.36549	 0.188714
70.78	 3.86009	 -0.137727	 -1.00141	 -0.164886	 -2.39403	 0.191055
70.8	 3.84131	 -0.139852	 -1.00537	 -0.159618	 -2.41965	 0.193389
70.82	 3.82119	 -0.141888	 -1.00861	 -0.153887	 -2.44232	 0.195716
70.84	 3.79972	 -0.143836	 -1.01111	 -0.147692	 -2.46202	 0.198037
70.86	 3.7769	 -0.145694	 -1.01285	 -0.141036	 -2.47871	 0.200352
70.88	 3.75275	 -0.147461	 -1.01379	 -0.13392	 -2.49239	 0.20266
70.9	 3.72726	 -0.149138	 -1.0139	 -0.126348	 -2.50303	 0.204962
70.92	 3.70044	 -0.150723	 -1.01317	 -0.118324	 -2.51063	 0.207257
70.94	 3.67231	 -0.152216	 -1.01156	 -0.109854	 -2.51517	 0.209546
70.96	 3.64286	 -0.153618	 -1.00906	 -0.100944	 -2.51666	 0.211828
70.98	 3.6121	 -0.154927	 -1.00562	 -0.0916024	 -2.5151	 0.214103
71	 3.58005	 -0.156144	 -1.00124	 -0.0818375	 -2.51048	 0.216369
71.02	 3.54672	 -0.15727	 -0.995895	 -0.071659	 -2.50282	 0.218627
71.04	 3.51211	 -0.158303	 -0.989556	 -0.0610776	 -2.49213	 0.220874
71.06	 3.47624	 -0.159245	 -0.982205	 -0.0501044	 -2.47842	 0.223111
71.08	 3.43912	 -0.160095	 -0.973824	 -0.0387515	 -2.46171	 0.225334
71.1	 3.40076	 -0.160854	 -0.964393	 -0.0270317	 -2.44203	 0.227543
71.12	 3.36118	 -0.161523	 -0.953897	 -0.0149586	 -2.41939	 0.229737
71.14	 3.32039	 -0.162101	 -0.94232	 -0.00254665	 -2.39384	 0.231911
71.16	 3.27841	 -0.162589	 -0.929646	 0.0101889	 -2.3654	 0.234066
71.18	 3.23525	 -0.162988	 -0.915861	 0.0232322	 -2.33411	 0.236196
71.2	 3.19093	 -0.163297	 -0.900955	 0.0365662	 -2.30001	 0.238301
71.22	 3.14547	 -0.163518	 -0.884915	 0.0501734	 -2.26315	 0.240376
71.24	 3.09888	 -0.163651	 -0.867732	 0.0640355	 -2.22357	 0.242418
71.26	 3.05119	 -0.163695	 -0.849399	 0.0781334	 -2.18132	 0.244422
71.28	 3.0024	 -0.163651	 -0.829909	 0.0924471	 -2.13645	 0.246385
71.3	 2.95254	 -0.16352	 -0.809255	 0.106956	 -2.08903	 0.248301
71.32	 2.90163	 -0.163301	 -0.787436	 0.12164	 -2.03911	 0.250165
71.34	 2.84969	 -0.162994	 -0.764449	 0.136476	 -1.98676	 0.251971
71.36	 2.79674	 -0.162599	 -0.740294	 0.151442	 -1.93204	 0.253713
71.38	 2.74279	 -0.162116	 -0.714972	 0.166514	 -1.87502	 0.255384
71.4	 2.68788	 -0.161544	 -0.688487	 0.181671	 -1.81578	 0.256976
71.42	 2.63201	 -0.160881	 -0.660843	 0.196886	 -1.75438	 0.258481
71.44	 2.57521	 -0.160127	 -0.632048	 0.212136	 -1.69092	 0.25989
71.46	 2.51751	 -0.159281	 -0.60211	 0.227396	 -1.62546	 0.261193
71.48	 2.45891	 -0.15834	 -0.571041	 0.242639	 -1.5581	 0.262381
71.5	 2.39946	 -0.157304	 -0.538851	 0.25784	 -1.48892	 0.263442
71.52	 2.33916	 -0.156169	 -0.505558	 0.272973	 -1.41801	 0.264366
71.54	 2.27803	 -0.154933	 -0.471176	 0.288009	 -1.34546	 0.265139
71.56	 2.21611	 -0.153594	 -0.435725	 0.302922	 -1.27137	 0.26575
71.58	 2.15341	 -0.15215	 -0.399226	 0.317682	 -1.19584	 0.266185
71.6	 2.08995	 -0.150596	 -0.361702	 0.332263	 -1.11895	 0.266431
71.62	 2.02576	 -0.14893	 -0.323178	 0.346636	 -1.04083	 0.266474
71.64	 1.96085	 -0.147149	 -0.283682	 0.360772	 -0.961564	 0.2663
71.66	 1.89525	 -0.145249	 -0.243243	 0.374644	 -0.881266	 0.265895
71.68	 1.82898	 -0.143227	 -0.201894	 0.388224	 -0.800045	 0.265244
71.7	 1.76207	 -0.141082	 -0.159669	 0.401463	 -0.718004	 0.264334
71.72	 1.69453	 -0.138809	 -0.116605	 0.414347	 -0.63526	 0.263152
71.74	 1.62638	 -0.136407	 -0.0727416	 0.426837	 -0.551924	 0.261683
71.76	 1.55766	 -0.133873	 -0.0281208	 0.438899	 -0.468112	 0.259915
71.78	 1.48837	 -0.131206	 0.0172132	 0.450512	 -0.383938	 0.257837
71.8	 1.41855	 -0.128403	 0.0632133	 0.461651	 -0.299514	 0.255436
71.82	 1.34821	 -0.125465	 0.10983	 0.472272	 -0.214957	 0.252703
71.84	 1.27739	 -0.122392	 0.157011	 0.48234	 -0.130381	 0.249627
71.86	 1.2061	 -0.119184	 0.204702	 0.491822	 -0.0458968	 0.246199
71.88	 1.13437	 -0.115841	 0.252846	 0.500684	 0.0383827	 0.24241
71.9	 1.06224	 -0.112364	 0.30138	 0.508893	 0.122347	 0.238251
71.92	 0.989722	 -0.108756	 0.350243	 0.516423	 0.205884	 0.233717
71.94	 0.91686	 -0.105017	 0.399366	 0.523242	 0.28888	 0.2288
71.96	 0.843688	 -0.101152	 0.448681	 0.529324	 0.371221	 0.223495
71.98	 0.770244	 -0.0971625	 0.498113	 0.534642	 0.452788	 0.2178
72	 0.696569	 -0.0930534	 0.547586	 0.539175	 0.533461	 0.211712
72.02	 0.622707	 -0.0888287	 0.597023	 0.542899	 0.613115	 0.20523
72.04	 0.548706	 -0.0844929	 0.64634	 0.545796	 0.691623	 0.198355
72.06	 0.474614	 -0.0800512	 0.695455	 0.54785	 0.768856	 0.191089
72.08	 0.400483	 -0.0755091	 0.744281	 0.549047	 0.844681	 0.183435
72.1	 0.326367	 -0.0708726	 0.792731	 0.549377	 0.918963	 0.175401
72.12	 0.25232	 -0.066148	 0.840717	 0.548834	 0.991566	 0.166994
72.14	 0.178397	 -0.0613424	 0.888149	 0.547411	 1.06235	 0.158223
72.16	 0.104654	 -0.0564631	 0.934938	 0.545105	 1.13119	 0.1491
72.18	 0.0311449	 -0.0515176	 0.980996	 0.541913	 1.19794	 0.139637
72.2	 -0.042074	 -0.0465136	 1.02623	 0.537836	 1.26247	 0.129849
72.22	 -0.114948	 -0.0414588	 1.07057	 0.532876	 1.32466	 0.119748
72.24	 -0.187424	 -0.0363609	 1.1139	 0.527038	 1.38439	 0.10935
72.26	 -0.259446	 -0.0312277	 1.15616	 0.520331	 1.44154	 0.0986698
72.28	 -0.33096	 -0.0260672	 1.19726	 0.512764	 1.49599	 0.087725
72.3	 -0.401913	 -0.0208876	 1.23712	 0.504349	 1.54763	 0.0765332
72.32	 -0.472251	 -0.0156972	 1.27565	 0.495099	 1.59636	 0.0651133
72.34	 -0.541922	 -0.0105043	 1.31279	 0.485028	 1.64208	 0.0534852
72.36	 -0.610874	 -0.0053174	 1.34844	 0.474152	 1.68471	 0.0416697
72.38	 -0.679057	 -0.000145033	 1.38255	 0.46249	 1.72416	 0.0296885
72.4	 -0.746423	 0.00500433	 1.41505	 0.450061	 1.76036	 0.0175636
72.42	 -0.812924	 0.0101224	 1.44587	 0.436887	 1.79325	 0.00531751
72.44	 -0.878514	 0.0152013	 1.47495	 0.422997	 1.82278	 -0.00702704
72.46	 -0.943147	 0.0202331	 1.50223	 0.40842	 1.84891	 -0.0194472
72.48	 -1.00678	 0.0252102	 1.52765	 0.39319	 1.87159	 -0.0319197
72.5	 -1.06936	 0.0301252	 1.55117	 0.377341	 1.89078	 -0.0444209
72.52	 -1.13085	 0.0349706	 1.57273	 0.360912	 1.90645	 -0.0569269
72.54	 -1.1912	 0.0397391	 1.59229	 0.34394	 1.91857	 -0.0694129
72.56	 -1.25038	 0.0444231	 1.60981	 0.32646	 1.92709	 -0.081854
72.58	 -1.30833	 0.0490155	 1.62525	 0.308511	 1.93202	 -0.0942246
72.6	 -1.36502	 0.0535092	 1.63857	 0.290135	 1.93332	 -0.106499
72.62	 -1.42041	 0.0578974	 1.64976	 0.271371	 1.931	 -0.118652
72.64	 -1.47446	 0.0621737	 1.65879	 0.252264	 1.92506	 -0.130657
72.66	 -1.52714	 0.0663317	 1.66562	 0.23286	 1.91552	 -0.142489
72.68	 -1.5784	 0.0703657	 1.67027	 0.213204	 1.90239	 -0.154122
72.7	 -1.62822	 0.0742698	 1.6727	 0.193345	 1.88571	 -0.165531
72.72	 -1.67655	 0.0780388	 1.67291	 0.173331	 1.86552	 -0.176692
72.74	 -1.72337	 0.0816672	 1.67091	 0.153208	 1.84186	 -0.187581
72.76	 -1.76864	 0.0851499	 1.6667	 0.133021	 1.81476	 -0.198173
72.78	 -1.81233	 0.088482	 1.66027	 0.112816	 1.78429	 -0.208447
72.8	 -1.85442	 0.0916591	 1.65165	 0.092641	 1.7505	 -0.218378
72.82	 -1.89487	 0.094677	 1.64085	 0.0725424	 1.71346	 -0.227945
72.84	 -1.93367	 0.0975318	 1.6279	 0.0525681	 1.67325	 -0.237125
72.86	 -1.97077	 0.10022	 1.61281	 0.0327655	 1.62996	 -0.245898
72.88	 -2.00617	 0.102739	 1.59563	 0.01318	 1.58368	 -0.254243
72.9	 -2.03984	 0.105085	 1.57638	 -0.00614353	 1.53449	 -0.262144
72.92	 -2.07175	 0.107256	 1.5551	 -0.0251604	 1.48252	 -0.26958
72.94	 -2.10189	 0.10925	 1.53184	 -0.0438287	 1.42786	 -0.276537
72.96	 -2.13024	 0.111065	 1.50665	 -0.0621077	 1.37063	 -0.282998
72.98	 -2.15679	 0.112698	 1.47957	 -0.0799579	 1.31095	 -0.288948
73	 -2.18151	 0.114149	 1.45067	 -0.0973413	 1.24893	 -0.294373
73.02	 -2.20439	 0.115416	 1.42	 -0.114221	 1.18471	 -0.299261
73.04	 -2.22543	 0.1165	 1.38761	 -0.130561	 1.11843	 -0.303601
73.06	 -2.24461	 0.117399	 1.35359	 -0.146326	 1.05021	 -0.307382
73.08	 -2.26193	 0.118114	 1.318	 -0.161486	 0.980205	 -0.310598
73.1	 -2.27737	 0.118648	 1.28089	 -0.176012	 0.908526	 -0.313247
73.12	 -2.29095	 0.119006	 1.24232	 -0.18988	 0.835282	 -0.315329
73.14	 -2.30266	 0.119192	 1.20236	 -0.203067	 0.760575	 -0.31685
73.16	 -2.31252	 0.11921	 1.16104	 -0.215551	 0.68449	 -0.317809
73.18	 -2.32054	 0.119061	 1.11842	 -0.227314	 0.607104	 -0.318203
73.2	 -2.32674	 0.118748	 1.07455	 -0.238337	 0.528495	 -0.318029
73.22	 -2.33114	 0.118271	 1.02947	 -0.248602	 0.448745	 -0.317286
73.24	 -2.33374	 0.117632	 0.983233	 -0.258094	 0.367945	 -0.315976
73.26	 -2.33457	 0.116833	 0.93591	 -0.266797	 0.286191	 -0.314102
73.28	 -2.33365	 0.115878	 0.88756	 -0.274705	 0.203583	 -0.31167
73.3	 -2.331	 0.11477	 0.838249	 -0.28181	 0.120226	 -0.308686
73.32	 -2.32663	 0.113512	 0.788046	 -0.288111	 0.0362204	 -0.30516
73.34	 -2.32057	 0.11211	 0.737018	 -0.293607	 -0.0483308	 -0.301101
73.36	 -2.31284	 0.110567	 0.685235	 -0.298299	 -0.133328	 -0.296517
73.38	 -2.30348	 0.108888	 0.632765	 -0.302192	 -0.218673	 -0.291421
73.4	 -2.2925	 0.107077	 0.579676	 -0.305291	 -0.304268	 -0.285825
73.42	 -2.27993	 0.105139	 0.526039	 -0.307605	 -0.390016	 -0.279743
73.44	 -2.26581	 0.103078	 0.471923	 -0.309144	 -0.475821	 -0.27319
73.46	 -2.25017	 0.1009	 0.4174	 -0.309922	 -0.561589	 -0.266182
73.48	 -2.23302	 0.0986096	 0.36254	 -0.309953	 -0.647223	 -0.258737
73.5	 -2.21442	 0.0962125	 0.307415	 -0.309257	 -0.732631	 -0.250872
73.52	 -2.19438	 0.093714	 0.252099	 -0.30785	 -0.81772	 -0.242607
73.54	 -2.17294	 0.0911199	 0.196662	 -0.305755	 -0.902399	 -0.233961
73.56	 -2.15014	 0.0884361	 0.141178	 -0.302991	 -0.986577	 -0.224954
73.58	 -2.12601	 0.0856686	 0.0857174	 -0.299583	 -1.07017	 -0.215608
73.6	 -2.10058	 0.0828233	 0.0303512	 -0.295557	 -1.15308	 -0.205944
73.62	 -2.07389	 0.0799064	 -0.0248505	 -0.290938	 -1.23525	 -0.195986
73.64	 -2.04599	 0.076924	 -0.0798184	 -0.285754	 -1.31657	 -0.185756
73.66	 -2.0169	 0.0738824	 -0.134484	 -0.280035	 -1.39699	 -0.175278
73.68	 -1.98666	 0.0707879	 -0.188779	 -0.27381	 -1.47641	 -0.164576
73.7	 -1.95531	 0.0676469	 -0.242638	 -0.267109	 -1.55478	 -0.153675
73.72	 -1.92288	 0.0644657	 -0.295994	 -0.259963	 -1.63202	 -0.142599
73.74	 -1.88943	 0.0612507	 -0.348783	 -0.252403	 -1.70806	 -0.131372
73.76	 -1.85497	 0.0580085	 -0.400942	 -0.244462	 -1.78284	 -0.12002
73.78	 -1.81956	 0.0547453	 -0.452408	 -0.236172	 -1.85629	 -0.108568
73.8	 -1.78323	 0.0514676	 -0.503123	 -0.227567	 -1.92837	 -0.0970401
73.82	 -1.74603	 0.0481816	 -0.553026	 -0.21868	 -1.99901	 -0.0854625
73.84	 -1.70798	 0.0448935	 -0.602063	 -0.209545	 -2.06816	 -0.0738599
73.86	 -1.66912	 0.0416097	 -0.650176	 -0.200194	 -2.13578	 -0.0622571
73.88	 -1.6295	 0.0383362	 -0.697313	 -0.190661	 -2.20182	 -0.0506788
73.9	 -1.58916	 0.0350791	 -0.743422	 -0.180979	 -2.26623	 -0.0391494
73.92	 -1.54813	 0.0318444	 -0.788454	 -0.171181	 -2.32898	 -0.0276931
73.94	 -1.50645	 0.0286378	 -0.832362	 -0.161299	 -2.39003	 -0.0163335
73.96	 -1.46416	 0.0254653	 -0.875099	 -0.151364	 -2.44935	 -0.00509402
73.98	 -1.42129	 0.0223324	 -0.916623	 -0.141407	 -2.5069	 0.00600263
74	 -1.37789	 0.0192446	 -0.956893	 -0.13146	 -2.56267	 0.0169341
74.02	 -1.33399	 0.0162073	 -0.99587	 -0.121551	 -2.61663	 0.0276784
74.04	 -1.28962	 0.0132257	 -1.03352	 -0.111711	 -2.66877	 0.0382144
74.06	 -1.24482	 0.0103048	 -1.0698	 -0.101968	 -2.71905	 0.0485213
74.08	 -1.19964	 0.00744548	 -1.1047	 -0.0923485	 -2.76749	 0.0585874
74.1	 -1.15409	 0.00464355	 -1.13818	 -0.0828766	 -2.81408	 0.0684114
74.12	 -1.10821	 0.00189597	 -1.17023	 -0.0735748	 -2.85884	 0.0779888
74.14	 -1.06203	 -0.000800202	 -1.20085	 -0.0644637	 -2.90179	 0.0873146
74.16	 -1.01558	 -0.00344686	 -1.23001	 -0.0555629	 -2.94296	 0.0963819
74.18	 -0.968886	 -0.00604494	 -1.25771	 -0.0468915	 -2.98235	 0.105183
74.2	 -0.921988	 -0.00859488	 -1.28395	 -0.0384683	 -3.01999	 0.11371
74.22	 -0.87491	 -0.011097	 -1.30871	 -0.0303126	 -3.05589	 0.121956
74.24	 -0.827685	 -0.0135521	 -1.33198	 -0.0224431	 -3.09006	 0.129916
74.26	 -0.780341	 -0.0159609	 -1.35376	 -0.014877	 -3.12254	 0.137585
74.28	 -0.732908	 -0.0183249	 -1.37403	 -0.00762956	 -3.15333	 0.14496
74.3	 -0.685413	 -0.0206456	 -1.39281	 -0.000714613	 -3.18246	 0.152038
74.32	 -0.637885	 -0.0229244	 -1.41009	 0.00585551	 -3.20995	 0.158816
74.34	 -0.590353	 -0.0251631	 -1.42587	 0.0120696	 -3.23583	 0.165292
74.36	 -0.542842	 -0.0273632	 -1.44015	 0.0179181	 -3.26012	 0.171465
74.38	 -0.49538	 -0.029526	 -1.45295	 0.0233923	 -3.28285	 0.177333
74.4	 -0.447994	 -0.0316531	 -1.46427	 0.0284843	 -3.30405	 0.182897
74.42	 -0.40071	 -0.0337458	 -1.47411	 0.0331871	 -3.32374	 0.188156
74.44	 -0.353554	 -0.0358055	 -1.48249	 0.0374953	 -3.34195	 0.19311
74.46	 -0.30655	 -0.0378338	 -1.48942	 0.0414044	 -3.3587	 0.197762
74.48	 -0.259723	 -0.0398321	 -1.49492	 0.0449111	 -3.37404	 0.202112
74.5	 -0.213098	 -0.0418019	 -1.49899	 0.0480133	 -3.38797	 0.206164
74.52	 -0.166698	 -0.0437446	 -1.50166	 0.0507105	 -3.40053	 0.209919
74.54	 -0.120546	 -0.0456618	 -1.50294	 0.053003	 -3.41176	 0.213382
74.56	 -0.0746647	 -0.0475549	 -1.50286	 0.0548921	 -3.42167	 0.216556
74.58	 -0.029077	 -0.0494251	 -1.50144	 0.0563805	 -3.43031	 0.219444
74.6	 0.0161959	 -0.0512733	 -1.49869	 0.0574716	 -3.43769	 0.22205
74.62	 0.0611328	 -0.053101	 -1.49465	 0.05817	 -3.44384	 0.22438
74.64	 0.105713	 -0.0549097	 -1.48934	 0.0584812	 -3.4488	 0.22644
74.66	 0.149917	 -0.056701	 -1.48279	 0.058412	 -3.4526	 0.228235
74.68	 0.193724	 -0.0584759	 -1.47502	 0.05797	 -3.45525	 0.229772
74.7	 0.237116	 -0.0602353	 -1.46607	 0.0571639	 -3.45679	 0.231056
74.72	 0.280075	 -0.0619804	 -1.45596	 0.0560033	 -3.45725	 0.232095
74.74	 0.322582	 -0.063712	 -1.44474	 0.0544984	 -3.45666	 0.232895
74.76	 0.36462	 -0.0654311	 -1.43243	 0.0526605	 -3.45503	 0.233463
74.78	 0.406172	 -0.0671386	 -1.41907	 0.0505016	 -3.4524	 0.233808
74.8	 0.447222	 -0.0688352	 -1.40469	 0.0480345	 -3.4488	 0.233937
74.82	 0.487755	 -0.0705212	 -1.38934	 0.0452726	 -3.44425	 0.233856
74.84	 0.527755	 -0.0721971	 -1.37304	 0.0422303	 -3.43877	 0.233575
74.86	 0.567209	 -0.0738631	 -1.35584	 0.0389224	 -3.4324	 0.233101
74.88	 0.606101	 -0.0755192	 -1.33779	 0.0353643	 -3.42516	 0.232441
74.9	 0.644418	 -0.0771652	 -1.31891	 0.031572	 -3.41706	 0.231603
74.92	 0.682148	 -0.0788008	 -1.29926	 0.0275619	 -3.40815	 0.230595
74.94	 0.71928	 -0.0804252	 -1.27887	 0.0233509	 -3.39843	 0.229423
74.96	 0.7558	 -0.0820376	 -1.25779	 0.0189561	 -3.38795	 0.228095
74.98	 0.791698	 -0.0836367	 -1.23607	 0.014395	 -3.37671	 0.226618
75	 0.826966	 -0.0852207	 -1.21375	 0.00969486	 -3.36475	 0.224999
75.02	 0.861598	 -0.0867863	 -1.19087	 0.0049202	 -3.35209	 0.223254
75.04	 0.89559	 -0.0883315	 -1.1675	 0.000120808	 -3.33874	 0.221397
75.06	 0.928939	 -0.0898529	 -1.14369	 -0.00469423	 -3.32473	 0.219426
75.08	 0.961636	 -0.0913437	 -1.1195	 -0.00951166	 -3.3101	 0.217338
75.1	 0.993676	 -0.0927954	 -1.09501	 -0.014316	 -3.29489	 0.215123
75.12	 1.02504	 -0.0942013	 -1.0703	 -0.0190924	 -3.27917	 0.212779
75.14	 1.05573	 -0.0955562	 -1.04545	 -0.0238261	 -3.263	 0.210306
75.16	 1.0857	 -0.0968551	 -1.02055	 -0.0285023	 -3.24646	 0.207704
75.18	 1.11497	 -0.098094	 -0.995676	 -0.0331054	 -3.22963	 0.204977
75.2	 1.14349	 -0.0992688	 -0.970915	 -0.0376193	 -3.21259	 0.202125
75.22	 1.17128	 -0.100375	 -0.946349	 -0.0420277	 -3.19542	 0.19915
75.24	 1.19831	 -0.101412	 -0.922058	 -0.0463142	 -3.17818	 0.196057
75.26	 1.22457	 -0.102374	 -0.898122	 -0.0504627	 -3.16094	 0.192848
75.28	 1.25006	 -0.103258	 -0.874618	 -0.0544579	 -3.14378	 0.189521
75.3	 1.27476	 -0.104056	 -0.851626	 -0.0582855	 -3.12676	 0.186075
75.32	 1.29867	 -0.104765	 -0.829223	 -0.061932	 -3.10995	 0.18251
75.34	 1.32177	 -0.105379	 -0.807488	 -0.0653847	 -3.09342	 0.178826
75.36	 1.34406	 -0.105894	 -0.786501	 -0.068631	 -3.07724	 0.175024
75.38	 1.36552	 -0.106307	 -0.766338	 -0.0716585	 -3.0615	 0.171106
75.4	 1.38615	 -0.106614	 -0.747077	 -0.0744546	 -3.04625	 0.167074
75.42	 1.40594	 -0.106812	 -0.728793	 -0.0770072	 -3.03157	 0.162931
75.44	 1.42489	 -0.106898	 -0.711558	 -0.0793044	 -3.01754	 0.158678
75.46	 1.44297	 -0.106869	 -0.695445	 -0.081335	 -3.00422	 0.154318
75.48	 1.4602	 -0.106724	 -0.680522	 -0.0830886	 -2.99166	 0.149855
75.5	 1.47656	 -0.10646	 -0.666857	 -0.0845554	 -2.97995	 0.14529
75.52	 1.49205	 -0.106074	 -0.654513	 -0.0857264	 -2.96913	 0.140629
75.54	 1.50666	 -0.105566	 -0.643553	 -0.0865934	 -2.95926	 0.135873
75.56	 1.52039	 -0.104934	 -0.634036	 -0.0871488	 -2.9504	 0.131027
75.58	 1.53323	 -0.104177	 -0.626019	 -0.0873854	 -2.9426	 0.126096
75.6	 1.54518	 -0.103294	 -0.619554	 -0.0872969	 -2.93591	 0.121083
75.62	 1.55624	 -0.102284	 -0.614692	 -0.0868774	 -2.93037	 0.115993
75.64	 1.56641	 -0.101148	 -0.61148	 -0.0861219	 -2.92603	 0.11083
75.66	 1.57567	 -0.0998853	 -0.609961	 -0.085026	 -2.92292	 0.1056
75.68	 1.58404	 -0.0984965	 -0.610174	 -0.0835862	 -2.92107	 0.100308
75.7	 1.59151	 -0.0969818	 -0.612157	 -0.0817997	 -2.92052	 0.0949575
75.72	 1.59807	 -0.0953421	 -0.61594	 -0.0796645	 -2.92128	 0.0895545
75.74	 1.60374	 -0.0935781	 -0.621553	 -0.0771796	 -2.92338	 0.0841037
75.76	 1.6085	 -0.091691	 -0.629021	 -0.0743446	 -2.92684	 0.07861
75.78	 1.61236	 -0.089682	 -0.638365	 -0.0711603	 -2.93166	 0.0730784
75.8	 1.61533	 -0.0875527	 -0.649601	 -0.0676281	 -2.93786	 0.0675138
75.82	 1.61739	 -0.0853046	 -0.662743	 -0.0637504	 -2.94543	 0.0619209
75.84	 1.61856	 -0.0829396	 -0.6778	 -0.0595307	 -2.95439	 0.0563047
75.86	 1.61884	 -0.0804598	 -0.694778	 -0.0549733	 -2.96472	 0.0506698
75.88	 1.61823	 -0.0778676	 -0.713678	 -0.0500832	 -2.97641	 0.0450212
75.9	 1.61672	 -0.0751652	 -0.734497	 -0.0448665	 -2.98945	 0.0393634
75.92	 1.61434	 -0.0723554	 -0.757229	 -0.0393302	 -3.00383	 0.0337012
75.94	 1.61107	 -0.0694409	 -0.781865	 -0.0334818	 -3.01952	 0.0280392
75.96	 1.60693	 -0.0664248	 -0.808389	 -0.02733	 -3.0365	 0.0223819
75.98	 1.60193	 -0.0633102	 -0.836783	 -0.0208841	 -3.05474	 0.0167338
76	 1.59605	 -0.0601005	 -0.867027	 -0.0141539	 -3.07422	 0.0110993
76.02	 1.58932	 -0.056799	 -0.899095	 -0.00715035	 -3.09488	 0.00548275
76.04	 1.58174	 -0.0534094	 -0.932957	 0.000115226	 -3.11669	 -0.000111885
76.06	 1.57331	 -0.0499352	 -0.968582	 0.00763068	 -3.13962	 -0.00568074
76.08	 1.56404	 -0.0463777	 -1.00594	 0.0153829	 -3.16361	 -0.0112253
76.1	 1.55394	 -0.0427347	 -1.04498	 0.0233571	 -3.18863	 -0.0167537
76.12	 1.54302	 -0.0390032	 -1.08568	 0.0315371	 -3.21462	 -0.0222756
76.14	 1.53127	 -0.0351805	 -1.128	 0.0399048	 -3.24156	 -0.0278002
76.16	 1.51873	 -0.0312643	 -1.17189	 0.0484418	 -3.26938	 -0.0333357
76.18	 1.50538	 -0.0272532	 -1.21729	 0.0571291	 -3.29803	 -0.0388883
76.2	 1.49124	 -0.0231469	 -1.26418	 0.0659482	 -3.32746	 -0.0444633
76.22	 1.47631	 -0.0189458	 -1.31247	 0.0748809	 -3.3576	 -0.0500657
76.24	 1.46062	 -0.0146531	 -1.36213	 0.0839099	 -3.3884	 -0.0556946
76.26	 1.44416	 -0.0102779	 -1.4131	 0.0930188	 -3.41979	 -0.0613384
76.28	 1.42695	 -0.00583076	 -1.46531	 0.102193	 -3.45173	 -0.0669838
76.3	 1.40899	 -0.00132259	 -1.51871	 0.111417	 -3.48415	 -0.0726173
76.32	 1.39031	 0.00323619	 -1.57325	 0.120677	 -3.517	 -0.0782273
76.34	 1.3709	 0.00783612	 -1.62886	 0.129958	 -3.55022	 -0.083804
76.36	 1.35078	 0.0124686	 -1.68547	 0.139245	 -3.58374	 -0.0893389
76.38	 1.32996	 0.0171253	 -1.74301	 0.14852	 -3.6175	 -0.094824
76.4	 1.30845	 0.0217981	 -1.80142	 0.157765	 -3.65142	 -0.100251
76.42	 1.28627	 0.0264786	 -1.86062	 0.166961	 -3.68543	 -0.105611
76.44	 1.26343	 0.031158	 -1.92054	 0.176091	 -3.71946	 -0.110894
76.46	 1.23993	 0.0358272	 -1.9811	 0.185137	 -3.75343	 -0.116091
76.48	 1.2158	 0.0404773	 -2.04222	 0.194082	 -3.78728	 -0.121194
76.5	 1.19105	 0.0451096	 -2.10385	 0.202909	 -3.82095	 -0.126214
76.52	 1.1657	 0.0497239	 -2.16591	 0.211598	 -3.85439	 -0.13116
76.54	 1.13976	 0.0543192	 -2.22834	 0.220129	 -3.88754	 -0.136037
76.56	 1.11326	 0.0588936	 -2.29108	 0.22848	 -3.92038	 -0.14085
76.58	 1.08621	 0.0634435	 -2.35406	 0.236632	 -3.95285	 -0.145598
76.6	 1.05863	 0.0679648	 -2.41722	 0.244566	 -3.98491	 -0.15028
76.62	 1.03054	 0.0724527	 -2.48049	 0.252264	 -4.01649	 -0.154896
76.64	 1.00197	 0.076903	 -2.5438	 0.25971	 -4.04754	 -0.159448
76.66	 0.972917	 0.0813126	 -2.60708	 0.266887	 -4.07801	 -0.163937
76.68	 0.943412	 0.0856781	 -2.67025	 0.273779	 -4.10783	 -0.168366
76.7	 0.913473	 0.0899957	 -2.73324	 0.280367	 -4.13694	 -0.172736
76.72	 0.883117	 0.0942667	 -2.79599	 0.286668	 -4.1653	 -0.177046
76.74	 0.852364	 0.0984989	 -2.85843	 0.292732	 -4.19283	 -0.181293
76.76	 0.821232	 0.102699	 -2.92048	 0.298591	 -4.21948	 -0.185477
76.78	 0.789739	 0.106873	 -2.98208	 0.304275	 -4.24518	 -0.189596
76.8	 0.757901	 0.111023	 -3.04318	 0.309767	 -4.26989	 -0.193657
76.82	 0.725728	 0.115151	 -3.10372	 0.315052	 -4.29355	 -0.197669
76.84	 0.693226	 0.11926	 -3.16367	 0.320129	 -4.31616	 -0.201643
76.86	 0.660399	 0.123352	 -3.22297	 0.324993	 -4.3377	 -0.20559
76.88	 0.627246	 0.127426	 -3.2816	 0.329642	 -4.35819	 -0.209511
76.9	 0.593765	 0.13148	 -3.33954	 0.334072	 -4.37763	 -0.21341
76.92	 0.559955	 0.135512	 -3.39676	 0.33828	 -4.39605	 -0.217285
76.94	 0.525815	 0.139519	 -3.45323	 0.34226	 -4.41345	 -0.221135
76.96	 0.491347	 0.1435	 -3.50892	 0.346008	 -4.42984	 -0.224961
76.98	 0.456553	 0.147456	 -3.56379	 0.34952	 -4.44521	 -0.228768
77	 0.421436	 0.151386	 -3.61781	 0.352789	 -4.45957	 -0.23256
77.02	 0.386	 0.15529	 -3.67096	 0.355812	 -4.47291	 -0.236339
77.04	 0.350251	 0.159166	 -3.72319	 0.358582	 -4.48523	 -0.240099
77.06	 0.314193	 0.163013	 -3.77447	 0.361093	 -4.49654	 -0.243844
77.08	 0.277834	 0.166832	 -3.82478	 0.363344	 -4.50684	 -0.247577
77.1	 0.241181	 0.170623	 -3.8741	 0.365336	 -4.51616	 -0.251307
77.12	 0.204235	 0.174386	 -3.92239	 0.367064	 -4.52449	 -0.255038
77.14	 0.166997	 0.17812	 -3.96963	 0.368526	 -4.53184	 -0.258771
77.16	 0.129471	 0.181824	 -4.01578	 0.36972	 -4.53819	 -0.262509
77.18	 0.091659	 0.185499	 -4.06083	 0.370641	 -4.54355	 -0.266252
77.2	 0.0535645	 0.189142	 -4.10475	 0.371286	 -4.54792	 -0.269999
77.22	 0.0151924	 0.192754	 -4.14752	 0.371653	 -4.55129	 -0.273754
77.24	 -0.0234528	 0.196335	 -4.1891	 0.371777	 -4.55365	 -0.277496
77.26	 -0.0623668	 0.199888	 -4.22948	 0.371679	 -4.55499	 -0.281207
77.28	 -0.101545	 0.203411	 -4.26864	 0.371374	 -4.55528	 -0.284864
77.3	 -0.140984	 0.206903	 -4.30654	 0.370852	 -4.55451	 -0.288461
77.32	 -0.180678	 0.210366	 -4.34318	 0.370107	 -4.55264	 -0.291999
77.34	 -0.220622	 0.213797	 -4.37853	 0.369129	 -4.54964	 -0.295481
77.36	 -0.260812	 0.217198	 -4.41257	 0.367931	 -4.54549	 -0.298911
77.38	 -0.301242	 0.22057	 -4.44529	 0.366536	 -4.54017	 -0.302293
77.4	 -0.341904	 0.223912	 -4.47667	 0.364941	 -4.53365	 -0.305626
77.42	 -0.382793	 0.227222	 -4.50669	 0.36314	 -4.52591	 -0.30891
77.44	 -0.423901	 0.230501	 -4.53534	 0.361138	 -4.51694	 -0.312142
77.46	 -0.46522	 0.233748	 -4.5626	 0.358941	 -4.50671	 -0.315319
77.48	 -0.506743	 0.236964	 -4.58847	 0.356548	 -4.49521	 -0.318441
77.5	 -0.548462	 0.240148	 -4.61293	 0.353959	 -4.4824	 -0.321507
77.52	 -0.590367	 0.2433	 -4.63597	 0.351177	 -4.46829	 -0.324517
77.54	 -0.632449	 0.246422	 -4.65758	 0.348211	 -4.45283	 -0.327471
77.56	 -0.674698	 0.249513	 -4.67775	 0.345069	 -4.43602	 -0.330368
77.58	 -0.717105	 0.252573	 -4.69649	 0.341747	 -4.41784	 -0.333209
77.6	 -0.759658	 0.255602	 -4.71377	 0.338251	 -4.39826	 -0.335993
77.62	 -0.802348	 0.2586	 -4.72959	 0.334585	 -4.37728	 -0.338718
77.64	 -0.845161	 0.261567	 -4.74396	 0.33076	 -4.35487	 -0.341385
77.66	 -0.888087	 0.264504	 -4.75687	 0.326777	 -4.33102	 -0.343994
77.68	 -0.931112	 0.267409	 -4.76832	 0.322634	 -4.30571	 -0.346543
77.7	 -0.974225	 0.270283	 -4.77831	 0.318341	 -4.27893	 -0.349033
77.72	 -1.01741	 0.273126	 -4.78683	 0.313884	 -4.25066	 -0.351467
77.74	 -1.06066	 0.275937	 -4.7939	 0.309274	 -4.22089	 -0.353846
77.76	 -1.10395	 0.278717	 -4.79951	 0.304528	 -4.1896	 -0.356165
77.78	 -1.14727	 0.281468	 -4.80367	 0.29965	 -4.15678	 -0.358425
77.8	 -1.1906	 0.284187	 -4.80639	 0.294643	 -4.12242	 -0.360624
77.82	 -1.23394	 0.286877	 -4.80767	 0.28952	 -4.08651	 -0.362759
77.84	 -1.27726	 0.289537	 -4.80751	 0.284285	 -4.04903	 -0.364831
77.86	 -1.32054	 0.292167	 -4.80594	 0.278933	 -4.00997	 -0.366841
77.88	 -1.36377	 0.294767	 -4.80295	 0.273474	 -3.96933	 -0.368789
77.9	 -1.40694	 0.297338	 -4.79856	 0.267921	 -3.92709	 -0.370674
77.92	 -1.45001	 0.29988	 -4.79279	 0.262277	 -3.88326	 -0.372497
77.94	 -1.49298	 0.302393	 -4.78564	 0.256544	 -3.83781	 -0.374257
77.96	 -1.53583	 0.304877	 -4.77713	 0.250731	 -3.79074	 -0.375954
77.98	 -1.57853	 0.307333	 -4.76727	 0.244843	 -3.74206	 -0.377587
78	 -1.62107	 0.30976	 -4.75609	 0.238888	 -3.69174	 -0.379156
78.02	 -1.66343	 0.312159	 -4.7436	 0.232869	 -3.6398	 -0.380662
78.04	 -1.70557	 0.31453	 -4.72982	 0.226793	 -3.58623	 -0.382103
78.06	 -1.7475	 0.316873	 -4.71476	 0.220665	 -3.53103	 -0.383479
78.08	 -1.78917	 0.319189	 -4.69845	 0.214493	 -3.4742	 -0.384791
78.1	 -1.83058	 0.321477	 -4.68092	 0.208281	 -3.41574	 -0.386038
78.12	 -1.87169	 0.323738	 -4.66217	 0.202034	 -3.35567	 -0.38722
78.14	 -1.91249	 0.325973	 -4.64225	 0.195758	 -3.29398	 -0.388337
78.16	 -1.95295	 0.32818	 -4.62116	 0.189459	 -3.23069	 -0.389389
78.18	 -1.99306	 0.330361	 -4.59895	 0.183141	 -3.1658	 -0.390375
78.2	 -2.03278	 0.332515	 -4.57562	 0.176809	 -3.09933	 -0.391295
78.22	 -2.07209	 0.334643	 -4.55122	 0.170467	 -3.0313	 -0.39215
78.24	 -2.11098	 0.336745	 -4.52576	 0.16412	 -2.96172	 -0.392938
78.26	 -2.14941	 0.33882	 -4.49928	 0.157772	 -2.89061	 -0.39366
78.28	 -2.18737	 0.340869	 -4.47181	 0.151426	 -2.818	 -0.394316
78.3	 -2.22482	 0.342893	 -4.44337	 0.145088	 -2.74392	 -0.394904
78.32	 -2.26175	 0.34489	 -4.41401	 0.138761	 -2.66839	 -0.395426
78.34	 -2.29813	 0.346862	 -4.38374	 0.132447	 -2.59145	 -0.395881
78.36	 -2.33394	 0.348808	 -4.3526	 0.126153	 -2.51313	 -0.396268
78.38	 -2.36915	 0.350728	 -4.32063	 0.11988	 -2.43346	 -0.396588
78.4	 -2.40373	 0.352622	 -4.28786	 0.113632	 -2.35249	 -0.39684
78.42	 -2.43768	 0.354491	 -4.25433	 0.107415	 -2.27026	 -0.397025
78.44	 -2.47095	 0.356335	 -4.22006	 0.101232	 -2.18681	 -0.397141
78.46	 -2.50353	 0.358153	 -4.18509	 0.0950868	 -2.10219	 -0.39719
78.48	 -2.53539	 0.359946	 -4.14946	 0.0889844	 -2.01644	 -0.397172
78.5	 -2.56651	 0.361715	 -4.11321	 0.0829293	 -1.92962	 -0.397085
78.52	 -2.59687	 0.363458	 -4.07637	 0.0769259	 -1.84177	 -0.396931
78.54	 -2.62644	 0.365177	 -4.03898	 0.0709786	 -1.75294	 -0.39671
78.56	 -2.65521	 0.366872	 -4.00107	 0.0650918	 -1.6632	 -0.396421
78.58	 -2.68314	 0.368543	 -3.96268	 0.0592696	 -1.57259	 -0.396066
78.6	 -2.71022	 0.37019	 -3.92385	 0.0535162	 -1.48117	 -0.395643
78.62	 -2.73643	 0.371813	 -3.88462	 0.0478354	 -1.389	 -0.395154
78.64	 -2.76174	 0.373413	 -3.84503	 0.0422312	 -1.29613	 -0.394598
78.66	 -2.78613	 0.37499	 -3.80511	 0.0367074	 -1.20263	 -0.393975
78.68	 -2.80959	 0.376545	 -3.7649	 0.0312677	 -1.10856	 -0.393287
78.7	 -2.83209	 0.378077	 -3.72443	 0.0259156	 -1.01398	 -0.392534
78.72	 -2.85361	 0.379588	 -3.68376	 0.0206548	 -0.91896	 -0.391715
78.74	 -2.87414	 0.381077	 -3.64291	 0.0154886	 -0.823557	 -0.390832
78.76	 -2.89366	 0.382546	 -3.60192	 0.0104206	 -0.72784	 -0.389885
78.78	 -2.91215	 0.383994	 -3.56084	 0.00545393	 -0.631876	 -0.388876
78.8	 -2.92958	 0.385423	 -3.51969	 0.000591776	 -0.535733	 -0.387804
78.82	 -2.94596	 0.386833	 -3.47853	 -0.0041628	 -0.439478	 -0.386672
78.84	 -2.96125	 0.388226	 -3.43737	 -0.00880686	 -0.34318	 -0.38548
78.86	 -2.97544	 0.389601	 -3.39627	 -0.0133376	 -0.246908	 -0.38423
78.88	 -2.98853	 0.39096	 -3.35525	 -0.0177523	 -0.150733	 -0.382923
78.9	 -3.00049	 0.392303	 -3.31436	 -0.0220484	 -0.0547233	 -0.38156
78.92	 -3.0113	 0.393633	 -3.27362	 -0.0262234	 0.04105	 -0.380143
78.94	 -3.02097	 0.39495	 -3.23308	 -0.0302751	 0.136517	 -0.378675
78.96	 -3.02947	 0.396254	 -3.19277	 -0.0342011	 0.231607	 -0.377156
78.98	 -3.0368	 0.397549	 -3.15273	 -0.0379996	 0.326251	 -0.37559
79	 -3.04294	 0.398834	 -3.11298	 -0.0416685	 0.420378	 -0.373978
79.02	 -3.04789	 0.400112	 -3.07356	 -0.045206	 0.513918	 -0.372322
79.04	 -3.05163	 0.401384	 -3.03451	 -0.0486105	 0.606803	 -0.370627
79.06	 -3.05415	 0.402651	 -2.99585	 -0.0518803	 0.698965	 -0.368893
79.08	 -3.05546	 0.403916	 -2.95762	 -0.055014	 0.790334	 -0.367124
79.1	 -3.05554	 0.405179	 -2.91984	 -0.0580109	 0.880845	 -0.365322
79.12	 -3.05438	 0.406443	 -2.88255	 -0.0608699	 0.970431	 -0.363492
79.14	 -3.05198	 0.40771	 -2.84576	 -0.0635894	 1.05903	 -0.361635
79.16	 -3.04835	 0.408981	 -2.80952	 -0.0661691	 1.14657	 -0.359756
79.18	 -3.04346	 0.410259	 -2.77384	 -0.0686071	 1.23299	 -0.357857
79.2	 -3.03733	 0.411545	 -2.73876	 -0.0709031	 1.31824	 -0.355943
79.22	 -3.02994	 0.412842	 -2.70428	 -0.0730566	 1.40225	 -0.354016
79.24	 -3.0213	 0.414152	 -2.67045	 -0.0750666	 1.48496	 -0.352081
79.26	 -3.01141	 0.415477	 -2.63727	 -0.0769326	 1.56632	 -0.350141
79.28	 -3.00026	 0.416819	 -2.60477	 -0.0786541	 1.64627	 -0.348201
79.3	 -2.98787	 0.418182	 -2.57296	 -0.080231	 1.72475	 -0.346264
79.32	 -2.97423	 0.419565	 -2.54187	 -0.0816634	 1.80173	 -0.344334
79.34	 -2.95934	 0.420973	 -2.51151	 -0.0829516	 1.87714	 -0.342415
79.36	 -2.94321	 0.422408	 -2.4819	 -0.0840959	 1.95095	 -0.340511
79.38	 -2.92584	 0.42387	 -2.45304	 -0.0850972	 2.02311	 -0.338626
79.4	 -2.90724	 0.425363	 -2.42495	 -0.0859558	 2.09357	 -0.336764
79.42	 -2.88742	 0.426889	 -2.39764	 -0.0866745	 2.1623	 -0.334927
79.44	 -2.86638	 0.428448	 -2.37112	 -0.0872558	 2.22926	 -0.333121
79.46	 -2.84412	 0.430043	 -2.34539	 -0.0877022	 2.29442	 -0.331348
79.48	 -2.82067	 0.431676	 -2.32046	 -0.0880162	 2.35774	 -0.329612
79.5	 -2.79603	 0.433347	 -2.29633	 -0.0882002	 2.4192	 -0.327915
79.52	 -2.7702	 0.435057	 -2.27301	 -0.0882568	 2.47877	 -0.32626
79.54	 -2.7432	 0.436809	 -2.2505	 -0.0881885	 2.53643	 -0.324651
79.56	 -2.71504	 0.438603	 -2.22878	 -0.0879981	 2.59216	 -0.323089
79.58	 -2.68574	 0.44044	 -2.20787	 -0.0876881	 2.64594	 -0.321577
79.6	 -2.6553	 0.442321	 -2.18776	 -0.0872613	 2.69777	 -0.320116
79.62	 -2.62374	 0.444247	 -2.16843	 -0.0867203	 2.74761	 -0.318708
79.64	 -2.59108	 0.446217	 -2.14988	 -0.0860676	 2.79548	 -0.317354
79.66	 -2.55732	 0.448233	 -2.13211	 -0.0853057	 2.84137	 -0.316054
79.68	 -2.52249	 0.450293	 -2.11509	 -0.0844368	 2.88526	 -0.31481
79.7	 -2.48661	 0.452398	 -2.09883	 -0.0834631	 2.92717	 -0.313621
79.72	 -2.44968	 0.454547	 -2.08329	 -0.0823866	 2.9671	 -0.312487
79.74	 -2.41172	 0.45674	 -2.06848	 -0.081209	 3.00505	 -0.311407
79.76	 -2.37276	 0.458975	 -2.05436	 -0.0799332	 3.04103	 -0.31038
79.78	 -2.33282	 0.461252	 -2.04093	 -0.0785608	 3.07505	 -0.309404
79.8	 -2.29191	 0.463569	 -2.02816	 -0.0770939	 3.10713	 -0.308478
79.82	 -2.25005	 0.465924	 -2.01603	 -0.0755339	 3.13728	 -0.307597
79.84	 -2.20726	 0.468316	 -2.00451	 -0.0738849	 3.16552	 -0.30676
79.86	 -2.16357	 0.470741	 -1.9936	 -0.0721461	 3.19188	 -0.305964
79.88	 -2.11899	 0.473199	 -1.98325	 -0.0703199	 3.21637	 -0.305203
79.9	 -2.07356	 0.475687	 -1.97344	 -0.0684061	 3.23903	 -0.304475
79.92	 -2.02728	 0.478201	 -1.96415	 -0.0664037	 3.25988	 -0.303775
79.94	 -1.98019	 0.48074	 -1.95534	 -0.0643151	 3.27896	 -0.303097
79.96	 -1.93231	 0.483299	 -1.947	 -0.0621422	 3.29629	 -0.302435
79.98	 -1.88366	 0.485876	 -1.93908	 -0.0598853	 3.31192	 -0.301785
80	 -1.83427	 0.488467	 -1.93155	 -0.0575448	 3.32587	 -0.301139
80.02	 -1.78415	 0.491067	 -1.92438	 -0.0551209	 3.3382	 -0.300491
80.04	 -1.73334	 0.493673	 -1.91755	 -0.052614	 3.34893	 -0.299834
80.06	 -1.68187	 0.49628	 -1.911	 -0.0500246	 3.35812	 -0.29916
80.08	 -1.62975	 0.498885	 -1.90472	 -0.0473519	 3.36581	 -0.298462
80.1	 -1.57702	 0.501482	 -1.89866	 -0.0445963	 3.37203	 -0.29773
80.12	 -1.52369	 0.504067	 -1.89278	 -0.0417581	 3.37685	 -0.296957
80.14	 -1.4698	 0.506635	 -1.88706	 -0.0388373	 3.3803	 -0.296134
80.16	 -1.41537	 0.50918	 -1.88145	 -0.035834	 3.38244	 -0.295251
80.18	 -1.36044	 0.511697	 -1.87591	 -0.0327481	 3.38333	 -0.2943
80.2	 -1.30502	 0.514181	 -1.87041	 -0.0295799	 3.383	 -0.29327
80.22	 -1.24914	 0.516627	 -1.86491	 -0.0263297	 3.38151	 -0.292153
80.24	 -1.19283	 0.519029	 -1.85936	 -0.0229978	 3.37892	 -0.290939
80.26	 -1.13612	 0.52138	 -1.85374	 -0.0195846	 3.37529	 -0.289616
80.28	 -1.07904	 0.523676	 -1.848	 -0.0160919	 3.37066	 -0.288177
80.3	 -1.02161	 0.525911	 -1.8421	 -0.012522	 3.36509	 -0.286611
80.32	 -0.963866	 0.528078	 -1.836	 -0.00887181	 3.35864	 -0.284908
80.34	 -0.905826	 0.530173	 -1.82966	 -0.00514262	 3.35137	 -0.283058
80.36	 -0.847522	 0.532189	 -1.82305	 -0.00133728	 3.34333	 -0.281051
80.38	 -0.788981	 0.534121	 -1.81612	 0.00254307	 3.33457	 -0.278876
80.4	 -0.73023	 0.535962	 -1.80883	 0.00649808	 3.32515	 -0.276525
80.42	 -0.671295	 0.537707	 -1.80116	 0.0105267	 3.31513	 -0.273988
80.44	 -0.612205	 0.53935	 -1.79305	 0.0146275	 3.30456	 -0.271254
80.46	 -0.552977	 0.540885	 -1.78448	 0.0187594	 3.29349	 -0.268327
80.48	 -0.49362	 0.542309	 -1.77542	 0.0228818	 3.28196	 -0.265216
80.5	 -0.43413	 0.54362	 -1.76586	 0.0270097	 3.26998	 -0.261918
80.52	 -0.374498	 0.544809	 -1.75578	 0.0311378	 3.25761	 -0.258422
80.54	 -0.314716	 0.545871	 -1.74516	 0.0352602	 3.24487	 -0.254715
80.56	 -0.254777	 0.546796	 -1.734	 0.0393705	 3.2318	 -0.250783
80.58	 -0.194679	 0.547578	 -1.72228	 0.0434629	 3.21845	 -0.246614
80.6	 -0.134422	 0.548208	 -1.70998	 0.0475313	 3.20486	 -0.242198
80.62	 -0.0740082	 0.548681	 -1.69708	 0.0515697	 3.19106	 -0.237527
80.64	 -0.0134406	 0.548988	 -1.68358	 0.0555712	 3.17709	 -0.232591
80.66	 0.0472794	 0.549124	 -1.66945	 0.0595281	 3.16297	 -0.227381
80.68	 0.108149	 0.549077	 -1.65469	 0.0634325	 3.14873	 -0.221884
80.7	 0.169166	 0.54884	 -1.6393	 0.0672753	 3.13437	 -0.216088
80.72	 0.230328	 0.548402	 -1.62327	 0.0710477	 3.11991	 -0.209978
80.74	 0.291633	 0.547752	 -1.60661	 0.0747401	 3.10536	 -0.203541
80.76	 0.353076	 0.546881	 -1.58931	 0.078342	 3.09073	 -0.196765
80.78	 0.414654	 0.545779	 -1.57138	 0.0818421	 3.07603	 -0.189638
80.8	 0.476361	 0.544436	 -1.55281	 0.0852278	 3.06128	 -0.18215
80.82	 0.538192	 0.542843	 -1.53362	 0.0884852	 3.04649	 -0.174289
80.84	 0.600135	 0.54099	 -1.5138	 0.0915992	 3.03163	 -0.166047
80.86	 0.662178	 0.538868	 -1.49339	 0.0945532	 3.01668	 -0.157416
80.88	 0.724306	 0.536469	 -1.47241	 0.0973296	 3.00162	 -0.148389
80.9	 0.786502	 0.533786	 -1.45087	 0.0999089	 2.98638	 -0.138963
80.92	 0.848747	 0.530811	 -1.42883	 0.102271	 2.97093	 -0.129136
80.94	 0.911021	 0.527539	 -1.40631	 0.104393	 2.9552	 -0.118905
80.96	 0.973301	 0.523962	 -1.38335	 0.106253	 2.93913	 -0.10827
80.98	 1.03557	 0.520073	 -1.35998	 0.107829	 2.92268	 -0.0972288
81	 1.0978	 0.515864	 -1.33624	 0.109095	 2.9058	 -0.0857812
81.02	 1.15997	 0.51133	 -1.31217	 0.110028	 2.88842	 -0.0739288
81.04	 1.22205	 0.506464	 -1.2878	 0.110602	 2.87051	 -0.0616746
81.06	 1.28403	 0.50126	 -1.26317	 0.11079	 2.85199	 -0.0490228
81.08	 1.34588	 0.495714	 -1.23832	 0.110566	 2.83281	 -0.0359791
81.1	 1.40758	 0.48982	 -1.21329	 0.109901	 2.81291	 -0.022551
81.12	 1.46909	 0.483575	 -1.18812	 0.108766	 2.79222	 -0.00874729
81.14	 1.5304	 0.476973	 -1.16287	 0.107133	 2.77068	 0.00542162
81.16	 1.59148	 0.470013	 -1.13756	 0.104973	 2.74823	 0.0199447
81.18	 1.65231	 0.462691	 -1.11225	 0.102258	 2.72481	 0.0348097
81.2	 1.71287	 0.455005	 -1.08698	 0.0989581	 2.70036	 0.0500027
81.22	 1.77312	 0.446952	 -1.0618	 0.0950433	 2.67482	 0.0655092
81.24	 1.83306	 0.43853	 -1.03674	 0.0904854	 2.64813	 0.0813135
81.26	 1.89265	 0.429738	 -1.01185	 0.0852552	 2.62025	 0.0973984
81.28	 1.95187	 0.420575	 -0.987175	 0.079324	 2.5911	 0.113745
81.3	 2.0107	 0.411042	 -0.962753	 0.0726633	 2.56065	 0.13033
81.32	 2.06911	 0.40114	 -0.938628	 0.0652446	 2.52884	 0.147132
81.34	 2.12709	 0.390871	 -0.914842	 0.0570394	 2.49563	 0.164125
81.36	 2.18462	 0.380239	 -0.891433	 0.0480199	 2.46097	 0.181281
81.38	 2.24166	 0.369249	 -0.86844	 0.0381586	 2.42482	 0.198572
81.4	 2.2982	 0.357906	 -0.8459	 0.027429	 2.38715	 0.215965
81.42	 2.35422	 0.346217	 -0.823849	 0.015806	 2.34792	 0.233429
81.44	 2.4097	 0.33419	 -0.802323	 0.00326582	 2.3071	 0.250929
81.46	 2.46461	 0.321832	 -0.781355	 -0.0102133	 2.26466	 0.26843
81.48	 2.51894	 0.309153	 -0.760978	 -0.024651	 2.22059	 0.285898
81.5	 2.57267	 0.296164	 -0.741225	 -0.0400646	 2.17484	 0.303295
81.52	 2.62576	 0.282874	 -0.722127	 -0.0564684	 2.12742	 0.320583
81.54	 2.67822	 0.269296	 -0.703712	 -0.0738741	 2.0783	 0.337725
81.56	 2.73001	 0.255445	 -0.686008	 -0.0922901	 2.02747	 0.354681
81.58	 2.78112	 0.241332	 -0.669042	 -0.111721	 1.97492	 0.371413
81.6	 2.83153	 0.226975	 -0.652836	 -0.132169	 1.92066	 0.38788
81.62	 2.88122	 0.212389	 -0.637414	 -0.153632	 1.86468	 0.404042
81.64	 2.93017	 0.197591	 -0.622797	 -0.176101	 1.80699	 0.419862
81.66	 2.97837	 0.182599	 -0.609002	 -0.199566	 1.7476	 0.4353
81.68	 3.02579	 0.167429	 -0.596048	 -0.224011	 1.68653	 0.45032
81.7	 3.07242	 0.152102	 -0.58395	 -0.249415	 1.62379	 0.464887
81.72	 3.11824	 0.136635	 -0.572722	 -0.275751	 1.5594	 0.478966
81.74	 3.16324	 0.121048	 -0.562375	 -0.302988	 1.49339	 0.492525
81.76	 3.20739	 0.105357	 -0.552923	 -0.331089	 1.4258	 0.505542
81.78	 3.25068	 0.0895766	 -0.544377	 -0.360011	 1.35663	 0.517995
81.8	 3.2931	 0.0737219	 -0.536747	 -0.389704	 1.28593	 0.529869
81.82	 3.33462	 0.0578085	 -0.530044	 -0.420113	 1.21373	 0.541147
81.84	 3.37524	 0.0418526	 -0.524275	 -0.451181	 1.14007	 0.551814
81.86	 3.41494	 0.0258713	 -0.519443	 -0.482844	 1.065	 0.561858
81.88	 3.45371	 0.00988178	 -0.51555	 -0.515036	 0.988565	 0.571265
81.9	 3.49152	 -0.00609809	 -0.512597	 -0.547687	 0.910821	 0.580027
81.92	 3.52836	 -0.0220506	 -0.510581	 -0.580726	 0.831829	 0.588136
81.94	 3.56423	 -0.037958	 -0.509496	 -0.614076	 0.751652	 0.595587
81.96	 3.59909	 -0.0538028	 -0.509336	 -0.647658	 0.670359	 0.602378
81.98	 3.63295	 -0.0695676	 -0.510093	 -0.681393	 0.58802	 0.608506
82	 3.66578	 -0.0852353	 -0.511756	 -0.715196	 0.504711	 0.613973
82.02	 3.69758	 -0.100789	 -0.514314	 -0.748981	 0.420508	 0.618783
82.04	 3.72832	 -0.116212	 -0.517752	 -0.782662	 0.335495	 0.622939
82.06	 3.75799	 -0.131488	 -0.522054	 -0.816142	 0.24976	 0.626446
82.08	 3.78658	 -0.146601	 -0.527204	 -0.849338	 0.163389	 0.629314
82.1	 3.81408	 -0.161534	 -0.53318	 -0.88216	 0.0764731	 0.631551
82.12	 3.84047	 -0.176273	 -0.539962	 -0.914516	 -0.0108928	 0.633168
82.14	 3.86574	 -0.190802	 -0.547525	 -0.946316	 -0.0986125	 0.634176
82.16	 3.88988	 -0.205106	 -0.555845	 -0.977468	 -0.186587	 0.634588
82.18	 3.91287	 -0.21917	 -0.564895	 -1.00788	 -0.274716	 0.634419
82.2	 3.9347	 -0.23298	 -0.574645	 -1.03745	 -0.362895	 0.633685
82.22	 3.95535	 -0.246523	 -0.585066	 -1.0661	 -0.45102	 0.632401
82.24	 3.97483	 -0.259784	 -0.596126	 -1.09373	 -0.538984	 0.630585
82.26	 3.99311	 -0.27275	 -0.607791	 -1.12025	 -0.62668	 0.628256
82.28	 4.01018	 -0.28541	 -0.620028	 -1.14556	 -0.713998	 0.625433
82.3	 4.02603	 -0.297749	 -0.6328	 -1.16958	 -0.800828	 0.622135
82.32	 4.04065	 -0.309757	 -0.646069	 -1.19221	 -0.887059	 0.618385
82.34	 4.05403	 -0.321422	 -0.659796	 -1.21336	 -0.972579	 0.614203
82.36	 4.06616	 -0.332732	 -0.673943	 -1.23296	 -1.05728	 0.609612
82.38	 4.07702	 -0.343677	 -0.688467	 -1.2509	 -1.14104	 0.604636
82.4	 4.08662	 -0.354247	 -0.703327	 -1.26712	 -1.22375	 0.599296
82.42	 4.09493	 -0.364431	 -0.718479	 -1.28152	 -1.30531	 0.593617
82.44	 4.10195	 -0.37422	 -0.73388	 -1.29403	 -1.3856	 0.587621
82.46	 4.10767	 -0.383606	 -0.749486	 -1.30457	 -1.46452	 0.581333
82.48	 4.11208	 -0.39258	 -0.76525	 -1.31306	 -1.54195	 0.574777
82.5	 4.11518	 -0.401134	 -0.781126	 -1.31944	 -1.61779	 0.567977
82.52	 4.11695	 -0.409261	 -0.797069	 -1.32363	 -1.69192	 0.560957
82.54	 4.11738	 -0.416954	 -0.81303	 -1.32559	 -1.76426	 0.553742
82.56	 4.11648	 -0.424208	 -0.828961	 -1.32525	 -1.83469	 0.546356
82.58	 4.11422	 -0.431017	 -0.844816	 -1.32256	 -1.90312	 0.538821
82.6	 4.11062	 -0.437377	 -0.860544	 -1.31747	 -1.96944	 0.531162
82.62	 4.10565	 -0.443282	 -0.876098	 -1.30994	 -2.03357	 0.523402
82.64	 4.09931	 -0.448729	 -0.891429	 -1.29991	 -2.0954	 0.515563
82.66	 4.09161	 -0.453715	 -0.906487	 -1.28737	 -2.15484	 0.507668
82.68	 4.08252	 -0.458237	 -0.921224	 -1.27228	 -2.21181	 0.499737
82.7	 4.07206	 -0.462294	 -0.93559	 -1.25463	 -2.26622	 0.491792
82.72	 4.06022	 -0.465883	 -0.949538	 -1.23438	 -2.31799	 0.483852
82.74	 4.04698	 -0.469004	 -0.963018	 -1.21153	 -2.36704	 0.475936
82.76	 4.03236	 -0.471656	 -0.975985	 -1.18608	 -2.41329	 0.468062
82.78	 4.01636	 -0.473839	 -0.988389	 -1.15802	 -2.45668	 0.460247
82.8	 3.99896	 -0.475554	 -1.00019	 -1.12735	 -2.49714	 0.452507
82.82	 3.98017	 -0.4768	 -1.01133	 -1.09409	 -2.53459	 0.444856
82.84	 3.96	 -0.477579	 -1.02177	 -1.05825	 -2.569	 0.437309
82.86	 3.93844	 -0.477893	 -1.03147	 -1.01984	 -2.60029	 0.429879
82.88	 3.91551	 -0.477742	 -1.04038	 -0.978888	 -2.62843	 0.422576
82.9	 3.89119	 -0.477131	 -1.04846	 -0.935426	 -2.65337	 0.415414
82.92	 3.8655	 -0.47606	 -1.05567	 -0.889489	 -2.67508	 0.4084
82.94	 3.83845	 -0.474533	 -1.06196	 -0.841117	 -2.69351	 0.401541
82.96	 3.81004	 -0.47255	 -1.06731	 -0.790358	 -2.70864	 0.394837
82.98	 3.78027	 -0.470108	 -1.07168	 -0.737266	 -2.72046	 0.388286
83	 3.74917	 -0.46721	 -1.07503	 -0.6819	 -2.72895	 0.381886
83.02	 3.71673	 -0.463857	 -1.07733	 -0.624327	 -2.7341	 0.375634
83.04	 3.68297	 -0.46005	 -1.07855	 -0.564615	 -2.73591	 0.369529
83.06	 3.6479	 -0.455794	 -1.07866	 -0.502839	 -2.73437	 0.36357
83.08	 3.61154	 -0.451093	 -1.07762	 -0.439076	 -2.72949	 0.357753
83.1	 3.57388	 -0.445953	 -1.07542	 -0.373409	 -2.72126	 0.352076
83.12	 3.53496	 -0.440379	 -1.07202	 -0.305923	 -2.70971	 0.346534
83.14	 3.49478	 -0.434378	 -1.06739	 -0.236708	 -2.69484	 0.341124
83.16	 3.45335	 -0.427957	 -1.06151	 -0.16586	 -2.67667	 0.33584
83.18	 3.4107	 -0.421123	 -1.05436	 -0.0934764	 -2.65523	 0.330675
83.2	 3.36683	 -0.413885	 -1.04592	 -0.0196614	 -2.63054	 0.325623
83.22	 3.32177	 -0.406251	 -1.03616	 0.0554788	 -2.60263	 0.320677
83.24	 3.27553	 -0.398231	 -1.02507	 0.131834	 -2.57155	 0.31583
83.26	 3.22814	 -0.389835	 -1.01263	 0.209291	 -2.53732	 0.311072
83.28	 3.1796	 -0.381073	 -0.99882	 0.287732	 -2.5	 0.306395
83.3	 3.12994	 -0.371955	 -0.983637	 0.36704	 -2.45962	 0.301786
83.32	 3.07917	 -0.362494	 -0.967064	 0.447091	 -2.41625	 0.297237
83.34	 3.02733	 -0.352702	 -0.949093	 0.527761	 -2.36992	 0.292737
83.36	 2.97441	 -0.342592	 -0.929715	 0.608923	 -2.32071	 0.288275
83.38	 2.92046	 -0.332176	 -0.908924	 0.690448	 -2.26867	 0.283837
83.4	 2.86548	 -0.321467	 -0.886718	 0.772205	 -2.21387	 0.279411
83.42	 2.80951	 -0.31048	 -0.863093	 0.854062	 -2.15638	 0.274983
83.44	 2.75255	 -0.299228	 -0.83805	 0.935883	 -2.09626	 0.270539
83.46	 2.69463	 -0.287727	 -0.811591	 1.01753	 -2.03359	 0.266066
83.48	 2.63578	 -0.27599	 -0.78372	 1.09888	 -1.96846	 0.261548
83.5	 2.57601	 -0.264034	 -0.754444	 1.17977	 -1.90093	 0.25697
83.52	 2.51535	 -0.251872	 -0.723771	 1.26008	 -1.8311	 0.252315
83.54	 2.45382	 -0.239521	 -0.691712	 1.33967	 -1.75905	 0.247566
83.56	 2.39144	 -0.226996	 -0.65828	 1.41839	 -1.68487	 0.242706
83.58	 2.32823	 -0.214311	 -0.62349	 1.49611	 -1.60865	 0.237717
83.6	 2.26422	 -0.201483	 -0.587362	 1.57268	 -1.53049	 0.23258
83.62	 2.19942	 -0.188527	 -0.549915	 1.64797	 -1.45049	 0.227276
83.64	 2.13387	 -0.175458	 -0.511173	 1.72183	 -1.36875	 0.221786
83.66	 2.06758	 -0.162292	 -0.47116	 1.79413	 -1.28538	 0.216091
83.68	 2.00057	 -0.149045	 -0.429906	 1.86471	 -1.20047	 0.21017
83.7	 1.93287	 -0.135733	 -0.38744	 1.93345	 -1.11414	 0.204006
83.72	 1.8645	 -0.122373	 -0.343797	 2.00021	 -1.0265	 0.197579
83.74	 1.79549	 -0.10898	 -0.299013	 2.06484	 -0.937668	 0.190871
83.76	 1.72585	 -0.0955729	 -0.25313	 2.12721	 -0.847756	 0.183866
83.78	 1.65561	 -0.082169	 -0.206188	 2.18719	 -0.756886	 0.176547
83.8	 1.58479	 -0.068787	 -0.158237	 2.24463	 -0.665182	 0.168901
83.82	 1.51341	 -0.0554464	 -0.109325	 2.29939	 -0.572767	 0.160915
83.84	 1.44151	 -0.0421672	 -0.0595057	 2.35134	 -0.479767	 0.152576
83.86	 1.3691	 -0.0289693	 -0.00883654	 2.40034	 -0.386308	 0.143873
83.88	 1.2962	 -0.0158734	 0.0426222	 2.44625	 -0.29252	 0.134794
83.9	 1.22286	 -0.0028995	 0.0948069	 2.48894	 -0.198533	 0.125327
83.92	 1.14909	 0.00993289	 0.147651	 2.52828	 -0.104476	 0.115462
83.94	 1.07492	 0.022604	 0.201084	 2.56415	 -0.0104786	 0.105185
83.96	 1.00039	 0.0350949	 0.255035	 2.59642	 0.0833291	 0.0944866
83.98	 0.925524	 0.0473876	 0.309426	 2.625	 0.17682	 0.0833536
84	 0.850361	 0.0594645	 0.364179	 2.64978	 0.269868	 0.0717751
84.02	 0.77494	 0.0713081	 0.419211	 2.67067	 0.36234	 0.0597413
84.04	 0.699302	 0.0829011	 0.474436	 2.68757	 0.4541	 0.0472432
84.06	 0.62349	 0.094227	 0.529766	 2.7004	 0.545008	 0.0342733
84.08	 0.547551	 0.105271	 0.585109	 2.7091	 0.634918	 0.0208262
84.1	 0.471535	 0.116017	 0.64037	 2.7136	 0.723684	 0.00689859
84.12	 0.395491	 0.126451	 0.695455	 2.71387	 0.811155	 -0.00750939
84.14	 0.319473	 0.136558	 0.750265	 2.70985	 0.897177	 -0.0223947
84.16	 0.243534	 0.146327	 0.804703	 2.70153	 0.981596	 -0.0377509
84.18	 0.167728	 0.155742	 0.858668	 2.68888	 1.06426	 -0.0535686
84.2	 0.0921135	 0.164791	 0.912061	 2.67191	 1.14501	 -0.0698355
84.22	 0.0167456	 0.173464	 0.964781	 2.65061	 1.22369	 -0.086537
84.24	 -0.0583188	 0.181749	 1.01673	 2.62499	 1.30016	 -0.103657
84.26	 -0.133023	 0.189636	 1.06781	 2.59507	 1.37427	 -0.121176
84.28	 -0.20731	 0.197117	 1.11791	 2.56089	 1.44586	 -0.139077
84.3	 -0.281126	 0.204185	 1.16695	 2.52249	 1.5148	 -0.157336
84.32	 -0.354414	 0.210832	 1.21484	 2.47993	 1.58096	 -0.17593
84.34	 -0.427119	 0.217054	 1.26146	 2.43327	 1.64419	 -0.194834
84.36	 -0.499189	 0.222843	 1.30675	 2.38257	 1.70439	 -0.214018
84.38	 -0.570568	 0.228197	 1.35059	 2.32792	 1.76143	 -0.233451
84.4	 -0.641206	 0.233111	 1.39292	 2.26941	 1.81519	 -0.253099
84.42	 -0.71105	 0.237582	 1.43365	 2.20714	 1.86558	 -0.272926
84.44	 -0.78005	 0.241607	 1.47269	 2.14121	 1.9125	 -0.292892
84.46	 -0.848157	 0.245187	 1.50997	 2.07173	 1.95586	 -0.31296
84.48	 -0.915324	 0.24832	 1.54541	 1.99885	 1.9956	 -0.333087
84.5	 -0.981503	 0.251009	 1.57895	 1.9227	 2.03163	 -0.353232
84.52	 -1.04665	 0.253256	 1.61052	 1.84344	 2.0639	 -0.373354
84.54	 -1.11071	 0.255066	 1.64005	 1.76125	 2.09235	 -0.393406
84.56	 -1.17365	 0.256443	 1.66748	 1.67629	 2.11693	 -0.413344
84.58	 -1.23542	 0.257391	 1.69276	 1.58874	 2.13757	 -0.43312
84.6	 -1.29598	 0.257916	 1.71584	 1.49879	 2.15424	 -0.452684
84.62	 -1.35527	 0.258025	 1.73667	 1.40663	 2.1669	 -0.471985
84.64	 -1.41327	 0.257725	 1.75519	 1.31244	 2.17551	 -0.49097
84.66	 -1.46993	 0.257023	 1.77138	 1.21644	 2.18005	 -0.509588
84.68	 -1.52521	 0.255929	 1.78521	 1.11883	 2.18051	 -0.527785
84.7	 -1.57907	 0.254453	 1.79663	 1.01984	 2.17689	 -0.545507
84.72	 -1.63148	 0.252604	 1.80562	 0.919675	 2.1692	 -0.562701
84.74	 -1.68239	 0.250394	 1.81217	 0.818568	 2.15744	 -0.579315
84.76	 -1.73178	 0.247836	 1.81626	 0.716746	 2.14165	 -0.595297
84.78	 -1.77961	 0.24494	 1.81788	 0.614436	 2.12186	 -0.610593
84.8	 -1.82584	 0.241721	 1.81702	 0.511863	 2.09809	 -0.625154
84.82	 -1.87045	 0.23819	 1.81368	 0.409255	 2.07041	 -0.638928
84.84	 -1.91341	 0.234362	 1.80786	 0.306839	 2.03885	 -0.651866
84.86	 -1.95467	 0.23025	 1.79958	 0.20484	 2.00347	 -0.66392
84.88	 -1.99423	 0.22587	 1.78885	 0.103485	 1.96436	 -0.675045
84.9	 -2.03204	 0.221237	 1.77568	 0.0029952	 1.92158	 -0.685196
84.92	 -2.06809	 0.216365	 1.7601	 -0.0964079	 1.87522	 -0.694333
84.94	 -2.10235	 0.211272	 1.74213	 -0.194507	 1.82539	 -0.702416
84.96	 -2.1348	 0.205972	 1.72183	 -0.29109	 1.77217	 -0.709408
84.98	 -2.16542	 0.200483	 1.69921	 -0.385952	 1.71568	 -0.715276
85	 -2.19419	 0.19482	 1.67433	 -0.478894	 1.65603	 -0.719986
85.02	 -2.22109	 0.189	 1.64722	 -0.569724	 1.59335	 -0.723512
85.04	 -2.2461	 0.183039	 1.61796	 -0.658255	 1.52776	 -0.725828
85.06	 -2.26922	 0.176955	 1.58658	 -0.744308	 1.45939	 -0.726913
85.08	 -2.29042	 0.170764	 1.55316	 -0.827711	 1.38838	 -0.726747
85.1	 -2.3097	 0.164483	 1.51775	 -0.908299	 1.31488	 -0.725318
85.12	 -2.32704	 0.15813	 1.48042	 -0.98592	 1.23902	 -0.722615
85.14	 -2.34245	 0.151724	 1.44122	 -1.06043	 1.16092	 -0.718637
85.16	 -2.35593	 0.145284	 1.40023	 -1.13169	 1.08072	 -0.713385
85.18	 -2.36748	 0.138832	 1.35749	 -1.19959	 0.998526	 -0.706864
85.2	 -2.3771	 0.132386	 1.31308	 -1.264	 0.914464	 -0.699083
85.22	 -2.38481	 0.125964	 1.26705	 -1.32483	 0.828666	 -0.690053
85.24	 -2.3906	 0.119584	 1.21949	 -1.38199	 0.74126	 -0.679786
85.26	 -2.39449	 0.113259	 1.17044	 -1.43538	 0.652364	 -0.668294
85.28	 -2.3965	 0.107002	 1.11999	 -1.48495	 0.562088	 -0.65559
85.3	 -2.39665	 0.100826	 1.06818	 -1.53063	 0.470539	 -0.641689
85.32	 -2.39496	 0.0947402	 1.0151	 -1.57238	 0.377827	 -0.626613
85.34	 -2.39144	 0.0887577	 0.960799	 -1.61014	 0.284061	 -0.610385
85.36	 -2.38613	 0.0828893	 0.905359	 -1.64391	 0.189356	 -0.593035
85.38	 -2.37904	 0.0771463	 0.848852	 -1.67367	 0.0938319	 -0.574594
85.4	 -2.37021	 0.0715389	 0.791357	 -1.69941	 -0.00238911	 -0.555097
85.42	 -2.35966	 0.0660769	 0.732954	 -1.72116	 -0.0991837	 -0.534582
85.44	 -2.34741	 0.0607689	 0.673724	 -1.73893	 -0.196429	 -0.513087
85.46	 -2.33349	 0.0556229	 0.613751	 -1.75276	 -0.294003	 -0.490656
85.48	 -2.31794	 0.0506457	 0.553115	 -1.76269	 -0.391787	 -0.467333
85.5	 -2.30079	 0.0458436	 0.491902	 -1.76877	 -0.489664	 -0.443165
85.52	 -2.28208	 0.0412218	 0.430192	 -1.77108	 -0.587519	 -0.418201
85.54	 -2.26182	 0.0367852	 0.368071	 -1.76968	 -0.685237	 -0.392492
85.56	 -2.24007	 0.0325376	 0.305621	 -1.76467	 -0.782707	 -0.366091
85.58	 -2.21686	 0.0284821	 0.242928	 -1.75612	 -0.879816	 -0.339052
85.6	 -2.19222	 0.0246213	 0.180075	 -1.74415	 -0.976455	 -0.31143
85.62	 -2.16619	 0.0209567	 0.117147	 -1.72885	 -1.07252	 -0.283281
85.64	 -2.13881	 0.0174891	 0.0542287	 -1.71035	 -1.16789	 -0.254664
85.66	 -2.11012	 0.0142187	 -0.00859661	 -1.68877	 -1.26249	 -0.225636
85.68	 -2.08017	 0.0111448	 -0.0712458	 -1.66423	 -1.35619	 -0.196256
85.7	 -2.04898	 0.00826595	 -0.133637	 -1.63686	 -1.44891	 -0.166582
85.72	 -2.0166	 0.00558001	 -0.195688	 -1.60682	 -1.54056	 -0.136674
85.74	 -1.98308	 0.00308416	 -0.25732	 -1.57422	 -1.63103	 -0.106592
85.76	 -1.94844	 0.000774885	 -0.318454	 -1.53923	 -1.72025	 -0.0763927
85.78	 -1.91275	 -0.00135198	 -0.379012	 -1.50199	 -1.80813	 -0.0461363
85.8	 -1.87603	 -0.00330123	 -0.438918	 -1.46266	 -1.89459	 -0.0158806
85.82	 -1.83833	 -0.00507827	 -0.498098	 -1.42138	 -1.97955	 0.0143174
85.84	 -1.79969	 -0.00668909	 -0.556479	 -1.37832	 -2.06293	 0.0444011
85.86	 -1.76015	 -0.00814025	 -0.61399	 -1.33363	 -2.14467	 0.0743151
85.88	 -1.71977	 -0.00943888	 -0.670562	 -1.28746	 -2.2247	 0.104005
85.9	 -1.67857	 -0.0105926	 -0.726127	 -1.23998	 -2.30295	 0.133418
85.92	 -1.6366	 -0.0116098	 -0.780622	 -1.19135	 -2.37937	 0.162503
85.94	 -1.5939	 -0.012499	 -0.833984	 -1.14171	 -2.4539	 0.19121
85.96	 -1.55051	 -0.0132697	 -0.886152	 -1.09123	 -2.52649	 0.21949
85.98	 -1.50648	 -0.0139319	 -0.937071	 -1.04005	 -2.5971	 0.247299
86	 -1.46184	 -0.0145014	 -0.986688	 -0.988335	 -2.66569	 0.274603
86.02	 -1.41664	 -0.0150012	 -1.03496	 -0.936224	 -2.73224	 0.301386
86.04	 -1.3709	 -0.0154565	 -1.08185	 -0.883859	 -2.79673	 0.327634
86.06	 -1.32466	 -0.0158922	 -1.12731	 -0.831378	 -2.85915	 0.353334
86.08	 -1.27797	 -0.0163318	 -1.17131	 -0.778912	 -2.91949	 0.378472
86.1	 -1.23085	 -0.0167965	 -1.21382	 -0.726592	 -2.97774	 0.403029
86.12	 -1.18335	 -0.0173057	 -1.25481	 -0.674547	 -3.03388	 0.426988
86.14	 -1.13549	 -0.0178774	 -1.29423	 -0.622902	 -3.08791	 0.45033
86.16	 -1.08732	 -0.0185291	 -1.33206	 -0.571781	 -3.13981	 0.473039
86.18	 -1.03887	 -0.0192777	 -1.36827	 -0.521304	 -3.18959	 0.495102
86.2	 -0.990175	 -0.0201402	 -1.40284	 -0.471584	 -3.23725	 0.516505
86.22	 -0.94127	 -0.0211333	 -1.43573	 -0.422731	 -3.28278	 0.537237
86.24	 -0.892187	 -0.0222729	 -1.46694	 -0.374847	 -3.32619	 0.557288
86.26	 -0.84296	 -0.0235744	 -1.49644	 -0.328031	 -3.36749	 0.57665
86.28	 -0.793621	 -0.0250519	 -1.52421	 -0.282374	 -3.40668	 0.595311
86.3	 -0.744202	 -0.0267182	 -1.55025	 -0.237965	 -3.44378	 0.613264
86.32	 -0.694734	 -0.0285799	 -1.57455	 -0.194887	 -3.47881	 0.630488
86.34	 -0.645247	 -0.0306419	 -1.5971	 -0.153218	 -3.5118	 0.646966
86.36	 -0.595769	 -0.0329083	 -1.6179	 -0.113033	 -3.54276	 0.66268
86.38	 -0.546329	 -0.0353827	 -1.63695	 -0.0744031	 -3.57173	 0.677615
86.4	 -0.496956	 -0.0380688	 -1.65426	 -0.0373907	 -3.59873	 0.691762
86.42	 -0.447678	 -0.0409706	 -1.66982	 -0.00205333	 -3.62379	 0.70511
86.44	 -0.398522	 -0.0440922	 -1.68365	 0.0315583	 -3.64693	 0.717654
86.46	 -0.349516	 -0.0474367	 -1.69574	 0.0634004	 -3.66818	 0.729387
86.48	 -0.300687	 -0.0510067	 -1.70611	 0.0934347	 -3.68758	 0.740306
86.5	 -0.25206	 -0.0548039	 -1.71477	 0.121629	 -3.70514	 0.750405
86.52	 -0.203661	 -0.0588289	 -1.72173	 0.147956	 -3.72091	 0.759684
86.54	 -0.155515	 -0.0630818	 -1.72701	 0.172394	 -3.73491	 0.768141
86.56	 -0.107646	 -0.0675617	 -1.73062	 0.194926	 -3.74718	 0.775776
86.58	 -0.060078	 -0.0722673	 -1.73258	 0.21554	 -3.75775	 0.782591
86.6	 -0.0128347	 -0.0771966	 -1.73292	 0.234231	 -3.76665	 0.78859
86.62	 0.0340612	 -0.0823472	 -1.73165	 0.250997	 -3.77392	 0.793777
86.64	 0.0805875	 -0.0877159	 -1.72881	 0.265844	 -3.77959	 0.798159
86.66	 0.126722	 -0.0932991	 -1.72441	 0.278782	 -3.7837	 0.801742
86.68	 0.172445	 -0.0990925	 -1.71849	 0.289827	 -3.78628	 0.804536
86.7	 0.217734	 -0.105091	 -1.71107	 0.298998	 -3.78736	 0.806548
86.72	 0.262571	 -0.11129	 -1.70219	 0.306319	 -3.78699	 0.807791
86.74	 0.306934	 -0.117682	 -1.69188	 0.311822	 -3.78519	 0.808276
86.76	 0.350807	 -0.124262	 -1.68017	 0.315539	 -3.782	 0.808016
86.78	 0.39417	 -0.131022	 -1.6671	 0.317509	 -3.77747	 0.807026
86.8	 0.437006	 -0.137954	 -1.65271	 0.317775	 -3.77162	 0.805319
86.82	 0.479298	 -0.14505	 -1.63704	 0.316382	 -3.76448	 0.802913
86.84	 0.521029	 -0.152303	 -1.62013	 0.313382	 -3.7561	 0.799823
86.86	 0.562183	 -0.159702	 -1.60201	 0.308828	 -3.74651	 0.796069
86.88	 0.602746	 -0.167239	 -1.58273	 0.302779	 -3.73575	 0.791669
86.9	 0.642703	 -0.174903	 -1.56234	 0.295297	 -3.72384	 0.786643
86.92	 0.682046	 -0.182683	 -1.54089	 0.286504	 -3.71083	 0.781023
86.94	 0.720769	 -0.190569	 -1.51842	 0.276504	 -3.69672	 0.774841
86.96	 0.758868	 -0.19855	 -1.49498	 0.265405	 -3.68156	 0.768128
86.98	 0.796337	 -0.206615	 -1.47062	 0.253315	 -3.66535	 0.760916
87	 0.833172	 -0.214751	 -1.44541	 0.240344	 -3.64812	 0.753229
87.02	 0.869366	 -0.222941	 -1.41939	 0.226603	 -3.62991	 0.74509
87.04	 0.904912	 -0.231169	 -1.39262	 0.212202	 -3.61074	 0.736523
87.06	 0.939797	 -0.239419	 -1.36516	 0.197252	 -3.59067	 0.727547
87.08	 0.974008	 -0.247672	 -1.3371	 0.181824	 -3.56975	 0.718174
87.1	 1.00754	 -0.255907	 -1.30849	 0.165988	 -3.54804	 0.708409
87.12	 1.04038	 -0.264104	 -1.27942	 0.149818	 -3.52561	 0.69826
87.14	 1.07252	 -0.27224	 -1.24997	 0.133392	 -3.5025	 0.687732
87.16	 1.10397	 -0.280293	 -1.22022	 0.116783	 -3.47877	 0.676832
87.18	 1.13472	 -0.288241	 -1.19023	 0.10007	 -3.45447	 0.665568
87.2	 1.16476	 -0.296063	 -1.16009	 0.0833272	 -3.42966	 0.653948
87.22	 1.19408	 -0.303739	 -1.12989	 0.0666339	 -3.4044	 0.641986
87.24	 1.22266	 -0.311251	 -1.0997	 0.0500677	 -3.37878	 0.629696
87.26	 1.2505	 -0.318581	 -1.06961	 0.0337071	 -3.35289	 0.617093
87.28	 1.27757	 -0.32571	 -1.03972	 0.0176302	 -3.3268	 0.604187
87.3	 1.30386	 -0.332619	 -1.01012	 0.00191374	 -3.30062	 0.590992
87.32	 1.32938	 -0.339289	 -0.980897	 -0.0133667	 -3.27442	 0.577517
87.34	 1.35409	 -0.345699	 -0.952136	 -0.0281377	 -3.2483	 0.563775
87.36	 1.378	 -0.351831	 -0.923926	 -0.0423274	 -3.22233	 0.549776
87.38	 1.4011	 -0.357667	 -0.896353	 -0.0558655	 -3.1966	 0.535532
87.4	 1.42337	 -0.363187	 -0.869499	 -0.0686835	 -3.17118	 0.521054
87.42	 1.44482	 -0.368375	 -0.84345	 -0.0807144	 -3.14615	 0.506356
87.44	 1.46542	 -0.373214	 -0.818286	 -0.0918931	 -3.1216	 0.491449
87.46	 1.48518	 -0.377688	 -0.794089	 -0.102157	 -3.09759	 0.476346
87.48	 1.50408	 -0.381781	 -0.770939	 -0.111444	 -3.07422	 0.46106
87.5	 1.52211	 -0.38548	 -0.748913	 -0.119697	 -3.05155	 0.445605
87.52	 1.53927	 -0.38877	 -0.728087	 -0.12686	 -3.02967	 0.429995
87.54	 1.55556	 -0.391638	 -0.708534	 -0.13288	 -3.00864	 0.414244
87.56	 1.57096	 -0.394074	 -0.690326	 -0.137708	 -2.98854	 0.398366
87.58	 1.58548	 -0.396065	 -0.673531	 -0.141296	 -2.96942	 0.382377
87.6	 1.59909	 -0.397603	 -0.658214	 -0.143602	 -2.95136	 0.366292
87.62	 1.61182	 -0.398677	 -0.644438	 -0.144584	 -2.9344	 0.350126
87.64	 1.62364	 -0.39928	 -0.632261	 -0.144204	 -2.91862	 0.333895
87.66	 1.63455	 -0.399405	 -0.621741	 -0.14243	 -2.90406	 0.317615
87.68	 1.64455	 -0.399045	 -0.612931	 -0.139231	 -2.89078	 0.301301
87.7	 1.65364	 -0.398195	 -0.60588	 -0.134579	 -2.87881	 0.284969
87.72	 1.66182	 -0.396851	 -0.600635	 -0.128452	 -2.86821	 0.268636
87.74	 1.66909	 -0.395009	 -0.597238	 -0.120829	 -2.85902	 0.252316
87.76	 1.67543	 -0.392668	 -0.595728	 -0.111696	 -2.85125	 0.236026
87.78	 1.68087	 -0.389825	 -0.596142	 -0.101039	 -2.84496	 0.21978
87.8	 1.68538	 -0.38648	 -0.598509	 -0.0888499	 -2.84016	 0.203594
87.82	 1.68898	 -0.382633	 -0.602858	 -0.075125	 -2.83688	 0.187484
87.84	 1.69166	 -0.378286	 -0.609212	 -0.0598637	 -2.83513	 0.171463
87.86	 1.69343	 -0.373441	 -0.617591	 -0.0430698	 -2.83492	 0.155546
87.88	 1.69429	 -0.368101	 -0.628008	 -0.0247512	 -2.83627	 0.139748
87.9	 1.69423	 -0.362271	 -0.640476	 -0.00492042	 -2.83917	 0.124082
87.92	 1.69327	 -0.355955	 -0.655002	 0.0164061	 -2.84364	 0.108563
87.94	 1.69141	 -0.34916	 -0.671588	 0.0392078	 -2.84966	 0.0932023
87.96	 1.68865	 -0.341894	 -0.690233	 0.0634597	 -2.85722	 0.0780144
87.98	 1.68499	 -0.334163	 -0.710932	 0.0891332	 -2.86631	 0.0630114
88	 1.68044	 -0.325976	 -0.733675	 0.116195	 -2.87692	 0.0482055
88.02	 1.67501	 -0.317344	 -0.758449	 0.14461	 -2.88902	 0.0336086
88.04	 1.6687	 -0.308278	 -0.785236	 0.174337	 -2.90259	 0.0192323
88.06	 1.66151	 -0.298788	 -0.814016	 0.205332	 -2.91759	 0.00508772
88.08	 1.65346	 -0.288887	 -0.844762	 0.237547	 -2.93399	 -0.00881426
88.1	 1.64455	 -0.278589	 -0.877445	 0.270933	 -2.95176	 -0.0224631
88.12	 1.63478	 -0.267907	 -0.912034	 0.305435	 -2.97085	 -0.0358485
88.14	 1.62417	 -0.256857	 -0.94849	 0.340996	 -2.99122	 -0.0489606
88.16	 1.61272	 -0.245454	 -0.986775	 0.377557	 -3.01282	 -0.0617895
88.18	 1.60044	 -0.233717	 -1.02685	 0.415055	 -3.0356	 -0.0743202
88.2	 1.58734	 -0.221672	 -1.06866	 0.453427	 -3.05952	 -0.0865286
88.22	 1.57343	 -0.209346	 -1.11218	 0.492608	 -3.08452	 -0.0983892
88.24	 1.55872	 -0.196765	 -1.15735	 0.532532	 -3.11057	 -0.109877
88.26	 1.54321	 -0.183959	 -1.20413	 0.573132	 -3.13761	 -0.120968
88.28	 1.52692	 -0.170953	 -1.25246	 0.614339	 -3.16558	 -0.131642
88.3	 1.50986	 -0.157776	 -1.30228	 0.656082	 -3.19443	 -0.141881
88.32	 1.49203	 -0.144453	 -1.35354	 0.698284	 -3.22409	 -0.151666
88.34	 1.47345	 -0.131013	 -1.40617	 0.74087	 -3.25449	 -0.16098
88.36	 1.45413	 -0.117481	 -1.4601	 0.783761	 -3.28556	 -0.169806
88.38	 1.43407	 -0.103886	 -1.51526	 0.826877	 -3.31723	 -0.178127
88.4	 1.4133	 -0.0902526	 -1.5716	 0.870139	 -3.34943	 -0.185935
88.42	 1.39182	 -0.0766005	 -1.62903	 0.913463	 -3.3821	 -0.193229
88.44	 1.36964	 -0.0629493	 -1.6875	 0.956768	 -3.41518	 -0.200011
88.46	 1.34679	 -0.0493178	 -1.74693	 0.999967	 -3.4486	 -0.206286
88.48	 1.32326	 -0.0357251	 -1.80725	 1.04297	 -3.48231	 -0.212057
88.5	 1.29907	 -0.0221839	 -1.8684	 1.0857	 -3.51623	 -0.217341
88.52	 1.27425	 -0.00870124	 -1.93031	 1.12807	 -3.55032	 -0.222166
88.54	 1.2488	 0.00471753	 -1.99292	 1.16998	 -3.58453	 -0.226564
88.56	 1.22275	 0.0180674	 -2.05615	 1.21134	 -3.61881	 -0.230567
88.58	 1.19611	 0.0313425	 -2.11994	 1.25206	 -3.6531	 -0.234204
88.6	 1.1689	 0.0445356	 -2.18423	 1.29206	 -3.68735	 -0.237504
88.62	 1.14114	 0.0576384	 -2.24893	 1.33125	 -3.72149	 -0.240492
88.64	 1.11285	 0.0706422	 -2.31397	 1.36954	 -3.75547	 -0.243195
88.66	 1.08403	 0.0835381	 -2.37929	 1.40685	 -3.78923	 -0.24564
88.68	 1.05472	 0.0963172	 -2.4448	 1.44309	 -3.82269	 -0.247852
88.7	 1.02492	 0.108971	 -2.51043	 1.4782	 -3.85581	 -0.24986
88.72	 0.994663	 0.121487	 -2.57611	 1.51207	 -3.88853	 -0.251682
88.74	 0.963961	 0.133853	 -2.64176	 1.54465	 -3.92079	 -0.253336
88.76	 0.932833	 0.14607	 -2.70733	 1.57594	 -3.95253	 -0.254832
88.78	 0.9013	 0.158139	 -2.77273	 1.60594	 -3.98369	 -0.256183
88.8	 0.86938	 0.170061	 -2.8379	 1.63463	 -4.01419	 -0.257404
88.82	 0.83709	 0.18184	 -2.90279	 1.66199	 -4.04398	 -0.258513
88.84	 0.80444	 0.19348	 -2.96732	 1.68801	 -4.07301	 -0.259532
88.86	 0.771439	 0.204989	 -3.03145	 1.71269	 -4.10126	 -0.260489
88.88	 0.738093	 0.216372	 -3.09513	 1.736	 -4.12871	 -0.261411
88.9	 0.704408	 0.227638	 -3.15832	 1.75796	 -4.15534	 -0.262326
88.92	 0.67039	 0.238789	 -3.22097	 1.77855	 -4.18114	 -0.263259
88.94	 0.63605	 0.24983	 -3.28303	 1.79776	 -4.20608	 -0.264232
88.96	 0.601395	 0.260765	 -3.34445	 1.81559	 -4.23013	 -0.265268
88.98	 0.566437	 0.271595	 -3.40518	 1.83204	 -4.25327	 -0.266389
89	 0.531178	 0.282317	 -3.46518	 1.84707	 -4.27547	 -0.26761
89.02	 0.495618	 0.292928	 -3.52441	 1.86065	 -4.29674	 -0.268948
89.04	 0.459759	 0.303425	 -3.58283	 1.87277	 -4.31707	 -0.27042
89.06	 0.423598	 0.313806	 -3.64043	 1.88341	 -4.33646	 -0.27204
89.08	 0.387139	 0.324066	 -3.69716	 1.89254	 -4.35494	 -0.27382
89.1	 0.350387	 0.334205	 -3.753	 1.90015	 -4.3725	 -0.275781
89.12	 0.313347	 0.344222	 -3.80792	 1.90623	 -4.38915	 -0.277934
89.14	 0.276022	 0.354119	 -3.86188	 1.91081	 -4.40487	 -0.28026
89.16	 0.238412	 0.363893	 -3.91485	 1.91389	 -4.41962	 -0.282737
89.18	 0.200519	 0.373542	 -3.96679	 1.91545	 -4.43336	 -0.28534
89.2	 0.162343	 0.383065	 -4.01766	 1.91551	 -4.44606	 -0.288047
89.22	 0.123886	 0.392463	 -4.06744	 1.91408	 -4.45767	 -0.29084
89.24	 0.0851505	 0.401737	 -4.11609	 1.91117	 -4.46819	 -0.293708
89.26	 0.04614	 0.410888	 -4.16359	 1.90682	 -4.47758	 -0.29664
89.28	 0.00685769	 0.419918	 -4.2099	 1.90103	 -4.48584	 -0.299627
89.3	 -0.0326924	 0.428826	 -4.255	 1.89382	 -4.49293	 -0.302659
89.32	 -0.0725064	 0.437612	 -4.29887	 1.88522	 -4.49886	 -0.305723
89.34	 -0.11258	 0.446277	 -4.34147	 1.87524	 -4.50359	 -0.308808
89.36	 -0.152908	 0.45482	 -4.38278	 1.86389	 -4.50711	 -0.3119
89.38	 -0.193486	 0.463244	 -4.42278	 1.8512	 -4.50939	 -0.31499
89.4	 -0.234308	 0.471549	 -4.46144	 1.83719	 -4.51042	 -0.318066
89.42	 -0.275368	 0.479735	 -4.49875	 1.82187	 -4.51017	 -0.321119
89.44	 -0.31666	 0.487803	 -4.53467	 1.80526	 -4.50862	 -0.324139
89.46	 -0.358178	 0.495755	 -4.56919	 1.78738	 -4.50576	 -0.327118
89.48	 -0.399914	 0.503592	 -4.60229	 1.76826	 -4.50156	 -0.330047
89.5	 -0.441861	 0.511314	 -4.63395	 1.74791	 -4.496	 -0.332919
89.52	 -0.484012	 0.518922	 -4.66417	 1.72635	 -4.48908	 -0.335725
89.54	 -0.526358	 0.526417	 -4.69291	 1.70361	 -4.48077	 -0.338459
89.56	 -0.56889	 0.5338	 -4.72016	 1.6797	 -4.47105	 -0.341114
89.58	 -0.6116	 0.541073	 -4.74592	 1.65466	 -4.45991	 -0.343684
89.6	 -0.654479	 0.548236	 -4.77017	 1.62849	 -4.44733	 -0.346163
89.62	 -0.697516	 0.555291	 -4.79289	 1.60123	 -4.43328	 -0.348546
89.64	 -0.740701	 0.562238	 -4.81409	 1.5729	 -4.41776	 -0.35083
89.66	 -0.784024	 0.569079	 -4.83374	 1.54351	 -4.40074	 -0.35301
89.68	 -0.827474	 0.575815	 -4.85185	 1.51309	 -4.38221	 -0.355083
89.7	 -0.871039	 0.582446	 -4.8684	 1.48166	 -4.36216	 -0.357047
89.72	 -0.914707	 0.588975	 -4.88339	 1.44924	 -4.34056	 -0.3589
89.74	 -0.958466	 0.595402	 -4.89682	 1.41587	 -4.31739	 -0.360641
89.76	 -1.0023	 0.601728	 -4.90868	 1.38155	 -4.29266	 -0.362269
89.78	 -1.0462	 0.607954	 -4.91897	 1.3463	 -4.26632	 -0.363785
89.8	 -1.09016	 0.614081	 -4.9277	 1.31016	 -4.23838	 -0.365189
89.82	 -1.13415	 0.62011	 -4.93486	 1.27315	 -4.20882	 -0.366482
89.84	 -1.17816	 0.626042	 -4.94045	 1.23527	 -4.17761	 -0.367667
89.86	 -1.22217	 0.631877	 -4.94449	 1.19657	 -4.14476	 -0.368745
89.88	 -1.26618	 0.63762	 -4.94696	 1.15707	 -4.11024	 -0.36972
89.9	 -1.31016	 0.643269	 -4.94789	 1.11678	 -4.07404	 -0.370595
89.92	 -1.35409	 0.648824	 -4.94727	 1.07574	 -4.03615	 -0.371369
89.94	 -1.39797	 0.654286	 -4.94512	 1.03395	 -3.99656	 -0.372045
89.96	 -1.44177	 0.659658	 -4.94145	 0.991465	 -3.95526	 -0.372622
89.98	 -1.48546	 0.664939	 -4.93626	 0.948301	 -3.91224	 -0.373102
90	 -1.52905	 0.67013	 -4.92957	 0.904479	 -3.86749	 -0.373487
90.02	 -1.57249	 0.675231	 -4.9214	 0.860031	 -3.82101	 -0.373778
90.04	 -1.61578	 0.680244	 -4.91175	 0.814991	 -3.77279	 -0.373974
90.06	 -1.65889	 0.68517	 -4.90065	 0.769386	 -3.72283	 -0.374079
90.08	 -1.70181	 0.690008	 -4.88811	 0.723244	 -3.67112	 -0.374091
90.1	 -1.74451	 0.694759	 -4.87415	 0.676601	 -3.61766	 -0.37401
90.12	 -1.78697	 0.699425	 -4.85879	 0.62949	 -3.56246	 -0.373838
90.14	 -1.82916	 0.704004	 -4.84205	 0.581942	 -3.50551	 -0.373572
90.16	 -1.87107	 0.708499	 -4.82395	 0.533991	 -3.44681	 -0.373214
90.18	 -1.91268	 0.712908	 -4.80452	 0.485675	 -3.38638	 -0.372761
90.2	 -1.95395	 0.717233	 -4.78378	 0.437035	 -3.32423	 -0.372212
90.22	 -1.99487	 0.721472	 -4.76176	 0.388098	 -3.26035	 -0.371566
90.24	 -2.03541	 0.725627	 -4.73848	 0.338906	 -3.19477	 -0.370821
90.26	 -2.07554	 0.729697	 -4.71397	 0.289494	 -3.1275	 -0.369976
90.28	 -2.11525	 0.733682	 -4.68826	 0.239899	 -3.05855	 -0.369027
90.3	 -2.15451	 0.73758	 -4.66138	 0.190159	 -2.98796	 -0.367972
90.32	 -2.19329	 0.741393	 -4.63336	 0.14031	 -2.91573	 -0.366809
90.34	 -2.23158	 0.745117	 -4.60423	 0.0903891	 -2.84189	 -0.365533
90.36	 -2.26933	 0.748754	 -4.57403	 0.0404337	 -2.76649	 -0.36414
90.38	 -2.30654	 0.752301	 -4.54279	 -0.00951951	 -2.68954	 -0.362628
90.4	 -2.34316	 0.755757	 -4.51054	 -0.0594344	 -2.61108	 -0.36099
90.42	 -2.37919	 0.75912	 -4.47731	 -0.109275	 -2.53116	 -0.359222
90.44	 -2.41459	 0.76239	 -4.44316	 -0.159005	 -2.44981	 -0.357319
90.46	 -2.44933	 0.765563	 -4.4081	 -0.20859	 -2.36708	 -0.355275
90.48	 -2.4834	 0.768639	 -4.37219	 -0.257993	 -2.28301	 -0.353083
90.5	 -2.51676	 0.771615	 -4.33545	 -0.30718	 -2.19766	 -0.350739
90.52	 -2.5494	 0.774488	 -4.29794	 -0.356114	 -2.11108	 -0.348234
90.54	 -2.58128	 0.777257	 -4.25968	 -0.404761	 -2.02331	 -0.345561
90.56	 -2.61238	 0.779918	 -4.22072	 -0.453083	 -1.93443	 -0.342714
90.58	 -2.64268	 0.78247	 -4.18109	 -0.501045	 -1.84447	 -0.339685
90.6	 -2.67215	 0.78491	 -4.14085	 -0.54861	 -1.75351	 -0.336466
90.62	 -2.70077	 0.787235	 -4.10003	 -0.595741	 -1.66159	 -0.333049
90.64	 -2.72852	 0.789442	 -4.05868	 -0.642403	 -1.56879	 -0.329425
90.66	 -2.75537	 0.791529	 -4.01683	 -0.68856	 -1.47516	 -0.325586
90.68	 -2.7813	 0.793493	 -3.97452	 -0.734177	 -1.38076	 -0.321524
90.7	 -2.80629	 0.79533	 -3.93181	 -0.779219	 -1.28567	 -0.317229
90.72	 -2.83031	 0.797038	 -3.88874	 -0.823653	 -1.18996	 -0.312692
90.74	 -2.85335	 0.798613	 -3.84534	 -0.867445	 -1.09368	 -0.307903
90.76	 -2.87538	 0.800053	 -3.80166	 -0.910562	 -0.996912	 -0.302855
90.78	 -2.89639	 0.801354	 -3.75774	 -0.952972	 -0.899723	 -0.297537
90.8	 -2.91635	 0.802513	 -3.71363	 -0.994643	 -0.802187	 -0.29194
90.82	 -2.93524	 0.803528	 -3.66937	 -1.03554	 -0.704373	 -0.286055
90.84	 -2.95305	 0.804395	 -3.62499	 -1.07564	 -0.606355	 -0.279873
90.86	 -2.96976	 0.805112	 -3.58056	 -1.11492	 -0.508207	 -0.273385
90.88	 -2.98535	 0.805676	 -3.53609	 -1.15333	 -0.410001	 -0.266583
90.9	 -2.9998	 0.806084	 -3.49164	 -1.19085	 -0.311811	 -0.259458
90.92	 -3.0131	 0.806333	 -3.44725	 -1.22746	 -0.213712	 -0.252002
90.94	 -3.02523	 0.806422	 -3.40296	 -1.26313	 -0.115778	 -0.244208
90.96	 -3.03619	 0.806347	 -3.35881	 -1.29784	 -0.0180828	 -0.236068
90.98	 -3.04594	 0.806108	 -3.31483	 -1.33156	 0.079299	 -0.227576
91	 -3.05449	 0.805702	 -3.27108	 -1.36426	 0.176294	 -0.218725
91.02	 -3.06182	 0.805127	 -3.22757	 -1.39594	 0.272828	 -0.20951
91.04	 -3.06792	 0.804382	 -3.18436	 -1.42657	 0.368829	 -0.199926
91.06	 -3.07278	 0.803466	 -3.14148	 -1.45612	 0.464225	 -0.18997
91.08	 -3.07639	 0.802377	 -3.09897	 -1.4846	 0.558945	 -0.179637
91.1	 -3.07874	 0.801115	 -3.05685	 -1.51197	 0.652918	 -0.168927
91.12	 -3.07982	 0.79968	 -3.01517	 -1.53823	 0.746074	 -0.157837
91.14	 -3.07963	 0.79807	 -2.97396	 -1.56336	 0.838345	 -0.146365
91.16	 -3.07815	 0.796287	 -2.93325	 -1.58736	 0.929663	 -0.134511
91.18	 -3.0754	 0.794329	 -2.89307	 -1.61021	 1.01996	 -0.122274
91.2	 -3.07135	 0.792198	 -2.85344	 -1.6319	 1.10918	 -0.109654
91.22	 -3.06601	 0.789895	 -2.81441	 -1.65243	 1.19724	 -0.0966533
91.24	 -3.05938	 0.78742	 -2.77599	 -1.67178	 1.28409	 -0.0832722
91.26	 -3.05145	 0.784775	 -2.73822	 -1.68996	 1.36967	 -0.0695131
91.28	 -3.04223	 0.781962	 -2.70112	 -1.70696	 1.45392	 -0.0553789
91.3	 -3.03171	 0.778982	 -2.6647	 -1.72278	 1.53677	 -0.0408733
91.32	 -3.0199	 0.775837	 -2.62901	 -1.7374	 1.61818	 -0.0260005
91.34	 -3.00679	 0.772531	 -2.59404	 -1.75084	 1.69808	 -0.0107655
91.36	 -2.9924	 0.769066	 -2.55984	 -1.7631	 1.77643	 0.00482618
91.38	 -2.97672	 0.765445	 -2.52641	 -1.77416	 1.85317	 0.0207683
91.4	 -2.95976	 0.761671	 -2.49377	 -1.78405	 1.92826	 0.0370544
91.42	 -2.94153	 0.757747	 -2.46194	 -1.79275	 2.00165	 0.053677
91.44	 -2.92203	 0.753678	 -2.43093	 -1.80028	 2.07329	 0.0706282
91.46	 -2.90128	 0.749466	 -2.40076	 -1.80664	 2.14314	 0.0878992
91.48	 -2.87927	 0.745117	 -2.37143	 -1.81184	 2.21117	 0.105481
91.5	 -2.85603	 0.740635	 -2.34296	 -1.81588	 2.27733	 0.123364
91.52	 -2.83155	 0.736023	 -2.31535	 -1.81879	 2.34159	 0.141537
91.54	 -2.80586	 0.731287	 -2.28861	 -1.82056	 2.40393	 0.159989
91.56	 -2.77896	 0.726432	 -2.26274	 -1.82121	 2.46431	 0.17871
91.58	 -2.75087	 0.721461	 -2.23775	 -1.82076	 2.52271	 0.197688
91.6	 -2.7216	 0.716381	 -2.21363	 -1.81921	 2.5791	 0.216911
91.62	 -2.69117	 0.711197	 -2.19039	 -1.81658	 2.63347	 0.236366
91.64	 -2.65958	 0.705913	 -2.16802	 -1.81289	 2.6858	 0.25604
91.66	 -2.62686	 0.700536	 -2.14653	 -1.80816	 2.73607	 0.275921
91.68	 -2.59303	 0.695069	 -2.12589	 -1.80239	 2.78427	 0.295996
91.7	 -2.5581	 0.68952	 -2.10611	 -1.79562	 2.8304	 0.31625
91.72	 -2.52208	 0.683892	 -2.08718	 -1.78785	 2.87445	 0.336672
91.74	 -2.48501	 0.678191	 -2.06908	 -1.77911	 2.91642	 0.357246
91.76	 -2.44689	 0.672422	 -2.05181	 -1.76942	 2.95631	 0.37796
91.78	 -2.40775	 0.66659	 -2.03534	 -1.7588	 2.99413	 0.3988
91.8	 -2.36761	 0.6607	 -2.01967	 -1.74727	 3.02988	 0.419752
91.82	 -2.32649	 0.654757	 -2.00477	 -1.73485	 3.06357	 0.440803
91.84	 -2.2844	 0.648766	 -1.99062	 -1.72156	 3.09522	 0.461941
91.86	 -2.24139	 0.64273	 -1.97721	 -1.70743	 3.12485	 0.483151
91.88	 -2.19746	 0.636655	 -1.96451	 -1.69249	 3.15247	 0.504421
91.9	 -2.15264	 0.630544	 -1.95249	 -1.67674	 3.17811	 0.52574
91.92	 -2.10695	 0.624401	 -1.94114	 -1.66023	 3.20179	 0.547093
91.94	 -2.06042	 0.61823	 -1.93042	 -1.64298	 3.22355	 0.568468
91.96	 -2.01307	 0.612034	 -1.92031	 -1.62501	 3.2434	 0.589849
91.98	 -1.96493	 0.605817	 -1.91077	 -1.60636	 3.26139	 0.611225
92	 -1.91603	 0.599582	 -1.90179	 -1.58705	 3.27755	 0.632581
92.02	 -1.86638	 0.593332	 -1.89332	 -1.5671	 3.29193	 0.653907
92.04	 -1.81602	 0.587069	 -1.88532	 -1.54655	 3.30455	 0.675193
92.06	 -1.76496	 0.580797	 -1.87778	 -1.52541	 3.31547	 0.696426
92.08	 -1.71325	 0.574518	 -1.87065	 -1.50372	 3.32473	 0.717597
92.1	 -1.6609	 0.568234	 -1.8639	 -1.48151	 3.33237	 0.738692
92.12	 -1.60795	 0.561948	 -1.85748	 -1.45881	 3.33846	 0.759702
92.14	 -1.55442	 0.555661	 -1.85137	 -1.43563	 3.34303	 0.780613
92.16	 -1.50033	 0.549375	 -1.84552	 -1.41202	 3.34614	 0.801415
92.18	 -1.44572	 0.543092	 -1.83989	 -1.38801	 3.34785	 0.822097
92.2	 -1.39061	 0.536812	 -1.83444	 -1.36361	 3.34822	 0.842647
92.22	 -1.33504	 0.530538	 -1.82913	 -1.33887	 3.3473	 0.863056
92.24	 -1.27902	 0.524269	 -1.82392	 -1.3138	 3.34516	 0.883313
92.26	 -1.2226	 0.518006	 -1.81877	 -1.28845	 3.34186	 0.903407
92.28	 -1.16579	 0.51175	 -1.81363	 -1.26285	 3.33745	 0.923328
92.3	 -1.10862	 0.5055	 -1.80847	 -1.23702	 3.33201	 0.943067
92.32	 -1.05113	 0.499257	 -1.80324	 -1.21099	 3.3256	 0.962612
92.34	 -0.993345	 0.493019	 -1.79789	 -1.18481	 3.31828	 0.981955
92.36	 -0.935288	 0.486787	 -1.79239	 -1.15849	 3.31012	 1.00109
92.38	 -0.87699	 0.480558	 -1.7867	 -1.13208	 3.30118	 1.02
92.4	 -0.818478	 0.474331	 -1.78076	 -1.1056	 3.29154	 1.03867
92.42	 -0.759781	 0.468104	 -1.77454	 -1.07908	 3.28126	 1.05712
92.44	 -0.700927	 0.461876	 -1.76799	 -1.05256	 3.2704	 1.07531
92.46	 -0.641943	 0.455643	 -1.76108	 -1.02608	 3.25904	 1.09325
92.48	 -0.582849	 0.449402	 -1.75377	 -0.999619	 3.24722	 1.11094
92.5	 -0.523654	 0.443145	 -1.74602	 -0.973171	 3.23501	 1.12841
92.52	 -0.464368	 0.436865	 -1.73781	 -0.946725	 3.22246	 1.14566
92.54	 -0.404998	 0.430552	 -1.72911	 -0.920271	 3.20962	 1.16272
92.56	 -0.345542	 0.424194	 -1.7199	 -0.893852	 3.19654	 1.1796
92.58	 -0.285996	 0.417785	 -1.71017	 -0.867506	 3.18325	 1.19629
92.6	 -0.226355	 0.411317	 -1.6999	 -0.841264	 3.16981	 1.21279
92.62	 -0.166615	 0.404786	 -1.68908	 -0.815159	 3.15626	 1.22908
92.64	 -0.106774	 0.398184	 -1.67768	 -0.789227	 3.14265	 1.24515
92.66	 -0.0468333	 0.391505	 -1.66569	 -0.763504	 3.12902	 1.26101
92.68	 0.0132071	 0.384738	 -1.6531	 -0.73803	 3.11542	 1.27665
92.7	 0.073344	 0.377874	 -1.6399	 -0.712841	 3.10187	 1.29208
92.72	 0.133576	 0.370902	 -1.62607	 -0.687975	 3.08841	 1.30729
92.74	 0.193901	 0.363812	 -1.61161	 -0.663466	 3.07506	 1.32229
92.76	 0.254319	 0.356591	 -1.59651	 -0.63935	 3.06186	 1.33707
92.78	 0.314828	 0.349232	 -1.58076	 -0.61566	 3.04883	 1.35164
92.8	 0.375425	 0.341724	 -1.56436	 -0.592434	 3.03601	 1.36599
92.82	 0.43611	 0.334059	 -1.5473	 -0.569704	 3.02342	 1.38012
92.84	 0.496877	 0.326225	 -1.52958	 -0.547509	 3.01108	 1.39403
92.86	 0.557722	 0.318215	 -1.5112	 -0.525882	 2.99901	 1.40771
92.88	 0.618639	 0.310017	 -1.49217	 -0.504857	 2.98722	 1.42117
92.9	 0.679616	 0.301622	 -1.47249	 -0.48447	 2.9757	 1.4344
92.92	 0.740643	 0.293023	 -1.45218	 -0.464752	 2.96443	 1.44741
92.94	 0.801704	 0.28421	 -1.43127	 -0.445738	 2.95339	 1.46017
92.96	 0.86278	 0.27518	 -1.40978	 -0.42746	 2.94252	 1.47269
92.98	 0.923852	 0.265928	 -1.38776	 -0.409954	 2.93177	 1.48495
93	 0.984898	 0.256451	 -1.36523	 -0.393253	 2.92108	 1.49694
93.02	 1.04589	 0.246746	 -1.34225	 -0.377391	 2.91038	 1.50864
93.04	 1.10682	 0.236809	 -1.31884	 -0.362402	 2.89961	 1.52004
93.06	 1.16765	 0.226637	 -1.29504	 -0.348317	 2.88872	 1.53113
93.08	 1.22836	 0.216227	 -1.27089	 -0.335166	 2.87765	 1.54191
93.1	 1.28894	 0.205577	 -1.24643	 -0.322979	 2.86634	 1.55234
93.12	 1.34934	 0.194685	 -1.2217	 -0.311784	 2.85472	 1.56242
93.14	 1.40956	 0.183551	 -1.19673	 -0.301608	 2.84273	 1.57213
93.16	 1.46957	 0.172175	 -1.17157	 -0.292478	 2.8303	 1.58146
93.18	 1.52934	 0.160559	 -1.14626	 -0.284421	 2.81735	 1.59038
93.2	 1.58885	 0.148705	 -1.12085	 -0.277462	 2.8038	 1.59887
93.22	 1.64808	 0.136615	 -1.09539	 -0.271625	 2.78958	 1.60692
93.24	 1.70701	 0.124295	 -1.06993	 -0.266934	 2.77462	 1.6145
93.26	 1.7656	 0.111748	 -1.0445	 -0.26341	 2.75883	 1.62159
93.28	 1.82385	 0.0989793	 -1.01916	 -0.261068	 2.74215	 1.62816
93.3	 1.88173	 0.0859954	 -0.993959	 -0.25993	 2.7245	 1.6342
93.32	 1.93922	 0.0728024	 -0.968932	 -0.260015	 2.7058	 1.63967
93.34	 1.99629	 0.059408	 -0.944132	 -0.261336	 2.68598	 1.64456
93.36	 2.05292	 0.0458213	 -0.919604	 -0.263905	 2.66497	 1.64883
93.38	 2.10911	 0.0320521	 -0.895393	 -0.267729	 2.64268	 1.65246
93.4	 2.16481	 0.0181109	 -0.871545	 -0.272823	 2.61906	 1.65543
93.42	 2.22002	 0.0040094	 -0.848101	 -0.279198	 2.59404	 1.65769
93.44	 2.27472	 -0.0102395	 -0.825105	 -0.286857	 2.56754	 1.65922
93.46	 2.32888	 -0.0246224	 -0.802597	 -0.295804	 2.53951	 1.65999
93.48	 2.38249	 -0.039125	 -0.780617	 -0.306043	 2.50989	 1.65997
93.5	 2.43553	 -0.0537325	 -0.759203	 -0.31757	 2.47862	 1.65913
93.52	 2.48798	 -0.0684296	 -0.738392	 -0.330382	 2.44564	 1.65743
93.54	 2.53982	 -0.0832002	 -0.718221	 -0.344471	 2.4109	 1.65484
93.56	 2.59104	 -0.0980277	 -0.698723	 -0.359825	 2.37436	 1.65134
93.58	 2.64161	 -0.112895	 -0.679932	 -0.376423	 2.33596	 1.6469
93.6	 2.69153	 -0.127784	 -0.661878	 -0.394243	 2.29567	 1.64148
93.62	 2.74078	 -0.142677	 -0.644591	 -0.413262	 2.25346	 1.63507
93.64	 2.78933	 -0.157554	 -0.628098	 -0.433448	 2.20928	 1.62763
93.66	 2.83718	 -0.172395	 -0.612424	 -0.454762	 2.16312	 1.61913
93.68	 2.8843	 -0.187179	 -0.597592	 -0.47716	 2.11494	 1.60956
93.7	 2.93068	 -0.201886	 -0.583623	 -0.500594	 2.06473	 1.59889
93.72	 2.97631	 -0.216495	 -0.570536	 -0.525008	 2.01247	 1.5871
93.74	 3.02118	 -0.230983	 -0.558348	 -0.550342	 1.95816	 1.57416
93.76	 3.06525	 -0.245328	 -0.547074	 -0.57653	 1.90179	 1.56007
93.78	 3.10854	 -0.259509	 -0.536725	 -0.603501	 1.84337	 1.5448
93.8	 3.15101	 -0.273503	 -0.527312	 -0.631178	 1.78289	 1.52834
93.82	 3.19265	 -0.28729	 -0.518845	 -0.659479	 1.72037	 1.51069
93.84	 3.23345	 -0.300849	 -0.511332	 -0.688313	 1.65582	 1.49184
93.86	 3.2734	 -0.314162	 -0.504781	 -0.717587	 1.58926	 1.4718
93.88	 3.31249	 -0.32721	 -0.499197	 -0.747201	 1.5207	 1.45058
93.9	 3.35069	 -0.339972	 -0.494583	 -0.77705	 1.45017	 1.42817
93.92	 3.38801	 -0.352429	 -0.49094	 -0.807024	 1.37772	 1.4046
93.94	 3.42442	 -0.364561	 -0.488265	 -0.837012	 1.30337	 1.37987
93.96	 3.45991	 -0.376349	 -0.486555	 -0.866898	 1.22717	 1.35401
93.98	 3.49446	 -0.387772	 -0.485803	 -0.896564	 1.14918	 1.32703
94	 3.52808	 -0.398812	 -0.485999	 -0.925889	 1.06946	 1.29895
94.02	 3.56074	 -0.409451	 -0.487133	 -0.954751	 0.988062	 1.26981
94.04	 3.59243	 -0.41967	 -0.489192	 -0.983024	 0.90506	 1.23963
94.06	 3.62314	 -0.429452	 -0.49216	 -1.01058	 0.820528	 1.20845
94.08	 3.65286	 -0.438781	 -0.49602	 -1.0373	 0.734545	 1.1763
94.1	 3.68157	 -0.44764	 -0.500755	 -1.06305	 0.647193	 1.14322
94.12	 3.70926	 -0.456015	 -0.506341	 -1.0877	 0.558561	 1.10925
94.14	 3.73593	 -0.46389	 -0.512758	 -1.11113	 0.468744	 1.07444
94.16	 3.76155	 -0.47125	 -0.51998	 -1.13322	 0.37784	 1.03882
94.18	 3.78611	 -0.478084	 -0.52798	 -1.15383	 0.285951	 1.00246
94.2	 3.80962	 -0.484378	 -0.53673	 -1.17285	 0.193185	 0.965381
94.22	 3.83204	 -0.49012	 -0.546199	 -1.19016	 0.0996528	 0.92765
94.24	 3.85337	 -0.495299	 -0.556356	 -1.20564	 0.00546707	 0.889313
94.26	 3.8736	 -0.499905	 -0.567167	 -1.21918	 -0.0892548	 0.850422
94.28	 3.89272	 -0.503928	 -0.578596	 -1.23066	 -0.184393	 0.811028
94.3	 3.91072	 -0.507359	 -0.590609	 -1.23999	 -0.279824	 0.771186
94.32	 3.92758	 -0.510191	 -0.603166	 -1.24704	 -0.375423	 0.73095
94.34	 3.94329	 -0.512416	 -0.616228	 -1.25173	 -0.471061	 0.690374
94.36	 3.95784	 -0.514028	 -0.629756	 -1.25395	 -0.566609	 0.649515
94.38	 3.97123	 -0.515022	 -0.643706	 -1.25363	 -0.661936	 0.608429
94.4	 3.98343	 -0.515394	 -0.658038	 -1.25066	 -0.756911	 0.567171
94.42	 3.99444	 -0.515138	 -0.672706	 -1.24496	 -0.8514	 0.525797
94.44	 4.00425	 -0.514254	 -0.687667	 -1.23647	 -0.945271	 0.484366
94.46	 4.01285	 -0.512738	 -0.702875	 -1.2251	 -1.03839	 0.442932
94.48	 4.02022	 -0.51059	 -0.718283	 -1.21078	 -1.13062	 0.401552
94.5	 4.02636	 -0.507809	 -0.733846	 -1.19347	 -1.22184	 0.360282
94.52	 4.03125	 -0.504396	 -0.749515	 -1.17309	 -1.31191	 0.319178
94.54	 4.03489	 -0.500353	 -0.765243	 -1.14961	 -1.4007	 0.278293
94.56	 4.03726	 -0.495682	 -0.780981	 -1.12298	 -1.48807	 0.237683
94.58	 4.03836	 -0.490387	 -0.796682	 -1.09315	 -1.57391	 0.197399
94.6	 4.03817	 -0.48447	 -0.812296	 -1.06011	 -1.65809	 0.157495
94.62	 4.03669	 -0.477939	 -0.827774	 -1.02382	 -1.74047	 0.118022
94.64	 4.0339	 -0.470799	 -0.843067	 -0.984284	 -1.82094	 0.07903
94.66	 4.02981	 -0.463056	 -0.858127	 -0.941484	 -1.89938	 0.0405672
94.68	 4.02439	 -0.45472	 -0.872904	 -0.895425	 -1.97568	 0.00268144
94.7	 4.01764	 -0.445799	 -0.88735	 -0.846113	 -2.04971	 -0.0345815
94.72	 4.00956	 -0.436302	 -0.901416	 -0.793569	 -2.12138	 -0.0711774
94.74	 4.00013	 -0.42624	 -0.915055	 -0.737818	 -2.19056	 -0.107064
94.76	 3.98935	 -0.415624	 -0.928218	 -0.678894	 -2.25715	 -0.1422
94.78	 3.97721	 -0.404467	 -0.94086	 -0.616842	 -2.32106	 -0.176549
94.8	 3.96371	 -0.39278	 -0.952934	 -0.551714	 -2.38218	 -0.210073
94.82	 3.94884	 -0.380577	 -0.964394	 -0.48357	 -2.44043	 -0.242741
94.84	 3.9326	 -0.367867	 -0.9752	 -0.412477	 -2.49571	 -0.274527
94.86	 3.91499	 -0.354659	 -0.985312	 -0.338514	 -2.54796	 -0.305414
94.88	 3.896	 -0.340961	 -0.994692	 -0.261764	 -2.5971	 -0.335388
94.9	 3.87564	 -0.326783	 -1.0033	 -0.182322	 -2.64306	 -0.364432
94.92	 3.8539	 -0.312137	 -1.01111	 -0.100286	 -2.68579	 -0.392533
94.94	 3.83079	 -0.297034	 -1.01807	 -0.0157637	 -2.72522	 -0.419676
94.96	 3.80631	 -0.28149	 -1.02416	 0.0711325	 -2.7613	 -0.445848
94.98	 3.78046	 -0.265521	 -1.02933	 0.160284	 -2.79397	 -0.471036
95	 3.75324	 -0.249142	 -1.03355	 0.251565	 -2.82319	 -0.495231
95.02	 3.72465	 -0.232371	 -1.03679	 0.344845	 -2.84891	 -0.518424
95.04	 3.69472	 -0.215225	 -1.03902	 0.439986	 -2.87109	 -0.54061
95.06	 3.66342	 -0.197723	 -1.0402	 0.536845	 -2.88971	 -0.561783
95.08	 3.63079	 -0.179884	 -1.0403	 0.635273	 -2.90473	 -0.581943
95.1	 3.59682	 -0.161727	 -1.0393	 0.735115	 -2.91613	 -0.601089
95.12	 3.56151	 -0.143273	 -1.03717	 0.836209	 -2.9239	 -0.619221
95.14	 3.52489	 -0.124544	 -1.03388	 0.938391	 -2.92802	 -0.636341
95.16	 3.48697	 -0.10556	 -1.0294	 1.04149	 -2.92848	 -0.652455
95.18	 3.44774	 -0.0863452	 -1.02372	 1.14533	 -2.92528	 -0.667566
95.2	 3.40723	 -0.0669226	 -1.01682	 1.24974	 -2.91843	 -0.681683
95.22	 3.36544	 -0.0473157	 -1.00866	 1.35453	 -2.90791	 -0.694816
95.24	 3.3224	 -0.0275483	 -0.999234	 1.45952	 -2.89376	 -0.706976
95.26	 3.27812	 -0.00764541	 -0.988525	 1.56451	 -2.87598	 -0.718175
95.28	 3.2326	 0.0123679	 -0.976513	 1.66933	 -2.8546	 -0.728427
95.3	 3.18587	 0.0324661	 -0.963187	 1.77376	 -2.82963	 -0.737749
95.32	 3.13795	 0.0526236	 -0.948532	 1.87763	 -2.80111	 -0.746158
95.34	 3.08885	 0.0728143	 -0.932538	 1.98073	 -2.76908	 -0.753672
95.36	 3.03859	 0.0930117	 -0.915196	 2.08287	 -2.73357	 -0.760314
95.38	 2.98718	 0.11319	 -0.896498	 2.18384	 -2.69462	 -0.766104
95.4	 2.93466	 0.133321	 -0.876438	 2.28345	 -2.65228	 -0.771066
95.42	 2.88103	 0.15338	 -0.855014	 2.3815	 -2.60662	 -0.775226
95.44	 2.82632	 0.173339	 -0.832222	 2.47779	 -2.55767	 -0.778609
95.46	 2.77055	 0.193171	 -0.808062	 2.57212	 -2.5055	 -0.781243
95.48	 2.71373	 0.21285	 -0.782537	 2.66429	 -2.45018	 -0.783155
95.5	 2.6559	 0.232347	 -0.755648	 2.75412	 -2.39178	 -0.784375
95.52	 2.59708	 0.251636	 -0.727403	 2.84139	 -2.33035	 -0.784932
95.54	 2.53728	 0.27069	 -0.697808	 2.92593	 -2.26599	 -0.784859
95.56	 2.47653	 0.289481	 -0.666874	 3.00753	 -2.19877	 -0.784184
95.58	 2.41486	 0.307983	 -0.634611	 3.08602	 -2.12877	 -0.782941
95.6	 2.35228	 0.326168	 -0.601034	 3.1612	 -2.05609	 -0.781159
95.62	 2.28882	 0.344009	 -0.566159	 3.23291	 -1.98081	 -0.77887
95.64	 2.2245	 0.361477	 -0.530006	 3.30096	 -1.90302	 -0.776103
95.66	 2.15936	 0.378545	 -0.492595	 3.36518	 -1.82284	 -0.772887
95.68	 2.0934	 0.395184	 -0.453953	 3.4254	 -1.74037	 -0.769249
95.7	 2.02666	 0.411363	 -0.414105	 3.48147	 -1.65571	 -0.765215
95.72	 1.95917	 0.427053	 -0.373084	 3.53322	 -1.56899	 -0.760808
95.74	 1.89094	 0.442224	 -0.330922	 3.58051	 -1.48031	 -0.756049
95.76	 1.82201	 0.456844	 -0.287658	 3.62317	 -1.3898	 -0.750959
95.78	 1.75239	 0.470881	 -0.243331	 3.66108	 -1.29759	 -0.745555
95.8	 1.68212	 0.484306	 -0.197986	 3.69408	 -1.2038	 -0.739854
95.82	 1.61122	 0.497087	 -0.151667	 3.72204	 -1.10857	 -0.733874
95.84	 1.53972	 0.509195	 -0.104425	 3.74485	 -1.01203	 -0.72763
95.86	 1.46765	 0.5206	 -0.0563114	 3.76238	 -0.914315	 -0.721137
95.88	 1.39502	 0.531273	 -0.00738036	 3.7745	 -0.815566	 -0.714412
95.9	 1.32188	 0.541189	 0.0423107	 3.78111	 -0.715924	 -0.707472
95.92	 1.24825	 0.55032	 0.0927021	 3.78209	 -0.615532	 -0.700332
95.94	 1.17416	 0.558644	 0.143731	 3.77737	 -0.51453	 -0.693009
95.96	 1.09964	 0.566139	 0.195333	 3.76687	 -0.413054	 -0.685521
95.98	 1.02473	 0.572786	 0.247439	 3.75053	 -0.311244	 -0.677885
96	 0.949467	 0.578567	 0.299977	 3.72829	 -0.209237	 -0.670119
96.02	 0.873886	 0.583465	 0.352874	 3.70011	 -0.107172	 -0.662242
96.04	 0.79803	 0.587468	 0.406051	 3.66597	 -0.00519577	 -0.65427
96.06	 0.721943	 0.590562	 0.459427	 3.62584	 0.0965386	 -0.64622
96.08	 0.645671	 0.592738	 0.512919	 3.57972	 0.197874	 -0.638107
96.1	 0.569264	 0.593987	 0.56644	 3.52764	 0.298648	 -0.629946
96.12	 0.492771	 0.594305	 0.619903	 3.4696	 0.398696	 -0.621748
96.14	 0.416246	 0.593686	 0.673216	 3.40566	 0.497848	 -0.613524
96.16	 0.339741	 0.592128	 0.726287	 3.33588	 0.595935	 -0.60528
96.18	 0.263314	 0.589631	 0.779024	 3.26031	 0.692782	 -0.597022
96.2	 0.187021	 0.586195	 0.831331	 3.17905	 0.788216	 -0.588751
96.22	 0.11092	 0.581822	 0.883113	 3.0922	 0.882063	 -0.580469
96.24	 0.0350675	 0.576519	 0.934273	 2.99985	 0.974147	 -0.572175
96.26	 -0.0404772	 0.570291	 0.984717	 2.90215	 1.0643	 -0.563866
96.28	 -0.115657	 0.563148	 1.03435	 2.79921	 1.15234	 -0.555538
96.3	 -0.190415	 0.555101	 1.08307	 2.69119	 1.2381	 -0.547185
96.32	 -0.264696	 0.546163	 1.13079	 2.57827	 1.32143	 -0.538802
96.34	 -0.338443	 0.536347	 1.17742	 2.4606	 1.40216	 -0.530379
96.36	 -0.411601	 0.525672	 1.22287	 2.33839	 1.48014	 -0.521904
96.38	 -0.484116	 0.514155	 1.26704	 2.21184	 1.55521	 -0.513361
96.4	 -0.555935	 0.501815	 1.30985	 2.08115	 1.62724	 -0.504735
96.42	 -0.627004	 0.488673	 1.35121	 1.94655	 1.69608	 -0.496004
96.44	 -0.697274	 0.474753	 1.39104	 1.80828	 1.76161	 -0.487147
96.46	 -0.766693	 0.460078	 1.42927	 1.66657	 1.82371	 -0.478141
96.48	 -0.835212	 0.444676	 1.46581	 1.5217	 1.88225	 -0.46896
96.5	 -0.902785	 0.428575	 1.5006	 1.37393	 1.93716	 -0.459579
96.52	 -0.969364	 0.411804	 1.53355	 1.22355	 1.98831	 -0.449969
96.54	 -1.0349	 0.394396	 1.56461	 1.07086	 2.03564	 -0.440103
96.56	 -1.09936	 0.376382	 1.5937	 0.916147	 2.07904	 -0.429951
96.58	 -1.16268	 0.357797	 1.62077	 0.759728	 2.11843	 -0.419482
96.6	 -1.22482	 0.338674	 1.64576	 0.601908	 2.15375	 -0.408665
96.62	 -1.28575	 0.31905	 1.66862	 0.442999	 2.18492	 -0.397468
96.64	 -1.34542	 0.29896	 1.68928	 0.283318	 2.21187	 -0.385858
96.66	 -1.40378	 0.278443	 1.70772	 0.123187	 2.23455	 -0.373802
96.68	 -1.4608	 0.257536	 1.72388	 -0.0370691	 2.25291	 -0.361268
96.7	 -1.51644	 0.236279	 1.73773	 -0.197122	 2.26692	 -0.348223
96.72	 -1.57066	 0.214711	 1.74924	 -0.356641	 2.27656	 -0.334635
96.74	 -1.62342	 0.192874	 1.75837	 -0.515297	 2.28181	 -0.320474
96.76	 -1.67468	 0.170807	 1.76511	 -0.67276	 2.28266	 -0.305708
96.78	 -1.72443	 0.148552	 1.76943	 -0.828705	 2.27911	 -0.290309
96.8	 -1.77261	 0.126151	 1.77131	 -0.982813	 2.27118	 -0.27425
96.82	 -1.81919	 0.103643	 1.77075	 -1.13477	 2.25886	 -0.257503
96.84	 -1.86415	 0.0810714	 1.76774	 -1.28426	 2.2422	 -0.240046
96.86	 -1.90746	 0.0584765	 1.76228	 -1.43098	 2.22122	 -0.221856
96.88	 -1.94908	 0.0358996	 1.75438	 -1.57464	 2.19596	 -0.202913
96.9	 -1.98899	 0.0133819	 1.74403	 -1.71494	 2.16648	 -0.183201
96.92	 -2.02717	 -0.00903596	 1.73126	 -1.8516	 2.13282	 -0.162707
96.94	 -2.06358	 -0.0313134	 1.71608	 -1.98436	 2.09508	 -0.141418
96.96	 -2.0982	 -0.0534106	 1.69852	 -2.11294	 2.05331	 -0.119329
96.98	 -2.13102	 -0.0752881	 1.67861	 -2.23711	 2.00761	 -0.0964349
97	 -2.16201	 -0.0969074	 1.65638	 -2.35661	 1.95806	 -0.0727346
97.02	 -2.19115	 -0.11823	 1.63187	 -2.47124	 1.90479	 -0.0482309
97.04	 -2.21843	 -0.13922	 1.60513	 -2.58078	 1.84788	 -0.0229304
97.06	 -2.24383	 -0.15984	 1.5762	 -2.68502	 1.78746	 0.00315665
97.08	 -2.26734	 -0.180054	 1.54513	 -2.78379	 1.72366	 0.0300159
97.1	 -2.28893	 -0.199829	 1.512	 -2.87691	 1.6566	 0.0576292
97.12	 -2.30861	 -0.21913	 1.47685	 -2.96424	 1.58642	 0.0859745
97.14	 -2.32637	 -0.237926	 1.43976	 -3.04562	 1.51325	 0.115026
97.16	 -2.34218	 -0.256185	 1.40079	 -3.12095	 1.43725	 0.144753
97.18	 -2.35606	 -0.273877	 1.36001	 -3.1901	 1.35857	 0.175124
97.2	 -2.36798	 -0.290974	 1.31752	 -3.25299	 1.27736	 0.2061
97.22	 -2.37796	 -0.307448	 1.27338	 -3.30954	 1.19378	 0.237641
97.24	 -2.38599	 -0.323275	 1.22768	 -3.35969	 1.108	 0.269702
97.26	 -2.39208	 -0.33843	 1.18048	 -3.4034	 1.02013	 0.302239
97.28	 -2.39624	 -0.352892	 1.13185	 -3.44064	 0.93028	 0.335202
97.3	 -2.3985	 -0.366642	 1.08185	 -3.4714	 0.838544	 0.368538
97.32	 -2.39888	 -0.379661	 1.03052	 -3.49568	 0.74501	 0.402194
97.34	 -2.39741	 -0.391932	 0.977922	 -3.51352	 0.649777	 0.436111
97.36	 -2.3941	 -0.403441	 0.924129	 -3.52495	 0.552953	 0.470228
97.38	 -2.38897	 -0.414175	 0.86921	 -3.53004	 0.454661	 0.504482
97.4	 -2.38206	 -0.424122	 0.813242	 -3.52884	 0.35503	 0.538809
97.42	 -2.37338	 -0.433273	 0.756308	 -3.52147	 0.254195	 0.57314
97.44	 -2.36297	 -0.441621	 0.698491	 -3.50801	 0.152291	 0.607407
97.46	 -2.35085	 -0.44916	 0.639874	 -3.48859	 0.0494513	 0.641541
97.48	 -2.33705	 -0.455887	 0.58054	 -3.46334	 -0.0541943	 0.675471
97.5	 -2.32161	 -0.461799	 0.520571	 -3.4324	 -0.158519	 0.709125
97.52	 -2.30455	 -0.466898	 0.460049	 -3.39594	 -0.263397	 0.74243
97.54	 -2.28591	 -0.471184	 0.399057	 -3.35412	 -0.368704	 0.775316
97.56	 -2.26574	 -0.474663	 0.337677	 -3.30712	 -0.474313	 0.807709
97.58	 -2.24405	 -0.477339	 0.275994	 -3.25514	 -0.580099	 0.839538
97.6	 -2.2209	 -0.47922	 0.214092	 -3.19836	 -0.685934	 0.870732
97.62	 -2.19631	 -0.480315	 0.152056	 -3.137	 -0.791692	 0.90122
97.64	 -2.17033	 -0.480635	 0.0899716	 -3.07128	 -0.897248	 0.930933
97.66	 -2.14299	 -0.480193	 0.0279227	 -3.00141	 -1.00248	 0.959803
97.68	 -2.11434	 -0.479001	 -0.0340071	 -2.92761	 -1.10726	 0.987765
97.7	 -2.08441	 -0.477077	 -0.0957349	 -2.85013	 -1.21147	 1.01476
97.72	 -2.05325	 -0.474437	 -0.15718	 -2.76919	 -1.31501	 1.04071
97.74	 -2.0209	 -0.4711	 -0.218261	 -2.68503	 -1.41774	 1.06557
97.76	 -1.98739	 -0.467085	 -0.278901	 -2.59789	 -1.51957	 1.08929
97.78	 -1.95278	 -0.462414	 -0.339021	 -2.50801	 -1.62038	 1.11179
97.8	 -1.9171	 -0.45711	 -0.398547	 -2.41564	 -1.72007	 1.13305
97.82	 -1.8804	 -0.451196	 -0.457405	 -2.32101	 -1.81854	 1.15299
97.84	 -1.84271	 -0.444697	 -0.515522	 -2.22437	 -1.91568	 1.1716
97.86	 -1.80408	 -0.43764	 -0.57283	 -2.12596	 -2.01141	 1.18882
97.88	 -1.76455	 -0.430053	 -0.629262	 -2.02601	 -2.10563	 1.20461
97.9	 -1.72416	 -0.42197	 -0.684755	 -1.92476	 -2.19826	 1.21896
97.92	 -1.68295	 -0.41343	 -0.739254	 -1.82243	 -2.28924	 1.23186
97.94	 -1.64096	 -0.404475	 -0.792705	 -1.71926	 -2.37849	 1.2433
97.96	 -1.59822	 -0.395145	 -0.845057	 -1.61546	 -2.46596	 1.25328
97.98	 -1.55479	 -0.385481	 -0.896261	 -1.51123	 -2.55159	 1.26181
98	 -1.51069	 -0.375521	 -0.946267	 -1.40681	 -2.63531	 1.26886
98.02	 -1.46596	 -0.365302	 -0.995028	 -1.30238	 -2.71706	 1.27445
98.04	 -1.42065	 -0.354859	 -1.0425	 -1.19815	 -2.79679	 1.27858
98.06	 -1.37479	 -0.344229	 -1.08863	 -1.09432	 -2.87444	 1.28124
98.08	 -1.32843	 -0.333446	 -1.13338	 -0.991086	 -2.94997	 1.28244
98.1	 -1.28159	 -0.322545	 -1.17671	 -0.888624	 -3.02332	 1.2822
98.12	 -1.23433	 -0.311562	 -1.21858	 -0.787112	 -3.09445	 1.28053
98.14	 -1.18667	 -0.300529	 -1.25896	 -0.686719	 -3.16333	 1.27743
98.16	 -1.13866	 -0.289481	 -1.29782	 -0.58761	 -3.22991	 1.27294
98.18	 -1.09032	 -0.278451	 -1.33511	 -0.489937	 -3.29416	 1.26705
98.2	 -1.04171	 -0.267468	 -1.37082	 -0.393849	 -3.35605	 1.25981
98.22	 -0.992846	 -0.256566	 -1.40492	 -0.299484	 -3.41556	 1.25122
98.24	 -0.943774	 -0.245773	 -1.43739	 -0.206975	 -3.47265	 1.24133
98.26	 -0.894526	 -0.235116	 -1.4682	 -0.116446	 -3.52731	 1.23014
98.28	 -0.845138	 -0.224621	 -1.49733	 -0.0280158	 -3.57951	 1.21769
98.3	 -0.795643	 -0.214315	 -1.52477	 0.0582067	 -3.62925	 1.20401
98.32	 -0.746073	 -0.204212	 -1.55051	 0.14212	 -3.67652	 1.18911
98.34	 -0.69646	 -0.194324	 -1.57454	 0.223627	 -3.72133	 1.173
98.36	 -0.646831	 -0.18466	 -1.59687	 0.302637	 -3.76369	 1.15569
98.38	 -0.597217	 -0.175228	 -1.6175	 0.379067	 -3.80362	 1.1372
98.4	 -0.547646	 -0.166036	 -1.63643	 0.452841	 -3.84114	 1.11754
98.42	 -0.498148	 -0.157092	 -1.65367	 0.523893	 -3.87626	 1.09673
98.44	 -0.44875	 -0.148407	 -1.66923	 0.592163	 -3.90899	 1.0748
98.46	 -0.399482	 -0.139988	 -1.6831	 0.657605	 -3.93936	 1.05178
98.48	 -0.350371	 -0.131843	 -1.6953	 0.720177	 -3.96738	 1.0277
98.5	 -0.301444	 -0.123979	 -1.70585	 0.779846	 -3.99307	 1.00258
98.52	 -0.252728	 -0.116399	 -1.71474	 0.836588	 -4.01646	 0.976456
98.54	 -0.204247	 -0.109109	 -1.722	 0.890383	 -4.03757	 0.949361
98.56	 -0.156028	 -0.102111	 -1.72764	 0.941218	 -4.05643	 0.921328
98.58	 -0.108095	 -0.0954066	 -1.73169	 0.989088	 -4.07307	 0.89239
98.6	 -0.0604722	 -0.0889972	 -1.73416	 1.03399	 -4.08753	 0.862584
98.62	 -0.013184	 -0.0828833	 -1.73507	 1.07594	 -4.09982	 0.831949
98.64	 0.0337466	 -0.0770649	 -1.73445	 1.11494	 -4.10999	 0.800523
98.66	 0.0802968	 -0.0715411	 -1.73233	 1.15103	 -4.11808	 0.768346
98.68	 0.126444	 -0.0663102	 -1.72873	 1.18421	 -4.12411	 0.73546
98.7	 0.172168	 -0.0613699	 -1.72367	 1.21454	 -4.12812	 0.701906
98.72	 0.217447	 -0.0567172	 -1.7172	 1.24204	 -4.13016	 0.667727
98.74	 0.26226	 -0.0523483	 -1.70934	 1.26676	 -4.13025	 0.632967
98.76	 0.306588	 -0.0482587	 -1.70012	 1.28875	 -4.12845	 0.59767
98.78	 0.350411	 -0.0444435	 -1.68958	 1.30806	 -4.12479	 0.561882
98.8	 0.393711	 -0.0408969	 -1.67775	 1.32475	 -4.11932	 0.525648
98.82	 0.43647	 -0.0376129	 -1.66467	 1.33889	 -4.11206	 0.489015
98.84	 0.47867	 -0.0345848	 -1.65038	 1.35053	 -4.10308	 0.452029
98.86	 0.520294	 -0.0318053	 -1.63492	 1.35977	 -4.09241	 0.414737
98.88	 0.561326	 -0.029267	 -1.61833	 1.36666	 -4.08009	 0.377187
98.9	 0.601751	 -0.0269617	 -1.60064	 1.37128	 -4.06616	 0.339426
98.92	 0.641553	 -0.0248812	 -1.5819	 1.37373	 -4.05068	 0.301503
98.94	 0.680718	 -0.0230166	 -1.56216	 1.37408	 -4.03369	 0.263466
98.96	 0.719232	 -0.0213588	 -1.54145	 1.37243	 -4.01523	 0.225363
98.98	 0.757088	 -0.0198967	 -1.51984	 1.36892	 -3.99534	 0.187254
99	 0.79428	 -0.0186212	 -1.49735	 1.36367	 -3.97405	 0.149195
99.02	 0.830802	 -0.0175232	 -1.47405	 1.35681	 -3.95141	 0.111246
99.04	 0.86665	 -0.0165932	 -1.44999	 1.34848	 -3.92745	 0.0734608
99.06	 0.901819	 -0.0158211	 -1.42521	 1.33879	 -3.9022	 0.0358955
99.08	 0.936303	 -0.0151964	 -1.39976	 1.32789	 -3.8757	 -0.00139734
99.1	 0.970096	 -0.0147081	 -1.3737	 1.31589	 -3.84799	 -0.0383656
99.12	 1.00319	 -0.0143455	 -1.34709	 1.30292	 -3.81911	 -0.0749637
99.14	 1.03559	 -0.0140961	 -1.31998	 1.28903	 -3.78912	 -0.111158
99.16	 1.06728	 -0.0139444	 -1.29244	 1.27431	 -3.75808	 -0.146917
99.18	 1.09826	 -0.0138754	 -1.26455	 1.25885	 -3.72605	 -0.182207
99.2	 1.12853	 -0.0138739	 -1.23638	 1.24274	 -3.69309	 -0.216995
99.22	 1.15807	 -0.0139258	 -1.20801	 1.22606	 -3.65927	 -0.251247
99.24	 1.18689	 -0.0140182	 -1.17949	 1.20889	 -3.62463	 -0.284927
99.26	 1.21498	 -0.0141404	 -1.1509	 1.19131	 -3.58925	 -0.317998
99.28	 1.24232	 -0.0142844	 -1.12233	 1.17342	 -3.55321	 -0.350415
99.3	 1.26891	 -0.0144431	 -1.09384	 1.1553	 -3.51659	 -0.382136
99.32	 1.29472	 -0.0146097	 -1.06553	 1.13702	 -3.47949	 -0.413121
99.34	 1.31975	 -0.0147768	 -1.03747	 1.11869	 -3.44201	 -0.44333
99.36	 1.34398	 -0.0149364	 -1.00975	 1.10037	 -3.40425	 -0.472728
99.38	 1.36741	 -0.0150807	 -0.982447	 1.08215	 -3.3663	 -0.50128
99.4	 1.39002	 -0.0151985	 -0.95565	 1.0641	 -3.32825	 -0.528956
99.42	 1.41181	 -0.015278	 -0.929442	 1.0463	 -3.29022	 -0.555734
99.44	 1.43277	 -0.0153091	 -0.903903	 1.02881	 -3.25229	 -0.581585
99.46	 1.45289	 -0.0152844	 -0.879113	 1.01171	 -3.21455	 -0.606479
99.48	 1.47216	 -0.0151967	 -0.85515	 0.995055	 -3.1771	 -0.630387
99.5	 1.49058	 -0.0150393	 -0.83209	 0.978914	 -3.14004	 -0.653282
99.52	 1.50813	 -0.0148059	 -0.810009	 0.963349	 -3.10345	 -0.675139
99.54	 1.52482	 -0.0144897	 -0.788983	 0.948418	 -3.06743	 -0.695936
99.56	 1.54063	 -0.0140841	 -0.769084	 0.934176	 -3.03208	 -0.715653
99.58	 1.55557	 -0.0135824	 -0.750384	 0.920676	 -2.99748	 -0.734271
99.6	 1.56962	 -0.0129783	 -0.732956	 0.907965	 -2.96373	 -0.751775
99.62	 1.58278	 -0.012266	 -0.716866	 0.896087	 -2.93091	 -0.768147
99.64	 1.59505	 -0.01144	 -0.702182	 0.885082	 -2.89912	 -0.783375
99.66	 1.60643	 -0.0104955	 -0.688966	 0.874987	 -2.86843	 -0.797446
99.68	 1.61691	 -0.00942797	 -0.677279	 0.865835	 -2.83892	 -0.810349
99.7	 1.62649	 -0.00823336	 -0.667178	 0.857658	 -2.81068	 -0.822075
99.72	 1.63517	 -0.006908	 -0.658719	 0.85048	 -2.78377	 -0.832618
99.74	 1.64294	 -0.0054486	 -0.651952	 0.844323	 -2.75827	 -0.841972
99.76	 1.64981	 -0.00385224	 -0.646926	 0.839207	 -2.73425	 -0.850135
99.78	 1.65578	 -0.00211642	 -0.643687	 0.835145	 -2.71176	 -0.857104
99.8	 1.66085	 -0.000239045	 -0.642275	 0.832146	 -2.69086	 -0.862879
99.82	 1.66501	 0.00178153	 -0.642728	 0.830217	 -2.67162	 -0.867464
99.84	 1.66828	 0.0039465	 -0.64508	 0.829359	 -2.65408	 -0.870861
99.86	 1.67064	 0.00625662	 -0.649362	 0.82957	 -2.63828	 -0.873077
99.88	 1.67211	 0.00871219	 -0.655599	 0.830842	 -2.62427	 -0.874118
99.9	 1.67269	 0.011313	 -0.663815	 0.833164	 -2.61209	 -0.873995
99.92	 1.67238	 0.0140586	 -0.674027	 0.836521	 -2.60176	 -0.872717
99.94	 1.67118	 0.0169479	 -0.68625	 0.840893	 -2.59331	 -0.870299
99.96	 1.66909	 0.0199794	 -0.700495	 0.846256	 -2.58676	 -0.866753
99.98	 1.66613	 0.0231512	 -0.716767	 0.852584	 -2.58214	 -0.862097
100	 1.6623	 0.0264609	 -0.735069	 0.859843	 -2.57945	 -0.856347
100.02	 1.65761	 0.0299058	 -0.755401	 0.867998	 -2.5787	 -0.849524
100.04	 1.65205	 0.0334825	 -0.777755	 0.87701	 -2.57989	 -0.841648
100.06	 1.64564	 0.0371872	 -0.802123	 0.886836	 -2.58303	 -0.832741
100.08	 1.63838	 0.0410157	 -0.828492	 0.89743	 -2.5881	 -0.822826
100.1	 1.63028	 0.044963	 -0.856843	 0.90874	 -2.59509	 -0.811929
100.12	 1.62135	 0.0490188	 -0.887161	 0.920716	 -2.604	 -0.800064
100.14	 1.61159	 0.0531678	 -0.919426	 0.933304	 -2.61482	 -0.787239
100.16	 1.60102	 0.057393	 -0.953618	 0.946448	 -2.62754	 -0.773463
100.18	 1.58964	 0.0616768	 -0.989714	 0.960092	 -2.64215	 -0.758745
100.2	 1.57746	 0.066002	 -1.02769	 0.974179	 -2.65862	 -0.743098
100.22	 1.56449	 0.0703528	 -1.0675	 0.988647	 -2.67694	 -0.726538
100.24	 1.55073	 0.0747136	 -1.10913	 1.00343	 -2.69707	 -0.709084
100.26	 1.53621	 0.0790695	 -1.15252	 1.01846	 -2.71898	 -0.690757
100.28	 1.52092	 0.0834052	 -1.19763	 1.03367	 -2.74262	 -0.671576
100.3	 1.50487	 0.0877052	 -1.24441	 1.04899	 -2.76794	 -0.651563
100.32	 1.48809	 0.0919535	 -1.29282	 1.06434	 -2.79489	 -0.63074
100.34	 1.47057	 0.0961337	 -1.34279	 1.07964	 -2.82342	 -0.60913
100.36	 1.45234	 0.100229	 -1.39426	 1.09483	 -2.85347	 -0.586755
100.38	 1.43339	 0.104224	 -1.44718	 1.10982	 -2.88498	 -0.563641
100.4	 1.41375	 0.108102	 -1.50148	 1.12454	 -2.91787	 -0.539814
100.42	 1.39342	 0.111846	 -1.5571	 1.13892	 -2.95207	 -0.5153
100.44	 1.37242	 0.115441	 -1.61397	 1.15287	 -2.98753	 -0.490127
100.46	 1.35075	 0.118871	 -1.67201	 1.16631	 -3.02414	 -0.464325
100.48	 1.32844	 0.122122	 -1.73116	 1.17917	 -3.06184	 -0.437922
100.5	 1.30549	 0.125179	 -1.79133	 1.19137	 -3.10055	 -0.410951
100.52	 1.28191	 0.12803	 -1.85246	 1.20283	 -3.14017	 -0.383449
100.54	 1.25772	 0.13067	 -1.91446	 1.21348	 -3.18063	 -0.355463
100.56	 1.23293	 0.133095	 -1.97727	 1.22322	 -3.22186	 -0.327047
100.58	 1.20756	 0.135309	 -2.04081	 1.23198	 -3.26378	 -0.298266
100.6	 1.18163	 0.137315	 -2.10501	 1.23967	 -3.30633	 -0.269183
100.62	 1.15513	 0.139117	 -2.16979	 1.24622	 -3.34943	 -0.239863
100.64	 1.12811	 0.140717	 -2.2351	 1.25154	 -3.39301	 -0.210366
100.66	 1.10055	 0.142119	 -2.30084	 1.25556	 -3.43698	 -0.180749
100.68	 1.0725	 0.143314	 -2.36695	 1.25819	 -3.48128	 -0.151056
100.7	 1.04396	 0.144298	 -2.43335	 1.25939	 -3.52582	 -0.121317
100.72	 1.01495	 0.145071	 -2.49997	 1.25919	 -3.57053	 -0.0915608
100.74	 0.985482	 0.145634	 -2.56675	 1.25757	 -3.61533	 -0.0618168
100.76	 0.955585	 0.145992	 -2.63361	 1.25454	 -3.66013	 -0.0321187
100.78	 0.925272	 0.146148	 -2.70049	 1.25007	 -3.70487	 -0.00250219
100.8	 0.89456	 0.146109	 -2.76732	 1.24417	 -3.74944	 0.0269962
100.82	 0.863466	 0.14588	 -2.83402	 1.23684	 -3.79377	 0.05634
100.84	 0.832008	 0.145467	 -2.90052	 1.22808	 -3.83777	 0.0854942
100.86	 0.800204	 0.144874	 -2.96674	 1.21788	 -3.88136	 0.114425
100.88	 0.768071	 0.144106	 -3.03262	 1.20627	 -3.92444	 0.143098
100.9	 0.735624	 0.14317	 -3.09809	 1.19324	 -3.96696	 0.17148
100.92	 0.702871	 0.142072	 -3.16309	 1.1788	 -4.00885	 0.19953
100.94	 0.66982	 0.140823	 -3.22755	 1.16297	 -4.05006	 0.22721
100.96	 0.636476	 0.139432	 -3.29144	 1.14576	 -4.09055	 0.254481
100.98	 0.602846	 0.137908	 -3.3547	 1.12716	 -4.13027	 0.281305
101	 0.568943	 0.136262	 -3.41728	 1.10723	 -4.16918	 0.307664
101.02	 0.53477	 0.134497	 -3.47913	 1.08598	 -4.20718	 0.333564
101.04	 0.500326	 0.132612	 -3.5402	 1.0634	 -4.24423	 0.359019
101.06	 0.465608	 0.130606	 -3.60046	 1.03952	 -4.28026	 0.384047
101.08	 0.430611	 0.128478	 -3.65988	 1.01436	 -4.31523	 0.408659
101.1	 0.395331	 0.126229	 -3.71841	 0.987919	 -4.3491	 0.43286
101.12	 0.359766	 0.123863	 -3.77603	 0.96024	 -4.38182	 0.456652
101.14	 0.323918	 0.121379	 -3.8327	 0.931341	 -4.41337	 0.480038
101.16	 0.287786	 0.118782	 -3.88839	 0.901248	 -4.44372	 0.503019
101.18	 0.251372	 0.116073	 -3.94307	 0.869987	 -4.47281	 0.525596
101.2	 0.214676	 0.113256	 -3.99668	 0.837582	 -4.50062	 0.547771
101.22	 0.177699	 0.110333	 -4.04921	 0.804056	 -4.52709	 0.569549
101.24	 0.140441	 0.107307	 -4.10061	 0.769435	 -4.55218	 0.590933
101.26	 0.102904	 0.10418	 -4.15085	 0.733742	 -4.57586	 0.611926
101.28	 0.0650885	 0.100954	 -4.1999	 0.697004	 -4.59808	 0.632534
101.3	 0.0269963	 0.0976321	 -4.24773	 0.659246	 -4.6188	 0.652756
101.32	 -0.0113707	 0.0942179	 -4.29432	 0.620495	 -4.638	 0.672595
101.34	 -0.0500101	 0.0907137	 -4.33963	 0.580778	 -4.65565	 0.692055
101.36	 -0.0889192	 0.0871227	 -4.38363	 0.540123	 -4.6717	 0.711136
101.38	 -0.128095	 0.083448	 -4.4263	 0.498557	 -4.68614	 0.729842
101.4	 -0.167533	 0.0796928	 -4.46762	 0.456107	 -4.69892	 0.748175
101.42	 -0.207231	 0.07586	 -4.50756	 0.4128	 -4.71003	 0.766138
101.44	 -0.247183	 0.0719528	 -4.5461	 0.368666	 -4.71942	 0.783732
101.46	 -0.287384	 0.0679744	 -4.58321	 0.323734	 -4.72708	 0.800962
101.48	 -0.32783	 0.0639282	 -4.61886	 0.278034	 -4.73297	 0.817829
101.5	 -0.368515	 0.0598173	 -4.65306	 0.231595	 -4.73706	 0.834337
101.52	 -0.409431	 0.0556454	 -4.68576	 0.184449	 -4.73935	 0.850487
101.54	 -0.450574	 0.0514158	 -4.71696	 0.136629	 -4.73979	 0.866282
101.56	 -0.491934	 0.0471323	 -4.74663	 0.0881686	 -4.73837	 0.881726
101.58	 -0.533506	 0.0428003	 -4.77477	 0.0391161	 -4.73507	 0.896819
101.6	 -0.575279	 0.0384195	 -4.80136	 -0.0105299	 -4.72987	 0.911564
101.62	 -0.617247	 0.0339953	 -4.82639	 -0.0607154	 -4.72274	 0.925966
101.64	 -0.659399	 0.0295321	 -4.84983	 -0.111401	 -4.71367	 0.940027
101.66	 -0.701728	 0.0250345	 -4.87169	 -0.162547	 -4.70264	 0.953749
101.68	 -0.744221	 0.020506	 -4.89195	 -0.214119	 -4.68963	 0.967133
101.7	 -0.78687	 0.0159493	 -4.91061	 -0.266093	 -4.67462	 0.980183
101.72	 -0.829664	 0.0113695	 -4.92766	 -0.31842	 -4.6576	 0.992902
101.74	 -0.87259	 0.00677048	 -4.94308	 -0.371061	 -4.63856	 1.00529
101.76	 -0.915636	 0.00215583	 -4.95689	 -0.423985	 -4.61748	 1.01736
101.78	 -0.958791	 -0.00247046	 -4.96907	 -0.477151	 -4.59435	 1.0291
101.8	 -1.00204	 -0.00710409	 -4.97962	 -0.530518	 -4.56916	 1.04052
101.82	 -1.04537	 -0.011741	 -4.98854	 -0.584049	 -4.5419	 1.05162
101.84	 -1.08877	 -0.016376	 -4.99584	 -0.63769	 -4.51256	 1.0624
101.86	 -1.13222	 -0.0210051	 -5.00151	 -0.691407	 -4.48113	 1.07288
101.88	 -1.17571	 -0.0256254	 -5.00556	 -0.745169	 -4.44761	 1.08305
101.9	 -1.21923	 -0.0302322	 -5.00799	 -0.798934	 -4.41198	 1.09291
101.92	 -1.26274	 -0.0348211	 -5.00881	 -0.852655	 -4.37426	 1.10246
101.94	 -1.30625	 -0.0393879	 -5.00803	 -0.906293	 -4.33442	 1.11171
101.96	 -1.34973	 -0.0439288	 -5.00564	 -0.959809	 -4.29248	 1.12067
101.98	 -1.39317	 -0.0484395	 -5.00168	 -1.01316	 -4.24842	 1.12933
102	 -1.43654	 -0.0529156	 -4.99613	 -1.0663	 -4.20225	 1.13769
102.02	 -1.47983	 -0.0573531	 -4.98903	 -1.11919	 -4.15397	 1.14577
102.04	 -1.52302	 -0.0617479	 -4.98037	 -1.17179	 -4.10358	 1.15356
102.06	 -1.56609	 -0.0660957	 -4.97017	 -1.22406	 -4.0511	 1.16107
102.08	 -1.60902	 -0.0703914	 -4.95846	 -1.27594	 -3.99652	 1.1683
102.1	 -1.65179	 -0.0746318	 -4.94524	 -1.32739	 -3.93985	 1.17526
102.12	 -1.69437	 -0.0788123	 -4.93054	 -1.37837	 -3.8811	 1.18194
102.14	 -1.73675	 -0.0829289	 -4.91438	 -1.42884	 -3.82029	 1.18836
102.16	 -1.77891	 -0.0869776	 -4.89677	 -1.47875	 -3.75743	 1.19451
102.18	 -1.82082	 -0.0909543	 -4.87774	 -1.52806	 -3.69252	 1.20041
102.2	 -1.86246	 -0.0948553	 -4.85731	 -1.57672	 -3.6256	 1.20605
102.22	 -1.9038	 -0.0986766	 -4.8355	 -1.62469	 -3.55667	 1.21144
102.24	 -1.94483	 -0.102414	 -4.81234	 -1.67193	 -3.48575	 1.21658
102.26	 -1.98553	 -0.106065	 -4.78786	 -1.71839	 -3.41288	 1.22148
102.28	 -2.02586	 -0.109625	 -4.76208	 -1.76402	 -3.33808	 1.22615
102.3	 -2.0658	 -0.11309	 -4.73504	 -1.8088	 -3.26137	 1.23058
102.32	 -2.10533	 -0.116458	 -4.70675	 -1.85267	 -3.18278	 1.23478
102.34	 -2.14443	 -0.119725	 -4.67725	 -1.89559	 -3.10236	 1.23877
102.36	 -2.18307	 -0.122887	 -4.64658	 -1.93752	 -3.02012	 1.24253
102.38	 -2.22123	 -0.125942	 -4.61476	 -1.97843	 -2.93612	 1.24607
102.4	 -2.25888	 -0.128888	 -4.58182	 -2.01828	 -2.85039	 1.2494
102.42	 -2.296	 -0.131723	 -4.54781	 -2.05706	 -2.76296	 1.25251
102.44	 -2.33256	 -0.134443	 -4.51274	 -2.09473	 -2.67389	 1.25539
102.46	 -2.36854	 -0.137048	 -4.47667	 -2.13125	 -2.5832	 1.25805
102.48	 -2.40391	 -0.139535	 -4.43962	 -2.16661	 -2.49095	 1.26048
102.5	 -2.43865	 -0.141904	 -4.40164	 -2.20078	 -2.3972	 1.26268
102.52	 -2.47274	 -0.144154	 -4.36276	 -2.23374	 -2.30198	 1.26465
102.54	 -2.50615	 -0.146283	 -4.32301	 -2.26546	 -2.20536	 1.26639
102.56	 -2.53885	 -0.148292	 -4.28244	 -2.29593	 -2.10741	 1.26791
102.58	 -2.57082	 -0.150178	 -4.24108	 -2.32512	 -2.00816	 1.26921
102.6	 -2.60204	 -0.151943	 -4.19898	 -2.35301	 -1.9077	 1.27029
102.62	 -2.63249	 -0.153585	 -4.15618	 -2.37959	 -1.80608	 1.27114
102.64	 -2.66213	 -0.155105	 -4.11271	 -2.40484	 -1.70337	 1.27178
102.66	 -2.69095	 -0.156503	 -4.06862	 -2.42874	 -1.59963	 1.27221
102.68	 -2.71893	 -0.157779	 -4.02395	 -2.45128	 -1.49493	 1.27243
102.7	 -2.74603	 -0.158936	 -3.97874	 -2.47243	 -1.38935	 1.27245
102.72	 -2.77225	 -0.159973	 -3.93303	 -2.49219	 -1.28294	 1.27226
102.74	 -2.79755	 -0.160892	 -3.88686	 -2.51054	 -1.17579	 1.27188
102.76	 -2.82192	 -0.161695	 -3.84029	 -2.52748	 -1.06796	 1.27131
102.78	 -2.84533	 -0.162383	 -3.79334	 -2.54298	 -0.959538	 1.27056
102.8	 -2.86776	 -0.162958	 -3.74606	 -2.55704	 -0.850593	 1.26962
102.82	 -2.8892	 -0.163424	 -3.6985	 -2.56965	 -0.741205	 1.26852
102.84	 -2.90963	 -0.163782	 -3.6507	 -2.5808	 -0.631453	 1.26726
102.86	 -2.92902	 -0.164036	 -3.6027	 -2.59049	 -0.521416	 1.26583
102.88	 -2.94736	 -0.164188	 -3.55454	 -2.5987	 -0.411174	 1.26427
102.9	 -2.96463	 -0.164242	 -3.50627	 -2.60544	 -0.300808	 1.26256
102.92	 -2.98082	 -0.164202	 -3.45793	 -2.6107	 -0.190401	 1.26072
102.94	 -2.9959	 -0.164071	 -3.40957	 -2.61448	 -0.0800344	 1.25877
102.96	 -3.00986	 -0.163855	 -3.36121	 -2.61677	 0.0302091	 1.2567
102.98	 -3.02269	 -0.163557	 -3.31292	 -2.61757	 0.140246	 1.25453
103	 -3.03437	 -0.163181	 -3.26472	 -2.61689	 0.249994	 1.25227
103.02	 -3.04489	 -0.162733	 -3.21666	 -2.61473	 0.359368	 1.24993
103.04	 -3.05423	 -0.162218	 -3.16878	 -2.61109	 0.468286	 1.24752
103.06	 -3.06238	 -0.161641	 -3.12113	 -2.60596	 0.576663	 1.24505
103.08	 -3.06934	 -0.161007	 -3.07373	 -2.59937	 0.684418	 1.24253
103.1	 -3.07509	 -0.160322	 -3.02663	 -2.59131	 0.791467	 1.23998
103.12	 -3.07962	 -0.159591	 -2.97988	 -2.58179	 0.897729	 1.23739
103.14	 -3.08292	 -0.158819	 -2.9335	 -2.57081	 1.00312	 1.23479
103.16	 -3.08498	 -0.158014	 -2.88753	 -2.5584	 1.10756	 1.23219
103.18	 -3.0858	 -0.157181	 -2.84201	 -2.54455	 1.21098	 1.22959
103.2	 -3.08537	 -0.156325	 -2.79698	 -2.52927	 1.31328	 1.22702
103.22	 -3.08369	 -0.155452	 -2.75246	 -2.5126	 1.41441	 1.22446
103.24	 -3.08074	 -0.15457	 -2.7085	 -2.49452	 1.51427	 1.22195
103.26	 -3.07653	 -0.153682	 -2.66513	 -2.47506	 1.61279	 1.21949
103.28	 -3.07105	 -0.152796	 -2.62237	 -2.45423	 1.7099	 1.21708
103.3	 -3.0643	 -0.151918	 -2.58025	 -2.43206	 1.80553	 1.21474
103.32	 -3.05628	 -0.151052	 -2.53882	 -2.40855	 1.89961	 1.21248
103.34	 -3.04698	 -0.150204	 -2.49809	 -2.38372	 1.99208	 1.21031
103.36	 -3.03642	 -0.149379	 -2.45808	 -2.35759	 2.08285	 1.20823
103.38	 -3.02458	 -0.148583	 -2.41884	 -2.33017	 2.17188	 1.20625
103.4	 -3.01147	 -0.147821	 -2.38037	 -2.3015	 2.25909	 1.20439
103.42	 -2.99709	 -0.147097	 -2.3427	 -2.27158	 2.34444	 1.20264
103.44	 -2.98145	 -0.146416	 -2.30586	 -2.24045	 2.42786	 1.20101
103.46	 -2.96455	 -0.145782	 -2.26986	 -2.20813	 2.5093	 1.19951
103.48	 -2.9464	 -0.1452	 -2.23472	 -2.17463	 2.58871	 1.19814
103.5	 -2.927	 -0.144672	 -2.20045	 -2.13999	 2.66603	 1.19691
103.52	 -2.90635	 -0.144204	 -2.16707	 -2.10423	 2.74124	 1.19583
103.54	 -2.88448	 -0.143798	 -2.1346	 -2.06738	 2.81427	 1.19488
103.56	 -2.86137	 -0.143457	 -2.10305	 -2.02946	 2.8851	 1.19409
103.58	 -2.83704	 -0.143185	 -2.07242	 -1.9905	 2.95368	 1.19344
103.6	 -2.81151	 -0.142985	 -2.04272	 -1.95054	 3.01998	 1.19293
103.62	 -2.78478	 -0.142857	 -2.01396	 -1.90961	 3.08397	 1.19258
103.64	 -2.75686	 -0.142803	 -1.98614	 -1.86773	 3.14562	 1.19237
103.66	 -2.72777	 -0.142826	 -1.95928	 -1.82494	 3.20492	 1.19231
103.68	 -2.69751	 -0.142925	 -1.93336	 -1.78127	 3.26184	 1.19239
103.7	 -2.66611	 -0.1431	 -1.90838	 -1.73675	 3.31636	 1.19261
103.72	 -2.63356	 -0.143353	 -1.88435	 -1.69142	 3.36847	 1.19296
103.74	 -2.5999	 -0.143682	 -1.86126	 -1.64532	 3.41815	 1.19343
103.76	 -2.56513	 -0.144087	 -1.83911	 -1.59848	 3.46541	 1.19403
103.78	 -2.52927	 -0.144566	 -1.81788	 -1.55093	 3.51024	 1.19474
103.8	 -2.49233	 -0.145118	 -1.79756	 -1.50272	 3.55264	 1.19556
103.82	 -2.45434	 -0.14574	 -1.77816	 -1.45388	 3.5926	 1.19647
103.84	 -2.4153	 -0.146432	 -1.75965	 -1.40444	 3.63014	 1.19747
103.86	 -2.37525	 -0.147189	 -1.74202	 -1.35445	 3.66527	 1.19855
103.88	 -2.33419	 -0.14801	 -1.72525	 -1.30394	 3.69799	 1.19969
103.9	 -2.29215	 -0.14889	 -1.70933	 -1.25296	 3.72832	 1.20089
103.92	 -2.24915	 -0.149827	 -1.69424	 -1.20154	 3.75629	 1.20214
103.94	 -2.2052	 -0.150816	 -1.67996	 -1.14972	 3.7819	 1.20341
103.96	 -2.16033	 -0.151852	 -1.66646	 -1.09755	 3.80519	 1.20471
103.98	 -2.11456	 -0.152932	 -1.65373	 -1.04506	 3.82618	 1.206
104	 -2.06791	 -0.154051	 -1.64173	 -0.99228	 3.8449	 1.20729
104.02	 -2.0204	 -0.155204	 -1.63045	 -0.939262	 3.86139	 1.20856
104.04	 -1.97205	 -0.156384	 -1.61985	 -0.886042	 3.87568	 1.20979
104.06	 -1.9229	 -0.157589	 -1.60991	 -0.832658	 3.88781	 1.21097
104.08	 -1.87296	 -0.158811	 -1.6006	 -0.779149	 3.89782	 1.21208
104.1	 -1.82225	 -0.160045	 -1.59188	 -0.725552	 3.90575	 1.21311
104.12	 -1.77081	 -0.161285	 -1.58372	 -0.671906	 3.91165	 1.21405
104.14	 -1.71864	 -0.162526	 -1.57609	 -0.618247	 3.91557	 1.21488
104.16	 -1.66579	 -0.163763	 -1.56896	 -0.564614	 3.91755	 1.21559
104.18	 -1.61227	 -0.164988	 -1.56228	 -0.511042	 3.91766	 1.21616
104.2	 -1.55811	 -0.166198	 -1.55603	 -0.45757	 3.91594	 1.21657
104.22	 -1.50333	 -0.167386	 -1.55016	 -0.404231	 3.91246	 1.21683
104.24	 -1.44797	 -0.168545	 -1.54463	 -0.351058	 3.90726	 1.2169
104.26	 -1.39203	 -0.169672	 -1.53942	 -0.298089	 3.90041	 1.21678
104.28	 -1.33556	 -0.170759	 -1.53447	 -0.245357	 3.89198	 1.21646
104.3	 -1.27858	 -0.171802	 -1.52974	 -0.192894	 3.88202	 1.21592
104.32	 -1.22111	 -0.172795	 -1.52521	 -0.140732	 3.87059	 1.21515
104.34	 -1.16318	 -0.173733	 -1.52082	 -0.0889046	 3.85776	 1.21414
104.36	 -1.10482	 -0.174609	 -1.51653	 -0.0374435	 3.8436	 1.21287
104.38	 -1.04605	 -0.17542	 -1.5123	 0.0136203	 3.82818	 1.21134
104.4	 -0.986904	 -0.176159	 -1.5081	 0.0642563	 3.81155	 1.20954
104.42	 -0.927402	 -0.176822	 -1.50387	 0.114432	 3.79379	 1.20745
104.44	 -0.867572	 -0.177403	 -1.49957	 0.16412	 3.77496	 1.20506
104.46	 -0.807441	 -0.177897	 -1.49517	 0.213298	 3.75513	 1.20236
104.48	 -0.747037	 -0.178299	 -1.49062	 0.261936	 3.73437	 1.19935
104.5	 -0.686385	 -0.178605	 -1.48588	 0.310003	 3.71275	 1.19601
104.52	 -0.625509	 -0.178811	 -1.4809	 0.357482	 3.69032	 1.19235
104.54	 -0.56442	 -0.178914	 -1.47566	 0.404402	 3.66715	 1.18836
104.56	 -0.503127	 -0.178913	 -1.47013	 0.450775	 3.64327	 1.18408
104.58	 -0.441635	 -0.178811	 -1.46428	 0.496614	 3.61876	 1.17952
104.6	 -0.379953	 -0.178607	 -1.45808	 0.541934	 3.59365	 1.17469
104.62	 -0.318088	 -0.1783	 -1.45149	 0.586752	 3.56802	 1.16961
104.64	 -0.256053	 -0.17789	 -1.4445	 0.631089	 3.5419	 1.1643
104.66	 -0.193856	 -0.177372	 -1.43708	 0.674948	 3.51537	 1.15874
104.68	 -0.131497	 -0.176745	 -1.4292	 0.718277	 3.48844	 1.15294
104.7	 -0.0689737	 -0.176002	 -1.42085	 0.761046	 3.46118	 1.14687
104.72	 -0.00628087	 -0.175137	 -1.41201	 0.803225	 3.4336	 1.14052
104.74	 0.0565837	 -0.174146	 -1.40267	 0.844781	 3.40575	 1.13386
104.76	 0.119623	 -0.173026	 -1.39283	 0.885682	 3.37766	 1.1269
104.78	 0.182831	 -0.171772	 -1.38248	 0.925894	 3.34934	 1.11961
104.8	 0.246204	 -0.170387	 -1.37162	 0.965384	 3.32081	 1.112
104.82	 0.309734	 -0.168868	 -1.36025	 1.00412	 3.29207	 1.10405
104.84	 0.37341	 -0.167213	 -1.34839	 1.04206	 3.26311	 1.09576
104.86	 0.43722	 -0.16542	 -1.33605	 1.07919	 3.23391	 1.08711
104.88	 0.50115	 -0.163487	 -1.32324	 1.11545	 3.20444	 1.07808
104.9	 0.565187	 -0.161411	 -1.30999	 1.15083	 3.17469	 1.06867
104.92	 0.629315	 -0.15919	 -1.29631	 1.18528	 3.14461	 1.05886
104.94	 0.693515	 -0.156823	 -1.28222	 1.21876	 3.11419	 1.04864
104.96	 0.75777	 -0.154311	 -1.26776	 1.25125	 3.0834	 1.03799
104.98	 0.822059	 -0.151651	 -1.25293	 1.2827	 3.05219	 1.02691
105	 0.88636	 -0.148846	 -1.23778	 1.31308	 3.02052	 1.01539
105.02	 0.950651	 -0.145895	 -1.22232	 1.34234	 2.98837	 1.00341
105.04	 1.01491	 -0.1428	 -1.20659	 1.37047	 2.95567	 0.990961
105.06	 1.07911	 -0.139563	 -1.19061	 1.39742	 2.92239	 0.978041
105.08	 1.14323	 -0.136185	 -1.17443	 1.42315	 2.88848	 0.964634
105.1	 1.20725	 -0.132669	 -1.15806	 1.44763	 2.85389	 0.950733
105.12	 1.27114	 -0.129017	 -1.14155	 1.47081	 2.81858	 0.936327
105.14	 1.33488	 -0.125234	 -1.12493	 1.49267	 2.7825	 0.921408
105.16	 1.39846	 -0.121322	 -1.10823	 1.51316	 2.74561	 0.905968
105.18	 1.46184	 -0.117287	 -1.09149	 1.53226	 2.70786	 0.889999
105.2	 1.525	 -0.113132	 -1.07473	 1.54992	 2.66921	 0.873495
105.22	 1.58792	 -0.108864	 -1.058	 1.5661	 2.62962	 0.856449
105.24	 1.65058	 -0.104487	 -1.04132	 1.58079	 2.58905	 0.838857
105.26	 1.71296	 -0.100009	 -1.02472	 1.59393	 2.54746	 0.820713
105.28	 1.77504	 -0.0954351	 -1.00825	 1.6055	 2.50481	 0.802014
105.3	 1.83679	 -0.090773	 -0.991928	 1.61548	 2.46106	 0.782755
105.32	 1.89819	 -0.08603	 -0.975794	 1.62383	 2.41619	 0.762945
105.34	 1.95921	 -0.0812141	 -0.959879	 1.63052	 2.37015	 0.742578
105.36	 2.01985	 -0.0763329	 -0.944213	 1.63552	 2.32292	 0.721655
105.38	 2.08007	 -0.0713949	 -0.928825	 1.63882	 2.27448	 0.700178
105.4	 2.13986	 -0.0664084	 -0.913743	 1.6404	 2.2248	 0.678148
105.42	 2.19919	 -0.0613826	 -0.898992	 1.64023	 2.17387	 0.65557
105.44	 2.25805	 -0.0563266	 -0.884598	 1.63829	 2.12166	 0.63245
105.46	 2.31641	 -0.0512501	 -0.870585	 1.63459	 2.06818	 0.608795
105.48	 2.37426	 -0.0461626	 -0.856975	 1.6291	 2.0134	 0.584615
105.5	 2.43157	 -0.041074	 -0.843792	 1.62183	 1.95732	 0.559922
105.52	 2.48832	 -0.0359942	 -0.831055	 1.61277	 1.89994	 0.534727
105.54	 2.54449	 -0.030933	 -0.818785	 1.60192	 1.84126	 0.509045
105.56	 2.60007	 -0.0259003	 -0.807	 1.58929	 1.78129	 0.482893
105.58	 2.65503	 -0.020906	 -0.795718	 1.57489	 1.72002	 0.45629
105.6	 2.70935	 -0.0159599	 -0.784954	 1.55873	 1.65747	 0.429254
105.62	 2.76302	 -0.0110716	 -0.774721	 1.54084	 1.59366	 0.40181
105.64	 2.81602	 -0.00625052	 -0.765033	 1.52123	 1.52861	 0.373982
105.66	 2.86831	 -0.00150595	 -0.7559	 1.49994	 1.46234	 0.345796
105.68	 2.9199	 0.0031532	 -0.747331	 1.477	 1.39488	 0.317282
105.7	 2.97075	 0.00771834	 -0.739334	 1.45244	 1.32626	 0.28847
105.72	 3.02085	 0.0121812	 -0.731916	 1.42632	 1.25651	 0.259392
105.74	 3.07018	 0.0165337	 -0.725081	 1.39866	 1.18568	 0.230085
105.76	 3.11871	 0.0207683	 -0.718834	 1.36953	 1.1138	 0.200584
105.78	 3.16644	 0.0248775	 -0.713175	 1.33898	 1.04093	 0.170927
105.8	 3.21334	 0.0288544	 -0.708106	 1.30706	 0.967118	 0.141156
105.82	 3.25939	 0.0326922	 -0.703625	 1.27384	 0.892412	 0.111312
105.84	 3.30458	 0.0363847	 -0.699731	 1.23938	 0.816874	 0.0814371
105.86	 3.34888	 0.0399259	 -0.696418	 1.20374	 0.740565	 0.0515772
105.88	 3.39228	 0.04331	 -0.693681	 1.16701	 0.66355	 0.0217778
105.9	 3.43475	 0.0465319	 -0.691514	 1.12925	 0.585897	 -0.00791429
105.92	 3.47629	 0.0495865	 -0.689909	 1.09053	 0.507677	 -0.0374516
105.94	 3.51686	 0.0524695	 -0.688855	 1.05094	 0.428964	 -0.0667863
105.96	 3.55646	 0.0551763	 -0.688341	 1.01053	 0.349838	 -0.0958694
105.98	 3.59506	 0.0577034	 -0.688356	 0.969404	 0.270378	 -0.124653
106	 3.63265	 0.0600483	 -0.688886	 0.92763	 0.190666	 -0.15309
106.02	 3.66921	 0.0622126	 -0.689919	 0.885291	 0.110777	 -0.181141
106.04	 3.70472	 0.0642023	 -0.691445	 0.842466	 0.0307847	 -0.208777
106.06	 3.73916	 0.0660252	 -0.693456	 0.799228	 -0.0492377	 -0.235969
106.08	 3.77252	 0.0676899	 -0.695941	 0.755657	 -0.129217	 -0.262689
106.1	 3.80479	 0.069205	 -0.698888	 0.711829	 -0.20908	 -0.288908
106.12	 3.83594	 0.0705787	 -0.702285	 0.667821	 -0.288746	 -0.314597
106.14	 3.86596	 0.0718187	 -0.706118	 0.623712	 -0.368137	 -0.339727
106.16	 3.89484	 0.0729328	 -0.71037	 0.579583	 -0.447169	 -0.364268
106.18	 3.92255	 0.0739294	 -0.715024	 0.535514	 -0.525759	 -0.388193
106.2	 3.94909	 0.0748173	 -0.72006	 0.491588	 -0.603823	 -0.411476
106.22	 3.97444	 0.0756059	 -0.725459	 0.447885	 -0.681278	 -0.434094
106.24	 3.99858	 0.0763052	 -0.731203	 0.404484	 -0.75804	 -0.456022
106.26	 4.0215	 0.0769258	 -0.737269	 0.361463	 -0.834028	 -0.47724
106.28	 4.04318	 0.0774783	 -0.743636	 0.3189	 -0.909159	 -0.497727
106.3	 4.06361	 0.0779738	 -0.750284	 0.276871	 -0.983352	 -0.517463
106.32	 4.08278	 0.0784232	 -0.757189	 0.23545	 -1.05652	 -0.53643
106.34	 4.10067	 0.0788376	 -0.764327	 0.194711	 -1.12859	 -0.554611
106.36	 4.11727	 0.0792281	 -0.771674	 0.154728	 -1.19948	 -0.571991
106.38	 4.13256	 0.0796058	 -0.779205	 0.115569	 -1.2691	 -0.588556
106.4	 4.14654	 0.0799817	 -0.786894	 0.0773042	 -1.33739	 -0.604294
106.42	 4.15919	 0.0803666	 -0.794715	 0.0399978	 -1.40425	 -0.619193
106.44	 4.1705	 0.0807714	 -0.802641	 0.00371205	 -1.46962	 -0.633243
106.46	 4.18045	 0.0812065	 -0.810643	 -0.0314926	 -1.53341	 -0.646437
106.48	 4.18904	 0.0816826	 -0.818695	 -0.0655567	 -1.59556	 -0.658768
106.5	 4.19626	 0.08221	 -0.826767	 -0.0984254	 -1.656	 -0.67023
106.52	 4.20209	 0.0827982	 -0.834831	 -0.130048	 -1.71464	 -0.680821
106.54	 4.20652	 0.0834564	 -0.842858	 -0.160381	 -1.77143	 -0.690537
106.56	 4.20955	 0.0841932	 -0.850817	 -0.189382	 -1.8263	 -0.699377
106.58	 4.21116	 0.0850167	 -0.858679	 -0.217013	 -1.87918	 -0.707341
106.6	 4.21135	 0.0859346	 -0.866414	 -0.24324	 -1.93001	 -0.71443
106.62	 4.21011	 0.0869539	 -0.873991	 -0.268033	 -1.97873	 -0.720647
106.64	 4.20743	 0.0880807	 -0.88138	 -0.291366	 -2.02529	 -0.725995
106.66	 4.2033	 0.0893183	 -0.888552	 -0.313218	 -2.06962	 -0.730474
106.68	 4.19772	 0.0906686	 -0.895479	 -0.33357	 -2.11169	 -0.734083
106.7	 4.19068	 0.0921329	 -0.902133	 -0.352408	 -2.15144	 -0.736823
106.72	 4.18219	 0.0937119	 -0.908486	 -0.36972	 -2.18884	 -0.738698
106.74	 4.17223	 0.0954067	 -0.914509	 -0.385498	 -2.22383	 -0.739714
106.76	 4.16081	 0.0972182	 -0.920174	 -0.399737	 -2.2564	 -0.739877
106.78	 4.14791	 0.0991473	 -0.925453	 -0.412437	 -2.28649	 -0.739197
106.8	 4.13355	 0.101195	 -0.930316	 -0.4236	 -2.31408	 -0.737684
106.82	 4.11773	 0.10336	 -0.934735	 -0.433233	 -2.33914	 -0.735351
106.84	 4.10043	 0.105644	 -0.93868	 -0.441345	 -2.36164	 -0.732211
106.86	 4.08167	 0.108045	 -0.942123	 -0.447951	 -2.38155	 -0.728278
106.88	 4.06145	 0.110562	 -0.945036	 -0.453067	 -2.39887	 -0.723565
106.9	 4.03977	 0.113191	 -0.94739	 -0.456713	 -2.41357	 -0.718089
106.92	 4.01663	 0.115931	 -0.949159	 -0.458914	 -2.42564	 -0.711866
106.94	 3.99205	 0.118779	 -0.950315	 -0.459698	 -2.43506	 -0.704914
106.96	 3.96602	 0.12173	 -0.950831	 -0.459096	 -2.44183	 -0.697252
106.98	 3.93855	 0.124782	 -0.95068	 -0.457145	 -2.44595	 -0.688901
107	 3.90966	 0.127929	 -0.949836	 -0.453884	 -2.44741	 -0.679882
107.02	 3.87935	 0.131167	 -0.948275	 -0.449354	 -2.44622	 -0.670213
107.04	 3.84763	 0.13449	 -0.945969	 -0.443602	 -2.44238	 -0.659918
107.06	 3.81452	 0.137891	 -0.942896	 -0.436675	 -2.43589	 -0.649019
107.08	 3.78001	 0.141366	 -0.93903	 -0.428627	 -2.42679	 -0.63754
107.1	 3.74414	 0.144908	 -0.934348	 -0.419511	 -2.41506	 -0.625507
107.12	 3.7069	 0.14851	 -0.928827	 -0.409385	 -2.40074	 -0.612945
107.14	 3.66831	 0.152167	 -0.922445	 -0.398308	 -2.38384	 -0.599881
107.16	 3.62839	 0.15587	 -0.91518	 -0.386342	 -2.36439	 -0.58634
107.18	 3.58716	 0.159611	 -0.907012	 -0.373552	 -2.34241	 -0.572348
107.2	 3.54462	 0.163384	 -0.89792	 -0.360004	 -2.31793	 -0.557934
107.22	 3.50079	 0.167179	 -0.887886	 -0.345763	 -2.29098	 -0.543125
107.24	 3.4557	 0.170989	 -0.876892	 -0.3309	 -2.26159	 -0.527949
107.26	 3.40936	 0.174806	 -0.86492	 -0.315485	 -2.22981	 -0.512434
107.28	 3.36179	 0.17862	 -0.851955	 -0.299589	 -2.19566	 -0.49661
107.3	 3.313	 0.182423	 -0.837981	 -0.283285	 -2.1592	 -0.480504
107.32	 3.26302	 0.186206	 -0.822984	 -0.266648	 -2.12046	 -0.464145
107.34	 3.21187	 0.18996	 -0.806953	 -0.24975	 -2.07949	 -0.447563
107.36	 3.15956	 0.193675	 -0.789874	 -0.232666	 -2.03634	 -0.430785
107.38	 3.10613	 0.197342	 -0.771739	 -0.215472	 -1.99106	 -0.41384
107.4	 3.05158	 0.200952	 -0.752537	 -0.198243	 -1.94371	 -0.396755
107.42	 2.99594	 0.204493	 -0.732263	 -0.181053	 -1.89433	 -0.379557
107.44	 2.93923	 0.207957	 -0.71091	 -0.163976	 -1.843	 -0.362273
107.46	 2.88148	 0.211332	 -0.688474	 -0.147086	 -1.78976	 -0.344929
107.48	 2.8227	 0.214608	 -0.664953	 -0.130456	 -1.73468	 -0.327551
107.5	 2.76293	 0.217774	 -0.640345	 -0.114159	 -1.67783	 -0.310162
107.52	 2.70218	 0.22082	 -0.614652	 -0.0982647	 -1.61928	 -0.292787
107.54	 2.64047	 0.223733	 -0.587877	 -0.0828427	 -1.55909	 -0.275446
107.56	 2.57783	 0.226503	 -0.560023	 -0.067961	 -1.49734	 -0.258162
107.58	 2.51428	 0.229118	 -0.531098	 -0.0536854	 -1.4341	 -0.240955
107.6	 2.44984	 0.231565	 -0.501109	 -0.04008	 -1.36945	 -0.223842
107.62	 2.38455	 0.233833	 -0.470068	 -0.0272067	 -1.30347	 -0.206841
107.64	 2.31842	 0.23591	 -0.437988	 -0.0151248	 -1.23623	 -0.189967
107.66	 2.25147	 0.237783	 -0.404882	 -0.00389136	 -1.16783	 -0.173236
107.68	 2.18373	 0.23944	 -0.370768	 0.00643925	 -1.09835	 -0.156661
107.7	 2.11522	 0.240869	 -0.335665	 0.0158153	 -1.02787	 -0.140255
107.72	 2.04597	 0.242058	 -0.299593	 0.0241886	 -0.956481	 -0.124029
107.74	 1.97599	 0.242995	 -0.262576	 0.0315154	 -0.884277	 -0.107993
107.76	 1.90532	 0.243669	 -0.224639	 0.0377468	 -0.811347	 -0.0921555
107.78	 1.83397	 0.244068	 -0.185811	 0.0428457	 -0.737784	 -0.0765252
107.8	 1.76197	 0.244181	 -0.146122	 0.0467746	 -0.663685	 -0.0611091
107.82	 1.68934	 0.244001	 -0.105604	 0.0495213	 -0.589142	 -0.0459132
107.84	 1.61611	 0.243514	 -0.0642924	 0.0510386	 -0.514255	 -0.030944
107.86	 1.54229	 0.242713	 -0.022225	 0.0512945	 -0.439118	 -0.016207
107.88	 1.46791	 0.24159	 0.0205584	 0.0502683	 -0.363824	 -0.0017073
107.9	 1.39301	 0.240137	 0.0640154	 0.0479435	 -0.288468	 0.0125502
107.92	 1.31759	 0.238349	 0.108101	 0.0443058	 -0.213142	 0.0265615
107.94	 1.24169	 0.23622	 0.152767	 0.0393499	 -0.137935	 0.0403227
107.96	 1.16533	 0.233746	 0.197963	 0.033068	 -0.0629374	 0.0538299
107.98	 1.08855	 0.230923	 0.243636	 0.0254508	 0.0117623	 0.0670789
108	 1.01138	 0.227749	 0.289727	 0.0164946	 0.0860743	 0.0800652
108.02	 0.933842	 0.224221	 0.336177	 0.00620139	 0.159907	 0.0927841
108.04	 0.855985	 0.220341	 0.38292	 -0.00542135	 0.233168	 0.105231
108.06	 0.777845	 0.216108	 0.429892	 -0.018364	 0.305761	 0.1174
108.08	 0.699467	 0.211525	 0.477019	 -0.0326155	 0.377588	 0.129288
108.1	 0.620897	 0.206595	 0.52423	 -0.0481584	 0.448546	 0.140887
108.12	 0.542184	 0.201321	 0.571447	 -0.0649718	 0.51853	 0.152194
108.14	 0.463381	 0.195709	 0.618591	 -0.0830323	 0.587429	 0.163203
108.16	 0.384543	 0.189762	 0.665579	 -0.102312	 0.655131	 0.173908
108.18	 0.305726	 0.183489	 0.712329	 -0.122779	 0.721521	 0.184306
108.2	 0.226989	 0.176896	 0.758755	 -0.144401	 0.786478	 0.194391
108.22	 0.148389	 0.169992	 0.804772	 -0.167137	 0.849885	 0.204158
108.24	 0.0699859	 0.162784	 0.850292	 -0.190949	 0.91162	 0.213605
108.26	 -0.00816177	 0.155282	 0.895231	 -0.215792	 0.971568	 0.222726
108.28	 -0.0859958	 0.147497	 0.939502	 -0.241618	 1.02961	 0.23152
108.3	 -0.163458	 0.139439	 0.983019	 -0.268376	 1.08564	 0.239984
108.32	 -0.24049	 0.13112	 1.0257	 -0.296012	 1.13955	 0.248115
108.34	 -0.317033	 0.122551	 1.06746	 -0.324465	 1.19122	 0.255913
108.36	 -0.39303	 0.113747	 1.10821	 -0.353673	 1.24057	 0.263378
108.38	 -0.468423	 0.104719	 1.14788	 -0.38357	 1.28748	 0.270509
108.4	 -0.543156	 0.0954816	 1.18638	 -0.414088	 1.33188	 0.277308
108.42	 -0.617171	 0.0860493	 1.22364	 -0.445155	 1.37366	 0.283777
108.44	 -0.690414	 0.0764369	 1.25958	 -0.476697	 1.41274	 0.289916
108.46	 -0.762832	 0.0666594	 1.29413	 -0.508638	 1.44907	 0.29573
108.48	 -0.834373	 0.0567328	 1.32721	 -0.540895	 1.48257	 0.301222
108.5	 -0.904985	 0.0466735	 1.35878	 -0.573384	 1.51319	 0.306396
108.52	 -0.974619	 0.0364987	 1.38875	 -0.60601	 1.54088	 0.311258
108.54	 -1.04323	 0.0262262	 1.41707	 -0.638677	 1.56562	 0.315814
108.56	 -1.11076	 0.015874	 1.44368	 -0.671288	 1.58736	 0.32007
108.58	 -1.17717	 0.00546036	 1.46853	 -0.703744	 1.60607	 0.324033
108.6	 -1.24241	 -0.00499612	 1.49157	 -0.735947	 1.62171	 0.327709
108.62	 -1.30643	 -0.0154771	 1.51273	 -0.767802	 1.63427	 0.331103
108.64	 -1.3692	 -0.0259645	 1.532	 -0.799218	 1.6437	 0.334222
108.66	 -1.43065	 -0.0364397	 1.5493	 -0.830101	 1.64999	 0.33707
108.68	 -1.49076	 -0.046884	 1.56463	 -0.860355	 1.65313	 0.339654
108.7	 -1.54947	 -0.0572788	 1.57793	 -0.889884	 1.6531	 0.34198
108.72	 -1.60675	 -0.067605	 1.58918	 -0.918589	 1.64992	 0.344056
108.74	 -1.66256	 -0.0778437	 1.59835	 -0.946372	 1.64358	 0.34589
108.76	 -1.71686	 -0.087976	 1.60543	 -0.973134	 1.63413	 0.347489
108.78	 -1.76962	 -0.0979831	 1.6104	 -0.998781	 1.62157	 0.348862
108.8	 -1.82079	 -0.107847	 1.61325	 -1.02322	 1.60594	 0.350014
108.82	 -1.87035	 -0.117549	 1.61396	 -1.04637	 1.58727	 0.350953
108.84	 -1.91826	 -0.127071	 1.61254	 -1.06814	 1.56561	 0.351682
108.86	 -1.96449	 -0.136398	 1.60898	 -1.08846	 1.54098	 0.352207
108.88	 -2.009	 -0.14551	 1.60329	 -1.10725	 1.51345	 0.352534
108.9	 -2.05177	 -0.154393	 1.59547	 -1.12442	 1.48307	 0.352667
108.92	 -2.09277	 -0.163028	 1.58556	 -1.13991	 1.44991	 0.352613
108.94	 -2.13198	 -0.171401	 1.57355	 -1.15364	 1.41404	 0.352375
108.96	 -2.16937	 -0.179494	 1.55948	 -1.16555	 1.37554	 0.351959
108.98	 -2.20491	 -0.187295	 1.54337	 -1.17556	 1.33449	 0.351368
109	 -2.23859	 -0.194787	 1.52526	 -1.18364	 1.29098	 0.350605
109.02	 -2.27038	 -0.201959	 1.50518	 -1.18973	 1.24511	 0.349673
109.04	 -2.30026	 -0.208796	 1.48317	 -1.19379	 1.19697	 0.348571
109.06	 -2.32823	 -0.215288	 1.45927	 -1.19577	 1.14664	 0.347304
109.08	 -2.35427	 -0.221427	 1.4335	 -1.19564	 1.0942	 0.34588
109.1	 -2.37837	 -0.227204	 1.40592	 -1.19336	 1.03973	 0.344305
109.12	 -2.40054	 -0.232614	 1.37654	 -1.1889	 0.983285	 0.342588
109.14	 -2.42076	 -0.23765	 1.3454	 -1.18223	 0.924959	 0.340735
109.16	 -2.43904	 -0.242307	 1.31257	 -1.17334	 0.864833	 0.338751
109.18	 -2.45537	 -0.246579	 1.27807	 -1.16223	 0.802998	 0.336638
109.2	 -2.46976	 -0.250462	 1.24197	 -1.14887	 0.739552	 0.3344
109.22	 -2.48221	 -0.253953	 1.20432	 -1.13329	 0.674597	 0.332038
109.24	 -2.49271	 -0.257047	 1.16518	 -1.11547	 0.608228	 0.329553
109.26	 -2.50129	 -0.259738	 1.12461	 -1.09544	 0.540523	 0.326942
109.28	 -2.50795	 -0.262023	 1.08265	 -1.0732	 0.471557	 0.324199
109.3	 -2.51271	 -0.263896	 1.03934	 -1.04879	 0.401397	 0.32132
109.32	 -2.51559	 -0.265355	 0.994749	 -1.02224	 0.330112	 0.3183
109.34	 -2.5166	 -0.266398	 0.948918	 -0.993575	 0.257773	 0.315134
109.36	 -2.51577	 -0.267024	 0.901907	 -0.962848	 0.184459	 0.311817
109.38	 -2.51312	 -0.267234	 0.853778	 -0.930102	 0.110252	 0.308344
109.4	 -2.50867	 -0.267028	 0.804596	 -0.895388	 0.0352397	 0.30471
109.42	 -2.50243	 -0.26641	 0.754428	 -0.85876	 -0.0404883	 0.300911
109.44	 -2.49444	 -0.26538	 0.703344	 -0.820276	 -0.116842	 0.296942
109.46	 -2.48471	 -0.263943	 0.651413	 -0.779998	 -0.193731	 0.292797
109.48	 -2.47328	 -0.262103	 0.598704	 -0.737996	 -0.27107	 0.288472
109.5	 -2.46017	 -0.259863	 0.545288	 -0.694341	 -0.348773	 0.283961
109.52	 -2.44542	 -0.257229	 0.491234	 -0.649111	 -0.426758	 0.27926
109.54	 -2.42904	 -0.254209	 0.436615	 -0.602387	 -0.504942	 0.274362
109.56	 -2.41109	 -0.250807	 0.3815	 -0.55425	 -0.583243	 0.269263
109.58	 -2.39158	 -0.247033	 0.325964	 -0.504785	 -0.661578	 0.263959
109.6	 -2.37055	 -0.242893	 0.27008	 -0.454077	 -0.739865	 0.258446
109.62	 -2.34803	 -0.238398	 0.21392	 -0.402216	 -0.818022	 0.252721
109.64	 -2.32406	 -0.233555	 0.157559	 -0.349292	 -0.895967	 0.24678
109.66	 -2.29868	 -0.228376	 0.101071	 -0.295399	 -0.97362	 0.240621
109.68	 -2.27191	 -0.222871	 0.0445287	 -0.240633	 -1.05091	 0.234239
109.7	 -2.24381	 -0.21705	 -0.0119955	 -0.185092	 -1.12775	 0.227634
109.72	 -2.2144	 -0.210925	 -0.0684291	 -0.128871	 -1.20408	 0.220803
109.74	 -2.18372	 -0.204509	 -0.124701	 -0.0720704	 -1.27982	 0.213745
109.76	 -2.15181	 -0.197813	 -0.18074	 -0.0147863	 -1.35491	 0.20646
109.78	 -2.11871	 -0.19085	 -0.236477	 0.0428837	 -1.42928	 0.198946
109.8	 -2.08446	 -0.183634	 -0.291842	 0.100843	 -1.50286	 0.191207
109.82	 -2.0491	 -0.176177	 -0.346768	 0.158994	 -1.57559	 0.183243
109.84	 -2.01267	 -0.168494	 -0.401188	 0.217241	 -1.64741	 0.175056
109.86	 -1.9752	 -0.160599	 -0.455036	 0.275487	 -1.71826	 0.16665
109.88	 -1.93675	 -0.152506	 -0.50825	 0.333634	 -1.78809	 0.158029
109.9	 -1.89734	 -0.144229	 -0.560766	 0.391588	 -1.85686	 0.149195
109.92	 -1.85702	 -0.135785	 -0.612523	 0.449255	 -1.92449	 0.140154
109.94	 -1.81583	 -0.127188	 -0.663463	 0.506543	 -1.99097	 0.13091
109.96	 -1.77381	 -0.118453	 -0.713528	 0.563362	 -2.05623	 0.121471
109.98	 -1.731	 -0.109597	 -0.762664	 0.619625	 -2.12024	 0.111843
110	 -1.68744	 -0.100634	 -0.810817	 0.675245	 -2.18295	 0.102036
110.02	 -1.64317	 -0.0915819	 -0.857935	 0.730138	 -2.24435	 0.0920594
110.04	 -1.59823	 -0.0824571	 -0.903972	 0.784222	 -2.30439	 0.0819247
110.06	 -1.55265	 -0.073282	 -0.948882	 0.837418	 -2.36305	 0.0716552
110.08	 -1.50647	 -0.0640797	 -0.992627	 0.889651	 -2.42032	 0.0612747
110.1	 -1.45974	 -0.0548731	 -1.03517	 0.940846	 -2.47618	 0.050807
110.12	 -1.41249	 -0.0456842	 -1.07646	 0.990932	 -2.53061	 0.0402737
110.14	 -1.36475	 -0.0365333	 -1.11649	 1.03984	 -2.58361	 0.0296947
110.16	 -1.31657	 -0.0274395	 -1.1552	 1.08752	 -2.63515	 0.0190882
110.18	 -1.26797	 -0.0184204	 -1.19256	 1.13388	 -2.68524	 0.0084721
110.2	 -1.21901	 -0.00949341	 -1.22856	 1.17889	 -2.73386	 -0.00213636
110.22	 -1.1697	 -0.000670119	 -1.26315	 1.22246	 -2.781	 -0.0127301
110.24	 -1.12009	 0.00804455	 -1.29633	 1.26454	 -2.82668	 -0.0233143
110.26	 -1.07021	 0.0166475	 -1.32807	 1.30507	 -2.87091	 -0.033896
110.28	 -1.02008	 0.0251362	 -1.35837	 1.344	 -2.91372	 -0.0444817
110.3	 -0.969749	 0.0335072	 -1.38721	 1.38127	 -2.95511	 -0.0550752
110.32	 -0.919239	 0.0417561	 -1.41459	 1.41683	 -2.99509	 -0.0656772
110.34	 -0.868583	 0.0498772	 -1.44048	 1.45062	 -3.0337	 -0.0762863
110.36	 -0.817815	 0.0578648	 -1.4649	 1.48261	 -3.07092	 -0.0869005
110.38	 -0.766965	 0.0657133	 -1.48782	 1.51276	 -3.10679	 -0.0975179
110.4	 -0.716064	 0.0734177	 -1.50925	 1.54103	 -3.14131	 -0.108138
110.42	 -0.665143	 0.0809728	 -1.52917	 1.56738	 -3.17449	 -0.118757
110.44	 -0.61423	 0.0883752	 -1.54759	 1.5918	 -3.20636	 -0.129376
110.46	 -0.563357	 0.0956225	 -1.56451	 1.61424	 -3.23693	 -0.139994
110.48	 -0.51255	 0.102712	 -1.57993	 1.63469	 -3.26621	 -0.150611
110.5	 -0.46184	 0.109641	 -1.59385	 1.65312	 -3.29423	 -0.161224
110.52	 -0.411254	 0.116407	 -1.60629	 1.6695	 -3.321	 -0.171831
110.54	 -0.360819	 0.123008	 -1.61724	 1.68382	 -3.34654	 -0.18243
110.56	 -0.310564	 0.129442	 -1.62671	 1.69607	 -3.37086	 -0.193016
110.58	 -0.260514	 0.135706	 -1.63473	 1.70624	 -3.39399	 -0.203588
110.6	 -0.210697	 0.1418	 -1.6413	 1.71431	 -3.41594	 -0.214142
110.62	 -0.161136	 0.147722	 -1.64643	 1.72029	 -3.43672	 -0.224674
110.64	 -0.111859	 0.15347	 -1.65014	 1.72416	 -3.45636	 -0.235181
110.66	 -0.0628882	 0.159045	 -1.65245	 1.72593	 -3.47486	 -0.245659
110.68	 -0.0142489	 0.164445	 -1.65337	 1.72561	 -3.49226	 -0.256104
110.7	 0.0340357	 0.169671	 -1.65293	 1.72318	 -3.50856	 -0.266511
110.72	 0.0819426	 0.174722	 -1.65115	 1.71867	 -3.52377	 -0.276876
110.74	 0.129449	 0.179599	 -1.64805	 1.71209	 -3.53793	 -0.287193
110.76	 0.176534	 0.184301	 -1.64366	 1.70344	 -3.55103	 -0.297458
110.78	 0.223176	 0.188829	 -1.638	 1.69273	 -3.56309	 -0.307665
110.8	 0.269354	 0.193183	 -1.63109	 1.68	 -3.57414	 -0.317808
110.82	 0.315049	 0.197366	 -1.62298	 1.66526	 -3.58418	 -0.327882
110.84	 0.36024	 0.201376	 -1.61369	 1.64852	 -3.59323	 -0.33788
110.86	 0.404909	 0.205216	 -1.60324	 1.62982	 -3.60129	 -0.347797
110.88	 0.449037	 0.208887	 -1.59168	 1.60919	 -3.6084	 -0.357624
110.9	 0.492608	 0.212389	 -1.57903	 1.58665	 -3.61454	 -0.367356
110.92	 0.535604	 0.215725	 -1.56534	 1.56223	 -3.61975	 -0.376986
110.94	 0.578009	 0.218895	 -1.55063	 1.53597	 -3.62403	 -0.386505
110.96	 0.619807	 0.221901	 -1.53495	 1.50791	 -3.62738	 -0.395906
110.98	 0.660983	 0.224745	 -1.51833	 1.47808	 -3.62984	 -0.40518
111	 0.701523	 0.227427	 -1.50081	 1.44652	 -3.6314	 -0.414319
111.02	 0.741415	 0.229949	 -1.48244	 1.4133	 -3.63208	 -0.42331
111.04	 0.780653	 0.232314	 -1.46326	 1.3785	 -3.63188	 -0.432132
111.06	 0.819229	 0.234522	 -1.44331	 1.34221	 -3.6308	 -0.440768
111.08	 0.857141	 0.236573	 -1.42264	 1.30449	 -3.62885	 -0.449201
111.1	 0.89439	 0.238466	 -1.4013	 1.26536	 -3.62602	 -0.457425
111.12	 0.930977	 0.240202	 -1.37934	 1.22487	 -3.6223	 -0.465434
111.14	 0.966905	 0.241784	 -1.35682	 1.18306	 -3.61769	 -0.47322
111.16	 1.00217	 0.243209	 -1.33379	 1.13998	 -3.61219	 -0.48077
111.18	 1.03676	 0.244474	 -1.31031	 1.09568	 -3.60582	 -0.488069
111.2	 1.07066	 0.245577	 -1.28646	 1.0502	 -3.59861	 -0.495095
111.22	 1.10387	 0.24651	 -1.2623	 1.00361	 -3.59061	 -0.501828
111.24	 1.13637	 0.24727	 -1.2379	 0.955949	 -3.58184	 -0.508248
111.26	 1.16816	 0.247853	 -1.21334	 0.907284	 -3.57237	 -0.514339
111.28	 1.19922	 0.248258	 -1.1887	 0.857672	 -3.56224	 -0.520087
111.3	 1.22953	 0.248482	 -1.16405	 0.807169	 -3.55152	 -0.525479
111.32	 1.25907	 0.248527	 -1.13948	 0.755836	 -3.54027	 -0.530502
111.34	 1.28785	 0.248389	 -1.11507	 0.703731	 -3.52854	 -0.535141
111.36	 1.31585	 0.248067	 -1.09089	 0.650916	 -3.51641	 -0.53938
111.38	 1.34304	 0.247559	 -1.06704	 0.597454	 -3.50392	 -0.543203
111.4	 1.36944	 0.246862	 -1.04359	 0.543409	 -3.49114	 -0.546594
111.42	 1.39501	 0.245974	 -1.02061	 0.488847	 -3.47814	 -0.549537
111.44	 1.41976	 0.244894	 -0.99819	 0.433834	 -3.46497	 -0.552023
111.46	 1.44367	 0.243623	 -0.976406	 0.378437	 -3.4517	 -0.55404
111.48	 1.46674	 0.242158	 -0.955334	 0.322722	 -3.4384	 -0.555571
111.5	 1.48895	 0.240496	 -0.93505	 0.266758	 -3.42513	 -0.556601
111.52	 1.5103	 0.238636	 -0.91563	 0.210611	 -3.41195	 -0.557117
111.54	 1.53077	 0.236575	 -0.897146	 0.154351	 -3.39892	 -0.557103
111.56	 1.55037	 0.234313	 -0.879672	 0.0980469	 -3.38611	 -0.556548
111.58	 1.56908	 0.23185	 -0.863277	 0.0417661	 -3.37358	 -0.555441
111.6	 1.5869	 0.229183	 -0.848031	 -0.0144228	 -3.36139	 -0.553772
111.62	 1.60382	 0.226314	 -0.834	 -0.0704521	 -3.3496	 -0.55153
111.64	 1.61983	 0.223243	 -0.821249	 -0.126255	 -3.33827	 -0.548707
111.66	 1.63494	 0.21997	 -0.809839	 -0.181764	 -3.32744	 -0.545296
111.68	 1.64913	 0.216497	 -0.799831	 -0.236914	 -3.31719	 -0.541289
111.7	 1.6624	 0.212824	 -0.79128	 -0.29164	 -3.30755	 -0.53668
111.72	 1.67476	 0.208953	 -0.784239	 -0.345876	 -3.29857	 -0.531466
111.74	 1.68618	 0.204886	 -0.778759	 -0.39956	 -3.29031	 -0.525641
111.76	 1.69669	 0.200626	 -0.774887	 -0.452627	 -3.28279	 -0.519203
111.78	 1.70626	 0.196175	 -0.772667	 -0.505017	 -3.27607	 -0.512151
111.8	 1.7149	 0.191536	 -0.772139	 -0.556669	 -3.27018	 -0.504485
111.82	 1.72261	 0.186713	 -0.773339	 -0.607524	 -3.26515	 -0.496205
111.84	 1.72938	 0.18171	 -0.776301	 -0.657524	 -3.26101	 -0.487313
111.86	 1.73523	 0.176531	 -0.781054	 -0.706611	 -3.25778	 -0.477812
111.88	 1.74014	 0.17118	 -0.787623	 -0.754732	 -3.25549	 -0.467706
111.9	 1.74412	 0.165662	 -0.796031	 -0.801832	 -3.25416	 -0.457
111.92	 1.74718	 0.159982	 -0.806296	 -0.84786	 -3.2538	 -0.445702
111.94	 1.7493	 0.154146	 -0.818432	 -0.892766	 -3.25443	 -0.433817
111.96	 1.7505	 0.14816	 -0.832449	 -0.9365	 -3.25605	 -0.421356
111.98	 1.75078	 0.142029	 -0.848353	 -0.979018	 -3.25867	 -0.408327
112	 1.75014	 0.135759	 -0.866148	 -1.02028	 -3.26228	 -0.394741
112.02	 1.74858	 0.129357	 -0.885831	 -1.06023	 -3.26689	 -0.380611
112.04	 1.74612	 0.122831	 -0.907398	 -1.09885	 -3.27249	 -0.365949
112.06	 1.74274	 0.116185	 -0.93084	 -1.13609	 -3.27906	 -0.35077
112.08	 1.73847	 0.109429	 -0.956143	 -1.17193	 -3.28661	 -0.335088
112.1	 1.7333	 0.102568	 -0.983291	 -1.20632	 -3.2951	 -0.318919
112.12	 1.72724	 0.0956101	 -1.01226	 -1.23926	 -3.30452	 -0.302282
112.14	 1.7203	 0.0885635	 -1.04304	 -1.2707	 -3.31485	 -0.285193
112.16	 1.71248	 0.0814355	 -1.07558	 -1.30064	 -3.32606	 -0.267673
112.18	 1.70379	 0.0742342	 -1.10987	 -1.32905	 -3.33812	 -0.249741
112.2	 1.69424	 0.0669678	 -1.14586	 -1.35591	 -3.351	 -0.231418
112.22	 1.68384	 0.0596445	 -1.18352	 -1.38122	 -3.36466	 -0.212727
112.24	 1.67259	 0.0522723	 -1.22281	 -1.40497	 -3.37907	 -0.19369
112.26	 1.66051	 0.0448595	 -1.26369	 -1.42715	 -3.39421	 -0.174329
112.28	 1.6476	 0.0374148	 -1.30612	 -1.44776	 -3.41005	 -0.15467
112.3	 1.63387	 0.0299469	 -1.35008	 -1.4668	 -3.42657	 -0.134738
112.32	 1.61933	 0.0224648	 -1.3955	 -1.48426	 -3.44375	 -0.114559
112.34	 1.60399	 0.0149776	 -1.44236	 -1.50015	 -3.46156	 -0.0941604
112.36	 1.58786	 0.00749423	 -1.4906	 -1.51449	 -3.47997	 -0.073569
112.38	 1.57096	 2.4023e-05	 -1.54016	 -1.52727	 -3.49892	 -0.0528133
112.4	 1.55328	 -0.00742383	 -1.59099	 -1.53853	 -3.51839	 -0.031922
112.42	 1.53485	 -0.0148401	 -1.64303	 -1.54825	 -3.53832	 -0.0109245
112.44	 1.51567	 -0.0222153	 -1.69621	 -1.55648	 -3.55866	 0.0101495
112.46	 1.49576	 -0.0295402	 -1.75048	 -1.56322	 -3.57937	 0.0312696
112.48	 1.47513	 -0.0368053	 -1.80575	 -1.5685	 -3.60038	 0.0524049
112.5	 1.45379	 -0.0440009	 -1.86198	 -1.57234	 -3.62166	 0.0735241
112.52	 1.43176	 -0.0511175	 -1.91908	 -1.57476	 -3.64315	 0.0945954
112.54	 1.40904	 -0.0581451	 -1.97699	 -1.5758	 -3.6648	 0.115586
112.56	 1.38566	 -0.0650714	 -2.03563	 -1.57549	 -3.68654	 0.136459
112.58	 1.36163	 -0.0718834	 -2.09494	 -1.57385	 -3.70834	 0.157175
112.6	 1.33696	 -0.0785748	 -2.15484	 -1.57091	 -3.73015	 0.177709
112.62	 1.31167	 -0.0851471	 -2.21528	 -1.56673	 -3.75192	 0.198052
112.64	 1.28578	 -0.0916048	 -2.27619	 -1.56131	 -3.77365	 0.218197
112.66	 1.25932	 -0.0979533	 -2.33751	 -1.5547	 -3.79528	 0.238141
112.68	 1.2323	 -0.104197	 -2.39917	 -1.54691	 -3.81678	 0.257874
112.7	 1.20474	 -0.11034	 -2.46111	 -1.538	 -3.83813	 0.277387
112.72	 1.17666	 -0.116382	 -2.52326	 -1.52797	 -3.85926	 0.296666
112.74	 1.14809	 -0.122325	 -2.58555	 -1.51688	 -3.88014	 0.315696
112.76	 1.11902	 -0.12817	 -2.6479	 -1.50475	 -3.90073	 0.334466
112.78	 1.0895	 -0.133917	 -2.71025	 -1.49162	 -3.92096	 0.352962
112.8	 1.05954	 -0.139578	 -2.77252	 -1.47761	 -3.9408	 0.371169
112.82	 1.02915	 -0.145161	 -2.83465	 -1.46279	 -3.96018	 0.38907
112.84	 0.998357	 -0.150677	 -2.89656	 -1.44724	 -3.97905	 0.406655
112.86	 0.96718	 -0.156131	 -2.95819	 -1.43099	 -3.99735	 0.423918
112.88	 0.935638	 -0.161525	 -3.01947	 -1.41404	 -4.01503	 0.440849
112.9	 0.903749	 -0.166859	 -3.08034	 -1.39642	 -4.03202	 0.457443
112.92	 0.871535	 -0.172135	 -3.14072	 -1.37818	 -4.04827	 0.47369
112.94	 0.839003	 -0.177355	 -3.20058	 -1.35935	 -4.06374	 0.489588
112.96	 0.806164	 -0.182524	 -3.25986	 -1.33995	 -4.07842	 0.50514
112.98	 0.773023	 -0.18765	 -3.31852	 -1.32002	 -4.09229	 0.520349
113	 0.739584	 -0.192737	 -3.37651	 -1.29957	 -4.10536	 0.535216
113.02	 0.705847	 -0.19779	 -3.43381	 -1.27864	 -4.11764	 0.549737
113.04	 0.671811	 -0.202809	 -3.49039	 -1.25725	 -4.12915	 0.563906
113.06	 0.637476	 -0.207797	 -3.54622	 -1.23544	 -4.1399	 0.577716
113.08	 0.602842	 -0.212754	 -3.60127	 -1.21321	 -4.1499	 0.591162
113.1	 0.56791	 -0.217681	 -3.65551	 -1.19061	 -4.15916	 0.604242
113.12	 0.532683	 -0.222579	 -3.70889	 -1.16763	 -4.16765	 0.616975
113.14	 0.49716	 -0.227447	 -3.7614	 -1.14425	 -4.17537	 0.629391
113.16	 0.461344	 -0.232287	 -3.81298	 -1.12046	 -4.18229	 0.641521
113.18	 0.42524	 -0.237097	 -3.86361	 -1.09627	 -4.18839	 0.653387
113.2	 0.388852	 -0.241876	 -3.91327	 -1.07166	 -4.19367	 0.66501
113.22	 0.352181	 -0.246625	 -3.96191	 -1.04663	 -4.1981	 0.676412
113.24	 0.315228	 -0.251341	 -4.00951	 -1.02118	 -4.20168	 0.687613
113.26	 0.277993	 -0.256026	 -4.05604	 -0.995283	 -4.2044	 0.698632
113.28	 0.240477	 -0.26068	 -4.10147	 -0.968947	 -4.20623	 0.709489
113.3	 0.202682	 -0.265302	 -4.14577	 -0.94216	 -4.20717	 0.720202
113.32	 0.16461	 -0.269893	 -4.18892	 -0.914918	 -4.20721	 0.730791
113.34	 0.126265	 -0.274452	 -4.23089	 -0.887217	 -4.20633	 0.741277
113.36	 0.0876502	 -0.278981	 -4.27165	 -0.859057	 -4.20454	 0.751678
113.38	 0.0487708	 -0.28348	 -4.31119	 -0.830437	 -4.20181	 0.762014
113.4	 0.00963301	 -0.28795	 -4.34947	 -0.80136	 -4.19815	 0.772304
113.42	 -0.0297608	 -0.292389	 -4.38648	 -0.771826	 -4.19353	 0.78256
113.44	 -0.069408	 -0.2968	 -4.42218	 -0.741868	 -4.18794	 0.792778
113.46	 -0.109305	 -0.301185	 -4.45657	 -0.711517	 -4.18135	 0.802955
113.48	 -0.14945	 -0.305542	 -4.48962	 -0.680778	 -4.17374	 0.813085
113.5	 -0.189839	 -0.309873	 -4.52131	 -0.64967	 -4.16508	 0.823162
113.52	 -0.230466	 -0.314179	 -4.55162	 -0.618215	 -4.15535	 0.833185
113.54	 -0.271327	 -0.318463	 -4.58054	 -0.586453	 -4.14455	 0.843153
113.56	 -0.312415	 -0.322725	 -4.60805	 -0.554386	 -4.13264	 0.853069
113.58	 -0.353724	 -0.326967	 -4.63413	 -0.522054	 -4.11961	 0.862932
113.6	 -0.395247	 -0.33119	 -4.65878	 -0.489486	 -4.10545	 0.872743
113.62	 -0.436977	 -0.335397	 -4.68197	 -0.456716	 -4.09015	 0.882501
113.64	 -0.478907	 -0.339587	 -4.7037	 -0.423758	 -4.07368	 0.892205
113.66	 -0.521029	 -0.343761	 -4.72396	 -0.390647	 -4.05604	 0.901853
113.68	 -0.563335	 -0.347922	 -4.74274	 -0.357416	 -4.0372	 0.911444
113.7	 -0.605816	 -0.352072	 -4.76002	 -0.324093	 -4.01715	 0.920976
113.72	 -0.648463	 -0.356211	 -4.77581	 -0.290704	 -3.99589	 0.93045
113.74	 -0.691266	 -0.360341	 -4.7901	 -0.257282	 -3.97339	 0.939863
113.76	 -0.734214	 -0.364463	 -4.80288	 -0.223859	 -3.94964	 0.949215
113.78	 -0.777297	 -0.36858	 -4.81416	 -0.190474	 -3.92463	 0.9585
113.8	 -0.820503	 -0.372693	 -4.82392	 -0.157163	 -3.89835	 0.967717
113.82	 -0.86382	 -0.376802	 -4.83217	 -0.123946	 -3.87078	 0.976866
113.84	 -0.907236	 -0.380908	 -4.83891	 -0.0908519	 -3.84192	 0.985945
113.86	 -0.950739	 -0.385013	 -4.84414	 -0.0579193	 -3.81175	 0.994954
113.88	 -0.994314	 -0.389119	 -4.84786	 -0.0251864	 -3.78026	 1.00389
113.9	 -1.03795	 -0.393227	 -4.85009	 0.00730525	 -3.74745	 1.01274
113.92	 -1.08163	 -0.397339	 -4.85081	 0.039523	 -3.7133	 1.02152
113.94	 -1.12534	 -0.401455	 -4.85005	 0.0714355	 -3.6778	 1.03021
113.96	 -1.16906	 -0.405576	 -4.84781	 0.103004	 -3.64095	 1.03881
113.98	 -1.21278	 -0.409704	 -4.84409	 0.134192	 -3.60274	 1.04732
114	 -1.25648	 -0.41384	 -4.83891	 0.164965	 -3.56315	 1.05573
114.02	 -1.30015	 -0.417984	 -4.83228	 0.195286	 -3.52218	 1.06404
114.04	 -1.34377	 -0.422137	 -4.82422	 0.225117	 -3.47983	 1.07226
114.06	 -1.38731	 -0.426301	 -4.81473	 0.254421	 -3.43609	 1.08036
114.08	 -1.43077	 -0.430476	 -4.80383	 0.283164	 -3.39095	 1.08836
114.1	 -1.47412	 -0.434661	 -4.79155	 0.311309	 -3.34441	 1.09624
114.12	 -1.51734	 -0.438859	 -4.77789	 0.33882	 -3.29646	 1.104
114.14	 -1.56041	 -0.443068	 -4.76287	 0.36566	 -3.2471	 1.11163
114.16	 -1.60332	 -0.44729	 -4.74652	 0.391796	 -3.19633	 1.11913
114.18	 -1.64604	 -0.451524	 -4.72885	 0.417193	 -3.14415	 1.12649
114.2	 -1.68854	 -0.45577	 -4.7099	 0.441816	 -3.09055	 1.13371
114.22	 -1.73081	 -0.460028	 -4.68967	 0.465634	 -3.03554	 1.14079
114.24	 -1.77283	 -0.464297	 -4.66821	 0.488614	 -2.97912	 1.1477
114.26	 -1.81457	 -0.468578	 -4.64552	 0.510725	 -2.9213	 1.15446
114.28	 -1.85602	 -0.472868	 -4.62164	 0.531938	 -2.86207	 1.16105
114.3	 -1.89713	 -0.477167	 -4.5966	 0.552225	 -2.80145	 1.16747
114.32	 -1.9379	 -0.481474	 -4.57043	 0.57156	 -2.73944	 1.1737
114.34	 -1.9783	 -0.485788	 -4.54315	 0.589918	 -2.67605	 1.17975
114.36	 -2.0183	 -0.490106	 -4.51479	 0.607276	 -2.61131	 1.1856
114.38	 -2.05788	 -0.494428	 -4.48539	 0.623614	 -2.54521	 1.19125
114.4	 -2.09701	 -0.49875	 -4.45499	 0.638912	 -2.47778	 1.19668
114.42	 -2.13568	 -0.50307	 -4.4236	 0.653154	 -2.40904	 1.2019
114.44	 -2.17384	 -0.507387	 -4.39128	 0.666324	 -2.33901	 1.20689
114.46	 -2.21149	 -0.511697	 -4.35804	 0.678411	 -2.26772	 1.21165
114.48	 -2.24859	 -0.515997	 -4.32394	 0.689402	 -2.19519	 1.21616
114.5	 -2.28511	 -0.520284	 -4.289	 0.699289	 -2.12145	 1.22042
114.52	 -2.32104	 -0.524554	 -4.25326	 0.708063	 -2.04655	 1.22442
114.54	 -2.35634	 -0.528805	 -4.21677	 0.715719	 -1.9705	 1.22814
114.56	 -2.391	 -0.533033	 -4.17955	 0.722249	 -1.89336	 1.23159
114.58	 -2.42498	 -0.537234	 -4.14166	 0.72765	 -1.81515	 1.23475
114.6	 -2.45825	 -0.541405	 -4.10312	 0.731917	 -1.73594	 1.23761
114.62	 -2.49081	 -0.545541	 -4.06398	 0.735043	 -1.65575	 1.24017
114.64	 -2.52261	 -0.54964	 -4.02429	 0.737026	 -1.57465	 1.24241
114.66	 -2.55363	 -0.553698	 -3.98408	 0.73786	 -1.49267	 1.24433
114.68	 -2.58386	 -0.557711	 -3.94339	 0.737541	 -1.40987	 1.24592
114.7	 -2.61326	 -0.561676	 -3.90227	 0.736067	 -1.3263	 1.24718
114.72	 -2.64181	 -0.565589	 -3.86076	 0.733434	 -1.24201	 1.24809
114.74	 -2.66949	 -0.569448	 -3.8189	 0.729641	 -1.15707	 1.24865
114.76	 -2.69627	 -0.573248	 -3.77673	 0.724689	 -1.07153	 1.24885
114.78	 -2.72213	 -0.576986	 -3.7343	 0.718579	 -0.985451	 1.24869
114.8	 -2.74706	 -0.580658	 -3.69165	 0.711315	 -0.898892	 1.24815
114.82	 -2.77102	 -0.584262	 -3.64882	 0.702903	 -0.811916	 1.24724
114.84	 -2.794	 -0.587793	 -3.60585	 0.693348	 -0.724585	 1.24595
114.86	 -2.81597	 -0.591249	 -3.56279	 0.68266	 -0.636962	 1.24427
114.88	 -2.83692	 -0.594626	 -3.51969	 0.670847	 -0.549111	 1.24219
114.9	 -2.85683	 -0.597922	 -3.47657	 0.65792	 -0.461096	 1.23972
114.92	 -2.87567	 -0.601134	 -3.43349	 0.643892	 -0.372984	 1.23685
114.94	 -2.89343	 -0.604258	 -3.39049	 0.628773	 -0.284839	 1.23357
114.96	 -2.9101	 -0.607294	 -3.3476	 0.61258	 -0.196729	 1.22988
114.98	 -2.92565	 -0.610237	 -3.30487	 0.595327	 -0.10872	 1.22579
115	 -2.94006	 -0.613088	 -3.26234	 0.57703	 -0.0208806	 1.22129
115.02	 -2.95333	 -0.615843	 -3.22004	 0.557709	 0.0667228	 1.21637
115.04	 -2.96544	 -0.618502	 -3.17802	 0.537382	 0.154023	 1.21105
115.06	 -2.97637	 -0.621064	 -3.13631	 0.516071	 0.240953	 1.20532
115.08	 -2.98612	 -0.623527	 -3.09495	 0.493798	 0.327446	 1.19918
115.1	 -2.99466	 -0.625891	 -3.05398	 0.470586	 0.413437	 1.19263
115.12	 -3.00199	 -0.628156	 -3.01343	 0.44646	 0.498861	 1.18568
115.14	 -3.0081	 -0.630322	 -2.97334	 0.421445	 0.583652	 1.17834
115.16	 -3.01298	 -0.632389	 -2.93373	 0.395568	 0.667748	 1.1706
115.18	 -3.01661	 -0.634359	 -2.89465	 0.368857	 0.751086	 1.16247
115.2	 -3.019	 -0.636232	 -2.85612	 0.341342	 0.833603	 1.15397
115.22	 -3.02013	 -0.63801	 -2.81817	 0.313053	 0.915239	 1.14509
115.24	 -3.01999	 -0.639694	 -2.78084	 0.284021	 0.995935	 1.13584
115.26	 -3.01859	 -0.641286	 -2.74414	 0.254279	 1.07563	 1.12625
115.28	 -3.01592	 -0.64279	 -2.7081	 0.223858	 1.15428	 1.1163
115.3	 -3.01197	 -0.644206	 -2.67275	 0.192794	 1.23181	 1.10602
115.32	 -3.00674	 -0.645539	 -2.63811	 0.16112	 1.30818	 1.09541
115.34	 -3.00023	 -0.646791	 -2.6042	 0.128874	 1.38334	 1.0845
115.36	 -2.99243	 -0.647966	 -2.57105	 0.0960901	 1.45723	 1.07328
115.38	 -2.98336	 -0.649067	 -2.53867	 0.0628067	 1.52982	 1.06177
115.4	 -2.973	 -0.650098	 -2.50707	 0.029061	 1.60104	 1.04999
115.42	 -2.96137	 -0.651062	 -2.47628	 -0.00510867	 1.67087	 1.03795
115.44	 -2.94846	 -0.651964	 -2.4463	 -0.0396636	 1.73926	 1.02566
115.46	 -2.93427	 -0.652807	 -2.41715	 -0.0745644	 1.80617	 1.01314
115.48	 -2.91882	 -0.653596	 -2.38884	 -0.109771	 1.87156	 1.00041
115.5	 -2.9021	 -0.654334	 -2.36138	 -0.145245	 1.9354	 0.987464
115.52	 -2.88412	 -0.655026	 -2.33477	 -0.180944	 1.99767	 0.974335
115.54	 -2.86489	 -0.655676	 -2.30902	 -0.216828	 2.05833	 0.961032
115.56	 -2.84441	 -0.656288	 -2.28414	 -0.252856	 2.11735	 0.947571
115.58	 -2.8227	 -0.656866	 -2.26011	 -0.288989	 2.17472	 0.933966
115.6	 -2.79977	 -0.657413	 -2.23695	 -0.325185	 2.23042	 0.920232
115.62	 -2.77561	 -0.657934	 -2.21465	 -0.361403	 2.28442	 0.906384
115.64	 -2.75025	 -0.658433	 -2.1932	 -0.397604	 2.33671	 0.892435
115.66	 -2.72369	 -0.658911	 -2.17261	 -0.433747	 2.38729	 0.8784
115.68	 -2.69595	 -0.659374	 -2.15285	 -0.469791	 2.43613	 0.864292
115.7	 -2.66704	 -0.659824	 -2.13393	 -0.505698	 2.48325	 0.850124
115.72	 -2.63698	 -0.660264	 -2.11584	 -0.541427	 2.52863	 0.83591
115.74	 -2.60577	 -0.660696	 -2.09855	 -0.576941	 2.57227	 0.821661
115.76	 -2.57343	 -0.661123	 -2.08206	 -0.612199	 2.61418	 0.807389
115.78	 -2.53999	 -0.661548	 -2.06634	 -0.647165	 2.65436	 0.793105
115.8	 -2.50544	 -0.661971	 -2.05139	 -0.681801	 2.69281	 0.77882
115.82	 -2.46982	 -0.662394	 -2.03718	 -0.716069	 2.72956	 0.764543
115.84	 -2.43314	 -0.66282	 -2.0237	 -0.749934	 2.7646	 0.750285
115.86	 -2.39541	 -0.663248	 -2.01091	 -0.783361	 2.79795	 0.736053
115.88	 -2.35667	 -0.66368	 -1.99881	 -0.816314	 2.82964	 0.721856
115.9	 -2.31691	 -0.664115	 -1.98735	 -0.848758	 2.85968	 0.707701
115.92	 -2.27618	 -0.664555	 -1.97652	 -0.880662	 2.88809	 0.693595
115.94	 -2.23448	 -0.664998	 -1.96629	 -0.911992	 2.91491	 0.679542
115.96	 -2.19184	 -0.665443	 -1.95663	 -0.942716	 2.94014	 0.665549
115.98	 -2.14828	 -0.66589	 -1.9475	 -0.972804	 2.96383	 0.651619
116	 -2.10383	 -0.666338	 -1.93889	 -1.00223	 2.986	 0.637755
116.02	 -2.0585	 -0.666784	 -1.93075	 -1.03095	 3.00669	 0.623959
116.04	 -2.01232	 -0.667226	 -1.92306	 -1.05895	 3.02594	 0.610234
116.06	 -1.96531	 -0.667661	 -1.91578	 -1.0862	 3.04377	 0.596579
116.08	 -1.91749	 -0.668087	 -1.90887	 -1.11268	 3.06022	 0.582995
116.1	 -1.8689	 -0.668501	 -1.90229	 -1.13835	 3.07534	 0.569482
116.12	 -1.81955	 -0.668898	 -1.89602	 -1.16319	 3.08917	 0.556035
116.14	 -1.76948	 -0.669274	 -1.89002	 -1.18719	 3.10175	 0.542654
116.16	 -1.7187	 -0.669626	 -1.88424	 -1.21031	 3.11312	 0.529335
116.18	 -1.66725	 -0.669947	 -1.87864	 -1.23253	 3.12333	 0.516073
116.2	 -1.61514	 -0.670234	 -1.8732	 -1.25384	 3.13242	 0.502863
116.22	 -1.56241	 -0.670479	 -1.86786	 -1.27422	 3.14045	 0.489699
116.24	 -1.50908	 -0.670678	 -1.86259	 -1.29364	 3.14745	 0.476574
116.26	 -1.45518	 -0.670824	 -1.85735	 -1.31209	 3.15348	 0.463481
116.28	 -1.40073	 -0.670911	 -1.8521	 -1.32955	 3.15859	 0.450411
116.3	 -1.34577	 -0.67093	 -1.8468	 -1.34601	 3.16283	 0.437355
116.32	 -1.29032	 -0.670875	 -1.8414	 -1.36145	 3.16625	 0.424304
116.34	 -1.23441	 -0.670739	 -1.83587	 -1.37585	 3.1689	 0.411248
116.36	 -1.17807	 -0.670513	 -1.83016	 -1.3892	 3.17083	 0.398174
116.38	 -1.12132	 -0.670189	 -1.82424	 -1.4015	 3.17209	 0.385072
116.4	 -1.06419	 -0.669759	 -1.81806	 -1.41272	 3.17274	 0.371931
116.42	 -1.00671	 -0.669213	 -1.81158	 -1.42286	 3.17282	 0.358736
116.44	 -0.948904	 -0.668544	 -1.80477	 -1.4319	 3.17238	 0.345476
116.46	 -0.890807	 -0.667742	 -1.79758	 -1.43985	 3.17149	 0.332137
116.48	 -0.832441	 -0.666798	 -1.78997	 -1.44668	 3.17018	 0.318707
116.5	 -0.773836	 -0.665702	 -1.78191	 -1.45238	 3.16852	 0.30517
116.52	 -0.715019	 -0.664445	 -1.77336	 -1.45696	 3.16654	 0.291514
116.54	 -0.656016	 -0.663018	 -1.76427	 -1.4604	 3.1643	 0.277725
116.56	 -0.596854	 -0.661411	 -1.75462	 -1.4627	 3.16185	 0.263788
116.58	 -0.537556	 -0.659614	 -1.74436	 -1.46386	 3.15922	 0.249682
116.6	 -0.478132	 -0.657614	 -1.73348	 -1.46396	 3.15645	 0.235369
116.62	 -0.418583	 -0.655398	 -1.72195	 -1.46296	 3.15357	 0.220823
116.64	 -0.358902	 -0.652954	 -1.70976	 -1.46085	 3.1506	 0.206029
116.66	 -0.29908	 -0.650272	 -1.6969	 -1.45762	 3.14756	 0.190978
116.68	 -0.23911	 -0.647343	 -1.68336	 -1.45327	 3.14449	 0.175666
116.7	 -0.178989	 -0.64416	 -1.66912	 -1.44779	 3.14142	 0.160083
116.72	 -0.118716	 -0.640713	 -1.65417	 -1.44116	 3.13838	 0.144222
116.74	 -0.0582922	 -0.636992	 -1.63851	 -1.43338	 3.13541	 0.128069
116.76	 0.00228011	 -0.632985	 -1.62211	 -1.42444	 3.13252	 0.111612
116.78	 0.0629983	 -0.628681	 -1.60498	 -1.41432	 3.12972	 0.0948366
116.8	 0.123859	 -0.624066	 -1.5871	 -1.40303	 3.12702	 0.0777257
116.82	 0.184862	 -0.619129	 -1.56848	 -1.39055	 3.12442	 0.0602686
116.84	 0.246005	 -0.613859	 -1.54911	 -1.37688	 3.12194	 0.0424535
116.86	 0.307287	 -0.608245	 -1.529	 -1.36202	 3.11958	 0.0242694
116.88	 0.368706	 -0.602276	 -1.50814	 -1.34595	 3.11733	 0.00570665
116.9	 0.430257	 -0.595941	 -1.48655	 -1.32867	 3.11521	 -0.0132441
116.92	 0.491932	 -0.589232	 -1.46424	 -1.31019	 3.11317	 -0.0325883
116.94	 0.553717	 -0.58214	 -1.44124	 -1.29048	 3.11119	 -0.052331
116.96	 0.615601	 -0.574659	 -1.41757	 -1.26954	 3.10921	 -0.0724741
116.98	 0.677564	 -0.566783	 -1.39327	 -1.24737	 3.10716	 -0.0930153
117	 0.739589	 -0.558508	 -1.36839	 -1.22397	 3.10498	 -0.113953
117.02	 0.801657	 -0.549827	 -1.34295	 -1.19931	 3.10259	 -0.135285
117.04	 0.863746	 -0.540736	 -1.31699	 -1.17341	 3.09994	 -0.15701
117.06	 0.925836	 -0.53123	 -1.29057	 -1.14625	 3.09694	 -0.179123
117.08	 0.987905	 -0.521304	 -1.26371	 -1.11783	 3.09353	 -0.20162
117.1	 1.04993	 -0.510955	 -1.23645	 -1.08814	 3.08964	 -0.224494
117.12	 1.11189	 -0.50018	 -1.20885	 -1.05719	 3.0852	 -0.247734
117.14	 1.17375	 -0.488978	 -1.18094	 -1.02496	 3.08013	 -0.271329
117.16	 1.2355	 -0.477348	 -1.15277	 -0.991455	 3.07434	 -0.295265
117.18	 1.2971	 -0.465292	 -1.12439	 -0.956671	 3.06775	 -0.319528
117.2	 1.35854	 -0.452811	 -1.09586	 -0.920602	 3.06029	 -0.344099
117.22	 1.4198	 -0.439907	 -1.06721	 -0.883246	 3.05186	 -0.36896
117.24	 1.48083	 -0.426583	 -1.03851	 -0.8446	 3.04238	 -0.394088
117.26	 1.54163	 -0.412843	 -1.00979	 -0.804662	 3.03178	 -0.419462
117.28	 1.60217	 -0.398693	 -0.981124	 -0.763432	 3.01996	 -0.445056
117.3	 1.66243	 -0.384138	 -0.952547	 -0.720909	 3.00686	 -0.470843
117.32	 1.72237	 -0.369184	 -0.924112	 -0.677095	 2.99239	 -0.496795
117.34	 1.78199	 -0.353841	 -0.895872	 -0.631989	 2.97648	 -0.522881
117.36	 1.84125	 -0.338117	 -0.867878	 -0.585595	 2.95904	 -0.549067
117.38	 1.90013	 -0.322022	 -0.840181	 -0.537915	 2.94	 -0.57532
117.4	 1.95862	 -0.305567	 -0.812834	 -0.488954	 2.91928	 -0.601605
117.42	 2.01669	 -0.288762	 -0.785886	 -0.438716	 2.89681	 -0.627885
117.44	 2.07431	 -0.271622	 -0.759388	 -0.387209	 2.87251	 -0.65412
117.46	 2.13148	 -0.25416	 -0.733387	 -0.33444	 2.84632	 -0.680271
117.48	 2.18816	 -0.23639	 -0.70793	 -0.280421	 2.81817	 -0.706295
117.5	 2.24433	 -0.21833	 -0.683059	 -0.225162	 2.78802	 -0.732147
117.52	 2.29998	 -0.199997	 -0.658819	 -0.168676	 2.7558	 -0.757781
117.54	 2.35509	 -0.18141	 -0.635249	 -0.110978	 2.72147	 -0.783152
117.56	 2.40964	 -0.162586	 -0.612391	 -0.0520875	 2.68497	 -0.808212
117.58	 2.4636	 -0.143547	 -0.590283	 0.00797544	 2.64627	 -0.832914
117.6	 2.51696	 -0.124311	 -0.568963	 0.0691856	 2.60533	 -0.857211
117.62	 2.5697	 -0.104901	 -0.548465	 0.131505	 2.5621	 -0.881066
117.64	 2.6218	 -0.0853346	 -0.528823	 0.194904	 2.51658	 -0.904435
117.66	 2.67324	 -0.0656353	 -0.510069	 0.259341	 2.46872	 -0.927278
117.68	 2.724	 -0.0458248	 -0.492233	 0.324782	 2.41852	 -0.949547
117.7	 2.77407	 -0.025927	 -0.475344	 0.391179	 2.36595	 -0.971194
117.72	 2.82343	 -0.00596595	 -0.459425	 0.458473	 2.31101	 -0.992176
117.74	 2.87205	 0.0140339	 -0.444501	 0.526608	 2.25368	 -1.01245
117.76	 2.91993	 0.0340481	 -0.430592	 0.59552	 2.19397	 -1.03197
117.78	 2.96705	 0.0540532	 -0.417717	 0.66514	 2.13188	 -1.05071
117.8	 3.01339	 0.0740264	 -0.405896	 0.735395	 2.06743	 -1.06863
117.82	 3.05893	 0.0939449	 -0.395146	 0.806203	 2.00061	 -1.0857
117.84	 3.10366	 0.113785	 -0.385482	 0.877478	 1.93145	 -1.1019
117.86	 3.14757	 0.133524	 -0.376918	 0.94913	 1.85997	 -1.11718
117.88	 3.19063	 0.153137	 -0.369464	 1.02106	 1.7862	 -1.13153
117.9	 3.23283	 0.172598	 -0.363127	 1.09317	 1.71017	 -1.14492
117.92	 3.27416	 0.191884	 -0.357912	 1.16536	 1.63192	 -1.15733
117.94	 3.3146	 0.210968	 -0.353822	 1.23751	 1.55151	 -1.16873
117.96	 3.35414	 0.229827	 -0.350857	 1.30952	 1.46899	 -1.17911
117.98	 3.39276	 0.248436	 -0.349014	 1.38126	 1.38441	 -1.18844
118	 3.43044	 0.26677	 -0.348288	 1.45263	 1.29784	 -1.19673
118.02	 3.46718	 0.284806	 -0.348675	 1.5235	 1.20934	 -1.20396
118.04	 3.50295	 0.302521	 -0.350164	 1.59374	 1.11901	 -1.21011
118.06	 3.53775	 0.319891	 -0.352745	 1.66323	 1.0269	 -1.21519
118.08	 3.57155	 0.336895	 -0.356405	 1.73185	 0.933121	 -1.21919
118.1	 3.60435	 0.353511	 -0.361126	 1.79946	 0.83775	 -1.22211
118.12	 3.63613	 0.369716	 -0.366891	 1.86593	 0.740891	 -1.22394
118.14	 3.66687	 0.385489	 -0.373679	 1.93113	 0.642649	 -1.2247
118.16	 3.69656	 0.400812	 -0.381466	 1.99492	 0.543127	 -1.22439
118.18	 3.72519	 0.415664	 -0.390227	 2.05718	 0.442438	 -1.22301
118.2	 3.75274	 0.430027	 -0.399935	 2.11778	 0.340698	 -1.22058
118.22	 3.7792	 0.443883	 -0.410561	 2.17658	 0.238023	 -1.21711
118.24	 3.80455	 0.457215	 -0.422074	 2.23346	 0.134536	 -1.2126
118.26	 3.82879	 0.470006	 -0.43444	 2.28828	 0.0303632	 -1.20708
118.28	 3.85189	 0.48224	 -0.447625	 2.34092	 -0.0743666	 -1.20055
118.3	 3.87385	 0.493903	 -0.461591	 2.39126	 -0.179521	 -1.19303
118.32	 3.89465	 0.50498	 -0.476299	 2.43918	 -0.284966	 -1.18454
118.34	 3.91429	 0.515458	 -0.49171	 2.48455	 -0.390563	 -1.17509
118.36	 3.93274	 0.525325	 -0.507782	 2.52727	 -0.496173	 -1.16471
118.38	 3.94999	 0.53457	 -0.52447	 2.56722	 -0.601654	 -1.15341
118.4	 3.96603	 0.54318	 -0.54173	 2.60428	 -0.706864	 -1.14121
118.42	 3.98086	 0.551148	 -0.559515	 2.63836	 -0.811659	 -1.12814
118.44	 3.99446	 0.558464	 -0.577778	 2.66936	 -0.915893	 -1.11422
118.46	 4.00681	 0.56512	 -0.59647	 2.69717	 -1.01942	 -1.09947
118.48	 4.01791	 0.571109	 -0.61554	 2.7217	 -1.1221	 -1.08391
118.5	 4.02774	 0.576425	 -0.634938	 2.74287	 -1.22378	 -1.06758
118.52	 4.03629	 0.581062	 -0.654612	 2.76058	 -1.32431	 -1.05049
118.54	 4.04356	 0.585016	 -0.674508	 2.77477	 -1.42356	 -1.03268
118.56	 4.04953	 0.588283	 -0.694573	 2.78535	 -1.52137	 -1.01416
118.58	 4.05419	 0.590862	 -0.714753	 2.79225	 -1.61761	 -0.994969
118.6	 4.05753	 0.59275	 -0.734992	 2.79542	 -1.71214	 -0.975133
118.62	 4.05955	 0.593947	 -0.755235	 2.7948	 -1.80481	 -0.95468
118.64	 4.06023	 0.594452	 -0.775427	 2.79033	 -1.89548	 -0.933637
118.66	 4.05956	 0.594268	 -0.79551	 2.78197	 -1.98402	 -0.912035
118.68	 4.05754	 0.593395	 -0.815429	 2.76969	 -2.0703	 -0.889902
118.7	 4.05415	 0.591837	 -0.835126	 2.75344	 -2.15418	 -0.867267
118.72	 4.04939	 0.589597	 -0.854544	 2.73321	 -2.23554	 -0.844161
118.74	 4.04326	 0.58668	 -0.873628	 2.70898	 -2.31424	 -0.820613
118.76	 4.03574	 0.583091	 -0.892319	 2.68073	 -2.39018	 -0.796652
118.78	 4.02683	 0.578836	 -0.910563	 2.64847	 -2.46323	 -0.772309
118.8	 4.01653	 0.573924	 -0.928303	 2.61219	 -2.53328	 -0.747613
118.82	 4.00482	 0.568361	 -0.945484	 2.57192	 -2.60022	 -0.722595
118.84	 3.99171	 0.562156	 -0.962051	 2.52766	 -2.66394	 -0.697284
118.86	 3.97719	 0.555319	 -0.977949	 2.47944	 -2.72435	 -0.671709
118.88	 3.96126	 0.547857	 -0.993126	 2.42731	 -2.78134	 -0.645898
118.9	 3.94392	 0.539775	 -1.00753	 2.37129	 -2.83483	 -0.619863
118.92	 3.92517	 0.531073	 -1.02113	 2.31143	 -2.88476	 -0.593615
118.94	 3.905	 0.521752	 -1.03387	 2.24781	 -2.93105	 -0.567161
118.96	 3.88344	 0.511816	 -1.04571	 2.18047	 -2.97365	 -0.540515
118.98	 3.86046	 0.50127	 -1.05662	 2.1095	 -3.01251	 -0.51369
119	 3.8361	 0.490121	 -1.06654	 2.03497	 -3.04755	 -0.486701
119.02	 3.81033	 0.478377	 -1.07545	 1.95697	 -3.07875	 -0.459567
119.04	 3.78318	 0.466048	 -1.08329	 1.87559	 -3.10604	 -0.432302
119.06	 3.75465	 0.453145	 -1.09004	 1.79092	 -3.1294	 -0.404924
119.08	 3.72474	 0.439678	 -1.09564	 1.70306	 -3.14879	 -0.377449
119.1	 3.69347	 0.42566	 -1.10007	 1.61212	 -3.16419	 -0.349892
119.12	 3.66084	 0.411103	 -1.10328	 1.51822	 -3.17556	 -0.322269
119.14	 3.62687	 0.396021	 -1.10525	 1.42148	 -3.18291	 -0.294596
119.16	 3.59157	 0.380426	 -1.10595	 1.32202	 -3.18621	 -0.266887
119.18	 3.55494	 0.364335	 -1.10534	 1.21997	 -3.18547	 -0.23916
119.2	 3.51701	 0.347763	 -1.10339	 1.11548	 -3.18069	 -0.21143
119.22	 3.47778	 0.330726	 -1.10008	 1.00869	 -3.17187	 -0.183712
119.24	 3.43727	 0.313242	 -1.09538	 0.899731	 -3.15902	 -0.156022
119.26	 3.39549	 0.29533	 -1.08927	 0.788761	 -3.14217	 -0.128375
119.28	 3.35247	 0.277007	 -1.08172	 0.675933	 -3.12133	 -0.100786
119.3	 3.30821	 0.258294	 -1.07272	 0.561403	 -3.09655	 -0.0732687
119.32	 3.26274	 0.239211	 -1.06224	 0.445332	 -3.06784	 -0.0458385
119.34	 3.21607	 0.219779	 -1.05027	 0.327884	 -3.03525	 -0.0185096
119.36	 3.16823	 0.20002	 -1.0368	 0.209226	 -2.99882	 0.00870357
119.38	 3.11922	 0.179958	 -1.0218	 0.0895262	 -2.9586	 0.0357871
119.4	 3.06908	 0.159613	 -1.00528	 -0.0310421	 -2.91465	 0.0627294
119.42	 3.01782	 0.139011	 -0.987223	 -0.152305	 -2.86703	 0.0895192
119.44	 2.96546	 0.118174	 -0.967619	 -0.274086	 -2.8158	 0.116144
119.46	 2.91203	 0.0971274	 -0.946468	 -0.396207	 -2.76102	 0.142593
119.48	 2.85754	 0.0758971	 -0.923768	 -0.518489	 -2.70278	 0.168855
119.5	 2.80202	 0.0545091	 -0.899518	 -0.640751	 -2.64116	 0.194917
119.52	 2.74549	 0.0329907	 -0.873723	 -0.762812	 -2.57622	 0.220769
119.54	 2.68797	 0.0113697	 -0.846388	 -0.884491	 -2.50808	 0.246398
119.56	 2.62949	 -0.0103246	 -0.817521	 -1.00561	 -2.43681	 0.271793
119.58	 2.57007	 -0.0320623	 -0.787135	 -1.12597	 -2.36251	 0.29694
119.6	 2.50973	 -0.053812	 -0.755244	 -1.24542	 -2.2853	 0.321826
119.62	 2.4485	 -0.0755414	 -0.721865	 -1.36375	 -2.20528	 0.346435
119.64	 2.3864	 -0.097217	 -0.687021	 -1.48079	 -2.12257	 0.370751
119.66	 2.32345	 -0.118805	 -0.650736	 -1.59638	 -2.03729	 0.39476
119.68	 2.25969	 -0.14027	 -0.613038	 -1.71031	 -1.94956	 0.418444
119.7	 2.19513	 -0.161576	 -0.573957	 -1.82243	 -1.85951	 0.441783
119.72	 2.1298	 -0.182685	 -0.533528	 -1.93256	 -1.76728	 0.464759
119.74	 2.06373	 -0.203562	 -0.491789	 -2.04053	 -1.673	 0.487356
119.76	 1.99693	 -0.224169	 -0.448777	 -2.14615	 -1.57682	 0.509555
119.78	 1.92944	 -0.244469	 -0.404535	 -2.24927	 -1.47887	 0.531339
119.8	 1.86127	 -0.264424	 -0.359107	 -2.34972	 -1.3793	 0.552689
119.82	 1.79246	 -0.283998	 -0.312541	 -2.44733	 -1.27826	 0.573588
119.84	 1.72302	 -0.303154	 -0.264886	 -2.54195	 -1.1759	 0.594019
119.86	 1.65298	 -0.321855	 -0.216194	 -2.6334	 -1.07237	 0.613967
119.88	 1.58237	 -0.340064	 -0.16652	 -2.72154	 -0.967815	 0.633415
119.9	 1.5112	 -0.357747	 -0.115921	 -2.80621	 -0.862395	 0.652349
119.92	 1.4395	 -0.374867	 -0.0644562	 -2.88724	 -0.756261	 0.670754
119.94	 1.36731	 -0.39139	 -0.0121885	 -2.96449	 -0.649565	 0.688619
119.96	 1.29463	 -0.407284	 0.0408176	 -3.03779	 -0.54246	 0.705934
119.98	 1.22151	 -0.422517	 0.0944945	 -3.107	 -0.4351	 0.722691
120	 1.14796	 -0.437058	 0.148772	 -3.17197	 -0.32764	 0.738886
120.02	 1.07401	 -0.45088	 0.203579	 -3.23256	 -0.220232	 0.754514
120.04	 0.999701	 -0.463957	 0.258838	 -3.28865	 -0.113027	 0.769574
120.06	 0.925061	 -0.476265	 0.314472	 -3.34012	 -0.00617042	 0.784066
120.08	 0.850125	 -0.487782	 0.3704	 -3.38687	 0.100192	 0.797994
120.1	 0.774933	 -0.498489	 0.426539	 -3.42882	 0.205918	 0.811359
120.12	 0.699527	 -0.508368	 0.482799	 -3.46587	 0.310862	 0.824168
120.14	 0.623951	 -0.517403	 0.539092	 -3.49793	 0.414867	 0.836426
120.16	 0.548254	 -0.525578	 0.595323	 -3.52494	 0.517774	 0.84814
120.18	 0.472484	 -0.532883	 0.651397	 -3.54682	 0.61942	 0.859319
120.2	 0.396692	 -0.539306	 0.707218	 -3.56352	 0.719634	 0.869971
120.22	 0.320932	 -0.54484	 0.762686	 -3.575	 0.818246	 0.880103
120.24	 0.245257	 -0.549478	 0.817702	 -3.58121	 0.915082	 0.889723
120.26	 0.169721	 -0.553215	 0.872166	 -3.58214	 1.00997	 0.898837
120.28	 0.0943808	 -0.556047	 0.925978	 -3.57777	 1.10274	 0.90745
120.3	 0.0192912	 -0.557973	 0.979036	 -3.56809	 1.19323	 0.915568
120.32	 -0.055492	 -0.558993	 1.03124	 -3.55311	 1.28126	 0.923196
120.34	 -0.129914	 -0.55911	 1.0825	 -3.53284	 1.36668	 0.93034
120.36	 -0.203918	 -0.558328	 1.1327	 -3.5073	 1.44933	 0.937006
120.38	 -0.277451	 -0.556656	 1.18176	 -3.47655	 1.52905	 0.943199
120.4	 -0.350459	 -0.554099	 1.22957	 -3.44063	 1.6057	 0.948922
120.42	 -0.422887	 -0.55067	 1.27606	 -3.3996	 1.67913	 0.954177
120.44	 -0.494682	 -0.54638	 1.32111	 -3.35353	 1.74921	 0.958966
120.46	 -0.565792	 -0.541241	 1.36466	 -3.3025	 1.81579	 0.963287
120.48	 -0.636166	 -0.535269	 1.40661	 -3.24661	 1.87877	 0.967137
120.5	 -0.705754	 -0.528481	 1.44687	 -3.18596	 1.93803	 0.970514
120.52	 -0.774506	 -0.520894	 1.48538	 -3.12067	 1.99346	 0.973411
120.54	 -0.842376	 -0.512529	 1.52205	 -3.05085	 2.04498	 0.975822
120.56	 -0.909315	 -0.503409	 1.55681	 -2.97667	 2.09249	 0.977741
120.58	 -0.975278	 -0.493556	 1.5896	 -2.89827	 2.13592	 0.979158
120.6	 -1.04022	 -0.482997	 1.62035	 -2.81582	 2.1752	 0.980063
120.62	 -1.10409	 -0.471757	 1.649	 -2.72949	 2.21025	 0.980447
120.64	 -1.16685	 -0.459865	 1.67548	 -2.63947	 2.24102	 0.980297
120.66	 -1.22846	 -0.447348	 1.69975	 -2.54594	 2.26745	 0.979603
120.68	 -1.28886	 -0.434236	 1.72176	 -2.4491	 2.28947	 0.978348
120.7	 -1.34802	 -0.420561	 1.74145	 -2.34916	 2.30704	 0.97652
120.72	 -1.40589	 -0.406354	 1.7588	 -2.24633	 2.32014	 0.974101
120.74	 -1.46244	 -0.391647	 1.77376	 -2.14082	 2.32873	 0.971073
120.76	 -1.51762	 -0.376476	 1.7863	 -2.03288	 2.3328	 0.967418
120.78	 -1.5714	 -0.360873	 1.79639	 -1.92273	 2.33235	 0.963118
120.8	 -1.62375	 -0.344875	 1.80402	 -1.81063	 2.32738	 0.958152
120.82	 -1.67461	 -0.328517	 1.80916	 -1.69681	 2.3179	 0.9525
120.84	 -1.72396	 -0.311836	 1.8118	 -1.58152	 2.30394	 0.946144
120.86	 -1.77177	 -0.294868	 1.81194	 -1.46502	 2.28551	 0.939062
120.88	 -1.818	 -0.277649	 1.80956	 -1.34755	 2.26267	 0.931236
120.9	 -1.86261	 -0.260217	 1.80467	 -1.22937	 2.23544	 0.922647
120.92	 -1.90558	 -0.24261	 1.79727	 -1.11073	 2.20388	 0.913274
120.94	 -1.94688	 -0.224863	 1.78739	 -0.991882	 2.16805	 0.903101
120.96	 -1.98647	 -0.207016	 1.77502	 -0.873082	 2.12804	 0.892111
120.98	 -2.02434	 -0.189104	 1.7602	 -0.754579	 2.08391	 0.880287
121	 -2.06046	 -0.171166	 1.74296	 -0.636621	 2.03577	 0.867616
121.02	 -2.0948	 -0.153239	 1.72332	 -0.519455	 1.98371	 0.854084
121.04	 -2.12734	 -0.135358	 1.70132	 -0.403321	 1.92784	 0.839681
121.06	 -2.15806	 -0.117561	 1.67701	 -0.288454	 1.86827	 0.824398
121.08	 -2.18694	 -0.0998837	 1.65043	 -0.175085	 1.80514	 0.808225
121.1	 -2.21396	 -0.0823606	 1.62164	 -0.0634352	 1.73855	 0.791159
121.12	 -2.2391	 -0.0650268	 1.59067	 0.0462772	 1.66866	 0.773196
121.14	 -2.26236	 -0.0479165	 1.55761	 0.153843	 1.5956	 0.754337
121.16	 -2.28371	 -0.0310631	 1.5225	 0.25906	 1.51952	 0.734583
121.18	 -2.30315	 -0.0144991	 1.48541	 0.361735	 1.44056	 0.71394
121.2	 -2.32066	 0.00174308	 1.44642	 0.461683	 1.35889	 0.692417
121.22	 -2.33624	 0.0176302	 1.40558	 0.558731	 1.27464	 0.670029
121.24	 -2.3499	 0.0331298	 1.36296	 0.652714	 1.18795	 0.646794
121.26	 -2.36163	 0.04821	 1.31862	 0.743479	 1.09895	 0.622734
121.28	 -2.37144	 0.0628407	 1.27263	 0.830885	 1.00778	 0.59787
121.3	 -2.37934	 0.0769945	 1.22506	 0.9148	 0.914586	 0.572225
121.32	 -2.38533	 0.0906483	 1.17596	 0.995103	 0.819479	 0.545819
121.34	 -2.38944	 0.103782	 1.1254	 1.07168	 0.722578	 0.518672
121.36	 -2.39167	 0.116375	 1.07344	 1.14444	 0.624003	 0.490805
121.38	 -2.39206	 0.128413	 1.02014	 1.21328	 0.523871	 0.462246
121.4	 -2.39062	 0.139877	 0.965577	 1.27813	 0.422307	 0.433024
121.42	 -2.38737	 0.150752	 0.909812	 1.33893	 0.319443	 0.40317
121.44	 -2.38234	 0.161025	 0.852924	 1.39563	 0.215413	 0.372721
121.46	 -2.37554	 0.170683	 0.79499	 1.44819	 0.110357	 0.341711
121.48	 -2.36701	 0.179716	 0.736092	 1.49659	 0.00441466	 0.31018
121.5	 -2.35677	 0.188116	 0.676309	 1.54083	 -0.102275	 0.278166
121.52	 -2.34484	 0.195875	 0.615722	 1.5809	 -0.209573	 0.245712
121.54	 -2.33126	 0.20299	 0.554415	 1.61681	 -0.317342	 0.212858
121.56	 -2.31606	 0.209458	 0.492468	 1.64859	 -0.425447	 0.179649
121.58	 -2.29927	 0.215279	 0.429964	 1.67629	 -0.533754	 0.146131
121.6	 -2.28093	 0.220453	 0.366987	 1.69993	 -0.642129	 0.112349
121.62	 -2.26106	 0.224985	 0.303621	 1.7196	 -0.750439	 0.0783507
121.64	 -2.23971	 0.228877	 0.239949	 1.73535	 -0.85855	 0.0441836
121.66	 -2.21691	 0.232138	 0.176056	 1.74726	 -0.966334	 0.00989575
121.68	 -2.1927	 0.234775	 0.112028	 1.75543	 -1.07366	 -0.0244644
121.7	 -2.16712	 0.236799	 0.0479487	 1.75994	 -1.1804	 -0.0588484
121.72	 -2.1402	 0.238221	 -0.016098	 1.76092	 -1.28643	 -0.0932078
121.74	 -2.11198	 0.239055	 -0.0800287	 1.75847	 -1.39164	 -0.127495
121.76	 -2.08251	 0.239316	 -0.143761	 1.75271	 -1.4959	 -0.161661
121.78	 -2.05183	 0.239021	 -0.207213	 1.74377	 -1.59909	 -0.19566
121.8	 -2.01996	 0.238189	 -0.270305	 1.73179	 -1.70111	 -0.229446
121.82	 -1.98697	 0.236839	 -0.332957	 1.71691	 -1.80185	 -0.262973
121.84	 -1.95288	 0.234993	 -0.395091	 1.69927	 -1.9012	 -0.296198
121.86	 -1.91775	 0.232674	 -0.456632	 1.67902	 -1.99907	 -0.329078
121.88	 -1.88161	 0.229907	 -0.517505	 1.65632	 -2.09535	 -0.361571
121.9	 -1.8445	 0.226716	 -0.577637	 1.63131	 -2.18996	 -0.393639
121.92	 -1.80646	 0.223129	 -0.636958	 1.60417	 -2.2828	 -0.425246
121.94	 -1.76755	 0.219176	 -0.695399	 1.57505	 -2.3738	 -0.456356
121.96	 -1.72779	 0.214886	 -0.752896	 1.54411	 -2.46289	 -0.486941
121.98	 -1.68723	 0.210299	 -0.809389	 1.51152	 -2.54998	 -0.516984
122	 -1.6459	 0.205452	 -0.864819	 1.47743	 -2.63504	 -0.546472
122.02	 -1.60386	 0.200387	 -0.919133	 1.44201	 -2.71799	 -0.57539
122.04	 -1.56113	 0.195142	 -0.972277	 1.40541	 -2.79879	 -0.603725
122.06	 -1.51776	 0.189755	 -1.0242	 1.3678	 -2.87738	 -0.63146
122.08	 -1.47378	 0.184262	 -1.07484	 1.32933	 -2.95372	 -0.65858
122.1	 -1.42924	 0.178698	 -1.12416	 1.29016	 -3.02775	 -0.685068
122.12	 -1.38418	 0.173098	 -1.17211	 1.25045	 -3.09944	 -0.710909
122.14	 -1.33863	 0.167497	 -1.21864	 1.21035	 -3.16873	 -0.736089
122.16	 -1.29263	 0.161931	 -1.2637	 1.17001	 -3.23561	 -0.760599
122.18	 -1.24622	 0.156433	 -1.30726	 1.12959	 -3.30002	 -0.784429
122.2	 -1.19944	 0.151039	 -1.34928	 1.08922	 -3.36195	 -0.80757
122.22	 -1.15233	 0.14578	 -1.38971	 1.04905	 -3.42137	 -0.830012
122.24	 -1.10492	 0.140687	 -1.42853	 1.0092	 -3.47825	 -0.851743
122.26	 -1.05725	 0.135788	 -1.4657	 0.969813	 -3.53259	 -0.872754
122.28	 -1.00936	 0.13111	 -1.50119	 0.931011	 -3.58436	 -0.893028
122.3	 -0.96127	 0.126672	 -1.53499	 0.892918	 -3.63357	 -0.912543
122.32	 -0.913027	 0.122483	 -1.56709	 0.855652	 -3.68024	 -0.931261
122.34	 -0.864657	 0.118553	 -1.59746	 0.819331	 -3.72439	 -0.949142
122.36	 -0.81619	 0.114885	 -1.62612	 0.784067	 -3.76603	 -0.96615
122.38	 -0.767656	 0.111489	 -1.65304	 0.749968	 -3.8052	 -0.982253
122.4	 -0.719085	 0.108372	 -1.67824	 0.717132	 -3.84193	 -0.997426
122.42	 -0.670506	 0.105543	 -1.7017	 0.685649	 -3.87622	 -1.01165
122.44	 -0.62195	 0.103013	 -1.72342	 0.655603	 -3.9081	 -1.0249
122.46	 -0.573445	 0.100791	 -1.7434	 0.627067	 -3.9376	 -1.03717
122.48	 -0.525019	 0.0988844	 -1.76164	 0.600108	 -3.96474	 -1.04843
122.5	 -0.4767	 0.0973	 -1.77814	 0.574787	 -3.98953	 -1.05868
122.52	 -0.428514	 0.0960433	 -1.7929	 0.551158	 -4.01202	 -1.0679
122.54	 -0.380489	 0.0951187	 -1.80593	 0.52927	 -4.03223	 -1.07608
122.56	 -0.332649	 0.0945301	 -1.81724	 0.509163	 -4.0502	 -1.08321
122.58	 -0.285021	 0.0942806	 -1.82683	 0.490875	 -4.06595	 -1.08928
122.6	 -0.237628	 0.0943727	 -1.83472	 0.474433	 -4.07952	 -1.0943
122.62	 -0.190496	 0.0948086	 -1.84093	 0.459856	 -4.09093	 -1.09826
122.64	 -0.143648	 0.0955894	 -1.84546	 0.447159	 -4.10024	 -1.10117
122.66	 -0.0971075	 0.096716	 -1.84833	 0.436348	 -4.10746	 -1.10302
122.68	 -0.0508968	 0.0981881	 -1.84957	 0.427422	 -4.11264	 -1.10383
122.7	 -0.00503818	 0.100003	 -1.84918	 0.420374	 -4.11581	 -1.10359
122.72	 0.0404467	 0.102155	 -1.8472	 0.415191	 -4.11702	 -1.1023
122.74	 0.0855367	 0.104638	 -1.84365	 0.411855	 -4.11631	 -1.09997
122.76	 0.130211	 0.107445	 -1.83856	 0.410342	 -4.11373	 -1.09661
122.78	 0.17445	 0.110568	 -1.83197	 0.410622	 -4.10933	 -1.09223
122.8	 0.218234	 0.114001	 -1.82389	 0.412657	 -4.10313	 -1.08683
122.82	 0.261545	 0.117734	 -1.81436	 0.416405	 -4.0952	 -1.08042
122.84	 0.304363	 0.121758	 -1.80341	 0.421817	 -4.08558	 -1.07303
122.86	 0.346672	 0.126062	 -1.79109	 0.428839	 -4.0743	 -1.06466
122.88	 0.388455	 0.130635	 -1.77742	 0.43741	 -4.06142	 -1.05533
122.9	 0.429695	 0.135465	 -1.76244	 0.447467	 -4.04698	 -1.04505
122.92	 0.470376	 0.140538	 -1.74619	 0.45894	 -4.03103	 -1.03384
122.94	 0.510483	 0.145841	 -1.72872	 0.471756	 -4.01362	 -1.02173
122.96	 0.550001	 0.15136	 -1.71006	 0.485835	 -3.99479	 -1.00872
122.98	 0.588917	 0.157079	 -1.69026	 0.501096	 -3.97459	 -0.994849
123	 0.627216	 0.162984	 -1.66936	 0.517453	 -3.95307	 -0.98013
123.02	 0.664887	 0.169059	 -1.64741	 0.534815	 -3.93027	 -0.964588
123.04	 0.701918	 0.175285	 -1.62446	 0.553066	 -3.90625	 -0.948251
123.06	 0.738305	 0.181647	 -1.60055	 0.572065	 -3.88104	 -0.931156
123.08	 0.774044	 0.188127	 -1.57574	 0.591676	 -3.85467	 -0.913338
123.1	 0.809129	 0.194709	 -1.55008	 0.611765	 -3.82719	 -0.894833
123.12	 0.84356	 0.201375	 -1.52362	 0.632192	 -3.79863	 -0.875679
123.14	 0.877329	 0.208108	 -1.49642	 0.65282	 -3.76904	 -0.855909
123.16	 0.910434	 0.214888	 -1.46854	 0.673567	 -3.73845	 -0.835543
123.18	 0.942873	 0.221695	 -1.44004	 0.694334	 -3.70692	 -0.814604
123.2	 0.974641	 0.228507	 -1.41101	 0.715019	 -3.6745	 -0.79311
123.22	 1.00574	 0.2353	 -1.3815	 0.735521	 -3.64126	 -0.771083
123.24	 1.03615	 0.242052	 -1.35159	 0.755739	 -3.60724	 -0.748548
123.26	 1.06589	 0.248742	 -1.32134	 0.77557	 -3.5725	 -0.725529
123.28	 1.09494	 0.25535	 -1.29084	 0.794912	 -3.53712	 -0.702059
123.3	 1.12329	 0.261857	 -1.26016	 0.81366	 -3.50115	 -0.678168
123.32	 1.15094	 0.268247	 -1.22938	 0.831709	 -3.46467	 -0.653892
123.34	 1.17786	 0.274501	 -1.19857	 0.848955	 -3.42777	 -0.629264
123.36	 1.20405	 0.280603	 -1.16783	 0.865292	 -3.39053	 -0.604319
123.38	 1.2295	 0.286535	 -1.13722	 0.880617	 -3.35304	 -0.579089
123.4	 1.2542	 0.29228	 -1.10683	 0.894829	 -3.31538	 -0.55361
123.42	 1.27815	 0.29782	 -1.07676	 0.907829	 -3.27763	 -0.527915
123.44	 1.30133	 0.30314	 -1.04708	 0.91952	 -3.2399	 -0.50204
123.46	 1.32374	 0.308216	 -1.01788	 0.929807	 -3.20228	 -0.476008
123.48	 1.34536	 0.313029	 -0.989242	 0.9386	 -3.16485	 -0.449847
123.5	 1.3662	 0.317562	 -0.96126	 0.945811	 -3.12773	 -0.423587
123.52	 1.38624	 0.321797	 -0.934014	 0.951354	 -3.091	 -0.397261
123.54	 1.40547	 0.32572	 -0.907587	 0.955147	 -3.05475	 -0.370901
123.56	 1.4239	 0.329314	 -0.882061	 0.957109	 -3.01908	 -0.34454
123.58	 1.4415	 0.332565	 -0.857514	 0.957164	 -2.98408	 -0.318208
123.6	 1.45828	 0.335459	 -0.834026	 0.95524	 -2.94983	 -0.291934
123.62	 1.47423	 0.33798	 -0.811675	 0.951268	 -2.91644	 -0.265747
123.64	 1.48935	 0.340115	 -0.790537	 0.945186	 -2.88398	 -0.239674
123.66	 1.50363	 0.34185	 -0.770686	 0.936934	 -2.85254	 -0.213742
123.68	 1.51706	 0.343174	 -0.752195	 0.92646	 -2.82222	 -0.18798
123.7	 1.52965	 0.344074	 -0.735134	 0.913714	 -2.79308	 -0.162415
123.72	 1.54139	 0.34454	 -0.719569	 0.898652	 -2.76522	 -0.137071
123.74	 1.55227	 0.344563	 -0.705565	 0.881236	 -2.73871	 -0.111977
123.76	 1.5623	 0.344133	 -0.693183	 0.86143	 -2.71361	 -0.087155
123.78	 1.57146	 0.343242	 -0.68248	 0.839207	 -2.69	 -0.0626307
123.8	 1.57977	 0.341884	 -0.673512	 0.814541	 -2.66794	 -0.0384271
123.82	 1.58721	 0.340051	 -0.666329	 0.787415	 -2.6475	 -0.0145666
123.84	 1.5938	 0.337739	 -0.660979	 0.757817	 -2.62872	 0.00892913
123.86	 1.59952	 0.334944	 -0.657505	 0.725739	 -2.61166	 0.0320392
123.88	 1.60437	 0.331661	 -0.655946	 0.691181	 -2.59637	 0.0547439
123.9	 1.60837	 0.327888	 -0.65634	 0.654148	 -2.58288	 0.0770242
123.92	 1.6115	 0.323625	 -0.658717	 0.61465	 -2.57124	 0.0988622
123.94	 1.61377	 0.318869	 -0.663105	 0.572705	 -2.56148	 0.120241
123.96	 1.61519	 0.313622	 -0.669527	 0.528336	 -2.55361	 0.141144
123.98	 1.61575	 0.307885	 -0.678004	 0.481572	 -2.54767	 0.161558
124	 1.61546	 0.301661	 -0.688551	 0.432448	 -2.54368	 0.181467
124.02	 1.61432	 0.294956	 -0.70118	 0.381004	 -2.54164	 0.200852
124.04	 1.61233	 0.287784	 -0.715905	 0.327287	 -2.54157	 0.219685
124.06	 1.6095	 0.280158	 -0.732736	 0.271345	 -2.5435	 0.237938
124.08	 1.60583	 0.272094	 -0.75168	 0.213231	 -2.54744	 0.255586
124.1	 1.60133	 0.263609	 -0.772738	 0.153004	 -2.55339	 0.272603
124.12	 1.596	 0.254717	 -0.795908	 0.0907286	 -2.56135	 0.28897
124.14	 1.58984	 0.245436	 -0.821182	 0.0264739	 -2.57132	 0.304668
124.16	 1.58286	 0.23578	 -0.848547	 -0.0396839	 -2.58328	 0.319679
124.18	 1.57507	 0.225767	 -0.877986	 -0.107664	 -2.59722	 0.333989
124.2	 1.56648	 0.215416	 -0.909477	 -0.17738	 -2.6131	 0.347582
124.22	 1.55708	 0.204743	 -0.942993	 -0.248741	 -2.63091	 0.360442
124.24	 1.5469	 0.193771	 -0.978506	 -0.321656	 -2.6506	 0.372557
124.26	 1.53592	 0.182518	 -1.01598	 -0.396025	 -2.67214	 0.383914
124.28	 1.52418	 0.171007	 -1.05539	 -0.47175	 -2.69548	 0.394501
124.3	 1.51166	 0.159258	 -1.09667	 -0.548727	 -2.72059	 0.40431
124.32	 1.49838	 0.147295	 -1.1398	 -0.626849	 -2.7474	 0.413332
124.34	 1.48435	 0.135139	 -1.18473	 -0.706006	 -2.77586	 0.421559
124.36	 1.46957	 0.122813	 -1.23139	 -0.786086	 -2.8059	 0.428986
124.38	 1.45406	 0.110341	 -1.27974	 -0.866974	 -2.83747	 0.435607
124.4	 1.43783	 0.0977453	 -1.32972	 -0.948553	 -2.8705	 0.441419
124.42	 1.42088	 0.0850511	 -1.38126	 -1.0307	 -2.90489	 0.446419
124.44	 1.40323	 0.072282	 -1.4343	 -1.11331	 -2.94059	 0.450606
124.46	 1.38488	 0.0594624	 -1.48878	 -1.19624	 -2.9775	 0.453978
124.48	 1.36585	 0.0466166	 -1.54461	 -1.27938	 -3.01555	 0.456537
124.5	 1.34615	 0.0337692	 -1.60174	 -1.36261	 -3.05464	 0.458284
124.52	 1.32578	 0.0209448	 -1.66007	 -1.4458	 -3.09468	 0.459223
124.54	 1.30477	 0.00816775	 -1.71954	 -1.52882	 -3.13558	 0.459357
124.56	 1.28311	 -0.00453765	 -1.78007	 -1.61155	 -3.17724	 0.458692
124.58	 1.26083	 -0.0171474	 -1.84156	 -1.69388	 -3.21956	 0.457234
124.6	 1.23793	 -0.0296435	 -1.90395	 -1.77566	 -3.26246	 0.455002
124.62	 1.21444	 -0.0420116	 -1.96716	 -1.85679	 -3.30584	 0.452025
124.64	 1.19035	 -0.0542392	 -2.0311	 -1.93712	 -3.34962	 0.448331
124.66	 1.1657	 -0.0663151	 -2.09571	 -2.01653	 -3.39371	 0.443953
124.68	 1.1405	 -0.0782357	 -2.1609	 -2.09491	 -3.43803	 0.438939
124.7	 1.11476	 -0.0899982	 -2.2266	 -2.1721	 -3.48252	 0.433337
124.72	 1.08849	 -0.101597	 -2.29274	 -2.24801	 -3.52709	 0.427191
124.74	 1.06172	 -0.113021	 -2.35925	 -2.32249	 -3.57168	 0.420529
124.76	 1.03446	 -0.124254	 -2.42606	 -2.39543	 -3.61622	 0.413377
124.78	 1.00673	 -0.135281	 -2.49311	 -2.46672	 -3.66065	 0.405759
124.8	 0.97855	 -0.146085	 -2.5603	 -2.53624	 -3.70489	 0.3977
124.82	 0.949935	 -0.156655	 -2.62759	 -2.60392	 -3.74887	 0.389226
124.84	 0.920904	 -0.166994	 -2.69488	 -2.66974	 -3.79251	 0.380359
124.86	 0.891474	 -0.1771	 -2.76211	 -2.73364	 -3.83571	 0.371126
124.88	 0.861662	 -0.186977	 -2.82921	 -2.79557	 -3.87839	 0.361552
124.9	 0.831485	 -0.196627	 -2.89611	 -2.85547	 -3.92047	 0.351665
124.92	 0.800961	 -0.206052	 -2.96273	 -2.91331	 -3.96186	 0.341492
124.94	 0.770098	 -0.215256	 -3.02903	 -2.96904	 -4.00251	 0.331065
124.96	 0.738906	 -0.224243	 -3.09494	 -3.02262	 -4.04237	 0.320417
124.98	 0.707392	 -0.233016	 -3.1604	 -3.07402	 -4.0814	 0.309582
125	 0.675563	 -0.241578	 -3.22538	 -3.1232	 -4.11955	 0.298593
125.02	 0.643429	 -0.249933	 -3.28981	 -3.17014	 -4.15679	 0.287484
125.04	 0.610998	 -0.258085	 -3.35364	 -3.21479	 -4.19308	 0.276286
125.06	 0.578277	 -0.266036	 -3.41682	 -3.25713	 -4.22836	 0.265027
125.08	 0.545268	 -0.273783	 -3.47931	 -3.29713	 -4.26262	 0.253728
125.1	 0.511972	 -0.281326	 -3.54107	 -3.33475	 -4.29586	 0.24241
125.12	 0.478387	 -0.288662	 -3.60207	 -3.36997	 -4.32805	 0.231096
125.14	 0.44451	 -0.29579	 -3.66227	 -3.40275	 -4.35919	 0.21981
125.16	 0.410341	 -0.302708	 -3.72164	 -3.43307	 -4.38926	 0.208577
125.18	 0.37588	 -0.309415	 -3.78014	 -3.46089	 -4.41826	 0.197421
125.2	 0.341133	 -0.315909	 -3.83774	 -3.48618	 -4.44618	 0.186372
125.22	 0.306103	 -0.322192	 -3.89439	 -3.50894	 -4.47297	 0.175426
125.24	 0.27079	 -0.328261	 -3.95007	 -3.52916	 -4.49859	 0.164565
125.26	 0.235195	 -0.334114	 -4.00473	 -3.54683	 -4.52298	 0.15377
125.28	 0.199318	 -0.339749	 -4.05833	 -3.56192	 -4.5461	 0.143026
125.3	 0.163159	 -0.345165	 -4.11085	 -3.57442	 -4.5679	 0.132319
125.32	 0.126719	 -0.350364	 -4.16224	 -3.58433	 -4.58835	 0.121641
125.34	 0.0899986	 -0.355348	 -4.21247	 -3.59166	 -4.6074	 0.110991
125.36	 0.0530003	 -0.360117	 -4.26151	 -3.5964	 -4.62502	 0.100366
125.38	 0.0157268	 -0.364671	 -4.30934	 -3.59857	 -4.64119	 0.0897623
125.4	 -0.021819	 -0.369012	 -4.35592	 -3.59816	 -4.65588	 0.0791772
125.42	 -0.0596337	 -0.37314	 -4.40122	 -3.59518	 -4.66905	 0.0686054
125.44	 -0.0977139	 -0.377056	 -4.44521	 -3.58962	 -4.68067	 0.0580421
125.46	 -0.136056	 -0.38076	 -4.48787	 -3.5815	 -4.69071	 0.0474828
125.48	 -0.174655	 -0.384255	 -4.52916	 -3.57081	 -4.69913	 0.0369238
125.5	 -0.213507	 -0.387541	 -4.56906	 -3.55756	 -4.70591	 0.0263624
125.52	 -0.252608	 -0.390621	 -4.60755	 -3.54176	 -4.71101	 0.0157962
125.54	 -0.291951	 -0.393495	 -4.6446	 -3.52341	 -4.71441	 0.00522334
125.56	 -0.331532	 -0.396167	 -4.6802	 -3.50253	 -4.71607	 -0.00535759
125.58	 -0.371345	 -0.398637	 -4.7143	 -3.47912	 -4.71598	 -0.0159481
125.6	 -0.411382	 -0.400907	 -4.74691	 -3.45319	 -4.7141	 -0.0265492
125.62	 -0.451639	 -0.40298	 -4.778	 -3.42476	 -4.71042	 -0.037162
125.64	 -0.492106	 -0.404858	 -4.80754	 -3.39383	 -4.7049	 -0.0477869
125.66	 -0.532778	 -0.406542	 -4.83553	 -3.36043	 -4.69754	 -0.058424
125.68	 -0.573646	 -0.408035	 -4.86194	 -3.32457	 -4.68829	 -0.0690734
125.7	 -0.614701	 -0.409341	 -4.88677	 -3.28626	 -4.67716	 -0.0797347
125.72	 -0.655936	 -0.41046	 -4.90999	 -3.24553	 -4.6641	 -0.0904069
125.74	 -0.69734	 -0.411397	 -4.9316	 -3.20238	 -4.64911	 -0.101089
125.76	 -0.738903	 -0.412153	 -4.95158	 -3.15686	 -4.63217	 -0.11178
125.78	 -0.780617	 -0.412732	 -4.96993	 -3.10897	 -4.61325	 -0.122477
125.8	 -0.82247	 -0.413137	 -4.98663	 -3.05874	 -4.59235	 -0.13318
125.82	 -0.864451	 -0.413371	 -5.00168	 -3.0062	 -4.56945	 -0.143884
125.84	 -0.906549	 -0.413438	 -5.01507	 -2.95137	 -4.54454	 -0.154589
125.86	 -0.948751	 -0.41334	 -5.0268	 -2.89428	 -4.5176	 -0.165292
125.88	 -0.991045	 -0.413081	 -5.03686	 -2.83496	 -4.48861	 -0.175988
125.9	 -1.03342	 -0.412665	 -5.04525	 -2.77344	 -4.45758	 -0.186675
125.92	 -1.07586	 -0.412095	 -5.05197	 -2.70976	 -4.42449	 -0.197349
125.94	 -1.11835	 -0.411376	 -5.05702	 -2.64394	 -4.38933	 -0.208007
125.96	 -1.16088	 -0.410511	 -5.06041	 -2.57603	 -4.3521	 -0.218644
125.98	 -1.20343	 -0.409505	 -5.06212	 -2.50606	 -4.31279	 -0.229257
126	 -1.24598	 -0.408361	 -5.06218	 -2.43408	 -4.27138	 -0.239841
126.02	 -1.28853	 -0.407084	 -5.06058	 -2.36012	 -4.22789	 -0.250391
126.04	 -1.33105	 -0.405682	 -5.05732	 -2.28425	 -4.18231	 -0.260902
126.06	 -1.37353	 -0.404156	 -5.05243	 -2.2065	 -4.13464	 -0.271367
126.08	 -1.41594	 -0.402512	 -5.04591	 -2.12691	 -4.08487	 -0.281784
126.1	 -1.45828	 -0.400753	 -5.03776	 -2.04553	 -4.03302	 -0.292148
126.12	 -1.50052	 -0.398885	 -5.028	 -1.96243	 -3.97907	 -0.302455
126.14	 -1.54264	 -0.396913	 -5.01665	 -1.87765	 -3.92305	 -0.312703
126.16	 -1.58463	 -0.394841	 -5.00372	 -1.79124	 -3.86494	 -0.322884
126.18	 -1.62646	 -0.392676	 -4.98922	 -1.70327	 -3.80477	 -0.332994
126.2	 -1.66811	 -0.390421	 -4.97317	 -1.6138	 -3.74254	 -0.343029
126.22	 -1.70957	 -0.388083	 -4.95559	 -1.52288	 -3.67826	 -0.352985
126.24	 -1.75081	 -0.385666	 -4.93651	 -1.43059	 -3.61195	 -0.362857
126.26	 -1.79181	 -0.383176	 -4.91593	 -1.33699	 -3.54361	 -0.372641
126.28	 -1.83254	 -0.380618	 -4.89388	 -1.24214	 -3.47327	 -0.382333
126.3	 -1.87299	 -0.377997	 -4.87039	 -1.14612	 -3.40094	 -0.39193
126.32	 -1.91314	 -0.375319	 -4.84548	 -1.049	 -3.32665	 -0.401428
126.34	 -1.95295	 -0.37259	 -4.81918	 -0.950853	 -3.25041	 -0.410824
126.36	 -1.99241	 -0.369814	 -4.79151	 -0.851757	 -3.17226	 -0.420116
126.38	 -2.03149	 -0.366997	 -4.7625	 -0.751789	 -3.09222	 -0.4293
126.4	 -2.07017	 -0.364145	 -4.73218	 -0.651027	 -3.01032	 -0.438375
126.42	 -2.10843	 -0.361262	 -4.70058	 -0.549554	 -2.92659	 -0.447338
126.44	 -2.14623	 -0.358354	 -4.66773	 -0.44745	 -2.84107	 -0.456187
126.46	 -2.18356	 -0.355427	 -4.63367	 -0.344812	 -2.75379	 -0.464924
126.48	 -2.2204	 -0.352484	 -4.59842	 -0.241708	 -2.6648	 -0.473544
126.5	 -2.2567	 -0.349532	 -4.56203	 -0.13823	 -2.57414	 -0.48205
126.52	 -2.29246	 -0.346574	 -4.52453	 -0.0344585	 -2.48186	 -0.490439
126.54	 -2.32764	 -0.343614	 -4.48594	 0.0695224	 -2.388	 -0.498712
126.56	 -2.36223	 -0.340657	 -4.44632	 0.173633	 -2.29261	 -0.506868
126.58	 -2.39619	 -0.337706	 -4.4057	 0.277794	 -2.19575	 -0.514907
126.6	 -2.4295	 -0.334763	 -4.36412	 0.381926	 -2.09747	 -0.522828
126.62	 -2.46213	 -0.331832	 -4.32162	 0.485949	 -1.99783	 -0.530631
126.64	 -2.49407	 -0.328916	 -4.27824	 0.589785	 -1.8969	 -0.538318
126.66	 -2.52528	 -0.326015	 -4.23402	 0.693356	 -1.79473	 -0.545894
126.68	 -2.55575	 -0.323132	 -4.189	 0.796586	 -1.6914	 -0.55336
126.7	 -2.58544	 -0.320269	 -4.14323	 0.899398	 -1.58696	 -0.560723
126.72	 -2.61434	 -0.317426	 -4.09675	 1.00172	 -1.4815	 -0.567989
126.74	 -2.64241	 -0.314603	 -4.04961	 1.10346	 -1.37509	 -0.575163
126.76	 -2.66964	 -0.311802	 -4.00185	 1.20456	 -1.2678	 -0.582252
126.78	 -2.69601	 -0.309022	 -3.95351	 1.30492	 -1.1597	 -0.589266
126.8	 -2.72148	 -0.306263	 -3.90465	 1.40448	 -1.05087	 -0.596213
126.82	 -2.74604	 -0.303525	 -3.8553	 1.50316	 -0.941387	 -0.603103
126.84	 -2.76967	 -0.300806	 -3.80552	 1.60087	 -0.831333	 -0.609948
126.86	 -2.79235	 -0.298105	 -3.75535	 1.69753	 -0.720785	 -0.616759
126.88	 -2.81405	 -0.29542	 -3.70483	 1.79309	 -0.609828	 -0.623548
126.9	 -2.83475	 -0.292748	 -3.65403	 1.88745	 -0.498543	 -0.630328
126.92	 -2.85444	 -0.290087	 -3.60298	 1.98055	 -0.387017	 -0.637113
126.94	 -2.87309	 -0.287433	 -3.55173	 2.07232	 -0.275335	 -0.643919
126.96	 -2.89069	 -0.284783	 -3.50033	 2.16268	 -0.163585	 -0.650761
126.98	 -2.90722	 -0.282132	 -3.44883	 2.25156	 -0.0518527	 -0.657656
127	 -2.92266	 -0.279477	 -3.39728	 2.33889	 0.0597724	 -0.664622
127.02	 -2.937	 -0.276813	 -3.34572	 2.42461	 0.171203	 -0.671676
127.04	 -2.95022	 -0.274135	 -3.2942	 2.50864	 0.28235	 -0.678838
127.06	 -2.9623	 -0.271437	 -3.24277	 2.59092	 0.393127	 -0.686127
127.08	 -2.97323	 -0.268714	 -3.19147	 2.67138	 0.503443	 -0.693562
127.1	 -2.983	 -0.26596	 -3.14036	 2.74996	 0.613211	 -0.701164
127.12	 -2.99159	 -0.263168	 -3.08948	 2.82661	 0.722343	 -0.708952
127.14	 -2.999	 -0.260333	 -3.03886	 2.90125	 0.830751	 -0.716948
127.16	 -3.0052	 -0.257447	 -2.98857	 2.97384	 0.938346	 -0.725173
127.18	 -3.0102	 -0.254503	 -2.93864	 3.04431	 1.04504	 -0.733648
127.2	 -3.01398	 -0.251495	 -2.88911	 3.11262	 1.15076	 -0.742395
127.22	 -3.01652	 -0.248416	 -2.84003	 3.17872	 1.2554	 -0.751434
127.24	 -3.01784	 -0.245258	 -2.79144	 3.24254	 1.3589	 -0.760787
127.26	 -3.0179	 -0.242014	 -2.74337	 3.30405	 1.46116	 -0.770475
127.28	 -3.01672	 -0.238677	 -2.69587	 3.36319	 1.56212	 -0.78052
127.3	 -3.01429	 -0.23524	 -2.64898	 3.41993	 1.66168	 -0.79094
127.32	 -3.01059	 -0.231696	 -2.60272	 3.47423	 1.75978	 -0.801756
127.34	 -3.00564	 -0.228038	 -2.55714	 3.52604	 1.85634	 -0.812988
127.36	 -2.99941	 -0.224259	 -2.51226	 3.57533	 1.9513	 -0.824654
127.38	 -2.99192	 -0.220352	 -2.46812	 3.62207	 2.04457	 -0.836772
127.4	 -2.98316	 -0.216312	 -2.42476	 3.66623	 2.1361	 -0.849358
127.42	 -2.97313	 -0.212132	 -2.38218	 3.70778	 2.22583	 -0.862428
127.44	 -2.96183	 -0.207807	 -2.34044	 3.74668	 2.31368	 -0.875998
127.46	 -2.94926	 -0.203332	 -2.29954	 3.78293	 2.39961	 -0.890082
127.48	 -2.93543	 -0.198701	 -2.25951	 3.8165	 2.48356	 -0.904692
127.5	 -2.92033	 -0.19391	 -2.22037	 3.84737	 2.56548	 -0.919839
127.52	 -2.90398	 -0.188956	 -2.18214	 3.87554	 2.64531	 -0.935534
127.54	 -2.88637	 -0.183833	 -2.14484	 3.90097	 2.72303	 -0.951785
127.56	 -2.86751	 -0.178541	 -2.10848	 3.92368	 2.79857	 -0.968601
127.58	 -2.8474	 -0.173074	 -2.07308	 3.94365	 2.87192	 -0.985986
127.6	 -2.82606	 -0.167433	 -2.03865	 3.96087	 2.94302	 -1.00394
127.62	 -2.80349	 -0.161615	 -2.0052	 3.97534	 3.01184	 -1.02248
127.64	 -2.7797	 -0.155621	 -1.97274	 3.98707	 3.07836	 -1.0416
127.66	 -2.75469	 -0.149448	 -1.94127	 3.99605	 3.14255	 -1.06129
127.68	 -2.72848	 -0.143096	 -1.9108	 4.00229	 3.20439	 -1.08157
127.7	 -2.70107	 -0.136565	 -1.88133	 4.0058	 3.26384	 -1.10242
127.72	 -2.67249	 -0.129853	 -1.85287	 4.00659	 3.3209	 -1.12386
127.74	 -2.64273	 -0.122962	 -1.82541	 4.00467	 3.37554	 -1.14587
127.76	 -2.61181	 -0.115893	 -1.79897	 4.00006	 3.42776	 -1.16845
127.78	 -2.57974	 -0.108648	 -1.77352	 3.99278	 3.47754	 -1.19158
127.8	 -2.54655	 -0.10123	 -1.74907	 3.98284	 3.52488	 -1.21527
127.82	 -2.51223	 -0.093643	 -1.7256	 3.97028	 3.56979	 -1.2395
127.84	 -2.47681	 -0.0858901	 -1.70312	 3.95512	 3.61224	 -1.26426
127.86	 -2.44031	 -0.0779765	 -1.68161	 3.93738	 3.65227	 -1.28953
127.88	 -2.40273	 -0.0699073	 -1.66106	 3.91711	 3.68986	 -1.31529
127.9	 -2.3641	 -0.0616885	 -1.64145	 3.89434	 3.72503	 -1.34154
127.92	 -2.32443	 -0.0533265	 -1.62277	 3.86909	 3.7578	 -1.36824
127.94	 -2.28375	 -0.0448285	 -1.605	 3.84142	 3.78817	 -1.39539
127.96	 -2.24206	 -0.036202	 -1.58813	 3.81135	 3.81618	 -1.42295
127.98	 -2.1994	 -0.0274555	 -1.57213	 3.77894	 3.84183	 -1.4509
128	 -2.15578	 -0.0185977	 -1.55698	 3.74422	 3.86515	 -1.47923
128.02	 -2.11122	 -0.00963802	 -1.54266	 3.70725	 3.88618	 -1.5079
128.04	 -2.06574	 -0.000586274	 -1.52914	 3.66807	 3.90494	 -1.53688
128.06	 -2.01936	 0.00854714	 -1.51641	 3.62672	 3.92147	 -1.56616
128.08	 -1.97211	 0.0177513	 -1.50443	 3.58327	 3.93579	 -1.59569
128.1	 -1.924	 0.0270149	 -1.49317	 3.53776	 3.94796	 -1.62545
128.12	 -1.87507	 0.0363259	 -1.4826	 3.49025	 3.958	 -1.65541
128.14	 -1.82533	 0.0456724	 -1.4727	 3.44078	 3.96597	 -1.68553
128.16	 -1.77481	 0.0550417	 -1.46343	 3.38942	 3.97189	 -1.71579
128.18	 -1.72353	 0.0644208	 -1.45476	 3.33623	 3.97584	 -1.74615
128.2	 -1.67152	 0.0737968	 -1.44665	 3.28125	 3.97784	 -1.77657
128.22	 -1.6188	 0.0831559	 -1.43908	 3.22456	 3.97795	 -1.80702
128.24	 -1.56539	 0.0924847	 -1.432	 3.1662	 3.97623	 -1.83746
128.26	 -1.51133	 0.101769	 -1.42537	 3.10624	 3.97273	 -1.86787
128.28	 -1.45663	 0.110996	 -1.41917	 3.04475	 3.96751	 -1.89819
128.3	 -1.40133	 0.120152	 -1.41335	 2.98179	 3.96062	 -1.92841
128.32	 -1.34544	 0.129222	 -1.40787	 2.91742	 3.95212	 -1.95847
128.34	 -1.289	 0.138191	 -1.40269	 2.85169	 3.94208	 -1.98834
128.36	 -1.23204	 0.147048	 -1.39778	 2.78468	 3.93055	 -2.01799
128.38	 -1.17457	 0.155777	 -1.39308	 2.71644	 3.9176	 -2.04739
128.4	 -1.11663	 0.164365	 -1.38857	 2.64704	 3.90329	 -2.0765
128.42	 -1.05824	 0.1728	 -1.3842	 2.57653	 3.88769	 -2.10529
128.44	 -0.999424	 0.181067	 -1.37993	 2.50498	 3.87087	 -2.13372
128.46	 -0.940218	 0.189157	 -1.37571	 2.43249	 3.85289	 -2.16175
128.48	 -0.880646	 0.197058	 -1.37151	 2.35914	 3.83384	 -2.18933
128.5	 -0.820736	 0.204756	 -1.36727	 2.28499	 3.81378	 -2.21642
128.52	 -0.760515	 0.212242	 -1.36296	 2.21013	 3.79279	 -2.24298
128.54	 -0.700011	 0.219506	 -1.35853	 2.13464	 3.77095	 -2.26895
128.56	 -0.639251	 0.226538	 -1.35394	 2.05858	 3.74833	 -2.29431
128.58	 -0.578258	 0.23333	 -1.34916	 1.98203	 3.725	 -2.31902
128.6	 -0.517042	 0.239877	 -1.34415	 1.90501	 3.70102	 -2.34307
128.62	 -0.455611	 0.246174	 -1.33888	 1.82755	 3.67646	 -2.36645
128.64	 -0.393973	 0.25222	 -1.33334	 1.74971	 3.65137	 -2.38913
128.66	 -0.332135	 0.258014	 -1.32748	 1.67153	 3.62583	 -2.41111
128.68	 -0.270108	 0.263552	 -1.3213	 1.59303	 3.59988	 -2.43237
128.7	 -0.207907	 0.268832	 -1.31476	 1.51426	 3.5736	 -2.45289
128.72	 -0.145548	 0.273854	 -1.30785	 1.43526	 3.54702	 -2.47265
128.74	 -0.0830464	 0.278617	 -1.30054	 1.35606	 3.5202	 -2.49165
128.76	 -0.0204123	 0.283121	 -1.29283	 1.27675	 3.49317	 -2.50984
128.78	 0.0423503	 0.287366	 -1.2847	 1.19742	 3.46596	 -2.52721
128.8	 0.105239	 0.291352	 -1.27615	 1.11818	 3.4386	 -2.54371
128.82	 0.168253	 0.295079	 -1.26717	 1.0391	 3.41111	 -2.5593
128.84	 0.231387	 0.298548	 -1.25776	 0.960285	 3.38353	 -2.57395
128.86	 0.294633	 0.301762	 -1.24793	 0.881821	 3.35587	 -2.58763
128.88	 0.357979	 0.304725	 -1.23768	 0.803805	 3.32816	 -2.60031
128.9	 0.421412	 0.307442	 -1.22702	 0.726333	 3.30039	 -2.61197
128.92	 0.484915	 0.309918	 -1.21597	 0.649498	 3.27256	 -2.62257
128.94	 0.548471	 0.312159	 -1.20455	 0.573396	 3.24463	 -2.6321
128.96	 0.61206	 0.314171	 -1.19278	 0.498121	 3.2166	 -2.64051
128.98	 0.675664	 0.315962	 -1.18067	 0.423766	 3.18842	 -2.6478
129	 0.739262	 0.317538	 -1.16826	 0.350425	 3.16008	 -2.65393
129.02	 0.802835	 0.318908	 -1.15557	 0.27819	 3.13156	 -2.65888
129.04	 0.866363	 0.320077	 -1.14262	 0.207153	 3.10282	 -2.66263
129.06	 0.929823	 0.321052	 -1.12944	 0.137406	 3.07383	 -2.66515
129.08	 0.993195	 0.321841	 -1.11606	 0.0690389	 3.04458	 -2.66641
129.1	 1.05645	 0.322449	 -1.10249	 0.00214067	 3.01503	 -2.6664
129.12	 1.11958	 0.322883	 -1.08877	 -0.0632016	 2.98513	 -2.66509
129.14	 1.18255	 0.323149	 -1.07493	 -0.126903	 2.95486	 -2.66246
129.16	 1.24534	 0.323254	 -1.061	 -0.18888	 2.92417	 -2.65849
129.18	 1.30792	 0.323206	 -1.04701	 -0.249052	 2.89303	 -2.65315
129.2	 1.37028	 0.323012	 -1.03298	 -0.307341	 2.86139	 -2.64643
129.22	 1.43239	 0.322679	 -1.01895	 -0.363673	 2.82921	 -2.63832
129.24	 1.49424	 0.322213	 -1.00496	 -0.417974	 2.79645	 -2.62879
129.26	 1.55579	 0.321623	 -0.99102	 -0.470173	 2.76307	 -2.61783
129.28	 1.61704	 0.320915	 -0.977173	 -0.520204	 2.72903	 -2.60543
129.3	 1.67795	 0.320098	 -0.963445	 -0.568003	 2.6943	 -2.59157
129.32	 1.73851	 0.319179	 -0.949862	 -0.613509	 2.65884	 -2.57626
129.34	 1.7987	 0.318166	 -0.936452	 -0.656664	 2.62261	 -2.55947
129.36	 1.8585	 0.317067	 -0.923242	 -0.697414	 2.58558	 -2.5412
129.38	 1.91788	 0.31589	 -0.910258	 -0.73571	 2.54771	 -2.52144
129.4	 1.97683	 0.314642	 -0.897527	 -0.771505	 2.50896	 -2.5002
129.42	 2.03533	 0.313332	 -0.885072	 -0.804757	 2.46931	 -2.47746
129.44	 2.09337	 0.311969	 -0.872916	 -0.835428	 2.42871	 -2.45324
129.46	 2.15091	 0.310559	 -0.861082	 -0.863485	 2.38716	 -2.42752
129.48	 2.20795	 0.309113	 -0.84959	 -0.888899	 2.34461	 -2.40032
129.5	 2.26446	 0.307639	 -0.83846	 -0.911645	 2.30104	 -2.37163
129.52	 2.32042	 0.306144	 -0.827709	 -0.931704	 2.25643	 -2.34147
129.54	 2.37583	 0.304638	 -0.817355	 -0.949061	 2.21076	 -2.30985
129.56	 2.43066	 0.303127	 -0.807413	 -0.963707	 2.164	 -2.27677
129.58	 2.48489	 0.30162	 -0.797898	 -0.975635	 2.11615	 -2.24225
129.6	 2.53852	 0.300124	 -0.788825	 -0.984847	 2.06718	 -2.2063
129.62	 2.59151	 0.298646	 -0.780205	 -0.991348	 2.01708	 -2.16894
129.64	 2.64385	 0.297194	 -0.772052	 -0.995149	 1.96583	 -2.13018
129.66	 2.69554	 0.295775	 -0.764373	 -0.996266	 1.91342	 -2.09005
129.68	 2.74654	 0.294394	 -0.757179	 -0.99472	 1.85985	 -2.04855
129.7	 2.79685	 0.293058	 -0.750476	 -0.990543	 1.8051	 -2.00573
129.72	 2.84645	 0.291774	 -0.744269	 -0.983769	 1.7492	 -1.96161
129.74	 2.89532	 0.290547	 -0.738563	 -0.974434	 1.69212	 -1.91621
129.76	 2.94345	 0.289381	 -0.733363	 -0.962585	 1.63388	 -1.86957
129.78	 2.99081	 0.288281	 -0.728669	 -0.948274	 1.57447	 -1.82171
129.8	 3.03741	 0.287249	 -0.724483	 -0.931564	 1.51391	 -1.77267
129.82	 3.08321	 0.28629	 -0.720806	 -0.912518	 1.45219	 -1.72248
129.84	 3.1282	 0.285405	 -0.717636	 -0.891211	 1.38934	 -1.67118
129.86	 3.17238	 0.284597	 -0.714969	 -0.867721	 1.32537	 -1.61881
129.88	 3.21571	 0.283866	 -0.712802	 -0.842136	 1.26029	 -1.56541
129.9	 3.2582	 0.283213	 -0.71113	 -0.814548	 1.19414	 -1.51104
129.92	 3.29982	 0.282637	 -0.709947	 -0.785058	 1.12693	 -1.45573
129.94	 3.34055	 0.282136	 -0.709243	 -0.753776	 1.0587	 -1.39954
129.96	 3.38038	 0.28171	 -0.709012	 -0.720815	 0.989471	 -1.34253
129.98	 3.4193	 0.281354	 -0.709242	 -0.686297	 0.919288	 -1.28474
130	 3.45729	 0.281062	 -0.709925	 -0.650347	 0.848185	 -1.22624
130.02	 3.49434	 0.280821	 -0.711054	 -0.613096	 0.776195	 -1.16706
130.04	 3.53042	 0.280619	 -0.712623	 -0.574681	 0.703353	 -1.10727
130.06	 3.56554	 0.280443	 -0.714622	 -0.535243	 0.629697	 -1.04691
130.08	 3.59967	 0.280277	 -0.717043	 -0.494925	 0.555271	 -0.986042
130.1	 3.6328	 0.280108	 -0.719874	 -0.453877	 0.480122	 -0.924726
130.12	 3.66492	 0.27992	 -0.723104	 -0.412251	 0.404303	 -0.863022
130.14	 3.69601	 0.279701	 -0.726717	 -0.370204	 0.327871	 -0.800995
130.16	 3.72605	 0.279433	 -0.730698	 -0.327897	 0.250888	 -0.738711
130.18	 3.75504	 0.2791	 -0.73503	 -0.28549	 0.173419	 -0.676233
130.2	 3.78296	 0.278686	 -0.739694	 -0.243145	 0.0955315	 -0.613628
130.22	 3.8098	 0.278173	 -0.744673	 -0.201023	 0.0172957	 -0.550961
130.24	 3.83554	 0.277543	 -0.749947	 -0.159286	 -0.0612156	 -0.488299
130.26	 3.86018	 0.276778	 -0.755495	 -0.118092	 -0.139927	 -0.425707
130.28	 3.88368	 0.275858	 -0.761299	 -0.0776004	 -0.218761	 -0.36325
130.3	 3.90606	 0.274766	 -0.767334	 -0.0379665	 -0.297636	 -0.300994
130.32	 3.92728	 0.273482	 -0.77358	 0.000655455	 -0.376471	 -0.239003
130.34	 3.94734	 0.271988	 -0.780014	 0.0381139	 -0.455179	 -0.177341
130.36	 3.96623	 0.270265	 -0.786609	 0.0742598	 -0.533674	 -0.116072
130.38	 3.98393	 0.268294	 -0.793343	 0.108947	 -0.611867	 -0.0552589
130.4	 4.00043	 0.266058	 -0.800189	 0.142033	 -0.689668	 0.00503716
130.42	 4.01572	 0.263538	 -0.807121	 0.173378	 -0.766986	 0.0647547
130.44	 4.02979	 0.260715	 -0.814112	 0.202848	 -0.843727	 0.123833
130.46	 4.04262	 0.257573	 -0.821134	 0.23031	 -0.919798	 0.182214
130.48	 4.05421	 0.254095	 -0.828161	 0.255638	 -0.995107	 0.239837
130.5	 4.06453	 0.250263	 -0.835163	 0.278708	 -1.06956	 0.296647
130.52	 4.07359	 0.246061	 -0.842112	 0.299402	 -1.14306	 0.352586
130.54	 4.08136	 0.241474	 -0.848979	 0.317608	 -1.21551	 0.407601
130.56	 4.08785	 0.236488	 -0.855734	 0.33322	 -1.28681	 0.461636
130.58	 4.09303	 0.231091	 -0.862348	 0.346139	 -1.35689	 0.51464
130.6	 4.0969	 0.225274	 -0.868795	 0.356273	 -1.42564	 0.566549
130.62	 4.09945	 0.219033	 -0.87505	 0.363533	 -1.493	 0.617303
130.64	 4.10067	 0.212365	 -0.881087	 0.367834	 -1.55887	 0.666841
130.66	 4.10055	 0.205266	 -0.886882	 0.369101	 -1.62319	 0.715105
130.68	 4.09909	 0.197734	 -0.892408	 0.367266	 -1.68586	 0.762041
130.7	 4.09627	 0.189767	 -0.897641	 0.362269	 -1.74682	 0.807597
130.72	 4.09209	 0.181365	 -0.902552	 0.35406	 -1.80599	 0.851726
130.74	 4.08654	 0.172527	 -0.907114	 0.342598	 -1.86328	 0.894379
130.76	 4.07962	 0.163255	 -0.911298	 0.327851	 -1.91863	 0.935511
130.78	 4.07131	 0.153551	 -0.915078	 0.3098	 -1.97195	 0.97508
130.8	 4.06161	 0.14342	 -0.918425	 0.288435	 -2.02318	 1.01305
130.82	 4.05051	 0.132867	 -0.921311	 0.263755	 -2.07224	 1.04937
130.84	 4.03801	 0.121901	 -0.923711	 0.235769	 -2.11908	 1.08401
130.86	 4.02411	 0.110528	 -0.925598	 0.204495	 -2.16362	 1.11695
130.88	 4.00879	 0.0987586	 -0.926947	 0.16996	 -2.2058	 1.14814
130.9	 3.99207	 0.0866034	 -0.927731	 0.132201	 -2.24558	 1.17757
130.92	 3.97393	 0.0740735	 -0.927926	 0.0912638	 -2.28289	 1.20521
130.94	 3.95438	 0.0611812	 -0.927507	 0.0472027	 -2.31769	 1.23104
130.96	 3.93342	 0.0479399	 -0.92645	 8.14228e-05	 -2.34992	 1.25505
130.98	 3.91104	 0.0343644	 -0.92473	 -0.0500277	 -2.37955	 1.27721
131	 3.88725	 0.0204701	 -0.922324	 -0.103043	 -2.40652	 1.29751
131.02	 3.86205	 0.00627397	 -0.919209	 -0.158874	 -2.4308	 1.31596
131.04	 3.83544	 -0.00820617	 -0.915362	 -0.217423	 -2.45236	 1.33253
131.06	 3.80743	 -0.0229515	 -0.910761	 -0.278581	 -2.47117	 1.34722
131.08	 3.77802	 -0.0379424	 -0.905385	 -0.342234	 -2.48718	 1.36004
131.1	 3.74722	 -0.0531583	 -0.899214	 -0.408259	 -2.50039	 1.37099
131.12	 3.71503	 -0.0685781	 -0.892229	 -0.476524	 -2.51077	 1.38007
131.14	 3.68146	 -0.0841799	 -0.88441	 -0.546892	 -2.5183	 1.38729
131.16	 3.64652	 -0.0999412	 -0.87574	 -0.619219	 -2.52297	 1.39267
131.18	 3.61021	 -0.115839	 -0.866202	 -0.693353	 -2.52477	 1.39621
131.2	 3.57255	 -0.13185	 -0.85578	 -0.769136	 -2.52369	 1.39793
131.22	 3.53355	 -0.14795	 -0.844459	 -0.846403	 -2.51974	 1.39786
131.24	 3.49322	 -0.164114	 -0.832226	 -0.924984	 -2.51291	 1.39602
131.26	 3.45157	 -0.180318	 -0.819066	 -1.0047	 -2.50321	 1.39243
131.28	 3.40861	 -0.196536	 -0.804969	 -1.08538	 -2.49066	 1.38712
131.3	 3.36436	 -0.212742	 -0.789924	 -1.16683	 -2.47526	 1.38014
131.32	 3.31883	 -0.228912	 -0.773921	 -1.24885	 -2.45702	 1.3715
131.34	 3.27205	 -0.245018	 -0.756952	 -1.33127	 -2.43598	 1.36125
131.36	 3.22401	 -0.261036	 -0.73901	 -1.41387	 -2.41216	 1.34942
131.38	 3.17475	 -0.276939	 -0.720092	 -1.49646	 -2.38558	 1.33607
131.4	 3.12427	 -0.292701	 -0.700193	 -1.57884	 -2.35629	 1.32123
131.42	 3.07261	 -0.308298	 -0.67931	 -1.6608	 -2.32431	 1.30496
131.44	 3.01976	 -0.323705	 -0.657442	 -1.74212	 -2.28969	 1.2873
131.46	 2.96577	 -0.338896	 -0.634588	 -1.82261	 -2.25246	 1.26831
131.48	 2.91063	 -0.353847	 -0.610752	 -1.90204	 -2.21269	 1.24804
131.5	 2.85439	 -0.368534	 -0.585936	 -1.98021	 -2.17041	 1.22656
131.52	 2.79704	 -0.382932	 -0.560146	 -2.05692	 -2.12568	 1.20391
131.54	 2.73863	 -0.397019	 -0.533388	 -2.13194	 -2.07857	 1.18017
131.56	 2.67917	 -0.410772	 -0.505671	 -2.20506	 -2.02913	 1.15539
131.58	 2.61867	 -0.424169	 -0.477005	 -2.27609	 -1.97743	 1.12964
131.6	 2.55718	 -0.437189	 -0.447401	 -2.34481	 -1.92353	 1.10299
131.62	 2.4947	 -0.449811	 -0.416873	 -2.41102	 -1.86751	 1.0755
131.64	 2.43126	 -0.462013	 -0.385437	 -2.47451	 -1.80944	 1.04724
131.66	 2.36689	 -0.473777	 -0.353109	 -2.53509	 -1.74941	 1.01828
131.68	 2.3016	 -0.485081	 -0.319909	 -2.59255	 -1.68748	 0.98869
131.7	 2.23543	 -0.495907	 -0.285858	 -2.6467	 -1.62374	 0.958533
131.72	 2.1684	 -0.506237	 -0.25098	 -2.69737	 -1.55829	 0.927881
131.74	 2.10053	 -0.516053	 -0.2153	 -2.74435	 -1.4912	 0.896803
131.76	 2.03184	 -0.525336	 -0.178845	 -2.78748	 -1.42258	 0.865366
131.78	 1.96238	 -0.534071	 -0.141644	 -2.82657	 -1.35252	 0.833638
131.8	 1.89215	 -0.542238	 -0.103728	 -2.86146	 -1.2811	 0.801685
131.82	 1.82118	 -0.549823	 -0.0651313	 -2.89199	 -1.20844	 0.769571
131.84	 1.74951	 -0.556809	 -0.0258886	 -2.91798	 -1.13463	 0.73736
131.86	 1.67715	 -0.563179	 0.0139628	 -2.93929	 -1.05976	 0.705113
131.88	 1.60414	 -0.568918	 0.0543831	 -2.95575	 -0.983948	 0.672891
131.9	 1.5305	 -0.574011	 0.0953309	 -2.96723	 -0.907289	 0.640754
131.92	 1.45627	 -0.578444	 0.136762	 -2.97361	 -0.829883	 0.608757
131.94	 1.38146	 -0.582203	 0.178632	 -2.97475	 -0.751839	 0.576959
131.96	 1.30612	 -0.585275	 0.220892	 -2.97052	 -0.673254	 0.545414
131.98	 1.23028	 -0.587648	 0.263494	 -2.96084	 -0.59423	 0.514175
132	 1.15396	 -0.589312	 0.306384	 -2.94561	 -0.514866	 0.483294
132.02	 1.07721	 -0.590257	 0.349511	 -2.92473	 -0.435262	 0.452821
132.04	 1.00006	 -0.590473	 0.392818	 -2.89815	 -0.355519	 0.422804
132.06	 0.922559	 -0.589953	 0.436246	 -2.86579	 -0.27574	 0.393287
132.08	 0.844745	 -0.588688	 0.479734	 -2.82762	 -0.196034	 0.364314
132.1	 0.766664	 -0.586674	 0.523221	 -2.7836	 -0.116509	 0.335924
132.12	 0.688366	 -0.583905	 0.566642	 -2.73372	 -0.0372786	 0.308152
132.14	 0.609901	 -0.580378	 0.609929	 -2.67798	 0.0415398	 0.28103
132.16	 0.531321	 -0.576089	 0.653016	 -2.61641	 0.119826	 0.254585
132.18	 0.452681	 -0.571036	 0.695833	 -2.54902	 0.197459	 0.228841
132.2	 0.374036	 -0.565219	 0.73831	 -2.47588	 0.274312	 0.203816
132.22	 0.295444	 -0.558637	 0.780375	 -2.39704	 0.350258	 0.179525
132.24	 0.216962	 -0.551291	 0.821955	 -2.31258	 0.425171	 0.155978
132.26	 0.13865	 -0.543184	 0.86298	 -2.22259	 0.498921	 0.133181
132.28	 0.0605653	 -0.534319	 0.903376	 -2.12718	 0.571381	 0.111139
132.3	 -0.0172322	 -0.524702	 0.943072	 -2.02647	 0.642423	 0.0898522
132.32	 -0.0946847	 -0.514339	 0.981996	 -1.9206	 0.711923	 0.0693173
132.34	 -0.171734	 -0.503239	 1.02008	 -1.80972	 0.779758	 0.0495286
132.36	 -0.248323	 -0.491411	 1.05725	 -1.69399	 0.845809	 0.030477
132.38	 -0.324393	 -0.478866	 1.09344	 -1.57359	 0.90996	 0.0121493
132.4	 -0.399889	 -0.465616	 1.12859	 -1.44871	 0.972098	 -0.00547119
132.42	 -0.474755	 -0.451673	 1.16262	 -1.31956	 1.03211	 -0.0224054
132.44	 -0.548935	 -0.437053	 1.19548	 -1.18636	 1.0899	 -0.0386778
132.46	 -0.622376	 -0.421772	 1.22709	 -1.04933	 1.14536	 -0.0543161
132.48	 -0.695025	 -0.405845	 1.25741	 -0.908712	 1.19841	 -0.0693508
132.5	 -0.76683	 -0.389292	 1.28638	 -0.764768	 1.24896	 -0.083815
132.52	 -0.837743	 -0.372133	 1.31393	 -0.617761	 1.29693	 -0.0977439
132.54	 -0.907713	 -0.35439	 1.34002	 -0.467976	 1.34225	 -0.111175
132.56	 -0.976693	 -0.336086	 1.3646	 -0.315707	 1.38486	 -0.124146
132.58	 -1.04463	 -0.317245	 1.38761	 -0.161258	 1.42469	 -0.1367
132.6	 -1.11149	 -0.297893	 1.40902	 -0.00494257	 1.46167	 -0.148878
132.62	 -1.17722	 -0.278057	 1.42877	 0.152923	 1.49576	 -0.160726
132.64	 -1.24176	 -0.257763	 1.44683	 0.312016	 1.5269	 -0.172288
132.66	 -1.30509	 -0.237041	 1.46315	 0.472011	 1.55503	 -0.183613
132.68	 -1.36715	 -0.215919	 1.47771	 0.632577	 1.5801	 -0.19475
132.7	 -1.4279	 -0.194427	 1.49047	 0.793374	 1.60207	 -0.205747
132.72	 -1.4873	 -0.172596	 1.5014	 0.954062	 1.62091	 -0.216654
132.74	 -1.54532	 -0.150459	 1.51048	 1.11429	 1.6366	 -0.227522
132.76	 -1.6019	 -0.128048	 1.51768	 1.27372	 1.6491	 -0.238401
132.78	 -1.65702	 -0.105396	 1.52299	 1.432	 1.65843	 -0.249339
132.8	 -1.71064	 -0.082538	 1.52639	 1.58878	 1.66456	 -0.260387
132.82	 -1.76272	 -0.0595071	 1.52787	 1.74372	 1.6675	 -0.271593
132.84	 -1.81323	 -0.0363379	 1.52742	 1.89647	 1.66725	 -0.283003
132.86	 -1.86214	 -0.0130651	 1.52504	 2.04671	 1.66383	 -0.294665
132.88	 -1.90941	 0.0102766	 1.52073	 2.19409	 1.65725	 -0.306622
132.9	 -1.95501	 0.0336523	 1.51448	 2.3383	 1.64754	 -0.318918
132.92	 -1.99892	 0.0570268	 1.50632	 2.47902	 1.63472	 -0.331595
132.94	 -2.04111	 0.0803652	 1.49624	 2.61593	 1.61883	 -0.344689
132.96	 -2.08154	 0.103633	 1.48426	 2.74874	 1.59992	 -0.358237
132.98	 -2.1202	 0.126794	 1.47041	 2.87714	 1.57803	 -0.372273
133	 -2.15707	 0.149816	 1.45469	 3.00087	 1.55322	 -0.386827
133.02	 -2.19211	 0.172663	 1.43715	 3.11964	 1.52555	 -0.401925
133.04	 -2.22531	 0.195303	 1.41779	 3.23321	 1.49507	 -0.417595
133.06	 -2.25666	 0.217706	 1.39665	 3.34132	 1.46183	 -0.433862
133.08	 -2.28615	 0.239842	 1.37374	 3.44374	 1.42587	 -0.45075
133.1	 -2.31376	 0.261683	 1.34909	 3.54025	 1.38723	 -0.468281
133.12	 -2.33949	 0.283202	 1.32272	 3.63065	 1.34596	 -0.486469
133.14	 -2.36334	 0.30437	 1.29465	 3.71475	 1.3021	 -0.505327
133.16	 -2.38529	 0.325161	 1.26494	 3.79237	 1.25573	 -0.52486
133.18	 -2.40535	 0.345547	 1.2336	 3.86335	 1.20691	 -0.545072
133.2	 -2.4235	 0.365503	 1.2007	 3.92756	 1.15573	 -0.565961
133.22	 -2.43975	 0.385003	 1.16628	 3.98487	 1.10226	 -0.587521
133.24	 -2.4541	 0.404024	 1.13039	 4.03518	 1.04659	 -0.609744
133.26	 -2.46655	 0.422541	 1.09309	 4.07838	 0.988804	 -0.632615
133.28	 -2.47709	 0.440533	 1.05443	 4.11442	 0.928979	 -0.656115
133.3	 -2.48575	 0.457974	 1.01444	 4.14323	 0.867175	 -0.680215
133.32	 -2.49254	 0.47484	 0.973182	 4.16477	 0.803447	 -0.704883
133.34	 -2.49747	 0.491109	 0.930692	 4.17904	 0.737848	 -0.730081
133.36	 -2.50056	 0.506759	 0.887016	 4.18603	 0.670437	 -0.755769
133.38	 -2.50182	 0.521768	 0.842206	 4.18575	 0.601277	 -0.781905
133.4	 -2.50128	 0.53612	 0.796316	 4.17824	 0.530439	 -0.808442
133.42	 -2.49896	 0.549796	 0.749406	 4.16355	 0.458001	 -0.835331
133.44	 -2.49487	 0.56278	 0.70154	 4.14176	 0.384046	 -0.862518
133.46	 -2.48903	 0.575059	 0.652781	 4.11294	 0.308658	 -0.889946
133.48	 -2.48147	 0.586617	 0.603196	 4.0772	 0.231921	 -0.917553
133.5	 -2.47221	 0.597443	 0.552851	 4.03466	 0.153922	 -0.945278
133.52	 -2.46128	 0.607525	 0.501815	 3.98546	 0.0747454	 -0.973054
133.54	 -2.44871	 0.616854	 0.450154	 3.92975	 -0.00552309	 -1.00081
133.56	 -2.43453	 0.625422	 0.397938	 3.86768	 -0.0867966	 -1.02849
133.58	 -2.41875	 0.63322	 0.345236	 3.79945	 -0.168987	 -1.056
133.6	 -2.40143	 0.640243	 0.292118	 3.72524	 -0.252004	 -1.08328
133.62	 -2.38258	 0.646486	 0.238655	 3.64525	 -0.335757	 -1.11025
133.64	 -2.36224	 0.651945	 0.184921	 3.5597	 -0.420152	 -1.13684
133.66	 -2.34044	 0.65662	 0.130987	 3.46881	 -0.505097	 -1.16297
133.68	 -2.31721	 0.660507	 0.0769264	 3.37282	 -0.590498	 -1.18856
133.7	 -2.2926	 0.663609	 0.0228109	 3.27196	 -0.676261	 -1.21354
133.72	 -2.26663	 0.665925	 -0.0312873	 3.16648	 -0.762295	 -1.23782
133.74	 -2.23935	 0.667459	 -0.0852966	 3.05664	 -0.848506	 -1.26133
133.76	 -2.21078	 0.668214	 -0.139146	 2.9427	 -0.934802	 -1.284
133.78	 -2.18097	 0.668194	 -0.192767	 2.82492	 -1.02109	 -1.30575
133.8	 -2.14995	 0.667405	 -0.246088	 2.70357	 -1.10728	 -1.32651
133.82	 -2.11776	 0.665854	 -0.299042	 2.57893	 -1.19328	 -1.3462
133.84	 -2.08443	 0.663549	 -0.351562	 2.45126	 -1.279	 -1.36474
133.86	 -2.05002	 0.660497	 -0.403583	 2.32084	 -1.36435	 -1.38208
133.88	 -2.01455	 0.656708	 -0.455038	 2.18795	 -1.44924	 -1.39815
133.9	 -1.97806	 0.652194	 -0.505867	 2.05286	 -1.53359	 -1.41288
133.92	 -1.9406	 0.646964	 -0.556006	 1.91585	 -1.61732	 -1.4262
133.94	 -1.90219	 0.641032	 -0.605398	 1.7772	 -1.70033	 -1.43806
133.96	 -1.86289	 0.634411	 -0.653984	 1.63717	 -1.78255	 -1.44841
133.98	 -1.82272	 0.627114	 -0.701709	 1.49603	 -1.86391	 -1.45718
134	 -1.78173	 0.619157	 -0.748519	 1.35405	 -1.94432	 -1.46434
134.02	 -1.73995	 0.61056	 -0.794368	 1.21149	 -2.02371	 -1.46985
134.04	 -1.69742	 0.601351	 -0.839213	 1.0686	 -2.10204	 -1.47368
134.06	 -1.65417	 0.591559	 -0.883017	 0.925628	 -2.17925	 -1.47582
134.08	 -1.61024	 0.581214	 -0.925744	 0.782818	 -2.25528	 -1.47626
134.1	 -1.56567	 0.570345	 -0.967359	 0.640405	 -2.33009	 -1.47499
134.12	 -1.52048	 0.558978	 -1.00783	 0.498619	 -2.40363	 -1.47199
134.14	 -1.47472	 0.54714	 -1.04712	 0.357687	 -2.47585	 -1.46726
134.16	 -1.42841	 0.534855	 -1.08521	 0.217827	 -2.54669	 -1.46077
134.18	 -1.3816	 0.52215	 -1.12205	 0.0792549	 -2.6161	 -1.45254
134.2	 -1.33432	 0.509048	 -1.15762	 -0.0578217	 -2.68405	 -1.44256
134.22	 -1.2866	 0.495576	 -1.1919	 -0.1932	 -2.75047	 -1.43083
134.24	 -1.23847	 0.48176	 -1.22486	 -0.326687	 -2.81534	 -1.41735
134.26	 -1.18998	 0.467624	 -1.25647	 -0.458098	 -2.87862	 -1.40215
134.28	 -1.14115	 0.453195	 -1.28673	 -0.587257	 -2.94025	 -1.38522
134.3	 -1.09202	 0.438497	 -1.31561	 -0.713996	 -3.00022	 -1.36658
134.32	 -1.04262	 0.423555	 -1.34309	 -0.838153	 -3.05848	 -1.34626
134.34	 -0.992978	 0.408393	 -1.36916	 -0.959572	 -3.11501	 -1.32426
134.36	 -0.943134	 0.393034	 -1.39382	 -1.07811	 -3.16976	 -1.30063
134.38	 -0.893116	 0.377502	 -1.41705	 -1.19363	 -3.22273	 -1.27537
134.4	 -0.842956	 0.361819	 -1.43884	 -1.30599	 -3.27388	 -1.24852
134.42	 -0.792685	 0.346007	 -1.45919	 -1.41509	 -3.32318	 -1.22011
134.44	 -0.742333	 0.330083	 -1.47809	 -1.52079	 -3.37063	 -1.19016
134.46	 -0.691927	 0.31406	 -1.49555	 -1.62301	 -3.41621	 -1.1587
134.48	 -0.641496	 0.297951	 -1.51158	 -1.72163	 -3.45993	 -1.12575
134.5	 -0.591068	 0.28177	 -1.52618	 -1.81656	 -3.50177	 -1.09134
134.52	 -0.540671	 0.265529	 -1.53936	 -1.90772	 -3.54173	 -1.0555
134.54	 -0.490333	 0.249242	 -1.55113	 -1.99504	 -3.57982	 -1.01826
134.56	 -0.440079	 0.232925	 -1.56151	 -2.07844	 -3.61602	 -0.97967
134.58	 -0.389939	 0.216589	 -1.5705	 -2.15786	 -3.65034	 -0.93977
134.6	 -0.339937	 0.200251	 -1.57811	 -2.23326	 -3.68278	 -0.898602
134.62	 -0.290101	 0.183923	 -1.58436	 -2.30459	 -3.71334	 -0.856213
134.64	 -0.240455	 0.167617	 -1.58927	 -2.37182	 -3.74202	 -0.812651
134.66	 -0.191025	 0.151346	 -1.59286	 -2.43492	 -3.76883	 -0.767965
134.68	 -0.141836	 0.135122	 -1.59514	 -2.49387	 -3.79378	 -0.722207
134.7	 -0.0929107	 0.118956	 -1.59613	 -2.54865	 -3.81688	 -0.67543
134.72	 -0.0442744	 0.10286	 -1.59586	 -2.59925	 -3.83814	 -0.62769
134.74	 0.00404984	 0.0868435	 -1.59434	 -2.64568	 -3.85756	 -0.579043
134.76	 0.052039	 0.0709187	 -1.59161	 -2.68794	 -3.87516	 -0.52955
134.78	 0.0996706	 0.0550954	 -1.58769	 -2.72604	 -3.89097	 -0.479268
134.8	 0.146922	 0.0393839	 -1.58261	 -2.76001	 -3.90498	 -0.428261
134.82	 0.193773	 0.0237939	 -1.57639	 -2.78987	 -3.91721	 -0.376589
134.84	 0.240201	 0.0083348	 -1.56906	 -2.81565	 -3.9277	 -0.324316
134.86	 0.286187	 -0.00698425	 -1.56066	 -2.83739	 -3.93644	 -0.271506
134.88	 0.331709	 -0.0221545	 -1.55121	 -2.85514	 -3.94347	 -0.218224
134.9	 0.376749	 -0.0371675	 -1.54074	 -2.86894	 -3.9488	 -0.164537
134.92	 0.421286	 -0.0520152	 -1.52929	 -2.87885	 -3.95245	 -0.110509
134.94	 0.465304	 -0.0666897	 -1.5169	 -2.88492	 -3.95445	 -0.0562083
134.96	 0.508783	 -0.0811836	 -1.50359	 -2.88723	 -3.95483	 -0.00170146
134.98	 0.551707	 -0.0954895	 -1.4894	 -2.88584	 -3.95359	 0.0529442
135	 0.594058	 -0.1096	 -1.47437	 -2.88083	 -3.95077	 0.10766
135.02	 0.635819	 -0.123508	 -1.45853	 -2.87227	 -3.9464	 0.162378
135.04	 0.676976	 -0.137208	 -1.44192	 -2.86025	 -3.94049	 0.217031
135.06	 0.717514	 -0.150693	 -1.42459	 -2.84486	 -3.93308	 0.27155
135.08	 0.757423	 -0.16396	 -1.40656	 -2.82624	 -3.92418	 0.325857
135.1	 0.796697	 -0.177001	 -1.38789	 -2.80451	 -3.91382	 0.379877
135.12	 0.835327	 -0.189812	 -1.36861	 -2.77981	 -3.90202	 0.433534
135.14	 0.873308	 -0.202385	 -1.34876	 -2.75226	 -3.88879	 0.486755
135.16	 0.910631	 -0.214717	 -1.3284	 -2.72198	 -3.87416	 0.539467
135.18	 0.947288	 -0.226803	 -1.30757	 -2.68913	 -3.85815	 0.5916
135.2	 0.983273	 -0.238638	 -1.28629	 -2.65383	 -3.84078	 0.643084
135.22	 1.01857	 -0.250221	 -1.26464	 -2.61621	 -3.8221	 0.693857
135.24	 1.05316	 -0.261552	 -1.24267	 -2.57641	 -3.80217	 0.743861
135.26	 1.08702	 -0.272626	 -1.22044	 -2.53449	 -3.78107	 0.793046
135.28	 1.12015	 -0.283441	 -1.19803	 -2.49053	 -3.75885	 0.84136
135.3	 1.15252	 -0.293992	 -1.17553	 -2.44464	 -3.73562	 0.888746
135.32	 1.18413	 -0.304275	 -1.15301	 -2.39689	 -3.71143	 0.935151
135.34	 1.21496	 -0.314285	 -1.13055	 -2.34739	 -3.68636	 0.980519
135.36	 1.24501	 -0.324016	 -1.10822	 -2.29624	 -3.66051	 1.02479
135.38	 1.27427	 -0.333463	 -1.08611	 -2.24351	 -3.63393	 1.06792
135.4	 1.30272	 -0.342618	 -1.06428	 -2.18933	 -3.60672	 1.10985
135.42	 1.33035	 -0.351478	 -1.04281	 -2.13377	 -3.57895	 1.15052
135.44	 1.35716	 -0.360036	 -1.02177	 -2.07695	 -3.55071	 1.18989
135.46	 1.38313	 -0.368289	 -1.00125	 -2.01895	 -3.5221	 1.22791
135.48	 1.40825	 -0.376232	 -0.981303	 -1.95989	 -3.49319	 1.26453
135.5	 1.43252	 -0.383859	 -0.962017	 -1.89985	 -3.46407	 1.29971
135.52	 1.45593	 -0.391168	 -0.943462	 -1.83893	 -3.43485	 1.33341
135.54	 1.47847	 -0.398154	 -0.925714	 -1.77723	 -3.4056	 1.36558
135.56	 1.50013	 -0.404812	 -0.908844	 -1.71485	 -3.37642	 1.39617
135.58	 1.5209	 -0.411139	 -0.892923	 -1.65188	 -3.34739	 1.42517
135.6	 1.54079	 -0.417131	 -0.87802	 -1.58843	 -3.31861	 1.45251
135.62	 1.55978	 -0.422786	 -0.864203	 -1.52458	 -3.29016	 1.47819
135.64	 1.57787	 -0.428099	 -0.851538	 -1.46042	 -3.26212	 1.50215
135.66	 1.59506	 -0.43307	 -0.840087	 -1.39605	 -3.23459	 1.52438
135.68	 1.61133	 -0.437694	 -0.829913	 -1.33156	 -3.20765	 1.54485
135.7	 1.6267	 -0.441972	 -0.821074	 -1.26703	 -3.18137	 1.56352
135.72	 1.64115	 -0.445901	 -0.813628	 -1.20255	 -3.15584	 1.58039
135.74	 1.65468	 -0.449481	 -0.807627	 -1.13821	 -3.13114	 1.59543
135.76	 1.66729	 -0.45271	 -0.803123	 -1.07409	 -3.10733	 1.60862
135.78	 1.67897	 -0.45559	 -0.800164	 -1.01026	 -3.08449	 1.61995
135.8	 1.68974	 -0.45812	 -0.798795	 -0.946797	 -3.06268	 1.62942
135.82	 1.69958	 -0.4603	 -0.799057	 -0.883785	 -3.04197	 1.637
135.84	 1.7085	 -0.462133	 -0.800988	 -0.821291	 -3.02241	 1.6427
135.86	 1.7165	 -0.46362	 -0.804624	 -0.759384	 -3.00407	 1.64652
135.88	 1.72358	 -0.464764	 -0.809995	 -0.69813	 -2.987	 1.64845
135.9	 1.72974	 -0.465566	 -0.817129	 -0.63759	 -2.97123	 1.6485
135.92	 1.73499	 -0.466033	 -0.826052	 -0.577823	 -2.95683	 1.64667
135.94	 1.73931	 -0.466171	 -0.836786	 -0.518886	 -2.94383	 1.64299
135.96	 1.74273	 -0.465987	 -0.849352	 -0.460829	 -2.93228	 1.63748
135.98	 1.74524	 -0.465489	 -0.863764	 -0.403699	 -2.92222	 1.63014
136	 1.74685	 -0.464685	 -0.880034	 -0.347538	 -2.91367	 1.62101
136.02	 1.74756	 -0.463583	 -0.898171	 -0.292388	 -2.90666	 1.61011
136.04	 1.74737	 -0.46219	 -0.918178	 -0.238282	 -2.90122	 1.59747
136.06	 1.7463	 -0.460513	 -0.940053	 -0.185254	 -2.89736	 1.58311
136.08	 1.74434	 -0.458561	 -0.963792	 -0.133332	 -2.89509	 1.56708
136.1	 1.74151	 -0.45634	 -0.989385	 -0.0825396	 -2.89443	 1.54939
136.12	 1.7378	 -0.453861	 -1.01682	 -0.0328969	 -2.89537	 1.5301
136.14	 1.73324	 -0.451131	 -1.04608	 0.015581	 -2.89792	 1.50923
136.16	 1.72782	 -0.44816	 -1.07715	 0.0628829	 -2.90206	 1.48684
136.18	 1.72155	 -0.444957	 -1.11001	 0.109003	 -2.90779	 1.46296
136.2	 1.71444	 -0.441533	 -1.14462	 0.153938	 -2.9151	 1.43765
136.22	 1.7065	 -0.437897	 -1.18095	 0.197691	 -2.92397	 1.41096
136.24	 1.69774	 -0.434056	 -1.21898	 0.240266	 -2.93437	 1.38292
136.26	 1.68816	 -0.430022	 -1.25866	 0.281673	 -2.94628	 1.3536
136.28	 1.67779	 -0.425804	 -1.29995	 0.321926	 -2.95966	 1.32305
136.3	 1.66662	 -0.421412	 -1.34281	 0.361041	 -2.97448	 1.29133
136.32	 1.65467	 -0.416857	 -1.38719	 0.399039	 -2.9907	 1.2585
136.34	 1.64194	 -0.412149	 -1.43304	 0.435945	 -3.00827	 1.22461
136.36	 1.62845	 -0.407298	 -1.4803	 0.471787	 -3.02715	 1.18973
136.38	 1.61422	 -0.402315	 -1.52892	 0.506596	 -3.04728	 1.15393
136.4	 1.59924	 -0.397211	 -1.57884	 0.540409	 -3.06861	 1.11726
136.42	 1.58353	 -0.391997	 -1.62999	 0.573263	 -3.09109	 1.0798
136.44	 1.56711	 -0.386679	 -1.68232	 0.605198	 -3.11465	 1.0416
136.46	 1.54998	 -0.38126	 -1.73577	 0.636257	 -3.13925	 1.00272
136.48	 1.53216	 -0.375737	 -1.79027	 0.666483	 -3.16483	 0.963201
136.5	 1.51366	 -0.370108	 -1.84576	 0.69592	 -3.19135	 0.923091
136.52	 1.49449	 -0.364374	 -1.90218	 0.724612	 -3.21875	 0.882442
136.54	 1.47467	 -0.358534	 -1.95946	 0.752608	 -3.24698	 0.841308
136.56	 1.4542	 -0.352596	 -2.01755	 0.77996	 -3.27598	 0.799756
136.58	 1.4331	 -0.346566	 -2.07636	 0.806724	 -3.30569	 0.757854
136.6	 1.41138	 -0.340454	 -2.13584	 0.83296	 -3.33605	 0.71567
136.62	 1.38907	 -0.33426	 -2.19592	 0.858729	 -3.36701	 0.673257
136.64	 1.36618	 -0.327978	 -2.25654	 0.884093	 -3.39851	 0.630654
136.66	 1.34272	 -0.3216	 -2.31762	 0.909109	 -3.43052	 0.587899
136.68	 1.31872	 -0.315116	 -2.37912	 0.933835	 -3.46297	 0.545027
136.7	 1.29419	 -0.308526	 -2.44096	 0.958278	 -3.49582	 0.502076
136.72	 1.26915	 -0.301833	 -2.50308	 0.982419	 -3.529	 0.459082
136.74	 1.24362	 -0.295044	 -2.56542	 1.00626	 -3.56245	 0.41609
136.76	 1.21761	 -0.288167	 -2.62792	 1.02981	 -3.59609	 0.373141
136.78	 1.19113	 -0.281209	 -2.6905	 1.05307	 -3.62985	 0.330277
136.8	 1.16422	 -0.274178	 -2.75309	 1.07604	 -3.66367	 0.287539
136.82	 1.13687	 -0.267077	 -2.81563	 1.09874	 -3.69746	 0.244967
136.84	 1.10912	 -0.259914	 -2.87805	 1.12115	 -3.73115	 0.2026
136.86	 1.08098	 -0.252692	 -2.94029	 1.14328	 -3.76469	 0.160476
136.88	 1.05247	 -0.245415	 -3.00226	 1.16513	 -3.79798	 0.118634
136.9	 1.0236	 -0.238089	 -3.0639	 1.1867	 -3.83096	 0.0771125
136.92	 0.994389	 -0.23072	 -3.12515	 1.20798	 -3.86356	 0.0359532
136.94	 0.96486	 -0.223312	 -3.18594	 1.22898	 -3.8957	 -0.00480762
136.96	 0.935028	 -0.215869	 -3.24619	 1.24971	 -3.9273	 -0.0451338
136.98	 0.904909	 -0.208387	 -3.30584	 1.27023	 -3.95827	 -0.0849873
137	 0.874514	 -0.20087	 -3.36483	 1.29052	 -3.98855	 -0.124347
137.02	 0.843846	 -0.193322	 -3.42312	 1.31056	 -4.01806	 -0.163219
137.04	 0.8129	 -0.185742	 -3.48066	 1.33032	 -4.04675	 -0.201614
137.06	 0.781669	 -0.178129	 -3.53744	 1.34981	 -4.0746	 -0.239547
137.08	 0.750144	 -0.170485	 -3.59342	 1.36903	 -4.10157	 -0.277027
137.1	 0.718321	 -0.162809	 -3.64858	 1.38796	 -4.12764	 -0.314061
137.12	 0.686196	 -0.155106	 -3.70289	 1.40657	 -4.15278	 -0.350648
137.14	 0.65377	 -0.147377	 -3.75633	 1.42486	 -4.17697	 -0.386786
137.16	 0.621046	 -0.139626	 -3.80885	 1.44279	 -4.20016	 -0.42247
137.18	 0.588024	 -0.131854	 -3.86042	 1.46034	 -4.22232	 -0.457703
137.2	 0.554703	 -0.124061	 -3.911	 1.47752	 -4.24339	 -0.492488
137.22	 0.521083	 -0.116249	 -3.96055	 1.49429	 -4.26333	 -0.52683
137.24	 0.487161	 -0.108418	 -4.00905	 1.51064	 -4.28211	 -0.560732
137.26	 0.452937	 -0.100572	 -4.05646	 1.52656	 -4.29968	 -0.594197
137.28	 0.41841	 -0.0927114	 -4.10276	 1.54205	 -4.31602	 -0.627229
137.3	 0.383579	 -0.0848378	 -4.14791	 1.55707	 -4.33109	 -0.65983
137.32	 0.348444	 -0.0769531	 -4.19189	 1.57162	 -4.34486	 -0.692001
137.34	 0.313006	 -0.0690593	 -4.23467	 1.58568	 -4.35731	 -0.723746
137.36	 0.277265	 -0.0611581	 -4.27624	 1.59924	 -4.36841	 -0.755067
137.38	 0.241222	 -0.0532509	 -4.31655	 1.61229	 -4.37812	 -0.785966
137.4	 0.204879	 -0.0453394	 -4.3556	 1.62482	 -4.38642	 -0.816445
137.42	 0.168236	 -0.037426	 -4.39334	 1.6368	 -4.39328	 -0.846506
137.44	 0.131293	 -0.0295127	 -4.42977	 1.64825	 -4.39867	 -0.87615
137.46	 0.0940535	 -0.0216016	 -4.46485	 1.65913	 -4.40256	 -0.905377
137.48	 0.0565177	 -0.0136946	 -4.49857	 1.66944	 -4.40493	 -0.934189
137.5	 0.0186904	 -0.00579425	 -4.5309	 1.67917	 -4.40577	 -0.96259
137.52	 -0.019425	 0.00209735	 -4.56183	 1.68831	 -4.40505	 -0.99058
137.54	 -0.0578246	 0.00998074	 -4.59135	 1.69686	 -4.40275	 -1.01816
137.56	 -0.0965042	 0.017854	 -4.61943	 1.70481	 -4.39887	 -1.04534
137.58	 -0.13546	 0.0257152	 -4.64605	 1.71216	 -4.39337	 -1.07212
137.6	 -0.174689	 0.0335615	 -4.67122	 1.71891	 -4.38624	 -1.0985
137.62	 -0.214185	 0.041392	 -4.6949	 1.72504	 -4.37747	 -1.12447
137.64	 -0.253944	 0.0492048	 -4.7171	 1.73056	 -4.36704	 -1.15004
137.66	 -0.29396	 0.0569984	 -4.73779	 1.73546	 -4.35493	 -1.17521
137.68	 -0.334225	 0.0647714	 -4.75697	 1.73975	 -4.34114	 -1.19998
137.7	 -0.374733	 0.072522	 -4.77463	 1.74343	 -4.32565	 -1.22436
137.72	 -0.415476	 0.0802483	 -4.79076	 1.74648	 -4.30845	 -1.24834
137.74	 -0.456446	 0.0879495	 -4.80536	 1.74893	 -4.28954	 -1.27193
137.76	 -0.497635	 0.0956238	 -4.81842	 1.75076	 -4.2689	 -1.29512
137.78	 -0.539033	 0.103269	 -4.82994	 1.75197	 -4.24653	 -1.31792
137.8	 -0.580631	 0.110884	 -4.83991	 1.75258	 -4.22241	 -1.34033
137.82	 -0.62242	 0.118468	 -4.84833	 1.75257	 -4.19655	 -1.36235
137.84	 -0.664387	 0.126018	 -4.85521	 1.75197	 -4.16894	 -1.38398
137.86	 -0.706523	 0.133533	 -4.86054	 1.75076	 -4.13957	 -1.40522
137.88	 -0.748815	 0.141012	 -4.86433	 1.74896	 -4.10844	 -1.42607
137.9	 -0.791252	 0.148454	 -4.86658	 1.74657	 -4.07555	 -1.44654
137.92	 -0.83382	 0.155856	 -4.86729	 1.7436	 -4.04089	 -1.46662
137.94	 -0.876506	 0.163218	 -4.86647	 1.74006	 -4.00446	 -1.48631
137.96	 -0.919296	 0.170537	 -4.86413	 1.73594	 -3.96626	 -1.50562
137.98	 -0.962176	 0.177814	 -4.86027	 1.73127	 -3.9263	 -1.52454
138	 -1.00513	 0.185045	 -4.85491	 1.72604	 -3.88457	 -1.54307
138.02	 -1.04815	 0.192229	 -4.84806	 1.72028	 -3.84107	 -1.56122
138.04	 -1.0912	 0.199364	 -4.83972	 1.71397	 -3.79581	 -1.57899
138.06	 -1.13429	 0.206451	 -4.82992	 1.70714	 -3.74879	 -1.59637
138.08	 -1.17738	 0.213486	 -4.81866	 1.6998	 -3.70002	 -1.61336
138.1	 -1.22047	 0.220469	 -4.80596	 1.69197	 -3.64949	 -1.62996
138.12	 -1.26353	 0.227398	 -4.79184	 1.68366	 -3.59722	 -1.64618
138.14	 -1.30654	 0.234272	 -4.77631	 1.67488	 -3.54321	 -1.66201
138.16	 -1.34949	 0.241089	 -4.7594	 1.66564	 -3.48747	 -1.67745
138.18	 -1.39236	 0.247849	 -4.74112	 1.65596	 -3.43	 -1.6925
138.2	 -1.43512	 0.254549	 -4.72149	 1.64587	 -3.37082	 -1.70716
138.22	 -1.47776	 0.261189	 -4.70054	 1.63536	 -3.30993	 -1.72143
138.24	 -1.52025	 0.267767	 -4.6783	 1.62447	 -3.24735	 -1.73531
138.26	 -1.56258	 0.274282	 -4.65477	 1.61321	 -3.18309	 -1.74879
138.28	 -1.60471	 0.280733	 -4.63	 1.60159	 -3.11716	 -1.76187
138.3	 -1.64664	 0.287118	 -4.604	 1.58964	 -3.04957	 -1.77457
138.32	 -1.68832	 0.293435	 -4.57681	 1.57736	 -2.98035	 -1.78686
138.34	 -1.72975	 0.299685	 -4.54845	 1.56479	 -2.9095	 -1.79876
138.36	 -1.7709	 0.305864	 -4.51895	 1.55193	 -2.83705	 -1.81026
138.38	 -1.81174	 0.311973	 -4.48834	 1.53881	 -2.76302	 -1.82136
138.4	 -1.85225	 0.318009	 -4.45665	 1.52543	 -2.68743	 -1.83206
138.42	 -1.8924	 0.323971	 -4.42392	 1.51183	 -2.6103	 -1.84236
138.44	 -1.93218	 0.329858	 -4.39017	 1.498	 -2.53166	 -1.85225
138.46	 -1.97155	 0.335669	 -4.35544	 1.48398	 -2.45153	 -1.86175
138.48	 -2.01048	 0.341402	 -4.31977	 1.46977	 -2.36995	 -1.87084
138.5	 -2.04896	 0.347055	 -4.28318	 1.45538	 -2.28694	 -1.87953
138.52	 -2.08696	 0.352628	 -4.24573	 1.44084	 -2.20254	 -1.88782
138.54	 -2.12445	 0.358119	 -4.20743	 1.42616	 -2.11679	 -1.8957
138.56	 -2.16141	 0.363526	 -4.16833	 1.41134	 -2.02973	 -1.90318
138.58	 -2.19781	 0.368848	 -4.12847	 1.3964	 -1.9414	 -1.91026
138.6	 -2.23362	 0.374083	 -4.08788	 1.38134	 -1.85183	 -1.91693
138.62	 -2.26882	 0.379231	 -4.0466	 1.36619	 -1.76109	 -1.9232
138.64	 -2.30338	 0.38429	 -4.00467	 1.35094	 -1.66922	 -1.92906
138.66	 -2.33728	 0.389258	 -3.96214	 1.33562	 -1.57627	 -1.93453
138.68	 -2.37049	 0.394133	 -3.91903	 1.32021	 -1.4823	 -1.93959
138.7	 -2.40298	 0.398916	 -3.8754	 1.30475	 -1.38736	 -1.94425
138.72	 -2.43474	 0.403605	 -3.83128	 1.28923	 -1.29151	 -1.94851
138.74	 -2.46573	 0.408198	 -3.78671	 1.27366	 -1.19482	 -1.95237
138.76	 -2.49593	 0.412695	 -3.74174	 1.25806	 -1.09734	 -1.95584
138.78	 -2.52532	 0.417096	 -3.6964	 1.24244	 -0.999149	 -1.95892
138.8	 -2.55386	 0.421399	 -3.65073	 1.2268	 -0.9003	 -1.9616
138.82	 -2.58155	 0.425604	 -3.60479	 1.21116	 -0.800861	 -1.9639
138.84	 -2.60835	 0.429711	 -3.5586	 1.19553	 -0.7009	 -1.96581
138.86	 -2.63425	 0.433719	 -3.51221	 1.17992	 -0.600485	 -1.96733
138.88	 -2.65921	 0.43763	 -3.46566	 1.16435	 -0.499683	 -1.96848
138.9	 -2.68323	 0.441441	 -3.41899	 1.14883	 -0.39856	 -1.96923
138.92	 -2.70627	 0.445155	 -3.37225	 1.13339	 -0.297184	 -1.9696
138.94	 -2.72832	 0.448772	 -3.32547	 1.11804	 -0.195622	 -1.96958
138.96	 -2.74936	 0.452291	 -3.27869	 1.10278	 -0.0939412	 -1.96916
138.98	 -2.76937	 0.455714	 -3.23196	 1.08765	 0.00778766	 -1.96834
139	 -2.78832	 0.459041	 -3.1853	 1.07264	 0.109495	 -1.96713
139.02	 -2.80621	 0.462273	 -3.13878	 1.05778	 0.211109	 -1.96552
139.04	 -2.823	 0.465411	 -3.09241	 1.04308	 0.312559	 -1.96351
139.06	 -2.8387	 0.468456	 -3.04625	 1.02856	 0.413772	 -1.96111
139.08	 -2.85328	 0.471407	 -3.00032	 1.01422	 0.514678	 -1.95831
139.1	 -2.86672	 0.474267	 -2.95467	 1.00008	 0.615205	 -1.95511
139.12	 -2.87901	 0.477036	 -2.90933	 0.986153	 0.71528	 -1.95152
139.14	 -2.89014	 0.479715	 -2.86434	 0.972448	 0.814832	 -1.94753
139.16	 -2.90009	 0.482304	 -2.81973	 0.958975	 0.913791	 -1.94315
139.18	 -2.90885	 0.484806	 -2.77555	 0.945745	 1.01209	 -1.93837
139.2	 -2.91641	 0.487221	 -2.73182	 0.932767	 1.10964	 -1.9332
139.22	 -2.92276	 0.48955	 -2.68857	 0.920049	 1.2064	 -1.92763
139.24	 -2.92788	 0.491793	 -2.64584	 0.907601	 1.30227	 -1.92168
139.26	 -2.93178	 0.493953	 -2.60367	 0.895429	 1.39721	 -1.91534
139.28	 -2.93443	 0.496029	 -2.56207	 0.883541	 1.49113	 -1.90861
139.3	 -2.93584	 0.498023	 -2.52109	 0.871943	 1.58398	 -1.90149
139.32	 -2.93599	 0.499935	 -2.48075	 0.860642	 1.67568	 -1.89399
139.34	 -2.93488	 0.501767	 -2.44107	 0.849642	 1.76617	 -1.8861
139.36	 -2.93251	 0.503519	 -2.40209	 0.838949	 1.85538	 -1.87784
139.38	 -2.92887	 0.505191	 -2.36382	 0.828565	 1.94326	 -1.86919
139.4	 -2.92396	 0.506785	 -2.3263	 0.818495	 2.02975	 -1.86017
139.42	 -2.91777	 0.508301	 -2.28955	 0.808741	 2.11478	 -1.85077
139.44	 -2.9103	 0.50974	 -2.25358	 0.799307	 2.19829	 -1.84099
139.46	 -2.90156	 0.511102	 -2.21842	 0.790197	 2.28023	 -1.83085
139.48	 -2.89154	 0.512388	 -2.18409	 0.781411	 2.36055	 -1.82033
139.5	 -2.88024	 0.513598	 -2.1506	 0.77295	 2.4392	 -1.80944
139.52	 -2.86767	 0.514732	 -2.11797	 0.764814	 2.51611	 -1.79819
139.54	 -2.85383	 0.51579	 -2.08622	 0.757002	 2.59126	 -1.78657
139.56	 -2.83872	 0.516773	 -2.05536	 0.749512	 2.66458	 -1.77459
139.58	 -2.82234	 0.517681	 -2.0254	 0.742343	 2.73603	 -1.76225
139.6	 -2.80471	 0.518513	 -1.99636	 0.735492	 2.80558	 -1.74955
139.62	 -2.78582	 0.51927	 -1.96823	 0.728955	 2.87318	 -1.7365
139.64	 -2.76569	 0.519951	 -1.94103	 0.722728	 2.93881	 -1.72309
139.66	 -2.74432	 0.520556	 -1.91477	 0.716806	 3.00241	 -1.70933
139.68	 -2.72172	 0.521084	 -1.88945	 0.711182	 3.06397	 -1.69521
139.7	 -2.6979	 0.521535	 -1.86506	 0.705849	 3.12345	 -1.68075
139.72	 -2.67287	 0.521907	 -1.84162	 0.700799	 3.18084	 -1.66594
139.74	 -2.64663	 0.5222	 -1.81912	 0.696025	 3.23609	 -1.65079
139.76	 -2.61922	 0.522412	 -1.79756	 0.691518	 3.28921	 -1.6353
139.78	 -2.59062	 0.522542	 -1.77693	 0.68727	 3.34016	 -1.61946
139.8	 -2.56086	 0.52259	 -1.75723	 0.683273	 3.38894	 -1.60328
139.82	 -2.52996	 0.522552	 -1.73846	 0.679516	 3.43553	 -1.58676
139.84	 -2.49791	 0.522429	 -1.72059	 0.675989	 3.47993	 -1.56991
139.86	 -2.46475	 0.522218	 -1.70362	 0.672684	 3.52214	 -1.55272
139.88	 -2.43049	 0.521917	 -1.68755	 0.669589	 3.56214	 -1.53519
139.9	 -2.39513	 0.521525	 -1.67235	 0.666693	 3.59994	 -1.51733
139.92	 -2.35871	 0.52104	 -1.658	 0.663985	 3.63555	 -1.49914
139.94	 -2.32123	 0.520459	 -1.6445	 0.661454	 3.66897	 -1.48062
139.96	 -2.28272	 0.519781	 -1.63182	 0.659087	 3.70021	 -1.46176
139.98	 -2.24319	 0.519002	 -1.61994	 0.656872	 3.72928	 -1.44257
140	 -2.20267	 0.518122	 -1.60884	 0.654797	 3.75621	 -1.42306
140.02	 -2.16117	 0.517138	 -1.5985	 0.65285	 3.781	 -1.40321
140.04	 -2.11871	 0.516047	 -1.58889	 0.651021	 3.80368	 -1.38304
140.06	 -2.07532	 0.514847	 -1.57998	 0.649295	 3.82427	 -1.36254
140.08	 -2.03101	 0.513537	 -1.57175	 0.647659	 3.84281	 -1.34171
140.1	 -1.98581	 0.512114	 -1.56417	 0.646102	 3.85931	 -1.32056
140.12	 -1.93974	 0.510576	 -1.55721	 0.644612	 3.87382	 -1.29908
140.14	 -1.89283	 0.508922	 -1.55084	 0.643176	 3.88636	 -1.27729
140.16	 -1.84509	 0.507149	 -1.54502	 0.64178	 3.89697	 -1.25517
140.18	 -1.79655	 0.505256	 -1.53972	 0.640413	 3.9057	 -1.23274
140.2	 -1.74723	 0.50324	 -1.5349	 0.639061	 3.91257	 -1.20998
140.22	 -1.69717	 0.501101	 -1.53054	 0.637713	 3.91765	 -1.18691
140.24	 -1.64637	 0.498836	 -1.52658	 0.636357	 3.92096	 -1.16353
140.26	 -1.59487	 0.496444	 -1.52301	 0.63498	 3.92256	 -1.13984
140.28	 -1.5427	 0.493924	 -1.51976	 0.63357	 3.9225	 -1.11583
140.3	 -1.48987	 0.491273	 -1.51682	 0.632115	 3.92083	 -1.09152
140.32	 -1.43642	 0.488491	 -1.51413	 0.630604	 3.9176	 -1.0669
140.34	 -1.38237	 0.485575	 -1.51165	 0.629026	 3.91285	 -1.04198
140.36	 -1.32775	 0.482525	 -1.50936	 0.627369	 3.90666	 -1.01675
140.38	 -1.27258	 0.479339	 -1.50719	 0.625622	 3.89907	 -0.991224
140.4	 -1.21689	 0.476016	 -1.50512	 0.623774	 3.89014	 -0.965397
140.42	 -1.16071	 0.472555	 -1.50309	 0.621816	 3.87992	 -0.939274
140.44	 -1.10406	 0.468954	 -1.50108	 0.619736	 3.86849	 -0.912856
140.46	 -1.04697	 0.465213	 -1.49902	 0.617521	 3.85588	 -0.886145
140.48	 -0.989474	 0.46133	 -1.49689	 0.615166	 3.84218	 -0.859145
140.5	 -0.93159	 0.457304	 -1.49463	 0.612662	 3.82742	 -0.831856
140.52	 -0.87335	 0.453135	 -1.49221	 0.609998	 3.81169	 -0.80428
140.54	 -0.814779	 0.448822	 -1.48958	 0.607167	 3.79502	 -0.77642
140.56	 -0.755905	 0.444364	 -1.4867	 0.60416	 3.7775	 -0.748278
140.58	 -0.696756	 0.43976	 -1.48353	 0.600972	 3.75917	 -0.719856
140.6	 -0.637359	 0.43501	 -1.48002	 0.597594	 3.74009	 -0.691156
140.62	 -0.57774	 0.430113	 -1.47613	 0.594022	 3.72033	 -0.662179
140.64	 -0.517927	 0.425069	 -1.47182	 0.59025	 3.69993	 -0.632929
140.66	 -0.457932	 0.419877	 -1.46707	 0.586211	 3.67895	 -0.603426
140.68	 -0.397768	 0.414543	 -1.46184	 0.581859	 3.65743	 -0.573698
140.7	 -0.33743	 0.409068	 -1.4561	 0.577218	 3.6354	 -0.543751
140.72	 -0.276908	 0.403451	 -1.44985	 0.572285	 3.61288	 -0.513583
140.74	 -0.216194	 0.397689	 -1.44307	 0.567057	 3.58993	 -0.483186
140.76	 -0.155284	 0.391777	 -1.43575	 0.561532	 3.56657	 -0.452552
140.78	 -0.0941743	 0.385713	 -1.42787	 0.555708	 3.54285	 -0.421673
140.8	 -0.0328673	 0.379492	 -1.41941	 0.549587	 3.51879	 -0.390547
140.82	 0.0286335	 0.373113	 -1.41037	 0.543167	 3.49442	 -0.359173
140.84	 0.0903229	 0.366571	 -1.40074	 0.536451	 3.46977	 -0.327546
140.86	 0.152197	 0.359865	 -1.3905	 0.529437	 3.44484	 -0.295666
140.88	 0.214251	 0.352991	 -1.37966	 0.522123	 3.41965	 -0.263528
140.9	 0.27648	 0.345946	 -1.36821	 0.514507	 3.39419	 -0.23113
140.92	 0.338874	 0.338728	 -1.35615	 0.506586	 3.36847	 -0.198475
140.94	 0.401426	 0.331338	 -1.34351	 0.498354	 3.34245	 -0.165563
140.96	 0.464122	 0.323772	 -1.33029	 0.489806	 3.31613	 -0.132396
140.98	 0.526949	 0.316031	 -1.31652	 0.480934	 3.28946	 -0.098979
141	 0.589892	 0.308113	 -1.30221	 0.471733	 3.26242	 -0.0653134
141.02	 0.652933	 0.300017	 -1.28738	 0.462193	 3.23499	 -0.0314016
141.04	 0.716054	 0.29174	 -1.27206	 0.452313	 3.20713	 0.00275395
141.06	 0.779238	 0.283281	 -1.25626	 0.442073	 3.1788	 0.0371489
141.08	 0.842463	 0.274637	 -1.24001	 0.431465	 3.14996	 0.071777
141.1	 0.90571	 0.265806	 -1.22334	 0.420476	 3.12058	 0.106631
141.12	 0.968956	 0.256788	 -1.20627	 0.40909	 3.09061	 0.141701
141.14	 1.03218	 0.247582	 -1.18884	 0.397292	 3.06001	 0.176978
141.16	 1.09536	 0.238186	 -1.17107	 0.385061	 3.02872	 0.21245
141.18	 1.15847	 0.228601	 -1.15299	 0.372377	 2.99671	 0.248104
141.2	 1.22148	 0.218824	 -1.13465	 0.359218	 2.96391	 0.283927
141.22	 1.28438	 0.208855	 -1.11607	 0.345562	 2.9303	 0.319904
141.24	 1.34714	 0.198693	 -1.09728	 0.331381	 2.89582	 0.35602
141.26	 1.40974	 0.188338	 -1.07832	 0.316648	 2.86043	 0.392254
141.28	 1.47216	 0.17779	 -1.05923	 0.301333	 2.8241	 0.428586
141.3	 1.53436	 0.167047	 -1.04004	 0.285408	 2.78677	 0.464994
141.32	 1.59633	 0.156111	 -1.02078	 0.268849	 2.74841	 0.501461
141.34	 1.65805	 0.144979	 -1.00149	 0.251614	 2.70899	 0.537959
141.36	 1.71949	 0.133653	 -0.982197	 0.233673	 2.66846	 0.574464
141.38	 1.78063	 0.122133	 -0.962945	 0.214995	 2.62679	 0.610947
141.4	 1.84144	 0.110421	 -0.943767	 0.195547	 2.58395	 0.647377
141.42	 1.90191	 0.0985172	 -0.924698	 0.175296	 2.53991	 0.683724
141.44	 1.96201	 0.0864251	 -0.905773	 0.154209	 2.49463	 0.719955
141.46	 2.02172	 0.0741472	 -0.887025	 0.132253	 2.44809	 0.756034
141.48	 2.08101	 0.0616869	 -0.868484	 0.109398	 2.40027	 0.791927
141.5	 2.13986	 0.0490484	 -0.850182	 0.0856134	 2.35116	 0.827595
141.52	 2.19826	 0.0362362	 -0.832148	 0.0608693	 2.30075	 0.862998
141.54	 2.25617	 0.0232559	 -0.814409	 0.0351389	 2.24902	 0.898098
141.56	 2.31358	 0.0101134	 -0.796992	 0.008397	 2.19599	 0.932851
141.58	 2.37046	 -0.00318436	 -0.779925	 -0.0193795	 2.14163	 0.967215
141.6	 2.42679	 -0.0166297	 -0.763233	 -0.0482112	 2.08596	 1.00115
141.62	 2.48255	 -0.0302142	 -0.746942	 -0.0781162	 2.02897	 1.0346
141.64	 2.53771	 -0.0439284	 -0.731075	 -0.10911	 1.97068	 1.06752
141.66	 2.59226	 -0.0577619	 -0.715657	 -0.141204	 1.91109	 1.09988
141.68	 2.64617	 -0.0717035	 -0.70071	 -0.174408	 1.85021	 1.13162
141.7	 2.69943	 -0.0857412	 -0.686253	 -0.208727	 1.78807	 1.16268
141.72	 2.752	 -0.0998618	 -0.672307	 -0.244163	 1.72469	 1.19303
141.74	 2.80387	 -0.114052	 -0.658889	 -0.280714	 1.66009	 1.22262
141.76	 2.85502	 -0.128296	 -0.646016	 -0.318374	 1.59429	 1.25139
141.78	 2.90542	 -0.14258	 -0.633703	 -0.357133	 1.52733	 1.2793
141.8	 2.95506	 -0.156887	 -0.621964	 -0.396976	 1.45925	 1.3063
141.82	 3.00391	 -0.1712	 -0.610812	 -0.437885	 1.39007	 1.33234
141.84	 3.05196	 -0.185502	 -0.600261	 -0.479837	 1.31983	 1.35737
141.86	 3.09918	 -0.199775	 -0.59032	 -0.522806	 1.24858	 1.38136
141.88	 3.14555	 -0.213999	 -0.580998	 -0.56676	 1.17636	 1.40424
141.9	 3.19106	 -0.228157	 -0.572303	 -0.611665	 1.10322	 1.42598
141.92	 3.23568	 -0.242227	 -0.564242	 -0.65748	 1.0292	 1.44654
141.94	 3.27939	 -0.256192	 -0.556817	 -0.704164	 0.954371	 1.46587
141.96	 3.32217	 -0.270031	 -0.550033	 -0.751668	 0.878777	 1.48393
141.98	 3.364	 -0.283724	 -0.54389	 -0.799942	 0.802481	 1.5007
142	 3.40487	 -0.297252	 -0.53839	 -0.848933	 0.725541	 1.51612
142.02	 3.44476	 -0.310593	 -0.53353	 -0.898582	 0.64802	 1.53017
142.04	 3.48363	 -0.323728	 -0.529309	 -0.948828	 0.569983	 1.54282
142.06	 3.52149	 -0.336637	 -0.525721	 -0.999606	 0.491498	 1.55403
142.08	 3.5583	 -0.349302	 -0.522765	 -1.05084	 0.412633	 1.56378
142.1	 3.59405	 -0.361712	 -0.520438	 -1.10246	 0.333447	 1.57206
142.12	 3.62873	 -0.373854	 -0.518737	 -1.1544	 0.254	 1.57887
142.14	 3.66231	 -0.385716	 -0.517662	 -1.20656	 0.174353	 1.58419
142.16	 3.69478	 -0.397288	 -0.517207	 -1.25887	 0.0945683	 1.58801
142.18	 3.72613	 -0.408555	 -0.517366	 -1.31123	 0.0147141	 1.59034
142.2	 3.75634	 -0.419505	 -0.518131	 -1.36356	 -0.0651418	 1.59116
142.22	 3.78538	 -0.430125	 -0.519493	 -1.41576	 -0.144928	 1.59048
142.24	 3.81325	 -0.440401	 -0.521438	 -1.46774	 -0.224571	 1.5883
142.26	 3.83994	 -0.450321	 -0.523956	 -1.51939	 -0.303997	 1.58461
142.28	 3.86542	 -0.459872	 -0.527031	 -1.57063	 -0.383132	 1.57943
142.3	 3.88968	 -0.469042	 -0.530648	 -1.62133	 -0.4619	 1.57276
142.32	 3.91271	 -0.47782	 -0.534792	 -1.67141	 -0.540228	 1.5646
142.34	 3.9345	 -0.486195	 -0.539444	 -1.72075	 -0.618038	 1.55499
142.36	 3.95502	 -0.494156	 -0.544588	 -1.76924	 -0.695254	 1.54392
142.38	 3.97427	 -0.501693	 -0.550203	 -1.81677	 -0.7718	 1.53142
142.4	 3.99224	 -0.508794	 -0.556268	 -1.86323	 -0.847597	 1.5175
142.42	 4.00891	 -0.515451	 -0.562762	 -1.9085	 -0.922566	 1.50219
142.44	 4.02427	 -0.521654	 -0.569661	 -1.95248	 -0.99663	 1.48551
142.46	 4.03832	 -0.527393	 -0.576942	 -1.99503	 -1.06971	 1.46748
142.48	 4.05103	 -0.53266	 -0.584579	 -2.03607	 -1.14172	 1.44813
142.5	 4.0624	 -0.537447	 -0.592546	 -2.07546	 -1.2126	 1.4275
142.52	 4.07242	 -0.541746	 -0.600815	 -2.11309	 -1.28225	 1.40561
142.54	 4.08108	 -0.545551	 -0.609359	 -2.14885	 -1.35061	 1.3825
142.56	 4.08837	 -0.548854	 -0.618149	 -2.18264	 -1.4176	 1.35821
142.58	 4.09428	 -0.55165	 -0.627155	 -2.21433	 -1.48313	 1.33277
142.6	 4.09881	 -0.553933	 -0.636346	 -2.24382	 -1.54714	 1.30621
142.62	 4.10194	 -0.555699	 -0.645692	 -2.271	 -1.60954	 1.2786
142.64	 4.10368	 -0.556942	 -0.655159	 -2.29577	 -1.67027	 1.24995
142.66	 4.10401	 -0.557659	 -0.664716	 -2.31803	 -1.72924	 1.22033
142.68	 4.10292	 -0.557848	 -0.674329	 -2.33768	 -1.7864	 1.18977
142.7	 4.10042	 -0.557504	 -0.683964	 -2.35462	 -1.84167	 1.15833
142.72	 4.0965	 -0.556628	 -0.693587	 -2.36876	 -1.89498	 1.12604
142.74	 4.09116	 -0.555218	 -0.703162	 -2.38002	 -1.94627	 1.09297
142.76	 4.08438	 -0.553273	 -0.712655	 -2.38831	 -1.99547	 1.05915
142.78	 4.07618	 -0.550793	 -0.72203	 -2.39356	 -2.04252	 1.02465
142.8	 4.06654	 -0.54778	 -0.731251	 -2.3957	 -2.08737	 0.989503
142.82	 4.05546	 -0.544234	 -0.740281	 -2.39465	 -2.12995	 0.953772
142.84	 4.04296	 -0.540158	 -0.749085	 -2.39036	 -2.17021	 0.917506
142.86	 4.02902	 -0.535555	 -0.757625	 -2.38276	 -2.2081	 0.880758
142.88	 4.01364	 -0.530427	 -0.765865	 -2.3718	 -2.24356	 0.843579
142.9	 3.99683	 -0.524779	 -0.773768	 -2.35745	 -2.27656	 0.806022
142.92	 3.9786	 -0.518616	 -0.781297	 -2.33965	 -2.30704	 0.768139
142.94	 3.95893	 -0.511943	 -0.788415	 -2.31839	 -2.33496	 0.729984
142.96	 3.93785	 -0.504767	 -0.795087	 -2.29363	 -2.36029	 0.691608
142.98	 3.91534	 -0.497095	 -0.801275	 -2.26536	 -2.38298	 0.653064
143	 3.89142	 -0.488934	 -0.806943	 -2.23357	 -2.40301	 0.614403
143.02	 3.8661	 -0.480292	 -0.812057	 -2.19825	 -2.42035	 0.575675
143.04	 3.83937	 -0.471178	 -0.81658	 -2.15941	 -2.43497	 0.536932
143.06	 3.81126	 -0.461601	 -0.820478	 -2.11704	 -2.44685	 0.498223
143.08	 3.78176	 -0.451571	 -0.823717	 -2.07118	 -2.45597	 0.459596
143.1	 3.75088	 -0.441097	 -0.826264	 -2.02183	 -2.46233	 0.421098
143.12	 3.71865	 -0.43019	 -0.828085	 -1.96901	 -2.46591	 0.382778
143.14	 3.68506	 -0.418861	 -0.829149	 -1.91277	 -2.4667	 0.34468
143.16	 3.65014	 -0.407122	 -0.829424	 -1.85314	 -2.46472	 0.30685
143.18	 3.61389	 -0.394985	 -0.82888	 -1.79016	 -2.45995	 0.26933
143.2	 3.57633	 -0.382463	 -0.827486	 -1.72389	 -2.45241	 0.232163
143.22	 3.53746	 -0.369568	 -0.825213	 -1.65438	 -2.44209	 0.195389
143.24	 3.49732	 -0.356313	 -0.822035	 -1.58171	 -2.42902	 0.159047
143.26	 3.4559	 -0.342714	 -0.817923	 -1.50594	 -2.41321	 0.123175
143.28	 3.41323	 -0.328784	 -0.812852	 -1.42715	 -2.39468	 0.0878087
143.3	 3.36933	 -0.314537	 -0.806797	 -1.34542	 -2.37344	 0.052982
143.32	 3.32421	 -0.299989	 -0.799735	 -1.26085	 -2.34954	 0.0187273
143.34	 3.27788	 -0.285155	 -0.791644	 -1.17353	 -2.32298	 -0.0149248
143.36	 3.23038	 -0.27005	 -0.782504	 -1.08355	 -2.29382	 -0.047946
143.38	 3.1817	 -0.254689	 -0.772294	 -0.991018	 -2.26208	 -0.0803098
143.4	 3.13189	 -0.23909	 -0.760996	 -0.896051	 -2.2278	 -0.111992
143.42	 3.08094	 -0.223267	 -0.748595	 -0.798761	 -2.19104	 -0.14297
143.44	 3.0289	 -0.207238	 -0.735076	 -0.699267	 -2.15182	 -0.173223
143.46	 2.97576	 -0.191018	 -0.720424	 -0.597694	 -2.11022	 -0.202734
143.48	 2.92156	 -0.174625	 -0.704628	 -0.494173	 -2.06626	 -0.231487
143.5	 2.86632	 -0.158076	 -0.687678	 -0.388838	 -2.02002	 -0.259467
143.52	 2.81005	 -0.141387	 -0.669566	 -0.281827	 -1.97154	 -0.286665
143.54	 2.75278	 -0.124575	 -0.650286	 -0.173282	 -1.92089	 -0.31307
143.56	 2.69454	 -0.107656	 -0.629832	 -0.0633512	 -1.86814	 -0.338678
143.58	 2.63533	 -0.0906485	 -0.608203	 0.0478162	 -1.81335	 -0.363484
143.6	 2.57519	 -0.0735682	 -0.585397	 0.160066	 -1.75658	 -0.387487
143.62	 2.51414	 -0.0564321	 -0.561415	 0.273241	 -1.69792	 -0.410687
143.64	 2.45219	 -0.0392572	 -0.536261	 0.38718	 -1.63743	 -0.433086
143.66	 2.38938	 -0.0220599	 -0.50994	 0.501722	 -1.57519	 -0.45469
143.68	 2.32572	 -0.0048571	 -0.482459	 0.616698	 -1.51128	 -0.475505
143.7	 2.26123	 0.012335	 -0.453826	 0.731942	 -1.44578	 -0.495543
143.72	 2.19595	 0.0294998	 -0.424055	 0.84728	 -1.37878	 -0.514813
143.74	 2.12988	 0.0466212	 -0.393157	 0.96254	 -1.31036	 -0.533329
143.76	 2.06306	 0.0636826	 -0.36115	 1.07755	 -1.2406	 -0.551107
143.78	 1.9955	 0.0806678	 -0.328052	 1.19212	 -1.1696	 -0.568162
143.8	 1.92724	 0.0975602	 -0.293882	 1.30608	 -1.09745	 -0.584512
143.82	 1.85828	 0.114343	 -0.258663	 1.41925	 -1.02424	 -0.600177
143.84	 1.78866	 0.131	 -0.222422	 1.53144	 -0.950052	 -0.615177
143.86	 1.71839	 0.147515	 -0.185185	 1.64246	 -0.874995	 -0.629534
143.88	 1.6475	 0.163869	 -0.146984	 1.75214	 -0.799161	 -0.643268
143.9	 1.57602	 0.180045	 -0.10785	 1.86027	 -0.722647	 -0.656403
143.92	 1.50396	 0.196026	 -0.0678203	 1.96667	 -0.64555	 -0.668963
143.94	 1.43135	 0.211792	 -0.0269326	 2.07114	 -0.567971	 -0.680969
143.96	 1.35821	 0.227325	 0.0147717	 2.17348	 -0.490008	 -0.692447
143.98	 1.28457	 0.242607	 0.0572485	 2.27351	 -0.411761	 -0.703421
144	 1.21046	 0.257617	 0.100451	 2.37101	 -0.333327	 -0.713914
144.02	 1.1359	 0.272336	 0.144329	 2.4658	 -0.254807	 -0.723952
144.04	 1.06092	 0.286746	 0.188829	 2.55768	 -0.176295	 -0.73356
144.06	 0.985553	 0.300827	 0.233895	 2.64648	 -0.0978873	 -0.742764
144.08	 0.909834	 0.314561	 0.279465	 2.73202	 -0.0196759	 -0.751588
144.1	 0.8338	 0.327929	 0.325477	 2.81414	 0.0582482	 -0.760059
144.12	 0.757492	 0.340912	 0.371863	 2.89266	 0.135791	 -0.768201
144.14	 0.680952	 0.353491	 0.418552	 2.96742	 0.21285	 -0.776037
144.16	 0.604227	 0.365645	 0.465469	 3.03826	 0.289318	 -0.783592
144.18	 0.527366	 0.377358	 0.512537	 3.10503	 0.365082	 -0.790888
144.2	 0.450418	 0.388611	 0.559676	 3.16756	 0.440024	 -0.797946
144.22	 0.373437	 0.399386	 0.606805	 3.22572	 0.514021	 -0.804785
144.24	 0.296477	 0.409666	 0.65384	 3.27939	 0.58695	 -0.811424
144.26	 0.219593	 0.419435	 0.700695	 3.32844	 0.658684	 -0.817878
144.28	 0.142841	 0.428674	 0.747284	 3.37274	 0.729095	 -0.82416
144.3	 0.0662789	 0.437369	 0.79352	 3.41221	 0.798057	 -0.830282
144.32	 -0.0100363	 0.445504	 0.839315	 3.44673	 0.865443	 -0.836254
144.34	 -0.0860475	 0.453064	 0.884581	 3.47622	 0.931128	 -0.842084
144.36	 -0.161698	 0.460036	 0.929232	 3.5006	 0.994991	 -0.84778
144.38	 -0.236931	 0.466407	 0.973179	 3.51981	 1.05691	 -0.853349
144.4	 -0.31169	 0.472165	 1.01634	 3.53378	 1.11677	 -0.858794
144.42	 -0.385919	 0.477301	 1.05862	 3.54248	 1.17446	 -0.864119
144.44	 -0.459563	 0.481804	 1.09995	 3.54586	 1.22987	 -0.869325
144.46	 -0.532565	 0.485665	 1.14023	 3.5439	 1.28288	 -0.874409
144.48	 -0.604872	 0.488876	 1.1794	 3.53658	 1.33341	 -0.879368
144.5	 -0.676431	 0.491429	 1.21736	 3.5239	 1.38135	 -0.884195
144.52	 -0.747189	 0.49332	 1.25406	 3.50586	 1.42662	 -0.888882
144.54	 -0.817097	 0.494541	 1.2894	 3.48247	 1.46914	 -0.89342
144.56	 -0.886104	 0.49509	 1.32332	 3.45376	 1.50884	 -0.897796
144.58	 -0.954162	 0.494962	 1.35576	 3.41977	 1.54567	 -0.901998
144.6	 -1.02122	 0.494157	 1.38665	 3.38054	 1.57956	 -0.906011
144.62	 -1.08724	 0.492673	 1.41592	 3.33613	 1.61046	 -0.909822
144.64	 -1.15217	 0.49051	 1.44353	 3.28662	 1.63832	 -0.913411
144.66	 -1.21596	 0.487671	 1.4694	 3.23209	 1.66308	 -0.91676
144.68	 -1.27857	 0.484158	 1.49349	 3.17264	 1.68471	 -0.919846
144.7	 -1.33996	 0.479976	 1.51574	 3.10838	 1.70314	 -0.922644
144.72	 -1.40007	 0.475129	 1.53611	 3.03945	 1.71834	 -0.925125
144.74	 -1.45887	 0.469624	 1.55456	 2.96596	 1.73027	 -0.927261
144.76	 -1.51632	 0.46347	 1.57104	 2.88808	 1.73892	 -0.929021
144.78	 -1.57237	 0.456675	 1.58553	 2.80595	 1.74426	 -0.930372
144.8	 -1.62699	 0.449249	 1.59799	 2.71975	 1.74628	 -0.931283
144.82	 -1.68015	 0.441204	 1.60839	 2.62966	 1.74499	 -0.931719
144.84	 -1.73179	 0.432553	 1.61671	 2.53586	 1.74039	 -0.931646
144.86	 -1.7819	 0.423308	 1.62294	 2.43855	 1.73249	 -0.931027
144.88	 -1.83043	 0.413484	 1.62705	 2.33795	 1.72129	 -0.929826
144.9	 -1.87735	 0.403097	 1.62903	 2.23425	 1.70683	 -0.928005
144.92	 -1.92263	 0.392163	 1.62889	 2.12767	 1.68913	 -0.925524
144.94	 -1.96623	 0.380699	 1.62661	 2.01846	 1.66823	 -0.922346
144.96	 -2.00814	 0.368725	 1.6222	 1.90683	 1.64415	 -0.918432
144.98	 -2.04832	 0.356259	 1.61566	 1.79303	 1.61696	 -0.913743
145	 -2.08674	 0.343322	 1.60701	 1.6773	 1.5867	 -0.908242
145.02	 -2.12339	 0.329934	 1.59626	 1.55988	 1.55344	 -0.901891
145.04	 -2.15823	 0.316117	 1.58343	 1.44103	 1.51724	 -0.894655
145.06	 -2.19124	 0.301894	 1.56854	 1.321	 1.47819	 -0.886497
145.08	 -2.22241	 0.287288	 1.55162	 1.20003	 1.43635	 -0.877384
145.1	 -2.25171	 0.272321	 1.5327	 1.07839	 1.39181	 -0.867282
145.12	 -2.27912	 0.257019	 1.51181	 0.956317	 1.34466	 -0.85616
145.14	 -2.30464	 0.241407	 1.48899	 0.834068	 1.29498	 -0.843991
145.16	 -2.32825	 0.225512	 1.46426	 0.711891	 1.24285	 -0.830755
145.18	 -2.34994	 0.209363	 1.43766	 0.590033	 1.18833	 -0.81643
145.2	 -2.36971	 0.192988	 1.40922	 0.468737	 1.13151	 -0.801
145.22	 -2.38756	 0.176417	 1.37898	 0.348243	 1.07246	 -0.784449
145.24	 -2.40348	 0.159677	 1.34699	 0.228786	 1.01128	 -0.766763
145.26	 -2.41747	 0.142798	 1.31328	 0.110594	 0.948054	 -0.747931
145.28	 -2.42952	 0.125806	 1.2779	 -0.00610569	 0.882884	 -0.727943
145.3	 -2.43966	 0.108728	 1.24091	 -0.121096	 0.815852	 -0.706788
145.32	 -2.44788	 0.091588	 1.20234	 -0.234163	 0.747036	 -0.684456
145.34	 -2.45419	 0.0744111	 1.16224	 -0.345102	 0.676511	 -0.660941
145.36	 -2.45861	 0.0572219	 1.12065	 -0.453714	 0.604352	 -0.636242
145.38	 -2.46115	 0.0400451	 1.07762	 -0.559812	 0.53064	 -0.61036
145.4	 -2.46183	 0.0229056	 1.03321	 -0.663216	 0.455457	 -0.5833
145.42	 -2.46067	 0.00582842	 0.987457	 -0.763756	 0.378894	 -0.555073
145.44	 -2.45767	 -0.0111621	 0.940433	 -0.861275	 0.301046	 -0.52569
145.46	 -2.45287	 -0.0280419	 0.892196	 -0.955625	 0.222009	 -0.495167
145.48	 -2.44627	 -0.0447876	 0.84281	 -1.04667	 0.141881	 -0.463524
145.5	 -2.43791	 -0.0613766	 0.792341	 -1.13428	 0.0607614	 -0.430782
145.52	 -2.4278	 -0.0777867	 0.740853	 -1.21834	 -0.0212533	 -0.396968
145.54	 -2.41597	 -0.0939966	 0.688414	 -1.29874	 -0.104066	 -0.36211
145.56	 -2.40245	 -0.109986	 0.635093	 -1.37541	 -0.18758	 -0.326242
145.58	 -2.38727	 -0.125733	 0.580957	 -1.44825	 -0.271699	 -0.289398
145.6	 -2.37044	 -0.141221	 0.526079	 -1.51719	 -0.356326	 -0.251618
145.62	 -2.35201	 -0.15643	 0.470529	 -1.58219	 -0.441364	 -0.212944
145.64	 -2.33201	 -0.171341	 0.414379	 -1.64319	 -0.526716	 -0.17342
145.66	 -2.31046	 -0.18594	 0.357705	 -1.70017	 -0.612285	 -0.133093
145.68	 -2.2874	 -0.200208	 0.300579	 -1.7531	 -0.697975	 -0.0920158
145.7	 -2.26287	 -0.214132	 0.243077	 -1.80198	 -0.78369	 -0.0502397
145.72	 -2.2369	 -0.227697	 0.185274	 -1.84681	 -0.869337	 -0.00782073
145.74	 -2.20952	 -0.240889	 0.127246	 -1.88759	 -0.954823	 0.0351831
145.76	 -2.18078	 -0.253697	 0.0690665	 -1.92437	 -1.04006	 0.0787117
145.78	 -2.15071	 -0.266108	 0.0108117	 -1.95716	 -1.12495	 0.122703
145.8	 -2.11935	 -0.278113	 -0.0474437	 -1.98602	 -1.20942	 0.167092
145.82	 -2.08674	 -0.289701	 -0.105625	 -2.01099	 -1.29338	 0.211815
145.84	 -2.05292	 -0.300863	 -0.163659	 -2.03214	 -1.37675	 0.256804
145.86	 -2.01793	 -0.311593	 -0.221472	 -2.04955	 -1.45943	 0.301991
145.88	 -1.9818	 -0.321884	 -0.27899	 -2.06328	 -1.54137	 0.347308
145.9	 -1.94459	 -0.331728	 -0.336142	 -2.07344	 -1.62247	 0.392683
145.92	 -1.90633	 -0.341122	 -0.392856	 -2.08011	 -1.70267	 0.438047
145.94	 -1.86707	 -0.350062	 -0.449064	 -2.08339	 -1.78189	 0.483328
145.96	 -1.82684	 -0.358543	 -0.504695	 -2.08339	 -1.86006	 0.528455
145.98	 -1.78569	 -0.366564	 -0.559683	 -2.08023	 -1.93712	 0.573355
146	 -1.74366	 -0.374124	 -0.613962	 -2.07403	 -2.01301	 0.617958
146.02	 -1.70079	 -0.381221	 -0.667466	 -2.0649	 -2.08766	 0.662192
146.04	 -1.65713	 -0.387857	 -0.720134	 -2.05297	 -2.16101	 0.705986
146.06	 -1.61271	 -0.394031	 -0.771903	 -2.03839	 -2.23302	 0.749269
146.08	 -1.56759	 -0.399747	 -0.822715	 -2.02127	 -2.30361	 0.791973
146.1	 -1.52179	 -0.405006	 -0.872511	 -2.00177	 -2.37276	 0.834028
146.12	 -1.47537	 -0.409812	 -0.921237	 -1.98001	 -2.4404	 0.875368
146.14	 -1.42837	 -0.414169	 -0.968839	 -1.95614	 -2.50651	 0.915925
146.16	 -1.38082	 -0.418081	 -1.01527	 -1.9303	 -2.57102	 0.955637
146.18	 -1.33276	 -0.421555	 -1.06047	 -1.90264	 -2.63392	 0.994438
146.2	 -1.28425	 -0.424596	 -1.1044	 -1.87329	 -2.69516	 1.03227
146.22	 -1.2353	 -0.427223	 -1.14703	 -1.8424	 -2.75473	 1.0691
146.24	 -1.18597	 -0.429456	 -1.18831	 -1.81011	 -2.81262	 1.10488
146.26	 -1.13629	 -0.431315	 -1.22823	 -1.77655	 -2.86882	 1.1396
146.28	 -1.08628	 -0.432823	 -1.26675	 -1.74185	 -2.92332	 1.17321
146.3	 -1.036	 -0.433998	 -1.30385	 -1.70615	 -2.97613	 1.20569
146.32	 -0.985466	 -0.434859	 -1.3395	 -1.66957	 -3.02723	 1.237
146.34	 -0.934721	 -0.43542	 -1.37367	 -1.63225	 -3.07662	 1.26711
146.36	 -0.883798	 -0.435695	 -1.40636	 -1.59432	 -3.12431	 1.29598
146.38	 -0.83273	 -0.435694	 -1.43754	 -1.55591	 -3.1703	 1.32356
146.4	 -0.78155	 -0.435426	 -1.46719	 -1.51713	 -3.21459	 1.34982
146.42	 -0.73029	 -0.434903	 -1.49531	 -1.47813	 -3.25719	 1.37472
146.44	 -0.678981	 -0.434136	 -1.52187	 -1.439	 -3.29811	 1.39824
146.46	 -0.627654	 -0.433139	 -1.54688	 -1.39988	 -3.33737	 1.42033
146.48	 -0.576342	 -0.431924	 -1.57033	 -1.36086	 -3.37498	 1.44099
146.5	 -0.525074	 -0.430504	 -1.59221	 -1.32204	 -3.41093	 1.46018
146.52	 -0.47388	 -0.428891	 -1.61252	 -1.28354	 -3.44526	 1.47788
146.54	 -0.42279	 -0.427098	 -1.63126	 -1.24544	 -3.47797	 1.49407
146.56	 -0.371833	 -0.425136	 -1.64842	 -1.20783	 -3.50907	 1.50874
146.58	 -0.321037	 -0.423017	 -1.66401	 -1.17079	 -3.53857	 1.52187
146.6	 -0.270431	 -0.420751	 -1.67803	 -1.13442	 -3.5665	 1.53345
146.62	 -0.22004	 -0.418349	 -1.69049	 -1.09877	 -3.59287	 1.54347
146.64	 -0.169893	 -0.415823	 -1.7014	 -1.06394	 -3.6177	 1.55191
146.66	 -0.120014	 -0.413182	 -1.71077	 -1.02997	 -3.641	 1.55878
146.68	 -0.0704306	 -0.410437	 -1.7186	 -0.996931	 -3.6628	 1.56407
146.7	 -0.0211669	 -0.407598	 -1.72492	 -0.964875	 -3.6831	 1.56778
146.72	 0.0277524	 -0.404674	 -1.72973	 -0.933852	 -3.70193	 1.56992
146.74	 0.0763035	 -0.401674	 -1.73306	 -0.903903	 -3.71931	 1.57048
146.76	 0.124463	 -0.398608	 -1.73492	 -0.875069	 -3.73525	 1.56948
146.78	 0.172209	 -0.395484	 -1.73533	 -0.847381	 -3.74978	 1.56691
146.8	 0.219518	 -0.392309	 -1.73432	 -0.820868	 -3.76292	 1.5628
146.82	 0.266369	 -0.389092	 -1.73191	 -0.795553	 -3.77468	 1.55716
146.84	 0.312741	 -0.385839	 -1.72812	 -0.771452	 -3.78508	 1.54999
146.86	 0.358615	 -0.382556	 -1.72298	 -0.74858	 -3.79415	 1.54131
146.88	 0.403969	 -0.379251	 -1.71653	 -0.726943	 -3.80191	 1.53115
146.9	 0.448786	 -0.375929	 -1.70878	 -0.706544	 -3.80837	 1.51953
146.92	 0.493047	 -0.372597	 -1.69977	 -0.687381	 -3.81356	 1.50647
146.94	 0.536733	 -0.369259	 -1.68953	 -0.669447	 -3.8175	 1.49199
146.96	 0.579829	 -0.365921	 -1.6781	 -0.65273	 -3.82021	 1.47612
146.98	 0.622322	 -0.362585	 -1.66552	 -0.637165	 -3.8217	 1.4589
147	 0.664204	 -0.359254	 -1.65182	 -0.622686	 -3.82199	 1.44037
147.02	 0.70547	 -0.355931	 -1.63704	 -0.609228	 -3.82109	 1.42058
147.04	 0.746112	 -0.352621	 -1.62124	 -0.59672	 -3.819	 1.39955
147.06	 0.786125	 -0.349324	 -1.60444	 -0.585092	 -3.81573	 1.37734
147.08	 0.825502	 -0.346044	 -1.58671	 -0.574269	 -3.8113	 1.35399
147.1	 0.864235	 -0.342778	 -1.56808	 -0.564175	 -3.80571	 1.32954
147.12	 0.902309	 -0.339524	 -1.5486	 -0.55473	 -3.799	 1.30402
147.14	 0.939709	 -0.336277	 -1.52834	 -0.54586	 -3.79121	 1.27747
147.16	 0.976428	 -0.333036	 -1.50734	 -0.537549	 -3.78236	 1.24992
147.18	 1.01246	 -0.329792	 -1.48569	 -0.529755	 -3.77251	 1.22138
147.2	 1.04779	 -0.326537	 -1.46343	 -0.522437	 -3.76168	 1.19189
147.22	 1.08243	 -0.323264	 -1.44065	 -0.515553	 -3.74992	 1.16147
147.24	 1.11636	 -0.319965	 -1.41741	 -0.509057	 -3.73725	 1.13015
147.26	 1.14959	 -0.31663	 -1.39378	 -0.502902	 -3.7237	 1.09795
147.28	 1.18211	 -0.313253	 -1.36982	 -0.497037	 -3.70933	 1.06491
147.3	 1.21391	 -0.309822	 -1.3456	 -0.491413	 -3.69417	 1.03107
147.32	 1.24498	 -0.306332	 -1.3212	 -0.485974	 -3.67826	 0.996439
147.34	 1.27531	 -0.302772	 -1.29668	 -0.480666	 -3.66166	 0.961068
147.36	 1.3049	 -0.299135	 -1.27212	 -0.475434	 -3.64445	 0.924988
147.38	 1.33372	 -0.295412	 -1.24762	 -0.47022	 -3.62669	 0.888234
147.4	 1.36178	 -0.291594	 -1.22323	 -0.464966	 -3.60844	 0.850842
147.42	 1.38905	 -0.287672	 -1.19905	 -0.459614	 -3.58979	 0.812847
147.44	 1.41552	 -0.283637	 -1.17516	 -0.454106	 -3.5708	 0.774284
147.46	 1.4412	 -0.279478	 -1.15164	 -0.448382	 -3.55155	 0.735191
147.48	 1.46607	 -0.275185	 -1.12855	 -0.442386	 -3.53209	 0.695602
147.5	 1.49013	 -0.270749	 -1.10599	 -0.436057	 -3.5125	 0.655554
147.52	 1.51336	 -0.266159	 -1.08403	 -0.429339	 -3.49284	 0.615083
147.54	 1.53575	 -0.261405	 -1.06274	 -0.422174	 -3.47319	 0.574228
147.56	 1.55731	 -0.25648	 -1.0422	 -0.414505	 -3.45361	 0.533025
147.58	 1.57802	 -0.251372	 -1.02247	 -0.406275	 -3.43417	 0.491515
147.6	 1.59787	 -0.246074	 -1.00364	 -0.39743	 -3.41494	 0.449732
147.62	 1.61686	 -0.240576	 -0.98577	 -0.387915	 -3.39599	 0.407717
147.64	 1.63498	 -0.234869	 -0.968929	 -0.377678	 -3.37738	 0.365506
147.66	 1.65223	 -0.228947	 -0.953185	 -0.366668	 -3.35917	 0.32314
147.68	 1.6686	 -0.222801	 -0.938602	 -0.354835	 -3.34143	 0.280657
147.7	 1.68409	 -0.216423	 -0.92524	 -0.342133	 -3.32421	 0.238095
147.72	 1.69868	 -0.209807	 -0.913159	 -0.328515	 -3.30757	 0.195493
147.74	 1.71238	 -0.202947	 -0.902416	 -0.313937	 -3.29156	 0.15289
147.76	 1.72519	 -0.195836	 -0.893062	 -0.298359	 -3.27624	 0.110324
147.78	 1.73709	 -0.18847	 -0.88515	 -0.281741	 -3.26165	 0.0678357
147.8	 1.7481	 -0.180844	 -0.878727	 -0.264046	 -3.24784	 0.0254625
147.82	 1.75819	 -0.172954	 -0.873838	 -0.245241	 -3.23485	 -0.0167565
147.84	 1.76738	 -0.164797	 -0.870524	 -0.225292	 -3.22273	 -0.0587829
147.86	 1.77566	 -0.156369	 -0.868824	 -0.204171	 -3.21151	 -0.100579
147.88	 1.78302	 -0.147669	 -0.868772	 -0.181853	 -3.20123	 -0.142106
147.9	 1.78948	 -0.138695	 -0.870401	 -0.158312	 -3.19191	 -0.183328
147.92	 1.79502	 -0.129446	 -0.873739	 -0.133531	 -3.18358	 -0.224207
147.94	 1.79965	 -0.119921	 -0.87881	 -0.107491	 -3.17626	 -0.264709
147.96	 1.80337	 -0.110122	 -0.885635	 -0.0801809	 -3.16998	 -0.304796
147.98	 1.80618	 -0.100048	 -0.894231	 -0.0515901	 -3.16475	 -0.344433
148	 1.80809	 -0.0897019	 -0.904613	 -0.0217131	 -3.16059	 -0.383588
148.02	 1.80908	 -0.0790858	 -0.916789	 0.00945252	 -3.1575	 -0.422225
148.04	 1.80917	 -0.0682027	 -0.930767	 0.0419053	 -3.15549	 -0.460312
148.06	 1.80836	 -0.0570565	 -0.94655	 0.0756403	 -3.15456	 -0.497816
148.08	 1.80666	 -0.0456515	 -0.964135	 0.110649	 -3.15471	 -0.534707
148.1	 1.80406	 -0.033993	 -0.983519	 0.146919	 -3.15594	 -0.570953
148.12	 1.80056	 -0.0220868	 -1.00469	 0.184434	 -3.15824	 -0.606526
148.14	 1.79619	 -0.00993933	 -1.02765	 0.223176	 -3.16159	 -0.641395
148.16	 1.79093	 0.00244225	 -1.05236	 0.263122	 -3.16599	 -0.675534
148.18	 1.7848	 0.0150501	 -1.07883	 0.304245	 -3.17141	 -0.708916
148.2	 1.7778	 0.0278759	 -1.10701	 0.346515	 -3.17784	 -0.741515
148.22	 1.76994	 0.0409106	 -1.13689	 0.3899	 -3.18524	 -0.773306
148.24	 1.76123	 0.0541445	 -1.16844	 0.434365	 -3.1936	 -0.804267
148.26	 1.75166	 0.0675676	 -1.20163	 0.479868	 -3.20288	 -0.834375
148.28	 1.74125	 0.0811692	 -1.23642	 0.526369	 -3.21304	 -0.86361
148.3	 1.73001	 0.0949386	 -1.27277	 0.573821	 -3.22407	 -0.891952
148.32	 1.71795	 0.108868	 -1.31065	 0.622176	 -3.23591	 -0.919392
148.34	 1.70507	 0.122951	 -1.35001	 0.67138	 -3.24854	 -0.945922
148.36	 1.69138	 0.137179	 -1.39081	 0.721378	 -3.26192	 -0.971537
148.38	 1.67689	 0.151542	 -1.43301	 0.77211	 -3.27602	 -0.996226
148.4	 1.66162	 0.166023	 -1.47656	 0.823515	 -3.29081	 -1.01997
148.42	 1.64556	 0.180601	 -1.52143	 0.875534	 -3.30625	 -1.04273
148.44	 1.62873	 0.195256	 -1.56756	 0.928105	 -3.32232	 -1.06451
148.46	 1.61115	 0.209967	 -1.6149	 0.981166	 -3.33898	 -1.08527
148.48	 1.59282	 0.224714	 -1.66341	 1.03465	 -3.3562	 -1.105
148.5	 1.57374	 0.239476	 -1.71303	 1.0885	 -3.37392	 -1.12368
148.52	 1.55395	 0.254235	 -1.76369	 1.14264	 -3.39212	 -1.14132
148.54	 1.53344	 0.268971	 -1.81534	 1.19699	 -3.41072	 -1.15789
148.56	 1.51222	 0.283663	 -1.86793	 1.25148	 -3.4297	 -1.17338
148.58	 1.49032	 0.29829	 -1.92138	 1.30604	 -3.44901	 -1.18778
148.6	 1.46775	 0.312827	 -1.97563	 1.3606	 -3.46859	 -1.20108
148.62	 1.44451	 0.327255	 -2.03062	 1.41506	 -3.48841	 -1.21328
148.64	 1.42063	 0.341562	 -2.0863	 1.46936	 -3.50843	 -1.22438
148.66	 1.39612	 0.355739	 -2.14262	 1.5234	 -3.52862	 -1.23442
148.68	 1.37101	 0.36978	 -2.1995	 1.57712	 -3.54896	 -1.24341
148.7	 1.3453	 0.383675	 -2.2569	 1.63041	 -3.56941	 -1.25138
148.72	 1.31902	 0.397416	 -2.31477	 1.68319	 -3.58995	 -1.25835
148.74	 1.29219	 0.410991	 -2.37302	 1.73537	 -3.61052	 -1.26433
148.76	 1.26482	 0.424389	 -2.43162	 1.78686	 -3.63109	 -1.26935
148.78	 1.23693	 0.437596	 -2.49048	 1.83758	 -3.65162	 -1.27343
148.8	 1.20855	 0.450602	 -2.54954	 1.88744	 -3.67205	 -1.27659
148.82	 1.17968	 0.463403	 -2.60874	 1.93641	 -3.69235	 -1.27885
148.84	 1.15034	 0.475999	 -2.66801	 1.98448	 -3.71245	 -1.28023
148.86	 1.12056	 0.488392	 -2.7273	 2.03162	 -3.73231	 -1.28074
148.88	 1.09036	 0.500585	 -2.78654	 2.0778	 -3.75186	 -1.28041
148.9	 1.05974	 0.512581	 -2.84566	 2.12297	 -3.77105	 -1.27927
148.92	 1.02873	 0.524381	 -2.90461	 2.16712	 -3.78982	 -1.27734
148.94	 0.997355	 0.535986	 -2.96333	 2.21021	 -3.80812	 -1.27464
148.96	 0.965621	 0.547396	 -3.02174	 2.25222	 -3.8259	 -1.27121
148.98	 0.933542	 0.558615	 -3.07981	 2.29311	 -3.84313	 -1.26707
149	 0.901126	 0.569646	 -3.13748	 2.33287	 -3.85979	 -1.26226
149.02	 0.868381	 0.580494	 -3.19472	 2.37145	 -3.87588	 -1.25683
149.04	 0.835312	 0.591164	 -3.25148	 2.40884	 -3.89137	 -1.2508
149.06	 0.801929	 0.60166	 -3.30771	 2.44499	 -3.90626	 -1.24422
149.08	 0.768241	 0.611984	 -3.36339	 2.47988	 -3.92053	 -1.23712
149.1	 0.734258	 0.622141	 -3.41845	 2.51346	 -3.93414	 -1.22954
149.12	 0.69999	 0.63213	 -3.47285	 2.5457	 -3.94709	 -1.22151
149.14	 0.665443	 0.641951	 -3.52656	 2.57655	 -3.95935	 -1.21306
149.16	 0.63062	 0.6516	 -3.57955	 2.60599	 -3.97094	 -1.20422
149.18	 0.59552	 0.661075	 -3.63179	 2.63396	 -3.98186	 -1.19502
149.2	 0.560143	 0.670373	 -3.68324	 2.66042	 -3.99211	 -1.1855
149.22	 0.524491	 0.679491	 -3.73388	 2.68533	 -4.00171	 -1.17568
149.24	 0.488565	 0.688426	 -3.78368	 2.70864	 -4.01064	 -1.16561
149.26	 0.452368	 0.697176	 -3.83262	 2.73031	 -4.01892	 -1.15531
149.28	 0.415904	 0.705739	 -3.88066	 2.75028	 -4.02654	 -1.14481
149.3	 0.379175	 0.714115	 -3.92777	 2.76857	 -4.03347	 -1.13413
149.32	 0.342182	 0.722302	 -3.97392	 2.78516	 -4.03968	 -1.12324
149.34	 0.304926	 0.730298	 -4.01906	 2.80003	 -4.04511	 -1.11214
149.36	 0.267406	 0.738102	 -4.06319	 2.81317	 -4.04974	 -1.1008
149.38	 0.229623	 0.745715	 -4.10626	 2.82456	 -4.05352	 -1.08923
149.4	 0.191579	 0.753137	 -4.14825	 2.8342	 -4.05643	 -1.07742
149.42	 0.153279	 0.76037	 -4.18913	 2.84208	 -4.05845	 -1.06537
149.44	 0.114727	 0.767417	 -4.22888	 2.84822	 -4.05956	 -1.0531
149.46	 0.075926	 0.774276	 -4.26748	 2.8526	 -4.05973	 -1.04061
149.48	 0.0368784	 0.780948	 -4.30491	 2.85522	 -4.05895	 -1.02789
149.5	 -0.00241299	 0.787432	 -4.34112	 2.85609	 -4.05719	 -1.01495
149.52	 -0.0419452	 0.793728	 -4.37612	 2.85519	 -4.05442	 -1.00179
149.54	 -0.0817147	 0.799837	 -4.40986	 2.85253	 -4.05061	 -0.988409
149.56	 -0.121717	 0.805759	 -4.44233	 2.8481	 -4.04575	 -0.974809
149.58	 -0.161948	 0.811495	 -4.47352	 2.8419	 -4.03981	 -0.960995
149.6	 -0.202401	 0.817047	 -4.50339	 2.83393	 -4.03276	 -0.946971
149.62	 -0.243071	 0.822415	 -4.53194	 2.82419	 -4.02459	 -0.932741
149.64	 -0.283952	 0.8276	 -4.55915	 2.81267	 -4.01527	 -0.918311
149.66	 -0.325037	 0.832604	 -4.585	 2.79939	 -4.00479	 -0.903685
149.68	 -0.366319	 0.837427	 -4.60948	 2.78434	 -3.99313	 -0.888868
149.7	 -0.407791	 0.84207	 -4.63257	 2.76751	 -3.98026	 -0.873866
149.72	 -0.449445	 0.846534	 -4.65427	 2.74892	 -3.96618	 -0.858684
149.74	 -0.491273	 0.85082	 -4.67456	 2.72856	 -3.95085	 -0.843328
149.76	 -0.533266	 0.85493	 -4.69342	 2.70644	 -3.93427	 -0.827804
149.78	 -0.575415	 0.858864	 -4.71086	 2.68256	 -3.91641	 -0.812118
149.8	 -0.617711	 0.862624	 -4.72686	 2.65692	 -3.89726	 -0.796277
149.82	 -0.660142	 0.86621	 -4.74142	 2.62953	 -3.8768	 -0.780288
149.84	 -0.702699	 0.869625	 -4.75452	 2.60038	 -3.85502	 -0.764156
149.86	 -0.74537	 0.872868	 -4.76618	 2.5695	 -3.8319	 -0.747889
149.88	 -0.788144	 0.875942	 -4.77637	 2.53687	 -3.80743	 -0.731494
149.9	 -0.831009	 0.878847	 -4.78511	 2.50252	 -3.78158	 -0.714978
149.92	 -0.873953	 0.881584	 -4.79239	 2.46644	 -3.75436	 -0.698347
149.94	 -0.916963	 0.884155	 -4.79821	 2.42865	 -3.72573	 -0.681608
149.96	 -0.960025	 0.88656	 -4.80257	 2.38915	 -3.6957	 -0.664769
149.98	 -1.00313	 0.888801	 -4.80548	 2.34796	 -3.66425	 -0.647837
150	 -1.04625	 0.890877	 -4.80693	 2.30509	 -3.63137	 -0.630818
150.02	 -1.08938	 0.892791	 -4.80694	 2.26055	 -3.59704	 -0.613719
150.04	 -1.13251	 0.894543	 -4.80551	 2.21435	 -3.56127	 -0.596547
150.06	 -1.17562	 0.896133	 -4.80264	 2.16652	 -3.52402	 -0.579308
150.08	 -1.21868	 0.897563	 -4.79835	 2.11706	 -3.48531	 -0.56201
150.1	 -1.2617	 0.898833	 -4.79265	 2.066	 -3.44512	 -0.544659
150.12	 -1.30463	 0.899943	 -4.78554	 2.01334	 -3.40344	 -0.527261
150.14	 -1.34748	 0.900896	 -4.77705	 1.95913	 -3.36027	 -0.509822
150.16	 -1.39022	 0.901689	 -4.76718	 1.90338	 -3.31561	 -0.492349
150.18	 -1.43283	 0.902325	 -4.75595	 1.8461	 -3.26944	 -0.474847
150.2	 -1.47529	 0.902803	 -4.74337	 1.78733	 -3.22176	 -0.457322
150.22	 -1.51758	 0.903123	 -4.72947	 1.72709	 -3.17258	 -0.439777
150.24	 -1.55969	 0.903286	 -4.71426	 1.6654	 -3.12188	 -0.422219
150.26	 -1.60159	 0.90329	 -4.69775	 1.6023	 -3.06968	 -0.404651
150.28	 -1.64325	 0.903136	 -4.67999	 1.53782	 -3.01596	 -0.387077
150.3	 -1.68466	 0.902824	 -4.66097	 1.47199	 -2.96074	 -0.369501
150.32	 -1.7258	 0.902353	 -4.64073	 1.40484	 -2.90401	 -0.351927
150.34	 -1.76664	 0.901722	 -4.6193	 1.3364	 -2.84578	 -0.334356
150.36	 -1.80716	 0.900932	 -4.59669	 1.26673	 -2.78607	 -0.316791
150.38	 -1.84734	 0.899981	 -4.57294	 1.19586	 -2.72487	 -0.299235
150.4	 -1.88715	 0.898869	 -4.54807	 1.12382	 -2.66219	 -0.281688
150.42	 -1.92657	 0.897594	 -4.52211	 1.05066	 -2.59806	 -0.264151
150.44	 -1.96557	 0.896157	 -4.49509	 0.976418	 -2.53248	 -0.246625
150.46	 -2.00413	 0.894555	 -4.46704	 0.901147	 -2.46547	 -0.22911
150.48	 -2.04223	 0.892787	 -4.438	 0.824891	 -2.39704	 -0.211605
150.5	 -2.07984	 0.890852	 -4.40799	 0.747698	 -2.32723	 -0.19411
150.52	 -2.11693	 0.88875	 -4.37705	 0.669618	 -2.25605	 -0.176622
150.54	 -2.15348	 0.886477	 -4.34521	 0.5907	 -2.18352	 -0.15914
150.56	 -2.18947	 0.884033	 -4.31251	 0.510997	 -2.10969	 -0.141662
150.58	 -2.22487	 0.881417	 -4.27898	 0.430561	 -2.03457	 -0.124184
150.6	 -2.25965	 0.878625	 -4.24466	 0.349445	 -1.95822	 -0.106703
150.62	 -2.2938	 0.875658	 -4.20958	 0.267703	 -1.88065	 -0.0892158
150.64	 -2.32727	 0.872512	 -4.17379	 0.18539	 -1.80192	 -0.0717174
150.66	 -2.36006	 0.869186	 -4.13732	 0.102559	 -1.72206	 -0.0542034
150.68	 -2.39213	 0.865679	 -4.10021	 0.0192689	 -1.64114	 -0.0366686
150.7	 -2.42346	 0.861987	 -4.0625	 -0.0644269	 -1.55918	 -0.0191075
150.72	 -2.45403	 0.85811	 -4.02423	 -0.148472	 -1.47626	 -0.00151428
150.74	 -2.4838	 0.854045	 -3.98543	 -0.23281	 -1.39241	 0.0161173
150.76	 -2.51276	 0.849791	 -3.94615	 -0.317383	 -1.30771	 0.0337936
150.78	 -2.54088	 0.845346	 -3.90643	 -0.402131	 -1.22219	 0.0515216
150.8	 -2.56815	 0.840709	 -3.8663	 -0.486995	 -1.13593	 0.0693081
150.82	 -2.59453	 0.835879	 -3.82581	 -0.57191	 -1.04898	 0.0871603
150.84	 -2.62	 0.830854	 -3.785	 -0.656812	 -0.961388	 0.105086
150.86	 -2.64455	 0.825635	 -3.74389	 -0.741636	 -0.873223	 0.123091
150.88	 -2.66815	 0.82022	 -3.70254	 -0.826317	 -0.784541	 0.141186
150.9	 -2.69078	 0.81461	 -3.66098	 -0.910789	 -0.695402	 0.159376
150.92	 -2.71243	 0.808805	 -3.61925	 -0.994986	 -0.605869	 0.17767
150.94	 -2.73306	 0.802805	 -3.57739	 -1.07885	 -0.516004	 0.196077
150.96	 -2.75268	 0.79661	 -3.53544	 -1.1623	 -0.425871	 0.214604
150.98	 -2.77124	 0.79022	 -3.49343	 -1.24529	 -0.335535	 0.233258
151	 -2.78875	 0.783637	 -3.45139	 -1.32776	 -0.245062	 0.252049
151.02	 -2.80517	 0.776862	 -3.40938	 -1.40962	 -0.154516	 0.270983
151.04	 -2.8205	 0.769897	 -3.36742	 -1.49083	 -0.0639624	 0.290069
151.06	 -2.83472	 0.762743	 -3.32554	 -1.57131	 0.0265329	 0.309314
151.08	 -2.84782	 0.755403	 -3.28379	 -1.651	 0.116905	 0.328726
151.1	 -2.85978	 0.74788	 -3.24219	 -1.72984	 0.20709	 0.348311
151.12	 -2.87058	 0.740176	 -3.20078	 -1.80776	 0.297021	 0.368077
151.14	 -2.88022	 0.732295	 -3.1596	 -1.8847	 0.386634	 0.388031
151.16	 -2.88868	 0.72424	 -3.11867	 -1.96059	 0.475862	 0.408178
151.18	 -2.89596	 0.716016	 -3.07803	 -2.03538	 0.564639	 0.428524
151.2	 -2.90204	 0.707627	 -3.03771	 -2.109	 0.6529	 0.449076
151.22	 -2.90691	 0.699076	 -2.99774	 -2.18141	 0.740578	 0.469836
151.24	 -2.91057	 0.69037	 -2.95814	 -2.25253	 0.827609	 0.490812
151.26	 -2.91301	 0.681514	 -2.91895	 -2.32232	 0.913929	 0.512005
151.28	 -2.91421	 0.672513	 -2.8802	 -2.39071	 0.999475	 0.53342
151.3	 -2.91419	 0.663374	 -2.8419	 -2.45766	 1.08418	 0.55506
151.32	 -2.91292	 0.654103	 -2.80409	 -2.5231	 1.168	 0.576927
151.34	 -2.91042	 0.644707	 -2.76679	 -2.58699	 1.25085	 0.599022
151.36	 -2.90666	 0.635194	 -2.73002	 -2.64928	 1.33269	 0.621347
151.38	 -2.90166	 0.625569	 -2.69381	 -2.70992	 1.41345	 0.643901
151.4	 -2.89541	 0.615843	 -2.65818	 -2.76886	 1.49308	 0.666684
151.42	 -2.88792	 0.606021	 -2.62314	 -2.82606	 1.57152	 0.689695
151.44	 -2.87917	 0.596114	 -2.58872	 -2.88148	 1.64872	 0.712932
151.46	 -2.86918	 0.586129	 -2.55493	 -2.93507	 1.72462	 0.736392
151.48	 -2.85794	 0.576076	 -2.52179	 -2.9868	 1.79918	 0.760069
151.5	 -2.84546	 0.565963	 -2.48931	 -3.03664	 1.87234	 0.783951
151.52	 -2.83175	 0.555799	 -2.45751	 -3.08457	 1.94408	 0.808026
151.54	 -2.8168	 0.545594	 -2.42641	 -3.13056	 2.01433	 0.83228
151.56	 -2.80063	 0.535358	 -2.39601	 -3.17458	 2.08308	 0.856698
151.58	 -2.78325	 0.5251	 -2.36631	 -3.21661	 2.15028	 0.881266
151.6	 -2.76465	 0.51483	 -2.33734	 -3.25663	 2.2159	 0.905971
151.62	 -2.74486	 0.504558	 -2.3091	 -3.29463	 2.27989	 0.930799
151.64	 -2.72387	 0.494295	 -2.28158	 -3.33059	 2.34224	 0.955734
151.66	 -2.70171	 0.484051	 -2.25481	 -3.36448	 2.4029	 0.98076
151.68	 -2.67837	 0.473838	 -2.22877	 -3.39631	 2.46186	 1.00586
151.7	 -2.65388	 0.463665	 -2.20348	 -3.42606	 2.51908	 1.03102
151.72	 -2.62825	 0.453545	 -2.17892	 -3.45371	 2.57455	 1.05622
151.74	 -2.60148	 0.443487	 -2.15511	 -3.47927	 2.62824	 1.08144
151.76	 -2.5736	 0.433503	 -2.13203	 -3.50272	 2.68014	 1.10667
151.78	 -2.54462	 0.423603	 -2.10968	 -3.52407	 2.73024	 1.13188
151.8	 -2.51455	 0.413796	 -2.08806	 -3.54332	 2.77851	 1.15705
151.82	 -2.48341	 0.404093	 -2.06716	 -3.56047	 2.82496	 1.18218
151.84	 -2.45122	 0.394502	 -2.04696	 -3.57552	 2.86957	 1.20723
151.86	 -2.41799	 0.385034	 -2.02747	 -3.5885	 2.91235	 1.2322
151.88	 -2.38375	 0.375697	 -2.00866	 -3.59939	 2.95328	 1.25705
151.9	 -2.34851	 0.366502	 -1.99052	 -3.60821	 2.99238	 1.28177
151.92	 -2.31229	 0.357455	 -1.97304	 -3.61498	 3.02965	 1.30634
151.94	 -2.27512	 0.348567	 -1.95621	 -3.6197	 3.06509	 1.33074
151.96	 -2.237	 0.339845	 -1.93999	 -3.62238	 3.09872	 1.35496
151.98	 -2.19797	 0.331297	 -1.92439	 -3.62304	 3.13055	 1.37897
152	 -2.15804	 0.322931	 -1.90936	 -3.6217	 3.16059	 1.40277
152.02	 -2.11724	 0.314754	 -1.8949	 -3.61837	 3.18886	 1.42633
152.04	 -2.07558	 0.306772	 -1.88097	 -3.61307	 3.21539	 1.44963
152.06	 -2.03309	 0.298991	 -1.86756	 -3.60582	 3.24019	 1.47267
152.08	 -1.9898	 0.291417	 -1.85464	 -3.59665	 3.26329	 1.49542
152.1	 -1.94572	 0.284055	 -1.84218	 -3.58557	 3.28472	 1.51787
152.12	 -1.90088	 0.276908	 -1.83016	 -3.5726	 3.30451	 1.54001
152.14	 -1.85531	 0.269983	 -1.81854	 -3.55777	 3.32269	 1.56181
152.16	 -1.80902	 0.263282	 -1.80729	 -3.54113	 3.3393	 1.58326
152.18	 -1.76204	 0.25681	 -1.79639	 -3.52269	 3.35438	 1.60435
152.2	 -1.71441	 0.250569	 -1.78581	 -3.5025	 3.36797	 1.62504
152.22	 -1.66614	 0.244562	 -1.7755	 -3.48056	 3.38012	 1.64532
152.24	 -1.61725	 0.23879	 -1.76544	 -3.45693	 3.39087	 1.66519
152.26	 -1.56778	 0.233255	 -1.75559	 -3.43163	 3.40026	 1.68463
152.28	 -1.51775	 0.227958	 -1.74592	 -3.4047	 3.40835	 1.70362
152.3	 -1.46719	 0.222896	 -1.73639	 -3.37618	 3.41517	 1.72215
152.32	 -1.41612	 0.218062	 -1.72698	 -3.3461	 3.42078	 1.74023
152.34	 -1.36456	 0.213447	 -1.71765	 -3.31449	 3.42521	 1.75786
152.36	 -1.31254	 0.209043	 -1.70838	 -3.2814	 3.42851	 1.77503
152.38	 -1.26008	 0.204841	 -1.69913	 -3.24685	 3.43071	 1.79175
152.4	 -1.20721	 0.200831	 -1.68987	 -3.21089	 3.43188	 1.80801
152.42	 -1.15396	 0.197006	 -1.68056	 -3.17356	 3.43205	 1.82382
152.44	 -1.10034	 0.193358	 -1.67119	 -3.13489	 3.43128	 1.83916
152.46	 -1.04639	 0.189879	 -1.6617	 -3.09493	 3.42963	 1.85404
152.48	 -0.992127	 0.18656	 -1.65208	 -3.05374	 3.42715	 1.86845
152.5	 -0.93758	 0.183392	 -1.64227	 -3.01134	 3.42389	 1.8824
152.52	 -0.882773	 0.180366	 -1.63226	 -2.9678	 3.4199	 1.89587
152.54	 -0.82773	 0.177472	 -1.62199	 -2.92316	 3.41525	 1.90888
152.56	 -0.772477	 0.174699	 -1.61145	 -2.87747	 3.40998	 1.92141
152.58	 -0.717038	 0.172038	 -1.6006	 -2.83077	 3.40416	 1.93347
152.6	 -0.661438	 0.169478	 -1.5894	 -2.78313	 3.39783	 1.94505
152.62	 -0.605701	 0.167008	 -1.57783	 -2.73458	 3.39106	 1.95616
152.64	 -0.549844	 0.164616	 -1.56585	 -2.68515	 3.38389	 1.9668
152.66	 -0.493876	 0.162289	 -1.55344	 -2.63484	 3.37636	 1.977
152.68	 -0.437805	 0.16001	 -1.54059	 -2.58367	 3.36853	 1.98678
152.7	 -0.381636	 0.157765	 -1.52726	 -2.53166	 3.36043	 1.99617
152.72	 -0.325376	 0.155538	 -1.51345	 -2.47881	 3.35213	 2.00518
152.74	 -0.269031	 0.153316	 -1.49913	 -2.42517	 3.34365	 2.01383
152.76	 -0.212599	 0.151086	 -1.48429	 -2.37079	 3.33505	 2.02211
152.78	 -0.156079	 0.148838	 -1.46892	 -2.31574	 3.32635	 2.03001
152.8	 -0.0994685	 0.146563	 -1.45301	 -2.26008	 3.31759	 2.03753
152.82	 -0.0427647	 0.144249	 -1.43654	 -2.20386	 3.30881	 2.04466
152.84	 0.0140336	 0.141885	 -1.41951	 -2.14715	 3.30004	 2.05141
152.86	 0.0709261	 0.139457	 -1.40191	 -2.09001	 3.29132	 2.05776
152.88	 0.127912	 0.136953	 -1.38374	 -2.0325	 3.28268	 2.06372
152.9	 0.18499	 0.134354	 -1.36498	 -1.97469	 3.27413	 2.0693
152.92	 0.242158	 0.131648	 -1.34564	 -1.91665	 3.26571	 2.07449
152.94	 0.299414	 0.128823	 -1.32571	 -1.85843	 3.25744	 2.0793
152.96	 0.356755	 0.125865	 -1.30519	 -1.80009	 3.24933	 2.08371
152.98	 0.414173	 0.122762	 -1.2841	 -1.74172	 3.24138	 2.08773
153	 0.47166	 0.119506	 -1.26244	 -1.68336	 3.23358	 2.09135
153.02	 0.529206	 0.116087	 -1.24024	 -1.62509	 3.2259	 2.09456
153.04	 0.586796	 0.112494	 -1.21753	 -1.56698	 3.21831	 2.09734
153.06	 0.644417	 0.108721	 -1.19433	 -1.5091	 3.21076	 2.0997
153.08	 0.702051	 0.10476	 -1.17068	 -1.45151	 3.20321	 2.10161
153.1	 0.75968	 0.100604	 -1.14661	 -1.39429	 3.19559	 2.10307
153.12	 0.817285	 0.096246	 -1.12217	 -1.33751	 3.18786	 2.10405
153.14	 0.874846	 0.0916795	 -1.09737	 -1.28123	 3.17996	 2.10456
153.16	 0.932342	 0.0868994	 -1.07227	 -1.22551	 3.17184	 2.10457
153.18	 0.989751	 0.0819016	 -1.0469	 -1.17044	 3.16342	 2.10406
153.2	 1.04705	 0.0766832	 -1.0213	 -1.11607	 3.15465	 2.10301
153.22	 1.10422	 0.0712423	 -0.995508	 -1.06248	 3.14545	 2.10142
153.24	 1.16124	 0.0655778	 -0.96958	 -1.00972	 3.13575	 2.09924
153.26	 1.21808	 0.0596898	 -0.943558	 -0.957868	 3.12547	 2.09646
153.28	 1.27473	 0.0535794	 -0.917489	 -0.906987	 3.11452	 2.09306
153.3	 1.33115	 0.0472485	 -0.891423	 -0.857139	 3.10285	 2.08902
153.32	 1.38734	 0.0407	 -0.86541	 -0.808387	 3.09035	 2.08429
153.34	 1.44326	 0.0339371	 -0.839498	 -0.760794	 3.07695	 2.07887
153.36	 1.49891	 0.0269642	 -0.813737	 -0.714417	 3.06257	 2.07271
153.38	 1.55424	 0.0197862	 -0.788177	 -0.669315	 3.04712	 2.0658
153.4	 1.60926	 0.0124088	 -0.762866	 -0.625545	 3.03054	 2.0581
153.42	 1.66394	 0.00483821	 -0.737854	 -0.583158	 3.01273	 2.04959
153.44	 1.71825	 -0.00291833	 -0.713191	 -0.542208	 2.99361	 2.04023
153.46	 1.77218	 -0.0108534	 -0.688928	 -0.502743	 2.9731	 2.03001
153.48	 1.82571	 -0.018959	 -0.665115	 -0.46481	 2.95112	 2.01888
153.5	 1.87883	 -0.0272269	 -0.641799	 -0.428453	 2.92758	 2.00683
153.52	 1.93151	 -0.0356481	 -0.619028	 -0.393713	 2.90243	 1.99382
153.54	 1.98373	 -0.0442133	 -0.596845	 -0.360628	 2.87557	 1.97982
153.56	 2.03549	 -0.0529127	 -0.575294	 -0.329235	 2.84695	 1.96482
153.58	 2.08675	 -0.0617358	 -0.554413	 -0.299563	 2.81651	 1.94878
153.6	 2.13751	 -0.0706722	 -0.534242	 -0.271642	 2.78418	 1.93168
153.62	 2.18775	 -0.0797108	 -0.514816	 -0.245495	 2.74991	 1.9135
153.64	 2.23746	 -0.0888407	 -0.496171	 -0.221144	 2.71364	 1.8942
153.66	 2.28661	 -0.0980505	 -0.478339	 -0.198605	 2.67533	 1.87378
153.68	 2.33519	 -0.107329	 -0.461351	 -0.17789	 2.63492	 1.8522
153.7	 2.38319	 -0.116663	 -0.445235	 -0.159005	 2.59239	 1.82944
153.72	 2.43058	 -0.126041	 -0.430017	 -0.141954	 2.54768	 1.8055
153.74	 2.47737	 -0.13545	 -0.415722	 -0.126734	 2.50078	 1.78034
153.76	 2.52353	 -0.144876	 -0.40237	 -0.113335	 2.45166	 1.75397
153.78	 2.56905	 -0.154305	 -0.389981	 -0.101744	 2.40028	 1.72635
153.8	 2.61391	 -0.163723	 -0.37857	 -0.0919408	 2.34664	 1.69747
153.82	 2.65811	 -0.173114	 -0.368152	 -0.0838993	 2.29072	 1.66733
153.84	 2.70162	 -0.182463	 -0.358738	 -0.0775785	 2.23253	 1.63592
153.86	 2.74443	 -0.191753	 -0.350336	 -0.0729443	 2.17205	 1.60323
153.88	 2.78654	 -0.200969	 -0.342954	 -0.069947	 2.1093	 1.56925
153.9	 2.82793	 -0.210093	 -0.336595	 -0.0685344	 2.04429	 1.53399
153.92	 2.86858	 -0.219109	 -0.331262	 -0.0686454	 1.97702	 1.49745
153.94	 2.90848	 -0.227997	 -0.326954	 -0.0702117	 1.90753	 1.45961
153.96	 2.94763	 -0.236739	 -0.323667	 -0.0731577	 1.83583	 1.4205
153.98	 2.98601	 -0.245318	 -0.321397	 -0.0774011	 1.76196	 1.38012
154	 3.0236	 -0.253713	 -0.320137	 -0.0828521	 1.68596	 1.33848
154.02	 3.0604	 -0.261908	 -0.319876	 -0.0894133	 1.60787	 1.2956
154.04	 3.09638	 -0.269884	 -0.320606	 -0.0969803	 1.52774	 1.25152
154.06	 3.13155	 -0.277627	 -0.322315	 -0.105442	 1.44562	 1.20626
154.08	 3.16589	 -0.285119	 -0.324988	 -0.114679	 1.36158	 1.15987
154.1	 3.19938	 -0.292346	 -0.328611	 -0.124561	 1.27569	 1.11239
154.12	 3.23202	 -0.299289	 -0.333164	 -0.13496	 1.188	 1.06385
154.14	 3.26379	 -0.305933	 -0.338628	 -0.14574	 1.09861	 1.01433
154.16	 3.29468	 -0.312261	 -0.34498	 -0.156763	 1.00759	 0.963854
154.18	 3.32468	 -0.318257	 -0.352195	 -0.167889	 0.915033	 0.912497
154.2	 3.35377	 -0.323905	 -0.360245	 -0.178975	 0.821043	 0.860315
154.22	 3.38195	 -0.329191	 -0.369102	 -0.189879	 0.725717	 0.807372
154.24	 3.4092	 -0.334098	 -0.378735	 -0.200455	 0.629162	 0.753735
154.26	 3.43552	 -0.338614	 -0.389111	 -0.210558	 0.531489	 0.699473
154.28	 3.46088	 -0.342725	 -0.400196	 -0.220046	 0.432816	 0.644659
154.3	 3.48528	 -0.346418	 -0.411954	 -0.228774	 0.333262	 0.589364
154.32	 3.50871	 -0.34968	 -0.424349	 -0.236602	 0.232952	 0.533664
154.34	 3.53115	 -0.352499	 -0.437341	 -0.243392	 0.132015	 0.477635
154.36	 3.55259	 -0.354865	 -0.450891	 -0.249009	 0.0305807	 0.421352
154.38	 3.57302	 -0.356766	 -0.464956	 -0.253321	 -0.0712152	 0.364892
154.4	 3.59242	 -0.358193	 -0.479495	 -0.2562	 -0.173236	 0.308333
154.42	 3.6108	 -0.359136	 -0.494463	 -0.257524	 -0.275342	 0.251753
154.44	 3.62812	 -0.359587	 -0.509817	 -0.257171	 -0.377392	 0.19523
154.46	 3.64438	 -0.359538	 -0.52551	 -0.255025	 -0.479243	 0.138842
154.48	 3.65958	 -0.358982	 -0.541495	 -0.250975	 -0.580751	 0.0826673
154.5	 3.67368	 -0.357913	 -0.557727	 -0.244914	 -0.681771	 0.0267831
154.52	 3.68669	 -0.356324	 -0.574156	 -0.236736	 -0.782158	 -0.0287329
154.54	 3.69859	 -0.354211	 -0.590736	 -0.226346	 -0.881767	 -0.0838041
154.56	 3.70937	 -0.351569	 -0.607416	 -0.213649	 -0.980453	 -0.138355
154.58	 3.71902	 -0.348394	 -0.624149	 -0.198558	 -1.07807	 -0.19231
154.6	 3.72752	 -0.344684	 -0.640885	 -0.180992	 -1.17448	 -0.245596
154.62	 3.73486	 -0.340437	 -0.657576	 -0.160877	 -1.26955	 -0.29814
154.64	 3.74103	 -0.335652	 -0.674171	 -0.138145	 -1.36312	 -0.349871
154.66	 3.74601	 -0.330327	 -0.690621	 -0.112733	 -1.45506	 -0.400721
154.68	 3.7498	 -0.324463	 -0.706879	 -0.0845841	 -1.54525	 -0.450621
154.7	 3.75239	 -0.318061	 -0.722894	 -0.0536509	 -1.63354	 -0.499506
154.72	 3.75375	 -0.311124	 -0.738618	 -0.0198994	 -1.71981	 -0.547313
154.74	 3.75388	 -0.303653	 -0.754003	 0.0167036	 -1.80392	 -0.59398
154.76	 3.75278	 -0.295653	 -0.769002	 0.0561802	 -1.88577	 -0.639449
154.78	 3.75041	 -0.287128	 -0.783568	 0.098544	 -1.96522	 -0.683665
154.8	 3.74679	 -0.278081	 -0.797656	 0.143799	 -2.04217	 -0.726575
154.82	 3.74189	 -0.268511	 -0.811225	 0.191936	 -2.1165	 -0.768147
154.84	 3.73571	 -0.258414	 -0.824239	 0.242938	 -2.18814	 -0.808351
154.86	 3.72824	 -0.247789	 -0.836661	 0.296774	 -2.25698	 -0.84716
154.88	 3.71947	 -0.236636	 -0.848455	 0.353403	 -2.32293	 -0.88455
154.9	 3.70941	 -0.224955	 -0.859587	 0.412778	 -2.38592	 -0.920495
154.92	 3.69803	 -0.212752	 -0.870019	 0.474841	 -2.44585	 -0.95497
154.94	 3.68535	 -0.200032	 -0.879718	 0.539529	 -2.50266	 -0.987953
154.96	 3.67134	 -0.186803	 -0.888647	 0.606771	 -2.55625	 -1.01942
154.98	 3.65601	 -0.173072	 -0.89677	 0.676488	 -2.60657	 -1.04937
155	 3.63936	 -0.15885	 -0.904056	 0.748593	 -2.65354	 -1.07777
155.02	 3.62138	 -0.144145	 -0.91047	 0.82299	 -2.6971	 -1.10461
155.04	 3.60208	 -0.128969	 -0.915981	 0.899575	 -2.7372	 -1.12989
155.06	 3.58144	 -0.113333	 -0.92056	 0.978234	 -2.77379	 -1.15361
155.08	 3.55947	 -0.0972518	 -0.924177	 1.05885	 -2.80682	 -1.17575
155.1	 3.53617	 -0.0807381	 -0.926805	 1.14129	 -2.83624	 -1.19632
155.12	 3.51155	 -0.0638077	 -0.928417	 1.22542	 -2.86203	 -1.21532
155.14	 3.4856	 -0.0464772	 -0.928989	 1.31111	 -2.88415	 -1.23275
155.16	 3.45832	 -0.0287644	 -0.928495	 1.39819	 -2.90258	 -1.24862
155.18	 3.42974	 -0.0106878	 -0.926912	 1.48653	 -2.91729	 -1.26294
155.2	 3.39984	 0.00773284	 -0.924218	 1.57595	 -2.92827	 -1.27571
155.22	 3.36863	 0.0264769	 -0.920393	 1.66629	 -2.9355	 -1.28696
155.24	 3.33613	 0.0455229	 -0.915418	 1.75738	 -2.93899	 -1.29669
155.26	 3.30233	 0.0648487	 -0.909275	 1.84903	 -2.93873	 -1.30493
155.28	 3.26726	 0.0844309	 -0.901947	 1.94106	 -2.93472	 -1.3117
155.3	 3.23092	 0.104245	 -0.89342	 2.0333	 -2.92698	 -1.31702
155.32	 3.19332	 0.124266	 -0.883681	 2.12553	 -2.91553	 -1.32091
155.34	 3.15446	 0.144466	 -0.872717	 2.21757	 -2.90037	 -1.3234
155.36	 3.11438	 0.164821	 -0.860518	 2.30921	 -2.88153	 -1.32453
155.38	 3.07307	 0.185301	 -0.847077	 2.40026	 -2.85906	 -1.32431
155.4	 3.03056	 0.205878	 -0.832385	 2.49051	 -2.83297	 -1.32278
155.42	 2.98685	 0.226522	 -0.816438	 2.57974	 -2.80332	 -1.31997
155.44	 2.94197	 0.247204	 -0.799233	 2.66775	 -2.77014	 -1.31593
155.46	 2.89593	 0.267892	 -0.780768	 2.75433	 -2.73349	 -1.31067
155.48	 2.84875	 0.288554	 -0.761044	 2.83927	 -2.69343	 -1.30425
155.5	 2.80044	 0.309156	 -0.740064	 2.92234	 -2.65002	 -1.29669
155.52	 2.75103	 0.329665	 -0.717832	 3.00335	 -2.60331	 -1.28804
155.54	 2.70054	 0.350047	 -0.694356	 3.08208	 -2.55339	 -1.27833
155.56	 2.64899	 0.370265	 -0.669645	 3.15831	 -2.50034	 -1.26759
155.58	 2.59639	 0.390283	 -0.64371	 3.23185	 -2.44423	 -1.25588
155.6	 2.54277	 0.410064	 -0.616565	 3.30247	 -2.38515	 -1.24321
155.62	 2.48815	 0.429569	 -0.588227	 3.36998	 -2.32319	 -1.22963
155.64	 2.43256	 0.448762	 -0.558714	 3.43417	 -2.25844	 -1.21518
155.66	 2.37601	 0.467602	 -0.528046	 3.49484	 -2.19101	 -1.19989
155.68	 2.31853	 0.486051	 -0.496245	 3.55181	 -2.12101	 -1.1838
155.7	 2.26015	 0.504071	 -0.463338	 3.60487	 -2.04853	 -1.16694
155.72	 2.20089	 0.52162	 -0.429349	 3.65385	 -1.9737	 -1.14935
155.74	 2.14077	 0.538661	 -0.394308	 3.69856	 -1.89663	 -1.13106
155.76	 2.07981	 0.555154	 -0.358246	 3.73882	 -1.81743	 -1.11212
155.78	 2.01805	 0.57106	 -0.321193	 3.77447	 -1.73623	 -1.09254
155.8	 1.9555	 0.58634	 -0.283185	 3.80534	 -1.65314	 -1.07237
155.82	 1.8922	 0.600957	 -0.244256	 3.83127	 -1.5683	 -1.05164
155.84	 1.82816	 0.614873	 -0.204444	 3.8521	 -1.48183	 -1.03037
155.86	 1.76341	 0.628051	 -0.163788	 3.86768	 -1.39386	 -1.00861
155.88	 1.69798	 0.640454	 -0.122328	 3.87788	 -1.30451	 -0.986382
155.9	 1.6319	 0.652046	 -0.0801052	 3.88255	 -1.21391	 -0.963715
155.92	 1.56518	 0.662794	 -0.0371643	 3.88157	 -1.12219	 -0.940639
155.94	 1.49786	 0.672664	 0.00644997	 3.87483	 -1.02948	 -0.917185
155.96	 1.42996	 0.681623	 0.0506911	 3.86219	 -0.935913	 -0.893382
155.98	 1.36151	 0.68964	 0.0955108	 3.84357	 -0.841617	 -0.869257
156	 1.29253	 0.696687	 0.14086	 3.81884	 -0.746724	 -0.844841
156.02	 1.22306	 0.702736	 0.186687	 3.78795	 -0.651358	 -0.820162
156.04	 1.15313	 0.707763	 0.232938	 3.75081	 -0.555645	 -0.795249
156.06	 1.08276	 0.711744	 0.27956	 3.70737	 -0.45971	 -0.77013
156.08	 1.012	 0.71466	 0.326495	 3.6576	 -0.363672	 -0.744833
156.1	 0.940873	 0.716492	 0.373684	 3.60146	 -0.267655	 -0.719385
156.12	 0.869423	 0.717222	 0.421064	 3.53895	 -0.171786	 -0.693812
156.14	 0.797688	 0.716838	 0.468571	 3.47005	 -0.0761974	 -0.66814
156.16	 0.725712	 0.715327	 0.516138	 3.3948	 0.0189749	 -0.642392
156.18	 0.653538	 0.712681	 0.563695	 3.31322	 0.113591	 -0.616591
156.2	 0.581215	 0.708893	 0.61117	 3.22536	 0.207506	 -0.590756
156.22	 0.508791	 0.703961	 0.658489	 3.1313	 0.300574	 -0.564907
156.24	 0.436316	 0.697881	 0.705577	 3.0311	 0.392645	 -0.539059
156.26	 0.363841	 0.690657	 0.752354	 2.92488	 0.483566	 -0.513229
156.28	 0.291421	 0.682291	 0.798743	 2.81273	 0.573185	 -0.487429
156.3	 0.21911	 0.672792	 0.844662	 2.69479	 0.661345	 -0.461671
156.32	 0.146962	 0.662169	 0.89003	 2.5712	 0.747892	 -0.435966
156.34	 0.0750331	 0.650434	 0.934764	 2.44212	 0.832669	 -0.410324
156.36	 0.00337749	 0.637604	 0.978784	 2.30771	 0.915523	 -0.384754
156.38	 -0.0679502	 0.623697	 1.02201	 2.16816	 0.996303	 -0.359264
156.4	 -0.138896	 0.608734	 1.06435	 2.02368	 1.07486	 -0.333861
156.42	 -0.209406	 0.592738	 1.10574	 1.87446	 1.15105	 -0.308551
156.44	 -0.279429	 0.575736	 1.14609	 1.72075	 1.22472	 -0.283336
156.46	 -0.34891	 0.557756	 1.18533	 1.56279	 1.29575	 -0.258217
156.48	 -0.417799	 0.538828	 1.22337	 1.40082	 1.364	 -0.233193
156.5	 -0.486045	 0.518984	 1.26015	 1.2351	 1.42935	 -0.20826
156.52	 -0.553598	 0.498258	 1.29559	 1.06593	 1.49166	 -0.183411
156.54	 -0.620409	 0.476688	 1.32961	 0.893566	 1.55083	 -0.15864
156.56	 -0.686431	 0.45431	 1.36216	 0.718325	 1.60676	 -0.133937
156.58	 -0.751619	 0.431167	 1.39315	 0.540512	 1.65934	 -0.109293
156.6	 -0.815926	 0.4073	 1.42254	 0.360452	 1.70849	 -0.0846979
156.62	 -0.879308	 0.382754	 1.45025	 0.178479	 1.75412	 -0.0601385
156.64	 -0.941722	 0.357574	 1.47624	 -0.00506658	 1.79615	 -0.0356022
156.66	 -1.00312	 0.331809	 1.50043	 -0.189838	 1.83451	 -0.0110751
156.68	 -1.06347	 0.305506	 1.52278	 -0.375485	 1.86912	 0.0134579
156.7	 -1.12272	 0.278715	 1.54324	 -0.561654	 1.89992	 0.0380125
156.72	 -1.18083	 0.251486	 1.56176	 -0.747989	 1.92685	 0.0626054
156.74	 -1.23777	 0.223869	 1.5783	 -0.93413	 1.94985	 0.0872533
156.76	 -1.29349	 0.195918	 1.59281	 -1.11971	 1.96887	 0.111973
156.78	 -1.34796	 0.167686	 1.60526	 -1.30437	 1.98389	 0.136781
156.8	 -1.40113	 0.139225	 1.61562	 -1.48774	 1.99486	 0.161694
156.82	 -1.45298	 0.110589	 1.62385	 -1.66946	 2.00178	 0.186728
156.84	 -1.50347	 0.0818345	 1.62993	 -1.84915	 2.00462	 0.211896
156.86	 -1.55257	 0.0530144	 1.63384	 -2.02647	 2.00339	 0.237215
156.88	 -1.60024	 0.0241834	 1.63555	 -2.20104	 1.99809	 0.262696
156.9	 -1.64645	 -0.00460434	 1.63507	 -2.37253	 1.98872	 0.288352
156.92	 -1.69118	 -0.0332947	 1.63236	 -2.54058	 1.97531	 0.314194
156.94	 -1.73438	 -0.0618342	 1.62744	 -2.70487	 1.95787	 0.340229
156.96	 -1.77605	 -0.0901695	 1.62029	 -2.86507	 1.93644	 0.366467
156.98	 -1.81614	 -0.118248	 1.61092	 -3.02085	 1.91106	 0.39291
157	 -1.85464	 -0.146017	 1.59933	 -3.1719	 1.88177	 0.419561
157.02	 -1.89151	 -0.173426	 1.58554	 -3.31794	 1.84863	 0.446421
157.04	 -1.92674	 -0.200425	 1.56957	 -3.45866	 1.8117	 0.473485
157.06	 -1.96032	 -0.226963	 1.55142	 -3.59381	 1.77107	 0.500748
157.08	 -1.9922	 -0.252992	 1.53115	 -3.72311	 1.72681	 0.528202
157.1	 -2.02239	 -0.278466	 1.50876	 -3.84632	 1.67902	 0.555836
157.12	 -2.05086	 -0.303338	 1.4843	 -3.96321	 1.62777	 0.583634
157.14	 -2.07759	 -0.327564	 1.45781	 -4.07357	 1.57319	 0.611579
157.16	 -2.10258	 -0.3511	 1.42933	 -4.17719	 1.51536	 0.63965
157.18	 -2.12581	 -0.373905	 1.3989	 -4.27389	 1.45441	 0.667821
157.2	 -2.14726	 -0.395938	 1.36659	 -4.3635	 1.39045	 0.696066
157.22	 -2.16693	 -0.417161	 1.33244	 -4.44586	 1.32361	 0.724353
157.24	 -2.18482	 -0.437538	 1.29652	 -4.52086	 1.25402	 0.752647
157.26	 -2.2009	 -0.457032	 1.25888	 -4.58836	 1.1818	 0.780913
157.28	 -2.21519	 -0.475611	 1.2196	 -4.64827	 1.10711	 0.80911
157.3	 -2.22766	 -0.493245	 1.17875	 -4.70051	 1.03008	 0.837196
157.32	 -2.23833	 -0.509905	 1.13639	 -4.74501	 0.950858	 0.865128
157.34	 -2.2472	 -0.525567	 1.09259	 -4.78173	 0.869554	 0.892865
157.36	 -2.25428	 -0.54021	 1.04741	 -4.81064	 0.786286	 0.920363
157.38	 -2.25957	 -0.553816	 1.00092	 -4.83172	 0.701167	 0.947578
157.4	 -2.26309	 -0.56637	 0.953169	 -4.84499	 0.61431	 0.974465
157.42	 -2.26486	 -0.577854	 0.904229	 -4.85047	 0.525822	 1.00097
157.44	 -2.26489	 -0.588256	 0.854159	 -4.8482	 0.435805	 1.02703
157.46	 -2.26321	 -0.597561	 0.803022	 -4.83826	 0.344363	 1.0526
157.48	 -2.25983	 -0.605759	 0.750882	 -4.82072	 0.251601	 1.07761
157.5	 -2.25479	 -0.612842	 0.697807	 -4.79569	 0.157631	 1.10199
157.52	 -2.24809	 -0.618805	 0.643869	 -4.76329	 0.0625658	 1.12569
157.54	 -2.23978	 -0.623648	 0.589139	 -4.72366	 -0.033478	 1.14865
157.56	 -2.22988	 -0.62737	 0.533693	 -4.67694	 -0.130381	 1.17081
157.58	 -2.2184	 -0.629976	 0.477607	 -4.6233	 -0.228023	 1.19211
157.6	 -2.20539	 -0.63147	 0.420959	 -4.56292	 -0.326285	 1.21248
157.62	 -2.19087	 -0.631863	 0.363826	 -4.496	 -0.425048	 1.23187
157.64	 -2.17487	 -0.631163	 0.306285	 -4.42272	 -0.524195	 1.25022
157.66	 -2.15742	 -0.629385	 0.248415	 -4.34333	 -0.623608	 1.26747
157.68	 -2.13855	 -0.626543	 0.190292	 -4.25803	 -0.723171	 1.28357
157.7	 -2.11831	 -0.622655	 0.131995	 -4.16707	 -0.822768	 1.29846
157.72	 -2.09671	 -0.617742	 0.0736007	 -4.07069	 -0.922286	 1.31209
157.74	 -2.07381	 -0.611824	 0.0151873	 -3.96914	 -1.02161	 1.32441
157.76	 -2.04962	 -0.604927	 -0.0431685	 -3.86269	 -1.12063	 1.33538
157.78	 -2.02419	 -0.597077	 -0.10139	 -3.75159	 -1.21923	 1.34495
157.8	 -1.99755	 -0.588302	 -0.159403	 -3.63611	 -1.3173	 1.35308
157.82	 -1.96973	 -0.578632	 -0.217133	 -3.51653	 -1.41473	 1.35974
157.84	 -1.94078	 -0.568101	 -0.274507	 -3.39312	 -1.51143	 1.3649
157.86	 -1.91074	 -0.556743	 -0.331454	 -3.26616	 -1.60729	 1.36853
157.88	 -1.87962	 -0.544595	 -0.387907	 -3.13593	 -1.70221	 1.37059
157.9	 -1.84748	 -0.531701	 -0.443802	 -3.0027	 -1.79611	 1.3711
157.92	 -1.81435	 -0.518111	 -0.499078	 -2.86675	 -1.88891	 1.37005
157.94	 -1.78026	 -0.503874	 -0.553679	 -2.72836	 -1.98053	 1.36745
157.96	 -1.74524	 -0.489039	 -0.607547	 -2.58779	 -2.07089	 1.36329
157.98	 -1.70933	 -0.473656	 -0.660626	 -2.44532	 -2.15992	 1.3576
158	 -1.67258	 -0.457773	 -0.712859	 -2.30121	 -2.24755	 1.35036
158.02	 -1.635	 -0.441436	 -0.764192	 -2.15574	 -2.33368	 1.34161
158.04	 -1.59665	 -0.424692	 -0.814569	 -2.00916	 -2.41826	 1.33133
158.06	 -1.55756	 -0.407589	 -0.863939	 -1.86173	 -2.5012	 1.31956
158.08	 -1.51777	 -0.390172	 -0.91225	 -1.71372	 -2.58245	 1.30631
158.1	 -1.4773	 -0.372492	 -0.959453	 -1.56536	 -2.66193	 1.2916
158.12	 -1.43621	 -0.354597	 -1.0055	 -1.4169	 -2.73959	 1.27547
158.14	 -1.39451	 -0.336533	 -1.05035	 -1.26858	 -2.81536	 1.25794
158.16	 -1.35226	 -0.318346	 -1.09397	 -1.12063	 -2.8892	 1.23903
158.18	 -1.30949	 -0.300081	 -1.13629	 -0.973279	 -2.96103	 1.21878
158.2	 -1.26623	 -0.28178	 -1.1773	 -0.826731	 -3.03083	 1.19722
158.22	 -1.22252	 -0.263487	 -1.21696	 -0.681203	 -3.09852	 1.17439
158.24	 -1.17839	 -0.245243	 -1.25522	 -0.536898	 -3.16408	 1.15033
158.26	 -1.13389	 -0.22709	 -1.29207	 -0.394015	 -3.22745	 1.12507
158.28	 -1.08904	 -0.209069	 -1.32746	 -0.25274	 -3.2886	 1.09866
158.3	 -1.04388	 -0.191216	 -1.36137	 -0.113254	 -3.3475	 1.07114
158.32	 -0.998448	 -0.17357	 -1.39377	 0.0242734	 -3.4041	 1.04255
158.34	 -0.952777	 -0.156167	 -1.42465	 0.159677	 -3.45839	 1.01296
158.36	 -0.9069	 -0.139042	 -1.45398	 0.2928	 -3.51033	 0.982392
158.38	 -0.860852	 -0.122227	 -1.48174	 0.423493	 -3.55989	 0.950908
158.4	 -0.814664	 -0.105754	 -1.50792	 0.551619	 -3.60707	 0.918555
158.42	 -0.768366	 -0.089637	 -1.53251	 0.677045	 -3.65187	 0.885354
158.44	 -0.721987	 -0.0738891	 -1.55551	 0.799642	 -3.69429	 0.851328
158.46	 -0.675553	 -0.0585195	 -1.57694	 0.919285	 -3.73435	 0.816496
158.48	 -0.629092	 -0.0435368	 -1.59679	 1.03586	 -3.77207	 0.780883
158.5	 -0.582631	 -0.0289503	 -1.61507	 1.14926	 -3.80747	 0.744521
158.52	 -0.536199	 -0.0147706	 -1.63179	 1.2594	 -3.84055	 0.707444
158.54	 -0.489823	 -0.00100819	 -1.64696	 1.36617	 -3.87135	 0.669689
158.56	 -0.443529	 0.0123274	 -1.66058	 1.46951	 -3.89987	 0.631295
158.58	 -0.397345	 0.0252278	 -1.67267	 1.56935	 -3.92613	 0.592301
158.6	 -0.351296	 0.0376863	 -1.68324	 1.66562	 -3.95015	 0.552743
158.62	 -0.305408	 0.049698	 -1.69231	 1.75827	 -3.97196	 0.512662
158.64	 -0.259705	 0.0612594	 -1.69988	 1.84727	 -3.99159	 0.472095
158.66	 -0.214213	 0.0723679	 -1.70597	 1.93255	 -4.00906	 0.431084
158.68	 -0.168955	 0.0830221	 -1.71062	 2.0141	 -4.0244	 0.389669
158.7	 -0.123955	 0.0932214	 -1.71383	 2.09189	 -4.03766	 0.347894
158.72	 -0.079236	 0.102966	 -1.71564	 2.1659	 -4.04885	 0.305802
158.74	 -0.0348217	 0.112257	 -1.71606	 2.23611	 -4.05801	 0.263437
158.76	 0.00926597	 0.121095	 -1.71513	 2.30253	 -4.06518	 0.220842
158.78	 0.0530049	 0.129484	 -1.71286	 2.36516	 -4.0704	 0.178063
158.8	 0.0963739	 0.137427	 -1.7093	 2.424	 -4.07371	 0.135143
158.82	 0.139352	 0.144929	 -1.70446	 2.47906	 -4.07513	 0.0921291
158.84	 0.181918	 0.151994	 -1.69837	 2.53038	 -4.07472	 0.0490649
158.86	 0.224054	 0.158628	 -1.69108	 2.57798	 -4.07251	 0.00599655
158.88	 0.265738	 0.164838	 -1.68261	 2.62188	 -4.06855	 -0.0370304
158.9	 0.306954	 0.170631	 -1.673	 2.66212	 -4.06287	 -0.0799704
158.92	 0.347681	 0.176015	 -1.66228	 2.69875	 -4.05553	 -0.122778
158.94	 0.387903	 0.180998	 -1.65049	 2.73182	 -4.04656	 -0.165406
158.96	 0.427601	 0.185588	 -1.63767	 2.76136	 -4.03601	 -0.207811
158.98	 0.46676	 0.189796	 -1.62385	 2.78745	 -4.02392	 -0.249947
159	 0.505363	 0.19363	 -1.60908	 2.81014	 -4.01034	 -0.291768
159.02	 0.543395	 0.1971	 -1.59339	 2.8295	 -3.99532	 -0.33323
159.04	 0.58084	 0.200217	 -1.57683	 2.84558	 -3.9789	 -0.374287
159.06	 0.617685	 0.202992	 -1.55944	 2.85848	 -3.96113	 -0.414897
159.08	 0.653915	 0.205435	 -1.54126	 2.86825	 -3.94206	 -0.455014
159.1	 0.689518	 0.207558	 -1.52234	 2.87499	 -3.92172	 -0.494592
159.12	 0.724489	 0.209373	 -1.50272	 2.87882	 -3.90017	 -0.533578
159.14	 0.75882	 0.210892	 -1.48244	 2.87987	 -3.87745	 -0.571919
159.16	 0.792508	 0.212124	 -1.46157	 2.87825	 -3.85359	 -0.609564
159.18	 0.825548	 0.213081	 -1.44014	 2.87408	 -3.82864	 -0.646463
159.2	 0.857936	 0.213774	 -1.41821	 2.86747	 -3.80263	 -0.682568
159.22	 0.889665	 0.214215	 -1.39582	 2.85855	 -3.77561	 -0.717833
159.24	 0.920731	 0.214416	 -1.37302	 2.84743	 -3.74762	 -0.752214
159.26	 0.951129	 0.214389	 -1.34987	 2.83424	 -3.7187	 -0.785666
159.28	 0.980855	 0.214146	 -1.32641	 2.81909	 -3.6889	 -0.818149
159.3	 1.00991	 0.213695	 -1.3027	 2.80203	 -3.65826	 -0.849633
159.32	 1.0383	 0.21305	 -1.27879	 2.78316	 -3.62682	 -0.880085
159.34	 1.06602	 0.212225	 -1.25474	 2.76255	 -3.59462	 -0.909481
159.36	 1.09307	 0.211228	 -1.23062	 2.74028	 -3.56174	 -0.937786
159.38	 1.11943	 0.210068	 -1.20651	 2.71643	 -3.52826	 -0.964964
159.4	 1.1451	 0.208754	 -1.18249	 2.69109	 -3.49425	 -0.990981
159.42	 1.17005	 0.207292	 -1.15864	 2.66434	 -3.45982	 -1.0158
159.44	 1.19428	 0.20569	 -1.13503	 2.63626	 -3.42506	 -1.0394
159.46	 1.21779	 0.203956	 -1.11173	 2.60694	 -3.39005	 -1.06175
159.48	 1.24055	 0.202099	 -1.08882	 2.57646	 -3.35488	 -1.08281
159.5	 1.26257	 0.200124	 -1.06638	 2.5449	 -3.31964	 -1.10256
159.52	 1.28383	 0.198041	 -1.04446	 2.51234	 -3.28441	 -1.12098
159.54	 1.30434	 0.195856	 -1.02315	 2.47885	 -3.24927	 -1.13805
159.56	 1.32409	 0.193574	 -1.00251	 2.44451	 -3.2143	 -1.15374
159.58	 1.34306	 0.191203	 -0.982613	 2.4094	 -3.17958	 -1.16802
159.6	 1.36125	 0.188747	 -0.963527	 2.3736	 -3.14521	 -1.18089
159.62	 1.37865	 0.186212	 -0.945321	 2.33716	 -3.11127	 -1.19231
159.64	 1.39526	 0.183603	 -0.928062	 2.30018	 -3.07784	 -1.20227
159.66	 1.41108	 0.180925	 -0.911816	 2.26271	 -3.045	 -1.21076
159.68	 1.42609	 0.178182	 -0.896645	 2.22482	 -3.01284	 -1.21777
159.7	 1.4403	 0.175378	 -0.882611	 2.18658	 -2.98144	 -1.22328
159.72	 1.4537	 0.172517	 -0.869774	 2.14804	 -2.95086	 -1.22728
159.74	 1.46628	 0.169604	 -0.85819	 2.10928	 -2.92119	 -1.22976
159.76	 1.47805	 0.166641	 -0.847914	 2.07035	 -2.89249	 -1.23072
159.78	 1.489	 0.163633	 -0.838998	 2.03129	 -2.86484	 -1.23015
159.8	 1.49912	 0.160583	 -0.831492	 1.99217	 -2.83831	 -1.22805
159.82	 1.50843	 0.157497	 -0.825448	 1.95304	 -2.81296	 -1.22443
159.84	 1.5169	 0.154382	 -0.820915	 1.91393	 -2.78886	 -1.2193
159.86	 1.52455	 0.151244	 -0.817937	 1.8749	 -2.76608	 -1.21266
159.88	 1.53138	 0.148086	 -0.816554	 1.83599	 -2.74468	 -1.20453
159.9	 1.53738	 0.14491	 -0.816802	 1.79722	 -2.7247	 -1.1949
159.92	 1.54256	 0.141718	 -0.818714	 1.75865	 -2.7062	 -1.1838
159.94	 1.54691	 0.138514	 -0.822317	 1.72029	 -2.68921	 -1.17123
159.96	 1.55044	 0.1353	 -0.827639	 1.68218	 -2.67377	 -1.15721
159.98	 1.55314	 0.132081	 -0.834703	 1.64435	 -2.65992	 -1.14176
160	 1.55503	 0.128859	 -0.843528	 1.60683	 -2.6477	 -1.1249
160.02	 1.5561	 0.125638	 -0.854132	 1.56962	 -2.63713	 -1.10666
160.04	 1.55637	 0.122421	 -0.866529	 1.53274	 -2.62825	 -1.08707
160.06	 1.55582	 0.119212	 -0.880729	 1.49621	 -2.62107	 -1.06614
160.08	 1.55447	 0.116006	 -0.896745	 1.46004	 -2.61561	 -1.0439
160.1	 1.55232	 0.112797	 -0.914585	 1.42424	 -2.61192	 -1.02036
160.12	 1.54937	 0.109578	 -0.934258	 1.38881	 -2.61001	 -0.995531
160.14	 1.54564	 0.10634	 -0.955769	 1.35375	 -2.6099	 -0.969436
160.16	 1.54112	 0.103077	 -0.979117	 1.31908	 -2.61161	 -0.942095
160.18	 1.53581	 0.0997835	 -1.0043	 1.28478	 -2.61515	 -0.913532
160.2	 1.52974	 0.0964535	 -1.03131	 1.25086	 -2.62052	 -0.883776
160.22	 1.5229	 0.0930824	 -1.06013	 1.21729	 -2.62773	 -0.852855
160.24	 1.51529	 0.0896651	 -1.09075	 1.18408	 -2.63675	 -0.820801
160.26	 1.50694	 0.0861962	 -1.12315	 1.15119	 -2.64759	 -0.787645
160.28	 1.49784	 0.08267	 -1.15729	 1.11861	 -2.66023	 -0.75342
160.3	 1.48801	 0.0790803	 -1.19317	 1.08632	 -2.67464	 -0.71816
160.32	 1.47744	 0.075421	 -1.23075	 1.05429	 -2.69081	 -0.6819
160.34	 1.46616	 0.0716859	 -1.26999	 1.02249	 -2.7087	 -0.644679
160.36	 1.45416	 0.0678689	 -1.31086	 0.990911	 -2.72829	 -0.606534
160.38	 1.44146	 0.0639641	 -1.35332	 0.959505	 -2.74954	 -0.567507
160.4	 1.42807	 0.0599654	 -1.39732	 0.928242	 -2.7724	 -0.527639
160.42	 1.414	 0.0558673	 -1.44283	 0.897087	 -2.79684	 -0.486973
160.44	 1.39925	 0.0516641	 -1.48979	 0.866001	 -2.8228	 -0.445552
160.46	 1.38384	 0.0473502	 -1.53816	 0.834946	 -2.85022	 -0.403423
160.48	 1.36777	 0.0429203	 -1.58786	 0.80388	 -2.87906	 -0.360631
160.5	 1.35106	 0.0383691	 -1.63886	 0.772761	 -2.90925	 -0.317223
160.52	 1.33372	 0.0336916	 -1.69108	 0.741543	 -2.94072	 -0.273247
160.54	 1.31576	 0.028883	 -1.74447	 0.710182	 -2.97341	 -0.228754
160.56	 1.29718	 0.0239389	 -1.79896	 0.678632	 -3.00725	 -0.183793
160.58	 1.27801	 0.018855	 -1.85449	 0.646845	 -3.04216	 -0.138416
160.6	 1.25825	 0.0136278	 -1.91098	 0.614772	 -3.07807	 -0.0926752
160.62	 1.23791	 0.00825406	 -1.96837	 0.582366	 -3.11489	 -0.0466238
160.64	 1.21701	 0.00273273	 -2.02658	 0.549575	 -3.15255	 -0.000319442
160.66	 1.19555	 -0.00293441	 -2.08555	 0.516348	 -3.19096	 0.0461749
160.68	 1.17355	 -0.00873895	 -2.1452	 0.482633	 -3.23007	 0.0927834
160.7	 1.15102	 -0.0146709	 -2.20548	 0.448375	 -3.26979	 0.139428
160.72	 1.12798	 -0.0207198	 -2.2663	 0.413518	 -3.31006	 0.186033
160.74	 1.10443	 -0.0268796	 -2.3276	 0.378005	 -3.3508	 0.23253
160.76	 1.08039	 -0.0331547	 -2.38932	 0.341783	 -3.39195	 0.278874
160.78	 1.05588	 -0.0395527	 -2.4514	 0.304804	 -3.43346	 0.325025
160.8	 1.03092	 -0.0460788	 -2.51377	 0.267049	 -3.47526	 0.370946
160.82	 1.00551	 -0.0527294	 -2.57638	 0.228554	 -3.51727	 0.416601
160.84	 0.979674	 -0.0594997	 -2.63916	 0.189331	 -3.55944	 0.461946
160.86	 0.953427	 -0.0663822	 -2.70204	 0.149387	 -3.60167	 0.506937
160.88	 0.926783	 -0.0733686	 -2.76497	 0.108731	 -3.64389	 0.551528
160.9	 0.899758	 -0.0804502	 -2.82786	 0.0673717	 -3.68601	 0.595675
160.92	 0.872365	 -0.0876199	 -2.89067	 0.0253208	 -3.72796	 0.639336
160.94	 0.84462	 -0.0948708	 -2.95332	 -0.017408	 -3.76966	 0.68247
160.96	 0.816538	 -0.102201	 -3.01573	 -0.0608243	 -3.81102	 0.725036
160.98	 0.788134	 -0.109611	 -3.07786	 -0.104951	 -3.85196	 0.766995
161	 0.759422	 -0.117099	 -3.13962	 -0.14975	 -3.89239	 0.808333
161.02	 0.730415	 -0.124662	 -3.20096	 -0.195177	 -3.93218	 0.849049
161.04	 0.701129	 -0.132296	 -3.26181	 -0.241208	 -3.97125	 0.889147
161.06	 0.671572	 -0.14	 -3.32211	 -0.287825	 -4.00947	 0.92863
161.08	 0.641749	 -0.147766	 -3.38181	 -0.335005	 -4.04675	 0.967499
161.1	 0.611665	 -0.155588	 -3.44085	 -0.382723	 -4.08301	 1.00575
161.12	 0.581326	 -0.163457	 -3.49918	 -0.430948	 -4.11818	 1.04336
161.14	 0.550728	 -0.17137	 -3.55677	 -0.479644	 -4.1522	 1.08034
161.16	 0.519868	 -0.179324	 -3.61359	 -0.528775	 -4.18506	 1.11669
161.18	 0.48874	 -0.187317	 -3.6696	 -0.578304	 -4.21671	 1.15239
161.2	 0.457342	 -0.19535	 -3.72478	 -0.628191	 -4.24713	 1.18747
161.22	 0.425671	 -0.20342	 -3.77908	 -0.6784	 -4.27627	 1.22191
161.24	 0.393725	 -0.211524	 -3.83249	 -0.728896	 -4.30411	 1.25573
161.26	 0.361506	 -0.21966	 -3.88496	 -0.77964	 -4.33059	 1.28891
161.28	 0.329012	 -0.227823	 -3.93645	 -0.8306	 -4.35566	 1.32146
161.3	 0.296246	 -0.23601	 -3.98694	 -0.881737	 -4.37928	 1.35338
161.32	 0.263206	 -0.244216	 -4.03638	 -0.933018	 -4.4014	 1.38468
161.34	 0.229894	 -0.252439	 -4.08474	 -0.984404	 -4.42199	 1.41534
161.36	 0.196309	 -0.260675	 -4.132	 -1.03586	 -4.44101	 1.44537
161.38	 0.162451	 -0.268921	 -4.17811	 -1.08735	 -4.45843	 1.47477
161.4	 0.128321	 -0.277174	 -4.22307	 -1.13883	 -4.47421	 1.50355
161.42	 0.0939207	 -0.285431	 -4.26682	 -1.19027	 -4.48834	 1.53171
161.44	 0.0592512	 -0.293689	 -4.30936	 -1.24164	 -4.50077	 1.55925
161.46	 0.024314	 -0.301944	 -4.35065	 -1.2929	 -4.51148	 1.58616
161.48	 -0.0108897	 -0.310191	 -4.39066	 -1.344	 -4.52044	 1.61246
161.5	 -0.0463555	 -0.318428	 -4.42937	 -1.39491	 -4.52762	 1.63815
161.52	 -0.082081	 -0.32665	 -4.46676	 -1.44559	 -4.53301	 1.66322
161.54	 -0.118062	 -0.334855	 -4.50281	 -1.49601	 -4.53657	 1.68769
161.56	 -0.154295	 -0.34304	 -4.53748	 -1.54615	 -4.5383	 1.71155
161.58	 -0.190777	 -0.351199	 -4.57076	 -1.59595	 -4.53815	 1.73481
161.6	 -0.227504	 -0.35933	 -4.60263	 -1.64539	 -4.53613	 1.75747
161.62	 -0.264471	 -0.367431	 -4.63307	 -1.69443	 -4.5322	 1.77953
161.64	 -0.301674	 -0.375497	 -4.66206	 -1.74305	 -4.52636	 1.80101
161.66	 -0.339108	 -0.383525	 -4.68959	 -1.7912	 -4.51859	 1.8219
161.68	 -0.376765	 -0.391512	 -4.71564	 -1.83885	 -4.50886	 1.8422
161.7	 -0.414641	 -0.399454	 -4.74019	 -1.88598	 -4.49718	 1.86193
161.72	 -0.452728	 -0.407349	 -4.76323	 -1.93254	 -4.48354	 1.88109
161.74	 -0.491018	 -0.415192	 -4.78475	 -1.97852	 -4.46792	 1.89968
161.76	 -0.529504	 -0.422981	 -4.80474	 -2.02386	 -4.45031	 1.91772
161.78	 -0.568178	 -0.430713	 -4.82318	 -2.06855	 -4.43071	 1.9352
161.8	 -0.60703	 -0.438383	 -4.84008	 -2.11255	 -4.40912	 1.95213
161.82	 -0.646052	 -0.44599	 -4.85541	 -2.15583	 -4.38553	 1.96852
161.84	 -0.685234	 -0.453529	 -4.86918	 -2.19836	 -4.35994	 1.98437
161.86	 -0.724565	 -0.460998	 -4.88139	 -2.2401	 -4.33234	 1.9997
161.88	 -0.764035	 -0.468394	 -4.89201	 -2.28103	 -4.30275	 2.01451
161.9	 -0.803633	 -0.475711	 -4.90107	 -2.3211	 -4.27115	 2.0288
161.92	 -0.843345	 -0.482949	 -4.90854	 -2.36029	 -4.23755	 2.0426
161.94	 -0.883162	 -0.490104	 -4.91444	 -2.39858	 -4.20196	 2.05589
161.96	 -0.923069	 -0.497172	 -4.91876	 -2.43593	 -4.16437	 2.06869
161.98	 -0.963055	 -0.504151	 -4.92151	 -2.47232	 -4.1248	 2.08101
162	 -1.0031	 -0.511037	 -4.92268	 -2.50771	 -4.08325	 2.09286
162.02	 -1.0432	 -0.517827	 -4.92229	 -2.54207	 -4.03973	 2.10424
162.04	 -1.08334	 -0.524519	 -4.92034	 -2.57539	 -3.99425	 2.11516
162.06	 -1.1235	 -0.53111	 -4.91684	 -2.60764	 -3.94681	 2.12563
162.08	 -1.16366	 -0.537595	 -4.91179	 -2.63878	 -3.89744	 2.13566
162.1	 -1.20381	 -0.543974	 -4.90521	 -2.6688	 -3.84613	 2.14526
162.12	 -1.24394	 -0.550242	 -4.8971	 -2.69767	 -3.79292	 2.15442
162.14	 -1.28402	 -0.556397	 -4.88748	 -2.72537	 -3.7378	 2.16317
162.16	 -1.32404	 -0.562437	 -4.87637	 -2.75187	 -3.6808	 2.17151
162.18	 -1.36398	 -0.568358	 -4.86377	 -2.77716	 -3.62194	 2.17945
162.2	 -1.40382	 -0.574157	 -4.8497	 -2.80121	 -3.56123	 2.187
162.22	 -1.44355	 -0.579833	 -4.83418	 -2.824	 -3.49869	 2.19416
162.24	 -1.48314	 -0.585381	 -4.81723	 -2.84552	 -3.43434	 2.20095
162.26	 -1.52257	 -0.5908	 -4.79887	 -2.86573	 -3.36821	 2.20736
162.28	 -1.56183	 -0.596086	 -4.77912	 -2.88463	 -3.30033	 2.21342
162.3	 -1.6009	 -0.601238	 -4.758	 -2.90219	 -3.2307	 2.21913
162.32	 -1.63975	 -0.606252	 -4.73553	 -2.9184	 -3.15937	 2.22449
162.34	 -1.67836	 -0.611127	 -4.71173	 -2.93325	 -3.08635	 2.22951
162.36	 -1.71671	 -0.615861	 -4.68664	 -2.94672	 -3.01168	 2.23421
162.38	 -1.75479	 -0.620449	 -4.66028	 -2.9588	 -2.93538	 2.23858
162.4	 -1.79256	 -0.624891	 -4.63267	 -2.96946	 -2.85749	 2.24264
162.42	 -1.83	 -0.629184	 -4.60385	 -2.97871	 -2.77805	 2.24639
162.44	 -1.8671	 -0.633327	 -4.57384	 -2.98653	 -2.69707	 2.24984
162.46	 -1.90383	 -0.637317	 -4.54268	 -2.99294	 -2.6146	 2.25297
162.48	 -1.94017	 -0.641154	 -4.51039	 -2.99792	 -2.53067	 2.2558
162.5	 -1.97609	 -0.644836	 -4.47701	 -3.00148	 -2.4453	 2.2583
162.52	 -2.01157	 -0.648361	 -4.44257	 -3.00362	 -2.35853	 2.26047
162.54	 -2.0466	 -0.651729	 -4.40711	 -3.00435	 -2.27041	 2.26232
162.56	 -2.08113	 -0.654939	 -4.37066	 -3.00365	 -2.18096	 2.26383
162.58	 -2.11516	 -0.65799	 -4.33326	 -3.00155	 -2.09025	 2.26501
162.6	 -2.14866	 -0.660881	 -4.29494	 -2.99804	 -1.9983	 2.26585
162.62	 -2.1816	 -0.663613	 -4.25575	 -2.99313	 -1.90519	 2.26636
162.64	 -2.21396	 -0.666184	 -4.21573	 -2.98684	 -1.81095	 2.26653
162.66	 -2.24571	 -0.668594	 -4.17491	 -2.97916	 -1.71565	 2.26637
162.68	 -2.27684	 -0.670843	 -4.13333	 -2.9701	 -1.61935	 2.26586
162.7	 -2.30732	 -0.672931	 -4.09104	 -2.95967	 -1.5221	 2.26501
162.72	 -2.33712	 -0.674858	 -4.04808	 -2.94789	 -1.42397	 2.26382
162.74	 -2.36622	 -0.676626	 -4.0045	 -2.93476	 -1.32502	 2.26229
162.76	 -2.3946	 -0.678235	 -3.96033	 -2.9203	 -1.22532	 2.26042
162.78	 -2.42224	 -0.679687	 -3.91562	 -2.90452	 -1.12495	 2.25822
162.8	 -2.4491	 -0.680983	 -3.87042	 -2.88743	 -1.02397	 2.25567
162.82	 -2.47518	 -0.682125	 -3.82477	 -2.86907	 -0.922469	 2.25279
162.84	 -2.50045	 -0.683114	 -3.77873	 -2.84943	 -0.820509	 2.24958
162.86	 -2.52487	 -0.683954	 -3.73233	 -2.82854	 -0.718173	 2.24604
162.88	 -2.54845	 -0.684646	 -3.68562	 -2.80642	 -0.615541	 2.24217
162.9	 -2.57114	 -0.685194	 -3.63866	 -2.78309	 -0.512694	 2.23799
162.92	 -2.59294	 -0.6856	 -3.59148	 -2.75857	 -0.409712	 2.23349
162.94	 -2.61382	 -0.685867	 -3.54414	 -2.73289	 -0.306678	 2.22868
162.96	 -2.63377	 -0.686	 -3.49669	 -2.70605	 -0.203676	 2.22357
162.98	 -2.65276	 -0.686003	 -3.44917	 -2.67809	 -0.100791	 2.21815
163	 -2.67077	 -0.685878	 -3.40163	 -2.64903	 0.00189344	 2.21244
163.02	 -2.6878	 -0.68563	 -3.35412	 -2.61889	 0.10429	 2.20645
163.04	 -2.70381	 -0.685264	 -3.30669	 -2.5877	 0.206315	 2.20017
163.06	 -2.7188	 -0.684784	 -3.25938	 -2.55548	 0.307879	 2.19362
163.08	 -2.73275	 -0.684196	 -3.21224	 -2.52225	 0.408899	 2.1868
163.1	 -2.74565	 -0.683505	 -3.16532	 -2.48805	 0.509286	 2.17972
163.12	 -2.75747	 -0.682715	 -3.11866	 -2.45289	 0.608957	 2.17239
163.14	 -2.76821	 -0.681832	 -3.07232	 -2.41681	 0.707824	 2.16482
163.16	 -2.77786	 -0.680862	 -3.02633	 -2.37983	 0.805804	 2.15701
163.18	 -2.78639	 -0.679812	 -2.98073	 -2.34199	 0.902813	 2.14898
163.2	 -2.79381	 -0.678686	 -2.93558	 -2.3033	 0.998768	 2.14073
163.22	 -2.80009	 -0.677491	 -2.89091	 -2.26379	 1.09359	 2.13227
163.24	 -2.80524	 -0.676234	 -2.84677	 -2.2235	 1.18719	 2.1236
163.26	 -2.80923	 -0.674921	 -2.80319	 -2.18245	 1.2795	 2.11475
163.28	 -2.81207	 -0.673558	 -2.76022	 -2.14068	 1.37045	 2.10571
163.3	 -2.81375	 -0.672152	 -2.71788	 -2.09821	 1.45994	 2.0965
163.32	 -2.81425	 -0.670709	 -2.67622	 -2.05506	 1.54792	 2.08713
163.34	 -2.81358	 -0.669236	 -2.63527	 -2.01128	 1.63432	 2.0776
163.36	 -2.81172	 -0.667739	 -2.59507	 -1.96689	 1.71906	 2.06792
163.38	 -2.80868	 -0.666224	 -2.55563	 -1.92192	 1.80208	 2.0581
163.4	 -2.80445	 -0.664698	 -2.517	 -1.87639	 1.88332	 2.04815
163.42	 -2.79903	 -0.663168	 -2.4792	 -1.83035	 1.96273	 2.03808
163.44	 -2.79242	 -0.661638	 -2.44225	 -1.78382	 2.04023	 2.02789
163.46	 -2.78461	 -0.660114	 -2.40618	 -1.73682	 2.11579	 2.01759
163.48	 -2.77561	 -0.658603	 -2.37101	 -1.6894	 2.18936	 2.0072
163.5	 -2.76541	 -0.657109	 -2.33676	 -1.64158	 2.26088	 1.99671
163.52	 -2.75402	 -0.655638	 -2.30345	 -1.59338	 2.33031	 1.98612
163.54	 -2.74144	 -0.654195	 -2.27109	 -1.54485	 2.39762	 1.97546
163.56	 -2.72767	 -0.652784	 -2.23969	 -1.496	 2.46276	 1.96472
163.58	 -2.71271	 -0.651409	 -2.20928	 -1.44688	 2.52571	 1.9539
163.6	 -2.69658	 -0.650074	 -2.17986	 -1.3975	 2.58643	 1.94301
163.62	 -2.67926	 -0.648783	 -2.15143	 -1.34791	 2.6449	 1.93206
163.64	 -2.66078	 -0.64754	 -2.12401	 -1.29812	 2.7011	 1.92104
163.66	 -2.64113	 -0.646347	 -2.0976	 -1.24817	 2.755	 1.90996
163.68	 -2.62033	 -0.645207	 -2.0722	 -1.19809	 2.80659	 1.89882
163.7	 -2.59838	 -0.644123	 -2.0478	 -1.14791	 2.85586	 1.88763
163.72	 -2.57528	 -0.643097	 -2.02442	 -1.09766	 2.90279	 1.87637
163.74	 -2.55105	 -0.64213	 -2.00205	 -1.04737	 2.94738	 1.86506
163.76	 -2.52571	 -0.641224	 -1.98068	 -0.997057	 2.98962	 1.85369
163.78	 -2.49925	 -0.640379	 -1.9603	 -0.946765	 3.02953	 1.84226
163.8	 -2.47169	 -0.639597	 -1.94091	 -0.896519	 3.06709	 1.83077
163.82	 -2.44305	 -0.638876	 -1.92249	 -0.846347	 3.10232	 1.81921
163.84	 -2.41333	 -0.638217	 -1.90503	 -0.796279	 3.13523	 1.80759
163.86	 -2.38256	 -0.637619	 -1.88851	 -0.746343	 3.16583	 1.79589
163.88	 -2.35073	 -0.63708	 -1.87293	 -0.69657	 3.19414	 1.78412
163.9	 -2.31788	 -0.636599	 -1.85826	 -0.646988	 3.22017	 1.77226
163.92	 -2.28401	 -0.636173	 -1.84448	 -0.597628	 3.24396	 1.76032
163.94	 -2.24914	 -0.6358	 -1.83157	 -0.548518	 3.26554	 1.74827
163.96	 -2.21329	 -0.635478	 -1.8195	 -0.499687	 3.28491	 1.73613
163.98	 -2.17647	 -0.635201	 -1.80825	 -0.451165	 3.30214	 1.72387
164	 -2.1387	 -0.634967	 -1.7978	 -0.402977	 3.31723	 1.71149
164.02	 -2.10001	 -0.63477	 -1.78812	 -0.355151	 3.33024	 1.69898
164.04	 -2.0604	 -0.634606	 -1.77918	 -0.307715	 3.34121	 1.68632
164.06	 -2.01991	 -0.63447	 -1.77094	 -0.260693	 3.35017	 1.67351
164.08	 -1.97854	 -0.634355	 -1.76337	 -0.214113	 3.35717	 1.66054
164.1	 -1.93632	 -0.634255	 -1.75644	 -0.168001	 3.36226	 1.64739
164.12	 -1.89328	 -0.634165	 -1.75013	 -0.122382	 3.3655	 1.63405
164.14	 -1.84942	 -0.634077	 -1.74438	 -0.0772829	 3.36692	 1.62051
164.16	 -1.80478	 -0.633984	 -1.73916	 -0.0327273	 3.36659	 1.60675
164.18	 -1.75937	 -0.633879	 -1.73444	 0.0112612	 3.36456	 1.59276
164.2	 -1.71323	 -0.633754	 -1.73017	 0.05466	 3.36088	 1.57853
164.22	 -1.66636	 -0.633601	 -1.72632	 0.0974458	 3.35563	 1.56403
164.24	 -1.61881	 -0.633412	 -1.72285	 0.139594	 3.34886	 1.54927
164.26	 -1.57058	 -0.633178	 -1.71971	 0.181084	 3.34063	 1.53421
164.28	 -1.5217	 -0.632891	 -1.71685	 0.221894	 3.331	 1.51885
164.3	 -1.4722	 -0.632542	 -1.71425	 0.262004	 3.32005	 1.50318
164.32	 -1.4221	 -0.632121	 -1.71185	 0.301393	 3.30783	 1.48716
164.34	 -1.37143	 -0.631619	 -1.70961	 0.340041	 3.29442	 1.4708
164.36	 -1.32021	 -0.631027	 -1.70749	 0.37793	 3.27987	 1.45406
164.38	 -1.26847	 -0.630336	 -1.70543	 0.41504	 3.26427	 1.43695
164.4	 -1.21623	 -0.629536	 -1.70341	 0.451356	 3.24767	 1.41944
164.42	 -1.16352	 -0.628616	 -1.70136	 0.48686	 3.23016	 1.40151
164.44	 -1.11037	 -0.627568	 -1.69924	 0.521538	 3.21179	 1.38315
164.46	 -1.05679	 -0.626381	 -1.69702	 0.555373	 3.19264	 1.36434
164.48	 -1.00282	 -0.625046	 -1.69464	 0.588348	 3.17278	 1.34508
164.5	 -0.948476	 -0.623554	 -1.69205	 0.620451	 3.15228	 1.32534
164.52	 -0.893792	 -0.621895	 -1.68922	 0.651668	 3.1312	 1.30511
164.54	 -0.838791	 -0.62006	 -1.68609	 0.681987	 3.10962	 1.28437
164.56	 -0.783498	 -0.61804	 -1.68263	 0.711393	 3.08761	 1.26312
164.58	 -0.727939	 -0.615827	 -1.67878	 0.739875	 3.06523	 1.24134
164.6	 -0.672137	 -0.613412	 -1.67451	 0.767438	 3.04255	 1.21901
164.62	 -0.616103	 -0.610789	 -1.66978	 0.794119	 3.01962	 1.19616
164.64	 -0.559847	 -0.607954	 -1.66455	 0.819944	 2.99649	 1.17279
164.66	 -0.503378	 -0.604904	 -1.65879	 0.844942	 2.97324	 1.14891
164.68	 -0.446706	 -0.601633	 -1.65248	 0.869143	 2.9499	 1.12454
164.7	 -0.38984	 -0.598138	 -1.64558	 0.892578	 2.92655	 1.09969
164.72	 -0.332793	 -0.594413	 -1.63805	 0.915281	 2.90323	 1.07435
164.74	 -0.275579	 -0.590453	 -1.62987	 0.937288	 2.88001	 1.04854
164.76	 -0.218211	 -0.586252	 -1.62101	 0.958631	 2.85693	 1.02226
164.78	 -0.16069	 -0.581805	 -1.61143	 0.979273	 2.83404	 0.995499
164.8	 -0.103013	 -0.577105	 -1.60113	 0.999202	 2.81137	 0.968244
164.82	 -0.0451756	 -0.572141	 -1.59007	 1.01841	 2.78897	 0.940474
164.84	 0.0128275	 -0.566907	 -1.57826	 1.03689	 2.76688	 0.912178
164.86	 0.0709978	 -0.561396	 -1.56566	 1.05462	 2.74513	 0.883342
164.88	 0.129335	 -0.555601	 -1.55228	 1.0716	 2.72376	 0.853957
164.9	 0.187835	 -0.549518	 -1.5381	 1.08781	 2.7028	 0.824015
164.92	 0.246494	 -0.54314	 -1.52312	 1.10326	 2.68226	 0.793508
164.94	 0.305309	 -0.536465	 -1.50733	 1.11792	 2.66218	 0.76243
164.96	 0.364276	 -0.529487	 -1.49072	 1.13179	 2.64256	 0.730774
164.98	 0.423386	 -0.522205	 -1.47331	 1.14487	 2.62341	 0.698538
165	 0.482636	 -0.514614	 -1.45508	 1.15716	 2.60472	 0.665718
165.02	 0.542011	 -0.506716	 -1.43606	 1.16866	 2.58646	 0.632318
165.04	 0.601499	 -0.498512	 -1.41627	 1.17936	 2.5686	 0.598343
165.06	 0.661084	 -0.490003	 -1.39575	 1.1893	 2.5511	 0.563808
165.08	 0.720747	 -0.481194	 -1.37452	 1.19846	 2.5339	 0.528719
165.1	 0.780469	 -0.472084	 -1.35261	 1.20685	 2.51694	 0.493088
165.12	 0.840228	 -0.462675	 -1.33006	 1.2145	 2.50018	 0.456923
165.14	 0.900004	 -0.452969	 -1.3069	 1.2214	 2.48357	 0.42023
165.16	 0.959774	 -0.442965	 -1.28317	 1.22757	 2.46703	 0.383017
165.18	 1.01952	 -0.432664	 -1.2589	 1.23303	 2.45053	 0.345295
165.2	 1.0792	 -0.422068	 -1.23412	 1.2378	 2.43399	 0.307077
165.22	 1.13882	 -0.411178	 -1.20888	 1.24189	 2.41735	 0.268379
165.24	 1.19833	 -0.399995	 -1.18321	 1.24533	 2.40055	 0.229216
165.26	 1.25772	 -0.388523	 -1.15716	 1.24814	 2.38352	 0.189607
165.28	 1.31696	 -0.376764	 -1.13077	 1.25035	 2.3662	 0.149574
165.3	 1.37603	 -0.364721	 -1.10408	 1.252	 2.34851	 0.109139
165.32	 1.43491	 -0.352397	 -1.07715	 1.25312	 2.33039	 0.0683281
165.34	 1.49357	 -0.339797	 -1.05002	 1.25374	 2.31177	 0.0271687
165.36	 1.55198	 -0.326925	 -1.02273	 1.25391	 2.29258	 -0.0143072
165.38	 1.61013	 -0.313788	 -0.995342	 1.25367	 2.27276	 -0.0560648
165.4	 1.66799	 -0.300393	 -0.967892	 1.25306	 2.25222	 -0.0980667
165.42	 1.72553	 -0.286746	 -0.940435	 1.25213	 2.23092	 -0.140272
165.44	 1.78274	 -0.272857	 -0.91302	 1.25092	 2.20877	 -0.182639
165.46	 1.8396	 -0.258735	 -0.8857	 1.24949	 2.18572	 -0.225121
165.48	 1.89608	 -0.24439	 -0.858526	 1.24788	 2.16168	 -0.267673
165.5	 1.95216	 -0.229833	 -0.83155	 1.24613	 2.1366	 -0.310244
165.52	 2.00782	 -0.215074	 -0.804823	 1.2443	 2.11042	 -0.352786
165.54	 2.06304	 -0.200126	 -0.778396	 1.24243	 2.08307	 -0.395243
165.56	 2.11779	 -0.185003	 -0.752316	 1.24058	 2.0545	 -0.437563
165.58	 2.17207	 -0.169718	 -0.726633	 1.23879	 2.02466	 -0.479686
165.6	 2.22584	 -0.154286	 -0.701391	 1.23709	 1.99349	 -0.521557
165.62	 2.27908	 -0.138723	 -0.676635	 1.23555	 1.96097	 -0.563114
165.64	 2.33179	 -0.123042	 -0.652409	 1.23419	 1.92704	 -0.6043
165.66	 2.38393	 -0.107262	 -0.628756	 1.23306	 1.89167	 -0.645054
165.68	 2.43549	 -0.0913961	 -0.605716	 1.23219	 1.85483	 -0.685316
165.7	 2.48645	 -0.0754618	 -0.58333	 1.23163	 1.81649	 -0.725027
165.72	 2.5368	 -0.0594746	 -0.561637	 1.2314	 1.77662	 -0.764128
165.74	 2.5865	 -0.0434506	 -0.540674	 1.23153	 1.73519	 -0.802561
165.76	 2.63555	 -0.0274061	 -0.520478	 1.23205	 1.6922	 -0.840268
165.78	 2.68392	 -0.0113573	 -0.501082	 1.23298	 1.64762	 -0.877192
165.8	 2.7316	 0.00467917	 -0.482519	 1.23434	 1.60145	 -0.913276
165.82	 2.77856	 0.0206866	 -0.464818	 1.23614	 1.55368	 -0.948466
165.84	 2.8248	 0.0366485	 -0.448006	 1.23841	 1.50431	 -0.982707
165.86	 2.8703	 0.0525481	 -0.432108	 1.24115	 1.45335	 -1.01595
165.88	 2.91503	 0.0683691	 -0.41715	 1.24437	 1.4008	 -1.04814
165.9	 2.95898	 0.0840948	 -0.403153	 1.24808	 1.34667	 -1.07922
165.92	 3.00213	 0.0997089	 -0.390136	 1.25226	 1.29098	 -1.10916
165.94	 3.04447	 0.115195	 -0.378119	 1.25693	 1.23375	 -1.1379
165.96	 3.08598	 0.130537	 -0.367118	 1.26208	 1.175	 -1.16541
165.98	 3.12664	 0.145718	 -0.357145	 1.26771	 1.11475	 -1.19163
166	 3.16644	 0.160724	 -0.348213	 1.27379	 1.05304	 -1.21654
166.02	 3.20537	 0.175537	 -0.340331	 1.28032	 0.989897	 -1.24008
166.04	 3.2434	 0.190144	 -0.333504	 1.28729	 0.925364	 -1.26223
166.06	 3.28051	 0.204528	 -0.327739	 1.29468	 0.859484	 -1.28295
166.08	 3.31671	 0.218676	 -0.323035	 1.30247	 0.7923	 -1.30222
166.1	 3.35196	 0.232574	 -0.319395	 1.31063	 0.723862	 -1.32
166.12	 3.38626	 0.246207	 -0.316815	 1.31914	 0.654222	 -1.33627
166.14	 3.41958	 0.259563	 -0.315291	 1.32798	 0.583437	 -1.35101
166.16	 3.45192	 0.272629	 -0.314817	 1.3371	 0.511567	 -1.3642
166.18	 3.48325	 0.285392	 -0.315381	 1.34647	 0.438676	 -1.37582
166.2	 3.51357	 0.297841	 -0.316974	 1.35607	 0.36483	 -1.38585
166.22	 3.54286	 0.309963	 -0.319581	 1.36584	 0.290099	 -1.39429
166.24	 3.57111	 0.321748	 -0.323185	 1.37574	 0.214557	 -1.40113
166.26	 3.59829	 0.333186	 -0.327768	 1.38573	 0.13828	 -1.40637
166.28	 3.6244	 0.344266	 -0.333309	 1.39576	 0.0613462	 -1.40999
166.3	 3.64943	 0.354978	 -0.339785	 1.40578	 -0.0161624	 -1.412
166.32	 3.67335	 0.365314	 -0.347172	 1.41573	 -0.0941619	 -1.4124
166.34	 3.69616	 0.375265	 -0.355442	 1.42555	 -0.172566	 -1.4112
166.36	 3.71785	 0.384822	 -0.364568	 1.43518	 -0.251287	 -1.40841
166.38	 3.7384	 0.393979	 -0.374519	 1.44457	 -0.330233	 -1.40403
166.4	 3.75779	 0.402726	 -0.385263	 1.45364	 -0.409313	 -1.39809
166.42	 3.77602	 0.411058	 -0.396766	 1.46232	 -0.488432	 -1.39059
166.44	 3.79308	 0.418968	 -0.408991	 1.47056	 -0.567495	 -1.38156
166.46	 3.80894	 0.42645	 -0.421902	 1.47828	 -0.646404	 -1.37102
166.48	 3.82361	 0.433497	 -0.435459	 1.48541	 -0.72506	 -1.35898
166.5	 3.83707	 0.440105	 -0.449622	 1.49187	 -0.803363	 -1.34549
166.52	 3.84931	 0.446269	 -0.464348	 1.4976	 -0.881212	 -1.33056
166.54	 3.86031	 0.451984	 -0.479594	 1.50251	 -0.958506	 -1.31422
166.56	 3.87008	 0.457247	 -0.495315	 1.50653	 -1.03514	 -1.29652
166.58	 3.87859	 0.462052	 -0.511466	 1.5096	 -1.11102	 -1.27748
166.6	 3.88585	 0.466398	 -0.527999	 1.51162	 -1.18603	 -1.25714
166.62	 3.89183	 0.47028	 -0.544866	 1.51253	 -1.26008	 -1.23554
166.64	 3.89654	 0.473697	 -0.562019	 1.51225	 -1.33306	 -1.21272
166.66	 3.89996	 0.476647	 -0.579407	 1.51071	 -1.40487	 -1.18873
166.68	 3.90208	 0.479126	 -0.596979	 1.50784	 -1.47541	 -1.1636
166.7	 3.90291	 0.481133	 -0.614686	 1.50356	 -1.54457	 -1.13738
166.72	 3.90242	 0.482668	 -0.632473	 1.4978	 -1.61226	 -1.11012
166.74	 3.90062	 0.48373	 -0.650289	 1.4905	 -1.67838	 -1.08186
166.76	 3.8975	 0.484317	 -0.66808	 1.4816	 -1.74283	 -1.05266
166.78	 3.89305	 0.484431	 -0.685793	 1.47101	 -1.80551	 -1.02256
166.8	 3.88727	 0.48407	 -0.703375	 1.4587	 -1.86633	 -0.991616
166.82	 3.88015	 0.483236	 -0.72077	 1.44459	 -1.9252	 -0.959875
166.84	 3.87169	 0.481929	 -0.737926	 1.42863	 -1.98202	 -0.92739
166.86	 3.86188	 0.48015	 -0.754788	 1.41076	 -2.03672	 -0.894213
166.88	 3.85072	 0.477901	 -0.771301	 1.39094	 -2.08919	 -0.860395
166.9	 3.83822	 0.475183	 -0.787413	 1.36912	 -2.13937	 -0.825989
166.92	 3.82436	 0.471999	 -0.803068	 1.34526	 -2.18716	 -0.791047
166.94	 3.80915	 0.468351	 -0.818214	 1.31932	 -2.2325	 -0.755622
166.96	 3.79259	 0.464242	 -0.832798	 1.29126	 -2.2753	 -0.719764
166.98	 3.77467	 0.459674	 -0.846768	 1.26106	 -2.3155	 -0.683525
167	 3.7554	 0.45464	 -0.86008	 1.2287	 -2.35303	 -0.646935
167.02	 3.73478	 0.449132	 -0.872692	 1.19416	 -2.38786	 -0.610018
167.04	 3.71282	 0.44314	 -0.884564	 1.15743	 -2.41995	 -0.572803
167.06	 3.68952	 0.436656	 -0.89566	 1.11852	 -2.44926	 -0.535315
167.08	 3.66489	 0.429674	 -0.90594	 1.07742	 -2.47574	 -0.497585
167.1	 3.63893	 0.42219	 -0.915365	 1.03414	 -2.49938	 -0.459646
167.12	 3.61166	 0.414201	 -0.923897	 0.988686	 -2.52013	 -0.421532
167.14	 3.58308	 0.405707	 -0.931496	 0.941067	 -2.53796	 -0.383277
167.16	 3.55321	 0.396707	 -0.938124	 0.891295	 -2.55286	 -0.344911
167.18	 3.52204	 0.387199	 -0.943742	 0.839387	 -2.5648	 -0.306465
167.2	 3.48959	 0.377184	 -0.948315	 0.785365	 -2.57376	 -0.267969
167.22	 3.45587	 0.366662	 -0.951808	 0.729258	 -2.57974	 -0.229451
167.24	 3.4209	 0.355633	 -0.954188	 0.671099	 -2.58271	 -0.190941
167.26	 3.38469	 0.344099	 -0.955422	 0.610928	 -2.58269	 -0.152467
167.28	 3.34724	 0.332063	 -0.955479	 0.548788	 -2.57965	 -0.114058
167.3	 3.30858	 0.319528	 -0.954332	 0.484729	 -2.57361	 -0.0757432
167.32	 3.26872	 0.306501	 -0.95195	 0.418804	 -2.56457	 -0.0375497
167.34	 3.22766	 0.292988	 -0.948308	 0.351068	 -2.55254	 0.000493379
167.36	 3.18544	 0.278997	 -0.94338	 0.281584	 -2.53752	 0.0383541
167.38	 3.14206	 0.264539	 -0.937142	 0.210414	 -2.51954	 0.0760005
167.4	 3.09754	 0.249625	 -0.929572	 0.137627	 -2.4986	 0.113406
167.42	 3.0519	 0.234263	 -0.920649	 0.0632973	 -2.47475	 0.150546
167.44	 3.00515	 0.218467	 -0.910354	 -0.0124986	 -2.448	 0.187391
167.46	 2.95732	 0.202249	 -0.898672	 -0.0896786	 -2.41838	 0.223914
167.48	 2.90841	 0.185625	 -0.88559	 -0.168157	 -2.38594	 0.260086
167.5	 2.85846	 0.168613	 -0.871096	 -0.247844	 -2.35072	 0.295876
167.52	 2.80749	 0.151231	 -0.855182	 -0.328648	 -2.31275	 0.331253
167.54	 2.7555	 0.1335	 -0.837841	 -0.410472	 -2.2721	 0.366187
167.56	 2.70252	 0.115444	 -0.819072	 -0.493217	 -2.22881	 0.400644
167.58	 2.64858	 0.0970854	 -0.798873	 -0.576782	 -2.18296	 0.434593
167.6	 2.59368	 0.0784508	 -0.777248	 -0.66106	 -2.1346	 0.468
167.62	 2.53787	 0.0595672	 -0.754202	 -0.745943	 -2.0838	 0.500832
167.64	 2.48115	 0.0404625	 -0.729744	 -0.83132	 -2.03065	 0.533058
167.66	 2.42354	 0.021166	 -0.703883	 -0.917075	 -1.9752	 0.564643
167.68	 2.36508	 0.0017077	 -0.676632	 -1.00309	 -1.91756	 0.595558
167.7	 2.30578	 -0.0178814	 -0.648008	 -1.08925	 -1.8578	 0.62577
167.72	 2.24566	 -0.0375693	 -0.618026	 -1.17543	 -1.796	 0.655248
167.74	 2.18475	 -0.0573231	 -0.586709	 -1.26149	 -1.73226	 0.683963
167.76	 2.12307	 -0.0771089	 -0.554077	 -1.34733	 -1.66667	 0.711883
167.78	 2.06063	 -0.0968923	 -0.520157	 -1.4328	 -1.59933	 0.738981
167.8	 1.99747	 -0.116638	 -0.484974	 -1.51778	 -1.53033	 0.765228
167.82	 1.9336	 -0.136312	 -0.448562	 -1.60213	 -1.45978	 0.790598
167.84	 1.86905	 -0.155877	 -0.41095	 -1.68571	 -1.38778	 0.815063
167.86	 1.80384	 -0.175296	 -0.372175	 -1.76839	 -1.31442	 0.838597
167.88	 1.73798	 -0.194532	 -0.332273	 -1.85003	 -1.23983	 0.861177
167.9	 1.67151	 -0.213549	 -0.291284	 -1.93048	 -1.16411	 0.882778
167.92	 1.60444	 -0.232309	 -0.249249	 -2.00961	 -1.08736	 0.903379
167.94	 1.53679	 -0.250774	 -0.206211	 -2.08727	 -1.00969	 0.922958
167.96	 1.46859	 -0.268907	 -0.162216	 -2.16332	 -0.931213	 0.941495
167.98	 1.39986	 -0.286671	 -0.117311	 -2.23759	 -0.852034	 0.958974
168	 1.33062	 -0.304031	 -0.0715466	 -2.30996	 -0.772257	 0.975378
168.02	 1.26089	 -0.320948	 -0.0249744	 -2.38026	 -0.691989	 0.990693
168.04	 1.1907	 -0.337389	 0.0223512	 -2.44836	 -0.61133	 1.00491
168.06	 1.12007	 -0.35332	 0.0703734	 -2.51411	 -0.530381	 1.01802
168.08	 1.04903	 -0.368707	 0.119032	 -2.57736	 -0.449241	 1.03001
168.1	 0.977613	 -0.383519	 0.168266	 -2.63798	 -0.368007	 1.04089
168.12	 0.905847	 -0.397725	 0.218007	 -2.69583	 -0.28678	 1.05065
168.14	 0.833768	 -0.411295	 0.268186	 -2.75077	 -0.205664	 1.05929
168.16	 0.761414	 -0.424202	 0.31873	 -2.80267	 -0.124768	 1.06682
168.18	 0.688827	 -0.436417	 0.369563	 -2.8514	 -0.0442057	 1.07324
168.2	 0.616048	 -0.447918	 0.420603	 -2.89683	 0.035907	 1.07856
168.22	 0.543126	 -0.45868	 0.47177	 -2.93884	 0.115448	 1.08277
168.24	 0.470108	 -0.468682	 0.522975	 -2.97731	 0.194292	 1.08591
168.26	 0.397045	 -0.477906	 0.574133	 -3.01215	 0.272308	 1.08798
168.28	 0.323989	 -0.486335	 0.625151	 -3.04324	 0.349365	 1.08899
168.3	 0.250995	 -0.493954	 0.675939	 -3.0705	 0.425327	 1.08896
168.32	 0.178115	 -0.500749	 0.726403	 -3.09383	 0.500058	 1.0879
168.34	 0.105405	 -0.50671	 0.776449	 -3.11317	 0.57342	 1.08584
168.36	 0.0329195	 -0.511828	 0.825985	 -3.12843	 0.645277	 1.0828
168.38	 -0.0392878	 -0.516096	 0.874914	 -3.13955	 0.715497	 1.07879
168.4	 -0.111162	 -0.519511	 0.923145	 -3.14647	 0.783947	 1.07385
168.42	 -0.182651	 -0.522071	 0.970585	 -3.14915	 0.850501	 1.06799
168.44	 -0.253699	 -0.523775	 1.01714	 -3.14755	 0.915031	 1.06125
168.46	 -0.324252	 -0.524624	 1.06272	 -3.14162	 0.977415	 1.05366
168.48	 -0.394259	 -0.524622	 1.10724	 -3.13135	 1.03753	 1.04523
168.5	 -0.463664	 -0.523775	 1.1506	 -3.11671	 1.09527	 1.03601
168.52	 -0.532418	 -0.522088	 1.19272	 -3.09769	 1.1505	 1.02601
168.54	 -0.600468	 -0.519571	 1.23351	 -3.0743	 1.20314	 1.01527
168.56	 -0.667765	 -0.516234	 1.2729	 -3.04653	 1.25308	 1.00381
168.58	 -0.734261	 -0.512088	 1.3108	 -3.01441	 1.30024	 0.991675
168.6	 -0.799909	 -0.507148	 1.34715	 -2.97793	 1.34453	 0.978882
168.62	 -0.864662	 -0.501428	 1.38185	 -2.93714	 1.38589	 0.965466
168.64	 -0.928474	 -0.494942	 1.41485	 -2.89205	 1.42424	 0.951456
168.66	 -0.9913	 -0.48771	 1.44608	 -2.84271	 1.45952	 0.936884
168.68	 -1.0531	 -0.47975	 1.47547	 -2.78917	 1.49167	 0.921778
168.7	 -1.11382	 -0.471083	 1.50296	 -2.73148	 1.52062	 0.906166
168.72	 -1.17342	 -0.461731	 1.5285	 -2.66973	 1.54631	 0.890074
168.74	 -1.23186	 -0.451719	 1.55202	 -2.604	 1.56869	 0.873526
168.76	 -1.2891	 -0.44107	 1.57349	 -2.53438	 1.58772	 0.856547
168.78	 -1.34509	 -0.429811	 1.59285	 -2.46098	 1.60334	 0.839158
168.8	 -1.39981	 -0.41797	 1.61006	 -2.38392	 1.61553	 0.821382
168.82	 -1.4532	 -0.405575	 1.62508	 -2.30331	 1.62427	 0.803241
168.84	 -1.50523	 -0.392656	 1.63789	 -2.21929	 1.62955	 0.784754
168.86	 -1.55588	 -0.379243	 1.64845	 -2.132	 1.63134	 0.765943
168.88	 -1.60509	 -0.365366	 1.65674	 -2.04158	 1.62966	 0.746827
168.9	 -1.65284	 -0.351058	 1.66274	 -1.94819	 1.6245	 0.727422
168.92	 -1.6991	 -0.33635	 1.66643	 -1.85199	 1.61587	 0.707743
168.94	 -1.74383	 -0.321276	 1.6678	 -1.75314	 1.60378	 0.687803
168.96	 -1.787	 -0.305868	 1.66685	 -1.65183	 1.58826	 0.667616
168.98	 -1.82858	 -0.290161	 1.66356	 -1.54823	 1.56934	 0.647192
169	 -1.86855	 -0.274189	 1.65795	 -1.44253	 1.54704	 0.626543
169.02	 -1.90688	 -0.257988	 1.65002	 -1.33493	 1.52142	 0.60568
169.04	 -1.94355	 -0.241591	 1.63979	 -1.22562	 1.49252	 0.584613
169.06	 -1.97852	 -0.225035	 1.62727	 -1.11481	 1.46042	 0.563354
169.08	 -2.01178	 -0.208354	 1.61248	 -1.00268	 1.42518	 0.54191
169.1	 -2.04332	 -0.191583	 1.59547	 -0.889458	 1.38688	 0.520291
169.12	 -2.0731	 -0.174758	 1.57624	 -0.775342	 1.34558	 0.498503
169.14	 -2.10111	 -0.157913	 1.55485	 -0.660542	 1.30139	 0.476554
169.16	 -2.12734	 -0.141084	 1.53134	 -0.545269	 1.25439	 0.454451
169.18	 -2.15177	 -0.124305	 1.50575	 -0.429732	 1.20468	 0.432203
169.2	 -2.17439	 -0.10761	 1.47812	 -0.314141	 1.15237	 0.409817
169.22	 -2.19518	 -0.0910344	 1.44851	 -0.198704	 1.09756	 0.387303
169.24	 -2.21414	 -0.0746103	 1.41698	 -0.0836271	 1.04036	 0.36467
169.26	 -2.23125	 -0.0583708	 1.38359	 0.0308846	 0.980903	 0.341927
169.28	 -2.24652	 -0.0423499	 1.34839	 0.14463	 0.919283	 0.319088
169.3	 -2.25994	 -0.0265815	 1.31144	 0.257413	 0.855603	 0.296166
169.32	 -2.27152	 -0.0110988	 1.27279	 0.36904	 0.789964	 0.273177
169.34	 -2.28125	 0.00406575	 1.23251	 0.479322	 0.72247	 0.250136
169.36	 -2.28915	 0.018881	 1.19066	 0.588075	 0.653227	 0.227058
169.38	 -2.29522	 0.0333182	 1.14729	 0.69512	 0.582342	 0.203957
169.4	 -2.29948	 0.0473527	 1.10247	 0.800283	 0.509905	 0.18084
169.42	 -2.30193	 0.0609625	 1.05626	 0.903394	 0.435994	 0.157713
169.44	 -2.30261	 0.0741275	 1.0087	 1.00429	 0.360689	 0.134584
169.46	 -2.30153	 0.0868283	 0.959845	 1.10281	 0.284067	 0.11146
169.48	 -2.29872	 0.0990467	 0.909762	 1.19881	 0.206209	 0.0883498
169.5	 -2.29419	 0.110765	 0.858509	 1.29214	 0.127203	 0.065265
169.52	 -2.28797	 0.121967	 0.806154	 1.38269	 0.047143	 0.0422171
169.54	 -2.28008	 0.132639	 0.752764	 1.47031	 -0.0338739	 0.019218
169.56	 -2.27055	 0.142766	 0.698412	 1.55491	 -0.115748	 -0.00371996
169.58	 -2.25941	 0.152338	 0.64317	 1.63637	 -0.198381	 -0.0265848
169.6	 -2.24668	 0.161346	 0.587111	 1.71461	 -0.281675	 -0.0493643
169.62	 -2.23239	 0.169781	 0.530309	 1.78953	 -0.365534	 -0.0720461
169.64	 -2.21658	 0.17764	 0.472837	 1.86107	 -0.449863	 -0.0946176
169.66	 -2.19927	 0.184918	 0.414768	 1.92914	 -0.534569	 -0.117066
169.68	 -2.18049	 0.191613	 0.356178	 1.9937	 -0.61956	 -0.139378
169.7	 -2.16029	 0.197725	 0.297141	 2.05469	 -0.704744	 -0.161542
169.72	 -2.13869	 0.203255	 0.237732	 2.11208	 -0.790027	 -0.183542
169.74	 -2.11572	 0.208207	 0.178028	 2.16583	 -0.875319	 -0.205368
169.76	 -2.09144	 0.212586	 0.118105	 2.21593	 -0.96053	 -0.227005
169.78	 -2.06586	 0.216398	 0.058039	 2.26236	 -1.04557	 -0.248442
169.8	 -2.03903	 0.219653	 -0.00209426	 2.30512	 -1.13035	 -0.269666
169.82	 -2.01098	 0.222361	 -0.0622195	 2.34422	 -1.21479	 -0.290665
169.84	 -1.98175	 0.224534	 -0.122262	 2.37967	 -1.29881	 -0.311429
169.86	 -1.95139	 0.226187	 -0.182149	 2.41148	 -1.38232	 -0.331947
169.88	 -1.91992	 0.227334	 -0.241806	 2.4397	 -1.46525	 -0.35221
169.9	 -1.88738	 0.227994	 -0.301164	 2.46434	 -1.54752	 -0.372209
169.92	 -1.85383	 0.228186	 -0.360152	 2.48547	 -1.62907	 -0.391937
169.94	 -1.81928	 0.227931	 -0.418701	 2.50312	 -1.70982	 -0.411389
169.96	 -1.78379	 0.227253	 -0.476745	 2.51736	 -1.78971	 -0.430563
169.98	 -1.74739	 0.226182	 -0.534222	 2.52824	 -1.86869	 -0.449465
170	 -1.71011	 0.224751	 -0.591072	 2.53583	 -1.9467	 -0.468109
170.02	 -1.672	 0.222995	 -0.647237	 2.5402	 -2.0237	 -0.486508
170.04	 -1.63309	 0.220948	 -0.70266	 2.54141	 -2.09963	 -0.504672
170.06	 -1.59342	 0.218644	 -0.757285	 2.53956	 -2.17446	 -0.522608
170.08	 -1.55302	 0.216116	 -0.811054	 2.53472	 -2.24814	 -0.540324
170.1	 -1.51195	 0.213394	 -0.863913	 2.52699	 -2.32061	 -0.557823
170.12	 -1.47022	 0.210512	 -0.915805	 2.51645	 -2.39184	 -0.575111
170.14	 -1.42789	 0.207502	 -0.966679	 2.5032	 -2.46178	 -0.592193
170.16	 -1.38499	 0.204398	 -1.01648	 2.48735	 -2.53039	 -0.609078
170.18	 -1.34156	 0.201226	 -1.06517	 2.46899	 -2.59765	 -0.625759
170.2	 -1.29764	 0.198009	 -1.11269	 2.44823	 -2.66352	 -0.642224
170.22	 -1.25326	 0.194771	 -1.15902	 2.42518	 -2.72799	 -0.658458
170.24	 -1.20846	 0.191531	 -1.20411	 2.39995	 -2.79104	 -0.674447
170.26	 -1.16328	 0.188314	 -1.24793	 2.37265	 -2.85266	 -0.690183
170.28	 -1.11775	 0.185142	 -1.29045	 2.34339	 -2.91282	 -0.705656
170.3	 -1.07192	 0.18204	 -1.33162	 2.31229	 -2.97151	 -0.72086
170.32	 -1.02582	 0.179032	 -1.37142	 2.27945	 -3.0287	 -0.735789
170.34	 -0.979482	 0.17614	 -1.40982	 2.24497	 -3.08438	 -0.750437
170.36	 -0.932945	 0.173388	 -1.44678	 2.20898	 -3.13853	 -0.764795
170.38	 -0.886242	 0.170797	 -1.48227	 2.17157	 -3.19113	 -0.778857
170.4	 -0.839408	 0.168386	 -1.51627	 2.13285	 -3.24217	 -0.792615
170.42	 -0.792473	 0.166164	 -1.54876	 2.09292	 -3.29165	 -0.806035
170.44	 -0.745469	 0.164135	 -1.57974	 2.0519	 -3.33959	 -0.819084
170.46	 -0.698423	 0.162303	 -1.60918	 2.00988	 -3.386	 -0.831728
170.48	 -0.651366	 0.160669	 -1.6371	 1.96698	 -3.43088	 -0.843937
170.5	 -0.604325	 0.159239	 -1.66347	 1.92329	 -3.47425	 -0.855685
170.52	 -0.557331	 0.15802	 -1.6883	 1.87892	 -3.51612	 -0.866951
170.54	 -0.510412	 0.157018	 -1.71157	 1.83396	 -3.55648	 -0.877716
170.56	 -0.463595	 0.15624	 -1.73329	 1.7885	 -3.59534	 -0.887963
170.58	 -0.41691	 0.155692	 -1.75345	 1.74261	 -3.6327	 -0.897672
170.6	 -0.370382	 0.155378	 -1.77204	 1.69639	 -3.66856	 -0.906826
170.62	 -0.324038	 0.155303	 -1.78907	 1.6499	 -3.70294	 -0.915409
170.64	 -0.277904	 0.15547	 -1.80454	 1.60323	 -3.73583	 -0.923405
170.66	 -0.232005	 0.155881	 -1.81844	 1.55645	 -3.76724	 -0.9308
170.68	 -0.186365	 0.156539	 -1.8308	 1.50962	 -3.79718	 -0.937583
170.7	 -0.141009	 0.157445	 -1.84161	 1.46282	 -3.82565	 -0.943744
170.72	 -0.0959601	 0.158601	 -1.85088	 1.41609	 -3.85265	 -0.949272
170.74	 -0.0512423	 0.160008	 -1.85863	 1.36951	 -3.8782	 -0.954162
170.76	 -0.00687761	 0.161666	 -1.86486	 1.32311	 -3.90228	 -0.958407
170.78	 0.0371119	 0.163575	 -1.86959	 1.27695	 -3.92491	 -0.962003
170.8	 0.080705	 0.165735	 -1.87283	 1.23108	 -3.94609	 -0.964946
170.82	 0.123881	 0.168146	 -1.8746	 1.18553	 -3.96582	 -0.967234
170.84	 0.166619	 0.170805	 -1.87492	 1.14035	 -3.9841	 -0.968868
170.86	 0.208901	 0.17371	 -1.8738	 1.09556	 -4.00093	 -0.969847
170.88	 0.250707	 0.176859	 -1.87126	 1.0512	 -4.01632	 -0.970175
170.9	 0.292018	 0.180249	 -1.86733	 1.00729	 -4.03028	 -0.969855
170.92	 0.332818	 0.183877	 -1.86203	 0.963856	 -4.04279	 -0.968893
170.94	 0.373088	 0.187738	 -1.85538	 0.920919	 -4.05387	 -0.967294
170.96	 0.412813	 0.191828	 -1.84741	 0.878493	 -4.06351	 -0.965065
170.98	 0.451976	 0.196139	 -1.83815	 0.836592	 -4.07172	 -0.962209
171	 0.490561	 0.200662	 -1.82764	 0.795226	 -4.07851	 -0.958727
171.02	 0.528554	 0.205385	 -1.8159	 0.754404	 -4.0839	 -0.954621
171.04	 0.56594	 0.210299	 -1.80297	 0.714131	 -4.08789	 -0.949897
171.06	 0.602705	 0.215392	 -1.78888	 0.674411	 -4.09048	 -0.944559
171.08	 0.638837	 0.220654	 -1.77368	 0.635243	 -4.0917	 -0.938614
171.1	 0.674323	 0.226072	 -1.75741	 0.59662	 -4.09154	 -0.932069
171.12	 0.709157	 0.231632	 -1.74009	 0.558485	 -4.09001	 -0.924942
171.14	 0.743335	 0.237321	 -1.72178	 0.520794	 -4.08712	 -0.917249
171.16	 0.776854	 0.243125	 -1.70253	 0.483501	 -4.08285	 -0.909007
171.18	 0.809709	 0.249032	 -1.68237	 0.446563	 -4.07722	 -0.900233
171.2	 0.841897	 0.255026	 -1.66136	 0.409931	 -4.07022	 -0.89094
171.22	 0.873408	 0.261091	 -1.63954	 0.373559	 -4.06187	 -0.881142
171.24	 0.904235	 0.267209	 -1.61698	 0.337399	 -4.0522	 -0.870851
171.26	 0.934373	 0.273364	 -1.59373	 0.301447	 -4.04121	 -0.86007
171.28	 0.963817	 0.279538	 -1.56984	 0.265679	 -4.02894	 -0.848805
171.3	 0.992563	 0.285711	 -1.54539	 0.230074	 -4.0154	 -0.837061
171.32	 1.02061	 0.291865	 -1.52042	 0.194611	 -4.00062	 -0.824846
171.34	 1.04795	 0.29798	 -1.495	 0.159267	 -3.9846	 -0.812167
171.36	 1.07459	 0.30404	 -1.46919	 0.124018	 -3.96738	 -0.799035
171.38	 1.10051	 0.310027	 -1.44306	 0.0888401	 -3.94898	 -0.785465
171.4	 1.12571	 0.315927	 -1.41666	 0.0537074	 -3.92944	 -0.77147
171.42	 1.15016	 0.321724	 -1.39006	 0.0185942	 -3.90879	 -0.757066
171.44	 1.17387	 0.327402	 -1.36335	 -0.0165258	 -3.88709	 -0.742269
171.46	 1.19683	 0.332945	 -1.33658	 -0.0516782	 -3.8644	 -0.727091
171.48	 1.21903	 0.338338	 -1.30983	 -0.0868882	 -3.84075	 -0.711551
171.5	 1.24046	 0.343566	 -1.28317	 -0.12218	 -3.81622	 -0.695664
171.52	 1.26111	 0.348613	 -1.25668	 -0.157578	 -3.79085	 -0.679448
171.54	 1.28098	 0.353457	 -1.23044	 -0.193105	 -3.76473	 -0.662902
171.56	 1.30006	 0.358079	 -1.20452	 -0.22878	 -3.73792	 -0.646036
171.58	 1.31834	 0.362463	 -1.17901	 -0.264623	 -3.7105	 -0.628866
171.6	 1.33582	 0.366593	 -1.15398	 -0.300652	 -3.68253	 -0.611405
171.62	 1.35249	 0.370453	 -1.1295	 -0.336886	 -3.65409	 -0.593668
171.64	 1.36835	 0.374029	 -1.10566	 -0.373344	 -3.62525	 -0.575671
171.66	 1.38338	 0.377307	 -1.08252	 -0.410041	 -3.59609	 -0.557427
171.68	 1.3976	 0.380272	 -1.06017	 -0.446993	 -3.56668	 -0.53895
171.7	 1.41098	 0.38291	 -1.03867	 -0.484214	 -3.53711	 -0.520252
171.72	 1.42353	 0.385206	 -1.01809	 -0.521715	 -3.50744	 -0.501346
171.74	 1.43524	 0.387148	 -0.998517	 -0.559507	 -3.47777	 -0.482246
171.76	 1.44611	 0.388723	 -0.980013	 -0.597598	 -3.44816	 -0.462967
171.78	 1.45615	 0.38992	 -0.962648	 -0.635993	 -3.4187	 -0.443523
171.8	 1.46534	 0.390728	 -0.946489	 -0.674698	 -3.38948	 -0.42393
171.82	 1.47368	 0.391139	 -0.931601	 -0.713718	 -3.36055	 -0.404205
171.84	 1.48118	 0.391147	 -0.918051	 -0.753055	 -3.33202	 -0.384371
171.86	 1.48783	 0.390752	 -0.905903	 -0.792712	 -3.30396	 -0.364458
171.88	 1.49363	 0.389956	 -0.895222	 -0.832689	 -3.27646	 -0.344502
171.9	 1.49858	 0.388763	 -0.886073	 -0.872989	 -3.24961	 -0.324534
171.92	 1.50268	 0.387175	 -0.878514	 -0.91361	 -3.22349	 -0.304586
171.94	 1.50593	 0.385196	 -0.872602	 -0.95455	 -3.19819	 -0.284687
171.96	 1.50834	 0.382827	 -0.868387	 -0.995801	 -3.17377	 -0.264866
171.98	 1.50989	 0.380073	 -0.865918	 -1.03736	 -3.15031	 -0.245151
172	 1.5106	 0.376938	 -0.865236	 -1.0792	 -3.12787	 -0.225568
172.02	 1.51047	 0.373425	 -0.866382	 -1.12132	 -3.10651	 -0.206146
172.04	 1.5095	 0.369541	 -0.86939	 -1.16371	 -3.0863	 -0.186914
172.06	 1.50769	 0.365293	 -0.874293	 -1.20633	 -3.06728	 -0.167899
172.08	 1.50505	 0.360688	 -0.881117	 -1.24918	 -3.04951	 -0.149129
172.1	 1.50157	 0.355735	 -0.889887	 -1.29223	 -3.03304	 -0.13063
172.12	 1.49727	 0.350441	 -0.900624	 -1.33547	 -3.0179	 -0.112428
172.14	 1.49215	 0.344816	 -0.913342	 -1.37886	 -3.00413	 -0.0945481
172.16	 1.48622	 0.33887	 -0.928054	 -1.42238	 -2.99177	 -0.0770155
172.18	 1.47947	 0.332613	 -0.944766	 -1.466	 -2.98085	 -0.0598538
172.2	 1.47192	 0.326057	 -0.963482	 -1.50969	 -2.97139	 -0.0430864
172.22	 1.46356	 0.319211	 -0.984201	 -1.55342	 -2.96341	 -0.0267362
172.24	 1.45442	 0.312089	 -1.00692	 -1.59716	 -2.95692	 -0.0108254
172.26	 1.44449	 0.304702	 -1.03162	 -1.64088	 -2.95194	 0.00462432
172.28	 1.43378	 0.297065	 -1.0583	 -1.68454	 -2.94846	 0.019592
172.3	 1.42231	 0.289191	 -1.08694	 -1.72809	 -2.9465	 0.0340574
172.32	 1.41007	 0.281093	 -1.11751	 -1.77152	 -2.94605	 0.0480007
172.34	 1.39708	 0.272788	 -1.15	 -1.81477	 -2.94709	 0.0614031
172.36	 1.38334	 0.264289	 -1.18436	 -1.85781	 -2.94962	 0.0742463
172.38	 1.36887	 0.255613	 -1.22058	 -1.9006	 -2.95363	 0.0865128
172.4	 1.35367	 0.246776	 -1.2586	 -1.94309	 -2.95907	 0.0981857
172.42	 1.33776	 0.237793	 -1.29839	 -1.98524	 -2.96594	 0.109249
172.44	 1.32114	 0.228682	 -1.33991	 -2.02702	 -2.9742	 0.119688
172.46	 1.30383	 0.21946	 -1.38311	 -2.06837	 -2.98382	 0.129488
172.48	 1.28583	 0.210143	 -1.42793	 -2.10926	 -2.99474	 0.138634
172.5	 1.26715	 0.20075	 -1.47433	 -2.14963	 -3.00694	 0.147116
172.52	 1.24782	 0.191298	 -1.52223	 -2.18945	 -3.02036	 0.154919
172.54	 1.22783	 0.181805	 -1.57158	 -2.22866	 -3.03495	 0.162035
172.56	 1.2072	 0.17229	 -1.62232	 -2.26723	 -3.05066	 0.168451
172.58	 1.18594	 0.16277	 -1.67438	 -2.30511	 -3.06742	 0.17416
172.6	 1.16407	 0.153264	 -1.72769	 -2.34225	 -3.08517	 0.179152
172.62	 1.1416	 0.14379	 -1.78217	 -2.3786	 -3.10384	 0.183421
172.64	 1.11854	 0.134366	 -1.83775	 -2.41412	 -3.12337	 0.186961
172.66	 1.0949	 0.125011	 -1.89436	 -2.44877	 -3.14369	 0.189766
172.68	 1.0707	 0.115739	 -1.95191	 -2.48249	 -3.16473	 0.191839
172.7	 1.04595	 0.106559	 -2.01033	 -2.51524	 -3.18641	 0.193197
172.72	 1.02067	 0.0974772	 -2.06956	 -2.54698	 -3.20868	 0.193859
172.74	 0.994876	 0.0884994	 -2.1295	 -2.57763	 -3.23148	 0.193845
172.76	 0.968585	 0.079632	 -2.19009	 -2.60717	 -3.25474	 0.193178
172.78	 0.941814	 0.0708824	 -2.25125	 -2.63553	 -3.27839	 0.191874
172.8	 0.91458	 0.0622591	 -2.3129	 -2.66266	 -3.30236	 0.189951
172.82	 0.886897	 0.0537712	 -2.37496	 -2.68852	 -3.32657	 0.187428
172.84	 0.858784	 0.045428	 -2.43735	 -2.71306	 -3.35096	 0.184322
172.86	 0.830258	 0.0372342	 -2.49998	 -2.73622	 -3.37545	 0.180664
172.88	 0.801339	 0.0291962	 -2.5628	 -2.75797	 -3.4	 0.176479
172.9	 0.772046	 0.021322	 -2.62573	 -2.77822	 -3.42456	 0.171796
172.92	 0.742398	 0.0136234	 -2.6887	 -2.79689	 -3.44908	 0.16664
172.94	 0.712414	 0.0061003	 -2.75166	 -2.81399	 -3.4735	 0.161031
172.96	 0.682107	 -0.00124925	 -2.81455	 -2.82948	 -3.49779	 0.154994
172.98	 0.651486	 -0.00842921	 -2.87731	 -2.84335	 -3.52188	 0.148557
173	 0.620559	 -0.0154448	 -2.93989	 -2.85557	 -3.54576	 0.141751
173.02	 0.589336	 -0.0223011	 -3.00224	 -2.86611	 -3.56939	 0.134606
173.04	 0.557824	 -0.029003	 -3.06432	 -2.87496	 -3.59274	 0.127153
173.06	 0.526034	 -0.0355539	 -3.12606	 -2.88208	 -3.61577	 0.119422
173.08	 0.493977	 -0.0419571	 -3.18741	 -2.88746	 -3.63845	 0.111443
173.1	 0.461667	 -0.0482144	 -3.24832	 -2.89109	 -3.66074	 0.103242
173.12	 0.429116	 -0.0543286	 -3.30874	 -2.89295	 -3.6826	 0.0948494
173.14	 0.396339	 -0.0603034	 -3.36859	 -2.89302	 -3.70399	 0.0862964
173.16	 0.363344	 -0.0661403	 -3.42785	 -2.89129	 -3.72491	 0.0776119
173.18	 0.330128	 -0.0718384	 -3.48648	 -2.88776	 -3.74534	 0.0688176
173.2	 0.296691	 -0.0773954	 -3.54444	 -2.88238	 -3.76529	 0.0599346
173.22	 0.26303	 -0.0828094	 -3.60171	 -2.87516	 -3.78476	 0.0509839
173.24	 0.229145	 -0.0880808	 -3.65825	 -2.86608	 -3.80376	 0.0419866
173.26	 0.195036	 -0.0932096	 -3.71403	 -2.85515	 -3.82227	 0.0329519
173.28	 0.160703	 -0.0981987	 -3.76902	 -2.84241	 -3.84026	 0.0238652
173.3	 0.126149	 -0.103048	 -3.82317	 -2.82787	 -3.85769	 0.0147088
173.32	 0.091375	 -0.107758	 -3.87644	 -2.81154	 -3.87451	 0.00546718
173.34	 0.0563836	 -0.112332	 -3.92881	 -2.79343	 -3.89067	 -0.00387158
173.36	 0.0211764	 -0.116773	 -3.98023	 -2.77356	 -3.90614	 -0.0133155
173.38	 -0.0142447	 -0.121082	 -4.03066	 -2.75194	 -3.92087	 -0.0228682
173.4	 -0.0498781	 -0.125264	 -4.08007	 -2.72861	 -3.93485	 -0.0325309
173.42	 -0.085722	 -0.129319	 -4.12844	 -2.70358	 -3.94803	 -0.0423059
173.44	 -0.121775	 -0.13325	 -4.17573	 -2.67689	 -3.9604	 -0.0521958
173.46	 -0.158034	 -0.137058	 -4.2219	 -2.64855	 -3.97191	 -0.0622033
173.48	 -0.194497	 -0.140746	 -4.26694	 -2.61858	 -3.98255	 -0.0723304
173.5	 -0.231161	 -0.144314	 -4.3108	 -2.587	 -3.99227	 -0.0825788
173.52	 -0.268024	 -0.147767	 -4.35347	 -2.55384	 -4.00104	 -0.0929478
173.54	 -0.305082	 -0.151104	 -4.3949	 -2.51908	 -4.00882	 -0.103432
173.56	 -0.34233	 -0.154329	 -4.43508	 -2.48276	 -4.01558	 -0.114024
173.58	 -0.379767	 -0.157443	 -4.47397	 -2.44488	 -4.02127	 -0.12472
173.6	 -0.417387	 -0.160449	 -4.51156	 -2.40546	 -4.02587	 -0.135513
173.62	 -0.455186	 -0.163348	 -4.54782	 -2.36452	 -4.02933	 -0.146398
173.64	 -0.493159	 -0.166143	 -4.58271	 -2.32207	 -4.03164	 -0.157371
173.66	 -0.531301	 -0.168833	 -4.61623	 -2.27813	 -4.03275	 -0.168427
173.68	 -0.569607	 -0.171423	 -4.64835	 -2.23271	 -4.03263	 -0.179559
173.7	 -0.608071	 -0.173913	 -4.67905	 -2.18582	 -4.03126	 -0.190761
173.72	 -0.646686	 -0.176306	 -4.70831	 -2.13748	 -4.0286	 -0.202027
173.74	 -0.685447	 -0.178604	 -4.73612	 -2.08771	 -4.02462	 -0.213351
173.76	 -0.724346	 -0.18081	 -4.76245	 -2.03654	 -4.0193	 -0.224729
173.78	 -0.763376	 -0.182926	 -4.78729	 -1.98398	 -4.0126	 -0.236155
173.8	 -0.802529	 -0.184955	 -4.81062	 -1.93006	 -4.0045	 -0.247624
173.82	 -0.841798	 -0.186898	 -4.83244	 -1.8748	 -3.99496	 -0.25913
173.84	 -0.881172	 -0.188759	 -4.85272	 -1.81822	 -3.98397	 -0.270667
173.86	 -0.920645	 -0.19054	 -4.87147	 -1.76034	 -3.97149	 -0.282229
173.88	 -0.960205	 -0.192245	 -4.88866	 -1.7012	 -3.95751	 -0.293809
173.9	 -0.999844	 -0.193875	 -4.90429	 -1.64082	 -3.94199	 -0.305401
173.92	 -1.03955	 -0.195435	 -4.91835	 -1.57924	 -3.92492	 -0.316996
173.94	 -1.07931	 -0.196926	 -4.93084	 -1.51647	 -3.90627	 -0.32859
173.96	 -1.11912	 -0.198352	 -4.94175	 -1.45255	 -3.88601	 -0.340176
173.98	 -1.15896	 -0.199714	 -4.95108	 -1.3875	 -3.86413	 -0.351748
174	 -1.19883	 -0.201018	 -4.95882	 -1.32136	 -3.84061	 -0.363298
174.02	 -1.2387	 -0.202265	 -4.96497	 -1.25416	 -3.81542	 -0.374821
174.04	 -1.27857	 -0.203458	 -4.96954	 -1.18592	 -3.78854	 -0.386309
174.06	 -1.31842	 -0.204601	 -4.97252	 -1.1167	 -3.75997	 -0.397756
174.08	 -1.35824	 -0.205698	 -4.97392	 -1.04652	 -3.72967	 -0.409155
174.1	 -1.39801	 -0.20675	 -4.97373	 -0.975417	 -3.69764	 -0.4205
174.12	 -1.43772	 -0.207761	 -4.97198	 -0.90343	 -3.66386	 -0.431783
174.14	 -1.47736	 -0.208736	 -4.96865	 -0.830609	 -3.62831	 -0.443001
174.16	 -1.51689	 -0.209678	 -4.96377	 -0.756988	 -3.59098	 -0.454146
174.18	 -1.55632	 -0.210589	 -4.95733	 -0.682603	 -3.55187	 -0.465212
174.2	 -1.59563	 -0.211473	 -4.94936	 -0.607499	 -3.51095	 -0.476191
174.22	 -1.63478	 -0.212333	 -4.93985	 -0.531723	 -3.46822	 -0.487078
174.24	 -1.67378	 -0.213174	 -4.92882	 -0.455321	 -3.42366	 -0.497867
174.26	 -1.71259	 -0.213998	 -4.91629	 -0.378334	 -3.37728	 -0.508552
174.28	 -1.7512	 -0.214809	 -4.90227	 -0.300815	 -3.32907	 -0.519127
174.3	 -1.7896	 -0.21561	 -4.88678	 -0.222813	 -3.27901	 -0.529588
174.32	 -1.82775	 -0.216406	 -4.86984	 -0.144378	 -3.22712	 -0.539929
174.34	 -1.86565	 -0.2172	 -4.85145	 -0.0655606	 -3.17339	 -0.550144
174.36	 -1.90327	 -0.217994	 -4.83165	 0.0135836	 -3.11781	 -0.56023
174.38	 -1.94059	 -0.218794	 -4.81045	 0.0930012	 -3.0604	 -0.570181
174.4	 -1.97759	 -0.219602	 -4.78788	 0.172637	 -3.00115	 -0.579993
174.42	 -2.01425	 -0.220423	 -4.76396	 0.252434	 -2.94008	 -0.589662
174.44	 -2.05054	 -0.221258	 -4.73871	 0.332335	 -2.8772	 -0.599185
174.46	 -2.08645	 -0.222113	 -4.71216	 0.412282	 -2.81251	 -0.608557
174.48	 -2.12195	 -0.22299	 -4.68433	 0.492217	 -2.74604	 -0.617777
174.5	 -2.15703	 -0.223892	 -4.65525	 0.57208	 -2.67779	 -0.62684
174.52	 -2.19165	 -0.224824	 -4.62495	 0.651813	 -2.60779	 -0.635744
174.54	 -2.2258	 -0.225786	 -4.59346	 0.731357	 -2.53607	 -0.644489
174.56	 -2.25945	 -0.226784	 -4.56081	 0.810652	 -2.46264	 -0.653071
174.58	 -2.29258	 -0.227818	 -4.52702	 0.88964	 -2.38754	 -0.661489
174.6	 -2.32517	 -0.228893	 -4.49214	 0.968263	 -2.3108	 -0.669744
174.62	 -2.35719	 -0.230009	 -4.4562	 1.04646	 -2.23245	 -0.677836
174.64	 -2.38863	 -0.231169	 -4.41922	 1.12418	 -2.15253	 -0.685765
174.66	 -2.41945	 -0.232375	 -4.38125	 1.20136	 -2.07108	 -0.693532
174.68	 -2.44963	 -0.233628	 -4.34231	 1.27795	 -1.98815	 -0.701141
174.7	 -2.47916	 -0.23493	 -4.30245	 1.35389	 -1.90378	 -0.708593
174.72	 -2.50801	 -0.23628	 -4.2617	 1.42913	 -1.81802	 -0.715893
174.74	 -2.53615	 -0.23768	 -4.2201	 1.50362	 -1.73092	 -0.723044
174.76	 -2.56356	 -0.23913	 -4.17768	 1.57729	 -1.64252	 -0.730052
174.78	 -2.59023	 -0.24063	 -4.1345	 1.6501	 -1.5529	 -0.736922
174.8	 -2.61613	 -0.24218	 -4.09057	 1.722	 -1.46209	 -0.74366
174.82	 -2.64123	 -0.243778	 -4.04596	 1.79292	 -1.37015	 -0.750274
174.84	 -2.66552	 -0.245425	 -4.00068	 1.86281	 -1.27714	 -0.756772
174.86	 -2.68897	 -0.247118	 -3.9548	 1.93162	 -1.18313	 -0.763162
174.88	 -2.71157	 -0.248857	 -3.90834	 1.9993	 -1.08817	 -0.769453
174.9	 -2.73329	 -0.250639	 -3.86135	 2.06579	 -0.992318	 -0.775657
174.92	 -2.75412	 -0.25246	 -3.81388	 2.13104	 -0.895652	 -0.781784
174.94	 -2.77403	 -0.254319	 -3.76596	 2.195	 -0.798237	 -0.787847
174.96	 -2.793	 -0.256212	 -3.71763	 2.25763	 -0.700141	 -0.793858
174.98	 -2.81102	 -0.258134	 -3.66895	 2.31888	 -0.601437	 -0.799832
175	 -2.82807	 -0.260081	 -3.61996	 2.3787	 -0.502196	 -0.805782
175.02	 -2.84413	 -0.262049	 -3.57069	 2.43704	 -0.402492	 -0.811725
175.04	 -2.85918	 -0.264033	 -3.5212	 2.49386	 -0.302399	 -0.817676
175.06	 -2.87321	 -0.266027	 -3.47152	 2.54912	 -0.201992	 -0.823652
175.08	 -2.88619	 -0.268026	 -3.42171	 2.60276	 -0.101347	 -0.829669
175.1	 -2.89813	 -0.270023	 -3.3718	 2.65476	 -0.000541442	 -0.835746
175.12	 -2.90899	 -0.272012	 -3.32184	 2.70506	 0.100347	 -0.8419
175.14	 -2.91877	 -0.273985	 -3.27187	 2.75363	 0.20124	 -0.84815
175.16	 -2.92745	 -0.275937	 -3.22194	 2.80044	 0.302059	 -0.854514
175.18	 -2.93501	 -0.277858	 -3.17209	 2.84545	 0.402723	 -0.861012
175.2	 -2.94146	 -0.279742	 -3.12236	 2.88862	 0.503153	 -0.867661
175.22	 -2.94677	 -0.28158	 -3.0728	 2.92992	 0.60327	 -0.874482
175.24	 -2.95094	 -0.283364	 -3.02344	 2.96933	 0.702995	 -0.881493
175.26	 -2.95395	 -0.285086	 -2.97433	 3.00682	 0.802249	 -0.888713
175.28	 -2.9558	 -0.286737	 -2.92551	 3.04235	 0.900954	 -0.896161
175.3	 -2.95647	 -0.288308	 -2.87701	 3.07591	 0.999033	 -0.903858
175.32	 -2.95597	 -0.289791	 -2.82889	 3.10747	 1.09641	 -0.911823
175.34	 -2.95427	 -0.291177	 -2.78116	 3.13701	 1.193	 -0.920075
175.36	 -2.95139	 -0.292457	 -2.73388	 3.1645	 1.28874	 -0.928633
175.38	 -2.9473	 -0.293622	 -2.68708	 3.18994	 1.38355	 -0.937515
175.4	 -2.94201	 -0.294664	 -2.6408	 3.21331	 1.47736	 -0.94674
175.42	 -2.93552	 -0.295575	 -2.59505	 3.23459	 1.57009	 -0.956326
175.44	 -2.92782	 -0.296345	 -2.54989	 3.25376	 1.66168	 -0.966289
175.46	 -2.9189	 -0.296966	 -2.50534	 3.27083	 1.75206	 -0.976647
175.48	 -2.90877	 -0.297432	 -2.46143	 3.28578	 1.84116	 -0.987415
175.5	 -2.89743	 -0.297734	 -2.41819	 3.2986	 1.92892	 -0.998608
175.52	 -2.88487	 -0.297865	 -2.37564	 3.30929	 2.01528	 -1.01024
175.54	 -2.8711	 -0.297819	 -2.33381	 3.31785	 2.10018	 -1.02232
175.56	 -2.85612	 -0.29759	 -2.29273	 3.32427	 2.18356	 -1.03487
175.58	 -2.83993	 -0.297171	 -2.25241	 3.32855	 2.26536	 -1.04788
175.6	 -2.82253	 -0.296557	 -2.21288	 3.33071	 2.34555	 -1.06138
175.62	 -2.80394	 -0.295743	 -2.17415	 3.33074	 2.42406	 -1.07538
175.64	 -2.78415	 -0.294725	 -2.13624	 3.32866	 2.50085	 -1.08986
175.66	 -2.76316	 -0.293498	 -2.09917	 3.32448	 2.57588	 -1.10485
175.68	 -2.74099	 -0.29206	 -2.06295	 3.3182	 2.6491	 -1.12035
175.7	 -2.71765	 -0.290408	 -2.0276	 3.30984	 2.72048	 -1.13635
175.72	 -2.69313	 -0.288539	 -1.99311	 3.29941	 2.78999	 -1.15287
175.74	 -2.66745	 -0.286453	 -1.95951	 3.28694	 2.85758	 -1.16989
175.76	 -2.64062	 -0.284147	 -1.92679	 3.27245	 2.92324	 -1.18742
175.78	 -2.61265	 -0.281621	 -1.89496	 3.25596	 2.98693	 -1.20545
175.8	 -2.58354	 -0.278875	 -1.86403	 3.2375	 3.04863	 -1.22398
175.82	 -2.55331	 -0.275908	 -1.834	 3.21709	 3.10832	 -1.24301
175.84	 -2.52197	 -0.272721	 -1.80487	 3.19476	 3.16597	 -1.26253
175.86	 -2.48954	 -0.269312	 -1.77664	 3.17055	 3.22157	 -1.28253
175.88	 -2.45602	 -0.265685	 -1.74931	 3.14448	 3.2751	 -1.30301
175.9	 -2.42143	 -0.261839	 -1.72287	 3.11659	 3.32656	 -1.32396
175.92	 -2.38578	 -0.257776	 -1.69733	 3.08692	 3.37593	 -1.34536
175.94	 -2.34909	 -0.253501	 -1.67266	 3.0555	 3.4232	 -1.3672
175.96	 -2.31137	 -0.249014	 -1.64887	 3.02239	 3.46839	 -1.38946
175.98	 -2.27265	 -0.244322	 -1.62594	 2.98764	 3.51148	 -1.41212
176	 -2.23293	 -0.239427	 -1.60387	 2.95128	 3.55248	 -1.43517
176.02	 -2.19223	 -0.234334	 -1.58263	 2.91337	 3.5914	 -1.45858
176.04	 -2.15058	 -0.229048	 -1.56222	 2.87396	 3.62826	 -1.48234
176.06	 -2.10799	 -0.223576	 -1.54261	 2.83309	 3.66305	 -1.50642
176.08	 -2.06447	 -0.217922	 -1.5238	 2.79082	 3.6958	 -1.53079
176.1	 -2.02006	 -0.212094	 -1.50576	 2.74722	 3.72653	 -1.55543
176.12	 -1.97476	 -0.206099	 -1.48847	 2.70233	 3.75525	 -1.58032
176.14	 -1.9286	 -0.199943	 -1.4719	 2.65621	 3.78199	 -1.60542
176.16	 -1.88161	 -0.193634	 -1.45605	 2.60893	 3.80677	 -1.63071
176.18	 -1.83379	 -0.187181	 -1.44087	 2.56055	 3.82964	 -1.65616
176.2	 -1.78518	 -0.180591	 -1.42636	 2.51113	 3.85061	 -1.68172
176.22	 -1.73579	 -0.173874	 -1.41247	 2.46073	 3.86972	 -1.70738
176.24	 -1.68566	 -0.167037	 -1.39919	 2.40942	 3.88701	 -1.73309
176.26	 -1.63479	 -0.160091	 -1.38647	 2.35726	 3.90253	 -1.75882
176.28	 -1.58322	 -0.153044	 -1.37431	 2.30434	 3.9163	 -1.78453
176.3	 -1.53097	 -0.145906	 -1.36265	 2.25071	 3.92839	 -1.81019
176.32	 -1.47806	 -0.138685	 -1.35148	 2.19644	 3.93882	 -1.83575
176.34	 -1.42451	 -0.131392	 -1.34075	 2.14161	 3.94766	 -1.86119
176.36	 -1.37036	 -0.124036	 -1.33043	 2.08628	 3.95495	 -1.88646
176.38	 -1.31562	 -0.116625	 -1.3205	 2.03052	 3.96075	 -1.91153
176.4	 -1.26033	 -0.10917	 -1.31091	 1.97441	 3.96511	 -1.93635
176.42	 -1.2045	 -0.10168	 -1.30163	 1.91802	 3.96808	 -1.96089
176.44	 -1.14817	 -0.0941632	 -1.29261	 1.86142	 3.96973	 -1.98511
176.46	 -1.09135	 -0.0866298	 -1.28384	 1.80467	 3.97012	 -2.00897
176.48	 -1.03408	 -0.0790881	 -1.27525	 1.74786	 3.9693	 -2.03243
176.5	 -0.976373	 -0.071547	 -1.26683	 1.69104	 3.96734	 -2.05546
176.52	 -0.918265	 -0.0640148	 -1.25852	 1.63429	 3.9643	 -2.07802
176.54	 -0.859779	 -0.0564999	 -1.2503	 1.57768	 3.96024	 -2.10006
176.56	 -0.80094	 -0.0490105	 -1.24212	 1.52127	 3.95524	 -2.12156
176.58	 -0.741777	 -0.0415543	 -1.23394	 1.46514	 3.94934	 -2.14248
176.6	 -0.682315	 -0.034139	 -1.22572	 1.40934	 3.94261	 -2.16277
176.62	 -0.622582	 -0.0267708	 -1.21744	 1.35394	 3.93511	 -2.18242
176.64	 -0.562601	 -0.0194566	 -1.20906	 1.29899	 3.92689	 -2.20139
176.66	 -0.502385	 -0.0121995	 -1.20055	 1.2445	 3.91799	 -2.21968
176.68	 -0.441943	 -0.0049999	 -1.19189	 1.19049	 3.90846	 -2.23728
176.7	 -0.381283	 0.00214238	 -1.18307	 1.13699	 3.89833	 -2.25418
176.72	 -0.320414	 0.00922777	 -1.17406	 1.08401	 3.88764	 -2.27039
176.74	 -0.259349	 0.0162562	 -1.16484	 1.03158	 3.87643	 -2.28591
176.76	 -0.198102	 0.0232272	 -1.1554	 0.97969	 3.86474	 -2.30072
176.78	 -0.136691	 0.0301405	 -1.14573	 0.928371	 3.8526	 -2.31482
176.8	 -0.0751333	 0.036996	 -1.1358	 0.877628	 3.84003	 -2.32822
176.82	 -0.013448	 0.0437942	 -1.1256	 0.82747	 3.82706	 -2.34089
176.84	 0.0483568	 0.0505364	 -1.11512	 0.777972	 3.81369	 -2.35284
176.86	 0.110277	 0.0572213	 -1.10437	 0.729194	 3.79991	 -2.36403
176.88	 0.172308	 0.0638471	 -1.09335	 0.68119	 3.78575	 -2.37443
176.9	 0.234445	 0.0704111	 -1.08206	 0.634013	 3.77117	 -2.38402
176.92	 0.296681	 0.0769131	 -1.07051	 0.58772	 3.75618	 -2.39278
176.94	 0.359	 0.0833518	 -1.05872	 0.542365	 3.74075	 -2.40068
176.96	 0.421389	 0.0897266	 -1.0467	 0.498004	 3.72486	 -2.4077
176.98	 0.483829	 0.0960374	 -1.03448	 0.45469	 3.70847	 -2.41382
177	 0.5463	 0.102284	 -1.02208	 0.412478	 3.69152	 -2.41903
177.02	 0.608784	 0.108467	 -1.00952	 0.371416	 3.67399	 -2.4233
177.04	 0.67126	 0.114586	 -0.996816	 0.331555	 3.65582	 -2.42662
177.06	 0.73371	 0.120643	 -0.984003	 0.29294	 3.63696	 -2.42897
177.08	 0.796114	 0.126639	 -0.9711	 0.255618	 3.61737	 -2.43033
177.1	 0.858451	 0.132575	 -0.958132	 0.219632	 3.59699	 -2.43069
177.12	 0.920702	 0.138453	 -0.945127	 0.185024	 3.57579	 -2.43004
177.14	 0.982845	 0.144275	 -0.932111	 0.151833	 3.55371	 -2.42835
177.16	 1.04486	 0.150042	 -0.919114	 0.120099	 3.53068	 -2.42562
177.18	 1.10672	 0.155757	 -0.906165	 0.0898565	 3.50666	 -2.42184
177.2	 1.16841	 0.161422	 -0.893295	 0.0611397	 3.48158	 -2.417
177.22	 1.2299	 0.167039	 -0.880535	 0.0339803	 3.45539	 -2.41108
177.24	 1.29119	 0.17261	 -0.867915	 0.0084068	 3.42802	 -2.40408
177.26	 1.35224	 0.178138	 -0.855467	 -0.0155535	 3.39943	 -2.39599
177.28	 1.41303	 0.183623	 -0.843221	 -0.0378756	 3.36954	 -2.3868
177.3	 1.47355	 0.189069	 -0.831205	 -0.058537	 3.33832	 -2.37651
177.32	 1.53378	 0.194477	 -0.819446	 -0.077518	 3.3057	 -2.3651
177.34	 1.5937	 0.199849	 -0.807969	 -0.094801	 3.27165	 -2.35258
177.36	 1.65329	 0.205187	 -0.796801	 -0.110371	 3.23612	 -2.33894
177.38	 1.71253	 0.210493	 -0.785965	 -0.124217	 3.19905	 -2.32418
177.4	 1.77141	 0.215769	 -0.775486	 -0.136328	 3.16041	 -2.30829
177.42	 1.82989	 0.221015	 -0.765386	 -0.146697	 3.12016	 -2.29126
177.44	 1.88798	 0.226234	 -0.755685	 -0.155321	 3.07826	 -2.27311
177.46	 1.94564	 0.231428	 -0.746403	 -0.162197	 3.03467	 -2.25383
177.48	 2.00287	 0.236598	 -0.737558	 -0.167328	 2.98937	 -2.23343
177.5	 2.05964	 0.241746	 -0.729167	 -0.170717	 2.94233	 -2.21189
177.52	 2.11594	 0.246874	 -0.721244	 -0.172374	 2.89352	 -2.18924
177.54	 2.17175	 0.251984	 -0.713802	 -0.172307	 2.84293	 -2.16547
177.56	 2.22706	 0.257077	 -0.706854	 -0.170532	 2.79053	 -2.14058
177.58	 2.28184	 0.262155	 -0.700411	 -0.167065	 2.73631	 -2.11459
177.6	 2.33609	 0.267219	 -0.694482	 -0.161926	 2.68026	 -2.0875
177.62	 2.38978	 0.27227	 -0.689075	 -0.155142	 2.62236	 -2.05933
177.64	 2.44291	 0.277309	 -0.684197	 -0.14674	 2.56262	 -2.03007
177.66	 2.49544	 0.282336	 -0.679854	 -0.136758	 2.50104	 -1.99975
177.68	 2.54738	 0.287353	 -0.676049	 -0.125227	 2.4376	 -1.96838
177.7	 2.5987	 0.292358	 -0.672784	 -0.112185	 2.37233	 -1.93597
177.72	 2.64939	 0.297352	 -0.670061	 -0.0976802	 2.30522	 -1.90253
177.74	 2.69944	 0.302333	 -0.66788	 -0.0817591	 2.23629	 -1.86808
177.76	 2.74882	 0.3073	 -0.666239	 -0.064474	 2.16556	 -1.83262
177.78	 2.79753	 0.312252	 -0.665134	 -0.045882	 2.09303	 -1.79619
177.8	 2.84555	 0.317186	 -0.664563	 -0.0260437	 2.01873	 -1.75879
177.82	 2.89286	 0.322099	 -0.664519	 -0.00503871	 1.9427	 -1.72045
177.84	 2.93945	 0.326988	 -0.664993	 0.0170525	 1.86496	 -1.6812
177.86	 2.9853	 0.331852	 -0.665979	 0.040167	 1.78556	 -1.64106
177.88	 3.0304	 0.336684	 -0.667466	 0.0642204	 1.70452	 -1.60006
177.9	 3.07473	 0.341479	 -0.669444	 0.0891212	 1.6219	 -1.55822
177.92	 3.11828	 0.346232	 -0.671902	 0.114775	 1.53773	 -1.51558
177.94	 3.16103	 0.350935	 -0.674826	 0.141082	 1.45208	 -1.47215
177.96	 3.20297	 0.355583	 -0.678202	 0.167936	 1.36499	 -1.42799
177.98	 3.24408	 0.360168	 -0.682014	 0.195226	 1.27653	 -1.38312
178	 3.28435	 0.364682	 -0.686246	 0.222839	 1.18676	 -1.33759
178.02	 3.32376	 0.369115	 -0.690881	 0.250654	 1.09575	 -1.29144
178.04	 3.36229	 0.373459	 -0.695898	 0.278549	 1.00358	 -1.24471
178.06	 3.39993	 0.377703	 -0.70128	 0.306398	 0.910334	 -1.19745
178.08	 3.43667	 0.38183	 -0.707008	 0.334074	 0.816078	 -1.1497
178.1	 3.47248	 0.385824	 -0.713067	 0.361449	 0.720893	 -1.10149
178.12	 3.50736	 0.389665	 -0.71944	 0.388396	 0.624859	 -1.05286
178.14	 3.54128	 0.393334	 -0.726109	 0.414787	 0.528061	 -1.00386
178.16	 3.57425	 0.396812	 -0.733055	 0.440494	 0.430588	 -0.954511
178.18	 3.60623	 0.400081	 -0.740258	 0.465388	 0.332533	 -0.904873
178.2	 3.63721	 0.403122	 -0.747697	 0.48934	 0.233995	 -0.854986
178.22	 3.66719	 0.405916	 -0.75535	 0.512223	 0.135076	 -0.804896
178.24	 3.69613	 0.408445	 -0.763191	 0.533909	 0.0358829	 -0.754647
178.26	 3.72404	 0.41069	 -0.771197	 0.554276	 -0.0634759	 -0.704287
178.28	 3.75088	 0.412632	 -0.779344	 0.573201	 -0.16289	 -0.65386
178.3	 3.77666	 0.414253	 -0.787605	 0.590565	 -0.262247	 -0.603411
178.32	 3.80134	 0.415531	 -0.795957	 0.606252	 -0.361434	 -0.552985
178.34	 3.82493	 0.41645	 -0.804372	 0.620151	 -0.460334	 -0.502626
178.36	 3.84739	 0.41699	 -0.812826	 0.632154	 -0.55883	 -0.452379
178.38	 3.86872	 0.417133	 -0.82129	 0.642156	 -0.656805	 -0.402289
178.4	 3.8889	 0.416861	 -0.829739	 0.650057	 -0.754138	 -0.352399
178.42	 3.90792	 0.416157	 -0.838145	 0.655759	 -0.850709	 -0.302754
178.44	 3.92576	 0.415005	 -0.84648	 0.65917	 -0.946396	 -0.253397
178.46	 3.9424	 0.413387	 -0.854715	 0.660201	 -1.04108	 -0.204372
178.48	 3.95783	 0.411293	 -0.862826	 0.658766	 -1.13464	 -0.15573
178.5	 3.97205	 0.408713	 -0.870788	 0.654785	 -1.22698	 -0.107525
178.52	 3.98502	 0.40564	 -0.878578	 0.648178	 -1.31797	 -0.0598117
178.54	 3.99675	 0.402068	 -0.886172	 0.638874	 -1.40751	 -0.0126441
178.56	 4.00722	 0.397989	 -0.893548	 0.626802	 -1.49549	 0.0339261
178.58	 4.01641	 0.393398	 -0.90068	 0.611902	 -1.58181	 0.079849
178.6	 4.02432	 0.38829	 -0.907545	 0.594119	 -1.66635	 0.125076
178.62	 4.03092	 0.382659	 -0.914117	 0.573405	 -1.74902	 0.16956
178.64	 4.03621	 0.376502	 -0.92037	 0.54972	 -1.82971	 0.213254
178.66	 4.04017	 0.369815	 -0.926279	 0.523027	 -1.90831	 0.256112
178.68	 4.0428	 0.362599	 -0.931817	 0.493299	 -1.98473	 0.298089
178.7	 4.04408	 0.354851	 -0.936959	 0.460514	 -2.05887	 0.339141
178.72	 4.04401	 0.346574	 -0.941681	 0.424666	 -2.13064	 0.379227
178.74	 4.04256	 0.337771	 -0.945957	 0.38575	 -2.19995	 0.418302
178.76	 4.03973	 0.328445	 -0.949762	 0.343768	 -2.26671	 0.456328
178.78	 4.03551	 0.318603	 -0.953073	 0.298736	 -2.33083	 0.493267
178.8	 4.02989	 0.30825	 -0.955864	 0.250677	 -2.39223	 0.52908
178.82	 4.02286	 0.297394	 -0.958111	 0.199623	 -2.45084	 0.563731
178.84	 4.01441	 0.286046	 -0.959791	 0.145617	 -2.50657	 0.597188
178.86	 4.00454	 0.274214	 -0.960879	 0.0887085	 -2.55935	 0.629419
178.88	 3.99323	 0.261911	 -0.961354	 0.0289586	 -2.60911	 0.660393
178.9	 3.98049	 0.24915	 -0.961191	 -0.0335653	 -2.65578	 0.690084
178.92	 3.96631	 0.235944	 -0.96037	 -0.0987874	 -2.69931	 0.718465
178.94	 3.95068	 0.222307	 -0.958869	 -0.166624	 -2.73963	 0.745514
178.96	 3.9336	 0.208257	 -0.956667	 -0.236984	 -2.7767	 0.771208
178.98	 3.91507	 0.193809	 -0.953743	 -0.309769	 -2.81046	 0.795527
179	 3.89509	 0.178982	 -0.950078	 -0.384873	 -2.84087	 0.818455
179.02	 3.87365	 0.163795	 -0.945653	 -0.462184	 -2.86789	 0.839975
179.04	 3.85076	 0.148267	 -0.940448	 -0.541581	 -2.89148	 0.860074
179.06	 3.82642	 0.13242	 -0.934447	 -0.622939	 -2.91161	 0.87874
179.08	 3.80062	 0.116274	 -0.927633	 -0.706127	 -2.92825	 0.895967
179.1	 3.77339	 0.0998513	 -0.919989	 -0.791005	 -2.94139	 0.911746
179.12	 3.74471	 0.0831758	 -0.911501	 -0.877428	 -2.95101	 0.926074
179.14	 3.71459	 0.0662706	 -0.902153	 -0.965245	 -2.95709	 0.93895
179.16	 3.68305	 0.0491599	 -0.891933	 -1.0543	 -2.95963	 0.950375
179.18	 3.65008	 0.0318682	 -0.880829	 -1.14443	 -2.95863	 0.960351
179.2	 3.6157	 0.0144205	 -0.868828	 -1.23546	 -2.95408	 0.968887
179.22	 3.57991	 -0.00315768	 -0.855921	 -1.32723	 -2.94601	 0.975989
179.24	 3.54273	 -0.0208408	 -0.8421	 -1.41956	 -2.93441	 0.981672
179.26	 3.50417	 -0.0386029	 -0.827355	 -1.51226	 -2.91931	 0.985948
179.28	 3.46424	 -0.0564176	 -0.81168	 -1.60516	 -2.90073	 0.988835
179.3	 3.42296	 -0.0742587	 -0.79507	 -1.69806	 -2.8787	 0.990352
179.32	 3.38033	 -0.0920995	 -0.777521	 -1.79077	 -2.85326	 0.990523
179.34	 3.33638	 -0.109913	 -0.759028	 -1.88309	 -2.82443	 0.989371
179.36	 3.29112	 -0.127674	 -0.739592	 -1.97483	 -2.79227	 0.986925
179.38	 3.24457	 -0.145356	 -0.719209	 -2.06579	 -2.75682	 0.983216
179.4	 3.19674	 -0.162933	 -0.697883	 -2.15577	 -2.71813	 0.978278
179.42	 3.14766	 -0.18038	 -0.675616	 -2.24457	 -2.67627	 0.972146
179.44	 3.09734	 -0.197672	 -0.652411	 -2.33198	 -2.63129	 0.96486
179.46	 3.0458	 -0.214784	 -0.628274	 -2.4178	 -2.58326	 0.956462
179.48	 2.99307	 -0.231693	 -0.60321	 -2.50183	 -2.53225	 0.946995
179.5	 2.93917	 -0.248374	 -0.577229	 -2.58386	 -2.47833	 0.936504
179.52	 2.88412	 -0.264804	 -0.550339	 -2.66371	 -2.42159	 0.925038
179.54	 2.82793	 -0.280961	 -0.522551	 -2.74116	 -2.3621	 0.912646
179.56	 2.77065	 -0.296823	 -0.493877	 -2.81603	 -2.29995	 0.899382
179.58	 2.71228	 -0.312369	 -0.464333	 -2.88811	 -2.23524	 0.885299
179.6	 2.65285	 -0.327578	 -0.433932	 -2.95722	 -2.16805	 0.870454
179.62	 2.59239	 -0.342431	 -0.402694	 -3.02316	 -2.09849	 0.854903
179.64	 2.53092	 -0.356907	 -0.370634	 -3.08575	 -2.02665	 0.838705
179.66	 2.46847	 -0.370991	 -0.337775	 -3.1448	 -1.95264	 0.82192
179.68	 2.40506	 -0.384663	 -0.304136	 -3.20013	 -1.87656	 0.804609
179.7	 2.34071	 -0.397907	 -0.269741	 -3.25158	 -1.79853	 0.786833
179.72	 2.27546	 -0.410708	 -0.234615	 -3.29898	 -1.71866	 0.768656
179.74	 2.20933	 -0.423051	 -0.198784	 -3.34216	 -1.63706	 0.75014
179.76	 2.14235	 -0.434921	 -0.162275	 -3.38096	 -1.55386	 0.731347
179.78	 2.07454	 -0.446303	 -0.125119	 -3.41523	 -1.46917	 0.712338
179.8	 2.00592	 -0.457184	 -0.087346	 -3.44483	 -1.38312	 0.693174
179.82	 1.93654	 -0.467551	 -0.0489896	 -3.46961	 -1.29582	 0.673916
179.84	 1.8664	 -0.47739	 -0.0100844	 -3.48944	 -1.20742	 0.654622
179.86	 1.79554	 -0.48669	 0.0293331	 -3.50418	 -1.11802	 0.635349
179.88	 1.72399	 -0.495436	 0.0692248	 -3.51372	 -1.02777	 0.616152
179.9	 1.65178	 -0.503618	 0.109551	 -3.51794	 -0.936785	 0.597085
179.92	 1.57893	 -0.511223	 0.15027	 -3.51671	 -0.845198	 0.5782
179.94	 1.50547	 -0.518239	 0.191339	 -3.50994	 -0.75314	 0.559546
179.96	 1.43143	 -0.524655	 0.232713	 -3.49754	 -0.660742	 0.541172
179.98	 1.35684	 -0.530461	 0.274346	 -3.47941	 -0.568132	 0.523121
180	 1.28173	 -0.535644	 0.31619	 -3.45548	 -0.475439	 0.505437
180.02	 1.20614	 -0.540195	 0.358195	 -3.42569	 -0.38279	 0.48816
180.04	 1.1301	 -0.544105	 0.40031	 -3.38999	 -0.290308	 0.471328
180.06	 1.05364	 -0.547365	 0.442481	 -3.34835	 -0.198115	 0.454976
180.08	 0.976813	 -0.549969	 0.484653	 -3.30075	 -0.106332	 0.439135
180.1	 0.899645	 -0.551908	 0.526769	 -3.2472	 -0.0150796	 0.423834
180.12	 0.822186	 -0.553177	 0.56877	 -3.18769	 0.0755149	 0.409098
180.14	 0.74448	 -0.553769	 0.610594	 -3.12225	 0.165321	 0.394947
180.16	 0.666575	 -0.553681	 0.652179	 -3.05092	 0.254208	 0.381399
180.18	 0.588522	 -0.552907	 0.69346	 -2.97375	 0.342039	 0.368466
180.2	 0.51037	 -0.551446	 0.734373	 -2.89081	 0.428677	 0.356157
180.22	 0.432174	 -0.549293	 0.77485	 -2.80218	 0.513985	 0.344474
180.24	 0.353987	 -0.546447	 0.814825	 -2.70797	 0.597823	 0.333415
180.26	 0.275866	 -0.542907	 0.854229	 -2.60828	 0.680051	 0.322974
180.28	 0.197867	 -0.538671	 0.892994	 -2.50324	 0.760532	 0.31314
180.3	 0.120048	 -0.53374	 0.931052	 -2.393	 0.839128	 0.303899
180.32	 0.0424657	 -0.528115	 0.968335	 -2.27769	 0.915701	 0.295231
180.34	 -0.0348216	 -0.5218	 1.00478	 -2.1575	 0.99012	 0.287116
180.36	 -0.111757	 -0.514797	 1.04031	 -2.03259	 1.06226	 0.279531
180.38	 -0.188285	 -0.507113	 1.07487	 -1.90317	 1.13198	 0.272446
180.4	 -0.26435	 -0.498752	 1.10839	 -1.76943	 1.19918	 0.265831
180.42	 -0.339895	 -0.489723	 1.14081	 -1.6316	 1.26372	 0.259651
180.44	 -0.414866	 -0.480033	 1.17207	 -1.48991	 1.32552	 0.253867
180.46	 -0.489208	 -0.469691	 1.20211	 -1.3446	 1.38445	 0.248436
180.48	 -0.562869	 -0.458707	 1.23087	 -1.19592	 1.44041	 0.243313
180.5	 -0.635795	 -0.447093	 1.2583	 -1.04413	 1.49333	 0.238446
180.52	 -0.707936	 -0.43486	 1.28435	 -0.889503	 1.54311	 0.233787
180.54	 -0.779242	 -0.422024	 1.30897	 -0.732333	 1.58967	 0.229279
180.56	 -0.849662	 -0.408598	 1.3321	 -0.572913	 1.63296	 0.22487
180.58	 -0.919149	 -0.394601	 1.3537	 -0.411554	 1.67291	 0.220501
180.6	 -0.987655	 -0.380049	 1.37374	 -0.248575	 1.70946	 0.216115
180.62	 -1.05513	 -0.364962	 1.39216	 -0.0843008	 1.74257	 0.211654
180.64	 -1.12154	 -0.349361	 1.40894	 0.08094	 1.77218	 0.207056
180.66	 -1.18682	 -0.333264	 1.42402	 0.246816	 1.79826	 0.202261
180.68	 -1.25093	 -0.316695	 1.4374	 0.412996	 1.82077	 0.197209
180.7	 -1.31384	 -0.299674	 1.44902	 0.579145	 1.83968	 0.191836
180.72	 -1.37549	 -0.282226	 1.45887	 0.744926	 1.85495	 0.186083
180.74	 -1.43584	 -0.264373	 1.46692	 0.91	 1.86658	 0.179889
180.76	 -1.49486	 -0.246141	 1.47316	 1.07403	 1.87455	 0.173192
180.78	 -1.5525	 -0.227555	 1.47756	 1.23667	 1.87886	 0.165935
180.8	 -1.60872	 -0.208642	 1.48012	 1.39758	 1.87952	 0.15806
180.82	 -1.66349	 -0.189427	 1.48082	 1.55643	 1.87655	 0.14951
180.84	 -1.71677	 -0.16994	 1.47965	 1.71288	 1.86996	 0.140232
180.86	 -1.76852	 -0.150207	 1.47663	 1.86661	 1.8598	 0.130174
180.88	 -1.81871	 -0.130255	 1.47175	 2.0173	 1.84609	 0.119286
180.9	 -1.86731	 -0.110115	 1.465	 2.16463	 1.82887	 0.107522
180.92	 -1.91428	 -0.0898129	 1.45642	 2.3083	 1.8082	 0.0948376
180.94	 -1.95959	 -0.0693788	 1.44599	 2.44801	 1.78412	 0.0811923
180.96	 -2.00321	 -0.0488413	 1.43374	 2.58348	 1.7567	 0.0665492
180.98	 -2.04512	 -0.0282294	 1.4197	 2.71442	 1.72601	 0.050875
181	 -2.08529	 -0.00757221	 1.40387	 2.84057	 1.69212	 0.0341403
181.02	 -2.12369	 0.0131012	 1.3863	 2.96167	 1.65511	 0.01632
181.04	 -2.16029	 0.0337618	 1.367	 3.07748	 1.61507	 -0.00260686
181.06	 -2.19509	 0.0543809	 1.34602	 3.18777	 1.5721	 -0.0226569
181.08	 -2.22804	 0.0749299	 1.32339	 3.29233	 1.52629	 -0.0438422
181.1	 -2.25914	 0.0953821	 1.29914	 3.39095	 1.47772	 -0.0661729
181.12	 -2.28838	 0.115713	 1.2733	 3.48344	 1.42648	 -0.0896581
181.14	 -2.31574	 0.135898	 1.24591	 3.56964	 1.37263	 -0.114303
181.16	 -2.34122	 0.155915	 1.21699	 3.64939	 1.31625	 -0.140109
181.18	 -2.36482	 0.17574	 1.18658	 3.72253	 1.25743	 -0.167071
181.2	 -2.38652	 0.195351	 1.15471	 3.78895	 1.19623	 -0.195179
181.22	 -2.40632	 0.214724	 1.12143	 3.84854	 1.13276	 -0.224416
181.24	 -2.42423	 0.233838	 1.08679	 3.90121	 1.06712	 -0.254761
181.26	 -2.44024	 0.252667	 1.05082	 3.94688	 0.999399	 -0.286183
181.28	 -2.45435	 0.271187	 1.01358	 3.98549	 0.929666	 -0.318646
181.3	 -2.46658	 0.289373	 0.975088	 4.01701	 0.857996	 -0.352106
181.32	 -2.47695	 0.307201	 0.935395	 4.04141	 0.784456	 -0.386516
181.34	 -2.48545	 0.324648	 0.89454	 4.0587	 0.70912	 -0.421824
181.36	 -2.49211	 0.341692	 0.852566	 4.06889	 0.632064	 -0.457977
181.38	 -2.49695	 0.358313	 0.809522	 4.072	 0.553372	 -0.494916
181.4	 -2.49996	 0.374492	 0.76546	 4.06809	 0.473136	 -0.532577
181.42	 -2.50118	 0.39021	 0.720437	 4.05722	 0.391449	 -0.570894
181.44	 -2.50062	 0.405448	 0.67451	 4.03947	 0.30841	 -0.609794
181.46	 -2.4983	 0.420191	 0.627739	 4.01495	 0.224117	 -0.649203
181.48	 -2.49424	 0.434422	 0.580184	 3.98376	 0.138668	 -0.689041
181.5	 -2.48846	 0.448124	 0.531907	 3.94605	 0.0521623	 -0.729228
181.52	 -2.48099	 0.461285	 0.48297	 3.90195	 -0.035302	 -0.769679
181.54	 -2.47186	 0.473891	 0.433436	 3.85163	 -0.123625	 -0.810306
181.56	 -2.46108	 0.485929	 0.383368	 3.79526	 -0.212707	 -0.851022
181.58	 -2.4487	 0.497388	 0.332833	 3.73303	 -0.302446	 -0.891735
181.6	 -2.43473	 0.508258	 0.281894	 3.66513	 -0.392738	 -0.932353
181.62	 -2.41921	 0.518529	 0.23062	 3.59179	 -0.483481	 -0.972782
181.64	 -2.40217	 0.528194	 0.179078	 3.5132	 -0.574569	 -1.01293
181.66	 -2.38364	 0.537244	 0.127335	 3.42961	 -0.665899	 -1.05269
181.68	 -2.36365	 0.545674	 0.0754593	 3.34125	 -0.757367	 -1.09198
181.7	 -2.34224	 0.553477	 0.023518	 3.24837	 -0.84887	 -1.1307
181.72	 -2.31943	 0.560649	 -0.0284217	 3.15121	 -0.940305	 -1.16875
181.74	 -2.29528	 0.567187	 -0.0802929	 3.05003	 -1.03157	 -1.20603
181.76	 -2.2698	 0.573086	 -0.132029	 2.94509	 -1.12257	 -1.24246
181.78	 -2.24304	 0.578346	 -0.183566	 2.83666	 -1.21319	 -1.27794
181.8	 -2.21504	 0.582965	 -0.234837	 2.725	 -1.30335	 -1.31238
181.82	 -2.18582	 0.586942	 -0.28578	 2.61038	 -1.39294	 -1.34569
181.84	 -2.15543	 0.590278	 -0.33633	 2.49307	 -1.48186	 -1.37777
181.86	 -2.1239	 0.592974	 -0.386427	 2.37334	 -1.57003	 -1.40855
181.88	 -2.09128	 0.595033	 -0.436009	 2.25146	 -1.65734	 -1.43794
181.9	 -2.0576	 0.596455	 -0.485018	 2.1277	 -1.74371	 -1.46586
181.92	 -2.02289	 0.597246	 -0.533395	 2.00233	 -1.82906	 -1.49224
181.94	 -1.98721	 0.597409	 -0.581085	 1.87561	 -1.91328	 -1.51699
181.96	 -1.95057	 0.596949	 -0.628033	 1.74781	 -1.99631	 -1.54005
181.98	 -1.91303	 0.595872	 -0.674188	 1.61918	 -2.07805	 -1.56134
182	 -1.87462	 0.594183	 -0.719497	 1.48998	 -2.15844	 -1.58082
182.02	 -1.83537	 0.591891	 -0.763913	 1.36045	 -2.23739	 -1.59841
182.04	 -1.79534	 0.589002	 -0.80739	 1.23084	 -2.31484	 -1.61405
182.06	 -1.75454	 0.585535	 -0.84989	 1.10139	 -2.39073	 -1.62773
182.08	 -1.71301	 0.581514	 -0.89138	 0.972327	 -2.46501	 -1.63943
182.1	 -1.67079	 0.576962	 -0.931829	 0.843861	 -2.53765	 -1.64911
182.12	 -1.62791	 0.571902	 -0.971212	 0.716208	 -2.60859	 -1.65678
182.14	 -1.58441	 0.566356	 -1.0095	 0.589572	 -2.67781	 -1.66241
182.16	 -1.54031	 0.560343	 -1.04667	 0.464153	 -2.74526	 -1.66599
182.18	 -1.49565	 0.553884	 -1.08268	 0.340145	 -2.81089	 -1.66751
182.2	 -1.45047	 0.546996	 -1.11753	 0.217734	 -2.87468	 -1.66696
182.22	 -1.4048	 0.539697	 -1.15117	 0.0970984	 -2.93659	 -1.66434
182.24	 -1.35867	 0.532008	 -1.1836	 -0.0215913	 -2.99658	 -1.65966
182.26	 -1.31212	 0.523949	 -1.21479	 -0.138172	 -3.05463	 -1.65292
182.28	 -1.26517	 0.515542	 -1.24472	 -0.25249	 -3.11072	 -1.64413
182.3	 -1.21786	 0.506809	 -1.27339	 -0.3644	 -3.16482	 -1.63331
182.32	 -1.17022	 0.497767	 -1.30077	 -0.473769	 -3.21692	 -1.62048
182.34	 -1.12229	 0.488437	 -1.32686	 -0.58047	 -3.26699	 -1.60565
182.36	 -1.07408	 0.478836	 -1.35165	 -0.684385	 -3.31504	 -1.58885
182.38	 -1.02564	 0.46898	 -1.37512	 -0.785402	 -3.36103	 -1.5701
182.4	 -0.976999	 0.458887	 -1.39727	 -0.883415	 -3.40495	 -1.54942
182.42	 -0.92818	 0.44857	 -1.4181	 -0.97833	 -3.4468	 -1.52685
182.44	 -0.879215	 0.438045	 -1.43758	 -1.07006	 -3.48657	 -1.50241
182.46	 -0.830134	 0.427327	 -1.45573	 -1.15853	 -3.52424	 -1.47614
182.48	 -0.780966	 0.41643	 -1.47254	 -1.24367	 -3.55982	 -1.44808
182.5	 -0.731741	 0.405366	 -1.488	 -1.32541	 -3.59331	 -1.41827
182.52	 -0.682485	 0.394152	 -1.50213	 -1.40371	 -3.6247	 -1.38674
182.54	 -0.633227	 0.382799	 -1.51493	 -1.47852	 -3.65402	 -1.35354
182.56	 -0.583993	 0.371317	 -1.5264	 -1.5498	 -3.68127	 -1.31872
182.58	 -0.534808	 0.359714	 -1.53656	 -1.61753	 -3.70648	 -1.28232
182.6	 -0.485699	 0.347999	 -1.54543	 -1.68167	 -3.72967	 -1.24437
182.62	 -0.436691	 0.336178	 -1.55301	 -1.74222	 -3.75086	 -1.20493
182.64	 -0.387809	 0.324261	 -1.55933	 -1.79917	 -3.77007	 -1.16405
182.66	 -0.339077	 0.312256	 -1.56439	 -1.85251	 -3.78733	 -1.12179
182.68	 -0.29052	 0.300172	 -1.56822	 -1.90226	 -3.80265	 -1.07819
182.7	 -0.242162	 0.288018	 -1.57083	 -1.94842	 -3.81608	 -1.03332
182.72	 -0.194026	 0.275801	 -1.57224	 -1.99102	 -3.82762	 -0.987235
182.74	 -0.146136	 0.26353	 -1.57247	 -2.03009	 -3.83732	 -0.940001
182.76	 -0.0985133	 0.251213	 -1.57155	 -2.06565	 -3.8452	 -0.891679
182.78	 -0.0511812	 0.238857	 -1.56949	 -2.09775	 -3.8513	 -0.842334
182.8	 -0.0041611	 0.226469	 -1.56631	 -2.12643	 -3.85565	 -0.792031
182.82	 0.0425257	 0.214057	 -1.56206	 -2.15175	 -3.85828	 -0.740838
182.84	 0.0888582	 0.201626	 -1.55674	 -2.17375	 -3.85923	 -0.688823
182.86	 0.134816	 0.189185	 -1.55039	 -2.1925	 -3.85854	 -0.636056
182.88	 0.180379	 0.17674	 -1.54303	 -2.20806	 -3.85624	 -0.582607
182.9	 0.225528	 0.164297	 -1.5347	 -2.2205	 -3.85237	 -0.528547
182.92	 0.270243	 0.151863	 -1.52543	 -2.2299	 -3.84696	 -0.47395
182.94	 0.314507	 0.139445	 -1.51523	 -2.23633	 -3.84007	 -0.418886
182.96	 0.3583	 0.127047	 -1.50416	 -2.23988	 -3.83172	 -0.363429
182.98	 0.401606	 0.114678	 -1.49223	 -2.24063	 -3.82195	 -0.307653
183	 0.444407	 0.102342	 -1.47948	 -2.23867	 -3.81081	 -0.251631
183.02	 0.486687	 0.0900451	 -1.46595	 -2.23409	 -3.79834	 -0.195435
183.04	 0.528429	 0.0777934	 -1.45166	 -2.22698	 -3.78457	 -0.139141
183.06	 0.569618	 0.0655925	 -1.43666	 -2.21744	 -3.76956	 -0.0828214
183.08	 0.610238	 0.0534478	 -1.42097	 -2.20557	 -3.75333	 -0.0265489
183.1	 0.650276	 0.0413647	 -1.40464	 -2.19146	 -3.73592	 0.0296036
183.12	 0.689717	 0.0293484	 -1.3877	 -2.17523	 -3.71739	 0.0855643
183.14	 0.728551	 0.0174007	 -1.37019	 -2.15699	 -3.69777	 0.141261
183.16	 0.76677	 0.00552486	 -1.35215	 -2.13689	 -3.67709	 0.196616
183.18	 0.804369	 -0.00627357	 -1.33363	 -2.11507	 -3.6554	 0.251548
183.2	 0.841342	 -0.0179892	 -1.31465	 -2.09167	 -3.63272	 0.305981
183.22	 0.877684	 -0.0296173	 -1.29528	 -2.06682	 -3.60909	 0.359837
183.24	 0.913382	 -0.041156	 -1.27554	 -2.04065	 -3.58456	 0.41305
183.26	 0.948422	 -0.0526036	 -1.2555	 -2.01331	 -3.55917	 0.465553
183.28	 0.982791	 -0.0639619	 -1.23521	 -1.9849	 -3.53299	 0.517294
183.3	 1.01648	 -0.075231	 -1.21474	 -1.95549	 -3.50608	 0.568228
183.32	 1.04948	 -0.0864127	 -1.19413	 -1.92515	 -3.47851	 0.618312
183.34	 1.08179	 -0.0975069	 -1.17348	 -1.89397	 -3.45035	 0.667496
183.36	 1.1134	 -0.108513	 -1.15283	 -1.86201	 -3.42166	 0.715732
183.38	 1.14429	 -0.119428	 -1.13228	 -1.82935	 -3.39253	 0.762969
183.4	 1.17446	 -0.130247	 -1.11189	 -1.79609	 -3.36304	 0.809154
183.42	 1.20389	 -0.140966	 -1.09174	 -1.76228	 -3.33328	 0.854238
183.44	 1.23256	 -0.15158	 -1.0719	 -1.72801	 -3.30333	 0.898173
183.46	 1.26048	 -0.162086	 -1.05244	 -1.69335	 -3.27328	 0.94091
183.48	 1.28762	 -0.172478	 -1.03344	 -1.65838	 -3.24323	 0.982407
183.5	 1.31398	 -0.182752	 -1.01497	 -1.62317	 -3.21326	 1.02262
183.52	 1.33956	 -0.192905	 -0.997096	 -1.58778	 -3.18346	 1.06151
183.54	 1.36433	 -0.202931	 -0.979891	 -1.55229	 -3.15391	 1.09903
183.56	 1.3883	 -0.212827	 -0.963426	 -1.51676	 -3.1247	 1.13514
183.58	 1.41145	 -0.222586	 -0.94777	 -1.48124	 -3.09591	 1.16982
183.6	 1.43379	 -0.232206	 -0.932992	 -1.44582	 -3.06764	 1.20301
183.62	 1.45529	 -0.241679	 -0.919161	 -1.41053	 -3.03997	 1.2347
183.64	 1.47596	 -0.251002	 -0.906341	 -1.37544	 -3.01298	 1.26484
183.66	 1.49579	 -0.260169	 -0.894599	 -1.3406	 -2.98676	 1.29342
183.68	 1.51477	 -0.269176	 -0.883997	 -1.30606	 -2.96139	 1.3204
183.7	 1.5329	 -0.278016	 -0.874594	 -1.27188	 -2.93695	 1.34576
183.72	 1.55018	 -0.286686	 -0.866451	 -1.23809	 -2.91351	 1.36947
183.74	 1.56659	 -0.295181	 -0.859623	 -1.20474	 -2.89116	 1.39152
183.76	 1.58214	 -0.303495	 -0.854163	 -1.17186	 -2.86996	 1.41189
183.78	 1.59682	 -0.311624	 -0.850124	 -1.1395	 -2.84999	 1.43056
183.8	 1.61063	 -0.319563	 -0.847555	 -1.10768	 -2.8313	 1.44752
183.82	 1.62356	 -0.327309	 -0.8465	 -1.07644	 -2.81397	 1.46276
183.84	 1.63562	 -0.334858	 -0.847005	 -1.0458	 -2.79805	 1.47628
183.86	 1.64681	 -0.342207	 -0.849109	 -1.01579	 -2.7836	 1.48808
183.88	 1.65711	 -0.349357	 -0.852852	 -0.986415	 -2.77068	 1.49815
183.9	 1.66654	 -0.356309	 -0.85827	 -0.957701	 -2.75934	 1.50651
183.92	 1.67509	 -0.363062	 -0.865397	 -0.929656	 -2.74963	 1.51317
183.94	 1.68276	 -0.369618	 -0.874261	 -0.902288	 -2.74159	 1.51814
183.96	 1.68956	 -0.375977	 -0.884888	 -0.8756	 -2.73528	 1.52144
183.98	 1.69547	 -0.382139	 -0.897299	 -0.849594	 -2.7307	 1.52308
184	 1.70051	 -0.388102	 -0.911511	 -0.824267	 -2.72791	 1.52307
184.02	 1.70468	 -0.393866	 -0.927535	 -0.799616	 -2.72691	 1.52144
184.04	 1.70798	 -0.399432	 -0.945382	 -0.775631	 -2.72772	 1.51821
184.06	 1.71041	 -0.404798	 -0.965056	 -0.752302	 -2.73036	 1.51341
184.08	 1.71198	 -0.409966	 -0.986558	 -0.729612	 -2.73484	 1.50706
184.1	 1.71269	 -0.414936	 -1.00989	 -0.707542	 -2.74115	 1.4992
184.12	 1.71255	 -0.41971	 -1.03504	 -0.686071	 -2.7493	 1.48985
184.14	 1.71155	 -0.424287	 -1.062	 -0.665173	 -2.75929	 1.47905
184.16	 1.70971	 -0.428666	 -1.09075	 -0.644818	 -2.77109	 1.46683
184.18	 1.70703	 -0.432849	 -1.12129	 -0.624977	 -2.7847	 1.45323
184.2	 1.70352	 -0.436835	 -1.15358	 -0.605616	 -2.80009	 1.43829
184.22	 1.69917	 -0.440626	 -1.18761	 -0.586698	 -2.81723	 1.42206
184.24	 1.69401	 -0.444222	 -1.22334	 -0.568183	 -2.8361	 1.40456
184.26	 1.68804	 -0.447625	 -1.26075	 -0.550031	 -2.85666	 1.38586
184.28	 1.68126	 -0.450834	 -1.29979	 -0.532197	 -2.87887	 1.36599
184.3	 1.67368	 -0.453852	 -1.34043	 -0.514634	 -2.90268	 1.34501
184.32	 1.66532	 -0.456679	 -1.38263	 -0.497293	 -2.92806	 1.32296
184.34	 1.65617	 -0.459318	 -1.42634	 -0.480124	 -2.95494	 1.2999
184.36	 1.64625	 -0.461769	 -1.47152	 -0.463076	 -2.98326	 1.27587
184.38	 1.63556	 -0.464034	 -1.5181	 -0.446093	 -3.01298	 1.25094
184.4	 1.62412	 -0.466115	 -1.56605	 -0.42912	 -3.04402	 1.22515
184.42	 1.61194	 -0.468013	 -1.61529	 -0.4121	 -3.07631	 1.19856
184.44	 1.59902	 -0.469731	 -1.66577	 -0.394975	 -3.10979	 1.17124
184.46	 1.58537	 -0.471268	 -1.71744	 -0.377685	 -3.14439	 1.14322
184.48	 1.57101	 -0.472617	 -1.77022	 -0.360173	 -3.18003	 1.11456
184.5	 1.55594	 -0.473767	 -1.82407	 -0.34238	 -3.21665	 1.08528
184.52	 1.54018	 -0.474708	 -1.87893	 -0.324251	 -3.2542	 1.05542
184.54	 1.52374	 -0.47543	 -1.93473	 -0.305729	 -3.29261	 1.02503
184.56	 1.50662	 -0.475925	 -1.99141	 -0.286759	 -3.3318	 0.994138
184.58	 1.48884	 -0.47619	 -2.04891	 -0.267281	 -3.3717	 0.9628
184.6	 1.4704	 -0.476225	 -2.10716	 -0.247236	 -3.41225	 0.931077
184.62	 1.45134	 -0.476034	 -2.1661	 -0.226558	 -3.45337	 0.899029
184.64	 1.43165	 -0.475621	 -2.22566	 -0.205183	 -3.49499	 0.866718
184.66	 1.41135	 -0.47499	 -2.28578	 -0.183095	 -3.53704	 0.834188
184.68	 1.39046	 -0.474146	 -2.3464	 -0.160302	 -3.57945	 0.801473
184.7	 1.36899	 -0.473089	 -2.40745	 -0.1368	 -3.62215	 0.768602
184.72	 1.34696	 -0.471821	 -2.46889	 -0.112585	 -3.66506	 0.735609
184.74	 1.32438	 -0.470345	 -2.53064	 -0.0876589	 -3.70812	 0.702527
184.76	 1.30128	 -0.468663	 -2.59265	 -0.0620251	 -3.75124	 0.669394
184.78	 1.27766	 -0.466779	 -2.65486	 -0.0356894	 -3.79434	 0.636248
184.8	 1.25354	 -0.464698	 -2.71718	 -0.00865825	 -3.83734	 0.603131
184.82	 1.22893	 -0.462424	 -2.77956	 0.0190616	 -3.88017	 0.57008
184.84	 1.20386	 -0.459964	 -2.84193	 0.0474634	 -3.92273	 0.537132
184.86	 1.17834	 -0.45732	 -2.90422	 0.0765395	 -3.96495	 0.504324
184.88	 1.15239	 -0.454498	 -2.96636	 0.106282	 -4.00675	 0.47169
184.9	 1.12602	 -0.451503	 -3.02827	 0.13668	 -4.04804	 0.439267
184.92	 1.09924	 -0.448339	 -3.08991	 0.167722	 -4.08875	 0.407089
184.94	 1.07209	 -0.445012	 -3.15118	 0.199398	 -4.12878	 0.37519
184.96	 1.04456	 -0.441527	 -3.21204	 0.231692	 -4.16805	 0.343604
184.98	 1.01669	 -0.437889	 -3.2724	 0.264592	 -4.20649	 0.312366
185	 0.988481	 -0.434104	 -3.33221	 0.298081	 -4.24401	 0.281507
185.02	 0.95995	 -0.430179	 -3.39139	 0.332145	 -4.28054	 0.251063
185.04	 0.931105	 -0.426123	 -3.44991	 0.366769	 -4.31602	 0.221071
185.06	 0.901951	 -0.421948	 -3.5077	 0.401907	 -4.35041	 0.191554
185.08	 0.872489	 -0.417667	 -3.56472	 0.437487	 -4.38364	 0.162509
185.1	 0.84272	 -0.413288	 -3.62094	 0.473463	 -4.41565	 0.13393
185.12	 0.812637	 -0.408819	 -3.67631	 0.509789	 -4.4464	 0.105799
185.14	 0.782238	 -0.404265	 -3.7308	 0.546414	 -4.47585	 0.0781048
185.16	 0.751517	 -0.399629	 -3.78438	 0.583312	 -4.50396	 0.0508403
185.18	 0.72047	 -0.394911	 -3.83703	 0.620456	 -4.5307	 0.0240037
185.2	 0.689097	 -0.390114	 -3.88872	 0.657811	 -4.55603	 -0.00240597
185.22	 0.657394	 -0.385239	 -3.9394	 0.695339	 -4.57991	 -0.0283891
185.24	 0.625361	 -0.380288	 -3.98905	 0.733007	 -4.60229	 -0.0539471
185.26	 0.592997	 -0.375264	 -4.03764	 0.770781	 -4.62315	 -0.0790831
185.28	 0.560301	 -0.370168	 -4.08512	 0.808632	 -4.64243	 -0.103802
185.3	 0.527272	 -0.365005	 -4.13148	 0.846531	 -4.6601	 -0.128109
185.32	 0.493913	 -0.359778	 -4.17667	 0.884439	 -4.67614	 -0.152
185.34	 0.460223	 -0.354491	 -4.22068	 0.922329	 -4.69052	 -0.175481
185.36	 0.426202	 -0.349148	 -4.26347	 0.96017	 -4.7032	 -0.198553
185.38	 0.391848	 -0.343752	 -4.30502	 0.997931	 -4.71416	 -0.221222
185.4	 0.35716	 -0.338304	 -4.34531	 1.03558	 -4.72337	 -0.243492
185.42	 0.322139	 -0.332808	 -4.3843	 1.07309	 -4.73079	 -0.265369
185.44	 0.286785	 -0.327266	 -4.42198	 1.11042	 -4.73641	 -0.286857
185.46	 0.251101	 -0.321682	 -4.45832	 1.14754	 -4.7402	 -0.307962
185.48	 0.215087	 -0.316057	 -4.4933	 1.18443	 -4.74215	 -0.328686
185.5	 0.178745	 -0.310398	 -4.52689	 1.22106	 -4.74222	 -0.349031
185.52	 0.142077	 -0.304706	 -4.55908	 1.25738	 -4.7404	 -0.369002
185.54	 0.105086	 -0.298985	 -4.58986	 1.29337	 -4.73667	 -0.388603
185.56	 0.0677776	 -0.29324	 -4.61919	 1.329	 -4.73104	 -0.407843
185.58	 0.0301544	 -0.287472	 -4.64706	 1.36423	 -4.72347	 -0.426724
185.6	 -0.00778	 -0.281686	 -4.67347	 1.39905	 -4.71397	 -0.44525
185.62	 -0.0460217	 -0.275882	 -4.69839	 1.43342	 -4.70252	 -0.463426
185.64	 -0.0845666	 -0.270068	 -4.72181	 1.46731	 -4.68911	 -0.481257
185.66	 -0.12341	 -0.264246	 -4.74371	 1.50068	 -4.67372	 -0.498744
185.68	 -0.162546	 -0.258417	 -4.76409	 1.53353	 -4.65636	 -0.515895
185.7	 -0.201969	 -0.252587	 -4.78294	 1.56581	 -4.63702	 -0.532712
185.72	 -0.241672	 -0.246759	 -4.80024	 1.59749	 -4.6157	 -0.549203
185.74	 -0.281647	 -0.240935	 -4.81599	 1.62856	 -4.59239	 -0.565371
185.76	 -0.321887	 -0.23512	 -4.83018	 1.65898	 -4.56709	 -0.581223
185.78	 -0.362384	 -0.229316	 -4.84281	 1.68872	 -4.53981	 -0.596763
185.8	 -0.403127	 -0.223527	 -4.85388	 1.71776	 -4.51055	 -0.611997
185.82	 -0.444109	 -0.217756	 -4.86337	 1.74608	 -4.47931	 -0.62693
185.84	 -0.48532	 -0.212006	 -4.87129	 1.77363	 -4.44609	 -0.641568
185.86	 -0.526748	 -0.206281	 -4.87764	 1.8004	 -4.41089	 -0.655916
185.88	 -0.568383	 -0.200585	 -4.88242	 1.82637	 -4.37374	 -0.66998
185.9	 -0.610214	 -0.194919	 -4.88563	 1.8515	 -4.33462	 -0.683766
185.92	 -0.652228	 -0.189285	 -4.88727	 1.87578	 -4.29355	 -0.697279
185.94	 -0.694412	 -0.18369	 -4.88735	 1.89917	 -4.25054	 -0.710529
185.96	 -0.736753	 -0.178137	 -4.88588	 1.92164	 -4.20561	 -0.723519
185.98	 -0.779238	 -0.172628	 -4.88286	 1.94317	 -4.15875	 -0.736254
186	 -0.821853	 -0.167165	 -4.8783	 1.96375	 -4.10999	 -0.748738
186.02	 -0.864584	 -0.161753	 -4.8722	 1.98334	 -4.05933	 -0.760978
186.04	 -0.907415	 -0.156395	 -4.86459	 2.00193	 -4.00679	 -0.77298
186.06	 -0.950332	 -0.151094	 -4.85546	 2.01949	 -3.95238	 -0.784747
186.08	 -0.993318	 -0.145852	 -4.84484	 2.036	 -3.89612	 -0.796286
186.1	 -1.03636	 -0.140672	 -4.83274	 2.05145	 -3.83803	 -0.807602
186.12	 -1.07943	 -0.135558	 -4.81917	 2.06581	 -3.77812	 -0.818701
186.14	 -1.12252	 -0.130512	 -4.80415	 2.07906	 -3.71641	 -0.829586
186.16	 -1.16561	 -0.125537	 -4.7877	 2.0912	 -3.65291	 -0.840263
186.18	 -1.20868	 -0.120636	 -4.76984	 2.10219	 -3.58766	 -0.850737
186.2	 -1.25171	 -0.115812	 -4.75058	 2.11203	 -3.52066	 -0.861012
186.22	 -1.29469	 -0.111067	 -4.72995	 2.1207	 -3.45195	 -0.871093
186.24	 -1.33759	 -0.106403	 -4.70797	 2.12819	 -3.38154	 -0.880983
186.26	 -1.38039	 -0.101824	 -4.68466	 2.13449	 -3.30945	 -0.890688
186.28	 -1.42307	 -0.0973305	 -4.66004	 2.13958	 -3.23572	 -0.900209
186.3	 -1.46561	 -0.0929259	 -4.63415	 2.14346	 -3.16035	 -0.909552
186.32	 -1.50798	 -0.0886121	 -4.60701	 2.14612	 -3.08339	 -0.918719
186.34	 -1.55017	 -0.084391	 -4.57865	 2.14755	 -3.00485	 -0.927714
186.36	 -1.59216	 -0.0802644	 -4.54908	 2.14776	 -2.92476	 -0.936539
186.38	 -1.63391	 -0.0762344	 -4.51836	 2.14673	 -2.84315	 -0.945196
186.4	 -1.67541	 -0.0723024	 -4.48649	 2.14446	 -2.76004	 -0.953687
186.42	 -1.71663	 -0.06847	 -4.45353	 2.14096	 -2.67548	 -0.962014
186.44	 -1.75755	 -0.0647386	 -4.41948	 2.13623	 -2.58948	 -0.970178
186.46	 -1.79815	 -0.0611094	 -4.3844	 2.13027	 -2.50208	 -0.978178
186.48	 -1.83839	 -0.0575835	 -4.34832	 2.12309	 -2.41331	 -0.986015
186.5	 -1.87826	 -0.0541617	 -4.31126	 2.11469	 -2.3232	 -0.993687
186.52	 -1.91772	 -0.0508444	 -4.27327	 2.10509	 -2.23179	 -1.00119
186.54	 -1.95676	 -0.047632	 -4.23437	 2.09431	 -2.13911	 -1.00852
186.56	 -1.99535	 -0.0445249	 -4.19462	 2.08236	 -2.04521	 -1.01568
186.58	 -2.03346	 -0.041523	 -4.15403	 2.06926	 -1.95011	 -1.02266
186.6	 -2.07107	 -0.0386261	 -4.11266	 2.05502	 -1.85386	 -1.02946
186.62	 -2.10814	 -0.0358338	 -4.07055	 2.03967	 -1.7565	 -1.03608
186.64	 -2.14466	 -0.0331456	 -4.02772	 2.02322	 -1.65808	 -1.0425
186.66	 -2.1806	 -0.0305609	 -3.98422	 2.00571	 -1.55865	 -1.04874
186.68	 -2.21593	 -0.0280792	 -3.9401	 1.98714	 -1.45826	 -1.05479
186.7	 -2.25063	 -0.0256995	 -3.89539	 1.96755	 -1.35697	 -1.06065
186.72	 -2.28466	 -0.023421	 -3.85013	 1.94696	 -1.25482	 -1.06632
186.74	 -2.31802	 -0.0212426	 -3.80436	 1.92539	 -1.15188	 -1.07179
186.76	 -2.35065	 -0.0191631	 -3.75814	 1.90287	 -1.04821	 -1.07707
186.78	 -2.38256	 -0.0171812	 -3.71149	 1.87942	 -0.943875	 -1.08216
186.8	 -2.4137	 -0.0152955	 -3.66447	 1.85508	 -0.838939	 -1.08705
186.82	 -2.44405	 -0.0135044	 -3.61712	 1.82985	 -0.73347	 -1.09174
186.84	 -2.47359	 -0.0118062	 -3.56947	 1.80378	 -0.627539	 -1.09624
186.86	 -2.50229	 -0.0101991	 -3.52158	 1.77689	 -0.521216	 -1.10055
186.88	 -2.53013	 -0.00868121	 -3.47349	 1.74921	 -0.414574	 -1.10466
186.9	 -2.55709	 -0.0072505	 -3.42523	 1.72076	 -0.307686	 -1.10857
186.92	 -2.58314	 -0.0059048	 -3.37686	 1.69158	 -0.200626	 -1.11229
186.94	 -2.60826	 -0.00464183	 -3.32842	 1.66168	 -0.0934697	 -1.11581
186.96	 -2.63243	 -0.00345919	 -3.27994	 1.63112	 0.0137089	 -1.11914
186.98	 -2.65562	 -0.0023544	 -3.23148	 1.5999	 0.120834	 -1.12228
187	 -2.67782	 -0.00132489	 -3.18308	 1.56807	 0.227829	 -1.12523
187.02	 -2.699	 -0.000368034	 -3.13477	 1.53565	 0.334618	 -1.12798
187.04	 -2.71915	 0.000518843	 -3.08661	 1.50268	 0.441124	 -1.13055
187.06	 -2.73825	 0.00133843	 -3.03862	 1.46919	 0.547269	 -1.13293
187.08	 -2.75627	 0.00209343	 -2.99086	 1.43521	 0.652975	 -1.13512
187.1	 -2.77321	 0.00278654	 -2.94337	 1.40077	 0.758165	 -1.13712
187.12	 -2.78903	 0.00342042	 -2.89618	 1.3659	 0.862761	 -1.13894
187.14	 -2.80374	 0.0039977	 -2.84934	 1.33063	 0.966684	 -1.14058
187.16	 -2.8173	 0.00452096	 -2.80288	 1.295	 1.06986	 -1.14202
187.18	 -2.82971	 0.00499271	 -2.75684	 1.25904	 1.1722	 -1.14329
187.2	 -2.84095	 0.00541536	 -2.71127	 1.22278	 1.27365	 -1.14437
187.22	 -2.85101	 0.00579121	 -2.66619	 1.18625	 1.37411	 -1.14527
187.24	 -2.85988	 0.00612244	 -2.62165	 1.14948	 1.47352	 -1.14598
187.26	 -2.86754	 0.00641107	 -2.57768	 1.11251	 1.57179	 -1.14651
187.28	 -2.87398	 0.00665893	 -2.53431	 1.07536	 1.66887	 -1.14686
187.3	 -2.8792	 0.00686767	 -2.49158	 1.03808	 1.76467	 -1.14701
187.32	 -2.88319	 0.00703885	 -2.44952	 1.00068	 1.85912	 -1.14698
187.34	 -2.88593	 0.00717401	 -2.40817	 0.963203	 1.95216	 -1.14677
187.36	 -2.88741	 0.00727414	 -2.36755	 0.925677	 2.0437	 -1.14636
187.38	 -2.88764	 0.00734019	 -2.32768	 0.888134	 2.1337	 -1.14575
187.4	 -2.88661	 0.00737289	 -2.28861	 0.850601	 2.22208	 -1.14495
187.42	 -2.88431	 0.00737277	 -2.25036	 0.813109	 2.30878	 -1.14396
187.44	 -2.88074	 0.00734018	 -2.21294	 0.775688	 2.39373	 -1.14275
187.46	 -2.87589	 0.00727544	 -2.17639	 0.738367	 2.47688	 -1.14135
187.48	 -2.86977	 0.00717828	 -2.14073	 0.701173	 2.55817	 -1.13973
187.5	 -2.86237	 0.00704826	 -2.10598	 0.664134	 2.63754	 -1.13789
187.52	 -2.85369	 0.00688474	 -2.07215	 0.627277	 2.71494	 -1.13584
187.54	 -2.84373	 0.00668686	 -2.03927	 0.590627	 2.79033	 -1.13356
187.56	 -2.83249	 0.00645353	 -2.00736	 0.55421	 2.86364	 -1.13106
187.58	 -2.81998	 0.00618344	 -1.97642	 0.518051	 2.93484	 -1.12831
187.6	 -2.8062	 0.00587508	 -1.94647	 0.482175	 3.00389	 -1.12533
187.62	 -2.79115	 0.00552675	 -1.91752	 0.446603	 3.07074	 -1.1221
187.64	 -2.77484	 0.00513652	 -1.88958	 0.411361	 3.13535	 -1.11862
187.66	 -2.75727	 0.00470229	 -1.86265	 0.376469	 3.1977	 -1.11488
187.68	 -2.73845	 0.00422176	 -1.83676	 0.341951	 3.25776	 -1.11087
187.7	 -2.71839	 0.00369244	 -1.81188	 0.307827	 3.31549	 -1.10659
187.72	 -2.69709	 0.00311173	 -1.78804	 0.274118	 3.37087	 -1.10203
187.74	 -2.67457	 0.00247729	 -1.76523	 0.240848	 3.42388	 -1.09718
187.76	 -2.65083	 0.00178652	 -1.74345	 0.208041	 3.47451	 -1.09204
187.78	 -2.62589	 0.00103669	 -1.72269	 0.175716	 3.52273	 -1.0866
187.8	 -2.59975	 0.000224885	 -1.70295	 0.143896	 3.56855	 -1.08084
187.82	 -2.57243	 -0.000652013	 -1.68422	 0.112601	 3.61194	 -1.07478
187.84	 -2.54394	 -0.00159729	 -1.6665	 0.081849	 3.65291	 -1.06838
187.86	 -2.5143	 -0.00261439	 -1.64977	 0.0516597	 3.69145	 -1.06166
187.88	 -2.48351	 -0.0037069	 -1.63402	 0.0220504	 3.72758	 -1.05459
187.9	 -2.45159	 -0.00487849	 -1.61923	 -0.00696232	 3.76129	 -1.04718
187.92	 -2.41856	 -0.00613292	 -1.60539	 -0.0353626	 3.7926	 -1.03941
187.94	 -2.38444	 -0.00747399	 -1.59248	 -0.0631357	 3.82151	 -1.03129
187.96	 -2.34924	 -0.0089055	 -1.58048	 -0.0902674	 3.84805	 -1.02279
187.98	 -2.31297	 -0.0104312	 -1.56937	 -0.116744	 3.87224	 -1.01391
188	 -2.27566	 -0.012055	 -1.55911	 -0.142553	 3.8941	 -1.00466
188.02	 -2.23733	 -0.0137803	 -1.5497	 -0.167682	 3.91366	 -0.995009
188.04	 -2.19799	 -0.0156109	 -1.54109	 -0.19212	 3.93094	 -0.984966
188.06	 -2.15766	 -0.0175501	 -1.53326	 -0.215856	 3.94599	 -0.974521
188.08	 -2.11636	 -0.0196014	 -1.52619	 -0.238882	 3.95883	 -0.96367
188.1	 -2.07412	 -0.0217679	 -1.51983	 -0.261189	 3.96952	 -0.952407
188.12	 -2.03096	 -0.0240528	 -1.51415	 -0.28277	 3.97808	 -0.940729
188.14	 -1.98689	 -0.0264592	 -1.50912	 -0.30362	 3.98457	 -0.928632
188.16	 -1.94195	 -0.0289896	 -1.50471	 -0.323733	 3.98903	 -0.916112
188.18	 -1.89614	 -0.0316464	 -1.50087	 -0.343103	 3.99152	 -0.903168
188.2	 -1.8495	 -0.034433	 -1.49756	 -0.361733	 3.99208	 -0.889796
188.22	 -1.80204	 -0.0373518	 -1.49476	 -0.379621	 3.99076	 -0.875996
188.24	 -1.7538	 -0.0404048	 -1.49241	 -0.396763	 3.98764	 -0.861765
188.26	 -1.7048	 -0.043594	 -1.49047	 -0.413159	 3.98275	 -0.847105
188.28	 -1.65505	 -0.0469205	 -1.48891	 -0.428809	 3.97617	 -0.832015
188.3	 -1.6046	 -0.0503855	 -1.48767	 -0.443714	 3.96796	 -0.816496
188.32	 -1.55345	 -0.0539881	 -1.48672	 -0.457877	 3.95817	 -0.800554
188.34	 -1.50164	 -0.057726	 -1.48601	 -0.471305	 3.94687	 -0.784198
188.36	 -1.44919	 -0.0615965	 -1.48551	 -0.484003	 3.93411	 -0.767436
188.38	 -1.39612	 -0.0655966	 -1.48516	 -0.495977	 3.91996	 -0.750277
188.4	 -1.34247	 -0.0697233	 -1.48493	 -0.507235	 3.90449	 -0.732731
188.42	 -1.28825	 -0.0739743	 -1.48477	 -0.517784	 3.88775	 -0.714805
188.44	 -1.2335	 -0.0783468	 -1.48463	 -0.527633	 3.86982	 -0.696509
188.46	 -1.17824	 -0.0828384	 -1.48447	 -0.536789	 3.85076	 -0.677851
188.48	 -1.12249	 -0.0874463	 -1.48425	 -0.545261	 3.83064	 -0.658843
188.5	 -1.06629	 -0.0921674	 -1.48391	 -0.553057	 3.80953	 -0.639492
188.52	 -1.00966	 -0.0969984	 -1.48342	 -0.560186	 3.78749	 -0.619811
188.54	 -0.952633	 -0.101936	 -1.48272	 -0.566657	 3.7646	 -0.59981
188.56	 -0.895226	 -0.106976	 -1.48178	 -0.572481	 3.74092	 -0.579499
188.58	 -0.83747	 -0.112113	 -1.48054	 -0.577668	 3.71652	 -0.558893
188.6	 -0.779393	 -0.117344	 -1.47897	 -0.582227	 3.69146	 -0.538003
188.62	 -0.72102	 -0.122664	 -1.47702	 -0.586171	 3.66581	 -0.516842
188.64	 -0.66238	 -0.128067	 -1.47464	 -0.589508	 3.63963	 -0.495422
188.66	 -0.603499	 -0.133549	 -1.4718	 -0.59225	 3.613	 -0.473757
188.68	 -0.544403	 -0.139104	 -1.46845	 -0.594404	 3.58596	 -0.451861
188.7	 -0.485106	 -0.144726	 -1.46456	 -0.596038	 3.55858	 -0.429764
188.72	 -0.42562	 -0.150406	 -1.4601	 -0.5972	 3.53089	 -0.407503
188.74	 -0.365953	 -0.156135	 -1.45503	 -0.597939	 3.50296	 -0.385118
188.76	 -0.306108	 -0.161903	 -1.44934	 -0.598271	 3.47482	 -0.362632
188.78	 -0.24608	 -0.167705	 -1.443	 -0.598185	 3.44652	 -0.340054
188.8	 -0.185865	 -0.173536	 -1.436	 -0.597686	 3.41809	 -0.317385
188.82	 -0.125459	 -0.179395	 -1.42832	 -0.596777	 3.38958	 -0.294626
188.84	 -0.0648626	 -0.185273	 -1.41995	 -0.595462	 3.36101	 -0.271788
188.86	 -0.00407755	 -0.191166	 -1.41089	 -0.59374	 3.33241	 -0.24888
188.88	 0.0568901	 -0.197062	 -1.40114	 -0.591616	 3.30379	 -0.225924
188.9	 0.118034	 -0.202951	 -1.39068	 -0.58909	 3.27516	 -0.202935
188.92	 0.179346	 -0.208824	 -1.37951	 -0.586165	 3.24653	 -0.179929
188.94	 0.240819	 -0.214672	 -1.36765	 -0.582844	 3.2179	 -0.156921
188.96	 0.302444	 -0.220487	 -1.35509	 -0.57913	 3.18927	 -0.133923
188.98	 0.364213	 -0.226259	 -1.34183	 -0.575024	 3.16064	 -0.110949
189	 0.426116	 -0.231982	 -1.32789	 -0.570527	 3.13199	 -0.0880115
189.02	 0.488139	 -0.237645	 -1.31327	 -0.565639	 3.10331	 -0.0651223
189.04	 0.550269	 -0.243242	 -1.29801	 -0.560361	 3.07457	 -0.0422942
189.06	 0.612488	 -0.248763	 -1.28213	 -0.554691	 3.04573	 -0.0195401
189.08	 0.674778	 -0.254199	 -1.26564	 -0.548628	 3.01674	 0.00312675
189.1	 0.737119	 -0.25954	 -1.24858	 -0.542173	 2.98758	 0.0256925
189.12	 0.799492	 -0.264777	 -1.23098	 -0.535323	 2.95818	 0.0481438
189.14	 0.861875	 -0.269901	 -1.21286	 -0.528078	 2.92852	 0.0704676
189.16	 0.924247	 -0.274902	 -1.19426	 -0.520435	 2.89854	 0.0926512
189.18	 0.986588	 -0.27977	 -1.1752	 -0.512394	 2.86819	 0.114682
189.2	 1.04887	 -0.284497	 -1.15572	 -0.503959	 2.83743	 0.136545
189.22	 1.11108	 -0.289072	 -1.13585	 -0.495119	 2.8062	 0.158227
189.24	 1.17319	 -0.293486	 -1.11563	 -0.48587	 2.77444	 0.179719
189.26	 1.23517	 -0.29773	 -1.0951	 -0.476207	 2.7421	 0.20101
189.28	 1.29701	 -0.301794	 -1.0743	 -0.466127	 2.70913	 0.222089
189.3	 1.35869	 -0.30567	 -1.05325	 -0.45563	 2.67547	 0.242943
189.32	 1.42016	 -0.309349	 -1.03201	 -0.444713	 2.64107	 0.26356
189.34	 1.48143	 -0.312822	 -1.0106	 -0.433366	 2.60587	 0.283929
189.36	 1.54246	 -0.316079	 -0.989077	 -0.421585	 2.56983	 0.304043
189.38	 1.60323	 -0.319112	 -0.967474	 -0.409367	 2.53288	 0.323889
189.4	 1.66371	 -0.321914	 -0.945832	 -0.39671	 2.49497	 0.343459
189.42	 1.7239	 -0.324476	 -0.924192	 -0.383612	 2.45606	 0.362744
189.44	 1.78376	 -0.326791	 -0.902594	 -0.370069	 2.4161	 0.381734
189.46	 1.84326	 -0.328853	 -0.881079	 -0.356084	 2.37503	 0.400421
189.48	 1.9024	 -0.330656	 -0.859686	 -0.341657	 2.33281	 0.418796
189.5	 1.96115	 -0.332194	 -0.838454	 -0.326792	 2.2894	 0.436853
189.52	 2.01948	 -0.333464	 -0.817422	 -0.311494	 2.24477	 0.454583
189.54	 2.07738	 -0.334462	 -0.796626	 -0.295771	 2.19888	 0.471978
189.56	 2.13482	 -0.335183	 -0.776104	 -0.279635	 2.15169	 0.489027
189.58	 2.19178	 -0.335625	 -0.755889	 -0.2631	 2.10319	 0.505721
189.6	 2.24824	 -0.335786	 -0.736016	 -0.246184	 2.05334	 0.522048
189.62	 2.30418	 -0.335663	 -0.716518	 -0.228908	 2.00214	 0.537998
189.64	 2.35957	 -0.335257	 -0.697427	 -0.211298	 1.94957	 0.553556
189.66	 2.4144	 -0.334566	 -0.678774	 -0.193381	 1.89561	 0.568711
189.68	 2.46865	 -0.333591	 -0.66059	 -0.175189	 1.84026	 0.583449
189.7	 2.52229	 -0.332334	 -0.642904	 -0.156759	 1.78352	 0.597755
189.72	 2.5753	 -0.330796	 -0.625742	 -0.138126	 1.72539	 0.611615
189.74	 2.62766	 -0.328981	 -0.609132	 -0.11933	 1.66588	 0.625015
189.76	 2.67936	 -0.326892	 -0.593097	 -0.100416	 1.605	 0.637938
189.78	 2.73037	 -0.324533	 -0.577662	 -0.0814277	 1.54277	 0.650367
189.8	 2.78067	 -0.321907	 -0.562847	 -0.0624136	 1.47919	 0.662286
189.82	 2.83024	 -0.31902	 -0.548673	 -0.0434234	 1.41432	 0.673676
189.84	 2.87907	 -0.315876	 -0.535158	 -0.0245084	 1.34816	 0.684519
189.86	 2.92712	 -0.31248	 -0.522318	 -0.00572091	 1.28076	 0.694795
189.88	 2.97439	 -0.308839	 -0.51017	 0.0128863	 1.21215	 0.704485
189.9	 3.02085	 -0.304958	 -0.498726	 0.0312604	 1.14238	 0.713572
189.92	 3.06648	 -0.300844	 -0.487998	 0.0493488	 1.07149	 0.722034
189.94	 3.11127	 -0.296504	 -0.477997	 0.0671	 0.999543	 0.729855
189.96	 3.15518	 -0.291944	 -0.468731	 0.0844632	 0.926583	 0.737015
189.98	 3.19821	 -0.287171	 -0.460207	 0.101389	 0.852671	 0.743496
190	 3.24034	 -0.282193	 -0.452429	 0.117827	 0.777871	 0.749279
190.02	 3.28154	 -0.277016	 -0.445401	 0.133731	 0.702246	 0.754349
190.04	 3.3218	 -0.271649	 -0.439125	 0.149049	 0.625869	 0.758688
190.06	 3.3611	 -0.266099	 -0.433599	 0.163736	 0.54881	 0.762282
190.08	 3.39942	 -0.260373	 -0.428823	 0.177753	 0.471143	 0.765115
190.1	 3.43673	 -0.25448	 -0.424794	 0.191059	 0.392945	 0.767173
190.12	 3.47303	 -0.248428	 -0.421506	 0.203611	 0.314292	 0.768443
190.14	 3.5083	 -0.242224	 -0.418952	 0.215368	 0.235268	 0.768914
190.16	 3.54251	 -0.235878	 -0.417124	 0.226299	 0.155956	 0.768574
190.18	 3.57565	 -0.229397	 -0.416012	 0.236364	 0.0764396	 0.767414
190.2	 3.6077	 -0.22279	 -0.415605	 0.245526	 -0.00319336	 0.765426
190.22	 3.63864	 -0.216067	 -0.415889	 0.253752	 -0.0828562	 0.762603
190.24	 3.66846	 -0.209236	 -0.41685	 0.261013	 -0.162461	 0.758939
190.26	 3.69715	 -0.202305	 -0.418472	 0.267278	 -0.241918	 0.75443
190.28	 3.72467	 -0.195283	 -0.420739	 0.272516	 -0.321139	 0.74907
190.3	 3.75102	 -0.188173	 -0.423636	 0.276703	 -0.400041	 0.742848
190.32	 3.77619	 -0.180979	 -0.427147	 0.279811	 -0.478543	 0.735751
190.34	 3.80016	 -0.173701	 -0.431256	 0.281815	 -0.556563	 0.72777
190.36	 3.82291	 -0.166344	 -0.435946	 0.282692	 -0.634019	 0.718895
190.38	 3.84443	 -0.158909	 -0.441198	 0.282424	 -0.710827	 0.709122
190.4	 3.86471	 -0.151401	 -0.44699	 0.280993	 -0.786903	 0.698446
190.42	 3.88373	 -0.143823	 -0.453301	 0.278387	 -0.862162	 0.686868
190.44	 3.90147	 -0.136179	 -0.460106	 0.274597	 -0.936519	 0.674387
190.46	 3.91794	 -0.128474	 -0.467379	 0.269617	 -1.00989	 0.661004
190.48	 3.93311	 -0.120709	 -0.475094	 0.263446	 -1.08219	 0.646723
190.5	 3.94696	 -0.112889	 -0.483224	 0.256083	 -1.15334	 0.631548
190.52	 3.9595	 -0.105016	 -0.491741	 0.247533	 -1.22324	 0.615485
190.54	 3.97071	 -0.0970933	 -0.500615	 0.237803	 -1.29183	 0.598541
190.56	 3.98057	 -0.0891235	 -0.509816	 0.226906	 -1.35902	 0.580727
190.58	 3.98907	 -0.081109	 -0.519313	 0.214858	 -1.42473	 0.562054
190.6	 3.99622	 -0.0730528	 -0.529076	 0.201677	 -1.48888	 0.542534
190.62	 4.00199	 -0.0649575	 -0.539072	 0.187384	 -1.55139	 0.522183
190.64	 4.00638	 -0.0568261	 -0.549267	 0.172007	 -1.6122	 0.501018
190.66	 4.00937	 -0.0486612	 -0.559629	 0.155572	 -1.67123	 0.479057
190.68	 4.01097	 -0.0404656	 -0.570122	 0.138111	 -1.7284	 0.45632
190.7	 4.01116	 -0.0322424	 -0.580712	 0.119658	 -1.78365	 0.432828
190.72	 4.00994	 -0.0239943	 -0.591363	 0.100251	 -1.83691	 0.408605
190.74	 4.00731	 -0.0157246	 -0.602039	 0.079928	 -1.8881	 0.383675
190.76	 4.00324	 -0.00743645	 -0.612705	 0.0587299	 -1.93718	 0.358065
190.78	 3.99776	 0.000866605	 -0.623325	 0.0366999	 -1.98407	 0.331803
190.8	 3.99084	 0.00918083	 -0.633861	 0.0138826	 -2.02873	 0.304919
190.82	 3.98248	 0.0175022	 -0.644278	 -0.00967549	 -2.07109	 0.277444
190.84	 3.97269	 0.0258262	 -0.654538	 -0.0339271	 -2.11111	 0.249412
190.86	 3.96146	 0.0341482	 -0.664607	 -0.0588235	 -2.14873	 0.220856
190.88	 3.94879	 0.042462	 -0.674446	 -0.0843149	 -2.18391	 0.191816
190.9	 3.93469	 0.0507617	 -0.684021	 -0.11035	 -2.21661	 0.162329
190.92	 3.91915	 0.059041	 -0.693296	 -0.136878	 -2.24679	 0.132436
190.94	 3.90217	 0.0672942	 -0.702234	 -0.163844	 -2.27442	 0.102175
190.96	 3.88377	 0.0755148	 -0.710801	 -0.191193	 -2.29946	 0.0715896
190.98	 3.86393	 0.0836969	 -0.71896	 -0.21887	 -2.32189	 0.0407197
191	 3.84268	 0.0918344	 -0.726676	 -0.246815	 -2.34167	 0.00960841
191.02	 3.82001	 0.0999221	 -0.733914	 -0.27497	 -2.35879	 -0.021703
191.04	 3.79593	 0.107955	 -0.740639	 -0.303274	 -2.37323	 -0.0531729
191.06	 3.77044	 0.115928	 -0.746814	 -0.331667	 -2.38497	 -0.0847597
191.08	 3.74357	 0.123836	 -0.752406	 -0.360085	 -2.394	 -0.116421
191.1	 3.71531	 0.131676	 -0.757381	 -0.388468	 -2.40031	 -0.148116
191.12	 3.68567	 0.139442	 -0.761703	 -0.41675	 -2.4039	 -0.179801
191.14	 3.65467	 0.147129	 -0.765341	 -0.44487	 -2.40476	 -0.211433
191.16	 3.62232	 0.154732	 -0.768262	 -0.472766	 -2.4029	 -0.242971
191.18	 3.58863	 0.162248	 -0.770433	 -0.500374	 -2.39833	 -0.274371
191.2	 3.55361	 0.16967	 -0.771824	 -0.527633	 -2.39104	 -0.30559
191.22	 3.51728	 0.176995	 -0.772404	 -0.554484	 -2.38105	 -0.336587
191.24	 3.47965	 0.184217	 -0.772145	 -0.580864	 -2.36838	 -0.36732
191.26	 3.44074	 0.191331	 -0.771016	 -0.606716	 -2.35304	 -0.397747
191.28	 3.40055	 0.198334	 -0.76899	 -0.63198	 -2.33506	 -0.427827
191.3	 3.35912	 0.205221	 -0.76604	 -0.656597	 -2.31445	 -0.457518
191.32	 3.31645	 0.211986	 -0.762141	 -0.680513	 -2.29124	 -0.486781
191.34	 3.27257	 0.218625	 -0.757268	 -0.703669	 -2.26547	 -0.515576
191.36	 3.22748	 0.225134	 -0.751397	 -0.726012	 -2.23717	 -0.543863
191.38	 3.18122	 0.231508	 -0.744505	 -0.747487	 -2.20637	 -0.571603
191.4	 3.13379	 0.237741	 -0.736573	 -0.768043	 -2.17311	 -0.598759
191.42	 3.08522	 0.243831	 -0.727579	 -0.78763	 -2.13745	 -0.625293
191.44	 3.03553	 0.24977	 -0.717506	 -0.806198	 -2.09941	 -0.651167
191.46	 2.98474	 0.255556	 -0.706337	 -0.8237	 -2.05905	 -0.676347
191.48	 2.93287	 0.261182	 -0.694056	 -0.840092	 -2.01642	 -0.700797
191.5	 2.87994	 0.266644	 -0.68065	 -0.85533	 -1.97157	 -0.724483
191.52	 2.82597	 0.271937	 -0.666106	 -0.869372	 -1.92456	 -0.747372
191.54	 2.77098	 0.277056	 -0.650414	 -0.882181	 -1.87545	 -0.76943
191.56	 2.715	 0.281995	 -0.633565	 -0.893718	 -1.8243	 -0.790626
191.58	 2.65804	 0.286749	 -0.615551	 -0.903949	 -1.77118	 -0.810929
191.6	 2.60013	 0.291312	 -0.596367	 -0.912842	 -1.71614	 -0.830309
191.62	 2.54129	 0.295679	 -0.57601	 -0.920367	 -1.65926	 -0.848738
191.64	 2.48154	 0.299844	 -0.554477	 -0.926495	 -1.60061	 -0.866188
191.66	 2.42091	 0.303801	 -0.531769	 -0.931201	 -1.54027	 -0.882632
191.68	 2.35941	 0.307544	 -0.507888	 -0.934462	 -1.47831	 -0.898044
191.7	 2.29708	 0.311068	 -0.482838	 -0.936258	 -1.4148	 -0.912401
191.72	 2.23392	 0.314366	 -0.456625	 -0.936569	 -1.34983	 -0.925677
191.74	 2.16997	 0.317431	 -0.429257	 -0.93538	 -1.28348	 -0.937852
191.76	 2.10525	 0.320258	 -0.400745	 -0.932678	 -1.21583	 -0.948905
191.78	 2.03978	 0.322841	 -0.3711	 -0.928453	 -1.14697	 -0.958816
191.8	 1.97357	 0.325174	 -0.340339	 -0.922697	 -1.07699	 -0.967568
191.82	 1.90666	 0.327249	 -0.308476	 -0.915404	 -1.00597	 -0.975145
191.84	 1.83906	 0.329064	 -0.275532	 -0.906553	 -0.93401	 -0.98153
191.86	 1.7708	 0.330612	 -0.241528	 -0.89616	 -0.861197	 -0.986713
191.88	 1.7019	 0.331887	 -0.206488	 -0.884218	 -0.787627	 -0.990683
191.9	 1.63239	 0.332887	 -0.170439	 -0.870726	 -0.713395	 -0.993431
191.92	 1.56227	 0.333608	 -0.133411	 -0.855689	 -0.638597	 -0.994953
191.94	 1.49159	 0.334046	 -0.0954361	 -0.839104	 -0.563329	 -0.995243
191.96	 1.42035	 0.3342	 -0.0565491	 -0.820977	 -0.487685	 -0.9943
191.98	 1.34859	 0.334069	 -0.0167882	 -0.801304	 -0.411762	 -0.992125
192	 1.27633	 0.333652	 0.0238051	 -0.780088	 -0.335655	 -0.988721
192.02	 1.20359	 0.332948	 0.0651866	 -0.757339	 -0.259461	 -0.98409
192.04	 1.13041	 0.331957	 0.107308	 -0.733069	 -0.183275	 -0.978238
192.06	 1.0568	 0.330679	 0.15012	 -0.707297	 -0.107194	 -0.971171
192.08	 0.982813	 0.329114	 0.193566	 -0.680051	 -0.0313142	 -0.962897
192.1	 0.90847	 0.327263	 0.23759	 -0.651358	 0.0442692	 -0.953429
192.12	 0.833809	 0.325127	 0.28213	 -0.621246	 0.119456	 -0.942778
192.14	 0.758867	 0.322708	 0.327122	 -0.589749	 0.194145	 -0.930958
192.16	 0.683688	 0.320008	 0.372497	 -0.556906	 0.268231	 -0.917984
192.18	 0.608313	 0.317028	 0.418184	 -0.522766	 0.341605	 -0.903875
192.2	 0.532791	 0.313771	 0.464109	 -0.487382	 0.414156	 -0.888654
192.22	 0.457171	 0.310241	 0.510193	 -0.450807	 0.485768	 -0.872342
192.24	 0.381503	 0.30644	 0.556357	 -0.413107	 0.556323	 -0.854968
192.26	 0.30584	 0.302373	 0.602518	 -0.374349	 0.625701	 -0.836563
192.28	 0.230237	 0.298044	 0.648594	 -0.334606	 0.69378	 -0.817159
192.3	 0.154748	 0.293459	 0.694497	 -0.293954	 0.760436	 -0.796795
192.32	 0.0794306	 0.288623	 0.740143	 -0.252468	 0.825545	 -0.775508
192.34	 0.00433942	 0.283543	 0.785445	 -0.210228	 0.888986	 -0.753341
192.36	 -0.0704689	 0.278226	 0.830314	 -0.167315	 0.950638	 -0.730335
192.38	 -0.144938	 0.272677	 0.874665	 -0.123813	 1.01038	 -0.706535
192.4	 -0.219012	 0.266904	 0.918411	 -0.0798103	 1.0681	 -0.681985
192.42	 -0.292636	 0.260912	 0.961464	 -0.0353992	 1.12368	 -0.656732
192.44	 -0.365753	 0.254709	 1.00374	 0.00932834	 1.17701	 -0.630821
192.46	 -0.43831	 0.248302	 1.04516	 0.0542785	 1.228	 -0.604304
192.48	 -0.51025	 0.241698	 1.08563	 0.0993562	 1.27653	 -0.577229
192.5	 -0.581521	 0.234905	 1.12507	 0.144466	 1.32252	 -0.549649
192.52	 -0.65207	 0.227931	 1.16341	 0.189512	 1.36587	 -0.521617
192.54	 -0.721845	 0.220784	 1.20056	 0.234398	 1.40651	 -0.493185
192.56	 -0.790795	 0.213472	 1.23646	 0.279025	 1.44437	 -0.46441
192.58	 -0.85887	 0.206002	 1.27102	 0.323289	 1.47937	 -0.435344
192.6	 -0.926022	 0.198383	 1.30419	 0.367083	 1.51147	 -0.406043
192.62	 -0.992202	 0.19062	 1.33588	 0.410293	 1.5406	 -0.376559
192.64	 -1.05736	 0.182721	 1.36604	 0.452801	 1.56672	 -0.346946
192.66	 -1.12146	 0.174691	 1.39459	 0.494488	 1.58978	 -0.317255
192.68	 -1.18445	 0.166536	 1.42149	 0.535236	 1.60975	 -0.28754
192.7	 -1.24628	 0.158265	 1.44668	 0.574932	 1.62659	 -0.257851
192.72	 -1.30691	 0.149884	 1.47009	 0.613467	 1.64026	 -0.228241
192.74	 -1.36629	 0.1414	 1.49169	 0.650739	 1.65074	 -0.198762
192.76	 -1.4244	 0.132822	 1.51142	 0.68665	 1.658	 -0.169466
192.78	 -1.48117	 0.124157	 1.52923	 0.721104	 1.66203	 -0.140402
192.8	 -1.53658	 0.115413	 1.5451	 0.754004	 1.66281	 -0.11162
192.82	 -1.59058	 0.106597	 1.55899	 0.785259	 1.66035	 -0.0831677
192.84	 -1.64314	 0.0977162	 1.57085	 0.814776	 1.65465	 -0.0550927
192.86	 -1.69421	 0.0887783	 1.58068	 0.842463	 1.64573	 -0.0274391
192.88	 -1.74378	 0.0797901	 1.58843	 0.868234	 1.63361	 -0.000249842
192.9	 -1.79179	 0.0707591	 1.5941	 0.89201	 1.61831	 0.0264341
192.92	 -1.83823	 0.0616929	 1.59767	 0.913719	 1.59987	 0.0525731
192.94	 -1.88305	 0.0525994	 1.59913	 0.933297	 1.57832	 0.0781295
192.96	 -1.92622	 0.0434866	 1.59846	 0.950685	 1.55369	 0.103067
192.98	 -1.96772	 0.0343623	 1.59568	 0.965831	 1.52605	 0.127352
193	 -2.00752	 0.0252343	 1.59077	 0.978686	 1.49543	 0.150952
193.02	 -2.0456	 0.0161101	 1.58375	 0.989206	 1.4619	 0.173836
193.04	 -2.08192	 0.00699702	 1.57463	 0.99735	 1.42553	 0.195979
193.06	 -2.11646	 -0.00209789	 1.56342	 1.00308	 1.3864	 0.217356
193.08	 -2.14921	 -0.0111673	 1.55014	 1.00638	 1.34459	 0.237945
193.1	 -2.18014	 -0.0202035	 1.53482	 1.00722	 1.30017	 0.257725
193.12	 -2.20923	 -0.0291988	 1.51748	 1.0056	 1.25324	 0.276681
193.14	 -2.23646	 -0.0381455	 1.49816	 1.00152	 1.20389	 0.294796
193.16	 -2.26183	 -0.0470361	 1.47688	 0.994989	 1.15222	 0.312058
193.18	 -2.28531	 -0.0558634	 1.4537	 0.98601	 1.09832	 0.328457
193.2	 -2.30689	 -0.0646204	 1.42864	 0.9746	 1.04231	 0.343985
193.22	 -2.32656	 -0.0733005	 1.40177	 0.960779	 0.984292	 0.358637
193.24	 -2.34431	 -0.0818964	 1.37312	 0.944576	 0.924382	 0.37241
193.26	 -2.36015	 -0.0904017	 1.34273	 0.926028	 0.862648	 0.385304
193.28	 -2.37408	 -0.0988102	 1.31063	 0.905181	 0.799151	 0.397323
193.3	 -2.38611	 -0.107116	 1.27684	 0.88209	 0.733944	 0.408473
193.32	 -2.39625	 -0.115313	 1.2414	 0.856813	 0.667081	 0.418762
193.34	 -2.40451	 -0.123396	 1.20433	 0.829413	 0.598625	 0.428198
193.36	 -2.4109	 -0.131359	 1.16569	 0.799962	 0.52865	 0.436794
193.38	 -2.41543	 -0.139196	 1.12551	 0.768531	 0.45724	 0.444564
193.4	 -2.41812	 -0.146904	 1.08386	 0.735201	 0.384486	 0.451521
193.42	 -2.41898	 -0.154475	 1.04078	 0.700057	 0.310482	 0.457686
193.44	 -2.41803	 -0.161906	 0.996343	 0.663193	 0.235322	 0.463076
193.46	 -2.41528	 -0.16919	 0.950597	 0.624705	 0.159095	 0.467713
193.48	 -2.41076	 -0.176323	 0.903606	 0.584696	 0.0818899	 0.471621
193.5	 -2.40448	 -0.183301	 0.85543	 0.543272	 0.00379375	 0.474822
193.52	 -2.39647	 -0.190119	 0.806131	 0.500538	 -0.0751055	 0.477344
193.54	 -2.38675	 -0.196774	 0.755773	 0.456605	 -0.154718	 0.479213
193.56	 -2.37535	 -0.203261	 0.704422	 0.411584	 -0.234953	 0.480457
193.58	 -2.3623	 -0.209578	 0.652144	 0.365589	 -0.315718	 0.481107
193.6	 -2.34761	 -0.215721	 0.599009	 0.318737	 -0.396919	 0.481191
193.62	 -2.33133	 -0.221687	 0.545087	 0.271148	 -0.478466	 0.480742
193.64	 -2.31349	 -0.227474	 0.490451	 0.222942	 -0.560266	 0.479791
193.66	 -2.2941	 -0.233078	 0.435171	 0.17424	 -0.64223	 0.47837
193.68	 -2.27321	 -0.238498	 0.379322	 0.125161	 -0.724268	 0.476513
193.7	 -2.25085	 -0.243731	 0.322976	 0.0758243	 -0.806293	 0.474251
193.72	 -2.22704	 -0.248777	 0.266207	 0.026348	 -0.888215	 0.471619
193.74	 -2.20184	 -0.253633	 0.209089	 -0.0231503	 -0.969949	 0.46865
193.76	 -2.17526	 -0.258299	 0.151696	 -0.0725537	 -1.05141	 0.465378
193.78	 -2.14735	 -0.262774	 0.0941024	 -0.121746	 -1.13251	 0.461835
193.8	 -2.11815	 -0.267057	 0.036381	 -0.170614	 -1.21318	 0.458056
193.82	 -2.08769	 -0.271147	 -0.0213942	 -0.219043	 -1.29333	 0.454072
193.84	 -2.05601	 -0.275045	 -0.0791499	 -0.266926	 -1.37288	 0.449917
193.86	 -2.02315	 -0.27875	 -0.136813	 -0.314155	 -1.45177	 0.445622
193.88	 -1.98914	 -0.282262	 -0.194312	 -0.360627	 -1.52991	 0.441217
193.9	 -1.95403	 -0.285583	 -0.251574	 -0.406242	 -1.60724	 0.436734
193.92	 -1.91786	 -0.288713	 -0.30853	 -0.450906	 -1.68369	 0.432202
193.94	 -1.88066	 -0.291653	 -0.365108	 -0.494524	 -1.75919	 0.42765
193.96	 -1.84248	 -0.294404	 -0.421242	 -0.537009	 -1.83367	 0.423106
193.98	 -1.80335	 -0.296967	 -0.476863	 -0.578274	 -1.90708	 0.418596
194	 -1.76332	 -0.299344	 -0.531905	 -0.618238	 -1.97936	 0.414147
194.02	 -1.72243	 -0.301536	 -0.586303	 -0.656823	 -2.05045	 0.409784
194.04	 -1.68071	 -0.303545	 -0.639995	 -0.693957	 -2.1203	 0.405529
194.06	 -1.63821	 -0.305372	 -0.692917	 -0.729572	 -2.18886	 0.401405
194.08	 -1.59497	 -0.30702	 -0.74501	 -0.763605	 -2.25608	 0.397432
194.1	 -1.55103	 -0.30849	 -0.796216	 -0.795997	 -2.32192	 0.39363
194.12	 -1.50643	 -0.309784	 -0.846477	 -0.826696	 -2.38633	 0.390016
194.14	 -1.46121	 -0.310904	 -0.895739	 -0.85565	 -2.44928	 0.386606
194.16	 -1.4154	 -0.311852	 -0.943948	 -0.882814	 -2.51074	 0.383416
194.18	 -1.36905	 -0.312629	 -0.991055	 -0.908147	 -2.57066	 0.380458
194.2	 -1.3222	 -0.313231	 -1.03702	 -0.931615	 -2.62903	 0.377729
194.22	 -1.27488	 -0.313645	 -1.08179	 -0.953191	 -2.68585	 0.375214
194.24	 -1.22712	 -0.313858	 -1.12535	 -0.972854	 -2.7411	 0.372892
194.26	 -1.17897	 -0.313857	 -1.16766	 -0.990591	 -2.7948	 0.370743
194.28	 -1.13044	 -0.313632	 -1.20869	 -1.00639	 -2.84692	 0.368752
194.3	 -1.08159	 -0.313174	 -1.24841	 -1.02025	 -2.89749	 0.366905
194.32	 -1.03245	 -0.312475	 -1.28679	 -1.03216	 -2.94649	 0.365189
194.34	 -0.983047	 -0.31153	 -1.32381	 -1.04213	 -2.99391	 0.363593
194.36	 -0.933419	 -0.310335	 -1.35942	 -1.05015	 -3.03977	 0.362101
194.38	 -0.883599	 -0.308883	 -1.39362	 -1.05623	 -3.08405	 0.360699
194.4	 -0.833622	 -0.307171	 -1.42638	 -1.06038	 -3.12677	 0.35937
194.42	 -0.78352	 -0.305193	 -1.45767	 -1.06261	 -3.16794	 0.358098
194.44	 -0.733326	 -0.302945	 -1.48748	 -1.06294	 -3.20755	 0.356868
194.46	 -0.683071	 -0.300425	 -1.5158	 -1.06139	 -3.24562	 0.355664
194.48	 -0.632786	 -0.297635	 -1.54261	 -1.05799	 -3.28216	 0.354481
194.5	 -0.582501	 -0.294578	 -1.5679	 -1.05277	 -3.3172	 0.353312
194.52	 -0.532246	 -0.291257	 -1.59167	 -1.04575	 -3.35076	 0.352152
194.54	 -0.482051	 -0.287676	 -1.61392	 -1.03696	 -3.38284	 0.350992
194.56	 -0.431944	 -0.283839	 -1.63463	 -1.02645	 -3.41348	 0.349822
194.58	 -0.381954	 -0.279748	 -1.65381	 -1.01424	 -3.44268	 0.348631
194.6	 -0.332109	 -0.275407	 -1.67146	 -1.00038	 -3.47047	 0.347409
194.62	 -0.282438	 -0.270819	 -1.68758	 -0.984915	 -3.49687	 0.346142
194.64	 -0.232967	 -0.265987	 -1.70216	 -0.967889	 -3.52189	 0.344819
194.66	 -0.183724	 -0.260916	 -1.71523	 -0.949354	 -3.54555	 0.34343
194.68	 -0.134735	 -0.25561	 -1.72677	 -0.929359	 -3.56787	 0.341963
194.7	 -0.0860246	 -0.250075	 -1.7368	 -0.907959	 -3.58888	 0.340406
194.72	 -0.0376188	 -0.244315	 -1.74533	 -0.885208	 -3.60859	 0.338748
194.74	 0.0104578	 -0.238335	 -1.75237	 -0.861162	 -3.62703	 0.336978
194.76	 0.0581811	 -0.232143	 -1.75794	 -0.835879	 -3.64421	 0.335083
194.78	 0.105528	 -0.225743	 -1.76204	 -0.809419	 -3.66015	 0.333051
194.8	 0.152474	 -0.219141	 -1.76471	 -0.781843	 -3.67488	 0.330872
194.82	 0.198999	 -0.212345	 -1.76595	 -0.753214	 -3.6884	 0.328532
194.84	 0.245079	 -0.20536	 -1.76578	 -0.723595	 -3.70075	 0.326021
194.86	 0.290694	 -0.198193	 -1.76424	 -0.693051	 -3.71194	 0.323327
194.88	 0.335823	 -0.190851	 -1.76133	 -0.661648	 -3.72199	 0.320439
194.9	 0.380446	 -0.183341	 -1.75709	 -0.629452	 -3.73092	 0.317346
194.92	 0.424544	 -0.175671	 -1.75154	 -0.59653	 -3.73875	 0.314037
194.94	 0.468097	 -0.167847	 -1.7447	 -0.562949	 -3.74549	 0.310502
194.96	 0.511088	 -0.159879	 -1.73662	 -0.528778	 -3.75116	 0.306731
194.98	 0.553499	 -0.151772	 -1.72732	 -0.494085	 -3.75578	 0.302714
195	 0.595313	 -0.143536	 -1.71682	 -0.458938	 -3.75937	 0.298442
195.02	 0.636514	 -0.135179	 -1.70517	 -0.423405	 -3.76194	 0.293904
195.04	 0.677086	 -0.126707	 -1.6924	 -0.387556	 -3.76352	 0.289094
195.06	 0.717018	 -0.118129	 -1.67855	 -0.35143	 -3.76411	 0.284008
195.08	 0.756306	 -0.109453	 -1.66365	 -0.315084	 -3.76372	 0.278642
195.1	 0.794952	 -0.100689	 -1.64775	 -0.278586	 -3.76234	 0.27299
195.12	 0.832959	 -0.0918444	 -1.6309	 -0.242002	 -3.75997	 0.267045
195.14	 0.870331	 -0.0829287	 -1.61314	 -0.205396	 -3.7566	 0.2608
195.16	 0.907069	 -0.0739499	 -1.59452	 -0.168831	 -3.75221	 0.254249
195.18	 0.943173	 -0.0649173	 -1.57509	 -0.132372	 -3.7468	 0.247389
195.2	 0.978641	 -0.0558418	 -1.55489	 -0.0960817	 -3.74037	 0.240219
195.22	 1.01347	 -0.0467317	 -1.53398	 -0.0600228	 -3.73292	 0.232735
195.24	 1.04765	 -0.0375985	 -1.51241	 -0.0242575	 -3.72447	 0.224938
195.26	 1.08117	 -0.0284524	 -1.49023	 0.0111534	 -3.71504	 0.216827
195.28	 1.11402	 -0.0193033	 -1.46752	 0.0461495	 -3.70466	 0.208403
195.3	 1.14618	 -0.0101615	 -1.44433	 0.0806717	 -3.69339	 0.199666
195.32	 1.17764	 -0.00103712	 -1.42074	 0.114662	 -3.68128	 0.190617
195.34	 1.20839	 0.00806024	 -1.39684	 0.148062	 -3.66836	 0.181258
195.36	 1.23842	 0.0171211	 -1.37268	 0.180817	 -3.6547	 0.171589
195.38	 1.26771	 0.0261358	 -1.34836	 0.212871	 -3.64035	 0.161613
195.4	 1.29626	 0.0350945	 -1.32393	 0.244171	 -3.62535	 0.151335
195.42	 1.32405	 0.0439876	 -1.29949	 0.274666	 -3.60976	 0.140757
195.44	 1.35108	 0.0528053	 -1.27511	 0.304305	 -3.59365	 0.129885
195.46	 1.37734	 0.0615382	 -1.25085	 0.333041	 -3.57705	 0.118725
195.48	 1.4028	 0.0701769	 -1.2268	 0.360828	 -3.56004	 0.107281
195.5	 1.42747	 0.0787122	 -1.20304	 0.387621	 -3.54268	 0.0955608
195.52	 1.45134	 0.0871352	 -1.17963	 0.413378	 -3.52503	 0.0835705
195.54	 1.47438	 0.0954373	 -1.15667	 0.438059	 -3.50714	 0.0713174
195.56	 1.4966	 0.10361	 -1.13422	 0.461627	 -3.4891	 0.058809
195.58	 1.51799	 0.111646	 -1.11235	 0.484045	 -3.47095	 0.0460532
195.6	 1.53853	 0.119537	 -1.09116	 0.505282	 -3.45278	 0.0330583
195.62	 1.55822	 0.127276	 -1.0707	 0.525305	 -3.43463	 0.0198328
195.64	 1.57705	 0.134856	 -1.05106	 0.544087	 -3.41658	 0.00638579
195.66	 1.59502	 0.14227	 -1.0323	 0.561602	 -3.3987	 -0.00727335
195.68	 1.61212	 0.149511	 -1.0145	 0.577828	 -3.38104	 -0.0211349
195.7	 1.62834	 0.156575	 -0.997723	 0.592742	 -3.36367	 -0.0351887
195.72	 1.64367	 0.163455	 -0.982038	 0.606328	 -3.34665	 -0.0494244
195.74	 1.65811	 0.170147	 -0.967509	 0.618571	 -3.33005	 -0.0638312
195.76	 1.67166	 0.176644	 -0.954199	 0.629457	 -3.31392	 -0.0783983
195.78	 1.68431	 0.182944	 -0.942169	 0.638978	 -3.29832	 -0.0931143
195.8	 1.69606	 0.189041	 -0.931475	 0.647125	 -3.2833	 -0.107968
195.82	 1.7069	 0.194933	 -0.922173	 0.653894	 -3.26892	 -0.122947
195.84	 1.71683	 0.200616	 -0.914314	 0.659284	 -3.25523	 -0.138039
195.86	 1.72585	 0.206087	 -0.907946	 0.663294	 -3.24226	 -0.153233
195.88	 1.73395	 0.211344	 -0.903116	 0.665929	 -3.23007	 -0.168515
195.9	 1.74114	 0.216385	 -0.899864	 0.667193	 -3.21869	 -0.183874
195.92	 1.74742	 0.221208	 -0.898229	 0.667097	 -3.20816	 -0.199294
195.94	 1.75278	 0.225812	 -0.898247	 0.665651	 -3.19851	 -0.214764
195.96	 1.75722	 0.230196	 -0.899949	 0.662868	 -3.18977	 -0.230268
195.98	 1.76074	 0.234359	 -0.903363	 0.658767	 -3.18197	 -0.245794
196	 1.76336	 0.238301	 -0.908514	 0.653365	 -3.17513	 -0.261326
196.02	 1.76505	 0.242021	 -0.915423	 0.646686	 -3.16927	 -0.27685
196.04	 1.76584	 0.24552	 -0.924107	 0.638752	 -3.16441	 -0.29235
196.06	 1.76571	 0.248798	 -0.93458	 0.62959	 -3.16055	 -0.307812
196.08	 1.76468	 0.251856	 -0.946852	 0.619231	 -3.15772	 -0.323218
196.1	 1.76275	 0.254695	 -0.960929	 0.607706	 -3.1559	 -0.338554
196.12	 1.75992	 0.257317	 -0.976815	 0.595049	 -3.15512	 -0.353803
196.14	 1.75619	 0.259722	 -0.994506	 0.581295	 -3.15536	 -0.36895
196.16	 1.75157	 0.261914	 -1.014	 0.566484	 -3.15662	 -0.383976
196.18	 1.74607	 0.263893	 -1.03529	 0.550656	 -3.15889	 -0.398867
196.2	 1.73969	 0.265663	 -1.05836	 0.533852	 -3.16216	 -0.413605
196.22	 1.73244	 0.267226	 -1.08319	 0.516118	 -3.16642	 -0.428174
196.24	 1.72432	 0.268584	 -1.10977	 0.497498	 -3.17164	 -0.442557
196.26	 1.71535	 0.269742	 -1.13807	 0.478039	 -3.17781	 -0.456737
196.28	 1.70552	 0.270702	 -1.16808	 0.457791	 -3.18491	 -0.470697
196.3	 1.69485	 0.271467	 -1.19974	 0.436802	 -3.19289	 -0.48442
196.32	 1.68334	 0.272042	 -1.23305	 0.415125	 -3.20174	 -0.49789
196.34	 1.67101	 0.272427	 -1.26795	 0.39281	 -3.21142	 -0.511085
196.36	 1.65786	 0.272623	 -1.30442	 0.369912	 -3.2219	 -0.52398
196.38	 1.6439	 0.272627	 -1.34241	 0.346486	 -3.23315	 -0.536547
196.4	 1.62915	 0.272445	 -1.3819	 0.322587	 -3.24515	 -0.548775
196.42	 1.6136	 0.272086	 -1.42283	 0.29827	 -3.25786	 -0.560657
196.44	 1.59728	 0.271559	 -1.46518	 0.273588	 -3.27128	 -0.572186
196.46	 1.58019	 0.270874	 -1.50889	 0.248592	 -3.28536	 -0.583358
196.48	 1.56234	 0.270043	 -1.55393	 0.223334	 -3.30008	 -0.594167
196.5	 1.54374	 0.269072	 -1.60024	 0.197865	 -3.3154	 -0.604605
196.52	 1.52441	 0.267973	 -1.64777	 0.172236	 -3.33127	 -0.614663
196.54	 1.50436	 0.266751	 -1.69647	 0.146499	 -3.34765	 -0.624333
196.56	 1.4836	 0.265417	 -1.74626	 0.120708	 -3.3645	 -0.633609
196.58	 1.46214	 0.263977	 -1.7971	 0.0949144	 -3.38176	 -0.642484
196.6	 1.44	 0.262442	 -1.84893	 0.0691693	 -3.39939	 -0.650954
196.62	 1.41718	 0.26082	 -1.90166	 0.0435227	 -3.41733	 -0.659014
196.64	 1.39371	 0.259118	 -1.95526	 0.0180237	 -3.43555	 -0.666653
196.66	 1.3696	 0.257339	 -2.00965	 -0.00727973	 -3.454	 -0.67386
196.68	 1.34487	 0.255489	 -2.06479	 -0.0323401	 -3.47266	 -0.680625
196.7	 1.31953	 0.253576	 -2.12061	 -0.0571109	 -3.4915	 -0.68694
196.72	 1.29361	 0.251604	 -2.17706	 -0.0815469	 -3.51049	 -0.692799
196.74	 1.26712	 0.249582	 -2.23409	 -0.105605	 -3.52958	 -0.698199
196.76	 1.24009	 0.247515	 -2.29162	 -0.129242	 -3.54875	 -0.703134
196.78	 1.21252	 0.245411	 -2.3496	 -0.152421	 -3.56795	 -0.707602
196.8	 1.18445	 0.243277	 -2.40795	 -0.175101	 -3.58714	 -0.711597
196.82	 1.15588	 0.241117	 -2.46662	 -0.197246	 -3.60627	 -0.715116
196.84	 1.12684	 0.238938	 -2.52554	 -0.218822	 -3.62529	 -0.718154
196.86	 1.09734	 0.236746	 -2.58463	 -0.239793	 -3.64415	 -0.720711
196.88	 1.06741	 0.234548	 -2.64383	 -0.260127	 -3.66282	 -0.722787
196.9	 1.03706	 0.232348	 -2.70307	 -0.279793	 -3.68123	 -0.72438
196.92	 1.00631	 0.230148	 -2.76229	 -0.298808	 -3.69935	 -0.725495
196.94	 0.975189	 0.22795	 -2.82143	 -0.317143	 -3.7171	 -0.726132
196.96	 0.943704	 0.225759	 -2.88041	 -0.33478	 -3.73443	 -0.726292
196.98	 0.911876	 0.223577	 -2.93918	 -0.351702	 -3.75128	 -0.725979
197	 0.879725	 0.221408	 -2.99767	 -0.367894	 -3.76758	 -0.725195
197.02	 0.84727	 0.219255	 -3.05583	 -0.383346	 -3.78328	 -0.723944
197.04	 0.814521	 0.217118	 -3.11359	 -0.398044	 -3.79834	 -0.722224
197.06	 0.781486	 0.214996	 -3.17092	 -0.411978	 -3.81274	 -0.720029
197.08	 0.748173	 0.212887	 -3.22776	 -0.425137	 -3.82648	 -0.717356
197.1	 0.714583	 0.210791	 -3.28409	 -0.437511	 -3.83955	 -0.714203
197.12	 0.680714	 0.208708	 -3.33987	 -0.44909	 -3.85197	 -0.710578
197.14	 0.646565	 0.206641	 -3.39508	 -0.459888	 -3.86374	 -0.7065
197.16	 0.612135	 0.204591	 -3.44969	 -0.469937	 -3.87485	 -0.702003
197.18	 0.577423	 0.202559	 -3.50366	 -0.479255	 -3.88531	 -0.697123
197.2	 0.542431	 0.200548	 -3.55696	 -0.487858	 -3.89507	 -0.691896
197.22	 0.507161	 0.198556	 -3.60956	 -0.495766	 -3.90413	 -0.68635
197.24	 0.471616	 0.196583	 -3.66141	 -0.503001	 -3.91245	 -0.680513
197.26	 0.435796	 0.194629	 -3.71249	 -0.509589	 -3.92001	 -0.674412
197.28	 0.399706	 0.192692	 -3.76275	 -0.515559	 -3.92681	 -0.66807
197.3	 0.36335	 0.190771	 -3.81217	 -0.52094	 -3.93283	 -0.661506
197.32	 0.326733	 0.188864	 -3.86072	 -0.525763	 -3.93808	 -0.65474
197.34	 0.289857	 0.186971	 -3.90837	 -0.530056	 -3.94255	 -0.647799
197.36	 0.252723	 0.185093	 -3.95508	 -0.533846	 -3.94621	 -0.640709
197.38	 0.215332	 0.183229	 -4.00082	 -0.537158	 -3.94907	 -0.633497
197.4	 0.177685	 0.181379	 -4.04557	 -0.540017	 -3.9511	 -0.62619
197.42	 0.139787	 0.179544	 -4.0893	 -0.542445	 -3.95229	 -0.618814
197.44	 0.101643	 0.177724	 -4.13198	 -0.544464	 -3.95264	 -0.611394
197.46	 0.0632598	 0.17592	 -4.17358	 -0.546096	 -3.95215	 -0.603958
197.48	 0.0246411	 0.174131	 -4.21408	 -0.547369	 -3.95079	 -0.596526
197.5	 -0.0142103	 0.172356	 -4.25345	 -0.54829	 -3.94856	 -0.589111
197.52	 -0.0532917	 0.170599	 -4.29167	 -0.548843	 -3.94543	 -0.581709
197.54	 -0.0926008	 0.168858	 -4.32871	 -0.549035	 -3.94137	 -0.574316
197.56	 -0.132135	 0.167133	 -4.36454	 -0.548871	 -3.93634	 -0.566924
197.58	 -0.17189	 0.165427	 -4.39914	 -0.548343	 -3.93033	 -0.559532
197.6	 -0.211861	 0.16374	 -4.4325	 -0.547455	 -3.92331	 -0.55214
197.62	 -0.252042	 0.162074	 -4.46458	 -0.546207	 -3.91526	 -0.54475
197.64	 -0.292429	 0.160431	 -4.49538	 -0.54459	 -3.90615	 -0.537365
197.66	 -0.333015	 0.158812	 -4.52486	 -0.542598	 -3.89598	 -0.529987
197.68	 -0.373794	 0.157216	 -4.55302	 -0.540233	 -3.88471	 -0.522618
197.7	 -0.414759	 0.155644	 -4.57984	 -0.5375	 -3.87234	 -0.51526
197.72	 -0.455903	 0.154098	 -4.6053	 -0.534382	 -3.85885	 -0.50791
197.74	 -0.497219	 0.152578	 -4.62938	 -0.53088	 -3.84422	 -0.500571
197.76	 -0.538701	 0.151085	 -4.65207	 -0.527006	 -3.82842	 -0.493246
197.78	 -0.580338	 0.149619	 -4.67337	 -0.522765	 -3.81145	 -0.485936
197.8	 -0.622122	 0.148181	 -4.69325	 -0.518136	 -3.79328	 -0.478639
197.82	 -0.664046	 0.146774	 -4.7117	 -0.51312	 -3.77391	 -0.471357
197.84	 -0.706099	 0.145397	 -4.72873	 -0.507728	 -3.7533	 -0.464092
197.86	 -0.748271	 0.14405	 -4.74431	 -0.501957	 -3.73146	 -0.456844
197.88	 -0.790551	 0.142735	 -4.75845	 -0.495801	 -3.70836	 -0.449614
197.9	 -0.832931	 0.141453	 -4.77113	 -0.48926	 -3.68399	 -0.442402
197.92	 -0.875397	 0.140203	 -4.78235	 -0.482341	 -3.65833	 -0.435209
197.94	 -0.917939	 0.138987	 -4.79211	 -0.475042	 -3.63138	 -0.428037
197.96	 -0.960544	 0.137804	 -4.8004	 -0.467364	 -3.60312	 -0.420885
197.98	 -1.0032	 0.136655	 -4.80723	 -0.459307	 -3.57354	 -0.413754
198	 -1.04589	 0.13554	 -4.81259	 -0.450875	 -3.54263	 -0.406644
198.02	 -1.08861	 0.13446	 -4.81648	 -0.442071	 -3.51038	 -0.399555
198.04	 -1.13134	 0.133415	 -4.81891	 -0.432896	 -3.47677	 -0.392488
198.06	 -1.17407	 0.132404	 -4.81989	 -0.423353	 -3.44179	 -0.385443
198.08	 -1.21677	 0.131429	 -4.8194	 -0.413445	 -3.40544	 -0.37842
198.1	 -1.25944	 0.130489	 -4.81747	 -0.403159	 -3.36772	 -0.371415
198.12	 -1.30206	 0.129585	 -4.81409	 -0.392506	 -3.3286	 -0.364428
198.14	 -1.34461	 0.128716	 -4.80927	 -0.381507	 -3.28809	 -0.357462
198.16	 -1.38708	 0.12788	 -4.80304	 -0.370158	 -3.24617	 -0.350516
198.18	 -1.42945	 0.127079	 -4.79538	 -0.358462	 -3.20284	 -0.343589
198.2	 -1.4717	 0.126312	 -4.78632	 -0.346422	 -3.15809	 -0.336682
198.22	 -1.51381	 0.125577	 -4.77588	 -0.33405	 -3.11193	 -0.329793
198.24	 -1.55576	 0.124875	 -4.76405	 -0.321351	 -3.06434	 -0.322921
198.26	 -1.59754	 0.124204	 -4.75086	 -0.308331	 -3.01532	 -0.316065
198.28	 -1.63912	 0.123563	 -4.73633	 -0.294999	 -2.96488	 -0.309223
198.3	 -1.68049	 0.122952	 -4.72047	 -0.281364	 -2.913	 -0.302395
198.32	 -1.72163	 0.122369	 -4.70329	 -0.267435	 -2.85969	 -0.29558
198.34	 -1.7625	 0.121812	 -4.68483	 -0.253221	 -2.80496	 -0.288776
198.36	 -1.8031	 0.121281	 -4.6651	 -0.238734	 -2.74879	 -0.28198
198.38	 -1.8434	 0.120774	 -4.64412	 -0.223983	 -2.69121	 -0.275193
198.4	 -1.88338	 0.120289	 -4.62192	 -0.208981	 -2.6322	 -0.26841
198.42	 -1.92302	 0.119824	 -4.59851	 -0.19374	 -2.57179	 -0.261631
198.44	 -1.96228	 0.119378	 -4.57393	 -0.178273	 -2.50997	 -0.254854
198.46	 -2.00116	 0.118947	 -4.54819	 -0.162595	 -2.44675	 -0.248074
198.48	 -2.03963	 0.118529	 -4.52133	 -0.14672	 -2.38216	 -0.24129
198.5	 -2.07766	 0.118123	 -4.49338	 -0.130663	 -2.3162	 -0.2345
198.52	 -2.11523	 0.117725	 -4.46436	 -0.114439	 -2.24889	 -0.227698
198.54	 -2.15232	 0.117332	 -4.4343	 -0.0980656	 -2.18024	 -0.220884
198.56	 -2.18891	 0.116942	 -4.40323	 -0.0815584	 -2.11028	 -0.214052
198.58	 -2.22496	 0.116551	 -4.37118	 -0.0649348	 -2.03903	 -0.207199
198.6	 -2.26046	 0.116156	 -4.33819	 -0.0482121	 -1.96653	 -0.200321
198.62	 -2.29538	 0.115754	 -4.30429	 -0.0314079	 -1.89278	 -0.193414
198.64	 -2.3297	 0.11534	 -4.2695	 -0.0145398	 -1.81784	 -0.186472
198.66	 -2.36339	 0.114911	 -4.23388	 0.00237456	 -1.74173	 -0.179492
198.68	 -2.39643	 0.114463	 -4.19744	 0.0193178	 -1.66448	 -0.172469
198.7	 -2.4288	 0.113993	 -4.16023	 0.0362729	 -1.58615	 -0.165396
198.72	 -2.46047	 0.113495	 -4.12229	 0.0532231	 -1.50677	 -0.15827
198.74	 -2.49142	 0.112965	 -4.08364	 0.0701522	 -1.42639	 -0.151086
198.76	 -2.52163	 0.1124	 -4.04433	 0.0870444	 -1.34505	 -0.143836
198.78	 -2.55106	 0.111795	 -4.0044	 0.103885	 -1.2628	 -0.136518
198.8	 -2.57971	 0.111145	 -3.96387	 0.120658	 -1.1797	 -0.129124
198.82	 -2.60754	 0.110446	 -3.9228	 0.137349	 -1.09579	 -0.121649
198.84	 -2.63454	 0.109693	 -3.88122	 0.153943	 -1.01113	 -0.114088
198.86	 -2.66067	 0.10888	 -3.83917	 0.170426	 -0.925765	 -0.106435
198.88	 -2.68593	 0.108003	 -3.79668	 0.186781	 -0.83976	 -0.0986833
198.9	 -2.71029	 0.107056	 -3.7538	 0.202994	 -0.753167	 -0.0908265
198.92	 -2.73373	 0.106035	 -3.71057	 0.219049	 -0.666041	 -0.082858
198.94	 -2.75622	 0.104934	 -3.66703	 0.234931	 -0.57844	 -0.0747709
198.96	 -2.77776	 0.103746	 -3.62321	 0.250626	 -0.490423	 -0.0665581
198.98	 -2.79832	 0.102468	 -3.57915	 0.26612	 -0.402049	 -0.0582126
199	 -2.81788	 0.101093	 -3.5349	 0.281397	 -0.313381	 -0.0497273
199.02	 -2.83642	 0.0996156	 -3.4905	 0.296444	 -0.224478	 -0.0410951
199.04	 -2.85393	 0.0980306	 -3.44597	 0.311249	 -0.135404	 -0.0323091
199.06	 -2.87039	 0.0963322	 -3.40137	 0.325797	 -0.0462219	 -0.0233622
199.08	 -2.88578	 0.0945151	 -3.35673	 0.340076	 0.0430059	 -0.0142476
199.1	 -2.90009	 0.0925737	 -3.31209	 0.354072	 0.132216	 -0.00495846
199.12	 -2.91329	 0.0905027	 -3.26748	 0.367773	 0.221345	 0.00451182
199.14	 -2.92539	 0.0882967	 -3.22295	 0.381166	 0.31033	 0.0141698
199.16	 -2.93636	 0.0859504	 -3.17853	 0.394238	 0.399107	 0.024022
199.18	 -2.94619	 0.0834589	 -3.13425	 0.406978	 0.487615	 0.0340744
199.2	 -2.95487	 0.0808173	 -3.09016	 0.419374	 0.575789	 0.0443332
199.22	 -2.96238	 0.0780207	 -3.04628	 0.431415	 0.663568	 0.0548038
199.24	 -2.96871	 0.0750646	 -3.00265	 0.443088	 0.750889	 0.0654915
199.26	 -2.97386	 0.0719448	 -2.95931	 0.454383	 0.837692	 0.0764011
199.28	 -2.97782	 0.068657	 -2.91628	 0.465291	 0.923915	 0.0875373
199.3	 -2.98057	 0.0651975	 -2.8736	 0.4758	 1.0095	 0.0989039
199.32	 -2.9821	 0.0615626	 -2.8313	 0.4859	 1.09439	 0.110505
199.34	 -2.98241	 0.0577492	 -2.7894	 0.495581	 1.17852	 0.122343
199.36	 -2.98149	 0.0537541	 -2.74794	 0.504834	 1.26183	 0.13442
199.38	 -2.97934	 0.0495746	 -2.70694	 0.513649	 1.34428	 0.14674
199.4	 -2.97595	 0.0452083	 -2.66644	 0.522016	 1.42581	 0.159303
199.42	 -2.97131	 0.0406531	 -2.62644	 0.529926	 1.50636	 0.17211
199.44	 -2.96542	 0.0359073	 -2.58699	 0.53737	 1.58589	 0.185163
199.46	 -2.95828	 0.0309693	 -2.5481	 0.54434	 1.66433	 0.19846
199.48	 -2.94988	 0.0258381	 -2.50979	 0.550826	 1.74165	 0.212
199.5	 -2.94023	 0.020513	 -2.47209	 0.556821	 1.8178	 0.225784
199.52	 -2.92932	 0.0149936	 -2.43501	 0.562316	 1.89273	 0.239807
199.54	 -2.91714	 0.00927935	 -2.39857	 0.567298	 1.9664	 0.254069
199.56	 -2.90371	 0.00337024	 -2.3628	 0.571759	 2.03876	 0.268566
199.58	 -2.88902	 -0.0027334	 -2.32769	 0.575689	 2.10978	 0.283293
199.6	 -2.87308	 -0.00903084	 -2.29328	 0.579077	 2.17941	 0.298247
199.62	 -2.85588	 -0.0155207	 -2.25956	 0.581917	 2.24762	 0.313421
199.64	 -2.83743	 -0.0222013	 -2.22656	 0.5842	 2.31438	 0.328811
199.66	 -2.81773	 -0.0290704	 -2.19429	 0.585918	 2.37964	 0.34441
199.68	 -2.79679	 -0.0361253	 -2.16275	 0.587061	 2.44339	 0.360209
199.7	 -2.77462	 -0.0433628	 -2.13195	 0.587623	 2.50558	 0.376202
199.72	 -2.75122	 -0.0507793	 -2.1019	 0.587597	 2.5662	 0.392377
199.74	 -2.7266	 -0.0583706	 -2.0726	 0.586974	 2.62521	 0.408727
199.76	 -2.70076	 -0.0661319	 -2.04406	 0.585749	 2.6826	 0.425239
199.78	 -2.67372	 -0.0740582	 -2.01629	 0.583915	 2.73833	 0.441903
199.8	 -2.64548	 -0.0821435	 -1.98927	 0.581466	 2.7924	 0.458705
199.82	 -2.61606	 -0.0903817	 -1.96302	 0.578396	 2.84478	 0.475632
199.84	 -2.58546	 -0.0987657	 -1.93752	 0.574699	 2.89546	 0.49267
199.86	 -2.55369	 -0.107288	 -1.91279	 0.570372	 2.94443	 0.509804
199.88	 -2.52078	 -0.115941	 -1.88881	 0.565408	 2.99167	 0.527019
199.9	 -2.48673	 -0.124716	 -1.86558	 0.559805	 3.03717	 0.544296
199.92	 -2.45155	 -0.133605	 -1.8431	 0.553557	 3.08093	 0.561619
199.94	 -2.41527	 -0.142596	 -1.82135	 0.546661	 3.12293	 0.57897
199.96	 -2.37789	 -0.151682	 -1.80033	 0.539114	 3.16319	 0.596329
199.98	 -2.33943	 -0.160851	 -1.78003	 0.530913	 3.20168	 0.613677
200	 -2.29991	 -0.170092	 -1.76044	 0.522055	 3.23842	 0.630993
