0	 0	 0	 0	 -0	 0	 -0
0.02	 -1.2312e-08	 -7.87161e-08	 0.00385474	 1.34966e-06	 -7.13442e-07	 1.44696e-07
0.04	 -7.79477e-05	 2.00569e-05	 0.01137	 -0.0003255	 -0.000286412	 0.000335825
0.06	 -0.000255514	 6.21959e-05	 0.0237922	 -0.00088868	 -0.000872887	 0.000894455
0.08	 -0.000549004	 0.000129154	 0.0418413	 -0.00169611	 -0.00179875	 0.00167354
0.1	 -0.000958846	 0.000220778	 0.0657139	 -0.00274547	 -0.00306502	 0.00267178
0.12	 -0.00147421	 0.000334935	 0.0951609	 -0.00403137	 -0.00464676	 0.00388628
0.14	 -0.00207995	 0.000468785	 0.129662	 -0.00554675	 -0.0065092	 0.00531441
0.16	 -0.00276249	 0.000619831	 0.168628	 -0.00728508	 -0.00862078	 0.00695246
0.18	 -0.00351325	 0.000786523	 0.211561	 -0.00924167	 -0.0109615	 0.00879663
0.2	 -0.00432929	 0.000968292	 0.258141	 -0.0114135	 -0.0135241	 0.0108424
0.22	 -0.00521177	 0.00116525	 0.308238	 -0.0137986	 -0.0163104	 0.0130849
0.24	 -0.00616352	 0.0013777	 0.361856	 -0.016395	 -0.0193261	 0.0155187
0.26	 -0.00718687	 0.00160579	 0.419061	 -0.0191998	 -0.0225753	 0.0181382
0.28	 -0.00828218	 0.00184921	 0.479906	 -0.0222089	 -0.0260574	 0.020937
0.3	 -0.00944752	 0.00210723	 0.544375	 -0.0254168	 -0.0297663	 0.0239084
0.32	 -0.0106792	 0.00237874	 0.612367	 -0.0288168	 -0.0336914	 0.0270455
0.34	 -0.0119724	 0.00266251	 0.6837	 -0.0324017	 -0.0378194	 0.0303406
0.36	 -0.0133225	 0.00295725	 0.758139	 -0.0361638	 -0.0421366	 0.0337859
0.38	 -0.0147249	 0.00326177	 0.835427	 -0.0400952	 -0.0466299	 0.0373729
0.4	 -0.0161761	 0.00357497	 0.915313	 -0.0441879	 -0.0512875	 0.0410932
0.42	 -0.0176728	 0.00389581	 0.997567	 -0.0484333	 -0.0560983	 0.0449376
0.44	 -0.0192121	 0.00422327	 1.08199	 -0.052823	 -0.0610516	 0.0488968
0.46	 -0.0207909	 0.00455625	 1.16838	 -0.0573475	 -0.0661363	 0.0529612
0.48	 -0.0224059	 0.00489358	 1.25659	 -0.0619972	 -0.0713402	 0.057121
0.5	 -0.0240535	 0.00523399	 1.34642	 -0.0667615	 -0.0766502	 0.0613658
0.52	 -0.0257297	 0.00557615	 1.43768	 -0.0716297	 -0.0820518	 0.0656854
0.54	 -0.0274304	 0.00591864	 1.53018	 -0.0765905	 -0.0875301	 0.0700691
0.56	 -0.0291511	 0.00626007	 1.62369	 -0.0816321	 -0.0930697	 0.074506
0.58	 -0.0308878	 0.00659902	 1.71798	 -0.0867428	 -0.0986551	 0.0789853
0.6	 -0.0326363	 0.00693408	 1.81282	 -0.0919103	 -0.104271	 0.0834956
0.62	 -0.0343925	 0.00726386	 1.90799	 -0.0971224	 -0.1099	 0.0880259
0.64	 -0.0361523	 0.00758698	 2.00324	 -0.102367	 -0.115529	 0.0925648
0.66	 -0.0379118	 0.00790205	 2.09836	 -0.10763	 -0.121141	 0.097101
0.68	 -0.0396669	 0.00820769	 2.19313	 -0.112901	 -0.126721	 0.101623
0.7	 -0.0414137	 0.00850253	 2.28734	 -0.118165	 -0.132252	 0.10612
0.72	 -0.0431482	 0.00878519	 2.38078	 -0.12341	 -0.13772	 0.110579
0.74	 -0.0448663	 0.00905434	 2.47323	 -0.128624	 -0.143107	 0.114991
0.76	 -0.0465642	 0.00930865	 2.5645	 -0.133793	 -0.148399	 0.119343
0.78	 -0.048238	 0.00954685	 2.65438	 -0.138905	 -0.15358	 0.123625
0.8	 -0.049884	 0.0097677	 2.74267	 -0.143948	 -0.158636	 0.127826
0.82	 -0.0514984	 0.00997002	 2.82917	 -0.148908	 -0.163552	 0.131936
0.84	 -0.0530778	 0.0101527	 2.91369	 -0.153776	 -0.168313	 0.135943
0.86	 -0.0546187	 0.0103145	 2.99604	 -0.158538	 -0.172906	 0.139838
0.88	 -0.0561178	 0.0104546	 3.07604	 -0.163184	 -0.177317	 0.14361
0.9	 -0.0575718	 0.010572	 3.15353	 -0.167703	 -0.181535	 0.147251
0.92	 -0.0589777	 0.0106657	 3.22834	 -0.172085	 -0.185546	 0.15075
0.94	 -0.0603326	 0.010735	 3.30031	 -0.17632	 -0.18934	 0.1541
0.96	 -0.0616336	 0.010779	 3.36929	 -0.180398	 -0.192905	 0.157292
0.98	 -0.0628781	 0.0107972	 3.43515	 -0.184311	 -0.196232	 0.160317
1	 -0.0640635	 0.0107889	 3.49774	 -0.18805	 -0.19931	 0.163168
1.02	 -0.0651876	 0.0107536	 3.55694	 -0.191609	 -0.202131	 0.165839
1.04	 -0.0662481	 0.0106908	 3.61264	 -0.19498	 -0.204688	 0.168322
1.06	 -0.0672431	 0.0106004	 3.66471	 -0.198156	 -0.206972	 0.170611
1.08	 -0.0681708	 0.0104819	 3.71307	 -0.201133	 -0.208978	 0.172701
1.1	 -0.0690294	 0.0103353	 3.75762	 -0.203905	 -0.210701	 0.174587
1.12	 -0.0698175	 0.0101605	 3.79827	 -0.206469	 -0.212134	 0.176264
1.14	 -0.0705339	 0.00995754	 3.83495	 -0.20882	 -0.213275	 0.177729
1.16	 -0.0711773	 0.00972657	 3.8676	 -0.210957	 -0.21412	 0.178978
1.18	 -0.071747	 0.0094678	 3.89615	 -0.212876	 -0.214668	 0.180009
1.2	 -0.0722421	 0.00918157	 3.92057	 -0.214578	 -0.214916	 0.180819
1.22	 -0.0726621	 0.0088683	 3.94081	 -0.21606	 -0.214864	 0.181406
1.24	 -0.0730066	 0.0085285	 3.95685	 -0.217324	 -0.214512	 0.181771
1.26	 -0.0732755	 0.00816278	 3.96865	 -0.21837	 -0.213861	 0.181912
1.28	 -0.0734688	 0.00777185	 3.97621	 -0.2192	 -0.212913	 0.181829
1.3	 -0.0735866	 0.00735646	 3.97953	 -0.219815	 -0.21167	 0.181524
1.32	 -0.0736293	 0.00691748	 3.9786	 -0.220218	 -0.210136	 0.180998
1.34	 -0.0735974	 0.0064558	 3.97345	 -0.220413	 -0.208313	 0.180251
1.36	 -0.0734916	 0.00597242	 3.96408	 -0.220401	 -0.206208	 0.179287
1.38	 -0.0733128	 0.00546843	 3.95054	 -0.220187	 -0.203826	 0.178109
1.4	 -0.0730621	 0.00494505	 3.93285	 -0.219772	 -0.201177	 0.17672
1.42	 -0.0727407	 0.00440366	 3.91108	 -0.219162	 -0.19827	 0.175125
1.44	 -0.0723502	 0.00384576	 3.88529	 -0.218362	 -0.195115	 0.173328
1.46	 -0.0718922	 0.00327297	 3.85554	 -0.217378	 -0.191723	 0.171337
1.48	 -0.0713689	 0.00268698	 3.82195	 -0.216217	 -0.188107	 0.169156
1.5	 -0.0707822	 0.00208955	 3.78459	 -0.214887	 -0.184281	 0.166793
1.52	 -0.0701346	 0.00148246	 3.74358	 -0.213396	 -0.180258	 0.164256
1.54	 -0.0694286	 0.000867531	 3.69905	 -0.211754	 -0.176052	 0.161553
1.56	 -0.0686668	 0.000246612	 3.65111	 -0.209971	 -0.171679	 0.158692
1.58	 -0.067852	 -0.000378434	 3.5999	 -0.208055	 -0.167154	 0.155681
1.6	 -0.0669871	 -0.00100571	 3.54556	 -0.206017	 -0.162493	 0.152532
1.62	 -0.0660749	 -0.00163328	 3.48823	 -0.203869	 -0.157713	 0.149252
1.64	 -0.0651186	 -0.00225918	 3.42808	 -0.20162	 -0.152829	 0.145852
1.66	 -0.0641212	 -0.00288143	 3.36525	 -0.199282	 -0.147858	 0.142343
1.68	 -0.063086	 -0.00349805	 3.29992	 -0.196866	 -0.142816	 0.138735
1.7	 -0.0620161	 -0.0041071	 3.23225	 -0.194382	 -0.137719	 0.135038
1.72	 -0.0609148	 -0.00470666	 3.16243	 -0.191843	 -0.132583	 0.131262
1.74	 -0.0597855	 -0.00529484	 3.09062	 -0.189258	 -0.127425	 0.12742
1.76	 -0.0586315	 -0.00586982	 3.01701	 -0.186639	 -0.12226	 0.123522
1.78	 -0.0574561	 -0.00642983	 2.94179	 -0.183996	 -0.117104	 0.119579
1.8	 -0.0562628	 -0.00697314	 2.86515	 -0.18134	 -0.111972	 0.115601
1.82	 -0.0550549	 -0.00749809	 2.78727	 -0.178681	 -0.10688	 0.1116
1.84	 -0.0538356	 -0.00800305	 2.70834	 -0.17603	 -0.101841	 0.107586
1.86	 -0.0526083	 -0.00848648	 2.62856	 -0.173395	 -0.0968698	 0.10357
1.88	 -0.0513762	 -0.0089469	 2.54811	 -0.170786	 -0.0919801	 0.0995617
1.9	 -0.0501425	 -0.0093829	 2.46718	 -0.168212	 -0.0871848	 0.0955726
1.92	 -0.0489104	 -0.00979317	 2.38597	 -0.165682	 -0.0824965	 0.0916122
1.94	 -0.047683	 -0.0101765	 2.30466	 -0.163203	 -0.0779271	 0.0876904
1.96	 -0.0464632	 -0.0105316	 2.22343	 -0.160785	 -0.0734881	 0.0838168
1.98	 -0.0452542	 -0.0108575	 2.14248	 -0.158432	 -0.0691903	 0.0800009
2	 -0.0440587	 -0.0111533	 2.06198	 -0.156154	 -0.0650439	 0.0762516
2.02	 -0.0428795	 -0.011418	 1.98212	 -0.153955	 -0.0610587	 0.0725777
2.04	 -0.0417195	 -0.0116508	 1.90306	 -0.151843	 -0.0572438	 0.0689877
2.06	 -0.0405813	 -0.0118511	 1.82498	 -0.149822	 -0.0536078	 0.0654897
2.08	 -0.0394674	 -0.0120182	 1.74805	 -0.147897	 -0.0501585	 0.0620913
2.1	 -0.0383802	 -0.0121515	 1.67244	 -0.146073	 -0.0469033	 0.0588002
2.12	 -0.0373222	 -0.0122508	 1.59829	 -0.144354	 -0.0438493	 0.0556232
2.14	 -0.0362957	 -0.0123156	 1.52578	 -0.142744	 -0.0410026	 0.052567
2.16	 -0.0353028	 -0.0123456	 1.45504	 -0.141246	 -0.0383691	 0.0496381
2.18	 -0.0343457	 -0.0123408	 1.38622	 -0.139863	 -0.0359541	 0.0468423
2.2	 -0.0334262	 -0.0123011	 1.31947	 -0.138596	 -0.0337624	 0.0441852
2.22	 -0.0325463	 -0.0122264	 1.25491	 -0.137449	 -0.0317984	 0.0416719
2.24	 -0.0317079	 -0.012117	 1.19267	 -0.136422	 -0.0300659	 0.0393073
2.26	 -0.0309125	 -0.0119729	 1.13288	 -0.135517	 -0.0285683	 0.0370958
2.28	 -0.0301617	 -0.0117945	 1.07565	 -0.134734	 -0.0273087	 0.0350414
2.3	 -0.0294571	 -0.0115821	 1.02109	 -0.134074	 -0.0262897	 0.0331478
2.32	 -0.0288001	 -0.0113362	 0.969307	 -0.133538	 -0.0255135	 0.0314182
2.34	 -0.0281918	 -0.0110573	 0.920395	 -0.133123	 -0.0249819	 0.0298556
2.36	 -0.0276335	 -0.0107459	 0.874446	 -0.132831	 -0.0246964	 0.0284625
2.38	 -0.0271262	 -0.0104027	 0.831543	 -0.13266	 -0.024658	 0.0272411
2.4	 -0.0266709	 -0.0100286	 0.791763	 -0.132608	 -0.0248676	 0.0261932
2.42	 -0.0262684	 -0.0096242	 0.755177	 -0.132675	 -0.0253255	 0.0253203
2.44	 -0.0259196	 -0.00919048	 0.721847	 -0.132858	 -0.0260318	 0.0246234
2.46	 -0.025625	 -0.00872838	 0.691831	 -0.133154	 -0.0269864	 0.0241033
2.48	 -0.0253852	 -0.0082389	 0.665178	 -0.133562	 -0.0281885	 0.0237605
2.5	 -0.0252006	 -0.00772314	 0.64193	 -0.134079	 -0.0296373	 0.0235949
2.52	 -0.0250716	 -0.00718222	 0.622123	 -0.1347	 -0.0313317	 0.0236063
2.54	 -0.0249983	 -0.00661735	 0.605784	 -0.135423	 -0.03327	 0.0237942
2.56	 -0.0249809	 -0.0060298	 0.592935	 -0.136245	 -0.0354504	 0.0241575
2.58	 -0.0250194	 -0.00542087	 0.583591	 -0.13716	 -0.0378708	 0.0246951
2.6	 -0.0251137	 -0.00479192	 0.577757	 -0.138164	 -0.0405288	 0.0254055
2.62	 -0.0252635	 -0.00414435	 0.575434	 -0.139253	 -0.0434215	 0.0262867
2.64	 -0.0254687	 -0.00347959	 0.576616	 -0.140422	 -0.0465461	 0.0273367
2.66	 -0.0257287	 -0.0027991	 0.581289	 -0.141666	 -0.0498993	 0.0285533
2.68	 -0.026043	 -0.00210439	 0.589433	 -0.142979	 -0.0534772	 0.0299336
2.7	 -0.0264112	 -0.00139701	 0.601023	 -0.144356	 -0.0572755	 0.0314746
2.72	 -0.0268324	 -0.00067864	 0.616023	 -0.14579	 -0.061289	 0.0331729
2.74	 -0.0273057	 4.89698e-05	 0.634395	 -0.147275	 -0.0655123	 0.0350245
2.76	 -0.0278302	 0.000783987	 0.65609	 -0.148804	 -0.0699392	 0.0370253
2.78	 -0.0284047	 0.00152452	 0.681052	 -0.150371	 -0.074563	 0.0391706
2.8	 -0.029028	 0.00226865	 0.709221	 -0.151967	 -0.0793764	 0.0414554
2.82	 -0.0296986	 0.00301444	 0.740525	 -0.153587	 -0.0843717	 0.0438743
2.84	 -0.0304151	 0.00375997	 0.774887	 -0.155222	 -0.0895406	 0.0464216
2.86	 -0.0311757	 0.00450332	 0.812223	 -0.156866	 -0.0948743	 0.0490913
2.88	 -0.0319789	 0.0052426	 0.852443	 -0.158512	 -0.100364	 0.0518771
2.9	 -0.0328227	 0.00597592	 0.895447	 -0.160152	 -0.105999	 0.0547722
2.92	 -0.0337051	 0.00670141	 0.941133	 -0.161779	 -0.11177	 0.0577696
2.94	 -0.0346242	 0.00741721	 0.989389	 -0.163385	 -0.117667	 0.0608623
2.96	 -0.0355778	 0.00812149	 1.0401	 -0.164965	 -0.123678	 0.0640427
2.98	 -0.0365637	 0.00881243	 1.09314	 -0.16651	 -0.129791	 0.067303
3	 -0.0375796	 0.00948826	 1.14839	 -0.168013	 -0.135996	 0.0706353
3.02	 -0.038623	 0.0101473	 1.20572	 -0.169468	 -0.142279	 0.0740313
3.04	 -0.0396916	 0.0107877	 1.26498	 -0.170868	 -0.148629	 0.0774829
3.06	 -0.0407827	 0.011408	 1.32603	 -0.172206	 -0.155031	 0.0809815
3.08	 -0.0418938	 0.0120066	 1.38873	 -0.173475	 -0.161474	 0.0845186
3.1	 -0.0430221	 0.0125819	 1.45293	 -0.174668	 -0.167942	 0.0880855
3.12	 -0.0441652	 0.0131325	 1.51848	 -0.17578	 -0.174423	 0.0916734
3.14	 -0.0453201	 0.013657	 1.58522	 -0.176804	 -0.180902	 0.0952735
3.16	 -0.0464842	 0.0141541	 1.65299	 -0.177735	 -0.187365	 0.0988767
3.18	 -0.0476546	 0.0146224	 1.72163	 -0.178565	 -0.193799	 0.102474
3.2	 -0.0488286	 0.015061	 1.79099	 -0.179292	 -0.200187	 0.106057
3.22	 -0.0500034	 0.0154685	 1.86089	 -0.179908	 -0.206516	 0.109617
3.24	 -0.0511762	 0.0158441	 1.93117	 -0.18041	 -0.212772	 0.113143
3.26	 -0.0523442	 0.0161868	 2.00168	 -0.180794	 -0.21894	 0.116629
3.28	 -0.0535046	 0.0164957	 2.07224	 -0.181056	 -0.225005	 0.120064
3.3	 -0.0546548	 0.0167702	 2.14269	 -0.181191	 -0.230954	 0.12344
3.32	 -0.055792	 0.0170097	 2.21287	 -0.181198	 -0.236772	 0.126749
3.34	 -0.0569136	 0.0172135	 2.28261	 -0.181074	 -0.242445	 0.129983
3.36	 -0.0580169	 0.0173812	 2.35176	 -0.180817	 -0.247961	 0.133133
3.38	 -0.0590994	 0.0175125	 2.42016	 -0.180425	 -0.253306	 0.13619
3.4	 -0.0601587	 0.0176072	 2.48765	 -0.179897	 -0.258467	 0.139149
3.42	 -0.0611924	 0.0176651	 2.55408	 -0.179232	 -0.263431	 0.142
3.44	 -0.062198	 0.0176862	 2.6193	 -0.178431	 -0.268188	 0.144737
3.46	 -0.0631734	 0.0176706	 2.68316	 -0.177494	 -0.272725	 0.147353
3.48	 -0.0641165	 0.0176184	 2.74551	 -0.176422	 -0.277032	 0.149841
3.5	 -0.0650251	 0.0175299	 2.80623	 -0.175216	 -0.281098	 0.152195
3.52	 -0.0658974	 0.0174055	 2.86517	 -0.173879	 -0.284914	 0.154409
3.54	 -0.0667315	 0.0172456	 2.92221	 -0.172413	 -0.288471	 0.156477
3.56	 -0.0675257	 0.0170509	 2.97722	 -0.170821	 -0.29176	 0.158394
3.58	 -0.0682783	 0.0168219	 3.03008	 -0.169106	 -0.294774	 0.160156
3.6	 -0.068988	 0.0165595	 3.08067	 -0.167272	 -0.297506	 0.161757
3.62	 -0.0696534	 0.0162645	 3.12889	 -0.165324	 -0.299949	 0.163195
3.64	 -0.0702732	 0.0159378	 3.17464	 -0.163267	 -0.302099	 0.164465
3.66	 -0.0708464	 0.0155804	 3.21781	 -0.161106	 -0.30395	 0.165564
3.68	 -0.071372	 0.0151935	 3.25832	 -0.158847	 -0.305499	 0.166489
3.7	 -0.0718492	 0.0147782	 3.29608	 -0.156495	 -0.306743	 0.16724
3.72	 -0.0722773	 0.0143357	 3.33102	 -0.154058	 -0.307679	 0.167812
3.74	 -0.0726558	 0.0138674	 3.36305	 -0.151542	 -0.308306	 0.168207
3.76	 -0.0729843	 0.0133747	 3.39213	 -0.148954	 -0.308624	 0.168421
3.78	 -0.0732626	 0.012859	 3.41818	 -0.146302	 -0.308632	 0.168456
3.8	 -0.0734904	 0.0123218	 3.44116	 -0.143593	 -0.308331	 0.168311
3.82	 -0.0736679	 0.0117647	 3.46102	 -0.140836	 -0.307723	 0.167987
3.84	 -0.0737952	 0.0111892	 3.47773	 -0.138039	 -0.30681	 0.167485
3.86	 -0.0738726	 0.010597	 3.49125	 -0.13521	 -0.305595	 0.166806
3.88	 -0.0739006	 0.00998978	 3.50156	 -0.132358	 -0.304083	 0.165953
3.9	 -0.0738796	 0.00936923	 3.50864	 -0.12949	 -0.302277	 0.164926
3.92	 -0.0738103	 0.00873706	 3.51247	 -0.126617	 -0.300183	 0.16373
3.94	 -0.0736936	 0.00809498	 3.51307	 -0.123747	 -0.297806	 0.162367
3.96	 -0.0735304	 0.00744471	 3.51042	 -0.120888	 -0.295152	 0.16084
3.98	 -0.0733217	 0.00678799	 3.50454	 -0.118049	 -0.29223	 0.159154
4	 -0.0730686	 0.00612661	 3.49544	 -0.115242	 -0.289048	 0.157313
4.02	 -0.0727725	 0.00546242	 3.48315	 -0.112474	 -0.285616	 0.155322
4.04	 -0.0724349	 0.00479734	 3.46769	 -0.109757	 -0.281947	 0.153187
4.06	 -0.0720573	 0.00413332	 3.44912	 -0.107101	 -0.278051	 0.150914
4.08	 -0.0716415	 0.00347233	 3.42747	 -0.104516	 -0.273942	 0.148509
4.1	 -0.0711893	 0.00281632	 3.40282	 -0.102011	 -0.269634	 0.145979
4.12	 -0.0707027	 0.0021672	 3.37521	 -0.0995956	 -0.265139	 0.143332
4.14	 -0.0701837	 0.00152682	 3.34474	 -0.0972793	 -0.260474	 0.140575
4.16	 -0.0696345	 0.000896974	 3.31147	 -0.0950706	 -0.25565	 0.137716
4.18	 -0.0690571	 0.000279395	 3.27551	 -0.0929775	 -0.250684	 0.134763
4.2	 -0.0684537	 -0.000324261	 3.23693	 -0.0910077	 -0.245591	 0.131725
4.22	 -0.0678268	 -0.000912411	 3.19585	 -0.0891681	 -0.240385	 0.128609
4.24	 -0.0671785	 -0.00148353	 3.15236	 -0.0874654	 -0.235083	 0.125426
4.26	 -0.0665112	 -0.00203617	 3.10657	 -0.0859059	 -0.229701	 0.122182
4.28	 -0.0658273	 -0.00256894	 3.05861	 -0.0844954	 -0.224254	 0.118888
4.3	 -0.0651292	 -0.00308054	 3.00858	 -0.0832392	 -0.218758	 0.115553
4.32	 -0.0644192	 -0.00356975	 2.95662	 -0.082142	 -0.213229	 0.112185
4.34	 -0.0636995	 -0.00403544	 2.90285	 -0.0812079	 -0.207681	 0.108794
4.36	 -0.0629727	 -0.00447655	 2.84741	 -0.0804404	 -0.202131	 0.105388
4.38	 -0.0622409	 -0.00489213	 2.79042	 -0.0798425	 -0.196591	 0.101977
4.4	 -0.0615063	 -0.00528129	 2.73203	 -0.0794166	 -0.191077	 0.09857
4.42	 -0.0607712	 -0.00564325	 2.67237	 -0.0791649	 -0.185603	 0.0951751
4.44	 -0.0600378	 -0.0059773	 2.61159	 -0.0790889	 -0.180181	 0.0918013
4.46	 -0.0593081	 -0.00628283	 2.54983	 -0.0791894	 -0.174824	 0.0884573
4.48	 -0.0585841	 -0.00655933	 2.48723	 -0.079467	 -0.169545	 0.0851513
4.5	 -0.0578679	 -0.00680635	 2.42394	 -0.0799214	 -0.164355	 0.0818916
4.52	 -0.0571612	 -0.00702357	 2.3601	 -0.0805522	 -0.159266	 0.0786862
4.54	 -0.056466	 -0.00721071	 2.29586	 -0.0813583	 -0.154287	 0.0755428
4.56	 -0.0557839	 -0.00736761	 2.23136	 -0.0823383	 -0.149429	 0.0724689
4.58	 -0.0551166	 -0.00749419	 2.16675	 -0.0834902	 -0.144701	 0.0694719
4.6	 -0.0544656	 -0.00759045	 2.10216	 -0.0848116	 -0.140112	 0.0665586
4.62	 -0.0538325	 -0.00765644	 2.03775	 -0.0862999	 -0.13567	 0.0637358
4.64	 -0.0532185	 -0.00769234	 1.97365	 -0.087952	 -0.131381	 0.0610099
4.66	 -0.0526249	 -0.00769837	 1.91	 -0.0897644	 -0.127253	 0.058387
4.68	 -0.052053	 -0.00767482	 1.84694	 -0.0917333	 -0.123292	 0.0558728
4.7	 -0.0515038	 -0.00762208	 1.7846	 -0.0938547	 -0.119502	 0.0534728
4.72	 -0.0509782	 -0.00754059	 1.7231	 -0.0961242	 -0.115889	 0.0511922
4.74	 -0.0504773	 -0.00743084	 1.66259	 -0.0985371	 -0.112457	 0.0490357
4.76	 -0.0500017	 -0.00729343	 1.60317	 -0.101089	 -0.109209	 0.0470077
4.78	 -0.0495522	 -0.00712897	 1.54498	 -0.103773	 -0.106149	 0.0451125
4.8	 -0.0491294	 -0.00693817	 1.48813	 -0.106586	 -0.103278	 0.0433536
4.82	 -0.0487338	 -0.00672177	 1.43274	 -0.109522	 -0.100599	 0.0417347
4.84	 -0.0483657	 -0.00648057	 1.37891	 -0.112574	 -0.0981116	 0.0402586
4.86	 -0.0480256	 -0.00621543	 1.32675	 -0.115736	 -0.0958181	 0.0389283
4.88	 -0.0477136	 -0.00592724	 1.27635	 -0.119004	 -0.0937182	 0.037746
4.9	 -0.0474299	 -0.00561695	 1.22783	 -0.12237	 -0.0918116	 0.0367138
4.92	 -0.0471745	 -0.00528555	 1.18127	 -0.125828	 -0.0900976	 0.0358334
4.94	 -0.0469474	 -0.00493409	 1.13675	 -0.129372	 -0.0885749	 0.0351062
4.96	 -0.0467485	 -0.00456361	 1.09436	 -0.132995	 -0.0872421	 0.0345332
4.98	 -0.0465776	 -0.00417524	 1.05418	 -0.13669	 -0.086097	 0.0341151
5	 -0.0464344	 -0.0037701	 1.01628	 -0.140451	 -0.0851373	 0.0338524
5.02	 -0.0463184	 -0.00334939	 0.980717	 -0.14427	 -0.0843602	 0.033745
5.04	 -0.0462294	 -0.00291428	 0.947565	 -0.148141	 -0.0837625	 0.0337928
5.06	 -0.0461668	 -0.00246602	 0.916877	 -0.152057	 -0.0833409	 0.0339951
5.08	 -0.04613	 -0.00200586	 0.888703	 -0.156011	 -0.0830915	 0.0343511
5.1	 -0.0461184	 -0.00153507	 0.86309	 -0.159995	 -0.0830103	 0.0348596
5.12	 -0.0461312	 -0.00105495	 0.840077	 -0.164002	 -0.083093	 0.0355192
5.14	 -0.0461677	 -0.000566822	 0.8197	 -0.168026	 -0.0833348	 0.0363281
5.16	 -0.0462271	 -7.20044e-05	 0.801986	 -0.172058	 -0.0837311	 0.0372842
5.18	 -0.0463083	 0.000428156	 0.786961	 -0.176091	 -0.0842766	 0.0383853
5.2	 -0.0464106	 0.000932306	 0.774642	 -0.180119	 -0.0849662	 0.0396288
5.22	 -0.0465329	 0.00143909	 0.765042	 -0.184133	 -0.0857943	 0.0410118
5.24	 -0.0466741	 0.00194714	 0.758167	 -0.188126	 -0.0867554	 0.0425312
5.26	 -0.0468332	 0.00245511	 0.754021	 -0.192092	 -0.0878435	 0.0441838
5.28	 -0.047009	 0.00296166	 0.752598	 -0.196022	 -0.0890529	 0.045966
5.3	 -0.0472004	 0.00346544	 0.75389	 -0.19991	 -0.0903776	 0.0478742
5.32	 -0.047406	 0.00396516	 0.757884	 -0.203748	 -0.0918114	 0.0499045
5.34	 -0.0476249	 0.00445948	 0.76456	 -0.207529	 -0.0933481	 0.0520526
5.36	 -0.0478555	 0.00494708	 0.773895	 -0.211245	 -0.0949812	 0.0543141
5.38	 -0.0480967	 0.0054266	 0.785859	 -0.214889	 -0.0967039	 0.056684
5.4	 -0.048347	 0.00589665	 0.800417	 -0.218453	 -0.0985094	 0.059157
5.42	 -0.0486051	 0.00635586	 0.817529	 -0.221927	 -0.100391	 0.0617277
5.44	 -0.0488696	 0.00680282	 0.837149	 -0.225305	 -0.10234	 0.0643903
5.46	 -0.0491388	 0.00723618	 0.859225	 -0.228577	 -0.104351	 0.0671385
5.48	 -0.0494114	 0.0076546	 0.8837	 -0.231737	 -0.106415	 0.069966
5.5	 -0.0496859	 0.00805677	 0.910511	 -0.234775	 -0.108524	 0.0728661
5.52	 -0.0499606	 0.00844146	 0.93959	 -0.237684	 -0.110672	 0.0758322
5.54	 -0.0502341	 0.00880746	 0.970863	 -0.240457	 -0.112849	 0.0788572
5.56	 -0.0505048	 0.00915363	 1.00425	 -0.243086	 -0.115048	 0.081934
5.58	 -0.0507712	 0.00947885	 1.03967	 -0.245564	 -0.117262	 0.0850552
5.6	 -0.0510317	 0.00978209	 1.07704	 -0.247884	 -0.119481	 0.0882134
5.62	 -0.0512848	 0.0100624	 1.11626	 -0.250039	 -0.121699	 0.0914011
5.64	 -0.0515289	 0.0103187	 1.15724	 -0.252024	 -0.123906	 0.0946107
5.66	 -0.0517626	 0.0105503	 1.19987	 -0.253831	 -0.126095	 0.0978344
5.68	 -0.0519842	 0.0107562	 1.24406	 -0.255456	 -0.128258	 0.101065
5.7	 -0.0521925	 0.0109359	 1.28969	 -0.256893	 -0.130387	 0.104294
5.72	 -0.0523858	 0.0110887	 1.33666	 -0.258138	 -0.132475	 0.107515
5.74	 -0.0525628	 0.0112139	 1.38485	 -0.259185	 -0.134514	 0.110719
5.76	 -0.0527222	 0.011311	 1.43414	 -0.260031	 -0.136496	 0.113899
5.78	 -0.0528624	 0.0113797	 1.48443	 -0.260672	 -0.138414	 0.117047
5.8	 -0.0529824	 0.0114196	 1.53558	 -0.261105	 -0.140262	 0.120156
5.82	 -0.0530806	 0.0114305	 1.58748	 -0.261327	 -0.142031	 0.123218
5.84	 -0.053156	 0.0114121	 1.64001	 -0.261337	 -0.143715	 0.126226
5.86	 -0.0532073	 0.0113644	 1.69304	 -0.261132	 -0.145308	 0.129172
5.88	 -0.0532335	 0.0112873	 1.74644	 -0.260711	 -0.146804	 0.132049
5.9	 -0.0532333	 0.0111811	 1.8001	 -0.260073	 -0.148195	 0.134851
5.92	 -0.0532059	 0.0110458	 1.85388	 -0.25922	 -0.149476	 0.13757
5.94	 -0.0531502	 0.0108817	 1.90766	 -0.25815	 -0.150642	 0.140199
5.96	 -0.0530654	 0.0106893	 1.96132	 -0.256866	 -0.151688	 0.142733
5.98	 -0.0529506	 0.0104689	 2.01473	 -0.255369	 -0.152608	 0.145165
6	 -0.052805	 0.0102211	 2.06777	 -0.253662	 -0.153398	 0.147489
6.02	 -0.052628	 0.00994646	 2.12031	 -0.251746	 -0.154053	 0.149698
6.04	 -0.0524189	 0.0096458	 2.17225	 -0.249626	 -0.15457	 0.151789
6.06	 -0.0521771	 0.00931987	 2.22345	 -0.247306	 -0.154945	 0.153756
6.08	 -0.0519021	 0.00896956	 2.2738	 -0.244789	 -0.155174	 0.155593
6.1	 -0.0515936	 0.00859582	 2.32319	 -0.242082	 -0.155255	 0.157296
6.12	 -0.0512511	 0.00819971	 2.37151	 -0.23919	 -0.155185	 0.158861
6.14	 -0.0508745	 0.00778233	 2.41865	 -0.236118	 -0.154962	 0.160284
6.16	 -0.0504634	 0.00734488	 2.46451	 -0.232875	 -0.154584	 0.161562
6.18	 -0.0500179	 0.00688861	 2.50898	 -0.229466	 -0.154051	 0.162691
6.2	 -0.0495377	 0.00641486	 2.55196	 -0.2259	 -0.153359	 0.163669
6.22	 -0.049023	 0.005925	 2.59336	 -0.222184	 -0.15251	 0.164493
6.24	 -0.0484738	 0.00542048	 2.6331	 -0.218328	 -0.151503	 0.165161
6.26	 -0.0478903	 0.00490279	 2.67108	 -0.21434	 -0.150337	 0.165671
6.28	 -0.0472727	 0.00437349	 2.70722	 -0.21023	 -0.149014	 0.166023
6.3	 -0.0466214	 0.00383416	 2.74145	 -0.206006	 -0.147534	 0.166214
6.32	 -0.0459367	 0.00328643	 2.77369	 -0.20168	 -0.145898	 0.166246
6.34	 -0.0452191	 0.00273197	 2.80388	 -0.197261	 -0.144107	 0.166117
6.36	 -0.044469	 0.00217248	 2.83194	 -0.19276	 -0.142164	 0.165828
6.38	 -0.0436871	 0.00160968	 2.85783	 -0.188187	 -0.140071	 0.16538
6.4	 -0.042874	 0.0010453	 2.88149	 -0.183554	 -0.13783	 0.164773
6.42	 -0.0420304	 0.000481104	 2.90288	 -0.178871	 -0.135443	 0.16401
6.44	 -0.0411571	 -8.11515e-05	 2.92194	 -0.17415	 -0.132915	 0.163092
6.46	 -0.0402549	 -0.000639699	 2.93864	 -0.169402	 -0.130247	 0.162021
6.48	 -0.0393245	 -0.00119278	 2.95295	 -0.164638	 -0.127444	 0.1608
6.5	 -0.0383671	 -0.00173863	 2.96485	 -0.159869	 -0.124509	 0.159432
6.52	 -0.0373834	 -0.00227553	 2.9743	 -0.155107	 -0.121446	 0.15792
6.54	 -0.0363746	 -0.00280175	 2.9813	 -0.150363	 -0.118259	 0.156268
6.56	 -0.0353416	 -0.00331562	 2.98583	 -0.145647	 -0.114953	 0.15448
6.58	 -0.0342855	 -0.00381549	 2.98788	 -0.140971	 -0.111531	 0.152559
6.6	 -0.0332073	 -0.00429978	 2.98747	 -0.136344	 -0.107997	 0.150512
6.62	 -0.0321082	 -0.00476691	 2.98458	 -0.131779	 -0.104358	 0.148341
6.64	 -0.0309893	 -0.00521538	 2.97923	 -0.127284	 -0.100616	 0.146053
6.66	 -0.0298518	 -0.00564364	 2.97145	 -0.122874	 -0.0967777	 0.143653
6.68	 -0.0286971	 -0.0060502	 2.96123	 -0.118558	 -0.092849	 0.141148
6.7	 -0.0275266	 -0.00643358	 2.94863	 -0.114349	 -0.0888357	 0.138543
6.72	 -0.0263418	 -0.00679234	 2.93366	 -0.110257	 -0.0847442	 0.135846
6.74	 -0.0251444	 -0.00712512	 2.91638	 -0.106294	 -0.0805808	 0.133064
6.76	 -0.0239358	 -0.00743065	 2.89683	 -0.102469	 -0.0763519	 0.130204
6.78	 -0.0227177	 -0.00770776	 2.87505	 -0.0987925	 -0.0720638	 0.127274
6.8	 -0.0214915	 -0.00795536	 2.85112	 -0.0952727	 -0.0677225	 0.124282
6.82	 -0.0202589	 -0.00817249	 2.82509	 -0.0919183	 -0.0633339	 0.121235
6.84	 -0.0190212	 -0.00835829	 2.79703	 -0.088737	 -0.058904	 0.118141
6.86	 -0.0177799	 -0.00851197	 2.76702	 -0.0857362	 -0.0544383	 0.115009
6.88	 -0.0165365	 -0.00863287	 2.73512	 -0.0829224	 -0.0499426	 0.111846
6.9	 -0.0152924	 -0.00872042	 2.70143	 -0.0803017	 -0.0454224	 0.10866
6.92	 -0.014049	 -0.00877416	 2.66603	 -0.0778792	 -0.0408828	 0.105461
6.94	 -0.0128076	 -0.00879373	 2.62901	 -0.0756597	 -0.0363289	 0.102255
6.96	 -0.0115696	 -0.00877891	 2.59046	 -0.073647	 -0.0317655	 0.0990511
6.98	 -0.0103363	 -0.00872959	 2.55047	 -0.0718443	 -0.027197	 0.0958574
7	 -0.00910892	 -0.00864579	 2.50915	 -0.0702538	 -0.0226277	 0.0926816
7.02	 -0.00788871	 -0.00852762	 2.46659	 -0.0688773	 -0.0180612	 0.0895316
7.04	 -0.00667676	 -0.00837531	 2.42291	 -0.0677158	 -0.013501	 0.0864153
7.06	 -0.00547418	 -0.00818922	 2.3782	 -0.0667696	 -0.0089502	 0.0833401
7.08	 -0.00428196	 -0.00796977	 2.33258	 -0.0660385	 -0.00441136	 0.0803138
7.1	 -0.00310109	 -0.0077175	 2.28616	 -0.0655218	 0.000113127	 0.0773434
7.12	 -0.00193248	 -0.00743304	 2.23904	 -0.0652178	 0.00462123	 0.0744362
7.14	 -0.000776982	 -0.00711712	 2.19134	 -0.0651247	 0.00911126	 0.071599
7.16	 0.000364604	 -0.00677054	 2.14317	 -0.0652399	 0.0135818	 0.0688384
7.18	 0.00149154	 -0.00639421	 2.09464	 -0.0655604	 0.0180319	 0.0661609
7.2	 0.00260314	 -0.00598912	 2.04587	 -0.0660825	 0.0224606	 0.0635726
7.22	 0.00369878	 -0.00555632	 1.99697	 -0.0668022	 0.0268675	 0.0610794
7.24	 0.00477792	 -0.00509695	 1.94805	 -0.0677151	 0.0312525	 0.0586869
7.26	 0.00584003	 -0.00461224	 1.89922	 -0.0688162	 0.0356157	 0.0564004
7.28	 0.00688469	 -0.00410344	 1.8506	 -0.0701003	 0.0399576	 0.0542249
7.3	 0.0079115	 -0.00357191	 1.80229	 -0.0715615	 0.0442787	 0.0521652
7.32	 0.00892012	 -0.00301902	 1.7544	 -0.073194	 0.04858	 0.0502256
7.34	 0.00991028	 -0.00244624	 1.70705	 -0.0749914	 0.0528627	 0.0484102
7.36	 0.0108818	 -0.00185504	 1.66032	 -0.0769471	 0.0571281	 0.0467228
7.38	 0.0118344	 -0.00124697	 1.61434	 -0.0790542	 0.0613777	 0.0451669
7.4	 0.012768	 -0.00062359	 1.5692	 -0.0813057	 0.0656133	 0.0437455
7.42	 0.0136825	 1.34837e-05	 1.52499	 -0.0836943	 0.0698367	 0.0424616
7.44	 0.0145779	 0.000662618	 1.48181	 -0.0862124	 0.0740499	 0.0413174
7.46	 0.0154542	 0.00132215	 1.43977	 -0.0888525	 0.078255	 0.0403153
7.48	 0.0163115	 0.00199041	 1.39893	 -0.0916067	 0.0824543	 0.0394569
7.5	 0.0171497	 0.00266569	 1.35941	 -0.0944673	 0.0866501	 0.0387438
7.52	 0.0179691	 0.00334629	 1.32126	 -0.0974262	 0.0908446	 0.0381772
7.54	 0.0187698	 0.00403048	 1.28459	 -0.100475	 0.0950404	 0.0377579
7.56	 0.0195519	 0.00471656	 1.24946	 -0.103607	 0.0992397	 0.0374864
7.58	 0.0203157	 0.0054028	 1.21596	 -0.106812	 0.103445	 0.0373629
7.6	 0.0210614	 0.0060875	 1.18413	 -0.110084	 0.107659	 0.0373875
7.62	 0.0217893	 0.00676893	 1.15407	 -0.113413	 0.111883	 0.0375596
7.64	 0.0224996	 0.00744541	 1.12582	 -0.116792	 0.11612	 0.0378785
7.66	 0.0231926	 0.00811527	 1.09944	 -0.120212	 0.120373	 0.0383434
7.68	 0.0238687	 0.00877683	 1.07499	 -0.123666	 0.124643	 0.0389528
7.7	 0.0245281	 0.00942846	 1.05252	 -0.127146	 0.128932	 0.0397053
7.72	 0.0251712	 0.0100686	 1.03207	 -0.130643	 0.133242	 0.0405989
7.74	 0.0257984	 0.0106955	 1.01369	 -0.13415	 0.137576	 0.0416317
7.76	 0.02641	 0.0113078	 0.99741	 -0.137659	 0.141935	 0.0428011
7.78	 0.0270064	 0.0119039	 0.983262	 -0.141163	 0.146319	 0.0441045
7.8	 0.0275879	 0.0124823	 0.971276	 -0.144653	 0.150732	 0.0455391
7.82	 0.0281549	 0.0130417	 0.961475	 -0.148123	 0.155174	 0.0471018
7.84	 0.0287077	 0.0135805	 0.95388	 -0.151566	 0.159646	 0.0487892
7.86	 0.0292469	 0.0140975	 0.948505	 -0.154974	 0.164149	 0.0505976
7.88	 0.0297726	 0.0145914	 0.945361	 -0.158341	 0.168685	 0.0525234
7.9	 0.0302854	 0.0150609	 0.944454	 -0.16166	 0.173253	 0.0545626
7.92	 0.0307857	 0.0155049	 0.945787	 -0.164925	 0.177856	 0.0567112
7.94	 0.0312737	 0.0159223	 0.949357	 -0.16813	 0.182493	 0.0589647
7.96	 0.0317499	 0.0163121	 0.955158	 -0.171268	 0.187164	 0.0613185
7.98	 0.0322145	 0.0166731	 0.963179	 -0.174334	 0.191868	 0.0637678
8	 0.0326679	 0.0170045	 0.973407	 -0.17732	 0.196604	 0.0663072
8.02	 0.0331103	 0.0173052	 0.98582	 -0.180222	 0.20137	 0.0689313
8.04	 0.0335417	 0.0175744	 1.0004	 -0.183032	 0.206162	 0.0716341
8.06	 0.0339623	 0.0178113	 1.0171	 -0.185746	 0.210976	 0.0744096
8.08	 0.0343722	 0.018015	 1.03591	 -0.188356	 0.215809	 0.0772515
8.1	 0.0347714	 0.018185	 1.05677	 -0.190858	 0.220656	 0.0801532
8.12	 0.0351599	 0.0183205	 1.07966	 -0.193246	 0.225511	 0.0831082
8.14	 0.0355379	 0.0184211	 1.1045	 -0.195516	 0.23037	 0.0861096
8.16	 0.0359052	 0.0184864	 1.13127	 -0.197662	 0.235227	 0.0891505
8.18	 0.036262	 0.018516	 1.15989	 -0.199681	 0.240075	 0.0922238
8.2	 0.0366081	 0.0185097	 1.19031	 -0.201568	 0.244907	 0.0953225
8.22	 0.0369435	 0.0184673	 1.22246	 -0.203319	 0.249717	 0.0984392
8.24	 0.0372682	 0.0183888	 1.25627	 -0.204932	 0.254498	 0.101567
8.26	 0.0375821	 0.018274	 1.29168	 -0.206403	 0.259241	 0.104698
8.28	 0.0378852	 0.0181232	 1.3286	 -0.207729	 0.263942	 0.107826
8.3	 0.0381772	 0.0179365	 1.36695	 -0.208909	 0.268591	 0.110943
8.32	 0.0384583	 0.0177141	 1.40666	 -0.209939	 0.273183	 0.114042
8.34	 0.0387282	 0.0174565	 1.44764	 -0.21082	 0.277709	 0.117116
8.36	 0.0389869	 0.0171642	 1.48981	 -0.21155	 0.282161	 0.120158
8.38	 0.0392343	 0.0168375	 1.53306	 -0.212128	 0.286533	 0.12316
8.4	 0.0394702	 0.0164773	 1.57731	 -0.212554	 0.290814	 0.126116
8.42	 0.0396945	 0.0160842	 1.62247	 -0.212828	 0.294998	 0.129018
8.44	 0.0399072	 0.0156589	 1.66844	 -0.212951	 0.299076	 0.131859
8.46	 0.040108	 0.0152024	 1.71512	 -0.212923	 0.30304	 0.134634
8.48	 0.0402968	 0.0147156	 1.76241	 -0.212747	 0.306881	 0.137334
8.5	 0.0404737	 0.0141995	 1.81022	 -0.212424	 0.310592	 0.139954
8.52	 0.0406384	 0.0136553	 1.85844	 -0.211955	 0.314165	 0.142487
8.54	 0.0407909	 0.0130841	 1.90697	 -0.211344	 0.317591	 0.144927
8.56	 0.0409312	 0.0124871	 1.95572	 -0.210593	 0.320863	 0.147268
8.58	 0.0410591	 0.0118657	 2.00456	 -0.209706	 0.323973	 0.149505
8.6	 0.0411748	 0.0112212	 2.05342	 -0.208686	 0.326915	 0.151631
8.62	 0.0412781	 0.0105552	 2.10218	 -0.207538	 0.32968	 0.153642
8.64	 0.0413691	 0.00986899	 2.15074	 -0.206266	 0.332263	 0.155533
8.66	 0.0414479	 0.00916426	 2.19901	 -0.204875	 0.334657	 0.157299
8.68	 0.0415146	 0.00844257	 2.24689	 -0.20337	 0.336856	 0.158935
8.7	 0.0415692	 0.00770558	 2.29427	 -0.201756	 0.338853	 0.160438
8.72	 0.041612	 0.00695498	 2.34106	 -0.20004	 0.340645	 0.161803
8.74	 0.0416431	 0.00619249	 2.38718	 -0.198226	 0.342226	 0.163028
8.76	 0.0416628	 0.00541989	 2.43251	 -0.196323	 0.343591	 0.164108
8.78	 0.0416713	 0.00463897	 2.47699	 -0.194335	 0.344737	 0.165042
8.8	 0.041669	 0.00385155	 2.52051	 -0.19227	 0.345661	 0.165826
8.82	 0.0416562	 0.00305948	 2.56299	 -0.190135	 0.346359	 0.166459
8.84	 0.0416334	 0.00226461	 2.60436	 -0.187937	 0.34683	 0.166938
8.86	 0.0416009	 0.00146881	 2.64452	 -0.185684	 0.34707	 0.167262
8.88	 0.0415593	 0.000673971	 2.68341	 -0.183383	 0.34708	 0.167431
8.9	 0.0415092	 -0.000118036	 2.72095	 -0.181041	 0.346859	 0.167443
8.92	 0.041451	 -0.000905329	 2.75707	 -0.178667	 0.346406	 0.167299
8.94	 0.0413855	 -0.00168604	 2.7917	 -0.176268	 0.345722	 0.166998
8.96	 0.0413133	 -0.0024583	 2.82479	 -0.173852	 0.344808	 0.166541
8.98	 0.0412352	 -0.00322027	 2.85627	 -0.171427	 0.343665	 0.165928
9	 0.0411519	 -0.00397014	 2.88609	 -0.169001	 0.342297	 0.165161
9.02	 0.0410641	 -0.00470609	 2.91419	 -0.166581	 0.340706	 0.164242
9.04	 0.0409729	 -0.00542637	 2.94054	 -0.164175	 0.338895	 0.163172
9.06	 0.040879	 -0.00612924	 2.96508	 -0.161791	 0.336869	 0.161954
9.08	 0.0407834	 -0.00681301	 2.98778	 -0.159437	 0.334632	 0.16059
9.1	 0.040687	 -0.00747603	 3.0086	 -0.15712	 0.332188	 0.159084
9.12	 0.0405909	 -0.0081167	 3.02751	 -0.154847	 0.329545	 0.157438
9.14	 0.0404961	 -0.00873348	 3.04449	 -0.152626	 0.326707	 0.155657
9.16	 0.0404035	 -0.00932487	 3.05952	 -0.150463	 0.323683	 0.153745
9.18	 0.0403143	 -0.00988945	 3.07258	 -0.148365	 0.320478	 0.151705
9.2	 0.0402296	 -0.0104259	 3.08366	 -0.146338	 0.3171	 0.149543
9.22	 0.0401505	 -0.0109328	 3.09274	 -0.144388	 0.313559	 0.147264
9.24	 0.0400781	 -0.011409	 3.09983	 -0.142523	 0.309862	 0.144872
9.26	 0.0400135	 -0.0118534	 3.10492	 -0.140745	 0.306018	 0.142373
9.28	 0.0399579	 -0.0122648	 3.10802	 -0.139063	 0.302038	 0.139773
9.3	 0.0399124	 -0.0126423	 3.10915	 -0.137479	 0.29793	 0.137078
9.32	 0.0398781	 -0.012985	 3.1083	 -0.135999	 0.293706	 0.134293
9.34	 0.0398562	 -0.013292	 3.10552	 -0.134627	 0.289376	 0.131426
9.36	 0.0398478	 -0.0135626	 3.1008	 -0.133368	 0.284952	 0.128482
9.38	 0.039854	 -0.0137961	 3.09419	 -0.132224	 0.280447	 0.12547
9.4	 0.0398759	 -0.0139919	 3.08571	 -0.1312	 0.275874	 0.122396
9.42	 0.0399146	 -0.0141496	 3.07541	 -0.130299	 0.271245	 0.119268
9.44	 0.0399711	 -0.0142686	 3.06331	 -0.129523	 0.266575	 0.116094
9.46	 0.0400464	 -0.0143487	 3.04948	 -0.128873	 0.261876	 0.112882
9.48	 0.0401414	 -0.0143897	 3.03395	 -0.128353	 0.257162	 0.10964
9.5	 0.0402569	 -0.0143915	 3.01679	 -0.127962	 0.252446	 0.106377
9.52	 0.0403937	 -0.0143541	 2.99806	 -0.1277	 0.247741	 0.1031
9.54	 0.0405527	 -0.0142776	 2.97781	 -0.127569	 0.243059	 0.0998174
9.56	 0.0407343	 -0.0141623	 2.95611	 -0.127567	 0.238413	 0.096538
9.58	 0.0409392	 -0.0140086	 2.93303	 -0.127694	 0.233813	 0.0932697
9.6	 0.0411678	 -0.0138168	 2.90865	 -0.127947	 0.229273	 0.0900207
9.62	 0.0414206	 -0.0135876	 2.88303	 -0.128326	 0.224802	 0.0867992
9.64	 0.0416977	 -0.0133216	 2.85625	 -0.128828	 0.220413	 0.0836131
9.66	 0.0419995	 -0.0130195	 2.8284	 -0.129451	 0.216114	 0.0804703
9.68	 0.042326	 -0.0126822	 2.79955	 -0.130192	 0.211918	 0.0773787
9.7	 0.0426773	 -0.0123106	 2.7698	 -0.131047	 0.207832	 0.0743459
9.72	 0.0430532	 -0.0119056	 2.73922	 -0.132012	 0.203867	 0.071379
9.74	 0.0434535	 -0.0114684	 2.70791	 -0.133084	 0.200031	 0.0684854
9.76	 0.0438781	 -0.0110001	 2.67595	 -0.134258	 0.196332	 0.0656717
9.78	 0.0443264	 -0.010502	 2.64343	 -0.135529	 0.192778	 0.0629447
9.8	 0.044798	 -0.00997525	 2.61046	 -0.136892	 0.189374	 0.0603106
9.82	 0.0452923	 -0.00942135	 2.5771	 -0.138342	 0.186128	 0.0577756
9.84	 0.0458086	 -0.0088417	 2.54347	 -0.139874	 0.183045	 0.0553455
9.86	 0.0463461	 -0.00823778	 2.50965	 -0.141481	 0.180131	 0.0530258
9.88	 0.0469038	 -0.00761111	 2.47573	 -0.143158	 0.177389	 0.0508217
9.9	 0.0474807	 -0.00696328	 2.44181	 -0.144898	 0.174823	 0.0487381
9.92	 0.0480758	 -0.00629591	 2.40798	 -0.146695	 0.172437	 0.0467797
9.94	 0.0486879	 -0.00561066	 2.37432	 -0.148543	 0.170232	 0.0449506
9.96	 0.0493154	 -0.00490922	 2.34094	 -0.150435	 0.16821	 0.0432548
9.98	 0.0499572	 -0.00419333	 2.30791	 -0.152364	 0.166373	 0.041696
10	 0.0506116	 -0.00346474	 2.27532	 -0.154324	 0.164719	 0.0402774
10.02	 0.0512771	 -0.00272522	 2.24327	 -0.156308	 0.16325	 0.0390019
10.04	 0.051952	 -0.00197656	 2.21182	 -0.158308	 0.161962	 0.0378721
10.06	 0.0526345	 -0.00122057	 2.18108	 -0.160319	 0.160856	 0.0368902
10.08	 0.0533227	 -0.000459047	 2.15112	 -0.162333	 0.159927	 0.0360581
10.1	 0.0540148	 0.000306199	 2.12201	 -0.164343	 0.159173	 0.0353772
10.12	 0.0547088	 0.00107336	 2.09383	 -0.166342	 0.158591	 0.0348488
10.14	 0.0554025	 0.00184064	 2.06666	 -0.168324	 0.158175	 0.0344737
10.16	 0.056094	 0.00260625	 2.04057	 -0.170282	 0.157921	 0.0342523
10.18	 0.0567809	 0.0033684	 2.01562	 -0.17221	 0.157823	 0.0341847
10.2	 0.0574611	 0.00412535	 1.99188	 -0.1741	 0.157876	 0.0342709
10.22	 0.0581324	 0.00487535	 1.96942	 -0.175947	 0.158072	 0.0345101
10.24	 0.0587923	 0.0056167	 1.94828	 -0.177743	 0.158405	 0.0349017
10.26	 0.0594386	 0.00634771	 1.92854	 -0.179484	 0.158868	 0.0354444
10.28	 0.0600689	 0.00706673	 1.91024	 -0.181163	 0.159451	 0.0361367
10.3	 0.0606808	 0.00777215	 1.89342	 -0.182773	 0.160147	 0.0369768
10.32	 0.0612718	 0.00846239	 1.87815	 -0.184311	 0.160947	 0.0379626
10.34	 0.0618394	 0.00913591	 1.86445	 -0.185769	 0.161841	 0.0390918
10.36	 0.0623814	 0.00979123	 1.85237	 -0.187142	 0.162821	 0.0403615
10.38	 0.0628952	 0.0104269	 1.84194	 -0.188427	 0.163877	 0.0417688
10.4	 0.0633783	 0.0110415	 1.8332	 -0.189617	 0.164997	 0.0433106
10.42	 0.0638283	 0.0116338	 1.82617	 -0.190708	 0.166173	 0.0449831
10.44	 0.0642429	 0.0122025	 1.82088	 -0.191696	 0.167393	 0.0467827
10.46	 0.0646196	 0.0127462	 1.81734	 -0.192576	 0.168647	 0.0487053
10.48	 0.064956	 0.013264	 1.81558	 -0.193346	 0.169923	 0.0507468
10.5	 0.0652498	 0.0137548	 1.8156	 -0.194	 0.171211	 0.0529026
10.52	 0.0654987	 0.0142174	 1.81742	 -0.194537	 0.1725	 0.0551681
10.54	 0.0657004	 0.014651	 1.82105	 -0.194952	 0.173776	 0.0575384
10.56	 0.0658526	 0.0150547	 1.82647	 -0.195243	 0.17503	 0.0600081
10.58	 0.0659533	 0.0154277	 1.8337	 -0.195409	 0.176249	 0.0625715
10.6	 0.066	 0.0157691	 1.84272	 -0.195445	 0.177419	 0.0652229
10.62	 0.0659909	 0.0160783	 1.85353	 -0.195352	 0.178529	 0.0679559
10.64	 0.0659237	 0.0163546	 1.8661	 -0.195126	 0.179566	 0.0707641
10.66	 0.0657967	 0.0165974	 1.88042	 -0.194767	 0.180518	 0.0736409
10.68	 0.0656078	 0.0168062	 1.89647	 -0.194275	 0.181371	 0.0765794
10.7	 0.0653554	 0.0169807	 1.91421	 -0.193648	 0.182114	 0.0795726
10.72	 0.0650378	 0.0171206	 1.93361	 -0.192886	 0.182734	 0.0826132
10.74	 0.0646534	 0.0172256	 1.95464	 -0.191991	 0.18322	 0.0856941
10.76	 0.0642009	 0.0172957	 1.97726	 -0.190963	 0.18356	 0.0888077
10.78	 0.063679	 0.0173308	 2.00142	 -0.189803	 0.183742	 0.0919468
10.8	 0.0630866	 0.0173311	 2.02707	 -0.188513	 0.183756	 0.0951038
10.82	 0.0624226	 0.0172966	 2.05417	 -0.187094	 0.183593	 0.0982712
10.84	 0.0616862	 0.0172277	 2.08265	 -0.185549	 0.183243	 0.101442
10.86	 0.0608765	 0.0171247	 2.11247	 -0.18388	 0.182695	 0.104607
10.88	 0.0599931	 0.0169881	 2.14356	 -0.182092	 0.181942	 0.10776
10.9	 0.0590354	 0.0168183	 2.17586	 -0.180186	 0.180973	 0.110894
10.92	 0.0580031	 0.0166159	 2.2093	 -0.178168	 0.179782	 0.113999
10.94	 0.0568959	 0.0163817	 2.24381	 -0.176041	 0.17836	 0.11707
10.96	 0.0557138	 0.0161163	 2.27932	 -0.17381	 0.176699	 0.120097
10.98	 0.054457	 0.0158208	 2.31575	 -0.17148	 0.174794	 0.123075
11	 0.0531257	 0.0154959	 2.35304	 -0.169056	 0.172638	 0.125994
11.02	 0.0517202	 0.0151428	 2.3911	 -0.166544	 0.170225	 0.128849
11.04	 0.0502413	 0.0147625	 2.42985	 -0.16395	 0.167552	 0.131633
11.06	 0.0486896	 0.0143561	 2.46921	 -0.16128	 0.164615	 0.134337
11.08	 0.0470661	 0.0139249	 2.5091	 -0.158541	 0.16141	 0.136956
11.1	 0.0453718	 0.0134702	 2.54943	 -0.15574	 0.157936	 0.139482
11.12	 0.0436079	 0.0129933	 2.59012	 -0.152884	 0.154191	 0.141911
11.14	 0.0417758	 0.0124956	 2.63109	 -0.149981	 0.150175	 0.144235
11.16	 0.039877	 0.0119786	 2.67224	 -0.147037	 0.145887	 0.146448
11.18	 0.0379131	 0.0114437	 2.71349	 -0.144061	 0.141329	 0.148545
11.2	 0.0358859	 0.0108925	 2.75475	 -0.141062	 0.136503	 0.150521
11.22	 0.0337975	 0.0103266	 2.79595	 -0.138046	 0.131411	 0.152371
11.24	 0.0316498	 0.00974749	 2.83698	 -0.135022	 0.126056	 0.154089
11.26	 0.0294452	 0.00915689	 2.87777	 -0.131999	 0.120444	 0.155672
11.28	 0.0271858	 0.00855641	 2.91823	 -0.128985	 0.114578	 0.157115
11.3	 0.0248743	 0.00794774	 2.95827	 -0.125988	 0.108464	 0.158414
11.32	 0.0225132	 0.00733257	 2.99781	 -0.123017	 0.102111	 0.159567
11.34	 0.0201052	 0.00671259	 3.03678	 -0.120081	 0.0955232	 0.160569
11.36	 0.0176531	 0.00608949	 3.07509	 -0.117188	 0.0887106	 0.161419
11.38	 0.0151598	 0.00546498	 3.11265	 -0.114346	 0.0816815	 0.162114
11.4	 0.0126283	 0.00484073	 3.14941	 -0.111564	 0.0744453	 0.162652
11.42	 0.0100617	 0.00421843	 3.18527	 -0.10885	 0.0670121	 0.163031
11.44	 0.00746319	 0.00359972	 3.22016	 -0.106212	 0.0593925	 0.163251
11.46	 0.00483597	 0.00298626	 3.25403	 -0.103659	 0.0515979	 0.16331
11.48	 0.00218333	 0.00237964	 3.28679	 -0.101196	 0.04364	 0.163209
11.5	 -0.000491358	 0.00178146	 3.31838	 -0.0988334	 0.0355312	 0.162946
11.52	 -0.00318471	 0.00119325	 3.34875	 -0.0965769	 0.0272841	 0.162524
11.54	 -0.00589328	 0.000616535	 3.37783	 -0.0944341	 0.018912	 0.161942
11.56	 -0.00861361	 5.27661e-05	 3.40555	 -0.0924115	 0.0104284	 0.161202
11.58	 -0.0113422	 -0.000496636	 3.43188	 -0.0905158	 0.00184718	 0.160305
11.6	 -0.0140756	 -0.00103031	 3.45676	 -0.0887528	 -0.00681764	 0.159254
11.62	 -0.0168103	 -0.00154694	 3.48015	 -0.0871286	 -0.0155517	 0.15805
11.64	 -0.0195428	 -0.00204528	 3.50199	 -0.0856483	 -0.0243405	 0.156698
11.66	 -0.0222696	 -0.00252415	 3.52225	 -0.0843172	 -0.0331694	 0.155199
11.68	 -0.0249873	 -0.00298243	 3.5409	 -0.0831398	 -0.0420237	 0.153558
11.7	 -0.0276924	 -0.00341906	 3.55789	 -0.0821203	 -0.0508888	 0.151778
11.72	 -0.0303817	 -0.00383307	 3.5732	 -0.0812625	 -0.0597499	 0.149863
11.74	 -0.0330518	 -0.00422355	 3.58682	 -0.0805698	 -0.0685924	 0.147819
11.76	 -0.0356995	 -0.00458967	 3.5987	 -0.080045	 -0.077402	 0.14565
11.78	 -0.0383215	 -0.00493068	 3.60884	 -0.0796906	 -0.0861643	 0.143361
11.8	 -0.0409148	 -0.00524593	 3.61722	 -0.0795084	 -0.0948654	 0.140957
11.82	 -0.0434764	 -0.00553481	 3.62384	 -0.0794999	 -0.103492	 0.138446
11.84	 -0.0460035	 -0.00579682	 3.62868	 -0.0796661	 -0.11203	 0.135831
11.86	 -0.0484931	 -0.00603157	 3.63174	 -0.0800073	 -0.120467	 0.133121
11.88	 -0.0509428	 -0.0062387	 3.63303	 -0.0805234	 -0.128791	 0.13032
11.9	 -0.05335	 -0.006418	 3.63255	 -0.0812138	 -0.13699	 0.127437
11.92	 -0.0557123	 -0.00656929	 3.63031	 -0.0820773	 -0.145053	 0.124478
11.94	 -0.0580274	 -0.0066925	 3.62632	 -0.0831122	 -0.152968	 0.12145
11.96	 -0.0602931	 -0.00678764	 3.6206	 -0.0843162	 -0.160726	 0.11836
11.98	 -0.062507	 -0.00685477	 3.61317	 -0.0856865	 -0.168315	 0.115217
12	 -0.0646673	 -0.00689404	 3.60406	 -0.0872199	 -0.175725	 0.112029
12.02	 -0.0667717	 -0.00690568	 3.5933	 -0.0889126	 -0.182948	 0.108804
12.04	 -0.0688186	 -0.00689001	 3.58091	 -0.0907602	 -0.189974	 0.105549
12.06	 -0.0708061	 -0.00684741	 3.56695	 -0.092758	 -0.196795	 0.102274
12.08	 -0.0727329	 -0.00677836	 3.55144	 -0.094901	 -0.203406	 0.0989872
12.1	 -0.0745977	 -0.00668343	 3.53444	 -0.0971835	 -0.2098	 0.0956964
12.12	 -0.0763994	 -0.00656325	 3.51599	 -0.0995999	 -0.215973	 0.0924103
12.14	 -0.0781373	 -0.00641851	 3.49615	 -0.102144	 -0.221921	 0.0891372
12.16	 -0.0798106	 -0.00624999	 3.47497	 -0.104809	 -0.22764	 0.0858855
12.18	 -0.081419	 -0.00605851	 3.4525	 -0.107589	 -0.233129	 0.0826632
12.2	 -0.0829623	 -0.00584497	 3.42881	 -0.110476	 -0.238386	 0.0794787
12.22	 -0.0844402	 -0.00561031	 3.40396	 -0.113463	 -0.243412	 0.0763398
12.24	 -0.0858531	 -0.00535553	 3.37801	 -0.116542	 -0.248207	 0.0732544
12.26	 -0.0872012	 -0.00508169	 3.35103	 -0.119705	 -0.252772	 0.0702301
12.28	 -0.0884852	 -0.00478989	 3.3231	 -0.122944	 -0.257112	 0.0672745
12.3	 -0.0897057	 -0.00448128	 3.29428	 -0.126249	 -0.26123	 0.0643946
12.32	 -0.0908639	 -0.00415704	 3.26464	 -0.129613	 -0.265131	 0.0615977
12.34	 -0.0919608	 -0.00381841	 3.23426	 -0.133027	 -0.268823	 0.0588903
12.36	 -0.092998	 -0.00346662	 3.20322	 -0.13648	 -0.272312	 0.0562791
12.38	 -0.0939769	 -0.00310297	 3.17159	 -0.139966	 -0.275607	 0.0537702
12.4	 -0.0948994	 -0.00272876	 3.13945	 -0.143474	 -0.278716	 0.0513696
12.42	 -0.0957672	 -0.00234528	 3.10687	 -0.146995	 -0.281649	 0.0490828
12.44	 -0.0965823	 -0.00195385	 3.07394	 -0.150522	 -0.284418	 0.0469151
12.46	 -0.097347	 -0.0015558	 3.04074	 -0.154044	 -0.287032	 0.0448714
12.48	 -0.0980636	 -0.00115245	 3.00734	 -0.157554	 -0.289503	 0.0429565
12.5	 -0.0987343	 -0.000745097	 2.97381	 -0.161043	 -0.291844	 0.0411746
12.52	 -0.0993618	 -0.00033506	 2.94025	 -0.164503	 -0.294068	 0.0395296
12.54	 -0.0999488	 7.63691e-05	 2.90672	 -0.167924	 -0.296187	 0.0380251
12.56	 -0.100498	 0.00048791	 2.8733	 -0.1713	 -0.298216	 0.0366645
12.58	 -0.101012	 0.000898303	 2.84007	 -0.174622	 -0.30017	 0.0354504
12.6	 -0.101494	 0.00130631	 2.80711	 -0.177882	 -0.302061	 0.0343855
12.62	 -0.101948	 0.00171071	 2.77448	 -0.181074	 -0.303906	 0.0334718
12.64	 -0.102375	 0.00211031	 2.74226	 -0.184189	 -0.305718	 0.0327111
12.66	 -0.102779	 0.00250395	 2.71052	 -0.187222	 -0.307514	 0.0321047
12.68	 -0.103164	 0.00289052	 2.67932	 -0.190164	 -0.309308	 0.0316537
12.7	 -0.103533	 0.0032689	 2.64874	 -0.193011	 -0.311117	 0.0313587
12.72	 -0.103888	 0.00363805	 2.61883	 -0.195756	 -0.312955	 0.0312201
12.74	 -0.104233	 0.00399696	 2.58967	 -0.198393	 -0.314837	 0.0312376
12.76	 -0.104572	 0.00434466	 2.56131	 -0.200916	 -0.31678	 0.0314109
12.78	 -0.104907	 0.0046802	 2.53381	 -0.20332	 -0.318797	 0.0317391
12.8	 -0.105242	 0.00500271	 2.50723	 -0.205602	 -0.320905	 0.0322212
12.82	 -0.10558	 0.00531135	 2.48161	 -0.207755	 -0.323119	 0.0328557
12.84	 -0.105925	 0.00560532	 2.45701	 -0.209775	 -0.325452	 0.0336407
12.86	 -0.106278	 0.00588389	 2.43348	 -0.211659	 -0.327919	 0.034574
12.88	 -0.106644	 0.00614635	 2.41106	 -0.213404	 -0.330534	 0.0356533
12.9	 -0.107026	 0.00639208	 2.38979	 -0.215005	 -0.333311	 0.0368757
12.92	 -0.107425	 0.00662049	 2.36971	 -0.21646	 -0.336262	 0.0382382
12.94	 -0.107846	 0.00683103	 2.35086	 -0.217767	 -0.339401	 0.0397373
12.96	 -0.108292	 0.00702322	 2.33327	 -0.218923	 -0.342739	 0.0413695
12.98	 -0.108763	 0.00719665	 2.31697	 -0.219925	 -0.346289	 0.0431307
13	 -0.109265	 0.00735092	 2.30198	 -0.220773	 -0.350061	 0.0450168
13.02	 -0.109798	 0.00748574	 2.28833	 -0.221465	 -0.354066	 0.0470233
13.04	 -0.110366	 0.00760082	 2.27604	 -0.221999	 -0.358314	 0.0491455
13.06	 -0.11097	 0.00769597	 2.26512	 -0.222376	 -0.362814	 0.0513785
13.08	 -0.111613	 0.00777102	 2.25559	 -0.222595	 -0.367575	 0.053717
13.1	 -0.112297	 0.00782588	 2.24746	 -0.222655	 -0.372605	 0.0561557
13.12	 -0.113023	 0.0078605	 2.24074	 -0.222557	 -0.377911	 0.0586889
13.14	 -0.113795	 0.00787489	 2.23542	 -0.222302	 -0.383499	 0.061311
13.16	 -0.114612	 0.00786913	 2.23151	 -0.221889	 -0.389377	 0.0640158
13.18	 -0.115477	 0.00784332	 2.229	 -0.22132	 -0.395547	 0.0667974
13.2	 -0.116391	 0.00779763	 2.2279	 -0.220597	 -0.402016	 0.0696494
13.22	 -0.117355	 0.0077323	 2.22818	 -0.219721	 -0.408785	 0.0725654
13.24	 -0.11837	 0.0076476	 2.22984	 -0.218694	 -0.415859	 0.0755387
13.26	 -0.119438	 0.00754384	 2.23287	 -0.217519	 -0.423237	 0.0785625
13.28	 -0.120558	 0.0074214	 2.23723	 -0.216198	 -0.430919	 0.0816297
13.3	 -0.121731	 0.00728071	 2.24292	 -0.214735	 -0.438903	 0.084733
13.32	 -0.122958	 0.00712225	 2.2499	 -0.213132	 -0.447186	 0.0878649
13.34	 -0.124238	 0.00694656	 2.25814	 -0.211395	 -0.455764	 0.091018
13.36	 -0.125572	 0.00675425	 2.26762	 -0.209526	 -0.46463	 0.0941846
13.38	 -0.126958	 0.00654596	 2.27829	 -0.207531	 -0.47378	 0.097357
13.4	 -0.128396	 0.00632239	 2.29013	 -0.205413	 -0.483204	 0.100527
13.42	 -0.129886	 0.00608428	 2.30308	 -0.203179	 -0.492895	 0.103688
13.44	 -0.131427	 0.00583241	 2.31711	 -0.200833	 -0.502844	 0.106832
13.46	 -0.133017	 0.0055676	 2.33216	 -0.198381	 -0.513039	 0.109951
13.48	 -0.134655	 0.0052907	 2.34819	 -0.195828	 -0.523471	 0.113037
13.5	 -0.136341	 0.00500258	 2.36515	 -0.193179	 -0.534127	 0.116084
13.52	 -0.138071	 0.00470415	 2.38298	 -0.190441	 -0.544994	 0.119084
13.54	 -0.139846	 0.00439634	 2.40162	 -0.187619	 -0.556058	 0.12203
13.56	 -0.141662	 0.00408012	 2.42103	 -0.18472	 -0.567303	 0.124914
13.58	 -0.143518	 0.00375647	 2.44113	 -0.18175	 -0.578714	 0.127731
13.6	 -0.145411	 0.00342641	 2.46187	 -0.178715	 -0.590274	 0.130472
13.62	 -0.14734	 0.00309101	 2.48318	 -0.175622	 -0.601965	 0.133131
13.64	 -0.149301	 0.00275132	 2.50501	 -0.172479	 -0.613768	 0.135702
13.66	 -0.151292	 0.00240843	 2.52728	 -0.169291	 -0.625665	 0.138179
13.68	 -0.15331	 0.00206346	 2.54992	 -0.166067	 -0.637636	 0.140555
13.7	 -0.155353	 0.0017175	 2.57288	 -0.162813	 -0.649661	 0.142825
13.72	 -0.157418	 0.00137168	 2.59608	 -0.159537	 -0.661719	 0.144982
13.74	 -0.159501	 0.00102712	 2.61945	 -0.156247	 -0.673792	 0.147023
13.76	 -0.1616	 0.000684919	 2.64292	 -0.152951	 -0.685856	 0.148941
13.78	 -0.163712	 0.000346201	 2.66643	 -0.149655	 -0.697892	 0.150733
13.8	 -0.165833	 1.20644e-05	 2.6899	 -0.146367	 -0.709877	 0.152394
13.82	 -0.16796	 -0.0003164	 2.71326	 -0.143095	 -0.72179	 0.153919
13.84	 -0.17009	 -0.000638115	 2.73645	 -0.139847	 -0.73361	 0.155306
13.86	 -0.172221	 -0.000952024	 2.75939	 -0.136629	 -0.745315	 0.15655
13.88	 -0.174348	 -0.00125709	 2.78202	 -0.133449	 -0.756884	 0.15765
13.9	 -0.176468	 -0.0015523	 2.80427	 -0.130315	 -0.768295	 0.158601
13.92	 -0.178578	 -0.00183667	 2.82608	 -0.127232	 -0.779527	 0.159402
13.94	 -0.180675	 -0.00210923	 2.84737	 -0.124208	 -0.790558	 0.160051
13.96	 -0.182756	 -0.00236908	 2.86808	 -0.12125	 -0.801369	 0.160546
13.98	 -0.184818	 -0.00261531	 2.88815	 -0.118364	 -0.81194	 0.160887
14	 -0.186857	 -0.00284709	 2.90752	 -0.115555	 -0.822249	 0.161071
14.02	 -0.188871	 -0.00306361	 2.92613	 -0.112831	 -0.832279	 0.1611
14.04	 -0.190856	 -0.00326411	 2.94392	 -0.110198	 -0.842011	 0.160973
14.06	 -0.19281	 -0.00344786	 2.96083	 -0.107659	 -0.851427	 0.16069
14.08	 -0.19473	 -0.00361421	 2.97681	 -0.105222	 -0.86051	 0.160252
14.1	 -0.196614	 -0.00376254	 2.9918	 -0.10289	 -0.869244	 0.159661
14.12	 -0.198458	 -0.00389228	 3.00576	 -0.100669	 -0.877612	 0.158917
14.14	 -0.20026	 -0.00400291	 3.01864	 -0.0985635	 -0.885601	 0.158022
14.16	 -0.202018	 -0.00409399	 3.0304	 -0.0965772	 -0.893198	 0.156979
14.18	 -0.20373	 -0.0041651	 3.04098	 -0.0947143	 -0.900388	 0.155791
14.2	 -0.205394	 -0.0042159	 3.05035	 -0.0929781	 -0.907162	 0.15446
14.22	 -0.207008	 -0.00424611	 3.05848	 -0.0913719	 -0.913508	 0.152989
14.24	 -0.208569	 -0.0042555	 3.06533	 -0.0898986	 -0.919418	 0.151382
14.26	 -0.210078	 -0.00424391	 3.07086	 -0.0885608	 -0.924883	 0.149643
14.28	 -0.211531	 -0.00421123	 3.07505	 -0.0873607	 -0.929896	 0.147777
14.3	 -0.212928	 -0.00415744	 3.07787	 -0.0863	 -0.934451	 0.145787
14.32	 -0.214268	 -0.00408255	 3.0793	 -0.0853802	 -0.938545	 0.143678
14.34	 -0.21555	 -0.00398664	 3.07932	 -0.0846025	 -0.942174	 0.141455
14.36	 -0.216773	 -0.00386988	 3.07792	 -0.0839676	 -0.945337	 0.139124
14.38	 -0.217937	 -0.00373244	 3.07507	 -0.0834761	 -0.948031	 0.136691
14.4	 -0.219041	 -0.00357461	 3.07077	 -0.0831283	 -0.950259	 0.134161
14.42	 -0.220085	 -0.0033967	 3.06501	 -0.0829241	 -0.952022	 0.13154
14.44	 -0.221068	 -0.00319911	 3.05778	 -0.0828628	 -0.953323	 0.128835
14.46	 -0.221991	 -0.00298229	 3.0491	 -0.0829435	 -0.954167	 0.126053
14.48	 -0.222854	 -0.00274676	 3.03895	 -0.0831647	 -0.954559	 0.123201
14.5	 -0.223657	 -0.00249312	 3.02736	 -0.0835246	 -0.954508	 0.120287
14.52	 -0.224401	 -0.00222201	 3.01432	 -0.0840211	 -0.954021	 0.117316
14.54	 -0.225086	 -0.00193413	 2.99986	 -0.0846514	 -0.953109	 0.114298
14.56	 -0.225714	 -0.00163024	 2.98399	 -0.0854128	 -0.951783	 0.111239
14.58	 -0.226285	 -0.00131115	 2.96672	 -0.0863019	 -0.950055	 0.108147
14.6	 -0.2268	 -0.00097772	 2.9481	 -0.087315	 -0.947939	 0.10503
14.62	 -0.227261	 -0.00063086	 2.92813	 -0.0884482	 -0.945451	 0.101896
14.64	 -0.22767	 -0.000271527	 2.90686	 -0.0896969	 -0.942604	 0.0987513
14.66	 -0.228027	 9.92769e-05	 2.88431	 -0.0910567	 -0.939416	 0.0956053
14.68	 -0.228335	 0.000480514	 2.86052	 -0.0925224	 -0.935905	 0.0924651
14.7	 -0.228596	 0.000871108	 2.83552	 -0.0940888	 -0.932088	 0.0893387
14.72	 -0.22881	 0.00126996	 2.80937	 -0.0957504	 -0.927985	 0.0862337
14.74	 -0.228982	 0.00167594	 2.78209	 -0.0975012	 -0.923615	 0.0831577
14.76	 -0.229111	 0.0020879	 2.75375	 -0.0993353	 -0.919	 0.0801183
14.78	 -0.229202	 0.0025047	 2.72438	 -0.101247	 -0.914161	 0.077123
14.8	 -0.229256	 0.00292517	 2.69403	 -0.103229	 -0.909119	 0.074179
14.82	 -0.229275	 0.00334814	 2.66276	 -0.105277	 -0.903897	 0.0712934
14.84	 -0.229262	 0.00377244	 2.63063	 -0.107384	 -0.898518	 0.0684731
14.86	 -0.229219	 0.00419691	 2.59768	 -0.109544	 -0.893004	 0.0657248
14.88	 -0.229149	 0.00462037	 2.56397	 -0.111751	 -0.887379	 0.0630549
14.9	 -0.229055	 0.00504164	 2.52957	 -0.113999	 -0.881664	 0.0604697
14.92	 -0.228938	 0.00545958	 2.49452	 -0.116281	 -0.875884	 0.0579751
14.94	 -0.228802	 0.00587302	 2.4589	 -0.118591	 -0.870061	 0.0555771
14.96	 -0.228649	 0.00628085	 2.42277	 -0.120922	 -0.864217	 0.0532811
14.98	 -0.22848	 0.00668196	 2.38618	 -0.12327	 -0.858374	 0.0510922
15	 -0.228299	 0.00707526	 2.3492	 -0.125628	 -0.852555	 0.0490155
15.02	 -0.228108	 0.00745969	 2.31189	 -0.12799	 -0.846781	 0.0470555
15.04	 -0.22791	 0.00783424	 2.27432	 -0.13035	 -0.841073	 0.0452165
15.06	 -0.227705	 0.00819788	 2.23655	 -0.132704	 -0.835451	 0.0435027
15.08	 -0.227498	 0.00854964	 2.19864	 -0.135044	 -0.829936	 0.0419177
15.1	 -0.227289	 0.0088886	 2.16066	 -0.137366	 -0.824546	 0.0404649
15.12	 -0.22708	 0.00921385	 2.12267	 -0.139665	 -0.8193	 0.0391473
15.14	 -0.226874	 0.00952454	 2.08473	 -0.141936	 -0.814216	 0.0379676
15.16	 -0.226672	 0.00981986	 2.04691	 -0.144174	 -0.809311	 0.0369283
15.18	 -0.226476	 0.010099	 2.00926	 -0.146374	 -0.804601	 0.0360313
15.2	 -0.226288	 0.0103614	 1.97185	 -0.148533	 -0.800101	 0.0352784
15.22	 -0.226108	 0.0106061	 1.93474	 -0.150645	 -0.795825	 0.0346709
15.24	 -0.225939	 0.0108328	 1.89799	 -0.152707	 -0.791787	 0.0342098
15.26	 -0.225781	 0.0110407	 1.86165	 -0.154716	 -0.787999	 0.0338959
15.28	 -0.225636	 0.0112293	 1.82577	 -0.156667	 -0.784474	 0.0337295
15.3	 -0.225504	 0.0113982	 1.79043	 -0.158559	 -0.78122	 0.0337106
15.32	 -0.225386	 0.011547	 1.75565	 -0.160387	 -0.778248	 0.033839
15.34	 -0.225283	 0.0116752	 1.72151	 -0.162149	 -0.775566	 0.034114
15.36	 -0.225195	 0.0117826	 1.68805	 -0.163843	 -0.773181	 0.0345346
15.38	 -0.225123	 0.0118689	 1.65531	 -0.165466	 -0.7711	 0.0350996
15.4	 -0.225067	 0.0119339	 1.62334	 -0.167016	 -0.769328	 0.0358074
15.42	 -0.225027	 0.0119774	 1.59219	 -0.168491	 -0.767869	 0.0366562
15.44	 -0.225003	 0.0119994	 1.5619	 -0.169891	 -0.766727	 0.0376438
15.46	 -0.224995	 0.0119998	 1.5325	 -0.171214	 -0.765904	 0.0387677
15.48	 -0.225003	 0.0119786	 1.50405	 -0.172458	 -0.7654	 0.0400253
15.5	 -0.225025	 0.0119358	 1.47656	 -0.173623	 -0.765216	 0.0414135
15.52	 -0.225062	 0.0118715	 1.45007	 -0.174709	 -0.765351	 0.042929
15.54	 -0.225112	 0.011786	 1.42463	 -0.175714	 -0.765804	 0.0445683
15.56	 -0.225176	 0.0116795	 1.40024	 -0.17664	 -0.766571	 0.0463277
15.58	 -0.225251	 0.0115521	 1.37694	 -0.177485	 -0.767649	 0.0482032
15.6	 -0.225337	 0.0114043	 1.35476	 -0.17825	 -0.769033	 0.0501905
15.62	 -0.225433	 0.0112362	 1.33371	 -0.178936	 -0.770717	 0.0522852
15.64	 -0.225537	 0.0110485	 1.31382	 -0.179544	 -0.772696	 0.0544826
15.66	 -0.225648	 0.0108414	 1.29509	 -0.180073	 -0.774961	 0.056778
15.68	 -0.225764	 0.0106156	 1.27754	 -0.180526	 -0.777505	 0.0591662
15.7	 -0.225883	 0.0103714	 1.26119	 -0.180903	 -0.780318	 0.0616421
15.72	 -0.226004	 0.0101095	 1.24604	 -0.181207	 -0.783392	 0.0642003
15.74	 -0.226126	 0.00983055	 1.2321	 -0.181437	 -0.786714	 0.0668352
15.76	 -0.226245	 0.00953512	 1.21937	 -0.181596	 -0.790276	 0.0695413
15.78	 -0.22636	 0.0092239	 1.20785	 -0.181687	 -0.794064	 0.0723127
15.8	 -0.226469	 0.00889762	 1.19754	 -0.18171	 -0.798066	 0.0751435
15.82	 -0.22657	 0.00855702	 1.18844	 -0.181668	 -0.802269	 0.0780277
15.84	 -0.22666	 0.00820287	 1.18054	 -0.181563	 -0.806659	 0.0809593
15.86	 -0.226738	 0.00783598	 1.17383	 -0.181398	 -0.811223	 0.0839321
15.88	 -0.2268	 0.00745717	 1.16831	 -0.181174	 -0.815945	 0.0869397
15.9	 -0.226845	 0.0070673	 1.16395	 -0.180895	 -0.82081	 0.0899758
15.92	 -0.22687	 0.00666725	 1.16074	 -0.180563	 -0.825803	 0.0930341
15.94	 -0.226873	 0.0062579	 1.15866	 -0.18018	 -0.830908	 0.0961083
15.96	 -0.22685	 0.00584016	 1.1577	 -0.17975	 -0.836107	 0.0991917
15.98	 -0.226801	 0.00541494	 1.15783	 -0.179275	 -0.841384	 0.102278
16	 -0.226721	 0.00498317	 1.15903	 -0.178758	 -0.84672	 0.105361
16.02	 -0.226609	 0.00454579	 1.16126	 -0.178202	 -0.852098	 0.108434
16.04	 -0.226462	 0.00410372	 1.16451	 -0.177609	 -0.857498	 0.11149
16.06	 -0.226278	 0.00365794	 1.16874	 -0.176982	 -0.8629	 0.114524
16.08	 -0.226053	 0.00320943	 1.17392	 -0.176325	 -0.868283	 0.117527
16.1	 -0.225786	 0.00275918	 1.18002	 -0.17564	 -0.873627	 0.120495
16.12	 -0.225473	 0.00230822	 1.18699	 -0.17493	 -0.87891	 0.123419
16.14	 -0.225112	 0.00185759	 1.1948	 -0.174198	 -0.884112	 0.126294
16.16	 -0.224702	 0.00140831	 1.20342	 -0.173448	 -0.889212	 0.129113
16.18	 -0.224239	 0.000961408	 1.21279	 -0.172683	 -0.894188	 0.13187
16.2	 -0.223721	 0.000517917	 1.22287	 -0.171905	 -0.899019	 0.134559
16.22	 -0.223146	 7.88409e-05	 1.23363	 -0.171119	 -0.903686	 0.137174
16.24	 -0.222512	 -0.000354825	 1.24501	 -0.170327	 -0.908168	 0.139708
16.26	 -0.221816	 -0.000782101	 1.25697	 -0.169533	 -0.912444	 0.142157
16.28	 -0.221058	 -0.00120202	 1.26946	 -0.16874	 -0.916497	 0.144515
16.3	 -0.220234	 -0.00161364	 1.28243	 -0.16795	 -0.920307	 0.146777
16.32	 -0.219344	 -0.00201605	 1.29582	 -0.167168	 -0.923857	 0.148937
16.34	 -0.218385	 -0.00240835	 1.3096	 -0.166396	 -0.927129	 0.150991
16.36	 -0.217357	 -0.00278969	 1.32371	 -0.165636	 -0.930106	 0.152935
16.38	 -0.216258	 -0.00315925	 1.3381	 -0.164892	 -0.932772	 0.154764
16.4	 -0.215086	 -0.00351624	 1.35272	 -0.164166	 -0.935109	 0.156474
16.42	 -0.213841	 -0.00385989	 1.3675	 -0.16346	 -0.937104	 0.158061
16.44	 -0.212521	 -0.00418947	 1.38242	 -0.162776	 -0.93874	 0.159522
16.46	 -0.211127	 -0.00450427	 1.3974	 -0.162117	 -0.940003	 0.160854
16.48	 -0.209656	 -0.00480361	 1.4124	 -0.161485	 -0.940879	 0.162053
16.5	 -0.208109	 -0.00508686	 1.42737	 -0.160881	 -0.941356	 0.163117
16.52	 -0.206486	 -0.00535339	 1.44225	 -0.160308	 -0.94142	 0.164044
16.54	 -0.204785	 -0.00560264	 1.457	 -0.159767	 -0.941061	 0.164831
16.56	 -0.203007	 -0.00583407	 1.47156	 -0.15926	 -0.940268	 0.165477
16.58	 -0.201153	 -0.00604719	 1.48589	 -0.158789	 -0.939032	 0.16598
16.6	 -0.199222	 -0.00624157	 1.49993	 -0.158356	 -0.937343	 0.16634
16.62	 -0.197215	 -0.00641681	 1.51365	 -0.157961	 -0.935196	 0.166555
16.64	 -0.195133	 -0.00657256	 1.52698	 -0.157605	 -0.932582	 0.166625
16.66	 -0.192976	 -0.00670854	 1.53989	 -0.157291	 -0.929498	 0.166551
16.68	 -0.190745	 -0.00682449	 1.55233	 -0.157018	 -0.925939	 0.166332
16.7	 -0.188442	 -0.00692021	 1.56426	 -0.156788	 -0.921901	 0.165969
16.72	 -0.186068	 -0.00699554	 1.57563	 -0.156602	 -0.917383	 0.165462
16.74	 -0.183624	 -0.00705038	 1.58641	 -0.156459	 -0.912383	 0.164814
16.76	 -0.181112	 -0.00708464	 1.59655	 -0.156359	 -0.906901	 0.164025
16.78	 -0.178534	 -0.00709831	 1.60603	 -0.156304	 -0.900938	 0.163097
16.8	 -0.175892	 -0.0070914	 1.6148	 -0.156292	 -0.894496	 0.162032
16.82	 -0.173187	 -0.00706398	 1.62283	 -0.156324	 -0.887577	 0.160834
16.84	 -0.170423	 -0.00701615	 1.6301	 -0.156399	 -0.880186	 0.159503
16.86	 -0.167601	 -0.00694808	 1.63656	 -0.156518	 -0.872327	 0.158045
16.88	 -0.164723	 -0.00685997	 1.64219	 -0.156678	 -0.864007	 0.156461
16.9	 -0.161794	 -0.00675205	 1.64698	 -0.15688	 -0.855231	 0.154755
16.92	 -0.158814	 -0.00662461	 1.65088	 -0.157122	 -0.846007	 0.152932
16.94	 -0.155788	 -0.006478	 1.65389	 -0.157405	 -0.836345	 0.150995
16.96	 -0.152718	 -0.00631256	 1.65597	 -0.157726	 -0.826252	 0.148949
16.98	 -0.149607	 -0.00612872	 1.65713	 -0.158084	 -0.81574	 0.146798
17	 -0.146459	 -0.00592693	 1.65733	 -0.158479	 -0.804818	 0.144547
17.02	 -0.143276	 -0.00570767	 1.65657	 -0.158907	 -0.793499	 0.142201
17.04	 -0.140062	 -0.00547148	 1.65484	 -0.159368	 -0.781795	 0.139766
17.06	 -0.136821	 -0.00521891	 1.65213	 -0.15986	 -0.76972	 0.137247
17.08	 -0.133556	 -0.00495055	 1.64844	 -0.16038	 -0.757289	 0.13465
17.1	 -0.13027	 -0.00466704	 1.64376	 -0.160927	 -0.744518	 0.131981
17.12	 -0.126969	 -0.00436902	 1.63809	 -0.161498	 -0.731422	 0.129246
17.14	 -0.123654	 -0.0040572	 1.63143	 -0.162091	 -0.718018	 0.126451
17.16	 -0.120331	 -0.0037323	 1.62379	 -0.162704	 -0.704325	 0.123603
17.18	 -0.117003	 -0.00339508	 1.61517	 -0.163335	 -0.69036	 0.120708
17.2	 -0.113674	 -0.00304631	 1.60559	 -0.16398	 -0.676142	 0.117774
17.22	 -0.110348	 -0.0026868	 1.59506	 -0.164638	 -0.661689	 0.114806
17.24	 -0.107029	 -0.00231737	 1.58359	 -0.165306	 -0.64702	 0.111812
17.26	 -0.10372	 -0.00193887	 1.57119	 -0.165981	 -0.632154	 0.108799
17.28	 -0.100426	 -0.00155216	 1.5579	 -0.166662	 -0.617111	 0.105773
17.3	 -0.0971504	 -0.00115811	 1.54372	 -0.167344	 -0.601907	 0.102742
17.32	 -0.0938965	 -0.000757614	 1.52868	 -0.168026	 -0.586563	 0.0997133
17.34	 -0.0906681	 -0.000351555	 1.5128	 -0.168704	 -0.571097	 0.0966931
17.36	 -0.0874687	 5.91679e-05	 1.49612	 -0.169377	 -0.555527	 0.0936886
17.38	 -0.0843017	 0.00047366	 1.47866	 -0.170042	 -0.53987	 0.0907067
17.4	 -0.0811704	 0.000891025	 1.46046	 -0.170696	 -0.524146	 0.0877544
17.42	 -0.078078	 0.00131037	 1.44154	 -0.171337	 -0.508372	 0.0848384
17.44	 -0.0750275	 0.00173079	 1.42194	 -0.171963	 -0.492564	 0.0819654
17.46	 -0.072022	 0.00215141	 1.4017	 -0.172572	 -0.476741	 0.079142
17.48	 -0.0690641	 0.00257134	 1.38086	 -0.17316	 -0.460917	 0.0763747
17.5	 -0.0661565	 0.0029897	 1.35944	 -0.173727	 -0.445109	 0.0736696
17.52	 -0.0633016	 0.00340561	 1.33751	 -0.174271	 -0.429332	 0.0710331
17.54	 -0.0605018	 0.00381823	 1.31509	 -0.174788	 -0.4136	 0.0684709
17.56	 -0.0577591	 0.00422672	 1.29223	 -0.175278	 -0.397926	 0.0659889
17.58	 -0.0550754	 0.00463024	 1.26898	 -0.175738	 -0.382324	 0.0635926
17.6	 -0.0524525	 0.00502798	 1.24537	 -0.176166	 -0.366805	 0.0612872
17.62	 -0.049892	 0.00541915	 1.22146	 -0.176561	 -0.35138	 0.0590778
17.64	 -0.0473951	 0.00580298	 1.19729	 -0.176921	 -0.336061	 0.0569693
17.66	 -0.0449631	 0.00617873	 1.17291	 -0.177244	 -0.320855	 0.0549662
17.68	 -0.0425969	 0.00654566	 1.14836	 -0.17753	 -0.305772	 0.0530729
17.7	 -0.0402973	 0.00690308	 1.1237	 -0.177775	 -0.29082	 0.0512935
17.72	 -0.0380648	 0.00725031	 1.09897	 -0.177981	 -0.276005	 0.0496319
17.74	 -0.0358999	 0.00758672	 1.07422	 -0.178144	 -0.261334	 0.0480915
17.76	 -0.0338027	 0.00791168	 1.04951	 -0.178265	 -0.246811	 0.0466757
17.78	 -0.0317732	 0.00822462	 1.02487	 -0.178342	 -0.232441	 0.0453874
17.8	 -0.0298112	 0.00852496	 1.00035	 -0.178375	 -0.218227	 0.0442294
17.82	 -0.0279162	 0.0088122	 0.976015	 -0.178364	 -0.204171	 0.0432041
17.84	 -0.0260878	 0.00908584	 0.951901	 -0.178307	 -0.190276	 0.0423135
17.86	 -0.0243249	 0.00934543	 0.928056	 -0.178204	 -0.17654	 0.0415594
17.88	 -0.0226268	 0.00959055	 0.90453	 -0.178056	 -0.162966	 0.0409434
17.9	 -0.0209923	 0.0098208	 0.881368	 -0.177861	 -0.14955	 0.0404666
17.92	 -0.01942	 0.0100358	 0.858615	 -0.177621	 -0.136292	 0.0401299
17.94	 -0.0179084	 0.0102354	 0.836318	 -0.177335	 -0.12319	 0.039934
17.96	 -0.0164559	 0.0104191	 0.814519	 -0.177003	 -0.110239	 0.039879
17.98	 -0.0150607	 0.0105867	 0.793262	 -0.176626	 -0.0974365	 0.0399651
18	 -0.0137209	 0.0107381	 0.772589	 -0.176204	 -0.0847772	 0.0401919
18.02	 -0.0124343	 0.0108731	 0.752541	 -0.175739	 -0.072256	 0.0405588
18.04	 -0.0111987	 0.0109914	 0.733158	 -0.17523	 -0.059867	 0.041065
18.06	 -0.0100118	 0.0110932	 0.714477	 -0.174678	 -0.0476038	 0.0417093
18.08	 -0.00887105	 0.0111781	 0.696538	 -0.174086	 -0.0354594	 0.0424903
18.1	 -0.00777386	 0.0112464	 0.679374	 -0.173452	 -0.0234264	 0.0434061
18.12	 -0.00671756	 0.0112978	 0.66302	 -0.17278	 -0.0114968	 0.0444549
18.14	 -0.00569936	 0.0113326	 0.64751	 -0.172069	 0.000337574	 0.0456344
18.16	 -0.0047164	 0.0113507	 0.632874	 -0.171322	 0.0120855	 0.0469421
18.18	 -0.00376572	 0.0113523	 0.619141	 -0.17054	 0.023756	 0.0483752
18.2	 -0.00284431	 0.0113376	 0.60634	 -0.169724	 0.0353584	 0.0499308
18.22	 -0.0019491	 0.0113067	 0.594498	 -0.168877	 0.0469022	 0.0516055
18.24	 -0.00107696	 0.0112598	 0.583637	 -0.167999	 0.0583971	 0.053396
18.26	 -0.000224727	 0.0111971	 0.573781	 -0.167093	 0.0698531	 0.0552984
18.28	 0.000610801	 0.011119	 0.56495	 -0.16616	 0.0812803	 0.057309
18.3	 0.00143284	 0.0110258	 0.557164	 -0.165203	 0.0926887	 0.0594237
18.32	 0.00224461	 0.0109177	 0.550439	 -0.164224	 0.104088	 0.0616381
18.34	 0.00304935	 0.0107952	 0.54479	 -0.163224	 0.11549	 0.0639477
18.36	 0.00385029	 0.0106586	 0.540232	 -0.162206	 0.126903	 0.0663479
18.38	 0.00465065	 0.0105084	 0.536774	 -0.161172	 0.138338	 0.0688339
18.4	 0.00545362	 0.010345	 0.534426	 -0.160125	 0.149805	 0.0714007
18.42	 0.00626239	 0.0101688	 0.533195	 -0.159066	 0.161313	 0.0740432
18.44	 0.00708008	 0.00998042	 0.533088	 -0.157998	 0.172873	 0.0767562
18.46	 0.0079098	 0.00978025	 0.534107	 -0.156923	 0.184494	 0.0795343
18.48	 0.00875454	 0.00956887	 0.536253	 -0.155845	 0.196183	 0.0823718
18.5	 0.00961724	 0.00934684	 0.539527	 -0.154765	 0.20795	 0.0852632
18.52	 0.0105007	 0.00911478	 0.543925	 -0.153686	 0.2198	 0.0882025
18.54	 0.0114077	 0.0088733	 0.549444	 -0.152611	 0.23174	 0.0911837
18.56	 0.0123407	 0.00862306	 0.556076	 -0.151543	 0.243774	 0.0942005
18.58	 0.0133022	 0.00836471	 0.563812	 -0.150484	 0.255908	 0.0972466
18.6	 0.0142946	 0.00809895	 0.572643	 -0.149438	 0.268143	 0.100316
18.62	 0.01532	 0.00782644	 0.582554	 -0.148407	 0.280484	 0.103401
18.64	 0.0163805	 0.00754788	 0.59353	 -0.147394	 0.292932	 0.106496
18.66	 0.0174781	 0.00726397	 0.605555	 -0.146403	 0.305488	 0.109594
18.68	 0.0186146	 0.00697541	 0.618609	 -0.145435	 0.318154	 0.112689
18.7	 0.0197916	 0.00668292	 0.632672	 -0.144494	 0.33093	 0.115774
18.72	 0.0210107	 0.0063872	 0.647719	 -0.143583	 0.343814	 0.118842
18.74	 0.0222734	 0.00608899	 0.663726	 -0.142703	 0.356806	 0.121887
18.76	 0.0235807	 0.005789	 0.680667	 -0.141859	 0.369903	 0.124902
18.78	 0.0249338	 0.00548792	 0.698513	 -0.141052	 0.383103	 0.127881
18.8	 0.0263336	 0.00518647	 0.717234	 -0.140284	 0.396402	 0.130817
18.82	 0.0277808	 0.00488534	 0.736798	 -0.13956	 0.409795	 0.133705
18.84	 0.029276	 0.00458523	 0.757171	 -0.138879	 0.42328	 0.136538
18.86	 0.0308198	 0.00428683	 0.77832	 -0.138246	 0.43685	 0.139309
18.88	 0.0324122	 0.00399082	 0.800209	 -0.137662	 0.450498	 0.142014
18.9	 0.0340536	 0.00369789	 0.822799	 -0.13713	 0.464219	 0.144645
18.92	 0.0357437	 0.00340871	 0.846053	 -0.136651	 0.478005	 0.147198
18.94	 0.0374824	 0.00312391	 0.869931	 -0.136227	 0.491847	 0.149667
18.96	 0.0392693	 0.00284412	 0.894392	 -0.135861	 0.505736	 0.152046
18.98	 0.0411038	 0.00256996	 0.919396	 -0.135553	 0.519661	 0.154331
19	 0.0429852	 0.00230199	 0.944898	 -0.135306	 0.533611	 0.156517
19.02	 0.0449125	 0.00204077	 0.970857	 -0.135121	 0.547576	 0.158598
19.04	 0.0468847	 0.00178683	 0.997229	 -0.134998	 0.561542	 0.16057
19.06	 0.0489007	 0.0015407	 1.02397	 -0.134941	 0.575496	 0.162428
19.08	 0.0509591	 0.00130285	 1.05103	 -0.134949	 0.589426	 0.164169
19.1	 0.0530584	 0.00107377	 1.07837	 -0.135023	 0.603317	 0.165789
19.12	 0.0551971	 0.000853879	 1.10595	 -0.135164	 0.617155	 0.167284
19.14	 0.0573734	 0.000643598	 1.13371	 -0.135374	 0.630925	 0.168651
19.16	 0.0595854	 0.000443299	 1.16161	 -0.135651	 0.644612	 0.169887
19.18	 0.0618312	 0.000253327	 1.1896	 -0.135997	 0.658199	 0.170989
19.2	 0.0641088	 7.39965e-05	 1.21765	 -0.136411	 0.671671	 0.171954
19.22	 0.0664158	 -9.44091e-05	 1.2457	 -0.136894	 0.685011	 0.172781
19.24	 0.0687501	 -0.000251637	 1.2737	 -0.137445	 0.698202	 0.173467
19.26	 0.0711092	 -0.000397467	 1.30163	 -0.138064	 0.711229	 0.174012
19.28	 0.0734909	 -0.000531709	 1.32942	 -0.138751	 0.724073	 0.174413
19.3	 0.0758924	 -0.000654207	 1.35704	 -0.139503	 0.736718	 0.17467
19.32	 0.0783114	 -0.000764837	 1.38444	 -0.140322	 0.749147	 0.174782
19.34	 0.0807451	 -0.000863513	 1.41158	 -0.141205	 0.761343	 0.174749
19.36	 0.0831909	 -0.000950177	 1.43842	 -0.142151	 0.773288	 0.174571
19.38	 0.0856461	 -0.00102481	 1.46492	 -0.143159	 0.784966	 0.174249
19.4	 0.088108	 -0.00108742	 1.49105	 -0.144228	 0.796361	 0.173783
19.42	 0.0905739	 -0.00113806	 1.51675	 -0.145355	 0.807455	 0.173173
19.44	 0.093041	 -0.00117679	 1.542	 -0.146538	 0.818234	 0.172422
19.46	 0.0955065	 -0.00120373	 1.56676	 -0.147777	 0.82868	 0.171531
19.48	 0.0979677	 -0.00121902	 1.591	 -0.149068	 0.838778	 0.170501
19.5	 0.100422	 -0.00122281	 1.61468	 -0.150409	 0.848515	 0.169336
19.52	 0.102867	 -0.00121531	 1.63777	 -0.151797	 0.857874	 0.168038
19.54	 0.105299	 -0.00119674	 1.66024	 -0.153231	 0.866843	 0.166609
19.56	 0.107716	 -0.00116737	 1.68207	 -0.154707	 0.875408	 0.165052
19.58	 0.110116	 -0.00112746	 1.70322	 -0.156222	 0.883557	 0.163372
19.6	 0.112495	 -0.00107732	 1.72368	 -0.157774	 0.891277	 0.161572
19.62	 0.114853	 -0.00101729	 1.74342	 -0.159359	 0.898557	 0.159655
19.64	 0.117185	 -0.000947713	 1.76241	 -0.160974	 0.905387	 0.157627
19.66	 0.11949	 -0.000868968	 1.78064	 -0.162617	 0.911758	 0.155491
19.68	 0.121766	 -0.000781451	 1.7981	 -0.164282	 0.91766	 0.153252
19.7	 0.124011	 -0.000685579	 1.81475	 -0.165968	 0.923085	 0.150915
19.72	 0.126222	 -0.000581786	 1.83061	 -0.167671	 0.928028	 0.148486
19.74	 0.128398	 -0.000470524	 1.84564	 -0.169386	 0.93248	 0.145969
19.76	 0.130537	 -0.000352261	 1.85984	 -0.171111	 0.936438	 0.143371
19.78	 0.132637	 -0.000227479	 1.8732	 -0.172842	 0.939898	 0.140696
19.8	 0.134696	 -9.66731e-05	 1.88572	 -0.174575	 0.942855	 0.137952
19.82	 0.136713	 3.96515e-05	 1.8974	 -0.176305	 0.945308	 0.135144
19.84	 0.138688	 0.000180979	 1.90823	 -0.178031	 0.947257	 0.132278
19.86	 0.140618	 0.000326788	 1.9182	 -0.179746	 0.9487	 0.12936
19.88	 0.142502	 0.000476549	 1.92733	 -0.181449	 0.94964	 0.126397
19.9	 0.14434	 0.000629733	 1.93562	 -0.183135	 0.950077	 0.123397
19.92	 0.14613	 0.000785806	 1.94308	 -0.1848	 0.950016	 0.120364
19.94	 0.147873	 0.000944236	 1.9497	 -0.186442	 0.94946	 0.117306
19.96	 0.149567	 0.00110449	 1.95551	 -0.188055	 0.948415	 0.114229
19.98	 0.151212	 0.00126605	 1.96052	 -0.189637	 0.946886	 0.111141
20	 0.152807	 0.00142838	 1.96473	 -0.191184	 0.944883	 0.108048
20.02	 0.154354	 0.00159097	 1.96816	 -0.192693	 0.942412	 0.104956
20.04	 0.15585	 0.00175331	 1.97084	 -0.194161	 0.939483	 0.101873
20.06	 0.157297	 0.0019149	 1.97277	 -0.195583	 0.936107	 0.0988044
20.08	 0.158695	 0.00207523	 1.97399	 -0.196958	 0.932295	 0.095758
20.1	 0.160044	 0.00223381	 1.97451	 -0.198281	 0.928059	 0.0927399
20.12	 0.161344	 0.00239017	 1.97436	 -0.199549	 0.923414	 0.0897568
20.14	 0.162596	 0.00254381	 1.97357	 -0.200761	 0.918373	 0.0868152
20.16	 0.1638	 0.00269426	 1.97215	 -0.201911	 0.912952	 0.0839216
20.18	 0.164958	 0.00284105	 1.97015	 -0.202998	 0.907168	 0.0810822
20.2	 0.16607	 0.00298373	 1.96758	 -0.204019	 0.901038	 0.0783035
20.22	 0.167137	 0.00312187	 1.96449	 -0.20497	 0.894581	 0.0755915
20.24	 0.16816	 0.00325505	 1.9609	 -0.205851	 0.887815	 0.0729523
20.26	 0.16914	 0.00338289	 1.95685	 -0.206657	 0.88076	 0.0703915
20.28	 0.170079	 0.00350503	 1.95237	 -0.207388	 0.873435	 0.0679148
20.3	 0.170977	 0.00362115	 1.9475	 -0.208042	 0.865862	 0.0655277
20.32	 0.171836	 0.00373094	 1.94228	 -0.208616	 0.85806	 0.0632351
20.34	 0.172657	 0.00383412	 1.93674	 -0.20911	 0.850052	 0.0610422
20.36	 0.173441	 0.00393045	 1.93092	 -0.209523	 0.841858	 0.0589534
20.38	 0.174191	 0.0040197	 1.92487	 -0.209852	 0.833499	 0.0569733
20.4	 0.174907	 0.00410167	 1.91861	 -0.210099	 0.824998	 0.0551059
20.42	 0.175591	 0.00417618	 1.9122	 -0.210262	 0.816376	 0.0533552
20.44	 0.176245	 0.00424307	 1.90567	 -0.21034	 0.807654	 0.0517248
20.46	 0.176869	 0.00430222	 1.89906	 -0.210334	 0.798854	 0.050218
20.48	 0.177466	 0.00435352	 1.89242	 -0.210243	 0.789999	 0.048838
20.5	 0.178038	 0.0043969	 1.88578	 -0.210067	 0.78111	 0.0475873
20.52	 0.178585	 0.0044323	 1.87918	 -0.209808	 0.772209	 0.0464687
20.54	 0.179109	 0.0044597	 1.87267	 -0.209464	 0.763317	 0.0454841
20.56	 0.179611	 0.0044791	 1.86628	 -0.209038	 0.754454	 0.0446354
20.58	 0.180094	 0.00449054	 1.86006	 -0.208529	 0.745643	 0.0439242
20.6	 0.180559	 0.00449407	 1.85404	 -0.207939	 0.736903	 0.0433518
20.62	 0.181006	 0.00448978	 1.84827	 -0.207268	 0.728255	 0.0429191
20.64	 0.181438	 0.00447777	 1.84278	 -0.206519	 0.719717	 0.0426266
20.66	 0.181856	 0.00445816	 1.83762	 -0.205691	 0.711309	 0.0424747
20.68	 0.18226	 0.00443109	 1.83281	 -0.204787	 0.703049	 0.0424633
20.7	 0.182653	 0.00439675	 1.82839	 -0.203809	 0.694954	 0.0425922
20.72	 0.183035	 0.0043553	 1.82441	 -0.202757	 0.687041	 0.0428606
20.74	 0.183406	 0.00430696	 1.82089	 -0.201634	 0.679327	 0.0432675
20.76	 0.183769	 0.00425194	 1.81787	 -0.200441	 0.671826	 0.0438118
20.78	 0.184124	 0.00419051	 1.81538	 -0.199181	 0.664553	 0.0444917
20.8	 0.184472	 0.00412291	 1.81346	 -0.197856	 0.657522	 0.0453056
20.82	 0.184813	 0.00404944	 1.81212	 -0.196468	 0.650744	 0.0462513
20.84	 0.185148	 0.00397039	 1.8114	 -0.195019	 0.644233	 0.0473265
20.86	 0.185478	 0.0038861	 1.81133	 -0.193513	 0.637999	 0.0485284
20.88	 0.185802	 0.00379691	 1.81194	 -0.191951	 0.632051	 0.0498544
20.9	 0.186121	 0.00370315	 1.81323	 -0.190338	 0.626401	 0.0513011
20.92	 0.186436	 0.0036052	 1.81525	 -0.188675	 0.621055	 0.0528653
20.94	 0.186746	 0.00350344	 1.81801	 -0.186967	 0.616022	 0.0545432
20.96	 0.187051	 0.00339824	 1.82153	 -0.185216	 0.611309	 0.0563309
20.98	 0.187352	 0.00329001	 1.82582	 -0.183426	 0.606922	 0.0582242
21	 0.187647	 0.00317916	 1.83091	 -0.181599	 0.602864	 0.0602185
21.02	 0.187937	 0.0030661	 1.8368	 -0.17974	 0.59914	 0.0623092
21.04	 0.188221	 0.00295126	 1.84351	 -0.177851	 0.595753	 0.0644913
21.06	 0.188499	 0.00283508	 1.85105	 -0.175937	 0.592703	 0.0667597
21.08	 0.18877	 0.00271799	 1.85943	 -0.174001	 0.589992	 0.0691091
21.1	 0.189033	 0.00260044	 1.86865	 -0.172047	 0.587618	 0.0715338
21.12	 0.189287	 0.00248286	 1.87871	 -0.170078	 0.58558	 0.0740284
21.14	 0.189531	 0.00236569	 1.88962	 -0.168098	 0.583875	 0.0765868
21.16	 0.189765	 0.00224939	 1.90138	 -0.16611	 0.582499	 0.0792032
21.18	 0.189987	 0.0021344	 1.91399	 -0.164119	 0.581447	 0.0818713
21.2	 0.190196	 0.00202115	 1.92744	 -0.162128	 0.580713	 0.084585
21.22	 0.19039	 0.00191008	 1.94173	 -0.160141	 0.58029	 0.0873379
21.24	 0.190569	 0.00180162	 1.95684	 -0.15816	 0.580171	 0.0901235
21.26	 0.19073	 0.00169621	 1.97278	 -0.156192	 0.580347	 0.0929354
21.28	 0.190873	 0.00159426	 1.98952	 -0.154238	 0.580809	 0.0957669
21.3	 0.190995	 0.00149618	 2.00706	 -0.152302	 0.581545	 0.0986113
21.32	 0.191094	 0.00140239	 2.02537	 -0.150389	 0.582544	 0.101462
21.34	 0.19117	 0.00131325	 2.04445	 -0.148502	 0.583795	 0.104312
21.36	 0.19122	 0.00122916	 2.06427	 -0.146644	 0.585283	 0.107155
21.38	 0.191243	 0.00115046	 2.08481	 -0.144819	 0.586994	 0.109985
21.4	 0.191236	 0.0010775	 2.10605	 -0.14303	 0.588915	 0.112793
21.42	 0.191197	 0.00101061	 2.12797	 -0.141281	 0.591029	 0.115575
21.44	 0.191126	 0.000950081	 2.15054	 -0.139574	 0.593319	 0.118323
21.46	 0.191019	 0.000896208	 2.17372	 -0.137913	 0.59577	 0.12103
21.48	 0.190874	 0.000849254	 2.19751	 -0.1363	 0.598363	 0.123691
21.5	 0.19069	 0.000809462	 2.22185	 -0.134739	 0.601081	 0.126299
21.52	 0.190465	 0.000777049	 2.24672	 -0.133231	 0.603905	 0.128847
21.54	 0.190196	 0.000752212	 2.2721	 -0.13178	 0.606817	 0.131331
21.56	 0.189882	 0.000735118	 2.29794	 -0.130387	 0.609797	 0.133743
21.58	 0.189521	 0.000725916	 2.3242	 -0.129055	 0.612826	 0.136079
21.6	 0.18911	 0.000724725	 2.35086	 -0.127785	 0.615886	 0.138332
21.62	 0.188649	 0.000731645	 2.37788	 -0.12658	 0.618955	 0.140498
21.64	 0.188134	 0.000746748	 2.40522	 -0.12544	 0.622015	 0.142571
21.66	 0.187565	 0.000770086	 2.43283	 -0.124369	 0.625046	 0.144545
21.68	 0.186939	 0.000801682	 2.46068	 -0.123367	 0.628027	 0.146418
21.7	 0.186256	 0.000841536	 2.48874	 -0.122435	 0.63094	 0.148183
21.72	 0.185512	 0.000889621	 2.51695	 -0.121575	 0.633765	 0.149837
21.74	 0.184708	 0.000945886	 2.54528	 -0.120787	 0.636482	 0.151375
21.76	 0.183841	 0.00101026	 2.57369	 -0.120072	 0.639072	 0.152795
21.78	 0.18291	 0.00108263	 2.60214	 -0.119431	 0.641516	 0.154092
21.8	 0.181914	 0.00116287	 2.63057	 -0.118864	 0.643797	 0.155263
21.82	 0.180852	 0.00125084	 2.65896	 -0.118372	 0.645895	 0.156305
21.84	 0.179723	 0.00134634	 2.68727	 -0.117955	 0.647793	 0.157217
21.86	 0.178525	 0.00144917	 2.71544	 -0.117612	 0.649475	 0.157995
21.88	 0.177259	 0.00155911	 2.74344	 -0.117343	 0.650923	 0.158638
21.9	 0.175924	 0.00167589	 2.77123	 -0.117147	 0.652123	 0.159144
21.92	 0.174519	 0.00179924	 2.79876	 -0.117025	 0.653058	 0.159511
21.94	 0.173043	 0.00192886	 2.826	 -0.116974	 0.653715	 0.15974
21.96	 0.171498	 0.00206443	 2.85292	 -0.116995	 0.65408	 0.159828
21.98	 0.169881	 0.00220559	 2.87946	 -0.117085	 0.65414	 0.159777
22	 0.168195	 0.00235199	 2.90559	 -0.117244	 0.653884	 0.159585
22.02	 0.166438	 0.00250325	 2.93128	 -0.11747	 0.653301	 0.159254
22.04	 0.164612	 0.00265895	 2.95649	 -0.117761	 0.652379	 0.158784
22.06	 0.162716	 0.00281869	 2.98118	 -0.118116	 0.651112	 0.158176
22.08	 0.160752	 0.00298202	 3.00533	 -0.118532	 0.649489	 0.157431
22.1	 0.158721	 0.00314851	 3.02889	 -0.119008	 0.647505	 0.156551
22.12	 0.156623	 0.0033177	 3.05184	 -0.119541	 0.645153	 0.155539
22.14	 0.15446	 0.0034891	 3.07415	 -0.120129	 0.642428	 0.154396
22.16	 0.152233	 0.00366224	 3.09579	 -0.12077	 0.639326	 0.153125
22.18	 0.149943	 0.00383662	 3.11673	 -0.12146	 0.635845	 0.151729
22.2	 0.147593	 0.00401175	 3.13695	 -0.122198	 0.631982	 0.150211
22.22	 0.145183	 0.0041871	 3.15642	 -0.12298	 0.627738	 0.148575
22.24	 0.142716	 0.00436218	 3.17513	 -0.123804	 0.623112	 0.146825
22.26	 0.140195	 0.00453645	 3.19304	 -0.124666	 0.618105	 0.144965
22.28	 0.13762	 0.0047094	 3.21014	 -0.125564	 0.612721	 0.142999
22.3	 0.134996	 0.00488052	 3.22642	 -0.126495	 0.606962	 0.140931
22.32	 0.132323	 0.00504926	 3.24185	 -0.127455	 0.600834	 0.138767
22.34	 0.129605	 0.00521513	 3.25643	 -0.128441	 0.594343	 0.136512
22.36	 0.126844	 0.00537759	 3.27014	 -0.129451	 0.587494	 0.134171
22.38	 0.124044	 0.00553614	 3.28297	 -0.130481	 0.580295	 0.13175
22.4	 0.121207	 0.00569026	 3.29492	 -0.131527	 0.572755	 0.129254
22.42	 0.118336	 0.00583948	 3.30598	 -0.132587	 0.564883	 0.126689
22.44	 0.115435	 0.00598328	 3.31614	 -0.133658	 0.556689	 0.124061
22.46	 0.112507	 0.00612121	 3.3254	 -0.134735	 0.548184	 0.121377
22.48	 0.109554	 0.00625279	 3.33376	 -0.135816	 0.53938	 0.118643
22.5	 0.10658	 0.00637757	 3.34123	 -0.136898	 0.53029	 0.115865
22.52	 0.10359	 0.00649513	 3.3478	 -0.137978	 0.520926	 0.11305
22.54	 0.100585	 0.00660505	 3.35348	 -0.139051	 0.511302	 0.110204
22.56	 0.0975697	 0.00670693	 3.35828	 -0.140117	 0.501431	 0.107335
22.58	 0.0945476	 0.00680039	 3.3622	 -0.14117	 0.49133	 0.104449
22.6	 0.091522	 0.00688508	 3.36526	 -0.142209	 0.481012	 0.101552
22.62	 0.0884965	 0.00696067	 3.36747	 -0.143231	 0.470493	 0.0986515
22.64	 0.0854745	 0.00702685	 3.36884	 -0.144232	 0.45979	 0.0957547
22.66	 0.0824596	 0.00708332	 3.36939	 -0.145211	 0.448918	 0.0928681
22.68	 0.0794553	 0.00712983	 3.36913	 -0.146164	 0.437894	 0.0899986
22.7	 0.076465	 0.00716611	 3.36809	 -0.147089	 0.426734	 0.0871529
22.72	 0.0734922	 0.00719194	 3.36629	 -0.147985	 0.415458	 0.0843379
22.74	 0.0705404	 0.00720712	 3.36374	 -0.148847	 0.404081	 0.0815602
22.76	 0.067613	 0.00721149	 3.36048	 -0.149675	 0.392622	 0.0788266
22.78	 0.0647134	 0.00720492	 3.35652	 -0.150466	 0.381098	 0.0761434
22.8	 0.0618447	 0.0071873	 3.35189	 -0.151219	 0.369528	 0.0735171
22.82	 0.0590104	 0.00715858	 3.34663	 -0.151932	 0.357929	 0.0709539
22.84	 0.0562133	 0.00711873	 3.34076	 -0.152604	 0.346319	 0.0684599
22.86	 0.0534566	 0.00706776	 3.33432	 -0.153233	 0.334714	 0.0660409
22.88	 0.0507431	 0.00700572	 3.32732	 -0.153819	 0.323133	 0.0637026
22.9	 0.0480755	 0.00693267	 3.31981	 -0.154361	 0.311591	 0.0614503
22.92	 0.0454565	 0.00684871	 3.31182	 -0.154858	 0.300105	 0.0592894
22.94	 0.0428885	 0.00675399	 3.30339	 -0.155309	 0.28869	 0.0572247
22.96	 0.0403738	 0.00664866	 3.29454	 -0.155715	 0.277361	 0.055261
22.98	 0.0379144	 0.00653291	 3.28532	 -0.156076	 0.266133	 0.0534027
23	 0.0355124	 0.00640697	 3.27576	 -0.156391	 0.25502	 0.051654
23.02	 0.0331695	 0.00627111	 3.2659	 -0.156661	 0.244034	 0.0500189
23.04	 0.0308872	 0.0061256	 3.25578	 -0.156886	 0.233188	 0.0485009
23.06	 0.028667	 0.00597077	 3.24542	 -0.157067	 0.222492	 0.0471035
23.08	 0.0265099	 0.00580696	 3.23488	 -0.157204	 0.211956	 0.0458298
23.1	 0.024417	 0.00563452	 3.22418	 -0.157299	 0.201591	 0.0446825
23.12	 0.022389	 0.00545383	 3.21337	 -0.157352	 0.191403	 0.043664
23.14	 0.0204264	 0.0052653	 3.20248	 -0.157364	 0.1814	 0.0427766
23.16	 0.0185297	 0.00506934	 3.19155	 -0.157336	 0.171588	 0.0420221
23.18	 0.0166989	 0.00486639	 3.18062	 -0.157271	 0.161972	 0.041402
23.2	 0.0149339	 0.00465691	 3.16972	 -0.157168	 0.152558	 0.0409174
23.22	 0.0132346	 0.00444138	 3.1589	 -0.15703	 0.143348	 0.0405693
23.24	 0.0116003	 0.00422029	 3.14817	 -0.156858	 0.134344	 0.040358
23.26	 0.0100305	 0.00399415	 3.1376	 -0.156655	 0.12555	 0.0402839
23.28	 0.00852427	 0.00376351	 3.12719	 -0.156421	 0.116964	 0.0403468
23.3	 0.00708056	 0.0035289	 3.117	 -0.156158	 0.108588	 0.0405462
23.32	 0.00569811	 0.00329089	 3.10705	 -0.15587	 0.100419	 0.0408814
23.34	 0.00437546	 0.00305004	 3.09737	 -0.155556	 0.0924562	 0.0413512
23.36	 0.003111	 0.00280692	 3.08799	 -0.15522	 0.0846954	 0.0419542
23.38	 0.0019029	 0.00256211	 3.07896	 -0.154864	 0.0771328	 0.0426888
23.4	 0.000749179	 0.00231619	 3.07028	 -0.154489	 0.0697634	 0.043553
23.42	 -0.000352323	 0.00206974	 3.062	 -0.154098	 0.0625813	 0.0445443
23.44	 -0.00140392	 0.00182335	 3.05413	 -0.153692	 0.0555795	 0.0456602
23.46	 -0.00240807	 0.00157761	 3.0467	 -0.153275	 0.0487507	 0.0468978
23.48	 -0.0033674	 0.00133311	 3.03974	 -0.152848	 0.0420864	 0.048254
23.5	 -0.00428464	 0.00109041	 3.03327	 -0.152413	 0.0355776	 0.0497253
23.52	 -0.00516268	 0.000850091	 3.0273	 -0.151973	 0.0292147	 0.051308
23.54	 -0.0060045	 0.000612715	 3.02186	 -0.15153	 0.0229872	 0.0529982
23.56	 -0.00681321	 0.000378835	 3.01697	 -0.151086	 0.0168844	 0.0547918
23.58	 -0.00759202	 0.000148996	 3.01263	 -0.150642	 0.0108949	 0.0566843
23.6	 -0.00834422	 -7.62664e-05	 3.00887	 -0.150202	 0.00500663	 0.0586713
23.62	 -0.00907318	 -0.000296428	 3.0057	 -0.149766	 -0.000792602	 0.0607478
23.64	 -0.00978237	 -0.000510979	 3.00313	 -0.149337	 -0.0065156	 0.0629089
23.66	 -0.0104753	 -0.00071942	 3.00116	 -0.148916	 -0.0121755	 0.0651494
23.68	 -0.0111555	 -0.000921273	 2.99981	 -0.148506	 -0.0177857	 0.0674638
23.7	 -0.0118266	 -0.00111607	 2.99908	 -0.148108	 -0.0233599	 0.0698467
23.72	 -0.0124923	 -0.00130338	 2.99898	 -0.147724	 -0.0289118	 0.0722922
23.74	 -0.0131562	 -0.00148276	 2.99951	 -0.147356	 -0.0344553	 0.0747946
23.76	 -0.013822	 -0.00165382	 3.00066	 -0.147006	 -0.0400043	 0.0773478
23.78	 -0.0144933	 -0.00181617	 3.00244	 -0.146674	 -0.0455724	 0.0799457
23.8	 -0.0151738	 -0.00196946	 3.00485	 -0.146362	 -0.0511731	 0.082582
23.82	 -0.0158669	 -0.00211335	 3.00788	 -0.146072	 -0.0568199	 0.0852503
23.84	 -0.0165764	 -0.00224752	 3.01152	 -0.145804	 -0.0625261	 0.0879443
23.86	 -0.0173057	 -0.00237168	 3.01577	 -0.14556	 -0.0683046	 0.0906572
23.88	 -0.0180582	 -0.00248555	 3.02062	 -0.145341	 -0.0741684	 0.0933826
23.9	 -0.0188373	 -0.00258889	 3.02605	 -0.145148	 -0.0801298	 0.0961137
23.92	 -0.0196464	 -0.0026815	 3.03206	 -0.144981	 -0.0862012	 0.098844
23.94	 -0.0204886	 -0.00276319	 3.03862	 -0.144842	 -0.0923944	 0.101567
23.96	 -0.0213671	 -0.00283382	 3.04572	 -0.144729	 -0.0987207	 0.104275
23.98	 -0.022285	 -0.00289326	 3.05334	 -0.144645	 -0.105191	 0.106963
24	 -0.0232451	 -0.00294143	 3.06147	 -0.144588	 -0.111816	 0.109624
24.02	 -0.0242503	 -0.00297829	 3.07009	 -0.144559	 -0.118606	 0.112251
24.04	 -0.0253033	 -0.0030038	 3.07916	 -0.144558	 -0.125569	 0.114838
24.06	 -0.0264065	 -0.00301798	 3.08867	 -0.144585	 -0.132714	 0.117378
24.08	 -0.0275624	 -0.00302086	 3.09859	 -0.144639	 -0.140049	 0.119866
24.1	 -0.0287731	 -0.0030125	 3.1089	 -0.144719	 -0.14758	 0.122295
24.12	 -0.0300409	 -0.00299299	 3.11956	 -0.144825	 -0.155315	 0.124659
24.14	 -0.0313675	 -0.00296244	 3.13056	 -0.144956	 -0.163259	 0.126952
24.16	 -0.0327547	 -0.00292101	 3.14186	 -0.145111	 -0.171415	 0.12917
24.18	 -0.0342042	 -0.00286886	 3.15343	 -0.14529	 -0.179789	 0.131305
24.2	 -0.0357171	 -0.00280619	 3.16524	 -0.14549	 -0.188383	 0.133354
24.22	 -0.0372949	 -0.00273324	 3.17726	 -0.145712	 -0.197199	 0.135311
24.24	 -0.0389384	 -0.00265025	 3.18946	 -0.145952	 -0.206238	 0.137171
24.26	 -0.0406486	 -0.0025575	 3.20179	 -0.146211	 -0.2155	 0.13893
24.28	 -0.042426	 -0.00245528	 3.21424	 -0.146487	 -0.224985	 0.140583
24.3	 -0.044271	 -0.00234392	 3.22676	 -0.146777	 -0.234691	 0.142127
24.32	 -0.046184	 -0.00222375	 3.23932	 -0.147081	 -0.244616	 0.143557
24.34	 -0.0481649	 -0.00209514	 3.25189	 -0.147397	 -0.254756	 0.144871
24.36	 -0.0502136	 -0.00195845	 3.26442	 -0.147723	 -0.265107	 0.146064
24.38	 -0.0523299	 -0.0018141	 3.2769	 -0.148057	 -0.275664	 0.147134
24.4	 -0.0545131	 -0.00166249	 3.28927	 -0.148397	 -0.286421	 0.148079
24.42	 -0.0567626	 -0.00150405	 3.3015	 -0.148742	 -0.297371	 0.148895
24.44	 -0.0590775	 -0.00133921	 3.31356	 -0.14909	 -0.308506	 0.149581
24.46	 -0.0614566	 -0.00116844	 3.32542	 -0.149438	 -0.319819	 0.150135
24.48	 -0.0638989	 -0.000992191	 3.33704	 -0.149785	 -0.331299	 0.150556
24.5	 -0.0664027	 -0.000810941	 3.34839	 -0.150129	 -0.342937	 0.150842
24.52	 -0.0689665	 -0.000625168	 3.35942	 -0.150468	 -0.354722	 0.150993
24.54	 -0.0715885	 -0.000435359	 3.37012	 -0.150799	 -0.366641	 0.151008
24.56	 -0.0742669	 -0.000242006	 3.38044	 -0.15112	 -0.378683	 0.150888
24.58	 -0.0769994	 -4.56041e-05	 3.39036	 -0.15143	 -0.390833	 0.150631
24.6	 -0.0797839	 0.00015335	 3.39984	 -0.151726	 -0.40308	 0.15024
24.62	 -0.082618	 0.000354358	 3.40885	 -0.152006	 -0.415407	 0.149714
24.64	 -0.0854992	 0.000556924	 3.41737	 -0.152268	 -0.427801	 0.149055
24.66	 -0.0884248	 0.000760551	 3.42537	 -0.152511	 -0.440246	 0.148265
24.68	 -0.0913922	 0.000964748	 3.43281	 -0.152732	 -0.452726	 0.147345
24.7	 -0.0943984	 0.00116902	 3.43968	 -0.152929	 -0.465226	 0.146297
24.72	 -0.0974406	 0.0013729	 3.44594	 -0.153102	 -0.477728	 0.145125
24.74	 -0.100516	 0.00157589	 3.45158	 -0.153248	 -0.490216	 0.14383
24.76	 -0.10362	 0.00177753	 3.45657	 -0.153365	 -0.502673	 0.142417
24.78	 -0.106752	 0.00197736	 3.46089	 -0.153452	 -0.515083	 0.140887
24.8	 -0.109906	 0.00217495	 3.46451	 -0.153508	 -0.527427	 0.139245
24.82	 -0.113081	 0.00236984	 3.46744	 -0.15353	 -0.53969	 0.137495
24.84	 -0.116273	 0.00256163	 3.46963	 -0.153519	 -0.551853	 0.135641
24.86	 -0.119478	 0.00274991	 3.47109	 -0.153472	 -0.5639	 0.133687
24.88	 -0.122693	 0.00293429	 3.47179	 -0.153389	 -0.575814	 0.131638
24.9	 -0.125915	 0.0031144	 3.47172	 -0.153268	 -0.587578	 0.129499
24.92	 -0.12914	 0.00328988	 3.47088	 -0.15311	 -0.599177	 0.127275
24.94	 -0.132364	 0.00346037	 3.46924	 -0.152913	 -0.610593	 0.124971
24.96	 -0.135585	 0.00362555	 3.46682	 -0.152676	 -0.62181	 0.122593
24.98	 -0.138799	 0.0037851	 3.46359	 -0.152401	 -0.632813	 0.120147
25	 -0.142003	 0.00393872	 3.45956	 -0.152086	 -0.643585	 0.117639
25.02	 -0.145193	 0.00408615	 3.45473	 -0.151732	 -0.654113	 0.115075
25.04	 -0.148365	 0.00422713	 3.44909	 -0.151338	 -0.664381	 0.112461
25.06	 -0.151517	 0.00436144	 3.44264	 -0.150905	 -0.674375	 0.109804
25.08	 -0.154645	 0.00448886	 3.43539	 -0.150433	 -0.684083	 0.10711
25.1	 -0.157746	 0.00460923	 3.42734	 -0.149923	 -0.693493	 0.104387
25.12	 -0.160817	 0.00472236	 3.4185	 -0.149375	 -0.702591	 0.10164
25.14	 -0.163855	 0.00482813	 3.40888	 -0.14879	 -0.711369	 0.0988763
25.16	 -0.166857	 0.00492641	 3.39849	 -0.148168	 -0.719815	 0.0961035
25.18	 -0.169821	 0.00501711	 3.38733	 -0.147511	 -0.727922	 0.093328
25.2	 -0.172744	 0.00510015	 3.37543	 -0.146819	 -0.73568	 0.0905568
25.22	 -0.175622	 0.00517549	 3.36278	 -0.146094	 -0.743084	 0.0877967
25.24	 -0.178455	 0.00524311	 3.34943	 -0.145337	 -0.750127	 0.0850547
25.26	 -0.181239	 0.00530301	 3.33537	 -0.14455	 -0.756804	 0.0823375
25.28	 -0.183973	 0.00535523	 3.32062	 -0.143735	 -0.763112	 0.0796518
25.3	 -0.186655	 0.0053998	 3.30522	 -0.142892	 -0.769048	 0.0770043
25.32	 -0.189282	 0.0054368	 3.28917	 -0.142024	 -0.774611	 0.0744016
25.34	 -0.191854	 0.00546631	 3.27251	 -0.141134	 -0.779801	 0.07185
25.36	 -0.194368	 0.00548843	 3.25526	 -0.140222	 -0.784619	 0.0693558
25.38	 -0.196824	 0.00550328	 3.23743	 -0.139291	 -0.789066	 0.066925
25.4	 -0.19922	 0.005511	 3.21907	 -0.138343	 -0.793145	 0.0645636
25.42	 -0.201556	 0.00551175	 3.20019	 -0.137381	 -0.79686	 0.0622773
25.44	 -0.20383	 0.0055057	 3.18082	 -0.136406	 -0.800217	 0.0600716
25.46	 -0.206043	 0.00549304	 3.161	 -0.135421	 -0.803222	 0.0579518
25.48	 -0.208192	 0.00547399	 3.14074	 -0.134428	 -0.80588	 0.0559229
25.5	 -0.210279	 0.00544876	 3.12009	 -0.13343	 -0.8082	 0.0539898
25.52	 -0.212303	 0.00541761	 3.09908	 -0.132429	 -0.810192	 0.052157
25.54	 -0.214264	 0.00538076	 3.07773	 -0.131428	 -0.811864	 0.050429
25.56	 -0.216161	 0.0053385	 3.05607	 -0.13043	 -0.813227	 0.0488097
25.58	 -0.217996	 0.00529108	 3.03415	 -0.129436	 -0.814293	 0.047303
25.6	 -0.219769	 0.0052388	 3.01198	 -0.12845	 -0.815074	 0.0459124
25.62	 -0.221479	 0.00518195	 2.98961	 -0.127474	 -0.815582	 0.044641
25.64	 -0.223129	 0.00512082	 2.96707	 -0.126511	 -0.815831	 0.0434919
25.66	 -0.224718	 0.00505572	 2.94439	 -0.125562	 -0.815836	 0.0424675
25.68	 -0.226247	 0.00498697	 2.92161	 -0.124632	 -0.81561	 0.0415701
25.7	 -0.227718	 0.00491487	 2.89875	 -0.123721	 -0.81517	 0.0408017
25.72	 -0.229131	 0.00483975	 2.87585	 -0.122833	 -0.81453	 0.040164
25.74	 -0.230488	 0.0047619	 2.85294	 -0.12197	 -0.813708	 0.0396583
25.76	 -0.23179	 0.00468165	 2.83006	 -0.121135	 -0.812719	 0.0392856
25.78	 -0.233039	 0.0045993	 2.80723	 -0.120329	 -0.81158	 0.0390466
25.8	 -0.234235	 0.00451517	 2.7845	 -0.119554	 -0.810308	 0.0389417
25.82	 -0.235381	 0.00442956	 2.76188	 -0.118814	 -0.80892	 0.038971
25.84	 -0.236478	 0.00434278	 2.7394	 -0.118109	 -0.807434	 0.0391342
25.86	 -0.237528	 0.00425514	 2.71711	 -0.117442	 -0.805866	 0.0394308
25.88	 -0.238532	 0.00416693	 2.69503	 -0.116814	 -0.804235	 0.0398599
25.9	 -0.239492	 0.00407844	 2.67318	 -0.116228	 -0.802558	 0.0404203
25.92	 -0.24041	 0.00398996	 2.65159	 -0.115686	 -0.800853	 0.0411106
25.94	 -0.241288	 0.00390177	 2.63029	 -0.115187	 -0.799136	 0.0419289
25.96	 -0.242127	 0.00381414	 2.6093	 -0.114736	 -0.797426	 0.0428733
25.98	 -0.24293	 0.00372733	 2.58866	 -0.114332	 -0.795738	 0.0439413
26	 -0.243698	 0.00364159	 2.56837	 -0.113977	 -0.794091	 0.0451303
26.02	 -0.244434	 0.00355717	 2.54847	 -0.113672	 -0.7925	 0.0464375
26.04	 -0.245138	 0.00347429	 2.52897	 -0.113418	 -0.790982	 0.0478597
26.06	 -0.245814	 0.00339317	 2.5099	 -0.113217	 -0.789552	 0.0493935
26.08	 -0.246462	 0.00331403	 2.49128	 -0.113069	 -0.788226	 0.0510352
26.1	 -0.247085	 0.00323706	 2.47311	 -0.112976	 -0.787019	 0.052781
26.12	 -0.247684	 0.00316244	 2.45542	 -0.112936	 -0.785945	 0.0546268
26.14	 -0.248261	 0.00309035	 2.43823	 -0.112952	 -0.785019	 0.0565682
26.16	 -0.248818	 0.00302094	 2.42153	 -0.113024	 -0.784253	 0.0586007
26.18	 -0.249356	 0.00295435	 2.40536	 -0.113151	 -0.783661	 0.0607197
26.2	 -0.249877	 0.00289072	 2.38972	 -0.113334	 -0.783255	 0.0629202
26.22	 -0.250383	 0.00283016	 2.37462	 -0.113574	 -0.783047	 0.0651971
26.24	 -0.250875	 0.00277278	 2.36006	 -0.113869	 -0.783047	 0.0675453
26.26	 -0.251354	 0.00271865	 2.34605	 -0.114221	 -0.783265	 0.0699594
26.28	 -0.251823	 0.00266786	 2.33261	 -0.114628	 -0.783712	 0.0724338
26.3	 -0.252281	 0.00262048	 2.31973	 -0.115091	 -0.784396	 0.074963
26.32	 -0.25273	 0.00257653	 2.30741	 -0.115608	 -0.785326	 0.0775412
26.34	 -0.253172	 0.00253606	 2.29566	 -0.116179	 -0.786508	 0.0801625
26.36	 -0.253608	 0.00249908	 2.28448	 -0.116804	 -0.78795	 0.082821
26.38	 -0.254038	 0.00246559	 2.27386	 -0.117481	 -0.789656	 0.0855108
26.4	 -0.254463	 0.00243558	 2.26381	 -0.118209	 -0.791633	 0.0882258
26.42	 -0.254884	 0.002409	 2.25431	 -0.118989	 -0.793884	 0.0909598
26.44	 -0.255302	 0.00238583	 2.24537	 -0.119817	 -0.796412	 0.0937068
26.46	 -0.255717	 0.00236601	 2.23697	 -0.120694	 -0.79922	 0.0964606
26.48	 -0.25613	 0.00234946	 2.22911	 -0.121617	 -0.80231	 0.0992151
26.5	 -0.256541	 0.00233612	 2.22178	 -0.122585	 -0.805682	 0.101964
26.52	 -0.256951	 0.00232587	 2.21496	 -0.123596	 -0.809337	 0.104702
26.54	 -0.257359	 0.00231863	 2.20866	 -0.12465	 -0.813273	 0.107421
26.56	 -0.257766	 0.00231428	 2.20284	 -0.125743	 -0.817489	 0.110117
26.58	 -0.258172	 0.00231268	 2.1975	 -0.126875	 -0.821982	 0.112784
26.6	 -0.258576	 0.0023137	 2.19263	 -0.128043	 -0.826748	 0.115414
26.62	 -0.258978	 0.00231719	 2.18821	 -0.129246	 -0.831784	 0.118003
26.64	 -0.259379	 0.00232299	 2.18421	 -0.13048	 -0.837083	 0.120544
26.66	 -0.259778	 0.00233093	 2.18063	 -0.131745	 -0.842641	 0.123033
26.68	 -0.260174	 0.00234085	 2.17743	 -0.133038	 -0.848451	 0.125463
26.7	 -0.260566	 0.00235255	 2.17461	 -0.134356	 -0.854504	 0.127829
26.72	 -0.260955	 0.00236585	 2.17215	 -0.135697	 -0.860792	 0.130126
26.74	 -0.261338	 0.00238057	 2.17001	 -0.137059	 -0.867307	 0.132348
26.76	 -0.261717	 0.0023965	 2.16818	 -0.13844	 -0.87404	 0.134491
26.78	 -0.262089	 0.00241346	 2.16663	 -0.139836	 -0.880978	 0.13655
26.8	 -0.262453	 0.00243124	 2.16535	 -0.141246	 -0.888112	 0.13852
26.82	 -0.262809	 0.00244963	 2.1643	 -0.142667	 -0.89543	 0.140397
26.84	 -0.263155	 0.00246844	 2.16346	 -0.144096	 -0.90292	 0.142176
26.86	 -0.263491	 0.00248745	 2.16281	 -0.145531	 -0.910568	 0.143854
26.88	 -0.263815	 0.00250645	 2.16232	 -0.146969	 -0.918362	 0.145426
26.9	 -0.264125	 0.00252522	 2.16197	 -0.148407	 -0.926288	 0.14689
26.92	 -0.264421	 0.00254354	 2.16172	 -0.149842	 -0.934331	 0.148242
26.94	 -0.264701	 0.00256119	 2.16156	 -0.151273	 -0.942477	 0.149478
26.96	 -0.264964	 0.00257797	 2.16145	 -0.152695	 -0.950711	 0.150597
26.98	 -0.265208	 0.00259365	 2.16137	 -0.154106	 -0.959016	 0.151595
27	 -0.265432	 0.00260802	 2.16129	 -0.155503	 -0.967377	 0.15247
27.02	 -0.265634	 0.00262089	 2.16119	 -0.156884	 -0.975779	 0.15322
27.04	 -0.265813	 0.00263207	 2.16103	 -0.158246	 -0.984204	 0.153844
27.06	 -0.265967	 0.00264135	 2.1608	 -0.159586	 -0.992637	 0.15434
27.08	 -0.266095	 0.00264856	 2.16047	 -0.160902	 -1.00106	 0.154707
27.1	 -0.266196	 0.00265353	 2.16001	 -0.162191	 -1.00946	 0.154944
27.12	 -0.266267	 0.00265609	 2.15939	 -0.163452	 -1.01781	 0.15505
27.14	 -0.266307	 0.00265609	 2.1586	 -0.164681	 -1.02611	 0.155027
27.16	 -0.266315	 0.00265338	 2.1576	 -0.165876	 -1.03432	 0.154872
27.18	 -0.266289	 0.00264783	 2.15637	 -0.167036	 -1.04245	 0.154588
27.2	 -0.266228	 0.00263931	 2.15489	 -0.168157	 -1.05047	 0.154175
27.22	 -0.266131	 0.00262771	 2.15314	 -0.169239	 -1.05835	 0.153633
27.24	 -0.265996	 0.00261293	 2.15109	 -0.170278	 -1.0661	 0.152964
27.26	 -0.265822	 0.00259487	 2.14873	 -0.171274	 -1.07369	 0.15217
27.28	 -0.265607	 0.00257346	 2.14603	 -0.172224	 -1.0811	 0.151252
27.3	 -0.265351	 0.00254864	 2.14296	 -0.173127	 -1.08833	 0.150213
27.32	 -0.265053	 0.00252037	 2.13953	 -0.173981	 -1.09535	 0.149054
27.34	 -0.26471	 0.0024886	 2.1357	 -0.174785	 -1.10215	 0.14778
27.36	 -0.264323	 0.00245333	 2.13146	 -0.175538	 -1.10872	 0.146392
27.38	 -0.26389	 0.00241455	 2.12679	 -0.176237	 -1.11504	 0.144894
27.4	 -0.263411	 0.00237228	 2.12168	 -0.176883	 -1.1211	 0.14329
27.42	 -0.262885	 0.00232653	 2.11612	 -0.177473	 -1.12688	 0.141583
27.44	 -0.262311	 0.00227737	 2.11009	 -0.178009	 -1.13238	 0.139777
27.46	 -0.261689	 0.00222486	 2.10358	 -0.178488	 -1.13759	 0.137876
27.48	 -0.261017	 0.00216906	 2.09658	 -0.17891	 -1.14249	 0.135886
27.5	 -0.260297	 0.00211008	 2.08909	 -0.179276	 -1.14707	 0.13381
27.52	 -0.259527	 0.00204804	 2.08109	 -0.179584	 -1.15133	 0.131654
27.54	 -0.258708	 0.00198304	 2.07257	 -0.179836	 -1.15525	 0.129422
27.56	 -0.257839	 0.00191524	 2.06355	 -0.180031	 -1.15882	 0.12712
27.58	 -0.25692	 0.00184479	 2.054	 -0.180169	 -1.16205	 0.124752
27.6	 -0.255952	 0.00177185	 2.04392	 -0.180251	 -1.16493	 0.122326
27.62	 -0.254935	 0.0016966	 2.03332	 -0.180277	 -1.16744	 0.119846
27.64	 -0.253869	 0.00161925	 2.0222	 -0.180249	 -1.16958	 0.117317
27.66	 -0.252755	 0.00153998	 2.01056	 -0.180166	 -1.17136	 0.114747
27.68	 -0.251593	 0.00145901	 1.99839	 -0.18003	 -1.17276	 0.112141
27.7	 -0.250383	 0.00137657	 1.9857	 -0.179842	 -1.17378	 0.109504
27.72	 -0.249128	 0.00129289	 1.97251	 -0.179603	 -1.17443	 0.106844
27.74	 -0.247827	 0.00120821	 1.95881	 -0.179314	 -1.1747	 0.104166
27.76	 -0.246482	 0.00112278	 1.9446	 -0.178976	 -1.1746	 0.101476
27.78	 -0.245094	 0.00103687	 1.92991	 -0.178591	 -1.17411	 0.0987812
27.8	 -0.243663	 0.000950755	 1.91474	 -0.178161	 -1.17325	 0.0960872
27.82	 -0.242191	 0.000864727	 1.8991	 -0.177687	 -1.17201	 0.0934003
27.84	 -0.24068	 0.000779082	 1.883	 -0.177171	 -1.1704	 0.0907268
27.86	 -0.239131	 0.000694121	 1.86646	 -0.176616	 -1.16842	 0.0880728
27.88	 -0.237545	 0.000610147	 1.84949	 -0.176023	 -1.16608	 0.0854445
27.9	 -0.235923	 0.000527458	 1.83211	 -0.175393	 -1.16339	 0.0828478
27.92	 -0.234268	 0.000446352	 1.81432	 -0.17473	 -1.16033	 0.0802888
27.94	 -0.232582	 0.000367124	 1.79616	 -0.174035	 -1.15693	 0.0777734
27.96	 -0.230865	 0.000290069	 1.77763	 -0.173311	 -1.1532	 0.0753071
27.98	 -0.22912	 0.000215481	 1.75876	 -0.172559	 -1.14912	 0.0728957
28	 -0.227348	 0.000143651	 1.73957	 -0.171783	 -1.14472	 0.0705447
28.02	 -0.225552	 7.48672e-05	 1.72008	 -0.170983	 -1.14001	 0.0682594
28.04	 -0.223733	 9.41294e-06	 1.7003	 -0.170162	 -1.13498	 0.0660449
28.06	 -0.221893	 -5.24363e-05	 1.68026	 -0.169323	 -1.12966	 0.0639062
28.08	 -0.220034	 -0.000110411	 1.65999	 -0.168468	 -1.12404	 0.0618482
28.1	 -0.218158	 -0.00016425	 1.6395	 -0.1676	 -1.11814	 0.0598754
28.12	 -0.216268	 -0.000213695	 1.61883	 -0.166719	 -1.11197	 0.0579923
28.14	 -0.214364	 -0.000258501	 1.59798	 -0.165829	 -1.10554	 0.0562029
28.16	 -0.212449	 -0.000298428	 1.577	 -0.164932	 -1.09885	 0.0545113
28.18	 -0.210524	 -0.000333249	 1.5559	 -0.164031	 -1.09192	 0.0529212
28.2	 -0.208593	 -0.000362747	 1.53471	 -0.163126	 -1.08476	 0.0514359
28.22	 -0.206656	 -0.000386719	 1.51345	 -0.162221	 -1.07738	 0.0500588
28.24	 -0.204716	 -0.000404974	 1.49215	 -0.161317	 -1.06978	 0.0487929
28.26	 -0.202773	 -0.000417338	 1.47084	 -0.160418	 -1.06198	 0.0476407
28.28	 -0.200831	 -0.000423649	 1.44954	 -0.159524	 -1.054	 0.0466049
28.3	 -0.198891	 -0.000423762	 1.42828	 -0.158637	 -1.04583	 0.0456875
28.32	 -0.196955	 -0.000417547	 1.40708	 -0.157761	 -1.03749	 0.0448906
28.34	 -0.195023	 -0.000404888	 1.38597	 -0.156896	 -1.02899	 0.0442157
28.36	 -0.193098	 -0.000385689	 1.36497	 -0.156044	 -1.02034	 0.0436642
28.38	 -0.191182	 -0.000359866	 1.34411	 -0.155207	 -1.01155	 0.0432372
28.4	 -0.189275	 -0.000327358	 1.32342	 -0.154386	 -1.00262	 0.0429356
28.42	 -0.187379	 -0.000288115	 1.30292	 -0.153584	 -0.993572	 0.0427599
28.44	 -0.185495	 -0.000242108	 1.28263	 -0.152801	 -0.984409	 0.0427103
28.46	 -0.183625	 -0.000189323	 1.26258	 -0.152039	 -0.975141	 0.0427869
28.48	 -0.18177	 -0.000129764	 1.2428	 -0.1513	 -0.965774	 0.0429893
28.5	 -0.17993	 -6.34526e-05	 1.2233	 -0.150584	 -0.956318	 0.0433171
28.52	 -0.178107	 9.57236e-06	 1.2041	 -0.149893	 -0.946778	 0.0437694
28.54	 -0.176302	 8.92523e-05	 1.18524	 -0.149228	 -0.937163	 0.0443452
28.56	 -0.174515	 0.000175511	 1.16673	 -0.148589	 -0.92748	 0.0450431
28.58	 -0.172747	 0.000268254	 1.14859	 -0.147978	 -0.917733	 0.0458615
28.6	 -0.170998	 0.00036737	 1.13084	 -0.147396	 -0.90793	 0.0467987
28.62	 -0.169269	 0.000472729	 1.11351	 -0.146843	 -0.898075	 0.0478524
28.64	 -0.167561	 0.000584188	 1.0966	 -0.146319	 -0.888173	 0.0490205
28.66	 -0.165873	 0.000701584	 1.08015	 -0.145826	 -0.87823	 0.0503002
28.68	 -0.164206	 0.00082474	 1.06416	 -0.145364	 -0.868249	 0.051689
28.7	 -0.162561	 0.000953463	 1.04865	 -0.144933	 -0.858233	 0.0531836
28.72	 -0.160936	 0.00108755	 1.03364	 -0.144533	 -0.848186	 0.054781
28.74	 -0.159332	 0.00122677	 1.01914	 -0.144165	 -0.838112	 0.0564777
28.76	 -0.157748	 0.00137089	 1.00516	 -0.143829	 -0.828011	 0.0582702
28.78	 -0.156185	 0.00151967	 0.991722	 -0.143525	 -0.817886	 0.0601545
28.8	 -0.154642	 0.00167284	 0.978833	 -0.143252	 -0.807738	 0.0621268
28.82	 -0.153119	 0.00183012	 0.966504	 -0.143011	 -0.797569	 0.0641829
28.84	 -0.151614	 0.00199123	 0.954744	 -0.142802	 -0.787379	 0.0663185
28.86	 -0.150128	 0.00215585	 0.943562	 -0.142623	 -0.777167	 0.0685291
28.88	 -0.148659	 0.0023237	 0.932965	 -0.142476	 -0.766935	 0.0708101
28.9	 -0.147207	 0.00249443	 0.92296	 -0.142359	 -0.756681	 0.0731568
28.92	 -0.145771	 0.00266773	 0.913553	 -0.142272	 -0.746405	 0.0755643
28.94	 -0.144349	 0.00284325	 0.904749	 -0.142215	 -0.736104	 0.0780276
28.96	 -0.142942	 0.00302066	 0.896549	 -0.142186	 -0.725778	 0.0805416
28.98	 -0.141547	 0.0031996	 0.888958	 -0.142186	 -0.715424	 0.0831013
29	 -0.140163	 0.00337972	 0.881976	 -0.142213	 -0.705041	 0.0857012
29.02	 -0.13879	 0.00356066	 0.875604	 -0.142267	 -0.694625	 0.0883362
29.04	 -0.137426	 0.00374206	 0.869842	 -0.142348	 -0.684173	 0.0910008
29.06	 -0.136069	 0.00392355	 0.864687	 -0.142453	 -0.673683	 0.0936895
29.08	 -0.134719	 0.00410476	 0.860137	 -0.142583	 -0.663152	 0.096397
29.1	 -0.133373	 0.00428533	 0.856188	 -0.142737	 -0.652575	 0.0991176
29.12	 -0.132031	 0.00446488	 0.852835	 -0.142913	 -0.641949	 0.101846
29.14	 -0.130691	 0.00464305	 0.850074	 -0.143111	 -0.631269	 0.104576
29.16	 -0.12935	 0.00481946	 0.847897	 -0.143329	 -0.620533	 0.107303
29.18	 -0.128009	 0.00499374	 0.846297	 -0.143567	 -0.609735	 0.110021
29.2	 -0.126664	 0.00516554	 0.845265	 -0.143823	 -0.598872	 0.112725
29.22	 -0.125316	 0.00533448	 0.844793	 -0.144098	 -0.587938	 0.115409
29.24	 -0.12396	 0.00550021	 0.844869	 -0.144389	 -0.57693	 0.118067
29.26	 -0.122598	 0.0056624	 0.845483	 -0.144695	 -0.565843	 0.120694
29.28	 -0.121225	 0.0058207	 0.846623	 -0.145016	 -0.554674	 0.123285
29.3	 -0.119842	 0.00597478	 0.848276	 -0.145351	 -0.543417	 0.125834
29.32	 -0.118446	 0.00612433	 0.850428	 -0.145699	 -0.53207	 0.128337
29.34	 -0.117037	 0.00626903	 0.853065	 -0.146058	 -0.520629	 0.130787
29.36	 -0.115611	 0.00640857	 0.856172	 -0.146427	 -0.50909	 0.133181
29.38	 -0.114169	 0.00654266	 0.859733	 -0.146806	 -0.497451	 0.135513
29.4	 -0.112708	 0.00667101	 0.863731	 -0.147194	 -0.485709	 0.137778
29.42	 -0.111227	 0.00679333	 0.86815	 -0.147589	 -0.473861	 0.139972
29.44	 -0.109725	 0.00690936	 0.87297	 -0.147991	 -0.461904	 0.14209
29.46	 -0.1082	 0.00701883	 0.878175	 -0.148398	 -0.449836	 0.144128
29.48	 -0.106651	 0.0071215	 0.883745	 -0.148809	 -0.437655	 0.146082
29.5	 -0.105077	 0.00721713	 0.88966	 -0.149224	 -0.425359	 0.147947
29.52	 -0.103477	 0.00730551	 0.895901	 -0.149641	 -0.412946	 0.14972
29.54	 -0.101849	 0.00738642	 0.902448	 -0.15006	 -0.400415	 0.151397
29.56	 -0.100193	 0.00745968	 0.909279	 -0.150479	 -0.387763	 0.152975
29.58	 -0.0985076	 0.00752512	 0.916375	 -0.150898	 -0.374991	 0.154451
29.6	 -0.0967914	 0.00758257	 0.923713	 -0.151315	 -0.362096	 0.155821
29.62	 -0.0950438	 0.00763191	 0.931273	 -0.151731	 -0.349079	 0.157082
29.64	 -0.0932641	 0.007673	 0.939034	 -0.152144	 -0.335939	 0.158234
29.66	 -0.0914514	 0.00770576	 0.946972	 -0.152553	 -0.322677	 0.159272
29.68	 -0.0896051	 0.0077301	 0.955068	 -0.152958	 -0.309292	 0.160195
29.7	 -0.0877247	 0.00774596	 0.963299	 -0.153359	 -0.295786	 0.161001
29.72	 -0.0858096	 0.00775329	 0.971643	 -0.153754	 -0.28216	 0.161689
29.74	 -0.0838594	 0.00775206	 0.980079	 -0.154143	 -0.268415	 0.162257
29.76	 -0.0818739	 0.00774226	 0.988586	 -0.154527	 -0.254555	 0.162705
29.78	 -0.0798527	 0.0077239	 0.997143	 -0.154904	 -0.24058	 0.163031
29.8	 -0.0777957	 0.007697	 1.00573	 -0.155274	 -0.226493	 0.163235
29.82	 -0.0757029	 0.00766161	 1.01432	 -0.155637	 -0.212298	 0.163317
29.84	 -0.0735742	 0.00761779	 1.0229	 -0.155993	 -0.197999	 0.163276
29.86	 -0.0714097	 0.00756563	 1.03144	 -0.156341	 -0.183597	 0.163114
29.88	 -0.0692097	 0.00750522	 1.03994	 -0.156682	 -0.169099	 0.16283
29.9	 -0.0669743	 0.00743667	 1.04836	 -0.157014	 -0.154508	 0.162426
29.92	 -0.0647039	 0.00736012	 1.05668	 -0.157339	 -0.139829	 0.161902
29.94	 -0.062399	 0.00727572	 1.0649	 -0.157655	 -0.125067	 0.16126
29.96	 -0.0600601	 0.00718362	 1.07299	 -0.157964	 -0.110228	 0.160501
29.98	 -0.0576877	 0.00708402	 1.08094	 -0.158264	 -0.0953177	 0.159627
30	 -0.0552826	 0.00697711	 1.08873	 -0.158557	 -0.0803421	 0.158641
30.02	 -0.0528455	 0.00686312	 1.09634	 -0.158842	 -0.0653077	 0.157544
30.04	 -0.0503772	 0.00674228	 1.10375	 -0.15912	 -0.0502215	 0.156339
30.06	 -0.0478787	 0.00661484	 1.11096	 -0.15939	 -0.0350903	 0.155028
30.08	 -0.0453509	 0.00648109	 1.11795	 -0.159655	 -0.0199217	 0.153616
30.1	 -0.0427949	 0.00634129	 1.1247	 -0.159913	 -0.004723	 0.152104
30.12	 -0.0402117	 0.00619574	 1.13121	 -0.160165	 0.010498	 0.150497
30.14	 -0.0376027	 0.00604474	 1.13746	 -0.160412	 0.0257334	 0.148797
30.16	 -0.0349689	 0.00588861	 1.14344	 -0.160655	 0.0409752	 0.147009
30.18	 -0.0323117	 0.00572767	 1.14915	 -0.160893	 0.0562152	 0.145137
30.2	 -0.0296324	 0.00556228	 1.15457	 -0.161129	 0.071445	 0.143185
30.22	 -0.0269324	 0.00539278	 1.15969	 -0.161361	 0.0866561	 0.141157
30.24	 -0.0242131	 0.00521952	 1.16452	 -0.161592	 0.10184	 0.139058
30.26	 -0.021476	 0.00504288	 1.16903	 -0.161822	 0.116987	 0.136892
30.28	 -0.0187227	 0.00486322	 1.17323	 -0.162051	 0.13209	 0.134665
30.3	 -0.0159545	 0.00468094	 1.17712	 -0.162281	 0.14714	 0.13238
30.32	 -0.0131732	 0.00449641	 1.18069	 -0.162512	 0.162127	 0.130044
30.34	 -0.0103804	 0.00431003	 1.18393	 -0.162745	 0.177043	 0.127661
30.36	 -0.00757752	 0.00412219	 1.18685	 -0.162982	 0.19188	 0.125236
30.38	 -0.00476637	 0.00393329	 1.18945	 -0.163222	 0.206628	 0.122775
30.4	 -0.00194858	 0.00374372	 1.19173	 -0.163467	 0.221279	 0.120284
30.42	 0.000874175	 0.00355387	 1.19368	 -0.163717	 0.235823	 0.117767
30.44	 0.00370021	 0.00336414	 1.19532	 -0.163973	 0.250254	 0.115231
30.46	 0.00652782	 0.00317493	 1.19663	 -0.164235	 0.264561	 0.112681
30.48	 0.00935532	 0.00298664	 1.19764	 -0.164506	 0.278737	 0.110122
30.5	 0.012181	 0.00279965	 1.19835	 -0.164784	 0.292773	 0.10756
30.52	 0.0150032	 0.00261437	 1.19875	 -0.165071	 0.306662	 0.105001
30.54	 0.0178202	 0.00243116	 1.19886	 -0.165368	 0.320395	 0.10245
30.56	 0.0206304	 0.00225043	 1.19869	 -0.165675	 0.333965	 0.099913
30.58	 0.0234321	 0.00207255	 1.19824	 -0.165992	 0.347363	 0.0973957
30.6	 0.0262236	 0.00189788	 1.19753	 -0.166321	 0.360584	 0.0949033
30.62	 0.0290034	 0.0017268	 1.19656	 -0.166661	 0.373619	 0.0924414
30.64	 0.03177	 0.00155964	 1.19535	 -0.167014	 0.386462	 0.0900153
30.66	 0.0345217	 0.00139677	 1.19391	 -0.16738	 0.399107	 0.0876301
30.68	 0.037257	 0.00123851	 1.19225	 -0.167759	 0.411547	 0.0852912
30.7	 0.0399746	 0.00108519	 1.19039	 -0.168153	 0.423777	 0.0830035
30.72	 0.0426729	 0.000937106	 1.18833	 -0.16856	 0.435792	 0.0807721
30.74	 0.0453506	 0.000794554	 1.1861	 -0.168982	 0.447585	 0.0786017
30.76	 0.0480064	 0.000657809	 1.18371	 -0.169419	 0.459154	 0.076497
30.78	 0.050639	 0.000527132	 1.18118	 -0.16987	 0.470493	 0.0744625
30.8	 0.0532472	 0.000402764	 1.17852	 -0.170337	 0.481598	 0.0725027
30.82	 0.0558299	 0.000284933	 1.17575	 -0.170819	 0.492468	 0.0706217
30.84	 0.0583859	 0.000173847	 1.17289	 -0.171317	 0.503098	 0.0688236
30.86	 0.0609141	 6.97023e-05	 1.16995	 -0.171829	 0.513486	 0.0671121
30.88	 0.0634137	 -2.73227e-05	 1.16696	 -0.172357	 0.52363	 0.065491
30.9	 0.0658836	 -0.000117063	 1.16393	 -0.172899	 0.533529	 0.0639638
30.92	 0.0683231	 -0.000199371	 1.16088	 -0.173456	 0.543181	 0.0625336
30.94	 0.0707314	 -0.000274114	 1.15784	 -0.174028	 0.552586	 0.0612035
30.96	 0.0731077	 -0.000341175	 1.15481	 -0.174614	 0.561744	 0.0599763
30.98	 0.0754513	 -0.000400457	 1.15183	 -0.175214	 0.570653	 0.0588545
31	 0.0777617	 -0.000451879	 1.1489	 -0.175828	 0.579316	 0.0578407
31.02	 0.0800384	 -0.000495377	 1.14605	 -0.176455	 0.587732	 0.0569367
31.04	 0.0822808	 -0.000530908	 1.14331	 -0.177094	 0.595903	 0.0561446
31.06	 0.0844887	 -0.000558448	 1.14068	 -0.177746	 0.603831	 0.0554658
31.08	 0.0866616	 -0.000577991	 1.13819	 -0.178409	 0.611517	 0.0549019
31.1	 0.0887993	 -0.000589554	 1.13586	 -0.179082	 0.618964	 0.0544539
31.12	 0.0909016	 -0.000593171	 1.13371	 -0.179766	 0.626175	 0.0541227
31.14	 0.0929683	 -0.0005889	 1.13175	 -0.180459	 0.633152	 0.0539089
31.16	 0.0949994	 -0.000576814	 1.13002	 -0.18116	 0.6399	 0.0538129
31.18	 0.0969948	 -0.000557006	 1.12851	 -0.181869	 0.646421	 0.0538348
31.2	 0.0989546	 -0.000529587	 1.12726	 -0.182584	 0.65272	 0.0539746
31.22	 0.100879	 -0.000494686	 1.12629	 -0.183304	 0.658801	 0.0542318
31.24	 0.102768	 -0.000452447	 1.1256	 -0.184028	 0.664669	 0.0546058
31.26	 0.104621	 -0.000403032	 1.12522	 -0.184755	 0.670328	 0.0550957
31.28	 0.10644	 -0.000346619	 1.12516	 -0.185483	 0.675785	 0.0557005
31.3	 0.108224	 -0.000283399	 1.12545	 -0.186212	 0.681043	 0.0564188
31.32	 0.109974	 -0.000213581	 1.12609	 -0.186939	 0.686109	 0.057249
31.34	 0.11169	 -0.000137388	 1.1271	 -0.187664	 0.690987	 0.0581891
31.36	 0.113372	 -5.50559e-05	 1.1285	 -0.188384	 0.695683	 0.0592372
31.38	 0.115021	 3.31622e-05	 1.1303	 -0.189099	 0.700203	 0.0603909
31.4	 0.116637	 0.000127002	 1.13251	 -0.189807	 0.704552	 0.0616475
31.42	 0.118221	 0.000226187	 1.13514	 -0.190505	 0.708736	 0.0630045
31.44	 0.119774	 0.00033043	 1.13822	 -0.191193	 0.712762	 0.0644586
31.46	 0.121295	 0.000439431	 1.14174	 -0.191869	 0.716634	 0.0660068
31.48	 0.122786	 0.000552881	 1.14572	 -0.192531	 0.720359	 0.0676456
31.5	 0.124247	 0.000670459	 1.15017	 -0.193178	 0.723943	 0.0693714
31.52	 0.125678	 0.000791832	 1.1551	 -0.193807	 0.727392	 0.0711804
31.54	 0.127081	 0.000916658	 1.16052	 -0.194418	 0.730712	 0.0730686
31.56	 0.128456	 0.00104459	 1.16642	 -0.195008	 0.733909	 0.075032
31.58	 0.129803	 0.00117526	 1.17282	 -0.195575	 0.736988	 0.077066
31.6	 0.131123	 0.00130833	 1.17973	 -0.196118	 0.739957	 0.0791663
31.62	 0.132417	 0.00144341	 1.18714	 -0.196635	 0.74282	 0.0813283
31.64	 0.133686	 0.00158014	 1.19506	 -0.197124	 0.745584	 0.0835471
31.66	 0.13493	 0.00171817	 1.20349	 -0.197584	 0.748254	 0.0858179
31.68	 0.136149	 0.00185713	 1.21244	 -0.198013	 0.750835	 0.0881357
31.7	 0.137345	 0.00199666	 1.2219	 -0.198409	 0.753334	 0.0904952
31.72	 0.138519	 0.00213639	 1.23187	 -0.198771	 0.755755	 0.0928914
31.74	 0.13967	 0.00227598	 1.24236	 -0.199097	 0.758104	 0.0953189
31.76	 0.140799	 0.00241506	 1.25335	 -0.199386	 0.760384	 0.0977723
31.78	 0.141908	 0.00255328	 1.26485	 -0.199636	 0.762602	 0.100246
31.8	 0.142996	 0.00269027	 1.27685	 -0.199846	 0.764761	 0.102735
31.82	 0.144065	 0.0028257	 1.28934	 -0.200014	 0.766865	 0.105233
31.84	 0.145114	 0.0029592	 1.30232	 -0.200139	 0.768919	 0.107735
31.86	 0.146145	 0.00309045	 1.31579	 -0.200219	 0.770926	 0.110236
31.88	 0.147158	 0.00321912	 1.32973	 -0.200254	 0.772889	 0.112729
31.9	 0.148153	 0.00334488	 1.34413	 -0.200242	 0.774811	 0.11521
31.92	 0.149132	 0.00346744	 1.35899	 -0.200183	 0.776696	 0.117672
31.94	 0.150093	 0.0035865	 1.37429	 -0.200075	 0.778547	 0.12011
31.96	 0.151039	 0.00370178	 1.39002	 -0.199917	 0.780364	 0.122519
31.98	 0.151968	 0.00381301	 1.40617	 -0.199709	 0.782152	 0.124892
32	 0.152883	 0.00391993	 1.42273	 -0.199451	 0.783911	 0.127226
32.02	 0.153782	 0.00402231	 1.43968	 -0.199141	 0.785643	 0.129515
32.04	 0.154666	 0.00411992	 1.457	 -0.198779	 0.787349	 0.131752
32.06	 0.155536	 0.00421256	 1.47469	 -0.198365	 0.789032	 0.133935
32.08	 0.156392	 0.00430002	 1.49273	 -0.197898	 0.790691	 0.136056
32.1	 0.157233	 0.00438214	 1.51109	 -0.19738	 0.792326	 0.138113
32.12	 0.158061	 0.00445874	 1.52977	 -0.196808	 0.793939	 0.140099
32.14	 0.158875	 0.00452969	 1.54874	 -0.196185	 0.795529	 0.142011
32.16	 0.159676	 0.00459485	 1.56798	 -0.195508	 0.797096	 0.143845
32.18	 0.160463	 0.00465411	 1.58749	 -0.19478	 0.798639	 0.145595
32.2	 0.161237	 0.00470737	 1.60723	 -0.194	 0.800157	 0.147259
32.22	 0.161997	 0.00475456	 1.62719	 -0.193169	 0.80165	 0.148832
32.24	 0.162744	 0.00479562	 1.64734	 -0.192287	 0.803115	 0.15031
32.26	 0.163477	 0.00483051	 1.66768	 -0.191355	 0.804551	 0.151691
32.28	 0.164197	 0.00485922	 1.68817	 -0.190374	 0.805957	 0.152971
32.3	 0.164903	 0.00488175	 1.70879	 -0.189345	 0.80733	 0.154146
32.32	 0.165595	 0.00489813	 1.72954	 -0.188269	 0.808668	 0.155216
32.34	 0.166274	 0.00490839	 1.75037	 -0.187148	 0.809968	 0.156176
32.36	 0.166938	 0.0049126	 1.77128	 -0.185982	 0.811229	 0.157025
32.38	 0.167588	 0.00491084	 1.79224	 -0.184774	 0.812447	 0.15776
32.4	 0.168223	 0.00490321	 1.81323	 -0.183524	 0.813619	 0.15838
32.42	 0.168843	 0.00488982	 1.83423	 -0.182234	 0.814743	 0.158884
32.44	 0.169449	 0.00487081	 1.85521	 -0.180907	 0.815814	 0.159269
32.46	 0.170039	 0.00484632	 1.87616	 -0.179544	 0.81683	 0.159536
32.48	 0.170613	 0.00481652	 1.89706	 -0.178147	 0.817788	 0.159683
32.5	 0.171171	 0.00478159	 1.91788	 -0.176718	 0.818682	 0.15971
32.52	 0.171712	 0.00474173	 1.93861	 -0.17526	 0.819511	 0.159617
32.54	 0.172237	 0.00469714	 1.95922	 -0.173774	 0.820269	 0.159403
32.56	 0.172744	 0.00464806	 1.97969	 -0.172262	 0.820954	 0.15907
32.58	 0.173234	 0.00459472	 2.00001	 -0.170729	 0.821562	 0.158617
32.6	 0.173706	 0.00453739	 2.02016	 -0.169175	 0.822089	 0.158046
32.62	 0.174159	 0.00447631	 2.04011	 -0.167603	 0.82253	 0.157358
32.64	 0.174594	 0.00441177	 2.05986	 -0.166016	 0.822883	 0.156554
32.66	 0.17501	 0.00434406	 2.07937	 -0.164417	 0.823144	 0.155636
32.68	 0.175406	 0.00427347	 2.09864	 -0.162808	 0.823309	 0.154606
32.7	 0.175782	 0.00420031	 2.11765	 -0.161193	 0.823373	 0.153466
32.72	 0.176137	 0.00412488	 2.13639	 -0.159573	 0.823334	 0.152219
32.74	 0.176472	 0.0040475	 2.15483	 -0.157952	 0.823189	 0.150866
32.76	 0.176786	 0.00396849	 2.17296	 -0.156333	 0.822933	 0.149412
32.78	 0.177078	 0.00388819	 2.19078	 -0.154719	 0.822563	 0.147859
32.8	 0.177348	 0.00380691	 2.20827	 -0.153111	 0.822077	 0.14621
32.82	 0.177595	 0.00372498	 2.22541	 -0.151515	 0.821471	 0.14447
32.84	 0.17782	 0.00364275	 2.2422	 -0.149931	 0.820743	 0.142642
32.86	 0.178022	 0.00356054	 2.25862	 -0.148364	 0.819889	 0.140729
32.88	 0.178201	 0.00347867	 2.27466	 -0.146815	 0.818907	 0.138737
32.9	 0.178356	 0.00339749	 2.29033	 -0.145288	 0.817796	 0.13667
32.92	 0.178487	 0.00331732	 2.3056	 -0.143786	 0.816552	 0.134531
32.94	 0.178594	 0.00323848	 2.32047	 -0.142312	 0.815173	 0.132327
32.96	 0.178677	 0.00316127	 2.33494	 -0.140867	 0.813659	 0.130061
32.98	 0.178735	 0.00308602	 2.349	 -0.139456	 0.812007	 0.127739
33	 0.178768	 0.00301303	 2.36265	 -0.13808	 0.810217	 0.125366
33.02	 0.178776	 0.00294258	 2.37588	 -0.136742	 0.808286	 0.122946
33.04	 0.178759	 0.00287497	 2.38869	 -0.135445	 0.806215	 0.120487
33.06	 0.178716	 0.00281045	 2.40108	 -0.13419	 0.804002	 0.117992
33.08	 0.178648	 0.00274931	 2.41305	 -0.132981	 0.801648	 0.115467
33.1	 0.178554	 0.00269177	 2.4246	 -0.13182	 0.799151	 0.112919
33.12	 0.178435	 0.00263808	 2.43573	 -0.130708	 0.796513	 0.110352
33.14	 0.17829	 0.00258846	 2.44645	 -0.129648	 0.793733	 0.107772
33.16	 0.17812	 0.0025431	 2.45675	 -0.128641	 0.790812	 0.105186
33.18	 0.177923	 0.00250221	 2.46664	 -0.12769	 0.787751	 0.102598
33.2	 0.177701	 0.00246594	 2.47613	 -0.126795	 0.784551	 0.100015
33.22	 0.177454	 0.00243446	 2.48522	 -0.125959	 0.781213	 0.0974422
33.24	 0.177181	 0.0024079	 2.49392	 -0.125183	 0.777739	 0.0948855
33.26	 0.176882	 0.00238638	 2.50224	 -0.124468	 0.774131	 0.0923505
33.28	 0.176559	 0.00237001	 2.51017	 -0.123815	 0.77039	 0.0898429
33.3	 0.17621	 0.00235886	 2.51775	 -0.123225	 0.766519	 0.0873683
33.32	 0.175836	 0.002353	 2.52496	 -0.122699	 0.762519	 0.0849323
33.34	 0.175437	 0.00235247	 2.53183	 -0.122238	 0.758395	 0.0825401
33.36	 0.175014	 0.00235729	 2.53837	 -0.121843	 0.754148	 0.0801973
33.38	 0.174566	 0.00236747	 2.54458	 -0.121513	 0.749781	 0.077909
33.4	 0.174095	 0.00238298	 2.55048	 -0.121249	 0.745298	 0.0756803
33.42	 0.173599	 0.00240381	 2.55608	 -0.121052	 0.740701	 0.0735162
33.44	 0.17308	 0.00242989	 2.5614	 -0.12092	 0.735995	 0.0714214
33.46	 0.172537	 0.00246115	 2.56646	 -0.120855	 0.731183	 0.0694006
33.48	 0.171972	 0.00249752	 2.57126	 -0.120856	 0.726269	 0.0674582
33.5	 0.171384	 0.00253887	 2.57582	 -0.120922	 0.721256	 0.0655986
33.52	 0.170773	 0.00258509	 2.58015	 -0.121053	 0.716148	 0.0638259
33.54	 0.17014	 0.00263602	 2.58428	 -0.121249	 0.710949	 0.0621439
33.56	 0.169486	 0.00269152	 2.58822	 -0.121508	 0.705663	 0.0605563
33.58	 0.16881	 0.00275139	 2.59199	 -0.121829	 0.700295	 0.0590665
33.6	 0.168112	 0.00281543	 2.5956	 -0.122212	 0.694848	 0.0576779
33.62	 0.167394	 0.00288343	 2.59907	 -0.122655	 0.689327	 0.0563935
33.64	 0.166656	 0.00295516	 2.60242	 -0.123157	 0.683735	 0.0552159
33.66	 0.165897	 0.00303037	 2.60567	 -0.123716	 0.678078	 0.0541479
33.68	 0.165118	 0.0031088	 2.60883	 -0.12433	 0.672358	 0.0531915
33.7	 0.16432	 0.00319016	 2.61192	 -0.124998	 0.666581	 0.0523489
33.72	 0.163503	 0.00327418	 2.61497	 -0.125718	 0.660751	 0.0516219
33.74	 0.162666	 0.00336054	 2.61798	 -0.126488	 0.654871	 0.0510118
33.76	 0.161811	 0.00344894	 2.62098	 -0.127305	 0.648946	 0.0505201
33.78	 0.160938	 0.00353906	 2.62398	 -0.128168	 0.642979	 0.0501475
33.8	 0.160046	 0.00363056	 2.627	 -0.129073	 0.636975	 0.0498949
33.82	 0.159137	 0.00372311	 2.63006	 -0.130019	 0.630937	 0.0497626
33.84	 0.15821	 0.00381636	 2.63317	 -0.131004	 0.624869	 0.0497507
33.86	 0.157265	 0.00390997	 2.63636	 -0.132024	 0.618775	 0.0498591
33.88	 0.156303	 0.00400356	 2.63963	 -0.133076	 0.612658	 0.0500873
33.9	 0.155324	 0.00409678	 2.64301	 -0.13416	 0.606521	 0.0504347
33.92	 0.154329	 0.00418927	 2.6465	 -0.135271	 0.600367	 0.0509002
33.94	 0.153316	 0.00428068	 2.65014	 -0.136406	 0.594199	 0.0514825
33.96	 0.152287	 0.00437063	 2.65392	 -0.137564	 0.588019	 0.0521801
33.98	 0.151241	 0.00445877	 2.65787	 -0.138741	 0.581831	 0.052991
34	 0.15018	 0.00454475	 2.66199	 -0.139935	 0.575636	 0.0539134
34.02	 0.149101	 0.00462821	 2.6663	 -0.141142	 0.569436	 0.0549446
34.04	 0.148007	 0.0047088	 2.67082	 -0.14236	 0.563234	 0.0560823
34.06	 0.146896	 0.00478617	 2.67555	 -0.143586	 0.55703	 0.0573233
34.08	 0.145769	 0.00486	 2.68051	 -0.144817	 0.550827	 0.0586648
34.1	 0.144626	 0.00492993	 2.6857	 -0.14605	 0.544625	 0.0601032
34.12	 0.143466	 0.00499566	 2.69114	 -0.147281	 0.538426	 0.0616351
34.14	 0.14229	 0.00505686	 2.69684	 -0.148509	 0.532231	 0.0632567
34.16	 0.141097	 0.00511322	 2.7028	 -0.149729	 0.52604	 0.064964
34.18	 0.139889	 0.00516446	 2.70902	 -0.15094	 0.519853	 0.0667528
34.2	 0.138663	 0.00521028	 2.71553	 -0.152139	 0.513672	 0.0686187
34.22	 0.137421	 0.00525042	 2.72231	 -0.153322	 0.507495	 0.0705571
34.24	 0.136162	 0.00528461	 2.72939	 -0.154487	 0.501324	 0.0725633
34.26	 0.134885	 0.00531261	 2.73676	 -0.155632	 0.495157	 0.0746324
34.28	 0.133592	 0.00533419	 2.74442	 -0.156752	 0.488995	 0.0767592
34.3	 0.132281	 0.00534913	 2.75237	 -0.157847	 0.482836	 0.0789387
34.32	 0.130953	 0.00535723	 2.76063	 -0.158913	 0.476681	 0.0811654
34.34	 0.129607	 0.00535832	 2.76918	 -0.159948	 0.470527	 0.083434
34.36	 0.128243	 0.00535224	 2.77803	 -0.16095	 0.464374	 0.0857388
34.38	 0.126861	 0.00533883	 2.78718	 -0.161916	 0.45822	 0.0880743
34.4	 0.12546	 0.005318	 2.79662	 -0.162844	 0.452065	 0.0904348
34.42	 0.124041	 0.00528963	 2.80636	 -0.163732	 0.445906	 0.0928146
34.44	 0.122603	 0.00525367	 2.81638	 -0.164579	 0.439743	 0.0952078
34.46	 0.121145	 0.00521004	 2.82668	 -0.165383	 0.433572	 0.0976087
34.48	 0.119668	 0.00515874	 2.83726	 -0.166141	 0.427392	 0.100011
34.5	 0.118172	 0.00509973	 2.84811	 -0.166853	 0.421202	 0.10241
34.52	 0.116655	 0.00503305	 2.85923	 -0.167518	 0.414997	 0.104799
34.54	 0.115119	 0.00495872	 2.8706	 -0.168133	 0.408778	 0.107172
34.56	 0.113561	 0.00487679	 2.88221	 -0.168699	 0.40254	 0.109524
34.58	 0.111983	 0.00478734	 2.89406	 -0.169213	 0.396281	 0.111849
34.6	 0.110384	 0.00469048	 2.90613	 -0.169676	 0.389999	 0.114141
34.62	 0.108764	 0.00458631	 2.91842	 -0.170086	 0.383692	 0.116395
34.64	 0.107122	 0.00447499	 2.93091	 -0.170442	 0.377356	 0.118605
34.66	 0.105458	 0.00435668	 2.94359	 -0.170745	 0.37099	 0.120765
34.68	 0.103773	 0.00423157	 2.95645	 -0.170995	 0.36459	 0.122872
34.7	 0.102065	 0.00409987	 2.96946	 -0.171189	 0.358153	 0.124918
34.72	 0.100335	 0.0039618	 2.98263	 -0.17133	 0.351678	 0.126901
34.74	 0.0985823	 0.00381762	 2.99592	 -0.171416	 0.345162	 0.128813
34.76	 0.096807	 0.0036676	 3.00934	 -0.171448	 0.338602	 0.130652
34.78	 0.0950089	 0.00351202	 3.02285	 -0.171427	 0.331995	 0.132412
34.8	 0.0931879	 0.00335121	 3.03645	 -0.171352	 0.32534	 0.13409
34.82	 0.0913439	 0.00318548	 3.05012	 -0.171225	 0.318634	 0.13568
34.84	 0.0894768	 0.00301518	 3.06384	 -0.171046	 0.311874	 0.13718
34.86	 0.0875867	 0.00284067	 3.07759	 -0.170816	 0.30506	 0.138585
34.88	 0.0856736	 0.00266232	 3.09135	 -0.170537	 0.298188	 0.139892
34.9	 0.0837373	 0.00248052	 3.10512	 -0.170208	 0.291256	 0.141097
34.92	 0.0817781	 0.00229569	 3.11886	 -0.169833	 0.284264	 0.142199
34.94	 0.0797959	 0.00210825	 3.13256	 -0.169411	 0.27721	 0.143193
34.96	 0.077791	 0.00191861	 3.1462	 -0.168944	 0.270091	 0.144079
34.98	 0.0757633	 0.00172724	 3.15976	 -0.168435	 0.262908	 0.144852
35	 0.0737132	 0.00153457	 3.17323	 -0.167884	 0.255659	 0.145512
35.02	 0.0716408	 0.00134108	 3.18659	 -0.167294	 0.248343	 0.146057
35.04	 0.0695464	 0.00114721	 3.19981	 -0.166667	 0.240959	 0.146485
35.06	 0.0674302	 0.000953452	 3.21288	 -0.166004	 0.233508	 0.146795
35.08	 0.0652925	 0.000760275	 3.22578	 -0.165307	 0.225988	 0.146987
35.1	 0.0631337	 0.000568158	 3.2385	 -0.164579	 0.2184	 0.147059
35.12	 0.0609541	 0.000377585	 3.25101	 -0.163822	 0.210743	 0.147013
35.14	 0.0587542	 0.000189036	 3.26329	 -0.163038	 0.203019	 0.146847
35.16	 0.0565343	 2.99102e-06	 3.27534	 -0.162229	 0.195226	 0.146562
35.18	 0.054295	 -0.000180071	 3.28712	 -0.161398	 0.187368	 0.146159
35.2	 0.0520368	 -0.000359678	 3.29864	 -0.160547	 0.179443	 0.145638
35.22	 0.0497601	 -0.00053536	 3.30986	 -0.159678	 0.171453	 0.145001
35.24	 0.0474655	 -0.000706657	 3.32078	 -0.158793	 0.163399	 0.14425
35.26	 0.0451537	 -0.000873113	 3.33137	 -0.157896	 0.155283	 0.143386
35.28	 0.0428252	 -0.00103428	 3.34164	 -0.156988	 0.147106	 0.142411
35.3	 0.0404807	 -0.00118973	 3.35155	 -0.156072	 0.13887	 0.141327
35.32	 0.0381208	 -0.00133904	 3.36109	 -0.15515	 0.130578	 0.140137
35.34	 0.0357463	 -0.00148178	 3.37026	 -0.154225	 0.12223	 0.138844
35.36	 0.0333579	 -0.00161755	 3.37905	 -0.153298	 0.11383	 0.137451
35.38	 0.0309562	 -0.00174598	 3.38743	 -0.152373	 0.10538	 0.135961
35.4	 0.0285421	 -0.00186669	 3.3954	 -0.151451	 0.0968832	 0.134377
35.42	 0.0261164	 -0.00197932	 3.40295	 -0.150536	 0.0883416	 0.132705
35.44	 0.0236797	 -0.00208356	 3.41008	 -0.149628	 0.0797583	 0.130946
35.46	 0.021233	 -0.00217908	 3.41676	 -0.14873	 0.0711366	 0.129107
35.48	 0.0187771	 -0.00226559	 3.42299	 -0.147844	 0.0624795	 0.12719
35.5	 0.0163127	 -0.00234283	 3.42877	 -0.146972	 0.0537904	 0.125202
35.52	 0.0138409	 -0.00241055	 3.4341	 -0.146116	 0.0450728	 0.123145
35.54	 0.0113623	 -0.00246851	 3.43895	 -0.145278	 0.0363301	 0.121026
35.56	 0.00887792	 -0.00251652	 3.44334	 -0.14446	 0.0275661	 0.118849
35.58	 0.00638857	 -0.00255439	 3.44725	 -0.143663	 0.0187842	 0.11662
35.6	 0.00389513	 -0.00258198	 3.45069	 -0.142888	 0.00998831	 0.114344
35.62	 0.00139847	 -0.00259915	 3.45365	 -0.142138	 0.00118202	 0.112026
35.64	 -0.00110056	 -0.0026058	 3.45612	 -0.141414	 -0.00763093	 0.109671
35.66	 -0.00360108	 -0.00260184	 3.45812	 -0.140716	 -0.0164468	 0.107287
35.68	 -0.00610225	 -0.00258721	 3.45964	 -0.140047	 -0.025262	 0.104877
35.7	 -0.00860321	 -0.00256188	 3.46068	 -0.139407	 -0.0340726	 0.102449
35.72	 -0.0111031	 -0.00252584	 3.46125	 -0.138798	 -0.0428751	 0.100007
35.74	 -0.0136011	 -0.00247912	 3.46134	 -0.13822	 -0.0516657	 0.0975584
35.76	 -0.0160963	 -0.00242176	 3.46097	 -0.137674	 -0.0604407	 0.0951083
35.78	 -0.018588	 -0.00235384	 3.46013	 -0.13716	 -0.0691963	 0.0926627
35.8	 -0.0210753	 -0.00227545	 3.45884	 -0.13668	 -0.0779288	 0.0902277
35.82	 -0.0235573	 -0.00218674	 3.45709	 -0.136234	 -0.0866344	 0.087809
35.84	 -0.0260333	 -0.00208785	 3.4549	 -0.135822	 -0.0953095	 0.0854125
35.86	 -0.0285026	 -0.00197897	 3.45227	 -0.135445	 -0.10395	 0.0830441
35.88	 -0.0309643	 -0.0018603	 3.44922	 -0.135102	 -0.112554	 0.0807092
35.9	 -0.0334177	 -0.00173206	 3.44575	 -0.134794	 -0.121116	 0.0784137
35.92	 -0.0358621	 -0.00159452	 3.44187	 -0.134521	 -0.129635	 0.076163
35.94	 -0.0382968	 -0.00144793	 3.43759	 -0.134282	 -0.138106	 0.0739624
35.96	 -0.0407212	 -0.0012926	 3.43294	 -0.134077	 -0.146528	 0.0718173
35.98	 -0.0431347	 -0.00112885	 3.42791	 -0.133905	 -0.154898	 0.0697327
36	 -0.0455367	 -0.000957018	 3.42252	 -0.133766	 -0.163212	 0.0677136
36.02	 -0.0479266	 -0.000777467	 3.41678	 -0.13366	 -0.171471	 0.0657648
36.04	 -0.050304	 -0.00059059	 3.41071	 -0.133586	 -0.17967	 0.0638909
36.06	 -0.0526684	 -0.0003968	 3.40433	 -0.133542	 -0.187809	 0.0620962
36.08	 -0.0550192	 -0.00019653	 3.39764	 -0.133527	 -0.195886	 0.0603851
36.1	 -0.0573563	 9.76746e-06	 3.39067	 -0.133541	 -0.2039	 0.0587615
36.12	 -0.0596791	 0.000221625	 3.38342	 -0.133582	 -0.211849	 0.0572293
36.14	 -0.0619874	 0.000438559	 3.37592	 -0.133648	 -0.219734	 0.0557918
36.16	 -0.064281	 0.000660075	 3.36818	 -0.13374	 -0.227552	 0.0544526
36.18	 -0.0665596	 0.000885665	 3.36021	 -0.133854	 -0.235305	 0.0532145
36.2	 -0.068823	 0.00111481	 3.35204	 -0.13399	 -0.242991	 0.0520805
36.22	 -0.071071	 0.00134699	 3.34368	 -0.134145	 -0.250612	 0.0510531
36.24	 -0.0733037	 0.00158167	 3.33515	 -0.134319	 -0.258167	 0.0501346
36.26	 -0.0755208	 0.0018183	 3.32646	 -0.13451	 -0.265658	 0.049327
36.28	 -0.0777225	 0.00205635	 3.31763	 -0.134716	 -0.273084	 0.0486319
36.3	 -0.0799087	 0.00229527	 3.30869	 -0.134935	 -0.280448	 0.0480511
36.32	 -0.0820794	 0.00253451	 3.29964	 -0.135165	 -0.28775	 0.0475855
36.34	 -0.0842348	 0.00277352	 3.2905	 -0.135405	 -0.294992	 0.0472361
36.36	 -0.086375	 0.00301177	 3.28129	 -0.135654	 -0.302176	 0.0470036
36.38	 -0.0885001	 0.0032487	 3.27203	 -0.135909	 -0.309303	 0.0468883
36.4	 -0.0906103	 0.00348377	 3.26273	 -0.136169	 -0.316375	 0.0468902
36.42	 -0.0927059	 0.00371646	 3.25341	 -0.136432	 -0.323395	 0.0470091
36.44	 -0.0947871	 0.00394624	 3.24409	 -0.136696	 -0.330365	 0.0472446
36.46	 -0.0968542	 0.00417258	 3.23478	 -0.13696	 -0.337288	 0.0475957
36.48	 -0.0989075	 0.00439498	 3.2255	 -0.137222	 -0.344165	 0.0480614
36.5	 -0.100947	 0.00461294	 3.21625	 -0.137481	 -0.351	 0.0486403
36.52	 -0.102974	 0.00482597	 3.20707	 -0.137735	 -0.357795	 0.0493309
36.54	 -0.104988	 0.00503359	 3.19795	 -0.137982	 -0.364554	 0.0501313
36.56	 -0.106989	 0.00523533	 3.18892	 -0.138221	 -0.37128	 0.0510393
36.58	 -0.108979	 0.00543073	 3.17998	 -0.13845	 -0.377976	 0.0520525
36.6	 -0.110957	 0.00561937	 3.17116	 -0.138668	 -0.384646	 0.0531685
36.62	 -0.112924	 0.00580081	 3.16246	 -0.138873	 -0.391293	 0.0543843
36.64	 -0.114881	 0.00597466	 3.15388	 -0.139065	 -0.397919	 0.0556969
36.66	 -0.116827	 0.00614054	 3.14546	 -0.139241	 -0.40453	 0.057103
36.68	 -0.118764	 0.00629808	 3.13718	 -0.1394	 -0.411127	 0.0585991
36.7	 -0.120691	 0.00644696	 3.12907	 -0.139542	 -0.417715	 0.0601815
36.72	 -0.12261	 0.00658685	 3.12114	 -0.139666	 -0.424297	 0.0618462
36.74	 -0.12452	 0.00671746	 3.11338	 -0.13977	 -0.430876	 0.0635892
36.76	 -0.126422	 0.00683854	 3.10581	 -0.139854	 -0.437456	 0.0654062
36.78	 -0.128317	 0.00694983	 3.09844	 -0.139917	 -0.44404	 0.0672927
36.8	 -0.130206	 0.00705111	 3.09126	 -0.139959	 -0.45063	 0.069244
36.82	 -0.132087	 0.00714219	 3.08429	 -0.139979	 -0.457231	 0.0712555
36.84	 -0.133963	 0.0072229	 3.07754	 -0.139976	 -0.463845	 0.0733222
36.86	 -0.135833	 0.00729309	 3.07099	 -0.139951	 -0.470475	 0.075439
36.88	 -0.137698	 0.00735265	 3.06466	 -0.139904	 -0.477123	 0.077601
36.9	 -0.139557	 0.00740147	 3.05855	 -0.139834	 -0.483792	 0.0798029
36.92	 -0.141413	 0.00743949	 3.05267	 -0.13974	 -0.490485	 0.0820394
36.94	 -0.143264	 0.00746666	 3.047	 -0.139624	 -0.497204	 0.0843052
36.96	 -0.145111	 0.00748296	 3.04155	 -0.139486	 -0.503951	 0.0865949
36.98	 -0.146954	 0.00748841	 3.03632	 -0.139325	 -0.510728	 0.0889031
37	 -0.148794	 0.00748303	 3.03131	 -0.139142	 -0.517537	 0.0912243
37.02	 -0.150631	 0.00746688	 3.02652	 -0.138937	 -0.524378	 0.0935529
37.04	 -0.152464	 0.00744005	 3.02194	 -0.138711	 -0.531255	 0.0958836
37.06	 -0.154295	 0.00740265	 3.01757	 -0.138464	 -0.538167	 0.0982108
37.08	 -0.156124	 0.00735481	 3.0134	 -0.138198	 -0.545115	 0.100529
37.1	 -0.157949	 0.0072967	 3.00943	 -0.137913	 -0.552101	 0.102833
37.12	 -0.159772	 0.00722848	 3.00565	 -0.137609	 -0.559125	 0.105116
37.14	 -0.161593	 0.00715038	 3.00206	 -0.137289	 -0.566187	 0.107375
37.16	 -0.163411	 0.0070626	 2.99864	 -0.136953	 -0.573286	 0.109603
37.18	 -0.165227	 0.00696541	 2.9954	 -0.136602	 -0.580424	 0.111795
37.2	 -0.16704	 0.00685906	 2.99232	 -0.136237	 -0.5876	 0.113946
37.22	 -0.16885	 0.00674386	 2.98939	 -0.13586	 -0.594812	 0.116051
37.24	 -0.170657	 0.0066201	 2.98661	 -0.135471	 -0.60206	 0.118105
37.26	 -0.172462	 0.00648812	 2.98396	 -0.135073	 -0.609343	 0.120104
37.28	 -0.174263	 0.00634825	 2.98143	 -0.134667	 -0.616659	 0.122042
37.3	 -0.17606	 0.00620088	 2.97901	 -0.134254	 -0.624006	 0.123915
37.32	 -0.177854	 0.00604636	 2.97669	 -0.133836	 -0.631384	 0.12572
37.34	 -0.179643	 0.00588509	 2.97446	 -0.133414	 -0.638789	 0.127451
37.36	 -0.181428	 0.00571748	 2.9723	 -0.132991	 -0.646219	 0.129104
37.38	 -0.183208	 0.00554395	 2.97021	 -0.132567	 -0.653673	 0.130677
37.4	 -0.184982	 0.00536494	 2.96816	 -0.132144	 -0.661146	 0.132164
37.42	 -0.186751	 0.00518089	 2.96615	 -0.131725	 -0.668636	 0.133563
37.44	 -0.188514	 0.00499226	 2.96416	 -0.13131	 -0.676141	 0.134871
37.46	 -0.190269	 0.00479953	 2.96218	 -0.130902	 -0.683656	 0.136085
37.48	 -0.192017	 0.00460316	 2.96019	 -0.130503	 -0.691179	 0.137201
37.5	 -0.193758	 0.00440363	 2.95818	 -0.130114	 -0.698706	 0.138217
37.52	 -0.19549	 0.00420143	 2.95613	 -0.129737	 -0.706234	 0.139132
37.54	 -0.197212	 0.00399705	 2.95403	 -0.129373	 -0.713757	 0.139942
37.56	 -0.198925	 0.00379096	 2.95187	 -0.129025	 -0.721273	 0.140646
37.58	 -0.200628	 0.00358366	 2.94963	 -0.128694	 -0.728777	 0.141243
37.6	 -0.202319	 0.00337564	 2.9473	 -0.128382	 -0.736264	 0.141731
37.62	 -0.203998	 0.00316737	 2.94485	 -0.128091	 -0.743731	 0.14211
37.64	 -0.205665	 0.00295935	 2.94229	 -0.127822	 -0.751173	 0.142378
37.66	 -0.207318	 0.00275204	 2.93958	 -0.127578	 -0.758584	 0.142535
37.68	 -0.208958	 0.00254592	 2.93673	 -0.127358	 -0.765961	 0.142582
37.7	 -0.210582	 0.00234145	 2.93371	 -0.127166	 -0.773299	 0.142517
37.72	 -0.212191	 0.0021391	 2.93051	 -0.127002	 -0.780593	 0.142341
37.74	 -0.213784	 0.00193931	 2.92713	 -0.126868	 -0.787837	 0.142055
37.76	 -0.21536	 0.00174251	 2.92353	 -0.126765	 -0.795028	 0.141659
37.78	 -0.216917	 0.00154913	 2.91972	 -0.126694	 -0.802159	 0.141155
37.8	 -0.218456	 0.00135959	 2.91568	 -0.126657	 -0.809227	 0.140544
37.82	 -0.219976	 0.00117426	 2.9114	 -0.126654	 -0.816226	 0.139827
37.84	 -0.221476	 0.000993529	 2.90686	 -0.126687	 -0.823151	 0.139007
37.86	 -0.222954	 0.000817772	 2.90206	 -0.126755	 -0.829998	 0.138085
37.88	 -0.224411	 0.000647341	 2.89698	 -0.126861	 -0.836762	 0.137065
37.9	 -0.225846	 0.000482574	 2.89162	 -0.127004	 -0.843439	 0.135947
37.92	 -0.227258	 0.000323796	 2.88597	 -0.127185	 -0.850025	 0.134736
37.94	 -0.228646	 0.000171315	 2.88001	 -0.127404	 -0.856514	 0.133434
37.96	 -0.230009	 2.5419e-05	 2.87374	 -0.127662	 -0.862904	 0.132045
37.98	 -0.231348	 -0.000113625	 2.86716	 -0.127959	 -0.86919	 0.130571
38	 -0.23266	 -0.000245569	 2.86024	 -0.128296	 -0.875369	 0.129017
38.02	 -0.233947	 -0.000370188	 2.853	 -0.128672	 -0.881437	 0.127386
38.04	 -0.235207	 -0.000487281	 2.84541	 -0.129087	 -0.887391	 0.125683
38.06	 -0.236439	 -0.000596668	 2.83748	 -0.12954	 -0.893227	 0.123911
38.08	 -0.237644	 -0.000698195	 2.8292	 -0.130032	 -0.898943	 0.122075
38.1	 -0.23882	 -0.000791728	 2.82058	 -0.130562	 -0.904536	 0.120179
38.12	 -0.239968	 -0.000877161	 2.81159	 -0.131129	 -0.910004	 0.118228
38.14	 -0.241087	 -0.000954407	 2.80225	 -0.131733	 -0.915344	 0.116227
38.16	 -0.242175	 -0.0010234	 2.79255	 -0.132372	 -0.920554	 0.114181
38.18	 -0.243235	 -0.0010841	 2.78249	 -0.133045	 -0.925633	 0.112094
38.2	 -0.244263	 -0.00113647	 2.77208	 -0.133752	 -0.93058	 0.109972
38.22	 -0.245262	 -0.00118051	 2.7613	 -0.134491	 -0.935392	 0.10782
38.24	 -0.24623	 -0.00121623	 2.75017	 -0.135261	 -0.94007	 0.105643
38.26	 -0.247167	 -0.00124367	 2.73867	 -0.136061	 -0.944613	 0.103447
38.28	 -0.248073	 -0.00126289	 2.72683	 -0.136888	 -0.949019	 0.101236
38.3	 -0.248948	 -0.00127396	 2.71464	 -0.137742	 -0.95329	 0.0990157
38.32	 -0.249791	 -0.00127699	 2.7021	 -0.13862	 -0.957424	 0.0967917
38.34	 -0.250604	 -0.00127208	 2.68922	 -0.139522	 -0.961424	 0.0945693
38.36	 -0.251385	 -0.00125938	 2.67601	 -0.140445	 -0.965288	 0.0923536
38.38	 -0.252135	 -0.00123903	 2.66247	 -0.141387	 -0.969019	 0.0901499
38.4	 -0.252854	 -0.00121121	 2.6486	 -0.142348	 -0.972617	 0.0879634
38.42	 -0.253542	 -0.00117609	 2.63442	 -0.143324	 -0.976084	 0.0857993
38.44	 -0.254199	 -0.00113389	 2.61994	 -0.144314	 -0.97942	 0.0836626
38.46	 -0.254825	 -0.0010848	 2.60515	 -0.145317	 -0.982629	 0.0815583
38.48	 -0.255421	 -0.00102906	 2.59008	 -0.146329	 -0.985712	 0.0794913
38.5	 -0.255987	 -0.000966903	 2.57473	 -0.14735	 -0.988672	 0.0774664
38.52	 -0.256523	 -0.00089859	 2.55911	 -0.148377	 -0.99151	 0.0754883
38.54	 -0.257029	 -0.000824382	 2.54323	 -0.149407	 -0.99423	 0.0735615
38.56	 -0.257506	 -0.000744556	 2.52711	 -0.15044	 -0.996833	 0.0716904
38.58	 -0.257953	 -0.000659399	 2.51075	 -0.151473	 -0.999324	 0.0698793
38.6	 -0.258372	 -0.000569209	 2.49416	 -0.152503	 -1.0017	 0.0681324
38.62	 -0.258763	 -0.000474291	 2.47737	 -0.153529	 -1.00398	 0.0664537
38.64	 -0.259126	 -0.00037496	 2.46038	 -0.154549	 -1.00615	 0.0648469
38.66	 -0.259462	 -0.000271538	 2.44321	 -0.15556	 -1.00822	 0.0633157
38.68	 -0.259771	 -0.000164352	 2.42586	 -0.156561	 -1.0102	 0.0618636
38.7	 -0.260053	 -5.37321e-05	 2.40836	 -0.157548	 -1.01208	 0.0604938
38.72	 -0.260309	 5.99865e-05	 2.39072	 -0.158521	 -1.01387	 0.0592094
38.74	 -0.260539	 0.000176468	 2.37294	 -0.159476	 -1.01558	 0.0580131
38.76	 -0.260745	 0.000295377	 2.35506	 -0.160413	 -1.0172	 0.0569076
38.78	 -0.260926	 0.000416375	 2.33707	 -0.161329	 -1.01875	 0.0558953
38.8	 -0.261082	 0.000539127	 2.319	 -0.162223	 -1.02022	 0.0549783
38.82	 -0.261215	 0.000663296	 2.30086	 -0.163091	 -1.02162	 0.0541586
38.84	 -0.261325	 0.000788549	 2.28266	 -0.163934	 -1.02296	 0.0534379
38.86	 -0.261412	 0.000914555	 2.26443	 -0.164748	 -1.02423	 0.0528176
38.88	 -0.261477	 0.00104098	 2.24616	 -0.165533	 -1.02544	 0.052299
38.9	 -0.26152	 0.00116752	 2.22789	 -0.166286	 -1.02659	 0.0518831
38.92	 -0.261542	 0.00129383	 2.20963	 -0.167006	 -1.0277	 0.0515707
38.94	 -0.261543	 0.00141961	 2.19138	 -0.167692	 -1.02875	 0.0513623
38.96	 -0.261523	 0.00154456	 2.17316	 -0.168343	 -1.02976	 0.0512582
38.98	 -0.261484	 0.00166838	 2.15499	 -0.168956	 -1.03073	 0.0512585
39	 -0.261425	 0.00179078	 2.13689	 -0.169531	 -1.03165	 0.0513629
39.02	 -0.261347	 0.00191149	 2.11886	 -0.170067	 -1.03254	 0.0515712
39.04	 -0.261251	 0.00203024	 2.10092	 -0.170563	 -1.0334	 0.0518826
39.06	 -0.261135	 0.00214677	 2.08309	 -0.171017	 -1.03422	 0.0522963
39.08	 -0.261002	 0.00226082	 2.06537	 -0.171429	 -1.03502	 0.0528112
39.1	 -0.260851	 0.00237216	 2.04778	 -0.171798	 -1.03578	 0.0534259
39.12	 -0.260683	 0.00248056	 2.03033	 -0.172123	 -1.03653	 0.054139
39.14	 -0.260497	 0.0025858	 2.01303	 -0.172405	 -1.03725	 0.0549487
39.16	 -0.260294	 0.00268768	 1.9959	 -0.172641	 -1.03794	 0.0558531
39.18	 -0.260075	 0.00278602	 1.97895	 -0.172832	 -1.03862	 0.0568499
39.2	 -0.259839	 0.00288062	 1.96219	 -0.172978	 -1.03928	 0.0579367
39.22	 -0.259587	 0.00297135	 1.94562	 -0.173079	 -1.03992	 0.0591112
39.24	 -0.259318	 0.00305803	 1.92926	 -0.173133	 -1.04055	 0.0603705
39.26	 -0.259033	 0.00314055	 1.91312	 -0.173142	 -1.04115	 0.0617116
39.28	 -0.258732	 0.00321878	 1.8972	 -0.173105	 -1.04175	 0.0631316
39.3	 -0.258415	 0.0032926	 1.88152	 -0.173022	 -1.04232	 0.0646273
39.32	 -0.258081	 0.00336193	 1.86609	 -0.172894	 -1.04288	 0.0661951
39.34	 -0.257732	 0.00342668	 1.8509	 -0.172722	 -1.04342	 0.0678316
39.36	 -0.257367	 0.00348679	 1.83597	 -0.172504	 -1.04394	 0.0695331
39.38	 -0.256985	 0.00354221	 1.82131	 -0.172243	 -1.04445	 0.0712958
39.4	 -0.256587	 0.00359289	 1.80691	 -0.171938	 -1.04493	 0.0731158
39.42	 -0.256172	 0.00363881	 1.79279	 -0.171591	 -1.0454	 0.0749891
39.44	 -0.255741	 0.00367996	 1.77894	 -0.171202	 -1.04584	 0.0769114
39.46	 -0.255293	 0.00371634	 1.76538	 -0.170772	 -1.04625	 0.0788786
39.48	 -0.254828	 0.00374797	 1.75211	 -0.170301	 -1.04664	 0.0808864
39.5	 -0.254345	 0.00377486	 1.73912	 -0.169792	 -1.047	 0.0829303
39.52	 -0.253845	 0.00379707	 1.72643	 -0.169245	 -1.04733	 0.0850058
39.54	 -0.253327	 0.00381465	 1.71403	 -0.168661	 -1.04763	 0.0871086
39.56	 -0.252791	 0.00382767	 1.70192	 -0.168041	 -1.04788	 0.0892339
39.58	 -0.252237	 0.00383622	 1.69011	 -0.167387	 -1.0481	 0.0913772
39.6	 -0.251663	 0.00384037	 1.67859	 -0.166701	 -1.04827	 0.0935338
39.62	 -0.25107	 0.00384024	 1.66737	 -0.165983	 -1.0484	 0.0956992
39.64	 -0.250458	 0.00383595	 1.65644	 -0.165235	 -1.04848	 0.0978686
39.66	 -0.249825	 0.00382761	 1.6458	 -0.164459	 -1.0485	 0.100037
39.68	 -0.249173	 0.00381536	 1.63545	 -0.163656	 -1.04846	 0.102201
39.7	 -0.248499	 0.00379935	 1.62538	 -0.162827	 -1.04836	 0.104355
39.72	 -0.247804	 0.00377974	 1.6156	 -0.161976	 -1.0482	 0.106494
39.74	 -0.247087	 0.00375667	 1.60609	 -0.161102	 -1.04796	 0.108615
39.76	 -0.246347	 0.00373032	 1.59686	 -0.160209	 -1.04765	 0.110712
39.78	 -0.245585	 0.00370088	 1.5879	 -0.159297	 -1.04726	 0.112782
39.8	 -0.2448	 0.00366851	 1.5792	 -0.15837	 -1.04678	 0.114819
39.82	 -0.243991	 0.00363341	 1.57076	 -0.157427	 -1.04622	 0.116821
39.84	 -0.243158	 0.00359578	 1.56257	 -0.156472	 -1.04556	 0.118781
39.86	 -0.242301	 0.00355583	 1.55462	 -0.155506	 -1.0448	 0.120697
39.88	 -0.241418	 0.00351376	 1.54692	 -0.154532	 -1.04394	 0.122565
39.9	 -0.240509	 0.00346978	 1.53944	 -0.153551	 -1.04296	 0.12438
39.92	 -0.239575	 0.00342412	 1.53219	 -0.152564	 -1.04188	 0.126139
39.94	 -0.238614	 0.00337698	 1.52516	 -0.151575	 -1.04068	 0.127838
39.96	 -0.237626	 0.0033286	 1.51833	 -0.150585	 -1.03935	 0.129474
39.98	 -0.236611	 0.00327918	 1.51169	 -0.149595	 -1.0379	 0.131043
40	 -0.235568	 0.00322895	 1.50525	 -0.148609	 -1.03631	 0.132543
40.02	 -0.234496	 0.00317814	 1.49898	 -0.147627	 -1.03459	 0.133969
40.04	 -0.233397	 0.00312697	 1.49289	 -0.146652	 -1.03272	 0.13532
40.06	 -0.232268	 0.00307566	 1.48695	 -0.145686	 -1.03071	 0.136592
40.08	 -0.23111	 0.00302443	 1.48117	 -0.14473	 -1.02854	 0.137784
40.1	 -0.229923	 0.00297351	 1.47553	 -0.143787	 -1.02622	 0.138892
40.12	 -0.228706	 0.00292311	 1.47001	 -0.142858	 -1.02374	 0.139914
40.14	 -0.227458	 0.00287344	 1.46462	 -0.141945	 -1.02109	 0.140849
40.16	 -0.226181	 0.00282471	 1.45933	 -0.14105	 -1.01828	 0.141695
40.18	 -0.224872	 0.00277713	 1.45415	 -0.140175	 -1.01529	 0.14245
40.2	 -0.223534	 0.00273091	 1.44905	 -0.139322	 -1.01212	 0.143113
40.22	 -0.222164	 0.00268622	 1.44403	 -0.138492	 -1.00878	 0.143682
40.24	 -0.220763	 0.00264327	 1.43908	 -0.137686	 -1.00525	 0.144157
40.26	 -0.219332	 0.00260223	 1.43419	 -0.136908	 -1.00154	 0.144536
40.28	 -0.217869	 0.00256328	 1.42934	 -0.136157	 -0.997634	 0.14482
40.3	 -0.216376	 0.00252659	 1.42453	 -0.135435	 -0.993538	 0.145008
40.32	 -0.214851	 0.00249231	 1.41975	 -0.134745	 -0.989247	 0.1451
40.34	 -0.213295	 0.00246059	 1.41499	 -0.134086	 -0.984758	 0.145096
40.36	 -0.211709	 0.00243157	 1.41023	 -0.133461	 -0.980071	 0.144996
40.38	 -0.210092	 0.00240538	 1.40547	 -0.132871	 -0.975181	 0.1448
40.4	 -0.208444	 0.00238214	 1.4007	 -0.132316	 -0.970089	 0.14451
40.42	 -0.206767	 0.00236196	 1.3959	 -0.131798	 -0.964792	 0.144126
40.44	 -0.205059	 0.00234494	 1.39108	 -0.131318	 -0.95929	 0.143649
40.46	 -0.203321	 0.00233118	 1.38622	 -0.130876	 -0.95358	 0.143081
40.48	 -0.201555	 0.00232075	 1.38131	 -0.130474	 -0.947664	 0.142423
40.5	 -0.199759	 0.00231373	 1.37635	 -0.130113	 -0.94154	 0.141676
40.52	 -0.197935	 0.00231019	 1.37132	 -0.129792	 -0.935207	 0.140843
40.54	 -0.196083	 0.00231016	 1.36623	 -0.129513	 -0.928667	 0.139926
40.56	 -0.194203	 0.00231369	 1.36105	 -0.129277	 -0.92192	 0.138926
40.58	 -0.192296	 0.00232079	 1.3558	 -0.129083	 -0.914966	 0.137847
40.6	 -0.190363	 0.00233148	 1.35046	 -0.128933	 -0.907806	 0.13669
40.62	 -0.188404	 0.00234576	 1.34502	 -0.128826	 -0.900442	 0.135459
40.64	 -0.186419	 0.0023636	 1.33948	 -0.128763	 -0.892874	 0.134157
40.66	 -0.184411	 0.002385	 1.33383	 -0.128743	 -0.885105	 0.132785
40.68	 -0.182378	 0.00240992	 1.32808	 -0.128767	 -0.877136	 0.131349
40.7	 -0.180322	 0.0024383	 1.32221	 -0.128835	 -0.868969	 0.12985
40.72	 -0.178244	 0.0024701	 1.31622	 -0.128946	 -0.860608	 0.128293
40.74	 -0.176145	 0.00250524	 1.31012	 -0.129101	 -0.852053	 0.126681
40.76	 -0.174024	 0.00254365	 1.30389	 -0.129299	 -0.843309	 0.125017
40.78	 -0.171884	 0.00258525	 1.29754	 -0.129539	 -0.834377	 0.123306
40.8	 -0.169725	 0.00262994	 1.29106	 -0.129822	 -0.825262	 0.121551
40.82	 -0.167548	 0.00267762	 1.28445	 -0.130146	 -0.815966	 0.119756
40.84	 -0.165353	 0.00272816	 1.27772	 -0.130512	 -0.806493	 0.117925
40.86	 -0.163142	 0.00278146	 1.27086	 -0.130918	 -0.796847	 0.116063
40.88	 -0.160916	 0.00283736	 1.26387	 -0.131365	 -0.787032	 0.114174
40.9	 -0.158675	 0.00289574	 1.25675	 -0.13185	 -0.777051	 0.112262
40.92	 -0.156421	 0.00295644	 1.24951	 -0.132373	 -0.766909	 0.110331
40.94	 -0.154154	 0.00301931	 1.24215	 -0.132934	 -0.75661	 0.108385
40.96	 -0.151876	 0.00308418	 1.23467	 -0.133532	 -0.746159	 0.10643
40.98	 -0.149587	 0.00315088	 1.22707	 -0.134164	 -0.73556	 0.104468
41	 -0.147288	 0.00321924	 1.21935	 -0.134832	 -0.724817	 0.102506
41.02	 -0.144981	 0.00328906	 1.21153	 -0.135532	 -0.713935	 0.100546
41.04	 -0.142666	 0.00336016	 1.2036	 -0.136265	 -0.70292	 0.0985939
41.06	 -0.140344	 0.00343234	 1.19557	 -0.137029	 -0.691775	 0.0966534
41.08	 -0.138016	 0.0035054	 1.18744	 -0.137822	 -0.680506	 0.0947288
41.1	 -0.135683	 0.00357914	 1.17923	 -0.138643	 -0.669117	 0.0928246
41.12	 -0.133347	 0.00365336	 1.17093	 -0.139492	 -0.657613	 0.0909448
41.14	 -0.131007	 0.00372784	 1.16255	 -0.140366	 -0.645999	 0.0890936
41.16	 -0.128665	 0.00380239	 1.15411	 -0.141265	 -0.634281	 0.087275
41.18	 -0.126322	 0.00387679	 1.1456	 -0.142186	 -0.622462	 0.0854932
41.2	 -0.123978	 0.00395084	 1.13704	 -0.143129	 -0.610547	 0.0837519
41.22	 -0.121635	 0.00402432	 1.12843	 -0.144092	 -0.598542	 0.082055
41.24	 -0.119293	 0.00409703	 1.11978	 -0.145073	 -0.58645	 0.0804062
41.26	 -0.116953	 0.00416875	 1.1111	 -0.146071	 -0.574277	 0.078809
41.28	 -0.114615	 0.00423928	 1.1024	 -0.147084	 -0.562027	 0.0772671
41.3	 -0.112281	 0.00430841	 1.09369	 -0.148112	 -0.549705	 0.0757836
41.32	 -0.109951	 0.00437594	 1.08498	 -0.149151	 -0.537314	 0.0743618
41.34	 -0.107626	 0.00444166	 1.07627	 -0.150202	 -0.52486	 0.0730049
41.36	 -0.105306	 0.00450539	 1.06759	 -0.151262	 -0.512345	 0.0717157
41.38	 -0.102992	 0.00456694	 1.05893	 -0.15233	 -0.499775	 0.0704971
41.4	 -0.100685	 0.00462612	 1.05031	 -0.153404	 -0.487153	 0.0693517
41.42	 -0.0983847	 0.00468275	 1.04174	 -0.154482	 -0.474482	 0.0682819
41.44	 -0.0960919	 0.00473666	 1.03323	 -0.155564	 -0.461768	 0.0672901
41.46	 -0.0938071	 0.00478768	 1.02478	 -0.156648	 -0.449012	 0.0663784
41.48	 -0.0915307	 0.00483565	 1.01642	 -0.157732	 -0.436219	 0.0655488
41.5	 -0.0892629	 0.00488042	 1.00815	 -0.158816	 -0.423391	 0.0648031
41.52	 -0.0870043	 0.00492184	 0.999987	 -0.159896	 -0.410531	 0.0641428
41.54	 -0.084755	 0.00495978	 0.991934	 -0.160973	 -0.397644	 0.0635695
41.56	 -0.0825153	 0.00499411	 0.984006	 -0.162045	 -0.38473	 0.0630842
41.58	 -0.0802854	 0.00502472	 0.976213	 -0.16311	 -0.371793	 0.0626882
41.6	 -0.0780654	 0.00505149	 0.968567	 -0.164167	 -0.358834	 0.0623821
41.62	 -0.0758555	 0.00507431	 0.961077	 -0.165215	 -0.345857	 0.0621668
41.64	 -0.0736558	 0.00509311	 0.953756	 -0.166253	 -0.332864	 0.0620426
41.66	 -0.0714663	 0.00510778	 0.946613	 -0.16728	 -0.319856	 0.0620099
41.68	 -0.069287	 0.00511827	 0.939659	 -0.168294	 -0.306834	 0.0620688
41.7	 -0.067118	 0.00512451	 0.932904	 -0.169294	 -0.293802	 0.0622191
41.72	 -0.0649591	 0.00512644	 0.926358	 -0.17028	 -0.28076	 0.0624606
41.74	 -0.0628102	 0.00512401	 0.920032	 -0.171249	 -0.267709	 0.0627927
41.76	 -0.0606713	 0.0051172	 0.913934	 -0.172203	 -0.25465	 0.0632149
41.78	 -0.0585422	 0.00510599	 0.908075	 -0.173138	 -0.241586	 0.0637262
41.8	 -0.0564226	 0.00509036	 0.902463	 -0.174055	 -0.228516	 0.0643256
41.82	 -0.0543124	 0.00507031	 0.897107	 -0.174952	 -0.215441	 0.0650119
41.84	 -0.0522112	 0.00504585	 0.892017	 -0.175829	 -0.202363	 0.0657837
41.86	 -0.0501189	 0.00501701	 0.887201	 -0.176686	 -0.189281	 0.0666394
41.88	 -0.048035	 0.00498381	 0.882666	 -0.177521	 -0.176196	 0.0675772
41.9	 -0.0459594	 0.00494631	 0.878421	 -0.178333	 -0.163109	 0.0685953
41.92	 -0.0438916	 0.00490455	 0.874472	 -0.179123	 -0.150019	 0.0696915
41.94	 -0.0418312	 0.0048586	 0.870827	 -0.179889	 -0.136927	 0.0708637
41.96	 -0.0397778	 0.00480853	 0.867492	 -0.180632	 -0.123834	 0.0721095
41.98	 -0.0377312	 0.00475443	 0.864474	 -0.18135	 -0.110738	 0.0734263
42	 -0.0356907	 0.00469639	 0.861778	 -0.182043	 -0.0976406	 0.0748116
42.02	 -0.0336559	 0.00463451	 0.85941	 -0.182712	 -0.0845411	 0.0762623
42.04	 -0.0316265	 0.00456889	 0.857375	 -0.183355	 -0.0714395	 0.0777756
42.06	 -0.0296019	 0.00449965	 0.855678	 -0.183972	 -0.0583357	 0.0793485
42.08	 -0.0275817	 0.00442692	 0.854322	 -0.184564	 -0.0452296	 0.0809777
42.1	 -0.0255655	 0.00435083	 0.853312	 -0.185129	 -0.032121	 0.0826598
42.12	 -0.0235526	 0.00427153	 0.85265	 -0.185668	 -0.01901	 0.0843915
42.14	 -0.0215428	 0.00418916	 0.852339	 -0.186181	 -0.00589649	 0.0861692
42.16	 -0.0195354	 0.0041039	 0.852383	 -0.186666	 0.00721934	 0.0879893
42.18	 -0.0175301	 0.0040159	 0.852781	 -0.187125	 0.0203373	 0.0898479
42.2	 -0.0155265	 0.00392536	 0.853537	 -0.187558	 0.033457	 0.0917414
42.22	 -0.013524	 0.00383244	 0.85465	 -0.187963	 0.0465781	 0.0936658
42.24	 -0.0115223	 0.00373735	 0.856122	 -0.188342	 0.0596998	 0.0956171
42.26	 -0.00952095	 0.00364028	 0.857951	 -0.188695	 0.0728215	 0.0975914
42.28	 -0.00751961	 0.00354142	 0.860138	 -0.189021	 0.0859421	 0.0995846
42.3	 -0.00551792	 0.00344099	 0.862681	 -0.18932	 0.0990605	 0.101593
42.32	 -0.00351552	 0.0033392	 0.865578	 -0.189594	 0.112175	 0.103611
42.34	 -0.0015121	 0.00323625	 0.868829	 -0.189842	 0.125286	 0.105636
42.36	 0.000492637	 0.00313237	 0.87243	 -0.190065	 0.138389	 0.107664
42.38	 0.00249896	 0.00302777	 0.876377	 -0.190262	 0.151485	 0.10969
42.4	 0.00450711	 0.00292267	 0.880669	 -0.190434	 0.16457	 0.11171
42.42	 0.00651733	 0.00281729	 0.885301	 -0.190583	 0.177644	 0.11372
42.44	 0.00852981	 0.00271184	 0.890268	 -0.190707	 0.190704	 0.115715
42.46	 0.0105447	 0.00260655	 0.895565	 -0.190807	 0.203747	 0.117692
42.48	 0.0125622	 0.00250164	 0.901188	 -0.190885	 0.216773	 0.119647
42.5	 0.0145825	 0.00239733	 0.907131	 -0.190939	 0.229777	 0.121575
42.52	 0.0166055	 0.00229383	 0.913387	 -0.190972	 0.242758	 0.123473
42.54	 0.0186314	 0.00219136	 0.919951	 -0.190983	 0.255714	 0.125336
42.56	 0.0206602	 0.00209015	 0.926815	 -0.190973	 0.268641	 0.127162
42.58	 0.0226919	 0.00199041	 0.933972	 -0.190942	 0.281536	 0.128945
42.6	 0.0247266	 0.00189235	 0.941414	 -0.190892	 0.294397	 0.130682
42.62	 0.0267641	 0.00179618	 0.949134	 -0.190822	 0.30722	 0.13237
42.64	 0.0288044	 0.00170211	 0.957123	 -0.190732	 0.320002	 0.134006
42.66	 0.0308473	 0.00161035	 0.965373	 -0.190625	 0.332739	 0.135585
42.68	 0.0328927	 0.00152108	 0.973874	 -0.190499	 0.345428	 0.137105
42.7	 0.0349405	 0.0014345	 0.982619	 -0.190357	 0.358065	 0.138563
42.72	 0.0369904	 0.0013508	 0.991597	 -0.190197	 0.370646	 0.139954
42.74	 0.0390422	 0.00127015	 1.0008	 -0.190021	 0.383168	 0.141278
42.76	 0.0410956	 0.00119273	 1.01021	 -0.189829	 0.395625	 0.14253
42.78	 0.0431503	 0.0011187	 1.01983	 -0.189623	 0.408013	 0.143709
42.8	 0.045206	 0.00104822	 1.02965	 -0.189402	 0.420329	 0.144812
42.82	 0.0472623	 0.000981435	 1.03965	 -0.189166	 0.432567	 0.145837
42.84	 0.0493189	 0.000918494	 1.04982	 -0.188918	 0.444723	 0.146781
42.86	 0.0513753	 0.000859531	 1.06015	 -0.188657	 0.456792	 0.147643
42.88	 0.0534312	 0.000804674	 1.07064	 -0.188384	 0.46877	 0.14842
42.9	 0.0554859	 0.000754044	 1.08126	 -0.188099	 0.48065	 0.149112
42.92	 0.0575391	 0.000707752	 1.09202	 -0.187804	 0.492429	 0.149718
42.94	 0.0595903	 0.000665903	 1.1029	 -0.187498	 0.504101	 0.150235
42.96	 0.0616388	 0.000628592	 1.11388	 -0.187183	 0.515661	 0.150662
42.98	 0.0636842	 0.000595904	 1.12497	 -0.186859	 0.527104	 0.151
43	 0.0657258	 0.000567918	 1.13614	 -0.186527	 0.538424	 0.151247
43.02	 0.0677632	 0.000544701	 1.14739	 -0.186187	 0.549617	 0.151402
43.04	 0.0697956	 0.000526307	 1.15871	 -0.185839	 0.560677	 0.151466
43.06	 0.0718225	 0.00051278	 1.17008	 -0.185485	 0.571598	 0.151439
43.08	 0.0738433	 0.000504151	 1.18149	 -0.185124	 0.582377	 0.15132
43.1	 0.0758573	 0.000500441	 1.19295	 -0.184756	 0.593006	 0.15111
43.12	 0.0778638	 0.000501659	 1.20443	 -0.184383	 0.603482	 0.150809
43.14	 0.0798622	 0.000507805	 1.21592	 -0.184004	 0.613799	 0.150419
43.16	 0.0818519	 0.000518873	 1.22742	 -0.183621	 0.623951	 0.149939
43.18	 0.0838321	 0.000534847	 1.23892	 -0.183233	 0.633935	 0.149372
43.2	 0.0858023	 0.000555703	 1.25041	 -0.18284	 0.643744	 0.148719
43.22	 0.0877617	 0.000581405	 1.26187	 -0.182443	 0.653374	 0.14798
43.24	 0.0897097	 0.000611911	 1.27331	 -0.182043	 0.662821	 0.147158
43.26	 0.0916456	 0.000647166	 1.2847	 -0.18164	 0.67208	 0.146255
43.28	 0.0935688	 0.000687106	 1.29605	 -0.181233	 0.681146	 0.145271
43.3	 0.0954786	 0.000731659	 1.30735	 -0.180824	 0.690015	 0.144211
43.32	 0.0973743	 0.000780743	 1.31859	 -0.180412	 0.698684	 0.143075
43.34	 0.0992554	 0.000834268	 1.32976	 -0.179998	 0.707147	 0.141867
43.36	 0.101121	 0.000892133	 1.34085	 -0.179583	 0.715401	 0.140589
43.38	 0.102971	 0.000954227	 1.35186	 -0.179165	 0.723443	 0.139243
43.4	 0.104805	 0.00102043	 1.36279	 -0.178746	 0.731269	 0.137834
43.42	 0.106621	 0.00109061	 1.37363	 -0.178325	 0.738876	 0.136363
43.44	 0.10842	 0.00116464	 1.38436	 -0.177902	 0.746261	 0.134834
43.46	 0.1102	 0.00124237	 1.395	 -0.177479	 0.75342	 0.13325
43.48	 0.111962	 0.00132364	 1.40553	 -0.177054	 0.760352	 0.131615
43.5	 0.113705	 0.00140831	 1.41595	 -0.176628	 0.767054	 0.129933
43.52	 0.115427	 0.00149621	 1.42626	 -0.1762	 0.773524	 0.128206
43.54	 0.11713	 0.00158716	 1.43646	 -0.175772	 0.77976	 0.126439
43.56	 0.118812	 0.00168101	 1.44653	 -0.175343	 0.78576	 0.124635
43.58	 0.120474	 0.00177756	 1.45649	 -0.174912	 0.791524	 0.122799
43.6	 0.122114	 0.00187663	 1.46632	 -0.174481	 0.797049	 0.120934
43.62	 0.123732	 0.00197803	 1.47603	 -0.174049	 0.802336	 0.119045
43.64	 0.125328	 0.00208157	 1.48562	 -0.173615	 0.807383	 0.117135
43.66	 0.126901	 0.00218704	 1.49508	 -0.173181	 0.812191	 0.115208
43.68	 0.128452	 0.00229425	 1.50442	 -0.172745	 0.816759	 0.113269
43.7	 0.12998	 0.00240298	 1.51363	 -0.172309	 0.821088	 0.111322
43.72	 0.131485	 0.00251303	 1.52273	 -0.171871	 0.825178	 0.109371
43.74	 0.132967	 0.00262419	 1.5317	 -0.171432	 0.82903	 0.10742
43.76	 0.134425	 0.00273625	 1.54056	 -0.170992	 0.832646	 0.105473
43.78	 0.13586	 0.002849	 1.5493	 -0.170551	 0.836026	 0.103535
43.8	 0.137271	 0.00296223	 1.55793	 -0.170108	 0.839173	 0.10161
43.82	 0.138658	 0.00307573	 1.56644	 -0.169664	 0.842088	 0.0997015
43.84	 0.140021	 0.00318928	 1.57485	 -0.169219	 0.844773	 0.0978138
43.86	 0.14136	 0.00330268	 1.58316	 -0.168772	 0.847232	 0.095951
43.88	 0.142675	 0.0034157	 1.59137	 -0.168325	 0.849466	 0.094117
43.9	 0.143967	 0.00352816	 1.59949	 -0.167875	 0.851479	 0.0923157
43.92	 0.145234	 0.00363982	 1.60751	 -0.167425	 0.853273	 0.090551
43.94	 0.146478	 0.0037505	 1.61546	 -0.166973	 0.854853	 0.0888265
43.96	 0.147698	 0.00385998	 1.62332	 -0.166519	 0.856222	 0.087146
43.98	 0.148895	 0.00396807	 1.63112	 -0.166064	 0.857384	 0.0855129
44	 0.150068	 0.00407458	 1.63885	 -0.165608	 0.858343	 0.0839307
44.02	 0.151218	 0.0041793	 1.64651	 -0.165151	 0.859103	 0.0824026
44.04	 0.152345	 0.00428206	 1.65413	 -0.164692	 0.859669	 0.080932
44.06	 0.153448	 0.00438266	 1.6617	 -0.164232	 0.860045	 0.0795218
44.08	 0.154529	 0.00448092	 1.66923	 -0.163771	 0.860237	 0.0781751
44.1	 0.155588	 0.00457666	 1.67673	 -0.163308	 0.860249	 0.0768945
44.12	 0.156624	 0.00466972	 1.68421	 -0.162845	 0.860087	 0.0756828
44.14	 0.157638	 0.00475993	 1.69167	 -0.16238	 0.859755	 0.0745424
44.16	 0.158631	 0.00484713	 1.69912	 -0.161915	 0.85926	 0.0734757
44.18	 0.159601	 0.00493118	 1.70658	 -0.161448	 0.858607	 0.0724849
44.2	 0.160551	 0.00501192	 1.71404	 -0.160981	 0.857801	 0.0715719
44.22	 0.161479	 0.00508924	 1.72151	 -0.160514	 0.856848	 0.0707385
44.24	 0.162387	 0.00516298	 1.72901	 -0.160046	 0.855754	 0.0699865
44.26	 0.163274	 0.00523305	 1.73654	 -0.159579	 0.854524	 0.0693172
44.28	 0.164141	 0.00529932	 1.74411	 -0.159111	 0.853166	 0.068732
44.3	 0.164989	 0.0053617	 1.75173	 -0.158643	 0.851683	 0.0682318
44.32	 0.165816	 0.00542008	 1.75941	 -0.158177	 0.850083	 0.0678177
44.34	 0.166624	 0.00547438	 1.76714	 -0.157711	 0.848371	 0.0674904
44.36	 0.167413	 0.00552451	 1.77496	 -0.157246	 0.846554	 0.0672503
44.38	 0.168183	 0.00557041	 1.78285	 -0.156783	 0.844636	 0.0670977
44.4	 0.168934	 0.00561202	 1.79083	 -0.156322	 0.842623	 0.0670328
44.42	 0.169667	 0.00564927	 1.7989	 -0.155862	 0.840523	 0.0670555
44.44	 0.170381	 0.00568213	 1.80708	 -0.155406	 0.838339	 0.0671656
44.46	 0.171078	 0.00571057	 1.81537	 -0.154952	 0.836078	 0.0673625
44.48	 0.171756	 0.00573456	 1.82377	 -0.154501	 0.833746	 0.0676456
44.5	 0.172417	 0.00575409	 1.8323	 -0.154055	 0.831347	 0.068014
44.52	 0.17306	 0.00576914	 1.84097	 -0.153612	 0.828887	 0.0684667
44.54	 0.173686	 0.00577973	 1.84976	 -0.153174	 0.82637	 0.0690024
44.56	 0.174295	 0.00578585	 1.8587	 -0.152741	 0.823803	 0.0696198
44.58	 0.174886	 0.00578754	 1.8678	 -0.152314	 0.82119	 0.0703172
44.6	 0.17546	 0.0057848	 1.87704	 -0.151893	 0.818535	 0.0710928
44.62	 0.176017	 0.00577768	 1.88645	 -0.151478	 0.815843	 0.0719448
44.64	 0.176557	 0.00576621	 1.89602	 -0.15107	 0.813118	 0.0728709
44.66	 0.17708	 0.00575046	 1.90576	 -0.150669	 0.810365	 0.0738689
44.68	 0.177586	 0.00573047	 1.91567	 -0.150276	 0.807586	 0.0749364
44.7	 0.178074	 0.00570632	 1.92576	 -0.149892	 0.804787	 0.0760707
44.72	 0.178545	 0.00567808	 1.93603	 -0.149517	 0.80197	 0.0772691
44.74	 0.178999	 0.00564583	 1.94649	 -0.149151	 0.799139	 0.0785286
44.76	 0.179436	 0.00560967	 1.95713	 -0.148794	 0.796297	 0.0798463
44.78	 0.179854	 0.00556969	 1.96797	 -0.148448	 0.793446	 0.081219
44.8	 0.180255	 0.005526	 1.97899	 -0.148113	 0.79059	 0.0826432
44.82	 0.180638	 0.0054787	 1.9902	 -0.14779	 0.78773	 0.0841158
44.84	 0.181002	 0.00542793	 2.00161	 -0.147478	 0.784869	 0.085633
44.86	 0.181348	 0.00537379	 2.01322	 -0.147179	 0.782008	 0.0871912
44.88	 0.181675	 0.00531642	 2.02501	 -0.146892	 0.779149	 0.0887868
44.9	 0.181983	 0.00525595	 2.037	 -0.146619	 0.776294	 0.090416
44.92	 0.182272	 0.00519252	 2.04919	 -0.14636	 0.773443	 0.0920748
44.94	 0.18254	 0.00512626	 2.06156	 -0.146115	 0.770597	 0.0937593
44.96	 0.182789	 0.00505734	 2.07413	 -0.145885	 0.767758	 0.0954654
44.98	 0.183016	 0.00498589	 2.08689	 -0.14567	 0.764924	 0.0971892
45	 0.183223	 0.00491207	 2.09983	 -0.145471	 0.762098	 0.0989266
45.02	 0.183408	 0.00483602	 2.11295	 -0.145288	 0.759277	 0.100673
45.04	 0.183572	 0.00475793	 2.12625	 -0.145122	 0.756462	 0.102425
45.06	 0.183713	 0.00467793	 2.13973	 -0.144972	 0.753652	 0.104179
45.08	 0.183831	 0.0045962	 2.15338	 -0.14484	 0.750847	 0.105929
45.1	 0.183925	 0.00451289	 2.16719	 -0.144725	 0.748045	 0.107672
45.12	 0.183996	 0.00442818	 2.18117	 -0.144628	 0.745245	 0.109403
45.14	 0.184042	 0.00434222	 2.1953	 -0.144549	 0.742446	 0.111119
45.16	 0.184063	 0.00425517	 2.20959	 -0.144488	 0.739646	 0.112816
45.18	 0.184058	 0.0041672	 2.22402	 -0.144445	 0.736844	 0.114489
45.2	 0.184027	 0.00407847	 2.23858	 -0.144422	 0.734036	 0.116134
45.22	 0.18397	 0.00398912	 2.25328	 -0.144417	 0.731222	 0.117749
45.24	 0.183885	 0.00389933	 2.2681	 -0.14443	 0.728399	 0.119327
45.26	 0.183772	 0.00380924	 2.28304	 -0.144463	 0.725564	 0.120867
45.28	 0.183631	 0.00371902	 2.29808	 -0.144514	 0.722714	 0.122364
45.3	 0.183461	 0.00362881	 2.31323	 -0.144584	 0.719848	 0.123815
45.32	 0.183262	 0.00353876	 2.32846	 -0.144673	 0.716963	 0.125216
45.34	 0.183032	 0.00344901	 2.34378	 -0.144781	 0.714054	 0.126565
45.36	 0.182772	 0.00335971	 2.35917	 -0.144907	 0.71112	 0.127857
45.38	 0.182481	 0.00327099	 2.37463	 -0.145052	 0.708158	 0.129089
45.4	 0.182158	 0.00318299	 2.39015	 -0.145214	 0.705164	 0.13026
45.42	 0.181803	 0.00309583	 2.4057	 -0.145395	 0.702134	 0.131365
45.44	 0.181415	 0.00300964	 2.4213	 -0.145593	 0.699067	 0.132403
45.46	 0.180994	 0.00292454	 2.43692	 -0.145809	 0.695958	 0.13337
45.48	 0.180539	 0.00284066	 2.45256	 -0.146042	 0.692805	 0.134265
45.5	 0.180051	 0.0027581	 2.4682	 -0.146291	 0.689603	 0.135085
45.52	 0.179528	 0.00267697	 2.48384	 -0.146557	 0.686351	 0.135828
45.54	 0.17897	 0.00259736	 2.49947	 -0.146839	 0.683043	 0.136493
45.56	 0.178377	 0.00251939	 2.51507	 -0.147137	 0.679678	 0.137077
45.58	 0.177748	 0.00244313	 2.53063	 -0.147449	 0.676252	 0.13758
45.6	 0.177084	 0.00236867	 2.54615	 -0.147776	 0.672762	 0.137999
45.62	 0.176384	 0.00229608	 2.56162	 -0.148116	 0.669205	 0.138335
45.64	 0.175647	 0.00222544	 2.57702	 -0.14847	 0.665579	 0.138586
45.66	 0.174874	 0.00215681	 2.59234	 -0.148836	 0.661879	 0.138751
45.68	 0.174064	 0.00209025	 2.60758	 -0.149214	 0.658104	 0.13883
45.7	 0.173217	 0.00202582	 2.62272	 -0.149602	 0.654252	 0.138823
45.72	 0.172334	 0.00196356	 2.63775	 -0.150002	 0.650318	 0.138729
45.74	 0.171413	 0.00190351	 2.65267	 -0.15041	 0.646302	 0.138549
45.76	 0.170456	 0.0018457	 2.66747	 -0.150827	 0.642201	 0.138284
45.78	 0.169461	 0.00179015	 2.68213	 -0.151252	 0.638013	 0.137933
45.8	 0.16843	 0.00173689	 2.69664	 -0.151684	 0.633736	 0.137497
45.82	 0.167362	 0.00168594	 2.71101	 -0.152121	 0.629368	 0.136977
45.84	 0.166258	 0.00163729	 2.72521	 -0.152564	 0.624909	 0.136376
45.86	 0.165117	 0.00159097	 2.73924	 -0.153011	 0.620356	 0.135692
45.88	 0.163939	 0.00154696	 2.75309	 -0.153461	 0.615708	 0.134929
45.9	 0.162726	 0.00150525	 2.76676	 -0.153912	 0.610965	 0.134088
45.92	 0.161478	 0.00146585	 2.78023	 -0.154366	 0.606126	 0.133171
45.94	 0.160194	 0.00142872	 2.79351	 -0.154819	 0.601189	 0.13218
45.96	 0.158875	 0.00139385	 2.80657	 -0.155271	 0.596156	 0.131117
45.98	 0.157522	 0.0013612	 2.81942	 -0.155721	 0.591025	 0.129985
46	 0.156135	 0.00133076	 2.83205	 -0.156169	 0.585797	 0.128785
46.02	 0.154714	 0.00130248	 2.84445	 -0.156612	 0.580472	 0.127522
46.04	 0.153261	 0.00127633	 2.85662	 -0.15705	 0.57505	 0.126197
46.06	 0.151775	 0.00125226	 2.86856	 -0.157482	 0.569532	 0.124814
46.08	 0.150257	 0.00123024	 2.88025	 -0.157907	 0.563919	 0.123375
46.1	 0.148709	 0.00121022	 2.8917	 -0.158324	 0.558212	 0.121885
46.12	 0.14713	 0.00119216	 2.90289	 -0.158732	 0.552412	 0.120346
46.14	 0.145522	 0.00117599	 2.91384	 -0.15913	 0.54652	 0.118763
46.16	 0.143885	 0.00116167	 2.92452	 -0.159516	 0.540538	 0.117138
46.18	 0.14222	 0.00114915	 2.93495	 -0.15989	 0.534469	 0.115475
46.2	 0.140528	 0.00113836	 2.94511	 -0.160251	 0.528313	 0.113778
46.22	 0.13881	 0.00112924	 2.95502	 -0.160599	 0.522072	 0.112051
46.24	 0.137066	 0.00112174	 2.96466	 -0.160931	 0.51575	 0.110299
46.26	 0.135297	 0.00111578	 2.97403	 -0.161247	 0.509349	 0.108524
46.28	 0.133505	 0.00111132	 2.98314	 -0.161547	 0.502871	 0.106731
46.3	 0.13169	 0.00110828	 2.99198	 -0.161829	 0.496318	 0.104924
46.32	 0.129854	 0.0011066	 3.00056	 -0.162092	 0.489695	 0.103108
46.34	 0.127996	 0.00110622	 3.00887	 -0.162337	 0.483003	 0.101285
46.36	 0.126119	 0.00110708	 3.01692	 -0.162562	 0.476246	 0.0994617
46.38	 0.124223	 0.00110911	 3.02471	 -0.162766	 0.469427	 0.0976407
46.4	 0.12231	 0.00111226	 3.03225	 -0.162949	 0.46255	 0.0958265
46.42	 0.120379	 0.00111646	 3.03952	 -0.163111	 0.455616	 0.0940234
46.44	 0.118433	 0.00112166	 3.04654	 -0.16325	 0.448631	 0.0922353
46.46	 0.116472	 0.0011278	 3.05332	 -0.163366	 0.441597	 0.0904665
46.48	 0.114497	 0.00113483	 3.05984	 -0.163459	 0.434518	 0.0887209
46.5	 0.11251	 0.00114269	 3.06612	 -0.163529	 0.427397	 0.0870025
46.52	 0.110511	 0.00115132	 3.07217	 -0.163574	 0.420238	 0.0853152
46.54	 0.108501	 0.00116068	 3.07798	 -0.163595	 0.413044	 0.0836628
46.56	 0.106481	 0.00117071	 3.08357	 -0.163591	 0.405818	 0.082049
46.58	 0.104452	 0.00118137	 3.08893	 -0.163562	 0.398565	 0.0804775
46.6	 0.102416	 0.00119262	 3.09408	 -0.163508	 0.391287	 0.0789519
46.62	 0.100373	 0.0012044	 3.09901	 -0.163429	 0.383988	 0.0774754
46.64	 0.0983232	 0.0012167	 3.10374	 -0.163324	 0.376671	 0.0760516
46.66	 0.0962687	 0.00122947	 3.10827	 -0.163194	 0.36934	 0.0746835
46.68	 0.0942099	 0.00124269	 3.11261	 -0.163038	 0.361996	 0.0733743
46.7	 0.0921478	 0.00125633	 3.11677	 -0.162857	 0.354644	 0.0721267
46.72	 0.090083	 0.00127036	 3.12075	 -0.16265	 0.347285	 0.0709436
46.74	 0.0880164	 0.00128477	 3.12456	 -0.162418	 0.339924	 0.0698276
46.76	 0.0859487	 0.00129954	 3.1282	 -0.162161	 0.332562	 0.0687812
46.78	 0.0838807	 0.00131464	 3.13169	 -0.161879	 0.325201	 0.0678066
46.8	 0.0818131	 0.00133008	 3.13504	 -0.161572	 0.317845	 0.066906
46.82	 0.0797464	 0.00134584	 3.13825	 -0.161241	 0.310496	 0.0660812
46.84	 0.0776814	 0.00136192	 3.14132	 -0.160887	 0.303155	 0.0653341
46.86	 0.0756186	 0.0013783	 3.14427	 -0.160508	 0.295825	 0.0646663
46.88	 0.0735586	 0.00139499	 3.14711	 -0.160107	 0.288507	 0.0640791
46.9	 0.0715017	 0.00141199	 3.14984	 -0.159684	 0.281204	 0.0635737
46.92	 0.0694486	 0.0014293	 3.15247	 -0.159239	 0.273915	 0.0631513
46.94	 0.0673996	 0.00144694	 3.15501	 -0.158773	 0.266643	 0.0628125
46.96	 0.0653552	 0.00146491	 3.15746	 -0.158287	 0.259388	 0.0625581
46.98	 0.0633156	 0.00148322	 3.15984	 -0.157781	 0.252152	 0.0623884
47	 0.0612811	 0.00150189	 3.16216	 -0.157256	 0.244935	 0.0623038
47.02	 0.059252	 0.00152094	 3.16441	 -0.156714	 0.237738	 0.0623041
47.04	 0.0572286	 0.00154037	 3.16661	 -0.156155	 0.23056	 0.0623892
47.06	 0.0552109	 0.0015602	 3.16877	 -0.155579	 0.223403	 0.0625587
47.08	 0.053199	 0.00158046	 3.17089	 -0.154989	 0.216265	 0.0628119
47.1	 0.0511932	 0.00160117	 3.17298	 -0.154384	 0.209146	 0.0631482
47.12	 0.0491933	 0.00162234	 3.17505	 -0.153765	 0.202046	 0.0635665
47.14	 0.0471994	 0.00164402	 3.1771	 -0.153135	 0.194965	 0.0640656
47.16	 0.0452114	 0.00166622	 3.17914	 -0.152493	 0.1879	 0.0646441
47.18	 0.0432292	 0.00168897	 3.18118	 -0.15184	 0.180852	 0.0653005
47.2	 0.0412528	 0.00171231	 3.18322	 -0.151179	 0.173819	 0.0660331
47.22	 0.0392819	 0.00173625	 3.18527	 -0.150509	 0.166799	 0.0668398
47.24	 0.0373164	 0.00176083	 3.18733	 -0.149833	 0.159792	 0.0677186
47.26	 0.0353559	 0.00178606	 3.18941	 -0.14915	 0.152794	 0.0686672
47.28	 0.0334003	 0.001812	 3.19151	 -0.148463	 0.145805	 0.0696832
47.3	 0.0314492	 0.00183865	 3.19364	 -0.147773	 0.138822	 0.0707639
47.32	 0.0295023	 0.00186604	 3.1958	 -0.14708	 0.131843	 0.0719067
47.34	 0.0275592	 0.0018942	 3.198	 -0.146385	 0.124866	 0.0731085
47.36	 0.0256195	 0.00192315	 3.20024	 -0.145691	 0.117888	 0.0743665
47.38	 0.0236827	 0.00195291	 3.20252	 -0.144997	 0.110906	 0.0756775
47.4	 0.0217486	 0.00198349	 3.20484	 -0.144306	 0.103919	 0.0770382
47.42	 0.0198164	 0.00201493	 3.20722	 -0.143618	 0.0969237	 0.0784452
47.44	 0.0178859	 0.00204722	 3.20964	 -0.142934	 0.0899168	 0.079895
47.46	 0.0159565	 0.0020804	 3.21211	 -0.142256	 0.0828957	 0.0813842
47.48	 0.0140276	 0.00211446	 3.21463	 -0.141584	 0.0758576	 0.0829089
47.5	 0.0120988	 0.00214942	 3.21721	 -0.14092	 0.0687994	 0.0844654
47.52	 0.0101694	 0.00218528	 3.21984	 -0.140265	 0.0617181	 0.0860499
47.54	 0.00823897	 0.00222204	 3.22252	 -0.13962	 0.0546108	 0.0876584
47.56	 0.00630688	 0.0022597	 3.22525	 -0.138985	 0.0474744	 0.0892869
47.58	 0.00437257	 0.00229823	 3.22803	 -0.138362	 0.0403058	 0.0909314
47.6	 0.00243546	 0.00233763	 3.23087	 -0.137751	 0.0331021	 0.0925879
47.62	 0.000494988	 0.00237787	 3.23375	 -0.137154	 0.0258603	 0.0942522
47.64	 -0.00144941	 0.00241895	 3.23668	 -0.13657	 0.0185777	 0.0959203
47.66	 -0.00339829	 0.00246083	 3.23966	 -0.136003	 0.0112513	 0.0975881
47.68	 -0.00535221	 0.00250349	 3.24267	 -0.135451	 0.00387872	 0.0992516
47.7	 -0.00731172	 0.00254691	 3.24572	 -0.134916	 -0.0035428	 0.100907
47.72	 -0.00927734	 0.00259106	 3.24881	 -0.134398	 -0.0110157	 0.102549
47.74	 -0.0112496	 0.00263591	 3.25193	 -0.133899	 -0.0185425	 0.104176
47.76	 -0.013229	 0.00268141	 3.25507	 -0.133418	 -0.0261253	 0.105782
47.78	 -0.015216	 0.00272752	 3.25824	 -0.132958	 -0.0337664	 0.107363
47.8	 -0.0172112	 0.00277419	 3.26142	 -0.132517	 -0.0414677	 0.108917
47.82	 -0.0192148	 0.00282136	 3.26461	 -0.132096	 -0.049231	 0.110438
47.84	 -0.0212273	 0.00286898	 3.26781	 -0.131697	 -0.0570579	 0.111924
47.86	 -0.0232492	 0.00291698	 3.27101	 -0.131318	 -0.06495	 0.113371
47.88	 -0.0252808	 0.0029653	 3.27421	 -0.130962	 -0.0729087	 0.114775
47.9	 -0.0273223	 0.00301386	 3.27739	 -0.130627	 -0.080935	 0.116133
47.92	 -0.0293742	 0.0030626	 3.28055	 -0.130315	 -0.0890301	 0.117442
47.94	 -0.0314367	 0.00311144	 3.28369	 -0.130025	 -0.0971947	 0.118698
47.96	 -0.03351	 0.0031603	 3.2868	 -0.129757	 -0.105429	 0.119898
47.98	 -0.0355943	 0.0032091	 3.28986	 -0.129512	 -0.113735	 0.12104
48	 -0.0376899	 0.00325775	 3.29289	 -0.12929	 -0.12211	 0.122121
48.02	 -0.0397968	 0.00330617	 3.29585	 -0.129091	 -0.130556	 0.123137
48.04	 -0.0419151	 0.00335428	 3.29876	 -0.128914	 -0.139072	 0.124087
48.06	 -0.044045	 0.00340197	 3.30159	 -0.12876	 -0.147657	 0.124969
48.08	 -0.0461863	 0.00344916	 3.30435	 -0.128629	 -0.156311	 0.125779
48.1	 -0.0483391	 0.00349575	 3.30702	 -0.128519	 -0.165032	 0.126517
48.12	 -0.0505034	 0.00354163	 3.3096	 -0.128431	 -0.173819	 0.12718
48.14	 -0.052679	 0.0035867	 3.31208	 -0.128365	 -0.182671	 0.127767
48.16	 -0.0548658	 0.00363087	 3.31445	 -0.128321	 -0.191586	 0.128277
48.18	 -0.0570635	 0.00367403	 3.3167	 -0.128297	 -0.200562	 0.128707
48.2	 -0.0592721	 0.00371608	 3.31883	 -0.128294	 -0.209596	 0.129058
48.22	 -0.0614912	 0.00375692	 3.32082	 -0.128311	 -0.218687	 0.129328
48.24	 -0.0637205	 0.00379643	 3.32267	 -0.128348	 -0.22783	 0.129516
48.26	 -0.0659596	 0.00383453	 3.32438	 -0.128404	 -0.237025	 0.129623
48.28	 -0.0682084	 0.0038711	 3.32592	 -0.128479	 -0.246267	 0.129647
48.3	 -0.0704662	 0.00390605	 3.3273	 -0.128572	 -0.255553	 0.129589
48.32	 -0.0727328	 0.00393927	 3.32851	 -0.128682	 -0.26488	 0.129449
48.34	 -0.0750076	 0.00397066	 3.32954	 -0.12881	 -0.274244	 0.129228
48.36	 -0.0772901	 0.00400012	 3.33039	 -0.128953	 -0.283642	 0.128925
48.38	 -0.0795798	 0.00402755	 3.33104	 -0.129113	 -0.293069	 0.128542
48.4	 -0.0818761	 0.00405287	 3.33149	 -0.129287	 -0.302521	 0.128079
48.42	 -0.0841784	 0.00407599	 3.33173	 -0.129476	 -0.311995	 0.127538
48.44	 -0.086486	 0.00409682	 3.33176	 -0.129679	 -0.321485	 0.12692
48.46	 -0.0887984	 0.00411529	 3.33157	 -0.129896	 -0.330987	 0.126226
48.48	 -0.0911148	 0.00413131	 3.33116	 -0.130125	 -0.340497	 0.125458
48.5	 -0.0934346	 0.0041448	 3.33051	 -0.130366	 -0.350009	 0.124619
48.52	 -0.0957569	 0.0041557	 3.32963	 -0.130618	 -0.359519	 0.12371
48.54	 -0.0980812	 0.00416394	 3.32851	 -0.130881	 -0.369021	 0.122733
48.56	 -0.100406	 0.00416946	 3.32714	 -0.131154	 -0.378511	 0.12169
48.58	 -0.102732	 0.00417219	 3.32552	 -0.131437	 -0.387983	 0.120585
48.6	 -0.105057	 0.0041721	 3.32365	 -0.131728	 -0.397432	 0.11942
48.62	 -0.107381	 0.00416912	 3.32152	 -0.132028	 -0.406853	 0.118198
48.64	 -0.109703	 0.00416322	 3.31913	 -0.132335	 -0.416241	 0.116922
48.66	 -0.112022	 0.00415437	 3.31647	 -0.132648	 -0.425591	 0.115595
48.68	 -0.114337	 0.00414252	 3.31355	 -0.132968	 -0.434897	 0.114219
48.7	 -0.116647	 0.00412767	 3.31036	 -0.133293	 -0.444155	 0.112799
48.72	 -0.118952	 0.00410979	 3.3069	 -0.133623	 -0.453359	 0.111338
48.74	 -0.121251	 0.00408887	 3.30317	 -0.133957	 -0.462505	 0.10984
48.76	 -0.123542	 0.00406492	 3.29916	 -0.134295	 -0.471587	 0.108307
48.78	 -0.125826	 0.00403794	 3.29489	 -0.134636	 -0.480602	 0.106745
48.8	 -0.128101	 0.00400794	 3.29033	 -0.13498	 -0.489543	 0.105156
48.82	 -0.130366	 0.00397493	 3.28551	 -0.135325	 -0.498408	 0.103544
48.84	 -0.132621	 0.00393892	 3.28041	 -0.135672	 -0.50719	 0.101913
48.86	 -0.134865	 0.00389995	 3.27505	 -0.13602	 -0.515887	 0.100268
48.88	 -0.137097	 0.00385805	 3.26941	 -0.136367	 -0.524494	 0.0986121
48.9	 -0.139316	 0.00381326	 3.2635	 -0.136715	 -0.533008	 0.0969491
48.92	 -0.141522	 0.00376563	 3.25733	 -0.137061	 -0.541424	 0.0952832
48.94	 -0.143713	 0.0037152	 3.25089	 -0.137407	 -0.549739	 0.0936184
48.96	 -0.14589	 0.00366203	 3.2442	 -0.13775	 -0.557951	 0.0919587
48.98	 -0.148051	 0.0036062	 3.23725	 -0.138091	 -0.566056	 0.0903081
49	 -0.150196	 0.00354776	 3.23004	 -0.138429	 -0.574051	 0.0886705
49.02	 -0.152325	 0.0034868	 3.22258	 -0.138763	 -0.581935	 0.0870498
49.04	 -0.154436	 0.0034234	 3.21488	 -0.139094	 -0.589704	 0.08545
49.06	 -0.156529	 0.00335765	 3.20694	 -0.13942	 -0.597357	 0.0838749
49.08	 -0.158604	 0.00328964	 3.19876	 -0.139742	 -0.604892	 0.0823283
49.1	 -0.16066	 0.00321948	 3.19036	 -0.140059	 -0.612308	 0.0808138
49.12	 -0.162697	 0.00314727	 3.18172	 -0.14037	 -0.619603	 0.0793351
49.14	 -0.164714	 0.00307312	 3.17288	 -0.140675	 -0.626777	 0.0778957
49.16	 -0.16671	 0.00299717	 3.16381	 -0.140975	 -0.633828	 0.0764989
49.18	 -0.168687	 0.00291952	 3.15455	 -0.141268	 -0.640755	 0.0751482
49.2	 -0.170642	 0.00284031	 3.14508	 -0.141554	 -0.64756	 0.0738468
49.22	 -0.172576	 0.00275968	 3.13542	 -0.141834	 -0.654242	 0.0725976
49.24	 -0.174489	 0.00267776	 3.12557	 -0.142106	 -0.660801	 0.0714036
49.26	 -0.176381	 0.00259471	 3.11555	 -0.142372	 -0.667238	 0.0702677
49.28	 -0.17825	 0.00251067	 3.10536	 -0.142631	 -0.673554	 0.0691925
49.3	 -0.180098	 0.00242581	 3.095	 -0.142884	 -0.67975	 0.0681804
49.32	 -0.181923	 0.00234027	 3.08449	 -0.143129	 -0.685828	 0.0672338
49.34	 -0.183727	 0.00225422	 3.07383	 -0.143368	 -0.691788	 0.0663549
49.36	 -0.185508	 0.00216783	 3.06304	 -0.1436	 -0.697633	 0.0655456
49.38	 -0.187266	 0.00208126	 3.05211	 -0.143826	 -0.703365	 0.0648078
49.4	 -0.189003	 0.00199468	 3.04106	 -0.144045	 -0.708986	 0.0641431
49.42	 -0.190717	 0.00190826	 3.02989	 -0.144259	 -0.714497	 0.063553
49.44	 -0.192409	 0.00182218	 3.01862	 -0.144467	 -0.719902	 0.0630387
49.46	 -0.194079	 0.0017366	 3.00725	 -0.14467	 -0.725204	 0.0626013
49.48	 -0.195727	 0.00165169	 2.99578	 -0.144867	 -0.730405	 0.0622418
49.5	 -0.197352	 0.00156762	 2.98424	 -0.145059	 -0.735508	 0.0619609
49.52	 -0.198957	 0.00148455	 2.97262	 -0.145247	 -0.740516	 0.0617591
49.54	 -0.200539	 0.00140265	 2.96094	 -0.14543	 -0.745433	 0.0616369
49.56	 -0.2021	 0.00132207	 2.9492	 -0.145608	 -0.750262	 0.0615945
49.58	 -0.203639	 0.00124298	 2.93741	 -0.145782	 -0.755007	 0.0616318
49.6	 -0.205158	 0.00116552	 2.92558	 -0.145952	 -0.75967	 0.0617487
49.62	 -0.206656	 0.00108985	 2.91371	 -0.146118	 -0.764257	 0.0619448
49.64	 -0.208133	 0.00101612	 2.90182	 -0.146281	 -0.76877	 0.0622195
49.66	 -0.209589	 0.000944482	 2.8899	 -0.14644	 -0.773214	 0.0625721
49.68	 -0.211026	 0.000875071	 2.87798	 -0.146597	 -0.777592	 0.0630017
49.7	 -0.212442	 0.000808031	 2.86605	 -0.14675	 -0.781908	 0.063507
49.72	 -0.213839	 0.000743495	 2.85412	 -0.146901	 -0.786166	 0.0640869
49.74	 -0.215217	 0.000681591	 2.8422	 -0.147049	 -0.79037	 0.0647399
49.76	 -0.216575	 0.00062244	 2.8303	 -0.147195	 -0.794523	 0.0654644
49.78	 -0.217915	 0.000566157	 2.81842	 -0.147339	 -0.798631	 0.0662586
49.8	 -0.219236	 0.000512849	 2.80656	 -0.147481	 -0.802695	 0.0671205
49.82	 -0.220539	 0.00046262	 2.79474	 -0.147621	 -0.806722	 0.0680482
49.84	 -0.221824	 0.000415565	 2.78295	 -0.147759	 -0.810713	 0.0690393
49.86	 -0.223091	 0.000371774	 2.77121	 -0.147895	 -0.814674	 0.0700915
49.88	 -0.22434	 0.00033133	 2.75952	 -0.148031	 -0.818608	 0.0712022
49.9	 -0.225573	 0.000294312	 2.74788	 -0.148164	 -0.822517	 0.0723688
49.92	 -0.226788	 0.000260789	 2.73629	 -0.148297	 -0.826407	 0.0735885
49.94	 -0.227986	 0.000230825	 2.72477	 -0.148428	 -0.83028	 0.0748584
49.96	 -0.229168	 0.000204475	 2.71331	 -0.148559	 -0.834139	 0.0761755
49.98	 -0.230333	 0.000181787	 2.70193	 -0.148689	 -0.837987	 0.0775369
50	 -0.231482	 0.000162801	 2.69061	 -0.148817	 -0.841828	 0.0789391
50.02	 -0.232615	 0.00014755	 2.67936	 -0.148945	 -0.845663	 0.0803791
50.04	 -0.233732	 0.000136057	 2.66819	 -0.149072	 -0.849497	 0.0818534
50.06	 -0.234833	 0.000128338	 2.6571	 -0.149197	 -0.853331	 0.0833586
50.08	 -0.235918	 0.000124405	 2.64609	 -0.149322	 -0.857167	 0.0848913
50.1	 -0.236988	 0.000124257	 2.63516	 -0.149446	 -0.861008	 0.0864478
50.12	 -0.238042	 0.000127888	 2.62431	 -0.149569	 -0.864855	 0.0880246
50.14	 -0.23908	 0.000135283	 2.61355	 -0.14969	 -0.868711	 0.0896181
50.16	 -0.240103	 0.000146419	 2.60287	 -0.149811	 -0.872577	 0.0912245
50.18	 -0.24111	 0.000161266	 2.59227	 -0.14993	 -0.876454	 0.0928403
50.2	 -0.242102	 0.000179784	 2.58175	 -0.150047	 -0.880343	 0.0944617
50.22	 -0.243078	 0.000201927	 2.57132	 -0.150163	 -0.884246	 0.096085
50.24	 -0.244038	 0.000227641	 2.56097	 -0.150277	 -0.888163	 0.0977066
50.26	 -0.244982	 0.000256864	 2.5507	 -0.150389	 -0.892094	 0.0993227
50.28	 -0.24591	 0.00028953	 2.54051	 -0.150499	 -0.89604	 0.10093
50.3	 -0.246823	 0.000325561	 2.53039	 -0.150607	 -0.9	 0.102524
50.32	 -0.247718	 0.000364875	 2.52035	 -0.150711	 -0.903976	 0.104102
50.34	 -0.248597	 0.000407382	 2.51038	 -0.150813	 -0.907966	 0.105661
50.36	 -0.24946	 0.000452986	 2.50049	 -0.150912	 -0.91197	 0.107196
50.38	 -0.250305	 0.000501587	 2.49066	 -0.151007	 -0.915987	 0.108704
50.4	 -0.251133	 0.000553077	 2.48089	 -0.151099	 -0.920016	 0.110182
50.42	 -0.251943	 0.000607346	 2.47119	 -0.151186	 -0.924056	 0.111627
50.44	 -0.252735	 0.00066428	 2.46154	 -0.151269	 -0.928105	 0.113035
50.46	 -0.253509	 0.000723757	 2.45195	 -0.151348	 -0.932163	 0.114404
50.48	 -0.254265	 0.000785654	 2.44241	 -0.151421	 -0.936227	 0.11573
50.5	 -0.255001	 0.000849839	 2.43291	 -0.15149	 -0.940296	 0.11701
50.52	 -0.255718	 0.000916177	 2.42346	 -0.151553	 -0.944367	 0.118242
50.54	 -0.256416	 0.000984528	 2.41404	 -0.15161	 -0.948438	 0.119422
50.56	 -0.257093	 0.00105475	 2.40465	 -0.151661	 -0.952506	 0.120549
50.58	 -0.257749	 0.00112669	 2.39529	 -0.151706	 -0.95657	 0.12162
50.6	 -0.258384	 0.00120021	 2.38596	 -0.151744	 -0.960625	 0.122633
50.62	 -0.258998	 0.00127515	 2.37664	 -0.151775	 -0.96467	 0.123585
50.64	 -0.25959	 0.00135136	 2.36733	 -0.151798	 -0.968702	 0.124475
50.66	 -0.260159	 0.00142869	 2.35803	 -0.151814	 -0.972716	 0.1253
50.68	 -0.260705	 0.00150698	 2.34873	 -0.151822	 -0.97671	 0.126059
50.7	 -0.261228	 0.00158608	 2.33943	 -0.151821	 -0.980681	 0.12675
50.72	 -0.261726	 0.00166583	 2.33013	 -0.151813	 -0.984624	 0.127372
50.74	 -0.2622	 0.00174607	 2.3208	 -0.151795	 -0.988536	 0.127924
50.76	 -0.262649	 0.00182667	 2.31146	 -0.151769	 -0.992414	 0.128405
50.78	 -0.263073	 0.00190745	 2.3021	 -0.151733	 -0.996254	 0.128813
50.8	 -0.26347	 0.00198827	 2.29271	 -0.151688	 -1.00005	 0.129149
50.82	 -0.263841	 0.00206897	 2.28328	 -0.151634	 -1.0038	 0.129411
50.84	 -0.264185	 0.00214942	 2.27381	 -0.151569	 -1.00751	 0.129598
50.86	 -0.264502	 0.00222945	 2.2643	 -0.151495	 -1.01115	 0.129712
50.88	 -0.264791	 0.00230893	 2.25473	 -0.151411	 -1.01475	 0.129751
50.9	 -0.265051	 0.00238771	 2.24511	 -0.151317	 -1.01828	 0.129716
50.92	 -0.265282	 0.00246566	 2.23544	 -0.151212	 -1.02174	 0.129608
50.94	 -0.265484	 0.00254264	 2.2257	 -0.151098	 -1.02513	 0.129426
50.96	 -0.265656	 0.00261852	 2.21589	 -0.150973	 -1.02845	 0.129171
50.98	 -0.265797	 0.00269317	 2.206	 -0.150837	 -1.0317	 0.128844
51	 -0.265908	 0.00276646	 2.19604	 -0.150692	 -1.03486	 0.128446
51.02	 -0.265989	 0.00283828	 2.186	 -0.150536	 -1.03794	 0.127978
51.04	 -0.266037	 0.00290851	 2.17588	 -0.15037	 -1.04093	 0.127442
51.06	 -0.266055	 0.00297704	 2.16566	 -0.150195	 -1.04382	 0.126838
51.08	 -0.26604	 0.00304377	 2.15536	 -0.150009	 -1.04662	 0.126169
51.1	 -0.265992	 0.00310861	 2.14496	 -0.149813	 -1.04933	 0.125436
51.12	 -0.265913	 0.00317145	 2.13446	 -0.149608	 -1.05192	 0.12464
51.14	 -0.2658	 0.00323221	 2.12386	 -0.149393	 -1.05442	 0.123785
51.16	 -0.265654	 0.00329081	 2.11316	 -0.14917	 -1.0568	 0.122871
51.18	 -0.265475	 0.00334718	 2.10235	 -0.148937	 -1.05907	 0.121902
51.2	 -0.265263	 0.00340124	 2.09143	 -0.148696	 -1.06122	 0.12088
51.22	 -0.265017	 0.00345294	 2.08041	 -0.148446	 -1.06326	 0.119807
51.24	 -0.264737	 0.0035022	 2.06927	 -0.148189	 -1.06517	 0.118686
51.26	 -0.264424	 0.00354899	 2.05803	 -0.147924	 -1.06697	 0.117519
51.28	 -0.264076	 0.00359326	 2.04667	 -0.147651	 -1.06863	 0.11631
51.3	 -0.263695	 0.00363496	 2.0352	 -0.147372	 -1.07017	 0.115061
51.32	 -0.26328	 0.00367407	 2.02361	 -0.147087	 -1.07158	 0.113775
51.34	 -0.262832	 0.00371056	 2.01191	 -0.146796	 -1.07285	 0.112456
51.36	 -0.262349	 0.00374442	 2.0001	 -0.1465	 -1.07399	 0.111106
51.38	 -0.261833	 0.00377562	 1.98818	 -0.146199	 -1.07499	 0.109728
51.4	 -0.261284	 0.00380418	 1.97615	 -0.145894	 -1.07586	 0.108327
51.42	 -0.260701	 0.00383009	 1.964	 -0.145586	 -1.07658	 0.106905
51.44	 -0.260085	 0.00385335	 1.95175	 -0.145275	 -1.07717	 0.105466
51.46	 -0.259436	 0.00387399	 1.93939	 -0.144961	 -1.07761	 0.104012
51.48	 -0.258755	 0.00389201	 1.92692	 -0.144646	 -1.07792	 0.102548
51.5	 -0.258041	 0.00390745	 1.91436	 -0.144329	 -1.07808	 0.101077
51.52	 -0.257295	 0.00392033	 1.90169	 -0.144013	 -1.07809	 0.0996018
51.54	 -0.256517	 0.00393069	 1.88893	 -0.143696	 -1.07796	 0.0981263
51.56	 -0.255708	 0.00393857	 1.87607	 -0.143381	 -1.07769	 0.0966538
51.58	 -0.254868	 0.00394402	 1.86312	 -0.143068	 -1.07727	 0.0951878
51.6	 -0.253998	 0.0039471	 1.85009	 -0.142757	 -1.07671	 0.0937316
51.62	 -0.253097	 0.00394786	 1.83697	 -0.14245	 -1.076	 0.0922885
51.64	 -0.252166	 0.00394636	 1.82378	 -0.142146	 -1.07515	 0.0908618
51.66	 -0.251207	 0.00394268	 1.81051	 -0.141848	 -1.07415	 0.0894549
51.68	 -0.250218	 0.00393688	 1.79717	 -0.141554	 -1.07301	 0.088071
51.7	 -0.249201	 0.00392904	 1.78377	 -0.141268	 -1.07172	 0.0867133
51.72	 -0.248157	 0.00391924	 1.77031	 -0.140988	 -1.0703	 0.0853847
51.74	 -0.247086	 0.00390755	 1.75679	 -0.140715	 -1.06873	 0.0840884
51.76	 -0.245988	 0.00389406	 1.74323	 -0.140452	 -1.06702	 0.0828272
51.78	 -0.244864	 0.00387885	 1.72962	 -0.140197	 -1.06517	 0.081604
51.8	 -0.243714	 0.00386202	 1.71598	 -0.139952	 -1.06319	 0.0804217
51.82	 -0.24254	 0.00384365	 1.7023	 -0.139718	 -1.06106	 0.0792827
51.84	 -0.241342	 0.00382383	 1.68861	 -0.139496	 -1.0588	 0.0781898
51.86	 -0.24012	 0.00380267	 1.67489	 -0.139285	 -1.0564	 0.0771453
51.88	 -0.238875	 0.00378026	 1.66116	 -0.139087	 -1.05387	 0.0761516
51.9	 -0.237608	 0.00375669	 1.64743	 -0.138902	 -1.05121	 0.0752108
51.92	 -0.236319	 0.00373207	 1.6337	 -0.138731	 -1.04841	 0.0743252
51.94	 -0.235009	 0.00370649	 1.61998	 -0.138575	 -1.04549	 0.0734965
51.96	 -0.233679	 0.00368006	 1.60627	 -0.138435	 -1.04244	 0.0727267
51.98	 -0.232329	 0.00365287	 1.59259	 -0.13831	 -1.03926	 0.0720175
52	 -0.23096	 0.00362503	 1.57893	 -0.138202	 -1.03595	 0.0713703
52.02	 -0.229572	 0.00359663	 1.56531	 -0.13811	 -1.03252	 0.0707867
52.04	 -0.228167	 0.00356779	 1.55173	 -0.138037	 -1.02897	 0.0702679
52.06	 -0.226744	 0.00353858	 1.53821	 -0.137981	 -1.02529	 0.069815
52.08	 -0.225305	 0.00350911	 1.52474	 -0.137944	 -1.0215	 0.069429
52.1	 -0.223849	 0.00347947	 1.51133	 -0.137926	 -1.01759	 0.0691107
52.12	 -0.222379	 0.00344975	 1.498	 -0.137927	 -1.01356	 0.0688609
52.14	 -0.220893	 0.00342004	 1.48474	 -0.137948	 -1.00941	 0.06868
52.16	 -0.219393	 0.00339044	 1.47157	 -0.137989	 -1.00515	 0.0685684
52.18	 -0.217879	 0.00336102	 1.45849	 -0.13805	 -1.00078	 0.0685264
52.2	 -0.216352	 0.00333187	 1.44551	 -0.138133	 -0.996294	 0.068554
52.22	 -0.214812	 0.00330308	 1.43264	 -0.138236	 -0.991697	 0.0686511
52.24	 -0.213259	 0.00327472	 1.41988	 -0.13836	 -0.986989	 0.0688176
52.26	 -0.211695	 0.00324686	 1.40724	 -0.138506	 -0.982173	 0.069053
52.28	 -0.21012	 0.00321957	 1.39472	 -0.138673	 -0.977248	 0.0693568
52.3	 -0.208534	 0.00319293	 1.38233	 -0.138862	 -0.972215	 0.0697283
52.32	 -0.206937	 0.003167	 1.37008	 -0.139073	 -0.967075	 0.0701668
52.34	 -0.20533	 0.00314183	 1.35797	 -0.139305	 -0.961829	 0.0706712
52.36	 -0.203714	 0.00311749	 1.34602	 -0.139559	 -0.956478	 0.0712405
52.38	 -0.202088	 0.00309403	 1.33421	 -0.139835	 -0.95102	 0.0718734
52.4	 -0.200453	 0.00307149	 1.32257	 -0.140133	 -0.945458	 0.0725685
52.42	 -0.198809	 0.00304993	 1.3111	 -0.140452	 -0.939792	 0.0733244
52.44	 -0.197157	 0.00302938	 1.29979	 -0.140792	 -0.93402	 0.0741394
52.46	 -0.195496	 0.00300989	 1.28866	 -0.141154	 -0.928144	 0.0750118
52.48	 -0.193828	 0.00299147	 1.27771	 -0.141537	 -0.922164	 0.0759398
52.5	 -0.192152	 0.00297417	 1.26694	 -0.141941	 -0.916078	 0.0769213
52.52	 -0.190468	 0.002958	 1.25636	 -0.142365	 -0.909888	 0.0779543
52.54	 -0.188776	 0.00294298	 1.24598	 -0.14281	 -0.903593	 0.0790365
52.56	 -0.187078	 0.00292912	 1.23579	 -0.143274	 -0.897192	 0.0801658
52.58	 -0.185372	 0.00291644	 1.2258	 -0.143757	 -0.890685	 0.0813397
52.6	 -0.183659	 0.00290495	 1.21602	 -0.14426	 -0.884072	 0.0825558
52.62	 -0.181938	 0.00289463	 1.20644	 -0.144781	 -0.877351	 0.0838114
52.64	 -0.180211	 0.0028855	 1.19707	 -0.145321	 -0.870522	 0.085104
52.66	 -0.178477	 0.00287754	 1.18791	 -0.145877	 -0.863584	 0.0864309
52.68	 -0.176736	 0.00287074	 1.17897	 -0.146451	 -0.856537	 0.0877891
52.7	 -0.174987	 0.00286509	 1.17024	 -0.147042	 -0.849379	 0.0891761
52.72	 -0.173232	 0.00286056	 1.16174	 -0.147648	 -0.842109	 0.0905887
52.74	 -0.171469	 0.00285715	 1.15345	 -0.148269	 -0.834727	 0.0920241
52.76	 -0.169699	 0.00285481	 1.14538	 -0.148905	 -0.82723	 0.0934794
52.78	 -0.167922	 0.00285353	 1.13753	 -0.149555	 -0.819619	 0.0949515
52.8	 -0.166137	 0.00285327	 1.1299	 -0.150218	 -0.811891	 0.0964373
52.82	 -0.164345	 0.002854	 1.1225	 -0.150893	 -0.804045	 0.0979339
52.84	 -0.162545	 0.00285567	 1.11532	 -0.151581	 -0.796081	 0.0994381
52.86	 -0.160736	 0.00285826	 1.10837	 -0.152279	 -0.787997	 0.100947
52.88	 -0.15892	 0.00286172	 1.10164	 -0.152987	 -0.779791	 0.102457
52.9	 -0.157096	 0.002866	 1.09513	 -0.153705	 -0.771463	 0.103966
52.92	 -0.155263	 0.00287105	 1.08884	 -0.154431	 -0.76301	 0.10547
52.94	 -0.153421	 0.00287681	 1.08277	 -0.155165	 -0.754432	 0.106966
52.96	 -0.151571	 0.00288324	 1.07692	 -0.155905	 -0.745727	 0.108451
52.98	 -0.149711	 0.00289027	 1.07129	 -0.156652	 -0.736894	 0.109923
53	 -0.147842	 0.00289785	 1.06588	 -0.157404	 -0.727931	 0.111378
53.02	 -0.145964	 0.00290592	 1.06068	 -0.158159	 -0.718838	 0.112813
53.04	 -0.144076	 0.00291441	 1.05569	 -0.158918	 -0.709613	 0.114226
53.06	 -0.142178	 0.00292326	 1.05092	 -0.159679	 -0.700254	 0.115613
53.08	 -0.140269	 0.00293242	 1.04635	 -0.160442	 -0.690762	 0.116972
53.1	 -0.13835	 0.00294181	 1.04198	 -0.161205	 -0.681133	 0.1183
53.12	 -0.136421	 0.00295138	 1.03782	 -0.161967	 -0.671369	 0.119595
53.14	 -0.13448	 0.00296105	 1.03386	 -0.162728	 -0.661466	 0.120853
53.16	 -0.132529	 0.00297076	 1.0301	 -0.163487	 -0.651425	 0.122073
53.18	 -0.130566	 0.00298046	 1.02652	 -0.164242	 -0.641245	 0.123251
53.2	 -0.128592	 0.00299006	 1.02314	 -0.164993	 -0.630926	 0.124387
53.22	 -0.126606	 0.00299952	 1.01994	 -0.16574	 -0.620465	 0.125476
53.24	 -0.124608	 0.00300878	 1.01693	 -0.16648	 -0.609864	 0.126518
53.26	 -0.122598	 0.00301777	 1.01409	 -0.167214	 -0.599121	 0.127511
53.28	 -0.120575	 0.00302643	 1.01142	 -0.167941	 -0.588236	 0.128451
53.3	 -0.118541	 0.00303472	 1.00893	 -0.168659	 -0.57721	 0.129339
53.32	 -0.116494	 0.00304257	 1.0066	 -0.169367	 -0.566041	 0.130171
53.34	 -0.114434	 0.00304993	 1.00443	 -0.170066	 -0.554732	 0.130947
53.36	 -0.112362	 0.00305674	 1.00242	 -0.170754	 -0.54328	 0.131665
53.38	 -0.110277	 0.00306296	 1.00056	 -0.171431	 -0.531688	 0.132323
53.4	 -0.108179	 0.00306853	 0.998855	 -0.172095	 -0.519956	 0.132921
53.42	 -0.106069	 0.00307341	 0.997289	 -0.172747	 -0.508084	 0.133457
53.44	 -0.103945	 0.00307756	 0.995863	 -0.173384	 -0.496073	 0.133931
53.46	 -0.101809	 0.00308092	 0.994571	 -0.174007	 -0.483925	 0.134342
53.48	 -0.09966	 0.00308347	 0.993409	 -0.174614	 -0.471641	 0.134688
53.5	 -0.0974981	 0.00308517	 0.992373	 -0.175206	 -0.459222	 0.134971
53.52	 -0.0953236	 0.00308598	 0.991458	 -0.175781	 -0.446669	 0.135188
53.54	 -0.0931365	 0.00308589	 0.99066	 -0.176338	 -0.433986	 0.13534
53.56	 -0.090937	 0.00308487	 0.989973	 -0.176878	 -0.421173	 0.135428
53.58	 -0.0887252	 0.00308289	 0.989394	 -0.1774	 -0.408233	 0.13545
53.6	 -0.0865012	 0.00307994	 0.988918	 -0.177902	 -0.395168	 0.135407
53.62	 -0.0842654	 0.003076	 0.988541	 -0.178386	 -0.381981	 0.135299
53.64	 -0.0820178	 0.00307106	 0.988259	 -0.178849	 -0.368674	 0.135127
53.66	 -0.0797587	 0.00306511	 0.988067	 -0.179292	 -0.355251	 0.134892
53.68	 -0.0774885	 0.00305815	 0.987961	 -0.179714	 -0.341714	 0.134593
53.7	 -0.0752073	 0.00305016	 0.987937	 -0.180115	 -0.328067	 0.134233
53.72	 -0.0729156	 0.00304116	 0.987992	 -0.180495	 -0.314313	 0.133811
53.74	 -0.0706136	 0.00303116	 0.988121	 -0.180854	 -0.300455	 0.133329
53.76	 -0.0683016	 0.00302017	 0.988321	 -0.18119	 -0.286497	 0.132789
53.78	 -0.0659802	 0.00300821	 0.988588	 -0.181504	 -0.272444	 0.132192
53.8	 -0.0636496	 0.00299529	 0.98892	 -0.181797	 -0.258298	 0.131538
53.82	 -0.0613104	 0.00298146	 0.989312	 -0.182066	 -0.244065	 0.130831
53.84	 -0.0589629	 0.00296672	 0.989761	 -0.182314	 -0.229748	 0.13007
53.86	 -0.0566076	 0.00295113	 0.990266	 -0.182539	 -0.215352	 0.129259
53.88	 -0.054245	 0.00293471	 0.990822	 -0.182741	 -0.200882	 0.1284
53.9	 -0.0518757	 0.00291751	 0.991428	 -0.182921	 -0.186342	 0.127493
53.92	 -0.0495	 0.00289957	 0.99208	 -0.183079	 -0.171737	 0.126542
53.94	 -0.0471187	 0.00288094	 0.992778	 -0.183215	 -0.157072	 0.125548
53.96	 -0.0447321	 0.00286167	 0.993518	 -0.183328	 -0.142353	 0.124514
53.98	 -0.0423409	 0.0028418	 0.994298	 -0.18342	 -0.127584	 0.123443
54	 -0.0399457	 0.00282141	 0.995118	 -0.183489	 -0.112771	 0.122336
54.02	 -0.037547	 0.00280054	 0.995976	 -0.183538	 -0.0979197	 0.121197
54.04	 -0.0351455	 0.00277926	 0.99687	 -0.183565	 -0.0830349	 0.120027
54.06	 -0.0327418	 0.00275763	 0.9978	 -0.183571	 -0.0681225	 0.11883
54.08	 -0.0303364	 0.00273571	 0.998764	 -0.183557	 -0.053188	 0.117608
54.1	 -0.0279301	 0.00271358	 0.999762	 -0.183522	 -0.0382371	 0.116364
54.12	 -0.0255234	 0.0026913	 1.00079	 -0.183468	 -0.0232755	 0.115101
54.14	 -0.0231171	 0.00266894	 1.00186	 -0.183395	 -0.00830884	 0.113822
54.16	 -0.0207116	 0.0026466	 1.00295	 -0.183302	 0.00665703	 0.112529
54.18	 -0.0183078	 0.00262434	 1.00409	 -0.183192	 0.0216163	 0.111226
54.2	 -0.0159062	 0.00260225	 1.00525	 -0.183063	 0.0365633	 0.109915
54.22	 -0.0135074	 0.00258041	 1.00645	 -0.182917	 0.051492	 0.108599
54.24	 -0.0111122	 0.0025589	 1.00768	 -0.182755	 0.0663966	 0.107282
54.26	 -0.00872118	 0.00253782	 1.00895	 -0.182576	 0.0812714	 0.105966
54.28	 -0.00633497	 0.00251723	 1.01026	 -0.182382	 0.0961104	 0.104654
54.3	 -0.00395423	 0.00249722	 1.01161	 -0.182174	 0.110908	 0.103349
54.32	 -0.00157958	 0.00247787	 1.01299	 -0.18195	 0.125658	 0.102054
54.34	 0.000788355	 0.00245926	 1.01442	 -0.181713	 0.140355	 0.100771
54.36	 0.00314895	 0.00244146	 1.01589	 -0.181463	 0.154993	 0.0995048
54.38	 0.00550161	 0.00242455	 1.01741	 -0.181201	 0.169567	 0.0982566
54.4	 0.00784572	 0.00240861	 1.01898	 -0.180927	 0.184072	 0.0970296
54.42	 0.0101807	 0.0023937	 1.02059	 -0.180641	 0.1985	 0.0958265
54.44	 0.012506	 0.0023799	 1.02226	 -0.180345	 0.212848	 0.09465
54.46	 0.0148211	 0.00236728	 1.02399	 -0.180039	 0.227111	 0.0935026
54.48	 0.0171253	 0.00235591	 1.02578	 -0.179724	 0.241282	 0.0923869
54.5	 0.0194182	 0.00234584	 1.02762	 -0.179401	 0.255356	 0.0913054
54.52	 0.0216993	 0.00233716	 1.02954	 -0.17907	 0.26933	 0.0902605
54.54	 0.0239681	 0.00232992	 1.03152	 -0.178731	 0.283197	 0.0892545
54.56	 0.026224	 0.00232418	 1.03357	 -0.178387	 0.296953	 0.0882896
54.58	 0.0284667	 0.00232001	 1.0357	 -0.178037	 0.310593	 0.0873679
54.6	 0.0306956	 0.00231744	 1.03791	 -0.177682	 0.324113	 0.0864915
54.62	 0.0329104	 0.00231654	 1.0402	 -0.177322	 0.337508	 0.0856622
54.64	 0.0351106	 0.00231735	 1.04257	 -0.176959	 0.350774	 0.0848819
54.66	 0.0372959	 0.0023199	 1.04504	 -0.176593	 0.363907	 0.0841523
54.68	 0.039466	 0.00232425	 1.0476	 -0.176225	 0.376902	 0.0834749
54.7	 0.0416204	 0.00233043	 1.05026	 -0.175855	 0.389756	 0.0828513
54.72	 0.0437588	 0.00233847	 1.05302	 -0.175484	 0.402464	 0.0822828
54.74	 0.045881	 0.00234841	 1.05589	 -0.175113	 0.415024	 0.0817706
54.76	 0.0479866	 0.00236026	 1.05887	 -0.174743	 0.427433	 0.0813159
54.78	 0.0500755	 0.00237406	 1.06196	 -0.174373	 0.439685	 0.0809197
54.8	 0.0521474	 0.00238981	 1.06517	 -0.174004	 0.45178	 0.0805828
54.82	 0.054202	 0.00240751	 1.0685	 -0.173638	 0.463713	 0.080306
54.84	 0.0562393	 0.00242718	 1.07195	 -0.173274	 0.475481	 0.08009
54.86	 0.0582589	 0.0024488	 1.07554	 -0.172913	 0.487083	 0.0799351
54.88	 0.0602608	 0.00247236	 1.07926	 -0.172555	 0.498515	 0.0798418
54.9	 0.0622449	 0.00249785	 1.08312	 -0.172201	 0.509775	 0.0798103
54.92	 0.064211	 0.00252525	 1.08713	 -0.171852	 0.520861	 0.0798406
54.94	 0.0661591	 0.00255453	 1.09127	 -0.171507	 0.53177	 0.0799326
54.96	 0.068089	 0.00258568	 1.09557	 -0.171168	 0.542501	 0.0800861
54.98	 0.0700008	 0.00261865	 1.10002	 -0.170834	 0.553053	 0.0803008
55	 0.0718944	 0.00265342	 1.10463	 -0.170506	 0.563423	 0.0805761
55.02	 0.0737699	 0.00268994	 1.1094	 -0.170184	 0.57361	 0.0809116
55.04	 0.0756272	 0.00272817	 1.11433	 -0.169869	 0.583612	 0.0813064
55.06	 0.0774663	 0.00276806	 1.11942	 -0.169561	 0.59343	 0.0817597
55.08	 0.0792874	 0.00280954	 1.12469	 -0.16926	 0.603061	 0.0822706
55.1	 0.0810905	 0.00285256	 1.13013	 -0.168966	 0.612505	 0.0828379
55.12	 0.0828756	 0.00289704	 1.13574	 -0.16868	 0.62176	 0.0834603
55.14	 0.0846429	 0.0029429	 1.14153	 -0.168401	 0.630827	 0.0841366
55.16	 0.0863924	 0.00299008	 1.1475	 -0.168131	 0.639705	 0.0848652
55.18	 0.0881244	 0.0030385	 1.15366	 -0.167868	 0.648393	 0.0856445
55.2	 0.0898389	 0.00308806	 1.16	 -0.167613	 0.656892	 0.0864729
55.22	 0.091536	 0.0031387	 1.16652	 -0.167367	 0.6652	 0.0873485
55.24	 0.093216	 0.00319031	 1.17323	 -0.167129	 0.673319	 0.0882693
55.26	 0.0948791	 0.00324281	 1.18014	 -0.166899	 0.681248	 0.0892335
55.28	 0.0965253	 0.0032961	 1.18723	 -0.166677	 0.688987	 0.0902387
55.3	 0.0981549	 0.00335008	 1.19452	 -0.166463	 0.696538	 0.091283
55.32	 0.0997681	 0.00340464	 1.202	 -0.166258	 0.703899	 0.0923638
55.34	 0.101365	 0.00345967	 1.20967	 -0.166062	 0.711073	 0.093479
55.36	 0.102946	 0.00351508	 1.21754	 -0.165873	 0.718059	 0.094626
55.38	 0.104511	 0.00357076	 1.2256	 -0.165693	 0.724859	 0.0958023
55.4	 0.106061	 0.0036266	 1.23385	 -0.16552	 0.731473	 0.0970053
55.42	 0.107595	 0.00368247	 1.2423	 -0.165356	 0.737901	 0.0982323
55.44	 0.109114	 0.00373828	 1.25095	 -0.165199	 0.744146	 0.0994808
55.46	 0.110618	 0.0037939	 1.25978	 -0.165049	 0.750208	 0.100748
55.48	 0.112107	 0.0038492	 1.26881	 -0.164908	 0.756088	 0.102031
55.5	 0.113582	 0.00390408	 1.27804	 -0.164773	 0.761788	 0.103326
55.52	 0.115043	 0.00395842	 1.28745	 -0.164645	 0.767308	 0.104632
55.54	 0.116489	 0.00401209	 1.29705	 -0.164524	 0.77265	 0.105945
55.56	 0.117922	 0.00406499	 1.30683	 -0.16441	 0.777815	 0.107263
55.58	 0.11934	 0.00411699	 1.3168	 -0.164301	 0.782805	 0.108581
55.6	 0.120746	 0.00416798	 1.32696	 -0.164199	 0.787621	 0.109899
55.62	 0.122138	 0.00421784	 1.33729	 -0.164102	 0.792264	 0.111211
55.64	 0.123517	 0.00426646	 1.3478	 -0.164011	 0.796737	 0.112517
55.66	 0.124882	 0.00431372	 1.35849	 -0.163925	 0.80104	 0.113812
55.68	 0.126235	 0.00435952	 1.36935	 -0.163843	 0.805175	 0.115094
55.7	 0.127576	 0.00440375	 1.38037	 -0.163766	 0.809144	 0.11636
55.72	 0.128903	 0.0044463	 1.39156	 -0.163693	 0.812947	 0.117607
55.74	 0.130219	 0.00448708	 1.40292	 -0.163624	 0.816588	 0.118832
55.76	 0.131522	 0.00452598	 1.41443	 -0.163559	 0.820066	 0.120033
55.78	 0.132813	 0.00456292	 1.42609	 -0.163496	 0.823384	 0.121207
55.8	 0.134091	 0.00459779	 1.4379	 -0.163437	 0.826544	 0.122351
55.82	 0.135358	 0.00463053	 1.44986	 -0.16338	 0.829546	 0.123464
55.84	 0.136612	 0.00466103	 1.46196	 -0.163326	 0.832393	 0.124541
55.86	 0.137855	 0.00468922	 1.47419	 -0.163274	 0.835085	 0.125581
55.88	 0.139085	 0.00471503	 1.48655	 -0.163223	 0.837625	 0.126582
55.9	 0.140304	 0.00473839	 1.49904	 -0.163174	 0.840015	 0.12754
55.92	 0.141511	 0.00475922	 1.51165	 -0.163126	 0.842255	 0.128455
55.94	 0.142705	 0.00477746	 1.52438	 -0.163078	 0.844347	 0.129324
55.96	 0.143888	 0.00479307	 1.53721	 -0.163031	 0.846293	 0.130145
55.98	 0.145059	 0.00480598	 1.55015	 -0.162984	 0.848095	 0.130916
56	 0.146217	 0.00481616	 1.5632	 -0.162937	 0.849753	 0.131635
56.02	 0.147363	 0.00482356	 1.57633	 -0.16289	 0.851269	 0.132301
56.04	 0.148498	 0.00482815	 1.58955	 -0.162842	 0.852645	 0.132912
56.06	 0.149619	 0.0048299	 1.60286	 -0.162794	 0.853883	 0.133467
56.08	 0.150728	 0.0048288	 1.61624	 -0.162744	 0.854983	 0.133964
56.1	 0.151825	 0.00482481	 1.62969	 -0.162694	 0.855948	 0.134402
56.12	 0.152908	 0.00481794	 1.6432	 -0.162641	 0.856778	 0.13478
56.14	 0.153979	 0.00480818	 1.65678	 -0.162588	 0.857475	 0.135098
56.16	 0.155036	 0.00479552	 1.67041	 -0.162532	 0.858041	 0.135354
56.18	 0.15608	 0.00477998	 1.68408	 -0.162475	 0.858477	 0.135548
56.2	 0.15711	 0.00476156	 1.6978	 -0.162416	 0.858784	 0.135679
56.22	 0.158126	 0.0047403	 1.71155	 -0.162354	 0.858964	 0.135747
56.24	 0.159129	 0.00471622	 1.72533	 -0.16229	 0.859019	 0.135751
56.26	 0.160117	 0.00468935	 1.73914	 -0.162224	 0.858948	 0.135692
56.28	 0.16109	 0.00465973	 1.75296	 -0.162156	 0.858755	 0.13557
56.3	 0.162048	 0.0046274	 1.7668	 -0.162085	 0.858439	 0.135384
56.32	 0.162991	 0.00459242	 1.78064	 -0.162012	 0.858004	 0.135136
56.34	 0.163918	 0.00455483	 1.79448	 -0.161936	 0.857449	 0.134824
56.36	 0.16483	 0.00451471	 1.80832	 -0.161858	 0.856776	 0.134451
56.38	 0.165725	 0.00447211	 1.82215	 -0.161778	 0.855987	 0.134017
56.4	 0.166604	 0.00442711	 1.83596	 -0.161695	 0.855083	 0.133522
56.42	 0.167466	 0.00437979	 1.84976	 -0.16161	 0.854065	 0.132968
56.44	 0.168311	 0.00433022	 1.86352	 -0.161522	 0.852934	 0.132356
56.46	 0.169139	 0.0042785	 1.87726	 -0.161433	 0.851693	 0.131686
56.48	 0.169948	 0.00422472	 1.89096	 -0.161341	 0.850342	 0.130961
56.5	 0.170739	 0.00416897	 1.90463	 -0.161247	 0.848882	 0.130182
56.52	 0.171511	 0.00411136	 1.91825	 -0.161152	 0.847316	 0.12935
56.54	 0.172264	 0.00405198	 1.93182	 -0.161055	 0.845644	 0.128468
56.56	 0.172998	 0.00399094	 1.94533	 -0.160956	 0.843868	 0.127536
56.58	 0.173712	 0.00392837	 1.95879	 -0.160856	 0.84199	 0.126558
56.6	 0.174406	 0.00386437	 1.97219	 -0.160755	 0.84001	 0.125534
56.62	 0.175079	 0.00379906	 1.98553	 -0.160652	 0.83793	 0.124468
56.64	 0.175731	 0.00373256	 1.9988	 -0.160549	 0.835752	 0.123361
56.66	 0.176362	 0.003665	 2.012	 -0.160445	 0.833478	 0.122216
56.68	 0.176971	 0.00359649	 2.02512	 -0.160341	 0.831108	 0.121036
56.7	 0.177557	 0.00352717	 2.03817	 -0.160237	 0.828644	 0.119822
56.72	 0.178121	 0.00345717	 2.05114	 -0.160132	 0.826088	 0.118577
56.74	 0.178663	 0.0033866	 2.06402	 -0.160028	 0.823442	 0.117304
56.76	 0.179181	 0.00331561	 2.07683	 -0.159924	 0.820706	 0.116006
56.78	 0.179675	 0.00324432	 2.08954	 -0.159821	 0.817884	 0.114686
56.8	 0.180145	 0.00317286	 2.10217	 -0.159718	 0.814975	 0.113345
56.82	 0.180591	 0.00310137	 2.11471	 -0.159617	 0.811982	 0.111988
56.84	 0.181012	 0.00302997	 2.12716	 -0.159517	 0.808907	 0.110617
56.86	 0.181407	 0.00295879	 2.13952	 -0.159419	 0.805751	 0.109235
56.88	 0.181778	 0.00288797	 2.15178	 -0.159322	 0.802517	 0.107845
56.9	 0.182122	 0.00281763	 2.16395	 -0.159227	 0.799205	 0.106449
56.92	 0.18244	 0.0027479	 2.17603	 -0.159135	 0.795818	 0.105052
56.94	 0.182732	 0.00267891	 2.18801	 -0.159045	 0.792357	 0.103655
56.96	 0.182997	 0.00261078	 2.1999	 -0.158957	 0.788825	 0.102262
56.98	 0.183235	 0.00254362	 2.21169	 -0.158872	 0.785223	 0.100876
57	 0.183446	 0.00247757	 2.22339	 -0.15879	 0.781553	 0.0994999
57.02	 0.183628	 0.00241273	 2.235	 -0.158712	 0.777817	 0.0981363
57.04	 0.183783	 0.00234922	 2.24651	 -0.158636	 0.774016	 0.0967884
57.06	 0.18391	 0.00228715	 2.25793	 -0.158564	 0.770154	 0.095459
57.08	 0.184008	 0.00222662	 2.26926	 -0.158496	 0.76623	 0.0941509
57.1	 0.184078	 0.00216774	 2.2805	 -0.158432	 0.762249	 0.0928668
57.12	 0.184119	 0.00211061	 2.29165	 -0.158371	 0.758211	 0.0916096
57.14	 0.18413	 0.00205531	 2.30271	 -0.158314	 0.754118	 0.0903819
57.16	 0.184112	 0.00200194	 2.31369	 -0.158262	 0.749972	 0.0891863
57.18	 0.184065	 0.00195058	 2.32459	 -0.158213	 0.745776	 0.0880252
57.2	 0.183988	 0.00190132	 2.3354	 -0.158169	 0.741531	 0.0869012
57.22	 0.183881	 0.00185422	 2.34614	 -0.158129	 0.737239	 0.0858165
57.24	 0.183744	 0.00180936	 2.35679	 -0.158093	 0.732902	 0.0847735
57.26	 0.183578	 0.0017668	 2.36738	 -0.158062	 0.728522	 0.0837744
57.28	 0.18338	 0.00172661	 2.37789	 -0.158035	 0.7241	 0.0828211
57.3	 0.183153	 0.00168882	 2.38833	 -0.158011	 0.71964	 0.0819157
57.32	 0.182894	 0.00165348	 2.3987	 -0.157992	 0.715142	 0.08106
57.34	 0.182606	 0.00162064	 2.40901	 -0.157977	 0.710608	 0.0802557
57.36	 0.182286	 0.00159034	 2.41926	 -0.157966	 0.706041	 0.0795046
57.38	 0.181936	 0.00156258	 2.42945	 -0.157958	 0.701441	 0.078808
57.4	 0.181556	 0.00153741	 2.43959	 -0.157954	 0.696812	 0.0781674
57.42	 0.181144	 0.00151484	 2.44967	 -0.157953	 0.692154	 0.0775841
57.44	 0.180702	 0.00149488	 2.4597	 -0.157955	 0.68747	 0.0770591
57.46	 0.180229	 0.00147753	 2.46969	 -0.15796	 0.68276	 0.0765934
57.48	 0.179725	 0.00146279	 2.47963	 -0.157968	 0.678027	 0.0761879
57.5	 0.17919	 0.00145065	 2.48954	 -0.157979	 0.673273	 0.0758434
57.52	 0.178625	 0.00144111	 2.49941	 -0.157991	 0.668497	 0.0755603
57.54	 0.178029	 0.00143415	 2.50924	 -0.158005	 0.663703	 0.0753392
57.56	 0.177402	 0.00142973	 2.51904	 -0.158021	 0.658892	 0.0751804
57.58	 0.176745	 0.00142782	 2.52882	 -0.158039	 0.654064	 0.0750839
57.6	 0.176057	 0.0014284	 2.53857	 -0.158057	 0.649222	 0.0750497
57.62	 0.175339	 0.00143141	 2.5483	 -0.158076	 0.644366	 0.0750779
57.64	 0.17459	 0.00143682	 2.55801	 -0.158094	 0.639497	 0.0751679
57.66	 0.173811	 0.00144457	 2.5677	 -0.158113	 0.634618	 0.0753195
57.68	 0.173003	 0.00145461	 2.57738	 -0.158131	 0.629727	 0.0755321
57.7	 0.172164	 0.00146688	 2.58705	 -0.158148	 0.624828	 0.0758049
57.72	 0.171295	 0.00148131	 2.59672	 -0.158164	 0.61992	 0.0761372
57.74	 0.170397	 0.00149785	 2.60637	 -0.158178	 0.615005	 0.0765279
57.76	 0.169469	 0.0015164	 2.61603	 -0.15819	 0.610082	 0.0769759
57.78	 0.168512	 0.0015369	 2.62568	 -0.158199	 0.605153	 0.07748
57.8	 0.167526	 0.00155927	 2.63534	 -0.158206	 0.600219	 0.0780388
57.82	 0.166511	 0.00158343	 2.64499	 -0.158208	 0.595279	 0.0786508
57.84	 0.165467	 0.00160928	 2.65465	 -0.158207	 0.590335	 0.0793144
57.86	 0.164394	 0.00163674	 2.66432	 -0.158202	 0.585386	 0.0800279
57.88	 0.163294	 0.00166572	 2.674	 -0.158192	 0.580433	 0.0807893
57.9	 0.162164	 0.00169612	 2.68369	 -0.158177	 0.575475	 0.0815967
57.92	 0.161008	 0.00172785	 2.69338	 -0.158156	 0.570514	 0.0824481
57.94	 0.159823	 0.0017608	 2.70309	 -0.158128	 0.565548	 0.0833412
57.96	 0.158611	 0.00179488	 2.71281	 -0.158095	 0.560579	 0.0842738
57.98	 0.157372	 0.00182999	 2.72255	 -0.158054	 0.555605	 0.0852435
58	 0.156106	 0.00186603	 2.7323	 -0.158007	 0.550626	 0.086248
58.02	 0.154813	 0.0019029	 2.74206	 -0.157951	 0.545642	 0.0872846
58.04	 0.153494	 0.00194048	 2.75184	 -0.157887	 0.540653	 0.0883508
58.06	 0.152148	 0.00197869	 2.76163	 -0.157815	 0.535659	 0.089444
58.08	 0.150777	 0.00201741	 2.77143	 -0.157734	 0.530657	 0.0905614
58.1	 0.14938	 0.00205655	 2.78125	 -0.157644	 0.525649	 0.0917003
58.12	 0.147958	 0.002096	 2.79108	 -0.157545	 0.520632	 0.0928578
58.14	 0.146511	 0.00213566	 2.80092	 -0.157435	 0.515607	 0.094031
58.16	 0.14504	 0.00217542	 2.81077	 -0.157316	 0.510572	 0.095217
58.18	 0.143543	 0.00221519	 2.82064	 -0.157186	 0.505527	 0.096413
58.2	 0.142023	 0.00225487	 2.83051	 -0.157046	 0.50047	 0.0976158
58.22	 0.140479	 0.00229437	 2.84038	 -0.156894	 0.4954	 0.0988225
58.24	 0.138912	 0.00233358	 2.85027	 -0.156732	 0.490316	 0.10003
58.26	 0.137322	 0.00237242	 2.86015	 -0.156558	 0.485218	 0.101236
58.28	 0.135708	 0.0024108	 2.87004	 -0.156373	 0.480103	 0.102436
58.3	 0.134073	 0.00244862	 2.87992	 -0.156177	 0.474971	 0.103629
58.32	 0.132415	 0.00248582	 2.8898	 -0.155969	 0.469819	 0.104811
58.34	 0.130736	 0.00252231	 2.89967	 -0.155749	 0.464648	 0.105979
58.36	 0.129035	 0.00255802	 2.90953	 -0.155517	 0.459454	 0.10713
58.38	 0.127313	 0.00259287	 2.91938	 -0.155274	 0.454237	 0.108262
58.4	 0.12557	 0.00262681	 2.92921	 -0.155019	 0.448996	 0.109371
58.42	 0.123808	 0.00265976	 2.93902	 -0.154752	 0.443728	 0.110455
58.44	 0.122025	 0.00269166	 2.94881	 -0.154474	 0.438433	 0.111512
58.46	 0.120222	 0.00272246	 2.95857	 -0.154184	 0.433108	 0.112538
58.48	 0.118401	 0.00275211	 2.9683	 -0.153883	 0.427752	 0.113532
58.5	 0.11656	 0.00278056	 2.978	 -0.15357	 0.422364	 0.11449
58.52	 0.114702	 0.00280777	 2.98765	 -0.153247	 0.416941	 0.11541
58.54	 0.112825	 0.0028337	 2.99727	 -0.152913	 0.411483	 0.116291
58.56	 0.11093	 0.00285832	 3.00683	 -0.152568	 0.405987	 0.117129
58.58	 0.109018	 0.0028816	 3.01635	 -0.152214	 0.400452	 0.117923
58.6	 0.107089	 0.00290351	 3.02581	 -0.151849	 0.394876	 0.118671
58.62	 0.105144	 0.00292405	 3.03521	 -0.151475	 0.389259	 0.119371
58.64	 0.103183	 0.00294319	 3.04454	 -0.151092	 0.383597	 0.120022
58.66	 0.101206	 0.00296092	 3.05381	 -0.1507	 0.37789	 0.120621
58.68	 0.0992134	 0.00297724	 3.063	 -0.1503	 0.372137	 0.121167
58.7	 0.0972062	 0.00299215	 3.07211	 -0.149892	 0.366335	 0.121658
58.72	 0.0951846	 0.00300565	 3.08114	 -0.149477	 0.360484	 0.122095
58.74	 0.093149	 0.00301775	 3.09008	 -0.149055	 0.354581	 0.122474
58.76	 0.0910998	 0.00302845	 3.09892	 -0.148627	 0.348626	 0.122796
58.78	 0.0890374	 0.00303779	 3.10767	 -0.148193	 0.342618	 0.12306
58.8	 0.0869623	 0.00304577	 3.11632	 -0.147754	 0.336554	 0.123264
58.82	 0.0848749	 0.00305242	 3.12485	 -0.147311	 0.330434	 0.123409
58.84	 0.0827756	 0.00305778	 3.13328	 -0.146863	 0.324257	 0.123494
58.86	 0.0806649	 0.00306186	 3.14159	 -0.146413	 0.318022	 0.123518
58.88	 0.0785431	 0.00306472	 3.14977	 -0.14596	 0.311727	 0.123482
58.9	 0.0764108	 0.00306637	 3.15783	 -0.145506	 0.305371	 0.123385
58.92	 0.0742683	 0.00306688	 3.16576	 -0.14505	 0.298955	 0.123229
58.94	 0.0721161	 0.00306627	 3.17356	 -0.144594	 0.292476	 0.123012
58.96	 0.0699546	 0.00306459	 3.18121	 -0.144138	 0.285934	 0.122735
58.98	 0.0677844	 0.0030619	 3.18872	 -0.143683	 0.279329	 0.1224
59	 0.0656057	 0.00305825	 3.19608	 -0.143229	 0.27266	 0.122007
59.02	 0.0634191	 0.00305368	 3.2033	 -0.142778	 0.265926	 0.121556
59.04	 0.0612251	 0.00304825	 3.21035	 -0.14233	 0.259126	 0.121049
59.06	 0.0590239	 0.00304203	 3.21725	 -0.141886	 0.252262	 0.120488
59.08	 0.0568161	 0.00303507	 3.22398	 -0.141446	 0.245331	 0.119872
59.1	 0.0546022	 0.00302743	 3.23054	 -0.141012	 0.238334	 0.119204
59.12	 0.0523825	 0.00301917	 3.23694	 -0.140584	 0.231272	 0.118485
59.14	 0.0501575	 0.00301036	 3.24316	 -0.140163	 0.224142	 0.117717
59.16	 0.0479277	 0.00300105	 3.2492	 -0.139749	 0.216947	 0.116901
59.18	 0.0456933	 0.0029913	 3.25507	 -0.139343	 0.209686	 0.116041
59.2	 0.043455	 0.00298119	 3.26075	 -0.138946	 0.202359	 0.115136
59.22	 0.0412131	 0.00297076	 3.26625	 -0.138559	 0.194966	 0.114191
59.24	 0.038968	 0.00296008	 3.27156	 -0.138182	 0.187508	 0.113206
59.26	 0.0367201	 0.0029492	 3.27668	 -0.137816	 0.179985	 0.112185
59.28	 0.0344698	 0.00293818	 3.28162	 -0.137462	 0.172398	 0.111129
59.3	 0.0322176	 0.00292708	 3.28635	 -0.13712	 0.164747	 0.110041
59.32	 0.0299639	 0.00291596	 3.2909	 -0.13679	 0.157032	 0.108924
59.34	 0.0277089	 0.00290485	 3.29524	 -0.136474	 0.149256	 0.10778
59.36	 0.0254532	 0.00289383	 3.29939	 -0.136171	 0.141418	 0.106612
59.38	 0.0231971	 0.00288294	 3.30335	 -0.135883	 0.133519	 0.105422
59.4	 0.0209409	 0.00287222	 3.3071	 -0.135609	 0.125561	 0.104214
59.42	 0.018685	 0.00286171	 3.31065	 -0.135351	 0.117543	 0.102991
59.44	 0.0164298	 0.00285147	 3.31401	 -0.135108	 0.109468	 0.101754
59.46	 0.0141756	 0.00284154	 3.31716	 -0.13488	 0.101336	 0.100508
59.48	 0.0119228	 0.00283193	 3.32011	 -0.134669	 0.0931493	 0.099254
59.5	 0.0096717	 0.0028227	 3.32287	 -0.134475	 0.0849081	 0.0979963
59.52	 0.00742258	 0.00281387	 3.32542	 -0.134297	 0.0766141	 0.0967374
59.54	 0.00517578	 0.00280548	 3.32778	 -0.134135	 0.0682689	 0.0954802
59.56	 0.00293161	 0.00279753	 3.32993	 -0.133991	 0.0598739	 0.0942277
59.58	 0.00069035	 0.00279005	 3.3319	 -0.133865	 0.0514306	 0.0929827
59.6	 -0.0015477	 0.00278307	 3.33366	 -0.133755	 0.0429408	 0.0917481
59.62	 -0.00378228	 0.00277658	 3.33523	 -0.133663	 0.034406	 0.0905267
59.64	 -0.00601311	 0.00277059	 3.33661	 -0.133589	 0.0258281	 0.0893214
59.66	 -0.00823994	 0.00276511	 3.33779	 -0.133532	 0.0172088	 0.088135
59.68	 -0.0104625	 0.00276015	 3.33879	 -0.133492	 0.00854984	 0.0869701
59.7	 -0.0126806	 0.0027557	 3.3396	 -0.13347	 -0.000146907	 0.0858295
59.72	 -0.014894	 0.00275176	 3.34023	 -0.133465	 -0.00887956	 0.0847158
59.74	 -0.0171025	 0.00274831	 3.34067	 -0.133478	 -0.0176462	 0.0836316
59.76	 -0.0193059	 0.00274535	 3.34093	 -0.133507	 -0.0264449	 0.0825793
59.78	 -0.0215039	 0.00274286	 3.34102	 -0.133554	 -0.0352736	 0.0815613
59.8	 -0.0236964	 0.00274081	 3.34093	 -0.133617	 -0.0441304	 0.08058
59.82	 -0.0258833	 0.00273917	 3.34067	 -0.133696	 -0.0530132	 0.0796376
59.84	 -0.0280644	 0.00273793	 3.34025	 -0.133792	 -0.06192	 0.0787363
59.86	 -0.0302395	 0.00273704	 3.33965	 -0.133904	 -0.0708489	 0.077878
59.88	 -0.0324085	 0.00273647	 3.3389	 -0.134031	 -0.0797978	 0.0770647
59.9	 -0.0345714	 0.0027362	 3.33799	 -0.134173	 -0.0887648	 0.0762983
59.92	 -0.0367279	 0.00273618	 3.33692	 -0.13433	 -0.0977479	 0.0755805
59.94	 -0.0388781	 0.00273638	 3.3357	 -0.134501	 -0.106745	 0.074913
59.96	 -0.0410217	 0.00273676	 3.33434	 -0.134686	 -0.115755	 0.0742971
59.98	 -0.0431589	 0.00273726	 3.33283	 -0.134885	 -0.124775	 0.0737344
60	 -0.0452895	 0.00273786	 3.33118	 -0.135096	 -0.133803	 0.073226
60.02	 -0.0474134	 0.00273851	 3.3294	 -0.135319	 -0.142838	 0.0727729
60.04	 -0.0495308	 0.00273914	 3.32748	 -0.135553	 -0.151878	 0.0723763
60.06	 -0.0516414	 0.0027397	 3.32544	 -0.135799	 -0.16092	 0.0720369
60.08	 -0.0537455	 0.00274016	 3.32327	 -0.136055	 -0.169964	 0.0717554
60.1	 -0.0558428	 0.00274045	 3.32098	 -0.13632	 -0.179007	 0.0715323
60.12	 -0.0579336	 0.00274052	 3.31858	 -0.136595	 -0.188047	 0.0713681
60.14	 -0.0600178	 0.00274032	 3.31606	 -0.136877	 -0.197082	 0.071263
60.16	 -0.0620955	 0.00273981	 3.31344	 -0.137168	 -0.206112	 0.0712172
60.18	 -0.0641667	 0.00273893	 3.31071	 -0.137465	 -0.215134	 0.0712306
60.2	 -0.0662316	 0.00273764	 3.30788	 -0.137768	 -0.224147	 0.071303
60.22	 -0.0682901	 0.00273589	 3.30495	 -0.138077	 -0.233149	 0.071434
60.24	 -0.0703424	 0.00273362	 3.30194	 -0.13839	 -0.242139	 0.0716234
60.26	 -0.0723886	 0.00273079	 3.29883	 -0.138707	 -0.251114	 0.0718703
60.28	 -0.0744287	 0.00272735	 3.29563	 -0.139028	 -0.260075	 0.0721741
60.3	 -0.076463	 0.00272325	 3.29236	 -0.139351	 -0.269019	 0.0725339
60.32	 -0.0784915	 0.00271846	 3.289	 -0.139676	 -0.277944	 0.0729488
60.34	 -0.0805144	 0.00271293	 3.28558	 -0.140003	 -0.286851	 0.0734175
60.36	 -0.0825317	 0.00270661	 3.28207	 -0.140329	 -0.295737	 0.0739388
60.38	 -0.0845437	 0.00269947	 3.2785	 -0.140655	 -0.304602	 0.0745113
60.4	 -0.0865505	 0.00269146	 3.27487	 -0.14098	 -0.313443	 0.0751336
60.42	 -0.0885522	 0.00268254	 3.27117	 -0.141303	 -0.32226	 0.0758039
60.44	 -0.0905489	 0.00267267	 3.26741	 -0.141623	 -0.331052	 0.0765207
60.46	 -0.0925409	 0.0026618	 3.26359	 -0.14194	 -0.339817	 0.0772819
60.48	 -0.0945283	 0.0026499	 3.25972	 -0.142252	 -0.348554	 0.0780857
60.5	 -0.0965112	 0.00263694	 3.2558	 -0.14256	 -0.357262	 0.0789301
60.52	 -0.0984898	 0.0026229	 3.25182	 -0.142863	 -0.36594	 0.0798129
60.54	 -0.100464	 0.00260776	 3.24779	 -0.143159	 -0.374588	 0.0807318
60.56	 -0.102435	 0.00259151	 3.24372	 -0.143449	 -0.383202	 0.0816846
60.58	 -0.104401	 0.00257414	 3.23961	 -0.143731	 -0.391784	 0.0826689
60.6	 -0.106364	 0.00255563	 3.23544	 -0.144006	 -0.400332	 0.0836821
60.62	 -0.108323	 0.002536	 3.23124	 -0.144272	 -0.408844	 0.0847219
60.64	 -0.110279	 0.00251525	 3.227	 -0.14453	 -0.417321	 0.0857855
60.66	 -0.112231	 0.00249337	 3.22271	 -0.144779	 -0.425761	 0.0868705
60.68	 -0.114181	 0.00247038	 3.21839	 -0.145018	 -0.434164	 0.087974
60.7	 -0.116127	 0.0024463	 3.21402	 -0.145247	 -0.44253	 0.0890935
60.72	 -0.11807	 0.00242114	 3.20962	 -0.145466	 -0.450856	 0.0902261
60.74	 -0.120011	 0.00239491	 3.20518	 -0.145674	 -0.459143	 0.0913692
60.76	 -0.121949	 0.00236764	 3.2007	 -0.145871	 -0.46739	 0.09252
60.78	 -0.123884	 0.00233936	 3.19619	 -0.146056	 -0.475596	 0.0936756
60.8	 -0.125816	 0.00231011	 3.19164	 -0.14623	 -0.483761	 0.0948333
60.82	 -0.127746	 0.00227991	 3.18705	 -0.146392	 -0.491883	 0.0959903
60.84	 -0.129674	 0.00224881	 3.18242	 -0.146543	 -0.499962	 0.0971437
60.86	 -0.131599	 0.00221685	 3.17775	 -0.146681	 -0.507997	 0.0982908
60.88	 -0.133521	 0.00218409	 3.17304	 -0.146807	 -0.515988	 0.0994288
60.9	 -0.135442	 0.00215058	 3.16829	 -0.14692	 -0.523934	 0.100555
60.92	 -0.13736	 0.00211638	 3.16349	 -0.147022	 -0.531834	 0.101666
60.94	 -0.139275	 0.00208153	 3.15866	 -0.147111	 -0.539686	 0.102761
60.96	 -0.141188	 0.0020461	 3.15377	 -0.147187	 -0.547492	 0.103836
60.98	 -0.143099	 0.00201015	 3.14884	 -0.147251	 -0.555249	 0.104888
61	 -0.145007	 0.00197375	 3.14387	 -0.147303	 -0.562957	 0.105915
61.02	 -0.146912	 0.00193697	 3.13884	 -0.147342	 -0.570615	 0.106916
61.04	 -0.148815	 0.00189988	 3.13376	 -0.14737	 -0.578222	 0.107886
61.06	 -0.150714	 0.00186255	 3.12862	 -0.147385	 -0.585778	 0.108825
61.08	 -0.152611	 0.00182507	 3.12343	 -0.147388	 -0.593281	 0.109729
61.1	 -0.154505	 0.00178752	 3.11818	 -0.14738	 -0.600732	 0.110598
61.12	 -0.156395	 0.00174996	 3.11287	 -0.14736	 -0.608128	 0.111428
61.14	 -0.158282	 0.0017125	 3.1075	 -0.14733	 -0.61547	 0.112218
61.16	 -0.160166	 0.00167521	 3.10206	 -0.147288	 -0.622756	 0.112966
61.18	 -0.162045	 0.00163818	 3.09655	 -0.147236	 -0.629986	 0.113671
61.2	 -0.163921	 0.00160149	 3.09097	 -0.147173	 -0.637158	 0.11433
61.22	 -0.165792	 0.00156526	 3.08531	 -0.147101	 -0.644272	 0.114943
61.24	 -0.167658	 0.00152955	 3.07958	 -0.147019	 -0.651328	 0.115508
61.26	 -0.16952	 0.00149447	 3.07377	 -0.146928	 -0.658323	 0.116023
61.28	 -0.171377	 0.00146011	 3.06788	 -0.146829	 -0.665257	 0.116487
61.3	 -0.173228	 0.00142655	 3.0619	 -0.146721	 -0.67213	 0.1169
61.32	 -0.175073	 0.00139389	 3.05583	 -0.146605	 -0.678941	 0.117261
61.34	 -0.176913	 0.0013622	 3.04968	 -0.146482	 -0.685689	 0.117568
61.36	 -0.178746	 0.00133158	 3.04343	 -0.146351	 -0.692372	 0.117822
61.38	 -0.180572	 0.00130212	 3.03708	 -0.146215	 -0.698991	 0.118021
61.4	 -0.182391	 0.0012739	 3.03063	 -0.146072	 -0.705544	 0.118166
61.42	 -0.184203	 0.00124701	 3.02408	 -0.145925	 -0.71203	 0.118255
61.44	 -0.186006	 0.00122152	 3.01743	 -0.145772	 -0.71845	 0.11829
61.46	 -0.187802	 0.00119751	 3.01067	 -0.145614	 -0.724801	 0.118269
61.48	 -0.189588	 0.00117507	 3.0038	 -0.145453	 -0.731084	 0.118194
61.5	 -0.191365	 0.00115427	 2.99681	 -0.145288	 -0.737297	 0.118065
61.52	 -0.193133	 0.00113517	 2.98971	 -0.145121	 -0.743441	 0.117881
61.54	 -0.194891	 0.00111784	 2.98249	 -0.144951	 -0.749513	 0.117644
61.56	 -0.196638	 0.00110234	 2.97516	 -0.144779	 -0.755514	 0.117354
61.58	 -0.198374	 0.00108874	 2.9677	 -0.144605	 -0.761443	 0.117012
61.6	 -0.200099	 0.0010771	 2.96011	 -0.144431	 -0.767299	 0.116619
61.62	 -0.201812	 0.00106747	 2.9524	 -0.144256	 -0.773083	 0.116176
61.64	 -0.203513	 0.0010599	 2.94456	 -0.144081	 -0.778792	 0.115684
61.66	 -0.2052	 0.00105444	 2.93659	 -0.143907	 -0.784428	 0.115145
61.68	 -0.206874	 0.00105112	 2.92849	 -0.143734	 -0.789989	 0.11456
61.7	 -0.208535	 0.00104999	 2.92025	 -0.143562	 -0.795474	 0.11393
61.72	 -0.210181	 0.00105106	 2.91188	 -0.143392	 -0.800885	 0.113257
61.74	 -0.211812	 0.00105437	 2.90338	 -0.143224	 -0.80622	 0.112543
61.76	 -0.213427	 0.00105994	 2.89473	 -0.143059	 -0.811478	 0.111789
61.78	 -0.215027	 0.00106777	 2.88595	 -0.142897	 -0.816661	 0.110998
61.8	 -0.216611	 0.00107788	 2.87703	 -0.142738	 -0.821767	 0.110172
61.82	 -0.218177	 0.00109027	 2.86797	 -0.142583	 -0.826797	 0.109312
61.84	 -0.219727	 0.00110494	 2.85877	 -0.142432	 -0.83175	 0.10842
61.86	 -0.221258	 0.00112188	 2.84943	 -0.142285	 -0.836626	 0.1075
61.88	 -0.222771	 0.00114108	 2.83995	 -0.142142	 -0.841426	 0.106553
61.9	 -0.224265	 0.00116252	 2.83033	 -0.142004	 -0.84615	 0.105582
61.92	 -0.22574	 0.00118619	 2.82056	 -0.141872	 -0.850797	 0.104588
61.94	 -0.227196	 0.00121206	 2.81066	 -0.141744	 -0.855368	 0.103575
61.96	 -0.228631	 0.00124011	 2.80062	 -0.141622	 -0.859864	 0.102545
61.98	 -0.230045	 0.00127028	 2.79044	 -0.141506	 -0.864284	 0.1015
62	 -0.231438	 0.00130255	 2.78012	 -0.141395	 -0.868629	 0.100444
62.02	 -0.23281	 0.00133686	 2.76966	 -0.141291	 -0.8729	 0.0993774
62.04	 -0.234159	 0.00137317	 2.75907	 -0.141193	 -0.877096	 0.0983045
62.06	 -0.235486	 0.00141141	 2.74834	 -0.1411	 -0.881219	 0.0972273
62.08	 -0.23679	 0.00145151	 2.73748	 -0.141014	 -0.88527	 0.0961485
62.1	 -0.238071	 0.00149342	 2.72649	 -0.140935	 -0.889247	 0.0950707
62.12	 -0.239329	 0.00153706	 2.71536	 -0.140861	 -0.893153	 0.0939966
62.14	 -0.240562	 0.00158236	 2.70412	 -0.140794	 -0.896989	 0.0929286
62.16	 -0.241771	 0.00162923	 2.69274	 -0.140733	 -0.900754	 0.0918694
62.18	 -0.242954	 0.0016776	 2.68125	 -0.140679	 -0.90445	 0.0908216
62.2	 -0.244113	 0.00172739	 2.66963	 -0.14063	 -0.908078	 0.0897876
62.22	 -0.245247	 0.00177849	 2.65789	 -0.140588	 -0.911639	 0.0887698
62.24	 -0.246354	 0.00183084	 2.64604	 -0.140552	 -0.915133	 0.0877707
62.26	 -0.247435	 0.00188432	 2.63408	 -0.140522	 -0.918561	 0.0867927
62.28	 -0.24849	 0.00193885	 2.62201	 -0.140498	 -0.921926	 0.0858381
62.3	 -0.249518	 0.00199432	 2.60983	 -0.14048	 -0.925227	 0.0849091
62.32	 -0.250519	 0.00205063	 2.59755	 -0.140468	 -0.928465	 0.0840079
62.34	 -0.251493	 0.00210768	 2.58517	 -0.140461	 -0.931643	 0.0831366
62.36	 -0.252439	 0.00216537	 2.5727	 -0.140461	 -0.934761	 0.0822973
62.38	 -0.253358	 0.00222357	 2.56013	 -0.140465	 -0.93782	 0.0814919
62.4	 -0.254248	 0.0022822	 2.54748	 -0.140475	 -0.940821	 0.0807222
62.42	 -0.255111	 0.00234113	 2.53474	 -0.140491	 -0.943766	 0.0799901
62.44	 -0.255944	 0.00240025	 2.52192	 -0.140511	 -0.946656	 0.0792972
62.46	 -0.25675	 0.00245946	 2.50903	 -0.140536	 -0.949491	 0.0786452
62.48	 -0.257526	 0.00251864	 2.49606	 -0.140566	 -0.952274	 0.0780355
62.5	 -0.258273	 0.00257769	 2.48302	 -0.1406	 -0.955005	 0.0774697
62.52	 -0.258992	 0.00263647	 2.46992	 -0.140639	 -0.957686	 0.0769489
62.54	 -0.259681	 0.0026949	 2.45676	 -0.140681	 -0.960318	 0.0764744
62.56	 -0.260341	 0.00275284	 2.44354	 -0.140728	 -0.962901	 0.0760472
62.58	 -0.260971	 0.00281019	 2.43028	 -0.140778	 -0.965437	 0.0756684
62.6	 -0.261571	 0.00286685	 2.41696	 -0.140831	 -0.967928	 0.0753388
62.62	 -0.262142	 0.00292269	 2.40361	 -0.140888	 -0.970374	 0.075059
62.64	 -0.262683	 0.00297763	 2.39021	 -0.140947	 -0.972776	 0.0748297
62.66	 -0.263195	 0.00303156	 2.37678	 -0.14101	 -0.975135	 0.0746515
62.68	 -0.263676	 0.00308437	 2.36332	 -0.141075	 -0.977453	 0.0745247
62.7	 -0.264128	 0.00313596	 2.34984	 -0.141142	 -0.97973	 0.0744495
62.72	 -0.264549	 0.00318625	 2.33634	 -0.141212	 -0.981967	 0.0744261
62.74	 -0.264941	 0.00323514	 2.32282	 -0.141284	 -0.984166	 0.0744546
62.76	 -0.265302	 0.00328253	 2.30928	 -0.141357	 -0.986326	 0.0745348
62.78	 -0.265634	 0.00332835	 2.29574	 -0.141432	 -0.988449	 0.0746665
62.8	 -0.265935	 0.00337251	 2.2822	 -0.141509	 -0.990536	 0.0748494
62.82	 -0.266207	 0.00341493	 2.26866	 -0.141587	 -0.992587	 0.0750831
62.84	 -0.266448	 0.00345553	 2.25512	 -0.141666	 -0.994603	 0.075367
62.86	 -0.266659	 0.00349425	 2.24159	 -0.141746	 -0.996584	 0.0757004
62.88	 -0.266841	 0.00353102	 2.22807	 -0.141827	 -0.998531	 0.0760826
62.9	 -0.266992	 0.00356577	 2.21457	 -0.141909	 -1.00044	 0.0765126
62.92	 -0.267114	 0.00359845	 2.20109	 -0.141991	 -1.00232	 0.0769895
62.94	 -0.267206	 0.00362901	 2.18763	 -0.142075	 -1.00417	 0.0775121
62.96	 -0.267268	 0.00365739	 2.17421	 -0.142158	 -1.00598	 0.0780793
62.98	 -0.267301	 0.00368355	 2.16081	 -0.142242	 -1.00776	 0.0786898
63	 -0.267304	 0.00370745	 2.14745	 -0.142327	 -1.00951	 0.0793423
63.02	 -0.267277	 0.00372906	 2.13413	 -0.142412	 -1.01123	 0.0800352
63.04	 -0.267221	 0.00374835	 2.12084	 -0.142497	 -1.01291	 0.0807669
63.06	 -0.267135	 0.00376528	 2.10761	 -0.142582	 -1.01456	 0.0815359
63.08	 -0.267021	 0.00377985	 2.09442	 -0.142668	 -1.01617	 0.0823404
63.1	 -0.266877	 0.00379204	 2.08128	 -0.142753	 -1.01775	 0.0831787
63.12	 -0.266704	 0.00380184	 2.06819	 -0.142839	 -1.0193	 0.0840487
63.14	 -0.266502	 0.00380924	 2.05516	 -0.142926	 -1.02081	 0.0849487
63.16	 -0.266272	 0.00381425	 2.04219	 -0.143012	 -1.02229	 0.0858765
63.18	 -0.266012	 0.00381687	 2.02928	 -0.143099	 -1.02373	 0.0868301
63.2	 -0.265724	 0.00381712	 2.01643	 -0.143186	 -1.02513	 0.0878075
63.22	 -0.265408	 0.00381501	 2.00365	 -0.143274	 -1.02649	 0.0888064
63.24	 -0.265063	 0.00381056	 1.99094	 -0.143362	 -1.02781	 0.0898248
63.26	 -0.26469	 0.00380381	 1.97829	 -0.143451	 -1.0291	 0.0908602
63.28	 -0.26429	 0.00379478	 1.96572	 -0.143541	 -1.03034	 0.0919106
63.3	 -0.263861	 0.0037835	 1.95321	 -0.143631	 -1.03154	 0.0929735
63.32	 -0.263404	 0.00377003	 1.94078	 -0.143723	 -1.03269	 0.0940468
63.34	 -0.26292	 0.00375439	 1.92843	 -0.143816	 -1.0338	 0.095128
63.36	 -0.262408	 0.00373665	 1.91615	 -0.143909	 -1.03487	 0.0962148
63.38	 -0.261869	 0.00371685	 1.90395	 -0.144005	 -1.03588	 0.0973049
63.4	 -0.261303	 0.00369505	 1.89183	 -0.144101	 -1.03684	 0.0983961
63.42	 -0.260709	 0.00367132	 1.87978	 -0.1442	 -1.03775	 0.0994858
63.44	 -0.260089	 0.00364572	 1.86782	 -0.1443	 -1.03861	 0.100572
63.46	 -0.259442	 0.00361831	 1.85594	 -0.144403	 -1.03941	 0.101652
63.48	 -0.258768	 0.00358918	 1.84413	 -0.144507	 -1.04015	 0.102724
63.5	 -0.258068	 0.00355838	 1.83241	 -0.144614	 -1.04084	 0.103785
63.52	 -0.257342	 0.00352601	 1.82077	 -0.144724	 -1.04146	 0.104833
63.54	 -0.256589	 0.00349215	 1.80921	 -0.144836	 -1.04201	 0.105867
63.56	 -0.255811	 0.00345686	 1.79773	 -0.144951	 -1.0425	 0.106883
63.58	 -0.255007	 0.00342025	 1.78633	 -0.14507	 -1.04292	 0.10788
63.6	 -0.254177	 0.0033824	 1.77501	 -0.145191	 -1.04327	 0.108855
63.62	 -0.253321	 0.0033434	 1.76377	 -0.145317	 -1.04355	 0.109808
63.64	 -0.252441	 0.00330335	 1.75261	 -0.145446	 -1.04375	 0.110734
63.66	 -0.251535	 0.00326233	 1.74153	 -0.145579	 -1.04387	 0.111634
63.68	 -0.250604	 0.00322046	 1.73053	 -0.145716	 -1.04391	 0.112505
63.7	 -0.249649	 0.00317781	 1.7196	 -0.145857	 -1.04387	 0.113345
63.72	 -0.248669	 0.0031345	 1.70875	 -0.146003	 -1.04374	 0.114152
63.74	 -0.247664	 0.00309063	 1.69798	 -0.146153	 -1.04352	 0.114925
63.76	 -0.246636	 0.00304628	 1.68728	 -0.146308	 -1.04321	 0.115662
63.78	 -0.245583	 0.00300156	 1.67666	 -0.146469	 -1.04281	 0.116363
63.8	 -0.244507	 0.00295657	 1.66611	 -0.146634	 -1.04231	 0.117025
63.82	 -0.243407	 0.00291141	 1.65563	 -0.146804	 -1.04171	 0.117647
63.84	 -0.242283	 0.00286618	 1.64522	 -0.14698	 -1.04101	 0.118228
63.86	 -0.241136	 0.00282098	 1.63487	 -0.147162	 -1.04021	 0.118767
63.88	 -0.239967	 0.0027759	 1.6246	 -0.147349	 -1.03929	 0.119263
63.9	 -0.238774	 0.00273104	 1.61439	 -0.147542	 -1.03827	 0.119715
63.92	 -0.237559	 0.0026865	 1.60425	 -0.147741	 -1.03713	 0.120122
63.94	 -0.236322	 0.00264236	 1.59417	 -0.147946	 -1.03588	 0.120484
63.96	 -0.235062	 0.00259873	 1.58416	 -0.148157	 -1.03451	 0.1208
63.98	 -0.233781	 0.00255569	 1.5742	 -0.148374	 -1.03302	 0.121069
64	 -0.232477	 0.00251334	 1.56431	 -0.148597	 -1.03141	 0.121291
64.02	 -0.231152	 0.00247175	 1.55447	 -0.148826	 -1.02967	 0.121466
64.04	 -0.229806	 0.00243102	 1.54469	 -0.149062	 -1.02781	 0.121594
64.06	 -0.228439	 0.00239123	 1.53496	 -0.149304	 -1.02581	 0.121674
64.08	 -0.227052	 0.00235245	 1.52529	 -0.149552	 -1.02368	 0.121707
64.1	 -0.225643	 0.00231477	 1.51567	 -0.149807	 -1.02141	 0.121692
64.12	 -0.224215	 0.00227825	 1.50611	 -0.150068	 -1.01901	 0.12163
64.14	 -0.222766	 0.00224298	 1.49659	 -0.150335	 -1.01647	 0.121521
64.16	 -0.221297	 0.002209	 1.48713	 -0.150608	 -1.01378	 0.121366
64.18	 -0.219809	 0.0021764	 1.47771	 -0.150887	 -1.01095	 0.121165
64.2	 -0.218302	 0.00214524	 1.46834	 -0.151172	 -1.00797	 0.120919
64.22	 -0.216776	 0.00211556	 1.45901	 -0.151463	 -1.00484	 0.120628
64.24	 -0.215231	 0.00208743	 1.44973	 -0.15176	 -1.00156	 0.120293
64.26	 -0.213667	 0.00206091	 1.4405	 -0.152063	 -0.998133	 0.119916
64.28	 -0.212086	 0.00203602	 1.43131	 -0.152371	 -0.994548	 0.119497
64.3	 -0.210486	 0.00201283	 1.42216	 -0.152685	 -0.990806	 0.119037
64.32	 -0.208869	 0.00199136	 1.41305	 -0.153004	 -0.986906	 0.118537
64.34	 -0.207234	 0.00197165	 1.40399	 -0.153328	 -0.982845	 0.118
64.36	 -0.205583	 0.00195374	 1.39496	 -0.153657	 -0.978624	 0.117426
64.38	 -0.203915	 0.00193765	 1.38598	 -0.153991	 -0.974239	 0.116816
64.4	 -0.20223	 0.0019234	 1.37704	 -0.154329	 -0.969691	 0.116172
64.42	 -0.200529	 0.00191101	 1.36814	 -0.154672	 -0.964976	 0.115496
64.44	 -0.198812	 0.00190049	 1.35927	 -0.155019	 -0.960095	 0.114789
64.46	 -0.19708	 0.00189186	 1.35045	 -0.155369	 -0.955046	 0.114053
64.48	 -0.195332	 0.00188512	 1.34167	 -0.155724	 -0.949828	 0.11329
64.5	 -0.193569	 0.00188027	 1.33293	 -0.156081	 -0.94444	 0.112501
64.52	 -0.191792	 0.00187731	 1.32422	 -0.156441	 -0.938881	 0.111689
64.54	 -0.19	 0.00187625	 1.31556	 -0.156805	 -0.933151	 0.110855
64.56	 -0.188195	 0.00187706	 1.30695	 -0.15717	 -0.927248	 0.110002
64.58	 -0.186375	 0.00187973	 1.29837	 -0.157537	 -0.921172	 0.10913
64.6	 -0.184543	 0.00188425	 1.28983	 -0.157907	 -0.914923	 0.108243
64.62	 -0.182697	 0.00189061	 1.28134	 -0.158277	 -0.9085	 0.107343
64.64	 -0.180838	 0.00189876	 1.2729	 -0.158649	 -0.901903	 0.10643
64.66	 -0.178967	 0.00190869	 1.2645	 -0.159022	 -0.895132	 0.105509
64.68	 -0.177083	 0.00192037	 1.25614	 -0.159395	 -0.888187	 0.10458
64.7	 -0.175188	 0.00193376	 1.24784	 -0.159767	 -0.881066	 0.103645
64.72	 -0.173281	 0.00194882	 1.23958	 -0.16014	 -0.873772	 0.102708
64.74	 -0.171363	 0.00196551	 1.23138	 -0.160512	 -0.866303	 0.10177
64.76	 -0.169433	 0.0019838	 1.22322	 -0.160883	 -0.85866	 0.100833
64.78	 -0.167494	 0.00200363	 1.21512	 -0.161252	 -0.850843	 0.0998993
64.8	 -0.165543	 0.00202496	 1.20708	 -0.161619	 -0.842853	 0.0989713
64.82	 -0.163583	 0.00204773	 1.1991	 -0.161985	 -0.83469	 0.0980508
64.84	 -0.161613	 0.00207189	 1.19117	 -0.162347	 -0.826355	 0.09714
64.86	 -0.159634	 0.00209739	 1.18331	 -0.162707	 -0.817849	 0.096241
64.88	 -0.157645	 0.00212416	 1.17551	 -0.163064	 -0.809172	 0.0953558
64.9	 -0.155647	 0.00215215	 1.16777	 -0.163417	 -0.800324	 0.0944864
64.92	 -0.153641	 0.0021813	 1.16011	 -0.163766	 -0.791308	 0.0936349
64.94	 -0.151626	 0.00221153	 1.15251	 -0.164111	 -0.782124	 0.092803
64.96	 -0.149604	 0.00224279	 1.14499	 -0.164451	 -0.772773	 0.0919928
64.98	 -0.147573	 0.00227501	 1.13755	 -0.164786	 -0.763256	 0.0912061
65	 -0.145535	 0.00230811	 1.13018	 -0.165115	 -0.753575	 0.0904446
65.02	 -0.14349	 0.00234204	 1.12289	 -0.165439	 -0.74373	 0.0897101
65.04	 -0.141438	 0.00237671	 1.11569	 -0.165758	 -0.733724	 0.0890042
65.06	 -0.139378	 0.00241206	 1.10858	 -0.166069	 -0.723558	 0.0883285
65.08	 -0.137313	 0.00244803	 1.10155	 -0.166374	 -0.713232	 0.0876847
65.1	 -0.135241	 0.00248453	 1.09462	 -0.166672	 -0.70275	 0.0870741
65.12	 -0.133163	 0.00252149	 1.08778	 -0.166963	 -0.692112	 0.0864982
65.14	 -0.131079	 0.00255885	 1.08104	 -0.167247	 -0.681321	 0.0859582
65.16	 -0.12899	 0.00259653	 1.0744	 -0.167522	 -0.670377	 0.0854555
65.18	 -0.126895	 0.00263446	 1.06786	 -0.167789	 -0.659284	 0.0849911
65.2	 -0.124795	 0.00267257	 1.06143	 -0.168048	 -0.648042	 0.0845662
65.22	 -0.12269	 0.00271078	 1.05512	 -0.168299	 -0.636654	 0.0841818
65.24	 -0.12058	 0.00274904	 1.04891	 -0.168541	 -0.625122	 0.0838387
65.26	 -0.118466	 0.00278726	 1.04282	 -0.168773	 -0.613448	 0.0835378
65.28	 -0.116347	 0.00282539	 1.03685	 -0.168997	 -0.601635	 0.0832799
65.3	 -0.114224	 0.00286335	 1.03101	 -0.169211	 -0.589683	 0.0830655
65.32	 -0.112097	 0.00290108	 1.02529	 -0.169415	 -0.577597	 0.0828952
65.34	 -0.109966	 0.00293851	 1.01969	 -0.16961	 -0.565377	 0.0827695
65.36	 -0.107831	 0.00297559	 1.01423	 -0.169794	 -0.553027	 0.0826886
65.38	 -0.105693	 0.00301225	 1.00891	 -0.169969	 -0.540548	 0.082653
65.4	 -0.103552	 0.00304844	 1.00372	 -0.170134	 -0.527944	 0.0826627
65.42	 -0.101407	 0.00308409	 0.998667	 -0.170288	 -0.515217	 0.0827178
65.44	 -0.099259	 0.00311916	 0.993762	 -0.170432	 -0.502369	 0.0828184
65.46	 -0.0971081	 0.00315358	 0.989003	 -0.170566	 -0.489403	 0.0829643
65.48	 -0.0949543	 0.00318732	 0.984392	 -0.17069	 -0.476322	 0.0831553
65.5	 -0.0927979	 0.00322032	 0.979934	 -0.170803	 -0.463129	 0.0833911
65.52	 -0.0906388	 0.00325255	 0.975629	 -0.170905	 -0.449826	 0.0836713
65.54	 -0.0884773	 0.00328394	 0.971482	 -0.170998	 -0.436416	 0.0839955
65.56	 -0.0863134	 0.00331447	 0.967494	 -0.17108	 -0.422902	 0.0843631
65.58	 -0.0841472	 0.00334411	 0.963667	 -0.171152	 -0.409287	 0.0847735
65.6	 -0.0819789	 0.0033728	 0.960006	 -0.171213	 -0.395574	 0.0852258
65.62	 -0.0798086	 0.00340052	 0.95651	 -0.171265	 -0.381766	 0.0857192
65.64	 -0.0776363	 0.00342724	 0.953184	 -0.171306	 -0.367866	 0.0862529
65.66	 -0.0754622	 0.00345294	 0.950028	 -0.171338	 -0.353877	 0.0868258
65.68	 -0.0732863	 0.00347759	 0.947045	 -0.17136	 -0.339802	 0.0874368
65.7	 -0.0711088	 0.00350116	 0.944238	 -0.171372	 -0.325644	 0.0880848
65.72	 -0.0689297	 0.00352364	 0.941607	 -0.171375	 -0.311408	 0.0887686
65.74	 -0.0667491	 0.00354501	 0.939154	 -0.171369	 -0.297095	 0.0894868
65.76	 -0.0645672	 0.00356525	 0.936882	 -0.171353	 -0.282709	 0.090238
65.78	 -0.0623839	 0.00358436	 0.934791	 -0.171329	 -0.268254	 0.0910208
65.8	 -0.0601995	 0.00360232	 0.932883	 -0.171296	 -0.253734	 0.0918337
65.82	 -0.0580139	 0.00361914	 0.93116	 -0.171255	 -0.23915	 0.092675
65.84	 -0.0558274	 0.0036348	 0.929622	 -0.171206	 -0.224508	 0.0935433
65.86	 -0.0536399	 0.00364932	 0.928271	 -0.171149	 -0.20981	 0.0944367
65.88	 -0.0514516	 0.00366269	 0.927107	 -0.171084	 -0.195061	 0.0953535
65.9	 -0.0492625	 0.00367493	 0.926132	 -0.171012	 -0.180264	 0.096292
65.92	 -0.0470729	 0.00368605	 0.925345	 -0.170933	 -0.165423	 0.0972503
65.94	 -0.0448827	 0.00369606	 0.924749	 -0.170848	 -0.150542	 0.0982265
65.96	 -0.0426921	 0.00370497	 0.924342	 -0.170757	 -0.135624	 0.0992187
65.98	 -0.0405013	 0.00371281	 0.924125	 -0.17066	 -0.120675	 0.100225
66	 -0.0383102	 0.0037196	 0.924099	 -0.170557	 -0.105698	 0.101243
66.02	 -0.0361192	 0.00372536	 0.924264	 -0.17045	 -0.0906962	 0.102272
66.04	 -0.0339282	 0.0037301	 0.924619	 -0.170337	 -0.0756753	 0.103308
66.06	 -0.0317375	 0.00373387	 0.925164	 -0.170221	 -0.060639	 0.104351
66.08	 -0.0295471	 0.00373668	 0.925899	 -0.1701	 -0.0455918	 0.105397
66.1	 -0.0273572	 0.00373856	 0.926824	 -0.169976	 -0.0305381	 0.106446
66.12	 -0.025168	 0.00373956	 0.927937	 -0.169849	 -0.0154823	 0.107494
66.14	 -0.0229797	 0.00373969	 0.929239	 -0.169719	 -0.000428942	 0.10854
66.16	 -0.0207923	 0.00373899	 0.930728	 -0.169587	 0.0146174	 0.109582
66.18	 -0.018606	 0.0037375	 0.932404	 -0.169452	 0.0296521	 0.110618
66.2	 -0.0164211	 0.00373526	 0.934264	 -0.169316	 0.0446706	 0.111645
66.22	 -0.0142377	 0.0037323	 0.936309	 -0.169179	 0.0596682	 0.112662
66.24	 -0.0120559	 0.00372866	 0.938537	 -0.169041	 0.0746401	 0.113666
66.26	 -0.00987608	 0.00372437	 0.940946	 -0.168902	 0.0895817	 0.114657
66.28	 -0.00769828	 0.00371949	 0.943535	 -0.168763	 0.104488	 0.115631
66.3	 -0.00552276	 0.00371405	 0.946303	 -0.168624	 0.119355	 0.116587
66.32	 -0.00334971	 0.00370808	 0.949246	 -0.168486	 0.134177	 0.117522
66.34	 -0.00117935	 0.00370162	 0.952365	 -0.168348	 0.148949	 0.118436
66.36	 0.000988104	 0.00369472	 0.955657	 -0.168212	 0.163667	 0.119326
66.38	 0.00315244	 0.00368742	 0.959119	 -0.168078	 0.178326	 0.120191
66.4	 0.00531342	 0.00367975	 0.96275	 -0.167945	 0.192921	 0.121029
66.42	 0.00747083	 0.00367176	 0.966547	 -0.167815	 0.207448	 0.121838
66.44	 0.00962442	 0.00366348	 0.970509	 -0.167687	 0.221901	 0.122616
66.46	 0.011774	 0.00365496	 0.974632	 -0.167562	 0.236275	 0.123363
66.48	 0.0139192	 0.00364625	 0.978915	 -0.167441	 0.250567	 0.124076
66.5	 0.0160599	 0.00363736	 0.983355	 -0.167323	 0.264771	 0.124755
66.52	 0.0181959	 0.00362836	 0.987949	 -0.167209	 0.278882	 0.125398
66.54	 0.0203268	 0.00361927	 0.992695	 -0.167099	 0.292897	 0.126003
66.56	 0.0224524	 0.00361013	 0.99759	 -0.166994	 0.306809	 0.12657
66.58	 0.0245725	 0.00360099	 1.00263	 -0.166893	 0.320615	 0.127098
66.6	 0.0266867	 0.00359187	 1.00782	 -0.166798	 0.33431	 0.127585
66.62	 0.0287949	 0.00358282	 1.01314	 -0.166708	 0.347889	 0.128031
66.64	 0.0308968	 0.00357387	 1.01861	 -0.166624	 0.361348	 0.128434
66.66	 0.0329921	 0.00356505	 1.0242	 -0.166545	 0.374682	 0.128795
66.68	 0.0350805	 0.0035564	 1.02994	 -0.166473	 0.387886	 0.129112
66.7	 0.0371619	 0.00354796	 1.0358	 -0.166408	 0.400957	 0.129385
66.72	 0.0392358	 0.00353975	 1.04178	 -0.16635	 0.413889	 0.129614
66.74	 0.0413021	 0.00353179	 1.04789	 -0.166298	 0.426678	 0.129797
66.76	 0.0433605	 0.00352412	 1.05412	 -0.166254	 0.439321	 0.129936
66.78	 0.0454107	 0.00351675	 1.06047	 -0.166217	 0.451813	 0.130029
66.8	 0.0474525	 0.00350971	 1.06693	 -0.166188	 0.46415	 0.130076
66.82	 0.0494857	 0.00350302	 1.0735	 -0.166166	 0.476327	 0.130078
66.84	 0.0515098	 0.00349668	 1.08019	 -0.166153	 0.488342	 0.130034
66.86	 0.0535249	 0.00349073	 1.08697	 -0.166147	 0.500191	 0.129946
66.88	 0.0555305	 0.00348517	 1.09386	 -0.16615	 0.51187	 0.129812
66.9	 0.0575264	 0.00348001	 1.10085	 -0.16616	 0.523375	 0.129633
66.92	 0.0595124	 0.00347526	 1.10794	 -0.166178	 0.534704	 0.129411
66.94	 0.0614884	 0.00347093	 1.11512	 -0.166205	 0.545852	 0.129144
66.96	 0.0634539	 0.00346702	 1.12239	 -0.166239	 0.556817	 0.128835
66.98	 0.0654089	 0.00346353	 1.12976	 -0.166281	 0.567596	 0.128484
67	 0.0673531	 0.00346047	 1.1372	 -0.166331	 0.578186	 0.128091
67.02	 0.0692862	 0.00345784	 1.14474	 -0.166389	 0.588585	 0.127658
67.04	 0.0712082	 0.00345562	 1.15235	 -0.166454	 0.598788	 0.127185
67.06	 0.0731187	 0.00345381	 1.16004	 -0.166527	 0.608794	 0.126674
67.08	 0.0750176	 0.00345242	 1.16781	 -0.166607	 0.618601	 0.126125
67.1	 0.0769047	 0.00345142	 1.17565	 -0.166694	 0.628207	 0.125541
67.12	 0.0787798	 0.0034508	 1.18356	 -0.166788	 0.637608	 0.124922
67.14	 0.0806427	 0.00345055	 1.19154	 -0.166889	 0.646804	 0.124269
67.16	 0.0824932	 0.00345064	 1.19959	 -0.166996	 0.655793	 0.123585
67.18	 0.0843312	 0.00345107	 1.20771	 -0.16711	 0.664572	 0.12287
67.2	 0.0861565	 0.00345181	 1.21589	 -0.16723	 0.673141	 0.122126
67.22	 0.087969	 0.00345284	 1.22413	 -0.167356	 0.681498	 0.121355
67.24	 0.0897685	 0.00345413	 1.23243	 -0.167487	 0.689642	 0.120559
67.26	 0.0915549	 0.00345567	 1.24079	 -0.167624	 0.697571	 0.119739
67.28	 0.093328	 0.00345743	 1.2492	 -0.167765	 0.705286	 0.118897
67.3	 0.0950877	 0.00345938	 1.25767	 -0.167911	 0.712785	 0.118035
67.32	 0.0968339	 0.00346151	 1.2662	 -0.168062	 0.720068	 0.117154
67.34	 0.0985665	 0.00346376	 1.27477	 -0.168217	 0.727134	 0.116257
67.36	 0.100285	 0.00346613	 1.2834	 -0.168375	 0.733983	 0.115345
67.38	 0.101991	 0.00346857	 1.29208	 -0.168537	 0.740617	 0.114421
67.4	 0.103682	 0.00347106	 1.3008	 -0.168702	 0.747033	 0.113487
67.42	 0.105359	 0.00347355	 1.30958	 -0.16887	 0.753233	 0.112543
67.44	 0.107022	 0.00347603	 1.3184	 -0.169039	 0.759218	 0.111593
67.46	 0.108671	 0.00347844	 1.32727	 -0.169211	 0.764987	 0.110638
67.48	 0.110306	 0.00348076	 1.33618	 -0.169384	 0.770542	 0.109681
67.5	 0.111927	 0.00348296	 1.34514	 -0.169558	 0.775884	 0.108723
67.52	 0.113533	 0.00348499	 1.35415	 -0.169733	 0.781012	 0.107767
67.54	 0.115125	 0.00348683	 1.3632	 -0.169908	 0.78593	 0.106814
67.56	 0.116702	 0.00348843	 1.37229	 -0.170082	 0.790638	 0.105867
67.58	 0.118265	 0.00348976	 1.38143	 -0.170257	 0.795137	 0.104927
67.6	 0.119814	 0.00349078	 1.39061	 -0.170429	 0.799429	 0.103997
67.62	 0.121348	 0.00349145	 1.39984	 -0.170601	 0.803516	 0.103078
67.64	 0.122867	 0.00349175	 1.40911	 -0.17077	 0.8074	 0.102172
67.66	 0.124372	 0.00349163	 1.41842	 -0.170937	 0.811083	 0.101281
67.68	 0.125862	 0.00349107	 1.42778	 -0.171101	 0.814567	 0.100408
67.7	 0.127337	 0.00349003	 1.43719	 -0.171262	 0.817854	 0.0995534
67.72	 0.128797	 0.00348847	 1.44663	 -0.171419	 0.820947	 0.0987194
67.74	 0.130243	 0.00348638	 1.45613	 -0.171572	 0.823848	 0.0979078
67.76	 0.131674	 0.00348371	 1.46567	 -0.17172	 0.826559	 0.0971202
67.78	 0.133091	 0.00348045	 1.47525	 -0.171864	 0.829085	 0.0963582
67.8	 0.134492	 0.00347656	 1.48489	 -0.172002	 0.831427	 0.0956234
67.82	 0.135878	 0.00347201	 1.49457	 -0.172134	 0.833588	 0.0949172
67.84	 0.13725	 0.00346679	 1.5043	 -0.172259	 0.835571	 0.0942411
67.86	 0.138607	 0.00346087	 1.51408	 -0.172378	 0.837379	 0.0935964
67.88	 0.139948	 0.00345424	 1.5239	 -0.17249	 0.839017	 0.0929844
67.9	 0.141275	 0.00344686	 1.53378	 -0.172595	 0.840486	 0.0924062
67.92	 0.142586	 0.00343874	 1.54371	 -0.172692	 0.84179	 0.0918631
67.94	 0.143883	 0.00342985	 1.55369	 -0.172781	 0.842932	 0.091356
67.96	 0.145164	 0.00342017	 1.56373	 -0.172862	 0.843917	 0.0908859
67.98	 0.146429	 0.00340971	 1.57382	 -0.172934	 0.844747	 0.0904537
68	 0.14768	 0.00339845	 1.58396	 -0.172997	 0.845426	 0.0900601
68.02	 0.148915	 0.00338637	 1.59416	 -0.173051	 0.845957	 0.089706
68.04	 0.150134	 0.00337349	 1.60442	 -0.173095	 0.846345	 0.0893919
68.06	 0.151338	 0.0033598	 1.61473	 -0.17313	 0.846592	 0.0891184
68.08	 0.152527	 0.00334529	 1.62511	 -0.173154	 0.846702	 0.0888858
68.1	 0.153699	 0.00332997	 1.63554	 -0.173168	 0.84668	 0.0886945
68.12	 0.154855	 0.00331385	 1.64603	 -0.173172	 0.846528	 0.0885447
68.14	 0.155996	 0.00329694	 1.65658	 -0.173165	 0.84625	 0.0884367
68.16	 0.15712	 0.00327924	 1.6672	 -0.173147	 0.845851	 0.0883705
68.18	 0.158228	 0.00326076	 1.67787	 -0.173118	 0.845332	 0.088346
68.2	 0.159319	 0.00324153	 1.68861	 -0.173077	 0.844699	 0.0883632
68.22	 0.160394	 0.00322155	 1.69942	 -0.173026	 0.843955	 0.0884217
68.24	 0.161452	 0.00320086	 1.71029	 -0.172963	 0.843103	 0.0885214
68.26	 0.162492	 0.00317946	 1.72122	 -0.172889	 0.842147	 0.0886617
68.28	 0.163516	 0.00315739	 1.73222	 -0.172803	 0.841091	 0.0888423
68.3	 0.164522	 0.00313468	 1.74328	 -0.172706	 0.839937	 0.0890624
68.32	 0.165511	 0.00311135	 1.75441	 -0.172597	 0.83869	 0.0893215
68.34	 0.166481	 0.00308744	 1.76561	 -0.172476	 0.837352	 0.0896187
68.36	 0.167434	 0.00306297	 1.77688	 -0.172344	 0.835927	 0.0899532
68.38	 0.168368	 0.00303799	 1.78821	 -0.1722	 0.834418	 0.0903241
68.4	 0.169284	 0.00301254	 1.79961	 -0.172045	 0.832828	 0.0907303
68.42	 0.17018	 0.00298665	 1.81108	 -0.171879	 0.831161	 0.0911708
68.44	 0.171058	 0.00296037	 1.82261	 -0.171701	 0.829419	 0.0916443
68.46	 0.171916	 0.00293373	 1.83421	 -0.171512	 0.827606	 0.0921496
68.48	 0.172754	 0.00290679	 1.84588	 -0.171311	 0.825723	 0.0926855
68.5	 0.173572	 0.00287959	 1.85762	 -0.1711	 0.823775	 0.0932505
68.52	 0.17437	 0.00285218	 1.86942	 -0.170879	 0.821764	 0.0938431
68.54	 0.175147	 0.0028246	 1.88129	 -0.170646	 0.819692	 0.0944619
68.56	 0.175903	 0.00279692	 1.89322	 -0.170403	 0.817562	 0.0951053
68.58	 0.176638	 0.00276917	 1.90522	 -0.17015	 0.815376	 0.0957716
68.6	 0.17735	 0.00274142	 1.91728	 -0.169887	 0.813136	 0.0964591
68.62	 0.178041	 0.00271371	 1.9294	 -0.169614	 0.810846	 0.0971662
68.64	 0.178709	 0.0026861	 1.94159	 -0.169332	 0.808507	 0.0978911
68.66	 0.179354	 0.00265864	 1.95384	 -0.169041	 0.80612	 0.0986319
68.68	 0.179976	 0.00263139	 1.96614	 -0.16874	 0.803689	 0.0993869
68.7	 0.180575	 0.00260441	 1.97851	 -0.168431	 0.801214	 0.100154
68.72	 0.181149	 0.00257775	 1.99093	 -0.168114	 0.798698	 0.100932
68.74	 0.181699	 0.00255147	 2.00341	 -0.167789	 0.796143	 0.101717
68.76	 0.182224	 0.00252563	 2.01594	 -0.167456	 0.793549	 0.10251
68.78	 0.182724	 0.00250028	 2.02852	 -0.167115	 0.790918	 0.103307
68.8	 0.183198	 0.00247548	 2.04115	 -0.166768	 0.788252	 0.104106
68.82	 0.183646	 0.0024513	 2.05384	 -0.166414	 0.785551	 0.104906
68.84	 0.184068	 0.00242778	 2.06656	 -0.166054	 0.782817	 0.105704
68.86	 0.184463	 0.00240498	 2.07934	 -0.165689	 0.780051	 0.106499
68.88	 0.184831	 0.00238296	 2.09215	 -0.165318	 0.777254	 0.107288
68.9	 0.185171	 0.00236176	 2.105	 -0.164942	 0.774426	 0.10807
68.92	 0.185483	 0.00234144	 2.1179	 -0.164561	 0.771568	 0.108843
68.94	 0.185766	 0.00232205	 2.13082	 -0.164177	 0.768682	 0.109605
68.96	 0.186021	 0.00230364	 2.14378	 -0.163788	 0.765766	 0.110353
68.98	 0.186246	 0.00228625	 2.15677	 -0.163397	 0.762823	 0.111086
69	 0.186442	 0.00226993	 2.16979	 -0.163002	 0.759852	 0.111803
69.02	 0.186608	 0.00225473	 2.18283	 -0.162605	 0.756853	 0.112501
69.04	 0.186743	 0.00224068	 2.19589	 -0.162206	 0.753828	 0.113178
69.06	 0.186848	 0.00222783	 2.20897	 -0.161805	 0.750775	 0.113834
69.08	 0.186922	 0.0022162	 2.22207	 -0.161403	 0.747695	 0.114466
69.1	 0.186964	 0.00220584	 2.23518	 -0.161001	 0.744588	 0.115072
69.12	 0.186975	 0.00219678	 2.2483	 -0.160597	 0.741454	 0.115652
69.14	 0.186954	 0.00218904	 2.26142	 -0.160194	 0.738293	 0.116204
69.16	 0.1869	 0.00218265	 2.27455	 -0.159791	 0.735104	 0.116725
69.18	 0.186814	 0.00217763	 2.28768	 -0.159389	 0.731887	 0.117216
69.2	 0.186695	 0.00217402	 2.3008	 -0.158988	 0.728643	 0.117675
69.22	 0.186543	 0.00217181	 2.31392	 -0.158588	 0.72537	 0.1181
69.24	 0.186357	 0.00217104	 2.32703	 -0.158191	 0.722069	 0.11849
69.26	 0.186138	 0.0021717	 2.34013	 -0.157795	 0.718738	 0.118845
69.28	 0.185885	 0.00217382	 2.3532	 -0.157402	 0.715378	 0.119164
69.3	 0.185598	 0.00217739	 2.36626	 -0.157013	 0.711987	 0.119445
69.32	 0.185277	 0.00218242	 2.3793	 -0.156626	 0.708566	 0.119688
69.34	 0.184922	 0.00218891	 2.39231	 -0.156243	 0.705114	 0.119892
69.36	 0.184532	 0.00219685	 2.40528	 -0.155864	 0.70163	 0.120056
69.38	 0.184108	 0.00220624	 2.41823	 -0.155489	 0.698113	 0.120181
69.4	 0.183649	 0.00221707	 2.43113	 -0.155119	 0.694564	 0.120265
69.42	 0.183156	 0.00222932	 2.444	 -0.154753	 0.69098	 0.120308
69.44	 0.182628	 0.00224298	 2.45682	 -0.154393	 0.687363	 0.120311
69.46	 0.182065	 0.00225802	 2.4696	 -0.154038	 0.68371	 0.120272
69.48	 0.181467	 0.00227443	 2.48232	 -0.153689	 0.680022	 0.120192
69.5	 0.180835	 0.00229218	 2.495	 -0.153345	 0.676298	 0.120071
69.52	 0.180168	 0.00231123	 2.50761	 -0.153007	 0.672536	 0.119909
69.54	 0.179466	 0.00233156	 2.52016	 -0.152676	 0.668737	 0.119707
69.56	 0.17873	 0.00235312	 2.53266	 -0.152351	 0.6649	 0.119464
69.58	 0.177959	 0.00237588	 2.54508	 -0.152033	 0.661024	 0.119181
69.6	 0.177155	 0.0023998	 2.55744	 -0.151721	 0.657109	 0.118859
69.62	 0.176316	 0.00242483	 2.56972	 -0.151416	 0.653154	 0.118498
69.64	 0.175443	 0.00245092	 2.58193	 -0.151118	 0.649158	 0.1181
69.66	 0.174537	 0.00247803	 2.59406	 -0.150828	 0.645121	 0.117663
69.68	 0.173597	 0.00250609	 2.60611	 -0.150544	 0.641043	 0.117191
69.7	 0.172624	 0.00253505	 2.61807	 -0.150268	 0.636923	 0.116684
69.72	 0.171618	 0.00256485	 2.62995	 -0.149999	 0.63276	 0.116142
69.74	 0.17058	 0.00259544	 2.64175	 -0.149737	 0.628555	 0.115567
69.76	 0.169509	 0.00262674	 2.65345	 -0.149483	 0.624306	 0.11496
69.78	 0.168406	 0.0026587	 2.66506	 -0.149236	 0.620013	 0.114322
69.8	 0.167272	 0.00269124	 2.67657	 -0.148996	 0.615677	 0.113655
69.82	 0.166107	 0.0027243	 2.68798	 -0.148764	 0.611296	 0.112961
69.84	 0.164911	 0.0027578	 2.6993	 -0.14854	 0.606871	 0.11224
69.86	 0.163684	 0.00279168	 2.71051	 -0.148322	 0.602401	 0.111494
69.88	 0.162428	 0.00282585	 2.72162	 -0.148112	 0.597886	 0.110726
69.9	 0.161142	 0.00286025	 2.73263	 -0.14791	 0.593326	 0.109935
69.92	 0.159827	 0.0028948	 2.74353	 -0.147714	 0.58872	 0.109125
69.94	 0.158484	 0.00292942	 2.75432	 -0.147526	 0.584069	 0.108297
69.96	 0.157113	 0.00296403	 2.765	 -0.147344	 0.579373	 0.107453
69.98	 0.155715	 0.00299855	 2.77557	 -0.14717	 0.574631	 0.106595
70	 0.15429	 0.00303291	 2.78603	 -0.147002	 0.569844	 0.105724
70.02	 0.152838	 0.00306703	 2.79638	 -0.146841	 0.565011	 0.104843
70.04	 0.151361	 0.00310083	 2.80661	 -0.146686	 0.560132	 0.103953
70.06	 0.149859	 0.00313423	 2.81673	 -0.146538	 0.555209	 0.103056
70.08	 0.148332	 0.00316715	 2.82673	 -0.146396	 0.550239	 0.102155
70.1	 0.146781	 0.00319952	 2.83661	 -0.14626	 0.545225	 0.101251
70.12	 0.145207	 0.00323127	 2.84638	 -0.14613	 0.540165	 0.100346
70.14	 0.143611	 0.00326231	 2.85603	 -0.146005	 0.53506	 0.0994428
70.16	 0.141992	 0.00329258	 2.86557	 -0.145886	 0.52991	 0.0985425
70.18	 0.140352	 0.003322	 2.87498	 -0.145773	 0.524716	 0.0976474
70.2	 0.138691	 0.0033505	 2.88428	 -0.145665	 0.519476	 0.0967595
70.22	 0.137011	 0.00337802	 2.89346	 -0.145562	 0.514193	 0.0958806
70.24	 0.13531	 0.00340448	 2.90252	 -0.145463	 0.508865	 0.0950128
70.26	 0.133591	 0.00342982	 2.91147	 -0.145369	 0.503493	 0.0941579
70.28	 0.131854	 0.00345397	 2.92029	 -0.14528	 0.498077	 0.0933177
70.3	 0.130099	 0.00347688	 2.929	 -0.145195	 0.492617	 0.0924942
70.32	 0.128328	 0.00349848	 2.9376	 -0.145114	 0.487115	 0.0916891
70.34	 0.12654	 0.00351871	 2.94607	 -0.145037	 0.481569	 0.090904
70.36	 0.124737	 0.00353753	 2.95444	 -0.144964	 0.47598	 0.0901409
70.38	 0.122919	 0.00355488	 2.96268	 -0.144894	 0.470348	 0.0894012
70.4	 0.121087	 0.00357071	 2.97082	 -0.144828	 0.464674	 0.0886865
70.42	 0.119241	 0.00358498	 2.97884	 -0.144764	 0.458958	 0.0879985
70.44	 0.117382	 0.00359764	 2.98674	 -0.144704	 0.453199	 0.0873386
70.46	 0.11551	 0.00360866	 2.99454	 -0.144647	 0.447399	 0.0867082
70.48	 0.113627	 0.003618	 3.00222	 -0.144592	 0.441557	 0.0861085
70.5	 0.111733	 0.00362563	 3.0098	 -0.14454	 0.435673	 0.085541
70.52	 0.109829	 0.00363151	 3.01727	 -0.14449	 0.429748	 0.0850067
70.54	 0.107914	 0.00363563	 3.02463	 -0.144443	 0.423781	 0.0845068
70.56	 0.10599	 0.00363796	 3.03189	 -0.144398	 0.417773	 0.0840423
70.58	 0.104057	 0.00363848	 3.03904	 -0.144355	 0.411724	 0.0836141
70.6	 0.102116	 0.00363717	 3.04609	 -0.144313	 0.405633	 0.0832231
70.62	 0.100167	 0.00363403	 3.05303	 -0.144274	 0.399501	 0.08287
70.64	 0.0982102	 0.00362905	 3.05988	 -0.144236	 0.393328	 0.0825556
70.66	 0.096247	 0.00362222	 3.06662	 -0.144199	 0.387113	 0.0822804
70.68	 0.0942775	 0.00361355	 3.07327	 -0.144164	 0.380857	 0.0820449
70.7	 0.0923022	 0.00360304	 3.07982	 -0.144131	 0.37456	 0.0818495
70.72	 0.0903214	 0.00359069	 3.08627	 -0.144098	 0.368221	 0.0816945
70.74	 0.0883356	 0.00357651	 3.09263	 -0.144067	 0.361839	 0.0815802
70.76	 0.0863452	 0.00356053	 3.0989	 -0.144037	 0.355416	 0.0815066
70.78	 0.0843506	 0.00354276	 3.10508	 -0.144008	 0.34895	 0.0814736
70.8	 0.0823521	 0.00352322	 3.11116	 -0.14398	 0.342441	 0.0814814
70.82	 0.0803501	 0.00350194	 3.11716	 -0.143952	 0.335888	 0.0815295
70.84	 0.0783449	 0.00347895	 3.12307	 -0.143926	 0.329293	 0.0816179
70.86	 0.0763369	 0.00345429	 3.12889	 -0.143901	 0.322653	 0.0817461
70.88	 0.0743263	 0.00342799	 3.13462	 -0.143876	 0.315969	 0.0819137
70.9	 0.0723134	 0.00340009	 3.14028	 -0.143852	 0.30924	 0.08212
70.92	 0.0702984	 0.00337063	 3.14585	 -0.143829	 0.302465	 0.0823645
70.94	 0.0682816	 0.00333967	 3.15133	 -0.143807	 0.295645	 0.0826463
70.96	 0.0662633	 0.00330724	 3.15674	 -0.143785	 0.288779	 0.0829648
70.98	 0.0642435	 0.00327341	 3.16206	 -0.143764	 0.281865	 0.0833189
71	 0.0622225	 0.00323822	 3.16731	 -0.143744	 0.274905	 0.0837076
71.02	 0.0602004	 0.00320173	 3.17248	 -0.143724	 0.267896	 0.08413
71.04	 0.0581774	 0.00316401	 3.17757	 -0.143705	 0.26084	 0.0845847
71.06	 0.0561536	 0.00312512	 3.18258	 -0.143687	 0.253734	 0.0850707
71.08	 0.0541291	 0.00308512	 3.18752	 -0.14367	 0.246579	 0.0855865
71.1	 0.052104	 0.00304408	 3.19238	 -0.143653	 0.239374	 0.0861309
71.12	 0.0500783	 0.00300207	 3.19716	 -0.143638	 0.232118	 0.0867024
71.14	 0.0480522	 0.00295917	 3.20187	 -0.143624	 0.224811	 0.0872994
71.16	 0.0460256	 0.00291544	 3.2065	 -0.14361	 0.217453	 0.0879205
71.18	 0.0439986	 0.00287097	 3.21106	 -0.143598	 0.210042	 0.0885639
71.2	 0.0419712	 0.00282583	 3.21555	 -0.143587	 0.202579	 0.0892281
71.22	 0.0399434	 0.0027801	 3.21996	 -0.143578	 0.195063	 0.0899112
71.24	 0.0379151	 0.00273385	 3.2243	 -0.14357	 0.187493	 0.0906116
71.26	 0.0358863	 0.00268718	 3.22856	 -0.143563	 0.179869	 0.0913275
71.28	 0.0338571	 0.00264016	 3.23275	 -0.143558	 0.172191	 0.092057
71.3	 0.0318273	 0.00259287	 3.23686	 -0.143554	 0.164458	 0.0927982
71.32	 0.0297969	 0.0025454	 3.2409	 -0.143552	 0.15667	 0.0935493
71.34	 0.0277657	 0.00249782	 3.24486	 -0.143552	 0.148827	 0.0943082
71.36	 0.0257338	 0.00245023	 3.24875	 -0.143554	 0.140928	 0.0950732
71.38	 0.0237011	 0.00240268	 3.25256	 -0.143557	 0.132973	 0.0958422
71.4	 0.0216673	 0.00235528	 3.25629	 -0.143562	 0.124963	 0.0966132
71.42	 0.0196325	 0.0023081	 3.25994	 -0.14357	 0.116896	 0.0973845
71.44	 0.0175966	 0.00226122	 3.26351	 -0.143579	 0.108773	 0.0981539
71.46	 0.0155593	 0.00221471	 3.26701	 -0.143591	 0.100594	 0.0989197
71.48	 0.0135206	 0.00216866	 3.27042	 -0.143604	 0.0923596	 0.0996798
71.5	 0.0114804	 0.00212315	 3.27375	 -0.14362	 0.0840689	 0.100432
71.52	 0.00943861	 0.00207823	 3.27699	 -0.143638	 0.0757225	 0.101176
71.54	 0.00739501	 0.002034	 3.28016	 -0.143658	 0.0673206	 0.101908
71.56	 0.00534953	 0.00199052	 3.28323	 -0.143681	 0.0588638	 0.102626
71.58	 0.00330203	 0.00194785	 3.28622	 -0.143706	 0.0503523	 0.10333
71.6	 0.0012524	 0.00190607	 3.28912	 -0.143732	 0.0417869	 0.104017
71.62	 -0.000799478	 0.00186524	 3.29193	 -0.143761	 0.0331681	 0.104686
71.64	 -0.00285373	 0.00182542	 3.29464	 -0.143793	 0.0244966	 0.105335
71.66	 -0.00491045	 0.00178668	 3.29727	 -0.143826	 0.0157733	 0.105962
71.68	 -0.00696976	 0.00174907	 3.29979	 -0.143861	 0.00699917	 0.106565
71.7	 -0.00903175	 0.00171264	 3.30222	 -0.143898	 -0.00182484	 0.107144
71.72	 -0.0110965	 0.00167746	 3.30455	 -0.143938	 -0.0106976	 0.107696
71.74	 -0.0131641	 0.00164357	 3.30679	 -0.143978	 -0.019618	 0.108221
71.76	 -0.0152347	 0.001611	 3.30891	 -0.144021	 -0.0285846	 0.108717
71.78	 -0.0173083	 0.00157982	 3.31094	 -0.144065	 -0.0375962	 0.109183
71.8	 -0.019385	 0.00155005	 3.31285	 -0.144111	 -0.0466511	 0.109617
71.82	 -0.0214649	 0.00152173	 3.31466	 -0.144157	 -0.0557479	 0.110018
71.84	 -0.0235479	 0.0014949	 3.31636	 -0.144205	 -0.0648847	 0.110386
71.86	 -0.0256341	 0.00146959	 3.31795	 -0.144254	 -0.0740599	 0.11072
71.88	 -0.0277236	 0.00144582	 3.31942	 -0.144304	 -0.0832716	 0.111018
71.9	 -0.0298164	 0.00142362	 3.32078	 -0.144354	 -0.0925177	 0.11128
71.92	 -0.0319125	 0.00140301	 3.32202	 -0.144405	 -0.101796	 0.111505
71.94	 -0.0340118	 0.00138401	 3.32314	 -0.144456	 -0.111105	 0.111692
71.96	 -0.0361144	 0.00136662	 3.32413	 -0.144507	 -0.120442	 0.111842
71.98	 -0.0382203	 0.00135087	 3.325	 -0.144558	 -0.129805	 0.111953
72	 -0.0403294	 0.00133676	 3.32575	 -0.144608	 -0.139192	 0.112025
72.02	 -0.0424417	 0.00132429	 3.32637	 -0.144658	 -0.1486	 0.112059
72.04	 -0.0445571	 0.00131346	 3.32686	 -0.144708	 -0.158026	 0.112053
72.06	 -0.0466756	 0.00130427	 3.32722	 -0.144756	 -0.167468	 0.112008
72.08	 -0.048797	 0.00129671	 3.32744	 -0.144803	 -0.176924	 0.111924
72.1	 -0.0509213	 0.00129079	 3.32753	 -0.144849	 -0.186391	 0.111802
72.12	 -0.0530484	 0.00128648	 3.32748	 -0.144893	 -0.195866	 0.11164
72.14	 -0.0551781	 0.00128378	 3.32729	 -0.144936	 -0.205346	 0.111441
72.16	 -0.0573104	 0.00128266	 3.32697	 -0.144976	 -0.214828	 0.111203
72.18	 -0.0594451	 0.00128312	 3.3265	 -0.145015	 -0.22431	 0.110928
72.2	 -0.0615821	 0.00128512	 3.32589	 -0.145051	 -0.233789	 0.110617
72.22	 -0.0637211	 0.00128863	 3.32514	 -0.145084	 -0.243261	 0.110269
72.24	 -0.0658621	 0.00129364	 3.32423	 -0.145115	 -0.252724	 0.109887
72.26	 -0.0680048	 0.00130012	 3.32319	 -0.145143	 -0.262174	 0.10947
72.28	 -0.0701492	 0.00130802	 3.32199	 -0.145167	 -0.271608	 0.10902
72.3	 -0.0722949	 0.00131732	 3.32064	 -0.145188	 -0.281025	 0.108538
72.32	 -0.0744417	 0.00132798	 3.31915	 -0.145206	 -0.290419	 0.108024
72.34	 -0.0765895	 0.00133997	 3.3175	 -0.145219	 -0.299789	 0.107481
72.36	 -0.0787381	 0.00135324	 3.3157	 -0.145229	 -0.309131	 0.106909
72.38	 -0.0808871	 0.00136774	 3.31375	 -0.145234	 -0.318442	 0.10631
72.4	 -0.0830365	 0.00138345	 3.31164	 -0.145235	 -0.327719	 0.105686
72.42	 -0.0851858	 0.00140031	 3.30938	 -0.145232	 -0.336959	 0.105036
72.44	 -0.0873349	 0.00141828	 3.30697	 -0.145224	 -0.346159	 0.104365
72.46	 -0.0894835	 0.0014373	 3.3044	 -0.145211	 -0.355317	 0.103672
72.48	 -0.0916313	 0.00145735	 3.30167	 -0.145194	 -0.364429	 0.102959
72.5	 -0.0937782	 0.00147836	 3.29879	 -0.145171	 -0.373492	 0.102229
72.52	 -0.0959237	 0.0015003	 3.29575	 -0.145143	 -0.382504	 0.101483
72.54	 -0.0980677	 0.00152311	 3.29256	 -0.14511	 -0.391462	 0.100722
72.56	 -0.10021	 0.00154673	 3.28921	 -0.145071	 -0.400362	 0.0999493
72.58	 -0.10235	 0.00157113	 3.28571	 -0.145027	 -0.409203	 0.0991657
72.6	 -0.104488	 0.00159623	 3.28205	 -0.144978	 -0.417982	 0.0983733
72.62	 -0.106622	 0.001622	 3.27824	 -0.144922	 -0.426696	 0.0975741
72.64	 -0.108754	 0.00164838	 3.27427	 -0.144861	 -0.435344	 0.0967699
72.66	 -0.110883	 0.00167531	 3.27015	 -0.144795	 -0.443921	 0.0959627
72.68	 -0.113008	 0.00170273	 3.26588	 -0.144722	 -0.452427	 0.0951543
72.7	 -0.115129	 0.00173061	 3.26146	 -0.144644	 -0.46086	 0.0943466
72.72	 -0.117247	 0.00175888	 3.25688	 -0.144559	 -0.469216	 0.0935417
72.74	 -0.119359	 0.00178749	 3.25216	 -0.144469	 -0.477496	 0.0927413
72.76	 -0.121467	 0.00181638	 3.24728	 -0.144372	 -0.485696	 0.0919473
72.78	 -0.12357	 0.00184552	 3.24226	 -0.14427	 -0.493815	 0.0911617
72.8	 -0.125668	 0.00187484	 3.23709	 -0.144162	 -0.501852	 0.0903863
72.82	 -0.12776	 0.0019043	 3.23178	 -0.144048	 -0.509805	 0.089623
72.84	 -0.129847	 0.00193384	 3.22632	 -0.143928	 -0.517674	 0.0888735
72.86	 -0.131927	 0.00196343	 3.22072	 -0.143803	 -0.525456	 0.0881396
72.88	 -0.134001	 0.00199301	 3.21499	 -0.143671	 -0.533152	 0.0874231
72.9	 -0.136069	 0.00202255	 3.20911	 -0.143534	 -0.540759	 0.0867256
72.92	 -0.138129	 0.00205198	 3.2031	 -0.143392	 -0.548279	 0.0860488
72.94	 -0.140183	 0.00208128	 3.19695	 -0.143244	 -0.555709	 0.0853943
72.96	 -0.142229	 0.00211039	 3.19067	 -0.143091	 -0.563049	 0.0847636
72.98	 -0.144267	 0.00213928	 3.18425	 -0.142932	 -0.570299	 0.0841582
73	 -0.146298	 0.0021679	 3.17771	 -0.142769	 -0.577459	 0.0835795
73.02	 -0.14832	 0.00219622	 3.17104	 -0.142601	 -0.584529	 0.0830289
73.04	 -0.150334	 0.0022242	 3.16425	 -0.142428	 -0.591508	 0.0825076
73.06	 -0.15234	 0.00225181	 3.15734	 -0.14225	 -0.598396	 0.0820169
73.08	 -0.154337	 0.00227901	 3.1503	 -0.142068	 -0.605195	 0.081558
73.1	 -0.156324	 0.00230578	 3.14315	 -0.141883	 -0.611904	 0.0811318
73.12	 -0.158303	 0.00233208	 3.13588	 -0.141693	 -0.618523	 0.0807393
73.14	 -0.160272	 0.0023579	 3.1285	 -0.141501	 -0.625054	 0.0803814
73.16	 -0.162231	 0.00238321	 3.121	 -0.141305	 -0.631498	 0.080059
73.18	 -0.16418	 0.00240799	 3.1134	 -0.141106	 -0.637854	 0.0797728
73.2	 -0.16612	 0.00243221	 3.10569	 -0.140905	 -0.644124	 0.0795234
73.22	 -0.168048	 0.00245587	 3.09788	 -0.140702	 -0.650309	 0.0793113
73.24	 -0.169967	 0.00247895	 3.08997	 -0.140497	 -0.65641	 0.079137
73.26	 -0.171874	 0.00250143	 3.08196	 -0.140291	 -0.662428	 0.079001
73.28	 -0.173771	 0.0025233	 3.07385	 -0.140085	 -0.668365	 0.0789034
73.3	 -0.175657	 0.00254456	 3.06565	 -0.139877	 -0.674221	 0.0788445
73.32	 -0.177531	 0.00256519	 3.05736	 -0.13967	 -0.679999	 0.0788243
73.34	 -0.179393	 0.00258519	 3.04898	 -0.139462	 -0.6857	 0.0788429
73.36	 -0.181244	 0.00260455	 3.04051	 -0.139256	 -0.691325	 0.0789002
73.38	 -0.183083	 0.00262328	 3.03196	 -0.13905	 -0.696875	 0.078996
73.4	 -0.18491	 0.00264137	 3.02332	 -0.138846	 -0.702353	 0.0791301
73.42	 -0.186724	 0.00265881	 3.01461	 -0.138644	 -0.70776	 0.079302
73.44	 -0.188526	 0.00267562	 3.00582	 -0.138444	 -0.713098	 0.0795114
73.46	 -0.190314	 0.00269179	 2.99696	 -0.138246	 -0.718369	 0.0797578
73.48	 -0.19209	 0.00270732	 2.98802	 -0.138052	 -0.723574	 0.0800405
73.5	 -0.193853	 0.00272222	 2.97901	 -0.137861	 -0.728716	 0.0803588
73.52	 -0.195602	 0.00273648	 2.96993	 -0.137674	 -0.733795	 0.0807119
73.54	 -0.197337	 0.00275012	 2.96079	 -0.137492	 -0.738815	 0.0810991
73.56	 -0.199059	 0.00276313	 2.95158	 -0.137314	 -0.743777	 0.0815193
73.58	 -0.200767	 0.00277553	 2.94231	 -0.137141	 -0.748682	 0.0819716
73.6	 -0.20246	 0.00278731	 2.93298	 -0.136974	 -0.753533	 0.0824549
73.62	 -0.204138	 0.00279849	 2.9236	 -0.136812	 -0.758332	 0.082968
73.64	 -0.205802	 0.00280907	 2.91415	 -0.136657	 -0.76308	 0.0835098
73.66	 -0.20745	 0.00281907	 2.90465	 -0.136508	 -0.76778	 0.0840789
73.68	 -0.209084	 0.00282849	 2.8951	 -0.136366	 -0.772432	 0.084674
73.7	 -0.210701	 0.00283734	 2.8855	 -0.136231	 -0.77704	 0.0852937
73.72	 -0.212303	 0.00284564	 2.87585	 -0.136103	 -0.781604	 0.0859365
73.74	 -0.213889	 0.00285339	 2.86614	 -0.135984	 -0.786126	 0.0866011
73.76	 -0.215459	 0.00286059	 2.8564	 -0.135872	 -0.790609	 0.0872858
73.78	 -0.217011	 0.00286727	 2.8466	 -0.135768	 -0.795054	 0.087989
73.8	 -0.218547	 0.00287342	 2.83676	 -0.135673	 -0.799463	 0.0887091
73.82	 -0.220066	 0.00287906	 2.82688	 -0.135587	 -0.803837	 0.0894445
73.84	 -0.221567	 0.00288419	 2.81696	 -0.135509	 -0.808178	 0.0901935
73.86	 -0.223051	 0.00288883	 2.807	 -0.135441	 -0.812487	 0.0909543
73.88	 -0.224516	 0.00289299	 2.79699	 -0.135382	 -0.816766	 0.0917252
73.9	 -0.225963	 0.00289667	 2.78695	 -0.135333	 -0.821016	 0.0925044
73.92	 -0.227392	 0.00289988	 2.77687	 -0.135293	 -0.825239	 0.0932902
73.94	 -0.228801	 0.00290265	 2.76675	 -0.135264	 -0.829436	 0.0940808
73.96	 -0.230191	 0.00290496	 2.75659	 -0.135244	 -0.833609	 0.0948744
73.98	 -0.231561	 0.00290684	 2.7464	 -0.135235	 -0.837757	 0.0956692
74	 -0.232912	 0.0029083	 2.73618	 -0.135236	 -0.841882	 0.0964634
74.02	 -0.234242	 0.00290933	 2.72591	 -0.135248	 -0.845986	 0.0972553
74.04	 -0.235552	 0.00290994	 2.71562	 -0.135269	 -0.850069	 0.098043
74.06	 -0.23684	 0.00291015	 2.70529	 -0.135302	 -0.854131	 0.0988249
74.08	 -0.238108	 0.00290995	 2.69492	 -0.135345	 -0.858175	 0.0995992
74.1	 -0.239353	 0.00290935	 2.68452	 -0.135398	 -0.862199	 0.100364
74.12	 -0.240577	 0.00290836	 2.67409	 -0.135462	 -0.866205	 0.101118
74.14	 -0.241779	 0.00290699	 2.66363	 -0.135537	 -0.870194	 0.101859
74.16	 -0.242957	 0.00290524	 2.65313	 -0.135621	 -0.874165	 0.102586
74.18	 -0.244113	 0.00290312	 2.6426	 -0.135717	 -0.878119	 0.103297
74.2	 -0.245245	 0.00290063	 2.63203	 -0.135823	 -0.882056	 0.103991
74.22	 -0.246354	 0.00289778	 2.62143	 -0.135939	 -0.885977	 0.104665
74.24	 -0.247438	 0.00289457	 2.6108	 -0.136066	 -0.889881	 0.105319
74.26	 -0.248498	 0.00289101	 2.60013	 -0.136203	 -0.893768	 0.105952
74.28	 -0.249533	 0.00288709	 2.58943	 -0.136349	 -0.897638	 0.106561
74.3	 -0.250543	 0.00288282	 2.5787	 -0.136506	 -0.901492	 0.107146
74.32	 -0.251528	 0.00287821	 2.56793	 -0.136673	 -0.905328	 0.107704
74.34	 -0.252486	 0.00287324	 2.55713	 -0.136849	 -0.909146	 0.108237
74.36	 -0.253419	 0.00286793	 2.54629	 -0.137034	 -0.912946	 0.108741
74.38	 -0.254325	 0.00286228	 2.53541	 -0.137229	 -0.916727	 0.109216
74.4	 -0.255204	 0.00285628	 2.52451	 -0.137433	 -0.92049	 0.109661
74.42	 -0.256055	 0.00284994	 2.51356	 -0.137646	 -0.924232	 0.110075
74.44	 -0.256879	 0.00284325	 2.50258	 -0.137867	 -0.927953	 0.110458
74.46	 -0.257676	 0.00283621	 2.49156	 -0.138096	 -0.931653	 0.110808
74.48	 -0.258444	 0.00282883	 2.4805	 -0.138334	 -0.935331	 0.111125
74.5	 -0.259184	 0.00282111	 2.46941	 -0.138579	 -0.938986	 0.111409
74.52	 -0.259894	 0.00281304	 2.45827	 -0.138832	 -0.942616	 0.111658
74.54	 -0.260576	 0.00280463	 2.4471	 -0.139091	 -0.94622	 0.111873
74.56	 -0.261229	 0.00279587	 2.43589	 -0.139358	 -0.949799	 0.112053
74.58	 -0.261852	 0.00278677	 2.42464	 -0.139631	 -0.953349	 0.112197
74.6	 -0.262444	 0.00277732	 2.41335	 -0.13991	 -0.956871	 0.112306
74.62	 -0.263007	 0.00276752	 2.40202	 -0.140196	 -0.960363	 0.11238
74.64	 -0.26354	 0.00275739	 2.39066	 -0.140486	 -0.963823	 0.112418
74.66	 -0.264042	 0.00274691	 2.37925	 -0.140782	 -0.96725	 0.112421
74.68	 -0.264513	 0.00273608	 2.3678	 -0.141083	 -0.970643	 0.112388
74.7	 -0.264952	 0.00272492	 2.35631	 -0.141389	 -0.974001	 0.11232
74.72	 -0.265361	 0.00271342	 2.34477	 -0.141698	 -0.977321	 0.112218
74.74	 -0.265739	 0.00270158	 2.3332	 -0.142011	 -0.980603	 0.112081
74.76	 -0.266084	 0.00268942	 2.32159	 -0.142328	 -0.983845	 0.11191
74.78	 -0.266399	 0.00267693	 2.30993	 -0.142648	 -0.987045	 0.111705
74.8	 -0.266681	 0.00266412	 2.29824	 -0.14297	 -0.990202	 0.111468
74.82	 -0.266931	 0.002651	 2.2865	 -0.143295	 -0.993315	 0.111199
74.84	 -0.267149	 0.00263758	 2.27472	 -0.143622	 -0.99638	 0.110899
74.86	 -0.267336	 0.00262385	 2.2629	 -0.143951	 -0.999398	 0.110568
74.88	 -0.26749	 0.00260983	 2.25104	 -0.14428	 -1.00237	 0.110207
74.9	 -0.267611	 0.00259553	 2.23914	 -0.144611	 -1.00528	 0.109818
74.92	 -0.267701	 0.00258096	 2.22721	 -0.144942	 -1.00815	 0.109401
74.94	 -0.267758	 0.00256613	 2.21523	 -0.145274	 -1.01096	 0.108958
74.96	 -0.267782	 0.00255104	 2.20321	 -0.145605	 -1.01371	 0.108489
74.98	 -0.267775	 0.00253572	 2.19115	 -0.145936	 -1.01641	 0.107996
75	 -0.267735	 0.00252016	 2.17906	 -0.146266	 -1.01905	 0.10748
75.02	 -0.267663	 0.00250439	 2.16693	 -0.146595	 -1.02162	 0.106943
75.04	 -0.267559	 0.00248843	 2.15477	 -0.146923	 -1.02413	 0.106385
75.06	 -0.267422	 0.00247228	 2.14257	 -0.147248	 -1.02658	 0.105808
75.08	 -0.267254	 0.00245596	 2.13033	 -0.147572	 -1.02897	 0.105214
75.1	 -0.267054	 0.00243949	 2.11806	 -0.147893	 -1.03128	 0.104604
75.12	 -0.266822	 0.00242289	 2.10576	 -0.148212	 -1.03353	 0.103979
75.14	 -0.266558	 0.00240619	 2.09343	 -0.148527	 -1.03571	 0.103342
75.16	 -0.266264	 0.00238939	 2.08107	 -0.14884	 -1.03781	 0.102693
75.18	 -0.265937	 0.00237252	 2.06868	 -0.149149	 -1.03984	 0.102034
75.2	 -0.26558	 0.0023556	 2.05626	 -0.149454	 -1.0418	 0.101367
75.22	 -0.265192	 0.00233866	 2.04382	 -0.149755	 -1.04368	 0.100693
75.24	 -0.264773	 0.00232171	 2.03135	 -0.150052	 -1.04548	 0.100014
75.26	 -0.264325	 0.00230478	 2.01887	 -0.150344	 -1.0472	 0.0993317
75.28	 -0.263845	 0.0022879	 2.00636	 -0.150632	 -1.04884	 0.0986476
75.3	 -0.263337	 0.0022711	 1.99383	 -0.150915	 -1.0504	 0.0979633
75.32	 -0.262798	 0.00225439	 1.98128	 -0.151193	 -1.05187	 0.0972805
75.34	 -0.26223	 0.00223781	 1.96872	 -0.151466	 -1.05326	 0.0966007
75.36	 -0.261634	 0.00222138	 1.95614	 -0.151734	 -1.05456	 0.0959256
75.38	 -0.261008	 0.00220514	 1.94356	 -0.151996	 -1.05577	 0.0952567
75.4	 -0.260355	 0.00218911	 1.93096	 -0.152252	 -1.0569	 0.0945956
75.42	 -0.259673	 0.00217332	 1.91836	 -0.152503	 -1.05793	 0.0939439
75.44	 -0.258964	 0.00215781	 1.90575	 -0.152748	 -1.05887	 0.0933031
75.46	 -0.258228	 0.0021426	 1.89314	 -0.152987	 -1.05972	 0.0926747
75.48	 -0.257465	 0.00212772	 1.88052	 -0.15322	 -1.06047	 0.0920602
75.5	 -0.256675	 0.0021132	 1.86791	 -0.153447	 -1.06113	 0.091461
75.52	 -0.255859	 0.00209908	 1.85531	 -0.153667	 -1.06169	 0.0908784
75.54	 -0.255017	 0.00208538	 1.84271	 -0.153882	 -1.06216	 0.0903138
75.56	 -0.254151	 0.00207214	 1.83012	 -0.15409	 -1.06252	 0.0897685
75.58	 -0.253259	 0.00205939	 1.81754	 -0.154292	 -1.06278	 0.0892439
75.6	 -0.252342	 0.00204715	 1.80497	 -0.154487	 -1.06294	 0.088741
75.62	 -0.251402	 0.00203547	 1.79242	 -0.154676	 -1.063	 0.0882612
75.64	 -0.250438	 0.00202436	 1.77989	 -0.154859	 -1.06295	 0.0878054
75.66	 -0.249451	 0.00201386	 1.76739	 -0.155036	 -1.0628	 0.0873748
75.68	 -0.24844	 0.002004	 1.7549	 -0.155206	 -1.06254	 0.0869703
75.7	 -0.247408	 0.0019948	 1.74245	 -0.15537	 -1.06217	 0.0865929
75.72	 -0.246353	 0.00198629	 1.73002	 -0.155527	 -1.06169	 0.0862435
75.74	 -0.245277	 0.00197851	 1.71763	 -0.155679	 -1.06111	 0.0859228
75.76	 -0.244179	 0.00197147	 1.70527	 -0.155824	 -1.06041	 0.0856316
75.78	 -0.243061	 0.0019652	 1.69295	 -0.155963	 -1.0596	 0.0853705
75.8	 -0.241923	 0.00195973	 1.68067	 -0.156096	 -1.05867	 0.0851403
75.82	 -0.240764	 0.00195509	 1.66844	 -0.156223	 -1.05763	 0.0849414
75.84	 -0.239586	 0.00195128	 1.65625	 -0.156344	 -1.05648	 0.0847743
75.86	 -0.238389	 0.00194835	 1.64411	 -0.15646	 -1.05521	 0.0846393
75.88	 -0.237174	 0.0019463	 1.63202	 -0.15657	 -1.05382	 0.084537
75.9	 -0.23594	 0.00194517	 1.61999	 -0.156674	 -1.05231	 0.0844673
75.92	 -0.234688	 0.00194496	 1.60802	 -0.156773	 -1.05068	 0.0844307
75.94	 -0.233418	 0.00194569	 1.5961	 -0.156867	 -1.04892	 0.0844271
75.96	 -0.232131	 0.00194738	 1.58425	 -0.156955	 -1.04705	 0.0844567
75.98	 -0.230828	 0.00195005	 1.57246	 -0.157038	 -1.04505	 0.0845194
76	 -0.229508	 0.00195371	 1.56074	 -0.157116	 -1.04293	 0.0846151
76.02	 -0.228172	 0.00195836	 1.5491	 -0.15719	 -1.04067	 0.0847436
76.04	 -0.22682	 0.00196402	 1.53752	 -0.157259	 -1.03829	 0.0849048
76.06	 -0.225453	 0.0019707	 1.52602	 -0.157323	 -1.03579	 0.0850982
76.08	 -0.22407	 0.0019784	 1.5146	 -0.157383	 -1.03315	 0.0853235
76.1	 -0.222673	 0.00198713	 1.50326	 -0.157438	 -1.03038	 0.0855804
76.12	 -0.221261	 0.00199689	 1.49201	 -0.157489	 -1.02748	 0.0858682
76.14	 -0.219835	 0.00200768	 1.48084	 -0.157537	 -1.02444	 0.0861863
76.16	 -0.218395	 0.0020195	 1.46975	 -0.15758	 -1.02127	 0.0865342
76.18	 -0.216942	 0.00203234	 1.45876	 -0.15762	 -1.01796	 0.0869112
76.2	 -0.215475	 0.00204621	 1.44786	 -0.157656	 -1.01452	 0.0873164
76.22	 -0.213995	 0.0020611	 1.43706	 -0.157689	 -1.01093	 0.0877491
76.24	 -0.212501	 0.002077	 1.42635	 -0.157719	 -1.00721	 0.0882083
76.26	 -0.210995	 0.00209389	 1.41574	 -0.157745	 -1.00334	 0.0886931
76.28	 -0.209477	 0.00211177	 1.40523	 -0.157769	 -0.999332	 0.0892026
76.3	 -0.207946	 0.00213063	 1.39482	 -0.15779	 -0.99518	 0.0897357
76.32	 -0.206403	 0.00215044	 1.38452	 -0.157808	 -0.990882	 0.0902914
76.34	 -0.204848	 0.0021712	 1.37433	 -0.157824	 -0.986439	 0.0908684
76.36	 -0.203282	 0.00219289	 1.36424	 -0.157837	 -0.981847	 0.0914657
76.38	 -0.201703	 0.00221548	 1.35427	 -0.157848	 -0.977107	 0.0920821
76.4	 -0.200113	 0.00223896	 1.34441	 -0.157857	 -0.972217	 0.0927162
76.42	 -0.198512	 0.0022633	 1.33466	 -0.157865	 -0.967176	 0.0933669
76.44	 -0.196899	 0.00228847	 1.32502	 -0.15787	 -0.961983	 0.0940328
76.46	 -0.195275	 0.00231446	 1.3155	 -0.157874	 -0.956636	 0.0947126
76.48	 -0.19364	 0.00234123	 1.3061	 -0.157876	 -0.951134	 0.0954049
76.5	 -0.191994	 0.00236874	 1.29682	 -0.157877	 -0.945477	 0.0961083
76.52	 -0.190337	 0.00239698	 1.28765	 -0.157877	 -0.939663	 0.0968215
76.54	 -0.188669	 0.00242591	 1.27861	 -0.157876	 -0.933692	 0.097543
76.56	 -0.186991	 0.00245548	 1.26969	 -0.157874	 -0.927561	 0.0982714
76.58	 -0.185301	 0.00248568	 1.2609	 -0.15787	 -0.921271	 0.0990052
76.6	 -0.183601	 0.00251645	 1.25223	 -0.157866	 -0.91482	 0.0997431
76.62	 -0.18189	 0.00254778	 1.24368	 -0.157862	 -0.908207	 0.100483
76.64	 -0.180169	 0.0025796	 1.23526	 -0.157857	 -0.901432	 0.101225
76.66	 -0.178436	 0.00261189	 1.22697	 -0.157851	 -0.894493	 0.101966
76.68	 -0.176693	 0.00264461	 1.21881	 -0.157845	 -0.88739	 0.102705
76.7	 -0.17494	 0.00267771	 1.21077	 -0.157839	 -0.880122	 0.103441
76.72	 -0.173175	 0.00271115	 1.20286	 -0.157833	 -0.872689	 0.104173
76.74	 -0.1714	 0.00274489	 1.19508	 -0.157827	 -0.86509	 0.104898
76.76	 -0.169615	 0.00277888	 1.18743	 -0.157821	 -0.857324	 0.105616
76.78	 -0.167818	 0.00281308	 1.17992	 -0.157816	 -0.849391	 0.106324
76.8	 -0.166011	 0.00284745	 1.17253	 -0.15781	 -0.841291	 0.107023
76.82	 -0.164193	 0.00288195	 1.16527	 -0.157806	 -0.833022	 0.10771
76.84	 -0.162365	 0.00291652	 1.15814	 -0.157802	 -0.824586	 0.108384
76.86	 -0.160525	 0.00295114	 1.15115	 -0.157798	 -0.815981	 0.109044
76.88	 -0.158675	 0.00298574	 1.14428	 -0.157796	 -0.807208	 0.109689
76.9	 -0.156814	 0.0030203	 1.13755	 -0.157795	 -0.798266	 0.110317
76.92	 -0.154942	 0.00305476	 1.13094	 -0.157794	 -0.789156	 0.110927
76.94	 -0.153059	 0.00308908	 1.12447	 -0.157795	 -0.779878	 0.111518
76.96	 -0.151165	 0.00312322	 1.11813	 -0.157798	 -0.770433	 0.11209
76.98	 -0.149261	 0.00315713	 1.11192	 -0.157801	 -0.760819	 0.112641
77	 -0.147345	 0.00319076	 1.10584	 -0.157806	 -0.751039	 0.113169
77.02	 -0.145419	 0.00322408	 1.09989	 -0.157812	 -0.741092	 0.113675
77.04	 -0.143481	 0.00325703	 1.09407	 -0.157821	 -0.730979	 0.114157
77.06	 -0.141532	 0.00328959	 1.08839	 -0.15783	 -0.720701	 0.114615
77.08	 -0.139573	 0.00332169	 1.08283	 -0.157842	 -0.710258	 0.115047
77.1	 -0.137603	 0.00335332	 1.07739	 -0.157855	 -0.699652	 0.115453
77.12	 -0.135621	 0.00338442	 1.07209	 -0.15787	 -0.688884	 0.115833
77.14	 -0.133629	 0.00341496	 1.06692	 -0.157888	 -0.677954	 0.116185
77.16	 -0.131626	 0.0034449	 1.06187	 -0.157907	 -0.666865	 0.116509
77.18	 -0.129611	 0.0034742	 1.05696	 -0.157929	 -0.655617	 0.116805
77.2	 -0.127586	 0.00350283	 1.05216	 -0.157952	 -0.644212	 0.117072
77.22	 -0.125551	 0.00353075	 1.0475	 -0.157979	 -0.632651	 0.11731
77.24	 -0.123504	 0.00355794	 1.04296	 -0.158007	 -0.620937	 0.117518
77.26	 -0.121447	 0.00358435	 1.03855	 -0.158038	 -0.60907	 0.117697
77.28	 -0.119379	 0.00360997	 1.03426	 -0.158072	 -0.597054	 0.117845
77.3	 -0.117301	 0.00363476	 1.03009	 -0.158108	 -0.58489	 0.117964
77.32	 -0.115213	 0.00365869	 1.02605	 -0.158147	 -0.57258	 0.118053
77.34	 -0.113114	 0.00368176	 1.02214	 -0.158189	 -0.560127	 0.118111
77.36	 -0.111005	 0.00370392	 1.01834	 -0.158234	 -0.547532	 0.11814
77.38	 -0.108886	 0.00372517	 1.01467	 -0.158283	 -0.5348	 0.118139
77.4	 -0.106757	 0.00374548	 1.01112	 -0.158334	 -0.521931	 0.118108
77.42	 -0.104618	 0.00376483	 1.00769	 -0.158389	 -0.50893	 0.118048
77.44	 -0.102469	 0.00378321	 1.00438	 -0.158447	 -0.495798	 0.117958
77.46	 -0.100312	 0.0038006	 1.00119	 -0.158509	 -0.48254	 0.117841
77.48	 -0.0981446	 0.00381699	 0.998126	 -0.158575	 -0.469158	 0.117695
77.5	 -0.0959685	 0.00383237	 0.995176	 -0.158644	 -0.455655	 0.117521
77.52	 -0.0937836	 0.00384673	 0.992346	 -0.158717	 -0.442034	 0.117321
77.54	 -0.09159	 0.00386006	 0.989633	 -0.158794	 -0.4283	 0.117094
77.56	 -0.0893881	 0.00387235	 0.987039	 -0.158875	 -0.414456	 0.116841
77.58	 -0.0871779	 0.0038836	 0.984561	 -0.15896	 -0.400504	 0.116564
77.6	 -0.0849599	 0.00389382	 0.982201	 -0.15905	 -0.38645	 0.116262
77.62	 -0.0827342	 0.00390299	 0.979958	 -0.159144	 -0.372297	 0.115936
77.64	 -0.0805011	 0.00391113	 0.977831	 -0.159242	 -0.35805	 0.115589
77.66	 -0.0782609	 0.00391822	 0.975821	 -0.159345	 -0.343711	 0.115219
77.68	 -0.0760139	 0.00392429	 0.973926	 -0.159452	 -0.329285	 0.114829
77.7	 -0.0737605	 0.00392933	 0.972146	 -0.159564	 -0.314777	 0.11442
77.72	 -0.0715008	 0.00393335	 0.970482	 -0.15968	 -0.30019	 0.113992
77.74	 -0.0692353	 0.00393637	 0.968933	 -0.159802	 -0.28553	 0.113547
77.76	 -0.0669642	 0.00393838	 0.9675	 -0.159928	 -0.270801	 0.113085
77.78	 -0.064688	 0.00393941	 0.966181	 -0.160059	 -0.256006	 0.112608
77.8	 -0.0624069	 0.00393947	 0.964976	 -0.160195	 -0.241152	 0.112117
77.82	 -0.0601213	 0.00393858	 0.963887	 -0.160337	 -0.226242	 0.111613
77.84	 -0.0578316	 0.00393674	 0.962912	 -0.160483	 -0.211281	 0.111098
77.86	 -0.0555381	 0.00393399	 0.962052	 -0.160635	 -0.196275	 0.110573
77.88	 -0.0532413	 0.00393034	 0.961306	 -0.160792	 -0.181228	 0.110039
77.9	 -0.0509414	 0.00392581	 0.960675	 -0.160954	 -0.166146	 0.109497
77.92	 -0.048639	 0.00392043	 0.96016	 -0.161122	 -0.151032	 0.108948
77.94	 -0.0463344	 0.00391421	 0.959759	 -0.161295	 -0.135893	 0.108395
77.96	 -0.0440279	 0.00390719	 0.959473	 -0.161474	 -0.120733	 0.107838
77.98	 -0.0417201	 0.00389938	 0.959302	 -0.161658	 -0.105558	 0.107279
78	 -0.0394113	 0.00389082	 0.959247	 -0.161848	 -0.0903729	 0.106718
78.02	 -0.0371019	 0.00388152	 0.959308	 -0.162044	 -0.0751828	 0.106158
78.04	 -0.0347924	 0.00387152	 0.959485	 -0.162245	 -0.0599931	 0.1056
78.06	 -0.0324831	 0.00386085	 0.959778	 -0.162451	 -0.044809	 0.105044
78.08	 -0.0301746	 0.00384954	 0.960188	 -0.162664	 -0.0296359	 0.104493
78.1	 -0.0278671	 0.00383761	 0.960715	 -0.162882	 -0.0144789	 0.103947
78.12	 -0.0255611	 0.00382509	 0.96136	 -0.163105	 0.000656568	 0.103409
78.14	 -0.0232571	 0.00381202	 0.962122	 -0.163335	 0.0157653	 0.102878
78.16	 -0.0209554	 0.00379842	 0.963003	 -0.163569	 0.030842	 0.102357
78.18	 -0.0186565	 0.00378433	 0.964003	 -0.16381	 0.0458814	 0.101846
78.2	 -0.0163608	 0.00376978	 0.965122	 -0.164055	 0.0608783	 0.101348
78.22	 -0.0140687	 0.0037548	 0.966361	 -0.164306	 0.0758275	 0.100862
78.24	 -0.0117806	 0.00373941	 0.967721	 -0.164563	 0.0907237	 0.10039
78.26	 -0.00949687	 0.00372366	 0.969201	 -0.164824	 0.105562	 0.0999342
78.28	 -0.00721795	 0.00370756	 0.970803	 -0.16509	 0.120337	 0.0994943
78.3	 -0.00494422	 0.00369115	 0.972528	 -0.165362	 0.135044	 0.0990719
78.32	 -0.00267608	 0.00367445	 0.974374	 -0.165638	 0.149678	 0.098668
78.34	 -0.000413889	 0.0036575	 0.976345	 -0.165918	 0.164233	 0.0982834
78.36	 0.00184197	 0.00364033	 0.978439	 -0.166203	 0.178706	 0.0979191
78.38	 0.00409112	 0.00362295	 0.980658	 -0.166492	 0.193091	 0.0975759
78.4	 0.00633322	 0.00360541	 0.983002	 -0.166786	 0.207384	 0.0972548
78.42	 0.00856791	 0.00358773	 0.985473	 -0.167083	 0.22158	 0.0969565
78.44	 0.0107948	 0.00356993	 0.988069	 -0.167384	 0.235674	 0.0966817
78.46	 0.0130137	 0.00355206	 0.990793	 -0.167688	 0.249662	 0.096431
78.48	 0.0152241	 0.00353413	 0.993645	 -0.167996	 0.263541	 0.0962052
78.5	 0.0174259	 0.00351617	 0.996625	 -0.168307	 0.277305	 0.0960047
78.52	 0.0196186	 0.00349822	 0.999734	 -0.168621	 0.29095	 0.0958302
78.54	 0.0218019	 0.00348029	 1.00297	 -0.168938	 0.304473	 0.0956819
78.56	 0.0239757	 0.00346241	 1.00634	 -0.169257	 0.317869	 0.0955604
78.58	 0.0261395	 0.00344461	 1.00984	 -0.169578	 0.331134	 0.095466
78.6	 0.0282932	 0.00342691	 1.01347	 -0.169902	 0.344265	 0.0953988
78.62	 0.0304365	 0.00340933	 1.01724	 -0.170228	 0.357258	 0.0953592
78.64	 0.0325692	 0.0033919	 1.02113	 -0.170555	 0.370109	 0.0953473
78.66	 0.0346909	 0.00337463	 1.02516	 -0.170883	 0.382815	 0.0953632
78.68	 0.0368015	 0.00335754	 1.02932	 -0.171213	 0.395373	 0.0954069
78.7	 0.0389008	 0.00334065	 1.03362	 -0.171544	 0.407778	 0.0954784
78.72	 0.0409886	 0.00332398	 1.03805	 -0.171875	 0.420029	 0.0955775
78.74	 0.0430646	 0.00330755	 1.04261	 -0.172207	 0.432122	 0.0957042
78.76	 0.0451288	 0.00329135	 1.04731	 -0.172538	 0.444054	 0.0958582
78.78	 0.0471809	 0.00327541	 1.05215	 -0.172869	 0.455822	 0.0960393
78.8	 0.0492208	 0.00325974	 1.05712	 -0.173199	 0.467424	 0.096247
78.82	 0.0512483	 0.00324434	 1.06222	 -0.173529	 0.478857	 0.0964809
78.84	 0.0532633	 0.00322922	 1.06746	 -0.173856	 0.49012	 0.0967407
78.86	 0.0552657	 0.00321439	 1.07284	 -0.174182	 0.501209	 0.0970258
78.88	 0.0572554	 0.00319985	 1.07836	 -0.174506	 0.512122	 0.0973356
78.9	 0.0592323	 0.00318561	 1.08401	 -0.174827	 0.522859	 0.0976694
78.92	 0.0611963	 0.00317168	 1.08979	 -0.175145	 0.533416	 0.0980267
78.94	 0.0631472	 0.00315805	 1.09571	 -0.175459	 0.543792	 0.0984066
78.96	 0.0650851	 0.00314472	 1.10177	 -0.17577	 0.553986	 0.0988083
78.98	 0.0670099	 0.0031317	 1.10797	 -0.176076	 0.563996	 0.0992311
79	 0.0689216	 0.00311897	 1.1143	 -0.176378	 0.573821	 0.0996741
79.02	 0.07082	 0.00310655	 1.12076	 -0.176674	 0.58346	 0.100136
79.04	 0.0727051	 0.00309442	 1.12736	 -0.176965	 0.592911	 0.100617
79.06	 0.074577	 0.00308258	 1.1341	 -0.17725	 0.602174	 0.101114
79.08	 0.0764357	 0.00307102	 1.14097	 -0.177529	 0.611248	 0.101628
79.1	 0.078281	 0.00305973	 1.14797	 -0.177801	 0.620132	 0.102157
79.12	 0.0801131	 0.00304872	 1.15511	 -0.178066	 0.628826	 0.1027
79.14	 0.0819318	 0.00303797	 1.16238	 -0.178323	 0.63733	 0.103256
79.16	 0.0837373	 0.00302747	 1.16978	 -0.178571	 0.645643	 0.103823
79.18	 0.0855296	 0.0030172	 1.17731	 -0.178812	 0.653765	 0.104401
79.2	 0.0873086	 0.00300717	 1.18498	 -0.179043	 0.661696	 0.104988
79.22	 0.0890744	 0.00299737	 1.19277	 -0.179265	 0.669436	 0.105582
79.24	 0.090827	 0.00298777	 1.20069	 -0.179477	 0.676985	 0.106184
79.26	 0.0925664	 0.00297838	 1.20874	 -0.179679	 0.684344	 0.106791
79.28	 0.0942927	 0.00296918	 1.21692	 -0.179871	 0.691512	 0.107401
79.3	 0.096006	 0.00296017	 1.22522	 -0.180052	 0.69849	 0.108015
79.32	 0.0977061	 0.00295135	 1.23365	 -0.180222	 0.70528	 0.10863
79.34	 0.0993933	 0.00294269	 1.24219	 -0.18038	 0.711881	 0.109244
79.36	 0.101068	 0.0029342	 1.25087	 -0.180527	 0.718295	 0.109858
79.38	 0.102729	 0.00292585	 1.25966	 -0.180662	 0.724521	 0.110468
79.4	 0.104377	 0.00291765	 1.26857	 -0.180785	 0.730563	 0.111075
79.42	 0.106013	 0.00290957	 1.2776	 -0.180896	 0.736419	 0.111676
79.44	 0.107636	 0.00290162	 1.28674	 -0.180993	 0.742093	 0.11227
79.46	 0.109246	 0.00289378	 1.296	 -0.181078	 0.747584	 0.112856
79.48	 0.110843	 0.00288604	 1.30537	 -0.181149	 0.752895	 0.113432
79.5	 0.112428	 0.00287839	 1.31486	 -0.181206	 0.758026	 0.113998
79.52	 0.113999	 0.00287083	 1.32445	 -0.18125	 0.762979	 0.114552
79.54	 0.115559	 0.00286335	 1.33415	 -0.18128	 0.767755	 0.115093
79.56	 0.117105	 0.00285594	 1.34396	 -0.181295	 0.772357	 0.115619
79.58	 0.118639	 0.00284859	 1.35387	 -0.181297	 0.776786	 0.116129
79.6	 0.120161	 0.0028413	 1.36388	 -0.181283	 0.781043	 0.116623
79.62	 0.121669	 0.00283406	 1.37399	 -0.181255	 0.78513	 0.117098
79.64	 0.123165	 0.00282687	 1.38421	 -0.181212	 0.789049	 0.117555
79.66	 0.124648	 0.00281972	 1.39451	 -0.181154	 0.792801	 0.117991
79.68	 0.126119	 0.00281261	 1.40492	 -0.181081	 0.79639	 0.118407
79.7	 0.127577	 0.00280554	 1.41541	 -0.180992	 0.799816	 0.1188
79.72	 0.129022	 0.00279852	 1.42599	 -0.180889	 0.803081	 0.11917
79.74	 0.130454	 0.00279153	 1.43667	 -0.18077	 0.806188	 0.119517
79.76	 0.131874	 0.0027846	 1.44742	 -0.180637	 0.809138	 0.119838
79.78	 0.13328	 0.00277771	 1.45826	 -0.180488	 0.811934	 0.120135
79.8	 0.134673	 0.00277087	 1.46919	 -0.180323	 0.814578	 0.120405
79.82	 0.136054	 0.00276409	 1.48019	 -0.180144	 0.817071	 0.120648
79.84	 0.137421	 0.00275737	 1.49127	 -0.17995	 0.819416	 0.120863
79.86	 0.138774	 0.00275072	 1.50242	 -0.17974	 0.821614	 0.121051
79.88	 0.140114	 0.00274415	 1.51364	 -0.179516	 0.823669	 0.12121
79.9	 0.141441	 0.00273766	 1.52493	 -0.179276	 0.825582	 0.12134
79.92	 0.142754	 0.00273127	 1.5363	 -0.179023	 0.827356	 0.121441
79.94	 0.144053	 0.00272499	 1.54772	 -0.178754	 0.828992	 0.121512
79.96	 0.145338	 0.00271882	 1.55921	 -0.178472	 0.830493	 0.121553
79.98	 0.146609	 0.0027128	 1.57076	 -0.178175	 0.83186	 0.121564
80	 0.147865	 0.00270691	 1.58236	 -0.177864	 0.833097	 0.121545
80.02	 0.149107	 0.00270119	 1.59403	 -0.17754	 0.834205	 0.121495
80.04	 0.150334	 0.00269565	 1.60574	 -0.177203	 0.835186	 0.121415
80.06	 0.151546	 0.0026903	 1.61751	 -0.176852	 0.836043	 0.121305
80.08	 0.152742	 0.00268516	 1.62932	 -0.176489	 0.836778	 0.121165
80.1	 0.153924	 0.00268024	 1.64118	 -0.176113	 0.837392	 0.120995
80.12	 0.155089	 0.00267557	 1.65309	 -0.175726	 0.837889	 0.120795
80.14	 0.156239	 0.00267116	 1.66504	 -0.175326	 0.838269	 0.120566
80.16	 0.157372	 0.00266704	 1.67702	 -0.174915	 0.838536	 0.120308
80.18	 0.158489	 0.00266323	 1.68905	 -0.174493	 0.83869	 0.120021
80.2	 0.159589	 0.00265974	 1.7011	 -0.174061	 0.838736	 0.119707
80.22	 0.160672	 0.00265659	 1.71319	 -0.173618	 0.838673	 0.119365
80.24	 0.161737	 0.00265382	 1.72532	 -0.173166	 0.838505	 0.118996
80.26	 0.162785	 0.00265144	 1.73747	 -0.172704	 0.838232	 0.118602
80.28	 0.163815	 0.00264947	 1.74964	 -0.172234	 0.837859	 0.118181
80.3	 0.164826	 0.00264794	 1.76184	 -0.171755	 0.837385	 0.117737
80.32	 0.165819	 0.00264687	 1.77407	 -0.171269	 0.836813	 0.117269
80.34	 0.166793	 0.00264627	 1.78631	 -0.170775	 0.836145	 0.116777
80.36	 0.167747	 0.00264618	 1.79857	 -0.170274	 0.835383	 0.116265
80.38	 0.168682	 0.00264661	 1.81085	 -0.169767	 0.834528	 0.115731
80.4	 0.169596	 0.00264758	 1.82314	 -0.169255	 0.833583	 0.115177
80.42	 0.17049	 0.00264912	 1.83545	 -0.168737	 0.832548	 0.114605
80.44	 0.171364	 0.00265124	 1.84776	 -0.168214	 0.831427	 0.114015
80.46	 0.172216	 0.00265397	 1.86009	 -0.167687	 0.83022	 0.113409
80.48	 0.173047	 0.00265732	 1.87242	 -0.167157	 0.828929	 0.112787
80.5	 0.173855	 0.0026613	 1.88476	 -0.166624	 0.827555	 0.112152
80.52	 0.174642	 0.00266595	 1.8971	 -0.166088	 0.826102	 0.111503
80.54	 0.175405	 0.00267126	 1.90945	 -0.16555	 0.824569	 0.110844
80.56	 0.176146	 0.00267726	 1.92179	 -0.165011	 0.822958	 0.110174
80.58	 0.176864	 0.00268396	 1.93414	 -0.164471	 0.821272	 0.109495
80.6	 0.177557	 0.00269138	 1.94648	 -0.163931	 0.819511	 0.108809
80.62	 0.178226	 0.00269952	 1.95882	 -0.163392	 0.817676	 0.108117
80.64	 0.178871	 0.00270839	 1.97116	 -0.162853	 0.815771	 0.107421
80.66	 0.179491	 0.002718	 1.98348	 -0.162316	 0.813794	 0.106721
80.68	 0.180086	 0.00272836	 1.99581	 -0.161781	 0.811749	 0.106019
80.7	 0.180655	 0.00273948	 2.00812	 -0.161248	 0.809636	 0.105316
80.72	 0.181197	 0.00275134	 2.02043	 -0.160718	 0.807457	 0.104615
80.74	 0.181714	 0.00276397	 2.03272	 -0.160193	 0.805213	 0.103916
80.76	 0.182204	 0.00277735	 2.045	 -0.159671	 0.802905	 0.103221
80.78	 0.182666	 0.00279149	 2.05727	 -0.159154	 0.800534	 0.102531
80.8	 0.183102	 0.00280638	 2.06953	 -0.158642	 0.798102	 0.101847
80.82	 0.183509	 0.00282201	 2.08177	 -0.158136	 0.795609	 0.101171
80.84	 0.183889	 0.00283837	 2.09399	 -0.157636	 0.793058	 0.100505
80.86	 0.18424	 0.00285546	 2.1062	 -0.157142	 0.790448	 0.0998486
80.88	 0.184562	 0.00287326	 2.1184	 -0.156656	 0.78778	 0.0992044
80.9	 0.184856	 0.00289176	 2.13057	 -0.156177	 0.785057	 0.0985733
80.92	 0.18512	 0.00291095	 2.14273	 -0.155707	 0.782279	 0.0979566
80.94	 0.185354	 0.00293079	 2.15487	 -0.155244	 0.779447	 0.0973554
80.96	 0.185559	 0.00295128	 2.16698	 -0.154791	 0.776562	 0.096771
80.98	 0.185734	 0.00297238	 2.17908	 -0.154346	 0.773624	 0.0962044
81	 0.185878	 0.00299408	 2.19116	 -0.153911	 0.770636	 0.0956568
81.02	 0.185992	 0.00301634	 2.20321	 -0.153486	 0.767597	 0.0951292
81.04	 0.186075	 0.00303913	 2.21524	 -0.153071	 0.764508	 0.0946226
81.06	 0.186127	 0.00306243	 2.22726	 -0.152667	 0.761371	 0.0941381
81.08	 0.186148	 0.0030862	 2.23924	 -0.152273	 0.758186	 0.0936764
81.1	 0.186138	 0.00311041	 2.25121	 -0.151891	 0.754955	 0.0932385
81.12	 0.186096	 0.00313501	 2.26315	 -0.151519	 0.751676	 0.0928252
81.14	 0.186022	 0.00315996	 2.27506	 -0.151159	 0.748353	 0.0924372
81.16	 0.185916	 0.00318523	 2.28695	 -0.150811	 0.744985	 0.0920752
81.18	 0.185779	 0.00321077	 2.29882	 -0.150475	 0.741572	 0.0917399
81.2	 0.18561	 0.00323653	 2.31066	 -0.150151	 0.738117	 0.0914318
81.22	 0.185408	 0.00326248	 2.32248	 -0.149839	 0.734618	 0.0911515
81.24	 0.185174	 0.00328855	 2.33427	 -0.149539	 0.731078	 0.0908993
81.26	 0.184908	 0.0033147	 2.34603	 -0.149252	 0.727496	 0.0906758
81.28	 0.18461	 0.00334088	 2.35777	 -0.148978	 0.723874	 0.0904812
81.3	 0.18428	 0.00336704	 2.36948	 -0.148716	 0.720211	 0.0903157
81.32	 0.183917	 0.00339312	 2.38116	 -0.148466	 0.716509	 0.0901795
81.34	 0.183521	 0.00341906	 2.39282	 -0.148229	 0.712768	 0.0900728
81.36	 0.183094	 0.00344481	 2.40444	 -0.148005	 0.708988	 0.0899957
81.38	 0.182634	 0.00347031	 2.41604	 -0.147793	 0.70517	 0.089948
81.4	 0.182142	 0.00349551	 2.42762	 -0.147594	 0.701314	 0.0899297
81.42	 0.181618	 0.00352034	 2.43916	 -0.147407	 0.697422	 0.0899407
81.44	 0.181062	 0.00354474	 2.45067	 -0.147233	 0.693493	 0.0899808
81.46	 0.180474	 0.00356866	 2.46216	 -0.147071	 0.689528	 0.0900496
81.48	 0.179854	 0.00359204	 2.47361	 -0.14692	 0.685527	 0.0901468
81.5	 0.179202	 0.00361481	 2.48503	 -0.146782	 0.68149	 0.0902721
81.52	 0.178519	 0.00363692	 2.49643	 -0.146656	 0.677419	 0.0904249
81.54	 0.177804	 0.0036583	 2.50779	 -0.146541	 0.673313	 0.0906047
81.56	 0.177059	 0.00367889	 2.51912	 -0.146438	 0.669172	 0.0908109
81.58	 0.176282	 0.00369863	 2.53042	 -0.146345	 0.664998	 0.0910429
81.6	 0.175474	 0.00371747	 2.54169	 -0.146264	 0.66079	 0.0912999
81.62	 0.174636	 0.00373534	 2.55292	 -0.146194	 0.656548	 0.0915812
81.64	 0.173768	 0.00375219	 2.56412	 -0.146133	 0.652273	 0.0918859
81.66	 0.172869	 0.00376796	 2.57529	 -0.146083	 0.647965	 0.0922132
81.68	 0.171941	 0.0037826	 2.58642	 -0.146043	 0.643623	 0.0925621
81.7	 0.170983	 0.00379605	 2.59751	 -0.146013	 0.63925	 0.0929317
81.72	 0.169996	 0.00380826	 2.60857	 -0.145991	 0.634843	 0.0933208
81.74	 0.16898	 0.00381918	 2.6196	 -0.145979	 0.630404	 0.0937286
81.76	 0.167935	 0.00382876	 2.63058	 -0.145975	 0.625933	 0.0941537
81.78	 0.166863	 0.00383695	 2.64153	 -0.14598	 0.621429	 0.0945952
81.8	 0.165762	 0.00384372	 2.65244	 -0.145992	 0.616893	 0.0950517
81.82	 0.164633	 0.00384902	 2.66331	 -0.146012	 0.612325	 0.0955222
81.84	 0.163477	 0.0038528	 2.67413	 -0.14604	 0.607724	 0.0960052
81.86	 0.162295	 0.00385504	 2.68492	 -0.146074	 0.603091	 0.0964997
81.88	 0.161086	 0.00385569	 2.69566	 -0.146115	 0.598426	 0.0970041
81.9	 0.15985	 0.00385472	 2.70636	 -0.146161	 0.593728	 0.0975172
81.92	 0.15859	 0.0038521	 2.71702	 -0.146214	 0.588998	 0.0980377
81.94	 0.157303	 0.00384781	 2.72763	 -0.146272	 0.584234	 0.0985642
81.96	 0.155992	 0.00384182	 2.73819	 -0.146335	 0.579438	 0.0990952
81.98	 0.154656	 0.00383411	 2.7487	 -0.146403	 0.574609	 0.0996295
82	 0.153296	 0.00382467	 2.75917	 -0.146475	 0.569746	 0.100166
82.02	 0.151913	 0.00381347	 2.76958	 -0.146551	 0.56485	 0.100702
82.04	 0.150506	 0.00380052	 2.77994	 -0.14663	 0.55992	 0.101238
82.06	 0.149077	 0.00378579	 2.79025	 -0.146713	 0.554956	 0.101771
82.08	 0.147625	 0.00376929	 2.80051	 -0.146798	 0.549957	 0.1023
82.1	 0.146151	 0.00375102	 2.81071	 -0.146886	 0.544924	 0.102825
82.12	 0.144656	 0.00373098	 2.82085	 -0.146976	 0.539855	 0.103343
82.14	 0.143139	 0.00370916	 2.83093	 -0.147068	 0.534751	 0.103853
82.16	 0.141602	 0.00368559	 2.84096	 -0.147161	 0.529611	 0.104354
82.18	 0.140045	 0.00366028	 2.85092	 -0.147255	 0.524435	 0.104844
82.2	 0.138468	 0.00363324	 2.86082	 -0.147351	 0.519221	 0.105323
82.22	 0.136872	 0.00360449	 2.87065	 -0.147446	 0.51397	 0.105788
82.24	 0.135257	 0.00357406	 2.88042	 -0.147542	 0.508681	 0.10624
82.26	 0.133624	 0.00354198	 2.89012	 -0.147637	 0.503354	 0.106676
82.28	 0.131973	 0.00350827	 2.89975	 -0.147732	 0.497988	 0.107095
82.3	 0.130304	 0.00347297	 2.90931	 -0.147827	 0.492583	 0.107497
82.32	 0.128619	 0.00343613	 2.9188	 -0.14792	 0.487137	 0.10788
82.34	 0.126917	 0.00339778	 2.92821	 -0.148012	 0.481651	 0.108243
82.36	 0.125198	 0.00335796	 2.93755	 -0.148103	 0.476124	 0.108586
82.38	 0.123464	 0.00331674	 2.94681	 -0.148192	 0.470555	 0.108907
82.4	 0.121715	 0.00327415	 2.95599	 -0.148279	 0.464943	 0.109205
82.42	 0.119951	 0.00323026	 2.96509	 -0.148364	 0.459289	 0.10948
82.44	 0.118173	 0.00318512	 2.9741	 -0.148447	 0.45359	 0.109731
82.46	 0.11638	 0.0031388	 2.98304	 -0.148527	 0.447848	 0.109957
82.48	 0.114574	 0.00309135	 2.99188	 -0.148605	 0.442061	 0.110158
82.5	 0.112755	 0.00304286	 3.00064	 -0.148679	 0.436228	 0.110332
82.52	 0.110923	 0.00299338	 3.00931	 -0.148751	 0.430349	 0.11048
82.54	 0.109079	 0.00294298	 3.01788	 -0.14882	 0.424424	 0.110602
82.56	 0.107222	 0.00289176	 3.02637	 -0.148885	 0.41845	 0.110696
82.58	 0.105354	 0.00283977	 3.03476	 -0.148947	 0.412429	 0.110762
82.6	 0.103475	 0.0027871	 3.04305	 -0.149006	 0.40636	 0.1108
82.62	 0.101585	 0.00273382	 3.05124	 -0.149061	 0.400241	 0.11081
82.64	 0.0996849	 0.00268003	 3.05934	 -0.149113	 0.394072	 0.110792
82.66	 0.0977744	 0.0026258	 3.06733	 -0.149161	 0.387853	 0.110745
82.68	 0.0958542	 0.00257121	 3.07522	 -0.149206	 0.381582	 0.11067
82.7	 0.0939245	 0.00251636	 3.08301	 -0.149246	 0.37526	 0.110567
82.72	 0.0919858	 0.00246133	 3.09069	 -0.149283	 0.368886	 0.110436
82.74	 0.0900383	 0.0024062	 3.09826	 -0.149317	 0.36246	 0.110277
82.76	 0.0880824	 0.00235107	 3.10572	 -0.149346	 0.355979	 0.110091
82.78	 0.0861184	 0.00229602	 3.11308	 -0.149372	 0.349446	 0.109877
82.8	 0.0841466	 0.00224115	 3.12032	 -0.149394	 0.342858	 0.109637
82.82	 0.0821672	 0.00218655	 3.12744	 -0.149412	 0.336215	 0.10937
82.84	 0.0801806	 0.00213229	 3.13445	 -0.149426	 0.329517	 0.109077
82.86	 0.0781871	 0.00207848	 3.14135	 -0.149437	 0.322763	 0.108759
82.88	 0.0761868	 0.0020252	 3.14813	 -0.149444	 0.315953	 0.108417
82.9	 0.0741802	 0.00197254	 3.15479	 -0.149447	 0.309087	 0.10805
82.92	 0.0721673	 0.00192059	 3.16132	 -0.149447	 0.302164	 0.107661
82.94	 0.0701486	 0.00186942	 3.16774	 -0.149443	 0.295184	 0.10725
82.96	 0.0681242	 0.00181914	 3.17404	 -0.149435	 0.288147	 0.106817
82.98	 0.0660943	 0.00176981	 3.18021	 -0.149424	 0.281053	 0.106364
83	 0.0640592	 0.00172153	 3.18626	 -0.149409	 0.2739	 0.105891
83.02	 0.0620191	 0.00167437	 3.19218	 -0.14939	 0.26669	 0.1054
83.04	 0.0599742	 0.00162841	 3.19797	 -0.149369	 0.259423	 0.104892
83.06	 0.0579247	 0.00158373	 3.20364	 -0.149344	 0.252097	 0.104368
83.08	 0.0558708	 0.00154041	 3.20918	 -0.149316	 0.244713	 0.103829
83.1	 0.0538127	 0.00149852	 3.2146	 -0.149284	 0.237271	 0.103276
83.12	 0.0517506	 0.00145812	 3.21988	 -0.14925	 0.229771	 0.10271
83.14	 0.0496846	 0.00141929	 3.22503	 -0.149213	 0.222214	 0.102133
83.16	 0.0476148	 0.00138209	 3.23005	 -0.149173	 0.214599	 0.101546
83.18	 0.0455416	 0.00134658	 3.23494	 -0.14913	 0.206927	 0.10095
83.2	 0.043465	 0.00131281	 3.2397	 -0.149085	 0.199198	 0.100347
83.22	 0.0413851	 0.00128085	 3.24432	 -0.149037	 0.191412	 0.0997383
83.24	 0.0393021	 0.00125075	 3.24881	 -0.148986	 0.18357	 0.0991245
83.26	 0.0372162	 0.00122254	 3.25317	 -0.148933	 0.175672	 0.0985075
83.28	 0.0351274	 0.00119628	 3.2574	 -0.148878	 0.167719	 0.0978885
83.3	 0.0330358	 0.001172	 3.26149	 -0.14882	 0.159711	 0.0972689
83.32	 0.0309417	 0.00114974	 3.26545	 -0.148761	 0.151648	 0.0966503
83.34	 0.0288451	 0.00112953	 3.26927	 -0.148699	 0.143533	 0.0960338
83.36	 0.0267461	 0.00111141	 3.27297	 -0.148635	 0.135364	 0.0954209
83.38	 0.0246447	 0.00109539	 3.27652	 -0.148569	 0.127143	 0.094813
83.4	 0.0225412	 0.00108149	 3.27994	 -0.1485	 0.118871	 0.0942114
83.42	 0.0204356	 0.00106974	 3.28323	 -0.14843	 0.110548	 0.0936174
83.44	 0.0183279	 0.00106013	 3.28639	 -0.148358	 0.102176	 0.0930325
83.46	 0.0162183	 0.00105269	 3.28941	 -0.148283	 0.093755	 0.0924578
83.48	 0.0141068	 0.00104741	 3.29229	 -0.148207	 0.0852863	 0.0918947
83.5	 0.0119936	 0.0010443	 3.29505	 -0.148129	 0.0767711	 0.0913444
83.52	 0.00987864	 0.00104335	 3.29767	 -0.148048	 0.0682105	 0.0908081
83.54	 0.00776205	 0.00104455	 3.30016	 -0.147966	 0.0596056	 0.090287
83.56	 0.0056439	 0.0010479	 3.30251	 -0.147881	 0.0509577	 0.0897822
83.58	 0.00352424	 0.00105337	 3.30474	 -0.147794	 0.0422683	 0.0892948
83.6	 0.00140316	 0.00106094	 3.30683	 -0.147705	 0.0335387	 0.0888258
83.62	 -0.000719297	 0.00107059	 3.30879	 -0.147614	 0.0247703	 0.0883762
83.64	 -0.00284305	 0.00108228	 3.31062	 -0.14752	 0.0159648	 0.087947
83.66	 -0.00496805	 0.00109599	 3.31232	 -0.147424	 0.00712372	 0.0875391
83.68	 -0.00709422	 0.00111166	 3.31389	 -0.147326	 -0.00175136	 0.0871533
83.7	 -0.00922151	 0.00112927	 3.31534	 -0.147225	 -0.0106587	 0.0867904
83.72	 -0.0113498	 0.00114877	 3.31665	 -0.147121	 -0.0195967	 0.0864511
83.74	 -0.0134792	 0.00117011	 3.31784	 -0.147014	 -0.0285634	 0.0861363
83.76	 -0.0156094	 0.00119325	 3.3189	 -0.146905	 -0.0375571	 0.0858464
83.78	 -0.0177405	 0.00121812	 3.31984	 -0.146793	 -0.0465758	 0.085582
83.8	 -0.0198724	 0.00124469	 3.32065	 -0.146678	 -0.0556178	 0.0853437
83.82	 -0.0220051	 0.00127287	 3.32133	 -0.146559	 -0.0646809	 0.0851319
83.84	 -0.0241384	 0.00130262	 3.32189	 -0.146438	 -0.0737632	 0.0849469
83.86	 -0.0262723	 0.00133385	 3.32233	 -0.146313	 -0.0828626	 0.084789
83.88	 -0.0284068	 0.00136651	 3.32265	 -0.146185	 -0.0919771	 0.0846586
83.9	 -0.0305417	 0.00140053	 3.32284	 -0.146054	 -0.101105	 0.0845558
83.92	 -0.0326771	 0.00143583	 3.32291	 -0.14592	 -0.110243	 0.0844807
83.94	 -0.0348128	 0.00147234	 3.32287	 -0.145782	 -0.11939	 0.0844335
83.96	 -0.0369488	 0.00150999	 3.3227	 -0.145641	 -0.128544	 0.084414
83.98	 -0.039085	 0.0015487	 3.32242	 -0.145496	 -0.137703	 0.0844223
84	 -0.0412214	 0.00158839	 3.32202	 -0.145348	 -0.146864	 0.0844581
84.02	 -0.0433578	 0.00162898	 3.3215	 -0.145196	 -0.156025	 0.0845213
84.04	 -0.0454942	 0.00167041	 3.32087	 -0.145041	 -0.165185	 0.0846117
84.06	 -0.0476306	 0.00171258	 3.32012	 -0.144882	 -0.17434	 0.0847289
84.08	 -0.0497669	 0.00175542	 3.31926	 -0.14472	 -0.18349	 0.0848725
84.1	 -0.0519029	 0.00179884	 3.31828	 -0.144554	 -0.192631	 0.0850421
84.12	 -0.0540386	 0.00184276	 3.3172	 -0.144385	 -0.201762	 0.0852371
84.14	 -0.056174	 0.00188711	 3.316	 -0.144212	 -0.21088	 0.085457
84.16	 -0.0583089	 0.0019318	 3.31469	 -0.144036	 -0.219984	 0.0857011
84.18	 -0.0604433	 0.00197676	 3.31327	 -0.143856	 -0.229071	 0.0859689
84.2	 -0.0625771	 0.0020219	 3.31174	 -0.143673	 -0.23814	 0.0862594
84.22	 -0.0647102	 0.00206714	 3.3101	 -0.143487	 -0.247187	 0.086572
84.24	 -0.0668426	 0.00211242	 3.30835	 -0.143298	 -0.256212	 0.0869057
84.26	 -0.0689741	 0.00215764	 3.3065	 -0.143105	 -0.265212	 0.0872597
84.28	 -0.0711047	 0.00220274	 3.30454	 -0.142909	 -0.274185	 0.0876331
84.3	 -0.0732342	 0.00224763	 3.30247	 -0.142711	 -0.283129	 0.0880248
84.32	 -0.0753627	 0.00229224	 3.3003	 -0.142509	 -0.292043	 0.0884338
84.34	 -0.0774899	 0.00233649	 3.29802	 -0.142305	 -0.300925	 0.088859
84.36	 -0.0796158	 0.00238031	 3.29564	 -0.142098	 -0.309772	 0.0892994
84.38	 -0.0817403	 0.00242364	 3.29316	 -0.141888	 -0.318584	 0.0897538
84.4	 -0.0838634	 0.00246639	 3.29057	 -0.141675	 -0.327357	 0.0902211
84.42	 -0.0859848	 0.0025085	 3.28788	 -0.141461	 -0.336092	 0.0907001
84.44	 -0.0881046	 0.0025499	 3.28508	 -0.141244	 -0.344786	 0.0911895
84.46	 -0.0902225	 0.00259053	 3.28219	 -0.141025	 -0.353437	 0.0916882
84.48	 -0.0923385	 0.00263033	 3.27919	 -0.140804	 -0.362044	 0.0921948
84.5	 -0.0944525	 0.00266923	 3.27609	 -0.140582	 -0.370604	 0.0927082
84.52	 -0.0965644	 0.00270718	 3.27289	 -0.140357	 -0.379118	 0.0932269
84.54	 -0.098674	 0.00274412	 3.26959	 -0.140132	 -0.387583	 0.0937498
84.56	 -0.100781	 0.00278001	 3.26619	 -0.139905	 -0.395997	 0.0942754
84.58	 -0.102886	 0.00281481	 3.26269	 -0.139678	 -0.404359	 0.0948026
84.6	 -0.104988	 0.00284846	 3.25909	 -0.13945	 -0.412669	 0.09533
84.62	 -0.107087	 0.00288092	 3.25539	 -0.139221	 -0.420923	 0.0958563
84.64	 -0.109184	 0.00291217	 3.25159	 -0.138992	 -0.429123	 0.0963801
84.66	 -0.111277	 0.00294215	 3.24769	 -0.138763	 -0.437265	 0.0969003
84.68	 -0.113367	 0.00297084	 3.24369	 -0.138535	 -0.44535	 0.0974155
84.7	 -0.115454	 0.0029982	 3.23959	 -0.138307	 -0.453376	 0.0979245
84.72	 -0.117538	 0.00302421	 3.23539	 -0.13808	 -0.461343	 0.098426
84.74	 -0.119618	 0.00304884	 3.23109	 -0.137854	 -0.469249	 0.098919
84.76	 -0.121694	 0.00307206	 3.22669	 -0.137629	 -0.477095	 0.0994021
84.78	 -0.123766	 0.00309386	 3.22219	 -0.137406	 -0.484879	 0.0998742
84.8	 -0.125834	 0.00311422	 3.21759	 -0.137185	 -0.4926	 0.100334
84.82	 -0.127898	 0.00313312	 3.2129	 -0.136966	 -0.500259	 0.100781
84.84	 -0.129957	 0.00315057	 3.2081	 -0.136749	 -0.507854	 0.101214
84.86	 -0.132012	 0.00316656	 3.2032	 -0.136536	 -0.515386	 0.101631
84.88	 -0.134062	 0.00318108	 3.1982	 -0.136326	 -0.522854	 0.102032
84.9	 -0.136107	 0.00319413	 3.1931	 -0.136119	 -0.530257	 0.102416
84.92	 -0.138147	 0.00320572	 3.1879	 -0.135916	 -0.537596	 0.102782
84.94	 -0.140181	 0.00321584	 3.1826	 -0.135718	 -0.54487	 0.103128
84.96	 -0.14221	 0.00322451	 3.1772	 -0.135524	 -0.552079	 0.103455
84.98	 -0.144234	 0.00323173	 3.1717	 -0.135334	 -0.559222	 0.103762
85	 -0.146251	 0.00323751	 3.1661	 -0.13515	 -0.5663	 0.104047
85.02	 -0.148262	 0.00324186	 3.16039	 -0.134972	 -0.573313	 0.104311
85.04	 -0.150267	 0.00324481	 3.15459	 -0.134799	 -0.58026	 0.104552
85.06	 -0.152265	 0.00324638	 3.14868	 -0.134633	 -0.587142	 0.104771
85.08	 -0.154257	 0.00324658	 3.14267	 -0.134473	 -0.593959	 0.104965
85.1	 -0.156241	 0.00324545	 3.13656	 -0.13432	 -0.600711	 0.105137
85.12	 -0.158218	 0.003243	 3.13034	 -0.134174	 -0.607399	 0.105283
85.14	 -0.160188	 0.00323928	 3.12402	 -0.134036	 -0.614022	 0.105406
85.16	 -0.16215	 0.00323429	 3.1176	 -0.133905	 -0.620581	 0.105504
85.18	 -0.164104	 0.00322809	 3.11108	 -0.133783	 -0.627076	 0.105577
85.2	 -0.166049	 0.0032207	 3.10445	 -0.133669	 -0.633508	 0.105625
85.22	 -0.167986	 0.00321215	 3.09772	 -0.133564	 -0.639877	 0.105648
85.24	 -0.169914	 0.0032025	 3.09089	 -0.133468	 -0.646184	 0.105645
85.26	 -0.171833	 0.00319177	 3.08395	 -0.133381	 -0.652428	 0.105619
85.28	 -0.173743	 0.00318	 3.07691	 -0.133303	 -0.658612	 0.105567
85.3	 -0.175643	 0.00316725	 3.06977	 -0.133236	 -0.664734	 0.105491
85.32	 -0.177532	 0.00315355	 3.06252	 -0.133178	 -0.670796	 0.10539
85.34	 -0.179412	 0.00313894	 3.05517	 -0.133131	 -0.676798	 0.105265
85.36	 -0.181281	 0.00312348	 3.04771	 -0.133094	 -0.682742	 0.105117
85.38	 -0.183139	 0.00310719	 3.04016	 -0.133068	 -0.688627	 0.104945
85.4	 -0.184986	 0.00309014	 3.03249	 -0.133053	 -0.694454	 0.104751
85.42	 -0.186821	 0.00307235	 3.02473	 -0.133049	 -0.700224	 0.104534
85.44	 -0.188645	 0.00305388	 3.01686	 -0.133056	 -0.705937	 0.104296
85.46	 -0.190456	 0.00303477	 3.00889	 -0.133074	 -0.711595	 0.104037
85.48	 -0.192255	 0.00301507	 3.00081	 -0.133104	 -0.717198	 0.103757
85.5	 -0.194041	 0.00299481	 2.99263	 -0.133146	 -0.722747	 0.103458
85.52	 -0.195814	 0.00297405	 2.98435	 -0.133199	 -0.728242	 0.10314
85.54	 -0.197573	 0.00295282	 2.97597	 -0.133264	 -0.733684	 0.102805
85.56	 -0.199318	 0.00293117	 2.96748	 -0.133341	 -0.739075	 0.102452
85.58	 -0.201049	 0.00290913	 2.9589	 -0.13343	 -0.744414	 0.102082
85.6	 -0.202766	 0.00288675	 2.95021	 -0.13353	 -0.749703	 0.101698
85.62	 -0.204467	 0.00286408	 2.94143	 -0.133643	 -0.754942	 0.1013
85.64	 -0.206154	 0.00284114	 2.93254	 -0.133767	 -0.760132	 0.100888
85.66	 -0.207824	 0.00281798	 2.92355	 -0.133903	 -0.765273	 0.100464
85.68	 -0.209478	 0.00279465	 2.91447	 -0.13405	 -0.770368	 0.100029
85.7	 -0.211116	 0.00277116	 2.90529	 -0.134209	 -0.775415	 0.0995835
85.72	 -0.212737	 0.00274757	 2.89601	 -0.13438	 -0.780416	 0.0991295
85.74	 -0.214341	 0.00272391	 2.88663	 -0.134561	 -0.785372	 0.0986678
85.76	 -0.215928	 0.0027002	 2.87716	 -0.134754	 -0.790283	 0.0981996
85.78	 -0.217496	 0.00267648	 2.86759	 -0.134958	 -0.79515	 0.0977259
85.8	 -0.219046	 0.00265278	 2.85793	 -0.135172	 -0.799974	 0.0972481
85.82	 -0.220578	 0.00262912	 2.84818	 -0.135396	 -0.804755	 0.0967673
85.84	 -0.22209	 0.00260554	 2.83833	 -0.135631	 -0.809494	 0.0962847
85.86	 -0.223583	 0.00258206	 2.82839	 -0.135876	 -0.814192	 0.0958014
85.88	 -0.225057	 0.0025587	 2.81837	 -0.13613	 -0.818849	 0.0953188
85.9	 -0.22651	 0.0025355	 2.80825	 -0.136393	 -0.823466	 0.0948379
85.92	 -0.227942	 0.00251247	 2.79805	 -0.136665	 -0.828044	 0.09436
85.94	 -0.229354	 0.00248964	 2.78776	 -0.136946	 -0.832583	 0.0938863
85.96	 -0.230744	 0.00246703	 2.77738	 -0.137236	 -0.837084	 0.0934178
85.98	 -0.232113	 0.00244466	 2.76693	 -0.137533	 -0.841547	 0.0929557
86	 -0.233459	 0.00242255	 2.75638	 -0.137838	 -0.845973	 0.0925012
86.02	 -0.234784	 0.0024007	 2.74576	 -0.13815	 -0.850362	 0.0920554
86.04	 -0.236085	 0.00237914	 2.73506	 -0.138469	 -0.854715	 0.0916194
86.06	 -0.237364	 0.00235787	 2.72428	 -0.138794	 -0.859032	 0.0911943
86.08	 -0.238619	 0.00233691	 2.71342	 -0.139125	 -0.863313	 0.0907811
86.1	 -0.239851	 0.00231627	 2.70249	 -0.139462	 -0.867559	 0.0903809
86.12	 -0.241058	 0.00229596	 2.69148	 -0.139804	 -0.871771	 0.0899945
86.14	 -0.242241	 0.00227598	 2.6804	 -0.14015	 -0.875948	 0.089623
86.16	 -0.243399	 0.00225636	 2.66926	 -0.140501	 -0.880091	 0.0892672
86.18	 -0.244533	 0.00223709	 2.65804	 -0.140855	 -0.8842	 0.088928
86.2	 -0.24564	 0.0022182	 2.64675	 -0.141212	 -0.888275	 0.0886063
86.22	 -0.246723	 0.00219968	 2.6354	 -0.141573	 -0.892316	 0.0883027
86.24	 -0.247779	 0.00218155	 2.62399	 -0.141936	 -0.896324	 0.0880181
86.26	 -0.248809	 0.0021638	 2.61251	 -0.1423	 -0.900298	 0.0877531
86.28	 -0.249813	 0.00214645	 2.60097	 -0.142667	 -0.90424	 0.0875083
86.3	 -0.25079	 0.0021295	 2.58938	 -0.143034	 -0.908148	 0.0872843
86.32	 -0.251739	 0.00211295	 2.57772	 -0.143402	 -0.912023	 0.0870817
86.34	 -0.252662	 0.0020968	 2.56602	 -0.14377	 -0.915864	 0.0869009
86.36	 -0.253557	 0.00208106	 2.55425	 -0.144138	 -0.919672	 0.0867424
86.38	 -0.254424	 0.00206573	 2.54244	 -0.144506	 -0.923447	 0.0866066
86.4	 -0.255263	 0.00205081	 2.53058	 -0.144872	 -0.927188	 0.0864938
86.42	 -0.256073	 0.0020363	 2.51867	 -0.145237	 -0.930895	 0.0864042
86.44	 -0.256856	 0.00202221	 2.50672	 -0.145599	 -0.934568	 0.0863382
86.46	 -0.257609	 0.00200853	 2.49472	 -0.145959	 -0.938206	 0.0862959
86.48	 -0.258334	 0.00199526	 2.48268	 -0.146317	 -0.941811	 0.0862774
86.5	 -0.25903	 0.0019824	 2.47059	 -0.14667	 -0.94538	 0.0862828
86.52	 -0.259696	 0.00196996	 2.45848	 -0.147021	 -0.948914	 0.086312
86.54	 -0.260333	 0.00195793	 2.44632	 -0.147367	 -0.952412	 0.0863652
86.56	 -0.260941	 0.00194631	 2.43413	 -0.147708	 -0.955875	 0.0864421
86.58	 -0.261519	 0.0019351	 2.42191	 -0.148045	 -0.9593	 0.0865425
86.6	 -0.262067	 0.0019243	 2.40965	 -0.148376	 -0.962689	 0.0866663
86.62	 -0.262585	 0.00191392	 2.39737	 -0.148702	 -0.96604	 0.0868132
86.64	 -0.263073	 0.00190396	 2.38506	 -0.149022	 -0.969352	 0.0869828
86.66	 -0.263532	 0.0018944	 2.37273	 -0.149335	 -0.972626	 0.0871749
86.68	 -0.263959	 0.00188527	 2.36037	 -0.149642	 -0.975861	 0.0873889
86.7	 -0.264357	 0.00187655	 2.34799	 -0.149942	 -0.979055	 0.0876245
86.72	 -0.264724	 0.00186824	 2.33559	 -0.150234	 -0.982208	 0.0878811
86.74	 -0.265061	 0.00186036	 2.32318	 -0.15052	 -0.98532	 0.0881582
86.76	 -0.265368	 0.0018529	 2.31075	 -0.150797	 -0.988389	 0.0884551
86.78	 -0.265644	 0.00184586	 2.2983	 -0.151066	 -0.991415	 0.0887712
86.8	 -0.26589	 0.00183925	 2.28584	 -0.151327	 -0.994397	 0.0891059
86.82	 -0.266105	 0.00183307	 2.27337	 -0.15158	 -0.997334	 0.0894584
86.84	 -0.26629	 0.00182732	 2.26089	 -0.151824	 -1.00023	 0.0898279
86.86	 -0.266444	 0.00182201	 2.24841	 -0.152059	 -1.00307	 0.0902136
86.88	 -0.266568	 0.00181715	 2.23592	 -0.152285	 -1.00587	 0.0906147
86.9	 -0.266662	 0.00181273	 2.22342	 -0.152502	 -1.00861	 0.0910303
86.92	 -0.266725	 0.00180876	 2.21092	 -0.15271	 -1.01131	 0.0914596
86.94	 -0.266758	 0.00180526	 2.19842	 -0.152908	 -1.01396	 0.0919015
86.96	 -0.266761	 0.00180222	 2.18592	 -0.153097	 -1.01656	 0.0923552
86.98	 -0.266734	 0.00179965	 2.17343	 -0.153276	 -1.0191	 0.0928197
87	 -0.266677	 0.00179755	 2.16094	 -0.153446	 -1.02159	 0.093294
87.02	 -0.26659	 0.00179595	 2.14845	 -0.153605	 -1.02402	 0.0937771
87.04	 -0.266473	 0.00179483	 2.13597	 -0.153755	 -1.02639	 0.094268
87.06	 -0.266327	 0.00179421	 2.1235	 -0.153895	 -1.02871	 0.0947657
87.08	 -0.266151	 0.00179409	 2.11103	 -0.154026	 -1.03097	 0.095269
87.1	 -0.265946	 0.00179449	 2.09858	 -0.154146	 -1.03317	 0.0957769
87.12	 -0.265711	 0.0017954	 2.08614	 -0.154257	 -1.03531	 0.0962884
87.14	 -0.265448	 0.00179685	 2.07372	 -0.154358	 -1.03738	 0.0968023
87.16	 -0.265156	 0.00179883	 2.06131	 -0.154449	 -1.03939	 0.0973176
87.18	 -0.264835	 0.00180135	 2.04891	 -0.154531	 -1.04133	 0.0978331
87.2	 -0.264485	 0.00180443	 2.03653	 -0.154603	 -1.04321	 0.0983479
87.22	 -0.264108	 0.00180806	 2.02417	 -0.154666	 -1.04502	 0.0988609
87.24	 -0.263702	 0.00181227	 2.01184	 -0.15472	 -1.04675	 0.0993709
87.26	 -0.263269	 0.00181706	 1.99952	 -0.154764	 -1.04842	 0.099877
87.28	 -0.262807	 0.00182243	 1.98722	 -0.154799	 -1.05001	 0.100378
87.3	 -0.262319	 0.0018284	 1.97495	 -0.154826	 -1.05153	 0.100873
87.32	 -0.261803	 0.00183497	 1.9627	 -0.154844	 -1.05297	 0.101361
87.34	 -0.26126	 0.00184215	 1.95048	 -0.154853	 -1.05434	 0.101841
87.36	 -0.260691	 0.00184994	 1.93828	 -0.154854	 -1.05562	 0.102312
87.38	 -0.260095	 0.00185836	 1.92611	 -0.154847	 -1.05683	 0.102773
87.4	 -0.259473	 0.0018674	 1.91397	 -0.154832	 -1.05795	 0.103224
87.42	 -0.258825	 0.00187708	 1.90186	 -0.154809	 -1.05899	 0.103663
87.44	 -0.258152	 0.0018874	 1.88978	 -0.154778	 -1.05994	 0.104089
87.46	 -0.257453	 0.00189837	 1.87773	 -0.154741	 -1.0608	 0.104502
87.48	 -0.256729	 0.00190999	 1.86571	 -0.154696	 -1.06158	 0.1049
87.5	 -0.25598	 0.00192226	 1.85372	 -0.154645	 -1.06226	 0.105284
87.52	 -0.255206	 0.00193518	 1.84177	 -0.154587	 -1.06285	 0.105652
87.54	 -0.254408	 0.00194877	 1.82986	 -0.154523	 -1.06335	 0.106004
87.56	 -0.253586	 0.00196301	 1.81798	 -0.154453	 -1.06376	 0.106339
87.58	 -0.252741	 0.00197791	 1.80613	 -0.154377	 -1.06406	 0.106656
87.6	 -0.251872	 0.00199347	 1.79433	 -0.154296	 -1.06427	 0.106955
87.62	 -0.250979	 0.00200969	 1.78256	 -0.15421	 -1.06437	 0.107235
87.64	 -0.250064	 0.00202656	 1.77083	 -0.154119	 -1.06438	 0.107496
87.66	 -0.249127	 0.00204408	 1.75914	 -0.154024	 -1.06427	 0.107738
87.68	 -0.248167	 0.00206226	 1.74749	 -0.153924	 -1.06407	 0.10796
87.7	 -0.247184	 0.00208109	 1.73589	 -0.153821	 -1.06375	 0.108161
87.72	 -0.246181	 0.00210055	 1.72432	 -0.153714	 -1.06333	 0.108342
87.74	 -0.245155	 0.00212065	 1.7128	 -0.153603	 -1.06279	 0.108502
87.76	 -0.244109	 0.00214138	 1.70132	 -0.15349	 -1.06214	 0.108641
87.78	 -0.243042	 0.00216272	 1.68989	 -0.153374	 -1.06138	 0.108758
87.8	 -0.241954	 0.00218467	 1.6785	 -0.153256	 -1.0605	 0.108855
87.82	 -0.240846	 0.00220723	 1.66716	 -0.153136	 -1.0595	 0.10893
87.84	 -0.239718	 0.00223037	 1.65586	 -0.153014	 -1.05838	 0.108983
87.86	 -0.23857	 0.00225408	 1.64462	 -0.152891	 -1.05714	 0.109016
87.88	 -0.237402	 0.00227836	 1.63342	 -0.152766	 -1.05578	 0.109027
87.9	 -0.236216	 0.00230317	 1.62227	 -0.152641	 -1.0543	 0.109017
87.92	 -0.23501	 0.00232852	 1.61117	 -0.152515	 -1.05268	 0.108986
87.94	 -0.233786	 0.00235438	 1.60012	 -0.152389	 -1.05094	 0.108934
87.96	 -0.232543	 0.00238073	 1.58912	 -0.152264	 -1.04907	 0.108862
87.98	 -0.231282	 0.00240756	 1.57817	 -0.152139	 -1.04707	 0.108769
88	 -0.230004	 0.00243484	 1.56728	 -0.152014	 -1.04493	 0.108657
88.02	 -0.228707	 0.00246256	 1.55645	 -0.151891	 -1.04266	 0.108526
88.04	 -0.227393	 0.00249068	 1.54566	 -0.151768	 -1.04026	 0.108375
88.06	 -0.226062	 0.0025192	 1.53494	 -0.151648	 -1.03772	 0.108207
88.08	 -0.224715	 0.00254808	 1.52427	 -0.151529	 -1.03503	 0.10802
88.1	 -0.22335	 0.0025773	 1.51365	 -0.151412	 -1.03221	 0.107816
88.12	 -0.221969	 0.00260683	 1.5031	 -0.151298	 -1.02925	 0.107595
88.14	 -0.220572	 0.00263665	 1.49261	 -0.151187	 -1.02614	 0.107358
88.16	 -0.219158	 0.00266673	 1.48217	 -0.151078	 -1.02289	 0.107106
88.18	 -0.217729	 0.00269705	 1.4718	 -0.150973	 -1.01949	 0.106838
88.2	 -0.216284	 0.00272757	 1.46149	 -0.15087	 -1.01595	 0.106557
88.22	 -0.214824	 0.00275827	 1.45125	 -0.150772	 -1.01225	 0.106263
88.24	 -0.213348	 0.00278911	 1.44107	 -0.150678	 -1.00841	 0.105956
88.26	 -0.211858	 0.00282007	 1.43095	 -0.150587	 -1.00441	 0.105637
88.28	 -0.210353	 0.00285112	 1.4209	 -0.150501	 -1.00027	 0.105308
88.3	 -0.208833	 0.00288222	 1.41092	 -0.15042	 -0.995967	 0.104968
88.32	 -0.207298	 0.00291334	 1.401	 -0.150343	 -0.991513	 0.10462
88.34	 -0.205749	 0.00294446	 1.39116	 -0.150271	 -0.986902	 0.104263
88.36	 -0.204187	 0.00297553	 1.38139	 -0.150205	 -0.982136	 0.103899
88.38	 -0.20261	 0.00300652	 1.37169	 -0.150143	 -0.977212	 0.103529
88.4	 -0.201019	 0.00303741	 1.36206	 -0.150088	 -0.972129	 0.103154
88.42	 -0.199415	 0.00306815	 1.35251	 -0.150038	 -0.966887	 0.102774
88.44	 -0.197797	 0.00309871	 1.34303	 -0.149994	 -0.961485	 0.10239
88.46	 -0.196166	 0.00312907	 1.33363	 -0.149956	 -0.955923	 0.102004
88.48	 -0.194521	 0.00315918	 1.32431	 -0.149924	 -0.950199	 0.101617
88.5	 -0.192864	 0.00318901	 1.31506	 -0.149899	 -0.944312	 0.101229
88.52	 -0.191193	 0.00321853	 1.3059	 -0.14988	 -0.938263	 0.100841
88.54	 -0.18951	 0.00324771	 1.29682	 -0.149868	 -0.932051	 0.100455
88.56	 -0.187814	 0.00327652	 1.28782	 -0.149862	 -0.925675	 0.100071
88.58	 -0.186105	 0.00330491	 1.27891	 -0.149863	 -0.919134	 0.0996901
88.6	 -0.184384	 0.00333286	 1.27008	 -0.149871	 -0.912429	 0.0993137
88.62	 -0.18265	 0.00336034	 1.26134	 -0.149886	 -0.90556	 0.0989425
88.64	 -0.180904	 0.00338731	 1.25269	 -0.149909	 -0.898524	 0.0985774
88.66	 -0.179146	 0.00341375	 1.24413	 -0.149938	 -0.891324	 0.0982193
88.68	 -0.177376	 0.00343963	 1.23566	 -0.149975	 -0.883958	 0.0978691
88.7	 -0.175594	 0.00346491	 1.22728	 -0.150019	 -0.876427	 0.0975276
88.72	 -0.1738	 0.00348957	 1.21899	 -0.15007	 -0.86873	 0.0971958
88.74	 -0.171995	 0.00351358	 1.2108	 -0.150129	 -0.860868	 0.0968745
88.76	 -0.170177	 0.00353691	 1.20271	 -0.150196	 -0.85284	 0.0965644
88.78	 -0.168348	 0.00355954	 1.19472	 -0.15027	 -0.844648	 0.0962664
88.8	 -0.166508	 0.00358145	 1.18682	 -0.150351	 -0.83629	 0.0959812
88.82	 -0.164656	 0.0036026	 1.17903	 -0.150441	 -0.827769	 0.0957095
88.84	 -0.162793	 0.00362299	 1.17134	 -0.150538	 -0.819083	 0.0954521
88.86	 -0.160919	 0.00364257	 1.16375	 -0.150642	 -0.810234	 0.0952096
88.88	 -0.159033	 0.00366135	 1.15627	 -0.150755	 -0.801222	 0.0949826
88.9	 -0.157137	 0.00367929	 1.1489	 -0.150875	 -0.792048	 0.0947718
88.92	 -0.155229	 0.00369638	 1.14163	 -0.151003	 -0.782712	 0.0945778
88.94	 -0.153311	 0.0037126	 1.13448	 -0.151139	 -0.773216	 0.094401
88.96	 -0.151382	 0.00372793	 1.12743	 -0.151283	 -0.763561	 0.094242
88.98	 -0.149442	 0.00374237	 1.1205	 -0.151434	 -0.753746	 0.0941013
89	 -0.147492	 0.00375589	 1.11368	 -0.151594	 -0.743774	 0.0939791
89.02	 -0.145531	 0.00376848	 1.10697	 -0.151761	 -0.733645	 0.093876
89.04	 -0.143559	 0.00378014	 1.10039	 -0.151935	 -0.723361	 0.0937923
89.06	 -0.141577	 0.00379085	 1.09392	 -0.152118	 -0.712923	 0.0937282
89.08	 -0.139585	 0.00380061	 1.08757	 -0.152308	 -0.702333	 0.0936841
89.1	 -0.137583	 0.00380941	 1.08134	 -0.152505	 -0.691591	 0.0936601
89.12	 -0.135571	 0.00381725	 1.07523	 -0.15271	 -0.680699	 0.0936564
89.14	 -0.133549	 0.00382411	 1.06925	 -0.152922	 -0.669659	 0.0936731
89.16	 -0.131517	 0.00383001	 1.06339	 -0.153142	 -0.658473	 0.0937104
89.18	 -0.129475	 0.00383494	 1.05766	 -0.153369	 -0.647142	 0.0937682
89.2	 -0.127424	 0.00383889	 1.05205	 -0.153604	 -0.635668	 0.0938466
89.22	 -0.125363	 0.00384188	 1.04657	 -0.153845	 -0.624054	 0.0939455
89.24	 -0.123293	 0.0038439	 1.04123	 -0.154094	 -0.6123	 0.0940648
89.26	 -0.121213	 0.00384497	 1.03601	 -0.154349	 -0.600409	 0.0942044
89.28	 -0.119125	 0.00384508	 1.03092	 -0.154611	 -0.588384	 0.0943641
89.3	 -0.117027	 0.00384424	 1.02597	 -0.15488	 -0.576226	 0.0945437
89.32	 -0.114921	 0.00384247	 1.02116	 -0.155156	 -0.563938	 0.094743
89.34	 -0.112806	 0.00383978	 1.01647	 -0.155438	 -0.551522	 0.0949616
89.36	 -0.110682	 0.00383617	 1.01193	 -0.155727	 -0.53898	 0.0951993
89.38	 -0.10855	 0.00383166	 1.00752	 -0.156022	 -0.526316	 0.0954555
89.4	 -0.10641	 0.00382627	 1.00325	 -0.156324	 -0.513532	 0.0957301
89.42	 -0.104261	 0.00382001	 0.999124	 -0.156631	 -0.500631	 0.0960224
89.44	 -0.102105	 0.00381291	 0.995135	 -0.156944	 -0.487614	 0.096332
89.46	 -0.0999408	 0.00380497	 0.991287	 -0.157264	 -0.474486	 0.0966585
89.48	 -0.0977691	 0.00379622	 0.987582	 -0.157589	 -0.46125	 0.0970012
89.5	 -0.09559	 0.00378669	 0.984019	 -0.15792	 -0.447907	 0.0973595
89.52	 -0.0934037	 0.00377638	 0.9806	 -0.158256	 -0.434461	 0.097733
89.54	 -0.0912103	 0.00376533	 0.977326	 -0.158597	 -0.420916	 0.0981209
89.56	 -0.0890102	 0.00375357	 0.974197	 -0.158944	 -0.407275	 0.0985225
89.58	 -0.0868035	 0.0037411	 0.971214	 -0.159296	 -0.39354	 0.0989372
89.6	 -0.0845903	 0.00372797	 0.968377	 -0.159653	 -0.379715	 0.0993642
89.62	 -0.082371	 0.00371419	 0.965688	 -0.160014	 -0.365804	 0.0998028
89.64	 -0.0801457	 0.0036998	 0.963146	 -0.16038	 -0.35181	 0.100252
89.66	 -0.0779147	 0.00368482	 0.960753	 -0.16075	 -0.337737	 0.100712
89.68	 -0.0756783	 0.00366927	 0.958508	 -0.161125	 -0.323588	 0.10118
89.7	 -0.0734365	 0.00365319	 0.956412	 -0.161503	 -0.309367	 0.101657
89.72	 -0.0711898	 0.00363661	 0.954465	 -0.161885	 -0.295077	 0.102141
89.74	 -0.0689383	 0.00361955	 0.952669	 -0.162271	 -0.280723	 0.102632
89.76	 -0.0666824	 0.00360205	 0.951022	 -0.16266	 -0.266308	 0.103129
89.78	 -0.0644222	 0.00358413	 0.949526	 -0.163053	 -0.251835	 0.103631
89.8	 -0.0621581	 0.00356583	 0.948181	 -0.163448	 -0.23731	 0.104136
89.82	 -0.0598903	 0.00354717	 0.946986	 -0.163846	 -0.222736	 0.104645
89.84	 -0.0576192	 0.0035282	 0.945942	 -0.164247	 -0.208117	 0.105155
89.86	 -0.0553449	 0.00350894	 0.945049	 -0.16465	 -0.193458	 0.105667
89.88	 -0.0530678	 0.00348943	 0.944307	 -0.165055	 -0.178762	 0.106179
89.9	 -0.0507883	 0.00346971	 0.943716	 -0.165462	 -0.164034	 0.10669
89.92	 -0.0485065	 0.00344979	 0.943276	 -0.165871	 -0.149278	 0.1072
89.94	 -0.0462229	 0.00342973	 0.942986	 -0.166281	 -0.134498	 0.107707
89.96	 -0.0439377	 0.00340954	 0.942847	 -0.166693	 -0.119699	 0.108211
89.98	 -0.0416512	 0.00338927	 0.942859	 -0.167105	 -0.104886	 0.10871
90	 -0.0393639	 0.00336895	 0.94302	 -0.167519	 -0.0900631	 0.109204
90.02	 -0.0370759	 0.0033486	 0.943332	 -0.167933	 -0.0752345	 0.109692
90.04	 -0.0347877	 0.00332825	 0.943793	 -0.168348	 -0.0604049	 0.110173
90.06	 -0.0324996	 0.00330795	 0.944404	 -0.168762	 -0.0455791	 0.110646
90.08	 -0.0302119	 0.0032877	 0.945163	 -0.169177	 -0.0307615	 0.11111
90.1	 -0.0279249	 0.00326755	 0.946071	 -0.169591	 -0.0159568	 0.111565
90.12	 -0.025639	 0.00324753	 0.947127	 -0.170004	 -0.00116978	 0.11201
90.14	 -0.0233546	 0.00322765	 0.94833	 -0.170416	 0.013595	 0.112443
90.16	 -0.0210719	 0.00320794	 0.94968	 -0.170827	 0.0283329	 0.112864
90.18	 -0.0187914	 0.00318844	 0.951176	 -0.171236	 0.0430392	 0.113273
90.2	 -0.0165133	 0.00316916	 0.952818	 -0.171644	 0.0577092	 0.113669
90.22	 -0.0142381	 0.00315013	 0.954606	 -0.172049	 0.0723382	 0.11405
90.24	 -0.011966	 0.00313138	 0.956537	 -0.172451	 0.0869216	 0.114417
90.26	 -0.00969747	 0.00311292	 0.958613	 -0.17285	 0.101455	 0.114768
90.28	 -0.00743276	 0.00309477	 0.960831	 -0.173246	 0.115933	 0.115104
90.3	 -0.00517225	 0.00307695	 0.963192	 -0.173639	 0.130351	 0.115423
90.32	 -0.00291627	 0.00305949	 0.965694	 -0.174027	 0.144706	 0.115724
90.34	 -0.000665174	 0.00304239	 0.968336	 -0.174411	 0.158992	 0.116009
90.36	 0.00158071	 0.00302566	 0.971119	 -0.17479	 0.173205	 0.116275
90.38	 0.00382106	 0.00300934	 0.97404	 -0.175165	 0.187341	 0.116523
90.4	 0.00605553	 0.00299342	 0.977099	 -0.175533	 0.201395	 0.116752
90.42	 0.0082838	 0.00297792	 0.980296	 -0.175897	 0.215362	 0.116962
90.44	 0.0105056	 0.00296286	 0.983628	 -0.176254	 0.22924	 0.117153
90.46	 0.0127205	 0.00294824	 0.987096	 -0.176604	 0.243022	 0.117324
90.48	 0.0149283	 0.00293408	 0.990698	 -0.176948	 0.256707	 0.117474
90.5	 0.0171286	 0.00292039	 0.994433	 -0.177286	 0.270288	 0.117605
90.52	 0.0193212	 0.00290718	 0.998301	 -0.177615	 0.283763	 0.117715
90.54	 0.0215057	 0.00289446	 1.0023	 -0.177938	 0.297127	 0.117805
90.56	 0.0236819	 0.00288223	 1.00643	 -0.178252	 0.310377	 0.117875
90.58	 0.0258494	 0.0028705	 1.01069	 -0.178559	 0.323508	 0.117924
90.6	 0.0280081	 0.00285928	 1.01507	 -0.178857	 0.336517	 0.117952
90.62	 0.0301576	 0.00284858	 1.01958	 -0.179147	 0.349401	 0.11796
90.64	 0.0322976	 0.0028384	 1.02422	 -0.179427	 0.362154	 0.117947
90.66	 0.0344279	 0.00282873	 1.02899	 -0.179699	 0.374775	 0.117915
90.68	 0.0365483	 0.0028196	 1.03387	 -0.179962	 0.38726	 0.117862
90.7	 0.0386585	 0.00281099	 1.03888	 -0.180215	 0.399604	 0.11779
90.72	 0.0407582	 0.00280292	 1.04401	 -0.180459	 0.411806	 0.117698
90.74	 0.0428473	 0.00279538	 1.04927	 -0.180692	 0.423861	 0.117587
90.76	 0.0449256	 0.00278837	 1.05464	 -0.180916	 0.435766	 0.117457
90.78	 0.0469927	 0.00278188	 1.06013	 -0.181129	 0.44752	 0.117308
90.8	 0.0490485	 0.00277593	 1.06573	 -0.181331	 0.459118	 0.117141
90.82	 0.0510929	 0.0027705	 1.07145	 -0.181523	 0.470558	 0.116957
90.84	 0.0531256	 0.00276558	 1.07729	 -0.181704	 0.481838	 0.116755
90.86	 0.0551465	 0.00276118	 1.08324	 -0.181873	 0.492955	 0.116537
90.88	 0.0571554	 0.00275728	 1.08931	 -0.182031	 0.503907	 0.116302
90.9	 0.0591522	 0.00275388	 1.09548	 -0.182177	 0.514691	 0.116051
90.92	 0.0611366	 0.00275097	 1.10177	 -0.182311	 0.525306	 0.115786
90.94	 0.0631086	 0.00274853	 1.10816	 -0.182433	 0.53575	 0.115506
90.96	 0.0650681	 0.00274657	 1.11466	 -0.182543	 0.54602	 0.115213
90.98	 0.0670148	 0.00274506	 1.12127	 -0.18264	 0.556115	 0.114906
91	 0.0689488	 0.002744	 1.12799	 -0.182724	 0.566032	 0.114587
91.02	 0.0708698	 0.00274338	 1.13481	 -0.182795	 0.575772	 0.114256
91.04	 0.0727778	 0.00274319	 1.14174	 -0.182853	 0.585332	 0.113915
91.06	 0.0746727	 0.00274343	 1.14877	 -0.182898	 0.59471	 0.113563
91.08	 0.0765545	 0.00274406	 1.1559	 -0.18293	 0.603907	 0.113202
91.1	 0.078423	 0.0027451	 1.16313	 -0.182948	 0.61292	 0.112832
91.12	 0.0802781	 0.00274652	 1.17046	 -0.182952	 0.621749	 0.112455
91.14	 0.0821199	 0.00274831	 1.1779	 -0.182943	 0.630393	 0.112071
91.16	 0.0839482	 0.00275045	 1.18543	 -0.182919	 0.638852	 0.111681
91.18	 0.085763	 0.00275294	 1.19305	 -0.182882	 0.647125	 0.111285
91.2	 0.0875643	 0.00275576	 1.20078	 -0.182831	 0.65521	 0.110886
91.22	 0.089352	 0.00275889	 1.2086	 -0.182766	 0.663109	 0.110483
91.24	 0.091126	 0.00276234	 1.21651	 -0.182687	 0.670821	 0.110077
91.26	 0.0928864	 0.0027661	 1.22452	 -0.182594	 0.678345	 0.10967
91.28	 0.0946332	 0.00277014	 1.23262	 -0.182488	 0.685682	 0.109261
91.3	 0.0963662	 0.00277448	 1.24081	 -0.182367	 0.692832	 0.108853
91.32	 0.0980856	 0.00277909	 1.24909	 -0.182233	 0.699796	 0.108446
91.34	 0.0997912	 0.00278397	 1.25747	 -0.182086	 0.706573	 0.10804
91.36	 0.101483	 0.00278911	 1.26593	 -0.181924	 0.713164	 0.107637
91.38	 0.103161	 0.0027945	 1.27448	 -0.18175	 0.719569	 0.107237
91.4	 0.104826	 0.00280013	 1.28312	 -0.181562	 0.72579	 0.106841
91.42	 0.106477	 0.002806	 1.29184	 -0.181361	 0.731828	 0.10645
91.44	 0.108114	 0.00281209	 1.30066	 -0.181147	 0.737682	 0.106065
91.46	 0.109737	 0.00281839	 1.30955	 -0.180921	 0.743355	 0.105687
91.48	 0.111346	 0.00282491	 1.31853	 -0.180681	 0.748846	 0.105316
91.5	 0.112942	 0.00283163	 1.3276	 -0.180429	 0.754158	 0.104953
91.52	 0.114524	 0.00283854	 1.33675	 -0.180165	 0.759291	 0.104598
91.54	 0.116092	 0.00284564	 1.34598	 -0.179889	 0.764247	 0.104253
91.56	 0.117647	 0.00285292	 1.35529	 -0.179601	 0.769027	 0.103918
91.58	 0.119188	 0.00286037	 1.36468	 -0.179301	 0.773632	 0.103594
91.6	 0.120715	 0.002868	 1.37415	 -0.17899	 0.778064	 0.103282
91.62	 0.122228	 0.00287578	 1.38371	 -0.178668	 0.782325	 0.102981
91.64	 0.123727	 0.00288373	 1.39334	 -0.178334	 0.786417	 0.102693
91.66	 0.125212	 0.00289183	 1.40304	 -0.177991	 0.79034	 0.102418
91.68	 0.126684	 0.00290008	 1.41283	 -0.177637	 0.794097	 0.102157
91.7	 0.128142	 0.00290848	 1.42269	 -0.177273	 0.79769	 0.101909
91.72	 0.129585	 0.00291703	 1.43263	 -0.176899	 0.80112	 0.101677
91.74	 0.131015	 0.00292572	 1.44264	 -0.176516	 0.804389	 0.101459
91.76	 0.132431	 0.00293455	 1.45273	 -0.176124	 0.8075	 0.101256
91.78	 0.133832	 0.00294353	 1.46289	 -0.175724	 0.810454	 0.101069
91.8	 0.13522	 0.00295264	 1.47312	 -0.175315	 0.813254	 0.100898
91.82	 0.136593	 0.00296189	 1.48343	 -0.174899	 0.815901	 0.100743
91.84	 0.137952	 0.00297128	 1.4938	 -0.174475	 0.818398	 0.100604
91.86	 0.139296	 0.0029808	 1.50425	 -0.174044	 0.820747	 0.100482
91.88	 0.140626	 0.00299046	 1.51477	 -0.173606	 0.822949	 0.100377
91.9	 0.141942	 0.00300026	 1.52535	 -0.173162	 0.825008	 0.100288
91.92	 0.143242	 0.00301018	 1.53601	 -0.172712	 0.826924	 0.100217
91.94	 0.144528	 0.00302025	 1.54673	 -0.172257	 0.828702	 0.100162
91.96	 0.145799	 0.00303045	 1.55752	 -0.171797	 0.830342	 0.100124
91.98	 0.147055	 0.00304078	 1.56837	 -0.171332	 0.831848	 0.100103
92	 0.148296	 0.00305125	 1.57929	 -0.170863	 0.83322	 0.100098
92.02	 0.149521	 0.00306185	 1.59027	 -0.170391	 0.834462	 0.10011
92.04	 0.150731	 0.00307258	 1.60132	 -0.169915	 0.835576	 0.100139
92.06	 0.151925	 0.00308344	 1.61243	 -0.169437	 0.836564	 0.100183
92.08	 0.153103	 0.00309443	 1.6236	 -0.168956	 0.837428	 0.100244
92.1	 0.154265	 0.00310555	 1.63483	 -0.168473	 0.838171	 0.10032
92.12	 0.155411	 0.0031168	 1.64612	 -0.167989	 0.838794	 0.100411
92.14	 0.15654	 0.00312818	 1.65747	 -0.167504	 0.839301	 0.100518
92.16	 0.157652	 0.00313968	 1.66887	 -0.167018	 0.839692	 0.100639
92.18	 0.158748	 0.0031513	 1.68034	 -0.166533	 0.83997	 0.100774
92.2	 0.159827	 0.00316305	 1.69186	 -0.166047	 0.840138	 0.100923
92.22	 0.160888	 0.00317491	 1.70343	 -0.165563	 0.840197	 0.101086
92.24	 0.161931	 0.0031869	 1.71506	 -0.16508	 0.84015	 0.10126
92.26	 0.162956	 0.003199	 1.72674	 -0.164598	 0.839998	 0.101448
92.28	 0.163963	 0.00321122	 1.73847	 -0.164119	 0.839744	 0.101646
92.3	 0.164952	 0.00322354	 1.75025	 -0.163642	 0.839389	 0.101856
92.32	 0.165922	 0.00323597	 1.76208	 -0.163168	 0.838936	 0.102076
92.34	 0.166873	 0.00324849	 1.77396	 -0.162698	 0.838386	 0.102306
92.36	 0.167804	 0.00326111	 1.78589	 -0.162232	 0.837742	 0.102545
92.38	 0.168716	 0.00327382	 1.79786	 -0.16177	 0.837004	 0.102792
92.4	 0.169608	 0.0032866	 1.80987	 -0.161312	 0.836176	 0.103047
92.42	 0.17048	 0.00329946	 1.82193	 -0.16086	 0.835258	 0.103308
92.44	 0.17133	 0.00331238	 1.83403	 -0.160413	 0.834252	 0.103576
92.46	 0.17216	 0.00332536	 1.84617	 -0.159972	 0.83316	 0.103849
92.48	 0.172969	 0.00333839	 1.85835	 -0.159537	 0.831984	 0.104127
92.5	 0.173756	 0.00335145	 1.87057	 -0.159109	 0.830726	 0.104409
92.52	 0.174521	 0.00336453	 1.88282	 -0.158687	 0.829386	 0.104693
92.54	 0.175263	 0.00337762	 1.8951	 -0.158273	 0.827966	 0.10498
92.56	 0.175983	 0.00339071	 1.90743	 -0.157867	 0.826468	 0.105269
92.58	 0.17668	 0.00340378	 1.91978	 -0.157468	 0.824893	 0.105558
92.6	 0.177354	 0.00341681	 1.93216	 -0.157077	 0.823243	 0.105847
92.62	 0.178004	 0.0034298	 1.94457	 -0.156695	 0.821519	 0.106135
92.64	 0.178629	 0.00344272	 1.95701	 -0.156321	 0.819722	 0.106421
92.66	 0.179231	 0.00345556	 1.96947	 -0.155956	 0.817854	 0.106704
92.68	 0.179807	 0.0034683	 1.98196	 -0.155601	 0.815915	 0.106985
92.7	 0.180358	 0.00348093	 1.99447	 -0.155254	 0.813907	 0.107261
92.72	 0.180884	 0.00349341	 2.007	 -0.154918	 0.811831	 0.107532
92.74	 0.181384	 0.00350574	 2.01955	 -0.154591	 0.809688	 0.107797
92.76	 0.181858	 0.0035179	 2.03211	 -0.154274	 0.807479	 0.108056
92.78	 0.182306	 0.00352986	 2.04469	 -0.153967	 0.805205	 0.108307
92.8	 0.182726	 0.00354161	 2.05729	 -0.15367	 0.802868	 0.108551
92.82	 0.18312	 0.00355311	 2.0699	 -0.153383	 0.800467	 0.108786
92.84	 0.183486	 0.00356435	 2.08251	 -0.153108	 0.798005	 0.109012
92.86	 0.183824	 0.00357531	 2.09514	 -0.152842	 0.795481	 0.109227
92.88	 0.184134	 0.00358597	 2.10777	 -0.152588	 0.792897	 0.109432
92.9	 0.184416	 0.00359628	 2.12041	 -0.152344	 0.790253	 0.109626
92.92	 0.184669	 0.00360624	 2.13305	 -0.152111	 0.787551	 0.109808
92.94	 0.184893	 0.00361582	 2.1457	 -0.151889	 0.78479	 0.109977
92.96	 0.185088	 0.00362499	 2.15834	 -0.151678	 0.781973	 0.110134
92.98	 0.185253	 0.00363372	 2.17098	 -0.151477	 0.779098	 0.110277
93	 0.185389	 0.00364199	 2.18361	 -0.151287	 0.776168	 0.110405
93.02	 0.185494	 0.00364978	 2.19624	 -0.151109	 0.773183	 0.11052
93.04	 0.18557	 0.00365706	 2.20887	 -0.15094	 0.770143	 0.11062
93.06	 0.185615	 0.00366379	 2.22148	 -0.150783	 0.767048	 0.110704
93.08	 0.185629	 0.00366996	 2.23408	 -0.150636	 0.763901	 0.110773
93.1	 0.185613	 0.00367554	 2.24667	 -0.1505	 0.7607	 0.110826
93.12	 0.185565	 0.0036805	 2.25924	 -0.150374	 0.757447	 0.110863
93.14	 0.185487	 0.00368482	 2.27179	 -0.150258	 0.754143	 0.110884
93.16	 0.185377	 0.00368846	 2.28433	 -0.150153	 0.750787	 0.110888
93.18	 0.185236	 0.00369141	 2.29684	 -0.150058	 0.74738	 0.110875
93.2	 0.185063	 0.00369364	 2.30934	 -0.149972	 0.743924	 0.110846
93.22	 0.184858	 0.00369512	 2.3218	 -0.149896	 0.740417	 0.1108
93.24	 0.184622	 0.00369583	 2.33425	 -0.149829	 0.736861	 0.110736
93.26	 0.184354	 0.00369575	 2.34666	 -0.149772	 0.733257	 0.110656
93.28	 0.184054	 0.00369485	 2.35904	 -0.149724	 0.729604	 0.110559
93.3	 0.183723	 0.00369311	 2.3714	 -0.149684	 0.725903	 0.110445
93.32	 0.183359	 0.00369052	 2.38372	 -0.149653	 0.722155	 0.110315
93.34	 0.182964	 0.00368704	 2.396	 -0.149631	 0.71836	 0.110168
93.36	 0.182536	 0.00368266	 2.40825	 -0.149616	 0.714519	 0.110004
93.38	 0.182077	 0.00367736	 2.42046	 -0.149609	 0.710631	 0.109824
93.4	 0.181586	 0.00367113	 2.43262	 -0.14961	 0.706698	 0.109629
93.42	 0.181063	 0.00366394	 2.44475	 -0.149618	 0.70272	 0.109418
93.44	 0.180508	 0.00365579	 2.45683	 -0.149634	 0.698696	 0.109191
93.46	 0.179922	 0.00364665	 2.46887	 -0.149655	 0.694629	 0.10895
93.48	 0.179305	 0.00363652	 2.48086	 -0.149684	 0.690518	 0.108694
93.5	 0.178656	 0.00362539	 2.4928	 -0.149718	 0.686363	 0.108425
93.52	 0.177976	 0.00361324	 2.5047	 -0.149758	 0.682165	 0.108141
93.54	 0.177264	 0.00360006	 2.51654	 -0.149803	 0.677925	 0.107845
93.56	 0.176522	 0.00358586	 2.52833	 -0.149854	 0.673642	 0.107536
93.58	 0.17575	 0.00357062	 2.54006	 -0.149909	 0.669318	 0.107215
93.6	 0.174947	 0.00355434	 2.55174	 -0.149969	 0.664952	 0.106883
93.62	 0.174113	 0.00353702	 2.56336	 -0.150033	 0.660545	 0.106541
93.64	 0.17325	 0.00351866	 2.57492	 -0.1501	 0.656098	 0.106188
93.66	 0.172357	 0.00349927	 2.58642	 -0.150172	 0.651611	 0.105825
93.68	 0.171435	 0.00347884	 2.59786	 -0.150246	 0.647084	 0.105454
93.7	 0.170483	 0.00345738	 2.60924	 -0.150323	 0.642518	 0.105075
93.72	 0.169503	 0.0034349	 2.62056	 -0.150403	 0.637913	 0.104689
93.74	 0.168493	 0.00341141	 2.6318	 -0.150484	 0.633269	 0.104297
93.76	 0.167456	 0.00338692	 2.64299	 -0.150568	 0.628588	 0.103898
93.78	 0.166391	 0.00336144	 2.6541	 -0.150653	 0.623868	 0.103495
93.8	 0.165298	 0.00333498	 2.66515	 -0.150739	 0.619112	 0.103087
93.82	 0.164178	 0.00330757	 2.67612	 -0.150826	 0.614318	 0.102676
93.84	 0.163031	 0.00327923	 2.68703	 -0.150914	 0.609488	 0.102263
93.86	 0.161858	 0.00324996	 2.69786	 -0.151002	 0.604621	 0.101848
93.88	 0.160659	 0.00321981	 2.70863	 -0.15109	 0.599718	 0.101432
93.9	 0.159434	 0.00318878	 2.71931	 -0.151177	 0.59478	 0.101016
93.92	 0.158184	 0.00315692	 2.72992	 -0.151264	 0.589807	 0.1006
93.94	 0.156909	 0.00312423	 2.74046	 -0.15135	 0.584798	 0.100186
93.96	 0.155609	 0.00309077	 2.75092	 -0.151435	 0.579755	 0.0997746
93.98	 0.154286	 0.00305655	 2.7613	 -0.151518	 0.574677	 0.0993663
94	 0.152938	 0.00302161	 2.77161	 -0.1516	 0.569565	 0.0989619
94.02	 0.151568	 0.002986	 2.78183	 -0.15168	 0.564419	 0.0985622
94.04	 0.150175	 0.00294973	 2.79198	 -0.151757	 0.559239	 0.0981681
94.06	 0.14876	 0.00291287	 2.80204	 -0.151832	 0.554026	 0.0977804
94.08	 0.147323	 0.00287543	 2.81203	 -0.151905	 0.548779	 0.0973997
94.1	 0.145864	 0.00283748	 2.82193	 -0.151974	 0.543499	 0.0970269
94.12	 0.144385	 0.00279905	 2.83175	 -0.152041	 0.538185	 0.0966625
94.14	 0.142885	 0.00276019	 2.84148	 -0.152104	 0.532838	 0.0963074
94.16	 0.141365	 0.00272095	 2.85114	 -0.152164	 0.527458	 0.0959621
94.18	 0.139825	 0.00268137	 2.8607	 -0.15222	 0.522045	 0.0956274
94.2	 0.138267	 0.00264151	 2.87019	 -0.152272	 0.516599	 0.0953039
94.22	 0.136689	 0.00260141	 2.87959	 -0.15232	 0.51112	 0.0949921
94.24	 0.135094	 0.00256113	 2.8889	 -0.152364	 0.505607	 0.0946927
94.26	 0.13348	 0.00252072	 2.89812	 -0.152403	 0.500061	 0.0944062
94.28	 0.13185	 0.00248023	 2.90726	 -0.152439	 0.494482	 0.0941332
94.3	 0.130202	 0.00243972	 2.91631	 -0.152469	 0.488869	 0.093874
94.32	 0.128538	 0.00239925	 2.92528	 -0.152496	 0.483223	 0.0936292
94.34	 0.126858	 0.00235885	 2.93415	 -0.152517	 0.477543	 0.0933992
94.36	 0.125162	 0.00231861	 2.94294	 -0.152533	 0.471829	 0.0931843
94.38	 0.123452	 0.00227856	 2.95164	 -0.152545	 0.466081	 0.092985
94.4	 0.121726	 0.00223877	 2.96025	 -0.152552	 0.460298	 0.0928015
94.42	 0.119986	 0.00219929	 2.96877	 -0.152553	 0.454481	 0.0926341
94.44	 0.118233	 0.00216019	 2.9772	 -0.15255	 0.448629	 0.0924831
94.46	 0.116465	 0.00212151	 2.98553	 -0.152541	 0.442741	 0.0923486
94.48	 0.114685	 0.00208332	 2.99378	 -0.152527	 0.436818	 0.0922309
94.5	 0.112892	 0.00204567	 3.00194	 -0.152508	 0.430859	 0.09213
94.52	 0.111086	 0.00200862	 3.01001	 -0.152484	 0.424863	 0.092046
94.54	 0.109268	 0.00197222	 3.01798	 -0.152455	 0.41883	 0.0919791
94.56	 0.107439	 0.00193652	 3.02587	 -0.15242	 0.41276	 0.0919292
94.58	 0.105599	 0.00190159	 3.03366	 -0.152381	 0.406653	 0.0918962
94.6	 0.103747	 0.00186747	 3.04136	 -0.152336	 0.400507	 0.0918801
94.62	 0.101885	 0.00183422	 3.04897	 -0.152286	 0.394322	 0.0918808
94.64	 0.100013	 0.00180188	 3.05648	 -0.152231	 0.388098	 0.0918981
94.66	 0.0981305	 0.00177051	 3.0639	 -0.152171	 0.381835	 0.0919319
94.68	 0.0962385	 0.00174015	 3.07123	 -0.152106	 0.375531	 0.0919819
94.7	 0.0943372	 0.00171085	 3.07846	 -0.152036	 0.369187	 0.0920479
94.72	 0.0924267	 0.00168266	 3.0856	 -0.151961	 0.362801	 0.0921296
94.74	 0.0905075	 0.00165562	 3.09265	 -0.151881	 0.356373	 0.0922266
94.76	 0.0885797	 0.00162976	 3.0996	 -0.151796	 0.349902	 0.0923385
94.78	 0.0866436	 0.00160514	 3.10646	 -0.151707	 0.343388	 0.092465
94.8	 0.0846995	 0.00158179	 3.11322	 -0.151613	 0.33683	 0.0926056
94.82	 0.0827476	 0.00155975	 3.11988	 -0.151514	 0.330228	 0.0927599
94.84	 0.0807881	 0.00153904	 3.12645	 -0.151411	 0.323581	 0.0929273
94.86	 0.0788213	 0.0015197	 3.13293	 -0.151304	 0.316888	 0.0931072
94.88	 0.0768473	 0.00150176	 3.1393	 -0.151192	 0.310149	 0.0932992
94.9	 0.0748664	 0.00148525	 3.14558	 -0.151076	 0.303363	 0.0935026
94.92	 0.0728788	 0.00147019	 3.15177	 -0.150956	 0.296529	 0.0937168
94.94	 0.0708846	 0.00145661	 3.15785	 -0.150831	 0.289647	 0.0939412
94.96	 0.068884	 0.00144452	 3.16384	 -0.150703	 0.282717	 0.0941751
94.98	 0.0668772	 0.00143394	 3.16973	 -0.15057	 0.275738	 0.0944178
95	 0.0648644	 0.00142489	 3.17552	 -0.150434	 0.268709	 0.0946686
95.02	 0.0628457	 0.00141737	 3.18121	 -0.150294	 0.26163	 0.0949268
95.04	 0.0608213	 0.00141141	 3.1868	 -0.15015	 0.2545	 0.0951916
95.06	 0.0587912	 0.001407	 3.19229	 -0.150003	 0.24732	 0.0954623
95.08	 0.0567557	 0.00140416	 3.19768	 -0.149852	 0.240088	 0.0957381
95.1	 0.0547149	 0.00140287	 3.20297	 -0.149697	 0.232804	 0.0960183
95.12	 0.0526689	 0.00140316	 3.20815	 -0.14954	 0.225468	 0.096302
95.14	 0.0506178	 0.001405	 3.21324	 -0.14938	 0.21808	 0.0965885
95.16	 0.0485616	 0.00140841	 3.21822	 -0.149216	 0.21064	 0.096877
95.18	 0.0465007	 0.00141336	 3.2231	 -0.14905	 0.203146	 0.0971667
95.2	 0.0444349	 0.00141985	 3.22788	 -0.148881	 0.1956	 0.0974567
95.22	 0.0423644	 0.00142787	 3.23255	 -0.148709	 0.188001	 0.0977463
95.24	 0.0402894	 0.0014374	 3.23711	 -0.148535	 0.180349	 0.0980347
95.26	 0.0382099	 0.00144842	 3.24157	 -0.148358	 0.172644	 0.0983211
95.28	 0.0361259	 0.00146091	 3.24593	 -0.14818	 0.164885	 0.0986046
95.3	 0.0340377	 0.00147486	 3.25018	 -0.147999	 0.157074	 0.0988846
95.32	 0.0319451	 0.00149022	 3.25432	 -0.147816	 0.14921	 0.0991602
95.34	 0.0298485	 0.00150698	 3.25835	 -0.147631	 0.141294	 0.0994308
95.36	 0.0277477	 0.00152509	 3.26227	 -0.147444	 0.133325	 0.0996954
95.38	 0.0256429	 0.00154454	 3.26609	 -0.147256	 0.125305	 0.0999535
95.4	 0.0235342	 0.00156527	 3.26979	 -0.147066	 0.117232	 0.100204
95.42	 0.0214215	 0.00158726	 3.27339	 -0.146874	 0.109109	 0.100447
95.44	 0.0193051	 0.00161047	 3.27687	 -0.146681	 0.100935	 0.100681
95.46	 0.017185	 0.00163484	 3.28025	 -0.146487	 0.0927114	 0.100906
95.48	 0.0150612	 0.00166033	 3.28351	 -0.146291	 0.084438	 0.101121
95.5	 0.0129338	 0.00168691	 3.28665	 -0.146094	 0.0761159	 0.101326
95.52	 0.010803	 0.00171452	 3.28968	 -0.145897	 0.0677459	 0.101519
95.54	 0.00866868	 0.00174311	 3.2926	 -0.145698	 0.0593288	 0.101701
95.56	 0.00653105	 0.00177263	 3.2954	 -0.145498	 0.0508656	 0.101871
95.58	 0.00439015	 0.00180302	 3.29809	 -0.145297	 0.0423572	 0.102028
95.6	 0.00224608	 0.00183423	 3.30066	 -0.145096	 0.0338047	 0.102172
95.62	 9.89073e-05	 0.00186621	 3.30312	 -0.144894	 0.0252094	 0.102303
95.64	 -0.00205126	 0.0018989	 3.30545	 -0.144691	 0.0165725	 0.10242
95.66	 -0.00420435	 0.00193223	 3.30767	 -0.144488	 0.00789529	 0.102522
95.68	 -0.00636025	 0.00196616	 3.30976	 -0.144284	 -0.000820826	 0.10261
95.7	 -0.00851886	 0.00200062	 3.31174	 -0.144079	 -0.00957438	 0.102683
95.72	 -0.0106801	 0.00203554	 3.3136	 -0.143874	 -0.0183638	 0.102741
95.74	 -0.0128438	 0.00207087	 3.31533	 -0.143669	 -0.0271876	 0.102783
95.76	 -0.0150099	 0.00210654	 3.31695	 -0.143463	 -0.0360441	 0.10281
95.78	 -0.0171783	 0.0021425	 3.31844	 -0.143256	 -0.0449315	 0.102822
95.8	 -0.0193488	 0.00217866	 3.31981	 -0.14305	 -0.0538481	 0.102817
95.82	 -0.0215214	 0.00221499	 3.32105	 -0.142843	 -0.062792	 0.102797
95.84	 -0.0236958	 0.0022514	 3.32217	 -0.142636	 -0.0717612	 0.102761
95.86	 -0.025872	 0.00228784	 3.32317	 -0.142429	 -0.0807539	 0.102709
95.88	 -0.0280498	 0.00232425	 3.32404	 -0.142222	 -0.089768	 0.102641
95.9	 -0.0302292	 0.00236056	 3.32478	 -0.142015	 -0.0988015	 0.102557
95.92	 -0.0324099	 0.00239671	 3.3254	 -0.141808	 -0.107852	 0.102457
95.94	 -0.0345917	 0.00243264	 3.32589	 -0.141601	 -0.116918	 0.102343
95.96	 -0.0367747	 0.00246829	 3.32625	 -0.141395	 -0.125997	 0.102213
95.98	 -0.0389585	 0.00250359	 3.32649	 -0.141189	 -0.135087	 0.102068
96	 -0.0411431	 0.00253849	 3.32659	 -0.140983	 -0.144185	 0.101908
96.02	 -0.0433283	 0.00257293	 3.32657	 -0.140779	 -0.15329	 0.101733
96.04	 -0.0455138	 0.00260685	 3.32642	 -0.140574	 -0.162399	 0.101545
96.06	 -0.0476997	 0.0026402	 3.32614	 -0.140371	 -0.17151	 0.101343
96.08	 -0.0498856	 0.00267293	 3.32573	 -0.140169	 -0.180621	 0.101128
96.1	 -0.0520713	 0.00270498	 3.3252	 -0.139968	 -0.189729	 0.1009
96.12	 -0.0542569	 0.0027363	 3.32453	 -0.139768	 -0.198832	 0.10066
96.14	 -0.0564419	 0.00276685	 3.32373	 -0.13957	 -0.207927	 0.100408
96.16	 -0.0586264	 0.00279658	 3.3228	 -0.139373	 -0.217013	 0.100145
96.18	 -0.06081	 0.00282544	 3.32174	 -0.139178	 -0.226086	 0.0998716
96.2	 -0.0629927	 0.00285339	 3.32055	 -0.138985	 -0.235145	 0.0995879
96.22	 -0.0651741	 0.0028804	 3.31923	 -0.138794	 -0.244188	 0.0992949
96.24	 -0.0673542	 0.00290641	 3.31778	 -0.138605	 -0.253212	 0.0989932
96.26	 -0.0695328	 0.00293141	 3.3162	 -0.138419	 -0.262214	 0.0986835
96.28	 -0.0717095	 0.00295535	 3.31449	 -0.138235	 -0.271193	 0.0983665
96.3	 -0.0738844	 0.00297821	 3.31265	 -0.138054	 -0.280146	 0.0980428
96.32	 -0.0760571	 0.00299994	 3.31068	 -0.137876	 -0.289071	 0.0977133
96.34	 -0.0782275	 0.00302053	 3.30858	 -0.137701	 -0.297966	 0.0973786
96.36	 -0.0803954	 0.00303995	 3.30635	 -0.13753	 -0.306828	 0.0970395
96.38	 -0.0825606	 0.00305818	 3.30398	 -0.137361	 -0.315657	 0.0966969
96.4	 -0.084723	 0.00307519	 3.30149	 -0.137197	 -0.324449	 0.0963514
96.42	 -0.0868822	 0.00309096	 3.29887	 -0.137036	 -0.333203	 0.0960039
96.44	 -0.0890382	 0.00310549	 3.29612	 -0.136879	 -0.341917	 0.0956552
96.46	 -0.0911907	 0.00311875	 3.29325	 -0.136726	 -0.350589	 0.0953061
96.48	 -0.0933396	 0.00313075	 3.29024	 -0.136578	 -0.359217	 0.0949574
96.5	 -0.0954847	 0.00314146	 3.28711	 -0.136434	 -0.367799	 0.0946099
96.52	 -0.0976258	 0.00315089	 3.28385	 -0.136295	 -0.376334	 0.0942644
96.54	 -0.0997627	 0.00315903	 3.28046	 -0.13616	 -0.384819	 0.0939217
96.56	 -0.101895	 0.00316587	 3.27695	 -0.136031	 -0.393253	 0.0935826
96.58	 -0.104023	 0.00317142	 3.27331	 -0.135907	 -0.401635	 0.0932479
96.6	 -0.106146	 0.00317567	 3.26955	 -0.135788	 -0.409962	 0.0929183
96.62	 -0.108265	 0.00317864	 3.26566	 -0.135675	 -0.418234	 0.0925946
96.64	 -0.110378	 0.00318032	 3.26165	 -0.135567	 -0.42645	 0.0922776
96.66	 -0.112486	 0.00318073	 3.25751	 -0.135465	 -0.434606	 0.0919678
96.68	 -0.114588	 0.00317988	 3.25326	 -0.135369	 -0.442704	 0.0916661
96.7	 -0.116685	 0.00317777	 3.24888	 -0.135279	 -0.450741	 0.0913732
96.72	 -0.118776	 0.00317443	 3.24438	 -0.135195	 -0.458717	 0.0910896
96.74	 -0.120861	 0.00316986	 3.23976	 -0.135118	 -0.466631	 0.0908161
96.76	 -0.12294	 0.00316409	 3.23502	 -0.135047	 -0.474482	 0.0905533
96.78	 -0.125013	 0.00315713	 3.23016	 -0.134982	 -0.482269	 0.0903018
96.8	 -0.127079	 0.003149	 3.22518	 -0.134924	 -0.489992	 0.0900621
96.82	 -0.129139	 0.00313972	 3.22009	 -0.134873	 -0.497651	 0.0898349
96.84	 -0.131192	 0.00312933	 3.21488	 -0.134828	 -0.505244	 0.0896206
96.86	 -0.133238	 0.00311786	 3.20955	 -0.134791	 -0.512772	 0.0894197
96.88	 -0.135277	 0.00310532	 3.20411	 -0.13476	 -0.520233	 0.0892328
96.9	 -0.137309	 0.00309174	 3.19856	 -0.134737	 -0.527629	 0.0890601
96.92	 -0.139333	 0.00307717	 3.19289	 -0.134721	 -0.534959	 0.0889022
96.94	 -0.14135	 0.00306163	 3.18712	 -0.134712	 -0.542222	 0.0887593
96.96	 -0.143359	 0.00304515	 3.18123	 -0.13471	 -0.549418	 0.0886318
96.98	 -0.145361	 0.00302777	 3.17523	 -0.134716	 -0.556549	 0.0885199
97	 -0.147354	 0.00300951	 3.16913	 -0.13473	 -0.563613	 0.088424
97.02	 -0.14934	 0.00299042	 3.16292	 -0.13475	 -0.570611	 0.0883443
97.04	 -0.151317	 0.00297054	 3.1566	 -0.134778	 -0.577543	 0.0882808
97.06	 -0.153285	 0.00294989	 3.15017	 -0.134814	 -0.584409	 0.0882337
97.08	 -0.155245	 0.00292852	 3.14365	 -0.134857	 -0.591211	 0.0882032
97.1	 -0.157197	 0.00290648	 3.13701	 -0.134908	 -0.597948	 0.0881892
97.12	 -0.159139	 0.0028838	 3.13028	 -0.134967	 -0.604621	 0.0881918
97.14	 -0.161072	 0.00286052	 3.12344	 -0.135033	 -0.61123	 0.088211
97.16	 -0.162996	 0.00283668	 3.11651	 -0.135106	 -0.617776	 0.0882468
97.18	 -0.164911	 0.00281233	 3.10947	 -0.135188	 -0.62426	 0.0882989
97.2	 -0.166816	 0.00278752	 3.10234	 -0.135277	 -0.630683	 0.0883673
97.22	 -0.168712	 0.00276227	 3.09511	 -0.135373	 -0.637044	 0.0884518
97.24	 -0.170597	 0.00273664	 3.08778	 -0.135478	 -0.643346	 0.0885522
97.26	 -0.172473	 0.00271067	 3.08036	 -0.13559	 -0.649589	 0.0886682
97.28	 -0.174338	 0.0026844	 3.07285	 -0.135709	 -0.655773	 0.0887996
97.3	 -0.176193	 0.00265789	 3.06524	 -0.135836	 -0.661899	 0.0889461
97.32	 -0.178037	 0.00263117	 3.05754	 -0.13597	 -0.667969	 0.0891072
97.34	 -0.179871	 0.00260429	 3.04975	 -0.136111	 -0.673983	 0.0892826
97.36	 -0.181693	 0.00257728	 3.04187	 -0.13626	 -0.679942	 0.0894719
97.38	 -0.183504	 0.0025502	 3.0339	 -0.136415	 -0.685846	 0.0896746
97.4	 -0.185303	 0.00252307	 3.02585	 -0.136578	 -0.691698	 0.0898902
97.42	 -0.187091	 0.00249596	 3.0177	 -0.136747	 -0.697498	 0.0901183
97.44	 -0.188867	 0.00246888	 3.00947	 -0.136923	 -0.703246	 0.0903583
97.46	 -0.190631	 0.00244188	 3.00116	 -0.137106	 -0.708944	 0.0906096
97.48	 -0.192383	 0.002415	 2.99276	 -0.137295	 -0.714592	 0.0908717
97.5	 -0.194122	 0.00238828	 2.98428	 -0.137491	 -0.720192	 0.0911438
97.52	 -0.195848	 0.00236175	 2.97572	 -0.137692	 -0.725745	 0.0914255
97.54	 -0.197561	 0.00233544	 2.96707	 -0.1379	 -0.731251	 0.0917161
97.56	 -0.199261	 0.00230938	 2.95835	 -0.138113	 -0.736711	 0.0920148
97.58	 -0.200947	 0.00228361	 2.94954	 -0.138331	 -0.742127	 0.092321
97.6	 -0.202619	 0.00225816	 2.94066	 -0.138556	 -0.747499	 0.0926341
97.62	 -0.204277	 0.00223306	 2.9317	 -0.138785	 -0.752827	 0.0929532
97.64	 -0.205921	 0.00220834	 2.92267	 -0.139019	 -0.758113	 0.0932777
97.66	 -0.20755	 0.00218403	 2.91355	 -0.139257	 -0.763358	 0.0936068
97.68	 -0.209164	 0.00216015	 2.90437	 -0.1395	 -0.768562	 0.0939398
97.7	 -0.210762	 0.00213673	 2.89511	 -0.139747	 -0.773725	 0.094276
97.72	 -0.212345	 0.0021138	 2.88577	 -0.139997	 -0.77885	 0.0946146
97.74	 -0.213912	 0.00209137	 2.87637	 -0.140251	 -0.783935	 0.0949548
97.76	 -0.215463	 0.00206947	 2.86689	 -0.140509	 -0.788983	 0.0952959
97.78	 -0.216997	 0.00204812	 2.85734	 -0.140769	 -0.793993	 0.0956372
97.8	 -0.218514	 0.00202733	 2.84772	 -0.141031	 -0.798966	 0.0959778
97.82	 -0.220015	 0.00200712	 2.83803	 -0.141296	 -0.803903	 0.0963171
97.84	 -0.221497	 0.00198751	 2.82828	 -0.141562	 -0.808804	 0.0966544
97.86	 -0.222962	 0.00196851	 2.81845	 -0.14183	 -0.81367	 0.0969888
97.88	 -0.224408	 0.00195013	 2.80856	 -0.1421	 -0.818501	 0.0973196
97.9	 -0.225836	 0.00193239	 2.7986	 -0.14237	 -0.823298	 0.0976462
97.92	 -0.227246	 0.0019153	 2.78858	 -0.142641	 -0.828061	 0.0979678
97.94	 -0.228635	 0.00189888	 2.77849	 -0.142912	 -0.83279	 0.0982838
97.96	 -0.230006	 0.00188312	 2.76834	 -0.143183	 -0.837485	 0.0985934
97.98	 -0.231356	 0.00186804	 2.75813	 -0.143454	 -0.842148	 0.0988961
98	 -0.232686	 0.00185365	 2.74785	 -0.143724	 -0.846777	 0.0991911
98.02	 -0.233995	 0.00183994	 2.73751	 -0.143993	 -0.851373	 0.0994779
98.04	 -0.235283	 0.00182693	 2.72711	 -0.144261	 -0.855936	 0.099756
98.06	 -0.23655	 0.00181461	 2.71664	 -0.144527	 -0.860466	 0.100025
98.08	 -0.237795	 0.00180299	 2.70612	 -0.144791	 -0.864963	 0.100283
98.1	 -0.239019	 0.00179207	 2.69554	 -0.145053	 -0.869427	 0.100532
98.12	 -0.240219	 0.00178185	 2.6849	 -0.145312	 -0.873858	 0.100769
98.14	 -0.241397	 0.00177232	 2.6742	 -0.145568	 -0.878256	 0.100995
98.16	 -0.242552	 0.00176351	 2.66345	 -0.145821	 -0.88262	 0.10121
98.18	 -0.243683	 0.00175539	 2.65264	 -0.14607	 -0.886951	 0.101412
98.2	 -0.244791	 0.00174798	 2.64177	 -0.146315	 -0.891247	 0.101601
98.22	 -0.245874	 0.00174127	 2.63084	 -0.146557	 -0.89551	 0.101777
98.24	 -0.246933	 0.00173525	 2.61987	 -0.146794	 -0.899737	 0.101941
98.26	 -0.247967	 0.00172993	 2.60883	 -0.147027	 -0.90393	 0.10209
98.28	 -0.248976	 0.0017253	 2.59775	 -0.147254	 -0.908087	 0.102226
98.3	 -0.249959	 0.00172136	 2.58661	 -0.147477	 -0.912208	 0.102348
98.32	 -0.250917	 0.0017181	 2.57542	 -0.147694	 -0.916292	 0.102455
98.34	 -0.251848	 0.00171552	 2.56418	 -0.147906	 -0.92034	 0.102548
98.36	 -0.252753	 0.0017136	 2.55289	 -0.148112	 -0.924349	 0.102627
98.38	 -0.253631	 0.00171235	 2.54155	 -0.148313	 -0.92832	 0.102691
98.4	 -0.254483	 0.00171176	 2.53017	 -0.148507	 -0.932253	 0.10274
98.42	 -0.255307	 0.00171181	 2.51873	 -0.148695	 -0.936146	 0.102775
98.44	 -0.256103	 0.00171251	 2.50725	 -0.148876	 -0.939998	 0.102795
98.46	 -0.256872	 0.00171384	 2.49572	 -0.149051	 -0.943809	 0.102801
98.48	 -0.257612	 0.0017158	 2.48414	 -0.149219	 -0.947579	 0.102792
98.5	 -0.258324	 0.00171837	 2.47252	 -0.14938	 -0.951306	 0.102769
98.52	 -0.259008	 0.00172155	 2.46086	 -0.149534	 -0.954989	 0.102731
98.54	 -0.259663	 0.00172533	 2.44915	 -0.149681	 -0.958628	 0.10268
98.56	 -0.260289	 0.00172969	 2.4374	 -0.14982	 -0.962222	 0.102615
98.58	 -0.260885	 0.00173464	 2.42561	 -0.149952	 -0.96577	 0.102537
98.6	 -0.261453	 0.00174015	 2.41378	 -0.150077	 -0.969271	 0.102445
98.62	 -0.26199	 0.00174623	 2.40191	 -0.150194	 -0.972724	 0.10234
98.64	 -0.262498	 0.00175286	 2.39	 -0.150304	 -0.976128	 0.102223
98.66	 -0.262976	 0.00176004	 2.37805	 -0.150406	 -0.979483	 0.102094
98.68	 -0.263424	 0.00176774	 2.36607	 -0.1505	 -0.982787	 0.101953
98.7	 -0.263842	 0.00177598	 2.35405	 -0.150587	 -0.98604	 0.101801
98.72	 -0.26423	 0.00178472	 2.342	 -0.150666	 -0.98924	 0.101637
98.74	 -0.264587	 0.00179398	 2.32991	 -0.150737	 -0.992386	 0.101464
98.76	 -0.264914	 0.00180373	 2.31779	 -0.150801	 -0.995478	 0.10128
98.78	 -0.26521	 0.00181397	 2.30564	 -0.150857	 -0.998515	 0.101087
98.8	 -0.265475	 0.00182469	 2.29346	 -0.150906	 -1.00149	 0.100885
98.82	 -0.26571	 0.00183588	 2.28125	 -0.150947	 -1.00442	 0.100675
98.84	 -0.265915	 0.00184754	 2.26902	 -0.150981	 -1.00728	 0.100458
98.86	 -0.266088	 0.00185965	 2.25675	 -0.151007	 -1.01009	 0.100233
98.88	 -0.266231	 0.00187221	 2.24446	 -0.151026	 -1.01283	 0.100002
98.9	 -0.266343	 0.00188521	 2.23215	 -0.151038	 -1.01551	 0.0997645
98.92	 -0.266425	 0.00189863	 2.21982	 -0.151043	 -1.01813	 0.0995222
98.94	 -0.266476	 0.00191248	 2.20746	 -0.151042	 -1.02069	 0.0992753
98.96	 -0.266496	 0.00192674	 2.19508	 -0.151033	 -1.02318	 0.0990245
98.98	 -0.266486	 0.00194141	 2.18269	 -0.151018	 -1.02561	 0.0987705
99	 -0.266445	 0.00195647	 2.17027	 -0.150997	 -1.02797	 0.0985139
99.02	 -0.266374	 0.00197192	 2.15784	 -0.150969	 -1.03026	 0.0982555
99.04	 -0.266273	 0.00198776	 2.1454	 -0.150936	 -1.03248	 0.0979959
99.06	 -0.266141	 0.00200396	 2.13294	 -0.150896	 -1.03464	 0.0977358
99.08	 -0.26598	 0.00202052	 2.12047	 -0.150851	 -1.03672	 0.0974759
99.1	 -0.265788	 0.00203744	 2.10799	 -0.1508	 -1.03873	 0.0972168
99.12	 -0.265567	 0.00205471	 2.0955	 -0.150744	 -1.04067	 0.0969593
99.14	 -0.265317	 0.00207231	 2.08301	 -0.150683	 -1.04254	 0.096704
99.16	 -0.265037	 0.00209024	 2.0705	 -0.150618	 -1.04433	 0.0964515
99.18	 -0.264728	 0.0021085	 2.058	 -0.150548	 -1.04605	 0.0962025
99.2	 -0.26439	 0.00212706	 2.04549	 -0.150473	 -1.04768	 0.0959577
99.22	 -0.264023	 0.00214593	 2.03298	 -0.150394	 -1.04925	 0.0957177
99.24	 -0.263627	 0.00216509	 2.02047	 -0.150312	 -1.05073	 0.0954831
99.26	 -0.263203	 0.00218454	 2.00796	 -0.150226	 -1.05213	 0.0952545
99.28	 -0.262751	 0.00220426	 1.99545	 -0.150137	 -1.05345	 0.0950326
99.3	 -0.262272	 0.00222425	 1.98296	 -0.150045	 -1.0547	 0.0948178
99.32	 -0.261764	 0.0022445	 1.97046	 -0.14995	 -1.05585	 0.0946108
99.34	 -0.26123	 0.002265	 1.95798	 -0.149853	 -1.05693	 0.094412
99.36	 -0.260668	 0.00228573	 1.94551	 -0.149754	 -1.05792	 0.0942222
99.38	 -0.26008	 0.00230669	 1.93305	 -0.149653	 -1.05882	 0.0940416
99.4	 -0.259465	 0.00232787	 1.9206	 -0.14955	 -1.05964	 0.0938709
99.42	 -0.258823	 0.00234926	 1.90817	 -0.149446	 -1.06037	 0.0937104
99.44	 -0.258156	 0.00237085	 1.89575	 -0.149341	 -1.06101	 0.0935607
99.46	 -0.257464	 0.00239262	 1.88336	 -0.149235	 -1.06156	 0.0934221
99.48	 -0.256745	 0.00241456	 1.87098	 -0.149129	 -1.06201	 0.093295
99.5	 -0.256002	 0.00243667	 1.85863	 -0.149023	 -1.06238	 0.0931798
99.52	 -0.255235	 0.00245893	 1.8463	 -0.148917	 -1.06266	 0.0930767
99.54	 -0.254442	 0.00248133	 1.83399	 -0.148811	 -1.06283	 0.0929862
99.56	 -0.253626	 0.00250385	 1.82172	 -0.148706	 -1.06292	 0.0929084
99.58	 -0.252786	 0.00252648	 1.80947	 -0.148602	 -1.06291	 0.0928436
99.6	 -0.251923	 0.00254922	 1.79726	 -0.148499	 -1.0628	 0.0927921
99.62	 -0.251036	 0.00257204	 1.78508	 -0.148398	 -1.06259	 0.092754
99.64	 -0.250126	 0.00259493	 1.77293	 -0.148299	 -1.06228	 0.0927295
99.66	 -0.249195	 0.00261789	 1.76082	 -0.148202	 -1.06187	 0.0927187
99.68	 -0.24824	 0.00264088	 1.74874	 -0.148107	 -1.06136	 0.0927217
99.7	 -0.247264	 0.0026639	 1.73671	 -0.148015	 -1.06075	 0.0927387
99.72	 -0.246267	 0.00268694	 1.72472	 -0.147925	 -1.06003	 0.0927695
99.74	 -0.245248	 0.00270998	 1.71277	 -0.147839	 -1.0592	 0.0928143
99.76	 -0.244208	 0.00273299	 1.70086	 -0.147756	 -1.05827	 0.092873
99.78	 -0.243148	 0.00275598	 1.68901	 -0.147677	 -1.05723	 0.0929455
99.8	 -0.242067	 0.00277891	 1.6772	 -0.147602	 -1.05608	 0.0930318
99.82	 -0.240967	 0.00280178	 1.66544	 -0.14753	 -1.05483	 0.0931318
99.84	 -0.239847	 0.00282457	 1.65373	 -0.147464	 -1.05346	 0.0932453
99.86	 -0.238707	 0.00284726	 1.64208	 -0.147401	 -1.05197	 0.0933721
99.88	 -0.237548	 0.00286983	 1.63048	 -0.147343	 -1.05037	 0.0935121
99.9	 -0.23637	 0.00289226	 1.61894	 -0.147291	 -1.04866	 0.093665
99.92	 -0.235174	 0.00291455	 1.60746	 -0.147243	 -1.04683	 0.0938306
99.94	 -0.233959	 0.00293667	 1.59603	 -0.147201	 -1.04489	 0.0940086
99.96	 -0.232727	 0.0029586	 1.58467	 -0.147164	 -1.04282	 0.0941986
99.98	 -0.231476	 0.00298032	 1.57337	 -0.147133	 -1.04063	 0.0944005
100	 -0.230209	 0.00300183	 1.56214	 -0.147107	 -1.03832	 0.0946137
100.02	 -0.228923	 0.00302309	 1.55098	 -0.147088	 -1.03589	 0.094838
100.04	 -0.227621	 0.00304409	 1.53988	 -0.147075	 -1.03333	 0.095073
100.06	 -0.226302	 0.00306482	 1.52885	 -0.147068	 -1.03065	 0.0953181
100.08	 -0.224967	 0.00308525	 1.51789	 -0.147067	 -1.02784	 0.095573
100.1	 -0.223615	 0.00310537	 1.507	 -0.147073	 -1.02491	 0.0958372
100.12	 -0.222247	 0.00312516	 1.49619	 -0.147086	 -1.02184	 0.0961103
100.14	 -0.220863	 0.00314461	 1.48546	 -0.147106	 -1.01864	 0.0963917
100.16	 -0.219463	 0.00316368	 1.4748	 -0.147132	 -1.01531	 0.0966809
100.18	 -0.218048	 0.00318238	 1.46421	 -0.147165	 -1.01185	 0.0969774
100.2	 -0.216617	 0.00320067	 1.45371	 -0.147205	 -1.00825	 0.0972807
100.22	 -0.215171	 0.00321855	 1.44329	 -0.147253	 -1.00451	 0.0975901
100.24	 -0.213711	 0.00323599	 1.43295	 -0.147307	 -1.00064	 0.0979052
100.26	 -0.212235	 0.00325299	 1.4227	 -0.147369	 -0.996626	 0.0982253
100.28	 -0.210745	 0.00326952	 1.41253	 -0.147438	 -0.992475	 0.0985498
100.3	 -0.20924	 0.00328557	 1.40244	 -0.147514	 -0.988182	 0.0988782
100.32	 -0.20772	 0.00330113	 1.39245	 -0.147598	 -0.983746	 0.0992099
100.34	 -0.206187	 0.00331617	 1.38254	 -0.147689	 -0.979167	 0.0995443
100.36	 -0.204639	 0.0033307	 1.37272	 -0.147788	 -0.974443	 0.0998808
100.38	 -0.203077	 0.00334469	 1.363	 -0.147894	 -0.969573	 0.100219
100.4	 -0.201502	 0.00335812	 1.35336	 -0.148007	 -0.964556	 0.100557
100.42	 -0.199912	 0.003371	 1.34382	 -0.148128	 -0.959391	 0.100896
100.44	 -0.198309	 0.00338331	 1.33437	 -0.148257	 -0.954076	 0.101235
100.46	 -0.196692	 0.00339503	 1.32502	 -0.148393	 -0.948611	 0.101573
100.48	 -0.195062	 0.00340615	 1.31577	 -0.148536	 -0.942995	 0.101909
100.5	 -0.193418	 0.00341667	 1.30661	 -0.148687	 -0.937226	 0.102243
100.52	 -0.191761	 0.00342657	 1.29755	 -0.148844	 -0.931304	 0.102574
100.54	 -0.190091	 0.00343584	 1.2886	 -0.14901	 -0.925228	 0.102902
100.56	 -0.188407	 0.00344449	 1.27974	 -0.149182	 -0.918997	 0.103226
100.58	 -0.186711	 0.0034525	 1.27098	 -0.149361	 -0.91261	 0.103546
100.6	 -0.185001	 0.00345986	 1.26233	 -0.149548	 -0.906067	 0.103861
100.62	 -0.183278	 0.00346657	 1.25378	 -0.149742	 -0.899366	 0.10417
100.64	 -0.181543	 0.00347263	 1.24533	 -0.149942	 -0.892507	 0.104473
100.66	 -0.179794	 0.00347804	 1.23699	 -0.150149	 -0.88549	 0.10477
100.68	 -0.178033	 0.00348278	 1.22876	 -0.150363	 -0.878314	 0.105059
100.7	 -0.176259	 0.00348686	 1.22063	 -0.150584	 -0.870978	 0.105341
100.72	 -0.174472	 0.00349027	 1.21261	 -0.150811	 -0.863482	 0.105615
100.74	 -0.172673	 0.00349303	 1.2047	 -0.151045	 -0.855826	 0.105881
100.76	 -0.170861	 0.00349512	 1.1969	 -0.151285	 -0.848009	 0.106138
100.78	 -0.169036	 0.00349655	 1.18921	 -0.151531	 -0.840032	 0.106385
100.8	 -0.167199	 0.00349733	 1.18163	 -0.151784	 -0.831893	 0.106623
100.82	 -0.16535	 0.00349745	 1.17416	 -0.152042	 -0.823594	 0.106851
100.84	 -0.163488	 0.00349693	 1.1668	 -0.152307	 -0.815133	 0.107069
100.86	 -0.161614	 0.00349578	 1.15956	 -0.152577	 -0.806512	 0.107276
100.88	 -0.159728	 0.00349399	 1.15243	 -0.152853	 -0.797729	 0.107472
100.9	 -0.157829	 0.00349158	 1.14541	 -0.153134	 -0.788786	 0.107658
100.92	 -0.155919	 0.00348856	 1.13851	 -0.153422	 -0.779683	 0.107832
100.94	 -0.153996	 0.00348493	 1.13172	 -0.153714	 -0.770421	 0.107994
100.96	 -0.152061	 0.00348071	 1.12505	 -0.154011	 -0.760999	 0.108145
100.98	 -0.150115	 0.00347591	 1.1185	 -0.154314	 -0.751418	 0.108284
101	 -0.148156	 0.00347054	 1.11207	 -0.154621	 -0.741679	 0.10841
101.02	 -0.146186	 0.00346461	 1.10575	 -0.154933	 -0.731783	 0.108525
101.04	 -0.144204	 0.00345814	 1.09955	 -0.15525	 -0.721731	 0.108628
101.06	 -0.14221	 0.00345114	 1.09347	 -0.155571	 -0.711523	 0.108718
101.08	 -0.140205	 0.00344362	 1.08751	 -0.155896	 -0.70116	 0.108796
101.1	 -0.138189	 0.00343561	 1.08167	 -0.156225	 -0.690644	 0.108862
101.12	 -0.136161	 0.00342711	 1.07595	 -0.156559	 -0.679977	 0.108915
101.14	 -0.134123	 0.00341816	 1.07035	 -0.156895	 -0.669158	 0.108957
101.16	 -0.132073	 0.00340876	 1.06487	 -0.157236	 -0.65819	 0.108986
101.18	 -0.130012	 0.00339893	 1.05951	 -0.157579	 -0.647074	 0.109004
101.2	 -0.127941	 0.0033887	 1.05428	 -0.157926	 -0.635811	 0.10901
101.22	 -0.125858	 0.00337808	 1.04917	 -0.158276	 -0.624404	 0.109004
101.24	 -0.123766	 0.0033671	 1.04418	 -0.158629	 -0.612854	 0.108986
101.26	 -0.121663	 0.00335577	 1.03932	 -0.158984	 -0.601163	 0.108957
101.28	 -0.119549	 0.00334412	 1.03458	 -0.159341	 -0.589333	 0.108917
101.3	 -0.117426	 0.00333218	 1.02997	 -0.159701	 -0.577365	 0.108867
101.32	 -0.115293	 0.00331996	 1.02548	 -0.160063	 -0.565263	 0.108806
101.34	 -0.11315	 0.00330749	 1.02111	 -0.160427	 -0.553029	 0.108734
101.36	 -0.110998	 0.00329479	 1.01688	 -0.160793	 -0.540664	 0.108653
101.38	 -0.108837	 0.00328189	 1.01276	 -0.16116	 -0.528171	 0.108562
101.4	 -0.106666	 0.00326882	 1.00878	 -0.161528	 -0.515553	 0.108462
101.42	 -0.104487	 0.00325559	 1.00492	 -0.161898	 -0.502813	 0.108353
101.44	 -0.102299	 0.00324223	 1.00119	 -0.162269	 -0.489953	 0.108236
101.46	 -0.100102	 0.00322876	 0.997588	 -0.16264	 -0.476976	 0.108111
101.48	 -0.0978977	 0.00321522	 0.994114	 -0.163012	 -0.463884	 0.107978
101.5	 -0.0956852	 0.00320163	 0.990768	 -0.163385	 -0.450682	 0.107838
101.52	 -0.093465	 0.003188	 0.987552	 -0.163758	 -0.437371	 0.107692
101.54	 -0.0912375	 0.00317438	 0.984464	 -0.164131	 -0.423956	 0.107539
101.56	 -0.0890027	 0.00316077	 0.981506	 -0.164504	 -0.410439	 0.107381
101.58	 -0.0867612	 0.00314721	 0.978679	 -0.164877	 -0.396824	 0.107218
101.6	 -0.084513	 0.00313372	 0.975981	 -0.16525	 -0.383114	 0.10705
101.62	 -0.0822585	 0.00312033	 0.973414	 -0.165621	 -0.369312	 0.106878
101.64	 -0.079998	 0.00310705	 0.970978	 -0.165992	 -0.355423	 0.106702
101.66	 -0.0777318	 0.00309392	 0.968674	 -0.166362	 -0.341449	 0.106524
101.68	 -0.0754602	 0.00308095	 0.966501	 -0.166731	 -0.327395	 0.106343
101.7	 -0.0731836	 0.00306816	 0.96446	 -0.167098	 -0.313265	 0.10616
101.72	 -0.0709021	 0.00305559	 0.962551	 -0.167464	 -0.299061	 0.105976
101.74	 -0.0686163	 0.00304325	 0.960774	 -0.167828	 -0.284788	 0.105791
101.76	 -0.0663263	 0.00303115	 0.959131	 -0.16819	 -0.270451	 0.105605
101.78	 -0.0640325	 0.00301933	 0.957621	 -0.16855	 -0.256052	 0.10542
101.8	 -0.0617354	 0.0030078	 0.956244	 -0.168907	 -0.241596	 0.105236
101.82	 -0.0594351	 0.00299659	 0.955	 -0.169262	 -0.227088	 0.105053
101.84	 -0.0571321	 0.0029857	 0.953891	 -0.169614	 -0.212531	 0.104872
101.86	 -0.0548267	 0.00297516	 0.952915	 -0.169964	 -0.197929	 0.104693
101.88	 -0.0525193	 0.00296499	 0.952074	 -0.17031	 -0.183288	 0.104518
101.9	 -0.0502102	 0.00295519	 0.951368	 -0.170653	 -0.168611	 0.104346
101.92	 -0.0478998	 0.0029458	 0.950796	 -0.170992	 -0.153903	 0.104178
101.94	 -0.0455885	 0.00293682	 0.950359	 -0.171328	 -0.139168	 0.104014
101.96	 -0.0432767	 0.00292826	 0.950058	 -0.17166	 -0.124411	 0.103856
101.98	 -0.0409646	 0.00292015	 0.949892	 -0.171988	 -0.109637	 0.103703
102	 -0.0386528	 0.00291249	 0.949861	 -0.172312	 -0.0948499	 0.103556
102.02	 -0.0363416	 0.00290529	 0.949967	 -0.172632	 -0.0800544	 0.103415
102.04	 -0.0340313	 0.00289857	 0.950208	 -0.172947	 -0.0652553	 0.103282
102.06	 -0.0317223	 0.00289233	 0.950585	 -0.173258	 -0.0504572	 0.103155
102.08	 -0.0294151	 0.00288658	 0.951098	 -0.173564	 -0.0356648	 0.103036
102.1	 -0.0271099	 0.00288133	 0.951748	 -0.173865	 -0.0208828	 0.102926
102.12	 -0.0248072	 0.00287658	 0.952534	 -0.17416	 -0.00611598	 0.102823
102.14	 -0.0225073	 0.00287235	 0.953456	 -0.17445	 0.00863104	 0.10273
102.16	 -0.0202106	 0.00286863	 0.954515	 -0.174735	 0.0233535	 0.102646
102.18	 -0.0179175	 0.00286542	 0.955711	 -0.175014	 0.0380468	 0.102571
102.2	 -0.0156283	 0.00286274	 0.957043	 -0.175287	 0.0527062	 0.102506
102.22	 -0.0133435	 0.00286057	 0.958512	 -0.175554	 0.0673269	 0.102451
102.24	 -0.0110633	 0.00285892	 0.960118	 -0.175814	 0.0819043	 0.102406
102.26	 -0.00878809	 0.00285778	 0.961861	 -0.176068	 0.0964338	 0.102371
102.28	 -0.00651828	 0.00285716	 0.96374	 -0.176315	 0.110911	 0.102348
102.3	 -0.00425418	 0.00285704	 0.965756	 -0.176555	 0.125331	 0.102335
102.32	 -0.00199615	 0.00285742	 0.967908	 -0.176788	 0.139689	 0.102333
102.34	 0.000255499	 0.0028583	 0.970198	 -0.177013	 0.153981	 0.102342
102.36	 0.00250042	 0.00285967	 0.972623	 -0.177231	 0.168202	 0.102362
102.38	 0.0047383	 0.00286151	 0.975186	 -0.177441	 0.182349	 0.102394
102.4	 0.00696882	 0.00286383	 0.977884	 -0.177643	 0.196416	 0.102437
102.42	 0.00919167	 0.00286661	 0.980718	 -0.177837	 0.2104	 0.102491
102.44	 0.0114065	 0.00286985	 0.983689	 -0.178022	 0.224297	 0.102556
102.46	 0.0136132	 0.00287353	 0.986795	 -0.178199	 0.238101	 0.102633
102.48	 0.0158112	 0.00287764	 0.990037	 -0.178368	 0.25181	 0.102721
102.5	 0.0180004	 0.00288217	 0.993415	 -0.178528	 0.265419	 0.10282
102.52	 0.0201806	 0.00288712	 0.996927	 -0.178679	 0.278925	 0.102931
102.54	 0.0223513	 0.00289247	 1.00057	 -0.178821	 0.292323	 0.103052
102.56	 0.0245125	 0.00289821	 1.00436	 -0.178955	 0.305609	 0.103183
102.58	 0.0266637	 0.00290432	 1.00827	 -0.179079	 0.318781	 0.103326
102.6	 0.0288049	 0.0029108	 1.01232	 -0.179194	 0.331833	 0.103478
102.62	 0.0309358	 0.00291762	 1.01651	 -0.1793	 0.344764	 0.103641
102.64	 0.033056	 0.00292478	 1.02082	 -0.179397	 0.357568	 0.103814
102.66	 0.0351655	 0.00293227	 1.02527	 -0.179484	 0.370243	 0.103996
102.68	 0.0372641	 0.00294006	 1.02986	 -0.179563	 0.382786	 0.104187
102.7	 0.0393515	 0.00294814	 1.03457	 -0.179632	 0.395192	 0.104387
102.72	 0.0414275	 0.0029565	 1.03941	 -0.179691	 0.40746	 0.104596
102.74	 0.043492	 0.00296512	 1.04439	 -0.179741	 0.419585	 0.104813
102.76	 0.0455449	 0.00297397	 1.0495	 -0.179782	 0.431565	 0.105037
102.78	 0.0475859	 0.00298306	 1.05473	 -0.179813	 0.443397	 0.10527
102.8	 0.0496149	 0.00299235	 1.0601	 -0.179835	 0.455078	 0.105509
102.82	 0.0516318	 0.00300183	 1.06559	 -0.179847	 0.466605	 0.105754
102.84	 0.0536364	 0.00301148	 1.07121	 -0.17985	 0.477977	 0.106006
102.86	 0.0556287	 0.00302128	 1.07696	 -0.179843	 0.48919	 0.106263
102.88	 0.0576085	 0.00303122	 1.08284	 -0.179826	 0.500242	 0.106525
102.9	 0.0595757	 0.00304127	 1.08884	 -0.179799	 0.511132	 0.106791
102.92	 0.0615303	 0.00305141	 1.09496	 -0.179763	 0.521857	 0.107062
102.94	 0.0634722	 0.00306164	 1.10122	 -0.179717	 0.532415	 0.107336
102.96	 0.0654012	 0.00307192	 1.10759	 -0.179661	 0.542805	 0.107613
102.98	 0.0673174	 0.00308224	 1.11409	 -0.179596	 0.553023	 0.107892
103	 0.0692206	 0.00309258	 1.12071	 -0.17952	 0.56307	 0.108173
103.02	 0.0711109	 0.00310293	 1.12745	 -0.179435	 0.572943	 0.108455
103.04	 0.0729881	 0.00311326	 1.13431	 -0.179341	 0.582641	 0.108738
103.06	 0.0748522	 0.00312356	 1.14129	 -0.179236	 0.592162	 0.109021
103.08	 0.0767033	 0.0031338	 1.14839	 -0.179122	 0.601506	 0.109303
103.1	 0.0785412	 0.00314399	 1.1556	 -0.178999	 0.610671	 0.109585
103.12	 0.080366	 0.00315408	 1.16293	 -0.178865	 0.619657	 0.109865
103.14	 0.0821777	 0.00316408	 1.17038	 -0.178723	 0.628463	 0.110142
103.16	 0.0839762	 0.00317396	 1.17794	 -0.178571	 0.637087	 0.110417
103.18	 0.0857616	 0.00318371	 1.18562	 -0.178409	 0.645529	 0.110688
103.2	 0.0875337	 0.00319331	 1.19341	 -0.178239	 0.65379	 0.110955
103.22	 0.0892928	 0.00320276	 1.20131	 -0.178059	 0.661867	 0.111218
103.24	 0.0910387	 0.00321203	 1.20931	 -0.17787	 0.669761	 0.111476
103.26	 0.0927714	 0.00322113	 1.21743	 -0.177673	 0.677471	 0.111728
103.28	 0.0944911	 0.00323004	 1.22566	 -0.177467	 0.684998	 0.111973
103.3	 0.0961976	 0.00323876	 1.23399	 -0.177253	 0.692341	 0.112212
103.32	 0.097891	 0.00324727	 1.24243	 -0.177031	 0.699501	 0.112444
103.34	 0.0995714	 0.00325557	 1.25097	 -0.1768	 0.706477	 0.112668
103.36	 0.101239	 0.00326366	 1.25961	 -0.176562	 0.713271	 0.112883
103.38	 0.102893	 0.00327152	 1.26836	 -0.176317	 0.719881	 0.11309
103.4	 0.104534	 0.00327916	 1.27721	 -0.176064	 0.72631	 0.113287
103.42	 0.106163	 0.00328656	 1.28615	 -0.175805	 0.732556	 0.113475
103.44	 0.107778	 0.00329372	 1.2952	 -0.175538	 0.738622	 0.113652
103.46	 0.10938	 0.00330063	 1.30434	 -0.175265	 0.744507	 0.113819
103.48	 0.11097	 0.0033073	 1.31357	 -0.174985	 0.750213	 0.113974
103.5	 0.112546	 0.00331372	 1.3229	 -0.1747	 0.75574	 0.114118
103.52	 0.11411	 0.00331988	 1.33233	 -0.174408	 0.761088	 0.11425
103.54	 0.11566	 0.00332579	 1.34184	 -0.174111	 0.76626	 0.114371
103.56	 0.117198	 0.00333145	 1.35144	 -0.173809	 0.771256	 0.114478
103.58	 0.118723	 0.00333686	 1.36113	 -0.173501	 0.776078	 0.114573
103.6	 0.120235	 0.00334201	 1.37091	 -0.173189	 0.780725	 0.114655
103.62	 0.121734	 0.00334691	 1.38078	 -0.172872	 0.785201	 0.114724
103.64	 0.123219	 0.00335155	 1.39072	 -0.172551	 0.789505	 0.114779
103.66	 0.124692	 0.00335595	 1.40075	 -0.172226	 0.793639	 0.114821
103.68	 0.126152	 0.0033601	 1.41087	 -0.171897	 0.797605	 0.114849
103.7	 0.127599	 0.00336401	 1.42106	 -0.171565	 0.801404	 0.114862
103.72	 0.129032	 0.00336769	 1.43133	 -0.17123	 0.805038	 0.114862
103.74	 0.130453	 0.00337113	 1.44168	 -0.170892	 0.808508	 0.114848
103.76	 0.13186	 0.00337436	 1.4521	 -0.170551	 0.811816	 0.11482
103.78	 0.133253	 0.00337736	 1.4626	 -0.170208	 0.814963	 0.114777
103.8	 0.134634	 0.00338015	 1.47316	 -0.169864	 0.817951	 0.11472
103.82	 0.136001	 0.00338274	 1.4838	 -0.169518	 0.820782	 0.114649
103.84	 0.137354	 0.00338513	 1.49451	 -0.169171	 0.823458	 0.114564
103.86	 0.138693	 0.00338733	 1.50529	 -0.168822	 0.82598	 0.114465
103.88	 0.140019	 0.00338934	 1.51614	 -0.168474	 0.82835	 0.114353
103.9	 0.141331	 0.00339118	 1.52705	 -0.168124	 0.83057	 0.114226
103.92	 0.142629	 0.00339285	 1.53802	 -0.167775	 0.832641	 0.114086
103.94	 0.143912	 0.00339436	 1.54906	 -0.167426	 0.834567	 0.113933
103.96	 0.145182	 0.00339572	 1.56015	 -0.167078	 0.836348	 0.113766
103.98	 0.146436	 0.00339694	 1.57131	 -0.166731	 0.837986	 0.113587
104	 0.147676	 0.00339803	 1.58252	 -0.166385	 0.839484	 0.113395
104.02	 0.148901	 0.00339899	 1.59379	 -0.16604	 0.840843	 0.113191
104.04	 0.150112	 0.00339983	 1.60511	 -0.165698	 0.842066	 0.112975
104.06	 0.151307	 0.00340055	 1.61649	 -0.165357	 0.843154	 0.112747
104.08	 0.152486	 0.00340118	 1.62792	 -0.165019	 0.844109	 0.112508
104.1	 0.15365	 0.0034017	 1.6394	 -0.164684	 0.844933	 0.112258
104.12	 0.154798	 0.00340214	 1.65093	 -0.164351	 0.845629	 0.111998
104.14	 0.15593	 0.00340249	 1.6625	 -0.164022	 0.846198	 0.111728
104.16	 0.157045	 0.00340276	 1.67412	 -0.163696	 0.846642	 0.111449
104.18	 0.158144	 0.00340297	 1.68579	 -0.163374	 0.846963	 0.11116
104.2	 0.159227	 0.00340311	 1.6975	 -0.163055	 0.847163	 0.110863
104.22	 0.160292	 0.00340319	 1.70925	 -0.162741	 0.847245	 0.110559
104.24	 0.161339	 0.00340322	 1.72104	 -0.162432	 0.847209	 0.110246
104.26	 0.162369	 0.0034032	 1.73287	 -0.162127	 0.847059	 0.109927
104.28	 0.163381	 0.00340313	 1.74474	 -0.161827	 0.846795	 0.109602
104.3	 0.164375	 0.00340303	 1.75664	 -0.161532	 0.84642	 0.109271
104.32	 0.16535	 0.00340289	 1.76858	 -0.161243	 0.845936	 0.108935
104.34	 0.166307	 0.00340271	 1.78055	 -0.160958	 0.845344	 0.108594
104.36	 0.167244	 0.00340251	 1.79255	 -0.16068	 0.844647	 0.10825
104.38	 0.168162	 0.00340227	 1.80458	 -0.160407	 0.843847	 0.107902
104.4	 0.16906	 0.003402	 1.81664	 -0.160141	 0.842944	 0.107551
104.42	 0.169938	 0.0034017	 1.82873	 -0.15988	 0.841942	 0.107199
104.44	 0.170795	 0.00340136	 1.84085	 -0.159626	 0.840841	 0.106845
104.46	 0.171632	 0.003401	 1.85299	 -0.159378	 0.839644	 0.10649
104.48	 0.172447	 0.0034006	 1.86515	 -0.159137	 0.838352	 0.106135
104.5	 0.173241	 0.00340016	 1.87734	 -0.158902	 0.836968	 0.105781
104.52	 0.174014	 0.00339968	 1.88955	 -0.158675	 0.835492	 0.105427
104.54	 0.174764	 0.00339915	 1.90177	 -0.158454	 0.833927	 0.105076
104.56	 0.175491	 0.00339856	 1.91402	 -0.158239	 0.832274	 0.104727
104.58	 0.176196	 0.00339792	 1.92628	 -0.158032	 0.830535	 0.10438
104.6	 0.176878	 0.00339722	 1.93856	 -0.157832	 0.828712	 0.104038
104.62	 0.177536	 0.00339644	 1.95085	 -0.157638	 0.826806	 0.103699
104.64	 0.17817	 0.00339558	 1.96316	 -0.157452	 0.824818	 0.103366
104.66	 0.17878	 0.00339463	 1.97548	 -0.157273	 0.822751	 0.103037
104.68	 0.179365	 0.00339358	 1.98781	 -0.1571	 0.820606	 0.102715
104.7	 0.179926	 0.00339243	 2.00015	 -0.156935	 0.818385	 0.102399
104.72	 0.180461	 0.00339116	 2.01249	 -0.156777	 0.816088	 0.10209
104.74	 0.18097	 0.00338976	 2.02485	 -0.156625	 0.813718	 0.101789
104.76	 0.181454	 0.00338822	 2.03721	 -0.156481	 0.811275	 0.101496
104.78	 0.181912	 0.00338653	 2.04957	 -0.156343	 0.808762	 0.101211
104.8	 0.182343	 0.00338467	 2.06194	 -0.156212	 0.80618	 0.100935
104.82	 0.182747	 0.00338264	 2.07431	 -0.156088	 0.80353	 0.100669
104.84	 0.183124	 0.00338041	 2.08668	 -0.15597	 0.800813	 0.100412
104.86	 0.183473	 0.00337799	 2.09905	 -0.155859	 0.798031	 0.100166
104.88	 0.183795	 0.00337534	 2.11142	 -0.155754	 0.795185	 0.0999307
104.9	 0.184088	 0.00337247	 2.12379	 -0.155655	 0.792277	 0.0997062
104.92	 0.184354	 0.00336934	 2.13615	 -0.155563	 0.789307	 0.099493
104.94	 0.184591	 0.00336596	 2.14851	 -0.155476	 0.786277	 0.0992914
104.96	 0.184799	 0.00336231	 2.16086	 -0.155396	 0.783188	 0.0991017
104.98	 0.184977	 0.00335836	 2.1732	 -0.15532	 0.780041	 0.0989241
105	 0.185127	 0.00335411	 2.18554	 -0.155251	 0.776838	 0.0987589
105.02	 0.185247	 0.00334953	 2.19787	 -0.155186	 0.77358	 0.0986063
105.04	 0.185337	 0.00334463	 2.21018	 -0.155127	 0.770267	 0.0984664
105.06	 0.185397	 0.00333937	 2.22249	 -0.155073	 0.766902	 0.0983394
105.08	 0.185428	 0.00333375	 2.23478	 -0.155023	 0.763484	 0.0982253
105.1	 0.185427	 0.00332775	 2.24706	 -0.154978	 0.760015	 0.0981243
105.12	 0.185396	 0.00332136	 2.25932	 -0.154937	 0.756496	 0.0980364
105.14	 0.185335	 0.00331457	 2.27156	 -0.1549	 0.752929	 0.0979616
105.16	 0.185243	 0.00330735	 2.28379	 -0.154867	 0.749314	 0.0978999
105.18	 0.18512	 0.00329971	 2.296	 -0.154838	 0.745651	 0.0978513
105.2	 0.184965	 0.00329161	 2.30819	 -0.154812	 0.741943	 0.0978157
105.22	 0.18478	 0.00328307	 2.32036	 -0.154789	 0.73819	 0.0977931
105.24	 0.184563	 0.00327405	 2.33251	 -0.154769	 0.734393	 0.0977832
105.26	 0.184315	 0.00326456	 2.34463	 -0.154752	 0.730552	 0.097786
105.28	 0.184036	 0.00325458	 2.35673	 -0.154737	 0.726669	 0.0978012
105.3	 0.183725	 0.00324411	 2.3688	 -0.154725	 0.722745	 0.0978286
105.32	 0.183382	 0.00323313	 2.38085	 -0.154714	 0.71878	 0.097868
105.34	 0.183009	 0.00322164	 2.39287	 -0.154705	 0.714776	 0.0979192
105.36	 0.182603	 0.00320964	 2.40486	 -0.154697	 0.710732	 0.0979817
105.38	 0.182167	 0.00319711	 2.41682	 -0.154691	 0.70665	 0.0980553
105.4	 0.181698	 0.00318405	 2.42875	 -0.154685	 0.702531	 0.0981397
105.42	 0.181199	 0.00317047	 2.44064	 -0.15468	 0.698375	 0.0982344
105.44	 0.180668	 0.00315635	 2.45251	 -0.154676	 0.694183	 0.0983391
105.46	 0.180106	 0.0031417	 2.46434	 -0.154672	 0.689955	 0.0984534
105.48	 0.179512	 0.00312652	 2.47613	 -0.154667	 0.685693	 0.0985767
105.5	 0.178888	 0.00311081	 2.48788	 -0.154663	 0.681397	 0.0987088
105.52	 0.178233	 0.00309457	 2.4996	 -0.154658	 0.677067	 0.098849
105.54	 0.177547	 0.0030778	 2.51128	 -0.154652	 0.672704	 0.0989969
105.56	 0.17683	 0.00306051	 2.52292	 -0.154646	 0.668309	 0.0991519
105.58	 0.176082	 0.00304271	 2.53451	 -0.154638	 0.663882	 0.0993136
105.6	 0.175305	 0.0030244	 2.54607	 -0.154628	 0.659424	 0.0994815
105.62	 0.174497	 0.00300559	 2.55758	 -0.154618	 0.654936	 0.0996548
105.64	 0.173659	 0.0029863	 2.56904	 -0.154605	 0.650416	 0.0998332
105.66	 0.172791	 0.00296653	 2.58046	 -0.154591	 0.645867	 0.100016
105.68	 0.171894	 0.00294629	 2.59183	 -0.154574	 0.641289	 0.100203
105.7	 0.170968	 0.00292561	 2.60316	 -0.154555	 0.636682	 0.100392
105.72	 0.170012	 0.00290449	 2.61443	 -0.154533	 0.632045	 0.100585
105.74	 0.169028	 0.00288296	 2.62565	 -0.154509	 0.627381	 0.100779
105.76	 0.168016	 0.00286102	 2.63682	 -0.154482	 0.622688	 0.100975
105.78	 0.166975	 0.00283872	 2.64794	 -0.154452	 0.617968	 0.101172
105.8	 0.165906	 0.00281605	 2.65901	 -0.154419	 0.61322	 0.101369
105.82	 0.16481	 0.00279305	 2.67001	 -0.154383	 0.608444	 0.101565
105.84	 0.163686	 0.00276974	 2.68096	 -0.154343	 0.603642	 0.10176
105.86	 0.162535	 0.00274614	 2.69186	 -0.1543	 0.598812	 0.101954
105.88	 0.161358	 0.00272227	 2.70269	 -0.154254	 0.593956	 0.102146
105.9	 0.160154	 0.00269818	 2.71346	 -0.154204	 0.589072	 0.102335
105.92	 0.158925	 0.00267388	 2.72418	 -0.15415	 0.584162	 0.10252
105.94	 0.15767	 0.0026494	 2.73483	 -0.154092	 0.579226	 0.102701
105.96	 0.156389	 0.00262477	 2.74541	 -0.154031	 0.574262	 0.102878
105.98	 0.155084	 0.00260002	 2.75593	 -0.153965	 0.569272	 0.103049
106	 0.153754	 0.00257519	 2.76639	 -0.153896	 0.564255	 0.103215
106.02	 0.152401	 0.00255031	 2.77678	 -0.153823	 0.559212	 0.103375
106.04	 0.151023	 0.0025254	 2.78709	 -0.153746	 0.554141	 0.103528
106.06	 0.149622	 0.00250051	 2.79734	 -0.153665	 0.549043	 0.103674
106.08	 0.148199	 0.00247567	 2.80752	 -0.15358	 0.543918	 0.103812
106.1	 0.146752	 0.00245092	 2.81763	 -0.153492	 0.538766	 0.103942
106.12	 0.145284	 0.00242628	 2.82766	 -0.153399	 0.533585	 0.104063
106.14	 0.143794	 0.0024018	 2.83762	 -0.153302	 0.528377	 0.104175
106.16	 0.142283	 0.0023775	 2.84751	 -0.153201	 0.52314	 0.104278
106.18	 0.14075	 0.00235344	 2.85732	 -0.153097	 0.517874	 0.104371
106.2	 0.139198	 0.00232964	 2.86705	 -0.152989	 0.512579	 0.104454
106.22	 0.137625	 0.00230613	 2.8767	 -0.152877	 0.507255	 0.104526
106.24	 0.136032	 0.00228297	 2.88627	 -0.152761	 0.501901	 0.104588
106.26	 0.134421	 0.00226018	 2.89576	 -0.152642	 0.496516	 0.104638
106.28	 0.13279	 0.0022378	 2.90517	 -0.152519	 0.4911	 0.104678
106.3	 0.131142	 0.00221587	 2.9145	 -0.152393	 0.485653	 0.104705
106.32	 0.129475	 0.00219442	 2.92374	 -0.152263	 0.480174	 0.104721
106.34	 0.127791	 0.00217348	 2.9329	 -0.15213	 0.474663	 0.104725
106.36	 0.126089	 0.00215311	 2.94197	 -0.151994	 0.469119	 0.104717
106.38	 0.124371	 0.00213331	 2.95095	 -0.151855	 0.463541	 0.104697
106.4	 0.122636	 0.00211414	 2.95985	 -0.151713	 0.457929	 0.104664
106.42	 0.120886	 0.00209562	 2.96865	 -0.151569	 0.452282	 0.10462
106.44	 0.11912	 0.00207779	 2.97737	 -0.151421	 0.4466	 0.104563
106.46	 0.117339	 0.00206068	 2.98599	 -0.151272	 0.440881	 0.104494
106.48	 0.115543	 0.00204431	 2.99452	 -0.151119	 0.435126	 0.104412
106.5	 0.113733	 0.00202872	 3.00296	 -0.150965	 0.429333	 0.104319
106.52	 0.111909	 0.00201393	 3.01131	 -0.150808	 0.423503	 0.104213
106.54	 0.110071	 0.00199997	 3.01955	 -0.15065	 0.417633	 0.104096
106.56	 0.108221	 0.00198686	 3.02771	 -0.150489	 0.411724	 0.103967
106.58	 0.106357	 0.00197464	 3.03576	 -0.150327	 0.405775	 0.103826
106.6	 0.104481	 0.00196331	 3.04372	 -0.150163	 0.399785	 0.103674
106.62	 0.102593	 0.00195291	 3.05158	 -0.149998	 0.393753	 0.103511
106.64	 0.100693	 0.00194344	 3.05934	 -0.149832	 0.387679	 0.103337
106.66	 0.0987819	 0.00193492	 3.067	 -0.149665	 0.381562	 0.103152
106.68	 0.0968597	 0.00192738	 3.07456	 -0.149496	 0.375401	 0.102958
106.7	 0.0949269	 0.00192082	 3.08201	 -0.149327	 0.369196	 0.102753
106.72	 0.0929837	 0.00191526	 3.08937	 -0.149157	 0.362945	 0.102539
106.74	 0.0910305	 0.0019107	 3.09662	 -0.148987	 0.356648	 0.102316
106.76	 0.0890676	 0.00190715	 3.10376	 -0.148816	 0.350305	 0.102085
106.78	 0.0870953	 0.00190461	 3.1108	 -0.148645	 0.343914	 0.101845
106.8	 0.0851139	 0.0019031	 3.11773	 -0.148473	 0.337475	 0.101597
106.82	 0.0831238	 0.00190262	 3.12456	 -0.148302	 0.330988	 0.101342
106.84	 0.0811252	 0.00190315	 3.13128	 -0.14813	 0.324451	 0.101081
106.86	 0.0791184	 0.00190471	 3.13789	 -0.147959	 0.317864	 0.100813
106.88	 0.0771036	 0.00190728	 3.14439	 -0.147788	 0.311227	 0.100539
106.9	 0.0750813	 0.00191087	 3.15079	 -0.147618	 0.304538	 0.10026
106.92	 0.0730516	 0.00191545	 3.15707	 -0.147447	 0.297797	 0.0999768
106.94	 0.0710147	 0.00192103	 3.16324	 -0.147278	 0.291004	 0.0996893
106.96	 0.068971	 0.00192759	 3.16931	 -0.147109	 0.284158	 0.0993982
106.98	 0.0669208	 0.00193511	 3.17526	 -0.14694	 0.277259	 0.0991042
107	 0.0648641	 0.00194358	 3.1811	 -0.146773	 0.270306	 0.0988078
107.02	 0.0628014	 0.00195298	 3.18682	 -0.146606	 0.263299	 0.0985097
107.04	 0.0607328	 0.00196329	 3.19243	 -0.14644	 0.256237	 0.0982104
107.06	 0.0586585	 0.00197449	 3.19793	 -0.146275	 0.24912	 0.0979106
107.08	 0.0565788	 0.00198656	 3.20332	 -0.146111	 0.241949	 0.0976109
107.1	 0.0544939	 0.00199947	 3.20859	 -0.145948	 0.234721	 0.0973119
107.12	 0.0524039	 0.00201319	 3.21374	 -0.145787	 0.227439	 0.0970142
107.14	 0.0503092	 0.0020277	 3.21878	 -0.145627	 0.2201	 0.0967184
107.16	 0.0482098	 0.00204297	 3.22371	 -0.145468	 0.212706	 0.0964251
107.18	 0.046106	 0.00205897	 3.22852	 -0.145311	 0.205256	 0.0961349
107.2	 0.043998	 0.00207566	 3.23321	 -0.145155	 0.19775	 0.0958484
107.22	 0.0418859	 0.00209301	 3.23778	 -0.145001	 0.190188	 0.0955662
107.24	 0.0397699	 0.00211097	 3.24224	 -0.144848	 0.18257	 0.0952888
107.26	 0.0376503	 0.00212953	 3.24658	 -0.144697	 0.174897	 0.0950169
107.28	 0.0355271	 0.00214863	 3.2508	 -0.144548	 0.167169	 0.0947508
107.3	 0.0334005	 0.00216823	 3.25491	 -0.1444	 0.159385	 0.0944913
107.32	 0.0312707	 0.0021883	 3.2589	 -0.144254	 0.151547	 0.0942387
107.34	 0.0291378	 0.00220879	 3.26276	 -0.14411	 0.143654	 0.0939937
107.36	 0.027002	 0.00222966	 3.26651	 -0.143968	 0.135708	 0.0937566
107.38	 0.0248635	 0.00225086	 3.27015	 -0.143827	 0.127707	 0.0935279
107.4	 0.0227223	 0.00227236	 3.27366	 -0.143688	 0.119654	 0.0933081
107.42	 0.0205786	 0.0022941	 3.27705	 -0.143551	 0.111549	 0.0930977
107.44	 0.0184325	 0.00231603	 3.28032	 -0.143415	 0.103391	 0.0928969
107.46	 0.0162842	 0.00233812	 3.28348	 -0.143282	 0.0951826	 0.0927063
107.48	 0.0141339	 0.00236032	 3.28651	 -0.14315	 0.0869237	 0.0925261
107.5	 0.0119815	 0.00238258	 3.28942	 -0.143019	 0.0786154	 0.0923567
107.52	 0.00982732	 0.00240485	 3.29222	 -0.14289	 0.0702584	 0.0921984
107.54	 0.00767141	 0.00242709	 3.29489	 -0.142763	 0.0618538	 0.0920515
107.56	 0.0055139	 0.00244925	 3.29745	 -0.142637	 0.0534026	 0.0919162
107.58	 0.00335492	 0.00247128	 3.29988	 -0.142513	 0.0449059	 0.0917927
107.6	 0.00119458	 0.00249314	 3.30219	 -0.142391	 0.036365	 0.0916812
107.62	 -0.000967008	 0.00251478	 3.30439	 -0.14227	 0.027781	 0.0915818
107.64	 -0.00312972	 0.00253616	 3.30646	 -0.14215	 0.0191552	 0.0914947
107.66	 -0.00529343	 0.00255722	 3.30841	 -0.142031	 0.0104892	 0.09142
107.68	 -0.00745804	 0.00257793	 3.31024	 -0.141914	 0.00178422	 0.0913577
107.7	 -0.00962342	 0.00259824	 3.31195	 -0.141798	 -0.0069581	 0.0913078
107.72	 -0.0117895	 0.0026181	 3.31355	 -0.141683	 -0.0157363	 0.0912705
107.74	 -0.0139561	 0.00263748	 3.31502	 -0.141569	 -0.0245486	 0.0912456
107.76	 -0.0161231	 0.00265633	 3.31636	 -0.141456	 -0.0333936	 0.0912331
107.78	 -0.0182904	 0.00267462	 3.31759	 -0.141343	 -0.0422694	 0.0912329
107.8	 -0.0204579	 0.00269231	 3.3187	 -0.141232	 -0.0511742	 0.0912449
107.82	 -0.0226255	 0.00270935	 3.31969	 -0.141122	 -0.0601062	 0.0912689
107.84	 -0.0247931	 0.00272572	 3.32056	 -0.141013	 -0.0690636	 0.0913048
107.86	 -0.0269605	 0.00274138	 3.3213	 -0.140904	 -0.0780444	 0.0913525
107.88	 -0.0291277	 0.0027563	 3.32193	 -0.140796	 -0.0870466	 0.0914115
107.9	 -0.0312945	 0.00277044	 3.32244	 -0.140689	 -0.0960683	 0.0914818
107.92	 -0.0334608	 0.00278379	 3.32282	 -0.140583	 -0.105107	 0.091563
107.94	 -0.0356265	 0.0027963	 3.32309	 -0.140478	 -0.114162	 0.0916548
107.96	 -0.0377915	 0.00280796	 3.32323	 -0.140373	 -0.12323	 0.0917569
107.98	 -0.0399557	 0.00281874	 3.32326	 -0.14027	 -0.132309	 0.091869
108	 -0.0421189	 0.00282863	 3.32316	 -0.140167	 -0.141398	 0.0919907
108.02	 -0.0442811	 0.0028376	 3.32295	 -0.140065	 -0.150493	 0.0921217
108.04	 -0.0464422	 0.00284563	 3.32261	 -0.139964	 -0.159594	 0.0922614
108.06	 -0.0486019	 0.00285273	 3.32216	 -0.139865	 -0.168697	 0.0924095
108.08	 -0.0507603	 0.00285886	 3.32158	 -0.139766	 -0.177801	 0.0925656
108.1	 -0.0529172	 0.00286403	 3.32089	 -0.139669	 -0.186904	 0.0927292
108.12	 -0.0550724	 0.00286823	 3.32008	 -0.139573	 -0.196003	 0.0928998
108.14	 -0.057226	 0.00287145	 3.31915	 -0.139478	 -0.205097	 0.0930769
108.16	 -0.0593777	 0.00287369	 3.3181	 -0.139385	 -0.214182	 0.09326
108.18	 -0.0615275	 0.00287495	 3.31693	 -0.139293	 -0.223257	 0.0934486
108.2	 -0.0636752	 0.00287523	 3.31564	 -0.139203	 -0.23232	 0.0936422
108.22	 -0.0658208	 0.00287453	 3.31423	 -0.139114	 -0.241369	 0.0938403
108.24	 -0.0679642	 0.00287287	 3.31271	 -0.139027	 -0.250401	 0.0940422
108.26	 -0.0701051	 0.00287025	 3.31106	 -0.138943	 -0.259415	 0.0942474
108.28	 -0.0722436	 0.00286667	 3.3093	 -0.13886	 -0.268408	 0.0944554
108.3	 -0.0743794	 0.00286216	 3.30742	 -0.138779	 -0.277379	 0.0946656
108.32	 -0.0765126	 0.00285672	 3.30543	 -0.138701	 -0.286325	 0.0948774
108.34	 -0.078643	 0.00285037	 3.30331	 -0.138624	 -0.295244	 0.0950903
108.36	 -0.0807705	 0.00284312	 3.30108	 -0.138551	 -0.304135	 0.0953037
108.38	 -0.0828949	 0.00283499	 3.29873	 -0.138479	 -0.312995	 0.095517
108.4	 -0.0850163	 0.00282601	 3.29627	 -0.13841	 -0.321824	 0.0957297
108.42	 -0.0871344	 0.00281618	 3.29369	 -0.138344	 -0.330618	 0.0959412
108.44	 -0.0892492	 0.00280554	 3.29099	 -0.138281	 -0.339377	 0.0961509
108.46	 -0.0913606	 0.00279412	 3.28817	 -0.13822	 -0.348098	 0.0963584
108.48	 -0.0934684	 0.00278193	 3.28524	 -0.138163	 -0.356779	 0.0965631
108.5	 -0.0955726	 0.00276901	 3.28219	 -0.138108	 -0.36542	 0.0967644
108.52	 -0.097673	 0.00275539	 3.27903	 -0.138057	 -0.374017	 0.0969619
108.54	 -0.0997696	 0.00274109	 3.27575	 -0.138009	 -0.382571	 0.097155
108.56	 -0.101862	 0.00272615	 3.27236	 -0.137964	 -0.391078	 0.0973433
108.58	 -0.103951	 0.00271061	 3.26885	 -0.137923	 -0.399537	 0.0975262
108.6	 -0.106035	 0.00269449	 3.26523	 -0.137886	 -0.407948	 0.0977033
108.62	 -0.108115	 0.00267783	 3.26149	 -0.137852	 -0.416307	 0.0978741
108.64	 -0.110191	 0.00266068	 3.25764	 -0.137822	 -0.424615	 0.0980383
108.66	 -0.112262	 0.00264306	 3.25367	 -0.137796	 -0.43287	 0.0981953
108.68	 -0.114328	 0.002625	 3.24959	 -0.137774	 -0.441071	 0.0983448
108.7	 -0.11639	 0.00260655	 3.2454	 -0.137756	 -0.449216	 0.0984864
108.72	 -0.118447	 0.00258775	 3.24109	 -0.137741	 -0.457305	 0.0986198
108.74	 -0.120499	 0.00256862	 3.23668	 -0.137731	 -0.465337	 0.0987446
108.76	 -0.122546	 0.0025492	 3.23214	 -0.137725	 -0.473311	 0.0988606
108.78	 -0.124588	 0.00252953	 3.2275	 -0.137723	 -0.481226	 0.0989674
108.8	 -0.126625	 0.00250965	 3.22274	 -0.137726	 -0.489081	 0.0990649
108.82	 -0.128656	 0.0024896	 3.21788	 -0.137732	 -0.496876	 0.0991527
108.84	 -0.130681	 0.00246941	 3.2129	 -0.137743	 -0.504611	 0.0992307
108.86	 -0.132701	 0.00244913	 3.20781	 -0.137759	 -0.512283	 0.0992987
108.88	 -0.134715	 0.0024288	 3.2026	 -0.137779	 -0.519894	 0.0993565
108.9	 -0.136723	 0.00240845	 3.19729	 -0.137803	 -0.527443	 0.0994041
108.92	 -0.138726	 0.00238812	 3.19187	 -0.137831	 -0.534929	 0.0994413
108.94	 -0.140722	 0.00236785	 3.18634	 -0.137865	 -0.542352	 0.099468
108.96	 -0.142711	 0.00234766	 3.1807	 -0.137902	 -0.549712	 0.0994842
108.98	 -0.144695	 0.00232759	 3.17495	 -0.137944	 -0.557008	 0.09949
109	 -0.146672	 0.00230768	 3.16909	 -0.137991	 -0.56424	 0.0994852
109.02	 -0.148642	 0.00228795	 3.16313	 -0.138041	 -0.571409	 0.0994699
109.04	 -0.150605	 0.00226845	 3.15706	 -0.138097	 -0.578513	 0.0994442
109.06	 -0.152561	 0.0022492	 3.15088	 -0.138156	 -0.585554	 0.0994082
109.08	 -0.15451	 0.00223024	 3.14459	 -0.13822	 -0.592531	 0.099362
109.1	 -0.156451	 0.00221159	 3.1382	 -0.138289	 -0.599444	 0.0993056
109.12	 -0.158385	 0.00219329	 3.1317	 -0.138361	 -0.606293	 0.0992394
109.14	 -0.160312	 0.00217536	 3.1251	 -0.138438	 -0.613079	 0.0991634
109.16	 -0.16223	 0.00215784	 3.11839	 -0.138519	 -0.619802	 0.0990779
109.18	 -0.164141	 0.00214074	 3.11158	 -0.138605	 -0.626462	 0.0989831
109.2	 -0.166043	 0.0021241	 3.10466	 -0.138694	 -0.63306	 0.0988793
109.22	 -0.167937	 0.00210793	 3.09764	 -0.138788	 -0.639596	 0.0987667
109.24	 -0.169822	 0.00209227	 3.09052	 -0.138885	 -0.64607	 0.0986457
109.26	 -0.171698	 0.00207713	 3.08329	 -0.138987	 -0.652483	 0.0985166
109.28	 -0.173566	 0.00206254	 3.07597	 -0.139092	 -0.658835	 0.0983797
109.3	 -0.175424	 0.00204852	 3.06854	 -0.139201	 -0.665126	 0.0982353
109.32	 -0.177272	 0.00203507	 3.06102	 -0.139314	 -0.671358	 0.098084
109.34	 -0.179111	 0.00202224	 3.05339	 -0.13943	 -0.67753	 0.097926
109.36	 -0.180939	 0.00201001	 3.04567	 -0.13955	 -0.683643	 0.0977617
109.38	 -0.182758	 0.00199842	 3.03785	 -0.139673	 -0.689698	 0.0975917
109.4	 -0.184566	 0.00198747	 3.02993	 -0.139799	 -0.695695	 0.0974163
109.42	 -0.186363	 0.00197718	 3.02191	 -0.139929	 -0.701635	 0.0972359
109.44	 -0.188149	 0.00196755	 3.0138	 -0.140061	 -0.707519	 0.0970511
109.46	 -0.189924	 0.00195859	 3.00559	 -0.140196	 -0.713346	 0.0968623
109.48	 -0.191688	 0.0019503	 2.99729	 -0.140334	 -0.719118	 0.0966701
109.5	 -0.193439	 0.00194269	 2.98889	 -0.140474	 -0.724836	 0.0964748
109.52	 -0.195179	 0.00193576	 2.9804	 -0.140617	 -0.730499	 0.096277
109.54	 -0.196906	 0.00192951	 2.97182	 -0.140761	 -0.736109	 0.0960772
109.56	 -0.19862	 0.00192394	 2.96315	 -0.140908	 -0.741666	 0.0958759
109.58	 -0.200322	 0.00191904	 2.95438	 -0.141057	 -0.74717	 0.0956736
109.6	 -0.202009	 0.00191482	 2.94553	 -0.141208	 -0.752623	 0.0954709
109.62	 -0.203684	 0.00191127	 2.93658	 -0.14136	 -0.758025	 0.0952683
109.64	 -0.205344	 0.00190837	 2.92755	 -0.141513	 -0.763377	 0.0950662
109.66	 -0.20699	 0.00190614	 2.91844	 -0.141667	 -0.768678	 0.0948653
109.68	 -0.208621	 0.00190455	 2.90923	 -0.141823	 -0.773931	 0.094666
109.7	 -0.210237	 0.0019036	 2.89994	 -0.141979	 -0.779134	 0.0944689
109.72	 -0.211838	 0.00190327	 2.89057	 -0.142135	 -0.78429	 0.0942744
109.74	 -0.213423	 0.00190356	 2.88111	 -0.142292	 -0.789397	 0.0940831
109.76	 -0.214992	 0.00190445	 2.87157	 -0.142449	 -0.794458	 0.0938955
109.78	 -0.216545	 0.00190592	 2.86195	 -0.142606	 -0.799471	 0.093712
109.8	 -0.218081	 0.00190795	 2.85224	 -0.142762	 -0.804439	 0.0935332
109.82	 -0.219599	 0.00191054	 2.84246	 -0.142918	 -0.809361	 0.0933595
109.84	 -0.221101	 0.00191366	 2.8326	 -0.143072	 -0.814239	 0.0931913
109.86	 -0.222584	 0.0019173	 2.82266	 -0.143226	 -0.819071	 0.0930291
109.88	 -0.224049	 0.00192143	 2.81265	 -0.143378	 -0.82386	 0.0928734
109.9	 -0.225495	 0.00192604	 2.80256	 -0.143529	 -0.828604	 0.0927245
109.92	 -0.226923	 0.00193111	 2.79239	 -0.143678	 -0.833306	 0.0925829
109.94	 -0.228331	 0.00193662	 2.78215	 -0.143825	 -0.837964	 0.0924488
109.96	 -0.229719	 0.00194255	 2.77184	 -0.14397	 -0.84258	 0.0923226
109.98	 -0.231087	 0.00194889	 2.76146	 -0.144113	 -0.847154	 0.0922048
110	 -0.232435	 0.0019556	 2.75101	 -0.144254	 -0.851686	 0.0920955
110.02	 -0.233762	 0.00196267	 2.74049	 -0.144392	 -0.856176	 0.0919951
110.04	 -0.235067	 0.00197007	 2.7299	 -0.144527	 -0.860625	 0.091904
110.06	 -0.236351	 0.00197779	 2.71924	 -0.144659	 -0.865033	 0.0918224
110.08	 -0.237613	 0.00198579	 2.70852	 -0.144788	 -0.869399	 0.0917504
110.1	 -0.238852	 0.00199407	 2.69774	 -0.144913	 -0.873725	 0.0916884
110.12	 -0.240069	 0.00200259	 2.68689	 -0.145035	 -0.87801	 0.0916366
110.14	 -0.241263	 0.00201134	 2.67598	 -0.145154	 -0.882255	 0.091595
110.16	 -0.242433	 0.00202029	 2.66501	 -0.145269	 -0.886458	 0.0915639
110.18	 -0.24358	 0.00202944	 2.65398	 -0.145379	 -0.890622	 0.0915433
110.2	 -0.244702	 0.00203877	 2.64289	 -0.145486	 -0.894745	 0.0915334
110.22	 -0.2458	 0.00204824	 2.63174	 -0.145589	 -0.898827	 0.0915341
110.24	 -0.246873	 0.00205786	 2.62054	 -0.145688	 -0.902869	 0.0915456
110.26	 -0.247921	 0.0020676	 2.60928	 -0.145782	 -0.906871	 0.0915679
110.28	 -0.248944	 0.00207745	 2.59797	 -0.145873	 -0.910832	 0.0916009
110.3	 -0.24994	 0.00208738	 2.58661	 -0.145959	 -0.914752	 0.0916447
110.32	 -0.250911	 0.00209738	 2.57519	 -0.14604	 -0.918631	 0.0916991
110.34	 -0.251855	 0.00210744	 2.56373	 -0.146118	 -0.92247	 0.0917641
110.36	 -0.252773	 0.00211755	 2.55221	 -0.146191	 -0.926266	 0.0918396
110.38	 -0.253663	 0.00212768	 2.54065	 -0.14626	 -0.930022	 0.0919254
110.4	 -0.254526	 0.00213783	 2.52905	 -0.146324	 -0.933736	 0.0920214
110.42	 -0.255362	 0.00214798	 2.5174	 -0.146384	 -0.937407	 0.0921275
110.44	 -0.256169	 0.00215813	 2.5057	 -0.146439	 -0.941037	 0.0922434
110.46	 -0.256949	 0.00216825	 2.49396	 -0.14649	 -0.944624	 0.0923691
110.48	 -0.2577	 0.00217835	 2.48219	 -0.146537	 -0.948167	 0.0925041
110.5	 -0.258423	 0.0021884	 2.47037	 -0.14658	 -0.951668	 0.0926484
110.52	 -0.259117	 0.00219841	 2.45851	 -0.146618	 -0.955125	 0.0928015
110.54	 -0.259782	 0.00220836	 2.44662	 -0.146652	 -0.958537	 0.0929633
110.56	 -0.260418	 0.00221824	 2.43469	 -0.146682	 -0.961905	 0.0931333
110.58	 -0.261024	 0.00222806	 2.42273	 -0.146708	 -0.965228	 0.0933113
110.6	 -0.261601	 0.0022378	 2.41073	 -0.14673	 -0.968505	 0.093497
110.62	 -0.262148	 0.00224746	 2.3987	 -0.146748	 -0.971736	 0.0936898
110.64	 -0.262665	 0.00225703	 2.38664	 -0.146762	 -0.974921	 0.0938896
110.66	 -0.263152	 0.00226652	 2.37455	 -0.146773	 -0.978058	 0.0940958
110.68	 -0.26361	 0.00227592	 2.36243	 -0.14678	 -0.981148	 0.0943081
110.7	 -0.264036	 0.00228523	 2.35029	 -0.146784	 -0.984189	 0.0945261
110.72	 -0.264433	 0.00229444	 2.33812	 -0.146785	 -0.987181	 0.0947493
110.74	 -0.264799	 0.00230357	 2.32593	 -0.146782	 -0.990124	 0.0949773
110.76	 -0.265134	 0.0023126	 2.31371	 -0.146777	 -0.993017	 0.0952096
110.78	 -0.265439	 0.00232154	 2.30147	 -0.146769	 -0.995858	 0.0954459
110.8	 -0.265713	 0.00233039	 2.28921	 -0.146758	 -0.998649	 0.0956856
110.82	 -0.265956	 0.00233915	 2.27693	 -0.146744	 -1.00139	 0.0959283
110.84	 -0.266169	 0.00234784	 2.26464	 -0.146728	 -1.00407	 0.0961735
110.86	 -0.266351	 0.00235644	 2.25233	 -0.146711	 -1.0067	 0.0964207
110.88	 -0.266502	 0.00236497	 2.24	 -0.146691	 -1.00928	 0.0966694
110.9	 -0.266622	 0.00237343	 2.22766	 -0.146669	 -1.0118	 0.0969192
110.92	 -0.266712	 0.00238183	 2.21531	 -0.146646	 -1.01427	 0.0971696
110.94	 -0.266771	 0.00239016	 2.20294	 -0.146622	 -1.01668	 0.0974201
110.96	 -0.266799	 0.00239845	 2.19057	 -0.146597	 -1.01903	 0.0976701
110.98	 -0.266797	 0.00240668	 2.17818	 -0.14657	 -1.02132	 0.0979194
111	 -0.266764	 0.00241488	 2.16579	 -0.146543	 -1.02355	 0.0981673
111.02	 -0.266701	 0.00242304	 2.1534	 -0.146515	 -1.02573	 0.0984135
111.04	 -0.266607	 0.00243118	 2.141	 -0.146487	 -1.02784	 0.0986575
111.06	 -0.266483	 0.00243929	 2.12859	 -0.146459	 -1.02989	 0.0988988
111.08	 -0.26633	 0.00244739	 2.11619	 -0.146431	 -1.03188	 0.099137
111.1	 -0.266146	 0.00245548	 2.10378	 -0.146403	 -1.0338	 0.0993716
111.12	 -0.265932	 0.00246356	 2.09137	 -0.146375	 -1.03566	 0.0996023
111.14	 -0.265689	 0.00247166	 2.07897	 -0.146348	 -1.03746	 0.0998285
111.16	 -0.265416	 0.00247976	 2.06656	 -0.146322	 -1.03918	 0.10005
111.18	 -0.265114	 0.00248789	 2.05417	 -0.146298	 -1.04084	 0.100266
111.2	 -0.264783	 0.00249604	 2.04177	 -0.146274	 -1.04243	 0.100477
111.22	 -0.264423	 0.00250422	 2.02939	 -0.146252	 -1.04395	 0.100681
111.24	 -0.264034	 0.00251245	 2.01701	 -0.146232	 -1.04541	 0.10088
111.26	 -0.263617	 0.00252071	 2.00464	 -0.146213	 -1.04678	 0.101071
111.28	 -0.263171	 0.00252903	 1.99228	 -0.146197	 -1.04809	 0.101256
111.3	 -0.262698	 0.00253741	 1.97994	 -0.146183	 -1.04932	 0.101433
111.32	 -0.262196	 0.00254584	 1.96761	 -0.146171	 -1.05048	 0.101603
111.34	 -0.261667	 0.00255434	 1.95529	 -0.146162	 -1.05156	 0.101765
111.36	 -0.261111	 0.00256291	 1.94299	 -0.146155	 -1.05256	 0.101919
111.38	 -0.260527	 0.00257156	 1.93071	 -0.146152	 -1.05349	 0.102065
111.4	 -0.259917	 0.00258029	 1.91844	 -0.146152	 -1.05434	 0.102202
111.42	 -0.25928	 0.00258909	 1.90619	 -0.146155	 -1.0551	 0.102331
111.44	 -0.258617	 0.00259798	 1.89397	 -0.146161	 -1.05578	 0.10245
111.46	 -0.257928	 0.00260695	 1.88177	 -0.146171	 -1.05638	 0.102561
111.48	 -0.257213	 0.00261602	 1.86959	 -0.146185	 -1.0569	 0.102662
111.5	 -0.256473	 0.00262517	 1.85743	 -0.146202	 -1.05733	 0.102755
111.52	 -0.255708	 0.0026344	 1.84531	 -0.146224	 -1.05767	 0.102838
111.54	 -0.254917	 0.00264373	 1.83321	 -0.146249	 -1.05793	 0.102911
111.56	 -0.254103	 0.00265315	 1.82114	 -0.146279	 -1.05809	 0.102975
111.58	 -0.253264	 0.00266265	 1.80909	 -0.146313	 -1.05817	 0.10303
111.6	 -0.252401	 0.00267224	 1.79708	 -0.146352	 -1.05815	 0.103075
111.62	 -0.251514	 0.00268191	 1.78511	 -0.146395	 -1.05804	 0.103111
111.64	 -0.250604	 0.00269166	 1.77316	 -0.146442	 -1.05783	 0.103137
111.66	 -0.249671	 0.00270148	 1.76126	 -0.146494	 -1.05753	 0.103155
111.68	 -0.248715	 0.00271139	 1.74938	 -0.146551	 -1.05712	 0.103162
111.7	 -0.247737	 0.00272135	 1.73755	 -0.146613	 -1.05663	 0.103161
111.72	 -0.246737	 0.00273139	 1.72576	 -0.14668	 -1.05602	 0.103151
111.74	 -0.245715	 0.00274148	 1.714	 -0.146751	 -1.05532	 0.103132
111.76	 -0.244671	 0.00275162	 1.70229	 -0.146827	 -1.05452	 0.103104
111.78	 -0.243606	 0.00276181	 1.69062	 -0.146909	 -1.05361	 0.103068
111.8	 -0.24252	 0.00277204	 1.679	 -0.146995	 -1.05259	 0.103023
111.82	 -0.241414	 0.00278229	 1.66742	 -0.147086	 -1.05147	 0.102971
111.84	 -0.240287	 0.00279257	 1.65589	 -0.147183	 -1.05023	 0.10291
111.86	 -0.23914	 0.00280286	 1.6444	 -0.147284	 -1.04889	 0.102842
111.88	 -0.237974	 0.00281316	 1.63297	 -0.14739	 -1.04743	 0.102767
111.9	 -0.236787	 0.00282346	 1.62159	 -0.147502	 -1.04586	 0.102685
111.92	 -0.235582	 0.00283374	 1.61026	 -0.147618	 -1.04418	 0.102595
111.94	 -0.234358	 0.00284399	 1.59898	 -0.147739	 -1.04237	 0.1025
111.96	 -0.233115	 0.00285422	 1.58776	 -0.147866	 -1.04045	 0.102398
111.98	 -0.231853	 0.0028644	 1.57659	 -0.147997	 -1.03841	 0.102291
112	 -0.230574	 0.00287452	 1.56548	 -0.148133	 -1.03625	 0.102178
112.02	 -0.229277	 0.00288458	 1.55443	 -0.148274	 -1.03397	 0.102061
112.04	 -0.227961	 0.00289456	 1.54344	 -0.14842	 -1.03156	 0.101938
112.06	 -0.226629	 0.00290445	 1.53251	 -0.14857	 -1.02902	 0.101812
112.08	 -0.225279	 0.00291424	 1.52165	 -0.148725	 -1.02636	 0.101681
112.1	 -0.223913	 0.00292392	 1.51084	 -0.148885	 -1.02357	 0.101548
112.12	 -0.22253	 0.00293347	 1.50011	 -0.149049	 -1.02065	 0.101411
112.14	 -0.22113	 0.00294289	 1.48944	 -0.149217	 -1.0176	 0.101271
112.16	 -0.219714	 0.00295217	 1.47883	 -0.14939	 -1.01442	 0.10113
112.18	 -0.218282	 0.00296129	 1.4683	 -0.149567	 -1.0111	 0.100986
112.2	 -0.216834	 0.00297025	 1.45784	 -0.149748	 -1.00764	 0.100841
112.22	 -0.215371	 0.00297903	 1.44745	 -0.149934	 -1.00405	 0.100695
112.24	 -0.213892	 0.00298762	 1.43713	 -0.150123	 -1.00031	 0.100549
112.26	 -0.212397	 0.00299601	 1.42689	 -0.150316	 -0.996441	 0.100403
112.28	 -0.210888	 0.00300419	 1.41672	 -0.150513	 -0.992426	 0.100257
112.3	 -0.209364	 0.00301215	 1.40663	 -0.150714	 -0.988269	 0.100112
112.32	 -0.207825	 0.00301988	 1.39662	 -0.150918	 -0.983967	 0.0999679
112.34	 -0.206271	 0.00302738	 1.38669	 -0.151126	 -0.97952	 0.0998256
112.36	 -0.204704	 0.00303463	 1.37684	 -0.151337	 -0.974926	 0.0996855
112.38	 -0.203121	 0.00304163	 1.36707	 -0.151551	 -0.970183	 0.0995479
112.4	 -0.201525	 0.00304836	 1.35738	 -0.151769	 -0.965292	 0.0994133
112.42	 -0.199915	 0.00305482	 1.34778	 -0.151989	 -0.96025	 0.0992819
112.44	 -0.198291	 0.003061	 1.33827	 -0.152212	 -0.955056	 0.0991543
112.46	 -0.196653	 0.0030669	 1.32884	 -0.152439	 -0.94971	 0.0990309
112.48	 -0.195002	 0.0030725	 1.3195	 -0.152667	 -0.94421	 0.0989119
112.5	 -0.193337	 0.00307781	 1.31025	 -0.152899	 -0.938556	 0.0987978
112.52	 -0.191659	 0.00308281	 1.30109	 -0.153132	 -0.932746	 0.098689
112.54	 -0.189968	 0.00308751	 1.29203	 -0.153368	 -0.926779	 0.0985858
112.56	 -0.188263	 0.00309189	 1.28306	 -0.153607	 -0.920655	 0.0984884
112.58	 -0.186546	 0.00309597	 1.27418	 -0.153847	 -0.914372	 0.0983974
112.6	 -0.184815	 0.00309972	 1.2654	 -0.154089	 -0.907931	 0.0983129
112.62	 -0.183072	 0.00310316	 1.25671	 -0.154333	 -0.90133	 0.0982353
112.64	 -0.181317	 0.00310627	 1.24813	 -0.154579	 -0.894568	 0.0981648
112.66	 -0.179548	 0.00310907	 1.23964	 -0.154826	 -0.887645	 0.0981017
112.68	 -0.177768	 0.00311154	 1.23125	 -0.155074	 -0.880561	 0.0980463
112.7	 -0.175974	 0.0031137	 1.22297	 -0.155324	 -0.873315	 0.0979989
112.72	 -0.174169	 0.00311553	 1.21479	 -0.155575	 -0.865907	 0.0979595
112.74	 -0.172351	 0.00311705	 1.20671	 -0.155827	 -0.858336	 0.0979284
112.76	 -0.170521	 0.00311826	 1.19874	 -0.15608	 -0.850602	 0.0979059
112.78	 -0.168679	 0.00311916	 1.19088	 -0.156334	 -0.842704	 0.097892
112.8	 -0.166826	 0.00311975	 1.18312	 -0.156589	 -0.834644	 0.097887
112.82	 -0.16496	 0.00312005	 1.17547	 -0.156845	 -0.82642	 0.0978909
112.84	 -0.163082	 0.00312005	 1.16793	 -0.157101	 -0.818032	 0.0979039
112.86	 -0.161193	 0.00311977	 1.16051	 -0.157357	 -0.809482	 0.0979261
112.88	 -0.159292	 0.00311921	 1.15319	 -0.157614	 -0.800768	 0.0979575
112.9	 -0.15738	 0.00311838	 1.14599	 -0.157872	 -0.791892	 0.0979983
112.92	 -0.155456	 0.00311729	 1.1389	 -0.158129	 -0.782853	 0.0980484
112.94	 -0.153521	 0.00311595	 1.13193	 -0.158387	 -0.773652	 0.098108
112.96	 -0.151575	 0.00311437	 1.12507	 -0.158645	 -0.764289	 0.0981769
112.98	 -0.149617	 0.00311256	 1.11833	 -0.158903	 -0.754766	 0.0982552
113	 -0.147648	 0.00311052	 1.11171	 -0.15916	 -0.745082	 0.0983428
113.02	 -0.145669	 0.00310828	 1.1052	 -0.159418	 -0.735239	 0.0984398
113.04	 -0.143679	 0.00310584	 1.09882	 -0.159675	 -0.725237	 0.0985459
113.06	 -0.141677	 0.00310322	 1.09256	 -0.159932	 -0.715077	 0.0986612
113.08	 -0.139666	 0.00310043	 1.08642	 -0.160189	 -0.704761	 0.0987855
113.1	 -0.137643	 0.00309747	 1.0804	 -0.160445	 -0.694289	 0.0989188
113.12	 -0.13561	 0.00309437	 1.07451	 -0.1607	 -0.683663	 0.0990607
113.14	 -0.133567	 0.00309114	 1.06874	 -0.160955	 -0.672883	 0.0992113
113.16	 -0.131514	 0.0030878	 1.06309	 -0.161209	 -0.661952	 0.0993702
113.18	 -0.129451	 0.00308435	 1.05757	 -0.161462	 -0.650871	 0.0995374
113.2	 -0.127378	 0.00308081	 1.05218	 -0.161715	 -0.639641	 0.0997126
113.22	 -0.125295	 0.0030772	 1.04692	 -0.161966	 -0.628264	 0.0998955
113.24	 -0.123202	 0.00307353	 1.04178	 -0.162217	 -0.616741	 0.100086
113.26	 -0.1211	 0.00306982	 1.03678	 -0.162466	 -0.605075	 0.100284
113.28	 -0.118989	 0.00306608	 1.0319	 -0.162714	 -0.593268	 0.100488
113.3	 -0.116868	 0.00306233	 1.02716	 -0.162961	 -0.581321	 0.1007
113.32	 -0.114739	 0.00305858	 1.02254	 -0.163207	 -0.569237	 0.100917
113.34	 -0.112601	 0.00305486	 1.01806	 -0.163452	 -0.557017	 0.101141
113.36	 -0.110454	 0.00305117	 1.01371	 -0.163695	 -0.544665	 0.101371
113.38	 -0.108298	 0.00304754	 1.0095	 -0.163937	 -0.532182	 0.101606
113.4	 -0.106135	 0.00304398	 1.00542	 -0.164178	 -0.519571	 0.101846
113.42	 -0.103963	 0.00304051	 1.00147	 -0.164417	 -0.506835	 0.10209
113.44	 -0.101783	 0.00303714	 0.997656	 -0.164655	 -0.493977	 0.10234
113.46	 -0.099596	 0.00303389	 0.99398	 -0.164891	 -0.480998	 0.102593
113.48	 -0.0974013	 0.00303077	 0.990439	 -0.165126	 -0.467902	 0.102849
113.5	 -0.0951994	 0.0030278	 0.987035	 -0.165359	 -0.454693	 0.103109
113.52	 -0.0929905	 0.003025	 0.983767	 -0.165591	 -0.441372	 0.103372
113.54	 -0.0907748	 0.00302238	 0.980638	 -0.165821	 -0.427943	 0.103638
113.56	 -0.0885526	 0.00301995	 0.977646	 -0.166049	 -0.414409	 0.103905
113.58	 -0.0863242	 0.00301772	 0.974792	 -0.166276	 -0.400774	 0.104174
113.6	 -0.0840897	 0.00301572	 0.972077	 -0.166501	 -0.38704	 0.104445
113.62	 -0.0818494	 0.00301394	 0.969501	 -0.166725	 -0.373212	 0.104716
113.64	 -0.0796036	 0.00301241	 0.967064	 -0.166946	 -0.359292	 0.104988
113.66	 -0.0773526	 0.00301113	 0.964767	 -0.167166	 -0.345285	 0.10526
113.68	 -0.0750967	 0.00301012	 0.96261	 -0.167384	 -0.331194	 0.105531
113.7	 -0.072836	 0.00300939	 0.960593	 -0.1676	 -0.317022	 0.105802
113.72	 -0.070571	 0.00300894	 0.958717	 -0.167815	 -0.302773	 0.106071
113.74	 -0.0683018	 0.00300878	 0.956981	 -0.168027	 -0.288452	 0.106339
113.76	 -0.0660289	 0.00300892	 0.955386	 -0.168237	 -0.274062	 0.106605
113.78	 -0.0637524	 0.00300937	 0.953932	 -0.168445	 -0.259608	 0.106869
113.8	 -0.0614728	 0.00301013	 0.952619	 -0.168651	 -0.245092	 0.10713
113.82	 -0.0591903	 0.00301122	 0.951447	 -0.168855	 -0.23052	 0.107388
113.84	 -0.0569051	 0.00301263	 0.950416	 -0.169057	 -0.215895	 0.107642
113.86	 -0.0546178	 0.00301437	 0.949527	 -0.169257	 -0.201222	 0.107892
113.88	 -0.0523285	 0.00301645	 0.948779	 -0.169454	 -0.186505	 0.108138
113.9	 -0.0500377	 0.00301888	 0.948173	 -0.16965	 -0.171749	 0.10838
113.92	 -0.0477455	 0.00302165	 0.947708	 -0.169843	 -0.156958	 0.108616
113.94	 -0.0454525	 0.00302476	 0.947385	 -0.170034	 -0.142136	 0.108847
113.96	 -0.0431589	 0.00302822	 0.947202	 -0.170222	 -0.127289	 0.109073
113.98	 -0.0408651	 0.00303204	 0.947161	 -0.170409	 -0.11242	 0.109293
114	 -0.0385713	 0.00303619	 0.947262	 -0.170593	 -0.0975348	 0.109506
114.02	 -0.0362781	 0.0030407	 0.947503	 -0.170774	 -0.0826375	 0.109713
114.04	 -0.0339856	 0.00304555	 0.947885	 -0.170954	 -0.0677329	 0.109913
114.06	 -0.0316943	 0.00305074	 0.948408	 -0.17113	 -0.0528258	 0.110106
114.08	 -0.0294045	 0.00305626	 0.949071	 -0.171305	 -0.0379211	 0.110292
114.1	 -0.0271165	 0.00306211	 0.949875	 -0.171477	 -0.0230233	 0.11047
114.12	 -0.0248308	 0.00306828	 0.950818	 -0.171646	 -0.00813739	 0.11064
114.14	 -0.0225476	 0.00307477	 0.951902	 -0.171812	 0.00673189	 0.110802
114.16	 -0.0202673	 0.00308156	 0.953125	 -0.171976	 0.0215797	 0.110957
114.18	 -0.0179903	 0.00308865	 0.954487	 -0.172137	 0.0364013	 0.111102
114.2	 -0.0157169	 0.00309602	 0.955988	 -0.172295	 0.0511917	 0.11124
114.22	 -0.0134474	 0.00310368	 0.957628	 -0.17245	 0.0659462	 0.111368
114.24	 -0.0111822	 0.0031116	 0.959406	 -0.172601	 0.08066	 0.111488
114.26	 -0.00892168	 0.00311977	 0.961323	 -0.17275	 0.0953283	 0.111599
114.28	 -0.00666609	 0.00312818	 0.963376	 -0.172895	 0.109946	 0.111701
114.3	 -0.00441579	 0.00313681	 0.965567	 -0.173037	 0.124509	 0.111794
114.32	 -0.00217111	 0.00314564	 0.967894	 -0.173175	 0.139012	 0.111878
114.34	 6.76168e-05	 0.00315467	 0.970358	 -0.17331	 0.153451	 0.111952
114.36	 0.00230008	 0.00316387	 0.972958	 -0.17344	 0.167821	 0.112018
114.38	 0.00452596	 0.00317322	 0.975693	 -0.173567	 0.182118	 0.112074
114.4	 0.00674496	 0.00318271	 0.978563	 -0.17369	 0.196336	 0.112121
114.42	 0.00895677	 0.00319232	 0.981567	 -0.173809	 0.210472	 0.112159
114.44	 0.0111611	 0.00320203	 0.984705	 -0.173924	 0.224521	 0.112188
114.46	 0.0133576	 0.00321183	 0.987976	 -0.174034	 0.238479	 0.112208
114.48	 0.0155461	 0.0032217	 0.99138	 -0.174141	 0.252342	 0.112218
114.5	 0.0177263	 0.00323162	 0.994917	 -0.174243	 0.266105	 0.11222
114.52	 0.0198978	 0.00324158	 0.998584	 -0.17434	 0.279765	 0.112213
114.54	 0.0220605	 0.00325155	 1.00238	 -0.174433	 0.293317	 0.112198
114.56	 0.0242141	 0.00326152	 1.00631	 -0.174522	 0.306757	 0.112174
114.58	 0.0263582	 0.00327147	 1.01037	 -0.174606	 0.320081	 0.112141
114.6	 0.0284928	 0.00328139	 1.01456	 -0.174686	 0.333285	 0.112101
114.62	 0.0306175	 0.00329125	 1.01888	 -0.174761	 0.346366	 0.112053
114.64	 0.0327321	 0.00330103	 1.02332	 -0.174831	 0.35932	 0.111996
114.66	 0.0348365	 0.00331073	 1.02789	 -0.174897	 0.372143	 0.111933
114.68	 0.0369303	 0.00332032	 1.03259	 -0.174959	 0.384832	 0.111862
114.7	 0.0390134	 0.00332979	 1.03741	 -0.175015	 0.397382	 0.111784
114.72	 0.0410857	 0.00333913	 1.04236	 -0.175068	 0.409791	 0.111699
114.74	 0.0431468	 0.0033483	 1.04744	 -0.175115	 0.422056	 0.111608
114.76	 0.0451967	 0.0033573	 1.05263	 -0.175158	 0.434172	 0.11151
114.78	 0.0472352	 0.00336612	 1.05795	 -0.175196	 0.446137	 0.111406
114.8	 0.0492622	 0.00337473	 1.06339	 -0.17523	 0.457949	 0.111297
114.82	 0.0512774	 0.00338312	 1.06896	 -0.175258	 0.469603	 0.111183
114.84	 0.0532807	 0.00339127	 1.07464	 -0.175282	 0.481099	 0.111063
114.86	 0.0552721	 0.00339916	 1.08044	 -0.175301	 0.492432	 0.110938
114.88	 0.0572514	 0.00340679	 1.08637	 -0.175315	 0.503601	 0.11081
114.9	 0.0592184	 0.00341412	 1.09241	 -0.175324	 0.514602	 0.110677
114.92	 0.0611732	 0.00342116	 1.09856	 -0.175327	 0.525435	 0.11054
114.94	 0.0631155	 0.00342787	 1.10484	 -0.175326	 0.536096	 0.1104
114.96	 0.0650454	 0.00343426	 1.11123	 -0.17532	 0.546584	 0.110257
114.98	 0.0669627	 0.00344029	 1.11773	 -0.175308	 0.556897	 0.110111
115	 0.0688673	 0.00344597	 1.12435	 -0.175291	 0.567033	 0.109962
115.02	 0.0707593	 0.00345128	 1.13108	 -0.175269	 0.57699	 0.109812
115.04	 0.0726385	 0.00345621	 1.13793	 -0.175241	 0.586766	 0.10966
115.06	 0.0745049	 0.00346075	 1.14489	 -0.175208	 0.596361	 0.109507
115.08	 0.0763584	 0.00346488	 1.15195	 -0.17517	 0.605772	 0.109352
115.1	 0.0781991	 0.00346861	 1.15913	 -0.175126	 0.615	 0.109197
115.12	 0.0800268	 0.00347191	 1.16641	 -0.175077	 0.624042	 0.109042
115.14	 0.0818416	 0.00347479	 1.17381	 -0.175022	 0.632898	 0.108887
115.16	 0.0836435	 0.00347723	 1.18131	 -0.174962	 0.641567	 0.108733
115.18	 0.0854324	 0.00347923	 1.18892	 -0.174896	 0.650049	 0.108579
115.2	 0.0872083	 0.00348077	 1.19663	 -0.174825	 0.658341	 0.108426
115.22	 0.0889712	 0.00348187	 1.20445	 -0.174748	 0.666445	 0.108275
115.24	 0.0907211	 0.00348251	 1.21237	 -0.174666	 0.674359	 0.108126
115.26	 0.092458	 0.0034827	 1.22039	 -0.174579	 0.682084	 0.107979
115.28	 0.0941819	 0.00348245	 1.22851	 -0.174486	 0.689618	 0.107834
115.3	 0.0958929	 0.00348174	 1.23674	 -0.174389	 0.696963	 0.107692
115.32	 0.0975909	 0.0034806	 1.24506	 -0.174286	 0.704118	 0.107552
115.34	 0.0992759	 0.00347901	 1.25349	 -0.174178	 0.711084	 0.107416
115.36	 0.100948	 0.00347698	 1.26201	 -0.174065	 0.71786	 0.107284
115.38	 0.102607	 0.00347453	 1.27062	 -0.173948	 0.724447	 0.107155
115.4	 0.104253	 0.00347164	 1.27934	 -0.173826	 0.730846	 0.10703
115.42	 0.105887	 0.00346833	 1.28815	 -0.173699	 0.737057	 0.106909
115.44	 0.107507	 0.00346461	 1.29705	 -0.173567	 0.743081	 0.106793
115.46	 0.109115	 0.00346048	 1.30604	 -0.173432	 0.748919	 0.106681
115.48	 0.11071	 0.00345595	 1.31513	 -0.173291	 0.754571	 0.106574
115.5	 0.112291	 0.00345104	 1.32431	 -0.173147	 0.760038	 0.106471
115.52	 0.113861	 0.00344574	 1.33358	 -0.172998	 0.765322	 0.106374
115.54	 0.115417	 0.00344007	 1.34293	 -0.172845	 0.770423	 0.106283
115.56	 0.11696	 0.00343404	 1.35238	 -0.172688	 0.775343	 0.106196
115.58	 0.11849	 0.00342766	 1.36191	 -0.172527	 0.780083	 0.106115
115.6	 0.120008	 0.00342095	 1.37152	 -0.172363	 0.784643	 0.10604
115.62	 0.121513	 0.00341392	 1.38123	 -0.172195	 0.789027	 0.10597
115.64	 0.123004	 0.00340657	 1.39101	 -0.172023	 0.793234	 0.105906
115.66	 0.124483	 0.00339893	 1.40088	 -0.171847	 0.797267	 0.105848
115.68	 0.125949	 0.00339101	 1.41083	 -0.171669	 0.801127	 0.105796
115.7	 0.127402	 0.00338283	 1.42086	 -0.171487	 0.804816	 0.105749
115.72	 0.128841	 0.0033744	 1.43096	 -0.171302	 0.808335	 0.105709
115.74	 0.130268	 0.00336574	 1.44115	 -0.171115	 0.811687	 0.105674
115.76	 0.131681	 0.00335687	 1.45141	 -0.170924	 0.814872	 0.105646
115.78	 0.133082	 0.0033478	 1.46175	 -0.170731	 0.817894	 0.105623
115.8	 0.134469	 0.00333855	 1.47217	 -0.170535	 0.820753	 0.105605
115.82	 0.135842	 0.00332914	 1.48265	 -0.170337	 0.823451	 0.105594
115.84	 0.137202	 0.00331959	 1.49321	 -0.170137	 0.825992	 0.105588
115.86	 0.138548	 0.00330991	 1.50384	 -0.169934	 0.828375	 0.105588
115.88	 0.139881	 0.00330012	 1.51455	 -0.169729	 0.830605	 0.105593
115.9	 0.1412	 0.00329024	 1.52532	 -0.169523	 0.832682	 0.105603
115.92	 0.142505	 0.00328029	 1.53615	 -0.169315	 0.834609	 0.105619
115.94	 0.143796	 0.00327029	 1.54706	 -0.169105	 0.836387	 0.105639
115.96	 0.145072	 0.00326025	 1.55803	 -0.168894	 0.83802	 0.105665
115.98	 0.146334	 0.0032502	 1.56906	 -0.168682	 0.839509	 0.105695
116	 0.147582	 0.00324014	 1.58016	 -0.168468	 0.840857	 0.105729
116.02	 0.148815	 0.00323011	 1.59132	 -0.168253	 0.842065	 0.105768
116.04	 0.150033	 0.0032201	 1.60254	 -0.168038	 0.843136	 0.10581
116.06	 0.151236	 0.00321015	 1.61382	 -0.167822	 0.844072	 0.105857
116.08	 0.152424	 0.00320026	 1.62515	 -0.167605	 0.844875	 0.105907
116.1	 0.153596	 0.00319045	 1.63655	 -0.167388	 0.845547	 0.10596
116.12	 0.154752	 0.00318074	 1.648	 -0.16717	 0.846091	 0.106016
116.14	 0.155893	 0.00317114	 1.6595	 -0.166952	 0.846509	 0.106076
116.16	 0.157017	 0.00316167	 1.67105	 -0.166734	 0.846803	 0.106137
116.18	 0.158125	 0.00315234	 1.68266	 -0.166516	 0.846976	 0.106201
116.2	 0.159216	 0.00314317	 1.69432	 -0.166298	 0.847028	 0.106267
116.22	 0.16029	 0.00313417	 1.70602	 -0.16608	 0.846963	 0.106335
116.24	 0.161347	 0.00312535	 1.71778	 -0.165863	 0.846783	 0.106404
116.26	 0.162386	 0.00311673	 1.72957	 -0.165646	 0.84649	 0.106474
116.28	 0.163407	 0.00310831	 1.74142	 -0.16543	 0.846086	 0.106544
116.3	 0.164411	 0.00310011	 1.75331	 -0.165214	 0.845573	 0.106616
116.32	 0.165396	 0.00309214	 1.76524	 -0.164999	 0.844953	 0.106687
116.34	 0.166362	 0.00308441	 1.77721	 -0.164785	 0.844229	 0.106758
116.36	 0.167309	 0.00307692	 1.78921	 -0.164571	 0.843402	 0.106829
116.38	 0.168237	 0.00306968	 1.80126	 -0.164359	 0.842474	 0.106899
116.4	 0.169145	 0.00306271	 1.81334	 -0.164148	 0.841448	 0.106968
116.42	 0.170033	 0.003056	 1.82546	 -0.163938	 0.840325	 0.107036
116.44	 0.1709	 0.00304957	 1.83761	 -0.163729	 0.839107	 0.107102
116.46	 0.171747	 0.00304341	 1.8498	 -0.163521	 0.837797	 0.107166
116.48	 0.172573	 0.00303753	 1.86201	 -0.163315	 0.836395	 0.107227
116.5	 0.173378	 0.00303194	 1.87426	 -0.163111	 0.834905	 0.107286
116.52	 0.17416	 0.00302663	 1.88653	 -0.162907	 0.833328	 0.107342
116.54	 0.174921	 0.0030216	 1.89883	 -0.162706	 0.831665	 0.107395
116.56	 0.175659	 0.00301686	 1.91115	 -0.162506	 0.829919	 0.107445
116.58	 0.176374	 0.0030124	 1.92349	 -0.162307	 0.82809	 0.10749
116.6	 0.177066	 0.00300822	 1.93586	 -0.16211	 0.826182	 0.107532
116.62	 0.177734	 0.00300433	 1.94825	 -0.161915	 0.824196	 0.10757
116.64	 0.178378	 0.00300071	 1.96066	 -0.161721	 0.822132	 0.107603
116.66	 0.178998	 0.00299735	 1.97308	 -0.16153	 0.819994	 0.107631
116.68	 0.179594	 0.00299427	 1.98552	 -0.161339	 0.817782	 0.107655
116.7	 0.180164	 0.00299145	 1.99797	 -0.161151	 0.815498	 0.107673
116.72	 0.180709	 0.00298888	 2.01044	 -0.160964	 0.813144	 0.107686
116.74	 0.181228	 0.00298656	 2.02292	 -0.160779	 0.81072	 0.107693
116.76	 0.181722	 0.00298449	 2.03541	 -0.160596	 0.80823	 0.107695
116.78	 0.182189	 0.00298264	 2.04791	 -0.160414	 0.805673	 0.107691
116.8	 0.182629	 0.00298102	 2.06041	 -0.160234	 0.803051	 0.10768
116.82	 0.183042	 0.00297961	 2.07292	 -0.160056	 0.800366	 0.107664
116.84	 0.183427	 0.00297841	 2.08543	 -0.159879	 0.79762	 0.107641
116.86	 0.183785	 0.00297739	 2.09795	 -0.159705	 0.794812	 0.107612
116.88	 0.184115	 0.00297656	 2.11046	 -0.159531	 0.791946	 0.107576
116.9	 0.184417	 0.0029759	 2.12298	 -0.15936	 0.789021	 0.107534
116.92	 0.18469	 0.0029754	 2.13549	 -0.15919	 0.786039	 0.107485
116.94	 0.184934	 0.00297504	 2.148	 -0.159021	 0.783001	 0.107429
116.96	 0.185149	 0.00297481	 2.1605	 -0.158854	 0.779909	 0.107366
116.98	 0.185334	 0.00297469	 2.173	 -0.158689	 0.776763	 0.107297
117	 0.18549	 0.00297468	 2.18549	 -0.158525	 0.773565	 0.107221
117.02	 0.185616	 0.00297475	 2.19796	 -0.158362	 0.770316	 0.107138
117.04	 0.185712	 0.0029749	 2.21043	 -0.158201	 0.767016	 0.107048
117.06	 0.185777	 0.00297511	 2.22289	 -0.158041	 0.763667	 0.106952
117.08	 0.185812	 0.00297535	 2.23533	 -0.157882	 0.76027	 0.106848
117.1	 0.185816	 0.00297563	 2.24775	 -0.157724	 0.756825	 0.106739
117.12	 0.185789	 0.00297592	 2.26016	 -0.157568	 0.753334	 0.106622
117.14	 0.185731	 0.0029762	 2.27255	 -0.157412	 0.749798	 0.1065
117.16	 0.185641	 0.00297646	 2.28491	 -0.157258	 0.746217	 0.106371
117.18	 0.18552	 0.00297669	 2.29726	 -0.157105	 0.742593	 0.106236
117.2	 0.185368	 0.00297687	 2.30958	 -0.156952	 0.738925	 0.106094
117.22	 0.185183	 0.00297699	 2.32188	 -0.156801	 0.735216	 0.105947
117.24	 0.184967	 0.00297702	 2.33416	 -0.15665	 0.731465	 0.105795
117.26	 0.184719	 0.00297696	 2.3464	 -0.1565	 0.727674	 0.105636
117.28	 0.18444	 0.00297679	 2.35862	 -0.15635	 0.723844	 0.105473
117.3	 0.184128	 0.0029765	 2.37081	 -0.156201	 0.719974	 0.105304
117.32	 0.183784	 0.00297607	 2.38296	 -0.156053	 0.716066	 0.105131
117.34	 0.183408	 0.00297549	 2.39509	 -0.155905	 0.712121	 0.104953
117.36	 0.183	 0.00297474	 2.40717	 -0.155758	 0.708139	 0.104771
117.38	 0.18256	 0.00297382	 2.41923	 -0.155611	 0.70412	 0.104584
117.4	 0.182088	 0.00297271	 2.43124	 -0.155465	 0.700066	 0.104393
117.42	 0.181584	 0.0029714	 2.44322	 -0.155319	 0.695977	 0.104199
117.44	 0.181048	 0.00296988	 2.45516	 -0.155173	 0.691854	 0.104002
117.46	 0.180481	 0.00296814	 2.46706	 -0.155028	 0.687697	 0.103801
117.48	 0.179881	 0.00296616	 2.47891	 -0.154882	 0.683506	 0.103598
117.5	 0.17925	 0.00296394	 2.49072	 -0.154737	 0.679283	 0.103393
117.52	 0.178588	 0.00296147	 2.50249	 -0.154592	 0.675027	 0.103185
117.54	 0.177894	 0.00295874	 2.51421	 -0.154447	 0.670739	 0.102975
117.56	 0.177168	 0.00295575	 2.52588	 -0.154302	 0.666421	 0.102764
117.58	 0.176412	 0.00295248	 2.53751	 -0.154157	 0.662071	 0.102552
117.6	 0.175625	 0.00294893	 2.54908	 -0.154012	 0.657691	 0.102339
117.62	 0.174807	 0.0029451	 2.56061	 -0.153868	 0.65328	 0.102126
117.64	 0.173959	 0.00294098	 2.57208	 -0.153723	 0.64884	 0.101912
117.66	 0.173081	 0.00293657	 2.5835	 -0.153578	 0.644371	 0.101698
117.68	 0.172172	 0.00293187	 2.59487	 -0.153433	 0.639873	 0.101486
117.7	 0.171234	 0.00292686	 2.60618	 -0.153287	 0.635345	 0.101273
117.72	 0.170266	 0.00292156	 2.61743	 -0.153142	 0.63079	 0.101062
117.74	 0.169269	 0.00291597	 2.62863	 -0.152997	 0.626206	 0.100853
117.76	 0.168244	 0.00291007	 2.63976	 -0.152851	 0.621594	 0.100645
117.78	 0.167189	 0.00290388	 2.65084	 -0.152706	 0.616954	 0.10044
117.8	 0.166106	 0.00289739	 2.66185	 -0.152561	 0.612287	 0.100237
117.82	 0.164996	 0.00289062	 2.67281	 -0.152415	 0.607592	 0.100037
117.84	 0.163858	 0.00288356	 2.6837	 -0.15227	 0.602869	 0.0998402
117.86	 0.162692	 0.00287621	 2.69453	 -0.152124	 0.59812	 0.0996467
117.88	 0.1615	 0.00286859	 2.70529	 -0.151978	 0.593343	 0.099457
117.9	 0.160281	 0.00286069	 2.71598	 -0.151833	 0.588539	 0.0992712
117.92	 0.159035	 0.00285253	 2.72661	 -0.151688	 0.583708	 0.0990897
117.94	 0.157764	 0.00284412	 2.73717	 -0.151542	 0.57885	 0.0989128
117.96	 0.156468	 0.00283545	 2.74766	 -0.151397	 0.573965	 0.0987407
117.98	 0.155147	 0.00282655	 2.75809	 -0.151252	 0.569052	 0.0985736
118	 0.153801	 0.00281741	 2.76844	 -0.151108	 0.564112	 0.0984119
118.02	 0.15243	 0.00280805	 2.77872	 -0.150963	 0.559145	 0.0982557
118.04	 0.151037	 0.00279849	 2.78892	 -0.150819	 0.55415	 0.0981053
118.06	 0.149619	 0.00278872	 2.79906	 -0.150676	 0.549127	 0.0979608
118.08	 0.148179	 0.00277877	 2.80911	 -0.150533	 0.544077	 0.0978225
118.1	 0.146716	 0.00276865	 2.8191	 -0.15039	 0.538997	 0.0976905
118.12	 0.145231	 0.00275836	 2.829	 -0.150248	 0.53389	 0.0975649
118.14	 0.143725	 0.00274793	 2.83883	 -0.150106	 0.528753	 0.0974459
118.16	 0.142197	 0.00273736	 2.84859	 -0.149965	 0.523587	 0.0973336
118.18	 0.140649	 0.00272667	 2.85826	 -0.149825	 0.518392	 0.0972282
118.2	 0.13908	 0.00271588	 2.86785	 -0.149686	 0.513166	 0.0971296
118.22	 0.137491	 0.00270499	 2.87737	 -0.149547	 0.507911	 0.0970381
118.24	 0.135883	 0.00269403	 2.8868	 -0.149409	 0.502624	 0.0969537
118.26	 0.134256	 0.00268301	 2.89615	 -0.149272	 0.497306	 0.0968764
118.28	 0.13261	 0.00267195	 2.90542	 -0.149137	 0.491956	 0.0968062
118.3	 0.130946	 0.00266085	 2.91461	 -0.149002	 0.486574	 0.0967432
118.32	 0.129265	 0.00264974	 2.92371	 -0.148868	 0.481159	 0.0966874
118.34	 0.127566	 0.00263863	 2.93273	 -0.148736	 0.47571	 0.0966388
118.36	 0.125851	 0.00262753	 2.94166	 -0.148605	 0.470227	 0.0965973
118.38	 0.124119	 0.00261647	 2.9505	 -0.148475	 0.46471	 0.0965629
118.4	 0.122371	 0.00260545	 2.95926	 -0.148346	 0.459158	 0.0965356
118.42	 0.120608	 0.00259449	 2.96793	 -0.148219	 0.453569	 0.0965152
118.44	 0.11883	 0.00258362	 2.97652	 -0.148094	 0.447944	 0.0965017
118.46	 0.117037	 0.00257283	 2.98501	 -0.14797	 0.442282	 0.0964949
118.48	 0.115229	 0.00256215	 2.99341	 -0.147847	 0.436582	 0.0964948
118.5	 0.113408	 0.0025516	 3.00173	 -0.147726	 0.430844	 0.0965012
118.52	 0.111574	 0.00254118	 3.00995	 -0.147607	 0.425066	 0.0965139
118.54	 0.109726	 0.00253091	 3.01808	 -0.14749	 0.419248	 0.0965329
118.56	 0.107866	 0.0025208	 3.02612	 -0.147375	 0.413389	 0.0965579
118.58	 0.105994	 0.00251086	 3.03406	 -0.147261	 0.407489	 0.0965886
118.6	 0.104109	 0.00250111	 3.04191	 -0.14715	 0.401546	 0.096625
118.62	 0.102213	 0.00249156	 3.04967	 -0.14704	 0.395561	 0.0966668
118.64	 0.100307	 0.00248222	 3.05734	 -0.146932	 0.389531	 0.0967137
118.66	 0.0983888	 0.00247309	 3.0649	 -0.146826	 0.383457	 0.0967656
118.68	 0.0964607	 0.0024642	 3.07237	 -0.146723	 0.377338	 0.0968221
118.7	 0.0945226	 0.00245553	 3.07975	 -0.146621	 0.371173	 0.0968831
118.72	 0.0925747	 0.00244712	 3.08702	 -0.146521	 0.364961	 0.0969482
118.74	 0.0906174	 0.00243895	 3.0942	 -0.146424	 0.358702	 0.0970172
118.76	 0.088651	 0.00243105	 3.10128	 -0.146328	 0.352394	 0.0970898
118.78	 0.0866758	 0.0024234	 3.10827	 -0.146235	 0.346037	 0.0971657
118.8	 0.0846923	 0.00241603	 3.11515	 -0.146143	 0.33963	 0.0972445
118.82	 0.0827005	 0.00240893	 3.12193	 -0.146054	 0.333173	 0.097326
118.84	 0.0807009	 0.0024021	 3.12861	 -0.145967	 0.326664	 0.0974098
118.86	 0.0786937	 0.00239556	 3.13519	 -0.145882	 0.320104	 0.0974957
118.88	 0.0766792	 0.00238929	 3.14166	 -0.145798	 0.313491	 0.0975833
118.9	 0.0746577	 0.00238331	 3.14804	 -0.145717	 0.306825	 0.0976722
118.92	 0.0726294	 0.00237761	 3.15431	 -0.145638	 0.300104	 0.0977622
118.94	 0.0705946	 0.0023722	 3.16047	 -0.14556	 0.29333	 0.0978529
118.96	 0.0685536	 0.00236706	 3.16653	 -0.145484	 0.2865	 0.097944
118.98	 0.0665065	 0.0023622	 3.17249	 -0.14541	 0.279615	 0.0980351
119	 0.0644537	 0.00235762	 3.17834	 -0.145338	 0.272673	 0.0981259
119.02	 0.0623953	 0.00235331	 3.18409	 -0.145268	 0.265676	 0.0982161
119.04	 0.0603315	 0.00234927	 3.18972	 -0.145199	 0.258621	 0.0983054
119.06	 0.0582626	 0.0023455	 3.19525	 -0.145131	 0.251509	 0.0983933
119.08	 0.0561888	 0.00234199	 3.20068	 -0.145065	 0.244339	 0.0984798
119.1	 0.0541103	 0.00233874	 3.20599	 -0.145001	 0.237112	 0.0985643
119.12	 0.0520273	 0.00233574	 3.2112	 -0.144938	 0.229826	 0.0986466
119.14	 0.0499399	 0.00233299	 3.2163	 -0.144876	 0.222483	 0.0987265
119.16	 0.0478483	 0.00233047	 3.22128	 -0.144816	 0.21508	 0.0988036
119.18	 0.0457528	 0.00232819	 3.22616	 -0.144757	 0.207619	 0.0988776
119.2	 0.0436534	 0.00232614	 3.23092	 -0.144699	 0.2001	 0.0989482
119.22	 0.0415504	 0.0023243	 3.23558	 -0.144643	 0.192522	 0.0990153
119.24	 0.0394439	 0.00232267	 3.24012	 -0.144587	 0.184886	 0.0990784
119.26	 0.0373341	 0.00232124	 3.24455	 -0.144533	 0.177191	 0.0991375
119.28	 0.035221	 0.00232	 3.24886	 -0.14448	 0.169439	 0.0991922
119.3	 0.0331049	 0.00231894	 3.25307	 -0.144428	 0.161628	 0.0992423
119.32	 0.0309859	 0.00231806	 3.25715	 -0.144376	 0.15376	 0.0992876
119.34	 0.0288641	 0.00231733	 3.26113	 -0.144326	 0.145835	 0.0993279
119.36	 0.0267396	 0.00231675	 3.26499	 -0.144276	 0.137852	 0.0993631
119.38	 0.0246127	 0.00231631	 3.26873	 -0.144227	 0.129814	 0.0993928
119.4	 0.0224833	 0.00231599	 3.27236	 -0.144178	 0.12172	 0.099417
119.42	 0.0203516	 0.00231578	 3.27587	 -0.14413	 0.11357	 0.0994356
119.44	 0.0182177	 0.00231568	 3.27926	 -0.144082	 0.105367	 0.0994484
119.46	 0.0160818	 0.00231567	 3.28254	 -0.144035	 0.0971089	 0.0994553
119.48	 0.0139439	 0.00231574	 3.2857	 -0.143988	 0.0887982	 0.0994562
119.5	 0.0118042	 0.00231588	 3.28874	 -0.143941	 0.0804354	 0.099451
119.52	 0.00966267	 0.00231607	 3.29166	 -0.143894	 0.0720213	 0.0994397
119.54	 0.00751956	 0.00231631	 3.29446	 -0.143847	 0.0635571	 0.0994222
119.56	 0.00537491	 0.00231657	 3.29715	 -0.1438	 0.0550437	 0.0993984
119.58	 0.00322883	 0.00231686	 3.29971	 -0.143753	 0.0464823	 0.0993684
119.6	 0.00108142	 0.00231716	 3.30215	 -0.143706	 0.0378743	 0.099332
119.62	 -0.00106722	 0.00231746	 3.30448	 -0.143658	 0.0292208	 0.0992893
119.64	 -0.003217	 0.00231775	 3.30668	 -0.14361	 0.0205233	 0.0992403
119.66	 -0.00536781	 0.00231801	 3.30876	 -0.143561	 0.0117833	 0.099185
119.68	 -0.00751957	 0.00231823	 3.31072	 -0.143511	 0.00300227	 0.0991235
119.7	 -0.00967215	 0.00231841	 3.31256	 -0.143461	 -0.00581822	 0.0990558
119.72	 -0.0118255	 0.00231853	 3.31427	 -0.14341	 -0.0146765	 0.0989819
119.74	 -0.0139794	 0.00231858	 3.31587	 -0.143358	 -0.0235709	 0.0989021
119.76	 -0.0161339	 0.00231856	 3.31734	 -0.143305	 -0.0324997	 0.0988163
119.78	 -0.0182889	 0.00231845	 3.31868	 -0.143251	 -0.041461	 0.0987247
119.8	 -0.0204441	 0.00231824	 3.31991	 -0.143195	 -0.050453	 0.0986274
119.82	 -0.0225996	 0.00231794	 3.32101	 -0.143139	 -0.0594737	 0.0985245
119.84	 -0.0247553	 0.00231752	 3.32198	 -0.143081	 -0.068521	 0.0984162
119.86	 -0.0269109	 0.00231699	 3.32283	 -0.143022	 -0.0775931	 0.0983026
119.88	 -0.0290665	 0.00231634	 3.32356	 -0.142961	 -0.0866877	 0.0981839
119.9	 -0.0312219	 0.00231556	 3.32416	 -0.1429	 -0.0958029	 0.0980604
119.92	 -0.0333771	 0.00231465	 3.32464	 -0.142836	 -0.104936	 0.0979322
119.94	 -0.0355318	 0.0023136	 3.32499	 -0.142772	 -0.114086	 0.0977995
119.96	 -0.0376861	 0.00231241	 3.32522	 -0.142705	 -0.12325	 0.0976627
119.98	 -0.0398398	 0.00231108	 3.32533	 -0.142638	 -0.132425	 0.0975218
120	 -0.0419928	 0.0023096	 3.3253	 -0.142569	 -0.141611	 0.0973773
120.02	 -0.044145	 0.00230797	 3.32516	 -0.142499	 -0.150803	 0.0972293
120.04	 -0.0462964	 0.0023062	 3.32489	 -0.142427	 -0.160001	 0.0970781
120.06	 -0.0484467	 0.00230428	 3.32449	 -0.142354	 -0.169201	 0.0969241
120.08	 -0.0505958	 0.00230222	 3.32397	 -0.14228	 -0.178402	 0.0967674
120.1	 -0.0527438	 0.00230003	 3.32332	 -0.142205	 -0.187601	 0.0966086
120.12	 -0.0548904	 0.0022977	 3.32255	 -0.142128	 -0.196796	 0.0964478
120.14	 -0.0570356	 0.00229524	 3.32165	 -0.142051	 -0.205984	 0.0962853
120.16	 -0.0591792	 0.00229266	 3.32062	 -0.141972	 -0.215164	 0.0961215
120.18	 -0.0613212	 0.00228995	 3.31948	 -0.141893	 -0.224332	 0.0959568
120.2	 -0.0634615	 0.00228714	 3.3182	 -0.141812	 -0.233487	 0.0957914
120.22	 -0.0655998	 0.00228422	 3.31681	 -0.141731	 -0.242627	 0.0956256
120.24	 -0.0677362	 0.00228121	 3.31528	 -0.14165	 -0.251748	 0.0954599
120.26	 -0.0698706	 0.00227811	 3.31364	 -0.141568	 -0.260849	 0.0952946
120.28	 -0.0720027	 0.00227494	 3.31187	 -0.141485	 -0.269928	 0.0951299
120.3	 -0.0741325	 0.00227169	 3.30997	 -0.141402	 -0.278982	 0.0949663
120.32	 -0.0762599	 0.00226839	 3.30795	 -0.141319	 -0.28801	 0.094804
120.34	 -0.0783848	 0.00226504	 3.30581	 -0.141236	 -0.297008	 0.0946433
120.36	 -0.080507	 0.00226165	 3.30355	 -0.141152	 -0.305976	 0.0944847
120.38	 -0.0826266	 0.00225823	 3.30116	 -0.141069	 -0.31491	 0.0943284
120.4	 -0.0847433	 0.00225479	 3.29865	 -0.140986	 -0.32381	 0.0941748
120.42	 -0.0868571	 0.00225135	 3.29602	 -0.140903	 -0.332673	 0.0940242
120.44	 -0.0889678	 0.00224791	 3.29326	 -0.14082	 -0.341497	 0.0938769
120.46	 -0.0910753	 0.00224449	 3.29039	 -0.140738	 -0.35028	 0.0937333
120.48	 -0.0931796	 0.0022411	 3.28739	 -0.140656	 -0.359021	 0.0935935
120.5	 -0.0952805	 0.00223775	 3.28427	 -0.140575	 -0.367718	 0.093458
120.52	 -0.097378	 0.00223444	 3.28103	 -0.140495	 -0.376368	 0.093327
120.54	 -0.0994718	 0.00223121	 3.27767	 -0.140416	 -0.38497	 0.0932007
120.56	 -0.101562	 0.00222804	 3.27419	 -0.140338	 -0.393522	 0.0930795
120.58	 -0.103648	 0.00222496	 3.2706	 -0.140261	 -0.402024	 0.0929635
120.6	 -0.105731	 0.00222197	 3.26688	 -0.140185	 -0.410472	 0.092853
120.62	 -0.107809	 0.00221909	 3.26305	 -0.140111	 -0.418866	 0.0927483
120.64	 -0.109883	 0.00221633	 3.25909	 -0.140038	 -0.427205	 0.0926494
120.66	 -0.111953	 0.0022137	 3.25502	 -0.139967	 -0.435486	 0.0925567
120.68	 -0.114019	 0.00221121	 3.25084	 -0.139897	 -0.44371	 0.0924703
120.7	 -0.11608	 0.00220887	 3.24654	 -0.139829	 -0.451874	 0.0923903
120.72	 -0.118137	 0.00220668	 3.24212	 -0.139762	 -0.459978	 0.092317
120.74	 -0.120189	 0.00220466	 3.23758	 -0.139698	 -0.46802	 0.0922505
120.76	 -0.122236	 0.00220281	 3.23294	 -0.139635	 -0.476001	 0.0921909
120.78	 -0.124278	 0.00220114	 3.22817	 -0.139575	 -0.483919	 0.0921383
120.8	 -0.126315	 0.00219966	 3.2233	 -0.139516	 -0.491773	 0.0920929
120.82	 -0.128347	 0.00219837	 3.21831	 -0.13946	 -0.499563	 0.0920547
120.84	 -0.130373	 0.00219729	 3.21321	 -0.139406	 -0.507288	 0.0920239
120.86	 -0.132395	 0.00219642	 3.208	 -0.139355	 -0.514947	 0.0920003
120.88	 -0.13441	 0.00219577	 3.20268	 -0.139305	 -0.522541	 0.0919842
120.9	 -0.13642	 0.00219534	 3.19724	 -0.139258	 -0.530069	 0.0919755
120.92	 -0.138425	 0.00219514	 3.1917	 -0.139214	 -0.53753	 0.0919743
120.94	 -0.140423	 0.00219517	 3.18605	 -0.139173	 -0.544925	 0.0919804
120.96	 -0.142415	 0.00219543	 3.18029	 -0.139134	 -0.552252	 0.091994
120.98	 -0.144402	 0.00219592	 3.17443	 -0.139097	 -0.559512	 0.0920149
121	 -0.146381	 0.00219664	 3.16845	 -0.139064	 -0.566705	 0.0920431
121.02	 -0.148355	 0.0021976	 3.16237	 -0.139033	 -0.573831	 0.0920784
121.04	 -0.150321	 0.0021988	 3.15619	 -0.139005	 -0.58089	 0.0921209
121.06	 -0.152281	 0.00220022	 3.1499	 -0.13898	 -0.587881	 0.0921705
121.08	 -0.154234	 0.00220189	 3.1435	 -0.138958	 -0.594805	 0.0922268
121.1	 -0.15618	 0.00220378	 3.137	 -0.138938	 -0.601663	 0.09229
121.12	 -0.158119	 0.00220591	 3.1304	 -0.138922	 -0.608454	 0.0923597
121.14	 -0.16005	 0.00220827	 3.1237	 -0.138909	 -0.615179	 0.0924358
121.16	 -0.161974	 0.00221086	 3.1169	 -0.138899	 -0.621838	 0.0925182
121.18	 -0.16389	 0.00221368	 3.10999	 -0.138892	 -0.628432	 0.0926067
121.2	 -0.165797	 0.00221671	 3.10299	 -0.138889	 -0.634961	 0.092701
121.22	 -0.167697	 0.00221996	 3.09589	 -0.138888	 -0.641426	 0.0928009
121.24	 -0.169588	 0.00222343	 3.08869	 -0.138891	 -0.647827	 0.0929063
121.26	 -0.171471	 0.00222711	 3.08139	 -0.138897	 -0.654165	 0.0930168
121.28	 -0.173345	 0.00223099	 3.074	 -0.138907	 -0.66044	 0.0931322
121.3	 -0.175209	 0.00223507	 3.06651	 -0.138919	 -0.666653	 0.0932522
121.32	 -0.177065	 0.00223935	 3.05892	 -0.138935	 -0.672804	 0.0933766
121.34	 -0.178911	 0.00224381	 3.05124	 -0.138955	 -0.678894	 0.0935052
121.36	 -0.180747	 0.00224846	 3.04347	 -0.138977	 -0.684924	 0.0936375
121.38	 -0.182574	 0.00225328	 3.0356	 -0.139003	 -0.690895	 0.0937733
121.4	 -0.18439	 0.00225827	 3.02764	 -0.139032	 -0.696807	 0.0939123
121.42	 -0.186195	 0.00226341	 3.01959	 -0.139064	 -0.702661	 0.0940542
121.44	 -0.18799	 0.0022687	 3.01145	 -0.1391	 -0.708457	 0.0941987
121.46	 -0.189774	 0.00227413	 3.00322	 -0.139139	 -0.714197	 0.0943455
121.48	 -0.191546	 0.00227968	 2.9949	 -0.139181	 -0.719882	 0.0944942
121.5	 -0.193307	 0.00228534	 2.98649	 -0.139226	 -0.725511	 0.0946445
121.52	 -0.195056	 0.00229111	 2.978	 -0.139274	 -0.731085	 0.0947961
121.54	 -0.196792	 0.00229697	 2.96942	 -0.139326	 -0.736606	 0.0949487
121.56	 -0.198516	 0.0023029	 2.96075	 -0.13938	 -0.742075	 0.0951019
121.58	 -0.200228	 0.0023089	 2.952	 -0.139438	 -0.747491	 0.0952554
121.6	 -0.201926	 0.00231494	 2.94316	 -0.139499	 -0.752856	 0.0954089
121.62	 -0.20361	 0.00232102	 2.93424	 -0.139562	 -0.75817	 0.0955621
121.64	 -0.205281	 0.00232713	 2.92524	 -0.139629	 -0.763435	 0.0957147
121.66	 -0.206937	 0.00233324	 2.91615	 -0.139698	 -0.76865	 0.0958663
121.68	 -0.208579	 0.00233935	 2.90699	 -0.13977	 -0.773817	 0.0960167
121.7	 -0.210206	 0.00234545	 2.89774	 -0.139844	 -0.778936	 0.0961655
121.72	 -0.211818	 0.00235151	 2.88842	 -0.139921	 -0.784007	 0.0963124
121.74	 -0.213414	 0.00235752	 2.87901	 -0.140001	 -0.789032	 0.0964572
121.76	 -0.214994	 0.00236348	 2.86953	 -0.140082	 -0.794011	 0.0965996
121.78	 -0.216558	 0.00236936	 2.85997	 -0.140166	 -0.798945	 0.0967393
121.8	 -0.218105	 0.00237515	 2.85034	 -0.140252	 -0.803834	 0.0968761
121.82	 -0.219635	 0.00238083	 2.84063	 -0.14034	 -0.808679	 0.0970096
121.84	 -0.221147	 0.00238639	 2.83084	 -0.140429	 -0.813481	 0.0971397
121.86	 -0.222642	 0.00239182	 2.82098	 -0.140521	 -0.818239	 0.097266
121.88	 -0.224118	 0.00239711	 2.81105	 -0.140614	 -0.822955	 0.0973884
121.9	 -0.225576	 0.00240223	 2.80105	 -0.140708	 -0.827629	 0.0975067
121.92	 -0.227015	 0.00240718	 2.79097	 -0.140804	 -0.832262	 0.0976206
121.94	 -0.228434	 0.00241196	 2.78083	 -0.140902	 -0.836854	 0.09773
121.96	 -0.229834	 0.00241654	 2.77062	 -0.141	 -0.841405	 0.0978345
121.98	 -0.231213	 0.00242091	 2.76033	 -0.1411	 -0.845915	 0.0979342
122	 -0.232572	 0.00242507	 2.74998	 -0.141201	 -0.850386	 0.0980288
122.02	 -0.233909	 0.00242901	 2.73957	 -0.141303	 -0.854818	 0.0981181
122.04	 -0.235226	 0.00243271	 2.72908	 -0.141406	 -0.859209	 0.0982021
122.06	 -0.23652	 0.00243617	 2.71853	 -0.14151	 -0.863562	 0.0982807
122.08	 -0.237793	 0.00243937	 2.70792	 -0.141614	 -0.867876	 0.0983537
122.1	 -0.239042	 0.0024423	 2.69724	 -0.141718	 -0.872151	 0.0984211
122.12	 -0.240269	 0.00244497	 2.68651	 -0.141823	 -0.876387	 0.0984829
122.14	 -0.241473	 0.00244736	 2.67571	 -0.141929	 -0.880585	 0.0985388
122.16	 -0.242653	 0.00244948	 2.66485	 -0.142034	 -0.884745	 0.0985889
122.18	 -0.243809	 0.00245131	 2.65393	 -0.14214	 -0.888866	 0.0986332
122.2	 -0.24494	 0.00245287	 2.64295	 -0.142246	 -0.892949	 0.0986716
122.22	 -0.246047	 0.00245414	 2.63191	 -0.142352	 -0.896994	 0.0987041
122.24	 -0.247129	 0.00245513	 2.62082	 -0.142458	 -0.901001	 0.0987308
122.26	 -0.248185	 0.00245583	 2.60967	 -0.142565	 -0.904969	 0.0987516
122.28	 -0.249215	 0.00245625	 2.59847	 -0.142671	 -0.908899	 0.0987665
122.3	 -0.25022	 0.00245638	 2.58721	 -0.142777	 -0.91279	 0.0987757
122.32	 -0.251197	 0.00245624	 2.5759	 -0.142882	 -0.916642	 0.0987792
122.34	 -0.252148	 0.00245581	 2.56454	 -0.142988	 -0.920455	 0.098777
122.36	 -0.253072	 0.00245512	 2.55313	 -0.143093	 -0.92423	 0.0987692
122.38	 -0.253969	 0.00245415	 2.54167	 -0.143199	 -0.927964	 0.098756
122.4	 -0.254837	 0.00245292	 2.53016	 -0.143303	 -0.931659	 0.0987375
122.42	 -0.255678	 0.00245143	 2.5186	 -0.143408	 -0.935314	 0.0987138
122.44	 -0.256491	 0.0024497	 2.50699	 -0.143512	 -0.938929	 0.098685
122.46	 -0.257275	 0.00244771	 2.49534	 -0.143616	 -0.942503	 0.0986514
122.48	 -0.25803	 0.00244549	 2.48365	 -0.143719	 -0.946036	 0.0986131
122.5	 -0.258756	 0.00244304	 2.47191	 -0.143822	 -0.949528	 0.0985702
122.52	 -0.259453	 0.00244037	 2.46013	 -0.143925	 -0.952978	 0.098523
122.54	 -0.260121	 0.00243749	 2.44831	 -0.144027	 -0.956385	 0.0984717
122.56	 -0.260758	 0.00243442	 2.43645	 -0.144128	 -0.95975	 0.0984165
122.58	 -0.261366	 0.00243115	 2.42455	 -0.144229	 -0.963071	 0.0983575
122.6	 -0.261944	 0.00242771	 2.41261	 -0.14433	 -0.966349	 0.098295
122.62	 -0.262492	 0.00242411	 2.40064	 -0.14443	 -0.969582	 0.0982292
122.64	 -0.263009	 0.00242036	 2.38863	 -0.14453	 -0.97277	 0.0981604
122.66	 -0.263496	 0.00241647	 2.37658	 -0.144629	 -0.975913	 0.0980888
122.68	 -0.263952	 0.00241246	 2.36451	 -0.144728	 -0.979009	 0.0980147
122.7	 -0.264377	 0.00240835	 2.3524	 -0.144827	 -0.982059	 0.0979383
122.72	 -0.264772	 0.00240414	 2.34026	 -0.144925	 -0.985062	 0.0978599
122.74	 -0.265135	 0.00239986	 2.32809	 -0.145022	 -0.988017	 0.0977797
122.76	 -0.265468	 0.00239552	 2.3159	 -0.14512	 -0.990923	 0.0976981
122.78	 -0.265769	 0.00239114	 2.30368	 -0.145217	 -0.99378	 0.0976154
122.8	 -0.266039	 0.00238673	 2.29143	 -0.145313	 -0.996586	 0.0975317
122.82	 -0.266278	 0.00238231	 2.27916	 -0.14541	 -0.999342	 0.0974474
122.84	 -0.266486	 0.00237791	 2.26686	 -0.145506	 -1.00205	 0.0973627
122.86	 -0.266663	 0.00237353	 2.25455	 -0.145602	 -1.0047	 0.097278
122.88	 -0.266808	 0.00236919	 2.24221	 -0.145698	 -1.0073	 0.0971934
122.9	 -0.266922	 0.00236491	 2.22986	 -0.145793	 -1.00984	 0.0971093
122.92	 -0.267005	 0.00236072	 2.21749	 -0.145889	 -1.01233	 0.097026
122.94	 -0.267057	 0.00235661	 2.2051	 -0.145984	 -1.01477	 0.0969437
122.96	 -0.267078	 0.00235263	 2.19269	 -0.14608	 -1.01715	 0.0968627
122.98	 -0.267068	 0.00234877	 2.18028	 -0.146176	 -1.01947	 0.0967833
123	 -0.267027	 0.00234506	 2.16785	 -0.146271	 -1.02174	 0.0967058
123.02	 -0.266955	 0.00234151	 2.15541	 -0.146367	 -1.02394	 0.0966303
123.04	 -0.266853	 0.00233814	 2.14296	 -0.146463	 -1.02609	 0.0965573
123.06	 -0.26672	 0.00233496	 2.13051	 -0.146559	 -1.02817	 0.0964869
123.08	 -0.266557	 0.00233199	 2.11805	 -0.146655	 -1.0302	 0.0964193
123.1	 -0.266363	 0.00232926	 2.10558	 -0.146752	 -1.03216	 0.0963549
123.12	 -0.266139	 0.00232676	 2.09311	 -0.146849	 -1.03406	 0.0962938
123.14	 -0.265886	 0.00232452	 2.08064	 -0.146946	 -1.03589	 0.0962363
123.16	 -0.265602	 0.00232255	 2.06816	 -0.147044	 -1.03766	 0.0961825
123.18	 -0.265289	 0.00232086	 2.05569	 -0.147142	 -1.03936	 0.0961327
123.2	 -0.264947	 0.00231947	 2.04322	 -0.147241	 -1.041	 0.0960871
123.22	 -0.264576	 0.00231839	 2.03076	 -0.14734	 -1.04257	 0.0960457
123.24	 -0.264176	 0.00231763	 2.0183	 -0.14744	 -1.04406	 0.0960089
123.26	 -0.263747	 0.00231721	 2.00584	 -0.14754	 -1.04549	 0.0959768
123.28	 -0.263289	 0.00231712	 1.9934	 -0.147641	 -1.04685	 0.0959494
123.3	 -0.262804	 0.00231739	 1.98096	 -0.147742	 -1.04813	 0.0959271
123.32	 -0.26229	 0.00231802	 1.96854	 -0.147845	 -1.04934	 0.0959098
123.34	 -0.261749	 0.00231903	 1.95613	 -0.147948	 -1.05047	 0.0958977
123.36	 -0.261181	 0.00232041	 1.94373	 -0.148051	 -1.05153	 0.095891
123.38	 -0.260586	 0.00232218	 1.93135	 -0.148156	 -1.05251	 0.0958897
123.4	 -0.259963	 0.00232434	 1.91899	 -0.148261	 -1.05342	 0.0958939
123.42	 -0.259314	 0.0023269	 1.90664	 -0.148367	 -1.05424	 0.0959037
123.44	 -0.258639	 0.00232986	 1.89432	 -0.148474	 -1.05498	 0.0959192
123.46	 -0.257938	 0.00233323	 1.88201	 -0.148582	 -1.05564	 0.0959404
123.48	 -0.257212	 0.00233702	 1.86973	 -0.14869	 -1.05622	 0.0959673
123.5	 -0.25646	 0.00234121	 1.85748	 -0.1488	 -1.05671	 0.0959999
123.52	 -0.255683	 0.00234582	 1.84525	 -0.14891	 -1.05712	 0.0960383
123.54	 -0.254881	 0.00235084	 1.83305	 -0.149022	 -1.05744	 0.0960825
123.56	 -0.254055	 0.00235627	 1.82088	 -0.149134	 -1.05767	 0.0961323
123.58	 -0.253205	 0.00236212	 1.80874	 -0.149247	 -1.05781	 0.0961879
123.6	 -0.252331	 0.00236838	 1.79663	 -0.149361	 -1.05786	 0.0962492
123.62	 -0.251434	 0.00237504	 1.78456	 -0.149476	 -1.05781	 0.0963161
123.64	 -0.250514	 0.00238211	 1.77252	 -0.149592	 -1.05768	 0.0963886
123.66	 -0.24957	 0.00238958	 1.76052	 -0.149708	 -1.05744	 0.0964666
123.68	 -0.248605	 0.00239745	 1.74856	 -0.149826	 -1.05712	 0.0965499
123.7	 -0.247617	 0.0024057	 1.73663	 -0.149945	 -1.05669	 0.0966386
123.72	 -0.246607	 0.00241433	 1.72475	 -0.150064	 -1.05616	 0.0967325
123.74	 -0.245576	 0.00242334	 1.71291	 -0.150184	 -1.05553	 0.0968315
123.76	 -0.244524	 0.00243271	 1.70112	 -0.150305	 -1.0548	 0.0969354
123.78	 -0.24345	 0.00244244	 1.68937	 -0.150427	 -1.05396	 0.0970441
123.8	 -0.242356	 0.00245252	 1.67767	 -0.15055	 -1.05302	 0.0971575
123.82	 -0.241242	 0.00246293	 1.66602	 -0.150673	 -1.05197	 0.0972754
123.84	 -0.240108	 0.00247367	 1.65442	 -0.150797	 -1.05082	 0.0973976
123.86	 -0.238954	 0.00248473	 1.64287	 -0.150922	 -1.04955	 0.097524
123.88	 -0.237781	 0.00249608	 1.63137	 -0.151048	 -1.04817	 0.0976543
123.9	 -0.236588	 0.00250773	 1.61993	 -0.151174	 -1.04667	 0.0977884
123.92	 -0.235377	 0.00251965	 1.60854	 -0.151301	 -1.04506	 0.0979261
123.94	 -0.234147	 0.00253184	 1.59721	 -0.151429	 -1.04334	 0.0980672
123.96	 -0.232899	 0.00254428	 1.58594	 -0.151557	 -1.04149	 0.0982115
123.98	 -0.231633	 0.00255695	 1.57473	 -0.151686	 -1.03953	 0.0983587
124	 -0.230349	 0.00256983	 1.56359	 -0.151815	 -1.03744	 0.0985087
124.02	 -0.229048	 0.00258293	 1.5525	 -0.151945	 -1.03523	 0.0986612
124.04	 -0.227729	 0.00259621	 1.54148	 -0.152075	 -1.0329	 0.0988159
124.06	 -0.226393	 0.00260966	 1.53053	 -0.152206	 -1.03044	 0.0989727
124.08	 -0.225041	 0.00262327	 1.51964	 -0.152337	 -1.02785	 0.0991313
124.1	 -0.223672	 0.00263702	 1.50882	 -0.152468	 -1.02514	 0.0992915
124.12	 -0.222287	 0.00265089	 1.49807	 -0.1526	 -1.02229	 0.0994531
124.14	 -0.220886	 0.00266487	 1.48739	 -0.152732	 -1.01931	 0.0996157
124.16	 -0.219468	 0.00267894	 1.47678	 -0.152865	 -1.01619	 0.0997791
124.18	 -0.218035	 0.00269308	 1.46625	 -0.152997	 -1.01294	 0.0999432
124.2	 -0.216587	 0.00270728	 1.4558	 -0.15313	 -1.00955	 0.100108
124.22	 -0.215124	 0.00272152	 1.44541	 -0.153263	 -1.00602	 0.100272
124.24	 -0.213645	 0.00273578	 1.43511	 -0.153396	 -1.00235	 0.100436
124.26	 -0.212151	 0.00275005	 1.42489	 -0.153529	 -0.998543	 0.1006
124.28	 -0.210643	 0.0027643	 1.41474	 -0.153662	 -0.99459	 0.100764
124.3	 -0.20912	 0.00277853	 1.40468	 -0.153796	 -0.990491	 0.100926
124.32	 -0.207582	 0.00279272	 1.3947	 -0.153929	 -0.986247	 0.101087
124.34	 -0.206031	 0.00280686	 1.3848	 -0.154063	 -0.981854	 0.101248
124.36	 -0.204465	 0.00282092	 1.37499	 -0.154196	 -0.977313	 0.101406
124.38	 -0.202885	 0.00283489	 1.36526	 -0.15433	 -0.972621	 0.101563
124.4	 -0.201292	 0.00284876	 1.35562	 -0.154463	 -0.967778	 0.101718
124.42	 -0.199685	 0.00286251	 1.34607	 -0.154596	 -0.962782	 0.10187
124.44	 -0.198064	 0.00287613	 1.33661	 -0.15473	 -0.957632	 0.102021
124.46	 -0.19643	 0.00288961	 1.32724	 -0.154863	 -0.952326	 0.102168
124.48	 -0.194782	 0.00290293	 1.31797	 -0.154996	 -0.946864	 0.102313
124.5	 -0.193121	 0.00291607	 1.30878	 -0.15513	 -0.941245	 0.102456
124.52	 -0.191447	 0.00292903	 1.29969	 -0.155263	 -0.935467	 0.102595
124.54	 -0.18976	 0.0029418	 1.29069	 -0.155396	 -0.92953	 0.10273
124.56	 -0.18806	 0.00295436	 1.28179	 -0.155529	 -0.923432	 0.102863
124.58	 -0.186348	 0.0029667	 1.27299	 -0.155662	 -0.917172	 0.102991
124.6	 -0.184622	 0.00297881	 1.26429	 -0.155794	 -0.910751	 0.103116
124.62	 -0.182884	 0.00299069	 1.25568	 -0.155927	 -0.904166	 0.103238
124.64	 -0.181133	 0.00300232	 1.24718	 -0.156059	 -0.897418	 0.103355
124.66	 -0.17937	 0.00301369	 1.23877	 -0.156192	 -0.890506	 0.103468
124.68	 -0.177595	 0.00302481	 1.23047	 -0.156324	 -0.883428	 0.103577
124.7	 -0.175807	 0.00303566	 1.22228	 -0.156457	 -0.876186	 0.103682
124.72	 -0.174007	 0.00304623	 1.21418	 -0.156589	 -0.868777	 0.103783
124.74	 -0.172194	 0.00305652	 1.2062	 -0.156721	 -0.861202	 0.103879
124.76	 -0.17037	 0.00306653	 1.19831	 -0.156853	 -0.85346	 0.10397
124.78	 -0.168534	 0.00307625	 1.19054	 -0.156985	 -0.845552	 0.104057
124.8	 -0.166685	 0.00308567	 1.18287	 -0.157118	 -0.837476	 0.10414
124.82	 -0.164825	 0.00309481	 1.17532	 -0.15725	 -0.829234	 0.104218
124.84	 -0.162953	 0.00310365	 1.16787	 -0.157383	 -0.820825	 0.104291
124.86	 -0.161069	 0.0031122	 1.16053	 -0.157516	 -0.812249	 0.10436
124.88	 -0.159174	 0.00312045	 1.15331	 -0.157649	 -0.803506	 0.104424
124.9	 -0.157267	 0.00312841	 1.1462	 -0.157783	 -0.794596	 0.104484
124.92	 -0.155349	 0.00313608	 1.1392	 -0.157917	 -0.785521	 0.104539
124.94	 -0.153419	 0.00314346	 1.13231	 -0.158051	 -0.77628	 0.10459
124.96	 -0.151478	 0.00315055	 1.12554	 -0.158186	 -0.766874	 0.104636
124.98	 -0.149526	 0.00315735	 1.11889	 -0.158321	 -0.757303	 0.104678
125	 -0.147562	 0.00316387	 1.11235	 -0.158457	 -0.747569	 0.104716
125.02	 -0.145588	 0.00317011	 1.10593	 -0.158594	 -0.737671	 0.104749
125.04	 -0.143603	 0.00317607	 1.09963	 -0.158731	 -0.727612	 0.104778
125.06	 -0.141606	 0.00318177	 1.09345	 -0.158869	 -0.717392	 0.104804
125.08	 -0.1396	 0.0031872	 1.08739	 -0.159008	 -0.707011	 0.104825
125.1	 -0.137582	 0.00319237	 1.08145	 -0.159147	 -0.696472	 0.104843
125.12	 -0.135554	 0.00319728	 1.07563	 -0.159288	 -0.685776	 0.104856
125.14	 -0.133515	 0.00320195	 1.06993	 -0.159429	 -0.674923	 0.104867
125.16	 -0.131467	 0.00320639	 1.06435	 -0.159571	 -0.663916	 0.104874
125.18	 -0.129408	 0.00321059	 1.0589	 -0.159714	 -0.652755	 0.104877
125.2	 -0.127339	 0.00321457	 1.05357	 -0.159858	 -0.641443	 0.104878
125.22	 -0.12526	 0.00321834	 1.04836	 -0.160004	 -0.629982	 0.104875
125.24	 -0.123171	 0.0032219	 1.04328	 -0.16015	 -0.618373	 0.10487
125.26	 -0.121073	 0.00322527	 1.03833	 -0.160298	 -0.606618	 0.104862
125.28	 -0.118966	 0.00322845	 1.0335	 -0.160447	 -0.594719	 0.104852
125.3	 -0.116849	 0.00323146	 1.0288	 -0.160597	 -0.582678	 0.10484
125.32	 -0.114723	 0.0032343	 1.02423	 -0.160748	 -0.570498	 0.104825
125.34	 -0.112588	 0.00323698	 1.01979	 -0.160901	 -0.558181	 0.104809
125.36	 -0.110445	 0.00323952	 1.01547	 -0.161055	 -0.545729	 0.104791
125.38	 -0.108293	 0.00324193	 1.01129	 -0.161211	 -0.533145	 0.104771
125.4	 -0.106132	 0.00324421	 1.00723	 -0.161368	 -0.520432	 0.10475
125.42	 -0.103964	 0.00324639	 1.00331	 -0.161527	 -0.507593	 0.104728
125.44	 -0.101787	 0.00324846	 0.999516	 -0.161688	 -0.494629	 0.104705
125.46	 -0.0996027	 0.00325044	 0.995854	 -0.16185	 -0.481544	 0.104682
125.48	 -0.0974109	 0.00325235	 0.992323	 -0.162014	 -0.468342	 0.104658
125.5	 -0.0952117	 0.00325419	 0.988926	 -0.16218	 -0.455024	 0.104634
125.52	 -0.0930056	 0.00325597	 0.985661	 -0.162348	 -0.441595	 0.10461
125.54	 -0.0907926	 0.00325771	 0.98253	 -0.162518	 -0.428058	 0.104587
125.56	 -0.088573	 0.00325941	 0.979532	 -0.162689	 -0.414415	 0.104564
125.58	 -0.0863472	 0.00326109	 0.976669	 -0.162863	 -0.400671	 0.104541
125.6	 -0.0841152	 0.00326275	 0.973941	 -0.163038	 -0.386829	 0.104519
125.62	 -0.0818774	 0.0032644	 0.971347	 -0.163216	 -0.372892	 0.104499
125.64	 -0.0796341	 0.00326605	 0.968889	 -0.163395	 -0.358864	 0.10448
125.66	 -0.0773856	 0.00326772	 0.966567	 -0.163576	 -0.344749	 0.104462
125.68	 -0.075132	 0.00326941	 0.964381	 -0.16376	 -0.330551	 0.104446
125.7	 -0.0728738	 0.00327112	 0.962332	 -0.163945	 -0.316273	 0.104432
125.72	 -0.0706112	 0.00327287	 0.960419	 -0.164132	 -0.30192	 0.104421
125.74	 -0.0683444	 0.00327466	 0.958643	 -0.164322	 -0.287495	 0.104411
125.76	 -0.0660739	 0.0032765	 0.957005	 -0.164513	 -0.273003	 0.104404
125.78	 -0.0637998	 0.00327839	 0.955504	 -0.164706	 -0.258447	 0.104399
125.8	 -0.0615226	 0.00328034	 0.954141	 -0.164901	 -0.243832	 0.104398
125.82	 -0.0592425	 0.00328235	 0.952916	 -0.165098	 -0.229162	 0.104399
125.84	 -0.0569599	 0.00328444	 0.951829	 -0.165297	 -0.214442	 0.104404
125.86	 -0.054675	 0.0032866	 0.950881	 -0.165498	 -0.199675	 0.104411
125.88	 -0.0523883	 0.00328884	 0.950072	 -0.1657	 -0.184867	 0.104422
125.9	 -0.0500999	 0.00329117	 0.949401	 -0.165905	 -0.170021	 0.104437
125.92	 -0.0478104	 0.00329357	 0.948869	 -0.166111	 -0.155143	 0.104455
125.94	 -0.04552	 0.00329607	 0.948476	 -0.166318	 -0.140237	 0.104477
125.96	 -0.043229	 0.00329865	 0.948223	 -0.166528	 -0.125308	 0.104503
125.98	 -0.0409379	 0.00330133	 0.948109	 -0.166739	 -0.11036	 0.104533
126	 -0.0386469	 0.00330409	 0.948133	 -0.166952	 -0.0953985	 0.104567
126.02	 -0.0363564	 0.00330695	 0.948298	 -0.167166	 -0.0804278	 0.104605
126.04	 -0.0340667	 0.0033099	 0.948601	 -0.167381	 -0.0654528	 0.104648
126.06	 -0.0317783	 0.00331293	 0.949044	 -0.167598	 -0.0504783	 0.104694
126.08	 -0.0294914	 0.00331605	 0.949626	 -0.167816	 -0.0355093	 0.104745
126.1	 -0.0272064	 0.00331925	 0.950348	 -0.168036	 -0.0205505	 0.1048
126.12	 -0.0249236	 0.00332252	 0.951208	 -0.168256	 -0.00560683	 0.10486
126.14	 -0.0226434	 0.00332587	 0.952208	 -0.168477	 0.0093169	 0.104923
126.16	 -0.0203662	 0.00332928	 0.953347	 -0.168699	 0.0242158	 0.104992
126.18	 -0.0180923	 0.00333276	 0.954625	 -0.168922	 0.039085	 0.105064
126.2	 -0.0158219	 0.00333629	 0.956041	 -0.169145	 0.0539197	 0.105141
126.22	 -0.0135556	 0.00333987	 0.957596	 -0.169369	 0.0687149	 0.105222
126.24	 -0.0112936	 0.00334348	 0.95929	 -0.169592	 0.0834658	 0.105308
126.26	 -0.00903616	 0.00334712	 0.961122	 -0.169816	 0.0981677	 0.105397
126.28	 -0.00678373	 0.00335078	 0.963092	 -0.170039	 0.112816	 0.105491
126.3	 -0.00453661	 0.00335445	 0.965201	 -0.170262	 0.127405	 0.105589
126.32	 -0.0022951	 0.00335811	 0.967446	 -0.170484	 0.141931	 0.105691
126.34	 -5.95326e-05	 0.00336176	 0.96983	 -0.170705	 0.15639	 0.105797
126.36	 0.00216978	 0.00336538	 0.97235	 -0.170926	 0.170775	 0.105906
126.38	 0.00439254	 0.00336896	 0.975007	 -0.171145	 0.185084	 0.10602
126.4	 0.00660844	 0.00337248	 0.9778	 -0.171362	 0.199311	 0.106137
126.42	 0.00881719	 0.00337595	 0.98073	 -0.171578	 0.213452	 0.106257
126.44	 0.0110185	 0.00337933	 0.983795	 -0.171792	 0.227503	 0.10638
126.46	 0.0132121	 0.00338263	 0.986996	 -0.172005	 0.241459	 0.106507
126.48	 0.0153977	 0.00338583	 0.990332	 -0.172214	 0.255317	 0.106637
126.5	 0.017575	 0.00338891	 0.993802	 -0.172422	 0.269071	 0.106769
126.52	 0.0197438	 0.00339188	 0.997407	 -0.172627	 0.282719	 0.106905
126.54	 0.0219038	 0.00339471	 1.00114	 -0.172829	 0.296255	 0.107042
126.56	 0.0240547	 0.0033974	 1.00502	 -0.173029	 0.309677	 0.107182
126.58	 0.0261964	 0.00339994	 1.00902	 -0.173225	 0.322979	 0.107324
126.6	 0.0283286	 0.00340231	 1.01316	 -0.173419	 0.336158	 0.107468
126.62	 0.030451	 0.0034045	 1.01742	 -0.173609	 0.349211	 0.107613
126.64	 0.0325635	 0.00340651	 1.02182	 -0.173795	 0.362134	 0.10776
126.66	 0.0346659	 0.00340833	 1.02635	 -0.173978	 0.374923	 0.107908
126.68	 0.0367578	 0.00340994	 1.03101	 -0.174158	 0.387575	 0.108057
126.7	 0.0388393	 0.00341134	 1.0358	 -0.174333	 0.400086	 0.108207
126.72	 0.04091	 0.00341251	 1.04071	 -0.174505	 0.412452	 0.108357
126.74	 0.0429697	 0.00341345	 1.04576	 -0.174672	 0.424672	 0.108508
126.76	 0.0450185	 0.00341414	 1.05093	 -0.174835	 0.43674	 0.108658
126.78	 0.0470559	 0.00341459	 1.05623	 -0.174994	 0.448656	 0.108808
126.8	 0.049082	 0.00341477	 1.06165	 -0.175147	 0.460415	 0.108958
126.82	 0.0510966	 0.00341467	 1.0672	 -0.175296	 0.472015	 0.109108
126.84	 0.0530995	 0.00341429	 1.07287	 -0.17544	 0.483453	 0.109256
126.86	 0.0550906	 0.00341363	 1.07867	 -0.175579	 0.494727	 0.109403
126.88	 0.0570699	 0.00341266	 1.08459	 -0.175712	 0.505835	 0.109548
126.9	 0.0590371	 0.00341138	 1.09063	 -0.175839	 0.516774	 0.109692
126.92	 0.0609923	 0.00340979	 1.0968	 -0.175961	 0.527542	 0.109834
126.94	 0.0629353	 0.00340787	 1.10308	 -0.176077	 0.538137	 0.109973
126.96	 0.064866	 0.00340563	 1.10948	 -0.176186	 0.548556	 0.11011
126.98	 0.0667844	 0.00340305	 1.116	 -0.176289	 0.558799	 0.110244
127	 0.0686905	 0.00340013	 1.12264	 -0.176386	 0.568864	 0.110375
127.02	 0.070584	 0.00339687	 1.1294	 -0.176476	 0.578748	 0.110503
127.04	 0.072465	 0.00339326	 1.13627	 -0.176559	 0.588451	 0.110627
127.06	 0.0743335	 0.00338929	 1.14326	 -0.176635	 0.59797	 0.110748
127.08	 0.0761894	 0.00338497	 1.15036	 -0.176704	 0.607306	 0.110864
127.1	 0.0780326	 0.0033803	 1.15757	 -0.176765	 0.616457	 0.110977
127.12	 0.0798632	 0.00337527	 1.1649	 -0.176819	 0.625421	 0.111085
127.14	 0.0816811	 0.00336987	 1.17234	 -0.176865	 0.634199	 0.111188
127.16	 0.0834863	 0.00336412	 1.17988	 -0.176904	 0.642789	 0.111287
127.18	 0.0852788	 0.00335801	 1.18754	 -0.176934	 0.65119	 0.111381
127.2	 0.0870585	 0.00335155	 1.19531	 -0.176957	 0.659403	 0.111469
127.22	 0.0888255	 0.00334473	 1.20318	 -0.176972	 0.667426	 0.111553
127.24	 0.0905797	 0.00333757	 1.21116	 -0.176979	 0.675259	 0.11163
127.26	 0.0923212	 0.00333007	 1.21924	 -0.176977	 0.682902	 0.111702
127.28	 0.0940499	 0.00332224	 1.22743	 -0.176968	 0.690356	 0.111768
127.3	 0.0957659	 0.0033141	 1.23572	 -0.17695	 0.697619	 0.111828
127.32	 0.0974691	 0.00330564	 1.24411	 -0.176924	 0.704693	 0.111882
127.34	 0.0991596	 0.00329689	 1.2526	 -0.17689	 0.711578	 0.111929
127.36	 0.100837	 0.00328785	 1.26119	 -0.176848	 0.718273	 0.111971
127.38	 0.102502	 0.00327853	 1.26988	 -0.176797	 0.72478	 0.112005
127.4	 0.104155	 0.00326895	 1.27867	 -0.176739	 0.731098	 0.112033
127.42	 0.105794	 0.00325912	 1.28755	 -0.176673	 0.737229	 0.112054
127.44	 0.107421	 0.00324905	 1.29653	 -0.176598	 0.743174	 0.112068
127.46	 0.109036	 0.00323875	 1.3056	 -0.176515	 0.748932	 0.112075
127.48	 0.110637	 0.00322825	 1.31477	 -0.176424	 0.754506	 0.112075
127.5	 0.112226	 0.00321755	 1.32402	 -0.176325	 0.759896	 0.112068
127.52	 0.113802	 0.00320668	 1.33337	 -0.176219	 0.765103	 0.112054
127.54	 0.115366	 0.00319565	 1.34281	 -0.176104	 0.770129	 0.112033
127.56	 0.116916	 0.00318447	 1.35233	 -0.175982	 0.774973	 0.112005
127.58	 0.118454	 0.00317317	 1.36194	 -0.175851	 0.779639	 0.111969
127.6	 0.119979	 0.00316176	 1.37163	 -0.175713	 0.784127	 0.111927
127.62	 0.121492	 0.00315027	 1.38141	 -0.175568	 0.788438	 0.111877
127.64	 0.122991	 0.0031387	 1.39128	 -0.175414	 0.792575	 0.111821
127.66	 0.124478	 0.00312708	 1.40122	 -0.175254	 0.796538	 0.111757
127.68	 0.125952	 0.00311543	 1.41125	 -0.175086	 0.800329	 0.111687
127.7	 0.127412	 0.00310377	 1.42135	 -0.174911	 0.803951	 0.11161
127.72	 0.12886	 0.00309213	 1.43153	 -0.174729	 0.807404	 0.111526
127.74	 0.130295	 0.00308052	 1.44179	 -0.17454	 0.81069	 0.111435
127.76	 0.131716	 0.00306897	 1.45212	 -0.174344	 0.813812	 0.111338
127.78	 0.133125	 0.00305749	 1.46253	 -0.174142	 0.816772	 0.111234
127.8	 0.13452	 0.00304612	 1.47301	 -0.173933	 0.81957	 0.111124
127.82	 0.135901	 0.00303487	 1.48357	 -0.173718	 0.822209	 0.111008
127.84	 0.137269	 0.00302376	 1.49419	 -0.173496	 0.824692	 0.110886
127.86	 0.138623	 0.00301281	 1.50488	 -0.173269	 0.82702	 0.110758
127.88	 0.139964	 0.00300205	 1.51564	 -0.173036	 0.829195	 0.110625
127.9	 0.141291	 0.0029915	 1.52647	 -0.172797	 0.831219	 0.110486
127.92	 0.142603	 0.00298119	 1.53736	 -0.172553	 0.833094	 0.110341
127.94	 0.143902	 0.00297112	 1.54831	 -0.172303	 0.834823	 0.110192
127.96	 0.145186	 0.00296132	 1.55933	 -0.172049	 0.836408	 0.110038
127.98	 0.146455	 0.00295182	 1.57041	 -0.171789	 0.837851	 0.109879
128	 0.14771	 0.00294262	 1.58155	 -0.171525	 0.839154	 0.109716
128.02	 0.14895	 0.00293376	 1.59274	 -0.171257	 0.840319	 0.109548
128.04	 0.150175	 0.00292525	 1.604	 -0.170984	 0.841349	 0.109377
128.06	 0.151385	 0.00291711	 1.61531	 -0.170708	 0.842245	 0.109202
128.08	 0.152579	 0.00290934	 1.62667	 -0.170428	 0.843011	 0.109024
128.1	 0.153758	 0.00290198	 1.63809	 -0.170144	 0.843648	 0.108842
128.12	 0.154921	 0.00289503	 1.64956	 -0.169856	 0.844158	 0.108658
128.14	 0.156067	 0.00288852	 1.66108	 -0.169566	 0.844544	 0.10847
128.16	 0.157197	 0.00288245	 1.67265	 -0.169273	 0.844808	 0.108281
128.18	 0.15831	 0.00287684	 1.68427	 -0.168976	 0.844952	 0.108089
128.2	 0.159407	 0.00287171	 1.69593	 -0.168678	 0.844978	 0.107896
128.22	 0.160486	 0.00286706	 1.70764	 -0.168377	 0.844889	 0.107701
128.24	 0.161548	 0.00286291	 1.71939	 -0.168074	 0.844686	 0.107505
128.26	 0.162592	 0.00285927	 1.73119	 -0.16777	 0.844373	 0.107308
128.28	 0.163618	 0.00285614	 1.74303	 -0.167463	 0.84395	 0.107111
128.3	 0.164625	 0.00285355	 1.7549	 -0.167156	 0.84342	 0.106913
128.32	 0.165614	 0.00285148	 1.76682	 -0.166847	 0.842786	 0.106714
128.34	 0.166584	 0.00284995	 1.77877	 -0.166537	 0.842049	 0.106517
128.36	 0.167534	 0.00284896	 1.79076	 -0.166227	 0.841211	 0.106319
128.38	 0.168465	 0.00284852	 1.80278	 -0.165916	 0.840275	 0.106123
128.4	 0.169375	 0.00284863	 1.81484	 -0.165605	 0.839242	 0.105927
128.42	 0.170266	 0.00284929	 1.82693	 -0.165293	 0.838115	 0.105733
128.44	 0.171136	 0.00285051	 1.83904	 -0.164982	 0.836895	 0.10554
128.46	 0.171984	 0.00285227	 1.85119	 -0.164671	 0.835584	 0.10535
128.48	 0.172812	 0.00285458	 1.86336	 -0.164361	 0.834184	 0.105161
128.5	 0.173617	 0.00285742	 1.87557	 -0.164051	 0.832698	 0.104975
128.52	 0.174401	 0.00286081	 1.88779	 -0.163743	 0.831126	 0.104791
128.54	 0.175162	 0.00286473	 1.90004	 -0.163435	 0.829471	 0.104611
128.56	 0.1759	 0.00286917	 1.91231	 -0.163129	 0.827735	 0.104433
128.58	 0.176615	 0.00287412	 1.9246	 -0.162824	 0.825918	 0.104259
128.6	 0.177307	 0.00287957	 1.93692	 -0.16252	 0.824024	 0.104088
128.62	 0.177975	 0.00288552	 1.94925	 -0.162219	 0.822054	 0.103921
128.64	 0.178618	 0.00289194	 1.96159	 -0.161919	 0.820008	 0.103758
128.66	 0.179237	 0.00289883	 1.97396	 -0.161621	 0.81789	 0.1036
128.68	 0.179831	 0.00290617	 1.98633	 -0.161326	 0.8157	 0.103445
128.7	 0.1804	 0.00291394	 1.99872	 -0.161033	 0.813441	 0.103295
128.72	 0.180943	 0.00292213	 2.01112	 -0.160742	 0.811113	 0.10315
128.74	 0.18146	 0.00293072	 2.02353	 -0.160454	 0.808718	 0.10301
128.76	 0.181951	 0.00293968	 2.03595	 -0.160169	 0.806257	 0.102875
128.78	 0.182415	 0.00294901	 2.04838	 -0.159886	 0.803733	 0.102745
128.8	 0.182852	 0.00295868	 2.06081	 -0.159607	 0.801145	 0.10262
128.82	 0.183262	 0.00296866	 2.07325	 -0.15933	 0.798497	 0.1025
128.84	 0.183644	 0.00297893	 2.08569	 -0.159057	 0.795788	 0.102386
128.86	 0.183998	 0.00298948	 2.09813	 -0.158787	 0.793021	 0.102277
128.88	 0.184324	 0.00300026	 2.11057	 -0.15852	 0.790196	 0.102174
128.9	 0.184621	 0.00301127	 2.12302	 -0.158257	 0.787314	 0.102077
128.92	 0.18489	 0.00302247	 2.13546	 -0.157997	 0.784378	 0.101985
128.94	 0.185129	 0.00303384	 2.14789	 -0.157741	 0.781388	 0.101899
128.96	 0.185339	 0.00304534	 2.16032	 -0.157488	 0.778344	 0.101819
128.98	 0.185519	 0.00305695	 2.17275	 -0.157239	 0.775249	 0.101745
129	 0.18567	 0.00306864	 2.18517	 -0.156994	 0.772104	 0.101676
129.02	 0.18579	 0.00308039	 2.19757	 -0.156753	 0.768908	 0.101613
129.04	 0.18588	 0.00309215	 2.20997	 -0.156515	 0.765664	 0.101555
129.06	 0.18594	 0.00310391	 2.22236	 -0.156282	 0.762372	 0.101504
129.08	 0.185968	 0.00311562	 2.23473	 -0.156052	 0.759034	 0.101457
129.1	 0.185966	 0.00312727	 2.24709	 -0.155826	 0.755649	 0.101417
129.12	 0.185933	 0.00313881	 2.25944	 -0.155604	 0.75222	 0.101381
129.14	 0.185868	 0.00315023	 2.27177	 -0.155386	 0.748747	 0.101351
129.16	 0.185772	 0.00316148	 2.28408	 -0.155171	 0.74523	 0.101327
129.18	 0.185644	 0.00317253	 2.29637	 -0.154961	 0.741671	 0.101307
129.2	 0.185485	 0.00318337	 2.30863	 -0.154755	 0.73807	 0.101292
129.22	 0.185293	 0.00319395	 2.32088	 -0.154552	 0.734428	 0.101283
129.24	 0.18507	 0.00320424	 2.33311	 -0.154353	 0.730746	 0.101278
129.26	 0.184815	 0.00321422	 2.3453	 -0.154159	 0.727024	 0.101277
129.28	 0.184528	 0.00322385	 2.35748	 -0.153968	 0.723264	 0.101281
129.3	 0.184209	 0.00323312	 2.36962	 -0.15378	 0.719465	 0.101289
129.32	 0.183858	 0.00324198	 2.38174	 -0.153597	 0.715629	 0.101301
129.34	 0.183474	 0.00325041	 2.39382	 -0.153417	 0.711756	 0.101317
129.36	 0.183059	 0.00325838	 2.40588	 -0.153241	 0.707847	 0.101336
129.38	 0.182611	 0.00326587	 2.4179	 -0.153069	 0.703902	 0.101359
129.4	 0.182132	 0.00327286	 2.42989	 -0.1529	 0.699921	 0.101385
129.42	 0.18162	 0.00327931	 2.44185	 -0.152735	 0.695906	 0.101414
129.44	 0.181076	 0.0032852	 2.45376	 -0.152574	 0.691857	 0.101445
129.46	 0.180501	 0.00329051	 2.46564	 -0.152416	 0.687774	 0.101479
129.48	 0.179894	 0.00329522	 2.47748	 -0.152261	 0.683658	 0.101515
129.5	 0.179255	 0.0032993	 2.48928	 -0.15211	 0.679509	 0.101553
129.52	 0.178585	 0.00330274	 2.50104	 -0.151962	 0.675327	 0.101593
129.54	 0.177883	 0.00330552	 2.51276	 -0.151817	 0.671113	 0.101634
129.56	 0.17715	 0.00330761	 2.52443	 -0.151675	 0.666868	 0.101677
129.58	 0.176387	 0.00330901	 2.53606	 -0.151537	 0.662591	 0.10172
129.6	 0.175592	 0.00330969	 2.54764	 -0.151402	 0.658283	 0.101764
129.62	 0.174766	 0.00330964	 2.55918	 -0.151269	 0.653945	 0.101808
129.64	 0.173911	 0.00330886	 2.57066	 -0.15114	 0.649576	 0.101853
129.66	 0.173025	 0.00330732	 2.5821	 -0.151013	 0.645176	 0.101897
129.68	 0.172109	 0.00330502	 2.59348	 -0.15089	 0.640747	 0.101941
129.7	 0.171163	 0.00330194	 2.60481	 -0.150769	 0.636288	 0.101985
129.72	 0.170188	 0.00329809	 2.61609	 -0.150651	 0.631799	 0.102027
129.74	 0.169184	 0.00329346	 2.62732	 -0.150535	 0.62728	 0.102069
129.76	 0.168151	 0.00328805	 2.63848	 -0.150422	 0.622733	 0.102108
129.78	 0.16709	 0.00328184	 2.6496	 -0.150312	 0.618156	 0.102147
129.8	 0.166	 0.00327485	 2.66065	 -0.150204	 0.61355	 0.102183
129.82	 0.164882	 0.00326706	 2.67164	 -0.150099	 0.608914	 0.102218
129.84	 0.163737	 0.00325849	 2.68257	 -0.149996	 0.60425	 0.10225
129.86	 0.162565	 0.00324914	 2.69345	 -0.149895	 0.599557	 0.102279
129.88	 0.161366	 0.003239	 2.70425	 -0.149797	 0.594834	 0.102306
129.9	 0.160141	 0.0032281	 2.715	 -0.149701	 0.590083	 0.102329
129.92	 0.158889	 0.00321643	 2.72568	 -0.149607	 0.585302	 0.10235
129.94	 0.157612	 0.00320401	 2.73629	 -0.149515	 0.580492	 0.102367
129.96	 0.156309	 0.00319084	 2.74684	 -0.149425	 0.575653	 0.102381
129.98	 0.154982	 0.00317695	 2.75732	 -0.149338	 0.570784	 0.102391
130	 0.15363	 0.00316234	 2.76773	 -0.149252	 0.565885	 0.102397
130.02	 0.152254	 0.00314702	 2.77807	 -0.149169	 0.560957	 0.102399
130.04	 0.150855	 0.00313102	 2.78833	 -0.149087	 0.555998	 0.102396
130.06	 0.149432	 0.00311436	 2.79853	 -0.149008	 0.55101	 0.10239
130.08	 0.147987	 0.00309705	 2.80865	 -0.14893	 0.54599	 0.102379
130.1	 0.146519	 0.00307911	 2.8187	 -0.148854	 0.54094	 0.102363
130.12	 0.145029	 0.00306056	 2.82867	 -0.14878	 0.535858	 0.102343
130.14	 0.143518	 0.00304144	 2.83857	 -0.148708	 0.530745	 0.102318
130.16	 0.141986	 0.00302175	 2.84839	 -0.148637	 0.5256	 0.102289
130.18	 0.140433	 0.00300153	 2.85813	 -0.148568	 0.520422	 0.102254
130.2	 0.13886	 0.0029808	 2.86779	 -0.148501	 0.515212	 0.102214
130.22	 0.137267	 0.0029596	 2.87737	 -0.148435	 0.509968	 0.102169
130.24	 0.135655	 0.00293794	 2.88687	 -0.148371	 0.504691	 0.10212
130.26	 0.134025	 0.00291586	 2.89629	 -0.148309	 0.499379	 0.102065
130.28	 0.132376	 0.00289338	 2.90562	 -0.148248	 0.494033	 0.102005
130.3	 0.130709	 0.00287055	 2.91487	 -0.148189	 0.488652	 0.10194
130.32	 0.129024	 0.00284738	 2.92404	 -0.148131	 0.483235	 0.10187
130.34	 0.127323	 0.00282391	 2.93312	 -0.148075	 0.477781	 0.101795
130.36	 0.125605	 0.00280017	 2.94211	 -0.148021	 0.472291	 0.101715
130.38	 0.123871	 0.0027762	 2.95102	 -0.147967	 0.466763	 0.101631
130.4	 0.122121	 0.00275202	 2.95984	 -0.147916	 0.461197	 0.101541
130.42	 0.120356	 0.00272768	 2.96856	 -0.147865	 0.455592	 0.101447
130.44	 0.118576	 0.0027032	 2.9772	 -0.147816	 0.449948	 0.101348
130.46	 0.116782	 0.00267862	 2.98575	 -0.147769	 0.444264	 0.101244
130.48	 0.114974	 0.00265397	 2.99421	 -0.147722	 0.43854	 0.101137
130.5	 0.113152	 0.00262929	 3.00257	 -0.147678	 0.432774	 0.101024
130.52	 0.111317	 0.00260461	 3.01084	 -0.147634	 0.426966	 0.100908
130.54	 0.109469	 0.00257997	 3.01902	 -0.147592	 0.421116	 0.100788
130.56	 0.107609	 0.00255539	 3.0271	 -0.147551	 0.415222	 0.100664
130.58	 0.105737	 0.00253092	 3.03509	 -0.147511	 0.409284	 0.100536
130.6	 0.103853	 0.00250658	 3.04298	 -0.147472	 0.403302	 0.100405
130.62	 0.101959	 0.0024824	 3.05077	 -0.147435	 0.397275	 0.100271
130.64	 0.100053	 0.00245842	 3.05847	 -0.147399	 0.391201	 0.100133
130.66	 0.0981366	 0.00243467	 3.06607	 -0.147363	 0.385081	 0.0999926
130.68	 0.0962102	 0.00241118	 3.07357	 -0.147329	 0.378913	 0.0998496
130.7	 0.0942741	 0.00238797	 3.08097	 -0.147296	 0.372698	 0.0997041
130.72	 0.0923285	 0.00236509	 3.08827	 -0.147264	 0.366433	 0.0995564
130.74	 0.0903738	 0.00234255	 3.09546	 -0.147233	 0.36012	 0.0994068
130.76	 0.0884104	 0.00232038	 3.10256	 -0.147202	 0.353756	 0.0992554
130.78	 0.0864385	 0.00229861	 3.10955	 -0.147173	 0.347341	 0.0991025
130.8	 0.0844584	 0.00227727	 3.11645	 -0.147144	 0.340876	 0.0989483
130.82	 0.0824705	 0.00225638	 3.12323	 -0.147116	 0.334358	 0.0987931
130.84	 0.080475	 0.00223597	 3.12992	 -0.147089	 0.327787	 0.0986372
130.86	 0.0784722	 0.00221605	 3.1365	 -0.147062	 0.321164	 0.0984808
130.88	 0.0764624	 0.00219665	 3.14297	 -0.147035	 0.314486	 0.0983241
130.9	 0.0744459	 0.0021778	 3.14934	 -0.147009	 0.307755	 0.0981674
130.92	 0.0724229	 0.0021595	 3.1556	 -0.146984	 0.300968	 0.0980109
130.94	 0.0703937	 0.00214178	 3.16175	 -0.146958	 0.294126	 0.097855
130.96	 0.0683585	 0.00212466	 3.1678	 -0.146933	 0.287229	 0.0976999
130.98	 0.0663176	 0.00210814	 3.17374	 -0.146907	 0.280275	 0.0975457
131	 0.0642712	 0.00209226	 3.17957	 -0.146882	 0.273265	 0.0973929
131.02	 0.0622195	 0.00207701	 3.18529	 -0.146856	 0.266198	 0.0972415
131.04	 0.0601628	 0.00206241	 3.1909	 -0.146831	 0.259074	 0.0970919
131.06	 0.0581011	 0.00204848	 3.19641	 -0.146804	 0.251893	 0.0969444
131.08	 0.0560349	 0.00203522	 3.2018	 -0.146778	 0.244654	 0.096799
131.1	 0.0539641	 0.00202265	 3.20708	 -0.146751	 0.237356	 0.0966562
131.12	 0.0518891	 0.00201077	 3.21225	 -0.146723	 0.230001	 0.0965161
131.14	 0.04981	 0.00199959	 3.2173	 -0.146695	 0.222588	 0.096379
131.16	 0.047727	 0.00198911	 3.22225	 -0.146667	 0.215117	 0.0962451
131.18	 0.0456402	 0.00197934	 3.22708	 -0.146637	 0.207588	 0.0961145
131.2	 0.0435499	 0.00197028	 3.2318	 -0.146607	 0.200001	 0.0959875
131.22	 0.041456	 0.00196193	 3.23641	 -0.146576	 0.192356	 0.0958643
131.24	 0.0393589	 0.0019543	 3.2409	 -0.146544	 0.184653	 0.0957451
131.26	 0.0372587	 0.00194739	 3.24528	 -0.146511	 0.176893	 0.09563
131.28	 0.0351554	 0.00194118	 3.24954	 -0.146477	 0.169076	 0.0955192
131.3	 0.0330492	 0.00193568	 3.25369	 -0.146442	 0.161202	 0.0954129
131.32	 0.0309403	 0.00193088	 3.25772	 -0.146405	 0.153271	 0.0953112
131.34	 0.0288287	 0.00192678	 3.26164	 -0.146367	 0.145285	 0.0952143
131.36	 0.0267147	 0.00192337	 3.26544	 -0.146328	 0.137243	 0.0951223
131.38	 0.0245982	 0.00192065	 3.26912	 -0.146287	 0.129146	 0.0950353
131.4	 0.0224794	 0.00191859	 3.27269	 -0.146244	 0.120994	 0.0949533
131.42	 0.0203584	 0.0019172	 3.27614	 -0.1462	 0.112789	 0.0948766
131.44	 0.0182353	 0.00191645	 3.27947	 -0.146154	 0.104531	 0.0948052
131.46	 0.0161102	 0.00191635	 3.28269	 -0.146106	 0.0962206	 0.0947391
131.48	 0.0139832	 0.00191687	 3.28578	 -0.146056	 0.0878588	 0.0946785
131.5	 0.0118544	 0.001918	 3.28876	 -0.146005	 0.0794466	 0.0946234
131.52	 0.00972393	 0.00191974	 3.29162	 -0.145951	 0.0709849	 0.0945738
131.54	 0.00759178	 0.00192206	 3.29437	 -0.145895	 0.0624748	 0.0945298
131.56	 0.00545808	 0.00192494	 3.29699	 -0.145836	 0.0539174	 0.0944913
131.58	 0.00332292	 0.00192838	 3.29949	 -0.145775	 0.0453139	 0.0944583
131.6	 0.00118639	 0.00193235	 3.30188	 -0.145712	 0.0366656	 0.0944307
131.62	 -0.00095144	 0.00193683	 3.30414	 -0.145647	 0.0279738	 0.0944086
131.64	 -0.00309048	 0.00194181	 3.30628	 -0.145578	 0.0192399	 0.0943919
131.66	 -0.00523065	 0.00194726	 3.30831	 -0.145507	 0.0104655	 0.0943805
131.68	 -0.00737187	 0.00195317	 3.31021	 -0.145434	 0.00165205	 0.0943743
131.7	 -0.00951406	 0.00195952	 3.312	 -0.145357	 -0.00719884	 0.0943732
131.72	 -0.0116571	 0.00196627	 3.31366	 -0.145278	 -0.0160855	 0.0943772
131.74	 -0.013801	 0.00197343	 3.3152	 -0.145195	 -0.0250063	 0.0943862
131.76	 -0.0159456	 0.00198095	 3.31662	 -0.145109	 -0.0339594	 0.0943999
131.78	 -0.0180908	 0.00198883	 3.31792	 -0.145021	 -0.0429429	 0.0944182
131.8	 -0.0202366	 0.00199704	 3.3191	 -0.144929	 -0.0519551	 0.0944411
131.82	 -0.0223828	 0.00200555	 3.32015	 -0.144834	 -0.060994	 0.0944683
131.84	 -0.0245294	 0.00201436	 3.32108	 -0.144736	 -0.0700575	 0.0944996
131.86	 -0.0266763	 0.00202343	 3.3219	 -0.144634	 -0.0791437	 0.0945349
131.88	 -0.0288234	 0.00203275	 3.32259	 -0.14453	 -0.0882504	 0.0945739
131.9	 -0.0309706	 0.0020423	 3.32316	 -0.144422	 -0.0973757	 0.0946166
131.92	 -0.0331178	 0.00205204	 3.3236	 -0.144311	 -0.106517	 0.0946626
131.94	 -0.035265	 0.00206198	 3.32392	 -0.144197	 -0.115673	 0.0947119
131.96	 -0.0374121	 0.00207207	 3.32413	 -0.14408	 -0.124841	 0.094764
131.98	 -0.0395589	 0.00208232	 3.3242	 -0.143959	 -0.134019	 0.094819
132	 -0.0417054	 0.00209268	 3.32416	 -0.143836	 -0.143205	 0.0948764
132.02	 -0.0438515	 0.00210316	 3.324	 -0.14371	 -0.152396	 0.0949362
132.04	 -0.0459971	 0.00211373	 3.32371	 -0.143581	 -0.16159	 0.094998
132.06	 -0.0481421	 0.00212437	 3.3233	 -0.14345	 -0.170785	 0.0950616
132.08	 -0.0502864	 0.00213507	 3.32276	 -0.143315	 -0.17998	 0.0951269
132.1	 -0.0524299	 0.00214581	 3.32211	 -0.143179	 -0.18917	 0.0951935
132.12	 -0.0545724	 0.00215658	 3.32133	 -0.14304	 -0.198355	 0.0952613
132.14	 -0.056714	 0.00216736	 3.32043	 -0.142898	 -0.207532	 0.09533
132.16	 -0.0588546	 0.00217814	 3.31941	 -0.142755	 -0.216698	 0.0953994
132.18	 -0.0609939	 0.00218891	 3.31826	 -0.14261	 -0.225852	 0.0954691
132.2	 -0.0631319	 0.00219965	 3.317	 -0.142463	 -0.234991	 0.0955391
132.22	 -0.0652686	 0.00221035	 3.31561	 -0.142314	 -0.244112	 0.0956091
132.24	 -0.0674038	 0.00222101	 3.3141	 -0.142164	 -0.253215	 0.0956787
132.26	 -0.0695373	 0.00223161	 3.31247	 -0.142012	 -0.262296	 0.0957479
132.28	 -0.0716692	 0.00224214	 3.31072	 -0.14186	 -0.271353	 0.0958163
132.3	 -0.0737993	 0.0022526	 3.30884	 -0.141706	 -0.280385	 0.0958837
132.32	 -0.0759275	 0.00226297	 3.30685	 -0.141551	 -0.289388	 0.09595
132.34	 -0.0780536	 0.00227324	 3.30473	 -0.141396	 -0.298362	 0.0960148
132.36	 -0.0801777	 0.0022834	 3.3025	 -0.141241	 -0.307303	 0.0960781
132.38	 -0.0822995	 0.00229346	 3.30014	 -0.141085	 -0.316211	 0.0961395
132.4	 -0.084419	 0.00230339	 3.29766	 -0.140929	 -0.325083	 0.0961989
132.42	 -0.086536	 0.00231319	 3.29507	 -0.140773	 -0.333917	 0.0962562
132.44	 -0.0886505	 0.00232286	 3.29235	 -0.140618	 -0.342711	 0.096311
132.46	 -0.0907624	 0.00233239	 3.28951	 -0.140463	 -0.351464	 0.0963634
132.48	 -0.0928714	 0.00234178	 3.28656	 -0.140308	 -0.360174	 0.0964131
132.5	 -0.0949776	 0.00235102	 3.28348	 -0.140155	 -0.368838	 0.0964599
132.52	 -0.0970807	 0.0023601	 3.28029	 -0.140002	 -0.377456	 0.0965038
132.54	 -0.0991808	 0.00236903	 3.27698	 -0.139851	 -0.386025	 0.0965445
132.56	 -0.101278	 0.0023778	 3.27355	 -0.139702	 -0.394544	 0.0965819
132.58	 -0.103371	 0.00238641	 3.27	 -0.139554	 -0.403011	 0.096616
132.6	 -0.105461	 0.00239485	 3.26634	 -0.139407	 -0.411424	 0.0966466
132.62	 -0.107547	 0.00240313	 3.26256	 -0.139263	 -0.419783	 0.0966736
132.64	 -0.10963	 0.00241124	 3.25866	 -0.139122	 -0.428086	 0.0966969
132.66	 -0.111709	 0.00241918	 3.25464	 -0.138982	 -0.436331	 0.0967165
132.68	 -0.113784	 0.00242695	 3.25051	 -0.138845	 -0.444518	 0.0967322
132.7	 -0.115854	 0.00243455	 3.24627	 -0.138711	 -0.452645	 0.096744
132.72	 -0.117921	 0.00244197	 3.2419	 -0.13858	 -0.460711	 0.0967519
132.74	 -0.119983	 0.0024492	 3.23743	 -0.138452	 -0.468716	 0.0967558
132.76	 -0.12204	 0.00245626	 3.23284	 -0.138327	 -0.476658	 0.0967557
132.78	 -0.124093	 0.00246313	 3.22813	 -0.138206	 -0.484537	 0.0967517
132.8	 -0.126142	 0.00246981	 3.22332	 -0.138088	 -0.492352	 0.0967436
132.82	 -0.128185	 0.00247631	 3.21838	 -0.137974	 -0.500103	 0.0967317
132.84	 -0.130223	 0.00248263	 3.21334	 -0.137864	 -0.507789	 0.0967157
132.86	 -0.132256	 0.00248875	 3.20819	 -0.137758	 -0.515409	 0.0966959
132.88	 -0.134284	 0.0024947	 3.20292	 -0.137656	 -0.522963	 0.0966723
132.9	 -0.136307	 0.00250045	 3.19754	 -0.137558	 -0.530451	 0.0966448
132.92	 -0.138323	 0.00250603	 3.19205	 -0.137465	 -0.537872	 0.0966136
132.94	 -0.140334	 0.00251141	 3.18646	 -0.137376	 -0.545226	 0.0965789
132.96	 -0.14234	 0.0025166	 3.18075	 -0.137292	 -0.552513	 0.0965405
132.98	 -0.144338	 0.00252159	 3.17493	 -0.137213	 -0.559733	 0.0964988
133	 -0.146331	 0.00252639	 3.16901	 -0.137139	 -0.566885	 0.0964537
133.02	 -0.148318	 0.00253099	 3.16298	 -0.13707	 -0.57397	 0.0964054
133.04	 -0.150297	 0.0025354	 3.15684	 -0.137005	 -0.580987	 0.096354
133.06	 -0.15227	 0.0025396	 3.15059	 -0.136947	 -0.587937	 0.0962997
133.08	 -0.154236	 0.0025436	 3.14424	 -0.136893	 -0.59482	 0.0962426
133.1	 -0.156195	 0.0025474	 3.13779	 -0.136845	 -0.601636	 0.0961828
133.12	 -0.158147	 0.002551	 3.13122	 -0.136802	 -0.608386	 0.0961205
133.14	 -0.160091	 0.0025544	 3.12456	 -0.136765	 -0.615069	 0.0960559
133.16	 -0.162027	 0.0025576	 3.11779	 -0.136734	 -0.621686	 0.0959892
133.18	 -0.163956	 0.00256059	 3.11092	 -0.136709	 -0.628238	 0.0959205
133.2	 -0.165876	 0.00256338	 3.10395	 -0.136689	 -0.634726	 0.09585
133.22	 -0.167788	 0.00256596	 3.09688	 -0.136675	 -0.641148	 0.095778
133.24	 -0.169691	 0.00256833	 3.0897	 -0.136667	 -0.647507	 0.0957045
133.26	 -0.171586	 0.0025705	 3.08243	 -0.136665	 -0.653803	 0.0956299
133.28	 -0.173472	 0.00257247	 3.07505	 -0.136669	 -0.660036	 0.0955543
133.3	 -0.175348	 0.00257423	 3.06758	 -0.136679	 -0.666207	 0.0954779
133.32	 -0.177215	 0.00257579	 3.06001	 -0.136695	 -0.672316	 0.0954009
133.34	 -0.179072	 0.00257714	 3.05235	 -0.136718	 -0.678365	 0.0953235
133.36	 -0.180919	 0.00257828	 3.04458	 -0.136746	 -0.684353	 0.095246
133.38	 -0.182755	 0.00257922	 3.03672	 -0.13678	 -0.690282	 0.0951685
133.4	 -0.184582	 0.00257995	 3.02877	 -0.13682	 -0.696153	 0.0950913
133.42	 -0.186397	 0.00258047	 3.02072	 -0.136867	 -0.701966	 0.0950145
133.44	 -0.188201	 0.00258078	 3.01258	 -0.136919	 -0.707721	 0.0949385
133.46	 -0.189994	 0.00258088	 3.00435	 -0.136977	 -0.71342	 0.0948633
133.48	 -0.191775	 0.00258076	 2.99603	 -0.137041	 -0.719064	 0.0947892
133.5	 -0.193544	 0.00258042	 2.98761	 -0.137112	 -0.724653	 0.0947164
133.52	 -0.1953	 0.00257987	 2.97911	 -0.137187	 -0.730188	 0.0946452
133.54	 -0.197044	 0.00257909	 2.97051	 -0.137269	 -0.73567	 0.0945756
133.56	 -0.198775	 0.00257809	 2.96183	 -0.137357	 -0.741099	 0.0945079
133.58	 -0.200493	 0.00257685	 2.95306	 -0.13745	 -0.746477	 0.0944424
133.6	 -0.202197	 0.00257539	 2.9442	 -0.137548	 -0.751804	 0.0943791
133.62	 -0.203887	 0.00257368	 2.93526	 -0.137652	 -0.757081	 0.0943184
133.64	 -0.205563	 0.00257174	 2.92623	 -0.137761	 -0.762308	 0.0942603
133.66	 -0.207224	 0.00256956	 2.91712	 -0.137875	 -0.767488	 0.094205
133.68	 -0.20887	 0.00256714	 2.90792	 -0.137995	 -0.772619	 0.0941528
133.7	 -0.210501	 0.00256448	 2.89865	 -0.138119	 -0.777703	 0.0941038
133.72	 -0.212116	 0.00256157	 2.88929	 -0.138248	 -0.782741	 0.0940582
133.74	 -0.213715	 0.00255841	 2.87985	 -0.138382	 -0.787733	 0.0940161
133.76	 -0.215297	 0.002555	 2.87033	 -0.138519	 -0.79268	 0.0939776
133.78	 -0.216863	 0.00255134	 2.86073	 -0.138661	 -0.797583	 0.0939429
133.8	 -0.218411	 0.00254742	 2.85105	 -0.138808	 -0.802442	 0.0939122
133.82	 -0.219942	 0.00254324	 2.8413	 -0.138957	 -0.807258	 0.0938855
133.84	 -0.221455	 0.00253879	 2.83147	 -0.139111	 -0.812031	 0.093863
133.86	 -0.22295	 0.00253409	 2.82157	 -0.139268	 -0.816763	 0.0938448
133.88	 -0.224426	 0.00252912	 2.81159	 -0.139428	 -0.821454	 0.0938309
133.9	 -0.225882	 0.00252389	 2.80154	 -0.139591	 -0.826103	 0.0938215
133.92	 -0.22732	 0.0025184	 2.79142	 -0.139758	 -0.830713	 0.0938166
133.94	 -0.228737	 0.00251265	 2.78122	 -0.139927	 -0.835283	 0.0938162
133.96	 -0.230134	 0.00250664	 2.77096	 -0.140098	 -0.839815	 0.0938205
133.98	 -0.231511	 0.00250038	 2.76062	 -0.140272	 -0.844307	 0.0938294
134	 -0.232867	 0.00249386	 2.75022	 -0.140448	 -0.848761	 0.093843
134.02	 -0.234201	 0.00248708	 2.73975	 -0.140627	 -0.853177	 0.0938614
134.04	 -0.235513	 0.00248006	 2.72922	 -0.140806	 -0.857555	 0.0938845
134.06	 -0.236804	 0.00247278	 2.71862	 -0.140988	 -0.861896	 0.0939123
134.08	 -0.238071	 0.00246526	 2.70795	 -0.141171	 -0.8662	 0.093945
134.1	 -0.239316	 0.00245749	 2.69722	 -0.141354	 -0.870466	 0.0939824
134.12	 -0.240538	 0.00244949	 2.68643	 -0.141539	 -0.874696	 0.0940245
134.14	 -0.241736	 0.00244126	 2.67558	 -0.141725	 -0.87889	 0.0940713
134.16	 -0.24291	 0.00243281	 2.66467	 -0.141911	 -0.883047	 0.0941227
134.18	 -0.244059	 0.00242415	 2.6537	 -0.142098	 -0.887168	 0.0941786
134.2	 -0.245184	 0.00241529	 2.64267	 -0.142284	 -0.891253	 0.0942391
134.22	 -0.246284	 0.00240623	 2.63159	 -0.142471	 -0.895301	 0.0943039
134.24	 -0.247359	 0.002397	 2.62045	 -0.142658	 -0.899313	 0.0943731
134.26	 -0.248407	 0.0023876	 2.60925	 -0.142845	 -0.903289	 0.0944465
134.28	 -0.24943	 0.00237804	 2.598	 -0.143031	 -0.907229	 0.0945239
134.3	 -0.250427	 0.00236833	 2.5867	 -0.143217	 -0.911132	 0.0946054
134.32	 -0.251396	 0.00235849	 2.57535	 -0.143403	 -0.914999	 0.0946906
134.34	 -0.252339	 0.00234853	 2.56394	 -0.143587	 -0.918828	 0.0947796
134.36	 -0.253255	 0.00233847	 2.55249	 -0.143771	 -0.922621	 0.0948721
134.38	 -0.254143	 0.00232831	 2.54099	 -0.143954	 -0.926377	 0.094968
134.4	 -0.255003	 0.00231807	 2.52944	 -0.144135	 -0.930095	 0.0950671
134.42	 -0.255835	 0.00230778	 2.51785	 -0.144315	 -0.933775	 0.0951694
134.44	 -0.256639	 0.00229744	 2.50621	 -0.144494	 -0.937418	 0.0952746
134.46	 -0.257414	 0.00228707	 2.49452	 -0.144672	 -0.941021	 0.0953826
134.48	 -0.25816	 0.00227668	 2.4828	 -0.144848	 -0.944587	 0.0954931
134.5	 -0.258877	 0.0022663	 2.47103	 -0.145022	 -0.948112	 0.0956061
134.52	 -0.259565	 0.00225594	 2.45923	 -0.145194	 -0.951598	 0.0957214
134.54	 -0.260223	 0.00224562	 2.44738	 -0.145364	 -0.955044	 0.0958386
134.56	 -0.260852	 0.00223535	 2.4355	 -0.145532	 -0.95845	 0.0959577
134.58	 -0.26145	 0.00222515	 2.42358	 -0.145698	 -0.961814	 0.0960785
134.6	 -0.262019	 0.00221505	 2.41163	 -0.145862	 -0.965136	 0.0962006
134.62	 -0.262558	 0.00220507	 2.39964	 -0.146024	 -0.968416	 0.096324
134.64	 -0.263066	 0.00219521	 2.38762	 -0.146184	 -0.971653	 0.0964483
134.66	 -0.263544	 0.00218551	 2.37556	 -0.146341	 -0.974846	 0.0965735
134.68	 -0.263991	 0.00217598	 2.36348	 -0.146496	 -0.977996	 0.0966992
134.7	 -0.264407	 0.00216664	 2.35137	 -0.146648	 -0.9811	 0.0968254
134.72	 -0.264793	 0.0021575	 2.33922	 -0.146798	 -0.984159	 0.0969517
134.74	 -0.265148	 0.0021486	 2.32706	 -0.146945	 -0.987171	 0.097078
134.76	 -0.265472	 0.00213995	 2.31486	 -0.14709	 -0.990137	 0.0972041
134.78	 -0.265764	 0.00213157	 2.30265	 -0.147232	 -0.993054	 0.0973297
134.8	 -0.266026	 0.00212347	 2.2904	 -0.147371	 -0.995924	 0.0974548
134.82	 -0.266257	 0.00211569	 2.27814	 -0.147508	 -0.998744	 0.0975789
134.84	 -0.266457	 0.00210824	 2.26586	 -0.147642	 -1.00151	 0.0977021
134.86	 -0.266626	 0.00210113	 2.25356	 -0.147774	 -1.00423	 0.097824
134.88	 -0.266763	 0.0020944	 2.24124	 -0.147903	 -1.0069	 0.0979445
134.9	 -0.26687	 0.00208805	 2.2289	 -0.148029	 -1.00951	 0.0980634
134.92	 -0.266946	 0.0020821	 2.21655	 -0.148152	 -1.01207	 0.0981805
134.94	 -0.26699	 0.00207658	 2.20418	 -0.148273	 -1.01458	 0.0982956
134.96	 -0.267004	 0.0020715	 2.1918	 -0.148392	 -1.01703	 0.0984086
134.98	 -0.266987	 0.00206688	 2.17941	 -0.148507	 -1.01942	 0.0985193
135	 -0.26694	 0.00206272	 2.16701	 -0.148621	 -1.02176	 0.0986276
135.02	 -0.266862	 0.00205906	 2.1546	 -0.148731	 -1.02404	 0.0987333
135.04	 -0.266753	 0.0020559	 2.14219	 -0.148839	 -1.02626	 0.0988363
135.06	 -0.266614	 0.00205326	 2.12976	 -0.148945	 -1.02842	 0.0989364
135.08	 -0.266445	 0.00205115	 2.11734	 -0.149048	 -1.03052	 0.0990335
135.1	 -0.266246	 0.00204958	 2.10491	 -0.149149	 -1.03255	 0.0991276
135.12	 -0.266017	 0.00204857	 2.09247	 -0.149247	 -1.03452	 0.0992184
135.14	 -0.265758	 0.00204813	 2.08004	 -0.149343	 -1.03643	 0.0993058
135.16	 -0.26547	 0.00204827	 2.06761	 -0.149436	 -1.03827	 0.0993898
135.18	 -0.265152	 0.00204899	 2.05518	 -0.149528	 -1.04005	 0.0994702
135.2	 -0.264806	 0.00205031	 2.04275	 -0.149617	 -1.04176	 0.0995471
135.22	 -0.26443	 0.00205224	 2.03033	 -0.149704	 -1.0434	 0.0996202
135.24	 -0.264026	 0.00205477	 2.01791	 -0.149788	 -1.04496	 0.0996895
135.26	 -0.263593	 0.00205793	 2.0055	 -0.149871	 -1.04646	 0.0997551
135.28	 -0.263132	 0.00206171	 1.9931	 -0.149952	 -1.04789	 0.0998167
135.3	 -0.262644	 0.00206612	 1.98071	 -0.150031	 -1.04924	 0.0998745
135.32	 -0.262127	 0.00207115	 1.96834	 -0.150108	 -1.05051	 0.0999282
135.34	 -0.261583	 0.00207682	 1.95597	 -0.150183	 -1.05171	 0.0999781
135.36	 -0.261012	 0.00208313	 1.94362	 -0.150256	 -1.05284	 0.100024
135.38	 -0.260414	 0.00209007	 1.93129	 -0.150327	 -1.05388	 0.100066
135.4	 -0.25979	 0.00209764	 1.91897	 -0.150397	 -1.05484	 0.100104
135.42	 -0.259139	 0.00210585	 1.90667	 -0.150466	 -1.05573	 0.100138
135.44	 -0.258462	 0.00211468	 1.89439	 -0.150533	 -1.05653	 0.100168
135.46	 -0.257759	 0.00212414	 1.88214	 -0.150598	 -1.05724	 0.100195
135.48	 -0.257031	 0.00213422	 1.8699	 -0.150662	 -1.05787	 0.100217
135.5	 -0.256278	 0.00214491	 1.85769	 -0.150725	 -1.05842	 0.100236
135.52	 -0.2555	 0.00215621	 1.84551	 -0.150786	 -1.05887	 0.100251
135.54	 -0.254697	 0.0021681	 1.83335	 -0.150846	 -1.05924	 0.100262
135.56	 -0.25387	 0.00218059	 1.82123	 -0.150905	 -1.05952	 0.10027
135.58	 -0.25302	 0.00219365	 1.80913	 -0.150963	 -1.0597	 0.100275
135.6	 -0.252145	 0.00220728	 1.79706	 -0.15102	 -1.05979	 0.100276
135.62	 -0.251248	 0.00222146	 1.78503	 -0.151076	 -1.05978	 0.100273
135.64	 -0.250327	 0.00223619	 1.77303	 -0.151131	 -1.05968	 0.100268
135.66	 -0.249384	 0.00225144	 1.76107	 -0.151185	 -1.05948	 0.10026
135.68	 -0.248419	 0.00226721	 1.74914	 -0.151238	 -1.05918	 0.100248
135.7	 -0.247431	 0.00228347	 1.73725	 -0.151291	 -1.05878	 0.100234
135.72	 -0.246422	 0.00230022	 1.72541	 -0.151343	 -1.05828	 0.100218
135.74	 -0.245392	 0.00231742	 1.7136	 -0.151394	 -1.05767	 0.100199
135.76	 -0.24434	 0.00233508	 1.70184	 -0.151445	 -1.05696	 0.100177
135.78	 -0.243268	 0.00235315	 1.69012	 -0.151495	 -1.05614	 0.100153
135.8	 -0.242175	 0.00237164	 1.67844	 -0.151545	 -1.05521	 0.100128
135.82	 -0.241062	 0.0023905	 1.66682	 -0.151594	 -1.05417	 0.1001
135.84	 -0.239929	 0.00240974	 1.65524	 -0.151643	 -1.05302	 0.100071
135.86	 -0.238776	 0.00242931	 1.64371	 -0.151692	 -1.05176	 0.10004
135.88	 -0.237604	 0.00244921	 1.63223	 -0.151741	 -1.05038	 0.100008
135.9	 -0.236414	 0.0024694	 1.62081	 -0.151789	 -1.04888	 0.0999748
135.92	 -0.235204	 0.00248987	 1.60944	 -0.151838	 -1.04727	 0.0999406
135.94	 -0.233976	 0.00251059	 1.59812	 -0.151886	 -1.04554	 0.0999056
135.96	 -0.23273	 0.00253153	 1.58686	 -0.151934	 -1.04368	 0.0998699
135.98	 -0.231466	 0.00255268	 1.57566	 -0.151983	 -1.04171	 0.0998339
136	 -0.230184	 0.00257401	 1.56452	 -0.152031	 -1.0396	 0.0997976
136.02	 -0.228885	 0.00259549	 1.55344	 -0.15208	 -1.03738	 0.0997613
136.04	 -0.227569	 0.0026171	 1.54243	 -0.152129	 -1.03502	 0.0997252
136.06	 -0.226236	 0.00263881	 1.53147	 -0.152178	 -1.03254	 0.0996894
136.08	 -0.224886	 0.0026606	 1.52058	 -0.152227	 -1.02992	 0.0996541
136.1	 -0.22352	 0.00268244	 1.50976	 -0.152277	 -1.02718	 0.0996196
136.12	 -0.222137	 0.0027043	 1.49901	 -0.152327	 -1.02429	 0.0995859
136.14	 -0.220739	 0.00272617	 1.48832	 -0.152378	 -1.02128	 0.0995533
136.16	 -0.219324	 0.00274802	 1.47771	 -0.152429	 -1.01812	 0.099522
136.18	 -0.217895	 0.00276982	 1.46716	 -0.152481	 -1.01483	 0.0994922
136.2	 -0.216449	 0.00279154	 1.45669	 -0.152533	 -1.0114	 0.0994639
136.22	 -0.214989	 0.00281317	 1.4463	 -0.152587	 -1.00783	 0.0994375
136.24	 -0.213513	 0.00283467	 1.43598	 -0.15264	 -1.00411	 0.099413
136.26	 -0.212023	 0.00285603	 1.42573	 -0.152695	 -1.00025	 0.0993906
136.28	 -0.210518	 0.00287722	 1.41557	 -0.152751	 -0.99625	 0.0993705
136.3	 -0.208999	 0.00289822	 1.40548	 -0.152807	 -0.992098	 0.0993529
136.32	 -0.207465	 0.00291901	 1.39548	 -0.152865	 -0.987798	 0.0993379
136.34	 -0.205917	 0.00293956	 1.38555	 -0.152923	 -0.983348	 0.0993256
136.36	 -0.204355	 0.00295985	 1.37571	 -0.152983	 -0.978748	 0.0993163
136.38	 -0.202779	 0.00297987	 1.36596	 -0.153044	 -0.973996	 0.09931
136.4	 -0.201189	 0.00299958	 1.35629	 -0.153106	 -0.96909	 0.0993069
136.42	 -0.199586	 0.00301897	 1.34671	 -0.15317	 -0.96403	 0.0993071
136.44	 -0.197969	 0.00303803	 1.33721	 -0.153235	 -0.958815	 0.0993107
136.46	 -0.196339	 0.00305673	 1.32781	 -0.153301	 -0.953442	 0.0993178
136.48	 -0.194696	 0.00307506	 1.3185	 -0.153369	 -0.947913	 0.0993286
136.5	 -0.193039	 0.00309299	 1.30927	 -0.153438	 -0.942224	 0.0993432
136.52	 -0.191369	 0.00311052	 1.30015	 -0.153509	 -0.936376	 0.0993615
136.54	 -0.189687	 0.00312762	 1.29111	 -0.153582	 -0.930368	 0.0993838
136.56	 -0.187991	 0.00314429	 1.28217	 -0.153657	 -0.924198	 0.0994101
136.58	 -0.186283	 0.0031605	 1.27333	 -0.153733	 -0.917866	 0.0994404
136.6	 -0.184562	 0.00317625	 1.26459	 -0.153811	 -0.911371	 0.0994748
136.62	 -0.182829	 0.00319153	 1.25594	 -0.153891	 -0.904713	 0.0995134
136.64	 -0.181083	 0.00320632	 1.24739	 -0.153973	 -0.897891	 0.0995562
136.66	 -0.179324	 0.00322061	 1.23895	 -0.154057	 -0.890904	 0.0996033
136.68	 -0.177554	 0.0032344	 1.23061	 -0.154143	 -0.883752	 0.0996547
136.7	 -0.175771	 0.00324768	 1.22237	 -0.154232	 -0.876434	 0.0997103
136.72	 -0.173975	 0.00326044	 1.21423	 -0.154323	 -0.86895	 0.0997702
136.74	 -0.172168	 0.00327267	 1.2062	 -0.154416	 -0.8613	 0.0998345
136.76	 -0.170349	 0.00328437	 1.19828	 -0.154511	 -0.853484	 0.099903
136.78	 -0.168517	 0.00329553	 1.19046	 -0.154609	 -0.845501	 0.0999758
136.8	 -0.166674	 0.00330616	 1.18275	 -0.154709	 -0.837351	 0.100053
136.82	 -0.164819	 0.00331626	 1.17515	 -0.154812	 -0.829035	 0.100134
136.84	 -0.162952	 0.00332581	 1.16767	 -0.154918	 -0.820552	 0.10022
136.86	 -0.161074	 0.00333483	 1.16029	 -0.155027	 -0.811904	 0.100309
136.88	 -0.159184	 0.00334331	 1.15302	 -0.155138	 -0.803089	 0.100403
136.9	 -0.157282	 0.00335126	 1.14587	 -0.155253	 -0.794108	 0.100501
136.92	 -0.155369	 0.00335867	 1.13884	 -0.155371	 -0.784962	 0.100603
136.94	 -0.153445	 0.00336556	 1.13191	 -0.155491	 -0.775652	 0.100708
136.96	 -0.151509	 0.00337193	 1.12511	 -0.155615	 -0.766177	 0.100818
136.98	 -0.149562	 0.00337779	 1.11842	 -0.155742	 -0.756539	 0.100931
137	 -0.147604	 0.00338313	 1.11185	 -0.155873	 -0.746739	 0.101048
137.02	 -0.145635	 0.00338797	 1.10539	 -0.156007	 -0.736777	 0.101168
137.04	 -0.143655	 0.00339231	 1.09906	 -0.156144	 -0.726654	 0.101292
137.06	 -0.141664	 0.00339617	 1.09285	 -0.156284	 -0.716371	 0.101419
137.08	 -0.139662	 0.00339954	 1.08676	 -0.156429	 -0.70593	 0.10155
137.1	 -0.13765	 0.00340245	 1.08079	 -0.156576	 -0.695332	 0.101683
137.12	 -0.135627	 0.00340491	 1.07494	 -0.156727	 -0.684577	 0.10182
137.14	 -0.133593	 0.00340691	 1.06922	 -0.156882	 -0.673668	 0.101959
137.16	 -0.13155	 0.00340849	 1.06362	 -0.157041	 -0.662607	 0.102101
137.18	 -0.129496	 0.00340964	 1.05814	 -0.157203	 -0.651393	 0.102245
137.2	 -0.127432	 0.00341039	 1.05279	 -0.157369	 -0.64003	 0.102392
137.22	 -0.125358	 0.00341074	 1.04757	 -0.157539	 -0.628519	 0.102541
137.24	 -0.123275	 0.0034107	 1.04247	 -0.157713	 -0.616863	 0.102692
137.26	 -0.121181	 0.00341031	 1.0375	 -0.15789	 -0.605062	 0.102844
137.28	 -0.119078	 0.00340956	 1.03267	 -0.158071	 -0.593119	 0.102999
137.3	 -0.116966	 0.00340847	 1.02795	 -0.158257	 -0.581036	 0.103155
137.32	 -0.114845	 0.00340707	 1.02337	 -0.158446	 -0.568816	 0.103312
137.34	 -0.112715	 0.00340536	 1.01892	 -0.158638	 -0.556461	 0.10347
137.36	 -0.110575	 0.00340337	 1.0146	 -0.158835	 -0.543974	 0.10363
137.38	 -0.108427	 0.00340111	 1.01041	 -0.159036	 -0.531356	 0.10379
137.4	 -0.106271	 0.00339859	 1.00636	 -0.159241	 -0.518611	 0.103951
137.42	 -0.104106	 0.00339584	 1.00243	 -0.159449	 -0.505741	 0.104112
137.44	 -0.101934	 0.00339287	 0.998639	 -0.159662	 -0.49275	 0.104274
137.46	 -0.0997532	 0.0033897	 0.994981	 -0.159879	 -0.47964	 0.104435
137.48	 -0.0975649	 0.00338635	 0.991457	 -0.160099	 -0.466414	 0.104597
137.5	 -0.0953692	 0.00338282	 0.988066	 -0.160324	 -0.453075	 0.104758
137.52	 -0.0931663	 0.00337915	 0.984811	 -0.160552	 -0.439626	 0.104919
137.54	 -0.0909564	 0.00337535	 0.981691	 -0.160784	 -0.426071	 0.105079
137.56	 -0.0887398	 0.00337143	 0.978706	 -0.16102	 -0.412413	 0.105239
137.58	 -0.0865166	 0.00336741	 0.975858	 -0.16126	 -0.398656	 0.105397
137.6	 -0.0842872	 0.0033633	 0.973146	 -0.161504	 -0.384803	 0.105555
137.62	 -0.0820518	 0.00335913	 0.97057	 -0.161751	 -0.370857	 0.105711
137.64	 -0.0798107	 0.0033549	 0.968132	 -0.162002	 -0.356822	 0.105866
137.66	 -0.0775641	 0.00335063	 0.965831	 -0.162257	 -0.342702	 0.106019
137.68	 -0.0753124	 0.00334634	 0.963668	 -0.162515	 -0.328501	 0.106171
137.7	 -0.0730557	 0.00334203	 0.961642	 -0.162777	 -0.314222	 0.106321
137.72	 -0.0707945	 0.00333773	 0.959755	 -0.163041	 -0.29987	 0.106468
137.74	 -0.0685289	 0.00333344	 0.958006	 -0.16331	 -0.285448	 0.106613
137.76	 -0.0662593	 0.00332918	 0.956396	 -0.163581	 -0.27096	 0.106757
137.78	 -0.063986	 0.00332495	 0.954925	 -0.163855	 -0.256411	 0.106897
137.8	 -0.0617093	 0.00332078	 0.953593	 -0.164132	 -0.241805	 0.107035
137.82	 -0.0594295	 0.00331667	 0.952399	 -0.164412	 -0.227146	 0.10717
137.84	 -0.057147	 0.00331263	 0.951346	 -0.164694	 -0.212438	 0.107302
137.86	 -0.054862	 0.00330867	 0.950431	 -0.16498	 -0.197686	 0.107432
137.88	 -0.0525749	 0.0033048	 0.949657	 -0.165267	 -0.182894	 0.107558
137.9	 -0.050286	 0.00330104	 0.949021	 -0.165557	 -0.168067	 0.107681
137.92	 -0.0479957	 0.00329738	 0.948526	 -0.165849	 -0.153209	 0.107801
137.94	 -0.0457042	 0.00329384	 0.94817	 -0.166144	 -0.138325	 0.107917
137.96	 -0.043412	 0.00329043	 0.947954	 -0.16644	 -0.123419	 0.10803
137.98	 -0.0411194	 0.00328715	 0.947878	 -0.166738	 -0.108496	 0.108139
138	 -0.0388267	 0.003284	 0.947941	 -0.167038	 -0.0935613	 0.108245
138.02	 -0.0365343	 0.00328099	 0.948144	 -0.167339	 -0.078619	 0.108347
138.04	 -0.0342425	 0.00327812	 0.948486	 -0.167641	 -0.0636741	 0.108445
138.06	 -0.0319518	 0.0032754	 0.948968	 -0.167945	 -0.0487314	 0.108539
138.08	 -0.0296623	 0.00327282	 0.94959	 -0.168249	 -0.0337956	 0.108629
138.1	 -0.0273745	 0.00327039	 0.950351	 -0.168554	 -0.0188716	 0.108716
138.12	 -0.0250888	 0.00326811	 0.95125	 -0.16886	 -0.00396423	 0.108798
138.14	 -0.0228055	 0.00326597	 0.952289	 -0.169166	 0.0109218	 0.108877
138.16	 -0.0205249	 0.00326398	 0.953467	 -0.169472	 0.0257815	 0.108952
138.18	 -0.0182474	 0.00326213	 0.954783	 -0.169778	 0.0406101	 0.109022
138.2	 -0.0159734	 0.00326042	 0.956237	 -0.170084	 0.0554028	 0.109089
138.22	 -0.0137031	 0.00325885	 0.95783	 -0.170389	 0.0701547	 0.109151
138.24	 -0.011437	 0.00325741	 0.959561	 -0.170693	 0.0848611	 0.10921
138.26	 -0.00917533	 0.00325609	 0.961429	 -0.170996	 0.0995172	 0.109264
138.28	 -0.00691848	 0.00325488	 0.963435	 -0.171297	 0.114118	 0.109315
138.3	 -0.00466677	 0.00325379	 0.965578	 -0.171597	 0.128659	 0.109361
138.32	 -0.00242052	 0.00325279	 0.967858	 -0.171894	 0.143136	 0.109404
138.34	 -0.000180065	 0.00325188	 0.970274	 -0.172189	 0.157544	 0.109443
138.36	 0.00205428	 0.00325106	 0.972826	 -0.172482	 0.171878	 0.109478
138.38	 0.00428219	 0.0032503	 0.975514	 -0.172771	 0.186134	 0.109509
138.4	 0.00650338	 0.00324961	 0.978337	 -0.173057	 0.200307	 0.109537
138.42	 0.00871753	 0.00324897	 0.981295	 -0.17334	 0.214394	 0.10956
138.44	 0.0109243	 0.00324837	 0.984388	 -0.173619	 0.228389	 0.109581
138.46	 0.0131235	 0.00324781	 0.987615	 -0.173894	 0.242289	 0.109597
138.48	 0.0153148	 0.00324727	 0.990975	 -0.174165	 0.25609	 0.109611
138.5	 0.017498	 0.00324674	 0.994468	 -0.174432	 0.269786	 0.109621
138.52	 0.0196726	 0.00324622	 0.998094	 -0.174693	 0.283375	 0.109627
138.54	 0.0218386	 0.00324569	 1.00185	 -0.17495	 0.296852	 0.109631
138.56	 0.0239955	 0.00324515	 1.00574	 -0.175201	 0.310214	 0.109631
138.58	 0.0261433	 0.00324459	 1.00976	 -0.175447	 0.323456	 0.109629
138.6	 0.0282816	 0.00324399	 1.01391	 -0.175687	 0.336574	 0.109624
138.62	 0.0304102	 0.00324336	 1.0182	 -0.175922	 0.349566	 0.109616
138.64	 0.0325289	 0.00324267	 1.02261	 -0.176151	 0.362427	 0.109605
138.66	 0.0346375	 0.00324192	 1.02715	 -0.176373	 0.375154	 0.109592
138.68	 0.0367357	 0.00324111	 1.03181	 -0.176589	 0.387743	 0.109576
138.7	 0.0388233	 0.00324021	 1.03661	 -0.176798	 0.400191	 0.109558
138.72	 0.0409003	 0.00323924	 1.04153	 -0.177001	 0.412495	 0.109539
138.74	 0.0429663	 0.00323817	 1.04658	 -0.177197	 0.424651	 0.109517
138.76	 0.0450212	 0.003237	 1.05175	 -0.177385	 0.436657	 0.109493
138.78	 0.0470649	 0.00323572	 1.05705	 -0.177566	 0.448509	 0.109467
138.8	 0.0490971	 0.00323433	 1.06247	 -0.17774	 0.460206	 0.10944
138.82	 0.0511178	 0.0032328	 1.06802	 -0.177906	 0.471743	 0.109412
138.84	 0.0531268	 0.00323114	 1.07368	 -0.178064	 0.483118	 0.109382
138.86	 0.055124	 0.00322934	 1.07947	 -0.178213	 0.49433	 0.10935
138.88	 0.0571093	 0.00322738	 1.08538	 -0.178355	 0.505376	 0.109318
138.9	 0.0590824	 0.00322527	 1.09142	 -0.178487	 0.516253	 0.109284
138.92	 0.0610435	 0.00322299	 1.09757	 -0.178611	 0.52696	 0.10925
138.94	 0.0629923	 0.00322054	 1.10384	 -0.178726	 0.537494	 0.109215
138.96	 0.0649287	 0.00321791	 1.11022	 -0.178832	 0.547853	 0.109179
138.98	 0.0668527	 0.00321509	 1.11673	 -0.178928	 0.558037	 0.109143
139	 0.0687642	 0.00321209	 1.12335	 -0.179015	 0.568042	 0.109106
139.02	 0.0706632	 0.00320889	 1.13008	 -0.179093	 0.577868	 0.109069
139.04	 0.0725495	 0.0032055	 1.13694	 -0.17916	 0.587514	 0.109032
139.06	 0.0744232	 0.00320191	 1.1439	 -0.179218	 0.596977	 0.108995
139.08	 0.0762841	 0.00319812	 1.15098	 -0.179265	 0.606258	 0.108957
139.1	 0.0781323	 0.00319412	 1.15817	 -0.179303	 0.615354	 0.10892
139.12	 0.0799678	 0.00318993	 1.16547	 -0.17933	 0.624265	 0.108883
139.14	 0.0817904	 0.00318552	 1.17287	 -0.179346	 0.63299	 0.108847
139.16	 0.0836001	 0.00318092	 1.18039	 -0.179352	 0.641529	 0.10881
139.18	 0.085397	 0.00317611	 1.18802	 -0.179348	 0.64988	 0.108775
139.2	 0.0871811	 0.00317109	 1.19576	 -0.179332	 0.658044	 0.10874
139.22	 0.0889522	 0.00316588	 1.2036	 -0.179307	 0.66602	 0.108705
139.24	 0.0907105	 0.00316048	 1.21154	 -0.17927	 0.673807	 0.108672
139.26	 0.0924558	 0.0031549	 1.21959	 -0.179223	 0.681406	 0.108639
139.28	 0.0941882	 0.00314914	 1.22775	 -0.179165	 0.688817	 0.108607
139.3	 0.0959078	 0.00314321	 1.236	 -0.179097	 0.696039	 0.108576
139.32	 0.0976144	 0.00313713	 1.24436	 -0.179018	 0.703074	 0.108546
139.34	 0.0993082	 0.00313091	 1.25281	 -0.178929	 0.70992	 0.108516
139.36	 0.100989	 0.00312454	 1.26137	 -0.17883	 0.716579	 0.108488
139.38	 0.102657	 0.00311806	 1.27002	 -0.17872	 0.723052	 0.108461
139.4	 0.104312	 0.00311146	 1.27878	 -0.1786	 0.729338	 0.108435
139.42	 0.105954	 0.00310476	 1.28762	 -0.17847	 0.735438	 0.10841
139.44	 0.107584	 0.00309797	 1.29656	 -0.17833	 0.741354	 0.108386
139.46	 0.1092	 0.0030911	 1.3056	 -0.17818	 0.747086	 0.108363
139.48	 0.110804	 0.00308417	 1.31473	 -0.17802	 0.752635	 0.108341
139.5	 0.112395	 0.00307719	 1.32395	 -0.177851	 0.758003	 0.10832
139.52	 0.113973	 0.00307018	 1.33326	 -0.177672	 0.763189	 0.1083
139.54	 0.115538	 0.00306314	 1.34266	 -0.177484	 0.768197	 0.108281
139.56	 0.11709	 0.00305611	 1.35215	 -0.177286	 0.773025	 0.108263
139.58	 0.118629	 0.00304909	 1.36172	 -0.17708	 0.777677	 0.108246
139.6	 0.120155	 0.00304209	 1.37138	 -0.176864	 0.782153	 0.10823
139.62	 0.121669	 0.00303514	 1.38113	 -0.17664	 0.786455	 0.108215
139.64	 0.123169	 0.00302826	 1.39096	 -0.176407	 0.790584	 0.1082
139.66	 0.124656	 0.00302144	 1.40087	 -0.176166	 0.794543	 0.108187
139.68	 0.12613	 0.00301473	 1.41087	 -0.175917	 0.798332	 0.108174
139.7	 0.127591	 0.00300813	 1.42094	 -0.17566	 0.801953	 0.108162
139.72	 0.129039	 0.00300167	 1.43109	 -0.175395	 0.805408	 0.10815
139.74	 0.130474	 0.00299535	 1.44132	 -0.175123	 0.808699	 0.108139
139.76	 0.131895	 0.00298921	 1.45163	 -0.174844	 0.811828	 0.108129
139.78	 0.133303	 0.00298326	 1.46201	 -0.174558	 0.814797	 0.108119
139.8	 0.134697	 0.00297752	 1.47247	 -0.174265	 0.817606	 0.108109
139.82	 0.136078	 0.002972	 1.483	 -0.173966	 0.82026	 0.108099
139.84	 0.137445	 0.00296673	 1.4936	 -0.173661	 0.822758	 0.10809
139.86	 0.138799	 0.00296172	 1.50427	 -0.17335	 0.825105	 0.108081
139.88	 0.140138	 0.00295698	 1.51501	 -0.173033	 0.8273	 0.108071
139.9	 0.141463	 0.00295255	 1.52582	 -0.172711	 0.829348	 0.108062
139.92	 0.142775	 0.00294842	 1.53669	 -0.172384	 0.831249	 0.108052
139.94	 0.144071	 0.00294462	 1.54764	 -0.172052	 0.833005	 0.108042
139.96	 0.145354	 0.00294117	 1.55864	 -0.171716	 0.83462	 0.108032
139.98	 0.146622	 0.00293808	 1.56971	 -0.171375	 0.836095	 0.108021
140	 0.147874	 0.00293536	 1.58083	 -0.171031	 0.837432	 0.108009
140.02	 0.149112	 0.00293303	 1.59202	 -0.170684	 0.838633	 0.107997
140.04	 0.150335	 0.0029311	 1.60327	 -0.170333	 0.839701	 0.107984
140.06	 0.151542	 0.00292958	 1.61458	 -0.169979	 0.840638	 0.10797
140.08	 0.152734	 0.00292848	 1.62594	 -0.169623	 0.841446	 0.107955
140.1	 0.15391	 0.00292782	 1.63735	 -0.169264	 0.842127	 0.107939
140.12	 0.15507	 0.0029276	 1.64882	 -0.168904	 0.842684	 0.107922
140.14	 0.156213	 0.00292783	 1.66034	 -0.168541	 0.843117	 0.107903
140.16	 0.15734	 0.00292851	 1.67192	 -0.168178	 0.843431	 0.107883
140.18	 0.15845	 0.00292967	 1.68354	 -0.167813	 0.843626	 0.107862
140.2	 0.159543	 0.0029313	 1.69521	 -0.167447	 0.843706	 0.107838
140.22	 0.160619	 0.00293341	 1.70693	 -0.167081	 0.843671	 0.107814
140.24	 0.161677	 0.002936	 1.71869	 -0.166715	 0.843524	 0.107787
140.26	 0.162717	 0.00293907	 1.7305	 -0.166349	 0.843268	 0.107758
140.28	 0.163739	 0.00294264	 1.74235	 -0.165983	 0.842904	 0.107728
140.3	 0.164742	 0.00294669	 1.75424	 -0.165618	 0.842434	 0.107695
140.32	 0.165727	 0.00295124	 1.76617	 -0.165254	 0.841861	 0.107661
140.34	 0.166693	 0.00295627	 1.77814	 -0.164891	 0.841186	 0.107624
140.36	 0.167639	 0.00296178	 1.79014	 -0.164529	 0.840412	 0.107585
140.38	 0.168565	 0.00296777	 1.80219	 -0.16417	 0.83954	 0.107543
140.4	 0.169471	 0.00297423	 1.81426	 -0.163812	 0.838572	 0.107499
140.42	 0.170357	 0.00298117	 1.82637	 -0.163457	 0.83751	 0.107453
140.44	 0.171222	 0.00298856	 1.83851	 -0.163104	 0.836356	 0.107404
140.46	 0.172066	 0.0029964	 1.85068	 -0.162754	 0.835112	 0.107353
140.48	 0.172888	 0.00300468	 1.86288	 -0.162407	 0.833779	 0.107299
140.5	 0.173688	 0.00301339	 1.87511	 -0.162063	 0.83236	 0.107242
140.52	 0.174467	 0.00302251	 1.88736	 -0.161723	 0.830857	 0.107183
140.54	 0.175223	 0.00303204	 1.89964	 -0.161386	 0.82927	 0.107121
140.56	 0.175955	 0.00304194	 1.91194	 -0.161053	 0.827601	 0.107057
140.58	 0.176665	 0.00305221	 1.92427	 -0.160724	 0.825853	 0.106989
140.6	 0.177351	 0.00306283	 1.93661	 -0.1604	 0.824027	 0.106919
140.62	 0.178013	 0.00307377	 1.94897	 -0.16008	 0.822124	 0.106846
140.64	 0.178651	 0.00308502	 1.96135	 -0.159764	 0.820146	 0.10677
140.66	 0.179264	 0.00309656	 1.97374	 -0.159453	 0.818095	 0.106692
140.68	 0.179852	 0.00310837	 1.98615	 -0.159147	 0.815971	 0.106611
140.7	 0.180415	 0.00312041	 1.99857	 -0.158846	 0.813777	 0.106527
140.72	 0.180952	 0.00313267	 2.01101	 -0.15855	 0.811514	 0.10644
140.74	 0.181463	 0.00314512	 2.02345	 -0.158259	 0.809184	 0.106351
140.76	 0.181948	 0.00315774	 2.0359	 -0.157974	 0.806787	 0.10626
140.78	 0.182406	 0.00317049	 2.04836	 -0.157694	 0.804325	 0.106165
140.8	 0.182837	 0.00318336	 2.06083	 -0.157419	 0.801799	 0.106068
140.82	 0.18324	 0.00319631	 2.0733	 -0.157151	 0.79921	 0.105969
140.84	 0.183616	 0.00320931	 2.08577	 -0.156888	 0.796561	 0.105867
140.86	 0.183964	 0.00322233	 2.09825	 -0.15663	 0.793851	 0.105763
140.88	 0.184283	 0.00323535	 2.11072	 -0.156379	 0.791083	 0.105656
140.9	 0.184574	 0.00324833	 2.1232	 -0.156134	 0.788256	 0.105548
140.92	 0.184836	 0.00326124	 2.13567	 -0.155894	 0.785373	 0.105437
140.94	 0.18507	 0.00327404	 2.14813	 -0.15566	 0.782435	 0.105324
140.96	 0.185273	 0.00328671	 2.1606	 -0.155433	 0.779441	 0.105209
140.98	 0.185447	 0.00329922	 2.17305	 -0.155211	 0.776395	 0.105092
141	 0.185591	 0.00331152	 2.1855	 -0.154995	 0.773296	 0.104974
141.02	 0.185705	 0.00332359	 2.19793	 -0.154786	 0.770145	 0.104854
141.04	 0.185789	 0.0033354	 2.21036	 -0.154582	 0.766943	 0.104732
141.06	 0.185842	 0.0033469	 2.22277	 -0.154384	 0.763692	 0.104608
141.08	 0.185865	 0.00335808	 2.23517	 -0.154192	 0.760393	 0.104484
141.1	 0.185856	 0.00336889	 2.24756	 -0.154006	 0.757045	 0.104358
141.12	 0.185817	 0.0033793	 2.25992	 -0.153826	 0.75365	 0.104231
141.14	 0.185746	 0.00338928	 2.27227	 -0.153651	 0.750209	 0.104103
141.16	 0.185644	 0.0033988	 2.2846	 -0.153482	 0.746722	 0.103974
141.18	 0.18551	 0.00340783	 2.29691	 -0.153319	 0.743191	 0.103844
141.2	 0.185345	 0.00341633	 2.3092	 -0.153162	 0.739616	 0.103714
141.22	 0.185148	 0.00342428	 2.32146	 -0.153009	 0.735998	 0.103584
141.24	 0.184919	 0.00343165	 2.3337	 -0.152862	 0.732337	 0.103453
141.26	 0.184659	 0.0034384	 2.34591	 -0.152721	 0.728634	 0.103322
141.28	 0.184366	 0.00344452	 2.3581	 -0.152584	 0.72489	 0.10319
141.3	 0.184042	 0.00344996	 2.37025	 -0.152453	 0.721106	 0.103059
141.32	 0.183686	 0.00345471	 2.38238	 -0.152327	 0.717282	 0.102928
141.34	 0.183297	 0.00345875	 2.39447	 -0.152205	 0.713418	 0.102798
141.36	 0.182877	 0.00346204	 2.40653	 -0.152089	 0.709516	 0.102668
141.38	 0.182425	 0.00346456	 2.41856	 -0.151977	 0.705576	 0.102538
141.4	 0.181941	 0.0034663	 2.43055	 -0.151869	 0.701599	 0.102409
141.42	 0.181425	 0.00346722	 2.44251	 -0.151766	 0.697584	 0.102281
141.44	 0.180877	 0.00346733	 2.45443	 -0.151667	 0.693533	 0.102154
141.46	 0.180298	 0.00346658	 2.4663	 -0.151572	 0.689446	 0.102028
141.48	 0.179687	 0.00346498	 2.47814	 -0.151482	 0.685323	 0.101904
141.5	 0.179045	 0.00346249	 2.48994	 -0.151395	 0.681165	 0.10178
141.52	 0.178372	 0.00345912	 2.50169	 -0.151312	 0.676973	 0.101658
141.54	 0.177667	 0.00345485	 2.5134	 -0.151232	 0.672747	 0.101538
141.56	 0.176931	 0.00344966	 2.52507	 -0.151156	 0.668486	 0.10142
141.58	 0.176165	 0.00344355	 2.53668	 -0.151083	 0.664193	 0.101303
141.6	 0.175368	 0.00343651	 2.54825	 -0.151013	 0.659866	 0.101188
141.62	 0.174541	 0.00342854	 2.55977	 -0.150947	 0.655506	 0.101075
141.64	 0.173683	 0.00341963	 2.57125	 -0.150883	 0.651114	 0.100965
141.66	 0.172796	 0.00340979	 2.58266	 -0.150822	 0.64669	 0.100856
141.68	 0.171879	 0.003399	 2.59403	 -0.150764	 0.642235	 0.10075
141.7	 0.170932	 0.00338728	 2.60535	 -0.150708	 0.637747	 0.100647
141.72	 0.169957	 0.00337462	 2.6166	 -0.150654	 0.633229	 0.100545
141.74	 0.168952	 0.00336104	 2.62781	 -0.150603	 0.628679	 0.100447
141.76	 0.167919	 0.00334653	 2.63895	 -0.150554	 0.624098	 0.100351
141.78	 0.166858	 0.00333111	 2.65004	 -0.150507	 0.619487	 0.100258
141.8	 0.165769	 0.00331479	 2.66107	 -0.150461	 0.614845	 0.100167
141.82	 0.164652	 0.00329758	 2.67204	 -0.150418	 0.610173	 0.10008
141.84	 0.163509	 0.0032795	 2.68295	 -0.150375	 0.60547	 0.0999951
141.86	 0.162338	 0.00326056	 2.69379	 -0.150335	 0.600737	 0.0999134
141.88	 0.161141	 0.00324077	 2.70457	 -0.150296	 0.595974	 0.0998346
141.9	 0.159917	 0.00322017	 2.71529	 -0.150258	 0.591181	 0.0997588
141.92	 0.158668	 0.00319876	 2.72594	 -0.150221	 0.586357	 0.0996861
141.94	 0.157394	 0.00317658	 2.73653	 -0.150186	 0.581504	 0.0996164
141.96	 0.156095	 0.00315364	 2.74704	 -0.150151	 0.57662	 0.0995497
141.98	 0.154771	 0.00312998	 2.75749	 -0.150117	 0.571706	 0.0994861
142	 0.153423	 0.00310561	 2.76787	 -0.150084	 0.566761	 0.0994256
142.02	 0.152051	 0.00308057	 2.77818	 -0.150052	 0.561786	 0.0993681
142.04	 0.150656	 0.00305489	 2.78842	 -0.15002	 0.556781	 0.0993137
142.06	 0.149238	 0.00302861	 2.79858	 -0.149989	 0.551745	 0.0992623
142.08	 0.147798	 0.00300174	 2.80867	 -0.149958	 0.546677	 0.0992139
142.1	 0.146335	 0.00297433	 2.81869	 -0.149928	 0.541579	 0.0991685
142.12	 0.144851	 0.00294642	 2.82863	 -0.149898	 0.536449	 0.0991259
142.14	 0.143346	 0.00291803	 2.8385	 -0.149868	 0.531287	 0.0990862
142.16	 0.14182	 0.00288922	 2.84829	 -0.149838	 0.526093	 0.0990494
142.18	 0.140273	 0.00286	 2.858	 -0.149809	 0.520867	 0.0990152
142.2	 0.138707	 0.00283043	 2.86763	 -0.149779	 0.515608	 0.0989837
142.22	 0.137121	 0.00280055	 2.87718	 -0.149749	 0.510316	 0.0989548
142.24	 0.135517	 0.00277039	 2.88665	 -0.14972	 0.50499	 0.0989285
142.26	 0.133894	 0.00274	 2.89604	 -0.14969	 0.49963	 0.0989046
142.28	 0.132252	 0.00270942	 2.90535	 -0.14966	 0.494236	 0.098883
142.3	 0.130593	 0.00267869	 2.91457	 -0.14963	 0.488807	 0.0988637
142.32	 0.128917	 0.00264785	 2.92371	 -0.149599	 0.483343	 0.0988466
142.34	 0.127224	 0.00261696	 2.93277	 -0.149568	 0.477843	 0.0988316
142.36	 0.125515	 0.00258604	 2.94174	 -0.149537	 0.472306	 0.0988185
142.38	 0.12379	 0.00255515	 2.95062	 -0.149506	 0.466733	 0.0988073
142.4	 0.122049	 0.00252434	 2.95942	 -0.149474	 0.461122	 0.0987979
142.42	 0.120293	 0.00249363	 2.96812	 -0.149441	 0.455472	 0.0987901
142.44	 0.118523	 0.00246308	 2.97674	 -0.149408	 0.449785	 0.0987838
142.46	 0.116738	 0.00243274	 2.98527	 -0.149375	 0.444058	 0.0987789
142.48	 0.114939	 0.00240263	 2.99371	 -0.149341	 0.438291	 0.0987753
142.5	 0.113127	 0.00237282	 3.00206	 -0.149307	 0.432484	 0.0987729
142.52	 0.111301	 0.00234334	 3.01031	 -0.149272	 0.426636	 0.0987715
142.54	 0.109463	 0.00231422	 3.01848	 -0.149236	 0.420746	 0.098771
142.56	 0.107613	 0.00228552	 3.02655	 -0.1492	 0.414813	 0.0987713
142.58	 0.105751	 0.00225727	 3.03452	 -0.149163	 0.408838	 0.0987723
142.6	 0.103877	 0.00222952	 3.0424	 -0.149126	 0.402819	 0.0987738
142.62	 0.101992	 0.00220229	 3.05019	 -0.149088	 0.396755	 0.0987757
142.64	 0.100096	 0.00217563	 3.05788	 -0.149049	 0.390647	 0.0987778
142.66	 0.09819	 0.00214957	 3.06547	 -0.14901	 0.384493	 0.09878
142.68	 0.0962735	 0.00212415	 3.07296	 -0.148969	 0.378293	 0.0987823
142.7	 0.0943472	 0.00209941	 3.08036	 -0.148928	 0.372045	 0.0987844
142.72	 0.0924114	 0.00207537	 3.08766	 -0.148887	 0.36575	 0.0987863
142.74	 0.0904664	 0.00205206	 3.09486	 -0.148844	 0.359407	 0.0987878
142.76	 0.0885125	 0.00202952	 3.10195	 -0.148801	 0.353015	 0.0987888
142.78	 0.08655	 0.00200777	 3.10895	 -0.148756	 0.346573	 0.0987892
142.8	 0.0845792	 0.00198684	 3.11585	 -0.148711	 0.340081	 0.0987888
142.82	 0.0826005	 0.00196676	 3.12264	 -0.148665	 0.333538	 0.0987876
142.84	 0.080614	 0.00194754	 3.12933	 -0.148618	 0.326943	 0.0987853
142.86	 0.07862	 0.00192922	 3.13592	 -0.14857	 0.320297	 0.098782
142.88	 0.0766188	 0.00191181	 3.1424	 -0.148521	 0.313597	 0.0987774
142.9	 0.0746107	 0.00189533	 3.14878	 -0.148471	 0.306845	 0.0987715
142.92	 0.0725959	 0.00187979	 3.15506	 -0.148419	 0.300039	 0.0987642
142.94	 0.0705747	 0.00186522	 3.16122	 -0.148366	 0.293178	 0.0987553
142.96	 0.0685472	 0.00185162	 3.16729	 -0.148312	 0.286264	 0.0987449
142.98	 0.0665138	 0.00183901	 3.17324	 -0.148257	 0.279294	 0.0987327
143	 0.0644745	 0.00182739	 3.17909	 -0.1482	 0.272268	 0.0987187
143.02	 0.0624297	 0.00181678	 3.18483	 -0.148142	 0.265187	 0.0987028
143.04	 0.0603795	 0.00180717	 3.19046	 -0.148082	 0.25805	 0.098685
143.06	 0.0583241	 0.00179859	 3.19598	 -0.148021	 0.250856	 0.0986652
143.08	 0.0562638	 0.00179102	 3.20139	 -0.147958	 0.243606	 0.0986433
143.1	 0.0541986	 0.00178447	 3.2067	 -0.147893	 0.236299	 0.0986193
143.12	 0.0521289	 0.00177895	 3.21189	 -0.147827	 0.228935	 0.0985931
143.14	 0.0500547	 0.00177444	 3.21697	 -0.14776	 0.221513	 0.0985647
143.16	 0.0479761	 0.00177095	 3.22194	 -0.14769	 0.214035	 0.098534
143.18	 0.0458935	 0.00176847	 3.2268	 -0.147619	 0.2065	 0.0985011
143.2	 0.0438069	 0.001767	 3.23154	 -0.147547	 0.198908	 0.0984659
143.22	 0.0417164	 0.00176652	 3.23618	 -0.147472	 0.191259	 0.0984283
143.24	 0.0396223	 0.00176702	 3.24069	 -0.147396	 0.183553	 0.0983884
143.26	 0.0375246	 0.00176849	 3.2451	 -0.147318	 0.175791	 0.0983462
143.28	 0.0354235	 0.00177093	 3.24939	 -0.147238	 0.167972	 0.0983017
143.3	 0.0333191	 0.00177431	 3.25357	 -0.147156	 0.160098	 0.0982548
143.32	 0.0312116	 0.00177861	 3.25763	 -0.147072	 0.152168	 0.0982056
143.34	 0.029101	 0.00178382	 3.26157	 -0.146986	 0.144182	 0.0981541
143.36	 0.0269874	 0.00178992	 3.2654	 -0.146898	 0.136143	 0.0981004
143.38	 0.0248711	 0.00179688	 3.26911	 -0.146809	 0.128049	 0.0980444
143.4	 0.022752	 0.00180468	 3.27271	 -0.146717	 0.119901	 0.0979862
143.42	 0.0206303	 0.0018133	 3.27619	 -0.146623	 0.111701	 0.0979259
143.44	 0.0185061	 0.00182271	 3.27955	 -0.146527	 0.103449	 0.0978635
143.46	 0.0163794	 0.0018329	 3.28279	 -0.146429	 0.0951451	 0.0977991
143.48	 0.0142505	 0.00184382	 3.28592	 -0.146328	 0.0867909	 0.0977327
143.5	 0.0121194	 0.00185545	 3.28893	 -0.146226	 0.0783871	 0.0976645
143.52	 0.0099861	 0.00186776	 3.29181	 -0.146121	 0.0699346	 0.0975944
143.54	 0.0078508	 0.00188072	 3.29458	 -0.146014	 0.0614346	 0.0975227
143.56	 0.00571357	 0.00189431	 3.29723	 -0.145904	 0.0528881	 0.0974492
143.58	 0.0035745	 0.00190848	 3.29976	 -0.145792	 0.0442963	 0.0973742
143.6	 0.00143367	 0.00192321	 3.30217	 -0.145678	 0.0356605	 0.0972977
143.62	 -0.000708812	 0.00193846	 3.30445	 -0.145561	 0.0269821	 0.0972198
143.64	 -0.00285287	 0.0019542	 3.30662	 -0.145442	 0.0182624	 0.0971405
143.66	 -0.00499841	 0.00197039	 3.30867	 -0.145321	 0.00950298	 0.09706
143.68	 -0.00714534	 0.001987	 3.31059	 -0.145197	 0.000705327	 0.0969783
143.7	 -0.00929356	 0.00200399	 3.3124	 -0.14507	 -0.00812896	 0.0968956
143.72	 -0.011443	 0.00202133	 3.31408	 -0.14494	 -0.0169982	 0.0968119
143.74	 -0.0135935	 0.00203897	 3.31564	 -0.144809	 -0.0259008	 0.0967274
143.76	 -0.0157451	 0.0020569	 3.31707	 -0.144674	 -0.0348349	 0.0966422
143.78	 -0.0178975	 0.00207506	 3.31839	 -0.144537	 -0.0437987	 0.0965563
143.8	 -0.0200508	 0.00209342	 3.31958	 -0.144397	 -0.0527903	 0.0964698
143.82	 -0.0222048	 0.00211196	 3.32065	 -0.144255	 -0.0618078	 0.0963829
143.84	 -0.0243595	 0.00213063	 3.3216	 -0.14411	 -0.0708492	 0.0962957
143.86	 -0.0265146	 0.0021494	 3.32242	 -0.143962	 -0.0799125	 0.0962082
143.88	 -0.0286702	 0.00216823	 3.32312	 -0.143812	 -0.0889956	 0.0961206
143.9	 -0.0308261	 0.00218709	 3.3237	 -0.14366	 -0.0980965	 0.096033
143.92	 -0.0329822	 0.00220595	 3.32415	 -0.143505	 -0.107213	 0.0959455
143.94	 -0.0351384	 0.00222477	 3.32448	 -0.143348	 -0.116343	 0.0958583
143.96	 -0.0372947	 0.00224352	 3.32468	 -0.143189	 -0.125484	 0.0957715
143.98	 -0.0394508	 0.00226216	 3.32477	 -0.143027	 -0.134635	 0.0956851
144	 -0.0416068	 0.00228068	 3.32473	 -0.142864	 -0.143793	 0.0955993
144.02	 -0.0437625	 0.00229904	 3.32456	 -0.142699	 -0.152955	 0.0955142
144.04	 -0.0459177	 0.00231721	 3.32427	 -0.142532	 -0.16212	 0.09543
144.06	 -0.0480724	 0.00233516	 3.32386	 -0.142364	 -0.171285	 0.0953467
144.08	 -0.0502265	 0.00235287	 3.32332	 -0.142194	 -0.180449	 0.0952646
144.1	 -0.0523798	 0.00237032	 3.32266	 -0.142022	 -0.189608	 0.0951837
144.12	 -0.0545322	 0.00238747	 3.32188	 -0.14185	 -0.198761	 0.0951041
144.14	 -0.0566837	 0.00240432	 3.32097	 -0.141676	 -0.207905	 0.095026
144.16	 -0.0588341	 0.00242083	 3.31994	 -0.141502	 -0.217038	 0.0949494
144.18	 -0.0609833	 0.00243698	 3.31879	 -0.141327	 -0.226158	 0.0948746
144.2	 -0.0631311	 0.00245277	 3.31751	 -0.141152	 -0.235262	 0.0948016
144.22	 -0.0652775	 0.00246816	 3.31611	 -0.140977	 -0.244349	 0.0947305
144.24	 -0.0674224	 0.00248315	 3.31459	 -0.140801	 -0.253416	 0.0946614
144.26	 -0.0695656	 0.00249772	 3.31294	 -0.140626	 -0.262461	 0.0945945
144.28	 -0.071707	 0.00251186	 3.31117	 -0.140451	 -0.271482	 0.0945297
144.3	 -0.0738464	 0.00252555	 3.30928	 -0.140276	 -0.280477	 0.0944673
144.32	 -0.0759839	 0.00253878	 3.30727	 -0.140103	 -0.289443	 0.0944072
144.34	 -0.0781191	 0.00255153	 3.30514	 -0.13993	 -0.298379	 0.0943497
144.36	 -0.0802521	 0.0025638	 3.30288	 -0.139758	 -0.307282	 0.0942947
144.38	 -0.0823828	 0.00257558	 3.3005	 -0.139588	 -0.316152	 0.0942423
144.4	 -0.0845108	 0.00258686	 3.298	 -0.139419	 -0.324985	 0.0941927
144.42	 -0.0866363	 0.00259763	 3.29538	 -0.139252	 -0.33378	 0.0941459
144.44	 -0.088759	 0.00260788	 3.29265	 -0.139087	 -0.342535	 0.0941019
144.46	 -0.0908788	 0.00261762	 3.28979	 -0.138925	 -0.351249	 0.0940609
144.48	 -0.0929956	 0.00262683	 3.28681	 -0.138764	 -0.359919	 0.0940228
144.5	 -0.0951093	 0.00263552	 3.28371	 -0.138607	 -0.368544	 0.0939878
144.52	 -0.0972198	 0.00264368	 3.28049	 -0.138452	 -0.377122	 0.0939559
144.54	 -0.0993268	 0.00265131	 3.27715	 -0.1383	 -0.385651	 0.0939271
144.56	 -0.10143	 0.00265842	 3.2737	 -0.138151	 -0.39413	 0.0939014
144.58	 -0.10353	 0.00266499	 3.27012	 -0.138006	 -0.402558	 0.0938789
144.6	 -0.105626	 0.00267104	 3.26643	 -0.137864	 -0.410932	 0.0938596
144.62	 -0.107719	 0.00267657	 3.26262	 -0.137726	 -0.419251	 0.0938434
144.64	 -0.109807	 0.00268158	 3.2587	 -0.137593	 -0.427515	 0.0938305
144.66	 -0.111891	 0.00268608	 3.25466	 -0.137463	 -0.435722	 0.0938207
144.68	 -0.113971	 0.00269006	 3.2505	 -0.137338	 -0.44387	 0.0938141
144.7	 -0.116046	 0.00269353	 3.24623	 -0.137217	 -0.451959	 0.0938106
144.72	 -0.118117	 0.00269651	 3.24184	 -0.137101	 -0.459988	 0.0938103
144.74	 -0.120183	 0.00269898	 3.23734	 -0.13699	 -0.467956	 0.0938131
144.76	 -0.122245	 0.00270096	 3.23272	 -0.136883	 -0.475861	 0.093819
144.78	 -0.124301	 0.00270246	 3.22799	 -0.136782	 -0.483705	 0.093828
144.8	 -0.126352	 0.00270348	 3.22315	 -0.136686	 -0.491485	 0.09384
144.82	 -0.128399	 0.00270402	 3.21819	 -0.136596	 -0.499201	 0.0938549
144.84	 -0.130439	 0.00270411	 3.21312	 -0.136511	 -0.506854	 0.0938729
144.86	 -0.132475	 0.00270375	 3.20795	 -0.136431	 -0.514441	 0.0938937
144.88	 -0.134504	 0.00270295	 3.20266	 -0.136358	 -0.521964	 0.0939174
144.9	 -0.136528	 0.00270172	 3.19726	 -0.13629	 -0.529421	 0.0939438
144.92	 -0.138546	 0.00270007	 3.19175	 -0.136228	 -0.536812	 0.0939729
144.94	 -0.140558	 0.00269802	 3.18613	 -0.136173	 -0.544137	 0.0940047
144.96	 -0.142564	 0.00269555	 3.1804	 -0.136123	 -0.551397	 0.094039
144.98	 -0.144563	 0.0026927	 3.17457	 -0.13608	 -0.55859	 0.0940757
145	 -0.146555	 0.00268946	 3.16862	 -0.136044	 -0.565717	 0.0941149
145.02	 -0.148541	 0.00268585	 3.16258	 -0.136013	 -0.572778	 0.0941563
145.04	 -0.15052	 0.00268188	 3.15642	 -0.135989	 -0.579773	 0.0941999
145.06	 -0.152493	 0.00267755	 3.15016	 -0.135972	 -0.586702	 0.0942457
145.08	 -0.154457	 0.00267289	 3.1438	 -0.135961	 -0.593565	 0.0942933
145.1	 -0.156415	 0.0026679	 3.13733	 -0.135957	 -0.600363	 0.0943429
145.12	 -0.158364	 0.00266259	 3.13075	 -0.13596	 -0.607096	 0.0943942
145.14	 -0.160307	 0.00265698	 3.12408	 -0.135969	 -0.613765	 0.0944472
145.16	 -0.162241	 0.00265108	 3.1173	 -0.135985	 -0.620369	 0.0945017
145.18	 -0.164166	 0.00264489	 3.11042	 -0.136008	 -0.626909	 0.0945577
145.2	 -0.166084	 0.00263844	 3.10344	 -0.136038	 -0.633387	 0.0946149
145.22	 -0.167993	 0.00263172	 3.09636	 -0.136074	 -0.639801	 0.0946734
145.24	 -0.169893	 0.00262477	 3.08918	 -0.136118	 -0.646154	 0.0947329
145.26	 -0.171784	 0.00261758	 3.08191	 -0.136168	 -0.652445	 0.0947933
145.28	 -0.173666	 0.00261017	 3.07453	 -0.136224	 -0.658675	 0.0948546
145.3	 -0.175538	 0.00260256	 3.06706	 -0.136288	 -0.664845	 0.0949166
145.32	 -0.177401	 0.00259475	 3.05949	 -0.136358	 -0.670955	 0.0949791
145.34	 -0.179254	 0.00258676	 3.05182	 -0.136435	 -0.677006	 0.0950421
145.36	 -0.181096	 0.0025786	 3.04406	 -0.136518	 -0.682999	 0.0951053
145.38	 -0.182928	 0.00257028	 3.03621	 -0.136608	 -0.688934	 0.0951688
145.4	 -0.18475	 0.00256181	 3.02826	 -0.136705	 -0.694813	 0.0952323
145.42	 -0.18656	 0.0025532	 3.02022	 -0.136807	 -0.700636	 0.0952958
145.44	 -0.188359	 0.00254446	 3.01209	 -0.136916	 -0.706404	 0.0953591
145.46	 -0.190146	 0.0025356	 3.00386	 -0.137031	 -0.712117	 0.0954221
145.48	 -0.191922	 0.00252664	 2.99555	 -0.137152	 -0.717776	 0.0954846
145.5	 -0.193685	 0.00251757	 2.98715	 -0.137279	 -0.723383	 0.0955466
145.52	 -0.195436	 0.0025084	 2.97865	 -0.137412	 -0.728937	 0.095608
145.54	 -0.197175	 0.00249915	 2.97007	 -0.13755	 -0.73444	 0.0956685
145.56	 -0.1989	 0.00248981	 2.9614	 -0.137694	 -0.739893	 0.0957283
145.58	 -0.200612	 0.0024804	 2.95265	 -0.137844	 -0.745295	 0.095787
145.6	 -0.20231	 0.00247092	 2.94381	 -0.137998	 -0.750649	 0.0958447
145.62	 -0.203994	 0.00246138	 2.93488	 -0.138158	 -0.755954	 0.0959013
145.64	 -0.205664	 0.00245179	 2.92587	 -0.138322	 -0.761212	 0.0959566
145.66	 -0.207319	 0.00244214	 2.91678	 -0.138491	 -0.766423	 0.0960106
145.68	 -0.208959	 0.00243246	 2.9076	 -0.138665	 -0.771588	 0.0960632
145.7	 -0.210583	 0.00242274	 2.89834	 -0.138843	 -0.776707	 0.0961143
145.72	 -0.212192	 0.00241298	 2.889	 -0.139025	 -0.781781	 0.0961639
145.74	 -0.213785	 0.0024032	 2.87959	 -0.13921	 -0.786811	 0.0962119
145.76	 -0.215361	 0.0023934	 2.87009	 -0.139399	 -0.791798	 0.0962583
145.78	 -0.216921	 0.00238358	 2.86051	 -0.139592	 -0.796741	 0.0963029
145.8	 -0.218463	 0.00237375	 2.85086	 -0.139787	 -0.801642	 0.0963459
145.82	 -0.219988	 0.0023639	 2.84113	 -0.139985	 -0.806501	 0.096387
145.84	 -0.221494	 0.00235404	 2.83132	 -0.140186	 -0.811319	 0.0964263
145.86	 -0.222983	 0.00234417	 2.82144	 -0.140389	 -0.816097	 0.0964638
145.88	 -0.224453	 0.00233431	 2.81149	 -0.140594	 -0.820834	 0.0964994
145.9	 -0.225903	 0.00232445	 2.80146	 -0.140801	 -0.825532	 0.0965331
145.92	 -0.227335	 0.0023146	 2.79137	 -0.14101	 -0.83019	 0.0965649
145.94	 -0.228746	 0.00230476	 2.7812	 -0.14122	 -0.83481	 0.0965948
145.96	 -0.230137	 0.00229494	 2.77096	 -0.141431	 -0.839391	 0.0966227
145.98	 -0.231508	 0.00228514	 2.76065	 -0.141643	 -0.843935	 0.0966486
146	 -0.232858	 0.00227537	 2.75027	 -0.141856	 -0.84844	 0.0966726
146.02	 -0.234186	 0.00226563	 2.73982	 -0.142069	 -0.852909	 0.0966947
146.04	 -0.235493	 0.00225593	 2.72931	 -0.142282	 -0.85734	 0.096715
146.06	 -0.236778	 0.00224626	 2.71873	 -0.142495	 -0.861733	 0.0967333
146.08	 -0.23804	 0.00223662	 2.70809	 -0.142708	 -0.866091	 0.0967499
146.1	 -0.23928	 0.00222704	 2.69739	 -0.14292	 -0.870411	 0.0967647
146.12	 -0.240496	 0.00221751	 2.68662	 -0.143131	 -0.874695	 0.0967777
146.14	 -0.241688	 0.00220803	 2.67579	 -0.143341	 -0.878942	 0.096789
146.16	 -0.242857	 0.00219862	 2.6649	 -0.14355	 -0.883154	 0.0967987
146.18	 -0.244002	 0.00218929	 2.65395	 -0.143757	 -0.887328	 0.0968067
146.2	 -0.245122	 0.00218004	 2.64294	 -0.143962	 -0.891467	 0.0968132
146.22	 -0.246217	 0.00217088	 2.63188	 -0.144166	 -0.895568	 0.0968182
146.24	 -0.247287	 0.00216182	 2.62075	 -0.144368	 -0.899634	 0.0968217
146.26	 -0.248331	 0.00215287	 2.60958	 -0.144567	 -0.903662	 0.0968238
146.28	 -0.249349	 0.00214404	 2.59834	 -0.144765	 -0.907654	 0.0968246
146.3	 -0.250341	 0.00213534	 2.58706	 -0.144959	 -0.911609	 0.0968241
146.32	 -0.251307	 0.00212677	 2.57572	 -0.145151	 -0.915527	 0.0968224
146.34	 -0.252245	 0.00211835	 2.56433	 -0.14534	 -0.919407	 0.0968195
146.36	 -0.253157	 0.00211008	 2.55289	 -0.145526	 -0.923249	 0.0968157
146.38	 -0.254041	 0.00210198	 2.5414	 -0.145709	 -0.927054	 0.0968108
146.4	 -0.254897	 0.00209405	 2.52987	 -0.145889	 -0.93082	 0.0968051
146.42	 -0.255726	 0.00208632	 2.51828	 -0.146066	 -0.934547	 0.0967986
146.44	 -0.256526	 0.00207878	 2.50665	 -0.146239	 -0.938235	 0.0967915
146.46	 -0.257297	 0.00207145	 2.49498	 -0.146408	 -0.941884	 0.0967838
146.48	 -0.25804	 0.00206434	 2.48326	 -0.146574	 -0.945492	 0.0967756
146.5	 -0.258754	 0.00205746	 2.4715	 -0.146735	 -0.94906	 0.096767
146.52	 -0.259439	 0.00205082	 2.4597	 -0.146893	 -0.952587	 0.0967582
146.54	 -0.260094	 0.00204444	 2.44786	 -0.147047	 -0.956073	 0.0967492
146.56	 -0.26072	 0.00203832	 2.43598	 -0.147197	 -0.959516	 0.09674
146.58	 -0.261316	 0.00203248	 2.42406	 -0.147342	 -0.962917	 0.0967309
146.6	 -0.261883	 0.00202693	 2.41211	 -0.147484	 -0.966274	 0.0967219
146.62	 -0.262419	 0.00202168	 2.40012	 -0.147621	 -0.969588	 0.0967131
146.64	 -0.262925	 0.00201674	 2.3881	 -0.147754	 -0.972857	 0.0967046
146.66	 -0.2634	 0.00201214	 2.37604	 -0.147883	 -0.976081	 0.0966965
146.68	 -0.263846	 0.00200787	 2.36395	 -0.148007	 -0.979259	 0.0966889
146.7	 -0.26426	 0.00200395	 2.35184	 -0.148127	 -0.98239	 0.0966819
146.72	 -0.264644	 0.0020004	 2.33969	 -0.148243	 -0.985474	 0.0966755
146.74	 -0.264998	 0.00199722	 2.32751	 -0.148354	 -0.98851	 0.09667
146.76	 -0.26532	 0.00199443	 2.31531	 -0.148461	 -0.991497	 0.0966653
146.78	 -0.265612	 0.00199205	 2.30309	 -0.148564	 -0.994435	 0.0966617
146.8	 -0.265873	 0.00199007	 2.29084	 -0.148662	 -0.997322	 0.0966591
146.82	 -0.266103	 0.00198852	 2.27856	 -0.148757	 -1.00016	 0.0966577
146.84	 -0.266302	 0.00198741	 2.26627	 -0.148847	 -1.00294	 0.0966575
146.86	 -0.26647	 0.00198675	 2.25395	 -0.148932	 -1.00567	 0.0966586
146.88	 -0.266607	 0.00198654	 2.24162	 -0.149014	 -1.00835	 0.0966611
146.9	 -0.266713	 0.00198681	 2.22927	 -0.149092	 -1.01097	 0.0966651
146.92	 -0.266789	 0.00198756	 2.2169	 -0.149165	 -1.01354	 0.0966706
146.94	 -0.266833	 0.00198879	 2.20452	 -0.149235	 -1.01605	 0.0966777
146.96	 -0.266847	 0.00199053	 2.19212	 -0.149301	 -1.01851	 0.0966865
146.98	 -0.266831	 0.00199277	 2.17971	 -0.149363	 -1.0209	 0.0966971
147	 -0.266784	 0.00199553	 2.1673	 -0.149421	 -1.02324	 0.0967095
147.02	 -0.266706	 0.00199881	 2.15487	 -0.149476	 -1.02551	 0.0967238
147.04	 -0.266598	 0.00200262	 2.14243	 -0.149527	 -1.02773	 0.0967401
147.06	 -0.26646	 0.00200697	 2.12999	 -0.149575	 -1.02988	 0.0967583
147.08	 -0.266292	 0.00201187	 2.11754	 -0.149619	 -1.03197	 0.0967786
147.1	 -0.266094	 0.00201731	 2.10509	 -0.14966	 -1.034	 0.0968009
147.12	 -0.265866	 0.0020233	 2.09264	 -0.149698	 -1.03596	 0.0968254
147.14	 -0.265609	 0.00202984	 2.08018	 -0.149733	 -1.03785	 0.096852
147.16	 -0.265322	 0.00203695	 2.06773	 -0.149766	 -1.03968	 0.0968807
147.18	 -0.265006	 0.00204461	 2.05528	 -0.149795	 -1.04144	 0.0969116
147.2	 -0.264662	 0.00205284	 2.04283	 -0.149822	 -1.04313	 0.0969447
147.22	 -0.264288	 0.00206163	 2.03038	 -0.149846	 -1.04475	 0.09698
147.24	 -0.263886	 0.00207099	 2.01794	 -0.149868	 -1.04629	 0.0970175
147.26	 -0.263456	 0.0020809	 2.00551	 -0.149888	 -1.04777	 0.0970572
147.28	 -0.262997	 0.00209138	 1.99309	 -0.149905	 -1.04917	 0.0970992
147.3	 -0.262511	 0.00210241	 1.98068	 -0.149921	 -1.05049	 0.0971433
147.32	 -0.261997	 0.00211399	 1.96828	 -0.149934	 -1.05174	 0.0971896
147.34	 -0.261456	 0.00212613	 1.95589	 -0.149946	 -1.05291	 0.097238
147.36	 -0.260888	 0.00213881	 1.94352	 -0.149957	 -1.054	 0.0972887
147.38	 -0.260293	 0.00215203	 1.93117	 -0.149966	 -1.05502	 0.0973414
147.4	 -0.259672	 0.00216578	 1.91883	 -0.149973	 -1.05595	 0.0973963
147.42	 -0.259024	 0.00218005	 1.90651	 -0.14998	 -1.0568	 0.0974533
147.44	 -0.258351	 0.00219484	 1.89421	 -0.149985	 -1.05756	 0.0975123
147.46	 -0.257652	 0.00221013	 1.88193	 -0.14999	 -1.05824	 0.0975734
147.48	 -0.256927	 0.00222592	 1.86968	 -0.149993	 -1.05884	 0.0976364
147.5	 -0.256178	 0.00224219	 1.85745	 -0.149996	 -1.05934	 0.0977013
147.52	 -0.255404	 0.00225892	 1.84525	 -0.149999	 -1.05976	 0.0977681
147.54	 -0.254605	 0.00227612	 1.83308	 -0.150001	 -1.06009	 0.0978367
147.56	 -0.253783	 0.00229376	 1.82093	 -0.150003	 -1.06032	 0.097907
147.58	 -0.252936	 0.00231183	 1.80882	 -0.150004	 -1.06046	 0.097979
147.6	 -0.252066	 0.0023303	 1.79674	 -0.150006	 -1.06051	 0.0980527
147.62	 -0.251173	 0.00234918	 1.78469	 -0.150008	 -1.06047	 0.0981279
147.64	 -0.250257	 0.00236843	 1.77268	 -0.15001	 -1.06032	 0.0982046
147.66	 -0.249319	 0.00238804	 1.7607	 -0.150013	 -1.06008	 0.0982828
147.68	 -0.248358	 0.00240799	 1.74876	 -0.150016	 -1.05973	 0.0983623
147.7	 -0.247375	 0.00242827	 1.73686	 -0.150019	 -1.05929	 0.098443
147.72	 -0.246371	 0.00244885	 1.72501	 -0.150024	 -1.05874	 0.098525
147.74	 -0.245345	 0.00246971	 1.71319	 -0.150029	 -1.05809	 0.098608
147.76	 -0.244298	 0.00249083	 1.70142	 -0.150035	 -1.05733	 0.0986921
147.78	 -0.243231	 0.00251219	 1.68969	 -0.150042	 -1.05647	 0.0987771
147.8	 -0.242143	 0.00253376	 1.67801	 -0.15005	 -1.05549	 0.098863
147.82	 -0.241035	 0.00255553	 1.66638	 -0.15006	 -1.05441	 0.0989496
147.84	 -0.239907	 0.00257748	 1.6548	 -0.150071	 -1.05321	 0.0990369
147.86	 -0.23876	 0.00259957	 1.64326	 -0.150083	 -1.0519	 0.0991249
147.88	 -0.237593	 0.00262178	 1.63178	 -0.150097	 -1.05048	 0.0992133
147.9	 -0.236407	 0.0026441	 1.62036	 -0.150113	 -1.04893	 0.0993021
147.92	 -0.235203	 0.00266649	 1.60899	 -0.15013	 -1.04728	 0.0993913
147.94	 -0.23398	 0.00268893	 1.59767	 -0.150149	 -1.0455	 0.0994807
147.96	 -0.232739	 0.00271139	 1.58641	 -0.150171	 -1.0436	 0.0995703
147.98	 -0.231481	 0.00273386	 1.57522	 -0.150194	 -1.04158	 0.09966
148	 -0.230204	 0.00275631	 1.56408	 -0.150219	 -1.03943	 0.0997496
148.02	 -0.22891	 0.0027787	 1.553	 -0.150246	 -1.03716	 0.0998392
148.04	 -0.227599	 0.00280102	 1.54199	 -0.150276	 -1.03476	 0.0999286
148.06	 -0.226271	 0.00282325	 1.53104	 -0.150308	 -1.03223	 0.100018
148.08	 -0.224926	 0.00284535	 1.52016	 -0.150342	 -1.02957	 0.100106
148.1	 -0.223565	 0.0028673	 1.50935	 -0.150379	 -1.02678	 0.100195
148.12	 -0.222187	 0.00288908	 1.4986	 -0.150419	 -1.02386	 0.100283
148.14	 -0.220794	 0.00291066	 1.48792	 -0.150461	 -1.0208	 0.10037
148.16	 -0.219384	 0.00293202	 1.47732	 -0.150505	 -1.01761	 0.100456
148.18	 -0.217959	 0.00295314	 1.46679	 -0.150552	 -1.01428	 0.100542
148.2	 -0.216518	 0.00297399	 1.45633	 -0.150603	 -1.0108	 0.100627
148.22	 -0.215063	 0.00299455	 1.44595	 -0.150655	 -1.00719	 0.100712
148.24	 -0.213592	 0.0030148	 1.43564	 -0.150711	 -1.00344	 0.100795
148.26	 -0.212106	 0.00303471	 1.42541	 -0.15077	 -0.999543	 0.100877
148.28	 -0.210605	 0.00305428	 1.41526	 -0.150832	 -0.995502	 0.100958
148.3	 -0.20909	 0.00307346	 1.40519	 -0.150896	 -0.991314	 0.101038
148.32	 -0.20756	 0.00309226	 1.3952	 -0.150964	 -0.986979	 0.101117
148.34	 -0.206016	 0.00311064	 1.3853	 -0.151035	 -0.982496	 0.101195
148.36	 -0.204458	 0.00312859	 1.37547	 -0.151109	 -0.977862	 0.101272
148.38	 -0.202885	 0.00314609	 1.36574	 -0.151187	 -0.973078	 0.101347
148.4	 -0.201299	 0.00316312	 1.35609	 -0.151268	 -0.968141	 0.101421
148.42	 -0.199699	 0.00317968	 1.34652	 -0.151352	 -0.963051	 0.101493
148.44	 -0.198086	 0.00319573	 1.33705	 -0.151439	 -0.957806	 0.101565
148.46	 -0.196459	 0.00321127	 1.32766	 -0.15153	 -0.952406	 0.101634
148.48	 -0.194818	 0.00322629	 1.31837	 -0.151625	 -0.946849	 0.101703
148.5	 -0.193164	 0.00324077	 1.30917	 -0.151722	 -0.941134	 0.10177
148.52	 -0.191497	 0.0032547	 1.30006	 -0.151824	 -0.935261	 0.101836
148.54	 -0.189817	 0.00326806	 1.29104	 -0.151929	 -0.929229	 0.1019
148.56	 -0.188124	 0.00328086	 1.28213	 -0.152037	 -0.923036	 0.101962
148.58	 -0.186418	 0.00329307	 1.2733	 -0.152149	 -0.916682	 0.102024
148.6	 -0.184699	 0.0033047	 1.26458	 -0.152264	 -0.910167	 0.102083
148.62	 -0.182967	 0.00331573	 1.25595	 -0.152384	 -0.903489	 0.102142
148.64	 -0.181223	 0.00332616	 1.24743	 -0.152506	 -0.896648	 0.102199
148.66	 -0.179466	 0.00333599	 1.239	 -0.152633	 -0.889644	 0.102254
148.68	 -0.177696	 0.00334521	 1.23068	 -0.152763	 -0.882476	 0.102308
148.7	 -0.175914	 0.00335381	 1.22246	 -0.152897	 -0.875143	 0.102361
148.72	 -0.17412	 0.00336181	 1.21434	 -0.153034	 -0.867645	 0.102413
148.74	 -0.172313	 0.00336919	 1.20633	 -0.153176	 -0.859983	 0.102463
148.76	 -0.170495	 0.00337596	 1.19843	 -0.153321	 -0.852155	 0.102512
148.78	 -0.168664	 0.00338212	 1.19063	 -0.153469	 -0.844162	 0.102559
148.8	 -0.16682	 0.00338767	 1.18294	 -0.153622	 -0.836004	 0.102606
148.82	 -0.164965	 0.00339262	 1.17536	 -0.153778	 -0.82768	 0.102651
148.84	 -0.163098	 0.00339698	 1.16789	 -0.153939	 -0.819191	 0.102695
148.86	 -0.161219	 0.00340074	 1.16053	 -0.154103	 -0.810537	 0.102738
148.88	 -0.159329	 0.00340393	 1.15328	 -0.154271	 -0.801718	 0.10278
148.9	 -0.157426	 0.00340653	 1.14615	 -0.154443	 -0.792734	 0.102821
148.92	 -0.155512	 0.00340858	 1.13912	 -0.154619	 -0.783587	 0.102861
148.94	 -0.153586	 0.00341006	 1.13222	 -0.154799	 -0.774277	 0.102901
148.96	 -0.151649	 0.00341101	 1.12542	 -0.154983	 -0.764803	 0.10294
148.98	 -0.149701	 0.00341141	 1.11875	 -0.155171	 -0.755167	 0.102978
149	 -0.147741	 0.0034113	 1.11219	 -0.155363	 -0.745371	 0.103015
149.02	 -0.14577	 0.00341068	 1.10575	 -0.155559	 -0.735413	 0.103052
149.04	 -0.143788	 0.00340956	 1.09942	 -0.155758	 -0.725296	 0.103089
149.06	 -0.141795	 0.00340796	 1.09322	 -0.155962	 -0.715021	 0.103125
149.08	 -0.139791	 0.00340589	 1.08714	 -0.156169	 -0.704589	 0.103161
149.1	 -0.137776	 0.00340337	 1.08118	 -0.156381	 -0.694	 0.103196
149.12	 -0.135751	 0.00340042	 1.07534	 -0.156596	 -0.683257	 0.103232
149.14	 -0.133714	 0.00339705	 1.06962	 -0.156815	 -0.67236	 0.103267
149.16	 -0.131668	 0.00339328	 1.06403	 -0.157038	 -0.661312	 0.103303
149.18	 -0.129611	 0.00338913	 1.05856	 -0.157264	 -0.650114	 0.103338
149.2	 -0.127544	 0.00338462	 1.05321	 -0.157495	 -0.638767	 0.103374
149.22	 -0.125467	 0.00337976	 1.04799	 -0.157729	 -0.627273	 0.10341
149.24	 -0.12338	 0.00337458	 1.0429	 -0.157966	 -0.615635	 0.103447
149.26	 -0.121283	 0.00336909	 1.03793	 -0.158208	 -0.603853	 0.103483
149.28	 -0.119177	 0.00336332	 1.03309	 -0.158452	 -0.591932	 0.103521
149.3	 -0.117061	 0.00335728	 1.02838	 -0.158701	 -0.579871	 0.103558
149.32	 -0.114936	 0.003351	 1.0238	 -0.158952	 -0.567674	 0.103597
149.34	 -0.112801	 0.00334449	 1.01934	 -0.159208	 -0.555344	 0.103636
149.36	 -0.110658	 0.00333778	 1.01502	 -0.159466	 -0.542882	 0.103676
149.38	 -0.108506	 0.0033309	 1.01083	 -0.159728	 -0.530291	 0.103716
149.4	 -0.106346	 0.00332385	 1.00676	 -0.159993	 -0.517573	 0.103758
149.42	 -0.104177	 0.00331667	 1.00283	 -0.160262	 -0.504733	 0.103801
149.44	 -0.102	 0.00330937	 0.999034	 -0.160533	 -0.491771	 0.103844
149.46	 -0.0998152	 0.00330198	 0.995369	 -0.160808	 -0.478692	 0.103889
149.48	 -0.0976226	 0.00329451	 0.991836	 -0.161086	 -0.465498	 0.103935
149.5	 -0.0954226	 0.00328698	 0.988436	 -0.161366	 -0.452192	 0.103983
149.52	 -0.0932153	 0.00327943	 0.985171	 -0.16165	 -0.438777	 0.104031
149.54	 -0.091001	 0.00327186	 0.98204	 -0.161936	 -0.425257	 0.104082
149.56	 -0.08878	 0.0032643	 0.979044	 -0.162225	 -0.411635	 0.104133
149.58	 -0.0865524	 0.00325676	 0.976184	 -0.162517	 -0.397915	 0.104186
149.6	 -0.0843186	 0.00324927	 0.973459	 -0.162811	 -0.384099	 0.104241
149.62	 -0.0820788	 0.00324184	 0.97087	 -0.163107	 -0.370192	 0.104298
149.64	 -0.0798333	 0.00323449	 0.968417	 -0.163406	 -0.356196	 0.104356
149.66	 -0.0775823	 0.00322724	 0.966102	 -0.163707	 -0.342116	 0.104415
149.68	 -0.0753262	 0.00322011	 0.963923	 -0.16401	 -0.327956	 0.104477
149.7	 -0.0730653	 0.0032131	 0.961882	 -0.164315	 -0.313719	 0.10454
149.72	 -0.0707997	 0.00320624	 0.959979	 -0.164621	 -0.299409	 0.104605
149.74	 -0.0685299	 0.00319954	 0.958214	 -0.16493	 -0.28503	 0.104672
149.76	 -0.0662561	 0.00319301	 0.956586	 -0.165239	 -0.270586	 0.104741
149.78	 -0.0639786	 0.00318667	 0.955098	 -0.16555	 -0.256081	 0.104811
149.8	 -0.0616978	 0.00318052	 0.953748	 -0.165862	 -0.24152	 0.104884
149.82	 -0.059414	 0.00317459	 0.952537	 -0.166176	 -0.226906	 0.104958
149.84	 -0.0571274	 0.00316888	 0.951465	 -0.16649	 -0.212244	 0.105034
149.86	 -0.0548385	 0.0031634	 0.950532	 -0.166804	 -0.197538	 0.105112
149.88	 -0.0525475	 0.00315817	 0.949738	 -0.16712	 -0.182792	 0.105192
149.9	 -0.0502549	 0.00315319	 0.949084	 -0.167436	 -0.168011	 0.105273
149.92	 -0.0479608	 0.00314847	 0.94857	 -0.167752	 -0.1532	 0.105357
149.94	 -0.0456657	 0.00314402	 0.948195	 -0.168068	 -0.138363	 0.105442
149.96	 -0.04337	 0.00313985	 0.94796	 -0.168384	 -0.123504	 0.105529
149.98	 -0.0410739	 0.00313596	 0.947865	 -0.1687	 -0.108629	 0.105618
150	 -0.0387779	 0.00313235	 0.947909	 -0.169015	 -0.0937411	 0.105708
150.02	 -0.0364822	 0.00312904	 0.948093	 -0.16933	 -0.0788461	 0.1058
150.04	 -0.0341872	 0.00312602	 0.948417	 -0.169644	 -0.0639484	 0.105894
150.06	 -0.0318934	 0.00312329	 0.948881	 -0.169957	 -0.0490528	 0.105989
150.08	 -0.0296009	 0.00312085	 0.949484	 -0.170269	 -0.0341639	 0.106085
150.1	 -0.0273103	 0.00311871	 0.950227	 -0.17058	 -0.0192866	 0.106184
150.12	 -0.0250218	 0.00311687	 0.951109	 -0.170889	 -0.00442552	 0.106283
150.14	 -0.0227358	 0.00311531	 0.95213	 -0.171196	 0.0104144	 0.106384
150.16	 -0.0204526	 0.00311405	 0.953291	 -0.171501	 0.0252285	 0.106486
150.18	 -0.0181726	 0.00311306	 0.954591	 -0.171803	 0.040012	 0.106589
150.2	 -0.0158962	 0.00311236	 0.956029	 -0.172103	 0.0547601	 0.106693
150.22	 -0.0136237	 0.00311193	 0.957606	 -0.172401	 0.069468	 0.106798
150.24	 -0.0113554	 0.00311177	 0.959322	 -0.172695	 0.0841309	 0.106904
150.26	 -0.00909167	 0.00311186	 0.961176	 -0.172986	 0.0987442	 0.107011
150.28	 -0.00683286	 0.0031122	 0.963167	 -0.173273	 0.113303	 0.107118
150.3	 -0.00457931	 0.00311279	 0.965297	 -0.173556	 0.127803	 0.107227
150.32	 -0.00233132	 0.0031136	 0.967564	 -0.173836	 0.14224	 0.107335
150.34	 -8.92365e-05	 0.00311462	 0.969968	 -0.17411	 0.156608	 0.107444
150.36	 0.00214663	 0.00311585	 0.972508	 -0.17438	 0.170904	 0.107554
150.38	 0.00437598	 0.00311727	 0.975186	 -0.174645	 0.185122	 0.107664
150.4	 0.00659848	 0.00311887	 0.977999	 -0.174905	 0.199259	 0.107773
150.42	 0.00881385	 0.00312064	 0.980948	 -0.17516	 0.213311	 0.107883
150.44	 0.0110218	 0.00312257	 0.984032	 -0.175408	 0.227272	 0.107993
150.46	 0.013222	 0.00312463	 0.987251	 -0.175651	 0.241139	 0.108102
150.48	 0.0154142	 0.00312683	 0.990604	 -0.175887	 0.254908	 0.108211
150.5	 0.0175982	 0.00312914	 0.994092	 -0.176117	 0.268574	 0.108319
150.52	 0.0197736	 0.00313156	 0.997712	 -0.176341	 0.282134	 0.108427
150.54	 0.0219401	 0.00313407	 1.00147	 -0.176558	 0.295583	 0.108534
150.56	 0.0240977	 0.00313666	 1.00535	 -0.176767	 0.308919	 0.10864
150.58	 0.0262459	 0.00313932	 1.00937	 -0.17697	 0.322136	 0.108745
150.6	 0.0283845	 0.00314203	 1.01352	 -0.177166	 0.335231	 0.108849
150.62	 0.0305134	 0.00314479	 1.0178	 -0.177353	 0.348201	 0.108952
150.64	 0.0326323	 0.00314758	 1.02221	 -0.177534	 0.361042	 0.109054
150.66	 0.034741	 0.00315038	 1.02675	 -0.177707	 0.373751	 0.109154
150.68	 0.0368392	 0.00315319	 1.03142	 -0.177871	 0.386323	 0.109252
150.7	 0.0389269	 0.00315599	 1.03622	 -0.178028	 0.398756	 0.109349
150.72	 0.0410037	 0.00315878	 1.04114	 -0.178177	 0.411046	 0.109444
150.74	 0.0430695	 0.00316154	 1.04619	 -0.178317	 0.423191	 0.109537
150.76	 0.0451241	 0.00316426	 1.05137	 -0.17845	 0.435187	 0.109628
150.78	 0.0471674	 0.00316692	 1.05667	 -0.178573	 0.447031	 0.109717
150.8	 0.0491993	 0.00316952	 1.0621	 -0.178688	 0.45872	 0.109803
150.82	 0.0512195	 0.00317204	 1.06766	 -0.178794	 0.470253	 0.109887
150.84	 0.0532279	 0.00317448	 1.07333	 -0.178891	 0.481625	 0.109969
150.86	 0.0552245	 0.00317681	 1.07913	 -0.178979	 0.492836	 0.110047
150.88	 0.057209	 0.00317902	 1.08505	 -0.179058	 0.503882	 0.110123
150.9	 0.0591814	 0.00318112	 1.09109	 -0.179127	 0.514761	 0.110196
150.92	 0.0611417	 0.00318308	 1.09725	 -0.179187	 0.525472	 0.110267
150.94	 0.0630896	 0.0031849	 1.10353	 -0.179237	 0.536012	 0.110334
150.96	 0.065025	 0.00318656	 1.10993	 -0.179278	 0.546379	 0.110398
150.98	 0.0669481	 0.00318807	 1.11645	 -0.179308	 0.556572	 0.110458
151	 0.0688585	 0.0031894	 1.12308	 -0.179329	 0.566588	 0.110515
151.02	 0.0707564	 0.00319055	 1.12983	 -0.17934	 0.576427	 0.110569
151.04	 0.0726415	 0.00319152	 1.1367	 -0.179341	 0.586087	 0.11062
151.06	 0.074514	 0.0031923	 1.14368	 -0.179332	 0.595567	 0.110666
151.08	 0.0763737	 0.00319289	 1.15077	 -0.179312	 0.604865	 0.110709
151.1	 0.0782206	 0.00319327	 1.15798	 -0.179282	 0.613981	 0.110749
151.12	 0.0800546	 0.00319345	 1.16529	 -0.179242	 0.622914	 0.110784
151.14	 0.0818758	 0.00319343	 1.17272	 -0.179192	 0.631662	 0.110816
151.16	 0.0836841	 0.00319318	 1.18025	 -0.179131	 0.640225	 0.110843
151.18	 0.0854795	 0.00319273	 1.1879	 -0.17906	 0.648603	 0.110867
151.2	 0.0872619	 0.00319206	 1.19565	 -0.178979	 0.656794	 0.110887
151.22	 0.0890315	 0.00319117	 1.20351	 -0.178888	 0.664799	 0.110903
151.24	 0.090788	 0.00319007	 1.21147	 -0.178786	 0.672617	 0.110915
151.26	 0.0925317	 0.00318876	 1.21954	 -0.178675	 0.680248	 0.110922
151.28	 0.0942623	 0.00318726	 1.22771	 -0.178554	 0.687692	 0.110926
151.3	 0.0959801	 0.00318556	 1.23598	 -0.178422	 0.694949	 0.110925
151.32	 0.0976848	 0.00318367	 1.24436	 -0.178281	 0.702019	 0.110921
151.34	 0.0993767	 0.0031816	 1.25283	 -0.178131	 0.708902	 0.110912
151.36	 0.101056	 0.00317936	 1.26141	 -0.177971	 0.7156	 0.110898
151.38	 0.102722	 0.00317695	 1.27008	 -0.177802	 0.722111	 0.110881
151.4	 0.104375	 0.00317438	 1.27885	 -0.177624	 0.728438	 0.11086
151.42	 0.106015	 0.00317167	 1.28771	 -0.177437	 0.73458	 0.110834
151.44	 0.107642	 0.00316881	 1.29667	 -0.177242	 0.740538	 0.110804
151.46	 0.109256	 0.00316583	 1.30572	 -0.177037	 0.746313	 0.11077
151.48	 0.110858	 0.00316273	 1.31487	 -0.176825	 0.751907	 0.110731
151.5	 0.112446	 0.00315952	 1.3241	 -0.176604	 0.757319	 0.110689
151.52	 0.114022	 0.00315622	 1.33343	 -0.176375	 0.762551	 0.110642
151.54	 0.115585	 0.00315283	 1.34285	 -0.176138	 0.767604	 0.110592
151.56	 0.117134	 0.00314938	 1.35235	 -0.175894	 0.77248	 0.110537
151.58	 0.118671	 0.00314587	 1.36194	 -0.175642	 0.777178	 0.110479
151.6	 0.120195	 0.00314232	 1.37161	 -0.175383	 0.781702	 0.110416
151.62	 0.121706	 0.00313873	 1.38137	 -0.175117	 0.786052	 0.11035
151.64	 0.123203	 0.00313513	 1.39122	 -0.174845	 0.79023	 0.11028
151.66	 0.124688	 0.00313153	 1.40114	 -0.174566	 0.794237	 0.110207
151.68	 0.126159	 0.00312794	 1.41115	 -0.174281	 0.798074	 0.110129
151.7	 0.127618	 0.00312439	 1.42123	 -0.17399	 0.801744	 0.110049
151.72	 0.129063	 0.00312088	 1.43139	 -0.173694	 0.805249	 0.109965
151.74	 0.130495	 0.00311743	 1.44163	 -0.173392	 0.808589	 0.109877
151.76	 0.131913	 0.00311406	 1.45195	 -0.173085	 0.811766	 0.109787
151.78	 0.133318	 0.00311078	 1.46234	 -0.172773	 0.814783	 0.109693
151.8	 0.13471	 0.00310762	 1.47281	 -0.172457	 0.817641	 0.109596
151.82	 0.136087	 0.00310458	 1.48334	 -0.172137	 0.820343	 0.109497
151.84	 0.137452	 0.00310168	 1.49395	 -0.171812	 0.822889	 0.109394
151.86	 0.138802	 0.00309894	 1.50462	 -0.171484	 0.825283	 0.109289
151.88	 0.140138	 0.00309636	 1.51537	 -0.171153	 0.827525	 0.109182
151.9	 0.141461	 0.00309397	 1.52618	 -0.170819	 0.829619	 0.109072
151.92	 0.142769	 0.00309178	 1.53706	 -0.170482	 0.831565	 0.10896
151.94	 0.144062	 0.00308981	 1.548	 -0.170142	 0.833367	 0.108845
151.96	 0.145341	 0.00308806	 1.55901	 -0.169801	 0.835026	 0.108729
151.98	 0.146606	 0.00308655	 1.57007	 -0.169457	 0.836544	 0.108611
152	 0.147856	 0.0030853	 1.5812	 -0.169112	 0.837924	 0.108491
152.02	 0.14909	 0.00308431	 1.59239	 -0.168766	 0.839167	 0.108369
152.04	 0.15031	 0.00308359	 1.60364	 -0.168419	 0.840276	 0.108246
152.06	 0.151514	 0.00308315	 1.61494	 -0.168072	 0.841253	 0.108121
152.08	 0.152702	 0.003083	 1.6263	 -0.167724	 0.8421	 0.107996
152.1	 0.153874	 0.00308315	 1.63771	 -0.167376	 0.842818	 0.107869
152.12	 0.155031	 0.00308362	 1.64917	 -0.167029	 0.843411	 0.107741
152.14	 0.156171	 0.00308439	 1.66069	 -0.166682	 0.843881	 0.107613
152.16	 0.157295	 0.00308549	 1.67225	 -0.166335	 0.844229	 0.107484
152.18	 0.158401	 0.00308691	 1.68387	 -0.16599	 0.844457	 0.107355
152.2	 0.159491	 0.00308866	 1.69553	 -0.165646	 0.844568	 0.107225
152.22	 0.160563	 0.00309075	 1.70724	 -0.165304	 0.844564	 0.107095
152.24	 0.161618	 0.00309317	 1.71899	 -0.164964	 0.844446	 0.106965
152.26	 0.162655	 0.00309593	 1.73079	 -0.164626	 0.844217	 0.106835
152.28	 0.163674	 0.00309903	 1.74263	 -0.16429	 0.84388	 0.106705
152.3	 0.164674	 0.00310247	 1.75451	 -0.163957	 0.843435	 0.106576
152.32	 0.165655	 0.00310624	 1.76643	 -0.163627	 0.842885	 0.106447
152.34	 0.166618	 0.00311035	 1.77838	 -0.1633	 0.842232	 0.106319
152.36	 0.167561	 0.00311478	 1.79038	 -0.162976	 0.841478	 0.106192
152.38	 0.168484	 0.00311954	 1.8024	 -0.162656	 0.840625	 0.106065
152.4	 0.169387	 0.00312462	 1.81447	 -0.16234	 0.839674	 0.10594
152.42	 0.17027	 0.00313	 1.82656	 -0.162027	 0.838628	 0.105816
152.44	 0.171132	 0.00313569	 1.83869	 -0.161719	 0.837488	 0.105693
152.46	 0.171973	 0.00314167	 1.85084	 -0.161415	 0.836257	 0.105571
152.48	 0.172792	 0.00314793	 1.86303	 -0.161115	 0.834936	 0.105451
152.5	 0.17359	 0.00315446	 1.87524	 -0.160821	 0.833527	 0.105332
152.52	 0.174366	 0.00316124	 1.88748	 -0.160531	 0.832031	 0.105215
152.54	 0.175119	 0.00316826	 1.89974	 -0.160245	 0.83045	 0.1051
152.56	 0.175849	 0.00317551	 1.91202	 -0.159965	 0.828787	 0.104987
152.58	 0.176557	 0.00318296	 1.92433	 -0.159691	 0.827042	 0.104876
152.6	 0.17724	 0.0031906	 1.93666	 -0.159421	 0.825218	 0.104767
152.62	 0.1779	 0.00319842	 1.949	 -0.159157	 0.823316	 0.10466
152.64	 0.178536	 0.00320638	 1.96136	 -0.158898	 0.821337	 0.104555
152.66	 0.179147	 0.00321448	 1.97374	 -0.158645	 0.819283	 0.104452
152.68	 0.179733	 0.00322268	 1.98613	 -0.158397	 0.817156	 0.104352
152.7	 0.180295	 0.00323098	 1.99854	 -0.158155	 0.814956	 0.104254
152.72	 0.18083	 0.00323934	 2.01095	 -0.157919	 0.812687	 0.104159
152.74	 0.181339	 0.00324775	 2.02338	 -0.157688	 0.810348	 0.104066
152.76	 0.181823	 0.00325617	 2.03582	 -0.157464	 0.807941	 0.103976
152.78	 0.182279	 0.00326459	 2.04826	 -0.157245	 0.805468	 0.103888
152.8	 0.182709	 0.00327298	 2.06071	 -0.157032	 0.80293	 0.103803
152.82	 0.183112	 0.00328131	 2.07317	 -0.156824	 0.800328	 0.103721
152.84	 0.183487	 0.00328956	 2.08562	 -0.156623	 0.797664	 0.103641
152.86	 0.183834	 0.0032977	 2.09809	 -0.156427	 0.794938	 0.103564
152.88	 0.184153	 0.00330571	 2.11055	 -0.156238	 0.792153	 0.103489
152.9	 0.184444	 0.00331355	 2.12301	 -0.156054	 0.789308	 0.103417
152.92	 0.184706	 0.0033212	 2.13546	 -0.155875	 0.786406	 0.103348
152.94	 0.184939	 0.00332864	 2.14792	 -0.155703	 0.783447	 0.103281
152.96	 0.185142	 0.00333582	 2.16037	 -0.155535	 0.780432	 0.103217
152.98	 0.185317	 0.00334274	 2.17281	 -0.155374	 0.777363	 0.103156
153	 0.185461	 0.00334935	 2.18524	 -0.155218	 0.77424	 0.103097
153.02	 0.185576	 0.00335563	 2.19767	 -0.155067	 0.771065	 0.10304
153.04	 0.185661	 0.00336155	 2.21009	 -0.154921	 0.767839	 0.102986
153.06	 0.185715	 0.00336709	 2.22249	 -0.154781	 0.764562	 0.102935
153.08	 0.185738	 0.00337221	 2.23488	 -0.154646	 0.761235	 0.102885
153.1	 0.185731	 0.0033769	 2.24726	 -0.154515	 0.75786	 0.102838
153.12	 0.185693	 0.00338112	 2.25962	 -0.15439	 0.754437	 0.102794
153.14	 0.185624	 0.00338486	 2.27196	 -0.154269	 0.750967	 0.102751
153.16	 0.185524	 0.00338807	 2.28428	 -0.154153	 0.747451	 0.102711
153.18	 0.185392	 0.00339075	 2.29659	 -0.154041	 0.74389	 0.102672
153.2	 0.185229	 0.00339286	 2.30887	 -0.153934	 0.740284	 0.102636
153.22	 0.185035	 0.00339438	 2.32113	 -0.15383	 0.736635	 0.102601
153.24	 0.184809	 0.0033953	 2.33336	 -0.153731	 0.732943	 0.102568
153.26	 0.184551	 0.00339558	 2.34557	 -0.153636	 0.729208	 0.102537
153.28	 0.184261	 0.00339521	 2.35776	 -0.153544	 0.725432	 0.102508
153.3	 0.18394	 0.00339418	 2.36991	 -0.153456	 0.721616	 0.102479
153.32	 0.183587	 0.00339245	 2.38204	 -0.153371	 0.717759	 0.102453
153.34	 0.183202	 0.00339002	 2.39413	 -0.15329	 0.713863	 0.102427
153.36	 0.182785	 0.00338687	 2.4062	 -0.153211	 0.709928	 0.102403
153.38	 0.182337	 0.00338299	 2.41823	 -0.153136	 0.705955	 0.10238
153.4	 0.181856	 0.00337836	 2.43022	 -0.153063	 0.701944	 0.102358
153.42	 0.181344	 0.00337297	 2.44218	 -0.152993	 0.697896	 0.102336
153.44	 0.180801	 0.00336681	 2.4541	 -0.152926	 0.693811	 0.102315
153.46	 0.180226	 0.00335988	 2.46599	 -0.152861	 0.689691	 0.102295
153.48	 0.179619	 0.00335215	 2.47783	 -0.152798	 0.685535	 0.102275
153.5	 0.178982	 0.00334364	 2.48963	 -0.152737	 0.681345	 0.102256
153.52	 0.178313	 0.00333433	 2.5014	 -0.152678	 0.677119	 0.102237
153.54	 0.177613	 0.00332422	 2.51311	 -0.15262	 0.67286	 0.102218
153.56	 0.176882	 0.00331331	 2.52479	 -0.152564	 0.668567	 0.102199
153.58	 0.17612	 0.00330159	 2.53641	 -0.152509	 0.664241	 0.102179
153.6	 0.175328	 0.00328908	 2.54799	 -0.152456	 0.659883	 0.10216
153.62	 0.174506	 0.00327578	 2.55952	 -0.152404	 0.655492	 0.10214
153.64	 0.173654	 0.00326169	 2.57101	 -0.152352	 0.651068	 0.10212
153.66	 0.172772	 0.00324681	 2.58244	 -0.152302	 0.646613	 0.102099
153.68	 0.17186	 0.00323116	 2.59382	 -0.152252	 0.642127	 0.102077
153.7	 0.170919	 0.00321474	 2.60514	 -0.152203	 0.63761	 0.102055
153.72	 0.169948	 0.00319758	 2.61641	 -0.152154	 0.633061	 0.102032
153.74	 0.168949	 0.00317967	 2.62763	 -0.152105	 0.628482	 0.102007
153.76	 0.167922	 0.00316104	 2.63879	 -0.152056	 0.623873	 0.101982
153.78	 0.166866	 0.00314171	 2.64989	 -0.152008	 0.619233	 0.101956
153.8	 0.165782	 0.00312169	 2.66094	 -0.15196	 0.614564	 0.101928
153.82	 0.164671	 0.003101	 2.67192	 -0.151911	 0.609864	 0.101899
153.84	 0.163533	 0.00307967	 2.68284	 -0.151862	 0.605135	 0.101868
153.86	 0.162368	 0.00305771	 2.6937	 -0.151813	 0.600376	 0.101836
153.88	 0.161176	 0.00303516	 2.7045	 -0.151764	 0.595588	 0.101802
153.9	 0.159958	 0.00301203	 2.71523	 -0.151714	 0.59077	 0.101767
153.92	 0.158714	 0.00298836	 2.7259	 -0.151663	 0.585922	 0.10173
153.94	 0.157445	 0.00296417	 2.7365	 -0.151612	 0.581046	 0.101691
153.96	 0.156151	 0.0029395	 2.74703	 -0.15156	 0.576139	 0.101651
153.98	 0.154833	 0.00291436	 2.7575	 -0.151508	 0.571203	 0.101608
154	 0.15349	 0.00288881	 2.76789	 -0.151454	 0.566237	 0.101563
154.02	 0.152123	 0.00286286	 2.77822	 -0.1514	 0.561242	 0.101517
154.04	 0.150733	 0.00283655	 2.78847	 -0.151345	 0.556216	 0.101468
154.06	 0.14932	 0.00280993	 2.79865	 -0.151289	 0.551161	 0.101418
154.08	 0.147884	 0.00278302	 2.80875	 -0.151232	 0.546075	 0.101365
154.1	 0.146426	 0.00275586	 2.81879	 -0.151175	 0.540959	 0.101311
154.12	 0.144947	 0.00272849	 2.82874	 -0.151116	 0.535812	 0.101254
154.14	 0.143446	 0.00270095	 2.83862	 -0.151056	 0.530634	 0.101195
154.16	 0.141924	 0.00267328	 2.84842	 -0.150995	 0.525425	 0.101134
154.18	 0.140382	 0.00264551	 2.85815	 -0.150933	 0.520184	 0.101071
154.2	 0.13882	 0.00261769	 2.86779	 -0.15087	 0.514912	 0.101005
154.22	 0.137238	 0.00258986	 2.87736	 -0.150806	 0.509606	 0.100938
154.24	 0.135637	 0.00256205	 2.88684	 -0.150741	 0.504268	 0.100868
154.26	 0.134017	 0.00253431	 2.89624	 -0.150674	 0.498897	 0.100797
154.28	 0.132379	 0.00250668	 2.90556	 -0.150607	 0.493492	 0.100723
154.3	 0.130724	 0.0024792	 2.9148	 -0.150539	 0.488053	 0.100647
154.32	 0.129051	 0.00245191	 2.92395	 -0.15047	 0.48258	 0.10057
154.34	 0.12736	 0.00242485	 2.93301	 -0.150399	 0.477071	 0.10049
154.36	 0.125654	 0.00239806	 2.94199	 -0.150328	 0.471527	 0.100409
154.38	 0.123931	 0.00237158	 2.95088	 -0.150256	 0.465947	 0.100326
154.4	 0.122192	 0.00234546	 2.95969	 -0.150182	 0.46033	 0.100241
154.42	 0.120438	 0.00231972	 2.9684	 -0.150108	 0.454676	 0.100154
154.44	 0.11867	 0.00229441	 2.97703	 -0.150033	 0.448984	 0.100066
154.46	 0.116886	 0.00226956	 2.98556	 -0.149957	 0.443253	 0.0999762
154.48	 0.115089	 0.00224522	 2.994	 -0.14988	 0.437483	 0.0998851
154.5	 0.113278	 0.00222141	 3.00236	 -0.149803	 0.431674	 0.0997926
154.52	 0.111454	 0.00219818	 3.01062	 -0.149725	 0.425825	 0.0996988
154.54	 0.109617	 0.00217556	 3.01878	 -0.149646	 0.419934	 0.099604
154.56	 0.107767	 0.00215357	 3.02685	 -0.149566	 0.414002	 0.099508
154.58	 0.105905	 0.00213226	 3.03483	 -0.149485	 0.408028	 0.0994111
154.6	 0.104031	 0.00211165	 3.04271	 -0.149404	 0.40201	 0.0993133
154.62	 0.102146	 0.00209177	 3.0505	 -0.149323	 0.395949	 0.0992147
154.64	 0.10025	 0.00207264	 3.05819	 -0.149241	 0.389844	 0.0991155
154.66	 0.0983432	 0.0020543	 3.06578	 -0.149158	 0.383694	 0.0990158
154.68	 0.096426	 0.00203677	 3.07327	 -0.149075	 0.377499	 0.0989156
154.7	 0.0944987	 0.00202006	 3.08066	 -0.148991	 0.371257	 0.0988151
154.72	 0.0925617	 0.00200421	 3.08796	 -0.148907	 0.364968	 0.0987145
154.74	 0.0906153	 0.00198923	 3.09515	 -0.148822	 0.358632	 0.0986138
154.76	 0.0886598	 0.00197514	 3.10225	 -0.148737	 0.352247	 0.0985131
154.78	 0.0866955	 0.00196195	 3.10924	 -0.148651	 0.345814	 0.0984126
154.8	 0.0847227	 0.00194967	 3.11613	 -0.148565	 0.339331	 0.0983124
154.82	 0.0827418	 0.00193833	 3.12291	 -0.148478	 0.332798	 0.0982125
154.84	 0.0807529	 0.00192793	 3.1296	 -0.148391	 0.326214	 0.0981132
154.86	 0.0787563	 0.00191849	 3.13618	 -0.148304	 0.319579	 0.0980145
154.88	 0.0767524	 0.00191	 3.14265	 -0.148216	 0.312891	 0.0979165
154.9	 0.0747413	 0.00190247	 3.14902	 -0.148127	 0.306151	 0.0978194
154.92	 0.0727234	 0.00189591	 3.15528	 -0.148038	 0.299359	 0.0977232
154.94	 0.0706989	 0.00189032	 3.16144	 -0.147949	 0.292512	 0.0976282
154.96	 0.0686679	 0.00188569	 3.16749	 -0.147858	 0.285612	 0.0975343
154.98	 0.0666308	 0.00188203	 3.17344	 -0.147768	 0.278657	 0.0974416
155	 0.0645878	 0.00187932	 3.17927	 -0.147676	 0.271648	 0.0973504
155.02	 0.062539	 0.00187758	 3.185	 -0.147584	 0.264583	 0.0972606
155.04	 0.0604848	 0.00187678	 3.19062	 -0.147492	 0.257463	 0.0971725
155.06	 0.0584252	 0.00187691	 3.19613	 -0.147398	 0.250287	 0.097086
155.08	 0.0563605	 0.00187798	 3.20153	 -0.147304	 0.243055	 0.0970013
155.1	 0.0542909	 0.00187997	 3.20682	 -0.147209	 0.235767	 0.0969185
155.12	 0.0522166	 0.00188285	 3.212	 -0.147114	 0.228422	 0.0968377
155.14	 0.0501377	 0.00188663	 3.21707	 -0.147018	 0.221021	 0.0967589
155.16	 0.0480544	 0.00189127	 3.22202	 -0.146921	 0.213563	 0.0966823
155.18	 0.0459669	 0.00189677	 3.22686	 -0.146823	 0.206049	 0.0966078
155.2	 0.0438753	 0.0019031	 3.2316	 -0.146725	 0.198479	 0.0965357
155.22	 0.0417799	 0.00191024	 3.23621	 -0.146625	 0.190852	 0.0964659
155.24	 0.0396806	 0.00191817	 3.24072	 -0.146525	 0.183168	 0.0963985
155.26	 0.0375778	 0.00192687	 3.24511	 -0.146425	 0.175429	 0.0963336
155.28	 0.0354715	 0.0019363	 3.24938	 -0.146323	 0.167634	 0.0962712
155.3	 0.0333618	 0.00194645	 3.25355	 -0.146221	 0.159783	 0.0962113
155.32	 0.031249	 0.00195728	 3.25759	 -0.146117	 0.151877	 0.0961541
155.34	 0.029133	 0.00196876	 3.26152	 -0.146013	 0.143917	 0.0960994
155.36	 0.0270141	 0.00198087	 3.26534	 -0.145908	 0.135902	 0.0960475
155.38	 0.0248924	 0.00199357	 3.26904	 -0.145801	 0.127833	 0.0959982
155.4	 0.022768	 0.00200683	 3.27262	 -0.145694	 0.119711	 0.0959516
155.42	 0.0206409	 0.00202061	 3.27609	 -0.145586	 0.111537	 0.0959078
155.44	 0.0185113	 0.00203489	 3.27943	 -0.145477	 0.103311	 0.0958666
155.46	 0.0163794	 0.00204963	 3.28266	 -0.145366	 0.0950335	 0.0958283
155.48	 0.0142451	 0.0020648	 3.28578	 -0.145255	 0.0867058	 0.0957926
155.5	 0.0121087	 0.00208035	 3.28877	 -0.145142	 0.0783287	 0.0957598
155.52	 0.0099702	 0.00209626	 3.29165	 -0.145028	 0.0699032	 0.0957296
155.54	 0.00782971	 0.00211248	 3.2944	 -0.144913	 0.0614301	 0.0957022
155.56	 0.00568733	 0.00212899	 3.29704	 -0.144797	 0.0529107	 0.0956773
155.58	 0.00354317	 0.00214574	 3.29956	 -0.144679	 0.0443461	 0.0956552
155.6	 0.00139733	 0.0021627	 3.30196	 -0.14456	 0.0357375	 0.0956355
155.62	 -0.000750108	 0.00217983	 3.30424	 -0.14444	 0.0270862	 0.0956184
155.64	 -0.00289904	 0.00219709	 3.3064	 -0.144319	 0.0183937	 0.0956036
155.66	 -0.00504936	 0.00221445	 3.30843	 -0.144196	 0.00966142	 0.0955913
155.68	 -0.00720098	 0.00223187	 3.31035	 -0.144071	 0.000890798	 0.0955812
155.7	 -0.0093538	 0.00224931	 3.31215	 -0.143945	 -0.00791658	 0.0955734
155.72	 -0.0115077	 0.00226674	 3.31382	 -0.143817	 -0.0167591	 0.0955677
155.74	 -0.0136626	 0.00228412	 3.31538	 -0.143688	 -0.0256351	 0.0955641
155.76	 -0.0158185	 0.00230142	 3.31681	 -0.143558	 -0.0345428	 0.0955624
155.78	 -0.0179751	 0.0023186	 3.31812	 -0.143425	 -0.0434804	 0.0955625
155.8	 -0.0201324	 0.00233563	 3.31931	 -0.143291	 -0.0524462	 0.0955644
155.82	 -0.0222903	 0.00235247	 3.32037	 -0.143156	 -0.0614382	 0.095568
155.84	 -0.0244487	 0.0023691	 3.32132	 -0.143019	 -0.0704544	 0.095573
155.86	 -0.0266075	 0.00238548	 3.32214	 -0.142881	 -0.0794929	 0.0955795
155.88	 -0.0287666	 0.00240158	 3.32284	 -0.142741	 -0.0885516	 0.0955872
155.9	 -0.0309258	 0.00241738	 3.32341	 -0.1426	 -0.0976284	 0.0955961
155.92	 -0.0330851	 0.00243285	 3.32387	 -0.142457	 -0.106721	 0.0956061
155.94	 -0.0352444	 0.00244795	 3.3242	 -0.142313	 -0.115828	 0.095617
155.96	 -0.0374036	 0.00246267	 3.3244	 -0.142168	 -0.124947	 0.0956287
155.98	 -0.0395625	 0.00247697	 3.32449	 -0.142022	 -0.134076	 0.0956412
156	 -0.0417211	 0.00249084	 3.32445	 -0.141875	 -0.143212	 0.0956542
156.02	 -0.0438792	 0.00250426	 3.32429	 -0.141727	 -0.152354	 0.0956678
156.04	 -0.0460367	 0.0025172	 3.324	 -0.141578	 -0.161499	 0.0956817
156.06	 -0.0481935	 0.00252964	 3.32359	 -0.141429	 -0.170645	 0.0956958
156.08	 -0.0503495	 0.00254158	 3.32306	 -0.141279	 -0.179789	 0.0957101
156.1	 -0.0525046	 0.002553	 3.32241	 -0.141129	 -0.188931	 0.0957245
156.12	 -0.0546587	 0.00256388	 3.32163	 -0.140978	 -0.198066	 0.0957388
156.14	 -0.0568116	 0.00257421	 3.32073	 -0.140828	 -0.207194	 0.0957529
156.16	 -0.0589633	 0.00258398	 3.31971	 -0.140678	 -0.216311	 0.0957668
156.18	 -0.0611136	 0.00259318	 3.31856	 -0.140527	 -0.225416	 0.0957802
156.2	 -0.0632624	 0.0026018	 3.3173	 -0.140378	 -0.234507	 0.0957932
156.22	 -0.0654096	 0.00260985	 3.3159	 -0.140229	 -0.243581	 0.0958057
156.24	 -0.067555	 0.00261731	 3.31439	 -0.14008	 -0.252636	 0.0958175
156.26	 -0.0696987	 0.00262418	 3.31276	 -0.139933	 -0.26167	 0.0958285
156.28	 -0.0718404	 0.00263046	 3.311	 -0.139787	 -0.27068	 0.0958387
156.3	 -0.0739799	 0.00263616	 3.30912	 -0.139642	 -0.279666	 0.0958479
156.32	 -0.0761173	 0.00264126	 3.30712	 -0.139499	 -0.288624	 0.0958562
156.34	 -0.0782524	 0.00264577	 3.305	 -0.139358	 -0.297553	 0.0958633
156.36	 -0.0803851	 0.0026497	 3.30275	 -0.139218	 -0.30645	 0.0958693
156.38	 -0.0825152	 0.00265304	 3.30039	 -0.13908	 -0.315314	 0.0958741
156.4	 -0.0846426	 0.00265581	 3.2979	 -0.138945	 -0.324143	 0.0958777
156.42	 -0.0867672	 0.002658	 3.29529	 -0.138812	 -0.332935	 0.0958799
156.44	 -0.088889	 0.00265962	 3.29257	 -0.138681	 -0.341689	 0.0958808
156.46	 -0.0910077	 0.00266069	 3.28972	 -0.138554	 -0.350401	 0.0958803
156.48	 -0.0931232	 0.00266122	 3.28676	 -0.138429	 -0.359072	 0.0958783
156.5	 -0.0952355	 0.00266121	 3.28367	 -0.138307	 -0.367698	 0.0958749
156.52	 -0.0973444	 0.00266068	 3.28046	 -0.138189	 -0.376278	 0.09587
156.54	 -0.0994498	 0.00265963	 3.27714	 -0.138074	 -0.384811	 0.0958636
156.56	 -0.101552	 0.00265809	 3.2737	 -0.137963	 -0.393295	 0.0958557
156.58	 -0.103649	 0.00265606	 3.27014	 -0.137856	 -0.401728	 0.0958463
156.6	 -0.105744	 0.00265357	 3.26646	 -0.137753	 -0.410109	 0.0958353
156.62	 -0.107834	 0.00265062	 3.26267	 -0.137654	 -0.418436	 0.0958227
156.64	 -0.10992	 0.00264723	 3.25875	 -0.137559	 -0.426709	 0.0958086
156.66	 -0.112001	 0.00264342	 3.25473	 -0.137469	 -0.434926	 0.0957929
156.68	 -0.114078	 0.0026392	 3.25058	 -0.137383	 -0.443085	 0.0957757
156.7	 -0.116151	 0.00263459	 3.24632	 -0.137302	 -0.451186	 0.095757
156.72	 -0.118219	 0.00262961	 3.24195	 -0.137226	 -0.459228	 0.0957368
156.74	 -0.120283	 0.00262427	 3.23745	 -0.137154	 -0.46721	 0.0957151
156.76	 -0.122341	 0.00261858	 3.23285	 -0.137088	 -0.475131	 0.095692
156.78	 -0.124394	 0.00261256	 3.22813	 -0.137027	 -0.48299	 0.0956676
156.8	 -0.126443	 0.00260624	 3.2233	 -0.136971	 -0.490788	 0.0956418
156.82	 -0.128486	 0.00259962	 3.21835	 -0.13692	 -0.498522	 0.0956148
156.84	 -0.130523	 0.00259273	 3.2133	 -0.136875	 -0.506193	 0.0955865
156.86	 -0.132555	 0.00258559	 3.20813	 -0.136835	 -0.5138	 0.0955572
156.88	 -0.134581	 0.00257822	 3.20285	 -0.136801	 -0.521343	 0.0955267
156.9	 -0.136602	 0.00257063	 3.19746	 -0.136772	 -0.528822	 0.0954953
156.92	 -0.138616	 0.00256284	 3.19196	 -0.13675	 -0.536235	 0.0954629
156.94	 -0.140624	 0.00255487	 3.18635	 -0.136733	 -0.543584	 0.0954297
156.96	 -0.142626	 0.00254673	 3.18063	 -0.136721	 -0.550867	 0.0953957
156.98	 -0.144622	 0.00253843	 3.1748	 -0.136716	 -0.558084	 0.0953611
157	 -0.14661	 0.00253	 3.16886	 -0.136716	 -0.565236	 0.0953259
157.02	 -0.148593	 0.00252145	 3.16282	 -0.136722	 -0.572323	 0.0952902
157.04	 -0.150568	 0.00251279	 3.15667	 -0.136734	 -0.579345	 0.0952541
157.06	 -0.152536	 0.00250405	 3.15041	 -0.136752	 -0.5863	 0.0952177
157.08	 -0.154497	 0.00249522	 3.14405	 -0.136776	 -0.593191	 0.095181
157.1	 -0.15645	 0.00248635	 3.13759	 -0.136806	 -0.600017	 0.0951443
157.12	 -0.158396	 0.00247742	 3.13102	 -0.136842	 -0.606779	 0.0951075
157.14	 -0.160334	 0.00246847	 3.12434	 -0.136883	 -0.613476	 0.0950708
157.16	 -0.162264	 0.0024595	 3.11757	 -0.13693	 -0.620109	 0.0950343
157.18	 -0.164186	 0.00245053	 3.11069	 -0.136984	 -0.626679	 0.0949981
157.2	 -0.166099	 0.00244157	 3.10371	 -0.137043	 -0.633186	 0.0949623
157.22	 -0.168004	 0.00243263	 3.09663	 -0.137108	 -0.639631	 0.094927
157.24	 -0.1699	 0.00242373	 3.08945	 -0.137178	 -0.646013	 0.0948923
157.26	 -0.171787	 0.00241488	 3.08217	 -0.137254	 -0.652335	 0.0948583
157.28	 -0.173665	 0.0024061	 3.07479	 -0.137336	 -0.658595	 0.0948251
157.3	 -0.175534	 0.00239738	 3.06731	 -0.137424	 -0.664796	 0.0947928
157.32	 -0.177392	 0.00238875	 3.05974	 -0.137516	 -0.670937	 0.0947615
157.34	 -0.179241	 0.00238021	 3.05207	 -0.137615	 -0.677019	 0.0947313
157.36	 -0.18108	 0.00237178	 3.04431	 -0.137718	 -0.683042	 0.0947022
157.38	 -0.182908	 0.00236346	 3.03645	 -0.137826	 -0.689008	 0.0946745
157.4	 -0.184725	 0.00235526	 3.02849	 -0.13794	 -0.694918	 0.0946481
157.42	 -0.186532	 0.00234718	 3.02045	 -0.138058	 -0.700771	 0.0946231
157.44	 -0.188327	 0.00233924	 3.01231	 -0.138181	 -0.706569	 0.0945997
157.46	 -0.19011	 0.00233144	 3.00408	 -0.138309	 -0.712312	 0.0945779
157.48	 -0.191882	 0.00232379	 2.99575	 -0.138442	 -0.718001	 0.0945578
157.5	 -0.193642	 0.00231627	 2.98734	 -0.138578	 -0.723637	 0.0945395
157.52	 -0.19539	 0.00230891	 2.97884	 -0.138719	 -0.72922	 0.094523
157.54	 -0.197124	 0.0023017	 2.97025	 -0.138864	 -0.734752	 0.0945084
157.56	 -0.198846	 0.00229464	 2.96157	 -0.139013	 -0.740233	 0.0944958
157.58	 -0.200555	 0.00228774	 2.9528	 -0.139166	 -0.745663	 0.0944852
157.6	 -0.202249	 0.00228099	 2.94395	 -0.139323	 -0.751044	 0.0944767
157.62	 -0.20393	 0.00227439	 2.93502	 -0.139482	 -0.756377	 0.0944704
157.64	 -0.205597	 0.00226795	 2.92599	 -0.139645	 -0.761661	 0.0944663
157.66	 -0.207249	 0.00226166	 2.91689	 -0.139811	 -0.766897	 0.0944645
157.68	 -0.208886	 0.00225553	 2.9077	 -0.13998	 -0.772087	 0.0944649
157.7	 -0.210507	 0.00224955	 2.89843	 -0.140151	 -0.777231	 0.0944678
157.72	 -0.212114	 0.00224372	 2.88908	 -0.140324	 -0.782329	 0.0944731
157.74	 -0.213704	 0.00223804	 2.87965	 -0.1405	 -0.787382	 0.0944807
157.76	 -0.215277	 0.00223251	 2.87014	 -0.140677	 -0.79239	 0.0944909
157.78	 -0.216834	 0.00222711	 2.86056	 -0.140856	 -0.797355	 0.0945035
157.8	 -0.218374	 0.00222186	 2.85089	 -0.141037	 -0.802277	 0.0945187
157.82	 -0.219896	 0.00221673	 2.84115	 -0.141218	 -0.807156	 0.0945364
157.84	 -0.221401	 0.00221173	 2.83133	 -0.1414	 -0.811993	 0.0945566
157.86	 -0.222887	 0.00220686	 2.82144	 -0.141584	 -0.816789	 0.0945794
157.88	 -0.224355	 0.0022021	 2.81147	 -0.141767	 -0.821544	 0.0946047
157.9	 -0.225804	 0.00219747	 2.80143	 -0.141951	 -0.826258	 0.0946326
157.92	 -0.227233	 0.00219294	 2.79132	 -0.142134	 -0.830932	 0.094663
157.94	 -0.228643	 0.00218853	 2.78114	 -0.142318	 -0.835567	 0.0946958
157.96	 -0.230033	 0.00218423	 2.77089	 -0.142501	 -0.840162	 0.0947311
157.98	 -0.231402	 0.00218003	 2.76057	 -0.142684	 -0.844718	 0.0947689
158	 -0.232751	 0.00217593	 2.75018	 -0.142865	 -0.849236	 0.0948091
158.02	 -0.234078	 0.00217193	 2.73972	 -0.143046	 -0.853715	 0.0948516
158.04	 -0.235384	 0.00216802	 2.7292	 -0.143226	 -0.858156	 0.0948966
158.06	 -0.236667	 0.0021642	 2.71861	 -0.143404	 -0.862558	 0.0949438
158.08	 -0.237929	 0.00216046	 2.70796	 -0.14358	 -0.866924	 0.0949933
158.1	 -0.239168	 0.0021568	 2.69724	 -0.143754	 -0.871251	 0.0950451
158.12	 -0.240383	 0.00215322	 2.68647	 -0.143926	 -0.875541	 0.095099
158.14	 -0.241576	 0.00214972	 2.67563	 -0.144096	 -0.879793	 0.0951551
158.16	 -0.242744	 0.0021463	 2.66473	 -0.144264	 -0.884008	 0.0952131
158.18	 -0.243889	 0.00214296	 2.65377	 -0.144429	 -0.888186	 0.0952732
158.2	 -0.245009	 0.0021397	 2.64275	 -0.144591	 -0.892326	 0.0953351
158.22	 -0.246104	 0.00213653	 2.63168	 -0.144751	 -0.896429	 0.0953988
158.24	 -0.247174	 0.00213345	 2.62055	 -0.144907	 -0.900494	 0.0954643
158.26	 -0.248218	 0.00213045	 2.60937	 -0.145061	 -0.904522	 0.0955313
158.28	 -0.249237	 0.00212755	 2.59813	 -0.145211	 -0.908512	 0.0955999
158.3	 -0.25023	 0.00212473	 2.58684	 -0.145358	 -0.912464	 0.09567
158.32	 -0.251196	 0.00212202	 2.57549	 -0.145502	 -0.916377	 0.0957413
158.34	 -0.252135	 0.0021194	 2.5641	 -0.145642	 -0.920253	 0.0958139
158.36	 -0.253048	 0.00211689	 2.55266	 -0.145779	 -0.924089	 0.0958877
158.38	 -0.253933	 0.00211449	 2.54116	 -0.145912	 -0.927887	 0.0959624
158.4	 -0.254791	 0.0021122	 2.52962	 -0.146042	 -0.931645	 0.0960381
158.42	 -0.25562	 0.00211004	 2.51804	 -0.146168	 -0.935363	 0.0961147
158.44	 -0.256422	 0.00210799	 2.50641	 -0.14629	 -0.939042	 0.096192
158.46	 -0.257195	 0.00210608	 2.49473	 -0.146408	 -0.94268	 0.0962699
158.48	 -0.25794	 0.00210431	 2.48301	 -0.146523	 -0.946277	 0.0963484
158.5	 -0.258656	 0.00210267	 2.47125	 -0.146633	 -0.949833	 0.0964274
158.52	 -0.259342	 0.00210119	 2.45945	 -0.14674	 -0.953347	 0.0965067
158.54	 -0.26	 0.00209986	 2.44761	 -0.146843	 -0.956818	 0.0965863
158.56	 -0.260628	 0.0020987	 2.43574	 -0.146941	 -0.960247	 0.0966659
158.58	 -0.261226	 0.00209771	 2.42382	 -0.147036	 -0.963632	 0.0967456
158.6	 -0.261795	 0.00209691	 2.41187	 -0.147127	 -0.966973	 0.0968252
158.62	 -0.262333	 0.00209629	 2.39988	 -0.147214	 -0.97027	 0.0969046
158.64	 -0.262842	 0.00209587	 2.38786	 -0.147297	 -0.973521	 0.0969837
158.66	 -0.26332	 0.00209566	 2.37581	 -0.147377	 -0.976726	 0.0970624
158.68	 -0.263768	 0.00209567	 2.36373	 -0.147452	 -0.979885	 0.0971407
158.7	 -0.264186	 0.0020959	 2.35162	 -0.147524	 -0.982996	 0.0972183
158.72	 -0.264573	 0.00209637	 2.33948	 -0.147593	 -0.98606	 0.0972953
158.74	 -0.264929	 0.00209709	 2.32731	 -0.147657	 -0.989075	 0.0973715
158.76	 -0.265255	 0.00209806	 2.31511	 -0.147718	 -0.99204	 0.0974468
158.78	 -0.265549	 0.00209929	 2.30289	 -0.147776	 -0.994955	 0.0975212
158.8	 -0.265813	 0.0021008	 2.29065	 -0.14783	 -0.99782	 0.0975946
158.82	 -0.266047	 0.0021026	 2.27838	 -0.147882	 -1.00063	 0.0976669
158.84	 -0.266249	 0.00210469	 2.2661	 -0.147929	 -1.00339	 0.0977381
158.86	 -0.26642	 0.00210708	 2.25379	 -0.147974	 -1.0061	 0.0978079
158.88	 -0.266561	 0.00210979	 2.24147	 -0.148016	 -1.00875	 0.0978765
158.9	 -0.266671	 0.00211282	 2.22912	 -0.148055	 -1.01135	 0.0979436
158.92	 -0.26675	 0.00211619	 2.21677	 -0.148091	 -1.01389	 0.0980093
158.94	 -0.266798	 0.00211989	 2.20439	 -0.148125	 -1.01638	 0.0980735
158.96	 -0.266816	 0.00212394	 2.19201	 -0.148156	 -1.0188	 0.0981361
158.98	 -0.266803	 0.00212835	 2.17961	 -0.148185	 -1.02117	 0.0981971
159	 -0.266759	 0.00213313	 2.1672	 -0.148211	 -1.02348	 0.0982564
159.02	 -0.266685	 0.00213828	 2.15479	 -0.148235	 -1.02573	 0.0983141
159.04	 -0.266581	 0.0021438	 2.14236	 -0.148258	 -1.02792	 0.0983701
159.06	 -0.266447	 0.00214971	 2.12993	 -0.148278	 -1.03004	 0.0984244
159.08	 -0.266282	 0.002156	 2.11749	 -0.148297	 -1.03211	 0.0984768
159.1	 -0.266088	 0.00216269	 2.10505	 -0.148314	 -1.0341	 0.0985276
159.12	 -0.265864	 0.00216978	 2.09261	 -0.148329	 -1.03604	 0.0985764
159.14	 -0.26561	 0.00217726	 2.08017	 -0.148344	 -1.0379	 0.0986235
159.16	 -0.265327	 0.00218516	 2.06772	 -0.148357	 -1.0397	 0.0986687
159.18	 -0.265015	 0.00219346	 2.05528	 -0.148369	 -1.04143	 0.098712
159.2	 -0.264674	 0.00220217	 2.04285	 -0.14838	 -1.04309	 0.0987535
159.22	 -0.264304	 0.00221129	 2.03041	 -0.148391	 -1.04468	 0.0987932
159.24	 -0.263906	 0.00222082	 2.01798	 -0.148401	 -1.0462	 0.098831
159.26	 -0.263479	 0.00223076	 2.00556	 -0.14841	 -1.04765	 0.098867
159.28	 -0.263024	 0.00224111	 1.99315	 -0.148419	 -1.04902	 0.0989011
159.3	 -0.262541	 0.00225187	 1.98075	 -0.148428	 -1.05032	 0.0989334
159.32	 -0.262031	 0.00226304	 1.96836	 -0.148437	 -1.05154	 0.098964
159.34	 -0.261493	 0.00227461	 1.95599	 -0.148446	 -1.05268	 0.0989928
159.36	 -0.260928	 0.00228657	 1.94363	 -0.148455	 -1.05375	 0.09902
159.38	 -0.260336	 0.00229893	 1.93128	 -0.148465	 -1.05473	 0.0990455
159.4	 -0.259718	 0.00231168	 1.91895	 -0.148475	 -1.05564	 0.0990693
159.42	 -0.259074	 0.00232481	 1.90664	 -0.148485	 -1.05646	 0.0990917
159.44	 -0.258403	 0.00233831	 1.89435	 -0.148497	 -1.0572	 0.0991125
159.46	 -0.257707	 0.00235219	 1.88208	 -0.148509	 -1.05785	 0.0991318
159.48	 -0.256985	 0.00236641	 1.86984	 -0.148522	 -1.05842	 0.0991498
159.5	 -0.256239	 0.00238099	 1.85762	 -0.148536	 -1.0589	 0.0991664
159.52	 -0.255467	 0.00239591	 1.84542	 -0.148552	 -1.0593	 0.0991817
159.54	 -0.254671	 0.00241115	 1.83326	 -0.148569	 -1.0596	 0.0991958
159.56	 -0.253851	 0.0024267	 1.82112	 -0.148587	 -1.05981	 0.0992088
159.58	 -0.253007	 0.00244256	 1.80901	 -0.148607	 -1.05993	 0.0992206
159.6	 -0.25214	 0.00245871	 1.79694	 -0.148629	 -1.05996	 0.0992315
159.62	 -0.251249	 0.00247513	 1.78489	 -0.148652	 -1.05989	 0.0992415
159.64	 -0.250335	 0.00249182	 1.77289	 -0.148677	 -1.05972	 0.0992507
159.66	 -0.249398	 0.00250875	 1.76091	 -0.148705	 -1.05945	 0.0992591
159.68	 -0.248439	 0.00252591	 1.74898	 -0.148734	 -1.05909	 0.0992668
159.7	 -0.247458	 0.00254328	 1.73708	 -0.148765	 -1.05863	 0.099274
159.72	 -0.246456	 0.00256085	 1.72523	 -0.148798	 -1.05806	 0.0992807
159.74	 -0.245431	 0.00257859	 1.71341	 -0.148834	 -1.05739	 0.099287
159.76	 -0.244386	 0.0025965	 1.70164	 -0.148872	 -1.05661	 0.0992929
159.78	 -0.24332	 0.00261455	 1.68992	 -0.148912	 -1.05573	 0.0992987
159.8	 -0.242233	 0.00263273	 1.67824	 -0.148955	 -1.05474	 0.0993043
159.82	 -0.241126	 0.00265101	 1.66661	 -0.149	 -1.05364	 0.0993098
159.84	 -0.24	 0.00266937	 1.65502	 -0.149048	 -1.05243	 0.0993155
159.86	 -0.238853	 0.0026878	 1.64349	 -0.149099	 -1.0511	 0.0993213
159.88	 -0.237687	 0.00270627	 1.63201	 -0.149152	 -1.04967	 0.0993273
159.9	 -0.236502	 0.00272477	 1.62058	 -0.149208	 -1.04811	 0.0993336
159.92	 -0.235298	 0.00274328	 1.60921	 -0.149266	 -1.04644	 0.0993404
159.94	 -0.234076	 0.00276176	 1.59789	 -0.149328	 -1.04465	 0.0993477
159.96	 -0.232835	 0.00278021	 1.58663	 -0.149392	 -1.04274	 0.0993556
159.98	 -0.231577	 0.0027986	 1.57543	 -0.149459	 -1.04071	 0.0993642
160	 -0.2303	 0.00281691	 1.56429	 -0.149529	 -1.03856	 0.0993736
160.02	 -0.229006	 0.00283512	 1.55321	 -0.149602	 -1.03628	 0.0993839
160.04	 -0.227695	 0.0028532	 1.54219	 -0.149678	 -1.03387	 0.0993951
160.06	 -0.226366	 0.00287115	 1.53124	 -0.149757	 -1.03134	 0.0994074
160.08	 -0.225021	 0.00288893	 1.52035	 -0.149839	 -1.02867	 0.0994209
160.1	 -0.223659	 0.00290653	 1.50953	 -0.149924	 -1.02588	 0.0994355
160.12	 -0.222281	 0.00292393	 1.49878	 -0.150011	 -1.02295	 0.0994514
160.14	 -0.220887	 0.0029411	 1.48809	 -0.150102	 -1.01989	 0.0994687
160.16	 -0.219476	 0.00295804	 1.47748	 -0.150196	 -1.0167	 0.0994874
160.18	 -0.21805	 0.00297471	 1.46694	 -0.150293	 -1.01337	 0.0995076
160.2	 -0.216609	 0.0029911	 1.45648	 -0.150393	 -1.0099	 0.0995294
160.22	 -0.215152	 0.00300719	 1.44609	 -0.150496	 -1.00629	 0.0995528
160.24	 -0.213679	 0.00302297	 1.43577	 -0.150602	 -1.00254	 0.0995779
160.26	 -0.212192	 0.00303842	 1.42553	 -0.150711	 -0.998645	 0.0996047
160.28	 -0.21069	 0.00305352	 1.41537	 -0.150823	 -0.994608	 0.0996334
160.3	 -0.209173	 0.00306826	 1.40529	 -0.150938	 -0.990426	 0.0996639
160.32	 -0.207642	 0.00308261	 1.3953	 -0.151056	 -0.986098	 0.0996963
160.34	 -0.206096	 0.00309658	 1.38538	 -0.151177	 -0.981622	 0.0997307
160.36	 -0.204536	 0.00311013	 1.37555	 -0.151301	 -0.976997	 0.0997671
160.38	 -0.202962	 0.00312327	 1.3658	 -0.151428	 -0.972222	 0.0998055
160.4	 -0.201374	 0.00313597	 1.35614	 -0.151558	 -0.967295	 0.099846
160.42	 -0.199772	 0.00314823	 1.34657	 -0.151691	 -0.962216	 0.0998887
160.44	 -0.198156	 0.00316003	 1.33708	 -0.151827	 -0.956984	 0.0999335
160.46	 -0.196527	 0.00317137	 1.32769	 -0.151966	 -0.951597	 0.0999804
160.48	 -0.194885	 0.00318223	 1.31838	 -0.152108	 -0.946054	 0.10003
160.5	 -0.193229	 0.0031926	 1.30917	 -0.152253	 -0.940354	 0.100081
160.52	 -0.191559	 0.00320249	 1.30005	 -0.1524	 -0.934497	 0.100135
160.54	 -0.189877	 0.00321188	 1.29103	 -0.152551	 -0.928481	 0.10019
160.56	 -0.188181	 0.00322077	 1.2821	 -0.152704	 -0.922306	 0.100248
160.58	 -0.186473	 0.00322915	 1.27327	 -0.152861	 -0.91597	 0.100309
160.6	 -0.184751	 0.00323701	 1.26453	 -0.15302	 -0.909474	 0.100371
160.62	 -0.183017	 0.00324436	 1.2559	 -0.153182	 -0.902816	 0.100436
160.64	 -0.18127	 0.0032512	 1.24736	 -0.153347	 -0.895996	 0.100503
160.66	 -0.17951	 0.00325752	 1.23893	 -0.153514	 -0.889013	 0.100572
160.68	 -0.177738	 0.00326332	 1.2306	 -0.153684	 -0.881867	 0.100644
160.7	 -0.175954	 0.00326861	 1.22237	 -0.153857	 -0.874557	 0.100717
160.72	 -0.174157	 0.00327338	 1.21424	 -0.154032	 -0.867083	 0.100793
160.74	 -0.172347	 0.00327764	 1.20622	 -0.154211	 -0.859445	 0.100871
160.76	 -0.170526	 0.00328139	 1.19831	 -0.154391	 -0.851642	 0.10095
160.78	 -0.168692	 0.00328465	 1.19051	 -0.154575	 -0.843675	 0.101032
160.8	 -0.166846	 0.0032874	 1.18281	 -0.154761	 -0.835542	 0.101116
160.82	 -0.164988	 0.00328967	 1.17522	 -0.15495	 -0.827245	 0.101202
160.84	 -0.163119	 0.00329146	 1.16774	 -0.155141	 -0.818783	 0.10129
160.86	 -0.161237	 0.00329278	 1.16038	 -0.155335	 -0.810157	 0.101379
160.88	 -0.159344	 0.00329364	 1.15312	 -0.155532	 -0.801367	 0.101471
160.9	 -0.157438	 0.00329404	 1.14598	 -0.155731	 -0.792412	 0.101564
160.92	 -0.155522	 0.00329401	 1.13895	 -0.155933	 -0.783294	 0.101659
160.94	 -0.153593	 0.00329355	 1.13204	 -0.156137	 -0.774013	 0.101756
160.96	 -0.151654	 0.00329268	 1.12524	 -0.156344	 -0.764569	 0.101854
160.98	 -0.149703	 0.00329141	 1.11856	 -0.156554	 -0.754964	 0.101953
161	 -0.14774	 0.00328974	 1.112	 -0.156766	 -0.745198	 0.102055
161.02	 -0.145767	 0.00328771	 1.10555	 -0.15698	 -0.735271	 0.102157
161.04	 -0.143782	 0.00328531	 1.09923	 -0.157197	 -0.725185	 0.102261
161.06	 -0.141786	 0.00328258	 1.09302	 -0.157417	 -0.714941	 0.102367
161.08	 -0.13978	 0.00327951	 1.08693	 -0.157638	 -0.70454	 0.102473
161.1	 -0.137762	 0.00327614	 1.08097	 -0.157862	 -0.693983	 0.102581
161.12	 -0.135735	 0.00327247	 1.07513	 -0.158089	 -0.683271	 0.102689
161.14	 -0.133696	 0.00326852	 1.06941	 -0.158318	 -0.672407	 0.102799
161.16	 -0.131647	 0.00326432	 1.06382	 -0.158548	 -0.66139	 0.102909
161.18	 -0.129588	 0.00325987	 1.05835	 -0.158782	 -0.650223	 0.103021
161.2	 -0.127519	 0.00325521	 1.053	 -0.159017	 -0.638908	 0.103133
161.22	 -0.125439	 0.00325034	 1.04778	 -0.159254	 -0.627446	 0.103245
161.24	 -0.12335	 0.00324529	 1.04269	 -0.159494	 -0.615839	 0.103359
161.26	 -0.121251	 0.00324007	 1.03772	 -0.159735	 -0.604089	 0.103472
161.28	 -0.119143	 0.00323471	 1.03289	 -0.159979	 -0.592198	 0.103586
161.3	 -0.117025	 0.00322921	 1.02818	 -0.160224	 -0.580168	 0.103701
161.32	 -0.114898	 0.00322362	 1.0236	 -0.160472	 -0.568002	 0.103815
161.34	 -0.112761	 0.00321793	 1.01915	 -0.160721	 -0.555702	 0.10393
161.36	 -0.110616	 0.00321218	 1.01483	 -0.160972	 -0.54327	 0.104045
161.38	 -0.108463	 0.00320639	 1.01064	 -0.161225	 -0.530708	 0.104159
161.4	 -0.1063	 0.00320056	 1.00658	 -0.16148	 -0.51802	 0.104274
161.42	 -0.10413	 0.00319473	 1.00266	 -0.161736	 -0.505208	 0.104388
161.44	 -0.101951	 0.00318891	 0.998863	 -0.161994	 -0.492274	 0.104502
161.46	 -0.0997648	 0.00318312	 0.995202	 -0.162253	 -0.479223	 0.104616
161.48	 -0.0975708	 0.00317739	 0.991675	 -0.162515	 -0.466056	 0.104729
161.5	 -0.0953693	 0.00317171	 0.988282	 -0.162777	 -0.452776	 0.104842
161.52	 -0.0931606	 0.00316613	 0.985023	 -0.163041	 -0.439388	 0.104954
161.54	 -0.0909449	 0.00316065	 0.981899	 -0.163306	 -0.425893	 0.105065
161.56	 -0.0887226	 0.00315529	 0.978911	 -0.163573	 -0.412296	 0.105176
161.58	 -0.0864938	 0.00315006	 0.976057	 -0.163841	 -0.398599	 0.105286
161.6	 -0.0842588	 0.00314498	 0.97334	 -0.16411	 -0.384806	 0.105396
161.62	 -0.0820179	 0.00314008	 0.970759	 -0.16438	 -0.370921	 0.105504
161.64	 -0.0797714	 0.00313535	 0.968315	 -0.164651	 -0.356947	 0.105612
161.66	 -0.0775195	 0.00313082	 0.966008	 -0.164923	 -0.342888	 0.105718
161.68	 -0.0752624	 0.0031265	 0.963838	 -0.165195	 -0.328748	 0.105823
161.7	 -0.0730006	 0.0031224	 0.961805	 -0.165468	 -0.31453	 0.105927
161.72	 -0.0707343	 0.00311853	 0.959911	 -0.165742	 -0.300238	 0.10603
161.74	 -0.0684637	 0.00311491	 0.958154	 -0.166016	 -0.285876	 0.106132
161.76	 -0.0661893	 0.00311153	 0.956536	 -0.166291	 -0.271449	 0.106233
161.78	 -0.0639112	 0.00310842	 0.955056	 -0.166566	 -0.256959	 0.106332
161.8	 -0.0616299	 0.00310558	 0.953716	 -0.16684	 -0.242412	 0.106429
161.82	 -0.0593455	 0.00310302	 0.952514	 -0.167115	 -0.227812	 0.106526
161.84	 -0.0570586	 0.00310075	 0.951451	 -0.16739	 -0.213162	 0.10662
161.86	 -0.0547693	 0.00309876	 0.950528	 -0.167664	 -0.198467	 0.106713
161.88	 -0.052478	 0.00309708	 0.949743	 -0.167939	 -0.183732	 0.106805
161.9	 -0.0501851	 0.00309571	 0.949099	 -0.168212	 -0.168961	 0.106895
161.92	 -0.0478909	 0.00309464	 0.948593	 -0.168485	 -0.154158	 0.106984
161.94	 -0.0455957	 0.00309388	 0.948228	 -0.168758	 -0.139328	 0.10707
161.96	 -0.0432999	 0.00309344	 0.948002	 -0.16903	 -0.124475	 0.107155
161.98	 -0.0410039	 0.00309332	 0.947915	 -0.1693	 -0.109605	 0.107239
162	 -0.0387079	 0.00309351	 0.947969	 -0.16957	 -0.0947214	 0.10732
162.02	 -0.0364123	 0.00309402	 0.948162	 -0.169838	 -0.0798294	 0.1074
162.04	 -0.0341176	 0.00309484	 0.948494	 -0.170105	 -0.0649335	 0.107478
162.06	 -0.031824	 0.00309598	 0.948966	 -0.170371	 -0.0500386	 0.107555
162.08	 -0.0295318	 0.00309742	 0.949577	 -0.170635	 -0.0351494	 0.107629
162.1	 -0.0272415	 0.00309917	 0.950328	 -0.170897	 -0.0202707	 0.107702
162.12	 -0.0249534	 0.00310122	 0.951218	 -0.171157	 -0.00540714	 0.107773
162.14	 -0.0226679	 0.00310356	 0.952246	 -0.171415	 0.00943641	 0.107842
162.16	 -0.0203853	 0.00310618	 0.953414	 -0.171671	 0.0242552	 0.10791
162.18	 -0.0181059	 0.00310908	 0.954721	 -0.171924	 0.0390444	 0.107975
162.2	 -0.0158301	 0.00311224	 0.956166	 -0.172175	 0.0537992	 0.108039
162.22	 -0.0135583	 0.00311567	 0.957749	 -0.172422	 0.0685149	 0.108101
162.24	 -0.0112907	 0.00311934	 0.959471	 -0.172667	 0.0831868	 0.108161
162.26	 -0.0090278	 0.00312325	 0.961331	 -0.172908	 0.09781	 0.108219
162.28	 -0.00676984	 0.00312738	 0.963328	 -0.173145	 0.11238	 0.108276
162.3	 -0.00451718	 0.00313172	 0.965462	 -0.173379	 0.126892	 0.10833
162.32	 -0.00227014	 0.00313625	 0.967734	 -0.173608	 0.141341	 0.108383
162.34	 -2.90544e-05	 0.00314096	 0.970142	 -0.173834	 0.155723	 0.108435
162.36	 0.00220577	 0.00314583	 0.972687	 -0.174055	 0.170034	 0.108484
162.38	 0.00443402	 0.00315085	 0.975367	 -0.174271	 0.184268	 0.108532
162.4	 0.00665539	 0.003156	 0.978184	 -0.174482	 0.198422	 0.108578
162.42	 0.00886957	 0.00316127	 0.981135	 -0.174689	 0.212491	 0.108623
162.44	 0.0110763	 0.00316664	 0.984222	 -0.17489	 0.226471	 0.108666
162.46	 0.0132752	 0.00317209	 0.987443	 -0.175085	 0.240357	 0.108707
162.48	 0.0154661	 0.00317761	 0.990797	 -0.175276	 0.254146	 0.108747
162.5	 0.0176487	 0.00318319	 0.994286	 -0.17546	 0.267833	 0.108785
162.52	 0.0198227	 0.00318881	 0.997907	 -0.175638	 0.281415	 0.108822
162.54	 0.0219878	 0.00319445	 1.00166	 -0.175811	 0.294887	 0.108857
162.56	 0.0241439	 0.0032001	 1.00555	 -0.175977	 0.308245	 0.108891
162.58	 0.0262906	 0.00320575	 1.00957	 -0.176137	 0.321486	 0.108923
162.6	 0.0284277	 0.00321137	 1.01371	 -0.176291	 0.334606	 0.108954
162.62	 0.030555	 0.00321696	 1.01799	 -0.176438	 0.347601	 0.108983
162.64	 0.0326722	 0.0032225	 1.0224	 -0.176578	 0.360468	 0.109012
162.66	 0.0347792	 0.00322797	 1.02694	 -0.176712	 0.373203	 0.109039
162.68	 0.0368758	 0.00323337	 1.03161	 -0.176839	 0.385802	 0.109064
162.7	 0.0389617	 0.00323867	 1.0364	 -0.176959	 0.398262	 0.109089
162.72	 0.0410367	 0.00324387	 1.04132	 -0.177072	 0.41058	 0.109112
162.74	 0.0431008	 0.00324895	 1.04637	 -0.177178	 0.422753	 0.109134
162.76	 0.0451536	 0.0032539	 1.05154	 -0.177277	 0.434778	 0.109155
162.78	 0.0471951	 0.0032587	 1.05684	 -0.177369	 0.446651	 0.109175
162.8	 0.049225	 0.00326334	 1.06227	 -0.177453	 0.45837	 0.109194
162.82	 0.0512433	 0.00326781	 1.06781	 -0.17753	 0.469932	 0.109212
162.84	 0.0532499	 0.00327209	 1.07348	 -0.177599	 0.481335	 0.109228
162.86	 0.0552445	 0.00327618	 1.07928	 -0.177661	 0.492576	 0.109244
162.88	 0.0572271	 0.00328005	 1.08519	 -0.177715	 0.503652	 0.109259
162.9	 0.0591975	 0.0032837	 1.09123	 -0.177761	 0.514562	 0.109273
162.92	 0.0611557	 0.00328713	 1.09738	 -0.177798	 0.525304	 0.109285
162.94	 0.0631016	 0.0032903	 1.10365	 -0.177828	 0.535875	 0.109297
162.96	 0.0650351	 0.00329323	 1.11005	 -0.17785	 0.546273	 0.109308
162.98	 0.0669561	 0.00329589	 1.11656	 -0.177863	 0.556497	 0.109318
163	 0.0688645	 0.00329827	 1.12318	 -0.177868	 0.566544	 0.109328
163.02	 0.0707603	 0.00330038	 1.12993	 -0.177865	 0.576414	 0.109336
163.04	 0.0726434	 0.0033022	 1.13678	 -0.177853	 0.586105	 0.109343
163.06	 0.0745138	 0.00330373	 1.14375	 -0.177833	 0.595616	 0.10935
163.08	 0.0763714	 0.00330496	 1.15084	 -0.177805	 0.604945	 0.109356
163.1	 0.0782162	 0.0033059	 1.15803	 -0.177767	 0.614091	 0.109361
163.12	 0.0800482	 0.00330652	 1.16534	 -0.177722	 0.623054	 0.109365
163.14	 0.0818673	 0.00330683	 1.17276	 -0.177667	 0.631832	 0.109369
163.16	 0.0836735	 0.00330683	 1.18029	 -0.177604	 0.640425	 0.109372
163.18	 0.0854668	 0.00330651	 1.18792	 -0.177533	 0.648832	 0.109374
163.2	 0.0872472	 0.00330588	 1.19566	 -0.177453	 0.657053	 0.109375
163.22	 0.0890147	 0.00330493	 1.20351	 -0.177364	 0.665087	 0.109375
163.24	 0.0907692	 0.00330366	 1.21147	 -0.177267	 0.672933	 0.109375
163.26	 0.0925108	 0.0033021	 1.21953	 -0.177162	 0.680592	 0.109374
163.28	 0.0942395	 0.00330023	 1.22769	 -0.177049	 0.688063	 0.109372
163.3	 0.0959552	 0.00329807	 1.23595	 -0.176927	 0.695347	 0.109369
163.32	 0.097658	 0.00329562	 1.24432	 -0.176798	 0.702444	 0.109365
163.34	 0.0993479	 0.0032929	 1.25279	 -0.17666	 0.709353	 0.109361
163.36	 0.101025	 0.0032899	 1.26135	 -0.176515	 0.716076	 0.109356
163.38	 0.102689	 0.00328664	 1.27002	 -0.176363	 0.722613	 0.109349
163.4	 0.10434	 0.00328314	 1.27878	 -0.176203	 0.728963	 0.109342
163.42	 0.105978	 0.00327938	 1.28763	 -0.176035	 0.735129	 0.109334
163.44	 0.107604	 0.0032754	 1.29658	 -0.175861	 0.74111	 0.109325
163.46	 0.109216	 0.0032712	 1.30563	 -0.175679	 0.746907	 0.109314
163.48	 0.110816	 0.00326678	 1.31477	 -0.175491	 0.752522	 0.109303
163.5	 0.112403	 0.00326217	 1.324	 -0.175296	 0.757955	 0.109291
163.52	 0.113976	 0.00325737	 1.33332	 -0.175094	 0.763207	 0.109277
163.54	 0.115537	 0.0032524	 1.34273	 -0.174886	 0.768279	 0.109262
163.56	 0.117085	 0.00324728	 1.35222	 -0.174672	 0.773173	 0.109247
163.58	 0.118621	 0.00324201	 1.36181	 -0.174452	 0.777889	 0.109229
163.6	 0.120143	 0.00323662	 1.37148	 -0.174226	 0.782429	 0.109211
163.62	 0.121652	 0.00323111	 1.38123	 -0.173995	 0.786795	 0.109192
163.64	 0.123148	 0.0032255	 1.39107	 -0.173758	 0.790987	 0.109171
163.66	 0.124631	 0.00321981	 1.40099	 -0.173515	 0.795008	 0.109148
163.68	 0.126102	 0.00321405	 1.41099	 -0.173268	 0.798859	 0.109125
163.7	 0.127559	 0.00320825	 1.42107	 -0.173016	 0.802541	 0.1091
163.72	 0.129002	 0.00320241	 1.43123	 -0.17276	 0.806057	 0.109073
163.74	 0.130433	 0.00319656	 1.44147	 -0.172499	 0.809407	 0.109045
163.76	 0.13185	 0.00319071	 1.45178	 -0.172234	 0.812594	 0.109016
163.78	 0.133254	 0.00318489	 1.46217	 -0.171965	 0.815619	 0.108985
163.8	 0.134644	 0.0031791	 1.47263	 -0.171693	 0.818485	 0.108953
163.82	 0.136021	 0.00317337	 1.48316	 -0.171417	 0.821193	 0.108918
163.84	 0.137384	 0.00316771	 1.49377	 -0.171138	 0.823745	 0.108883
163.86	 0.138734	 0.00316213	 1.50445	 -0.170856	 0.826143	 0.108846
163.88	 0.140069	 0.00315666	 1.51519	 -0.170571	 0.828389	 0.108807
163.9	 0.141391	 0.00315132	 1.526	 -0.170284	 0.830485	 0.108766
163.92	 0.142698	 0.00314611	 1.53688	 -0.169995	 0.832433	 0.108724
163.94	 0.143991	 0.00314105	 1.54782	 -0.169704	 0.834235	 0.108679
163.96	 0.14527	 0.00313616	 1.55883	 -0.169411	 0.835894	 0.108633
163.98	 0.146534	 0.00313146	 1.5699	 -0.169116	 0.837411	 0.108586
164	 0.147783	 0.00312695	 1.58103	 -0.168821	 0.838788	 0.108536
164.02	 0.149017	 0.00312265	 1.59222	 -0.168524	 0.840028	 0.108485
164.04	 0.150236	 0.00311857	 1.60346	 -0.168227	 0.841133	 0.108432
164.06	 0.15144	 0.00311473	 1.61477	 -0.167929	 0.842104	 0.108377
164.08	 0.152628	 0.00311113	 1.62613	 -0.167631	 0.842945	 0.10832
164.1	 0.153801	 0.00310779	 1.63755	 -0.167333	 0.843657	 0.108261
164.12	 0.154957	 0.00310472	 1.64901	 -0.167035	 0.844242	 0.108201
164.14	 0.156097	 0.00310191	 1.66053	 -0.166737	 0.844702	 0.108138
164.16	 0.157221	 0.0030994	 1.6721	 -0.16644	 0.84504	 0.108074
164.18	 0.158328	 0.00309717	 1.68372	 -0.166144	 0.845258	 0.108008
164.2	 0.159418	 0.00309524	 1.69539	 -0.165849	 0.845357	 0.10794
164.22	 0.16049	 0.00309361	 1.70711	 -0.165554	 0.84534	 0.10787
164.24	 0.161546	 0.0030923	 1.71886	 -0.165262	 0.84521	 0.107798
164.26	 0.162583	 0.0030913	 1.73067	 -0.164971	 0.844967	 0.107725
164.28	 0.163602	 0.00309062	 1.74251	 -0.164682	 0.844615	 0.107649
164.3	 0.164603	 0.00309026	 1.7544	 -0.164394	 0.844154	 0.107572
164.32	 0.165585	 0.00309021	 1.76632	 -0.164109	 0.843588	 0.107493
164.34	 0.166548	 0.00309049	 1.77829	 -0.163827	 0.842918	 0.107413
164.36	 0.167492	 0.00309109	 1.79029	 -0.163546	 0.842146	 0.107331
164.38	 0.168416	 0.00309201	 1.80232	 -0.163269	 0.841274	 0.107247
164.4	 0.16932	 0.00309325	 1.81439	 -0.162994	 0.840304	 0.107161
164.42	 0.170204	 0.00309479	 1.8265	 -0.162723	 0.839238	 0.107074
164.44	 0.171067	 0.00309664	 1.83863	 -0.162454	 0.838078	 0.106985
164.46	 0.17191	 0.00309879	 1.85079	 -0.162189	 0.836826	 0.106895
164.48	 0.17273	 0.00310124	 1.86299	 -0.161927	 0.835483	 0.106803
164.5	 0.17353	 0.00310396	 1.8752	 -0.161668	 0.834052	 0.10671
164.52	 0.174307	 0.00310696	 1.88745	 -0.161413	 0.832533	 0.106615
164.54	 0.175061	 0.00311023	 1.89972	 -0.161162	 0.83093	 0.106519
164.56	 0.175793	 0.00311375	 1.91201	 -0.160914	 0.829243	 0.106422
164.58	 0.176502	 0.0031175	 1.92433	 -0.16067	 0.827474	 0.106323
164.6	 0.177188	 0.00312148	 1.93666	 -0.160431	 0.825625	 0.106224
164.62	 0.177849	 0.00312567	 1.94901	 -0.160195	 0.823698	 0.106123
164.64	 0.178487	 0.00313006	 1.96138	 -0.159963	 0.821694	 0.106021
164.66	 0.1791	 0.00313463	 1.97377	 -0.159735	 0.819615	 0.105918
164.68	 0.179688	 0.00313936	 1.98617	 -0.159511	 0.817462	 0.105814
164.7	 0.180251	 0.00314423	 1.99858	 -0.159292	 0.815236	 0.10571
164.72	 0.180789	 0.00314923	 2.011	 -0.159076	 0.81294	 0.105605
164.74	 0.1813	 0.00315434	 2.02344	 -0.158865	 0.810575	 0.105499
164.76	 0.181786	 0.00315954	 2.03588	 -0.158658	 0.808142	 0.105392
164.78	 0.182245	 0.00316481	 2.04833	 -0.158455	 0.805642	 0.105285
164.8	 0.182677	 0.00317013	 2.06079	 -0.158257	 0.803078	 0.105177
164.82	 0.183082	 0.00317547	 2.07325	 -0.158062	 0.800449	 0.105069
164.84	 0.183459	 0.00318082	 2.08572	 -0.157872	 0.797758	 0.10496
164.86	 0.183809	 0.00318615	 2.09818	 -0.157686	 0.795006	 0.104852
164.88	 0.18413	 0.00319144	 2.11065	 -0.157504	 0.792193	 0.104743
164.9	 0.184423	 0.00319667	 2.12312	 -0.157326	 0.789322	 0.104634
164.92	 0.184688	 0.00320182	 2.13558	 -0.157153	 0.786393	 0.104525
164.94	 0.184924	 0.00320685	 2.14804	 -0.156983	 0.783407	 0.104416
164.96	 0.18513	 0.00321175	 2.16049	 -0.156817	 0.780367	 0.104307
164.98	 0.185307	 0.0032165	 2.17294	 -0.156655	 0.777271	 0.104198
165	 0.185454	 0.00322106	 2.18538	 -0.156497	 0.774123	 0.104089
165.02	 0.185571	 0.00322542	 2.19781	 -0.156343	 0.770922	 0.103981
165.04	 0.185659	 0.00322955	 2.21023	 -0.156192	 0.767671	 0.103874
165.06	 0.185716	 0.00323343	 2.22264	 -0.156045	 0.764369	 0.103766
165.08	 0.185742	 0.00323703	 2.23503	 -0.155901	 0.761018	 0.10366
165.1	 0.185738	 0.00324034	 2.24741	 -0.155761	 0.757618	 0.103554
165.12	 0.185702	 0.00324333	 2.25977	 -0.155624	 0.754171	 0.103449
165.14	 0.185636	 0.00324597	 2.27211	 -0.155491	 0.750678	 0.103344
165.16	 0.185539	 0.00324825	 2.28444	 -0.15536	 0.747139	 0.10324
165.18	 0.18541	 0.00325014	 2.29674	 -0.155233	 0.743555	 0.103138
165.2	 0.185249	 0.00325163	 2.30903	 -0.155108	 0.739928	 0.103036
165.22	 0.185058	 0.00325268	 2.32129	 -0.154986	 0.736257	 0.102935
165.24	 0.184834	 0.0032533	 2.33352	 -0.154867	 0.732544	 0.102836
165.26	 0.184579	 0.00325344	 2.34573	 -0.15475	 0.72879	 0.102738
165.28	 0.184292	 0.00325311	 2.35791	 -0.154636	 0.724994	 0.102641
165.3	 0.183974	 0.00325227	 2.37007	 -0.154524	 0.721158	 0.102545
165.32	 0.183623	 0.00325092	 2.38219	 -0.154415	 0.717283	 0.102451
165.34	 0.183241	 0.00324904	 2.39429	 -0.154307	 0.71337	 0.102358
165.36	 0.182827	 0.00324661	 2.40635	 -0.154202	 0.709418	 0.102266
165.38	 0.182381	 0.00324363	 2.41838	 -0.154098	 0.705428	 0.102176
165.4	 0.181903	 0.00324007	 2.43037	 -0.153997	 0.701402	 0.102087
165.42	 0.181394	 0.00323594	 2.44233	 -0.153897	 0.697339	 0.102
165.44	 0.180853	 0.00323121	 2.45424	 -0.153798	 0.693241	 0.101915
165.46	 0.18028	 0.00322588	 2.46612	 -0.153701	 0.689107	 0.101831
165.48	 0.179676	 0.00321995	 2.47796	 -0.153605	 0.684939	 0.101749
165.5	 0.179041	 0.0032134	 2.48976	 -0.153511	 0.680736	 0.101668
165.52	 0.178374	 0.00320623	 2.50152	 -0.153417	 0.6765	 0.101589
165.54	 0.177676	 0.00319845	 2.51323	 -0.153325	 0.672231	 0.101512
165.56	 0.176948	 0.00319003	 2.5249	 -0.153233	 0.667929	 0.101436
165.58	 0.176188	 0.003181	 2.53652	 -0.153143	 0.663594	 0.101363
165.6	 0.175398	 0.00317133	 2.5481	 -0.153053	 0.659228	 0.101291
165.62	 0.174578	 0.00316105	 2.55962	 -0.152963	 0.65483	 0.10122
165.64	 0.173728	 0.00315014	 2.5711	 -0.152875	 0.650401	 0.101152
165.66	 0.172847	 0.00313862	 2.58252	 -0.152786	 0.645941	 0.101085
165.68	 0.171937	 0.00312649	 2.5939	 -0.152698	 0.64145	 0.10102
165.7	 0.170998	 0.00311375	 2.60522	 -0.15261	 0.63693	 0.100956
165.72	 0.170029	 0.00310042	 2.61648	 -0.152523	 0.632379	 0.100894
165.74	 0.169031	 0.00308651	 2.62769	 -0.152436	 0.627798	 0.100834
165.76	 0.168005	 0.00307203	 2.63884	 -0.152348	 0.623188	 0.100776
165.78	 0.166951	 0.00305698	 2.64994	 -0.152261	 0.618548	 0.100719
165.8	 0.165869	 0.00304139	 2.66098	 -0.152174	 0.61388	 0.100664
165.82	 0.164758	 0.00302527	 2.67195	 -0.152087	 0.609182	 0.100611
165.84	 0.163621	 0.00300864	 2.68287	 -0.151999	 0.604455	 0.100559
165.86	 0.162457	 0.00299151	 2.69372	 -0.151912	 0.5997	 0.100509
165.88	 0.161266	 0.0029739	 2.70451	 -0.151824	 0.594915	 0.10046
165.9	 0.160049	 0.00295583	 2.71523	 -0.151736	 0.590102	 0.100413
165.92	 0.158806	 0.00293733	 2.72589	 -0.151648	 0.585261	 0.100367
165.94	 0.157537	 0.00291842	 2.73649	 -0.151559	 0.58039	 0.100322
165.96	 0.156244	 0.00289911	 2.74701	 -0.151471	 0.575491	 0.100279
165.98	 0.154925	 0.00287944	 2.75747	 -0.151382	 0.570563	 0.100237
166	 0.153582	 0.00285942	 2.76786	 -0.151292	 0.565606	 0.100197
166.02	 0.152216	 0.00283909	 2.77818	 -0.151203	 0.56062	 0.100157
166.04	 0.150826	 0.00281848	 2.78842	 -0.151113	 0.555605	 0.100119
166.06	 0.149412	 0.0027976	 2.7986	 -0.151022	 0.55056	 0.100082
166.08	 0.147976	 0.00277649	 2.8087	 -0.150932	 0.545486	 0.100046
166.1	 0.146518	 0.00275518	 2.81872	 -0.150841	 0.540382	 0.100011
166.12	 0.145038	 0.00273369	 2.82867	 -0.15075	 0.535248	 0.0999762
166.14	 0.143537	 0.00271206	 2.83855	 -0.150658	 0.530083	 0.0999427
166.16	 0.142014	 0.00269032	 2.84834	 -0.150566	 0.524888	 0.09991
166.18	 0.140471	 0.0026685	 2.85806	 -0.150474	 0.519662	 0.0998779
166.2	 0.138908	 0.00264662	 2.8677	 -0.150382	 0.514404	 0.0998465
166.22	 0.137325	 0.00262473	 2.87726	 -0.150289	 0.509114	 0.0998155
166.24	 0.135723	 0.00260285	 2.88674	 -0.150196	 0.503793	 0.0997851
166.26	 0.134102	 0.00258101	 2.89613	 -0.150103	 0.498438	 0.099755
166.28	 0.132463	 0.00255925	 2.90545	 -0.15001	 0.49305	 0.0997253
166.3	 0.130805	 0.0025376	 2.91468	 -0.149917	 0.487629	 0.0996958
166.32	 0.129131	 0.00251609	 2.92383	 -0.149824	 0.482173	 0.0996666
166.34	 0.127439	 0.00249476	 2.93289	 -0.14973	 0.476683	 0.0996374
166.36	 0.12573	 0.00247362	 2.94186	 -0.149637	 0.471157	 0.0996083
166.38	 0.124005	 0.00245272	 2.95075	 -0.149544	 0.465596	 0.0995792
166.4	 0.122265	 0.00243209	 2.95955	 -0.149451	 0.459998	 0.0995501
166.42	 0.120509	 0.00241175	 2.96827	 -0.149357	 0.454363	 0.0995207
166.44	 0.118738	 0.00239173	 2.97689	 -0.149264	 0.448691	 0.0994912
166.46	 0.116952	 0.00237207	 2.98542	 -0.149172	 0.44298	 0.0994614
166.48	 0.115152	 0.0023528	 2.99387	 -0.149079	 0.437231	 0.0994313
166.5	 0.113339	 0.00233393	 3.00222	 -0.148987	 0.431442	 0.0994008
166.52	 0.111512	 0.0023155	 3.01048	 -0.148895	 0.425613	 0.0993699
166.54	 0.109672	 0.00229754	 3.01864	 -0.148803	 0.419743	 0.0993384
166.56	 0.107819	 0.00228006	 3.02671	 -0.148712	 0.413831	 0.0993065
166.58	 0.105954	 0.0022631	 3.03469	 -0.148621	 0.407878	 0.0992739
166.6	 0.104078	 0.00224667	 3.04257	 -0.14853	 0.401881	 0.0992407
166.62	 0.102189	 0.0022308	 3.05036	 -0.14844	 0.395841	 0.0992068
166.64	 0.10029	 0.0022155	 3.05805	 -0.14835	 0.389757	 0.0991721
166.66	 0.09838	 0.0022008	 3.06564	 -0.148261	 0.383627	 0.0991366
166.68	 0.0964595	 0.00218672	 3.07314	 -0.148172	 0.377453	 0.0991004
166.7	 0.0945289	 0.00217326	 3.08053	 -0.148084	 0.371231	 0.0990633
166.72	 0.0925885	 0.00216045	 3.08783	 -0.147997	 0.364963	 0.0990253
166.74	 0.0906387	 0.00214831	 3.09503	 -0.14791	 0.358647	 0.0989864
166.76	 0.0886797	 0.00213683	 3.10212	 -0.147823	 0.352283	 0.0989465
166.78	 0.0867119	 0.00212604	 3.10912	 -0.147737	 0.345869	 0.0989057
166.8	 0.0847355	 0.00211594	 3.11601	 -0.147652	 0.339406	 0.0988639
166.82	 0.082751	 0.00210654	 3.1228	 -0.147567	 0.332893	 0.0988211
166.84	 0.0807585	 0.00209785	 3.12949	 -0.147483	 0.326328	 0.0987773
166.86	 0.0787583	 0.00208988	 3.13608	 -0.147399	 0.319712	 0.0987324
166.88	 0.0767507	 0.00208262	 3.14255	 -0.147315	 0.313044	 0.0986864
166.9	 0.074736	 0.00207609	 3.14893	 -0.147232	 0.306322	 0.0986394
166.92	 0.0727144	 0.00207027	 3.1552	 -0.14715	 0.299548	 0.0985913
166.94	 0.0706861	 0.00206517	 3.16136	 -0.147067	 0.292719	 0.0985421
166.96	 0.0686515	 0.0020608	 3.16742	 -0.146985	 0.285836	 0.0984919
166.98	 0.0666107	 0.00205713	 3.17337	 -0.146903	 0.278899	 0.0984406
167	 0.064564	 0.00205418	 3.17921	 -0.146822	 0.271906	 0.0983882
167.02	 0.0625116	 0.00205193	 3.18494	 -0.146741	 0.264858	 0.0983348
167.04	 0.0604538	 0.00205038	 3.19057	 -0.146659	 0.257754	 0.0982803
167.06	 0.0583906	 0.00204951	 3.19609	 -0.146578	 0.250593	 0.0982249
167.08	 0.0563224	 0.00204933	 3.20149	 -0.146497	 0.243376	 0.0981684
167.1	 0.0542493	 0.00204981	 3.20679	 -0.146416	 0.236103	 0.098111
167.12	 0.0521715	 0.00205096	 3.21197	 -0.146335	 0.228772	 0.0980527
167.14	 0.0500892	 0.00205274	 3.21705	 -0.146254	 0.221385	 0.0979936
167.16	 0.0480025	 0.00205516	 3.22201	 -0.146173	 0.21394	 0.0979336
167.18	 0.0459117	 0.00205819	 3.22686	 -0.146092	 0.206439	 0.0978727
167.2	 0.0438169	 0.00206182	 3.2316	 -0.146011	 0.19888	 0.0978112
167.22	 0.0417183	 0.00206603	 3.23622	 -0.145929	 0.191265	 0.0977488
167.24	 0.039616	 0.0020708	 3.24073	 -0.145848	 0.183593	 0.0976859
167.26	 0.0375102	 0.00207612	 3.24513	 -0.145766	 0.175864	 0.0976223
167.28	 0.0354009	 0.00208196	 3.24941	 -0.145684	 0.168079	 0.0975581
167.3	 0.0332884	 0.0020883	 3.25358	 -0.145601	 0.160237	 0.0974935
167.32	 0.0311729	 0.00209511	 3.25763	 -0.145519	 0.15234	 0.0974283
167.34	 0.0290543	 0.00210239	 3.26157	 -0.145436	 0.144388	 0.0973628
167.36	 0.0269329	 0.00211009	 3.26539	 -0.145352	 0.136381	 0.0972969
167.38	 0.0248087	 0.0021182	 3.26909	 -0.145268	 0.12832	 0.0972307
167.4	 0.0226819	 0.00212668	 3.27268	 -0.145183	 0.120205	 0.0971643
167.42	 0.0205527	 0.00213553	 3.27615	 -0.145098	 0.112036	 0.0970978
167.44	 0.018421	 0.0021447	 3.27951	 -0.145012	 0.103816	 0.0970312
167.46	 0.0162871	 0.00215418	 3.28274	 -0.144926	 0.0955434	 0.0969646
167.48	 0.014151	 0.00216393	 3.28586	 -0.144838	 0.0872201	 0.096898
167.5	 0.0120128	 0.00217393	 3.28886	 -0.14475	 0.0788468	 0.0968316
167.52	 0.00987272	 0.00218415	 3.29174	 -0.144661	 0.0704245	 0.0967655
167.54	 0.00773077	 0.00219457	 3.2945	 -0.144571	 0.0619541	 0.0966996
167.56	 0.00558707	 0.00220516	 3.29714	 -0.14448	 0.0534368	 0.096634
167.58	 0.00344172	 0.00221588	 3.29966	 -0.144388	 0.0448737	 0.0965688
167.6	 0.00129482	 0.00222672	 3.30207	 -0.144295	 0.0362661	 0.096504
167.62	 -0.000853523	 0.00223765	 3.30435	 -0.144201	 0.0276152	 0.0964397
167.64	 -0.00300322	 0.00224863	 3.30651	 -0.144106	 0.0189226	 0.096376
167.66	 -0.00515417	 0.00225965	 3.30855	 -0.144009	 0.0101896	 0.0963128
167.68	 -0.00730627	 0.00227066	 3.31047	 -0.143911	 0.0014177	 0.0962503
167.7	 -0.00945943	 0.00228166	 3.31227	 -0.143812	 -0.00739146	 0.0961885
167.72	 -0.0116135	 0.0022926	 3.31395	 -0.143711	 -0.0162363	 0.0961274
167.74	 -0.0137685	 0.00230347	 3.3155	 -0.143609	 -0.0251151	 0.0960671
167.76	 -0.0159242	 0.00231423	 3.31693	 -0.143505	 -0.0340263	 0.0960077
167.78	 -0.0180806	 0.00232487	 3.31825	 -0.1434	 -0.0429678	 0.0959491
167.8	 -0.0202375	 0.00233537	 3.31943	 -0.143293	 -0.051938	 0.0958914
167.82	 -0.0223949	 0.00234569	 3.3205	 -0.143185	 -0.0609349	 0.0958347
167.84	 -0.0245526	 0.00235582	 3.32144	 -0.143075	 -0.0699566	 0.0957789
167.86	 -0.0267105	 0.00236573	 3.32227	 -0.142964	 -0.079001	 0.0957241
167.88	 -0.0288686	 0.00237541	 3.32296	 -0.142851	 -0.0880661	 0.0956704
167.9	 -0.0310268	 0.00238483	 3.32354	 -0.142737	 -0.09715	 0.0956177
167.92	 -0.0331848	 0.00239398	 3.32399	 -0.142621	 -0.10625	 0.0955661
167.94	 -0.0353427	 0.00240284	 3.32432	 -0.142504	 -0.115365	 0.0955157
167.96	 -0.0375003	 0.00241139	 3.32453	 -0.142385	 -0.124492	 0.0954664
167.98	 -0.0396576	 0.00241962	 3.32461	 -0.142266	 -0.13363	 0.0954183
168	 -0.0418143	 0.0024275	 3.32457	 -0.142145	 -0.142775	 0.0953714
168.02	 -0.0439705	 0.00243504	 3.3244	 -0.142023	 -0.151926	 0.0953258
168.04	 -0.0461259	 0.00244222	 3.32411	 -0.1419	 -0.161081	 0.0952814
168.06	 -0.0482806	 0.00244903	 3.3237	 -0.141776	 -0.170238	 0.0952383
168.08	 -0.0504343	 0.00245546	 3.32317	 -0.141651	 -0.179393	 0.0951966
168.1	 -0.052587	 0.0024615	 3.32251	 -0.141526	 -0.188546	 0.0951562
168.12	 -0.0547385	 0.00246715	 3.32173	 -0.1414	 -0.197693	 0.0951173
168.14	 -0.0568888	 0.00247241	 3.32083	 -0.141273	 -0.206833	 0.0950797
168.16	 -0.0590377	 0.00247727	 3.3198	 -0.141147	 -0.215962	 0.0950435
168.18	 -0.0611851	 0.00248172	 3.31865	 -0.14102	 -0.22508	 0.0950088
168.2	 -0.0633309	 0.00248577	 3.31738	 -0.140893	 -0.234184	 0.0949756
168.22	 -0.0654751	 0.00248942	 3.31598	 -0.140766	 -0.243271	 0.0949438
168.24	 -0.0676174	 0.00249268	 3.31446	 -0.14064	 -0.252339	 0.0949135
168.26	 -0.0697578	 0.00249553	 3.31282	 -0.140514	 -0.261387	 0.0948846
168.28	 -0.0718962	 0.00249799	 3.31106	 -0.140389	 -0.270412	 0.0948573
168.3	 -0.0740324	 0.00250006	 3.30917	 -0.140265	 -0.279412	 0.0948315
168.32	 -0.0761664	 0.00250175	 3.30717	 -0.140141	 -0.288385	 0.0948071
168.34	 -0.0782979	 0.00250306	 3.30504	 -0.140019	 -0.297328	 0.0947842
168.36	 -0.080427	 0.00250399	 3.30279	 -0.139898	 -0.306241	 0.0947628
168.38	 -0.0825535	 0.00250455	 3.30042	 -0.139778	 -0.31512	 0.0947429
168.4	 -0.0846772	 0.00250475	 3.29793	 -0.139659	 -0.323965	 0.0947246
168.42	 -0.0867982	 0.00250461	 3.29531	 -0.139543	 -0.332773	 0.0947077
168.44	 -0.0889162	 0.00250412	 3.29258	 -0.139428	 -0.341542	 0.0946923
168.46	 -0.0910311	 0.0025033	 3.28973	 -0.139316	 -0.350271	 0.0946783
168.48	 -0.0931428	 0.00250217	 3.28676	 -0.139205	 -0.358957	 0.0946659
168.5	 -0.0952513	 0.00250072	 3.28366	 -0.139097	 -0.3676	 0.094655
168.52	 -0.0973564	 0.00249898	 3.28045	 -0.138992	 -0.376197	 0.0946455
168.54	 -0.0994579	 0.00249696	 3.27712	 -0.138889	 -0.384746	 0.0946374
168.56	 -0.101556	 0.00249467	 3.27368	 -0.138789	 -0.393246	 0.0946308
168.58	 -0.10365	 0.00249212	 3.27011	 -0.138692	 -0.401696	 0.0946255
168.6	 -0.10574	 0.00248933	 3.26643	 -0.138598	 -0.410094	 0.0946217
168.62	 -0.107826	 0.00248631	 3.26263	 -0.138507	 -0.418438	 0.0946191
168.64	 -0.109909	 0.00248307	 3.25871	 -0.13842	 -0.426728	 0.0946179
168.66	 -0.111986	 0.00247964	 3.25467	 -0.138336	 -0.434961	 0.094618
168.68	 -0.11406	 0.00247602	 3.25052	 -0.138256	 -0.443137	 0.0946193
168.7	 -0.116129	 0.00247223	 3.24626	 -0.13818	 -0.451255	 0.0946218
168.72	 -0.118193	 0.00246827	 3.24188	 -0.138107	 -0.459314	 0.0946255
168.74	 -0.120253	 0.00246417	 3.23738	 -0.138039	 -0.467313	 0.0946304
168.76	 -0.122308	 0.00245993	 3.23277	 -0.137974	 -0.47525	 0.0946364
168.78	 -0.124358	 0.00245557	 3.22805	 -0.137913	 -0.483126	 0.0946436
168.8	 -0.126403	 0.00245111	 3.22321	 -0.137857	 -0.49094	 0.0946518
168.82	 -0.128442	 0.00244655	 3.21826	 -0.137805	 -0.498691	 0.094661
168.84	 -0.130476	 0.00244191	 3.2132	 -0.137757	 -0.506378	 0.0946713
168.86	 -0.132505	 0.00243721	 3.20803	 -0.137714	 -0.514002	 0.0946826
168.88	 -0.134528	 0.00243246	 3.20275	 -0.137675	 -0.521561	 0.0946948
168.9	 -0.136545	 0.00242767	 3.19735	 -0.137641	 -0.529055	 0.094708
168.92	 -0.138557	 0.00242286	 3.19185	 -0.137612	 -0.536484	 0.094722
168.94	 -0.140562	 0.00241803	 3.18624	 -0.137587	 -0.543848	 0.0947369
168.96	 -0.142561	 0.00241319	 3.18051	 -0.137567	 -0.551147	 0.0947526
168.98	 -0.144554	 0.00240836	 3.17468	 -0.137552	 -0.558379	 0.0947691
169	 -0.14654	 0.00240354	 3.16875	 -0.137542	 -0.565546	 0.0947864
169.02	 -0.14852	 0.00239874	 3.1627	 -0.137536	 -0.572647	 0.0948043
169.04	 -0.150493	 0.00239398	 3.15655	 -0.137535	 -0.579683	 0.0948229
169.06	 -0.152459	 0.00238925	 3.15029	 -0.137539	 -0.586653	 0.0948421
169.08	 -0.154418	 0.00238457	 3.14393	 -0.137548	 -0.593557	 0.094862
169.1	 -0.156369	 0.00237996	 3.13747	 -0.137562	 -0.600397	 0.0948823
169.12	 -0.158313	 0.00237541	 3.1309	 -0.137581	 -0.607171	 0.0949032
169.14	 -0.160249	 0.00237093	 3.12422	 -0.137605	 -0.613881	 0.0949245
169.16	 -0.162178	 0.00236653	 3.11745	 -0.137634	 -0.620526	 0.0949462
169.18	 -0.164098	 0.00236222	 3.11057	 -0.137667	 -0.627108	 0.0949684
169.2	 -0.16601	 0.002358	 3.10359	 -0.137706	 -0.633626	 0.0949909
169.22	 -0.167914	 0.00235388	 3.09651	 -0.137749	 -0.640082	 0.0950138
169.24	 -0.169809	 0.00234986	 3.08933	 -0.137797	 -0.646475	 0.0950369
169.26	 -0.171695	 0.00234596	 3.08206	 -0.13785	 -0.652807	 0.0950603
169.28	 -0.173572	 0.00234216	 3.07468	 -0.137908	 -0.659077	 0.0950839
169.3	 -0.175439	 0.00233849	 3.06721	 -0.13797	 -0.665287	 0.0951076
169.32	 -0.177297	 0.00233494	 3.05964	 -0.138037	 -0.671436	 0.0951316
169.34	 -0.179146	 0.00233151	 3.05197	 -0.138109	 -0.677526	 0.0951556
169.36	 -0.180984	 0.00232821	 3.04421	 -0.138185	 -0.683557	 0.0951797
169.38	 -0.182812	 0.00232505	 3.03635	 -0.138266	 -0.689531	 0.0952039
169.4	 -0.184629	 0.00232201	 3.0284	 -0.138351	 -0.695446	 0.095228
169.42	 -0.186436	 0.0023191	 3.02036	 -0.13844	 -0.701306	 0.0952522
169.44	 -0.188231	 0.00231632	 3.01222	 -0.138533	 -0.707109	 0.0952763
169.46	 -0.190015	 0.00231368	 3.00399	 -0.13863	 -0.712857	 0.0953003
169.48	 -0.191787	 0.00231115	 2.99568	 -0.138732	 -0.71855	 0.0953242
169.5	 -0.193548	 0.00230876	 2.98727	 -0.138837	 -0.724189	 0.095348
169.52	 -0.195296	 0.00230648	 2.97877	 -0.138946	 -0.729776	 0.0953716
169.54	 -0.197032	 0.00230432	 2.97018	 -0.139059	 -0.73531	 0.0953951
169.56	 -0.198754	 0.00230227	 2.96151	 -0.139176	 -0.740792	 0.0954183
169.58	 -0.200464	 0.00230032	 2.95275	 -0.139295	 -0.746224	 0.0954414
169.6	 -0.20216	 0.00229848	 2.9439	 -0.139418	 -0.751605	 0.0954642
169.62	 -0.203842	 0.00229673	 2.93497	 -0.139544	 -0.756937	 0.0954868
169.64	 -0.20551	 0.00229507	 2.92596	 -0.139674	 -0.762221	 0.0955092
169.66	 -0.207163	 0.0022935	 2.91686	 -0.139805	 -0.767456	 0.0955313
169.68	 -0.208802	 0.002292	 2.90768	 -0.13994	 -0.772643	 0.0955531
169.7	 -0.210425	 0.00229058	 2.89841	 -0.140077	 -0.777784	 0.0955748
169.72	 -0.212033	 0.00228923	 2.88907	 -0.140216	 -0.782878	 0.0955962
169.74	 -0.213625	 0.00228793	 2.87964	 -0.140358	 -0.787927	 0.0956173
169.76	 -0.2152	 0.00228669	 2.87014	 -0.140501	 -0.792931	 0.0956382
169.78	 -0.216759	 0.00228549	 2.86056	 -0.140646	 -0.79789	 0.0956589
169.8	 -0.218301	 0.00228432	 2.8509	 -0.140792	 -0.802806	 0.0956793
169.82	 -0.219826	 0.00228318	 2.84116	 -0.14094	 -0.807678	 0.0956996
169.84	 -0.221333	 0.00228205	 2.83135	 -0.141089	 -0.812508	 0.0957196
169.86	 -0.222821	 0.00228094	 2.82146	 -0.141239	 -0.817296	 0.0957395
169.88	 -0.224291	 0.00227982	 2.8115	 -0.141389	 -0.822042	 0.0957592
169.9	 -0.225743	 0.00227871	 2.80147	 -0.141541	 -0.826746	 0.0957787
169.92	 -0.227175	 0.00227759	 2.79136	 -0.141692	 -0.83141	 0.0957981
169.94	 -0.228587	 0.00227645	 2.78118	 -0.141844	 -0.836034	 0.0958173
169.96	 -0.22998	 0.00227529	 2.77094	 -0.141996	 -0.840618	 0.0958364
169.98	 -0.231352	 0.00227411	 2.76062	 -0.142148	 -0.845162	 0.0958553
170	 -0.232703	 0.00227289	 2.75023	 -0.1423	 -0.849667	 0.0958742
170.02	 -0.234033	 0.00227163	 2.73978	 -0.142451	 -0.854133	 0.0958929
170.04	 -0.235341	 0.00227033	 2.72926	 -0.142602	 -0.85856	 0.0959117
170.06	 -0.236628	 0.00226898	 2.71868	 -0.142752	 -0.862949	 0.0959305
170.08	 -0.237892	 0.00226757	 2.70803	 -0.142901	 -0.867299	 0.0959493
170.1	 -0.239134	 0.0022661	 2.69732	 -0.143048	 -0.871611	 0.0959681
170.12	 -0.240352	 0.00226456	 2.68655	 -0.143195	 -0.875885	 0.095987
170.14	 -0.241547	 0.00226296	 2.67571	 -0.14334	 -0.880122	 0.0960061
170.16	 -0.242719	 0.0022613	 2.66482	 -0.143484	 -0.88432	 0.0960253
170.18	 -0.243866	 0.00225958	 2.65386	 -0.143626	 -0.88848	 0.0960446
170.2	 -0.244989	 0.00225779	 2.64285	 -0.143766	 -0.892603	 0.096064
170.22	 -0.246087	 0.00225594	 2.63178	 -0.143904	 -0.896687	 0.0960837
170.24	 -0.24716	 0.00225404	 2.62065	 -0.144041	 -0.900734	 0.0961036
170.26	 -0.248208	 0.00225207	 2.60947	 -0.144175	 -0.904743	 0.0961237
170.28	 -0.249229	 0.00225006	 2.59823	 -0.144307	 -0.908713	 0.0961441
170.3	 -0.250225	 0.00224799	 2.58694	 -0.144438	 -0.912645	 0.0961647
170.32	 -0.251194	 0.00224587	 2.5756	 -0.144566	 -0.916539	 0.0961856
170.34	 -0.252136	 0.00224371	 2.56421	 -0.144691	 -0.920394	 0.0962068
170.36	 -0.253051	 0.00224151	 2.55276	 -0.144815	 -0.92421	 0.0962283
170.38	 -0.253939	 0.00223928	 2.54127	 -0.144935	 -0.927987	 0.0962502
170.4	 -0.2548	 0.00223702	 2.52973	 -0.145054	 -0.931724	 0.0962725
170.42	 -0.255632	 0.00223474	 2.51815	 -0.14517	 -0.935422	 0.0962951
170.44	 -0.256436	 0.00223245	 2.50652	 -0.145283	 -0.939079	 0.0963182
170.46	 -0.257212	 0.00223015	 2.49484	 -0.145394	 -0.942695	 0.0963418
170.48	 -0.257959	 0.00222786	 2.48312	 -0.145502	 -0.946271	 0.0963659
170.5	 -0.258678	 0.00222558	 2.47136	 -0.145608	 -0.949805	 0.0963905
170.52	 -0.259367	 0.00222331	 2.45956	 -0.145711	 -0.953297	 0.0964156
170.54	 -0.260027	 0.00222107	 2.44772	 -0.145811	 -0.956747	 0.0964413
170.56	 -0.260657	 0.00221887	 2.43584	 -0.145909	 -0.960154	 0.0964676
170.58	 -0.261258	 0.00221672	 2.42392	 -0.146004	 -0.963518	 0.0964944
170.6	 -0.261829	 0.00221462	 2.41197	 -0.146096	 -0.966837	 0.0965218
170.62	 -0.26237	 0.0022126	 2.39998	 -0.146186	 -0.970112	 0.0965499
170.64	 -0.262881	 0.00221066	 2.38796	 -0.146273	 -0.973342	 0.0965785
170.66	 -0.263361	 0.00220881	 2.3759	 -0.146358	 -0.976526	 0.0966078
170.68	 -0.263811	 0.00220707	 2.36382	 -0.14644	 -0.979664	 0.0966378
170.7	 -0.26423	 0.00220544	 2.3517	 -0.146519	 -0.982755	 0.0966684
170.72	 -0.264619	 0.00220394	 2.33956	 -0.146597	 -0.985797	 0.0966998
170.74	 -0.264977	 0.00220259	 2.32739	 -0.146672	 -0.988792	 0.0967318
170.76	 -0.265305	 0.00220139	 2.31519	 -0.146744	 -0.991737	 0.0967645
170.78	 -0.265601	 0.00220035	 2.30296	 -0.146815	 -0.994633	 0.0967979
170.8	 -0.265867	 0.0021995	 2.29072	 -0.146883	 -0.997478	 0.0968321
170.82	 -0.266102	 0.00219884	 2.27845	 -0.146949	 -1.00027	 0.096867
170.84	 -0.266305	 0.00219839	 2.26616	 -0.147013	 -1.00301	 0.0969026
170.86	 -0.266478	 0.00219816	 2.25385	 -0.147075	 -1.0057	 0.0969389
170.88	 -0.26662	 0.00219816	 2.24152	 -0.147135	 -1.00834	 0.096976
170.9	 -0.266731	 0.00219841	 2.22917	 -0.147194	 -1.01092	 0.0970138
170.92	 -0.266811	 0.00219891	 2.21681	 -0.147251	 -1.01344	 0.0970523
170.94	 -0.266861	 0.00219969	 2.20443	 -0.147306	 -1.01591	 0.0970916
170.96	 -0.266879	 0.00220075	 2.19204	 -0.14736	 -1.01832	 0.0971315
170.98	 -0.266867	 0.0022021	 2.17964	 -0.147412	 -1.02068	 0.0971722
171	 -0.266825	 0.00220375	 2.16723	 -0.147463	 -1.02297	 0.0972137
171.02	 -0.266751	 0.00220572	 2.1548	 -0.147513	 -1.02521	 0.0972558
171.04	 -0.266648	 0.00220801	 2.14237	 -0.147561	 -1.02738	 0.0972988
171.06	 -0.266514	 0.00221063	 2.12994	 -0.147609	 -1.02949	 0.0973424
171.08	 -0.26635	 0.0022136	 2.1175	 -0.147656	 -1.03154	 0.0973868
171.1	 -0.266156	 0.00221692	 2.10505	 -0.147702	 -1.03353	 0.0974319
171.12	 -0.265933	 0.0022206	 2.0926	 -0.147747	 -1.03545	 0.0974776
171.14	 -0.265679	 0.00222464	 2.08016	 -0.147792	 -1.03731	 0.097524
171.16	 -0.265397	 0.00222906	 2.06771	 -0.147836	 -1.0391	 0.0975711
171.18	 -0.265085	 0.00223386	 2.05526	 -0.14788	 -1.04082	 0.0976188
171.2	 -0.264744	 0.00223905	 2.04282	 -0.147923	 -1.04247	 0.0976671
171.22	 -0.264374	 0.00224463	 2.03038	 -0.147966	 -1.04405	 0.097716
171.24	 -0.263975	 0.0022506	 2.01795	 -0.14801	 -1.04557	 0.0977655
171.26	 -0.263548	 0.00225696	 2.00553	 -0.148053	 -1.04701	 0.0978155
171.28	 -0.263093	 0.00226373	 1.99311	 -0.148096	 -1.04837	 0.0978661
171.3	 -0.26261	 0.0022709	 1.9807	 -0.14814	 -1.04967	 0.0979172
171.32	 -0.262099	 0.00227848	 1.96831	 -0.148184	 -1.05089	 0.0979687
171.34	 -0.261561	 0.00228646	 1.95593	 -0.148228	 -1.05203	 0.0980208
171.36	 -0.260996	 0.00229484	 1.94357	 -0.148273	 -1.05309	 0.0980732
171.38	 -0.260404	 0.00230363	 1.93122	 -0.148318	 -1.05408	 0.0981261
171.4	 -0.259785	 0.00231282	 1.91888	 -0.148364	 -1.05498	 0.0981794
171.42	 -0.25914	 0.00232241	 1.90657	 -0.148411	 -1.0558	 0.0982331
171.44	 -0.258468	 0.00233239	 1.89428	 -0.148458	 -1.05654	 0.0982872
171.46	 -0.257771	 0.00234276	 1.88201	 -0.148507	 -1.0572	 0.0983416
171.48	 -0.257049	 0.00235351	 1.86976	 -0.148557	 -1.05777	 0.0983963
171.5	 -0.256302	 0.00236465	 1.85754	 -0.148607	 -1.05826	 0.0984513
171.52	 -0.255529	 0.00237615	 1.84534	 -0.148659	 -1.05865	 0.0985065
171.54	 -0.254732	 0.00238802	 1.83317	 -0.148712	 -1.05896	 0.098562
171.56	 -0.253911	 0.00240024	 1.82103	 -0.148766	 -1.05918	 0.0986176
171.58	 -0.253066	 0.00241281	 1.80892	 -0.148822	 -1.05931	 0.0986734
171.6	 -0.252197	 0.00242571	 1.79685	 -0.148879	 -1.05934	 0.0987294
171.62	 -0.251305	 0.00243894	 1.7848	 -0.148938	 -1.05928	 0.0987855
171.64	 -0.25039	 0.00245248	 1.77279	 -0.148998	 -1.05912	 0.0988417
171.66	 -0.249452	 0.00246632	 1.76082	 -0.14906	 -1.05887	 0.098898
171.68	 -0.248492	 0.00248044	 1.74888	 -0.149123	 -1.05851	 0.0989543
171.7	 -0.247509	 0.00249485	 1.73699	 -0.149188	 -1.05806	 0.0990107
171.72	 -0.246505	 0.00250951	 1.72513	 -0.149254	 -1.05751	 0.0990671
171.74	 -0.245479	 0.00252441	 1.71332	 -0.149323	 -1.05685	 0.0991235
171.76	 -0.244432	 0.00253955	 1.70155	 -0.149393	 -1.05609	 0.0991798
171.78	 -0.243365	 0.0025549	 1.68982	 -0.149465	 -1.05522	 0.0992361
171.8	 -0.242277	 0.00257044	 1.67814	 -0.149538	 -1.05424	 0.0992922
171.82	 -0.241168	 0.00258617	 1.66651	 -0.149614	 -1.05316	 0.0993483
171.84	 -0.240039	 0.00260206	 1.65493	 -0.149692	 -1.05196	 0.0994043
171.86	 -0.238891	 0.0026181	 1.6434	 -0.149771	 -1.05065	 0.0994601
171.88	 -0.237724	 0.00263426	 1.63192	 -0.149852	 -1.04923	 0.0995158
171.9	 -0.236537	 0.00265053	 1.62049	 -0.149936	 -1.0477	 0.0995713
171.92	 -0.235331	 0.00266689	 1.60912	 -0.150021	 -1.04604	 0.0996266
171.94	 -0.234107	 0.00268333	 1.59781	 -0.150108	 -1.04427	 0.0996817
171.96	 -0.232865	 0.00269982	 1.58655	 -0.150197	 -1.04238	 0.0997366
171.98	 -0.231604	 0.00271634	 1.57535	 -0.150288	 -1.04037	 0.0997912
172	 -0.230326	 0.00273287	 1.56421	 -0.150381	 -1.03823	 0.0998457
172.02	 -0.22903	 0.0027494	 1.55313	 -0.150476	 -1.03597	 0.0998999
172.04	 -0.227716	 0.0027659	 1.54212	 -0.150573	 -1.03359	 0.0999538
172.06	 -0.226386	 0.00278236	 1.53117	 -0.150672	 -1.03108	 0.100008
172.08	 -0.225039	 0.00279876	 1.52028	 -0.150773	 -1.02843	 0.100061
172.1	 -0.223675	 0.00281507	 1.50947	 -0.150876	 -1.02566	 0.100114
172.12	 -0.222295	 0.00283128	 1.49872	 -0.150981	 -1.02276	 0.100167
172.14	 -0.220899	 0.00284737	 1.48804	 -0.151088	 -1.01972	 0.10022
172.16	 -0.219487	 0.00286332	 1.47743	 -0.151196	 -1.01655	 0.100272
172.18	 -0.218058	 0.00287911	 1.46689	 -0.151307	 -1.01324	 0.100324
172.2	 -0.216615	 0.00289473	 1.45643	 -0.151419	 -1.00979	 0.100376
172.22	 -0.215156	 0.00291015	 1.44604	 -0.151534	 -1.0062	 0.100427
172.24	 -0.213682	 0.00292536	 1.43573	 -0.15165	 -1.00247	 0.100478
172.26	 -0.212192	 0.00294035	 1.4255	 -0.151768	 -0.998602	 0.100529
172.28	 -0.210688	 0.00295509	 1.41534	 -0.151888	 -0.994588	 0.10058
172.3	 -0.20917	 0.00296957	 1.40527	 -0.15201	 -0.990428	 0.100631
172.32	 -0.207636	 0.00298378	 1.39528	 -0.152134	 -0.986122	 0.100681
172.34	 -0.206089	 0.0029977	 1.38537	 -0.15226	 -0.981668	 0.100731
172.36	 -0.204527	 0.00301131	 1.37554	 -0.152387	 -0.977066	 0.10078
172.38	 -0.202951	 0.00302461	 1.3658	 -0.152517	 -0.972313	 0.10083
172.4	 -0.201361	 0.00303758	 1.35614	 -0.152648	 -0.967408	 0.100879
172.42	 -0.199757	 0.00305021	 1.34657	 -0.152781	 -0.962351	 0.100929
172.44	 -0.19814	 0.00306248	 1.33709	 -0.152915	 -0.95714	 0.100978
172.46	 -0.196509	 0.00307439	 1.3277	 -0.153052	 -0.951774	 0.101027
172.48	 -0.194864	 0.00308593	 1.3184	 -0.15319	 -0.946253	 0.101076
172.5	 -0.193206	 0.00309708	 1.30919	 -0.15333	 -0.940574	 0.101125
172.52	 -0.191535	 0.00310783	 1.30008	 -0.153472	 -0.934737	 0.101174
172.54	 -0.189851	 0.00311819	 1.29106	 -0.153615	 -0.928742	 0.101222
172.56	 -0.188154	 0.00312814	 1.28213	 -0.153761	 -0.922587	 0.101271
172.58	 -0.186444	 0.00313767	 1.2733	 -0.153908	 -0.916271	 0.10132
172.6	 -0.18472	 0.00314678	 1.26457	 -0.154056	 -0.909794	 0.101369
172.62	 -0.182985	 0.00315548	 1.25594	 -0.154206	 -0.903155	 0.101418
172.64	 -0.181236	 0.00316374	 1.24741	 -0.154358	 -0.896354	 0.101467
172.66	 -0.179475	 0.00317157	 1.23898	 -0.154512	 -0.889389	 0.101516
172.68	 -0.177701	 0.00317897	 1.23065	 -0.154667	 -0.882261	 0.101566
172.7	 -0.175915	 0.00318594	 1.22243	 -0.154824	 -0.874968	 0.101615
172.72	 -0.174117	 0.00319248	 1.2143	 -0.154983	 -0.867511	 0.101665
172.74	 -0.172306	 0.00319858	 1.20629	 -0.155143	 -0.859889	 0.101715
172.76	 -0.170483	 0.00320426	 1.19838	 -0.155305	 -0.852102	 0.101765
172.78	 -0.168648	 0.00320951	 1.19057	 -0.155468	 -0.84415	 0.101816
172.8	 -0.166801	 0.00321433	 1.18288	 -0.155634	 -0.836033	 0.101867
172.82	 -0.164942	 0.00321874	 1.17529	 -0.155801	 -0.82775	 0.101918
172.84	 -0.163071	 0.00322273	 1.16782	 -0.155969	 -0.819302	 0.10197
172.86	 -0.161189	 0.00322632	 1.16045	 -0.15614	 -0.810688	 0.102023
172.88	 -0.159294	 0.00322951	 1.1532	 -0.156312	 -0.80191	 0.102075
172.9	 -0.157388	 0.00323231	 1.14606	 -0.156486	 -0.792968	 0.102129
172.92	 -0.155471	 0.00323472	 1.13903	 -0.156661	 -0.783861	 0.102182
172.94	 -0.153541	 0.00323677	 1.13212	 -0.156839	 -0.77459	 0.102237
172.96	 -0.151601	 0.00323845	 1.12533	 -0.157018	 -0.765157	 0.102292
172.98	 -0.149649	 0.00323977	 1.11865	 -0.1572	 -0.755561	 0.102347
173	 -0.147686	 0.00324076	 1.11208	 -0.157383	 -0.745803	 0.102404
173.02	 -0.145712	 0.00324141	 1.10564	 -0.157568	 -0.735885	 0.102461
173.04	 -0.143726	 0.00324174	 1.09931	 -0.157754	 -0.725806	 0.102519
173.06	 -0.14173	 0.00324177	 1.09311	 -0.157943	 -0.715569	 0.102577
173.08	 -0.139723	 0.0032415	 1.08702	 -0.158133	 -0.705174	 0.102637
173.1	 -0.137706	 0.00324095	 1.08106	 -0.158325	 -0.694623	 0.102697
173.12	 -0.135677	 0.00324013	 1.07522	 -0.158519	 -0.683916	 0.102758
173.14	 -0.133638	 0.00323907	 1.0695	 -0.158715	 -0.673055	 0.10282
173.16	 -0.131589	 0.00323776	 1.0639	 -0.158912	 -0.662042	 0.102883
173.18	 -0.12953	 0.00323623	 1.05843	 -0.159112	 -0.650878	 0.102947
173.2	 -0.127461	 0.00323449	 1.05309	 -0.159313	 -0.639565	 0.103012
173.22	 -0.125381	 0.00323256	 1.04787	 -0.159516	 -0.628104	 0.103078
173.24	 -0.123292	 0.00323046	 1.04277	 -0.159721	 -0.616498	 0.103144
173.26	 -0.121193	 0.00322819	 1.0378	 -0.159927	 -0.604748	 0.103212
173.28	 -0.119085	 0.00322578	 1.03297	 -0.160136	 -0.592856	 0.103281
173.3	 -0.116967	 0.00322325	 1.02825	 -0.160346	 -0.580825	 0.10335
173.32	 -0.11484	 0.0032206	 1.02367	 -0.160558	 -0.568657	 0.103421
173.34	 -0.112704	 0.00321785	 1.01922	 -0.160771	 -0.556354	 0.103493
173.36	 -0.11056	 0.00321503	 1.0149	 -0.160987	 -0.543919	 0.103565
173.38	 -0.108406	 0.00321215	 1.01071	 -0.161204	 -0.531353	 0.103639
173.4	 -0.106245	 0.00320923	 1.00665	 -0.161423	 -0.51866	 0.103714
173.42	 -0.104075	 0.00320628	 1.00272	 -0.161644	 -0.505843	 0.103789
173.44	 -0.101897	 0.00320332	 0.998921	 -0.161866	 -0.492904	 0.103866
173.46	 -0.0997111	 0.00320036	 0.995258	 -0.16209	 -0.479845	 0.103944
173.48	 -0.0975178	 0.00319743	 0.991727	 -0.162316	 -0.466671	 0.104023
173.5	 -0.0953171	 0.00319453	 0.988331	 -0.162543	 -0.453384	 0.104103
173.52	 -0.0931092	 0.00319168	 0.985069	 -0.162772	 -0.439987	 0.104184
173.54	 -0.0908945	 0.0031889	 0.981941	 -0.163003	 -0.426484	 0.104265
173.56	 -0.0886731	 0.00318621	 0.978949	 -0.163235	 -0.412877	 0.104349
173.58	 -0.0864454	 0.0031836	 0.976092	 -0.163469	 -0.39917	 0.104433
173.6	 -0.0842115	 0.00318111	 0.973371	 -0.163704	 -0.385367	 0.104518
173.62	 -0.0819717	 0.00317873	 0.970786	 -0.163941	 -0.37147	 0.104604
173.64	 -0.0797263	 0.00317649	 0.968338	 -0.164179	 -0.357485	 0.104691
173.66	 -0.0774756	 0.00317439	 0.966027	 -0.164419	 -0.343414	 0.104779
173.68	 -0.0752198	 0.00317245	 0.963853	 -0.16466	 -0.32926	 0.104868
173.7	 -0.0729593	 0.00317068	 0.961817	 -0.164902	 -0.315029	 0.104957
173.72	 -0.0706943	 0.00316907	 0.959918	 -0.165145	 -0.300724	 0.105048
173.74	 -0.0684251	 0.00316766	 0.958158	 -0.165389	 -0.286348	 0.10514
173.76	 -0.0661521	 0.00316643	 0.956536	 -0.165634	 -0.271906	 0.105232
173.78	 -0.0638755	 0.0031654	 0.955052	 -0.16588	 -0.257401	 0.105325
173.8	 -0.0615956	 0.00316458	 0.953708	 -0.166126	 -0.242839	 0.105419
173.82	 -0.0593128	 0.00316397	 0.952502	 -0.166374	 -0.228222	 0.105513
173.84	 -0.0570274	 0.00316358	 0.951435	 -0.166622	 -0.213556	 0.105608
173.86	 -0.0547397	 0.00316341	 0.950508	 -0.166871	 -0.198845	 0.105704
173.88	 -0.0524501	 0.00316347	 0.94972	 -0.16712	 -0.184092	 0.105801
173.9	 -0.0501588	 0.00316376	 0.949071	 -0.16737	 -0.169304	 0.105897
173.92	 -0.0478663	 0.00316429	 0.948563	 -0.167619	 -0.154483	 0.105995
173.94	 -0.0455728	 0.00316505	 0.948193	 -0.16787	 -0.139635	 0.106093
173.96	 -0.0432787	 0.00316606	 0.947964	 -0.16812	 -0.124764	 0.106191
173.98	 -0.0409843	 0.0031673	 0.947874	 -0.16837	 -0.109875	 0.106289
174	 -0.0386901	 0.00316878	 0.947924	 -0.16862	 -0.0949724	 0.106388
174.02	 -0.0363963	 0.0031705	 0.948113	 -0.16887	 -0.0800612	 0.106487
174.04	 -0.0341033	 0.00317245	 0.948443	 -0.16912	 -0.065146	 0.106586
174.06	 -0.0318115	 0.00317464	 0.948912	 -0.169369	 -0.0502315	 0.106685
174.08	 -0.0295211	 0.00317705	 0.94952	 -0.169617	 -0.0353226	 0.106784
174.1	 -0.0272326	 0.00317969	 0.950268	 -0.169865	 -0.0204239	 0.106883
174.12	 -0.0249463	 0.00318254	 0.951155	 -0.170112	 -0.00554026	 0.106982
174.14	 -0.0226626	 0.0031856	 0.952182	 -0.170358	 0.00932349	 0.107081
174.16	 -0.0203817	 0.00318887	 0.953347	 -0.170602	 0.0241626	 0.10718
174.18	 -0.0181041	 0.00319232	 0.954651	 -0.170845	 0.0389722	 0.107278
174.2	 -0.0158302	 0.00319597	 0.956094	 -0.171087	 0.0537475	 0.107376
174.22	 -0.0135601	 0.00319979	 0.957676	 -0.171327	 0.0684838	 0.107473
174.24	 -0.0112943	 0.00320377	 0.959396	 -0.171564	 0.0831762	 0.10757
174.26	 -0.00903316	 0.00320791	 0.961254	 -0.1718	 0.09782	 0.107666
174.28	 -0.00677695	 0.00321219	 0.96325	 -0.172033	 0.11241	 0.107762
174.3	 -0.00452602	 0.00321659	 0.965383	 -0.172264	 0.126943	 0.107857
174.32	 -0.0022807	 0.00322111	 0.967653	 -0.172492	 0.141413	 0.107951
174.34	 -4.13127e-05	 0.00322572	 0.970061	 -0.172716	 0.155815	 0.108045
174.36	 0.00219183	 0.00323042	 0.972605	 -0.172938	 0.170146	 0.108137
174.38	 0.00441843	 0.00323518	 0.975285	 -0.173156	 0.184401	 0.108228
174.4	 0.00663816	 0.00323999	 0.978101	 -0.17337	 0.198575	 0.108319
174.42	 0.00885074	 0.00324485	 0.981052	 -0.17358	 0.212664	 0.108408
174.44	 0.0110559	 0.00324972	 0.984139	 -0.173786	 0.226663	 0.108496
174.46	 0.0132533	 0.0032546	 0.98736	 -0.173988	 0.240569	 0.108582
174.48	 0.0154426	 0.00325948	 0.990715	 -0.174186	 0.254378	 0.108667
174.5	 0.0176237	 0.00326434	 0.994204	 -0.174379	 0.268084	 0.108751
174.52	 0.0197962	 0.00326916	 0.997826	 -0.174567	 0.281685	 0.108833
174.54	 0.02196	 0.00327393	 1.00158	 -0.174751	 0.295175	 0.108914
174.56	 0.0241146	 0.00327864	 1.00547	 -0.174929	 0.308552	 0.108993
174.58	 0.02626	 0.00328327	 1.00949	 -0.175102	 0.321811	 0.10907
174.6	 0.0283957	 0.00328781	 1.01364	 -0.17527	 0.334949	 0.109146
174.62	 0.0305218	 0.00329224	 1.01792	 -0.175433	 0.347962	 0.10922
174.64	 0.0326378	 0.00329656	 1.02233	 -0.175589	 0.360845	 0.109292
174.66	 0.0347436	 0.00330075	 1.02687	 -0.175741	 0.373597	 0.109362
174.68	 0.036839	 0.0033048	 1.03154	 -0.175886	 0.386212	 0.109429
174.7	 0.0389238	 0.00330869	 1.03633	 -0.176026	 0.398689	 0.109495
174.72	 0.0409977	 0.00331242	 1.04126	 -0.17616	 0.411022	 0.109559
174.74	 0.0430607	 0.00331596	 1.04631	 -0.176287	 0.42321	 0.109621
174.76	 0.0451126	 0.00331932	 1.05148	 -0.176409	 0.435249	 0.10968
174.78	 0.0471531	 0.00332247	 1.05678	 -0.176524	 0.447136	 0.109737
174.8	 0.0491822	 0.00332541	 1.06221	 -0.176632	 0.458869	 0.109792
174.82	 0.0511996	 0.00332813	 1.06776	 -0.176735	 0.470444	 0.109844
174.84	 0.0532054	 0.0033306	 1.07343	 -0.17683	 0.481859	 0.109894
174.86	 0.0551992	 0.00333283	 1.07923	 -0.176918	 0.493112	 0.109942
174.88	 0.0571811	 0.0033348	 1.08515	 -0.177	 0.5042	 0.109987
174.9	 0.0591509	 0.00333649	 1.09119	 -0.177074	 0.515121	 0.110029
174.92	 0.0611085	 0.00333791	 1.09734	 -0.177141	 0.525872	 0.110069
174.94	 0.0630539	 0.00333905	 1.10362	 -0.1772	 0.536453	 0.110106
174.96	 0.0649868	 0.00333988	 1.11002	 -0.177253	 0.54686	 0.110141
174.98	 0.0669073	 0.00334042	 1.11653	 -0.177297	 0.557092	 0.110173
175	 0.0688153	 0.00334064	 1.12316	 -0.177334	 0.567148	 0.110202
175.02	 0.0707108	 0.00334055	 1.12991	 -0.177363	 0.577025	 0.110228
175.04	 0.0725935	 0.00334014	 1.13677	 -0.177384	 0.586722	 0.110251
175.06	 0.0744637	 0.0033394	 1.14374	 -0.177397	 0.596238	 0.110272
175.08	 0.076321	 0.00333833	 1.15083	 -0.177402	 0.605573	 0.11029
175.1	 0.0781657	 0.00333693	 1.15803	 -0.177399	 0.614723	 0.110305
175.12	 0.0799975	 0.0033352	 1.16534	 -0.177388	 0.62369	 0.110318
175.14	 0.0818165	 0.00333313	 1.17276	 -0.177369	 0.632471	 0.110327
175.16	 0.0836227	 0.00333073	 1.18029	 -0.177341	 0.641066	 0.110334
175.18	 0.085416	 0.00332798	 1.18793	 -0.177305	 0.649475	 0.110338
175.2	 0.0871965	 0.0033249	 1.19568	 -0.17726	 0.657697	 0.110339
175.22	 0.088964	 0.00332149	 1.20353	 -0.177208	 0.66573	 0.110337
175.24	 0.0907187	 0.00331774	 1.21149	 -0.177147	 0.673576	 0.110332
175.26	 0.0924605	 0.00331368	 1.21955	 -0.177077	 0.681234	 0.110325
175.28	 0.0941894	 0.00330931	 1.22772	 -0.177	 0.688703	 0.110314
175.3	 0.0959054	 0.00330463	 1.23598	 -0.176915	 0.695985	 0.110301
175.32	 0.0976085	 0.00329966	 1.24435	 -0.176821	 0.703078	 0.110285
175.34	 0.0992987	 0.0032944	 1.25282	 -0.17672	 0.709983	 0.110266
175.36	 0.100976	 0.00328887	 1.26139	 -0.17661	 0.716701	 0.110245
175.38	 0.102641	 0.00328307	 1.27006	 -0.176494	 0.723232	 0.11022
175.4	 0.104292	 0.00327703	 1.27882	 -0.176369	 0.729577	 0.110193
175.42	 0.105931	 0.00327074	 1.28768	 -0.176237	 0.735735	 0.110163
175.44	 0.107557	 0.00326422	 1.29664	 -0.176097	 0.741709	 0.110131
175.46	 0.10917	 0.00325748	 1.30568	 -0.17595	 0.747498	 0.110095
175.48	 0.11077	 0.00325055	 1.31482	 -0.175796	 0.753103	 0.110057
175.5	 0.112358	 0.00324342	 1.32405	 -0.175635	 0.758527	 0.110016
175.52	 0.113932	 0.00323612	 1.33338	 -0.175466	 0.763768	 0.109973
175.54	 0.115494	 0.00322867	 1.34279	 -0.175291	 0.76883	 0.109927
175.56	 0.117043	 0.00322107	 1.35229	 -0.17511	 0.773712	 0.109878
175.58	 0.118579	 0.00321335	 1.36187	 -0.174921	 0.778416	 0.109827
175.6	 0.120102	 0.00320552	 1.37154	 -0.174726	 0.782944	 0.109773
175.62	 0.121612	 0.00319759	 1.3813	 -0.174525	 0.787296	 0.109717
175.64	 0.123109	 0.0031896	 1.39114	 -0.174318	 0.791475	 0.109659
175.66	 0.124593	 0.00318154	 1.40106	 -0.174105	 0.795481	 0.109598
175.68	 0.126064	 0.00317344	 1.41106	 -0.173886	 0.799317	 0.109535
175.7	 0.127522	 0.00316532	 1.42114	 -0.173662	 0.802983	 0.10947
175.72	 0.128967	 0.00315721	 1.4313	 -0.173432	 0.806483	 0.109403
175.74	 0.130399	 0.00314911	 1.44154	 -0.173197	 0.809816	 0.109333
175.76	 0.131817	 0.00314105	 1.45185	 -0.172957	 0.812986	 0.109262
175.78	 0.133222	 0.00313305	 1.46224	 -0.172713	 0.815994	 0.109188
175.8	 0.134614	 0.00312513	 1.4727	 -0.172463	 0.818842	 0.109113
175.82	 0.135992	 0.0031173	 1.48324	 -0.17221	 0.821532	 0.109036
175.84	 0.137356	 0.00310958	 1.49384	 -0.171952	 0.824065	 0.108957
175.86	 0.138706	 0.003102	 1.50452	 -0.171691	 0.826444	 0.108876
175.88	 0.140043	 0.00309457	 1.51526	 -0.171425	 0.828671	 0.108794
175.9	 0.141366	 0.00308731	 1.52607	 -0.171156	 0.830747	 0.10871
175.92	 0.142675	 0.00308024	 1.53695	 -0.170884	 0.832675	 0.108624
175.94	 0.143969	 0.00307337	 1.54789	 -0.170609	 0.834457	 0.108537
175.96	 0.145249	 0.00306673	 1.55889	 -0.170331	 0.836096	 0.108449
175.98	 0.146514	 0.00306033	 1.56996	 -0.17005	 0.837592	 0.10836
176	 0.147765	 0.00305418	 1.58109	 -0.169768	 0.838949	 0.108269
176.02	 0.149	 0.0030483	 1.59228	 -0.169482	 0.840168	 0.108177
176.04	 0.150221	 0.00304271	 1.60352	 -0.169196	 0.841251	 0.108084
176.06	 0.151426	 0.00303741	 1.61483	 -0.168907	 0.842202	 0.10799
176.08	 0.152616	 0.00303242	 1.62618	 -0.168617	 0.843021	 0.107895
176.1	 0.153789	 0.00302776	 1.6376	 -0.168325	 0.843711	 0.107799
176.12	 0.154947	 0.00302343	 1.64906	 -0.168033	 0.844275	 0.107703
176.14	 0.156089	 0.00301944	 1.66058	 -0.16774	 0.844714	 0.107605
176.16	 0.157214	 0.00301581	 1.67215	 -0.167446	 0.845031	 0.107507
176.18	 0.158323	 0.00301255	 1.68377	 -0.167152	 0.845228	 0.107409
176.2	 0.159414	 0.00300966	 1.69543	 -0.166857	 0.845306	 0.10731
176.22	 0.160488	 0.00300715	 1.70714	 -0.166563	 0.845268	 0.107211
176.24	 0.161545	 0.00300503	 1.7189	 -0.166269	 0.845117	 0.107111
176.26	 0.162584	 0.00300331	 1.7307	 -0.165975	 0.844853	 0.107011
176.28	 0.163605	 0.00300198	 1.74254	 -0.165682	 0.84448	 0.106911
176.3	 0.164607	 0.00300106	 1.75442	 -0.165389	 0.844	 0.106811
176.32	 0.165591	 0.00300054	 1.76634	 -0.165098	 0.843414	 0.106711
176.34	 0.166556	 0.00300043	 1.7783	 -0.164808	 0.842724	 0.106611
176.36	 0.167501	 0.00300073	 1.7903	 -0.164519	 0.841933	 0.106511
176.38	 0.168427	 0.00300143	 1.80233	 -0.164232	 0.841042	 0.106412
176.4	 0.169333	 0.00300254	 1.8144	 -0.163946	 0.840053	 0.106312
176.42	 0.170218	 0.00300405	 1.8265	 -0.163662	 0.838969	 0.106213
176.44	 0.171083	 0.00300596	 1.83863	 -0.163381	 0.837791	 0.106114
176.46	 0.171927	 0.00300825	 1.85079	 -0.163101	 0.836522	 0.106016
176.48	 0.172749	 0.00301094	 1.86298	 -0.162824	 0.835162	 0.105918
176.5	 0.17355	 0.003014	 1.8752	 -0.162549	 0.833714	 0.10582
176.52	 0.174328	 0.00301743	 1.88744	 -0.162277	 0.832179	 0.105723
176.54	 0.175085	 0.00302122	 1.89971	 -0.162008	 0.83056	 0.105627
176.56	 0.175818	 0.00302535	 1.91199	 -0.161741	 0.828858	 0.105532
176.58	 0.176529	 0.00302982	 1.92431	 -0.161477	 0.827075	 0.105437
176.6	 0.177216	 0.00303461	 1.93664	 -0.161217	 0.825213	 0.105343
176.62	 0.177879	 0.00303971	 1.94899	 -0.160959	 0.823272	 0.10525
176.64	 0.178518	 0.00304509	 1.96135	 -0.160705	 0.821255	 0.105158
176.66	 0.179133	 0.00305076	 1.97374	 -0.160454	 0.819164	 0.105067
176.68	 0.179722	 0.00305668	 1.98613	 -0.160206	 0.817	 0.104977
176.7	 0.180287	 0.00306285	 1.99854	 -0.159961	 0.814764	 0.104888
176.72	 0.180826	 0.00306923	 2.01097	 -0.159721	 0.812458	 0.1048
176.74	 0.181339	 0.00307582	 2.0234	 -0.159483	 0.810083	 0.104712
176.76	 0.181826	 0.0030826	 2.03584	 -0.159249	 0.807641	 0.104626
176.78	 0.182286	 0.00308954	 2.04829	 -0.159019	 0.805134	 0.104542
176.8	 0.182719	 0.00309662	 2.06074	 -0.158793	 0.802561	 0.104458
176.82	 0.183125	 0.00310381	 2.0732	 -0.15857	 0.799926	 0.104375
176.84	 0.183504	 0.00311111	 2.08566	 -0.158351	 0.797229	 0.104294
176.86	 0.183855	 0.00311848	 2.09813	 -0.158135	 0.794472	 0.104214
176.88	 0.184178	 0.00312589	 2.11059	 -0.157924	 0.791655	 0.104135
176.9	 0.184472	 0.00313333	 2.12306	 -0.157716	 0.78878	 0.104057
176.92	 0.184738	 0.00314078	 2.13552	 -0.157512	 0.785848	 0.10398
176.94	 0.184974	 0.00314819	 2.14798	 -0.157311	 0.78286	 0.103905
176.96	 0.185182	 0.00315556	 2.16043	 -0.157115	 0.779817	 0.103831
176.98	 0.18536	 0.00316285	 2.17288	 -0.156922	 0.776721	 0.103758
177	 0.185508	 0.00317004	 2.18532	 -0.156732	 0.773573	 0.103686
177.02	 0.185626	 0.0031771	 2.19775	 -0.156547	 0.770373	 0.103615
177.04	 0.185714	 0.00318401	 2.21016	 -0.156364	 0.767122	 0.103546
177.06	 0.185772	 0.00319074	 2.22257	 -0.156186	 0.763822	 0.103477
177.08	 0.185799	 0.00319726	 2.23496	 -0.156011	 0.760474	 0.10341
177.1	 0.185796	 0.00320355	 2.24734	 -0.155839	 0.757078	 0.103344
177.12	 0.185761	 0.00320959	 2.25971	 -0.155671	 0.753635	 0.103279
177.14	 0.185695	 0.00321534	 2.27205	 -0.155506	 0.750146	 0.103216
177.16	 0.185598	 0.00322078	 2.28438	 -0.155345	 0.746613	 0.103153
177.18	 0.18547	 0.0032259	 2.29668	 -0.155186	 0.743035	 0.103091
177.2	 0.18531	 0.00323066	 2.30897	 -0.155031	 0.739414	 0.10303
177.22	 0.185119	 0.00323504	 2.32123	 -0.154879	 0.735751	 0.102971
177.24	 0.184896	 0.00323902	 2.33346	 -0.15473	 0.732045	 0.102912
177.26	 0.184641	 0.00324258	 2.34567	 -0.154583	 0.728299	 0.102854
177.28	 0.184354	 0.00324569	 2.35786	 -0.15444	 0.724513	 0.102797
177.3	 0.184035	 0.00324833	 2.37001	 -0.154299	 0.720687	 0.102741
177.32	 0.183685	 0.00325049	 2.38214	 -0.154161	 0.716822	 0.102686
177.34	 0.183303	 0.00325214	 2.39423	 -0.154026	 0.712919	 0.102632
177.36	 0.182888	 0.00325327	 2.4063	 -0.153893	 0.708978	 0.102578
177.38	 0.182442	 0.00325386	 2.41833	 -0.153763	 0.705	 0.102525
177.4	 0.181964	 0.00325389	 2.43032	 -0.153635	 0.700986	 0.102473
177.42	 0.181454	 0.00325335	 2.44228	 -0.153509	 0.696936	 0.102421
177.44	 0.180913	 0.00325222	 2.4542	 -0.153385	 0.69285	 0.10237
177.46	 0.18034	 0.00325049	 2.46608	 -0.153264	 0.68873	 0.102319
177.48	 0.179735	 0.00324816	 2.47793	 -0.153145	 0.684575	 0.102268
177.5	 0.179099	 0.0032452	 2.48973	 -0.153027	 0.680387	 0.102218
177.52	 0.178432	 0.00324161	 2.50149	 -0.152911	 0.676165	 0.102169
177.54	 0.177733	 0.00323737	 2.5132	 -0.152798	 0.671911	 0.102119
177.56	 0.177004	 0.00323249	 2.52487	 -0.152685	 0.667624	 0.10207
177.58	 0.176243	 0.00322696	 2.5365	 -0.152575	 0.663305	 0.102021
177.6	 0.175452	 0.00322077	 2.54807	 -0.152466	 0.658954	 0.101972
177.62	 0.174631	 0.00321392	 2.5596	 -0.152358	 0.654572	 0.101924
177.64	 0.173779	 0.00320641	 2.57108	 -0.152252	 0.650159	 0.101875
177.66	 0.172897	 0.00319823	 2.58251	 -0.152147	 0.645715	 0.101826
177.68	 0.171986	 0.0031894	 2.59389	 -0.152044	 0.641241	 0.101778
177.7	 0.171045	 0.0031799	 2.60521	 -0.151942	 0.636736	 0.101729
177.72	 0.170075	 0.00316975	 2.61648	 -0.15184	 0.632202	 0.10168
177.74	 0.169075	 0.00315895	 2.62769	 -0.15174	 0.627638	 0.101631
177.76	 0.168048	 0.0031475	 2.63885	 -0.151641	 0.623044	 0.101582
177.78	 0.166992	 0.00313543	 2.64994	 -0.151543	 0.618421	 0.101532
177.8	 0.165907	 0.00312272	 2.66098	 -0.151446	 0.613769	 0.101483
177.82	 0.164795	 0.0031094	 2.67196	 -0.151349	 0.609088	 0.101433
177.84	 0.163656	 0.00309548	 2.68288	 -0.151254	 0.604378	 0.101382
177.86	 0.16249	 0.00308097	 2.69374	 -0.151159	 0.599639	 0.101331
177.88	 0.161297	 0.00306589	 2.70453	 -0.151065	 0.594871	 0.10128
177.9	 0.160078	 0.00305025	 2.71526	 -0.150972	 0.590075	 0.101229
177.92	 0.158832	 0.00303406	 2.72592	 -0.15088	 0.585249	 0.101177
177.94	 0.157562	 0.00301735	 2.73651	 -0.150788	 0.580395	 0.101124
177.96	 0.156266	 0.00300014	 2.74704	 -0.150697	 0.575511	 0.101071
177.98	 0.154945	 0.00298245	 2.7575	 -0.150607	 0.570599	 0.101017
178	 0.1536	 0.00296429	 2.76789	 -0.150517	 0.565658	 0.100963
178.02	 0.152231	 0.00294569	 2.77821	 -0.150428	 0.560687	 0.100908
178.04	 0.150838	 0.00292668	 2.78846	 -0.150339	 0.555687	 0.100853
178.06	 0.149422	 0.00290727	 2.79864	 -0.150251	 0.550657	 0.100797
178.08	 0.147984	 0.00288751	 2.80874	 -0.150164	 0.545598	 0.10074
178.1	 0.146523	 0.0028674	 2.81877	 -0.150077	 0.540508	 0.100683
178.12	 0.145041	 0.00284698	 2.82872	 -0.149991	 0.535388	 0.100625
178.14	 0.143536	 0.00282627	 2.83859	 -0.149905	 0.530237	 0.100566
178.16	 0.142011	 0.00280531	 2.84839	 -0.14982	 0.525055	 0.100507
178.18	 0.140466	 0.00278411	 2.85811	 -0.149735	 0.519842	 0.100447
178.2	 0.1389	 0.00276272	 2.86775	 -0.149651	 0.514597	 0.100386
178.22	 0.137314	 0.00274117	 2.87731	 -0.149568	 0.509319	 0.100325
178.24	 0.13571	 0.00271947	 2.88679	 -0.149485	 0.504009	 0.100263
178.26	 0.134086	 0.00269767	 2.89619	 -0.149403	 0.498666	 0.1002
178.28	 0.132444	 0.00267579	 2.90551	 -0.149321	 0.49329	 0.100137
178.3	 0.130784	 0.00265386	 2.91474	 -0.14924	 0.487879	 0.100073
178.32	 0.129107	 0.00263193	 2.92389	 -0.14916	 0.482433	 0.100008
178.34	 0.127412	 0.00261	 2.93295	 -0.14908	 0.476953	 0.0999432
178.36	 0.125701	 0.00258813	 2.94192	 -0.149001	 0.471437	 0.0998774
178.38	 0.123974	 0.00256633	 2.95081	 -0.148923	 0.465885	 0.0998109
178.4	 0.12223	 0.00254465	 2.95961	 -0.148845	 0.460295	 0.0997439
178.42	 0.120472	 0.0025231	 2.96832	 -0.148768	 0.454669	 0.0996764
178.44	 0.118698	 0.00250173	 2.97695	 -0.148692	 0.449004	 0.0996084
178.46	 0.11691	 0.00248056	 2.98548	 -0.148616	 0.443301	 0.0995399
178.48	 0.115108	 0.00245962	 2.99392	 -0.148541	 0.437558	 0.0994709
178.5	 0.113292	 0.00243894	 3.00227	 -0.148467	 0.431776	 0.0994016
178.52	 0.111463	 0.00241855	 3.01053	 -0.148394	 0.425953	 0.0993318
178.54	 0.109621	 0.00239848	 3.0187	 -0.148321	 0.420088	 0.0992618
178.56	 0.107766	 0.00237876	 3.02677	 -0.14825	 0.414182	 0.0991914
178.58	 0.105899	 0.0023594	 3.03474	 -0.148179	 0.408233	 0.0991208
178.6	 0.104021	 0.00234044	 3.04262	 -0.148108	 0.402241	 0.09905
178.62	 0.10213	 0.0023219	 3.05041	 -0.148039	 0.396204	 0.098979
178.64	 0.100229	 0.00230381	 3.0581	 -0.14797	 0.390123	 0.0989079
178.66	 0.0983174	 0.00228618	 3.06569	 -0.147903	 0.383997	 0.0988366
178.68	 0.0963952	 0.00226904	 3.07318	 -0.147836	 0.377825	 0.0987654
178.7	 0.0944629	 0.00225241	 3.08058	 -0.147769	 0.371605	 0.0986941
178.72	 0.092521	 0.0022363	 3.08787	 -0.147704	 0.365339	 0.098623
178.74	 0.0905697	 0.00222074	 3.09507	 -0.147639	 0.359024	 0.0985519
178.76	 0.0886094	 0.00220575	 3.10216	 -0.147575	 0.352661	 0.098481
178.78	 0.0866404	 0.00219133	 3.10915	 -0.147511	 0.346248	 0.0984103
178.8	 0.0846629	 0.0021775	 3.11604	 -0.147449	 0.339784	 0.0983398
178.82	 0.0826773	 0.00216429	 3.12283	 -0.147387	 0.333271	 0.0982696
178.84	 0.0806838	 0.00215168	 3.12952	 -0.147325	 0.326705	 0.0981997
178.86	 0.0786828	 0.00213971	 3.1361	 -0.147264	 0.320088	 0.0981303
178.88	 0.0766745	 0.00212838	 3.14258	 -0.147203	 0.313418	 0.0980612
178.9	 0.0746591	 0.00211769	 3.14895	 -0.147143	 0.306695	 0.0979927
178.92	 0.072637	 0.00210766	 3.15521	 -0.147083	 0.299918	 0.0979246
178.94	 0.0706084	 0.00209828	 3.16138	 -0.147024	 0.293087	 0.0978571
178.96	 0.0685735	 0.00208956	 3.16743	 -0.146964	 0.286201	 0.0977902
178.98	 0.0665325	 0.00208151	 3.17338	 -0.146905	 0.27926	 0.097724
179	 0.0644858	 0.00207412	 3.17922	 -0.146846	 0.272264	 0.0976584
179.02	 0.0624334	 0.0020674	 3.18495	 -0.146787	 0.265211	 0.0975936
179.04	 0.0603757	 0.00206135	 3.19057	 -0.146728	 0.258103	 0.0975295
179.06	 0.0583129	 0.00205596	 3.19608	 -0.146668	 0.250938	 0.0974663
179.08	 0.056245	 0.00205123	 3.20149	 -0.146609	 0.243716	 0.0974039
179.1	 0.0541724	 0.00204715	 3.20678	 -0.146549	 0.236437	 0.0973424
179.12	 0.0520953	 0.00204373	 3.21196	 -0.14649	 0.229101	 0.0972819
179.14	 0.0500137	 0.00204096	 3.21703	 -0.14643	 0.221708	 0.0972224
179.16	 0.0479279	 0.00203882	 3.22199	 -0.146369	 0.214258	 0.0971638
179.18	 0.0458381	 0.00203731	 3.22684	 -0.146308	 0.20675	 0.0971063
179.2	 0.0437444	 0.00203642	 3.23157	 -0.146247	 0.199185	 0.0970499
179.22	 0.0416469	 0.00203614	 3.2362	 -0.146185	 0.191563	 0.0969946
179.24	 0.0395459	 0.00203645	 3.2407	 -0.146123	 0.183884	 0.0969405
179.26	 0.0374414	 0.00203735	 3.2451	 -0.14606	 0.176148	 0.0968875
179.28	 0.0353337	 0.00203882	 3.24938	 -0.145997	 0.168355	 0.0968357
179.3	 0.0332228	 0.00204084	 3.25355	 -0.145932	 0.160506	 0.0967851
179.32	 0.0311089	 0.0020434	 3.2576	 -0.145867	 0.152602	 0.0967357
179.34	 0.0289921	 0.00204648	 3.26153	 -0.145801	 0.144641	 0.0966876
179.36	 0.0268726	 0.00205007	 3.26535	 -0.145734	 0.136626	 0.0966407
179.38	 0.0247504	 0.00205413	 3.26905	 -0.145667	 0.128556	 0.0965951
179.4	 0.0226257	 0.00205867	 3.27264	 -0.145598	 0.120433	 0.0965508
179.42	 0.0204985	 0.00206365	 3.27611	 -0.145528	 0.112255	 0.0965078
179.44	 0.0183691	 0.00206905	 3.27946	 -0.145457	 0.104026	 0.0964661
179.46	 0.0162375	 0.00207486	 3.28269	 -0.145384	 0.0957444	 0.0964258
179.48	 0.0141038	 0.00208106	 3.28581	 -0.145311	 0.0874119	 0.0963867
179.5	 0.011968	 0.00208761	 3.28881	 -0.145236	 0.0790292	 0.0963491
179.52	 0.00983043	 0.00209451	 3.29169	 -0.145159	 0.0705973	 0.0963127
179.54	 0.00769103	 0.00210172	 3.29445	 -0.145082	 0.0621173	 0.0962777
179.56	 0.00554995	 0.00210923	 3.29709	 -0.145002	 0.0535902	 0.096244
179.58	 0.00340727	 0.00211701	 3.29961	 -0.144921	 0.0450172	 0.0962115
179.6	 0.00126309	 0.00212504	 3.30201	 -0.144839	 0.0363995	 0.0961803
179.62	 -0.000882494	 0.0021333	 3.30429	 -0.144754	 0.0277386	 0.0961503
179.64	 -0.00302939	 0.00214176	 3.30646	 -0.144668	 0.0190357	 0.0961215
179.66	 -0.0051775	 0.0021504	 3.3085	 -0.14458	 0.0102924	 0.0960939
179.68	 -0.00732674	 0.00215919	 3.31042	 -0.14449	 0.00151014	 0.0960674
179.7	 -0.00947701	 0.00216811	 3.31221	 -0.144398	 -0.0073095	 0.096042
179.72	 -0.0116282	 0.00217714	 3.31389	 -0.144304	 -0.0161649	 0.0960177
179.74	 -0.0137802	 0.00218626	 3.31545	 -0.144208	 -0.0250543	 0.0959943
179.76	 -0.015933	 0.00219544	 3.31688	 -0.14411	 -0.0339761	 0.0959719
179.78	 -0.0180864	 0.00220466	 3.31819	 -0.14401	 -0.0429284	 0.0959504
179.8	 -0.0202404	 0.00221389	 3.31938	 -0.143907	 -0.0519094	 0.0959298
179.82	 -0.0223948	 0.00222313	 3.32045	 -0.143803	 -0.0609171	 0.09591
179.84	 -0.0245496	 0.00223235	 3.32139	 -0.143696	 -0.0699496	 0.0958909
179.86	 -0.0267046	 0.00224152	 3.32222	 -0.143587	 -0.0790049	 0.0958724
179.88	 -0.0288598	 0.00225063	 3.32292	 -0.143475	 -0.0880809	 0.0958546
179.9	 -0.031015	 0.00225965	 3.32349	 -0.143362	 -0.0971756	 0.0958374
179.92	 -0.0331702	 0.00226858	 3.32395	 -0.143247	 -0.106287	 0.0958207
179.94	 -0.0353252	 0.00227739	 3.32428	 -0.143129	 -0.115413	 0.0958045
179.96	 -0.0374801	 0.00228607	 3.32448	 -0.14301	 -0.124551	 0.0957887
179.98	 -0.0396345	 0.0022946	 3.32457	 -0.142889	 -0.133699	 0.0957733
180	 -0.0417886	 0.00230296	 3.32453	 -0.142765	 -0.142855	 0.0957581
180.02	 -0.043942	 0.00231115	 3.32436	 -0.142641	 -0.152017	 0.0957433
180.04	 -0.0460949	 0.00231915	 3.32408	 -0.142514	 -0.161183	 0.0957286
180.06	 -0.0482469	 0.00232695	 3.32367	 -0.142386	 -0.17035	 0.0957142
180.08	 -0.0503981	 0.00233453	 3.32314	 -0.142256	 -0.179516	 0.0956999
180.1	 -0.0525483	 0.0023419	 3.32248	 -0.142125	 -0.188679	 0.0956857
180.12	 -0.0546975	 0.00234904	 3.3217	 -0.141993	 -0.197836	 0.0956716
180.14	 -0.0568454	 0.00235594	 3.3208	 -0.14186	 -0.206986	 0.0956575
180.16	 -0.0589921	 0.00236261	 3.31978	 -0.141726	 -0.216126	 0.0956434
180.18	 -0.0611373	 0.00236902	 3.31863	 -0.141592	 -0.225254	 0.0956293
180.2	 -0.0632811	 0.00237519	 3.31736	 -0.141456	 -0.234368	 0.0956151
180.22	 -0.0654232	 0.0023811	 3.31597	 -0.141321	 -0.243465	 0.0956008
180.24	 -0.0675636	 0.00238676	 3.31445	 -0.141185	 -0.252543	 0.0955864
180.26	 -0.0697022	 0.00239216	 3.31281	 -0.141048	 -0.2616	 0.0955718
180.28	 -0.0718388	 0.00239731	 3.31105	 -0.140912	 -0.270635	 0.095557
180.3	 -0.0739733	 0.0024022	 3.30917	 -0.140777	 -0.279644	 0.095542
180.32	 -0.0761057	 0.00240683	 3.30717	 -0.140641	 -0.288625	 0.0955267
180.34	 -0.0782358	 0.0024112	 3.30504	 -0.140506	 -0.297578	 0.0955112
180.36	 -0.0803635	 0.00241532	 3.30279	 -0.140372	 -0.306499	 0.0954954
180.38	 -0.0824887	 0.00241918	 3.30042	 -0.140238	 -0.315387	 0.0954793
180.4	 -0.0846113	 0.00242279	 3.29793	 -0.140106	 -0.32424	 0.095463
180.42	 -0.0867311	 0.00242616	 3.29533	 -0.139975	 -0.333056	 0.0954463
180.44	 -0.0888481	 0.00242928	 3.2926	 -0.139845	 -0.341833	 0.0954294
180.46	 -0.0909622	 0.00243216	 3.28974	 -0.139717	 -0.350569	 0.0954121
180.48	 -0.0930732	 0.00243481	 3.28677	 -0.13959	 -0.359263	 0.0953946
180.5	 -0.095181	 0.00243723	 3.28369	 -0.139465	 -0.367912	 0.0953768
180.52	 -0.0972854	 0.00243943	 3.28048	 -0.139343	 -0.376516	 0.0953587
180.54	 -0.0993865	 0.00244142	 3.27715	 -0.139223	 -0.385071	 0.0953404
180.56	 -0.101484	 0.00244319	 3.2737	 -0.139105	 -0.393578	 0.0953218
180.58	 -0.103578	 0.00244477	 3.27014	 -0.13899	 -0.402033	 0.0953029
180.6	 -0.105668	 0.00244616	 3.26646	 -0.138877	 -0.410436	 0.0952838
180.62	 -0.107754	 0.00244736	 3.26266	 -0.138767	 -0.418785	 0.0952645
180.64	 -0.109836	 0.00244839	 3.25874	 -0.138661	 -0.427079	 0.0952449
180.66	 -0.111914	 0.00244924	 3.25471	 -0.138557	 -0.435317	 0.0952252
180.68	 -0.113988	 0.00244994	 3.25056	 -0.138457	 -0.443497	 0.0952052
180.7	 -0.116058	 0.00245049	 3.2463	 -0.138361	 -0.451619	 0.0951851
180.72	 -0.118122	 0.00245088	 3.24192	 -0.138268	 -0.459681	 0.0951649
180.74	 -0.120183	 0.00245114	 3.23743	 -0.138178	 -0.467682	 0.0951445
180.76	 -0.122238	 0.00245126	 3.23282	 -0.138093	 -0.475622	 0.0951241
180.78	 -0.124289	 0.00245125	 3.2281	 -0.138011	 -0.4835	 0.0951037
180.8	 -0.126334	 0.00245112	 3.22326	 -0.137934	 -0.491316	 0.0950832
180.82	 -0.128375	 0.00245088	 3.21831	 -0.13786	 -0.499067	 0.0950629
180.84	 -0.13041	 0.00245054	 3.21325	 -0.137791	 -0.506756	 0.0950426
180.86	 -0.13244	 0.00245011	 3.20808	 -0.137726	 -0.514379	 0.0950225
180.88	 -0.134464	 0.00244959	 3.2028	 -0.137665	 -0.521938	 0.0950025
180.9	 -0.136483	 0.00244899	 3.1974	 -0.13761	 -0.529432	 0.0949828
180.92	 -0.138495	 0.00244832	 3.1919	 -0.137558	 -0.53686	 0.0949633
180.94	 -0.140502	 0.00244757	 3.18629	 -0.137512	 -0.544222	 0.0949442
180.96	 -0.142503	 0.00244677	 3.18057	 -0.13747	 -0.551518	 0.0949254
180.98	 -0.144497	 0.0024459	 3.17473	 -0.137433	 -0.558749	 0.0949071
181	 -0.146485	 0.00244498	 3.1688	 -0.137401	 -0.565913	 0.0948892
181.02	 -0.148466	 0.002444	 3.16275	 -0.137373	 -0.57301	 0.0948718
181.04	 -0.150441	 0.00244298	 3.1566	 -0.137351	 -0.580042	 0.0948549
181.06	 -0.152408	 0.00244191	 3.15034	 -0.137334	 -0.587008	 0.0948387
181.08	 -0.154369	 0.0024408	 3.14398	 -0.137321	 -0.593907	 0.0948231
181.1	 -0.156322	 0.00243966	 3.13751	 -0.137314	 -0.600741	 0.0948082
181.12	 -0.158268	 0.00243849	 3.13094	 -0.137312	 -0.60751	 0.094794
181.14	 -0.160206	 0.00243729	 3.12427	 -0.137315	 -0.614213	 0.0947806
181.16	 -0.162137	 0.00243607	 3.11749	 -0.137323	 -0.620852	 0.094768
181.18	 -0.164059	 0.00243482	 3.11061	 -0.137336	 -0.627427	 0.0947563
181.2	 -0.165973	 0.00243356	 3.10363	 -0.137355	 -0.633938	 0.0947455
181.22	 -0.167879	 0.00243227	 3.09655	 -0.137379	 -0.640385	 0.0947356
181.24	 -0.169776	 0.00243098	 3.08937	 -0.137408	 -0.64677	 0.0947268
181.26	 -0.171664	 0.00242967	 3.08209	 -0.137442	 -0.653093	 0.094719
181.28	 -0.173543	 0.00242835	 3.07472	 -0.137481	 -0.659354	 0.0947123
181.3	 -0.175413	 0.00242702	 3.06724	 -0.137525	 -0.665554	 0.0947067
181.32	 -0.177273	 0.00242568	 3.05967	 -0.137575	 -0.671693	 0.0947022
181.34	 -0.179124	 0.00242434	 3.052	 -0.137629	 -0.677773	 0.0946989
181.36	 -0.180964	 0.002423	 3.04424	 -0.137689	 -0.683794	 0.0946968
181.38	 -0.182794	 0.00242164	 3.03638	 -0.137753	 -0.689756	 0.094696
181.4	 -0.184614	 0.00242029	 3.02842	 -0.137823	 -0.69566	 0.0946964
181.42	 -0.186423	 0.00241892	 3.02038	 -0.137897	 -0.701507	 0.0946981
181.44	 -0.18822	 0.00241755	 3.01224	 -0.137976	 -0.707298	 0.0947011
181.46	 -0.190006	 0.00241617	 3.00401	 -0.138059	 -0.713034	 0.0947054
181.48	 -0.191781	 0.00241477	 2.99569	 -0.138147	 -0.718714	 0.0947111
181.5	 -0.193544	 0.00241335	 2.98728	 -0.13824	 -0.724341	 0.0947181
181.52	 -0.195294	 0.00241192	 2.97878	 -0.138337	 -0.729914	 0.0947264
181.54	 -0.197032	 0.00241046	 2.97019	 -0.138439	 -0.735434	 0.0947362
181.56	 -0.198756	 0.00240897	 2.96152	 -0.138544	 -0.740903	 0.0947473
181.58	 -0.200468	 0.00240745	 2.95275	 -0.138654	 -0.746321	 0.0947599
181.6	 -0.202166	 0.00240588	 2.94391	 -0.138768	 -0.751688	 0.0947738
181.62	 -0.20385	 0.00240427	 2.93497	 -0.138886	 -0.757006	 0.0947892
181.64	 -0.20552	 0.00240262	 2.92595	 -0.139007	 -0.762274	 0.094806
181.66	 -0.207176	 0.00240091	 2.91685	 -0.139132	 -0.767495	 0.0948242
181.68	 -0.208816	 0.00239915	 2.90767	 -0.13926	 -0.772668	 0.0948439
181.7	 -0.210441	 0.00239732	 2.8984	 -0.139392	 -0.777793	 0.094865
181.72	 -0.212051	 0.00239543	 2.88905	 -0.139527	 -0.782873	 0.0948876
181.74	 -0.213645	 0.00239347	 2.87963	 -0.139664	 -0.787907	 0.0949116
181.76	 -0.215222	 0.00239143	 2.87012	 -0.139804	 -0.792896	 0.094937
181.78	 -0.216783	 0.0023893	 2.86054	 -0.139947	 -0.79784	 0.0949638
181.8	 -0.218326	 0.00238708	 2.85087	 -0.140092	 -0.802741	 0.094992
181.82	 -0.219853	 0.00238477	 2.84114	 -0.14024	 -0.807598	 0.0950217
181.84	 -0.221361	 0.00238236	 2.83132	 -0.140389	 -0.812413	 0.0950527
181.86	 -0.222851	 0.00237984	 2.82143	 -0.14054	 -0.817186	 0.0950851
181.88	 -0.224323	 0.00237721	 2.81147	 -0.140692	 -0.821917	 0.0951189
181.9	 -0.225776	 0.00237446	 2.80143	 -0.140846	 -0.826607	 0.0951539
181.92	 -0.227209	 0.0023716	 2.79133	 -0.141002	 -0.831256	 0.0951903
181.94	 -0.228623	 0.00236862	 2.78115	 -0.141158	 -0.835866	 0.0952279
181.96	 -0.230017	 0.00236552	 2.7709	 -0.141316	 -0.840436	 0.0952668
181.98	 -0.23139	 0.00236229	 2.76058	 -0.141474	 -0.844966	 0.0953068
182	 -0.232742	 0.00235894	 2.7502	 -0.141633	 -0.849457	 0.095348
182.02	 -0.234073	 0.00235546	 2.73974	 -0.141792	 -0.853909	 0.0953903
182.04	 -0.235383	 0.00235184	 2.72922	 -0.141951	 -0.858323	 0.0954338
182.06	 -0.236671	 0.00234809	 2.71864	 -0.142111	 -0.862699	 0.0954783
182.08	 -0.237936	 0.0023442	 2.70799	 -0.14227	 -0.867037	 0.0955239
182.1	 -0.239178	 0.00234018	 2.69728	 -0.142429	 -0.871336	 0.0955705
182.12	 -0.240398	 0.00233602	 2.6865	 -0.142587	 -0.875598	 0.0956181
182.14	 -0.241594	 0.00233173	 2.67567	 -0.142745	 -0.879823	 0.0956666
182.16	 -0.242766	 0.00232732	 2.66477	 -0.142902	 -0.884009	 0.095716
182.18	 -0.243914	 0.00232278	 2.65381	 -0.143058	 -0.888159	 0.0957662
182.2	 -0.245038	 0.00231812	 2.6428	 -0.143214	 -0.892271	 0.0958172
182.22	 -0.246136	 0.00231335	 2.63173	 -0.143368	 -0.896345	 0.0958689
182.24	 -0.24721	 0.00230847	 2.6206	 -0.14352	 -0.900382	 0.0959213
182.26	 -0.248258	 0.0023035	 2.60942	 -0.143672	 -0.904381	 0.0959743
182.28	 -0.24928	 0.00229843	 2.59818	 -0.143822	 -0.908343	 0.0960279
182.3	 -0.250275	 0.00229327	 2.58689	 -0.143971	 -0.912267	 0.0960819
182.32	 -0.251245	 0.00228804	 2.57555	 -0.144118	 -0.916153	 0.0961364
182.34	 -0.252187	 0.00228273	 2.56416	 -0.144263	 -0.92	 0.0961912
182.36	 -0.253103	 0.00227736	 2.55272	 -0.144407	 -0.923809	 0.0962464
182.38	 -0.253991	 0.00227195	 2.54123	 -0.144548	 -0.92758	 0.0963018
182.4	 -0.254851	 0.00226649	 2.52969	 -0.144688	 -0.931311	 0.0963574
182.42	 -0.255684	 0.002261	 2.5181	 -0.144826	 -0.935003	 0.0964132
182.44	 -0.256488	 0.00225549	 2.50647	 -0.144962	 -0.938655	 0.0964691
182.46	 -0.257264	 0.00224998	 2.4948	 -0.145095	 -0.942267	 0.0965251
182.48	 -0.258011	 0.00224446	 2.48308	 -0.145227	 -0.945839	 0.0965812
182.5	 -0.258729	 0.00223896	 2.47132	 -0.145356	 -0.94937	 0.0966372
182.52	 -0.259418	 0.00223349	 2.45952	 -0.145483	 -0.95286	 0.0966931
182.54	 -0.260077	 0.00222806	 2.44768	 -0.145607	 -0.956307	 0.096749
182.56	 -0.260707	 0.00222268	 2.4358	 -0.14573	 -0.959713	 0.0968046
182.58	 -0.261308	 0.00221737	 2.42389	 -0.14585	 -0.963075	 0.09686
182.6	 -0.261878	 0.00221215	 2.41194	 -0.145967	 -0.966395	 0.0969151
182.62	 -0.262419	 0.00220702	 2.39995	 -0.146083	 -0.96967	 0.0969699
182.64	 -0.262929	 0.002202	 2.38793	 -0.146196	 -0.9729	 0.0970243
182.66	 -0.263409	 0.00219711	 2.37588	 -0.146306	 -0.976086	 0.0970783
182.68	 -0.263858	 0.00219236	 2.36379	 -0.146414	 -0.979225	 0.0971319
182.7	 -0.264277	 0.00218777	 2.35168	 -0.14652	 -0.982318	 0.0971849
182.72	 -0.264665	 0.00218335	 2.33954	 -0.146623	 -0.985364	 0.0972374
182.74	 -0.265022	 0.00217911	 2.32737	 -0.146725	 -0.988362	 0.0972894
182.76	 -0.265349	 0.00217508	 2.31517	 -0.146823	 -0.991311	 0.0973407
182.78	 -0.265644	 0.00217127	 2.30295	 -0.14692	 -0.994211	 0.0973914
182.8	 -0.265909	 0.00216769	 2.29071	 -0.147014	 -0.997061	 0.0974415
182.82	 -0.266143	 0.00216437	 2.27844	 -0.147106	 -0.999861	 0.0974909
182.84	 -0.266346	 0.00216131	 2.26615	 -0.147196	 -1.00261	 0.0975396
182.86	 -0.266518	 0.00215853	 2.25384	 -0.147284	 -1.0053	 0.0975875
182.88	 -0.266659	 0.00215605	 2.24151	 -0.14737	 -1.00795	 0.0976347
182.9	 -0.266768	 0.00215388	 2.22917	 -0.147454	 -1.01053	 0.0976811
182.92	 -0.266848	 0.00215203	 2.21681	 -0.147536	 -1.01307	 0.0977267
182.94	 -0.266896	 0.00215053	 2.20444	 -0.147616	 -1.01554	 0.0977714
182.96	 -0.266913	 0.00214937	 2.19205	 -0.147694	 -1.01796	 0.0978154
182.98	 -0.2669	 0.00214859	 2.17965	 -0.147771	 -1.02033	 0.0978585
183	 -0.266856	 0.00214818	 2.16724	 -0.147846	 -1.02263	 0.0979008
183.02	 -0.266782	 0.00214817	 2.15482	 -0.147919	 -1.02488	 0.0979422
183.04	 -0.266677	 0.00214855	 2.14239	 -0.14799	 -1.02706	 0.0979829
183.06	 -0.266542	 0.00214935	 2.12996	 -0.148061	 -1.02919	 0.0980227
183.08	 -0.266377	 0.00215058	 2.11752	 -0.148129	 -1.03125	 0.0980618
183.1	 -0.266182	 0.00215223	 2.10507	 -0.148197	 -1.03325	 0.0981
183.12	 -0.265957	 0.00215433	 2.09263	 -0.148263	 -1.03518	 0.0981374
183.14	 -0.265702	 0.00215688	 2.08018	 -0.148328	 -1.03705	 0.098174
183.16	 -0.265418	 0.00215989	 2.06773	 -0.148392	 -1.03885	 0.0982098
183.18	 -0.265105	 0.00216336	 2.05529	 -0.148455	 -1.04058	 0.0982448
183.2	 -0.264762	 0.00216731	 2.04285	 -0.148517	 -1.04225	 0.098279
183.22	 -0.264391	 0.00217173	 2.03041	 -0.148578	 -1.04385	 0.0983124
183.24	 -0.263991	 0.00217663	 2.01798	 -0.148638	 -1.04537	 0.0983451
183.26	 -0.263562	 0.00218202	 2.00556	 -0.148698	 -1.04683	 0.0983771
183.28	 -0.263106	 0.0021879	 1.99315	 -0.148757	 -1.04821	 0.0984084
183.3	 -0.262621	 0.00219427	 1.98074	 -0.148815	 -1.04952	 0.0984389
183.32	 -0.262109	 0.00220112	 1.96835	 -0.148873	 -1.05075	 0.0984688
183.34	 -0.261569	 0.00220848	 1.95597	 -0.148931	 -1.05191	 0.0984981
183.36	 -0.261003	 0.00221632	 1.94361	 -0.148988	 -1.05298	 0.0985268
183.38	 -0.260409	 0.00222465	 1.93126	 -0.149045	 -1.05398	 0.098555
183.4	 -0.259789	 0.00223348	 1.91893	 -0.149102	 -1.0549	 0.0985826
183.42	 -0.259142	 0.00224278	 1.90661	 -0.149159	 -1.05574	 0.0986098
183.44	 -0.258469	 0.00225257	 1.89432	 -0.149216	 -1.0565	 0.0986365
183.46	 -0.257771	 0.00226283	 1.88205	 -0.149273	 -1.05717	 0.0986628
183.48	 -0.257047	 0.00227357	 1.8698	 -0.14933	 -1.05776	 0.0986887
183.5	 -0.256298	 0.00228476	 1.85758	 -0.149387	 -1.05826	 0.0987143
183.52	 -0.255524	 0.00229641	 1.84539	 -0.149444	 -1.05867	 0.0987396
183.54	 -0.254726	 0.00230851	 1.83322	 -0.149502	 -1.05899	 0.0987646
183.56	 -0.253903	 0.00232104	 1.82108	 -0.14956	 -1.05923	 0.0987893
183.58	 -0.253057	 0.002334	 1.80897	 -0.149618	 -1.05937	 0.098814
183.6	 -0.252187	 0.00234738	 1.79689	 -0.149677	 -1.05941	 0.0988384
183.62	 -0.251293	 0.00236116	 1.78485	 -0.149737	 -1.05937	 0.0988629
183.64	 -0.250377	 0.00237533	 1.77284	 -0.149797	 -1.05923	 0.0988873
183.66	 -0.249437	 0.00238987	 1.76086	 -0.149858	 -1.05899	 0.0989117
183.68	 -0.248476	 0.00240478	 1.74893	 -0.149919	 -1.05865	 0.0989362
183.7	 -0.247492	 0.00242004	 1.73703	 -0.149981	 -1.05821	 0.0989608
183.72	 -0.246487	 0.00243563	 1.72517	 -0.150044	 -1.05767	 0.0989855
183.74	 -0.24546	 0.00245153	 1.71336	 -0.150108	 -1.05702	 0.0990105
183.76	 -0.244412	 0.00246774	 1.70159	 -0.150173	 -1.05627	 0.0990356
183.78	 -0.243343	 0.00248422	 1.68986	 -0.150238	 -1.05542	 0.0990611
183.8	 -0.242253	 0.00250097	 1.67818	 -0.150305	 -1.05446	 0.0990869
183.82	 -0.241143	 0.00251797	 1.66655	 -0.150372	 -1.05338	 0.0991131
183.84	 -0.240014	 0.00253519	 1.65497	 -0.15044	 -1.0522	 0.0991397
183.86	 -0.238864	 0.00255261	 1.64343	 -0.15051	 -1.0509	 0.0991668
183.88	 -0.237696	 0.00257023	 1.63195	 -0.15058	 -1.0495	 0.0991944
183.9	 -0.236508	 0.00258801	 1.62052	 -0.150652	 -1.04797	 0.0992226
183.92	 -0.235301	 0.00260594	 1.60915	 -0.150724	 -1.04633	 0.0992514
183.94	 -0.234076	 0.00262399	 1.59783	 -0.150798	 -1.04457	 0.0992808
183.96	 -0.232833	 0.00264215	 1.58657	 -0.150873	 -1.04269	 0.0993109
183.98	 -0.231571	 0.00266039	 1.57537	 -0.150949	 -1.04069	 0.0993418
184	 -0.230292	 0.00267869	 1.56423	 -0.151027	 -1.03856	 0.0993734
184.02	 -0.228995	 0.00269703	 1.55315	 -0.151105	 -1.03631	 0.0994059
184.04	 -0.227681	 0.00271539	 1.54214	 -0.151185	 -1.03394	 0.0994392
184.06	 -0.22635	 0.00273375	 1.53118	 -0.151266	 -1.03143	 0.0994733
184.08	 -0.225002	 0.00275208	 1.5203	 -0.151349	 -1.0288	 0.0995084
184.1	 -0.223638	 0.00277037	 1.50948	 -0.151433	 -1.02603	 0.0995445
184.12	 -0.222257	 0.0027886	 1.49873	 -0.151517	 -1.02314	 0.0995815
184.14	 -0.22086	 0.00280673	 1.48805	 -0.151604	 -1.02011	 0.0996196
184.16	 -0.219447	 0.00282476	 1.47744	 -0.151691	 -1.01694	 0.0996586
184.18	 -0.218019	 0.00284265	 1.4669	 -0.15178	 -1.01364	 0.0996988
184.2	 -0.216575	 0.0028604	 1.45643	 -0.151871	 -1.01019	 0.09974
184.22	 -0.215115	 0.00287798	 1.44605	 -0.151962	 -1.00661	 0.0997823
184.24	 -0.213641	 0.00289537	 1.43573	 -0.152056	 -1.00289	 0.0998258
184.26	 -0.212151	 0.00291255	 1.4255	 -0.15215	 -0.999022	 0.0998704
184.28	 -0.210647	 0.00292951	 1.41534	 -0.152246	 -0.995011	 0.0999162
184.3	 -0.209128	 0.00294622	 1.40526	 -0.152343	 -0.990856	 0.0999632
184.32	 -0.207594	 0.00296268	 1.39527	 -0.152442	 -0.986553	 0.100011
184.34	 -0.206046	 0.00297885	 1.38535	 -0.152543	 -0.982102	 0.100061
184.36	 -0.204484	 0.00299473	 1.37552	 -0.152645	 -0.977502	 0.100111
184.38	 -0.202908	 0.0030103	 1.36578	 -0.152748	 -0.97275	 0.100163
184.4	 -0.201319	 0.00302554	 1.35612	 -0.152853	 -0.967847	 0.100216
184.42	 -0.199715	 0.00304045	 1.34655	 -0.15296	 -0.962791	 0.100271
184.44	 -0.198097	 0.00305499	 1.33707	 -0.153068	 -0.957581	 0.100326
184.46	 -0.196467	 0.00306918	 1.32768	 -0.153177	 -0.952215	 0.100383
184.48	 -0.194822	 0.00308298	 1.31837	 -0.153289	 -0.946693	 0.100442
184.5	 -0.193165	 0.00309639	 1.30916	 -0.153402	 -0.941013	 0.100501
184.52	 -0.191494	 0.0031094	 1.30005	 -0.153516	 -0.935175	 0.100562
184.54	 -0.18981	 0.003122	 1.29103	 -0.153633	 -0.929178	 0.100624
184.56	 -0.188113	 0.00313417	 1.2821	 -0.153751	 -0.92302	 0.100687
184.58	 -0.186403	 0.00314592	 1.27327	 -0.15387	 -0.916702	 0.100752
184.6	 -0.184681	 0.00315723	 1.26454	 -0.153992	 -0.910222	 0.100818
184.62	 -0.182945	 0.0031681	 1.25591	 -0.154115	 -0.90358	 0.100885
184.64	 -0.181197	 0.00317852	 1.24737	 -0.15424	 -0.896774	 0.100953
184.66	 -0.179437	 0.00318848	 1.23894	 -0.154367	 -0.889805	 0.101023
184.68	 -0.177664	 0.00319799	 1.23061	 -0.154495	 -0.882672	 0.101094
184.7	 -0.175878	 0.00320704	 1.22239	 -0.154626	 -0.875374	 0.101166
184.72	 -0.174081	 0.00321562	 1.21426	 -0.154758	 -0.867911	 0.101239
184.74	 -0.172271	 0.00322374	 1.20625	 -0.154892	 -0.860284	 0.101313
184.76	 -0.170449	 0.0032314	 1.19834	 -0.155028	 -0.85249	 0.101388
184.78	 -0.168614	 0.0032386	 1.19053	 -0.155166	 -0.844531	 0.101465
184.8	 -0.166768	 0.00324533	 1.18284	 -0.155306	 -0.836406	 0.101542
184.82	 -0.16491	 0.00325161	 1.17525	 -0.155448	 -0.828116	 0.101621
184.84	 -0.16304	 0.00325744	 1.16777	 -0.155592	 -0.81966	 0.1017
184.86	 -0.161158	 0.00326282	 1.16041	 -0.155738	 -0.811038	 0.101781
184.88	 -0.159265	 0.00326776	 1.15316	 -0.155887	 -0.802252	 0.101862
184.9	 -0.15736	 0.00327226	 1.14602	 -0.156037	 -0.7933	 0.101945
184.92	 -0.155443	 0.00327634	 1.13899	 -0.15619	 -0.784184	 0.102028
184.94	 -0.153515	 0.00327999	 1.13208	 -0.156346	 -0.774904	 0.102112
184.96	 -0.151576	 0.00328323	 1.12528	 -0.156503	 -0.76546	 0.102197
184.98	 -0.149625	 0.00328607	 1.1186	 -0.156663	 -0.755854	 0.102283
185	 -0.147663	 0.00328851	 1.11204	 -0.156826	 -0.746086	 0.10237
185.02	 -0.14569	 0.00329057	 1.1056	 -0.15699	 -0.736157	 0.102457
185.04	 -0.143706	 0.00329226	 1.09927	 -0.157158	 -0.726067	 0.102546
185.06	 -0.141711	 0.00329358	 1.09307	 -0.157327	 -0.715819	 0.102634
185.08	 -0.139705	 0.00329455	 1.08698	 -0.1575	 -0.705412	 0.102724
185.1	 -0.137688	 0.00329518	 1.08102	 -0.157674	 -0.694849	 0.102814
185.12	 -0.135661	 0.00329549	 1.07518	 -0.157851	 -0.68413	 0.102905
185.14	 -0.133624	 0.00329549	 1.06946	 -0.158031	 -0.673257	 0.102996
185.16	 -0.131576	 0.00329519	 1.06387	 -0.158213	 -0.662231	 0.103088
185.18	 -0.129518	 0.0032946	 1.0584	 -0.158398	 -0.651054	 0.10318
185.2	 -0.12745	 0.00329375	 1.05305	 -0.158585	 -0.639728	 0.103273
185.22	 -0.125372	 0.00329264	 1.04783	 -0.158775	 -0.628255	 0.103366
185.24	 -0.123284	 0.00329129	 1.04274	 -0.158968	 -0.616635	 0.103459
185.26	 -0.121186	 0.00328972	 1.03778	 -0.159163	 -0.604872	 0.103553
185.28	 -0.119079	 0.00328794	 1.03294	 -0.159361	 -0.592967	 0.103646
185.3	 -0.116963	 0.00328597	 1.02823	 -0.159561	 -0.580922	 0.10374
185.32	 -0.114837	 0.00328383	 1.02365	 -0.159764	 -0.56874	 0.103835
185.34	 -0.112703	 0.00328152	 1.0192	 -0.159969	 -0.556424	 0.103929
185.36	 -0.110559	 0.00327907	 1.01488	 -0.160177	 -0.543974	 0.104023
185.38	 -0.108407	 0.0032765	 1.01069	 -0.160388	 -0.531395	 0.104118
185.4	 -0.106247	 0.00327382	 1.00663	 -0.160601	 -0.518688	 0.104212
185.42	 -0.104078	 0.00327105	 1.0027	 -0.160817	 -0.505857	 0.104306
185.44	 -0.101902	 0.0032682	 0.998907	 -0.161035	 -0.492903	 0.104401
185.46	 -0.099717	 0.00326529	 0.995245	 -0.161256	 -0.479831	 0.104495
185.48	 -0.0975249	 0.00326234	 0.991717	 -0.16148	 -0.466643	 0.104589
185.5	 -0.0953255	 0.00325937	 0.988322	 -0.161706	 -0.453341	 0.104683
185.52	 -0.0931188	 0.00325638	 0.985062	 -0.161935	 -0.43993	 0.104777
185.54	 -0.0909053	 0.00325339	 0.981937	 -0.162166	 -0.426413	 0.10487
185.56	 -0.0886851	 0.00325042	 0.978946	 -0.1624	 -0.412792	 0.104963
185.58	 -0.0864585	 0.00324748	 0.976091	 -0.162636	 -0.399071	 0.105056
185.6	 -0.0842257	 0.00324459	 0.973372	 -0.162874	 -0.385254	 0.105149
185.62	 -0.081987	 0.00324176	 0.970789	 -0.163115	 -0.371344	 0.105241
185.64	 -0.0797427	 0.00323899	 0.968343	 -0.163358	 -0.357345	 0.105333
185.66	 -0.0774931	 0.00323632	 0.966034	 -0.163603	 -0.34326	 0.105425
185.68	 -0.0752384	 0.00323374	 0.963862	 -0.16385	 -0.329094	 0.105516
185.7	 -0.0729789	 0.00323126	 0.961827	 -0.1641	 -0.314849	 0.105606
185.72	 -0.0707148	 0.0032289	 0.959931	 -0.164351	 -0.300531	 0.105696
185.74	 -0.0684466	 0.00322667	 0.958172	 -0.164604	 -0.286142	 0.105786
185.76	 -0.0661745	 0.00322458	 0.956552	 -0.164859	 -0.271687	 0.105875
185.78	 -0.0638988	 0.00322262	 0.95507	 -0.165116	 -0.25717	 0.105964
185.8	 -0.0616199	 0.00322082	 0.953727	 -0.165374	 -0.242596	 0.106052
185.82	 -0.0593379	 0.00321918	 0.952523	 -0.165634	 -0.227967	 0.106139
185.84	 -0.0570533	 0.00321771	 0.951458	 -0.165895	 -0.213289	 0.106225
185.86	 -0.0547664	 0.00321641	 0.950532	 -0.166158	 -0.198566	 0.106311
185.88	 -0.0524775	 0.00321528	 0.949746	 -0.166421	 -0.183803	 0.106397
185.9	 -0.050187	 0.00321435	 0.949099	 -0.166686	 -0.169003	 0.106481
185.92	 -0.0478951	 0.0032136	 0.948591	 -0.166952	 -0.154172	 0.106565
185.94	 -0.0456023	 0.00321304	 0.948223	 -0.167219	 -0.139313	 0.106648
185.96	 -0.0433088	 0.00321268	 0.947995	 -0.167487	 -0.124432	 0.10673
185.98	 -0.041015	 0.00321252	 0.947906	 -0.167755	 -0.109534	 0.106812
186	 -0.0387213	 0.00321255	 0.947957	 -0.168024	 -0.0946219	 0.106892
186.02	 -0.036428	 0.00321278	 0.948148	 -0.168293	 -0.0797017	 0.106972
186.04	 -0.0341355	 0.00321321	 0.948478	 -0.168563	 -0.0647778	 0.107051
186.06	 -0.0318441	 0.00321383	 0.948948	 -0.168833	 -0.0498551	 0.107129
186.08	 -0.0295542	 0.00321465	 0.949557	 -0.169102	 -0.0349382	 0.107206
186.1	 -0.027266	 0.00321566	 0.950306	 -0.169372	 -0.020032	 0.107282
186.12	 -0.0249801	 0.00321685	 0.951194	 -0.169641	 -0.00514131	 0.107358
186.14	 -0.0226966	 0.00321822	 0.952221	 -0.169909	 0.00972914	 0.107432
186.16	 -0.020416	 0.00321977	 0.953387	 -0.170177	 0.0245745	 0.107506
186.18	 -0.0181387	 0.00322148	 0.954691	 -0.170444	 0.03939	 0.107578
186.2	 -0.0158649	 0.00322335	 0.956135	 -0.17071	 0.0541707	 0.10765
186.22	 -0.013595	 0.00322538	 0.957717	 -0.170974	 0.0689119	 0.10772
186.24	 -0.0113293	 0.00322755	 0.959437	 -0.171237	 0.0836089	 0.107789
186.26	 -0.00906824	 0.00322985	 0.961295	 -0.171497	 0.0982567	 0.107858
186.28	 -0.00681208	 0.00323227	 0.96329	 -0.171756	 0.112851	 0.107925
186.3	 -0.00456118	 0.00323481	 0.965423	 -0.172013	 0.127386	 0.107992
186.32	 -0.00231584	 0.00323744	 0.967694	 -0.172266	 0.141859	 0.108057
186.34	 -7.63991e-05	 0.00324015	 0.970101	 -0.172517	 0.156264	 0.108122
186.36	 0.00215683	 0.00324294	 0.972644	 -0.172765	 0.170596	 0.108185
186.38	 0.00438354	 0.00324578	 0.975324	 -0.17301	 0.184852	 0.108247
186.4	 0.00660342	 0.00324867	 0.978139	 -0.173251	 0.199027	 0.108308
186.42	 0.00881617	 0.00325159	 0.98109	 -0.173489	 0.213116	 0.108368
186.44	 0.0110215	 0.00325452	 0.984176	 -0.173722	 0.227115	 0.108427
186.46	 0.0132191	 0.00325747	 0.987396	 -0.173951	 0.241021	 0.108485
186.48	 0.0154088	 0.0032604	 0.99075	 -0.174176	 0.254828	 0.108541
186.5	 0.0175902	 0.00326332	 0.994238	 -0.174396	 0.268533	 0.108597
186.52	 0.019763	 0.0032662	 0.997859	 -0.174612	 0.282131	 0.108651
186.54	 0.0219271	 0.00326904	 1.00161	 -0.174822	 0.295619	 0.108704
186.56	 0.0240822	 0.00327182	 1.0055	 -0.175028	 0.308993	 0.108756
186.58	 0.0262279	 0.00327454	 1.00952	 -0.175228	 0.322248	 0.108807
186.6	 0.0283642	 0.00327717	 1.01367	 -0.175422	 0.335382	 0.108857
186.62	 0.0304906	 0.00327971	 1.01794	 -0.175611	 0.34839	 0.108905
186.64	 0.0326071	 0.00328214	 1.02235	 -0.175795	 0.361269	 0.108952
186.66	 0.0347135	 0.00328447	 1.02689	 -0.175972	 0.374014	 0.108999
186.68	 0.0368094	 0.00328666	 1.03156	 -0.176144	 0.386624	 0.109043
186.7	 0.0388948	 0.00328872	 1.03635	 -0.176309	 0.399094	 0.109087
186.72	 0.0409693	 0.00329063	 1.04127	 -0.176468	 0.411421	 0.10913
186.74	 0.0430329	 0.00329238	 1.04632	 -0.176621	 0.423601	 0.109171
186.76	 0.0450854	 0.00329397	 1.0515	 -0.176767	 0.435632	 0.109211
186.78	 0.0471266	 0.00329538	 1.0568	 -0.176906	 0.447511	 0.10925
186.8	 0.0491564	 0.0032966	 1.06222	 -0.177039	 0.459235	 0.109287
186.82	 0.0511745	 0.00329761	 1.06777	 -0.177164	 0.470802	 0.109323
186.84	 0.053181	 0.00329842	 1.07344	 -0.177282	 0.482207	 0.109358
186.86	 0.0551756	 0.00329902	 1.07924	 -0.177393	 0.49345	 0.109392
186.88	 0.0571582	 0.00329938	 1.08515	 -0.177496	 0.504528	 0.109424
186.9	 0.0591288	 0.00329951	 1.09119	 -0.177592	 0.515439	 0.109455
186.92	 0.0610872	 0.00329939	 1.09735	 -0.177679	 0.526179	 0.109485
186.94	 0.0630333	 0.00329902	 1.10362	 -0.177759	 0.536749	 0.109513
186.96	 0.0649671	 0.00329839	 1.11001	 -0.177831	 0.547144	 0.10954
186.98	 0.0668884	 0.0032975	 1.11653	 -0.177894	 0.557365	 0.109566
187	 0.0687973	 0.00329633	 1.12315	 -0.177949	 0.567408	 0.10959
187.02	 0.0706936	 0.00329489	 1.1299	 -0.177996	 0.577273	 0.109612
187.04	 0.0725772	 0.00329317	 1.13676	 -0.178034	 0.586958	 0.109633
187.06	 0.0744482	 0.00329117	 1.14373	 -0.178063	 0.596461	 0.109653
187.08	 0.0763065	 0.00328888	 1.15082	 -0.178083	 0.605782	 0.109671
187.1	 0.0781521	 0.00328631	 1.15801	 -0.178095	 0.614919	 0.109688
187.12	 0.0799848	 0.00328345	 1.16532	 -0.178097	 0.623872	 0.109703
187.14	 0.0818048	 0.00328029	 1.17274	 -0.178091	 0.63264	 0.109717
187.16	 0.0836119	 0.00327685	 1.18027	 -0.178075	 0.641221	 0.109729
187.18	 0.0854061	 0.00327312	 1.18791	 -0.17805	 0.649616	 0.10974
187.2	 0.0871875	 0.00326909	 1.19565	 -0.178016	 0.657823	 0.109749
187.22	 0.0889561	 0.00326479	 1.20351	 -0.177973	 0.665842	 0.109756
187.24	 0.0907117	 0.00326021	 1.21146	 -0.177921	 0.673674	 0.109762
187.26	 0.0924544	 0.00325536	 1.21952	 -0.17786	 0.681317	 0.109767
187.28	 0.0941843	 0.00325025	 1.22769	 -0.177789	 0.688772	 0.109769
187.3	 0.0959013	 0.00324489	 1.23596	 -0.17771	 0.696038	 0.10977
187.32	 0.0976054	 0.00323929	 1.24432	 -0.177622	 0.703117	 0.10977
187.34	 0.0992966	 0.00323345	 1.25279	 -0.177524	 0.710007	 0.109767
187.36	 0.100975	 0.0032274	 1.26136	 -0.177419	 0.716711	 0.109763
187.38	 0.10264	 0.00322114	 1.27002	 -0.177304	 0.723227	 0.109757
187.4	 0.104293	 0.00321469	 1.27879	 -0.177181	 0.729557	 0.10975
187.42	 0.105933	 0.00320804	 1.28765	 -0.17705	 0.735701	 0.10974
187.44	 0.10756	 0.00320123	 1.2966	 -0.17691	 0.741659	 0.109729
187.46	 0.109174	 0.00319426	 1.30565	 -0.176762	 0.747434	 0.109715
187.48	 0.110775	 0.00318714	 1.31479	 -0.176605	 0.753025	 0.1097
187.5	 0.112364	 0.00317989	 1.32402	 -0.176441	 0.758434	 0.109683
187.52	 0.113939	 0.00317252	 1.33334	 -0.176269	 0.763662	 0.109664
187.54	 0.115502	 0.00316506	 1.34275	 -0.176089	 0.768709	 0.109643
187.56	 0.117052	 0.00315751	 1.35225	 -0.175901	 0.773578	 0.10962
187.58	 0.118589	 0.0031499	 1.36183	 -0.175706	 0.778269	 0.109595
187.6	 0.120113	 0.00314224	 1.3715	 -0.175504	 0.782783	 0.109568
187.62	 0.121624	 0.00313454	 1.38126	 -0.175294	 0.787122	 0.109539
187.64	 0.123122	 0.00312682	 1.3911	 -0.175078	 0.791288	 0.109508
187.66	 0.124607	 0.00311911	 1.40102	 -0.174855	 0.795282	 0.109475
187.68	 0.126079	 0.00311142	 1.41102	 -0.174625	 0.799105	 0.10944
187.7	 0.127538	 0.00310376	 1.4211	 -0.174389	 0.80276	 0.109403
187.72	 0.128983	 0.00309617	 1.43126	 -0.174147	 0.806247	 0.109364
187.74	 0.130416	 0.00308865	 1.4415	 -0.173898	 0.809569	 0.109322
187.76	 0.131835	 0.00308123	 1.45182	 -0.173644	 0.812728	 0.109279
187.78	 0.133241	 0.00307392	 1.46221	 -0.173385	 0.815726	 0.109234
187.8	 0.134633	 0.00306675	 1.47267	 -0.17312	 0.818563	 0.109186
187.82	 0.136012	 0.00305973	 1.4832	 -0.17285	 0.821243	 0.109137
187.84	 0.137378	 0.00305289	 1.49381	 -0.172575	 0.823766	 0.109085
187.86	 0.138729	 0.00304623	 1.50448	 -0.172296	 0.826136	 0.109032
187.88	 0.140067	 0.00303978	 1.51523	 -0.172012	 0.828354	 0.108976
187.9	 0.14139	 0.00303356	 1.52604	 -0.171724	 0.830422	 0.108919
187.92	 0.142699	 0.00302758	 1.53692	 -0.171432	 0.832342	 0.108859
187.94	 0.143995	 0.00302186	 1.54786	 -0.171137	 0.834117	 0.108798
187.96	 0.145275	 0.00301642	 1.55887	 -0.170838	 0.835748	 0.108734
187.98	 0.146541	 0.00301127	 1.56994	 -0.170536	 0.837238	 0.108669
188	 0.147793	 0.00300643	 1.58107	 -0.170231	 0.838588	 0.108601
188.02	 0.149029	 0.00300191	 1.59226	 -0.169924	 0.839801	 0.108532
188.04	 0.15025	 0.00299773	 1.6035	 -0.169614	 0.84088	 0.108461
188.06	 0.151456	 0.00299389	 1.61481	 -0.169302	 0.841825	 0.108388
188.08	 0.152646	 0.00299041	 1.62617	 -0.168989	 0.84264	 0.108313
188.1	 0.153821	 0.00298731	 1.63758	 -0.168673	 0.843327	 0.108236
188.12	 0.154979	 0.00298458	 1.64905	 -0.168356	 0.843887	 0.108157
188.14	 0.156121	 0.00298225	 1.66057	 -0.168038	 0.844323	 0.108077
188.16	 0.157247	 0.00298032	 1.67214	 -0.16772	 0.844638	 0.107995
188.18	 0.158356	 0.0029788	 1.68376	 -0.1674	 0.844832	 0.107912
188.2	 0.159448	 0.00297769	 1.69542	 -0.16708	 0.844909	 0.107827
188.22	 0.160523	 0.00297701	 1.70714	 -0.16676	 0.844871	 0.10774
188.24	 0.16158	 0.00297676	 1.71889	 -0.16644	 0.844719	 0.107652
188.26	 0.162619	 0.00297694	 1.7307	 -0.166121	 0.844456	 0.107562
188.28	 0.16364	 0.00297756	 1.74254	 -0.165802	 0.844083	 0.107471
188.3	 0.164643	 0.00297861	 1.75442	 -0.165483	 0.843603	 0.107378
188.32	 0.165627	 0.00298011	 1.76635	 -0.165166	 0.843019	 0.107285
188.34	 0.166592	 0.00298204	 1.77831	 -0.16485	 0.842331	 0.10719
188.36	 0.167538	 0.00298442	 1.79031	 -0.164535	 0.841542	 0.107094
188.38	 0.168463	 0.00298723	 1.80234	 -0.164222	 0.840654	 0.106996
188.4	 0.169369	 0.00299047	 1.81441	 -0.16391	 0.839669	 0.106898
188.42	 0.170255	 0.00299414	 1.82651	 -0.163601	 0.838589	 0.106799
188.44	 0.17112	 0.00299823	 1.83865	 -0.163294	 0.837415	 0.106698
188.46	 0.171963	 0.00300273	 1.85081	 -0.162989	 0.83615	 0.106597
188.48	 0.172786	 0.00300765	 1.863	 -0.162687	 0.834795	 0.106495
188.5	 0.173587	 0.00301295	 1.87522	 -0.162387	 0.833353	 0.106392
188.52	 0.174365	 0.00301864	 1.88746	 -0.162091	 0.831824	 0.106289
188.54	 0.175121	 0.00302471	 1.89973	 -0.161797	 0.830212	 0.106185
188.56	 0.175855	 0.00303113	 1.91202	 -0.161507	 0.828516	 0.10608
188.58	 0.176565	 0.0030379	 1.92433	 -0.16122	 0.82674	 0.105975
188.6	 0.177252	 0.00304499	 1.93666	 -0.160936	 0.824885	 0.10587
188.62	 0.177915	 0.0030524	 1.94901	 -0.160656	 0.822952	 0.105764
188.64	 0.178554	 0.00306011	 1.96138	 -0.160379	 0.820944	 0.105658
188.66	 0.179168	 0.00306809	 1.97376	 -0.160106	 0.818861	 0.105552
188.68	 0.179757	 0.00307633	 1.98616	 -0.159838	 0.816706	 0.105446
188.7	 0.180321	 0.0030848	 1.99857	 -0.159573	 0.814479	 0.10534
188.72	 0.18086	 0.00309349	 2.011	 -0.159312	 0.812182	 0.105233
188.74	 0.181372	 0.00310238	 2.02343	 -0.159055	 0.809817	 0.105127
188.76	 0.181858	 0.00311144	 2.03587	 -0.158802	 0.807385	 0.105021
188.78	 0.182318	 0.00312064	 2.04832	 -0.158554	 0.804888	 0.104916
188.8	 0.182751	 0.00312997	 2.06078	 -0.15831	 0.802326	 0.10481
188.82	 0.183156	 0.0031394	 2.07324	 -0.15807	 0.799701	 0.104705
188.84	 0.183534	 0.00314891	 2.0857	 -0.157835	 0.797015	 0.104601
188.86	 0.183884	 0.00315847	 2.09817	 -0.157604	 0.794269	 0.104497
188.88	 0.184206	 0.00316804	 2.11063	 -0.157378	 0.791463	 0.104393
188.9	 0.1845	 0.00317761	 2.1231	 -0.157156	 0.788599	 0.104291
188.92	 0.184765	 0.00318715	 2.13556	 -0.156939	 0.785679	 0.104189
188.94	 0.185	 0.00319663	 2.14802	 -0.156726	 0.782703	 0.104087
188.96	 0.185207	 0.00320602	 2.16047	 -0.156518	 0.779672	 0.103987
188.98	 0.185384	 0.0032153	 2.17292	 -0.156314	 0.776588	 0.103887
189	 0.185531	 0.00322442	 2.18535	 -0.156115	 0.773451	 0.103789
189.02	 0.185648	 0.00323338	 2.19778	 -0.15592	 0.770263	 0.103691
189.04	 0.185735	 0.00324213	 2.2102	 -0.155729	 0.767024	 0.103594
189.06	 0.185792	 0.00325065	 2.22261	 -0.155543	 0.763737	 0.103499
189.08	 0.185818	 0.00325892	 2.235	 -0.155361	 0.7604	 0.103404
189.1	 0.185813	 0.00326689	 2.24738	 -0.155184	 0.757016	 0.103311
189.12	 0.185777	 0.00327455	 2.25974	 -0.155011	 0.753585	 0.103219
189.14	 0.18571	 0.00328187	 2.27208	 -0.154842	 0.750109	 0.103129
189.16	 0.185612	 0.00328881	 2.28441	 -0.154677	 0.746587	 0.103039
189.18	 0.185482	 0.00329536	 2.29671	 -0.154516	 0.743022	 0.102951
189.2	 0.185321	 0.00330148	 2.309	 -0.154359	 0.739413	 0.102864
189.22	 0.185128	 0.00330715	 2.32126	 -0.154206	 0.735761	 0.102779
189.24	 0.184904	 0.00331235	 2.33349	 -0.154057	 0.732067	 0.102695
189.26	 0.184648	 0.00331704	 2.3457	 -0.153912	 0.728333	 0.102613
189.28	 0.18436	 0.00332122	 2.35788	 -0.15377	 0.724558	 0.102532
189.3	 0.18404	 0.00332484	 2.37004	 -0.153632	 0.720743	 0.102453
189.32	 0.183688	 0.0033279	 2.38216	 -0.153497	 0.716889	 0.102375
189.34	 0.183304	 0.00333037	 2.39426	 -0.153366	 0.712997	 0.102299
189.36	 0.182888	 0.00333222	 2.40632	 -0.153238	 0.709067	 0.102224
189.38	 0.182441	 0.00333345	 2.41835	 -0.153114	 0.705099	 0.10215
189.4	 0.181961	 0.00333403	 2.43034	 -0.152992	 0.701096	 0.102079
189.42	 0.18145	 0.00333395	 2.4423	 -0.152874	 0.697056	 0.102008
189.44	 0.180907	 0.00333319	 2.45422	 -0.152758	 0.69298	 0.10194
189.46	 0.180332	 0.00333174	 2.4661	 -0.152646	 0.68887	 0.101872
189.48	 0.179726	 0.00332957	 2.47794	 -0.152536	 0.684724	 0.101806
189.5	 0.179088	 0.00332669	 2.48974	 -0.152429	 0.680545	 0.101742
189.52	 0.17842	 0.00332308	 2.5015	 -0.152324	 0.676333	 0.101679
189.54	 0.17772	 0.00331873	 2.51321	 -0.152222	 0.672087	 0.101618
189.56	 0.176988	 0.00331363	 2.52488	 -0.152122	 0.667808	 0.101558
189.58	 0.176227	 0.00330777	 2.5365	 -0.152024	 0.663497	 0.101499
189.6	 0.175434	 0.00330116	 2.54808	 -0.151928	 0.659154	 0.101442
189.62	 0.174611	 0.00329379	 2.5596	 -0.151835	 0.654779	 0.101386
189.64	 0.173758	 0.00328565	 2.57108	 -0.151743	 0.650374	 0.101332
189.66	 0.172875	 0.00327674	 2.58251	 -0.151654	 0.645937	 0.101278
189.68	 0.171962	 0.00326707	 2.59388	 -0.151566	 0.641469	 0.101226
189.7	 0.17102	 0.00325664	 2.6052	 -0.151479	 0.636971	 0.101175
189.72	 0.170048	 0.00324545	 2.61647	 -0.151395	 0.632442	 0.101126
189.74	 0.169048	 0.00323351	 2.62768	 -0.151312	 0.627884	 0.101077
189.76	 0.168019	 0.00322083	 2.63883	 -0.15123	 0.623295	 0.10103
189.78	 0.166961	 0.00320741	 2.64993	 -0.15115	 0.618678	 0.100983
189.8	 0.165876	 0.00319326	 2.66097	 -0.151071	 0.61403	 0.100938
189.82	 0.164763	 0.0031784	 2.67195	 -0.150993	 0.609353	 0.100893
189.84	 0.163622	 0.00316284	 2.68286	 -0.150916	 0.604647	 0.10085
189.86	 0.162455	 0.0031466	 2.69372	 -0.150841	 0.599912	 0.100807
189.88	 0.161261	 0.00312968	 2.70451	 -0.150766	 0.595147	 0.100765
189.9	 0.160041	 0.00311212	 2.71523	 -0.150693	 0.590353	 0.100724
189.92	 0.158794	 0.00309392	 2.72589	 -0.15062	 0.58553	 0.100684
189.94	 0.157523	 0.0030751	 2.73649	 -0.150548	 0.580678	 0.100644
189.96	 0.156226	 0.0030557	 2.74702	 -0.150477	 0.575796	 0.100605
189.98	 0.154904	 0.00303572	 2.75748	 -0.150407	 0.570886	 0.100566
190	 0.153558	 0.0030152	 2.76787	 -0.150338	 0.565945	 0.100528
190.02	 0.152189	 0.00299416	 2.77818	 -0.150269	 0.560975	 0.10049
190.04	 0.150795	 0.00297263	 2.78843	 -0.150201	 0.555976	 0.100453
190.06	 0.149379	 0.00295063	 2.79861	 -0.150133	 0.550946	 0.100416
190.08	 0.14794	 0.00292819	 2.80871	 -0.150066	 0.545886	 0.100379
190.1	 0.146479	 0.00290535	 2.81873	 -0.15	 0.540796	 0.100342
190.12	 0.144995	 0.00288212	 2.82869	 -0.149934	 0.535675	 0.100306
190.14	 0.143491	 0.00285855	 2.83856	 -0.149869	 0.530523	 0.100269
190.16	 0.141965	 0.00283466	 2.84836	 -0.149804	 0.52534	 0.100233
190.18	 0.140419	 0.00281049	 2.85808	 -0.149739	 0.520125	 0.100196
190.2	 0.138853	 0.00278606	 2.86772	 -0.149675	 0.514877	 0.100159
190.22	 0.137268	 0.00276143	 2.87728	 -0.149612	 0.509598	 0.100122
190.24	 0.135663	 0.00273661	 2.88676	 -0.149548	 0.504285	 0.100085
190.26	 0.134039	 0.00271164	 2.89616	 -0.149486	 0.498939	 0.100048
190.28	 0.132397	 0.00268656	 2.90547	 -0.149423	 0.493559	 0.10001
190.3	 0.130737	 0.0026614	 2.9147	 -0.149361	 0.488145	 0.0999719
190.32	 0.12906	 0.0026362	 2.92385	 -0.149299	 0.482696	 0.0999334
190.34	 0.127366	 0.002611	 2.93291	 -0.149238	 0.477211	 0.0998943
190.36	 0.125655	 0.00258582	 2.94189	 -0.149176	 0.471691	 0.0998548
190.38	 0.123928	 0.00256071	 2.95078	 -0.149116	 0.466134	 0.0998147
190.4	 0.122185	 0.0025357	 2.95958	 -0.149055	 0.46054	 0.0997739
190.42	 0.120427	 0.00251083	 2.96829	 -0.148995	 0.454908	 0.0997326
190.44	 0.118654	 0.00248613	 2.97692	 -0.148935	 0.449239	 0.0996906
190.46	 0.116867	 0.00246163	 2.98545	 -0.148876	 0.44353	 0.0996478
190.48	 0.115065	 0.00243738	 2.99389	 -0.148816	 0.437782	 0.0996044
190.5	 0.11325	 0.0024134	 3.00224	 -0.148757	 0.431993	 0.0995601
190.52	 0.111421	 0.00238973	 3.0105	 -0.148699	 0.426164	 0.0995152
190.54	 0.10958	 0.00236641	 3.01867	 -0.148641	 0.420293	 0.0994694
190.56	 0.107726	 0.00234346	 3.02674	 -0.148583	 0.414381	 0.0994228
190.58	 0.10586	 0.00232091	 3.03472	 -0.148525	 0.408425	 0.0993753
190.6	 0.103982	 0.00229879	 3.0426	 -0.148467	 0.402426	 0.099327
190.62	 0.102093	 0.00227715	 3.05039	 -0.14841	 0.396383	 0.0992779
190.64	 0.100193	 0.00225599	 3.05808	 -0.148354	 0.390295	 0.0992279
190.66	 0.0982825	 0.00223535	 3.06567	 -0.148297	 0.384161	 0.0991769
190.68	 0.0963615	 0.00221526	 3.07316	 -0.148241	 0.377981	 0.0991252
190.7	 0.0944305	 0.00219574	 3.08056	 -0.148184	 0.371755	 0.0990725
190.72	 0.0924899	 0.00217682	 3.08786	 -0.148129	 0.36548	 0.099019
190.74	 0.0905399	 0.00215851	 3.09505	 -0.148073	 0.359158	 0.0989647
190.76	 0.088581	 0.00214084	 3.10215	 -0.148017	 0.352787	 0.0989095
190.78	 0.0866133	 0.00212382	 3.10914	 -0.147962	 0.346366	 0.0988534
190.8	 0.0846373	 0.00210749	 3.11603	 -0.147906	 0.339895	 0.0987966
190.82	 0.0826532	 0.00209185	 3.12282	 -0.147851	 0.333373	 0.0987389
190.84	 0.0806613	 0.00207692	 3.12951	 -0.147796	 0.326799	 0.0986804
190.86	 0.0786618	 0.00206271	 3.13609	 -0.14774	 0.320174	 0.0986211
190.88	 0.0766551	 0.00204925	 3.14257	 -0.147685	 0.313496	 0.0985611
190.9	 0.0746414	 0.00203653	 3.14895	 -0.147629	 0.306764	 0.0985004
190.92	 0.0726209	 0.00202457	 3.15521	 -0.147574	 0.299979	 0.0984389
190.94	 0.0705939	 0.00201338	 3.16138	 -0.147517	 0.29314	 0.0983768
190.96	 0.0685607	 0.00200296	 3.16743	 -0.147461	 0.286246	 0.098314
190.98	 0.0665215	 0.00199333	 3.17338	 -0.147404	 0.279296	 0.0982506
191	 0.0644764	 0.00198448	 3.17922	 -0.147347	 0.272292	 0.0981867
191.02	 0.0624259	 0.00197642	 3.18495	 -0.147289	 0.265231	 0.0981222
191.04	 0.0603699	 0.00196914	 3.19058	 -0.14723	 0.258114	 0.0980572
191.06	 0.0583088	 0.00196266	 3.19609	 -0.147171	 0.250941	 0.0979918
191.08	 0.0562427	 0.00195696	 3.2015	 -0.147111	 0.243711	 0.097926
191.1	 0.0541719	 0.00195205	 3.20679	 -0.14705	 0.236424	 0.0978598
191.12	 0.0520965	 0.00194793	 3.21198	 -0.146989	 0.22908	 0.0977934
191.14	 0.0500167	 0.00194459	 3.21705	 -0.146927	 0.221678	 0.0977267
191.16	 0.0479327	 0.00194201	 3.22201	 -0.146864	 0.21422	 0.0976598
191.18	 0.0458446	 0.0019402	 3.22686	 -0.1468	 0.206704	 0.0975929
191.2	 0.0437526	 0.00193915	 3.23159	 -0.146735	 0.199131	 0.0975258
191.22	 0.0416569	 0.00193884	 3.23622	 -0.146669	 0.191501	 0.0974587
191.24	 0.0395576	 0.00193927	 3.24073	 -0.146602	 0.183814	 0.0973917
191.26	 0.0374548	 0.00194042	 3.24512	 -0.146535	 0.17607	 0.0973248
191.28	 0.0353488	 0.00194227	 3.2494	 -0.146465	 0.16827	 0.097258
191.3	 0.0332396	 0.00194482	 3.25357	 -0.146395	 0.160414	 0.0971914
191.32	 0.0311273	 0.00194804	 3.25762	 -0.146324	 0.152502	 0.0971252
191.34	 0.0290121	 0.00195192	 3.26156	 -0.146251	 0.144534	 0.0970592
191.36	 0.0268941	 0.00195644	 3.26538	 -0.146177	 0.136512	 0.0969937
191.38	 0.0247735	 0.00196157	 3.26908	 -0.146101	 0.128435	 0.0969286
191.4	 0.0226503	 0.0019673	 3.27267	 -0.146024	 0.120304	 0.096864
191.42	 0.0205247	 0.00197361	 3.27614	 -0.145946	 0.11212	 0.0967999
191.44	 0.0183967	 0.00198048	 3.27949	 -0.145866	 0.103884	 0.0967365
191.46	 0.0162664	 0.00198787	 3.28272	 -0.145784	 0.0955962	 0.0966739
191.48	 0.0141341	 0.00199578	 3.28584	 -0.145701	 0.0872574	 0.096612
191.5	 0.0119997	 0.00200416	 3.28884	 -0.145616	 0.0788686	 0.0965509
191.52	 0.00986333	 0.00201301	 3.29172	 -0.145529	 0.0704308	 0.0964907
191.54	 0.00772517	 0.00202229	 3.29448	 -0.14544	 0.0619449	 0.0964314
191.56	 0.00558526	 0.00203198	 3.29712	 -0.14535	 0.0534122	 0.0963731
191.58	 0.00344371	 0.00204206	 3.29964	 -0.145257	 0.0448338	 0.0963158
191.6	 0.0013006	 0.00205249	 3.30204	 -0.145163	 0.036211	 0.0962595
191.62	 -0.000843958	 0.00206325	 3.30432	 -0.145067	 0.027545	 0.0962043
191.64	 -0.00298989	 0.00207432	 3.30649	 -0.144968	 0.0188374	 0.0961501
191.66	 -0.00513709	 0.00208566	 3.30853	 -0.144868	 0.0100894	 0.0960971
191.68	 -0.00728547	 0.00209724	 3.31045	 -0.144765	 0.00130279	 0.0960452
191.7	 -0.00943493	 0.00210904	 3.31224	 -0.14466	 -0.00752102	 0.0959945
191.72	 -0.0115854	 0.00212104	 3.31392	 -0.144552	 -0.0163804	 0.095945
191.74	 -0.0137367	 0.00213319	 3.31547	 -0.144443	 -0.0252735	 0.0958967
191.76	 -0.0158889	 0.00214549	 3.31691	 -0.144331	 -0.0341988	 0.0958496
191.78	 -0.0180418	 0.00215789	 3.31822	 -0.144217	 -0.0431544	 0.0958038
191.8	 -0.0201952	 0.00217038	 3.31941	 -0.1441	 -0.0521383	 0.0957592
191.82	 -0.0223492	 0.00218293	 3.32047	 -0.143981	 -0.0611488	 0.0957158
191.84	 -0.0245036	 0.00219551	 3.32142	 -0.14386	 -0.0701838	 0.0956736
191.86	 -0.0266583	 0.00220809	 3.32224	 -0.143736	 -0.0792414	 0.0956327
191.88	 -0.0288133	 0.00222066	 3.32294	 -0.14361	 -0.0883194	 0.0955929
191.9	 -0.0309683	 0.00223318	 3.32351	 -0.143482	 -0.0974158	 0.0955545
191.92	 -0.0331234	 0.00224564	 3.32397	 -0.143351	 -0.106529	 0.0955172
191.94	 -0.0352784	 0.00225801	 3.32429	 -0.143219	 -0.115656	 0.0954811
191.96	 -0.0374332	 0.00227027	 3.3245	 -0.143084	 -0.124795	 0.0954463
191.98	 -0.0395877	 0.0022824	 3.32458	 -0.142947	 -0.133944	 0.0954127
192	 -0.0417419	 0.00229437	 3.32454	 -0.142809	 -0.1431	 0.0953803
192.02	 -0.0438956	 0.00230618	 3.32438	 -0.142668	 -0.152262	 0.0953491
192.04	 -0.0460487	 0.00231779	 3.32409	 -0.142526	 -0.161428	 0.0953191
192.06	 -0.048201	 0.0023292	 3.32368	 -0.142383	 -0.170595	 0.0952902
192.08	 -0.0503526	 0.0023404	 3.32315	 -0.142238	 -0.17976	 0.0952626
192.1	 -0.0525033	 0.00235135	 3.32249	 -0.142091	 -0.188922	 0.0952361
192.12	 -0.0546529	 0.00236206	 3.32171	 -0.141944	 -0.198079	 0.0952108
192.14	 -0.0568014	 0.0023725	 3.32081	 -0.141795	 -0.207227	 0.0951866
192.16	 -0.0589487	 0.00238268	 3.31978	 -0.141646	 -0.216366	 0.0951636
192.18	 -0.0610946	 0.00239257	 3.31863	 -0.141496	 -0.225492	 0.0951417
192.2	 -0.0632391	 0.00240216	 3.31736	 -0.141345	 -0.234603	 0.0951209
192.22	 -0.065382	 0.00241146	 3.31597	 -0.141194	 -0.243698	 0.0951012
192.24	 -0.0675232	 0.00242046	 3.31445	 -0.141043	 -0.252773	 0.0950826
192.26	 -0.0696627	 0.00242914	 3.31281	 -0.140892	 -0.261827	 0.095065
192.28	 -0.0718002	 0.0024375	 3.31105	 -0.140741	 -0.270858	 0.0950485
192.3	 -0.0739357	 0.00244554	 3.30916	 -0.14059	 -0.279864	 0.0950329
192.32	 -0.0760691	 0.00245325	 3.30716	 -0.14044	 -0.288842	 0.0950184
192.34	 -0.0782003	 0.00246064	 3.30503	 -0.140291	 -0.29779	 0.0950047
192.36	 -0.0803291	 0.00246768	 3.30278	 -0.140142	 -0.306707	 0.0949921
192.38	 -0.0824555	 0.00247439	 3.30041	 -0.139995	 -0.315591	 0.0949803
192.4	 -0.0845792	 0.00248077	 3.29792	 -0.139849	 -0.324439	 0.0949695
192.42	 -0.0867003	 0.0024868	 3.29531	 -0.139704	 -0.33325	 0.0949595
192.44	 -0.0888186	 0.0024925	 3.29258	 -0.139561	 -0.342021	 0.0949504
192.46	 -0.0909339	 0.00249786	 3.28973	 -0.139419	 -0.350752	 0.0949422
192.48	 -0.0930462	 0.00250289	 3.28676	 -0.13928	 -0.35944	 0.0949348
192.5	 -0.0951554	 0.00250759	 3.28367	 -0.139143	 -0.368084	 0.0949282
192.52	 -0.0972612	 0.00251196	 3.28046	 -0.139008	 -0.376681	 0.0949223
192.54	 -0.0993637	 0.00251601	 3.27713	 -0.138876	 -0.38523	 0.0949173
192.56	 -0.101463	 0.00251974	 3.27368	 -0.138747	 -0.39373	 0.094913
192.58	 -0.103558	 0.00252315	 3.27012	 -0.13862	 -0.402179	 0.0949093
192.6	 -0.10565	 0.00252625	 3.26644	 -0.138497	 -0.410575	 0.0949064
192.62	 -0.107737	 0.00252906	 3.26264	 -0.138377	 -0.418917	 0.0949041
192.64	 -0.109821	 0.00253157	 3.25872	 -0.13826	 -0.427204	 0.0949025
192.66	 -0.1119	 0.00253379	 3.25469	 -0.138147	 -0.435434	 0.0949014
192.68	 -0.113976	 0.00253572	 3.25054	 -0.138038	 -0.443607	 0.0949009
192.7	 -0.116047	 0.00253738	 3.24627	 -0.137932	 -0.451721	 0.0949009
192.72	 -0.118113	 0.00253877	 3.24189	 -0.137831	 -0.459775	 0.0949014
192.74	 -0.120175	 0.00253989	 3.2374	 -0.137733	 -0.467768	 0.0949025
192.76	 -0.122232	 0.00254074	 3.23279	 -0.13764	 -0.4757	 0.094904
192.78	 -0.124284	 0.00254135	 3.22807	 -0.137551	 -0.48357	 0.094906
192.8	 -0.126331	 0.00254171	 3.22323	 -0.137467	 -0.491377	 0.0949085
192.82	 -0.128373	 0.00254183	 3.21828	 -0.137387	 -0.49912	 0.0949114
192.84	 -0.13041	 0.00254173	 3.21322	 -0.137313	 -0.5068	 0.0949147
192.86	 -0.132441	 0.0025414	 3.20805	 -0.137243	 -0.514415	 0.0949185
192.88	 -0.134467	 0.00254087	 3.20277	 -0.137178	 -0.521965	 0.0949226
192.9	 -0.136487	 0.00254013	 3.19738	 -0.137118	 -0.52945	 0.0949272
192.92	 -0.138501	 0.00253919	 3.19187	 -0.137063	 -0.536869	 0.0949321
192.94	 -0.140509	 0.00253807	 3.18626	 -0.137013	 -0.544223	 0.0949373
192.96	 -0.142511	 0.00253675	 3.18054	 -0.136969	 -0.55151	 0.0949429
192.98	 -0.144507	 0.00253526	 3.17471	 -0.13693	 -0.558731	 0.0949489
193	 -0.146497	 0.0025336	 3.16877	 -0.136896	 -0.565887	 0.0949552
193.02	 -0.148479	 0.00253177	 3.16273	 -0.136868	 -0.572976	 0.0949618
193.04	 -0.150455	 0.00252978	 3.15657	 -0.136846	 -0.579998	 0.0949687
193.06	 -0.152424	 0.00252763	 3.15032	 -0.136829	 -0.586955	 0.0949759
193.08	 -0.154386	 0.00252534	 3.14396	 -0.136818	 -0.593846	 0.0949833
193.1	 -0.156341	 0.00252291	 3.13749	 -0.136812	 -0.600671	 0.0949911
193.12	 -0.158288	 0.00252034	 3.13092	 -0.136812	 -0.607431	 0.0949991
193.14	 -0.160227	 0.00251764	 3.12425	 -0.136818	 -0.614126	 0.0950074
193.16	 -0.162159	 0.00251482	 3.11747	 -0.136829	 -0.620756	 0.0950159
193.18	 -0.164082	 0.00251189	 3.11059	 -0.136846	 -0.627322	 0.0950247
193.2	 -0.165997	 0.00250884	 3.10361	 -0.136869	 -0.633825	 0.0950338
193.22	 -0.167904	 0.00250569	 3.09653	 -0.136898	 -0.640264	 0.0950431
193.24	 -0.169802	 0.00250243	 3.08936	 -0.136933	 -0.646641	 0.0950526
193.26	 -0.171692	 0.00249909	 3.08208	 -0.136973	 -0.652956	 0.0950624
193.28	 -0.173572	 0.00249565	 3.0747	 -0.137019	 -0.659209	 0.0950724
193.3	 -0.175442	 0.00249214	 3.06723	 -0.137071	 -0.665401	 0.0950827
193.32	 -0.177304	 0.00248854	 3.05966	 -0.137129	 -0.671533	 0.0950932
193.34	 -0.179155	 0.00248488	 3.05199	 -0.137192	 -0.677606	 0.0951039
193.36	 -0.180996	 0.00248114	 3.04423	 -0.137261	 -0.683619	 0.0951149
193.38	 -0.182827	 0.00247734	 3.03637	 -0.137335	 -0.689574	 0.0951261
193.4	 -0.184647	 0.00247348	 3.02842	 -0.137414	 -0.695472	 0.0951375
193.42	 -0.186457	 0.00246955	 3.02037	 -0.137499	 -0.701312	 0.0951491
193.44	 -0.188255	 0.00246558	 3.01224	 -0.137589	 -0.707097	 0.095161
193.46	 -0.190042	 0.00246155	 3.00401	 -0.137685	 -0.712826	 0.0951731
193.48	 -0.191817	 0.00245746	 2.99569	 -0.137785	 -0.718501	 0.0951854
193.5	 -0.19358	 0.00245332	 2.98728	 -0.137891	 -0.724122	 0.0951979
193.52	 -0.195331	 0.00244913	 2.97878	 -0.138001	 -0.72969	 0.0952107
193.54	 -0.197069	 0.00244489	 2.9702	 -0.138117	 -0.735205	 0.0952237
193.56	 -0.198794	 0.00244059	 2.96152	 -0.138237	 -0.740669	 0.0952369
193.58	 -0.200506	 0.00243624	 2.95276	 -0.138361	 -0.746082	 0.0952504
193.6	 -0.202204	 0.00243183	 2.94391	 -0.13849	 -0.751445	 0.0952642
193.62	 -0.203888	 0.00242737	 2.93498	 -0.138624	 -0.756759	 0.0952782
193.64	 -0.205559	 0.00242285	 2.92596	 -0.138761	 -0.762024	 0.0952925
193.66	 -0.207214	 0.00241828	 2.91686	 -0.138902	 -0.767241	 0.0953071
193.68	 -0.208855	 0.00241364	 2.90768	 -0.139047	 -0.77241	 0.095322
193.7	 -0.21048	 0.00240895	 2.89841	 -0.139196	 -0.777533	 0.0953373
193.72	 -0.21209	 0.00240421	 2.88907	 -0.139348	 -0.78261	 0.0953529
193.74	 -0.213683	 0.0023994	 2.87964	 -0.139503	 -0.787642	 0.0953688
193.76	 -0.215261	 0.00239452	 2.87014	 -0.139661	 -0.792629	 0.0953851
193.78	 -0.216821	 0.00238958	 2.86055	 -0.139822	 -0.797572	 0.0954018
193.8	 -0.218365	 0.00238457	 2.85089	 -0.139986	 -0.802471	 0.0954189
193.82	 -0.219891	 0.00237949	 2.84115	 -0.140152	 -0.807328	 0.0954364
193.84	 -0.221399	 0.00237434	 2.83134	 -0.14032	 -0.812142	 0.0954544
193.86	 -0.222889	 0.00236911	 2.82145	 -0.14049	 -0.816914	 0.0954728
193.88	 -0.22436	 0.00236381	 2.81149	 -0.140661	 -0.821646	 0.0954917
193.9	 -0.225812	 0.00235843	 2.80146	 -0.140835	 -0.826336	 0.0955111
193.92	 -0.227245	 0.00235297	 2.79135	 -0.141009	 -0.830986	 0.0955309
193.94	 -0.228658	 0.00234743	 2.78117	 -0.141185	 -0.835597	 0.0955513
193.96	 -0.230052	 0.00234183	 2.77092	 -0.141362	 -0.840168	 0.0955721
193.98	 -0.231424	 0.00233614	 2.76061	 -0.14154	 -0.8447	 0.0955934
194	 -0.232776	 0.00233038	 2.75022	 -0.141718	 -0.849193	 0.0956153
194.02	 -0.234107	 0.00232454	 2.73977	 -0.141897	 -0.853648	 0.0956377
194.04	 -0.235415	 0.00231863	 2.72925	 -0.142075	 -0.858065	 0.0956607
194.06	 -0.236702	 0.00231264	 2.71867	 -0.142254	 -0.862443	 0.0956843
194.08	 -0.237967	 0.00230658	 2.70802	 -0.142433	 -0.866784	 0.0957085
194.1	 -0.239209	 0.00230044	 2.6973	 -0.142611	 -0.871088	 0.0957334
194.12	 -0.240427	 0.00229423	 2.68653	 -0.142788	 -0.875353	 0.0957588
194.14	 -0.241622	 0.00228795	 2.67569	 -0.142965	 -0.879582	 0.0957849
194.16	 -0.242794	 0.00228162	 2.6648	 -0.14314	 -0.883773	 0.0958117
194.18	 -0.243941	 0.00227523	 2.65384	 -0.143315	 -0.887928	 0.0958391
194.2	 -0.245063	 0.00226879	 2.64283	 -0.143488	 -0.892045	 0.0958671
194.22	 -0.246161	 0.00226232	 2.63176	 -0.14366	 -0.896125	 0.0958958
194.24	 -0.247234	 0.00225581	 2.62063	 -0.14383	 -0.900167	 0.0959252
194.26	 -0.248281	 0.00224928	 2.60945	 -0.143999	 -0.904172	 0.0959551
194.28	 -0.249302	 0.00224273	 2.59821	 -0.144166	 -0.90814	 0.0959857
194.3	 -0.250296	 0.00223616	 2.58692	 -0.144331	 -0.912071	 0.0960169
194.32	 -0.251265	 0.0022296	 2.57558	 -0.144494	 -0.915963	 0.0960488
194.34	 -0.252206	 0.00222305	 2.56419	 -0.144655	 -0.919818	 0.0960812
194.36	 -0.253121	 0.00221651	 2.55274	 -0.144813	 -0.923634	 0.0961143
194.38	 -0.254008	 0.00221	 2.54125	 -0.14497	 -0.927411	 0.096148
194.4	 -0.254867	 0.00220353	 2.52971	 -0.145124	 -0.93115	 0.0961822
194.42	 -0.255698	 0.00219711	 2.51813	 -0.145275	 -0.93485	 0.0962171
194.44	 -0.256501	 0.00219075	 2.5065	 -0.145424	 -0.93851	 0.0962526
194.46	 -0.257276	 0.00218447	 2.49482	 -0.14557	 -0.942131	 0.0962886
194.48	 -0.258022	 0.00217826	 2.4831	 -0.145714	 -0.945711	 0.0963253
194.5	 -0.258739	 0.00217216	 2.47134	 -0.145855	 -0.949251	 0.0963626
194.52	 -0.259427	 0.00216616	 2.45954	 -0.145993	 -0.952749	 0.0964005
194.54	 -0.260085	 0.00216028	 2.4477	 -0.146128	 -0.956205	 0.096439
194.56	 -0.260714	 0.00215453	 2.43582	 -0.14626	 -0.95962	 0.096478
194.58	 -0.261313	 0.00214893	 2.4239	 -0.146389	 -0.962991	 0.0965175
194.6	 -0.261882	 0.00214349	 2.41195	 -0.146515	 -0.96632	 0.0965576
194.62	 -0.262422	 0.00213823	 2.39996	 -0.146638	 -0.969604	 0.0965981
194.64	 -0.262931	 0.00213316	 2.38794	 -0.146758	 -0.972844	 0.0966392
194.66	 -0.263409	 0.00212829	 2.37589	 -0.146874	 -0.976039	 0.0966807
194.68	 -0.263858	 0.00212364	 2.3638	 -0.146988	 -0.979188	 0.0967228
194.7	 -0.264275	 0.00211922	 2.35169	 -0.147099	 -0.98229	 0.0967652
194.72	 -0.264662	 0.00211504	 2.33954	 -0.147207	 -0.985346	 0.0968081
194.74	 -0.265018	 0.00211113	 2.32737	 -0.147311	 -0.988354	 0.0968514
194.76	 -0.265344	 0.00210749	 2.31518	 -0.147413	 -0.991313	 0.0968952
194.78	 -0.265638	 0.00210415	 2.30295	 -0.147512	 -0.994222	 0.0969393
194.8	 -0.265902	 0.0021011	 2.29071	 -0.147608	 -0.997082	 0.0969838
194.82	 -0.266135	 0.00209838	 2.27844	 -0.1477	 -0.999891	 0.0970287
194.84	 -0.266337	 0.00209599	 2.26615	 -0.14779	 -1.00265	 0.0970739
194.86	 -0.266507	 0.00209395	 2.25384	 -0.147877	 -1.00535	 0.0971194
194.88	 -0.266647	 0.00209227	 2.24151	 -0.147962	 -1.008	 0.0971652
194.9	 -0.266756	 0.00209096	 2.22916	 -0.148043	 -1.0106	 0.0972113
194.92	 -0.266834	 0.00209004	 2.2168	 -0.148122	 -1.01314	 0.0972577
194.94	 -0.266882	 0.00208952	 2.20443	 -0.148198	 -1.01563	 0.0973042
194.96	 -0.266898	 0.00208942	 2.19204	 -0.148272	 -1.01806	 0.097351
194.98	 -0.266884	 0.00208973	 2.17964	 -0.148344	 -1.02043	 0.097398
195	 -0.266839	 0.00209048	 2.16723	 -0.148413	 -1.02275	 0.0974452
195.02	 -0.266764	 0.00209168	 2.1548	 -0.148479	 -1.025	 0.0974926
195.04	 -0.266658	 0.00209333	 2.14238	 -0.148544	 -1.02719	 0.0975402
195.06	 -0.266523	 0.00209544	 2.12994	 -0.148606	 -1.02933	 0.0975879
195.08	 -0.266357	 0.00209803	 2.1175	 -0.148666	 -1.0314	 0.0976358
195.1	 -0.266161	 0.00210109	 2.10506	 -0.148724	 -1.0334	 0.0976838
195.12	 -0.265935	 0.00210465	 2.09261	 -0.14878	 -1.03534	 0.0977319
195.14	 -0.26568	 0.00210869	 2.08016	 -0.148835	 -1.03722	 0.0977801
195.16	 -0.265395	 0.00211324	 2.06772	 -0.148888	 -1.03903	 0.0978283
195.18	 -0.265081	 0.00211829	 2.05527	 -0.148939	 -1.04077	 0.0978765
195.2	 -0.264738	 0.00212385	 2.04283	 -0.148988	 -1.04245	 0.0979248
195.22	 -0.264366	 0.00212992	 2.03039	 -0.149036	 -1.04405	 0.0979731
195.24	 -0.263965	 0.00213651	 2.01796	 -0.149083	 -1.04558	 0.0980213
195.26	 -0.263536	 0.00214361	 2.00554	 -0.149128	 -1.04705	 0.0980695
195.28	 -0.263079	 0.00215123	 1.99312	 -0.149173	 -1.04843	 0.0981176
195.3	 -0.262594	 0.00215937	 1.98072	 -0.149216	 -1.04975	 0.0981657
195.32	 -0.262081	 0.00216803	 1.96833	 -0.149258	 -1.05099	 0.0982137
195.34	 -0.261541	 0.00217721	 1.95595	 -0.1493	 -1.05215	 0.0982615
195.36	 -0.260974	 0.0021869	 1.94358	 -0.149341	 -1.05323	 0.0983093
195.38	 -0.26038	 0.00219709	 1.93123	 -0.149381	 -1.05423	 0.098357
195.4	 -0.25976	 0.0022078	 1.9189	 -0.14942	 -1.05516	 0.0984045
195.42	 -0.259113	 0.00221901	 1.90659	 -0.149459	 -1.056	 0.098452
195.44	 -0.25844	 0.00223071	 1.8943	 -0.149498	 -1.05676	 0.0984993
195.46	 -0.257741	 0.00224289	 1.88203	 -0.149536	 -1.05744	 0.0985464
195.48	 -0.257017	 0.00225556	 1.86978	 -0.149574	 -1.05803	 0.0985934
195.5	 -0.256268	 0.0022687	 1.85756	 -0.149612	 -1.05853	 0.0986402
195.52	 -0.255494	 0.0022823	 1.84536	 -0.14965	 -1.05895	 0.0986868
195.54	 -0.254696	 0.00229635	 1.83319	 -0.149688	 -1.05927	 0.0987332
195.56	 -0.253873	 0.00231085	 1.82105	 -0.149726	 -1.05951	 0.0987795
195.58	 -0.253026	 0.00232576	 1.80894	 -0.149764	 -1.05965	 0.0988255
195.6	 -0.252156	 0.00234109	 1.79686	 -0.149803	 -1.0597	 0.0988714
195.62	 -0.251263	 0.00235682	 1.78482	 -0.149842	 -1.05966	 0.098917
195.64	 -0.250346	 0.00237294	 1.77281	 -0.149882	 -1.05952	 0.0989625
195.66	 -0.249407	 0.00238943	 1.76084	 -0.149922	 -1.05928	 0.0990078
195.68	 -0.248446	 0.00240626	 1.7489	 -0.149962	 -1.05894	 0.0990529
195.7	 -0.247462	 0.00242344	 1.73701	 -0.150004	 -1.0585	 0.0990978
195.72	 -0.246457	 0.00244093	 1.72515	 -0.150046	 -1.05796	 0.0991426
195.74	 -0.24543	 0.00245873	 1.71334	 -0.150089	 -1.05731	 0.0991871
195.76	 -0.244382	 0.00247681	 1.70157	 -0.150132	 -1.05656	 0.0992315
195.78	 -0.243314	 0.00249515	 1.68984	 -0.150177	 -1.05571	 0.0992756
195.8	 -0.242225	 0.00251374	 1.67816	 -0.150223	 -1.05474	 0.0993197
195.82	 -0.241115	 0.00253255	 1.66653	 -0.150269	 -1.05367	 0.0993635
195.84	 -0.239986	 0.00255156	 1.65495	 -0.150317	 -1.05248	 0.0994072
195.86	 -0.238837	 0.00257076	 1.64342	 -0.150366	 -1.05119	 0.0994508
195.88	 -0.237669	 0.00259011	 1.63194	 -0.150416	 -1.04977	 0.0994942
195.9	 -0.236482	 0.00260961	 1.62051	 -0.150468	 -1.04825	 0.0995375
195.92	 -0.235275	 0.00262922	 1.60914	 -0.150521	 -1.0466	 0.0995807
195.94	 -0.234051	 0.00264892	 1.59782	 -0.150575	 -1.04484	 0.0996238
195.96	 -0.232808	 0.0026687	 1.58656	 -0.150631	 -1.04295	 0.0996668
195.98	 -0.231547	 0.00268853	 1.57536	 -0.150688	 -1.04095	 0.0997097
196	 -0.230268	 0.00270838	 1.56422	 -0.150746	 -1.03882	 0.0997527
196.02	 -0.228972	 0.00272823	 1.55314	 -0.150806	 -1.03656	 0.0997955
196.04	 -0.227659	 0.00274807	 1.54213	 -0.150868	 -1.03418	 0.0998384
196.06	 -0.226328	 0.00276786	 1.53118	 -0.150931	 -1.03167	 0.0998812
196.08	 -0.224981	 0.00278759	 1.52029	 -0.150996	 -1.02903	 0.0999241
196.1	 -0.223618	 0.00280723	 1.50947	 -0.151063	 -1.02626	 0.099967
196.12	 -0.222238	 0.00282675	 1.49873	 -0.151131	 -1.02336	 0.10001
196.14	 -0.220841	 0.00284615	 1.48805	 -0.151201	 -1.02032	 0.100053
196.16	 -0.219429	 0.00286539	 1.47744	 -0.151273	 -1.01715	 0.100096
196.18	 -0.218001	 0.00288446	 1.4669	 -0.151347	 -1.01384	 0.100139
196.2	 -0.216558	 0.00290333	 1.45644	 -0.151423	 -1.01039	 0.100183
196.22	 -0.2151	 0.00292198	 1.44605	 -0.1515	 -1.0068	 0.100226
196.24	 -0.213626	 0.0029404	 1.43574	 -0.151579	 -1.00307	 0.10027
196.26	 -0.212137	 0.00295856	 1.4255	 -0.151661	 -0.999194	 0.100314
196.28	 -0.210634	 0.00297643	 1.41535	 -0.151744	 -0.995176	 0.100358
196.3	 -0.209115	 0.00299402	 1.40527	 -0.151829	 -0.991012	 0.100402
196.32	 -0.207583	 0.00301129	 1.39527	 -0.151916	 -0.986701	 0.100447
196.34	 -0.206036	 0.00302823	 1.38536	 -0.152006	 -0.982242	 0.100492
196.36	 -0.204475	 0.00304482	 1.37553	 -0.152097	 -0.977633	 0.100537
196.38	 -0.2029	 0.00306104	 1.36579	 -0.152191	 -0.972873	 0.100583
196.4	 -0.20131	 0.00307688	 1.35613	 -0.152286	 -0.967961	 0.100629
196.42	 -0.199708	 0.00309233	 1.34656	 -0.152384	 -0.962896	 0.100675
196.44	 -0.198091	 0.00310737	 1.33708	 -0.152485	 -0.957676	 0.100722
196.46	 -0.196461	 0.00312199	 1.32769	 -0.152587	 -0.952301	 0.100769
196.48	 -0.194818	 0.00313617	 1.31839	 -0.152692	 -0.94677	 0.100817
196.5	 -0.193161	 0.0031499	 1.30918	 -0.152799	 -0.941081	 0.100865
196.52	 -0.191491	 0.00316317	 1.30007	 -0.152908	 -0.935233	 0.100914
196.54	 -0.189808	 0.00317597	 1.29104	 -0.153019	 -0.929227	 0.100963
196.56	 -0.188112	 0.0031883	 1.28212	 -0.153133	 -0.92306	 0.101013
196.58	 -0.186403	 0.00320013	 1.27329	 -0.15325	 -0.916732	 0.101063
196.6	 -0.184681	 0.00321148	 1.26456	 -0.153368	 -0.910242	 0.101114
196.62	 -0.182947	 0.00322232	 1.25593	 -0.15349	 -0.90359	 0.101166
196.64	 -0.1812	 0.00323266	 1.24739	 -0.153613	 -0.896775	 0.101218
196.66	 -0.17944	 0.00324249	 1.23896	 -0.153739	 -0.889796	 0.101271
196.68	 -0.177668	 0.00325181	 1.23063	 -0.153868	 -0.882653	 0.101325
196.7	 -0.175884	 0.00326061	 1.22241	 -0.153999	 -0.875345	 0.101379
196.72	 -0.174087	 0.00326889	 1.21429	 -0.154132	 -0.867873	 0.101435
196.74	 -0.172278	 0.00327666	 1.20627	 -0.154268	 -0.860235	 0.101491
196.76	 -0.170456	 0.00328391	 1.19836	 -0.154407	 -0.852432	 0.101547
196.78	 -0.168623	 0.00329064	 1.19055	 -0.154548	 -0.844464	 0.101605
196.8	 -0.166778	 0.00329686	 1.18286	 -0.154692	 -0.83633	 0.101663
196.82	 -0.16492	 0.00330257	 1.17527	 -0.154839	 -0.82803	 0.101722
196.84	 -0.163051	 0.00330778	 1.1678	 -0.154988	 -0.819565	 0.101782
196.86	 -0.16117	 0.00331249	 1.16043	 -0.15514	 -0.810934	 0.101843
196.88	 -0.159277	 0.00331671	 1.15318	 -0.155295	 -0.802138	 0.101905
196.9	 -0.157373	 0.00332044	 1.14604	 -0.155453	 -0.793177	 0.101967
196.92	 -0.155457	 0.0033237	 1.13901	 -0.155614	 -0.784052	 0.102031
196.94	 -0.15353	 0.00332649	 1.1321	 -0.155778	 -0.774764	 0.102095
196.96	 -0.151591	 0.00332882	 1.1253	 -0.155944	 -0.765312	 0.10216
196.98	 -0.149641	 0.0033307	 1.11863	 -0.156114	 -0.755697	 0.102227
197	 -0.147679	 0.00333215	 1.11206	 -0.156286	 -0.745921	 0.102294
197.02	 -0.145707	 0.00333317	 1.10562	 -0.156462	 -0.735983	 0.102362
197.04	 -0.143723	 0.00333377	 1.09929	 -0.15664	 -0.725886	 0.102431
197.06	 -0.141729	 0.00333397	 1.09309	 -0.156822	 -0.71563	 0.102501
197.08	 -0.139724	 0.00333378	 1.087	 -0.157006	 -0.705215	 0.102572
197.1	 -0.137708	 0.00333322	 1.08104	 -0.157194	 -0.694645	 0.102644
197.12	 -0.135681	 0.00333229	 1.0752	 -0.157385	 -0.683919	 0.102717
197.14	 -0.133644	 0.00333102	 1.06948	 -0.157578	 -0.673039	 0.102791
197.16	 -0.131597	 0.00332942	 1.06388	 -0.157775	 -0.662006	 0.102866
197.18	 -0.129539	 0.0033275	 1.05841	 -0.157974	 -0.650823	 0.102942
197.2	 -0.127471	 0.00332529	 1.05307	 -0.158177	 -0.639491	 0.103019
197.22	 -0.125394	 0.00332279	 1.04785	 -0.158383	 -0.628011	 0.103097
197.24	 -0.123306	 0.00332003	 1.04276	 -0.158591	 -0.616386	 0.103176
197.26	 -0.121209	 0.00331701	 1.03779	 -0.158803	 -0.604617	 0.103255
197.28	 -0.119102	 0.00331377	 1.03295	 -0.159017	 -0.592707	 0.103336
197.3	 -0.116986	 0.00331031	 1.02824	 -0.159235	 -0.580658	 0.103417
197.32	 -0.114861	 0.00330666	 1.02366	 -0.159455	 -0.568471	 0.103499
197.34	 -0.112726	 0.00330283	 1.01921	 -0.159679	 -0.55615	 0.103583
197.36	 -0.110583	 0.00329884	 1.01489	 -0.159905	 -0.543697	 0.103666
197.38	 -0.108431	 0.00329471	 1.01069	 -0.160134	 -0.531114	 0.103751
197.4	 -0.106271	 0.00329046	 1.00663	 -0.160366	 -0.518403	 0.103837
197.42	 -0.104103	 0.0032861	 1.00271	 -0.160601	 -0.505569	 0.103923
197.44	 -0.101926	 0.00328166	 0.998912	 -0.160839	 -0.492613	 0.10401
197.46	 -0.0997417	 0.00327715	 0.995249	 -0.161079	 -0.479538	 0.104098
197.48	 -0.0975497	 0.00327259	 0.99172	 -0.161323	 -0.466347	 0.104186
197.5	 -0.0953502	 0.003268	 0.988324	 -0.161569	 -0.453044	 0.104275
197.52	 -0.0931436	 0.00326339	 0.985063	 -0.161817	 -0.439631	 0.104365
197.54	 -0.09093	 0.00325879	 0.981937	 -0.162069	 -0.426113	 0.104456
197.56	 -0.0887098	 0.0032542	 0.978945	 -0.162323	 -0.412491	 0.104547
197.58	 -0.0864831	 0.00324965	 0.976089	 -0.162579	 -0.39877	 0.104639
197.6	 -0.0842503	 0.00324514	 0.973369	 -0.162838	 -0.384952	 0.104731
197.62	 -0.0820115	 0.0032407	 0.970785	 -0.163099	 -0.371042	 0.104824
197.64	 -0.079767	 0.00323634	 0.968338	 -0.163363	 -0.357043	 0.104917
197.66	 -0.0775172	 0.00323207	 0.966028	 -0.163628	 -0.342959	 0.105011
197.68	 -0.0752623	 0.0032279	 0.963855	 -0.163896	 -0.328794	 0.105105
197.7	 -0.0730026	 0.00322385	 0.96182	 -0.164166	 -0.31455	 0.1052
197.72	 -0.0707384	 0.00321994	 0.959922	 -0.164438	 -0.300233	 0.105295
197.74	 -0.0684699	 0.00321616	 0.958163	 -0.164711	 -0.285846	 0.10539
197.76	 -0.0661975	 0.00321254	 0.956541	 -0.164986	 -0.271394	 0.105486
197.78	 -0.0639215	 0.00320907	 0.955059	 -0.165263	 -0.256879	 0.105582
197.8	 -0.0616422	 0.00320578	 0.953715	 -0.165541	 -0.242307	 0.105678
197.82	 -0.0593599	 0.00320267	 0.95251	 -0.165821	 -0.227682	 0.105774
197.84	 -0.057075	 0.00319975	 0.951444	 -0.166102	 -0.213008	 0.10587
197.86	 -0.0547877	 0.00319702	 0.950518	 -0.166384	 -0.198288	 0.105967
197.88	 -0.0524984	 0.00319449	 0.949731	 -0.166667	 -0.183529	 0.106063
197.9	 -0.0502074	 0.00319218	 0.949083	 -0.166951	 -0.168733	 0.10616
197.92	 -0.0479151	 0.00319008	 0.948575	 -0.167235	 -0.153907	 0.106256
197.94	 -0.0456218	 0.00318821	 0.948207	 -0.167521	 -0.139053	 0.106352
197.96	 -0.0433278	 0.00318655	 0.947978	 -0.167806	 -0.124177	 0.106448
197.98	 -0.0410336	 0.00318513	 0.947889	 -0.168093	 -0.109284	 0.106544
198	 -0.0387394	 0.00318393	 0.947939	 -0.168379	 -0.0943778	 0.106639
198.02	 -0.0364456	 0.00318297	 0.948129	 -0.168665	 -0.0794635	 0.106734
198.04	 -0.0341525	 0.00318223	 0.948459	 -0.168951	 -0.0645458	 0.106829
198.06	 -0.0318606	 0.00318173	 0.948929	 -0.169237	 -0.0496295	 0.106924
198.08	 -0.02957	 0.00318145	 0.949537	 -0.169523	 -0.0347192	 0.107017
198.1	 -0.0272813	 0.00318141	 0.950286	 -0.169808	 -0.0198199	 0.107111
198.12	 -0.0249948	 0.00318158	 0.951173	 -0.170092	 -0.0049363	 0.107204
198.14	 -0.0227107	 0.00318197	 0.9522	 -0.170375	 0.00992684	 0.107296
198.16	 -0.0204295	 0.00318257	 0.953366	 -0.170657	 0.0247647	 0.107387
198.18	 -0.0181515	 0.00318339	 0.954671	 -0.170937	 0.0395724	 0.107478
198.2	 -0.0158771	 0.0031844	 0.956114	 -0.171216	 0.0543453	 0.107568
198.22	 -0.0136065	 0.00318561	 0.957696	 -0.171493	 0.0690784	 0.107657
198.24	 -0.0113402	 0.003187	 0.959416	 -0.171767	 0.0837671	 0.107745
198.26	 -0.00907846	 0.00318857	 0.961274	 -0.172039	 0.0984066	 0.107832
198.28	 -0.00682163	 0.0031903	 0.96327	 -0.172309	 0.112992	 0.107918
198.3	 -0.00457004	 0.00319218	 0.965403	 -0.172575	 0.127519	 0.108003
198.32	 -0.00232401	 0.00319421	 0.967673	 -0.172839	 0.141983	 0.108087
198.34	 -8.38722e-05	 0.00319636	 0.970081	 -0.173099	 0.156379	 0.10817
198.36	 0.00215006	 0.00319863	 0.972625	 -0.173355	 0.170702	 0.108252
198.38	 0.00437747	 0.003201	 0.975305	 -0.173608	 0.184949	 0.108333
198.4	 0.00659807	 0.00320346	 0.97812	 -0.173856	 0.199114	 0.108412
198.42	 0.00881153	 0.00320599	 0.981072	 -0.1741	 0.213194	 0.10849
198.44	 0.0110176	 0.00320859	 0.984158	 -0.174339	 0.227184	 0.108566
198.46	 0.0132159	 0.00321124	 0.987378	 -0.174574	 0.24108	 0.108641
198.48	 0.0154063	 0.00321393	 0.990733	 -0.174803	 0.254877	 0.108715
198.5	 0.0175884	 0.00321664	 0.994222	 -0.175027	 0.268572	 0.108787
198.52	 0.019762	 0.00321937	 0.997844	 -0.175246	 0.282161	 0.108857
198.54	 0.0219268	 0.0032221	 1.0016	 -0.175459	 0.295639	 0.108926
198.56	 0.0240825	 0.00322481	 1.00548	 -0.175666	 0.309003	 0.108993
198.58	 0.026229	 0.0032275	 1.0095	 -0.175867	 0.322249	 0.109059
198.6	 0.028366	 0.00323015	 1.01365	 -0.176062	 0.335373	 0.109123
198.62	 0.0304932	 0.00323275	 1.01793	 -0.176251	 0.348372	 0.109185
198.64	 0.0326104	 0.0032353	 1.02234	 -0.176433	 0.361241	 0.109245
198.66	 0.0347174	 0.00323777	 1.02688	 -0.176609	 0.373977	 0.109303
198.68	 0.036814	 0.00324015	 1.03155	 -0.176778	 0.386577	 0.10936
198.7	 0.0389001	 0.00324245	 1.03634	 -0.176941	 0.399037	 0.109414
198.72	 0.0409753	 0.00324464	 1.04127	 -0.177096	 0.411355	 0.109467
198.74	 0.0430396	 0.00324671	 1.04632	 -0.177244	 0.423526	 0.109518
198.76	 0.0450928	 0.00324866	 1.05149	 -0.177385	 0.435548	 0.109567
198.78	 0.0471346	 0.00325047	 1.05679	 -0.177519	 0.447418	 0.109614
198.8	 0.049165	 0.00325213	 1.06222	 -0.177645	 0.459133	 0.109658
198.82	 0.0511838	 0.00325363	 1.06777	 -0.177763	 0.47069	 0.109701
198.84	 0.0531909	 0.00325496	 1.07344	 -0.177873	 0.482087	 0.109742
198.86	 0.0551862	 0.00325612	 1.07923	 -0.177976	 0.493322	 0.10978
198.88	 0.0571694	 0.00325708	 1.08515	 -0.17807	 0.504391	 0.109817
198.9	 0.0591406	 0.00325784	 1.09119	 -0.178156	 0.515293	 0.109851
198.92	 0.0610996	 0.0032584	 1.09735	 -0.178233	 0.526026	 0.109883
198.94	 0.0630463	 0.00325874	 1.10362	 -0.178302	 0.536587	 0.109912
198.96	 0.0649806	 0.00325885	 1.11002	 -0.178362	 0.546975	 0.10994
198.98	 0.0669025	 0.00325874	 1.11653	 -0.178414	 0.557188	 0.109965
199	 0.0688119	 0.00325839	 1.12316	 -0.178456	 0.567224	 0.109988
199.02	 0.0707087	 0.00325779	 1.1299	 -0.178489	 0.577081	 0.110009
199.04	 0.0725929	 0.00325695	 1.13676	 -0.178514	 0.586759	 0.110027
199.06	 0.0744644	 0.00325586	 1.14374	 -0.178529	 0.596256	 0.110043
199.08	 0.0763232	 0.00325451	 1.15082	 -0.178534	 0.60557	 0.110057
199.1	 0.0781692	 0.00325291	 1.15802	 -0.178531	 0.614701	 0.110069
199.12	 0.0800024	 0.00325105	 1.16533	 -0.178518	 0.623648	 0.110078
199.14	 0.0818228	 0.00324892	 1.17275	 -0.178495	 0.63241	 0.110085
199.16	 0.0836303	 0.00324653	 1.18028	 -0.178463	 0.640986	 0.110089
199.18	 0.085425	 0.00324388	 1.18792	 -0.178421	 0.649376	 0.110092
199.2	 0.0872067	 0.00324097	 1.19567	 -0.17837	 0.657578	 0.110092
199.22	 0.0889756	 0.0032378	 1.20352	 -0.178309	 0.665593	 0.11009
199.24	 0.0907316	 0.00323438	 1.21148	 -0.178238	 0.67342	 0.110085
199.26	 0.0924747	 0.00323071	 1.21954	 -0.178158	 0.681059	 0.110078
199.28	 0.0942049	 0.0032268	 1.2277	 -0.178069	 0.68851	 0.110069
199.3	 0.0959221	 0.00322266	 1.23597	 -0.177971	 0.695773	 0.110058
199.32	 0.0976265	 0.00321831	 1.24434	 -0.177863	 0.702848	 0.110044
199.34	 0.0993179	 0.00321374	 1.25281	 -0.177747	 0.709736	 0.110028
199.36	 0.100997	 0.00320897	 1.26138	 -0.177621	 0.716437	 0.11001
199.38	 0.102662	 0.00320402	 1.27004	 -0.177486	 0.722951	 0.109989
199.4	 0.104315	 0.00319888	 1.27881	 -0.177343	 0.729279	 0.109967
199.42	 0.105955	 0.00319357	 1.28766	 -0.177191	 0.735421	 0.109941
199.44	 0.107582	 0.0031881	 1.29662	 -0.177031	 0.741378	 0.109914
199.46	 0.109196	 0.00318249	 1.30567	 -0.176862	 0.747152	 0.109884
199.48	 0.110798	 0.00317675	 1.31481	 -0.176685	 0.752743	 0.109853
199.5	 0.112386	 0.00317089	 1.32404	 -0.1765	 0.758151	 0.109818
199.52	 0.113962	 0.00316492	 1.33336	 -0.176307	 0.763379	 0.109782
199.54	 0.115525	 0.00315887	 1.34277	 -0.176107	 0.768427	 0.109744
199.56	 0.117074	 0.00315274	 1.35227	 -0.175898	 0.773296	 0.109703
199.58	 0.118611	 0.00314655	 1.36185	 -0.175683	 0.777987	 0.10966
199.6	 0.120135	 0.00314032	 1.37152	 -0.17546	 0.782503	 0.109615
199.62	 0.121646	 0.00313406	 1.38128	 -0.17523	 0.786844	 0.109568
199.64	 0.123144	 0.00312779	 1.39112	 -0.174993	 0.791011	 0.109519
199.66	 0.124629	 0.00312152	 1.40104	 -0.17475	 0.795007	 0.109468
199.68	 0.126101	 0.00311528	 1.41104	 -0.1745	 0.798833	 0.109415
199.7	 0.12756	 0.00310907	 1.42112	 -0.174244	 0.80249	 0.10936
199.72	 0.129006	 0.00310293	 1.43128	 -0.173982	 0.805981	 0.109303
199.74	 0.130438	 0.00309686	 1.44152	 -0.173714	 0.809307	 0.109244
199.76	 0.131857	 0.00309089	 1.45183	 -0.173441	 0.812469	 0.109183
199.78	 0.133263	 0.00308503	 1.46222	 -0.173162	 0.81547	 0.10912
199.8	 0.134655	 0.00307931	 1.47269	 -0.172879	 0.818312	 0.109056
199.82	 0.136034	 0.00307373	 1.48322	 -0.172591	 0.820996	 0.10899
199.84	 0.137399	 0.00306831	 1.49383	 -0.172298	 0.823524	 0.108922
199.86	 0.13875	 0.00306308	 1.5045	 -0.172001	 0.825899	 0.108852
199.88	 0.140087	 0.00305805	 1.51524	 -0.1717	 0.828122	 0.108781
199.9	 0.14141	 0.00305323	 1.52606	 -0.171396	 0.830196	 0.108709
199.92	 0.142719	 0.00304865	 1.53693	 -0.171088	 0.832122	 0.108634
199.94	 0.144014	 0.00304431	 1.54788	 -0.170776	 0.833902	 0.108559
199.96	 0.145294	 0.00304024	 1.55888	 -0.170462	 0.83554	 0.108482
199.98	 0.14656	 0.00303644	 1.56995	 -0.170145	 0.837036	 0.108403
200	 0.147811	 0.00303294	 1.58108	 -0.169826	 0.838393	 0.108323
