0	 0	 0	 0	 -0	 0	 -0
0.02	 -6.8144e-09	 -5.90959e-08	 -6.63113e-05	 -9.86591e-07	 -1.46345e-07	 -3.45848e-10
0.04	 0.000132496	 -1.35425e-07	 -0.00126959	 -3.13808e-06	 -0.000639158	 -8.76748e-08
0.06	 0.000429142	 -2.08006e-07	 -0.00400236	 -7.12601e-06	 -0.00207659	 -3.33322e-07
0.08	 0.000905517	 -2.27826e-07	 -0.00858487	 -1.3406e-05	 -0.00441249	 -8.01021e-07
0.1	 0.00155132	 -1.47338e-07	 -0.0151015	 -2.22081e-05	 -0.00762048	 -1.5197e-06
0.12	 0.00234385	 6.11895e-08	 -0.0234418	 -3.35134e-05	 -0.0115997	 -2.4772e-06
0.14	 0.0032612	 3.96649e-07	 -0.0333847	 -4.71052e-05	 -0.0162337	 -3.63155e-06
0.16	 0.00429008	 8.32567e-07	 -0.0446889	 -6.26585e-05	 -0.0214324	 -4.93109e-06
0.18	 0.00542725	 1.3292e-06	 -0.0571611	 -7.98403e-05	 -0.0271485	 -6.3334e-06
0.2	 0.00667633	 1.84859e-06	 -0.0706895	 -9.83907e-05	 -0.0333718	 -7.81579e-06
0.22	 0.00804305	 2.36613e-06	 -0.0852437	 -0.000118168	 -0.0401128	 -9.37543e-06
0.24	 0.00953135	 2.87578e-06	 -0.100851	 -0.000139147	 -0.0473838	 -1.10221e-05
0.26	 0.0111415	 3.38807e-06	 -0.117561	 -0.00016139	 -0.0551869	 -1.27681e-05
0.28	 0.0128706	 3.92332e-06	 -0.135418	 -0.000184993	 -0.0635089	 -1.46206e-05
0.3	 0.0147134	 4.50321e-06	 -0.154437	 -0.000210035	 -0.0723234	 -1.6578e-05
0.32	 0.0166646	 5.14375e-06	 -0.174598	 -0.000236541	 -0.0815959	 -1.863e-05
0.34	 0.0187195	 5.85155e-06	 -0.195851	 -0.000264473	 -0.0912898	 -2.07613e-05
0.36	 0.0208747	 6.62383e-06	 -0.218124	 -0.000293735	 -0.10137	 -2.2955e-05
0.38	 0.0231275	 7.45126e-06	 -0.241342	 -0.000324198	 -0.111803	 -2.51957e-05
0.4	 0.0254756	 8.32208e-06	 -0.265431	 -0.000355723	 -0.122561	 -2.74707e-05
0.42	 0.0279166	 9.22602e-06	 -0.290328	 -0.000388187	 -0.133615	 -2.97698e-05
0.44	 0.0304472	 1.01568e-05	 -0.315981	 -0.000421492	 -0.144935	 -3.20844e-05
0.46	 0.033064	 1.11126e-05	 -0.342346	 -0.000455568	 -0.156493	 -3.44062e-05
0.48	 0.0357628	 1.20958e-05	 -0.369385	 -0.000490361	 -0.168256	 -3.67264e-05
0.5	 0.0385395	 1.31103e-05	 -0.397055	 -0.000525829	 -0.180191	 -3.90356e-05
0.52	 0.0413897	 1.41601e-05	 -0.425312	 -0.000561922	 -0.192264	 -4.13233e-05
0.54	 0.0443093	 1.52479e-05	 -0.454104	 -0.000598581	 -0.204441	 -4.35785e-05
0.56	 0.0472942	 1.63738e-05	 -0.483377	 -0.000635733	 -0.216687	 -4.579e-05
0.58	 0.0503406	 1.75362e-05	 -0.51307	 -0.000673294	 -0.228967	 -4.79468e-05
0.6	 0.0534441	 1.8732e-05	 -0.54312	 -0.000711174	 -0.241246	 -5.00381e-05
0.62	 0.0566009	 1.99578e-05	 -0.573467	 -0.000749279	 -0.253491	 -5.20534e-05
0.64	 0.0598064	 2.12102e-05	 -0.604051	 -0.000787524	 -0.265669	 -5.39826e-05
0.66	 0.0630565	 2.24871e-05	 -0.634811	 -0.000825826	 -0.277744	 -5.58159e-05
0.68	 0.0663467	 2.37869e-05	 -0.665692	 -0.000864108	 -0.289685	 -5.75438e-05
0.7	 0.0696726	 2.51088e-05	 -0.696637	 -0.000902299	 -0.301458	 -5.91573e-05
0.72	 0.0730297	 2.64521e-05	 -0.727589	 -0.00094033	 -0.313031	 -6.06473e-05
0.74	 0.0764135	 2.78162e-05	 -0.758494	 -0.000978132	 -0.324372	 -6.20049e-05
0.76	 0.0798197	 2.92e-05	 -0.789294	 -0.00101563	 -0.335449	 -6.32218e-05
0.78	 0.0832438	 3.06017e-05	 -0.819932	 -0.00105277	 -0.346232	 -6.42897e-05
0.8	 0.0866814	 3.20193e-05	 -0.850353	 -0.00108946	 -0.356691	 -6.52004e-05
0.82	 0.0901281	 3.34503e-05	 -0.880499	 -0.00112565	 -0.366798	 -6.59466e-05
0.84	 0.0935795	 3.48924e-05	 -0.910315	 -0.00116125	 -0.376523	 -6.65208e-05
0.86	 0.0970313	 3.63428e-05	 -0.939747	 -0.00119621	 -0.38584	 -6.69163e-05
0.88	 0.100479	 3.77991e-05	 -0.968742	 -0.00123047	 -0.394724	 -6.71266e-05
0.9	 0.103918	 3.92589e-05	 -0.997248	 -0.00126395	 -0.403149	 -6.71456e-05
0.92	 0.107345	 4.07199e-05	 -1.02521	 -0.00129661	 -0.411092	 -6.69677e-05
0.94	 0.110755	 4.21794e-05	 -1.05259	 -0.00132839	 -0.418532	 -6.65878e-05
0.96	 0.114144	 4.36352e-05	 -1.07933	 -0.00135924	 -0.425447	 -6.6001e-05
0.98	 0.117506	 4.50998e-05	 -1.10539	 -0.0013891	 -0.431828	 -6.52339e-05
1	 0.120831	 4.65761e-05	 -1.13074	 -0.00141792	 -0.437673	 -6.4291e-05
1.02	 0.124111	 4.80658e-05	 -1.15534	 -0.00144565	 -0.442987	 -6.31747e-05
1.04	 0.127338	 4.95396e-05	 -1.17915	 -0.00147223	 -0.447775	 -6.18258e-05
1.06	 0.130504	 5.0989e-05	 -1.20215	 -0.00149761	 -0.452055	 -6.02323e-05
1.08	 0.133603	 5.24078e-05	 -1.22432	 -0.00152173	 -0.45584	 -5.839e-05
1.1	 0.136632	 5.37952e-05	 -1.24563	 -0.00154455	 -0.459146	 -5.6306e-05
1.12	 0.139585	 5.51536e-05	 -1.26605	 -0.00156602	 -0.461981	 -5.3992e-05
1.14	 0.142458	 5.64857e-05	 -1.28557	 -0.00158613	 -0.464356	 -5.14586e-05
1.16	 0.145247	 5.77928e-05	 -1.30415	 -0.00160485	 -0.466275	 -4.87119e-05
1.18	 0.147947	 5.90741e-05	 -1.32177	 -0.00162215	 -0.467746	 -4.57545e-05
1.2	 0.150555	 6.03236e-05	 -1.33841	 -0.00163834	 -0.468775	 -4.26705e-05
1.22	 0.153074	 6.15536e-05	 -1.35406	 -0.00165329	 -0.469371	 -3.94731e-05
1.24	 0.155503	 6.27625e-05	 -1.36869	 -0.00166699	 -0.469541	 -3.61703e-05
1.26	 0.157845	 6.39447e-05	 -1.3823	 -0.00167942	 -0.469295	 -3.2758e-05
1.28	 0.160103	 6.50924e-05	 -1.39485	 -0.00169059	 -0.468639	 -2.92284e-05
1.3	 0.162277	 6.61987e-05	 -1.40636	 -0.00170049	 -0.467581	 -2.55759e-05
1.32	 0.164368	 6.72586e-05	 -1.41679	 -0.00170911	 -0.466127	 -2.18004e-05
1.34	 0.166375	 6.8269e-05	 -1.42615	 -0.00171645	 -0.464286	 -1.79064e-05
1.36	 0.1683	 6.92281e-05	 -1.43442	 -0.00172249	 -0.462064	 -1.39007e-05
1.38	 0.170141	 7.01341e-05	 -1.44159	 -0.00172725	 -0.459471	 -9.79016e-06
1.4	 0.171899	 7.0985e-05	 -1.44765	 -0.00173071	 -0.456513	 -5.58068e-06
1.42	 0.173574	 7.1778e-05	 -1.4526	 -0.00173289	 -0.453199	 -1.27655e-06
1.44	 0.175168	 7.25096e-05	 -1.45643	 -0.00173378	 -0.449536	 3.11887e-06
1.46	 0.17668	 7.31762e-05	 -1.45914	 -0.0017334	 -0.445531	 7.60249e-06
1.48	 0.178112	 7.37741e-05	 -1.46073	 -0.00173175	 -0.441192	 1.2171e-05
1.5	 0.179463	 7.42996e-05	 -1.46118	 -0.00172885	 -0.436523	 1.68207e-05
1.52	 0.180735	 7.47494e-05	 -1.46052	 -0.0017247	 -0.431532	 2.15473e-05
1.54	 0.181927	 7.51203e-05	 -1.45872	 -0.00171933	 -0.426225	 2.63464e-05
1.56	 0.18304	 7.54091e-05	 -1.45581	 -0.00171273	 -0.420608	 3.12136e-05
1.58	 0.184074	 7.56129e-05	 -1.45178	 -0.00170495	 -0.414688	 3.61442e-05
1.6	 0.18503	 7.57286e-05	 -1.44663	 -0.00169598	 -0.40847	 4.11341e-05
1.62	 0.185908	 7.57532e-05	 -1.44037	 -0.00168587	 -0.401961	 4.61788e-05
1.64	 0.186707	 7.56837e-05	 -1.43302	 -0.00167461	 -0.395166	 5.12741e-05
1.66	 0.18743	 7.55171e-05	 -1.42457	 -0.00166225	 -0.388091	 5.64156e-05
1.68	 0.188075	 7.52504e-05	 -1.41503	 -0.0016488	 -0.380741	 6.15992e-05
1.7	 0.188644	 7.48807e-05	 -1.40443	 -0.0016343	 -0.373121	 6.68206e-05
1.72	 0.189136	 7.44054e-05	 -1.39277	 -0.00161877	 -0.365236	 7.20755e-05
1.74	 0.189551	 7.38228e-05	 -1.38006	 -0.00160224	 -0.357091	 7.73573e-05
1.76	 0.18989	 7.31295e-05	 -1.36631	 -0.00158475	 -0.34869	 8.26639e-05
1.78	 0.190154	 7.23234e-05	 -1.35156	 -0.00156632	 -0.340038	 8.79906e-05
1.8	 0.190341	 7.14016e-05	 -1.3358	 -0.001547	 -0.331139	 9.3334e-05
1.82	 0.190452	 7.03764e-05	 -1.31907	 -0.00152681	 -0.322001	 9.8661e-05
1.84	 0.190484	 6.9234e-05	 -1.30137	 -0.00150579	 -0.312633	 0.000103993
1.86	 0.190435	 6.79308e-05	 -1.28275	 -0.00148397	 -0.303045	 0.000109412
1.88	 0.190303	 6.64978e-05	 -1.26321	 -0.00146121	 -0.293255	 0.000114902
1.9	 0.190086	 6.48987e-05	 -1.2428	 -0.00143777	 -0.283276	 0.000120458
1.92	 0.189783	 6.31752e-05	 -1.22153	 -0.00141358	 -0.273132	 0.000126013
1.94	 0.189396	 6.13159e-05	 -1.19946	 -0.00138872	 -0.262843	 0.00013157
1.96	 0.188923	 5.93325e-05	 -1.17661	 -0.00136322	 -0.252436	 0.000137105
1.98	 0.188369	 5.72213e-05	 -1.15302	 -0.00133699	 -0.241936	 0.000142663
2	 0.187733	 5.49713e-05	 -1.12873	 -0.00131026	 -0.231372	 0.000148209
2.02	 0.187017	 5.25938e-05	 -1.10379	 -0.00128288	 -0.220771	 0.000153765
2.04	 0.186222	 5.00764e-05	 -1.07825	 -0.00125506	 -0.210162	 0.000159304
2.06	 0.185348	 4.7436e-05	 -1.05214	 -0.00122668	 -0.19957	 0.000164825
2.08	 0.184396	 4.46632e-05	 -1.02551	 -0.00119792	 -0.189024	 0.000170312
2.1	 0.183369	 4.17724e-05	 -0.99842	 -0.00116875	 -0.178554	 0.000175754
2.12	 0.182267	 3.87591e-05	 -0.970907	 -0.00113926	 -0.168189	 0.000181145
2.14	 0.181093	 3.56337e-05	 -0.943025	 -0.0011095	 -0.157963	 0.000186469
2.16	 0.17985	 3.23974e-05	 -0.914825	 -0.0010795	 -0.147906	 0.000191721
2.18	 0.17854	 2.90572e-05	 -0.886359	 -0.00104933	 -0.13805	 0.000196882
2.2	 0.177166	 2.56172e-05	 -0.857678	 -0.00101903	 -0.128424	 0.000201944
2.22	 0.175729	 2.20817e-05	 -0.828834	 -0.000988674	 -0.119058	 0.000206892
2.24	 0.174233	 1.84572e-05	 -0.799881	 -0.000958306	 -0.109983	 0.000211716
2.26	 0.17268	 1.47479e-05	 -0.770871	 -0.000927998	 -0.101226	 0.000216403
2.28	 0.171073	 1.09613e-05	 -0.741858	 -0.000897794	 -0.0928178	 0.00022094
2.3	 0.169414	 7.10207e-06	 -0.712895	 -0.000867766	 -0.0847878	 0.000225316
2.32	 0.167706	 3.17788e-06	 -0.684037	 -0.000837962	 -0.0771661	 0.000229518
2.34	 0.165951	 -8.05226e-07	 -0.655337	 -0.000808443	 -0.069983	 0.000233535
2.36	 0.164152	 -4.83946e-06	 -0.626849	 -0.000779258	 -0.0632687	 0.000237354
2.38	 0.162313	 -8.91809e-06	 -0.598628	 -0.000750464	 -0.0570532	 0.000240965
2.4	 0.160436	 -1.30332e-05	 -0.570727	 -0.000722115	 -0.0513656	 0.000244355
2.42	 0.158524	 -1.71768e-05	 -0.5432	 -0.000694263	 -0.0462339	 0.000247511
2.44	 0.156581	 -2.13407e-05	 -0.516099	 -0.000666959	 -0.0416851	 0.000250421
2.46	 0.154611	 -2.55163e-05	 -0.489477	 -0.000640255	 -0.0377448	 0.000253074
2.48	 0.152616	 -2.96947e-05	 -0.463384	 -0.000614197	 -0.0344369	 0.000255457
2.5	 0.150599	 -3.38668e-05	 -0.43787	 -0.000588832	 -0.0317827	 0.000257559
2.52	 0.148565	 -3.8024e-05	 -0.412984	 -0.000564208	 -0.0298013	 0.000259367
2.54	 0.146516	 -4.21576e-05	 -0.388772	 -0.000540374	 -0.0285095	 0.000260872
2.56	 0.144455	 -4.62596e-05	 -0.365281	 -0.000517383	 -0.0279228	 0.000262065
2.58	 0.142385	 -5.03212e-05	 -0.342554	 -0.000495279	 -0.0280557	 0.000262936
2.6	 0.14031	 -5.43339e-05	 -0.320635	 -0.000474104	 -0.0289212	 0.000263479
2.62	 0.138233	 -5.82889e-05	 -0.299564	 -0.000453901	 -0.0305309	 0.000263685
2.64	 0.136158	 -6.21776e-05	 -0.279381	 -0.000434707	 -0.0328942	 0.000263549
2.66	 0.134087	 -6.59913e-05	 -0.260122	 -0.000416558	 -0.0360187	 0.000263063
2.68	 0.132024	 -6.97215e-05	 -0.241822	 -0.000399488	 -0.0399095	 0.000262222
2.7	 0.129971	 -7.33599e-05	 -0.224515	 -0.000383527	 -0.0445694	 0.000261021
2.72	 0.127932	 -7.68982e-05	 -0.208231	 -0.000368706	 -0.0499991	 0.000259456
2.74	 0.125909	 -8.03286e-05	 -0.192998	 -0.000355049	 -0.0561975	 0.000257524
2.76	 0.123905	 -8.36429e-05	 -0.178844	 -0.000342581	 -0.0631614	 0.000255224
2.78	 0.121923	 -8.68333e-05	 -0.165793	 -0.000331322	 -0.0708863	 0.000252554
2.8	 0.119965	 -8.9892e-05	 -0.153867	 -0.000321291	 -0.0793658	 0.000249513
2.82	 0.118034	 -9.28114e-05	 -0.143087	 -0.000312502	 -0.0885922	 0.000246101
2.84	 0.116131	 -9.55841e-05	 -0.13347	 -0.00030497	 -0.0985562	 0.000242318
2.86	 0.11426	 -9.82027e-05	 -0.125034	 -0.000298703	 -0.109247	 0.000238165
2.88	 0.112423	 -0.00010066	 -0.117792	 -0.000293711	 -0.120652	 0.000233644
2.9	 0.110622	 -0.00010295	 -0.111755	 -0.000289997	 -0.132758	 0.000228757
2.92	 0.108859	 -0.000105065	 -0.106934	 -0.000287563	 -0.145549	 0.000223507
2.94	 0.107136	 -0.000106999	 -0.103335	 -0.000286406	 -0.159006	 0.000217899
2.96	 0.105455	 -0.000108747	 -0.100965	 -0.000286523	 -0.17311	 0.000211937
2.98	 0.103818	 -0.000110302	 -0.0998242	 -0.000287908	 -0.18784	 0.000205628
3	 0.102226	 -0.00011166	 -0.0999154	 -0.000290552	 -0.203175	 0.00019898
3.02	 0.100682	 -0.000112816	 -0.101236	 -0.000294444	 -0.219089	 0.000192
3.04	 0.0991856	 -0.000113765	 -0.103783	 -0.000299571	 -0.235556	 0.000184697
3.06	 0.0977394	 -0.000114502	 -0.10755	 -0.000305916	 -0.25255	 0.00017708
3.08	 0.0963443	 -0.000115024	 -0.112528	 -0.000313462	 -0.270041	 0.000169158
3.1	 0.0950012	 -0.000115327	 -0.118705	 -0.000322189	 -0.287996	 0.000160944
3.12	 0.0937112	 -0.000115409	 -0.12607	 -0.000332073	 -0.306383	 0.000152447
3.14	 0.0924748	 -0.000115267	 -0.134605	 -0.00034309	 -0.325168	 0.00014368
3.16	 0.0912926	 -0.000114898	 -0.144294	 -0.000355215	 -0.344314	 0.000134657
3.18	 0.090165	 -0.000114301	 -0.155117	 -0.00036842	 -0.363782	 0.00012539
3.2	 0.0890923	 -0.000113474	 -0.16705	 -0.000382674	 -0.383535	 0.000115894
3.22	 0.0880747	 -0.000112417	 -0.180071	 -0.000397943	 -0.403533	 0.000106184
3.24	 0.087112	 -0.000111129	 -0.194152	 -0.000414192	 -0.423735	 9.62765e-05
3.26	 0.0862044	 -0.000109609	 -0.209266	 -0.00043138	 -0.444099	 8.61864e-05
3.28	 0.0853514	 -0.000107857	 -0.225382	 -0.000449468	 -0.464583	 7.59306e-05
3.3	 0.0845527	 -0.000105875	 -0.242468	 -0.000468411	 -0.485143	 6.55262e-05
3.32	 0.0838077	 -0.000103662	 -0.260491	 -0.000488164	 -0.505738	 5.49906e-05
3.34	 0.0831158	 -0.000101221	 -0.279415	 -0.00050868	 -0.526321	 4.43415e-05
3.36	 0.0824763	 -9.85517e-05	 -0.299204	 -0.000529912	 -0.54685	 3.35971e-05
3.38	 0.0818883	 -9.56571e-05	 -0.319818	 -0.000551807	 -0.567281	 2.27754e-05
3.4	 0.081351	 -9.25393e-05	 -0.341219	 -0.000574316	 -0.587568	 1.18949e-05
3.42	 0.0808633	 -8.92012e-05	 -0.363364	 -0.000597387	 -0.60767	 9.74054e-07
3.44	 0.0804241	 -8.56458e-05	 -0.386213	 -0.000620966	 -0.627543	 -9.96873e-06
3.46	 0.0800323	 -8.18769e-05	 -0.40972	 -0.000645001	 -0.647142	 -2.09148e-05
3.48	 0.0796866	 -7.78983e-05	 -0.433843	 -0.000669437	 -0.666427	 -3.18458e-05
3.5	 0.0793857	 -7.37146e-05	 -0.458535	 -0.000694221	 -0.685356	 -4.27431e-05
3.52	 0.0791282	 -6.93305e-05	 -0.483752	 -0.000719296	 -0.703886	 -5.35882e-05
3.54	 0.0789127	 -6.47513e-05	 -0.509445	 -0.000744608	 -0.721977	 -6.43628e-05
3.56	 0.0787376	 -5.99825e-05	 -0.535567	 -0.000770102	 -0.739591	 -7.50482e-05
3.58	 0.0786014	 -5.50302e-05	 -0.562071	 -0.000795723	 -0.756687	 -8.56262e-05
3.6	 0.0785025	 -4.99009e-05	 -0.588908	 -0.000821417	 -0.773228	 -9.60785e-05
3.62	 0.0784392	 -4.46012e-05	 -0.616029	 -0.000847131	 -0.789177	 -0.000106387
3.64	 0.0784098	 -3.91383e-05	 -0.643385	 -0.000872812	 -0.8045	 -0.000116535
3.66	 0.0784127	 -3.35198e-05	 -0.670928	 -0.000898408	 -0.81916	 -0.000126505
3.68	 0.0784459	 -2.77535e-05	 -0.698607	 -0.000923868	 -0.833125	 -0.00013628
3.7	 0.0785078	 -2.18477e-05	 -0.726374	 -0.000949142	 -0.846363	 -0.000145843
3.72	 0.0785964	 -1.5811e-05	 -0.754179	 -0.00097418	 -0.858844	 -0.000155179
3.74	 0.0787098	 -9.65239e-06	 -0.781974	 -0.000998935	 -0.870538	 -0.00016427
3.76	 0.0788462	 -3.38121e-06	 -0.80971	 -0.00102336	 -0.881417	 -0.000173102
3.78	 0.0790037	 2.99297e-06	 -0.837338	 -0.00104741	 -0.891456	 -0.000181659
3.8	 0.0791802	 9.46023e-06	 -0.864812	 -0.00107104	 -0.900629	 -0.000189927
3.82	 0.0793739	 1.60104e-05	 -0.892084	 -0.00109421	 -0.908915	 -0.000197892
3.84	 0.0795827	 2.26332e-05	 -0.919108	 -0.00111688	 -0.916293	 -0.000205538
3.86	 0.0798042	 2.9343e-05	 -0.945839	 -0.00113902	 -0.922745	 -0.000212905
3.88	 0.0800317	 3.61376e-05	 -0.972241	 -0.00116057	 -0.928272	 -0.000219992
3.9	 0.0802577	 4.30123e-05	 -0.998279	 -0.00118151	 -0.932881	 -0.000226795
3.92	 0.0804738	 4.99584e-05	 -1.02392	 -0.0012018	 -0.936584	 -0.000233303
3.94	 0.080672	 5.69647e-05	 -1.04914	 -0.00122138	 -0.939394	 -0.000239502
3.96	 0.0808449	 6.40192e-05	 -1.07391	 -0.00124022	 -0.941326	 -0.00024538
3.98	 0.0809863	 7.11102e-05	 -1.09819	 -0.00125828	 -0.94239	 -0.000250929
4	 0.0810906	 7.82266e-05	 -1.12195	 -0.00127552	 -0.942594	 -0.000256142
4.02	 0.0811529	 8.53576e-05	 -1.14517	 -0.00129191	 -0.941946	 -0.000261012
4.04	 0.081169	 9.24813e-05	 -1.16781	 -0.00130742	 -0.940457	 -0.000265511
4.06	 0.0811357	 9.95883e-05	 -1.18984	 -0.00132203	 -0.938145	 -0.000269638
4.08	 0.0810498	 0.000106671	 -1.21125	 -0.00133572	 -0.935033	 -0.000273393
4.1	 0.0809084	 0.000113724	 -1.23201	 -0.00134846	 -0.931146	 -0.000276785
4.12	 0.080708	 0.000120743	 -1.25211	 -0.00136025	 -0.926508	 -0.000279821
4.14	 0.0804455	 0.000127723	 -1.27152	 -0.00137107	 -0.921145	 -0.00028251
4.16	 0.0801174	 0.000134657	 -1.29022	 -0.00138091	 -0.915081	 -0.000284856
4.18	 0.0797207	 0.00014154	 -1.3082	 -0.00138978	 -0.908337	 -0.000286864
4.2	 0.0792525	 0.00014836	 -1.32543	 -0.00139765	 -0.900936	 -0.000288537
4.22	 0.0787104	 0.000155111	 -1.34191	 -0.00140453	 -0.892899	 -0.000289877
4.24	 0.078092	 0.000161782	 -1.3576	 -0.00141041	 -0.884249	 -0.000290889
4.26	 0.0773956	 0.000168365	 -1.3725	 -0.0014153	 -0.875008	 -0.000291579
4.28	 0.0766191	 0.000174851	 -1.38659	 -0.0014192	 -0.865198	 -0.000291952
4.3	 0.0757611	 0.000181231	 -1.39986	 -0.00142212	 -0.854844	 -0.000292014
4.32	 0.0748198	 0.000187499	 -1.41229	 -0.00142406	 -0.843969	 -0.000291772
4.34	 0.073794	 0.000193645	 -1.42387	 -0.00142503	 -0.832596	 -0.000291234
4.36	 0.0726825	 0.000199661	 -1.4346	 -0.00142505	 -0.820747	 -0.000290405
4.38	 0.0714844	 0.000205538	 -1.44446	 -0.00142414	 -0.808447	 -0.000289293
4.4	 0.0701989	 0.000211269	 -1.45344	 -0.00142231	 -0.795716	 -0.000287905
4.42	 0.0688255	 0.000216845	 -1.46154	 -0.00141957	 -0.782579	 -0.000286247
4.44	 0.067364	 0.000222257	 -1.46875	 -0.00141596	 -0.769056	 -0.000284328
4.46	 0.0658144	 0.000227496	 -1.47506	 -0.0014115	 -0.755169	 -0.000282155
4.48	 0.0641767	 0.000232555	 -1.48048	 -0.0014062	 -0.740941	 -0.000279736
4.5	 0.0624514	 0.000237426	 -1.48499	 -0.00140009	 -0.726393	 -0.000277078
4.52	 0.060639	 0.0002421	 -1.4886	 -0.00139321	 -0.711545	 -0.000274191
4.54	 0.0587403	 0.00024657	 -1.49131	 -0.00138557	 -0.696419	 -0.000271081
4.56	 0.0567564	 0.000250827	 -1.49311	 -0.00137722	 -0.681035	 -0.000267758
4.58	 0.0546883	 0.000254865	 -1.49401	 -0.00136818	 -0.665414	 -0.000264229
4.6	 0.0525376	 0.000258677	 -1.49401	 -0.00135848	 -0.649575	 -0.000260504
4.62	 0.0503059	 0.000262255	 -1.49311	 -0.00134816	 -0.633538	 -0.00025659
4.64	 0.0479951	 0.000265593	 -1.49132	 -0.00133726	 -0.617321	 -0.000252496
4.66	 0.0456071	 0.000268683	 -1.48864	 -0.0013258	 -0.600944	 -0.000248231
4.68	 0.0431443	 0.00027152	 -1.48509	 -0.00131383	 -0.584425	 -0.000243804
4.7	 0.0406092	 0.000274098	 -1.48066	 -0.00130138	 -0.567781	 -0.000239222
4.72	 0.0380043	 0.000276411	 -1.47538	 -0.00128849	 -0.551029	 -0.000234495
4.74	 0.0353326	 0.000278454	 -1.46924	 -0.00127519	 -0.534188	 -0.000229631
4.76	 0.0325971	 0.000280222	 -1.46226	 -0.00126153	 -0.517272	 -0.000224638
4.78	 0.029801	 0.00028171	 -1.45445	 -0.00124754	 -0.500298	 -0.000219525
4.8	 0.0269476	 0.000282913	 -1.44583	 -0.00123326	 -0.483281	 -0.000214298
4.82	 0.0240407	 0.000283828	 -1.43641	 -0.00121874	 -0.466237	 -0.000208969
4.84	 0.0210838	 0.000284448	 -1.4262	 -0.00120399	 -0.449179	 -0.000203535
4.86	 0.0180809	 0.000284772	 -1.41523	 -0.00118908	 -0.432122	 -0.000198012
4.88	 0.015036	 0.000284797	 -1.4035	 -0.00117403	 -0.415079	 -0.000192406
4.9	 0.0119534	 0.000284368	 -1.39104	 -0.00115884	 -0.398063	 -0.000186415
4.92	 0.00883758	 0.000283603	 -1.37787	 -0.00114356	 -0.38109	 -0.000180309
4.94	 0.00569307	 0.000282403	 -1.36401	 -0.00112819	 -0.364173	 -0.000173896
4.96	 0.00252474	 0.000280884	 -1.34948	 -0.00111279	 -0.347327	 -0.00016743
4.98	 -0.000664156	 0.000279002	 -1.3343	 -0.0010974	 -0.330567	 -0.000160821
5	 -0.00386858	 0.000276756	 -1.3185	 -0.00108206	 -0.313909	 -0.000154062
5.02	 -0.00708521	 0.000274141	 -1.30211	 -0.00106681	 -0.29737	 -0.000147144
5.04	 -0.0103085	 0.000271093	 -1.28515	 -0.00105167	 -0.280965	 -0.000139943
5.06	 -0.0135337	 0.00026764	 -1.26766	 -0.00103665	 -0.264715	 -0.00013253
5.08	 -0.0167552	 0.000263722	 -1.24966	 -0.00102177	 -0.248635	 -0.000124793
5.1	 -0.0199679	 0.000259386	 -1.23119	 -0.00100705	 -0.232746	 -0.000116839
5.12	 -0.0231667	 0.000254593	 -1.21227	 -0.000992515	 -0.217068	 -0.000108593
5.14	 -0.0263469	 0.000249386	 -1.19295	 -0.000978195	 -0.201621	 -0.000100139
5.16	 -0.0295044	 0.000243746	 -1.17327	 -0.000964123	 -0.186427	 -9.14285e-05
5.18	 -0.0326349	 0.000237697	 -1.15324	 -0.000950331	 -0.171509	 -8.25067e-05
5.2	 -0.0357344	 0.000231234	 -1.13293	 -0.000936848	 -0.156891	 -7.33534e-05
5.22	 -0.0387988	 0.00022437	 -1.11236	 -0.000923696	 -0.142599	 -6.39897e-05
5.24	 -0.0418241	 0.000217112	 -1.09157	 -0.000910896	 -0.128655	 -5.44239e-05
5.26	 -0.0448063	 0.00020947	 -1.07062	 -0.000898465	 -0.115086	 -4.46692e-05
5.28	 -0.0477415	 0.00020146	 -1.04953	 -0.000886425	 -0.101915	 -3.47518e-05
5.3	 -0.0506257	 0.000193093	 -1.02835	 -0.000874795	 -0.0891648	 -2.46834e-05
5.32	 -0.0534551	 0.00018439	 -1.00712	 -0.0008636	 -0.0768593	 -1.44936e-05
5.34	 -0.0562261	 0.000175361	 -0.985887	 -0.000852863	 -0.0650209	 -4.18855e-06
5.36	 -0.058935	 0.000166022	 -0.964689	 -0.000842606	 -0.0536721	 6.21064e-06
5.38	 -0.0615778	 0.000156385	 -0.943569	 -0.000832852	 -0.0428347	 1.66999e-05
5.4	 -0.0641508	 0.000146465	 -0.92257	 -0.000823623	 -0.0325299	 2.72623e-05
5.42	 -0.0666502	 0.000136274	 -0.901732	 -0.000814941	 -0.0227784	 3.78887e-05
5.44	 -0.069072	 0.000125827	 -0.8811	 -0.000806825	 -0.0136	 4.85625e-05
5.46	 -0.0714125	 0.000115142	 -0.860713	 -0.000799297	 -0.00501397	 5.92689e-05
5.48	 -0.0736677	 0.000104235	 -0.840613	 -0.000792375	 0.00296117	 6.99912e-05
5.5	 -0.075834	 9.31256e-05	 -0.820842	 -0.000786076	 0.0103075	 8.07122e-05
5.52	 -0.0779077	 8.18312e-05	 -0.801439	 -0.000780418	 0.0170075	 9.14158e-05
5.54	 -0.0798852	 7.03722e-05	 -0.782444	 -0.000775416	 0.0230442	 0.000102084
5.56	 -0.081763	 5.87681e-05	 -0.763898	 -0.000771085	 0.0284012	 0.0001127
5.58	 -0.0835375	 4.70399e-05	 -0.745839	 -0.000767434	 0.033063	 0.000123246
5.6	 -0.0852056	 3.52087e-05	 -0.728304	 -0.000764472	 0.0370148	 0.000133702
5.62	 -0.086764	 2.32963e-05	 -0.711332	 -0.000762205	 0.0402431	 0.000144051
5.64	 -0.0882095	 1.13248e-05	 -0.694958	 -0.000760635	 0.0427355	 0.000154273
5.66	 -0.0895392	 -6.82853e-07	 -0.679217	 -0.000759759	 0.0444812	 0.000164349
5.68	 -0.0907502	 -1.27034e-05	 -0.664142	 -0.000759575	 0.0454707	 0.000174259
5.7	 -0.0918399	 -2.47132e-05	 -0.649766	 -0.000760075	 0.0456964	 0.000183984
5.72	 -0.0928056	 -3.66885e-05	 -0.636119	 -0.000761252	 0.045152	 0.000193503
5.74	 -0.0936451	 -4.86055e-05	 -0.623231	 -0.000763094	 0.0438333	 0.000202797
5.76	 -0.0943561	 -6.044e-05	 -0.61113	 -0.000765591	 0.0417376	 0.000211848
5.78	 -0.0949366	 -7.21684e-05	 -0.599841	 -0.000768727	 0.0388641	 0.000220636
5.8	 -0.0953846	 -8.37669e-05	 -0.58939	 -0.000772487	 0.0352137	 0.000229144
5.82	 -0.0956985	 -9.52124e-05	 -0.579799	 -0.000776854	 0.0307895	 0.000237355
5.84	 -0.0958768	 -0.000106482	 -0.571089	 -0.000781809	 0.0255959	 0.000245252
5.86	 -0.0959181	 -0.000117552	 -0.563279	 -0.000787332	 0.0196398	 0.00025282
5.88	 -0.0958212	 -0.000128401	 -0.556388	 -0.000793402	 0.0129297	 0.000260043
5.9	 -0.0955852	 -0.000139007	 -0.550429	 -0.000799995	 0.00547636	 0.000266906
5.92	 -0.0952092	 -0.000149348	 -0.545418	 -0.000807088	 -0.00270748	 0.000273396
5.94	 -0.0946927	 -0.000159403	 -0.541364	 -0.000814656	 -0.011607	 0.0002795
5.96	 -0.0940353	 -0.000169153	 -0.538279	 -0.000822675	 -0.0212054	 0.000285206
5.98	 -0.0932368	 -0.000178579	 -0.536169	 -0.000831124	 -0.031484	 0.000290503
6	 -0.092297	 -0.000187661	 -0.535041	 -0.000839981	 -0.0424221	 0.00029538
6.02	 -0.0912162	 -0.000196383	 -0.534898	 -0.000849227	 -0.0539974	 0.000299831
6.04	 -0.0899946	 -0.000204727	 -0.535742	 -0.000858842	 -0.0661861	 0.000303847
6.06	 -0.0886324	 -0.000212679	 -0.537573	 -0.000868806	 -0.0789625	 0.000307423
6.08	 -0.0871303	 -0.000220222	 -0.540389	 -0.000879093	 -0.0922998	 0.000310552
6.1	 -0.0854888	 -0.000227341	 -0.544185	 -0.000889683	 -0.106169	 0.000313231
6.12	 -0.0837089	 -0.000234025	 -0.548957	 -0.000900552	 -0.12054	 0.000315455
6.14	 -0.0817916	 -0.000240259	 -0.554695	 -0.000911679	 -0.135382	 0.000317221
6.16	 -0.0797378	 -0.000246033	 -0.56139	 -0.000923041	 -0.15066	 0.000318529
6.18	 -0.0775491	 -0.000251335	 -0.569031	 -0.000934616	 -0.166341	 0.000319378
6.2	 -0.0752267	 -0.000256156	 -0.577602	 -0.000946381	 -0.182387	 0.000319767
6.22	 -0.0727724	 -0.000260487	 -0.58709	 -0.000958315	 -0.198764	 0.000319698
6.24	 -0.0701878	 -0.00026432	 -0.597477	 -0.000970392	 -0.215431	 0.000319171
6.26	 -0.0674749	 -0.000267647	 -0.608743	 -0.00098259	 -0.23235	 0.000318191
6.28	 -0.0646357	 -0.000270462	 -0.620868	 -0.000994885	 -0.249481	 0.000316759
6.3	 -0.0616725	 -0.00027276	 -0.633831	 -0.00100725	 -0.266783	 0.000314882
6.32	 -0.0585876	 -0.000274536	 -0.647606	 -0.00101967	 -0.284215	 0.000312563
6.34	 -0.0553837	 -0.000275787	 -0.662168	 -0.0010321	 -0.301734	 0.000309809
6.36	 -0.0520633	 -0.000276512	 -0.677491	 -0.00104454	 -0.319299	 0.000306628
6.38	 -0.0486294	 -0.000276707	 -0.693546	 -0.00105694	 -0.336865	 0.000303026
6.4	 -0.0450847	 -0.000276374	 -0.710303	 -0.00106929	 -0.354389	 0.000299012
6.42	 -0.0414325	 -0.000275512	 -0.727731	 -0.00108157	 -0.371827	 0.000294597
6.44	 -0.0376758	 -0.000274123	 -0.745798	 -0.00109373	 -0.389137	 0.000289789
6.46	 -0.033818	 -0.000272211	 -0.764471	 -0.00110578	 -0.406272	 0.0002846
6.48	 -0.0298625	 -0.000269778	 -0.783714	 -0.00111766	 -0.42319	 0.000279041
6.5	 -0.0258129	 -0.000266829	 -0.803492	 -0.00112938	 -0.439847	 0.000273126
6.52	 -0.0216728	 -0.000263371	 -0.823768	 -0.00114089	 -0.456199	 0.000266866
6.54	 -0.0174458	 -0.000259409	 -0.844505	 -0.00115219	 -0.472202	 0.000260276
6.56	 -0.0131359	 -0.000254952	 -0.865665	 -0.00116325	 -0.487814	 0.000253369
6.58	 -0.00874692	 -0.000250009	 -0.887208	 -0.00117405	 -0.502992	 0.000246161
6.6	 -0.00428284	 -0.000244589	 -0.909095	 -0.00118457	 -0.517694	 0.000238668
6.62	 0.000252256	 -0.000238703	 -0.931285	 -0.00119479	 -0.531879	 0.000230905
6.64	 0.00485424	 -0.000232363	 -0.953738	 -0.00120471	 -0.545506	 0.000222889
6.66	 0.00951891	 -0.000225583	 -0.976411	 -0.0012143	 -0.558536	 0.000214639
6.68	 0.014242	 -0.000218375	 -0.999265	 -0.00122355	 -0.57093	 0.000206171
6.7	 0.0190193	 -0.000210754	 -1.02226	 -0.00123246	 -0.582649	 0.000197504
6.72	 0.0238464	 -0.000202737	 -1.04534	 -0.001241	 -0.593658	 0.000188658
6.74	 0.028719	 -0.000194339	 -1.06849	 -0.00124918	 -0.603921	 0.000179652
6.76	 0.0336327	 -0.000185578	 -1.09164	 -0.00125699	 -0.613404	 0.000170506
6.78	 0.0385831	 -0.000176472	 -1.11476	 -0.00126441	 -0.622075	 0.00016124
6.8	 0.0435657	 -0.000167039	 -1.13781	 -0.00127145	 -0.629901	 0.000151874
6.82	 0.0485761	 -0.0001573	 -1.16075	 -0.00127809	 -0.636852	 0.000142431
6.84	 0.0536074	 -0.000147259	 -1.18354	 -0.00128435	 -0.642911	 0.000132897
6.86	 0.0586512	 -0.000136929	 -1.20615	 -0.0012902	 -0.648065	 0.000123286
6.88	 0.0636978	 -0.00012633	 -1.22854	 -0.00129565	 -0.65231	 0.000113615
6.9	 0.0687379	 -0.00011548	 -1.25068	 -0.00130069	 -0.655643	 0.000103905
6.92	 0.0737624	 -0.000104404	 -1.27255	 -0.00130531	 -0.658063	 9.41808e-05
6.94	 0.0787633	 -9.32166e-05	 -1.29412	 -0.00130949	 -0.65957	 8.46524e-05
6.96	 0.0837347	 -8.19528e-05	 -1.31536	 -0.0013132	 -0.660172	 7.53535e-05
6.98	 0.0886713	 -7.06382e-05	 -1.33625	 -0.00131642	 -0.659874	 6.62967e-05
7	 0.0935681	 -5.92803e-05	 -1.35676	 -0.00131916	 -0.658685	 5.74629e-05
7.02	 0.09842	 -4.78783e-05	 -1.37686	 -0.00132141	 -0.656613	 4.88235e-05
7.04	 0.103222	 -3.64315e-05	 -1.39654	 -0.00132321	 -0.653664	 4.03582e-05
7.06	 0.107967	 -2.49449e-05	 -1.41577	 -0.00132458	 -0.649846	 3.2061e-05
7.08	 0.11265	 -1.34304e-05	 -1.43452	 -0.00132554	 -0.645166	 2.39377e-05
7.1	 0.117266	 -1.90475e-06	 -1.45277	 -0.00132613	 -0.639633	 1.59993e-05
7.12	 0.12181	 9.60971e-06	 -1.4705	 -0.00132659	 -0.633257	 8.1909e-06
7.14	 0.126285	 2.11058e-05	 -1.48769	 -0.00132686	 -0.626047	 5.09023e-07
7.16	 0.130692	 3.25669e-05	 -1.50432	 -0.00132695	 -0.618014	 -7.04953e-06
7.18	 0.135036	 4.39745e-05	 -1.52037	 -0.0013269	 -0.609168	 -1.44801e-05
7.2	 0.13932	 5.53098e-05	 -1.53582	 -0.00132672	 -0.599516	 -2.17748e-05
7.22	 0.143547	 6.65552e-05	 -1.55067	 -0.00132646	 -0.589069	 -2.89263e-05
7.24	 0.147717	 7.76945e-05	 -1.56488	 -0.00132614	 -0.577835	 -3.59304e-05
7.26	 0.151833	 8.87131e-05	 -1.57846	 -0.0013258	 -0.565826	 -4.27857e-05
7.28	 0.155895	 9.95972e-05	 -1.59137	 -0.00132544	 -0.553056	 -4.94928e-05
7.3	 0.159903	 0.000110333	 -1.60361	 -0.00132511	 -0.539537	 -5.60528e-05
7.32	 0.16386	 0.000120906	 -1.61516	 -0.00132482	 -0.525284	 -6.24663e-05
7.34	 0.167767	 0.000131349	 -1.62601	 -0.00132427	 -0.510312	 -6.87239e-05
7.36	 0.171625	 0.00014165	 -1.63615	 -0.00132353	 -0.494632	 -7.48244e-05
7.38	 0.175437	 0.000151804	 -1.64556	 -0.00132262	 -0.478258	 -8.07655e-05
7.4	 0.179203	 0.000161803	 -1.65423	 -0.00132154	 -0.461199	 -8.65447e-05
7.42	 0.182927	 0.000171637	 -1.66216	 -0.0013203	 -0.443467	 -9.21609e-05
7.44	 0.186609	 0.000181296	 -1.66933	 -0.00131888	 -0.425073	 -9.76125e-05
7.46	 0.190251	 0.000190771	 -1.67574	 -0.00131727	 -0.406033	 -0.000102899
7.48	 0.193855	 0.000200053	 -1.68138	 -0.00131548	 -0.386358	 -0.000108018
7.5	 0.197423	 0.000209158	 -1.68625	 -0.00131306	 -0.366063	 -0.000112778
7.52	 0.200955	 0.000218062	 -1.69033	 -0.0013102	 -0.345153	 -0.000117126
7.54	 0.204453	 0.000226759	 -1.69361	 -0.00130693	 -0.323632	 -0.000121034
7.56	 0.207917	 0.000235247	 -1.6961	 -0.00130323	 -0.301501	 -0.0001245
7.58	 0.211349	 0.000243525	 -1.69779	 -0.00129908	 -0.278763	 -0.000127539
7.6	 0.21475	 0.000251589	 -1.69867	 -0.00129445	 -0.255424	 -0.000130158
7.62	 0.218122	 0.000259435	 -1.69874	 -0.00128931	 -0.231491	 -0.000132359
7.64	 0.221466	 0.000267053	 -1.698	 -0.00128365	 -0.206971	 -0.000134132
7.66	 0.224784	 0.000274436	 -1.69644	 -0.00127746	 -0.181877	 -0.00013546
7.68	 0.228077	 0.000281579	 -1.69407	 -0.00127074	 -0.156218	 -0.00013633
7.7	 0.231347	 0.000288477	 -1.69088	 -0.00126349	 -0.130007	 -0.000136727
7.72	 0.234596	 0.000295127	 -1.68687	 -0.0012557	 -0.103255	 -0.000136645
7.74	 0.237824	 0.000301524	 -1.68205	 -0.00124738	 -0.0759743	 -0.000136075
7.76	 0.241034	 0.000307666	 -1.67642	 -0.00123852	 -0.0481765	 -0.000135013
7.78	 0.244227	 0.000313552	 -1.66997	 -0.00122912	 -0.0198747	 -0.000133459
7.8	 0.247406	 0.000319177	 -1.66272	 -0.00121917	 0.00891759	 -0.000131406
7.82	 0.250572	 0.000324538	 -1.65466	 -0.00120868	 0.0381861	 -0.000128847
7.84	 0.253727	 0.000329634	 -1.6458	 -0.00119764	 0.0679156	 -0.000125784
7.86	 0.256872	 0.000334459	 -1.63614	 -0.00118605	 0.0980904	 -0.000122208
7.88	 0.26001	 0.000339013	 -1.6257	 -0.00117391	 0.128694	 -0.000118113
7.9	 0.263143	 0.000343295	 -1.61448	 -0.00116123	 0.159709	 -0.000113503
7.92	 0.266273	 0.000347302	 -1.60248	 -0.00114801	 0.191119	 -0.00010837
7.94	 0.2694	 0.000351027	 -1.58971	 -0.00113427	 0.222905	 -0.000102708
7.96	 0.272529	 0.000354476	 -1.57619	 -0.00111999	 0.255048	 -9.65248e-05
7.98	 0.27566	 0.00035763	 -1.56192	 -0.00110522	 0.28753	 -8.97937e-05
8	 0.278796	 0.000360506	 -1.54691	 -0.00108989	 0.320331	 -8.25333e-05
8.02	 0.281938	 0.000363103	 -1.53117	 -0.00107405	 0.353431	 -7.47511e-05
8.04	 0.28509	 0.000365426	 -1.51472	 -0.00105769	 0.386809	 -6.64533e-05
8.06	 0.288251	 0.000367472	 -1.49757	 -0.00104086	 0.420443	 -5.76429e-05
8.08	 0.291425	 0.000369239	 -1.47972	 -0.00102352	 0.454312	 -4.8305e-05
8.1	 0.294613	 0.0003707	 -1.4612	 -0.00100596	 0.488391	 -3.84595e-05
8.12	 0.297814	 0.000371743	 -1.44202	 -0.000989066	 0.52265	 -2.81135e-05
8.14	 0.301027	 0.000372184	 -1.4222	 -0.000973852	 0.55706	 -1.72196e-05
8.16	 0.30425	 0.000372323	 -1.40176	 -0.000958219	 0.591581	 -5.93627e-06
8.18	 0.307482	 0.00037179	 -1.38073	 -0.000944239	 0.626178	 6.00881e-06
8.2	 0.31072	 0.000371192	 -1.35913	 -0.000928465	 0.660809	 1.82236e-05
8.22	 0.313964	 0.000370133	 -1.33698	 -0.000913654	 0.695435	 3.09688e-05
8.24	 0.317211	 0.000368939	 -1.31431	 -0.000897781	 0.730013	 4.40804e-05
8.26	 0.32046	 0.000367292	 -1.29115	 -0.000882834	 0.764501	 5.77603e-05
8.28	 0.323707	 0.000365327	 -1.26752	 -0.000867496	 0.798857	 7.19876e-05
8.3	 0.326951	 0.000362854	 -1.24345	 -0.000852846	 0.833036	 8.6832e-05
8.32	 0.330188	 0.000359916	 -1.21898	 -0.000838165	 0.866994	 0.000102308
8.34	 0.333416	 0.00035646	 -1.19413	 -0.000823829	 0.900682	 0.000118404
8.36	 0.336632	 0.000352483	 -1.16893	 -0.000809691	 0.934054	 0.00013515
8.38	 0.339834	 0.000348001	 -1.14343	 -0.0007959	 0.967058	 0.00015248
8.4	 0.343017	 0.000342992	 -1.11764	 -0.000782565	 0.999646	 0.000170436
8.42	 0.34618	 0.0003375	 -1.09162	 -0.000769637	 1.03177	 0.000188962
8.44	 0.349319	 0.000331371	 -1.06539	 -0.000759096	 1.06337	 0.000207609
8.46	 0.352432	 0.000324762	 -1.03899	 -0.000749347	 1.0944	 0.000226395
8.48	 0.355517	 0.000317673	 -1.01245	 -0.000739901	 1.12482	 0.000245574
8.5	 0.358569	 0.00030999	 -0.985808	 -0.000732544	 1.15457	 0.000264786
8.52	 0.361588	 0.00030193	 -0.959105	 -0.000724115	 1.18361	 0.000284738
8.54	 0.364568	 0.000293306	 -0.932376	 -0.000717297	 1.21188	 0.000305105
8.56	 0.367508	 0.000284277	 -0.905658	 -0.000710231	 1.23933	 0.0003262
8.58	 0.370405	 0.00027473	 -0.878989	 -0.000704882	 1.26591	 0.000347571
8.6	 0.373255	 0.000264807	 -0.852407	 -0.000699852	 1.29156	 0.00036926
8.62	 0.376055	 0.000254457	 -0.825951	 -0.000696222	 1.31625	 0.000390919
8.64	 0.378803	 0.000243769	 -0.799659	 -0.000693142	 1.33991	 0.000412565
8.66	 0.381494	 0.000232713	 -0.773568	 -0.000691217	 1.36251	 0.000434057
8.68	 0.384126	 0.000221331	 -0.747714	 -0.00069014	 1.38399	 0.00045541
8.7	 0.386695	 0.000209623	 -0.722134	 -0.000690127	 1.40433	 0.000476578
8.72	 0.389199	 0.000197609	 -0.696863	 -0.000691171	 1.42347	 0.000497525
8.74	 0.391633	 0.000185309	 -0.671936	 -0.000693283	 1.44138	 0.000518223
8.76	 0.393995	 0.000172732	 -0.647387	 -0.000696612	 1.45802	 0.000538585
8.78	 0.396282	 0.00015991	 -0.62325	 -0.000701034	 1.47335	 0.000558582
8.8	 0.398491	 0.000146852	 -0.599559	 -0.000706718	 1.48735	 0.000578112
8.82	 0.40062	 0.000133586	 -0.576344	 -0.000713537	 1.49997	 0.000597152
8.84	 0.402667	 0.000120124	 -0.553639	 -0.000721626	 1.5112	 0.000615614
8.86	 0.404627	 0.000106497	 -0.531473	 -0.000730833	 1.52101	 0.00063349
8.88	 0.4065	 9.27243e-05	 -0.509874	 -0.000741188	 1.52936	 0.000650718
8.9	 0.408281	 7.88353e-05	 -0.488871	 -0.000752582	 1.53625	 0.000667278
8.92	 0.409969	 6.48526e-05	 -0.46849	 -0.000765037	 1.54166	 0.000683121
8.94	 0.41156	 5.08e-05	 -0.448756	 -0.000778527	 1.54556	 0.00069822
8.96	 0.413053	 3.66969e-05	 -0.429692	 -0.000793105	 1.54796	 0.00071254
8.98	 0.414446	 2.25644e-05	 -0.411322	 -0.000808773	 1.54885	 0.000726059
9	 0.415737	 8.43101e-06	 -0.393667	 -0.000825462	 1.5482	 0.000738758
9.02	 0.416926	 -5.67482e-06	 -0.376746	 -0.000843091	 1.54603	 0.000750626
9.04	 0.41801	 -1.97268e-05	 -0.360578	 -0.000861607	 1.54233	 0.000761664
9.06	 0.418988	 -3.37023e-05	 -0.34518	 -0.000881	 1.53709	 0.000771862
9.08	 0.419859	 -4.75744e-05	 -0.330567	 -0.000901236	 1.53033	 0.000781203
9.1	 0.420622	 -6.13182e-05	 -0.316752	 -0.000922295	 1.52205	 0.00078966
9.12	 0.421276	 -7.49072e-05	 -0.303749	 -0.000944134	 1.51226	 0.000797206
9.14	 0.42182	 -8.83147e-05	 -0.291567	 -0.0009667	 1.50097	 0.00080381
9.16	 0.422254	 -0.000101517	 -0.280215	 -0.000989959	 1.4882	 0.000809448
9.18	 0.422576	 -0.000114493	 -0.269701	 -0.0010139	 1.47397	 0.000814096
9.2	 0.422787	 -0.000127217	 -0.26003	 -0.00103845	 1.4583	 0.000817737
9.22	 0.422886	 -0.000139666	 -0.251206	 -0.00106357	 1.4412	 0.000820354
9.24	 0.422873	 -0.000151818	 -0.243231	 -0.00108921	 1.42272	 0.000821938
9.26	 0.422748	 -0.00016365	 -0.236107	 -0.00111531	 1.40288	 0.000822478
9.28	 0.422512	 -0.00017514	 -0.229831	 -0.00114182	 1.38171	 0.000821968
9.3	 0.422164	 -0.000186267	 -0.224401	 -0.00116866	 1.35924	 0.000820404
9.32	 0.421706	 -0.000197011	 -0.219811	 -0.00119577	 1.33553	 0.000817786
9.34	 0.421136	 -0.000207356	 -0.216054	 -0.00122309	 1.31061	 0.000814115
9.36	 0.420457	 -0.000217284	 -0.213123	 -0.00125058	 1.28452	 0.000809394
9.38	 0.419667	 -0.000226781	 -0.211007	 -0.00127819	 1.25732	 0.000803626
9.4	 0.41877	 -0.000235832	 -0.209695	 -0.00130587	 1.22906	 0.000796819
9.42	 0.417764	 -0.000244421	 -0.209172	 -0.00133355	 1.19977	 0.000788984
9.44	 0.416651	 -0.000252534	 -0.209425	 -0.00136116	 1.16954	 0.000780134
9.46	 0.415433	 -0.000260158	 -0.210438	 -0.00138863	 1.13839	 0.000770286
9.48	 0.414109	 -0.000267282	 -0.212191	 -0.00141591	 1.10641	 0.000759459
9.5	 0.412681	 -0.000273896	 -0.214666	 -0.00144292	 1.07364	 0.000747674
9.52	 0.411151	 -0.000279989	 -0.217842	 -0.00146959	 1.04015	 0.000734958
9.54	 0.409519	 -0.000285554	 -0.221697	 -0.00149586	 1.00601	 0.000721338
9.56	 0.407787	 -0.000290582	 -0.226208	 -0.00152165	 0.971272	 0.000706846
9.58	 0.405955	 -0.000295069	 -0.231349	 -0.0015469	 0.936011	 0.000691514
9.6	 0.404025	 -0.000299006	 -0.237095	 -0.00157152	 0.900293	 0.000675377
9.62	 0.401998	 -0.000302392	 -0.243419	 -0.00159545	 0.864186	 0.000658472
9.64	 0.399875	 -0.000305222	 -0.250292	 -0.0016186	 0.827759	 0.000640837
9.66	 0.397656	 -0.000307492	 -0.257686	 -0.0016409	 0.791084	 0.000622513
9.68	 0.395344	 -0.000309203	 -0.26557	 -0.00166229	 0.754229	 0.00060354
9.7	 0.39294	 -0.000310356	 -0.273913	 -0.0016827	 0.717267	 0.000583962
9.72	 0.390444	 -0.000310954	 -0.282684	 -0.00170211	 0.680267	 0.000563824
9.74	 0.387859	 -0.000311005	 -0.29185	 -0.00172049	 0.643302	 0.000543171
9.76	 0.385187	 -0.000310513	 -0.301378	 -0.0017378	 0.606444	 0.000522048
9.78	 0.382427	 -0.000309483	 -0.311233	 -0.00175398	 0.569762	 0.000500499
9.8	 0.379583	 -0.000307921	 -0.321381	 -0.00176898	 0.533328	 0.000478569
9.82	 0.376656	 -0.000305837	 -0.331787	 -0.00178276	 0.497213	 0.000456302
9.84	 0.373647	 -0.000303238	 -0.342416	 -0.00179528	 0.461488	 0.000433744
9.86	 0.370558	 -0.000300134	 -0.35323	 -0.00180648	 0.42622	 0.000410943
9.88	 0.367391	 -0.000296534	 -0.364194	 -0.00181632	 0.391481	 0.000387945
9.9	 0.364147	 -0.00029245	 -0.375271	 -0.00182476	 0.357336	 0.000364796
9.92	 0.360828	 -0.000287894	 -0.386425	 -0.00183174	 0.323856	 0.000341546
9.94	 0.357437	 -0.000282878	 -0.397618	 -0.00183722	 0.291104	 0.000318242
9.96	 0.353974	 -0.000277417	 -0.408814	 -0.00184117	 0.259148	 0.000294931
9.98	 0.350441	 -0.000271524	 -0.419976	 -0.00184356	 0.22805	 0.000271661
10	 0.346841	 -0.000265216	 -0.431067	 -0.00184434	 0.197873	 0.000248478
10.02	 0.343174	 -0.000258508	 -0.44205	 -0.0018435	 0.168679	 0.000225431
10.04	 0.339444	 -0.000251417	 -0.45289	 -0.00184099	 0.140525	 0.000202565
10.06	 0.335652	 -0.00024396	 -0.46355	 -0.00183679	 0.113469	 0.000179926
10.08	 0.3318	 -0.000236154	 -0.473995	 -0.00183087	 0.0875662	 0.000157559
10.1	 0.32789	 -0.000228018	 -0.484189	 -0.0018232	 0.0628692	 0.00013551
10.12	 0.323924	 -0.000219571	 -0.494099	 -0.00181377	 0.039429	 0.00011382
10.14	 0.319905	 -0.000210831	 -0.50369	 -0.00180255	 0.0172946	 9.25333e-05
10.16	 0.315833	 -0.000201819	 -0.512929	 -0.00178953	 -0.00348753	 7.1691e-05
10.18	 0.311712	 -0.000192558	 -0.521783	 -0.00177473	 -0.0228732	 5.13337e-05
10.2	 0.307545	 -0.000183068	 -0.530222	 -0.00175814	 -0.040821	 3.15003e-05
10.22	 0.303332	 -0.000173373	 -0.538213	 -0.00173978	 -0.0572923	 1.22279e-05
10.24	 0.299076	 -0.000163494	 -0.545727	 -0.00171966	 -0.0722513	 -6.44845e-06
10.26	 0.294781	 -0.000153454	 -0.552735	 -0.00169781	 -0.0856651	 -2.44956e-05
10.28	 0.290448	 -0.000143276	 -0.559209	 -0.00167424	 -0.0975037	 -4.18822e-05
10.3	 0.286081	 -0.000132981	 -0.565122	 -0.00164896	 -0.10774	 -5.85778e-05
10.32	 0.28168	 -0.000122592	 -0.570448	 -0.001622	 -0.11635	 -7.45532e-05
10.34	 0.27725	 -0.000112132	 -0.575164	 -0.00159338	 -0.123313	 -8.97815e-05
10.36	 0.272793	 -0.000101624	 -0.579244	 -0.00156315	 -0.128611	 -0.000104237
10.38	 0.268312	 -9.10913e-05	 -0.582668	 -0.00153133	 -0.132229	 -0.000117895
10.4	 0.263809	 -8.05577e-05	 -0.585414	 -0.00149798	 -0.134156	 -0.000130734
10.42	 0.259287	 -7.00471e-05	 -0.587464	 -0.00146315	 -0.134384	 -0.000142734
10.44	 0.254749	 -5.9582e-05	 -0.588798	 -0.00142688	 -0.132908	 -0.000153875
10.46	 0.250199	 -4.91846e-05	 -0.5894	 -0.00138924	 -0.129726	 -0.000164144
10.48	 0.245638	 -3.88767e-05	 -0.589254	 -0.00135027	 -0.12484	 -0.000173526
10.5	 0.241071	 -2.86798e-05	 -0.588348	 -0.00131002	 -0.118255	 -0.00018201
10.52	 0.2365	 -1.8615e-05	 -0.586668	 -0.00126855	 -0.109981	 -0.000189587
10.54	 0.231929	 -8.70325e-06	 -0.584203	 -0.00122592	 -0.100028	 -0.000196251
10.56	 0.227359	 1.03534e-06	 -0.580945	 -0.0011822	 -0.0884123	 -0.000201995
10.58	 0.222796	 1.05815e-05	 -0.576885	 -0.00113744	 -0.0751521	 -0.000206818
10.6	 0.218241	 1.99165e-05	 -0.572017	 -0.00109171	 -0.0602691	 -0.000210718
10.62	 0.213698	 2.90221e-05	 -0.566337	 -0.00104508	 -0.0437884	 -0.000213698
10.64	 0.20917	 3.78803e-05	 -0.559841	 -0.000997608	 -0.0257382	 -0.000215761
10.66	 0.204661	 4.64746e-05	 -0.552529	 -0.000949373	 -0.0061501	 -0.000216913
10.68	 0.200174	 5.47892e-05	 -0.544399	 -0.000900441	 0.0149413	 -0.000217164
10.7	 0.195712	 6.28086e-05	 -0.535455	 -0.000850885	 0.0374983	 -0.000216522
10.72	 0.191278	 7.05185e-05	 -0.5257	 -0.000800779	 0.0614799	 -0.000215002
10.74	 0.186875	 7.79057e-05	 -0.515138	 -0.000750193	 0.0868425	 -0.000212617
10.76	 0.182508	 8.49577e-05	 -0.503777	 -0.0006992	 0.113539	 -0.000209386
10.78	 0.178179	 9.16631e-05	 -0.491624	 -0.000647872	 0.141521	 -0.000205326
10.8	 0.173891	 9.80113e-05	 -0.478691	 -0.000596284	 0.170735	 -0.00020046
10.82	 0.169648	 0.000103992	 -0.464987	 -0.000544511	 0.201127	 -0.000194809
10.84	 0.165452	 0.000109598	 -0.450527	 -0.00049263	 0.232639	 -0.000188399
10.86	 0.161308	 0.000114819	 -0.435325	 -0.000440722	 0.265211	 -0.000181258
10.88	 0.157217	 0.000119649	 -0.419397	 -0.000388868	 0.29878	 -0.000173414
10.9	 0.153184	 0.000124082	 -0.402762	 -0.000337149	 0.333282	 -0.000164898
10.92	 0.149211	 0.000128113	 -0.385437	 -0.000285647	 0.368649	 -0.000155743
10.94	 0.145301	 0.000131738	 -0.367445	 -0.000234441	 0.404813	 -0.000145985
10.96	 0.141457	 0.000134954	 -0.348807	 -0.000183609	 0.441701	 -0.000135658
10.98	 0.137682	 0.00013776	 -0.329547	 -0.000133228	 0.479241	 -0.000124802
11	 0.133979	 0.000140155	 -0.30969	 -8.33724e-05	 0.517357	 -0.000113455
11.02	 0.130351	 0.000142139	 -0.289261	 -3.41163e-05	 0.555973	 -0.000101658
11.04	 0.1268	 0.000143715	 -0.268289	 1.44648e-05	 0.595011	 -8.94527e-05
11.06	 0.123328	 0.000144884	 -0.246801	 6.22964e-05	 0.634391	 -7.68808e-05
11.08	 0.119938	 0.000145649	 -0.224828	 0.000109303	 0.674032	 -6.39863e-05
11.1	 0.116634	 0.000146015	 -0.202401	 0.000155411	 0.713853	 -5.08138e-05
11.12	 0.113416	 0.000145987	 -0.179551	 0.000200548	 0.753771	 -3.74086e-05
11.14	 0.110287	 0.000145571	 -0.156312	 0.000244649	 0.793701	 -2.38171e-05
11.16	 0.10725	 0.000144775	 -0.132717	 0.000287646	 0.833561	 -1.00864e-05
11.18	 0.104305	 0.000143606	 -0.1088	 0.000329476	 0.873264	 3.73578e-06
11.2	 0.101457	 0.000142075	 -0.0845986	 0.000370078	 0.912725	 1.76015e-05
11.22	 0.0987051	 0.00014019	 -0.0601474	 0.000409392	 0.95186	 3.14629e-05
11.24	 0.0960526	 0.000137963	 -0.0354836	 0.000447361	 0.990582	 4.52717e-05
11.26	 0.0935006	 0.000135405	 -0.0106447	 0.00048393	 1.02881	 5.89798e-05
11.28	 0.091051	 0.000132529	 0.0143315	 0.000519049	 1.06645	 7.25391e-05
11.3	 0.088705	 0.000129348	 0.0394067	 0.000552669	 1.10342	 8.59018e-05
11.32	 0.0864643	 0.000125875	 0.0645421	 0.000584742	 1.13964	 9.90204e-05
11.34	 0.0843301	 0.000122126	 0.0896988	 0.000615226	 1.17502	 0.000111848
11.36	 0.0823036	 0.000118115	 0.114838	 0.00064408	 1.20949	 0.000124339
11.38	 0.080386	 0.000113858	 0.139919	 0.000671268	 1.24295	 0.000136446
11.4	 0.0785785	 0.000109372	 0.164904	 0.000696755	 1.27534	 0.000148126
11.42	 0.0768819	 0.000104673	 0.189753	 0.000720512	 1.30656	 0.000159334
11.44	 0.0752973	 9.97795e-05	 0.214427	 0.000742513	 1.33655	 0.000170027
11.46	 0.0738253	 9.47083e-05	 0.238887	 0.000762736	 1.36522	 0.000180166
11.48	 0.0724669	 8.94778e-05	 0.263094	 0.00078116	 1.39251	 0.000189709
11.5	 0.0712226	 8.41066e-05	 0.287009	 0.00079777	 1.41833	 0.000198619
11.52	 0.0700932	 7.86135e-05	 0.310594	 0.000812557	 1.44262	 0.000206859
11.54	 0.0690791	 7.30175e-05	 0.333813	 0.000825511	 1.46531	 0.000214393
11.56	 0.0681809	 6.73376e-05	 0.356627	 0.000836626	 1.48634	 0.00022119
11.58	 0.067399	 6.15931e-05	 0.379	 0.000845902	 1.50564	 0.000227218
11.6	 0.0667338	 5.58031e-05	 0.400897	 0.00085334	 1.52315	 0.000232447
11.62	 0.0661856	 4.99869e-05	 0.422283	 0.000858945	 1.53882	 0.000236851
11.64	 0.0657547	 4.41637e-05	 0.443124	 0.000862727	 1.55258	 0.000240406
11.66	 0.0654413	 3.83524e-05	 0.463386	 0.000864698	 1.56439	 0.000243088
11.68	 0.0652455	 3.2572e-05	 0.483037	 0.000864875	 1.5742	 0.000244878
11.7	 0.0651676	 2.68411e-05	 0.502046	 0.000863278	 1.58196	 0.000245758
11.72	 0.0652074	 2.11782e-05	 0.520384	 0.000859932	 1.58764	 0.000245713
11.74	 0.0653651	 1.56014e-05	 0.53802	 0.000854865	 1.59118	 0.000244732
11.76	 0.0656406	 1.01287e-05	 0.554928	 0.000848108	 1.59257	 0.000242803
11.78	 0.0660338	 4.77752e-06	 0.571081	 0.000839695	 1.59176	 0.00023992
11.8	 0.0665447	 -4.34937e-07	 0.586454	 0.000829665	 1.58872	 0.000236076
11.82	 0.0671729	 -5.49208e-06	 0.601024	 0.000818057	 1.58345	 0.000231271
11.84	 0.0679184	 -1.03777e-05	 0.614768	 0.000804916	 1.5759	 0.000225503
11.86	 0.0687809	 -1.5076e-05	 0.627665	 0.000790288	 1.56608	 0.000218775
11.88	 0.0697601	 -1.95718e-05	 0.639697	 0.000774223	 1.55396	 0.000211093
11.9	 0.0708555	 -2.38507e-05	 0.650846	 0.000756773	 1.53954	 0.000202464
11.92	 0.0720669	 -2.78985e-05	 0.661095	 0.000737993	 1.52282	 0.000192898
11.94	 0.0733938	 -3.1702e-05	 0.67043	 0.000717941	 1.50378	 0.000182408
11.96	 0.0748357	 -3.52484e-05	 0.678839	 0.000696676	 1.48245	 0.00017101
11.98	 0.0763922	 -3.85259e-05	 0.68631	 0.000674259	 1.45882	 0.00015872
12	 0.0780625	 -4.15233e-05	 0.692834	 0.000650755	 1.43291	 0.000145559
12.02	 0.0798461	 -4.42303e-05	 0.698403	 0.000626229	 1.40473	 0.00013155
12.04	 0.0817424	 -4.66373e-05	 0.70301	 0.000600746	 1.3743	 0.000116717
12.06	 0.0837505	 -4.87358e-05	 0.706651	 0.000574376	 1.34165	 0.000101087
12.08	 0.0858697	 -5.0518e-05	 0.709324	 0.000547186	 1.3068	 8.46915e-05
12.1	 0.088099	 -5.19769e-05	 0.711027	 0.000519248	 1.26979	 6.75605e-05
12.12	 0.0904376	 -5.31069e-05	 0.711762	 0.000490632	 1.23065	 4.97286e-05
12.14	 0.0928843	 -5.39029e-05	 0.711529	 0.00046141	 1.18941	 3.12318e-05
12.16	 0.0954381	 -5.4361e-05	 0.710334	 0.000431651	 1.14613	 1.21082e-05
12.18	 0.0980978	 -5.44784e-05	 0.708183	 0.000401428	 1.10084	 -7.6023e-06
12.2	 0.100862	 -5.4253e-05	 0.705081	 0.000370811	 1.05361	 -2.78583e-05
12.22	 0.103729	 -5.36839e-05	 0.70104	 0.000339869	 1.00447	 -4.86165e-05
12.24	 0.106698	 -5.27709e-05	 0.696069	 0.000308673	 0.953499	 -6.98325e-05
12.26	 0.109767	 -5.15151e-05	 0.690181	 0.000277293	 0.900744	 -9.14603e-05
12.28	 0.112935	 -4.99182e-05	 0.68339	 0.000245795	 0.846273	 -0.000113453
12.3	 0.116199	 -4.79831e-05	 0.675711	 0.000214247	 0.790154	 -0.000135761
12.32	 0.119557	 -4.57136e-05	 0.667163	 0.000182715	 0.732457	 -0.000158337
12.34	 0.123008	 -4.31145e-05	 0.657764	 0.000151262	 0.673255	 -0.000181129
12.36	 0.126549	 -4.01914e-05	 0.647534	 0.000119951	 0.612625	 -0.000204086
12.38	 0.130177	 -3.69511e-05	 0.636494	 8.8842e-05	 0.550645	 -0.000227157
12.4	 0.133891	 -3.3401e-05	 0.624669	 5.79932e-05	 0.487398	 -0.000250288
12.42	 0.137687	 -2.95497e-05	 0.612081	 2.74612e-05	 0.422967	 -0.000273428
12.44	 0.141563	 -2.54064e-05	 0.598758	 -2.69998e-06	 0.357438	 -0.000296522
12.46	 0.145516	 -2.09816e-05	 0.584724	 -3.24387e-05	 0.290899	 -0.000319517
12.48	 0.149542	 -1.62861e-05	 0.570009	 -6.17057e-05	 0.223439	 -0.00034236
12.5	 0.153639	 -1.13321e-05	 0.554641	 -9.04545e-05	 0.155151	 -0.000364997
12.52	 0.157802	 -6.13216e-06	 0.538649	 -0.000118641	 0.0861275	 -0.000387373
12.54	 0.162028	 -6.99951e-07	 0.522065	 -0.000146224	 0.0164622	 -0.000409435
12.56	 0.166314	 4.95026e-06	 0.50492	 -0.000173166	 -0.0537493	 -0.000431131
12.58	 0.170655	 1.08034e-05	 0.487247	 -0.000199431	 -0.124411	 -0.000452406
12.6	 0.175047	 1.68439e-05	 0.469077	 -0.000224987	 -0.195425	 -0.000473209
12.62	 0.179487	 2.30552e-05	 0.450446	 -0.000249804	 -0.266694	 -0.000493487
12.64	 0.18397	 2.94204e-05	 0.431386	 -0.000273856	 -0.338121	 -0.00051319
12.66	 0.188491	 3.59221e-05	 0.411933	 -0.000297121	 -0.409608	 -0.000532267
12.68	 0.193045	 4.25421e-05	 0.392122	 -0.000319578	 -0.481055	 -0.000550669
12.7	 0.197629	 4.92621e-05	 0.371987	 -0.000341211	 -0.552367	 -0.000568348
12.72	 0.202236	 5.60631e-05	 0.351565	 -0.000362006	 -0.623444	 -0.000585258
12.74	 0.206863	 6.29259e-05	 0.330892	 -0.000381954	 -0.69419	 -0.000601351
12.76	 0.211503	 6.98306e-05	 0.310002	 -0.000401047	 -0.764509	 -0.000616585
12.78	 0.216153	 7.67575e-05	 0.288933	 -0.000419281	 -0.834306	 -0.000630916
12.8	 0.220805	 8.36863e-05	 0.267719	 -0.000436654	 -0.903486	 -0.000644302
12.82	 0.225456	 9.05965e-05	 0.246398	 -0.00045317	 -0.971957	 -0.000656704
12.84	 0.230099	 9.74678e-05	 0.225004	 -0.000468833	 -1.03963	 -0.000668084
12.86	 0.234729	 0.000104279	 0.203573	 -0.00048365	 -1.10641	 -0.000678406
12.88	 0.23934	 0.00011101	 0.18214	 -0.000497632	 -1.17221	 -0.000687634
12.9	 0.243927	 0.00011764	 0.160739	 -0.000510793	 -1.23694	 -0.000695737
12.92	 0.248483	 0.000124148	 0.139406	 -0.000523148	 -1.30053	 -0.000702683
12.94	 0.253004	 0.000130513	 0.118173	 -0.000534715	 -1.36289	 -0.000708444
12.96	 0.257484	 0.000136715	 0.0970736	 -0.000545516	 -1.42393	 -0.000712994
12.98	 0.261916	 0.000142734	 0.0761409	 -0.000555573	 -1.4836	 -0.000716308
13	 0.266294	 0.00014855	 0.0554065	 -0.000564912	 -1.5418	 -0.000718364
13.02	 0.270615	 0.000154142	 0.0349015	 -0.000573559	 -1.59847	 -0.000719142
13.04	 0.27487	 0.000159492	 0.0146562	 -0.000581543	 -1.65354	 -0.000718624
13.06	 0.279055	 0.00016458	 -0.00529986	 -0.000588896	 -1.70695	 -0.000716795
13.08	 0.283165	 0.000169388	 -0.0249381	 -0.00059565	 -1.75863	 -0.000713643
13.1	 0.287193	 0.000173897	 -0.044231	 -0.000601838	 -1.80853	 -0.000709155
13.12	 0.291134	 0.000178091	 -0.0631517	 -0.000607497	 -1.85659	 -0.000703326
13.14	 0.294983	 0.000181951	 -0.0816747	 -0.000612663	 -1.90276	 -0.000696148
13.16	 0.298734	 0.000185462	 -0.0997755	 -0.000617374	 -1.94698	 -0.000687618
13.18	 0.302382	 0.000188607	 -0.117431	 -0.000621669	 -1.98923	 -0.000677737
13.2	 0.305922	 0.000191373	 -0.134618	 -0.000625587	 -2.02945	 -0.000666505
13.22	 0.309349	 0.000193743	 -0.151316	 -0.000629168	 -2.0676	 -0.000653928
13.24	 0.312658	 0.000195705	 -0.167505	 -0.000632455	 -2.10366	 -0.000640013
13.26	 0.315844	 0.000197247	 -0.183166	 -0.000635488	 -2.1376	 -0.000624768
13.28	 0.318903	 0.000198355	 -0.198283	 -0.000638309	 -2.16938	 -0.000608207
13.3	 0.32183	 0.00019902	 -0.212838	 -0.00064096	 -2.19899	 -0.000590343
13.32	 0.324621	 0.000199231	 -0.226818	 -0.000643483	 -2.22641	 -0.000571194
13.34	 0.327272	 0.000198979	 -0.240209	 -0.000645921	 -2.25163	 -0.00055078
13.36	 0.329779	 0.000198256	 -0.252998	 -0.000648314	 -2.27464	 -0.000529123
13.38	 0.332137	 0.000197055	 -0.265175	 -0.000650706	 -2.29542	 -0.000506248
13.4	 0.334344	 0.00019537	 -0.276732	 -0.000653137	 -2.31399	 -0.000482181
13.42	 0.336396	 0.000193196	 -0.287659	 -0.000655647	 -2.33033	 -0.000456952
13.44	 0.33829	 0.000190528	 -0.297951	 -0.000658278	 -2.34446	 -0.000430593
13.46	 0.340022	 0.000187365	 -0.307602	 -0.000661069	 -2.35639	 -0.000403138
13.48	 0.341589	 0.000183703	 -0.316608	 -0.000664058	 -2.36613	 -0.000374624
13.5	 0.34299	 0.000179543	 -0.324968	 -0.000667285	 -2.3737	 -0.00034509
13.52	 0.344221	 0.000174885	 -0.332681	 -0.000670786	 -2.37912	 -0.000314576
13.54	 0.34528	 0.00016973	 -0.339747	 -0.000674596	 -2.38241	 -0.000283125
13.56	 0.346165	 0.000164082	 -0.346169	 -0.000678752	 -2.38361	 -0.000250785
13.58	 0.346874	 0.000157944	 -0.351949	 -0.000683285	 -2.38274	 -0.0002176
13.6	 0.347406	 0.000151322	 -0.357092	 -0.000688227	 -2.37986	 -0.000183622
13.62	 0.347758	 0.000144221	 -0.361605	 -0.000693608	 -2.37498	 -0.0001489
13.64	 0.34793	 0.000136649	 -0.365495	 -0.000699455	 -2.36816	 -0.000113488
13.66	 0.347921	 0.000128615	 -0.368772	 -0.000705795	 -2.35945	 -7.74397e-05
13.68	 0.347729	 0.000120129	 -0.371445	 -0.000712651	 -2.34889	 -4.08115e-05
13.7	 0.347355	 0.000111201	 -0.373526	 -0.000720045	 -2.33655	 -3.66054e-06
13.72	 0.346796	 0.000101844	 -0.375028	 -0.000727996	 -2.32246	 3.39545e-05
13.74	 0.346054	 9.20703e-05	 -0.375965	 -0.000736523	 -2.30671	 7.19737e-05
13.76	 0.345128	 8.1895e-05	 -0.376353	 -0.000745639	 -2.28934	 0.000110336
13.78	 0.344017	 7.1333e-05	 -0.376208	 -0.000755358	 -2.27042	 0.00014898
13.8	 0.342722	 6.04008e-05	 -0.375547	 -0.000765691	 -2.25002	 0.000187842
13.82	 0.341244	 4.91157e-05	 -0.374391	 -0.000776645	 -2.22821	 0.000226859
13.84	 0.339583	 3.74961e-05	 -0.372758	 -0.000788228	 -2.20506	 0.000265967
13.86	 0.337739	 2.55613e-05	 -0.37067	 -0.000800442	 -2.18065	 0.0003051
13.88	 0.335713	 1.33314e-05	 -0.368148	 -0.000813288	 -2.15505	 0.000344194
13.9	 0.333506	 8.27459e-07	 -0.365217	 -0.000826767	 -2.12834	 0.000383184
13.92	 0.33112	 -1.19287e-05	 -0.3619	 -0.000840874	 -2.1006	 0.000422004
13.94	 0.328554	 -2.49144e-05	 -0.358222	 -0.000855604	 -2.0719	 0.000460588
13.96	 0.325811	 -3.81063e-05	 -0.354209	 -0.000870949	 -2.04234	 0.000498872
13.98	 0.322892	 -5.14804e-05	 -0.349886	 -0.000886898	 -2.012	 0.00053679
14	 0.319798	 -6.50121e-05	 -0.345282	 -0.00090344	 -1.98096	 0.000574277
14.02	 0.316532	 -7.8676e-05	 -0.340424	 -0.000920558	 -1.9493	 0.00061127
14.04	 0.313094	 -9.24466e-05	 -0.335341	 -0.000938238	 -1.91712	 0.000647705
14.06	 0.309486	 -0.000106297	 -0.330062	 -0.000956458	 -1.88449	 0.000683519
14.08	 0.30571	 -0.000120202	 -0.324616	 -0.0009752	 -1.85151	 0.00071865
14.1	 0.301769	 -0.000134133	 -0.319034	 -0.000994439	 -1.81826	 0.000753036
14.12	 0.297664	 -0.000148064	 -0.313345	 -0.00101415	 -1.78483	 0.000786617
14.14	 0.293398	 -0.000161967	 -0.30758	 -0.00103431	 -1.7513	 0.000819334
14.16	 0.288972	 -0.000175813	 -0.301771	 -0.00105488	 -1.71777	 0.000851129
14.18	 0.28439	 -0.000189577	 -0.295949	 -0.00107584	 -1.68431	 0.000881946
14.2	 0.279653	 -0.000203228	 -0.290144	 -0.00109716	 -1.65102	 0.000911731
14.22	 0.274763	 -0.00021674	 -0.284389	 -0.00111879	 -1.61798	 0.000940429
14.24	 0.269724	 -0.000230085	 -0.278714	 -0.00114071	 -1.58527	 0.00096799
14.26	 0.264538	 -0.000243234	 -0.273152	 -0.00116288	 -1.55297	 0.000994363
14.28	 0.259208	 -0.000256161	 -0.267732	 -0.00118525	 -1.52117	 0.0010195
14.3	 0.253736	 -0.000268838	 -0.262487	 -0.0012078	 -1.48994	 0.00104336
14.32	 0.248126	 -0.000281238	 -0.257446	 -0.00123047	 -1.45937	 0.00106589
14.34	 0.242379	 -0.000293335	 -0.25264	 -0.00125323	 -1.42952	 0.00108706
14.36	 0.2365	 -0.000305101	 -0.2481	 -0.00127602	 -1.40048	 0.00110681
14.38	 0.230491	 -0.000316513	 -0.243855	 -0.00129882	 -1.37232	 0.00112513
14.4	 0.224355	 -0.000327543	 -0.239934	 -0.00132157	 -1.3451	 0.00114197
14.42	 0.218095	 -0.000338168	 -0.236365	 -0.00134423	 -1.3189	 0.0011573
14.44	 0.211715	 -0.000348363	 -0.233176	 -0.00136674	 -1.29378	 0.00117109
14.46	 0.205218	 -0.000358106	 -0.230395	 -0.00138907	 -1.2698	 0.00118331
14.48	 0.198608	 -0.000367374	 -0.228049	 -0.00141117	 -1.24703	 0.00119393
14.5	 0.191886	 -0.000376145	 -0.226162	 -0.00143298	 -1.22552	 0.00120295
14.52	 0.185059	 -0.000384399	 -0.22476	 -0.00145445	 -1.20534	 0.00121033
14.54	 0.178127	 -0.000392115	 -0.223867	 -0.00147555	 -1.18652	 0.00121606
14.56	 0.171097	 -0.000399274	 -0.223506	 -0.00149622	 -1.16912	 0.00122013
14.58	 0.16397	 -0.000405859	 -0.2237	 -0.00151642	 -1.15319	 0.00122252
14.6	 0.156751	 -0.000411853	 -0.224469	 -0.00153608	 -1.13876	 0.00122323
14.62	 0.149444	 -0.000417239	 -0.225833	 -0.00155518	 -1.12589	 0.00122224
14.64	 0.142053	 -0.000422003	 -0.227812	 -0.00157365	 -1.1146	 0.00121957
14.66	 0.134581	 -0.000426131	 -0.230423	 -0.00159146	 -1.10493	 0.0012152
14.68	 0.127033	 -0.000429612	 -0.233683	 -0.00160855	 -1.09691	 0.00120915
14.7	 0.119412	 -0.000432433	 -0.237608	 -0.00162488	 -1.09057	 0.00120141
14.72	 0.111724	 -0.000434584	 -0.242211	 -0.00164041	 -1.08592	 0.00119199
14.74	 0.103972	 -0.000436058	 -0.247506	 -0.00165509	 -1.083	 0.00118091
14.76	 0.0961601	 -0.000436846	 -0.253505	 -0.00166888	 -1.0818	 0.00116817
14.78	 0.0882934	 -0.000436942	 -0.260218	 -0.00168174	 -1.08235	 0.0011538
14.8	 0.080376	 -0.000436342	 -0.267654	 -0.00169363	 -1.08466	 0.00113782
14.82	 0.0724124	 -0.000435042	 -0.275821	 -0.00170451	 -1.08873	 0.00112024
14.84	 0.0644072	 -0.000433039	 -0.284725	 -0.00171435	 -1.09455	 0.00110109
14.86	 0.0563649	 -0.000430333	 -0.294372	 -0.00172309	 -1.10214	 0.0010804
14.88	 0.0482902	 -0.000426925	 -0.304765	 -0.00173073	 -1.11148	 0.00105819
14.9	 0.0401876	 -0.000422816	 -0.315906	 -0.00173721	 -1.12257	 0.0010345
14.92	 0.032062	 -0.000418009	 -0.327796	 -0.00174252	 -1.13539	 0.00100936
14.94	 0.023918	 -0.000412508	 -0.340436	 -0.00174662	 -1.14992	 0.000982806
14.96	 0.0157604	 -0.000406321	 -0.353822	 -0.00174948	 -1.16615	 0.00095488
14.98	 0.00759389	 -0.000399453	 -0.367952	 -0.00175109	 -1.18405	 0.000925622
15	 -0.000576752	 -0.000391913	 -0.382822	 -0.00175142	 -1.2036	 0.000895074
15.02	 -0.00874674	 -0.000383712	 -0.398424	 -0.00175045	 -1.22476	 0.000863281
15.04	 -0.0169113	 -0.000374859	 -0.414752	 -0.00174817	 -1.24751	 0.00083029
15.06	 -0.0250657	 -0.000365367	 -0.431796	 -0.00174455	 -1.2718	 0.000796149
15.08	 -0.0332051	 -0.000355251	 -0.449548	 -0.00173959	 -1.2976	 0.000760911
15.1	 -0.0413249	 -0.000344524	 -0.467996	 -0.00173328	 -1.32486	 0.000724626
15.12	 -0.0494204	 -0.000333202	 -0.487127	 -0.0017256	 -1.35354	 0.00068735
15.14	 -0.0574867	 -0.000321303	 -0.506928	 -0.00171656	 -1.38359	 0.000649136
15.16	 -0.0655195	 -0.000308845	 -0.527384	 -0.00170615	 -1.41496	 0.000610044
15.18	 -0.073514	 -0.000295847	 -0.548478	 -0.00169437	 -1.44759	 0.00057013
15.2	 -0.0814657	 -0.000282329	 -0.570195	 -0.00168123	 -1.48143	 0.000529455
15.22	 -0.0893701	 -0.000268312	 -0.592515	 -0.00166673	 -1.51642	 0.000488079
15.24	 -0.097223	 -0.00025382	 -0.615419	 -0.00165088	 -1.5525	 0.000446064
15.26	 -0.10502	 -0.000238874	 -0.638889	 -0.00163368	 -1.58961	 0.000403472
15.28	 -0.112756	 -0.0002235	 -0.662901	 -0.00161517	 -1.62768	 0.000360368
15.3	 -0.120429	 -0.000207722	 -0.687435	 -0.00159534	 -1.66664	 0.000316816
15.32	 -0.128032	 -0.000191566	 -0.712469	 -0.00157423	 -1.70643	 0.00027288
15.34	 -0.135564	 -0.000175058	 -0.737977	 -0.00155185	 -1.74697	 0.000228626
15.36	 -0.143019	 -0.000158225	 -0.763938	 -0.00152823	 -1.7882	 0.00018412
15.38	 -0.150393	 -0.000141096	 -0.790324	 -0.00150339	 -1.83004	 0.000139428
15.4	 -0.157684	 -0.000123697	 -0.817113	 -0.00147737	 -1.87242	 9.46173e-05
15.42	 -0.164888	 -0.000106059	 -0.844276	 -0.0014502	 -1.91526	 4.97533e-05
15.44	 -0.172001	 -8.82093e-05	 -0.871789	 -0.00142191	 -1.95849	 4.90281e-06
15.46	 -0.179019	 -7.01787e-05	 -0.899624	 -0.00139254	 -2.00203	 -3.98679e-05
15.48	 -0.185941	 -5.19966e-05	 -0.927754	 -0.00136213	 -2.04581	 -8.44928e-05
15.5	 -0.192761	 -3.36932e-05	 -0.956152	 -0.00133073	 -2.08975	 -0.000128906
15.52	 -0.199479	 -1.52986e-05	 -0.984791	 -0.00129836	 -2.13376	 -0.000173044
15.54	 -0.20609	 3.17997e-06	 -1.01364	 -0.0012651	 -2.17779	 -0.000216888
15.56	 -0.212599	 2.17211e-05	 -1.04269	 -0.00123097	 -2.22177	 -0.000260389
15.58	 -0.21901	 4.03017e-05	 -1.07192	 -0.00119603	 -2.26565	 -0.000303493
15.6	 -0.225328	 5.88953e-05	 -1.10132	 -0.00116031	 -2.30939	 -0.000346141
15.62	 -0.231559	 7.74738e-05	 -1.13087	 -0.00112386	 -2.35296	 -0.000388273
15.64	 -0.237709	 9.60086e-05	 -1.16057	 -0.00108671	 -2.3963	 -0.000429831
15.66	 -0.243781	 0.000114472	 -1.19039	 -0.0010489	 -2.43937	 -0.000470759
15.68	 -0.24978	 0.000132836	 -1.22033	 -0.00101049	 -2.48212	 -0.000511007
15.7	 -0.255708	 0.000151074	 -1.25036	 -0.000971531	 -2.5245	 -0.000550521
15.72	 -0.26157	 0.00016916	 -1.28047	 -0.000932067	 -2.56645	 -0.000589252
15.74	 -0.267367	 0.00018704	 -1.31063	 -0.000892152	 -2.60793	 -0.000627093
15.76	 -0.273105	 0.00020469	 -1.34084	 -0.000851836	 -2.6489	 -0.000664003
15.78	 -0.278786	 0.00022209	 -1.37109	 -0.00081117	 -2.68933	 -0.000699947
15.8	 -0.284416	 0.000239227	 -1.40136	 -0.000770209	 -2.72918	 -0.000734906
15.82	 -0.289999	 0.00025609	 -1.43164	 -0.000729012	 -2.76842	 -0.000768862
15.84	 -0.295539	 0.00027267	 -1.46194	 -0.000687643	 -2.80703	 -0.000801798
15.86	 -0.30104	 0.000288952	 -1.49223	 -0.000646167	 -2.84498	 -0.000833691
15.88	 -0.306508	 0.000304923	 -1.5225	 -0.000604652	 -2.88223	 -0.000864515
15.9	 -0.311944	 0.000320567	 -1.55275	 -0.00056316	 -2.91874	 -0.000894245
15.92	 -0.317354	 0.000335867	 -1.58296	 -0.000521755	 -2.9545	 -0.000922856
15.94	 -0.322741	 0.000350809	 -1.61312	 -0.000480496	 -2.98946	 -0.000950329
15.96	 -0.328108	 0.000365379	 -1.64321	 -0.000439444	 -3.0236	 -0.00097665
15.98	 -0.333459	 0.000379782	 -1.67323	 -0.000398693	 -3.05689	 -0.00100225
16	 -0.338797	 0.000394063	 -1.70317	 -0.000358349	 -3.08932	 -0.0010272
16.02	 -0.344122	 0.000408246	 -1.73302	 -0.000318525	 -3.12088	 -0.00105153
16.04	 -0.349436	 0.000422316	 -1.76279	 -0.000279314	 -3.15155	 -0.00107522
16.06	 -0.35474	 0.000436238	 -1.79246	 -0.000240785	 -3.18133	 -0.00109817
16.08	 -0.360037	 0.000449974	 -1.82204	 -0.000202979	 -3.21022	 -0.00112036
16.1	 -0.365328	 0.000463495	 -1.85151	 -0.000165925	 -3.23819	 -0.00114174
16.12	 -0.370614	 0.000476785	 -1.88088	 -0.000129656	 -3.26523	 -0.00116232
16.14	 -0.375898	 0.000489839	 -1.91013	 -9.42134e-05	 -3.29135	 -0.00118212
16.16	 -0.381181	 0.000502657	 -1.93926	 -5.96567e-05	 -3.31652	 -0.00120115
16.18	 -0.386465	 0.000515241	 -1.96827	 -2.60547e-05	 -3.34075	 -0.00121943
16.2	 -0.391752	 0.00052759	 -1.99714	 6.52026e-06	 -3.36402	 -0.00123696
16.22	 -0.397042	 0.000539698	 -2.02586	 3.79995e-05	 -3.38632	 -0.00125374
16.24	 -0.402337	 0.000551558	 -2.05445	 6.83222e-05	 -3.40766	 -0.00126976
16.26	 -0.407639	 0.000563162	 -2.08288	 9.74361e-05	 -3.42804	 -0.00128502
16.28	 -0.412948	 0.000574499	 -2.11115	 0.000125295	 -3.44744	 -0.00129952
16.3	 -0.418266	 0.000585563	 -2.13927	 0.000151855	 -3.46587	 -0.00131328
16.32	 -0.423594	 0.000596346	 -2.16721	 0.000177073	 -3.48333	 -0.00132629
16.34	 -0.428933	 0.000606841	 -2.19498	 0.000200906	 -3.49982	 -0.00133857
16.36	 -0.434285	 0.000617043	 -2.22256	 0.000223308	 -3.51534	 -0.00135011
16.38	 -0.439649	 0.000626948	 -2.24996	 0.000244233	 -3.52989	 -0.00136093
16.4	 -0.445027	 0.00063655	 -2.27717	 0.000263639	 -3.54347	 -0.00137104
16.42	 -0.45042	 0.000645844	 -2.30418	 0.000281483	 -3.55608	 -0.00138044
16.44	 -0.455828	 0.000654827	 -2.33098	 0.000297727	 -3.56774	 -0.00138913
16.46	 -0.461252	 0.000663492	 -2.35757	 0.000312336	 -3.57844	 -0.00139713
16.48	 -0.466693	 0.000671836	 -2.38395	 0.000325277	 -3.58819	 -0.00140445
16.5	 -0.472151	 0.000679853	 -2.4101	 0.00033652	 -3.597	 -0.0014111
16.52	 -0.477627	 0.000687541	 -2.43603	 0.000346034	 -3.60488	 -0.00141708
16.54	 -0.483122	 0.000694896	 -2.46172	 0.000353792	 -3.61183	 -0.0014224
16.56	 -0.488634	 0.000701912	 -2.48718	 0.000359768	 -3.61786	 -0.00142708
16.58	 -0.494166	 0.000708589	 -2.51239	 0.000363939	 -3.62297	 -0.00143113
16.6	 -0.499717	 0.000714919	 -2.53735	 0.000366282	 -3.62719	 -0.00143455
16.62	 -0.505287	 0.000720905	 -2.56206	 0.000366777	 -3.63051	 -0.00143735
16.64	 -0.510876	 0.000726544	 -2.5865	 0.000365405	 -3.63296	 -0.00143956
16.66	 -0.516485	 0.000731841	 -2.61068	 0.000362183	 -3.63453	 -0.00144117
16.68	 -0.522113	 0.000737015	 -2.63459	 0.000358699	 -3.63524	 -0.00144209
16.7	 -0.527762	 0.000742031	 -2.65823	 0.000354298	 -3.6351	 -0.00144241
16.72	 -0.53343	 0.000746908	 -2.68159	 0.00034895	 -3.63411	 -0.00144214
16.74	 -0.539119	 0.000751643	 -2.70468	 0.000342645	 -3.63228	 -0.00144128
16.76	 -0.544828	 0.000756233	 -2.72748	 0.00033541	 -3.62962	 -0.00143985
16.78	 -0.550557	 0.00076067	 -2.75	 0.000327284	 -3.62613	 -0.00143787
16.8	 -0.556306	 0.000764944	 -2.77224	 0.000318303	 -3.62184	 -0.00143536
16.82	 -0.562074	 0.000769051	 -2.79419	 0.000308486	 -3.61675	 -0.00143233
16.84	 -0.567862	 0.000772991	 -2.81584	 0.000297841	 -3.61087	 -0.00142881
16.86	 -0.573668	 0.000776769	 -2.8372	 0.000286362	 -3.60421	 -0.00142479
16.88	 -0.579493	 0.000780382	 -2.85826	 0.00027404	 -3.59679	 -0.0014203
16.9	 -0.585336	 0.000783857	 -2.87902	 0.000260864	 -3.58862	 -0.00141539
16.92	 -0.591196	 0.000787183	 -2.89947	 0.00024683	 -3.5797	 -0.00141004
16.94	 -0.597073	 0.000790374	 -2.91962	 0.000231935	 -3.57006	 -0.0014043
16.96	 -0.602966	 0.000793416	 -2.93945	 0.000216187	 -3.5597	 -0.00139815
16.98	 -0.608874	 0.000796311	 -2.95898	 0.000199596	 -3.54864	 -0.00139162
17	 -0.614797	 0.000799055	 -2.97819	 0.000182171	 -3.5369	 -0.00138472
17.02	 -0.620733	 0.000801649	 -2.99709	 0.000163922	 -3.52447	 -0.00137746
17.04	 -0.626683	 0.000804098	 -3.01566	 0.000144856	 -3.51139	 -0.00136988
17.06	 -0.632644	 0.000806402	 -3.03391	 0.000124977	 -3.49765	 -0.00136198
17.08	 -0.638616	 0.000808564	 -3.05184	 0.000104287	 -3.48328	 -0.0013538
17.1	 -0.644598	 0.000810587	 -3.06945	 8.27894e-05	 -3.46829	 -0.00134535
17.12	 -0.650588	 0.000812474	 -3.08672	 6.04891e-05	 -3.45269	 -0.00133664
17.14	 -0.656586	 0.000814227	 -3.10367	 3.73913e-05	 -3.4365	 -0.0013277
17.16	 -0.66259	 0.000815846	 -3.12028	 1.35024e-05	 -3.41972	 -0.00131855
17.18	 -0.668599	 0.000817335	 -3.13655	 -1.11689e-05	 -3.40238	 -0.0013092
17.2	 -0.674612	 0.000818692	 -3.15249	 -3.6615e-05	 -3.38449	 -0.00129968
17.22	 -0.680627	 0.000819923	 -3.1681	 -6.28275e-05	 -3.36605	 -0.00128999
17.24	 -0.686643	 0.000821028	 -3.18336	 -8.97983e-05	 -3.34709	 -0.00128017
17.26	 -0.692659	 0.000821984	 -3.19828	 -0.000117517	 -3.32762	 -0.00127018
17.28	 -0.698673	 0.000822812	 -3.21285	 -0.000145974	 -3.30765	 -0.00126007
17.3	 -0.704683	 0.000823509	 -3.22708	 -0.00017516	 -3.28719	 -0.00124986
17.32	 -0.710688	 0.000824084	 -3.24097	 -0.000205068	 -3.26625	 -0.00123958
17.34	 -0.716686	 0.000824543	 -3.2545	 -0.000235693	 -3.24485	 -0.00122925
17.36	 -0.722676	 0.000824885	 -3.26768	 -0.000267026	 -3.22301	 -0.00121888
17.38	 -0.728656	 0.000825116	 -3.28051	 -0.000299064	 -3.20073	 -0.00120849
17.4	 -0.734625	 0.000825235	 -3.29299	 -0.000331797	 -3.17802	 -0.00119809
17.42	 -0.74058	 0.000825245	 -3.30512	 -0.000365216	 -3.15489	 -0.0011877
17.44	 -0.746521	 0.000825144	 -3.31688	 -0.000399312	 -3.13136	 -0.00117733
17.46	 -0.752445	 0.000824969	 -3.32829	 -0.000433486	 -3.10743	 -0.00116671
17.48	 -0.758352	 0.000824692	 -3.33934	 -0.00046803	 -3.08309	 -0.00115582
17.5	 -0.764241	 0.000824318	 -3.35003	 -0.00050296	 -3.05835	 -0.00114463
17.52	 -0.770113	 0.000823856	 -3.36036	 -0.000538256	 -3.03317	 -0.00113317
17.54	 -0.775966	 0.000823311	 -3.37032	 -0.000573876	 -3.00757	 -0.00112148
17.56	 -0.781799	 0.00082269	 -3.37991	 -0.000609772	 -2.98152	 -0.00110957
17.58	 -0.787611	 0.000821994	 -3.38913	 -0.000645902	 -2.95502	 -0.00109746
17.6	 -0.7934	 0.00082122	 -3.39798	 -0.000682255	 -2.92806	 -0.00108516
17.62	 -0.799165	 0.000820368	 -3.40646	 -0.000718804	 -2.90066	 -0.00107266
17.64	 -0.804906	 0.000819439	 -3.41457	 -0.00075554	 -2.87279	 -0.00105996
17.66	 -0.81062	 0.000818433	 -3.42231	 -0.000792456	 -2.84446	 -0.00104704
17.68	 -0.816306	 0.000817354	 -3.42967	 -0.000829532	 -2.81566	 -0.00103391
17.7	 -0.821963	 0.000816206	 -3.43665	 -0.000866759	 -2.78639	 -0.00102058
17.72	 -0.82759	 0.000814993	 -3.44326	 -0.000904104	 -2.75665	 -0.00100704
17.74	 -0.833185	 0.000813715	 -3.44949	 -0.000941562	 -2.72642	 -0.000993306
17.76	 -0.838746	 0.000812376	 -3.45533	 -0.000979111	 -2.69571	 -0.000979378
17.78	 -0.844272	 0.000810975	 -3.4608	 -0.00101673	 -2.6645	 -0.000965258
17.8	 -0.849761	 0.000809514	 -3.46588	 -0.00105441	 -2.6328	 -0.000950947
17.82	 -0.85521	 0.000807995	 -3.47059	 -0.00109212	 -2.6006	 -0.000936445
17.84	 -0.860619	 0.000806419	 -3.47491	 -0.00112984	 -2.5679	 -0.000921756
17.86	 -0.865985	 0.000804789	 -3.47884	 -0.00116757	 -2.53469	 -0.000906881
17.88	 -0.871307	 0.000803106	 -3.48239	 -0.00120528	 -2.50097	 -0.000891823
17.9	 -0.876582	 0.000801373	 -3.48556	 -0.00124296	 -2.46674	 -0.000876585
17.92	 -0.881809	 0.000799592	 -3.48834	 -0.00128058	 -2.43199	 -0.000861168
17.94	 -0.886985	 0.000797765	 -3.49073	 -0.00131813	 -2.39672	 -0.000845576
17.96	 -0.892109	 0.000795929	 -3.49274	 -0.00135529	 -2.36094	 -0.000829812
17.98	 -0.897177	 0.000794045	 -3.49436	 -0.00139243	 -2.32462	 -0.000813889
18	 -0.902189	 0.000792133	 -3.4956	 -0.00142936	 -2.28779	 -0.0007978
18.02	 -0.907141	 0.000790175	 -3.49645	 -0.00146621	 -2.25042	 -0.000781545
18.04	 -0.912032	 0.000788187	 -3.49691	 -0.00150283	 -2.21253	 -0.000765125
18.06	 -0.916859	 0.000786149	 -3.49698	 -0.00153939	 -2.1741	 -0.000748541
18.08	 -0.921619	 0.000784081	 -3.49666	 -0.00157572	 -2.13514	 -0.000731794
18.1	 -0.926311	 0.000781976	 -3.49596	 -0.00161186	 -2.09565	 -0.000714889
18.12	 -0.930932	 0.000779846	 -3.49487	 -0.00164773	 -2.05563	 -0.000697829
18.14	 -0.93548	 0.000777688	 -3.49339	 -0.00168336	 -2.01507	 -0.000680621
18.16	 -0.939951	 0.000775502	 -3.49153	 -0.00171875	 -1.97397	 -0.000663263
18.18	 -0.944344	 0.00077329	 -3.48928	 -0.00175389	 -1.93234	 -0.000645758
18.2	 -0.948656	 0.000771054	 -3.48664	 -0.00178875	 -1.89017	 -0.000628108
18.22	 -0.952884	 0.000768798	 -3.48361	 -0.00182328	 -1.84747	 -0.000610315
18.24	 -0.957026	 0.000766523	 -3.4802	 -0.00185749	 -1.80424	 -0.000592383
18.26	 -0.961079	 0.00076423	 -3.47641	 -0.00189136	 -1.76047	 -0.000574315
18.28	 -0.96504	 0.000761919	 -3.47222	 -0.00192489	 -1.71617	 -0.000556113
18.3	 -0.968907	 0.000759593	 -3.46766	 -0.00195806	 -1.67135	 -0.000537779
18.32	 -0.972678	 0.000757253	 -3.46271	 -0.00199085	 -1.62599	 -0.000519315
18.34	 -0.976348	 0.000754902	 -3.45737	 -0.00202323	 -1.58011	 -0.000500725
18.36	 -0.979916	 0.000752543	 -3.45166	 -0.00205519	 -1.53371	 -0.000482011
18.38	 -0.983379	 0.000750175	 -3.44556	 -0.00208673	 -1.48679	 -0.000463177
18.4	 -0.986734	 0.000747799	 -3.43907	 -0.00211783	 -1.43935	 -0.000444225
18.42	 -0.989978	 0.000745419	 -3.43221	 -0.00214848	 -1.3914	 -0.000425157
18.44	 -0.993109	 0.000743036	 -3.42497	 -0.00217866	 -1.34294	 -0.000405974
18.46	 -0.996123	 0.000740651	 -3.41735	 -0.00220834	 -1.29397	 -0.000386681
18.48	 -0.999018	 0.000738268	 -3.40935	 -0.00223751	 -1.24451	 -0.000367278
18.5	 -1.00179	 0.000735884	 -3.40097	 -0.00226618	 -1.19455	 -0.000347773
18.52	 -1.00444	 0.000733505	 -3.39222	 -0.00229432	 -1.14409	 -0.000328163
18.54	 -1.00696	 0.00073113	 -3.38309	 -0.00232191	 -1.09315	 -0.000308454
18.56	 -1.00935	 0.000728762	 -3.37359	 -0.00234893	 -1.04173	 -0.000288645
18.58	 -1.01161	 0.000726401	 -3.36371	 -0.00237541	 -0.989842	 -0.000268746
18.6	 -1.01373	 0.00072405	 -3.35347	 -0.00240129	 -0.937481	 -0.000248755
18.62	 -1.01571	 0.000721711	 -3.34285	 -0.00242657	 -0.884659	 -0.000228674
18.64	 -1.01755	 0.000719385	 -3.33186	 -0.00245123	 -0.831382	 -0.000208505
18.66	 -1.01925	 0.0007171	 -3.3205	 -0.0024749	 -0.777659	 -0.000188192
18.68	 -1.0208	 0.00071482	 -3.30877	 -0.00249806	 -0.723496	 -0.000167788
18.7	 -1.0222	 0.000712568	 -3.29668	 -0.00252041	 -0.668902	 -0.000147276
18.72	 -1.02344	 0.000710324	 -3.28423	 -0.00254226	 -0.613884	 -0.000126704
18.74	 -1.02453	 0.000708108	 -3.27141	 -0.00256334	 -0.55845	 -0.000106057
18.76	 -1.02547	 0.000705901	 -3.25823	 -0.00258389	 -0.502609	 -8.53696e-05
18.78	 -1.02624	 0.000703722	 -3.24469	 -0.00260367	 -0.44637	 -6.46171e-05
18.8	 -1.02684	 0.000701563	 -3.23079	 -0.00262276	 -0.389743	 -4.3803e-05
18.82	 -1.02728	 0.000699429	 -3.21653	 -0.00264112	 -0.332737	 -2.29191e-05
18.84	 -1.02755	 0.000697316	 -3.20191	 -0.00265878	 -0.275361	 -1.97164e-06
18.86	 -1.02765	 0.000695225	 -3.18694	 -0.00267576	 -0.217626	 1.90307e-05
18.88	 -1.02758	 0.000693162	 -3.17162	 -0.00269201	 -0.159542	 4.0086e-05
18.9	 -1.02733	 0.000691126	 -3.15595	 -0.00270751	 -0.101119	 6.11909e-05
18.92	 -1.02689	 0.000689121	 -3.13993	 -0.00272224	 -0.0423693	 8.23467e-05
18.94	 -1.02628	 0.000687144	 -3.12355	 -0.00273623	 0.0166971	 0.000103549
18.96	 -1.02548	 0.000685196	 -3.10684	 -0.00274946	 0.0760687	 0.000124794
18.98	 -1.0245	 0.000683277	 -3.08977	 -0.00276194	 0.135734	 0.000146079
19	 -1.02332	 0.00068139	 -3.07237	 -0.00277363	 0.19568	 0.000167404
19.02	 -1.02195	 0.000679535	 -3.05462	 -0.00278452	 0.255897	 0.000188768
19.04	 -1.02039	 0.000677711	 -3.03653	 -0.00279463	 0.31637	 0.000210171
19.06	 -1.01863	 0.000675919	 -3.01811	 -0.00280394	 0.377088	 0.00023161
19.08	 -1.01668	 0.000674158	 -2.99935	 -0.00281245	 0.438038	 0.000253082
19.1	 -1.01452	 0.00067243	 -2.98025	 -0.00282016	 0.499207	 0.000274585
19.12	 -1.01216	 0.000670735	 -2.96083	 -0.00282705	 0.560581	 0.000296117
19.14	 -1.00959	 0.000669074	 -2.94107	 -0.00283312	 0.622147	 0.000317678
19.16	 -1.00681	 0.000667446	 -2.92099	 -0.00283837	 0.683892	 0.000339265
19.18	 -1.00383	 0.000665851	 -2.90058	 -0.00284279	 0.745801	 0.000360876
19.2	 -1.00063	 0.00066429	 -2.87985	 -0.00284639	 0.80786	 0.000382511
19.22	 -0.997222	 0.00066276	 -2.85879	 -0.00284916	 0.870055	 0.000404169
19.24	 -0.993597	 0.000661263	 -2.83742	 -0.00285108	 0.932372	 0.000425852
19.26	 -0.989754	 0.000659796	 -2.81573	 -0.00285217	 0.994795	 0.000447559
19.28	 -0.985691	 0.000658358	 -2.79373	 -0.00285242	 1.05731	 0.00046929
19.3	 -0.981408	 0.000656949	 -2.77141	 -0.00285182	 1.1199	 0.000491044
19.32	 -0.976902	 0.000655568	 -2.74879	 -0.00285038	 1.18255	 0.000512822
19.34	 -0.972171	 0.000654212	 -2.72585	 -0.0028481	 1.24525	 0.000534625
19.36	 -0.967215	 0.000652882	 -2.70262	 -0.00284496	 1.30797	 0.000556454
19.38	 -0.962031	 0.000651575	 -2.67908	 -0.00284098	 1.37071	 0.000578309
19.4	 -0.956618	 0.00065029	 -2.65525	 -0.00283615	 1.43344	 0.000600192
19.42	 -0.950975	 0.000649025	 -2.63112	 -0.00283046	 1.49615	 0.000622102
19.44	 -0.945101	 0.000647779	 -2.60669	 -0.00282394	 1.55883	 0.00064404
19.46	 -0.938993	 0.000646551	 -2.58198	 -0.00281656	 1.62145	 0.000666008
19.48	 -0.932652	 0.000645339	 -2.55699	 -0.00280833	 1.68399	 0.000688003
19.5	 -0.926075	 0.000644144	 -2.53171	 -0.00279926	 1.74645	 0.000710024
19.52	 -0.919262	 0.000642966	 -2.50616	 -0.00278935	 1.80879	 0.000732068
19.54	 -0.912212	 0.000641807	 -2.48033	 -0.00277861	 1.87101	 0.000754129
19.56	 -0.904925	 0.000640668	 -2.45423	 -0.00276703	 1.93308	 0.000776203
19.58	 -0.897398	 0.000639551	 -2.42787	 -0.00275462	 1.99499	 0.000798285
19.6	 -0.889632	 0.000638454	 -2.40124	 -0.00274139	 2.05671	 0.000820374
19.62	 -0.881626	 0.000637377	 -2.37436	 -0.00272734	 2.11823	 0.000842469
19.64	 -0.873379	 0.000636319	 -2.34723	 -0.00271248	 2.17952	 0.00086457
19.66	 -0.864892	 0.000635279	 -2.31984	 -0.00269681	 2.24058	 0.000886678
19.68	 -0.856162	 0.000634254	 -2.29222	 -0.00268033	 2.30137	 0.000908791
19.7	 -0.847191	 0.000633244	 -2.26435	 -0.00266306	 2.36188	 0.000930909
19.72	 -0.837978	 0.000632248	 -2.23626	 -0.00264499	 2.42208	 0.000953029
19.74	 -0.828523	 0.000631266	 -2.20794	 -0.00262614	 2.48197	 0.00097515
19.76	 -0.818826	 0.000630298	 -2.17939	 -0.00260651	 2.5415	 0.00099727
19.78	 -0.808887	 0.000629343	 -2.15063	 -0.00258611	 2.60067	 0.00101939
19.8	 -0.798706	 0.0006284	 -2.12166	 -0.00256495	 2.65946	 0.0010415
19.82	 -0.788283	 0.000627469	 -2.09248	 -0.00254304	 2.71783	 0.0010636
19.84	 -0.777619	 0.000626547	 -2.06311	 -0.00252038	 2.77577	 0.0010857
19.86	 -0.766714	 0.000625634	 -2.03355	 -0.00249699	 2.83326	 0.0011078
19.88	 -0.755569	 0.000624727	 -2.0038	 -0.00247287	 2.89027	 0.00112988
19.9	 -0.744184	 0.000623823	 -1.97388	 -0.00244804	 2.94678	 0.00115197
19.92	 -0.732561	 0.000622922	 -1.94378	 -0.00242249	 3.00277	 0.00117404
19.94	 -0.720699	 0.00062202	 -1.91352	 -0.00239625	 3.05822	 0.00119612
19.96	 -0.7086	 0.000621116	 -1.88311	 -0.00236933	 3.11309	 0.00121819
19.98	 -0.696265	 0.000620208	 -1.85255	 -0.00234174	 3.16737	 0.00124025
20	 -0.683695	 0.000619292	 -1.82185	 -0.00231348	 3.22104	 0.00126231
20.02	 -0.670891	 0.000618367	 -1.79102	 -0.00228458	 3.27406	 0.00128437
20.04	 -0.657855	 0.00061743	 -1.76007	 -0.00225505	 3.32642	 0.00130643
20.06	 -0.644588	 0.000616476	 -1.72901	 -0.0022249	 3.37809	 0.00132849
20.08	 -0.631091	 0.000615505	 -1.69784	 -0.00219415	 3.42904	 0.00135055
20.1	 -0.617365	 0.000614512	 -1.66658	 -0.00216282	 3.47926	 0.0013726
20.12	 -0.603414	 0.000613496	 -1.63523	 -0.00213092	 3.5287	 0.00139466
20.14	 -0.589238	 0.000612454	 -1.60381	 -0.00209847	 3.57736	 0.00141672
20.16	 -0.57484	 0.000611385	 -1.57232	 -0.00206549	 3.6252	 0.00143877
20.18	 -0.56022	 0.00061029	 -1.54078	 -0.00203201	 3.67219	 0.00146081
20.2	 -0.545383	 0.000609169	 -1.50919	 -0.00199804	 3.71832	 0.00148283
20.22	 -0.530329	 0.000608024	 -1.47756	 -0.00196362	 3.76356	 0.00150482
20.24	 -0.51506	 0.000606858	 -1.44592	 -0.00192877	 3.80788	 0.00152678
20.26	 -0.49958	 0.000605671	 -1.41425	 -0.00189352	 3.85126	 0.00154868
20.28	 -0.483888	 0.000604456	 -1.38259	 -0.00185769	 3.89367	 0.00157062
20.3	 -0.467983	 0.000603193	 -1.35094	 -0.00182137	 3.93508	 0.00159263
20.32	 -0.451863	 0.000601873	 -1.31931	 -0.00178459	 3.97546	 0.0016147
20.34	 -0.435526	 0.000600489	 -1.28772	 -0.0017474	 4.01479	 0.00163686
20.36	 -0.418971	 0.000599036	 -1.25618	 -0.00170981	 4.05304	 0.00165909
20.38	 -0.402197	 0.000597512	 -1.22471	 -0.00167184	 4.09019	 0.00168138
20.4	 -0.385204	 0.000595911	 -1.19331	 -0.00163355	 4.12621	 0.00170373
20.42	 -0.367991	 0.000594227	 -1.162	 -0.00159496	 4.16108	 0.00172615
20.44	 -0.350559	 0.000592453	 -1.1308	 -0.00155612	 4.19478	 0.00174865
20.46	 -0.332906	 0.00059058	 -1.0997	 -0.00151708	 4.22727	 0.00177122
20.48	 -0.315033	 0.000588602	 -1.06874	 -0.00147788	 4.25854	 0.00179388
20.5	 -0.29694	 0.000586509	 -1.03791	 -0.00143858	 4.28857	 0.00181662
20.52	 -0.278631	 0.000584295	 -1.00723	 -0.00139921	 4.31732	 0.00183944
20.54	 -0.260109	 0.000581921	 -0.976719	 -0.00135981	 4.34477	 0.00186241
20.56	 -0.241379	 0.000579401	 -0.946397	 -0.00132043	 4.37087	 0.00188548
20.58	 -0.222444	 0.000576703	 -0.916278	 -0.0012811	 4.3956	 0.0019087
20.6	 -0.20331	 0.000573829	 -0.886384	 -0.00124187	 4.41891	 0.00193204
20.62	 -0.183979	 0.000570762	 -0.85673	 -0.00120278	 4.44078	 0.00195552
20.64	 -0.164457	 0.000567492	 -0.827335	 -0.00116389	 4.46118	 0.00197916
20.66	 -0.144746	 0.000564015	 -0.798218	 -0.00112524	 4.48006	 0.00200293
20.68	 -0.124852	 0.000560317	 -0.769397	 -0.00108687	 4.4974	 0.00202686
20.7	 -0.10478	 0.000556397	 -0.740889	 -0.00104879	 4.51316	 0.00205094
20.72	 -0.0845349	 0.000552241	 -0.712713	 -0.00101102	 4.52732	 0.00207518
20.74	 -0.0641238	 0.000547854	 -0.68489	 -0.000973562	 4.53983	 0.00209957
20.76	 -0.0435525	 0.000543229	 -0.657437	 -0.000936401	 4.55065	 0.00212413
20.78	 -0.0228274	 0.000538369	 -0.630376	 -0.000899545	 4.55977	 0.00214885
20.8	 -0.00195467	 0.000533266	 -0.603724	 -0.000863018	 4.56713	 0.00217373
20.82	 0.0190592	 0.000527915	 -0.577502	 -0.000826861	 4.57272	 0.00219877
20.84	 0.0402079	 0.000522304	 -0.551728	 -0.000791126	 4.57648	 0.00222397
20.86	 0.0614848	 0.000516421	 -0.526421	 -0.000755866	 4.57841	 0.00224934
20.88	 0.0828832	 0.000510253	 -0.5016	 -0.000721134	 4.57845	 0.00227487
20.9	 0.104396	 0.000503788	 -0.477283	 -0.000686979	 4.57659	 0.00230057
20.92	 0.126017	 0.000497013	 -0.453489	 -0.000653452	 4.57279	 0.00232643
20.94	 0.147739	 0.000489916	 -0.430236	 -0.000620603	 4.56703	 0.00235246
20.96	 0.169554	 0.000482488	 -0.407543	 -0.000588491	 4.55926	 0.00237866
20.98	 0.191455	 0.000474717	 -0.385429	 -0.000557174	 4.54947	 0.00240501
21	 0.213435	 0.000466596	 -0.36391	 -0.000526717	 4.53763	 0.00243152
21.02	 0.235487	 0.000458112	 -0.343005	 -0.000497187	 4.52371	 0.00245816
21.04	 0.257603	 0.000449257	 -0.322731	 -0.000468653	 4.50769	 0.00248494
21.06	 0.279777	 0.000440021	 -0.303104	 -0.000441184	 4.48954	 0.00251182
21.08	 0.301999	 0.000430396	 -0.284142	 -0.00041485	 4.46924	 0.0025388
21.1	 0.324264	 0.000420372	 -0.265859	 -0.000389717	 4.44676	 0.00256586
21.12	 0.346564	 0.000409944	 -0.248271	 -0.000365853	 4.4221	 0.00259298
21.14	 0.36889	 0.000399104	 -0.231394	 -0.000343327	 4.39522	 0.00262014
21.16	 0.391237	 0.000387847	 -0.21524	 -0.00032222	 4.36612	 0.00264731
21.18	 0.413596	 0.000376167	 -0.199824	 -0.000302618	 4.33478	 0.00267446
21.2	 0.43596	 0.000364061	 -0.185157	 -0.000284613	 4.30118	 0.00270155
21.22	 0.458322	 0.000351526	 -0.171251	 -0.000268297	 4.26533	 0.00272853
21.24	 0.480674	 0.00033856	 -0.158116	 -0.000253759	 4.2272	 0.00275536
21.26	 0.503011	 0.000325161	 -0.145761	 -0.000241096	 4.18681	 0.00278198
21.28	 0.525324	 0.00031133	 -0.134195	 -0.000230405	 4.14414	 0.00280834
21.3	 0.547606	 0.000297066	 -0.123424	 -0.000221791	 4.09919	 0.00283438
21.32	 0.569852	 0.000282372	 -0.113453	 -0.000215361	 4.05199	 0.00286003
21.34	 0.592053	 0.00026725	 -0.104287	 -0.000211226	 4.00252	 0.00288523
21.36	 0.614204	 0.000251705	 -0.0959284	 -0.000209495	 3.95081	 0.00290988
21.38	 0.636298	 0.00023574	 -0.0883776	 -0.000210279	 3.89686	 0.00293393
21.4	 0.658328	 0.000219363	 -0.0816342	 -0.000213685	 3.84071	 0.00295727
21.42	 0.680289	 0.00020258	 -0.0756961	 -0.000219819	 3.78238	 0.00297983
21.44	 0.702172	 0.000185399	 -0.0705594	 -0.000228775	 3.72188	 0.00300152
21.46	 0.723973	 0.000167832	 -0.0662185	 -0.00024063	 3.65926	 0.00302227
21.48	 0.745685	 0.000149888	 -0.0626663	 -0.000255442	 3.59455	 0.00304198
21.5	 0.767303	 0.000131583	 -0.0598939	 -0.000273237	 3.52779	 0.00306062
21.52	 0.788819	 0.00011293	 -0.0578907	 -0.000294016	 3.45903	 0.00307813
21.54	 0.810227	 9.39475e-05	 -0.0566447	 -0.000317781	 3.38831	 0.00309448
21.56	 0.831523	 7.46485e-05	 -0.0561422	 -0.00034456	 3.31569	 0.00310961
21.58	 0.852699	 5.50504e-05	 -0.0563681	 -0.000374371	 3.24121	 0.00312348
21.6	 0.873751	 3.51704e-05	 -0.0573057	 -0.000407233	 3.16495	 0.003136
21.62	 0.894671	 1.50262e-05	 -0.0589371	 -0.000443154	 3.08696	 0.00314711
21.64	 0.915453	 -5.36346e-06	 -0.0612429	 -0.000482118	 3.00732	 0.00315673
21.66	 0.936092	 -2.59821e-05	 -0.0642028	 -0.000524124	 2.92608	 0.00316481
21.68	 0.956582	 -4.68113e-05	 -0.0677951	 -0.000569144	 2.84333	 0.00317129
21.7	 0.976915	 -6.78326e-05	 -0.0719974	 -0.000617152	 2.75913	 0.00317612
21.72	 0.997087	 -8.90263e-05	 -0.0767859	 -0.000668117	 2.67357	 0.00317925
21.74	 1.01709	 -0.000110372	 -0.0821362	 -0.000722004	 2.58674	 0.00318063
21.76	 1.03692	 -0.000131847	 -0.0880226	 -0.000778762	 2.4987	 0.00318021
21.78	 1.05656	 -0.000153428	 -0.0944188	 -0.000838356	 2.40956	 0.00317793
21.8	 1.07602	 -0.000175091	 -0.101297	 -0.000900711	 2.31939	 0.00317375
21.82	 1.09529	 -0.000196824	 -0.108629	 -0.000965931	 2.2283	 0.00316762
21.84	 1.11435	 -0.000218582	 -0.116386	 -0.00103373	 2.13638	 0.00315949
21.86	 1.1332	 -0.000240343	 -0.124536	 -0.00110405	 2.04372	 0.00314931
21.88	 1.15184	 -0.00026213	 -0.133049	 -0.00117746	 1.95044	 0.00313705
21.9	 1.17025	 -0.000283844	 -0.141893	 -0.00125301	 1.85662	 0.00312265
21.92	 1.18844	 -0.000305367	 -0.151034	 -0.00132931	 1.76238	 0.00310602
21.94	 1.20638	 -0.000326849	 -0.160441	 -0.00140842	 1.66784	 0.00308722
21.96	 1.22408	 -0.000348192	 -0.170078	 -0.00148944	 1.57308	 0.00306616
21.98	 1.24153	 -0.000369381	 -0.179912	 -0.00157247	 1.47823	 0.00304284
22	 1.25871	 -0.00039037	 -0.189907	 -0.00165723	 1.3834	 0.00301721
22.02	 1.27563	 -0.000411139	 -0.200029	 -0.00174373	 1.28869	 0.00298928
22.04	 1.29226	 -0.000431651	 -0.210241	 -0.00183174	 1.19422	 0.00295901
22.06	 1.30861	 -0.000451874	 -0.220509	 -0.00192107	 1.1001	 0.00292639
22.08	 1.32466	 -0.000471784	 -0.230796	 -0.00201159	 1.00645	 0.00289142
22.1	 1.34041	 -0.000491352	 -0.241066	 -0.00210312	 0.913387	 0.0028541
22.12	 1.35584	 -0.000510551	 -0.251283	 -0.00219551	 0.821025	 0.00281444
22.14	 1.37095	 -0.000529349	 -0.261412	 -0.00228856	 0.72948	 0.00277244
22.16	 1.38573	 -0.000547716	 -0.271417	 -0.00238207	 0.638869	 0.00272813
22.18	 1.40017	 -0.000565622	 -0.281261	 -0.00247587	 0.549306	 0.00268153
22.2	 1.41425	 -0.000583038	 -0.29091	 -0.00256976	 0.460905	 0.00263267
22.22	 1.42798	 -0.000599936	 -0.300327	 -0.00266354	 0.373781	 0.00258158
22.24	 1.44133	 -0.000616285	 -0.309479	 -0.00275701	 0.288047	 0.00252831
22.26	 1.45431	 -0.000632058	 -0.31833	 -0.00284994	 0.203813	 0.0024729
22.28	 1.46689	 -0.000647228	 -0.326847	 -0.00294213	 0.12119	 0.00241542
22.3	 1.47908	 -0.000661767	 -0.334995	 -0.00303336	 0.0402854	 0.00235592
22.32	 1.49086	 -0.00067565	 -0.342741	 -0.00312342	 -0.0387951	 0.00229448
22.34	 1.50221	 -0.000688851	 -0.350055	 -0.00321207	 -0.115949	 0.00223116
22.36	 1.51314	 -0.000701344	 -0.356903	 -0.00329909	 -0.191075	 0.00216605
22.38	 1.52364	 -0.000713105	 -0.363257	 -0.00338426	 -0.264077	 0.00209924
22.4	 1.53368	 -0.00072411	 -0.369085	 -0.00346736	 -0.334862	 0.00203082
22.42	 1.54327	 -0.000734337	 -0.37436	 -0.00354817	 -0.403339	 0.00196087
22.44	 1.5524	 -0.000743765	 -0.379054	 -0.00362646	 -0.469423	 0.00188951
22.46	 1.56105	 -0.000752372	 -0.383141	 -0.00370202	 -0.533032	 0.00181683
22.48	 1.56922	 -0.000760138	 -0.386595	 -0.00377464	 -0.594088	 0.00174294
22.5	 1.57689	 -0.000767045	 -0.389393	 -0.00384411	 -0.652517	 0.00166795
22.52	 1.58407	 -0.000773074	 -0.391511	 -0.00391022	 -0.708252	 0.00159196
22.54	 1.59074	 -0.000778209	 -0.392927	 -0.00397276	 -0.761228	 0.00151509
22.56	 1.5969	 -0.000782433	 -0.393623	 -0.00403154	 -0.811386	 0.00143744
22.58	 1.60253	 -0.00078573	 -0.393577	 -0.00408635	 -0.858671	 0.00135911
22.6	 1.60763	 -0.000788085	 -0.392774	 -0.00413698	 -0.903034	 0.00128023
22.62	 1.61219	 -0.000789485	 -0.391195	 -0.00418325	 -0.94443	 0.0012009
22.64	 1.61621	 -0.000789915	 -0.388827	 -0.00422494	 -0.98282	 0.00112122
22.66	 1.61968	 -0.000789364	 -0.385656	 -0.00426184	 -1.01817	 0.00104131
22.68	 1.62259	 -0.00078782	 -0.38167	 -0.00429376	 -1.05045	 0.000961273
22.7	 1.62493	 -0.000785273	 -0.376857	 -0.0043205	 -1.07963	 0.000881221
22.72	 1.62671	 -0.000781713	 -0.371209	 -0.00434185	 -1.10569	 0.000801262
22.74	 1.62791	 -0.000777135	 -0.364718	 -0.00435761	 -1.12863	 0.000721506
22.76	 1.62853	 -0.000771531	 -0.357377	 -0.00436761	 -1.14843	 0.000642063
22.78	 1.62857	 -0.000764897	 -0.349183	 -0.00437167	 -1.16508	 0.00056304
22.8	 1.62802	 -0.000757232	 -0.340131	 -0.00436961	 -1.17859	 0.000484546
22.82	 1.62687	 -0.000748534	 -0.330221	 -0.00436129	 -1.18896	 0.000406686
22.84	 1.62513	 -0.000738806	 -0.319453	 -0.00434656	 -1.1962	 0.000329565
22.86	 1.62278	 -0.00072805	 -0.307827	 -0.0043253	 -1.20033	 0.000253285
22.88	 1.61984	 -0.000716272	 -0.295348	 -0.0042974	 -1.20136	 0.000177944
22.9	 1.61628	 -0.000703477	 -0.282019	 -0.00426276	 -1.19933	 0.000103639
22.92	 1.61212	 -0.000689675	 -0.267848	 -0.00422131	 -1.19426	 3.04627e-05
22.94	 1.60734	 -0.000674876	 -0.252841	 -0.00417298	 -1.1862	 -4.14965e-05
22.96	 1.60196	 -0.000659091	 -0.237009	 -0.00411771	 -1.17517	 -0.000112152
22.98	 1.59595	 -0.000642334	 -0.220361	 -0.00405547	 -1.16122	 -0.000181423
23	 1.58934	 -0.000624619	 -0.202912	 -0.00398624	 -1.14441	 -0.000249231
23.02	 1.58211	 -0.000605963	 -0.184673	 -0.00391	 -1.12479	 -0.0003155
23.04	 1.57426	 -0.000586384	 -0.165662	 -0.00382676	 -1.10242	 -0.000380161
23.06	 1.56579	 -0.000565901	 -0.145894	 -0.00373654	 -1.07736	 -0.000443147
23.08	 1.55672	 -0.000544535	 -0.125389	 -0.00363937	 -1.04969	 -0.000504395
23.1	 1.54702	 -0.000522309	 -0.104164	 -0.0035353	 -1.01946	 -0.000563846
23.12	 1.53672	 -0.000499247	 -0.0822431	 -0.00342437	 -0.986768	 -0.000621445
23.14	 1.5258	 -0.000475374	 -0.059647	 -0.00330668	 -0.951687	 -0.000677142
23.16	 1.51427	 -0.000450718	 -0.0363997	 -0.0031823	 -0.914304	 -0.000730889
23.18	 1.50214	 -0.000425306	 -0.0125263	 -0.00305133	 -0.874709	 -0.000782644
23.2	 1.4894	 -0.00039917	 0.011947	 -0.00291388	 -0.832993	 -0.000832367
23.22	 1.47606	 -0.000372341	 0.0369928	 -0.00277008	 -0.789254	 -0.000880023
23.24	 1.46211	 -0.000344851	 0.0625827	 -0.00262008	 -0.743591	 -0.000925581
23.26	 1.44757	 -0.000316736	 0.0886871	 -0.00246401	 -0.696108	 -0.000969014
23.28	 1.43244	 -0.000288031	 0.115275	 -0.00230206	 -0.646909	 -0.0010103
23.3	 1.41672	 -0.000258775	 0.142316	 -0.00213442	 -0.596104	 -0.00104942
23.32	 1.40041	 -0.000229006	 0.169776	 -0.00196128	 -0.543802	 -0.00108636
23.34	 1.38352	 -0.000198765	 0.197623	 -0.00178287	 -0.490116	 -0.00112111
23.36	 1.36605	 -0.000168094	 0.225822	 -0.00159941	 -0.435161	 -0.00115367
23.38	 1.34801	 -0.000137035	 0.254338	 -0.00141117	 -0.379054	 -0.00118404
23.4	 1.3294	 -0.000105632	 0.283136	 -0.0012184	 -0.321912	 -0.00121222
23.42	 1.31023	 -7.39302e-05	 0.31218	 -0.00102138	 -0.263854	 -0.00123823
23.44	 1.2905	 -4.19749e-05	 0.341432	 -0.000820412	 -0.205	 -0.00126207
23.46	 1.27022	 -9.81254e-06	 0.370856	 -0.000615787	 -0.145472	 -0.00128378
23.48	 1.24938	 2.25099e-05	 0.400414	 -0.000407823	 -0.0853895	 -0.00130337
23.5	 1.22801	 5.4945e-05	 0.430066	 -0.000196843	 -0.024875	 -0.00132088
23.52	 1.2061	 8.74448e-05	 0.459776	 1.6817e-05	 0.0359498	 -0.00133633
23.54	 1.18366	 0.000119961	 0.489504	 0.000232815	 0.0969635	 -0.00134977
23.56	 1.1607	 0.000152445	 0.519212	 0.000450799	 0.158045	 -0.00136123
23.58	 1.13722	 0.000184849	 0.548859	 0.000670411	 0.219073	 -0.00137077
23.6	 1.11324	 0.000217122	 0.578407	 0.000891283	 0.27993	 -0.00137843
23.62	 1.08875	 0.000249217	 0.607816	 0.00111304	 0.340495	 -0.00138427
23.64	 1.06377	 0.000281083	 0.637047	 0.0013353	 0.400652	 -0.00138833
23.66	 1.03831	 0.000312673	 0.66606	 0.00155767	 0.460284	 -0.00139069
23.68	 1.01238	 0.000343935	 0.694816	 0.00177975	 0.519277	 -0.0013914
23.7	 0.985986	 0.000374822	 0.723275	 0.00200113	 0.577516	 -0.00139054
23.72	 0.95914	 0.000405283	 0.751397	 0.00222139	 0.63489	 -0.00138817
23.74	 0.931854	 0.000435271	 0.779143	 0.00244012	 0.691287	 -0.00138437
23.76	 0.904142	 0.000464738	 0.806475	 0.00265691	 0.7466	 -0.00137921
23.78	 0.876017	 0.000493637	 0.833352	 0.00287133	 0.800722	 -0.00137278
23.8	 0.847494	 0.000521922	 0.859736	 0.00308296	 0.853549	 -0.00136516
23.82	 0.818588	 0.000549546	 0.88559	 0.00329139	 0.90498	 -0.00135642
23.84	 0.789317	 0.000576464	 0.910873	 0.00349616	 0.954913	 -0.00134665
23.86	 0.759699	 0.000602632	 0.935549	 0.00369687	 1.00325	 -0.00133595
23.88	 0.729751	 0.000628006	 0.959579	 0.00389309	 1.0499	 -0.0013244
23.9	 0.699493	 0.000652546	 0.982928	 0.0040844	 1.09477	 -0.00131209
23.92	 0.668948	 0.000676211	 1.00556	 0.00427039	 1.13777	 -0.00129911
23.94	 0.638135	 0.00069896	 1.02743	 0.00445065	 1.1788	 -0.00128556
23.96	 0.607076	 0.000720757	 1.04852	 0.00462478	 1.21779	 -0.00127152
23.98	 0.575795	 0.000741565	 1.06879	 0.00479239	 1.25466	 -0.00125709
24	 0.544314	 0.00076135	 1.0882	 0.0049531	 1.28932	 -0.00124235
24.02	 0.512657	 0.000780078	 1.10672	 0.00510654	 1.32171	 -0.00122739
24.04	 0.480845	 0.000797719	 1.12433	 0.00525236	 1.35175	 -0.0012123
24.06	 0.448903	 0.000814244	 1.14099	 0.00539023	 1.37939	 -0.00119717
24.08	 0.416853	 0.000829626	 1.15669	 0.00551982	 1.40457	 -0.00118207
24.1	 0.384718	 0.000843839	 1.17139	 0.00564082	 1.42722	 -0.00116708
24.12	 0.352522	 0.000856861	 1.18507	 0.00575294	 1.44731	 -0.00115228
24.14	 0.320288	 0.000868671	 1.19771	 0.0058559	 1.46479	 -0.00113774
24.16	 0.288039	 0.000879251	 1.20929	 0.00594946	 1.47963	 -0.00112353
24.18	 0.255799	 0.000888583	 1.2198	 0.00603338	 1.49179	 -0.00110972
24.2	 0.223592	 0.000896655	 1.22921	 0.00610745	 1.50124	 -0.00109636
24.22	 0.191442	 0.000903454	 1.23751	 0.00617148	 1.50797	 -0.00108351
24.24	 0.159372	 0.000908971	 1.2447	 0.00622529	 1.51194	 -0.00107122
24.26	 0.127407	 0.000913197	 1.25075	 0.00626873	 1.51314	 -0.00105953
24.28	 0.0955693	 0.000916127	 1.25566	 0.00630168	 1.51157	 -0.00104849
24.3	 0.0638838	 0.000917759	 1.25942	 0.00632403	 1.5072	 -0.00103812
24.32	 0.0323731	 0.000918089	 1.26203	 0.00633569	 1.50006	 -0.00102844
24.34	 0.00105981	 0.00091712	 1.26349	 0.00633661	 1.49014	 -0.00101948
24.36	 -0.0300337	 0.000914854	 1.26379	 0.00632674	 1.47746	 -0.00101124
24.38	 -0.0608855	 0.000911297	 1.26293	 0.00630606	 1.46204	 -0.00100375
24.4	 -0.0914734	 0.000906454	 1.26093	 0.00627455	 1.44391	 -0.000997005
24.42	 -0.121776	 0.000900332	 1.25778	 0.00623222	 1.42311	 -0.000991018
24.44	 -0.15177	 0.000892944	 1.25349	 0.0061791	 1.39966	 -0.000985781
24.46	 -0.181436	 0.000884299	 1.24807	 0.00611524	 1.37361	 -0.000981285
24.48	 -0.21075	 0.000874413	 1.24153	 0.00604073	 1.34499	 -0.000977518
24.5	 -0.239693	 0.000863302	 1.23389	 0.00595564	 1.31384	 -0.000974463
24.52	 -0.268242	 0.000850983	 1.22514	 0.00586008	 1.28022	 -0.0009721
24.54	 -0.296377	 0.000837476	 1.21532	 0.0057542	 1.24417	 -0.000970402
24.56	 -0.324078	 0.000822806	 1.20444	 0.00563816	 1.20575	 -0.000969336
24.58	 -0.351323	 0.000806998	 1.19251	 0.00551218	 1.16501	 -0.000968864
24.6	 -0.378095	 0.000790082	 1.17955	 0.00537649	 1.12201	 -0.000968944
24.62	 -0.404372	 0.000772088	 1.1656	 0.00523136	 1.07683	 -0.000969528
24.64	 -0.430137	 0.000753051	 1.15067	 0.00507708	 1.02952	 -0.000970562
24.66	 -0.455372	 0.000733004	 1.13478	 0.00491395	 0.980164	 -0.000971986
24.68	 -0.480058	 0.000711985	 1.11796	 0.00474228	 0.928839	 -0.000973735
24.7	 -0.504178	 0.000690029	 1.10024	 0.00456241	 0.87562	 -0.000975743
24.72	 -0.527716	 0.000667175	 1.08166	 0.0043747	 0.820592	 -0.000977936
24.74	 -0.550656	 0.000643466	 1.06223	 0.00417951	 0.763842	 -0.000980243
24.76	 -0.572982	 0.000618941	 1.04199	 0.00397721	 0.70546	 -0.000982591
24.78	 -0.594681	 0.000593645	 1.02097	 0.00376821	 0.645541	 -0.000984909
24.8	 -0.615738	 0.000567621	 0.999207	 0.00355289	 0.584183	 -0.000987122
24.82	 -0.63614	 0.000540912	 0.976738	 0.00333166	 0.521485	 -0.000989157
24.84	 -0.655875	 0.000513566	 0.953596	 0.00310495	 0.457548	 -0.000990938
24.86	 -0.67493	 0.000485627	 0.929817	 0.00287317	 0.392474	 -0.000992392
24.88	 -0.693295	 0.000457143	 0.905438	 0.00263676	 0.326363	 -0.000993446
24.9	 -0.710957	 0.000428162	 0.880496	 0.00239616	 0.259315	 -0.000994025
24.92	 -0.727907	 0.000398734	 0.85503	 0.00215184	 0.19143	 -0.000994052
24.94	 -0.744134	 0.00036891	 0.829078	 0.00190428	 0.122812	 -0.000993451
24.96	 -0.75963	 0.000338743	 0.802678	 0.00165397	 0.0535617	 -0.000992145
24.98	 -0.774387	 0.000308284	 0.775871	 0.00140141	 -0.0162151	 -0.000990059
25	 -0.788396	 0.000277588	 0.748697	 0.00114711	 -0.0864143	 -0.000987117
25.02	 -0.801651	 0.000246707	 0.721194	 0.000891557	 -0.156931	 -0.000983244
25.04	 -0.814147	 0.000215694	 0.693403	 0.000635248	 -0.227661	 -0.000978368
25.06	 -0.825876	 0.0001846	 0.665364	 0.000378676	 -0.298499	 -0.000972418
25.08	 -0.836836	 0.000153477	 0.637117	 0.000122327	 -0.36934	 -0.000965328
25.1	 -0.847023	 0.000122377	 0.608702	 -0.000133327	 -0.44008	 -0.00095704
25.12	 -0.856432	 9.13496e-05	 0.580158	 -0.000387834	 -0.510615	 -0.0009475
25.14	 -0.865062	 6.04432e-05	 0.551525	 -0.000640742	 -0.580842	 -0.000936659
25.16	 -0.872912	 2.97068e-05	 0.522842	 -0.000891607	 -0.650658	 -0.000924472
25.18	 -0.879979	 -8.11969e-07	 0.494147	 -0.00114	 -0.719966	 -0.000910896
25.2	 -0.886265	 -3.10654e-05	 0.465479	 -0.00138547	 -0.788668	 -0.000895893
25.22	 -0.891768	 -6.1007e-05	 0.436876	 -0.00162761	 -0.856671	 -0.000879427
25.24	 -0.89649	 -9.05905e-05	 0.408372	 -0.00186598	 -0.923884	 -0.000861463
25.26	 -0.900431	 -0.00011977	 0.380006	 -0.00210017	 -0.990218	 -0.000841971
25.28	 -0.903595	 -0.000148502	 0.351811	 -0.00232978	 -1.05559	 -0.000820924
25.3	 -0.905983	 -0.000176741	 0.323822	 -0.00255442	 -1.11991	 -0.000798299
25.32	 -0.907598	 -0.000204447	 0.296072	 -0.00277369	 -1.1831	 -0.000774078
25.34	 -0.908445	 -0.000231577	 0.268595	 -0.00298723	 -1.24509	 -0.000748245
25.36	 -0.908528	 -0.000258094	 0.24142	 -0.00319469	 -1.3058	 -0.000720791
25.38	 -0.907856	 -0.000283957	 0.214574	 -0.00339575	 -1.36516	 -0.000691716
25.4	 -0.906437	 -0.00030913	 0.188077	 -0.00359008	 -1.42314	 -0.00066102
25.42	 -0.904283	 -0.00033358	 0.161948	 -0.00377739	 -1.47967	 -0.000628712
25.44	 -0.901405	 -0.000357276	 0.136207	 -0.00395743	 -1.53472	 -0.000594804
25.46	 -0.897814	 -0.000380188	 0.11087	 -0.00412993	 -1.58825	 -0.000559316
25.48	 -0.89352	 -0.000402288	 0.0859571	 -0.00429467	 -1.64022	 -0.000522272
25.5	 -0.888534	 -0.000423553	 0.0614859	 -0.00445144	 -1.69058	 -0.000483696
25.52	 -0.882867	 -0.000443959	 0.0374761	 -0.00460004	 -1.73929	 -0.000443618
25.54	 -0.876527	 -0.000463484	 0.0139465	 -0.0047403	 -1.78632	 -0.000402069
25.56	 -0.869527	 -0.000482111	 -0.00908505	 -0.00487205	 -1.83162	 -0.000359081
25.58	 -0.861877	 -0.000499823	 -0.0316017	 -0.00499514	 -1.87518	 -0.000314691
25.6	 -0.853588	 -0.000516604	 -0.0535881	 -0.00510946	 -1.91696	 -0.00026894
25.62	 -0.844673	 -0.000532441	 -0.0750303	 -0.0052149	 -1.95694	 -0.00022187
25.64	 -0.835142	 -0.000547323	 -0.0959154	 -0.00531135	 -1.9951	 -0.000173529
25.66	 -0.825008	 -0.000561242	 -0.116232	 -0.00539877	 -2.03143	 -0.000123968
25.68	 -0.814283	 -0.000574189	 -0.135968	 -0.00547709	 -2.06591	 -7.32398e-05
25.7	 -0.802979	 -0.000586162	 -0.155114	 -0.0055463	 -2.09852	 -2.14016e-05
25.72	 -0.791108	 -0.000597158	 -0.17366	 -0.00560639	 -2.12926	 3.14869e-05
25.74	 -0.778682	 -0.000607179	 -0.191597	 -0.00565739	 -2.15813	 8.53618e-05
25.76	 -0.765713	 -0.000616227	 -0.208919	 -0.00569935	 -2.18513	 0.000140156
25.78	 -0.752214	 -0.000624308	 -0.225617	 -0.00573232	 -2.21024	 0.000195798
25.8	 -0.738198	 -0.000631429	 -0.241686	 -0.00575641	 -2.23348	 0.000252216
25.82	 -0.723675	 -0.0006376	 -0.257121	 -0.0057717	 -2.25485	 0.000309335
25.84	 -0.70866	 -0.000642836	 -0.27192	 -0.00577831	 -2.27436	 0.000367087
25.86	 -0.693164	 -0.000647147	 -0.286078	 -0.00577637	 -2.29202	 0.000425389
25.88	 -0.6772	 -0.000650547	 -0.299596	 -0.00576604	 -2.30786	 0.000484163
25.9	 -0.660781	 -0.000653051	 -0.312471	 -0.00574748	 -2.32188	 0.000543326
25.92	 -0.643919	 -0.000654675	 -0.324705	 -0.00572085	 -2.33412	 0.000602799
25.94	 -0.626626	 -0.000655436	 -0.3363	 -0.00568635	 -2.34458	 0.00066249
25.96	 -0.608918	 -0.000655359	 -0.347258	 -0.00564418	 -2.35332	 0.000722332
25.98	 -0.590807	 -0.000654456	 -0.357583	 -0.00559457	 -2.36034	 0.000782218
26	 -0.572308	 -0.000652762	 -0.367283	 -0.00553772	 -2.3657	 0.000842091
26.02	 -0.553433	 -0.000650293	 -0.376362	 -0.00547389	 -2.36942	 0.000901846
26.04	 -0.534196	 -0.00064708	 -0.384828	 -0.00540332	 -2.37155	 0.000961406
26.06	 -0.514609	 -0.000643141	 -0.39269	 -0.00532628	 -2.37213	 0.00102067
26.08	 -0.494686	 -0.000638505	 -0.399956	 -0.00524305	 -2.37119	 0.00107955
26.1	 -0.474441	 -0.000633196	 -0.406639	 -0.00515392	 -2.36879	 0.00113795
26.12	 -0.453887	 -0.00062724	 -0.412752	 -0.00505918	 -2.36498	 0.00119578
26.14	 -0.433041	 -0.000620668	 -0.418307	 -0.00495914	 -2.35981	 0.00125294
26.16	 -0.411916	 -0.000613505	 -0.423322	 -0.00485411	 -2.35335	 0.00130933
26.18	 -0.390527	 -0.000605782	 -0.427814	 -0.00474441	 -2.34564	 0.00136488
26.2	 -0.368891	 -0.000597528	 -0.431801	 -0.00463034	 -2.33677	 0.00141947
26.22	 -0.347021	 -0.000588774	 -0.435304	 -0.00451223	 -2.32678	 0.00147304
26.24	 -0.324934	 -0.00057955	 -0.438343	 -0.00439041	 -2.31575	 0.00152548
26.26	 -0.302645	 -0.000569887	 -0.44094	 -0.00426519	 -2.30374	 0.0015767
26.28	 -0.280169	 -0.000559815	 -0.443117	 -0.00413691	 -2.29084	 0.00162663
26.3	 -0.257522	 -0.000549366	 -0.444899	 -0.00400589	 -2.2771	 0.00167518
26.32	 -0.23472	 -0.000538569	 -0.446311	 -0.00387245	 -2.26261	 0.00172225
26.34	 -0.21178	 -0.000527457	 -0.447377	 -0.00373693	 -2.24744	 0.00176778
26.36	 -0.188717	 -0.000516059	 -0.448124	 -0.00359964	 -2.23167	 0.00181168
26.38	 -0.165546	 -0.000504406	 -0.44858	 -0.00346091	 -2.21537	 0.00185388
26.4	 -0.142286	 -0.000492528	 -0.448771	 -0.00332105	 -2.19862	 0.00189429
26.42	 -0.11895	 -0.000480456	 -0.448727	 -0.00318037	 -2.1815	 0.00193285
26.44	 -0.0955566	 -0.000468219	 -0.448476	 -0.0030392	 -2.16409	 0.00196947
26.46	 -0.0721208	 -0.000455843	 -0.448046	 -0.00289784	 -2.14647	 0.0020041
26.48	 -0.0486594	 -0.000443358	 -0.447469	 -0.00275658	 -2.12871	 0.00203665
26.5	 -0.0251886	 -0.000430791	 -0.446774	 -0.00261574	 -2.1109	 0.00206707
26.52	 -0.00172502	 -0.000418167	 -0.445991	 -0.00247559	 -2.09311	 0.00209529
26.54	 0.0217149	 -0.000405513	 -0.445152	 -0.00233643	 -2.07542	 0.00212124
26.56	 0.0451145	 -0.000392852	 -0.444287	 -0.00219853	 -2.05791	 0.00214487
26.58	 0.0684575	 -0.000380209	 -0.443429	 -0.00206217	 -2.04066	 0.00216612
26.6	 0.0917271	 -0.000367606	 -0.442609	 -0.00192758	 -2.02375	 0.00218494
26.62	 0.114907	 -0.000355065	 -0.441859	 -0.00179504	 -2.00725	 0.00220128
26.64	 0.13798	 -0.000342607	 -0.441209	 -0.00166477	 -1.99123	 0.00221509
26.66	 0.160931	 -0.000330253	 -0.440693	 -0.001537	 -1.97578	 0.00222633
26.68	 0.183743	 -0.00031802	 -0.440341	 -0.00141196	 -1.96096	 0.00223496
26.7	 0.206399	 -0.000305928	 -0.440185	 -0.00128984	 -1.94684	 0.00224095
26.72	 0.228883	 -0.000293993	 -0.440255	 -0.00117084	 -1.9335	 0.00224427
26.74	 0.251179	 -0.00028223	 -0.440582	 -0.00105515	 -1.92099	 0.00224488
26.76	 0.273272	 -0.000270654	 -0.441196	 -0.00094293	 -1.90939	 0.00224277
26.78	 0.295144	 -0.000259279	 -0.442127	 -0.000834346	 -1.89876	 0.00223792
26.8	 0.31678	 -0.000248117	 -0.443403	 -0.000729542	 -1.88916	 0.00223032
26.82	 0.338165	 -0.000237179	 -0.445054	 -0.000628652	 -1.88065	 0.00221994
26.84	 0.359283	 -0.000226476	 -0.447106	 -0.000531797	 -1.87327	 0.00220679
26.86	 0.380118	 -0.000216017	 -0.449587	 -0.000439085	 -1.86709	 0.00219087
26.88	 0.400657	 -0.000205811	 -0.452522	 -0.000350613	 -1.86216	 0.00217218
26.9	 0.420882	 -0.000195864	 -0.455937	 -0.000266464	 -1.85852	 0.00215073
26.92	 0.440781	 -0.000186183	 -0.459856	 -0.000186706	 -1.85621	 0.00212653
26.94	 0.460339	 -0.000176773	 -0.464302	 -0.000111398	 -1.85528	 0.00209959
26.96	 0.479542	 -0.000167638	 -0.469296	 -4.05848e-05	 -1.85576	 0.00206995
26.98	 0.498375	 -0.000158782	 -0.474859	 2.57015e-05	 -1.85768	 0.00203762
27	 0.516825	 -0.000150207	 -0.481011	 8.7441e-05	 -1.86108	 0.00200263
27.02	 0.534879	 -0.000141914	 -0.487771	 0.000144627	 -1.86598	 0.00196503
27.04	 0.552525	 -0.000133904	 -0.495154	 0.000197263	 -1.8724	 0.00192485
27.06	 0.569749	 -0.000126175	 -0.503178	 0.000245368	 -1.88037	 0.00188214
27.08	 0.586538	 -0.000118727	 -0.511856	 0.00028897	 -1.8899	 0.00183694
27.1	 0.602882	 -0.000111557	 -0.521202	 0.000328109	 -1.90099	 0.00178931
27.12	 0.618769	 -0.000104661	 -0.531226	 0.000362838	 -1.91366	 0.00173931
27.14	 0.634186	 -9.80354e-05	 -0.54194	 0.000393218	 -1.92792	 0.00168699
27.16	 0.649125	 -9.16739e-05	 -0.553352	 0.000419323	 -1.94375	 0.00163243
27.18	 0.663572	 -8.55698e-05	 -0.565469	 0.000441238	 -1.96116	 0.00157568
27.2	 0.67752	 -7.97145e-05	 -0.578299	 0.000459056	 -1.98015	 0.00151682
27.22	 0.690958	 -7.40988e-05	 -0.591846	 0.00047288	 -2.00069	 0.00145592
27.24	 0.703876	 -6.87124e-05	 -0.606113	 0.000482822	 -2.02278	 0.00139306
27.26	 0.716266	 -6.35446e-05	 -0.621103	 0.000489005	 -2.0464	 0.00132831
27.28	 0.728119	 -5.85841e-05	 -0.636818	 0.000491558	 -2.07154	 0.00126177
27.3	 0.739427	 -5.38193e-05	 -0.653257	 0.000490618	 -2.09815	 0.00119351
27.32	 0.750183	 -4.92382e-05	 -0.670418	 0.000486333	 -2.12623	 0.00112364
27.34	 0.760378	 -4.48281e-05	 -0.688298	 0.000478855	 -2.15573	 0.00105224
27.36	 0.770007	 -4.05759e-05	 -0.706894	 0.000468343	 -2.18663	 0.000979409
27.38	 0.779063	 -3.64683e-05	 -0.726199	 0.000454963	 -2.21888	 0.000905243
27.4	 0.787539	 -3.24913e-05	 -0.746207	 0.000438886	 -2.25244	 0.000829845
27.42	 0.795431	 -2.8631e-05	 -0.766908	 0.000420288	 -2.28728	 0.000753318
27.44	 0.802733	 -2.48729e-05	 -0.788293	 0.00039935	 -2.32334	 0.000675766
27.46	 0.809441	 -2.11917e-05	 -0.810352	 0.000376663	 -2.36057	 0.000597383
27.48	 0.815556	 -1.75929e-05	 -0.833073	 0.000352227	 -2.39892	 0.000518273
27.5	 0.821079	 -1.40649e-05	 -0.856447	 0.000326201	 -2.43832	 0.000438542
27.52	 0.82601	 -1.05917e-05	 -0.880458	 0.000298738	 -2.47872	 0.000358285
27.54	 0.83035	 -7.1544e-06	 -0.905094	 0.000269992	 -2.52004	 0.000277595
27.56	 0.834102	 -3.73474e-06	 -0.930339	 0.000240119	 -2.56222	 0.000196566
27.58	 0.837264	 -3.15885e-07	 -0.956176	 0.000209276	 -2.60518	 0.000115301
27.6	 0.839836	 3.1172e-06	 -0.982586	 0.000177617	 -2.64886	 3.39073e-05
27.62	 0.84182	 6.57844e-06	 -1.00955	 0.000145303	 -2.69318	 -4.75068e-05
27.64	 0.843215	 1.00814e-05	 -1.03705	 0.000112494	 -2.73807	 -0.000128833
27.66	 0.844021	 1.36397e-05	 -1.06505	 7.93495e-05	 -2.78346	 -0.000209963
27.68	 0.844241	 1.72675e-05	 -1.09355	 4.60313e-05	 -2.82927	 -0.000290795
27.7	 0.843876	 2.09792e-05	 -1.12251	 1.26966e-05	 -2.87541	 -0.000371225
27.72	 0.842926	 2.47896e-05	 -1.15191	 -2.04992e-05	 -2.92182	 -0.000451152
27.74	 0.841395	 2.87135e-05	 -1.18172	 -5.34047e-05	 -2.96841	 -0.000530477
27.76	 0.839284	 3.27658e-05	 -1.21193	 -8.58706e-05	 -3.01509	 -0.0006091
27.78	 0.836594	 3.69615e-05	 -1.2425	 -0.000117751	 -3.06179	 -0.000686925
27.8	 0.833329	 4.13348e-05	 -1.2734	 -0.000148906	 -3.10843	 -0.000763896
27.82	 0.829492	 4.60506e-05	 -1.30462	 -0.000179219	 -3.15493	 -0.000840225
27.84	 0.825087	 5.1151e-05	 -1.33613	 -0.000208586	 -3.20122	 -0.000915858
27.86	 0.82012	 5.66621e-05	 -1.36791	 -0.000236905	 -3.24724	 -0.000990713
27.88	 0.814594	 6.25805e-05	 -1.39994	 -0.000264064	 -3.29292	 -0.00106466
27.9	 0.808516	 6.88886e-05	 -1.43219	 -0.000289935	 -3.33819	 -0.00113754
27.92	 0.80189	 7.55679e-05	 -1.46465	 -0.000314377	 -3.38297	 -0.00120924
27.94	 0.79472	 8.26073e-05	 -1.49728	 -0.000337254	 -3.42721	 -0.00127964
27.96	 0.787012	 9.00047e-05	 -1.53007	 -0.000358429	 -3.47082	 -0.00134866
27.98	 0.77877	 9.77641e-05	 -1.56298	 -0.000377797	 -3.51373	 -0.00141622
28	 0.770001	 0.000105892	 -1.59599	 -0.000395256	 -3.55589	 -0.00148224
28.02	 0.760709	 0.00011439	 -1.62907	 -0.00041073	 -3.59722	 -0.00154663
28.04	 0.7509	 0.00012307	 -1.6622	 -0.000424119	 -3.63766	 -0.00160894
28.06	 0.740582	 0.000131896	 -1.69536	 -0.000435312	 -3.67716	 -0.00166901
28.08	 0.729759	 0.000140846	 -1.72854	 -0.000444207	 -3.71568	 -0.00172676
28.1	 0.718439	 0.000149933	 -1.76172	 -0.000450698	 -3.75318	 -0.00178217
28.12	 0.706626	 0.000159188	 -1.79488	 -0.000454741	 -3.78961	 -0.00183524
28.14	 0.694328	 0.000168641	 -1.828	 -0.000456307	 -3.82494	 -0.00188599
28.16	 0.681552	 0.000178314	 -1.86107	 -0.000455661	 -3.85912	 -0.00193447
28.18	 0.668304	 0.00018823	 -1.89408	 -0.000452343	 -3.89212	 -0.00198053
28.2	 0.654595	 0.000198357	 -1.92699	 -0.000444681	 -3.92389	 -0.00202341
28.22	 0.640429	 0.000208637	 -1.95981	 -0.00043516	 -3.9544	 -0.0020638
28.24	 0.625811	 0.000219151	 -1.99252	 -0.000422098	 -3.98366	 -0.0021013
28.26	 0.610741	 0.000229893	 -2.02512	 -0.000406907	 -4.01164	 -0.00213642
28.28	 0.595221	 0.000240926	 -2.0576	 -0.000388346	 -4.03835	 -0.00216887
28.3	 0.579251	 0.000252222	 -2.08997	 -0.000367329	 -4.06378	 -0.00219892
28.32	 0.562834	 0.000263798	 -2.12221	 -0.00034306	 -4.08792	 -0.00222631
28.34	 0.545974	 0.000275613	 -2.15432	 -0.000316133	 -4.11078	 -0.00225111
28.36	 0.528676	 0.000287666	 -2.1863	 -0.000286153	 -4.13234	 -0.00227319
28.38	 0.510946	 0.000299935	 -2.21812	 -0.000253403	 -4.1526	 -0.00229257
28.4	 0.492789	 0.000312418	 -2.2498	 -0.00021778	 -4.17154	 -0.00230925
28.42	 0.474212	 0.000325109	 -2.2813	 -0.000179355	 -4.18916	 -0.00232322
28.44	 0.455222	 0.000338002	 -2.31264	 -0.000138218	 -4.20545	 -0.00233454
28.46	 0.435823	 0.000351092	 -2.3438	 -9.43501e-05	 -4.22041	 -0.00234319
28.48	 0.416023	 0.000364365	 -2.37477	 -4.79439e-05	 -4.23405	 -0.00234922
28.5	 0.395829	 0.000377814	 -2.40554	 1.02989e-06	 -4.24636	 -0.00235262
28.52	 0.375246	 0.00039142	 -2.43612	 5.23509e-05	 -4.25736	 -0.00235344
28.54	 0.354283	 0.000405172	 -2.46649	 0.000106012	 -4.26703	 -0.00235169
28.56	 0.332947	 0.000419052	 -2.49664	 0.000161804	 -4.27539	 -0.00234742
28.58	 0.311246	 0.000433046	 -2.52658	 0.000219664	 -4.28244	 -0.00234065
28.6	 0.289188	 0.000447137	 -2.55628	 0.000279398	 -4.28818	 -0.00233144
28.62	 0.266782	 0.000461307	 -2.58575	 0.000340875	 -4.29263	 -0.00231984
28.64	 0.244035	 0.00047554	 -2.61497	 0.000403904	 -4.29579	 -0.0023059
28.66	 0.220957	 0.000489817	 -2.64394	 0.000468313	 -4.29767	 -0.00228969
28.68	 0.197556	 0.00050412	 -2.67265	 0.000533929	 -4.29827	 -0.00227126
28.7	 0.173841	 0.000518426	 -2.7011	 0.000600558	 -4.29762	 -0.00225067
28.72	 0.14982	 0.000532713	 -2.72927	 0.000668022	 -4.29572	 -0.00222799
28.74	 0.125502	 0.000546958	 -2.75716	 0.000736112	 -4.29258	 -0.00220328
28.76	 0.100897	 0.000561143	 -2.78477	 0.000804636	 -4.28822	 -0.00217661
28.78	 0.0760132	 0.000575238	 -2.81208	 0.000873374	 -4.28265	 -0.00214806
28.8	 0.050861	 0.00058917	 -2.83909	 0.000941761	 -4.27589	 -0.00211772
28.82	 0.0254496	 0.000602939	 -2.86579	 0.00100987	 -4.26794	 -0.00208562
28.84	 -0.00021164	 0.000616534	 -2.89218	 0.00107757	 -4.25882	 -0.00205184
28.86	 -0.0261129	 0.000629958	 -2.91826	 0.00114474	 -4.24853	 -0.00201647
28.88	 -0.0522444	 0.000643209	 -2.94402	 0.00121121	 -4.23709	 -0.00197958
28.9	 -0.0785958	 0.000656285	 -2.96945	 0.00127685	 -4.22452	 -0.00194124
28.92	 -0.105157	 0.00066917	 -2.99456	 0.00134151	 -4.21081	 -0.00190153
28.94	 -0.131918	 0.000681921	 -3.01935	 0.00140505	 -4.196	 -0.00186063
28.96	 -0.158867	 0.000694485	 -3.04379	 0.00146733	 -4.18009	 -0.00181854
28.98	 -0.185995	 0.000706856	 -3.0679	 0.00152824	 -4.16311	 -0.00177534
29	 -0.21329	 0.000719015	 -3.09166	 0.00158763	 -4.14507	 -0.00173111
29.02	 -0.240741	 0.000730949	 -3.11507	 0.00164541	 -4.12598	 -0.00168591
29.04	 -0.268338	 0.000742649	 -3.13813	 0.00170142	 -4.10587	 -0.00163985
29.06	 -0.29607	 0.00075411	 -3.16084	 0.00175556	 -4.08475	 -0.001593
29.08	 -0.323925	 0.000765332	 -3.18318	 0.00180767	 -4.06264	 -0.00154548
29.1	 -0.351892	 0.000776308	 -3.20516	 0.00185762	 -4.03956	 -0.00149737
29.12	 -0.37996	 0.000787034	 -3.22677	 0.00190527	 -4.01553	 -0.00144875
29.14	 -0.408116	 0.000797506	 -3.24801	 0.00195049	 -3.99057	 -0.00139973
29.16	 -0.436351	 0.000807716	 -3.26887	 0.00199315	 -3.96469	 -0.00135039
29.18	 -0.464651	 0.0008177	 -3.28936	 0.0020331	 -3.93792	 -0.0013009
29.2	 -0.493006	 0.000827413	 -3.30946	 0.00207023	 -3.91028	 -0.00125127
29.22	 -0.521403	 0.000836852	 -3.32918	 0.0021044	 -3.88179	 -0.00120161
29.24	 -0.549831	 0.00084599	 -3.34851	 0.0021355	 -3.85246	 -0.00115195
29.26	 -0.578279	 0.000854825	 -3.36744	 0.00216341	 -3.82233	 -0.00110239
29.28	 -0.606734	 0.000863349	 -3.38598	 0.00218801	 -3.7914	 -0.00105303
29.3	 -0.635184	 0.000871563	 -3.40413	 0.00220917	 -3.75971	 -0.00100397
29.32	 -0.663618	 0.000879458	 -3.42187	 0.00222674	 -3.72726	 -0.000955276
29.34	 -0.692023	 0.000887033	 -3.4392	 0.00224062	 -3.69408	 -0.000907043
29.36	 -0.720389	 0.000894267	 -3.45613	 0.00225059	 -3.6602	 -0.000859343
29.38	 -0.748703	 0.000901109	 -3.47265	 0.00225617	 -3.62562	 -0.000812242
29.4	 -0.776953	 0.000907507	 -3.48876	 0.00225699	 -3.59038	 -0.000765784
29.42	 -0.805127	 0.000913788	 -3.50445	 0.00225564	 -3.55448	 -0.000720034
29.44	 -0.833214	 0.00091945	 -3.51972	 0.00224773	 -3.51796	 -0.000675153
29.46	 -0.861202	 0.00092517	 -3.53457	 0.00223897	 -3.48082	 -0.000631073
29.48	 -0.889081	 0.000930381	 -3.549	 0.00222422	 -3.44307	 -0.000588007
29.5	 -0.916839	 0.000935465	 -3.56301	 0.00220828	 -3.40474	 -0.000544589
29.52	 -0.944467	 0.000940151	 -3.57658	 0.00218852	 -3.3658	 -0.000500764
29.54	 -0.971953	 0.000944518	 -3.58972	 0.00216558	 -3.32626	 -0.000456394
29.56	 -0.999289	 0.000948642	 -3.60243	 0.00213982	 -3.2861	 -0.000411595
29.58	 -1.02646	 0.000952512	 -3.6147	 0.00211093	 -3.24533	 -0.00036655
29.6	 -1.05346	 0.000956168	 -3.62652	 0.00207923	 -3.20393	 -0.000321394
29.62	 -1.08028	 0.000959551	 -3.63791	 0.00204437	 -3.16192	 -0.000276187
29.64	 -1.1069	 0.000962689	 -3.64885	 0.00200676	 -3.11929	 -0.000230914
29.66	 -1.13332	 0.000965554	 -3.65935	 0.00196627	 -3.07605	 -0.000185546
29.68	 -1.15952	 0.000968167	 -3.6694	 0.00192309	 -3.0322	 -0.00014005
29.7	 -1.1855	 0.000970515	 -3.679	 0.00187704	 -2.98775	 -9.44151e-05
29.72	 -1.21124	 0.000972604	 -3.68815	 0.0018281	 -2.94269	 -4.8639e-05
29.74	 -1.23673	 0.000974435	 -3.69685	 0.00177623	 -2.89704	 -2.73332e-06
29.76	 -1.26196	 0.000976019	 -3.70509	 0.00172147	 -2.8508	 4.32843e-05
29.78	 -1.28693	 0.000977365	 -3.71288	 0.00166389	 -2.80396	 8.93943e-05
29.8	 -1.31162	 0.000978473	 -3.72021	 0.00160352	 -2.75654	 0.000135583
29.82	 -1.33602	 0.000979344	 -3.72708	 0.0015404	 -2.70854	 0.000181841
29.84	 -1.36012	 0.000979976	 -3.7335	 0.00147453	 -2.65996	 0.000228165
29.86	 -1.38391	 0.000980369	 -3.73945	 0.00140594	 -2.61082	 0.000274551
29.88	 -1.40738	 0.000980527	 -3.74495	 0.00133465	 -2.56112	 0.000320994
29.9	 -1.43052	 0.000980455	 -3.74998	 0.00126073	 -2.51086	 0.000367483
29.92	 -1.45332	 0.000980159	 -3.75456	 0.00118419	 -2.46006	 0.000414011
29.94	 -1.47578	 0.000979643	 -3.75868	 0.00110508	 -2.40873	 0.000460564
29.96	 -1.49787	 0.00097891	 -3.76233	 0.00102343	 -2.35687	 0.000507134
29.98	 -1.51959	 0.000977965	 -3.76553	 0.000939273	 -2.30449	 0.000553711
30	 -1.54094	 0.00097681	 -3.76826	 0.000852652	 -2.25161	 0.000600283
30.02	 -1.56189	 0.000975443	 -3.77053	 0.00076354	 -2.19823	 0.000646827
30.04	 -1.58245	 0.00097387	 -3.77235	 0.000672021	 -2.14436	 0.000693333
30.06	 -1.6026	 0.000972218	 -3.7737	 0.000579623	 -2.09003	 0.000740061
30.08	 -1.62233	 0.000970291	 -3.7746	 0.000484028	 -2.03523	 0.000786679
30.1	 -1.64164	 0.000968322	 -3.77504	 0.000387953	 -1.97998	 0.000833554
30.12	 -1.66052	 0.000966091	 -3.77502	 0.000288782	 -1.9243	 0.000880299
30.14	 -1.67895	 0.000963728	 -3.77455	 0.00018801	 -1.8682	 0.000927038
30.16	 -1.69693	 0.000961154	 -3.77362	 8.47046e-05	 -1.81169	 0.000973594
30.18	 -1.71445	 0.000958431	 -3.77224	 -2.03589e-05	 -1.75478	 0.00102004
30.2	 -1.7315	 0.000955551	 -3.77041	 -0.000127213	 -1.69749	 0.00106637
30.22	 -1.74808	 0.000952513	 -3.76812	 -0.000235825	 -1.63984	 0.00111261
30.24	 -1.76417	 0.000949324	 -3.76538	 -0.000346152	 -1.58184	 0.00115878
30.26	 -1.77977	 0.000945974	 -3.7622	 -0.000458308	 -1.5235	 0.00120482
30.28	 -1.79487	 0.000942487	 -3.75857	 -0.000572067	 -1.46485	 0.00125075
30.3	 -1.80947	 0.000938866	 -3.7545	 -0.000687395	 -1.40589	 0.00129655
30.32	 -1.82355	 0.000935124	 -3.74998	 -0.000804113	 -1.34665	 0.0013422
30.34	 -1.83711	 0.00093126	 -3.74502	 -0.000922213	 -1.28714	 0.00138772
30.36	 -1.85015	 0.000927279	 -3.73962	 -0.00104161	 -1.22737	 0.00143308
30.38	 -1.86265	 0.000923184	 -3.73378	 -0.00116226	 -1.16737	 0.00147828
30.4	 -1.87461	 0.000918983	 -3.72751	 -0.00128404	 -1.10715	 0.0015233
30.42	 -1.88603	 0.000914682	 -3.72081	 -0.00140688	 -1.04673	 0.00156816
30.44	 -1.8969	 0.000910289	 -3.71367	 -0.00153068	 -0.986133	 0.00161284
30.46	 -1.9072	 0.000905808	 -3.7061	 -0.00165537	 -0.925365	 0.00165733
30.48	 -1.91695	 0.000901246	 -3.69811	 -0.00178087	 -0.864451	 0.00170163
30.5	 -1.92613	 0.000896607	 -3.68969	 -0.00190709	 -0.803407	 0.00174574
30.52	 -1.93474	 0.000891899	 -3.68085	 -0.00203395	 -0.742252	 0.00178963
30.54	 -1.94277	 0.000887128	 -3.67159	 -0.00216135	 -0.681004	 0.00183332
30.56	 -1.95022	 0.000882298	 -3.66192	 -0.0022892	 -0.619682	 0.00187679
30.58	 -1.95708	 0.000877416	 -3.65182	 -0.00241743	 -0.558303	 0.00192005
30.6	 -1.96336	 0.000872487	 -3.64132	 -0.00254593	 -0.496886	 0.00196308
30.62	 -1.96904	 0.000867517	 -3.6304	 -0.00267462	 -0.43545	 0.00200588
30.64	 -1.97413	 0.000862511	 -3.61908	 -0.00280342	 -0.374012	 0.00204845
30.66	 -1.97861	 0.000857475	 -3.60735	 -0.00293222	 -0.312592	 0.00209078
30.68	 -1.9825	 0.000852415	 -3.59522	 -0.00306095	 -0.251206	 0.00213287
30.7	 -1.98578	 0.000847336	 -3.58269	 -0.0031895	 -0.189873	 0.00217472
30.72	 -1.98846	 0.000842244	 -3.56976	 -0.00331779	 -0.128611	 0.00221632
30.74	 -1.99052	 0.000837142	 -3.55643	 -0.00344574	 -0.0674381	 0.00225768
30.76	 -1.99198	 0.000832036	 -3.54271	 -0.00357325	 -0.00637194	 0.00229878
30.78	 -1.99282	 0.00082693	 -3.52861	 -0.00370022	 0.05457	 0.00233963
30.8	 -1.99306	 0.000821828	 -3.51411	 -0.00382659	 0.11537	 0.00238023
30.82	 -1.99267	 0.000816735	 -3.49923	 -0.00395224	 0.176012	 0.00242057
30.84	 -1.99168	 0.000811654	 -3.48397	 -0.0040771	 0.236477	 0.00246067
30.86	 -1.99007	 0.000806591	 -3.46832	 -0.00420108	 0.29675	 0.0025005
30.88	 -1.98784	 0.000801548	 -3.4523	 -0.00432409	 0.356813	 0.00254008
30.9	 -1.985	 0.000796529	 -3.4359	 -0.00444605	 0.416651	 0.00257941
30.92	 -1.98154	 0.000791538	 -3.41913	 -0.00456687	 0.476247	 0.00261848
30.94	 -1.97747	 0.000786576	 -3.40199	 -0.00468646	 0.535585	 0.00265731
30.96	 -1.97279	 0.000781645	 -3.38449	 -0.00480474	 0.59465	 0.00269589
30.98	 -1.96749	 0.000776746	 -3.36661	 -0.00492163	 0.653426	 0.00273423
31	 -1.96159	 0.000771881	 -3.34838	 -0.00503704	 0.711899	 0.00277233
31.02	 -1.95508	 0.00076705	 -3.32978	 -0.0051509	 0.770053	 0.00281021
31.04	 -1.94796	 0.000762254	 -3.31082	 -0.00526312	 0.827875	 0.00284786
31.06	 -1.94023	 0.000757493	 -3.29151	 -0.00537361	 0.88535	 0.00288529
31.08	 -1.9319	 0.000752766	 -3.27185	 -0.00548231	 0.942464	 0.00292252
31.1	 -1.92298	 0.00074807	 -3.25183	 -0.00558913	 0.999204	 0.00295955
31.12	 -1.91346	 0.000743402	 -3.23147	 -0.00569399	 1.05556	 0.00299639
31.14	 -1.90334	 0.000738759	 -3.21076	 -0.00579682	 1.11151	 0.00303307
31.16	 -1.89264	 0.000734136	 -3.1897	 -0.00589754	 1.16705	 0.00306959
31.18	 -1.88135	 0.000729527	 -3.16831	 -0.00599607	 1.22216	 0.00310598
31.2	 -1.86948	 0.000724926	 -3.14657	 -0.00609234	 1.27684	 0.00314225
31.22	 -1.85703	 0.000720326	 -3.1245	 -0.00618628	 1.33107	 0.00317842
31.24	 -1.84401	 0.000715718	 -3.1021	 -0.00627781	 1.38483	 0.00321451
31.26	 -1.83042	 0.000711093	 -3.07937	 -0.00636686	 1.43813	 0.00325056
31.28	 -1.81626	 0.000706441	 -3.05631	 -0.00645337	 1.49094	 0.00328657
31.3	 -1.80155	 0.000701755	 -3.03292	 -0.00653726	 1.54325	 0.00332258
31.32	 -1.78629	 0.000697025	 -3.00922	 -0.00661847	 1.59506	 0.0033586
31.34	 -1.77047	 0.000692248	 -2.98519	 -0.00669694	 1.64636	 0.00339465
31.36	 -1.75412	 0.000687416	 -2.96085	 -0.0067726	 1.69712	 0.00343075
31.38	 -1.73723	 0.000682523	 -2.9362	 -0.00684541	 1.74735	 0.00346691
31.4	 -1.71981	 0.000677558	 -2.91124	 -0.0069153	 1.79703	 0.00350316
31.42	 -1.70187	 0.000672506	 -2.88598	 -0.00698221	 1.84615	 0.00353954
31.44	 -1.68341	 0.000667352	 -2.86042	 -0.00704609	 1.89471	 0.00357608
31.46	 -1.66445	 0.00066208	 -2.83456	 -0.00710689	 1.94269	 0.0036128
31.48	 -1.64498	 0.000656673	 -2.80841	 -0.00716454	 1.99007	 0.00364976
31.5	 -1.62501	 0.000651115	 -2.78198	 -0.007219	 2.03687	 0.00368697
31.52	 -1.60456	 0.000645392	 -2.75526	 -0.00727021	 2.08305	 0.00372447
31.54	 -1.58363	 0.000639487	 -2.72826	 -0.00731812	 2.12861	 0.0037623
31.56	 -1.56223	 0.000633384	 -2.701	 -0.0073627	 2.17355	 0.00380048
31.58	 -1.54037	 0.000627067	 -2.67346	 -0.00740391	 2.21784	 0.00383905
31.6	 -1.51805	 0.000620519	 -2.64567	 -0.00744169	 2.26149	 0.00387804
31.62	 -1.49528	 0.000613724	 -2.61763	 -0.00747603	 2.30448	 0.00391749
31.64	 -1.47208	 0.000606663	 -2.58933	 -0.00750687	 2.3468	 0.00395744
31.66	 -1.44844	 0.000599319	 -2.5608	 -0.00753419	 2.38844	 0.00399791
31.68	 -1.42439	 0.000591676	 -2.53203	 -0.00755796	 2.42939	 0.00403894
31.7	 -1.39992	 0.000583716	 -2.50303	 -0.00757816	 2.46964	 0.00408056
31.72	 -1.37506	 0.000575423	 -2.47382	 -0.00759474	 2.50917	 0.0041228
31.74	 -1.3498	 0.000566782	 -2.44439	 -0.00760771	 2.54799	 0.00416569
31.76	 -1.32416	 0.000557777	 -2.41477	 -0.00761702	 2.58607	 0.00420926
31.78	 -1.29815	 0.000548394	 -2.38494	 -0.00762267	 2.62341	 0.00425354
31.8	 -1.27178	 0.000538621	 -2.35494	 -0.00762465	 2.65999	 0.00429855
31.82	 -1.24505	 0.000528445	 -2.32475	 -0.00762294	 2.69581	 0.00434431
31.84	 -1.21799	 0.000517855	 -2.2944	 -0.00761755	 2.73085	 0.00439085
31.86	 -1.19059	 0.000506842	 -2.26389	 -0.00760845	 2.76509	 0.00443817
31.88	 -1.16287	 0.000495396	 -2.23323	 -0.00759567	 2.79854	 0.0044863
31.9	 -1.13484	 0.000483511	 -2.20243	 -0.0075792	 2.83118	 0.00453524
31.92	 -1.10652	 0.00047118	 -2.1715	 -0.00755906	 2.86299	 0.004585
31.94	 -1.0779	 0.000458398	 -2.14046	 -0.00753527	 2.89396	 0.0046356
31.96	 -1.04901	 0.00044516	 -2.1093	 -0.00750784	 2.92409	 0.00468702
31.98	 -1.01985	 0.000431466	 -2.07805	 -0.00747681	 2.95336	 0.00473928
32	 -0.990437	 0.000417313	 -2.04672	 -0.0074422	 2.98176	 0.00479236
32.02	 -0.96078	 0.000402703	 -2.0153	 -0.00740406	 3.00928	 0.00484626
32.04	 -0.93089	 0.000387638	 -1.98383	 -0.00736243	 3.0359	 0.00490096
32.06	 -0.900779	 0.000372122	 -1.95229	 -0.00731733	 3.06163	 0.00495645
32.08	 -0.870457	 0.000356163	 -1.92071	 -0.00726884	 3.08645	 0.00501271
32.1	 -0.839937	 0.000339769	 -1.8891	 -0.00721698	 3.11035	 0.00506971
32.12	 -0.809229	 0.000322951	 -1.85746	 -0.00716183	 3.13332	 0.00512743
32.14	 -0.778345	 0.000305721	 -1.8258	 -0.00710344	 3.15535	 0.00518582
32.16	 -0.747296	 0.000288093	 -1.79414	 -0.00704188	 3.17645	 0.00524486
32.18	 -0.716093	 0.000270083	 -1.76249	 -0.00697723	 3.19659	 0.00530451
32.2	 -0.684747	 0.000251711	 -1.73084	 -0.00690954	 3.21578	 0.00536472
32.22	 -0.653269	 0.000232995	 -1.69922	 -0.00683891	 3.23402	 0.00542544
32.24	 -0.62167	 0.000213958	 -1.66762	 -0.0067654	 3.25129	 0.00548662
32.26	 -0.58996	 0.00019462	 -1.63606	 -0.00668912	 3.2676	 0.00554821
32.28	 -0.558151	 0.000175006	 -1.60455	 -0.00661016	 3.28296	 0.00561015
32.3	 -0.526253	 0.000155136	 -1.57308	 -0.00652863	 3.29734	 0.0056724
32.32	 -0.494275	 0.000135031	 -1.54166	 -0.00644464	 3.31077	 0.00573489
32.34	 -0.462223	 0.000114705	 -1.51031	 -0.00635721	 3.32323	 0.00579789
32.36	 -0.430097	 9.4118e-05	 -1.47904	 -0.00626685	 3.33473	 0.00586145
32.38	 -0.397893	 7.32772e-05	 -1.44784	 -0.00617369	 3.34526	 0.00592553
32.4	 -0.365608	 5.22074e-05	 -1.41675	 -0.00607783	 3.35482	 0.00599004
32.42	 -0.333239	 3.09417e-05	 -1.38577	 -0.00597941	 3.36342	 0.00605488
32.44	 -0.300784	 9.51074e-06	 -1.3549	 -0.00587854	 3.37106	 0.00611995
32.46	 -0.268243	 -1.20623e-05	 -1.32416	 -0.00577538	 3.37775	 0.00618518
32.48	 -0.235616	 -3.37618e-05	 -1.29356	 -0.00567009	 3.3835	 0.00625051
32.5	 -0.202902	 -5.55775e-05	 -1.2631	 -0.00556284	 3.38832	 0.00631591
32.52	 -0.170103	 -7.75015e-05	 -1.23279	 -0.00545381	 3.3922	 0.00638132
32.54	 -0.137217	 -9.95249e-05	 -1.20263	 -0.00534316	 3.39517	 0.0064467
32.56	 -0.104243	 -0.000121638	 -1.17264	 -0.00523108	 3.39724	 0.00651198
32.58	 -0.0711803	 -0.000143831	 -1.14281	 -0.00511774	 3.3984	 0.0065771
32.6	 -0.0380268	 -0.000166091	 -1.11315	 -0.00500332	 3.39868	 0.00664198
32.62	 -0.00478108	 -0.000188406	 -1.08368	 -0.00488801	 3.39808	 0.00670657
32.64	 0.0285582	 -0.000210762	 -1.05438	 -0.004772	 3.39663	 0.00677078
32.66	 0.0619923	 -0.000233168	 -1.02528	 -0.00465544	 3.39434	 0.00683461
32.68	 0.0955224	 -0.00025559	 -0.996361	 -0.00453851	 3.39123	 0.00689793
32.7	 0.129149	 -0.000278011	 -0.967642	 -0.00442138	 3.3873	 0.00696068
32.72	 0.162873	 -0.000300411	 -0.939122	 -0.00430421	 3.38259	 0.00702278
32.74	 0.196695	 -0.000322774	 -0.910806	 -0.00418717	 3.37709	 0.00708414
32.76	 0.230616	 -0.000345085	 -0.882698	 -0.00407045	 3.37083	 0.0071447
32.78	 0.264632	 -0.000367342	 -0.854812	 -0.00395421	 3.3638	 0.0072044
32.8	 0.298735	 -0.000389551	 -0.827162	 -0.00383864	 3.35599	 0.00726318
32.82	 0.332914	 -0.000411703	 -0.799778	 -0.0037239	 3.34736	 0.00732095
32.84	 0.367158	 -0.000433787	 -0.772685	 -0.0036102	 3.33789	 0.00737762
32.86	 0.401454	 -0.000455781	 -0.745915	 -0.0034977	 3.32752	 0.00743307
32.88	 0.435789	 -0.000477661	 -0.719494	 -0.00338662	 3.31622	 0.00748716
32.9	 0.470151	 -0.000499405	 -0.693443	 -0.00327717	 3.30398	 0.00753978
32.92	 0.504529	 -0.000521003	 -0.667782	 -0.00316955	 3.29077	 0.00759082
32.94	 0.538913	 -0.000542443	 -0.642529	 -0.003064	 3.27657	 0.00764016
32.96	 0.573291	 -0.000563719	 -0.617703	 -0.00296074	 3.26137	 0.0076877
32.98	 0.607651	 -0.000584827	 -0.593323	 -0.00285998	 3.24515	 0.00773332
33	 0.64198	 -0.00060576	 -0.569411	 -0.00276196	 3.22788	 0.00777689
33.02	 0.676265	 -0.000626514	 -0.54599	 -0.00266689	 3.20953	 0.00781827
33.04	 0.710492	 -0.000647082	 -0.523086	 -0.00257502	 3.19007	 0.00785733
33.06	 0.744646	 -0.000667458	 -0.500722	 -0.00248657	 3.16947	 0.00789392
33.08	 0.778715	 -0.00068764	 -0.478924	 -0.00240179	 3.1477	 0.00792792
33.1	 0.812685	 -0.000707624	 -0.457717	 -0.0023209	 3.12473	 0.00795917
33.12	 0.846542	 -0.000727405	 -0.437125	 -0.00224413	 3.10053	 0.00798754
33.14	 0.880276	 -0.00074698	 -0.417172	 -0.00217167	 3.07507	 0.00801291
33.16	 0.913872	 -0.000766341	 -0.39788	 -0.00210368	 3.04834	 0.00803516
33.18	 0.947319	 -0.000785484	 -0.37927	 -0.00204029	 3.02029	 0.0080542
33.2	 0.980604	 -0.000804403	 -0.361365	 -0.00198163	 2.99092	 0.00806995
33.22	 1.01372	 -0.000823095	 -0.344184	 -0.0019278	 2.9602	 0.00808233
33.24	 1.04664	 -0.000841555	 -0.32775	 -0.00187895	 2.92811	 0.00809127
33.26	 1.07937	 -0.00085978	 -0.312083	 -0.0018352	 2.89462	 0.00809665
33.28	 1.11189	 -0.000877764	 -0.297202	 -0.0017967	 2.85972	 0.00809836
33.3	 1.14419	 -0.000895501	 -0.283126	 -0.00176353	 2.82338	 0.00809629
33.32	 1.17626	 -0.000912985	 -0.269874	 -0.00173578	 2.7856	 0.00809031
33.34	 1.20809	 -0.000930213	 -0.257463	 -0.00171354	 2.74636	 0.00808033
33.36	 1.23966	 -0.000947177	 -0.24591	 -0.00169686	 2.70565	 0.00806626
33.38	 1.27097	 -0.000963874	 -0.235227	 -0.0016858	 2.66346	 0.008048
33.4	 1.30201	 -0.000980296	 -0.22543	 -0.00168041	 2.61978	 0.00802549
33.42	 1.33276	 -0.000996435	 -0.216529	 -0.00168071	 2.57461	 0.00799862
33.44	 1.36322	 -0.00101228	 -0.208536	 -0.00168671	 2.52795	 0.00796733
33.46	 1.39337	 -0.00102783	 -0.201458	 -0.00169843	 2.4798	 0.00793154
33.48	 1.42322	 -0.00104307	 -0.195303	 -0.00171583	 2.43018	 0.00789118
33.5	 1.45274	 -0.00105798	 -0.190076	 -0.00173889	 2.37908	 0.00784617
33.52	 1.48193	 -0.00107257	 -0.18578	 -0.00176757	 2.32653	 0.00779646
33.54	 1.51078	 -0.00108681	 -0.182418	 -0.0018018	 2.27254	 0.00774198
33.56	 1.53928	 -0.00110071	 -0.179987	 -0.0018415	 2.21714	 0.00768269
33.58	 1.56742	 -0.00111423	 -0.178486	 -0.00188658	 2.16034	 0.00761852
33.6	 1.5952	 -0.00112738	 -0.17791	 -0.00193692	 2.10218	 0.00754946
33.62	 1.62261	 -0.00114013	 -0.178252	 -0.00199241	 2.04269	 0.00747545
33.64	 1.64963	 -0.00115248	 -0.179504	 -0.00205288	 1.98191	 0.00739648
33.66	 1.67626	 -0.00116441	 -0.181654	 -0.00211819	 1.91987	 0.00731254
33.68	 1.7025	 -0.00117589	 -0.18469	 -0.00218813	 1.85663	 0.00722361
33.7	 1.72833	 -0.00118693	 -0.188595	 -0.00226255	 1.79224	 0.00712969
33.72	 1.75375	 -0.00119749	 -0.193354	 -0.00234115	 1.72674	 0.0070308
33.74	 1.77875	 -0.00120756	 -0.198947	 -0.00242373	 1.66019	 0.00692697
33.76	 1.80332	 -0.00121712	 -0.205352	 -0.00251002	 1.59266	 0.00681821
33.78	 1.82745	 -0.00122615	 -0.212547	 -0.00259978	 1.5242	 0.00670457
33.8	 1.85114	 -0.00123463	 -0.220507	 -0.00269269	 1.45488	 0.00658611
33.82	 1.87438	 -0.00124255	 -0.229204	 -0.00278848	 1.38478	 0.00646289
33.84	 1.89716	 -0.00124989	 -0.238611	 -0.00288684	 1.31396	 0.00633498
33.86	 1.91948	 -0.00125661	 -0.248696	 -0.00298743	 1.24251	 0.00620247
33.88	 1.94133	 -0.00126272	 -0.259428	 -0.00309	 1.17049	 0.00606544
33.9	 1.96269	 -0.00126816	 -0.270773	 -0.00319392	 1.098	 0.00592399
33.92	 1.98357	 -0.00127293	 -0.282695	 -0.00329915	 1.02512	 0.00577823
33.94	 2.00395	 -0.00127703	 -0.295159	 -0.00340526	 0.951934	 0.0056283
33.96	 2.02383	 -0.00128042	 -0.308125	 -0.00351194	 0.878528	 0.00547432
33.98	 2.04321	 -0.00128308	 -0.321554	 -0.00361881	 0.804995	 0.00531643
34	 2.06206	 -0.00128501	 -0.335406	 -0.0037255	 0.731427	 0.00515479
34.02	 2.0804	 -0.00128617	 -0.349637	 -0.00383168	 0.657919	 0.00498954
34.04	 2.0982	 -0.00128655	 -0.364206	 -0.00393692	 0.584566	 0.00482085
34.06	 2.11547	 -0.00128612	 -0.379068	 -0.00404087	 0.511464	 0.00464889
34.08	 2.13219	 -0.00128488	 -0.394178	 -0.00414314	 0.43871	 0.00447384
34.1	 2.14836	 -0.0012828	 -0.409489	 -0.00424337	 0.366404	 0.00429589
34.12	 2.16397	 -0.00127986	 -0.424955	 -0.00434114	 0.294645	 0.00411524
34.14	 2.17901	 -0.00127604	 -0.440528	 -0.00443611	 0.223531	 0.00393208
34.16	 2.19348	 -0.00127134	 -0.45616	 -0.00452787	 0.153163	 0.00374662
34.18	 2.20736	 -0.00126572	 -0.471803	 -0.00461607	 0.08364	 0.00355908
34.2	 2.22066	 -0.00125918	 -0.487408	 -0.00470031	 0.0150605	 0.00336967
34.22	 2.23336	 -0.00125169	 -0.502925	 -0.00478023	 -0.0524776	 0.00317861
34.24	 2.24546	 -0.00124324	 -0.518306	 -0.00485546	 -0.118878	 0.00298613
34.26	 2.25696	 -0.00123381	 -0.533502	 -0.00492564	 -0.184044	 0.00279246
34.28	 2.26783	 -0.00122339	 -0.548465	 -0.00499041	 -0.247884	 0.00259783
34.3	 2.27808	 -0.00121196	 -0.563146	 -0.00504941	 -0.310305	 0.00240246
34.32	 2.28771	 -0.00119951	 -0.577498	 -0.00510231	 -0.371217	 0.0022066
34.34	 2.29669	 -0.00118601	 -0.591474	 -0.00514877	 -0.430532	 0.00201047
34.36	 2.30504	 -0.00117146	 -0.605025	 -0.00518844	 -0.488165	 0.00181431
34.38	 2.31274	 -0.00115584	 -0.618108	 -0.00522101	 -0.544034	 0.00161835
34.4	 2.31978	 -0.00113913	 -0.630675	 -0.00524615	 -0.598057	 0.00142281
34.42	 2.32617	 -0.00112133	 -0.642684	 -0.00526356	 -0.650159	 0.00122794
34.44	 2.33188	 -0.00110242	 -0.654091	 -0.00527294	 -0.700264	 0.00103394
34.46	 2.33693	 -0.00108238	 -0.664853	 -0.00527402	 -0.748304	 0.000841051
34.48	 2.3413	 -0.00106121	 -0.67493	 -0.00526658	 -0.794213	 0.000649489
34.5	 2.34499	 -0.0010389	 -0.684283	 -0.00525025	 -0.837928	 0.000459468
34.52	 2.34799	 -0.00101542	 -0.692872	 -0.00522478	 -0.879392	 0.000271195
34.54	 2.3503	 -0.000990778	 -0.700661	 -0.00518994	 -0.918549	 8.48754e-05
34.56	 2.35191	 -0.000964955	 -0.707616	 -0.00514546	 -0.955349	 -9.92904e-05
34.58	 2.35283	 -0.000937943	 -0.713702	 -0.00509113	 -0.989746	 -0.000281108
34.6	 2.35303	 -0.000909734	 -0.718888	 -0.00502673	 -1.0217	 -0.000460389
34.62	 2.35253	 -0.000880317	 -0.723145	 -0.00495205	 -1.05117	 -0.000636952
34.64	 2.35132	 -0.000849682	 -0.726445	 -0.00486693	 -1.07812	 -0.000810628
34.66	 2.34939	 -0.00081782	 -0.728762	 -0.0047712	 -1.10253	 -0.000981258
34.68	 2.34674	 -0.000784609	 -0.730075	 -0.00466474	 -1.12439	 -0.00114891
34.7	 2.34338	 -0.000750034	 -0.730367	 -0.00454746	 -1.14367	 -0.00131345
34.72	 2.33929	 -0.000714094	 -0.729623	 -0.00441927	 -1.16039	 -0.00147471
34.74	 2.33448	 -0.000676809	 -0.727829	 -0.00428011	 -1.17453	 -0.00163251
34.76	 2.32894	 -0.000638215	 -0.724972	 -0.00412993	 -1.18609	 -0.00178665
34.78	 2.32268	 -0.00059835	 -0.72104	 -0.00396869	 -1.19509	 -0.00193695
34.8	 2.3157	 -0.000557247	 -0.716023	 -0.00379639	 -1.20152	 -0.00208326
34.82	 2.30798	 -0.000514935	 -0.709911	 -0.00361303	 -1.2054	 -0.00222546
34.84	 2.29953	 -0.000471442	 -0.702696	 -0.00341869	 -1.20674	 -0.00236341
34.86	 2.29036	 -0.000426794	 -0.694372	 -0.00321345	 -1.20556	 -0.00249703
34.88	 2.28045	 -0.000381017	 -0.684934	 -0.00299747	 -1.20188	 -0.00262619
34.9	 2.26982	 -0.000334129	 -0.674383	 -0.00277089	 -1.19572	 -0.00275085
34.92	 2.25845	 -0.000286114	 -0.662719	 -0.00253393	 -1.18713	 -0.00287102
34.94	 2.24636	 -0.000237082	 -0.649944	 -0.0022868	 -1.17614	 -0.00298645
34.96	 2.23354	 -0.00018708	 -0.636063	 -0.00202974	 -1.16279	 -0.00309709
34.98	 2.21999	 -0.000136199	 -0.62108	 -0.00176297	 -1.14712	 -0.00320278
35	 2.20571	 -8.44851e-05	 -0.604999	 -0.00148678	 -1.12917	 -0.00330349
35.02	 2.1907	 -3.20001e-05	 -0.58783	 -0.00120147	 -1.10898	 -0.00339915
35.04	 2.17497	 2.12108e-05	 -0.56958	 -0.000907354	 -1.08662	 -0.00348977
35.06	 2.15851	 7.50943e-05	 -0.550261	 -0.000604807	 -1.06213	 -0.0035753
35.08	 2.14134	 0.000129593	 -0.529886	 -0.000294213	 -1.03558	 -0.00365573
35.1	 2.12343	 0.000184644	 -0.508469	 2.40153e-05	 -1.00702	 -0.00373104
35.12	 2.10481	 0.000240177	 -0.486028	 0.000349453	 -0.976523	 -0.0038012
35.14	 2.08547	 0.000296121	 -0.462578	 0.000681655	 -0.944156	 -0.00386622
35.16	 2.06542	 0.000352399	 -0.438142	 0.00102016	 -0.909988	 -0.00392608
35.18	 2.04465	 0.000408937	 -0.412738	 0.00136449	 -0.874092	 -0.0039808
35.2	 2.02317	 0.000465654	 -0.386389	 0.00171413	 -0.836544	 -0.00403039
35.22	 2.00099	 0.000522474	 -0.359119	 0.00206856	 -0.797421	 -0.0040749
35.24	 1.97809	 0.000579315	 -0.330953	 0.00242722	 -0.756802	 -0.00411434
35.26	 1.9545	 0.000636096	 -0.301917	 0.00278956	 -0.714769	 -0.00414876
35.28	 1.93021	 0.000692734	 -0.27204	 0.00315496	 -0.671406	 -0.00417822
35.3	 1.90521	 0.000749143	 -0.241349	 0.00352284	 -0.626799	 -0.00420276
35.32	 1.87953	 0.000805238	 -0.209877	 0.00389256	 -0.581034	 -0.00422245
35.34	 1.85316	 0.000860932	 -0.177654	 0.00426349	 -0.534201	 -0.00423736
35.36	 1.8261	 0.000916137	 -0.144714	 0.00463499	 -0.486389	 -0.00424758
35.38	 1.79836	 0.000970763	 -0.11109	 0.00500639	 -0.437689	 -0.00425317
35.4	 1.76995	 0.00102478	 -0.0768191	 0.00537781	 -0.388191	 -0.00425425
35.42	 1.74086	 0.00107803	 -0.0419364	 0.00574757	 -0.33799	 -0.00425091
35.44	 1.7111	 0.00113041	 -0.00647971	 0.00611507	 -0.287179	 -0.00424324
35.46	 1.68068	 0.00118186	 0.0295126	 0.00647966	 -0.235851	 -0.00423135
35.48	 1.6496	 0.0012323	 0.0660011	 0.00684089	 -0.184103	 -0.00421535
35.5	 1.61787	 0.00128161	 0.102945	 0.00719755	 -0.132029	 -0.00419536
35.52	 1.58549	 0.00132974	 0.140305	 0.0075494	 -0.0797258	 -0.0041715
35.54	 1.55247	 0.00137658	 0.178036	 0.00789548	 -0.0272866	 -0.00414391
35.56	 1.51881	 0.00142207	 0.216097	 0.00823532	 0.0251934	 -0.00411273
35.58	 1.48452	 0.00146611	 0.254444	 0.00856802	 0.07762	 -0.00407807
35.6	 1.44961	 0.00150862	 0.293033	 0.00889293	 0.1299	 -0.0040401
35.62	 1.41409	 0.00154951	 0.331818	 0.00920928	 0.18194	 -0.00399895
35.64	 1.37795	 0.00158872	 0.370753	 0.00951639	 0.233649	 -0.00395476
35.66	 1.34122	 0.00162616	 0.409791	 0.00981352	 0.284938	 -0.0039077
35.68	 1.3039	 0.00166176	 0.448886	 0.0101	 0.335717	 -0.00385791
35.7	 1.26599	 0.00169545	 0.48799	 0.0103751	 0.385899	 -0.00380555
35.72	 1.22751	 0.00172716	 0.527053	 0.0106381	 0.435399	 -0.00375079
35.74	 1.18848	 0.00175682	 0.566027	 0.0108884	 0.484132	 -0.00369379
35.76	 1.1489	 0.00178438	 0.604861	 0.0111253	 0.532016	 -0.00363471
35.78	 1.10878	 0.00180977	 0.643505	 0.0113481	 0.578969	 -0.00357371
35.8	 1.06815	 0.00183293	 0.681908	 0.0115561	 0.624913	 -0.00351097
35.82	 1.02702	 0.00185381	 0.720018	 0.0117489	 0.669768	 -0.00344664
35.84	 0.985403	 0.00187237	 0.757782	 0.0119258	 0.713459	 -0.00338088
35.86	 0.943324	 0.00188856	 0.795148	 0.0120861	 0.755909	 -0.00331387
35.88	 0.900803	 0.00190233	 0.832062	 0.0122295	 0.797044	 -0.00324577
35.9	 0.857863	 0.00191365	 0.86847	 0.0123552	 0.836789	 -0.00317674
35.92	 0.814528	 0.00192248	 0.904318	 0.0124629	 0.875071	 -0.00310695
35.94	 0.770824	 0.00192881	 0.939551	 0.0125521	 0.911817	 -0.00303656
35.96	 0.72678	 0.00193259	 0.974114	 0.0126223	 0.946957	 -0.00296572
35.98	 0.682424	 0.00193382	 1.00795	 0.0126731	 0.98042	 -0.00289459
36	 0.637789	 0.00193247	 1.04101	 0.0127041	 1.01214	 -0.00282332
36.02	 0.592907	 0.00192854	 1.07324	 0.0127151	 1.04205	 -0.00275205
36.04	 0.547812	 0.00192202	 1.10459	 0.0127056	 1.07009	 -0.00268092
36.06	 0.50254	 0.0019129	 1.13499	 0.0126756	 1.09619	 -0.00261005
36.08	 0.457126	 0.0019012	 1.1644	 0.0126247	 1.1203	 -0.00253956
36.1	 0.411608	 0.0018869	 1.19278	 0.012553	 1.14236	 -0.00246954
36.12	 0.366023	 0.00187002	 1.22006	 0.0124601	 1.16232	 -0.0024001
36.14	 0.320407	 0.00185058	 1.24621	 0.0123462	 1.18013	 -0.00233131
36.16	 0.274797	 0.00182859	 1.27118	 0.0122113	 1.19574	 -0.00226324
36.18	 0.229229	 0.00180407	 1.29492	 0.0120553	 1.20913	 -0.00219594
36.2	 0.183738	 0.00177704	 1.3174	 0.0118784	 1.22026	 -0.00212948
36.22	 0.138362	 0.00174756	 1.33857	 0.0116807	 1.22909	 -0.00206392
36.24	 0.0931344	 0.00171564	 1.3584	 0.0114624	 1.23562	 -0.00199929
36.26	 0.0480914	 0.00168135	 1.37685	 0.0112239	 1.23982	 -0.00193565
36.28	 0.00326852	 0.00164473	 1.39389	 0.0109654	 1.24167	 -0.00187303
36.3	 -0.0412986	 0.00160583	 1.40949	 0.0106873	 1.24116	 -0.00181144
36.32	 -0.0855744	 0.00156471	 1.42362	 0.01039	 1.23828	 -0.0017509
36.34	 -0.129524	 0.00152143	 1.43625	 0.0100739	 1.23302	 -0.00169141
36.36	 -0.173112	 0.00147605	 1.44736	 0.00973951	 1.22538	 -0.00163293
36.38	 -0.216306	 0.00142862	 1.45692	 0.00938726	 1.21536	 -0.00157544
36.4	 -0.259072	 0.00137922	 1.46492	 0.00901769	 1.20297	 -0.00151891
36.42	 -0.301379	 0.00132793	 1.47134	 0.00863139	 1.18823	 -0.00146329
36.44	 -0.343195	 0.00127481	 1.47616	 0.00822903	 1.17116	 -0.00140855
36.46	 -0.384491	 0.00121995	 1.47938	 0.00781124	 1.15178	 -0.00135465
36.48	 -0.425235	 0.00116344	 1.48099	 0.00737876	 1.13014	 -0.00130152
36.5	 -0.4654	 0.00110535	 1.48097	 0.00693233	 1.10628	 -0.00124911
36.52	 -0.504956	 0.00104577	 1.47934	 0.00647272	 1.08022	 -0.00119733
36.54	 -0.543875	 0.000984795	 1.47608	 0.00600072	 1.05201	 -0.00114612
36.56	 -0.582128	 0.000922515	 1.47119	 0.00551714	 1.02169	 -0.00109539
36.58	 -0.619689	 0.000859022	 1.46469	 0.00502283	 0.989306	 -0.00104506
36.6	 -0.65653	 0.000794411	 1.45658	 0.00451865	 0.954897	 -0.000995039
36.62	 -0.692625	 0.000728783	 1.44686	 0.00400551	 0.918511	 -0.000945234
36.64	 -0.72795	 0.000662241	 1.43555	 0.00348437	 0.880198	 -0.000895562
36.66	 -0.762479	 0.000594889	 1.42267	 0.0029562	 0.840011	 -0.000845934
36.68	 -0.796188	 0.000526834	 1.40822	 0.002422	 0.798002	 -0.000796256
36.7	 -0.829055	 0.00045818	 1.39223	 0.00188278	 0.754231	 -0.000746424
36.72	 -0.861057	 0.000389034	 1.37472	 0.00133952	 0.708758	 -0.000696332
36.74	 -0.892175	 0.0003195	 1.35572	 0.000793237	 0.661653	 -0.000645873
36.76	 -0.922387	 0.000249687	 1.33525	 0.000244949	 0.612987	 -0.000594948
36.78	 -0.951675	 0.000179706	 1.31335	 -0.000304289	 0.562838	 -0.000543465
36.8	 -0.980023	 0.000109668	 1.29003	 -0.000853423	 0.511286	 -0.000491328
36.82	 -1.00741	 3.96839e-05	 1.26535	 -0.00140138	 0.458415	 -0.000438444
36.84	 -1.03383	 -3.0136e-05	 1.23933	 -0.00194712	 0.40431	 -0.000384722
36.86	 -1.05926	 -9.96866e-05	 1.21202	 -0.00248965	 0.349056	 -0.000330079
36.88	 -1.08369	 -0.000168864	 1.18346	 -0.00302798	 0.292736	 -0.000274436
36.9	 -1.1071	 -0.000237567	 1.15368	 -0.00356115	 0.235437	 -0.000217717
36.92	 -1.12948	 -0.000305692	 1.12274	 -0.0040882	 0.177242	 -0.000159854
36.94	 -1.15082	 -0.000373137	 1.09067	 -0.00460819	 0.118236	 -0.000100787
36.96	 -1.17112	 -0.000439804	 1.05754	 -0.00512018	 0.0585079	 -4.04622e-05
36.98	 -1.19035	 -0.000505593	 1.02338	 -0.00562326	 -0.00185761	 2.11676e-05
37	 -1.20851	 -0.000570407	 0.988259	 -0.0061165	 -0.0627717	 8.41531e-05
37.02	 -1.2256	 -0.000634155	 0.952222	 -0.00659908	 -0.124143	 0.00014854
37.04	 -1.2416	 -0.000696745	 0.915327	 -0.00707012	 -0.185877	 0.000214365
37.06	 -1.25651	 -0.000758089	 0.877632	 -0.00752882	 -0.247878	 0.000281658
37.08	 -1.27033	 -0.000818097	 0.839196	 -0.00797436	 -0.310047	 0.000350438
37.1	 -1.28305	 -0.000876683	 0.80008	 -0.00840594	 -0.372285	 0.000420721
37.12	 -1.29468	 -0.000933763	 0.760345	 -0.0088228	 -0.434493	 0.000492516
37.14	 -1.3052	 -0.00098926	 0.720053	 -0.00922424	 -0.496573	 0.000565822
37.16	 -1.31463	 -0.0010431	 0.679268	 -0.00960966	 -0.558429	 0.000640629
37.18	 -1.32295	 -0.00109523	 0.638051	 -0.00997848	 -0.619968	 0.000716917
37.2	 -1.33018	 -0.00114557	 0.596468	 -0.0103302	 -0.6811	 0.00079466
37.22	 -1.3363	 -0.00119407	 0.554582	 -0.0106642	 -0.741736	 0.000873823
37.24	 -1.34133	 -0.00124067	 0.512459	 -0.0109802	 -0.80179	 0.000954362
37.26	 -1.34527	 -0.00128532	 0.470162	 -0.0112776	 -0.861177	 0.00103622
37.28	 -1.34812	 -0.00132798	 0.427755	 -0.0115563	 -0.919817	 0.00111935
37.3	 -1.34989	 -0.0013686	 0.385304	 -0.0118157	 -0.97763	 0.00120369
37.32	 -1.35058	 -0.00140715	 0.342873	 -0.0120558	 -1.03453	 0.00128917
37.34	 -1.35019	 -0.00144359	 0.300525	 -0.0122761	 -1.09045	 0.00137572
37.36	 -1.34875	 -0.00147789	 0.258324	 -0.0124766	 -1.14531	 0.00146324
37.38	 -1.34624	 -0.00151001	 0.216332	 -0.0126569	 -1.19902	 0.00155166
37.4	 -1.34269	 -0.00153994	 0.174612	 -0.0128171	 -1.25153	 0.00164087
37.42	 -1.33811	 -0.00156764	 0.133216	 -0.012957	 -1.30277	 0.00173075
37.44	 -1.33252	 -0.00159308	 0.0921896	 -0.0130765	 -1.35271	 0.00182117
37.46	 -1.32593	 -0.00161625	 0.0515751	 -0.0131758	 -1.40134	 0.001912
37.48	 -1.31836	 -0.00163714	 0.0114115	 -0.0132549	 -1.44863	 0.00200311
37.5	 -1.30984	 -0.00165575	 -0.0282623	 -0.0133139	 -1.49456	 0.00209437
37.52	 -1.30039	 -0.00167207	 -0.0674062	 -0.0133531	 -1.53912	 0.00218563
37.54	 -1.29001	 -0.00168612	 -0.105979	 -0.0133725	 -1.58229	 0.00227677
37.56	 -1.27874	 -0.00169789	 -0.143938	 -0.0133726	 -1.62406	 0.00236763
37.58	 -1.26659	 -0.00170742	 -0.181241	 -0.0133535	 -1.66438	 0.00245807
37.6	 -1.25357	 -0.0017147	 -0.217848	 -0.0133156	 -1.70327	 0.00254795
37.62	 -1.23972	 -0.00171977	 -0.253718	 -0.0132591	 -1.74068	 0.00263713
37.64	 -1.22504	 -0.00172265	 -0.288815	 -0.0131845	 -1.77662	 0.00272545
37.66	 -1.20956	 -0.00172336	 -0.323103	 -0.0130922	 -1.81108	 0.00281276
37.68	 -1.1933	 -0.00172193	 -0.356549	 -0.0129825	 -1.84405	 0.00289892
37.7	 -1.17629	 -0.00171839	 -0.389121	 -0.0128558	 -1.87552	 0.00298376
37.72	 -1.15853	 -0.00171278	 -0.420789	 -0.0127127	 -1.90551	 0.00306714
37.74	 -1.14006	 -0.00170513	 -0.451525	 -0.0125537	 -1.93401	 0.0031489
37.76	 -1.1209	 -0.00169551	 -0.481299	 -0.0123792	 -1.96103	 0.00322889
37.78	 -1.10106	 -0.00168394	 -0.510086	 -0.0121899	 -1.98657	 0.00330697
37.8	 -1.08057	 -0.00167049	 -0.537862	 -0.0119863	 -2.01064	 0.00338297
37.82	 -1.05944	 -0.0016552	 -0.564602	 -0.0117691	 -2.03326	 0.00345676
37.84	 -1.03771	 -0.00163813	 -0.590285	 -0.0115388	 -2.05444	 0.00352818
37.86	 -1.01538	 -0.00161935	 -0.614891	 -0.011296	 -2.07419	 0.0035971
37.88	 -0.992489	 -0.0015989	 -0.638403	 -0.0110415	 -2.09254	 0.00366337
37.9	 -0.969049	 -0.00157685	 -0.660805	 -0.0107758	 -2.1095	 0.00372686
37.92	 -0.945083	 -0.00155327	 -0.682082	 -0.0104996	 -2.12511	 0.00378743
37.94	 -0.920613	 -0.00152821	 -0.702223	 -0.0102136	 -2.13938	 0.00384495
37.96	 -0.895658	 -0.00150175	 -0.721216	 -0.00991847	 -2.15233	 0.00389931
37.98	 -0.870241	 -0.00147395	 -0.739053	 -0.0096148	 -2.16401	 0.00395036
38	 -0.844381	 -0.00144488	 -0.755726	 -0.0093033	 -2.17442	 0.00399799
38.02	 -0.818101	 -0.0014146	 -0.771231	 -0.00898462	 -2.18361	 0.00404209
38.04	 -0.79142	 -0.00138319	 -0.785563	 -0.00865944	 -2.1916	 0.00408255
38.06	 -0.76436	 -0.00135073	 -0.798721	 -0.00832842	 -2.19843	 0.00411927
38.08	 -0.73694	 -0.00131727	 -0.810706	 -0.00799224	 -2.20413	 0.00415214
38.1	 -0.70918	 -0.0012829	 -0.821519	 -0.00765159	 -2.20874	 0.00418107
38.12	 -0.681102	 -0.00124768	 -0.831165	 -0.00730714	 -2.21229	 0.00420597
38.14	 -0.652723	 -0.0012117	 -0.839649	 -0.00695957	 -2.21483	 0.00422676
38.16	 -0.624065	 -0.00117502	 -0.846979	 -0.00660952	 -2.21639	 0.00424335
38.18	 -0.595147	 -0.00113772	 -0.853165	 -0.00625765	 -2.21701	 0.00425568
38.2	 -0.565987	 -0.00109988	 -0.858218	 -0.00590461	 -2.21673	 0.00426369
38.22	 -0.536606	 -0.00106156	 -0.86215	 -0.00555103	 -2.21561	 0.0042673
38.24	 -0.507021	 -0.00102283	 -0.864977	 -0.00519752	 -2.21367	 0.00426648
38.26	 -0.477251	 -0.000983781	 -0.866714	 -0.0048447	 -2.21096	 0.00426118
38.28	 -0.447314	 -0.000944467	 -0.86738	 -0.00449314	 -2.20754	 0.00425135
38.3	 -0.41723	 -0.000904963	 -0.866995	 -0.00414343	 -2.20343	 0.00423697
38.32	 -0.387016	 -0.000865335	 -0.86558	 -0.00379611	 -2.19869	 0.00421802
38.34	 -0.356689	 -0.000825651	 -0.863157	 -0.00345173	 -2.19336	 0.00419447
38.36	 -0.326267	 -0.000785976	 -0.859752	 -0.0031108	 -2.18748	 0.00416632
38.38	 -0.295768	 -0.000746374	 -0.855389	 -0.00277382	 -2.1811	 0.00413357
38.4	 -0.265208	 -0.000706908	 -0.850097	 -0.00244128	 -2.17427	 0.0040962
38.42	 -0.234605	 -0.000667639	 -0.843904	 -0.00211364	 -2.16703	 0.00405425
38.44	 -0.203974	 -0.000628624	 -0.836841	 -0.00179135	 -2.15942	 0.00400772
38.46	 -0.173333	 -0.000589923	 -0.828938	 -0.00147483	 -2.15149	 0.00395664
38.48	 -0.142697	 -0.00055159	 -0.820229	 -0.00116449	 -2.14329	 0.00390105
38.5	 -0.112082	 -0.000513679	 -0.810747	 -0.000860716	 -2.13485	 0.00384097
38.52	 -0.0815034	 -0.000476242	 -0.800528	 -0.000563883	 -2.12622	 0.00377646
38.54	 -0.0509764	 -0.000439329	 -0.789608	 -0.000274337	 -2.11745	 0.00370757
38.56	 -0.0205161	 -0.000402986	 -0.778024	 7.59876e-06	 -2.10857	 0.00363435
38.58	 0.00986305	 -0.00036726	 -0.765815	 0.000281621	 -2.09964	 0.00355688
38.6	 0.0401465	 -0.000332192	 -0.75302	 0.00054745	 -2.09068	 0.00347522
38.62	 0.0703201	 -0.000297824	 -0.739679	 0.000804829	 -2.08175	 0.00338945
38.64	 0.10037	 -0.000264192	 -0.725834	 0.00105352	 -2.07289	 0.00329966
38.66	 0.130282	 -0.000231333	 -0.711527	 0.00129332	 -2.06413	 0.00320594
38.68	 0.160044	 -0.000199281	 -0.696799	 0.00152403	 -2.05551	 0.0031084
38.7	 0.189642	 -0.000168066	 -0.681696	 0.0017455	 -2.04707	 0.00300713
38.72	 0.219061	 -0.000137734	 -0.666262	 0.00195758	 -2.03886	 0.00290229
38.74	 0.248282	 -0.000108295	 -0.650555	 0.00216017	 -2.03093	 0.00279396
38.76	 0.277286	 -7.98066e-05	 -0.634631	 0.00235319	 -2.02335	 0.00268233
38.78	 0.306049	 -5.22528e-05	 -0.618558	 0.0025366	 -2.0162	 0.00256746
38.8	 0.334551	 -2.56581e-05	 -0.602396	 0.00271035	 -2.00954	 0.0024495
38.82	 0.36277	 -1.84185e-08	 -0.586214	 0.00287445	 -2.00346	 0.00232855
38.84	 0.390688	 2.46645e-05	 -0.57007	 0.00302888	 -1.998	 0.00220473
38.86	 0.418285	 4.83827e-05	 -0.554027	 0.00317368	 -1.99324	 0.00207821
38.88	 0.445545	 7.11428e-05	 -0.538143	 0.00330889	 -1.98923	 0.0019491
38.9	 0.472448	 9.29358e-05	 -0.522477	 0.00343457	 -1.98602	 0.00181758
38.92	 0.498979	 0.000113773	 -0.507089	 0.00355083	 -1.98366	 0.00168377
38.94	 0.525117	 0.00013365	 -0.492035	 0.00365776	 -1.98221	 0.00154787
38.96	 0.550847	 0.000152585	 -0.477377	 0.00375551	 -1.98172	 0.00141
38.98	 0.576151	 0.000170582	 -0.463173	 0.00384421	 -1.98224	 0.00127034
39	 0.60101	 0.000187659	 -0.449482	 0.00392405	 -1.98383	 0.00112905
39.02	 0.625409	 0.000203832	 -0.436362	 0.0039952	 -1.98651	 0.000986293
39.04	 0.649331	 0.000219118	 -0.42387	 0.00405786	 -1.99035	 0.000842247
39.06	 0.672759	 0.000233537	 -0.41206	 0.00411225	 -1.99539	 0.000697082
39.08	 0.695679	 0.000247109	 -0.400989	 0.00415859	 -2.00165	 0.00055098
39.1	 0.718076	 0.000259856	 -0.390709	 0.00419713	 -2.00918	 0.000404122
39.12	 0.739934	 0.000271801	 -0.381273	 0.00422812	 -2.01802	 0.000256691
39.14	 0.761239	 0.000282969	 -0.372731	 0.00425184	 -2.02819	 0.00010887
39.16	 0.781978	 0.000293388	 -0.365134	 0.00426857	 -2.03972	 -3.91583e-05
39.18	 0.802136	 0.000303088	 -0.358527	 0.00427859	 -2.05264	 -0.000187211
39.2	 0.821701	 0.0003121	 -0.352958	 0.00428222	 -2.06697	 -0.000335103
39.22	 0.840661	 0.000320455	 -0.348468	 0.00427974	 -2.08273	 -0.00048265
39.24	 0.859002	 0.000328188	 -0.345098	 0.00427149	 -2.09992	 -0.000629667
39.26	 0.876713	 0.000335331	 -0.342888	 0.00425778	 -2.11857	 -0.000775968
39.28	 0.893783	 0.000341919	 -0.341874	 0.00423894	 -2.13867	 -0.00092137
39.3	 0.910201	 0.000347989	 -0.342089	 0.0042153	 -2.16023	 -0.00106569
39.32	 0.925957	 0.000353576	 -0.343566	 0.0041872	 -2.18325	 -0.00120874
39.34	 0.941041	 0.000358717	 -0.346334	 0.00415496	 -2.20772	 -0.00135035
39.36	 0.955444	 0.00036345	 -0.350418	 0.00411894	 -2.23363	 -0.00149033
39.38	 0.969156	 0.000367812	 -0.355844	 0.00407947	 -2.26098	 -0.00162851
39.4	 0.98217	 0.000371841	 -0.362632	 0.00403689	 -2.28973	 -0.00176472
39.42	 0.994478	 0.000375573	 -0.3708	 0.00399154	 -2.31987	 -0.00189877
39.44	 1.00607	 0.000379047	 -0.380365	 0.00394375	 -2.35138	 -0.0020305
39.46	 1.01695	 0.000382302	 -0.39134	 0.00389386	 -2.38423	 -0.00215976
39.48	 1.02709	 0.000385376	 -0.403735	 0.00384219	 -2.41838	 -0.00228637
39.5	 1.03651	 0.000388304	 -0.417558	 0.00378897	 -2.4538	 -0.0024102
39.52	 1.04519	 0.000391127	 -0.432816	 0.00373448	 -2.49044	 -0.00253111
39.54	 1.05313	 0.000393883	 -0.449512	 0.00367898	 -2.52827	 -0.00264897
39.56	 1.06034	 0.00039661	 -0.467648	 0.00362272	 -2.56722	 -0.00276365
39.58	 1.06681	 0.000399344	 -0.487222	 0.00356593	 -2.60724	 -0.00287501
39.6	 1.07254	 0.000402121	 -0.50823	 0.00350886	 -2.64828	 -0.00298292
39.62	 1.07754	 0.000404976	 -0.530664	 0.00345175	 -2.69027	 -0.00308727
39.64	 1.0818	 0.000407942	 -0.554515	 0.00339482	 -2.73315	 -0.00318794
39.66	 1.08532	 0.000411053	 -0.57977	 0.0033383	 -2.77686	 -0.00328483
39.68	 1.08811	 0.000414344	 -0.606413	 0.0032824	 -2.82133	 -0.00337782
39.7	 1.09015	 0.000417849	 -0.634426	 0.00322734	 -2.8665	 -0.00346683
39.72	 1.09146	 0.000421598	 -0.663788	 0.00317331	 -2.91229	 -0.00355178
39.74	 1.09204	 0.000425625	 -0.694476	 0.00312049	 -2.95863	 -0.00363257
39.76	 1.09188	 0.000429959	 -0.726465	 0.00306907	 -3.00544	 -0.00370912
39.78	 1.09098	 0.00043463	 -0.759727	 0.00301922	 -3.05265	 -0.00378138
39.8	 1.08936	 0.000439666	 -0.794231	 0.00297109	 -3.10018	 -0.00384928
39.82	 1.08701	 0.000445094	 -0.829947	 0.00292482	 -3.14795	 -0.00391277
39.84	 1.08394	 0.000450939	 -0.866838	 0.00288056	 -3.19588	 -0.00397178
39.86	 1.08015	 0.000457226	 -0.904869	 0.00283842	 -3.24388	 -0.00402629
39.88	 1.07563	 0.000463978	 -0.944001	 0.00279852	 -3.29187	 -0.00407626
39.9	 1.07041	 0.000471215	 -0.984194	 0.00276094	 -3.33978	 -0.00412166
39.92	 1.06447	 0.000478957	 -1.02541	 0.00272578	 -3.38751	 -0.00416248
39.94	 1.05783	 0.000487224	 -1.06759	 0.00269311	 -3.43499	 -0.00419871
39.96	 1.05049	 0.000496031	 -1.11071	 0.00266297	 -3.48213	 -0.00423033
39.98	 1.04245	 0.000505392	 -1.15471	 0.00263541	 -3.52885	 -0.00425736
40	 1.03372	 0.000515321	 -1.19954	 0.00261045	 -3.57506	 -0.0042798
40.02	 1.0243	 0.00052583	 -1.24516	 0.00258811	 -3.62069	 -0.00429767
40.04	 1.01421	 0.000536927	 -1.29151	 0.00256838	 -3.66566	 -0.00431101
40.06	 1.00344	 0.00054862	 -1.33855	 0.00255125	 -3.70989	 -0.00431984
40.08	 0.992011	 0.000560917	 -1.38623	 0.00253669	 -3.75329	 -0.0043242
40.1	 0.979918	 0.000573824	 -1.43448	 0.00252466	 -3.7958	 -0.00432415
40.12	 0.967172	 0.000587459	 -1.48326	 0.00251507	 -3.83735	 -0.00431999
40.14	 0.953782	 0.000601838	 -1.53253	 0.00250785	 -3.87788	 -0.00431179
40.16	 0.939755	 0.000616567	 -1.58224	 0.00250294	 -3.91735	 -0.00429879
40.18	 0.9251	 0.000631508	 -1.63235	 0.00250032	 -3.95573	 -0.00428085
40.2	 0.909829	 0.000646559	 -1.68285	 0.00249998	 -3.99299	 -0.0042579
40.22	 0.893952	 0.000661691	 -1.73369	 0.00250191	 -4.02913	 -0.00423002
40.24	 0.87748	 0.000676918	 -1.78483	 0.00250599	 -4.0641	 -0.00419741
40.26	 0.860425	 0.00069227	 -1.83624	 0.0025121	 -4.09789	 -0.00416023
40.28	 0.842797	 0.000707763	 -1.88789	 0.00252002	 -4.13047	 -0.00411862
40.3	 0.824609	 0.00072339	 -1.93972	 0.00252954	 -4.1618	 -0.00407267
40.32	 0.805873	 0.000739121	 -1.99169	 0.00254046	 -4.19185	 -0.00402244
40.34	 0.786599	 0.000754913	 -2.04376	 0.00255259	 -4.2206	 -0.00396799
40.36	 0.766804	 0.000770689	 -2.09589	 0.00256606	 -4.24804	 -0.00390918
40.38	 0.7465	 0.000786415	 -2.14803	 0.00258022	 -4.27413	 -0.00384635
40.4	 0.725702	 0.000802047	 -2.20015	 0.00259533	 -4.29887	 -0.00377942
40.42	 0.704426	 0.000817579	 -2.25221	 0.00261073	 -4.32225	 -0.00370884
40.44	 0.682682	 0.000832982	 -2.30416	 0.00262661	 -4.34424	 -0.00363458
40.46	 0.660486	 0.000848227	 -2.35597	 0.00264248	 -4.36483	 -0.00355689
40.48	 0.637849	 0.000863268	 -2.40758	 0.00265831	 -4.38402	 -0.00347578
40.5	 0.614786	 0.000878064	 -2.45897	 0.00267367	 -4.40178	 -0.00339143
40.52	 0.59131	 0.000892569	 -2.51009	 0.00268842	 -4.41812	 -0.00330389
40.54	 0.567437	 0.000906742	 -2.56091	 0.00270222	 -4.43303	 -0.00321336
40.56	 0.543181	 0.000920532	 -2.61138	 0.00271487	 -4.4465	 -0.00311993
40.58	 0.518551	 0.000933897	 -2.66147	 0.0027261	 -4.45856	 -0.00302378
40.6	 0.49355	 0.000946802	 -2.71117	 0.00273569	 -4.46923	 -0.00292507
40.62	 0.468185	 0.000959212	 -2.76045	 0.00274335	 -4.47855	 -0.00282397
40.64	 0.442459	 0.000971095	 -2.80929	 0.00274883	 -4.48654	 -0.00272067
40.66	 0.416378	 0.000982418	 -2.85766	 0.00275185	 -4.49325	 -0.00261532
40.68	 0.389949	 0.000993146	 -2.90556	 0.00275212	 -4.49871	 -0.00250811
40.7	 0.363179	 0.00100345	 -2.95294	 0.00275088	 -4.50292	 -0.00239908
40.72	 0.336078	 0.0010133	 -2.99979	 0.00274749	 -4.50592	 -0.00228847
40.74	 0.308654	 0.00102271	 -3.04609	 0.00274177	 -4.5077	 -0.00217645
40.76	 0.280915	 0.00103135	 -3.09181	 0.00273359	 -4.50829	 -0.00206252
40.78	 0.25287	 0.00103949	 -3.13693	 0.00272285	 -4.5077	 -0.00194749
40.8	 0.224527	 0.001047	 -3.18144	 0.00270944	 -4.50594	 -0.00183126
40.82	 0.195894	 0.00105401	 -3.2253	 0.00269325	 -4.50303	 -0.00171431
40.84	 0.166981	 0.00106051	 -3.26852	 0.00267411	 -4.49901	 -0.00159682
40.86	 0.137794	 0.00106657	 -3.31106	 0.00265187	 -4.49388	 -0.00147905
40.88	 0.108344	 0.00107213	 -3.35291	 0.00262635	 -4.48769	 -0.00136109
40.9	 0.0786398	 0.00107717	 -3.39405	 0.0025974	 -4.48044	 -0.00124306
40.92	 0.0486896	 0.00108167	 -3.43446	 0.00256488	 -4.47215	 -0.0011251
40.94	 0.018503	 0.00108563	 -3.47412	 0.00252867	 -4.46286	 -0.00100738
40.96	 -0.011911	 0.00108902	 -3.51302	 0.00248866	 -4.45257	 -0.000890068
40.98	 -0.0425432	 0.00109185	 -3.55113	 0.00244471	 -4.4413	 -0.000773328
41	 -0.0733843	 0.0010941	 -3.58845	 0.00239669	 -4.42908	 -0.000657326
41.02	 -0.104425	 0.00109577	 -3.62495	 0.00234446	 -4.41592	 -0.000542223
41.04	 -0.135655	 0.00109687	 -3.66062	 0.00228788	 -4.40184	 -0.000428189
41.06	 -0.167066	 0.00109739	 -3.69545	 0.00222681	 -4.38687	 -0.000315356
41.08	 -0.198648	 0.0010973	 -3.72942	 0.00216113	 -4.37102	 -0.000203859
41.1	 -0.230392	 0.00109662	 -3.76252	 0.00209069	 -4.3543	 -9.38232e-05
41.12	 -0.262286	 0.00109532	 -3.79473	 0.00201539	 -4.33675	 1.46054e-05
41.14	 -0.294323	 0.00109341	 -3.82604	 0.00193509	 -4.31837	 0.000121289
41.16	 -0.326491	 0.00109088	 -3.85644	 0.00184969	 -4.29918	 0.000226134
41.18	 -0.358782	 0.00108771	 -3.88592	 0.00175906	 -4.27919	 0.000329021
41.2	 -0.391185	 0.00108396	 -3.91446	 0.00166309	 -4.25842	 0.000429765
41.22	 -0.42369	 0.00107956	 -3.94205	 0.00156166	 -4.23688	 0.000528402
41.24	 -0.456288	 0.00107452	 -3.96869	 0.00145466	 -4.21459	 0.000624874
41.26	 -0.488968	 0.00106887	 -3.99436	 0.00134196	 -4.19155	 0.00071906
41.28	 -0.521723	 0.00106311	 -4.01906	 0.00123139	 -4.16775	 0.000814202
41.3	 -0.554541	 0.0010574	 -4.04277	 0.00112304	 -4.14319	 0.000910263
41.32	 -0.587416	 0.00105088	 -4.06548	 0.00100897	 -4.11786	 0.00100731
41.34	 -0.620337	 0.00104448	 -4.0872	 0.000896912	 -4.09173	 0.00110542
41.36	 -0.653295	 0.00103749	 -4.1079	 0.000780597	 -4.06479	 0.001204
41.38	 -0.686281	 0.00103017	 -4.12759	 0.000662861	 -4.03703	 0.00130297
41.4	 -0.719283	 0.00102239	 -4.14626	 0.00054302	 -4.00844	 0.00140212
41.42	 -0.752292	 0.00101422	 -4.16391	 0.000421983	 -3.97901	 0.00150146
41.44	 -0.785298	 0.0010057	 -4.18052	 0.000300237	 -3.94874	 0.00160102
41.46	 -0.818289	 0.000996764	 -4.1961	 0.000176988	 -3.91763	 0.00170083
41.48	 -0.851254	 0.000987437	 -4.21064	 5.2328e-05	 -3.88567	 0.00180097
41.5	 -0.884184	 0.000977698	 -4.22415	 -7.41658e-05	 -3.85285	 0.00190143
41.52	 -0.917067	 0.000967616	 -4.23661	 -0.000202082	 -3.81916	 0.00200221
41.54	 -0.949892	 0.000957207	 -4.24804	 -0.00033138	 -3.78459	 0.00210325
41.56	 -0.982647	 0.000946481	 -4.25842	 -0.000461963	 -3.74915	 0.00220449
41.58	 -1.01532	 0.000935427	 -4.26776	 -0.000593868	 -3.71282	 0.0023059
41.6	 -1.0479	 0.000924037	 -4.27606	 -0.000727094	 -3.6756	 0.00240747
41.62	 -1.08037	 0.000912317	 -4.28332	 -0.000861538	 -3.63748	 0.00250919
41.64	 -1.11273	 0.000900276	 -4.28955	 -0.000997139	 -3.59846	 0.00261103
41.66	 -1.14496	 0.000887925	 -4.29475	 -0.00113384	 -3.55853	 0.00271297
41.68	 -1.17704	 0.00087527	 -4.29892	 -0.00127165	 -3.51769	 0.00281501
41.7	 -1.20897	 0.000862322	 -4.30207	 -0.00141057	 -3.47595	 0.00291711
41.72	 -1.24073	 0.000849089	 -4.30421	 -0.00155059	 -3.43328	 0.00301924
41.74	 -1.27231	 0.00083536	 -4.30534	 -0.00169441	 -3.3897	 0.00312074
41.76	 -1.30369	 0.000821565	 -4.30546	 -0.00183693	 -3.3452	 0.00322246
41.78	 -1.33486	 0.000807449	 -4.30459	 -0.00198107	 -3.29978	 0.00332401
41.8	 -1.36581	 0.000793092	 -4.30274	 -0.00212596	 -3.25344	 0.00342553
41.82	 -1.39653	 0.000778466	 -4.29991	 -0.00227203	 -3.20618	 0.00352697
41.84	 -1.427	 0.000763627	 -4.29611	 -0.00241874	 -3.158	 0.00362836
41.86	 -1.4572	 0.00074855	 -4.29135	 -0.00256652	 -3.1089	 0.00372959
41.88	 -1.48713	 0.000733284	 -4.28565	 -0.00271486	 -3.05887	 0.00383067
41.9	 -1.51676	 0.000717804	 -4.27901	 -0.00286413	 -3.00794	 0.00393151
41.92	 -1.5461	 0.000702146	 -4.27146	 -0.00301396	 -2.95609	 0.00403211
41.94	 -1.57511	 0.000686292	 -4.26299	 -0.00316458	 -2.90333	 0.00413242
41.96	 -1.60379	 0.00067027	 -4.25363	 -0.00331576	 -2.84966	 0.00423244
41.98	 -1.63212	 0.000654083	 -4.24339	 -0.00346751	 -2.7951	 0.00433217
42	 -1.66009	 0.000637749	 -4.23228	 -0.00361971	 -2.73965	 0.00443158
42.02	 -1.68768	 0.000621273	 -4.22031	 -0.0037724	 -2.68332	 0.00453065
42.04	 -1.71488	 0.000604668	 -4.20752	 -0.00392556	 -2.6261	 0.00462933
42.06	 -1.74168	 0.000587943	 -4.1939	 -0.00407915	 -2.56803	 0.0047276
42.08	 -1.76806	 0.000571111	 -4.17948	 -0.00423308	 -2.50909	 0.00482543
42.1	 -1.794	 0.000554185	 -4.16427	 -0.00438728	 -2.44932	 0.00492279
42.12	 -1.8195	 0.000537178	 -4.14829	 -0.00454168	 -2.38871	 0.00501967
42.14	 -1.84453	 0.000520098	 -4.13156	 -0.00469625	 -2.32728	 0.00511604
42.16	 -1.86909	 0.000502955	 -4.1141	 -0.00485096	 -2.26505	 0.00521188
42.18	 -1.89315	 0.000485761	 -4.09593	 -0.00500576	 -2.20203	 0.00530716
42.2	 -1.91671	 0.000468529	 -4.07706	 -0.00516059	 -2.13825	 0.00540184
42.22	 -1.93976	 0.000451272	 -4.05751	 -0.00531539	 -2.07371	 0.00549591
42.24	 -1.96227	 0.000434003	 -4.03731	 -0.00547007	 -2.00844	 0.00558934
42.26	 -1.98423	 0.000416732	 -4.01647	 -0.0056246	 -1.94245	 0.00568211
42.28	 -2.00564	 0.000399472	 -3.99502	 -0.00577893	 -1.87578	 0.00577419
42.3	 -2.02647	 0.000382233	 -3.97297	 -0.00593299	 -1.80844	 0.00586556
42.32	 -2.04672	 0.000365028	 -3.95036	 -0.00608674	 -1.74045	 0.00595618
42.34	 -2.06637	 0.000347868	 -3.92718	 -0.00624011	 -1.67185	 0.00604604
42.36	 -2.0854	 0.000330767	 -3.90348	 -0.00639304	 -1.60265	 0.00613511
42.38	 -2.10382	 0.000313735	 -3.87927	 -0.00654546	 -1.53289	 0.00622336
42.4	 -2.12159	 0.000296784	 -3.85457	 -0.00669732	 -1.46258	 0.00631078
42.42	 -2.13872	 0.000279924	 -3.8294	 -0.00684857	 -1.39177	 0.00639734
42.44	 -2.15518	 0.000263168	 -3.80379	 -0.00699915	 -1.32048	 0.00648302
42.46	 -2.17097	 0.000246525	 -3.77775	 -0.00714898	 -1.24874	 0.00656779
42.48	 -2.18608	 0.000230007	 -3.75132	 -0.00729802	 -1.17658	 0.00665164
42.5	 -2.20049	 0.000213624	 -3.72451	 -0.0074462	 -1.10402	 0.00673454
42.52	 -2.2142	 0.000197387	 -3.69734	 -0.00759346	 -1.03111	 0.00681648
42.54	 -2.22719	 0.000181306	 -3.66983	 -0.00773972	 -0.957881	 0.00689744
42.56	 -2.23946	 0.000165389	 -3.64201	 -0.00788493	 -0.884354	 0.0069774
42.58	 -2.25099	 0.000149648	 -3.6139	 -0.00802903	 -0.810568	 0.00705634
42.6	 -2.26178	 0.00013409	 -3.58552	 -0.00817194	 -0.736555	 0.00713425
42.62	 -2.27181	 0.000118723	 -3.5569	 -0.0083136	 -0.662348	 0.00721111
42.64	 -2.28108	 0.000103557	 -3.52804	 -0.00845393	 -0.587983	 0.00728691
42.66	 -2.28958	 8.85984e-05	 -3.49898	 -0.00859288	 -0.513491	 0.00736165
42.68	 -2.29731	 7.38535e-05	 -3.46974	 -0.00873038	 -0.438908	 0.00743531
42.7	 -2.30425	 5.93287e-05	 -3.44033	 -0.00886634	 -0.364268	 0.00750788
42.72	 -2.31039	 4.50293e-05	 -3.41078	 -0.00900071	 -0.289604	 0.00757935
42.74	 -2.31574	 3.09603e-05	 -3.3811	 -0.00913341	 -0.214953	 0.00764973
42.76	 -2.32028	 1.71251e-05	 -3.35133	 -0.00926437	 -0.140348	 0.007719
42.78	 -2.32401	 3.52656e-06	 -3.32147	 -0.00939351	 -0.0658243	 0.00778717
42.8	 -2.32693	 -9.83367e-06	 -3.29154	 -0.00952078	 0.00858307	 0.00785423
42.82	 -2.32903	 -2.29547e-05	 -3.26157	 -0.00964609	 0.0828393	 0.0079202
42.84	 -2.3303	 -3.58368e-05	 -3.23158	 -0.00976937	 0.15691	 0.00798507
42.86	 -2.33074	 -4.8481e-05	 -3.20158	 -0.00989055	 0.230759	 0.00804885
42.88	 -2.33036	 -6.08895e-05	 -3.17159	 -0.0100096	 0.304352	 0.00811156
42.9	 -2.32913	 -7.30648e-05	 -3.14164	 -0.0101263	 0.377655	 0.00817319
42.92	 -2.32707	 -8.50097e-05	 -3.11173	 -0.0102408	 0.450632	 0.00823377
42.94	 -2.32417	 -9.67262e-05	 -3.08188	 -0.0103528	 0.52325	 0.00829329
42.96	 -2.32044	 -0.000108216	 -3.05211	 -0.0104624	 0.595474	 0.00835177
42.98	 -2.31585	 -0.00011948	 -3.02245	 -0.0105695	 0.667269	 0.00840922
43	 -2.31043	 -0.000130523	 -2.99289	 -0.010674	 0.738602	 0.00846564
43.02	 -2.30417	 -0.000141351	 -2.96347	 -0.0107758	 0.809441	 0.00852106
43.04	 -2.29706	 -0.000151974	 -2.93419	 -0.0108749	 0.87975	 0.00857551
43.06	 -2.28911	 -0.000162404	 -2.90507	 -0.0109712	 0.949498	 0.00862901
43.08	 -2.28033	 -0.000172653	 -2.87612	 -0.0110645	 1.01865	 0.00868159
43.1	 -2.2707	 -0.000182736	 -2.84737	 -0.011155	 1.08718	 0.00873328
43.12	 -2.26024	 -0.000192665	 -2.81881	 -0.0112424	 1.15505	 0.00878411
43.14	 -2.24895	 -0.000202454	 -2.79046	 -0.0113267	 1.22223	 0.00883412
43.16	 -2.23684	 -0.000212119	 -2.76235	 -0.0114078	 1.28868	 0.00888333
43.18	 -2.22389	 -0.000221675	 -2.73447	 -0.0114857	 1.35439	 0.00893179
43.2	 -2.21013	 -0.000231138	 -2.70684	 -0.0115603	 1.41931	 0.00897952
43.22	 -2.19556	 -0.000240524	 -2.67947	 -0.0116316	 1.48342	 0.00902657
43.24	 -2.18017	 -0.000249851	 -2.65237	 -0.0116994	 1.54669	 0.00907298
43.26	 -2.16398	 -0.000259136	 -2.62556	 -0.0117637	 1.60909	 0.00911878
43.28	 -2.14699	 -0.000268396	 -2.59904	 -0.0118245	 1.67059	 0.00916401
43.3	 -2.12922	 -0.00027765	 -2.57282	 -0.0118817	 1.73117	 0.0092087
43.32	 -2.11066	 -0.000286914	 -2.54691	 -0.0119352	 1.79079	 0.00925291
43.34	 -2.09132	 -0.000296206	 -2.52132	 -0.0119849	 1.84943	 0.00929667
43.36	 -2.07122	 -0.000305543	 -2.49605	 -0.0120309	 1.90706	 0.00934001
43.38	 -2.05036	 -0.000314943	 -2.47111	 -0.012073	 1.96367	 0.00938297
43.4	 -2.02876	 -0.000324421	 -2.44652	 -0.0121113	 2.01922	 0.00942559
43.42	 -2.00641	 -0.000333992	 -2.42227	 -0.0121455	 2.07368	 0.00946791
43.44	 -1.98334	 -0.00034367	 -2.39837	 -0.0121758	 2.12705	 0.00950995
43.46	 -1.95955	 -0.000353467	 -2.37483	 -0.012202	 2.17929	 0.00955174
43.48	 -1.93505	 -0.000363396	 -2.35165	 -0.0122241	 2.23039	 0.00959332
43.5	 -1.90986	 -0.000373466	 -2.32883	 -0.0122421	 2.28031	 0.0096347
43.52	 -1.88399	 -0.000383688	 -2.30638	 -0.0122558	 2.32905	 0.00967591
43.54	 -1.85744	 -0.00039407	 -2.2843	 -0.0122654	 2.37658	 0.00971697
43.56	 -1.83024	 -0.000404617	 -2.2626	 -0.0122707	 2.42289	 0.00975791
43.58	 -1.80239	 -0.000415336	 -2.24127	 -0.0122717	 2.46795	 0.00979872
43.6	 -1.77392	 -0.000426231	 -2.22032	 -0.0122684	 2.51176	 0.00983943
43.62	 -1.74482	 -0.000437304	 -2.19974	 -0.0122607	 2.55429	 0.00988005
43.64	 -1.71513	 -0.000448558	 -2.17954	 -0.0122486	 2.59554	 0.00992058
43.66	 -1.68484	 -0.000459992	 -2.15971	 -0.0122322	 2.63549	 0.00996104
43.68	 -1.65399	 -0.000471606	 -2.14026	 -0.0122113	 2.67412	 0.0100014
43.7	 -1.62258	 -0.000483411	 -2.12117	 -0.0121862	 2.71144	 0.0100417
43.72	 -1.59062	 -0.000495392	 -2.10246	 -0.0121565	 2.74742	 0.0100819
43.74	 -1.55815	 -0.000507542	 -2.08411	 -0.0121224	 2.78206	 0.0101221
43.76	 -1.52516	 -0.000519838	 -2.06612	 -0.0120838	 2.81537	 0.0101621
43.78	 -1.49168	 -0.000532285	 -2.04848	 -0.0120408	 2.84732	 0.010202
43.8	 -1.45772	 -0.000544871	 -2.03119	 -0.0119933	 2.87792	 0.0102418
43.82	 -1.42331	 -0.000557568	 -2.01425	 -0.0119412	 2.90717	 0.0102814
43.84	 -1.38845	 -0.00057037	 -1.99763	 -0.0118847	 2.93506	 0.0103209
43.86	 -1.35317	 -0.000583269	 -1.98135	 -0.0118237	 2.9616	 0.0103602
43.88	 -1.31748	 -0.000596705	 -1.96538	 -0.0117619	 2.98679	 0.0103994
43.9	 -1.2814	 -0.00061007	 -1.94971	 -0.0116941	 3.01064	 0.0104383
43.92	 -1.24495	 -0.000623721	 -1.93434	 -0.0116237	 3.03315	 0.0104769
43.94	 -1.20815	 -0.00063718	 -1.91926	 -0.011547	 3.05433	 0.0105151
43.96	 -1.17101	 -0.000650694	 -1.90445	 -0.0114669	 3.07419	 0.0105529
43.98	 -1.13355	 -0.000664017	 -1.88989	 -0.0113815	 3.09274	 0.0105902
44	 -1.0958	 -0.000677352	 -1.87558	 -0.0112928	 3.10999	 0.010627
44.02	 -1.05776	 -0.000690557	 -1.86149	 -0.0111999	 3.12597	 0.0106632
44.04	 -1.01945	 -0.000703734	 -1.84762	 -0.0111036	 3.14068	 0.0106989
44.06	 -0.9809	 -0.000716745	 -1.83395	 -0.0110029	 3.15415	 0.0107339
44.08	 -0.94212	 -0.000729612	 -1.82045	 -0.0108985	 3.16639	 0.0107682
44.1	 -0.90313	 -0.000742228	 -1.80712	 -0.0107898	 3.17743	 0.0108016
44.12	 -0.863946	 -0.000754606	 -1.79392	 -0.0106773	 3.18729	 0.0108342
44.14	 -0.824587	 -0.000766688	 -1.78085	 -0.010561	 3.19599	 0.0108658
44.16	 -0.78507	 -0.000778485	 -1.76789	 -0.0104413	 3.20356	 0.0108965
44.18	 -0.745412	 -0.000789951	 -1.755	 -0.010318	 3.21003	 0.0109262
44.2	 -0.70563	 -0.000801074	 -1.74218	 -0.0101913	 3.21543	 0.0109547
44.22	 -0.665742	 -0.00081181	 -1.72939	 -0.0100611	 3.21978	 0.0109822
44.24	 -0.625765	 -0.000822134	 -1.71663	 -0.00992752	 3.22311	 0.0110084
44.26	 -0.585715	 -0.000832009	 -1.70386	 -0.00979056	 3.22546	 0.0110334
44.28	 -0.545609	 -0.000841417	 -1.69107	 -0.00965038	 3.22686	 0.0110571
44.3	 -0.505456	 -0.000850359	 -1.67822	 -0.0095046	 3.22733	 0.0110803
44.32	 -0.465256	 -0.000858952	 -1.66533	 -0.00935428	 3.22689	 0.011103
44.34	 -0.425002	 -0.000867195	 -1.65236	 -0.0091995	 3.22556	 0.0111254
44.36	 -0.384687	 -0.000875052	 -1.63933	 -0.00904034	 3.22337	 0.0111473
44.38	 -0.344306	 -0.000882458	 -1.6262	 -0.0088769	 3.22033	 0.0111684
44.4	 -0.303853	 -0.000889361	 -1.61298	 -0.00870928	 3.21649	 0.0111887
44.42	 -0.263329	 -0.000895729	 -1.59965	 -0.00853768	 3.21188	 0.0112081
44.44	 -0.222733	 -0.000901527	 -1.58619	 -0.00836228	 3.20652	 0.0112264
44.46	 -0.182065	 -0.000906752	 -1.5726	 -0.0081833	 3.20046	 0.0112436
44.48	 -0.141326	 -0.000911339	 -1.55885	 -0.00800091	 3.1937	 0.0112597
44.5	 -0.100514	 -0.000915373	 -1.54494	 -0.00781524	 3.1863	 0.0112748
44.52	 -0.059627	 -0.000918828	 -1.53083	 -0.00762644	 3.17827	 0.0112887
44.54	 -0.0186635	 -0.000921558	 -1.51653	 -0.00743468	 3.16965	 0.0113012
44.56	 0.0223792	 -0.000923703	 -1.50202	 -0.00724009	 3.16048	 0.0113126
44.58	 0.0635038	 -0.000925097	 -1.48728	 -0.0070429	 3.15078	 0.0113223
44.6	 0.104713	 -0.000925881	 -1.4723	 -0.00684326	 3.1406	 0.0113308
44.62	 0.146007	 -0.000926036	 -1.45706	 -0.00664138	 3.12997	 0.011338
44.64	 0.18739	 -0.000925579	 -1.44156	 -0.00643745	 3.11892	 0.0113437
44.66	 0.228862	 -0.000924483	 -1.42576	 -0.00623168	 3.1075	 0.011348
44.68	 0.270426	 -0.000922747	 -1.40967	 -0.00602427	 3.09573	 0.0113507
44.7	 0.312084	 -0.000920357	 -1.39327	 -0.00581543	 3.08366	 0.0113518
44.72	 0.353838	 -0.000917314	 -1.37655	 -0.00560538	 3.07131	 0.0113512
44.74	 0.395688	 -0.000913617	 -1.35948	 -0.00539434	 3.05872	 0.011349
44.76	 0.437639	 -0.000909272	 -1.34207	 -0.00518252	 3.04592	 0.0113451
44.78	 0.479683	 -0.000904287	 -1.32431	 -0.00497014	 3.03293	 0.0113393
44.8	 0.521821	 -0.000898676	 -1.30619	 -0.00475742	 3.01976	 0.0113318
44.82	 0.564043	 -0.000892466	 -1.28772	 -0.00454456	 3.0064	 0.0113225
44.84	 0.606341	 -0.000885662	 -1.26892	 -0.00433177	 2.99283	 0.0113113
44.86	 0.648703	 -0.000878276	 -1.2498	 -0.00411928	 2.97904	 0.0112982
44.88	 0.691116	 -0.000870306	 -1.23038	 -0.00390732	 2.96499	 0.011283
44.9	 0.733566	 -0.000861758	 -1.21068	 -0.00369614	 2.95064	 0.0112658
44.92	 0.776038	 -0.000852643	 -1.19072	 -0.00348604	 2.93597	 0.0112464
44.94	 0.81852	 -0.000842976	 -1.17052	 -0.0032773	 2.92097	 0.0112248
44.96	 0.860997	 -0.000832767	 -1.15008	 -0.0030702	 2.9056	 0.0112009
44.98	 0.903452	 -0.000822038	 -1.12943	 -0.00286505	 2.88984	 0.0111747
45	 0.945872	 -0.000810811	 -1.10858	 -0.00266212	 2.87367	 0.0111459
45.02	 0.98824	 -0.000799108	 -1.08755	 -0.0024617	 2.85706	 0.0111147
45.04	 1.03054	 -0.000786952	 -1.06637	 -0.00226408	 2.83995	 0.0110808
45.06	 1.07275	 -0.000774365	 -1.04507	 -0.00206955	 2.82232	 0.0110443
45.08	 1.11485	 -0.000761374	 -1.02366	 -0.00187839	 2.80411	 0.011005
45.1	 1.15684	 -0.000748004	 -1.00219	 -0.00169089	 2.78528	 0.0109628
45.12	 1.19868	 -0.000734285	 -0.980687	 -0.00150734	 2.76579	 0.0109177
45.14	 1.24037	 -0.000720243	 -0.959172	 -0.00132801	 2.74558	 0.0108697
45.16	 1.28189	 -0.000705905	 -0.937681	 -0.00115317	 2.7246	 0.0108186
45.18	 1.32322	 -0.000691301	 -0.916243	 -0.0009831	 2.70283	 0.0107644
45.2	 1.36435	 -0.000676461	 -0.894892	 -0.000818063	 2.6802	 0.0107069
45.22	 1.40527	 -0.000661423	 -0.873657	 -0.000658346	 2.65667	 0.0106463
45.24	 1.44594	 -0.000646223	 -0.852571	 -0.000504238	 2.63219	 0.0105823
45.26	 1.48637	 -0.000630901	 -0.831666	 -0.000356039	 2.60672	 0.0105149
45.28	 1.52653	 -0.0006155	 -0.810974	 -0.000214047	 2.58022	 0.0104441
45.3	 1.56641	 -0.00060006	 -0.79053	 -7.85565e-05	 2.55263	 0.0103696
45.32	 1.606	 -0.000584626	 -0.770364	 5.01451e-05	 2.52391	 0.0102915
45.34	 1.64527	 -0.000569239	 -0.750509	 0.000171778	 2.49402	 0.0102096
45.36	 1.68422	 -0.000553944	 -0.730997	 0.000286068	 2.46292	 0.0101238
45.38	 1.72283	 -0.000538783	 -0.711859	 0.000392752	 2.43057	 0.0100342
45.4	 1.76108	 -0.000523798	 -0.693124	 0.000491574	 2.39694	 0.00994048
45.42	 1.79897	 -0.000509033	 -0.674823	 0.000582292	 2.36199	 0.00984272
45.44	 1.83647	 -0.00049453	 -0.656983	 0.00066468	 2.32569	 0.0097408
45.46	 1.87358	 -0.00048033	 -0.639632	 0.000738525	 2.28801	 0.00963466
45.48	 1.91028	 -0.000466474	 -0.622795	 0.000803636	 2.24893	 0.00952421
45.5	 1.94655	 -0.000453001	 -0.606499	 0.000859834	 2.20843	 0.00940938
45.52	 1.9824	 -0.00043995	 -0.590765	 0.000906962	 2.1665	 0.00929011
45.54	 2.01779	 -0.000427355	 -0.575616	 0.000944883	 2.12311	 0.00916632
45.56	 2.05273	 -0.000415253	 -0.561072	 0.00097348	 2.07825	 0.00903795
45.58	 2.08719	 -0.000403674	 -0.547152	 0.000992661	 2.03194	 0.00890494
45.6	 2.12117	 -0.00039265	 -0.533873	 0.00100236	 1.98415	 0.00876722
45.62	 2.15466	 -0.000382208	 -0.521249	 0.00100253	 1.93491	 0.00862474
45.64	 2.18764	 -0.000372374	 -0.509294	 0.000993174	 1.8842	 0.00847745
45.66	 2.2201	 -0.000363171	 -0.49802	 0.000974299	 1.83206	 0.00832531
45.68	 2.25202	 -0.000354619	 -0.487436	 0.00094596	 1.77849	 0.0081683
45.7	 2.28341	 -0.000346736	 -0.47755	 0.000908237	 1.72352	 0.00800637
45.72	 2.31425	 -0.000339536	 -0.468367	 0.000861244	 1.66717	 0.00783952
45.74	 2.34452	 -0.00033303	 -0.459893	 0.000805127	 1.60948	 0.00766774
45.76	 2.37422	 -0.000327228	 -0.452128	 0.000740061	 1.55047	 0.00749104
45.78	 2.40333	 -0.000322135	 -0.445075	 0.000666259	 1.49019	 0.00730944
45.8	 2.43185	 -0.000317751	 -0.438731	 0.000583959	 1.42869	 0.00712298
45.82	 2.45976	 -0.000314076	 -0.433093	 0.000493437	 1.36599	 0.00693169
45.84	 2.48706	 -0.000311106	 -0.428155	 0.000394995	 1.30217	 0.00673565
45.86	 2.51373	 -0.000308832	 -0.423912	 0.000288964	 1.23728	 0.00653493
45.88	 2.53976	 -0.000307245	 -0.420353	 0.000175703	 1.17137	 0.00632962
45.9	 2.56514	 -0.000306333	 -0.417467	 5.55976e-05	 1.10452	 0.00611983
45.92	 2.58987	 -0.00030608	 -0.415243	 -7.09414e-05	 1.03679	 0.00590569
45.94	 2.61392	 -0.000306471	 -0.413665	 -0.000203487	 0.968244	 0.00568734
45.96	 2.6373	 -0.000307484	 -0.412717	 -0.000341584	 0.898969	 0.00546494
45.98	 2.65999	 -0.0003091	 -0.412382	 -0.000484772	 0.829038	 0.00523865
46	 2.68198	 -0.000311293	 -0.412641	 -0.000632566	 0.758533	 0.00500866
46.02	 2.70326	 -0.000314039	 -0.413474	 -0.00078448	 0.687536	 0.00477517
46.04	 2.72382	 -0.000317307	 -0.414859	 -0.00094001	 0.616132	 0.00453837
46.06	 2.74365	 -0.000321068	 -0.416773	 -0.00109866	 0.544409	 0.0042985
46.08	 2.76274	 -0.000325288	 -0.419192	 -0.0012599	 0.472458	 0.00405577
46.1	 2.78108	 -0.00032994	 -0.422091	 -0.00142332	 0.400369	 0.00381045
46.12	 2.79866	 -0.000334972	 -0.425442	 -0.00158823	 0.328236	 0.00356276
46.14	 2.81547	 -0.000340346	 -0.429219	 -0.00175413	 0.256153	 0.00331297
46.16	 2.8315	 -0.000346018	 -0.433391	 -0.00192048	 0.184218	 0.00306133
46.18	 2.84674	 -0.000351954	 -0.437928	 -0.00208681	 0.112527	 0.00280813
46.2	 2.86119	 -0.000358142	 -0.4428	 -0.00225294	 0.041178	 0.00255368
46.22	 2.87482	 -0.000364484	 -0.447975	 -0.0024178	 -0.0297308	 0.00229826
46.24	 2.88763	 -0.000370945	 -0.453421	 -0.00258099	 -0.100101	 0.00204214
46.26	 2.89961	 -0.000377494	 -0.459104	 -0.00274217	 -0.169834	 0.00178564
46.28	 2.91076	 -0.000384059	 -0.464991	 -0.00290059	 -0.238834	 0.00152906
46.3	 2.92106	 -0.000390572	 -0.471048	 -0.00305556	 -0.307002	 0.00127269
46.32	 2.9305	 -0.000397094	 -0.477241	 -0.0032078	 -0.374244	 0.00101693
46.34	 2.93908	 -0.000403442	 -0.483535	 -0.00335541	 -0.440466	 0.00076204
46.36	 2.94678	 -0.00040958	 -0.489896	 -0.00349816	 -0.505575	 0.000508306
46.38	 2.9536	 -0.000415439	 -0.496289	 -0.00363541	 -0.56948	 0.000256022
46.4	 2.95954	 -0.000420948	 -0.502679	 -0.00376653	 -0.632091	 5.4787e-06
46.42	 2.96457	 -0.000426051	 -0.509031	 -0.00389105	 -0.693322	 -0.000243016
46.44	 2.9687	 -0.000430682	 -0.515311	 -0.00400841	 -0.753086	 -0.000489156
46.46	 2.97191	 -0.000434762	 -0.521483	 -0.00411797	 -0.811302	 -0.000732646
46.48	 2.9742	 -0.000438232	 -0.527515	 -0.00421929	 -0.867887	 -0.000973187
46.5	 2.97557	 -0.000441018	 -0.533373	 -0.00431179	 -0.922764	 -0.0012105
46.52	 2.97599	 -0.000443039	 -0.539023	 -0.00439487	 -0.975859	 -0.0014443
46.54	 2.97548	 -0.000444224	 -0.544433	 -0.00446803	 -1.0271	 -0.00167434
46.56	 2.97401	 -0.000444495	 -0.549572	 -0.00453069	 -1.07642	 -0.00190035
46.58	 2.9716	 -0.00044378	 -0.55441	 -0.0045824	 -1.12377	 -0.00212211
46.6	 2.96822	 -0.000441953	 -0.558919	 -0.00462265	 -1.16908	 -0.00233946
46.62	 2.96388	 -0.000438954	 -0.563074	 -0.00465094	 -1.21231	 -0.00255214
46.64	 2.95857	 -0.000434736	 -0.566852	 -0.00466679	 -1.25341	 -0.00275987
46.66	 2.95229	 -0.000429269	 -0.570229	 -0.00466974	 -1.29235	 -0.00296236
46.68	 2.94504	 -0.000422531	 -0.573184	 -0.00465937	 -1.32909	 -0.00315932
46.7	 2.93681	 -0.000414502	 -0.575693	 -0.00463525	 -1.36359	 -0.00335047
46.72	 2.9276	 -0.000405173	 -0.577735	 -0.004597	 -1.39581	 -0.00353554
46.74	 2.91741	 -0.000394476	 -0.579285	 -0.00454428	 -1.42573	 -0.00371438
46.76	 2.90624	 -0.00038242	 -0.580322	 -0.00447682	 -1.4533	 -0.00388672
46.78	 2.89408	 -0.000368943	 -0.580824	 -0.0043944	 -1.47851	 -0.00405243
46.8	 2.88093	 -0.000354058	 -0.58077	 -0.00429683	 -1.50134	 -0.00421125
46.82	 2.8668	 -0.000337762	 -0.580143	 -0.00418396	 -1.52176	 -0.00436297
46.84	 2.85169	 -0.000320085	 -0.578924	 -0.00405569	 -1.53977	 -0.00450736
46.86	 2.83558	 -0.00030104	 -0.577094	 -0.00391196	 -1.55534	 -0.00464423
46.88	 2.8185	 -0.000280617	 -0.574635	 -0.00375273	 -1.56848	 -0.00477348
46.9	 2.80042	 -0.000258805	 -0.571529	 -0.00357803	 -1.57916	 -0.00489501
46.92	 2.78137	 -0.000235598	 -0.567759	 -0.00338792	 -1.58739	 -0.00500874
46.94	 2.76133	 -0.000211003	 -0.56331	 -0.00318251	 -1.59317	 -0.00511458
46.96	 2.74031	 -0.00018504	 -0.558165	 -0.00296194	 -1.59649	 -0.00521242
46.98	 2.71831	 -0.000157742	 -0.552312	 -0.00272638	 -1.59736	 -0.00530216
47	 2.69535	 -0.000129144	 -0.545736	 -0.00247602	 -1.5958	 -0.00538372
47.02	 2.67142	 -9.92871e-05	 -0.538426	 -0.00221109	 -1.59182	 -0.00545705
47.04	 2.64652	 -6.8207e-05	 -0.53037	 -0.00193184	 -1.58544	 -0.00552209
47.06	 2.62067	 -3.59426e-05	 -0.521557	 -0.00163856	 -1.57666	 -0.00557884
47.08	 2.59386	 -2.5336e-06	 -0.511977	 -0.00133158	 -1.56553	 -0.00562728
47.1	 2.56611	 3.19761e-05	 -0.501622	 -0.00101129	 -1.55206	 -0.00566743
47.12	 2.53742	 6.75387e-05	 -0.490483	 -0.000678074	 -1.53627	 -0.00569929
47.14	 2.5078	 0.000104102	 -0.478552	 -0.000332401	 -1.51821	 -0.0057229
47.16	 2.47725	 0.000141608	 -0.465823	 2.52458e-05	 -1.49791	 -0.00573831
47.18	 2.44579	 0.000179998	 -0.452291	 0.000394336	 -1.4754	 -0.00574556
47.2	 2.41342	 0.000219206	 -0.437952	 0.000774303	 -1.45072	 -0.00574472
47.22	 2.38015	 0.000259164	 -0.422801	 0.00116454	 -1.42392	 -0.0057359
47.24	 2.34599	 0.000299802	 -0.406837	 0.00156441	 -1.39503	 -0.00571917
47.26	 2.31095	 0.000341046	 -0.390057	 0.00197323	 -1.36412	 -0.00569465
47.28	 2.27504	 0.000382823	 -0.372462	 0.00239028	 -1.33121	 -0.00566248
47.3	 2.23827	 0.000425053	 -0.354051	 0.00281484	 -1.29638	 -0.00562279
47.32	 2.20065	 0.000467658	 -0.334827	 0.00324612	 -1.25967	 -0.00557574
47.34	 2.1622	 0.000510556	 -0.314793	 0.00368334	 -1.22113	 -0.00552147
47.36	 2.12292	 0.000553669	 -0.293951	 0.00412573	 -1.18084	 -0.00546019
47.38	 2.08283	 0.000596903	 -0.272308	 0.00457234	 -1.13883	 -0.00539206
47.4	 2.04193	 0.000640181	 -0.24987	 0.00502242	 -1.09519	 -0.0053173
47.42	 2.00025	 0.000683411	 -0.226643	 0.00547503	 -1.04997	 -0.0052361
47.44	 1.95779	 0.000726503	 -0.202637	 0.00592926	 -1.00324	 -0.00514869
47.46	 1.91457	 0.000769369	 -0.177861	 0.00638422	 -0.955065	 -0.00505529
47.48	 1.87061	 0.000811921	 -0.152326	 0.00683899	 -0.905519	 -0.00495615
47.5	 1.8259	 0.00085407	 -0.126046	 0.00729264	 -0.854673	 -0.00485151
47.52	 1.78048	 0.000895725	 -0.0990336	 0.00774421	 -0.8026	 -0.00474163
47.54	 1.73435	 0.000936797	 -0.071304	 0.00819275	 -0.749375	 -0.00462677
47.56	 1.68753	 0.000977198	 -0.0428741	 0.0086373	 -0.695074	 -0.0045072
47.58	 1.64004	 0.00101697	 -0.0137615	 0.00907873	 -0.639769	 -0.00438318
47.6	 1.59188	 0.00105583	 0.016014	 0.00951365	 -0.58354	 -0.00425502
47.62	 1.54308	 0.00109372	 0.0464315	 0.00994129	 -0.526461	 -0.00412301
47.64	 1.49365	 0.00113059	 0.0774682	 0.0103611	 -0.468614	 -0.00398742
47.66	 1.44361	 0.00116635	 0.1091	 0.0107718	 -0.41008	 -0.00384856
47.68	 1.39297	 0.0012009	 0.1413	 0.0111723	 -0.350944	 -0.00370673
47.7	 1.34176	 0.00123415	 0.174042	 0.0115616	 -0.291286	 -0.00356225
47.72	 1.28998	 0.00126602	 0.207296	 0.0119387	 -0.231192	 -0.00341543
47.74	 1.23766	 0.00129643	 0.241031	 0.0123026	 -0.170741	 -0.00326658
47.76	 1.18482	 0.00132528	 0.275214	 0.0126523	 -0.110018	 -0.00311602
47.78	 1.13148	 0.0013525	 0.309809	 0.0129867	 -0.0491041	 -0.00296406
47.8	 1.07767	 0.00137801	 0.34478	 0.013305	 0.0119168	 -0.00281102
47.82	 1.02339	 0.00140172	 0.380087	 0.0136059	 0.0729616	 -0.00265721
47.84	 0.968692	 0.00142357	 0.41569	 0.0138887	 0.133946	 -0.00250295
47.86	 0.913588	 0.00144349	 0.451544	 0.0141524	 0.194785	 -0.00234856
47.88	 0.85811	 0.00146141	 0.487604	 0.014396	 0.255391	 -0.00219436
47.9	 0.802289	 0.00147727	 0.523823	 0.0146187	 0.315674	 -0.00204068
47.92	 0.746158	 0.001491	 0.560149	 0.0148196	 0.37554	 -0.00188785
47.94	 0.68975	 0.00150256	 0.59653	 0.0149979	 0.434894	 -0.00173616
47.96	 0.633102	 0.00151187	 0.632913	 0.0151527	 0.493638	 -0.00158592
47.98	 0.576252	 0.0015189	 0.66924	 0.0152834	 0.551674	 -0.00143745
48	 0.51924	 0.0015236	 0.705453	 0.0153891	 0.608899	 -0.00129103
48.02	 0.462107	 0.00152593	 0.741491	 0.0154693	 0.665211	 -0.00114696
48.04	 0.404896	 0.00152585	 0.777295	 0.0155232	 0.720506	 -0.00100553
48.06	 0.347651	 0.00152333	 0.812799	 0.0155504	 0.774677	 -0.000866988
48.08	 0.290417	 0.00151833	 0.847941	 0.0155502	 0.827619	 -0.00073159
48.1	 0.233241	 0.00151084	 0.882655	 0.0155223	 0.879225	 -0.00059956
48.12	 0.176168	 0.00150082	 0.916878	 0.0154663	 0.929392	 -0.000471105
48.14	 0.119243	 0.00148825	 0.950544	 0.0153818	 0.978018	 -0.000346405
48.16	 0.06251	 0.00147313	 0.983589	 0.0152687	 1.025	 -0.000225625
48.18	 0.00601303	 0.00145543	 1.01595	 0.0151267	 1.07026	 -0.000108914
48.2	 -0.0502055	 0.00143515	 1.04757	 0.0149557	 1.11369	 3.58201e-06
48.22	 -0.106104	 0.0014123	 1.07838	 0.0147557	 1.15521	 0.000111726
48.24	 -0.16164	 0.0013869	 1.10832	 0.0145267	 1.19476	 0.000215388
48.26	 -0.216774	 0.00135898	 1.13734	 0.014269	 1.23224	 0.000314445
48.28	 -0.271463	 0.00132857	 1.16538	 0.0139829	 1.26759	 0.000408792
48.3	 -0.325667	 0.00129571	 1.19237	 0.0136685	 1.30073	 0.000498347
48.32	 -0.379345	 0.00126042	 1.21826	 0.0133264	 1.33158	 0.000583058
48.34	 -0.432456	 0.00122276	 1.243	 0.0129569	 1.36007	 0.000662905
48.36	 -0.48496	 0.00118276	 1.26654	 0.0125603	 1.38613	 0.000737907
48.38	 -0.536821	 0.00114046	 1.28882	 0.0121372	 1.4097	 0.000808114
48.4	 -0.588	 0.00109591	 1.30979	 0.0116881	 1.43073	 0.000873576
48.42	 -0.638464	 0.00104918	 1.32942	 0.0112137	 1.44918	 0.000934313
48.44	 -0.688176	 0.00100034	 1.34765	 0.0107148	 1.46501	 0.000990365
48.46	 -0.737102	 0.000949453	 1.36445	 0.010192	 1.47819	 0.0010418
48.48	 -0.785207	 0.000896603	 1.37978	 0.00964625	 1.48868	 0.00108869
48.5	 -0.832459	 0.000841865	 1.3936	 0.00907847	 1.49646	 0.00113114
48.52	 -0.878823	 0.000785317	 1.40587	 0.00848956	 1.50149	 0.00116926
48.54	 -0.924267	 0.000727041	 1.41656	 0.00788045	 1.50375	 0.00120318
48.56	 -0.968759	 0.000667123	 1.42564	 0.00725217	 1.50321	 0.00123306
48.58	 -1.01227	 0.000605663	 1.4331	 0.00660587	 1.49985	 0.00125904
48.6	 -1.05476	 0.000542761	 1.43889	 0.00594273	 1.49365	 0.00128129
48.62	 -1.09622	 0.000478525	 1.44301	 0.00526403	 1.48462	 0.00129999
48.64	 -1.1366	 0.000413063	 1.44544	 0.00457103	 1.47274	 0.00131533
48.66	 -1.17589	 0.000346482	 1.44616	 0.00386505	 1.45803	 0.00132751
48.68	 -1.21405	 0.000278891	 1.44516	 0.0031474	 1.44049	 0.00133675
48.7	 -1.25106	 0.000210404	 1.44244	 0.00241951	 1.42013	 0.0013433
48.72	 -1.2869	 0.000141139	 1.43799	 0.00168281	 1.39698	 0.00134741
48.74	 -1.32155	 7.12248e-05	 1.4318	 0.000938859	 1.37106	 0.00134932
48.76	 -1.35497	 7.87117e-07	 1.42389	 0.000189177	 1.3424	 0.00134928
48.78	 -1.38716	 -7.00479e-05	 1.41426	 -0.000564698	 1.31106	 0.00134753
48.8	 -1.41809	 -0.000141153	 1.40292	 -0.00132122	 1.27706	 0.00134432
48.82	 -1.44774	 -0.000212406	 1.38988	 -0.00207892	 1.24047	 0.0013399
48.84	 -1.4761	 -0.000283692	 1.37516	 -0.00283637	 1.20133	 0.00133451
48.86	 -1.50314	 -0.000354891	 1.35877	 -0.00359213	 1.15968	 0.00132838
48.88	 -1.52886	 -0.000425876	 1.34074	 -0.00434465	 1.1156	 0.00132178
48.9	 -1.55323	 -0.000496522	 1.3211	 -0.00509244	 1.06915	 0.00131493
48.92	 -1.57624	 -0.000566704	 1.29986	 -0.005834	 1.02039	 0.00130808
48.94	 -1.59788	 -0.000636301	 1.27707	 -0.00656788	 0.969388	 0.00130144
48.96	 -1.61814	 -0.000705189	 1.25276	 -0.0072926	 0.916234	 0.00129527
48.98	 -1.637	 -0.000773247	 1.22696	 -0.0080067	 0.861004	 0.00128979
49	 -1.65446	 -0.000840351	 1.19972	 -0.00870871	 0.803789	 0.00128524
49.02	 -1.67051	 -0.000906376	 1.17108	 -0.00939717	 0.744684	 0.00128183
49.04	 -1.68514	 -0.000971198	 1.14109	 -0.0100707	 0.683789	 0.00127975
49.06	 -1.69835	 -0.0010347	 1.1098	 -0.0107277	 0.621209	 0.0012792
49.08	 -1.71013	 -0.00109675	 1.07726	 -0.0113671	 0.557051	 0.00128035
49.1	 -1.72048	 -0.00115726	 1.04353	 -0.0119876	 0.491425	 0.00128333
49.12	 -1.72939	 -0.00121611	 1.00867	 -0.012588	 0.42444	 0.0012883
49.14	 -1.73687	 -0.00127321	 0.972738	 -0.0131673	 0.356206	 0.00129536
49.16	 -1.74291	 -0.00132846	 0.935794	 -0.0137243	 0.286837	 0.00130465
49.18	 -1.74752	 -0.00138175	 0.897904	 -0.0142579	 0.216449	 0.00131625
49.2	 -1.7507	 -0.00143299	 0.859132	 -0.0147673	 0.14516	 0.00133024
49.22	 -1.75245	 -0.00148209	 0.819547	 -0.0152514	 0.0730903	 0.00134672
49.24	 -1.75277	 -0.00152897	 0.779218	 -0.0157095	 0.000359635	 0.00136574
49.26	 -1.75168	 -0.00157355	 0.738213	 -0.0161406	 -0.0729093	 0.00138737
49.28	 -1.74917	 -0.00161574	 0.696605	 -0.016544	 -0.146592	 0.00141167
49.3	 -1.74527	 -0.00165548	 0.654465	 -0.016919	 -0.220563	 0.00143863
49.32	 -1.73997	 -0.00169269	 0.611867	 -0.017265	 -0.294697	 0.00146828
49.34	 -1.73328	 -0.00172732	 0.568882	 -0.0175815	 -0.368869	 0.0015006
49.36	 -1.72523	 -0.00175926	 0.525576	 -0.0178681	 -0.442974	 0.00153547
49.38	 -1.71584	 -0.00178846	 0.482005	 -0.0181243	 -0.51693	 0.00157279
49.4	 -1.70512	 -0.00181484	 0.438219	 -0.0183501	 -0.590671	 0.00161248
49.42	 -1.69311	 -0.00183837	 0.394264	 -0.0185451	 -0.664137	 0.00165444
49.44	 -1.67984	 -0.001859	 0.350188	 -0.0187092	 -0.737267	 0.0016986
49.46	 -1.66532	 -0.0018767	 0.30604	 -0.0188424	 -0.809996	 0.00174483
49.48	 -1.64959	 -0.00189145	 0.261873	 -0.0189445	 -0.882254	 0.00179302
49.5	 -1.63267	 -0.00190323	 0.217743	 -0.0190157	 -0.953967	 0.00184302
49.52	 -1.61458	 -0.00191202	 0.173706	 -0.0190561	 -1.02506	 0.00189472
49.54	 -1.59536	 -0.0019178	 0.129818	 -0.0190659	 -1.09545	 0.00194794
49.56	 -1.57503	 -0.00192058	 0.0861351	 -0.0190453	 -1.16508	 0.00200253
49.58	 -1.55362	 -0.00192035	 0.0427117	 -0.0189946	 -1.23386	 0.00205833
49.6	 -1.53115	 -0.00191712	 -0.000400398	 -0.0189143	 -1.30175	 0.00211513
49.62	 -1.50767	 -0.0019109	 -0.0431508	 -0.0188049	 -1.36867	 0.00217276
49.64	 -1.4832	 -0.00190171	 -0.0854904	 -0.0186667	 -1.43458	 0.00223101
49.66	 -1.45776	 -0.00188958	 -0.127371	 -0.0185005	 -1.49941	 0.00228969
49.68	 -1.4314	 -0.00187453	 -0.168746	 -0.0183069	 -1.56312	 0.00234858
49.7	 -1.40414	 -0.00185662	 -0.209568	 -0.0180865	 -1.62565	 0.00240746
49.72	 -1.37601	 -0.00183587	 -0.24979	 -0.01784	 -1.68696	 0.00246613
49.74	 -1.34705	 -0.00181234	 -0.289369	 -0.0175682	 -1.747	 0.00252438
49.76	 -1.31728	 -0.00178607	 -0.32826	 -0.017272	 -1.80572	 0.00258198
49.78	 -1.28674	 -0.00175712	 -0.366421	 -0.0169521	 -1.86309	 0.00263872
49.8	 -1.25546	 -0.00172556	 -0.403811	 -0.0166095	 -1.91906	 0.0026944
49.82	 -1.22347	 -0.00169145	 -0.440391	 -0.0162449	 -1.9736	 0.00274879
49.84	 -1.19081	 -0.00165486	 -0.476124	 -0.0158595	 -2.02668	 0.0028017
49.86	 -1.15749	 -0.00161586	 -0.510974	 -0.015454	 -2.07826	 0.00285291
49.88	 -1.12357	 -0.00157454	 -0.544907	 -0.0150296	 -2.12833	 0.00290221
49.9	 -1.08907	 -0.00153096	 -0.577891	 -0.0145871	 -2.17685	 0.00294941
49.92	 -1.05401	 -0.00148523	 -0.609894	 -0.0141278	 -2.22381	 0.0029943
49.94	 -1.01844	 -0.00143743	 -0.640887	 -0.0136525	 -2.26918	 0.00303669
49.96	 -0.982384	 -0.00138765	 -0.670844	 -0.0131624	 -2.31295	 0.00307638
49.98	 -0.945872	 -0.00133599	 -0.699738	 -0.0126585	 -2.35511	 0.00311319
50	 -0.908935	 -0.00128255	 -0.727546	 -0.012142	 -2.39564	 0.00314693
50.02	 -0.871605	 -0.00122744	 -0.754247	 -0.011614	 -2.43453	 0.00317744
50.04	 -0.833912	 -0.00117075	 -0.779819	 -0.0110755	 -2.47179	 0.00320456
50.06	 -0.795887	 -0.00111259	 -0.804245	 -0.0105276	 -2.50741	 0.00322811
50.08	 -0.757559	 -0.00105307	 -0.827509	 -0.00997145	 -2.54138	 0.00324797
50.1	 -0.718958	 -0.000992306	 -0.849598	 -0.00940814	 -2.57371	 0.00326398
50.12	 -0.680113	 -0.000930402	 -0.870497	 -0.00883874	 -2.60441	 0.00327602
50.14	 -0.641053	 -0.000867474	 -0.890199	 -0.00826432	 -2.63348	 0.00328396
50.16	 -0.601807	 -0.000803634	 -0.908693	 -0.00768595	 -2.66092	 0.00328771
50.18	 -0.562402	 -0.000738999	 -0.925974	 -0.00710468	 -2.68676	 0.00328715
50.2	 -0.522867	 -0.000673683	 -0.942036	 -0.00652156	 -2.711	 0.0032822
50.22	 -0.483228	 -0.000607802	 -0.956879	 -0.0059376	 -2.73366	 0.00327277
50.24	 -0.443513	 -0.000541472	 -0.9705	 -0.00535381	 -2.75475	 0.00325879
50.26	 -0.403748	 -0.00047481	 -0.982902	 -0.00477119	 -2.7743	 0.00324021
50.28	 -0.363959	 -0.000407931	 -0.994088	 -0.00419071	 -2.79233	 0.00321696
50.3	 -0.324171	 -0.000340953	 -1.00406	 -0.00361331	 -2.80885	 0.00318901
50.32	 -0.284408	 -0.000273957	 -1.01284	 -0.00303993	 -2.82391	 0.00315626
50.34	 -0.244694	 -0.00020704	 -1.02042	 -0.00247148	 -2.83753	 0.00311866
50.36	 -0.20505	 -0.000140297	 -1.02684	 -0.00190886	 -2.84976	 0.00307617
50.38	 -0.165498	 -7.38235e-05	 -1.03211	 -0.00135293	 -2.86064	 0.00302875
50.4	 -0.126058	 -7.71755e-06	 -1.03624	 -0.000804514	 -2.87021	 0.00297639
50.42	 -0.0867543	 5.7924e-05	 -1.03927	 -0.000264425	 -2.87851	 0.0029191
50.44	 -0.0476062	 0.000123006	 -1.04121	 0.000266568	 -2.88559	 0.00285688
50.46	 -0.0086352	 0.000187436	 -1.04208	 0.000787724	 -2.89147	 0.00278974
50.48	 0.0301381	 0.000251125	 -1.0419	 0.00129833	 -2.89619	 0.00271771
50.5	 0.0686937	 0.000313988	 -1.04071	 0.00179771	 -2.8998	 0.00264082
50.52	 0.107012	 0.000375943	 -1.03852	 0.00228521	 -2.90234	 0.00255911
50.54	 0.145074	 0.000436909	 -1.03536	 0.00276022	 -2.90384	 0.00247262
50.56	 0.18286	 0.00049681	 -1.03125	 0.00322214	 -2.90435	 0.00238142
50.58	 0.220354	 0.000555571	 -1.02624	 0.00367044	 -2.9039	 0.00228558
50.6	 0.257535	 0.000613121	 -1.02034	 0.00410458	 -2.90254	 0.00218517
50.62	 0.294388	 0.00066939	 -1.01359	 0.00452409	 -2.9003	 0.00208028
50.64	 0.330895	 0.000724314	 -1.00602	 0.00492852	 -2.89723	 0.00197101
50.66	 0.367038	 0.000777829	 -0.997665	 0.00531745	 -2.89336	 0.00185746
50.68	 0.402802	 0.000829877	 -0.988553	 0.00569052	 -2.88874	 0.00173974
50.7	 0.438171	 0.0008804	 -0.978721	 0.00604736	 -2.88339	 0.00161798
50.72	 0.47313	 0.000929346	 -0.968204	 0.00638769	 -2.87736	 0.00149229
50.74	 0.507663	 0.000976754	 -0.957036	 0.0067112	 -2.87069	 0.00136265
50.76	 0.541755	 0.00102251	 -0.945254	 0.00701765	 -2.8634	 0.00122934
50.78	 0.575393	 0.00106656	 -0.932894	 0.00730684	 -2.85555	 0.00109253
50.8	 0.608563	 0.00110885	 -0.919994	 0.00757861	 -2.84716	 0.000952418
50.82	 0.641251	 0.00114934	 -0.906591	 0.00783284	 -2.83826	 0.000809173
50.84	 0.673445	 0.001188	 -0.892724	 0.00806942	 -2.8289	 0.000662956
50.86	 0.705131	 0.00122478	 -0.878434	 0.00828831	 -2.81911	 0.000513972
50.88	 0.736285	 0.00125966	 -0.863776	 0.00848949	 -2.80895	 0.000362404
50.9	 0.766888	 0.00129255	 -0.848804	 0.00867299	 -2.7985	 0.000208585
50.92	 0.79691	 0.00132251	 -0.833589	 0.00883901	 -2.78784	 5.45815e-05
50.94	 0.826331	 0.00135037	 -0.818191	 0.00898769	 -2.77706	 -0.000101232
50.96	 0.855126	 0.00137548	 -0.802681	 0.00911925	 -2.76625	 -0.000257341
50.98	 0.883277	 0.00139875	 -0.787121	 0.00923374	 -2.75548	 -0.000415465
51	 0.910762	 0.00141977	 -0.771574	 0.00933127	 -2.74483	 -0.000574465
51.02	 0.937566	 0.00143906	 -0.756097	 0.00941413	 -2.73435	 -0.000734529
51.04	 0.96368	 0.00145617	 -0.740752	 0.0094817	 -2.72411	 -0.000894653
51.06	 0.989095	 0.00147121	 -0.725602	 0.00953416	 -2.71415	 -0.00105483
51.08	 1.01381	 0.00148396	 -0.71071	 0.0095718	 -2.70453	 -0.00121446
51.1	 1.0378	 0.00149446	 -0.696142	 0.00959494	 -2.6953	 -0.00137345
51.12	 1.06109	 0.0015027	 -0.68196	 0.00960393	 -2.68651	 -0.00153157
51.14	 1.08364	 0.00150869	 -0.66823	 0.00959908	 -2.67821	 -0.00168862
51.16	 1.10545	 0.00151249	 -0.655013	 0.00958067	 -2.67047	 -0.00184446
51.18	 1.12652	 0.0015141	 -0.642371	 0.00954902	 -2.66333	 -0.00199877
51.2	 1.14684	 0.00151358	 -0.630364	 0.00950441	 -2.65685	 -0.00215142
51.22	 1.16639	 0.00151092	 -0.619051	 0.0094472	 -2.65108	 -0.00230205
51.24	 1.18517	 0.00150619	 -0.60849	 0.00937776	 -2.64607	 -0.00245051
51.26	 1.20318	 0.00149939	 -0.598735	 0.00929651	 -2.64188	 -0.00259652
51.28	 1.2204	 0.00149057	 -0.589843	 0.00920387	 -2.63854	 -0.00273991
51.3	 1.23683	 0.00147978	 -0.581866	 0.00910029	 -2.63609	 -0.00288046
51.32	 1.25248	 0.00146706	 -0.574854	 0.00898622	 -2.63457	 -0.003018
51.34	 1.26732	 0.00145246	 -0.568859	 0.00886212	 -2.63403	 -0.00315231
51.36	 1.28136	 0.00143604	 -0.563926	 0.00872846	 -2.63448	 -0.00328318
51.38	 1.29459	 0.00141785	 -0.560102	 0.00858571	 -2.63597	 -0.00341043
51.4	 1.30701	 0.00139795	 -0.557429	 0.00843435	 -2.63852	 -0.00353385
51.42	 1.31861	 0.0013764	 -0.555948	 0.0082749	 -2.64216	 -0.00365325
51.44	 1.32939	 0.00135325	 -0.555697	 0.00810784	 -2.6469	 -0.00376844
51.46	 1.33935	 0.00132859	 -0.556711	 0.00793369	 -2.65278	 -0.00387927
51.48	 1.34849	 0.00130246	 -0.559025	 0.00775297	 -2.65981	 -0.00398556
51.5	 1.3568	 0.00127495	 -0.562667	 0.00756621	 -2.66799	 -0.00408715
51.52	 1.36428	 0.00124612	 -0.567668	 0.00737391	 -2.67734	 -0.00418388
51.54	 1.37093	 0.00121606	 -0.57405	 0.0071766	 -2.68786	 -0.00427561
51.56	 1.37676	 0.00118484	 -0.581838	 0.0069748	 -2.69956	 -0.00436222
51.58	 1.38175	 0.00115254	 -0.591051	 0.00676904	 -2.71244	 -0.00444356
51.6	 1.38591	 0.00111924	 -0.601706	 0.00655983	 -2.72649	 -0.00451951
51.62	 1.38925	 0.00108502	 -0.613817	 0.0063477	 -2.7417	 -0.00458997
51.64	 1.39175	 0.00104998	 -0.627394	 0.00613316	 -2.75807	 -0.00465483
51.66	 1.39342	 0.00101419	 -0.642447	 0.00591675	 -2.77557	 -0.004714
51.68	 1.39427	 0.000977748	 -0.65898	 0.00569898	 -2.7942	 -0.00476739
51.7	 1.3943	 0.000940733	 -0.676997	 0.00548035	 -2.81394	 -0.00481492
51.72	 1.3935	 0.000903238	 -0.696495	 0.00526138	 -2.83475	 -0.00485654
51.74	 1.39188	 0.000865352	 -0.717473	 0.00504256	 -2.85662	 -0.00489217
51.76	 1.38945	 0.000827165	 -0.739923	 0.00482438	 -2.87951	 -0.00492179
51.78	 1.3862	 0.000788765	 -0.763837	 0.00460732	 -2.9034	 -0.00494535
51.8	 1.38214	 0.000750245	 -0.789203	 0.00439182	 -2.92824	 -0.00496283
51.82	 1.37728	 0.000711693	 -0.816006	 0.00417835	 -2.954	 -0.00497421
51.84	 1.37162	 0.000673198	 -0.844228	 0.00396733	 -2.98064	 -0.0049795
51.86	 1.36516	 0.000634848	 -0.873851	 0.00375917	 -3.00812	 -0.00497869
51.88	 1.35791	 0.000596732	 -0.90485	 0.00355427	 -3.03639	 -0.00497181
51.9	 1.34988	 0.000558935	 -0.937201	 0.00335299	 -3.06541	 -0.00495889
51.92	 1.34107	 0.000521544	 -0.970876	 0.0031557	 -3.09513	 -0.00493996
51.94	 1.33148	 0.000484641	 -1.00584	 0.00296273	 -3.12549	 -0.00491508
51.96	 1.32113	 0.00044831	 -1.04207	 0.00277439	 -3.15644	 -0.0048843
51.98	 1.31002	 0.000412631	 -1.07953	 0.00259097	 -3.18793	 -0.0048477
52	 1.29815	 0.000377685	 -1.11817	 0.00241272	 -3.21989	 -0.00480536
52.02	 1.28554	 0.000343549	 -1.15797	 0.0022399	 -3.25228	 -0.00475736
52.04	 1.2722	 0.000310299	 -1.19887	 0.00207272	 -3.28503	 -0.00470383
52.06	 1.25812	 0.000278011	 -1.24084	 0.00191138	 -3.31809	 -0.00464486
52.08	 1.24332	 0.000246759	 -1.28383	 0.00175605	 -3.35138	 -0.00458059
52.1	 1.22781	 0.000216618	 -1.32779	 0.00160687	 -3.38486	 -0.00451116
52.12	 1.21159	 0.00018773	 -1.37269	 0.00146397	 -3.41846	 -0.00443688
52.14	 1.19468	 0.000160137	 -1.41849	 0.00132744	 -3.45216	 -0.00435782
52.16	 1.17708	 0.000133864	 -1.46514	 0.00119736	 -3.48591	 -0.00427407
52.18	 1.1588	 0.000108913	 -1.51262	 0.0010738	 -3.51968	 -0.00418569
52.2	 1.13986	 8.52786e-05	 -1.56087	 0.000956818	 -3.55342	 -0.00409274
52.22	 1.12025	 6.29557e-05	 -1.60985	 0.000846468	 -3.58709	 -0.00399531
52.24	 1.09999	 4.19444e-05	 -1.65952	 0.000742764	 -3.62063	 -0.00389351
52.26	 1.0791	 2.22487e-05	 -1.70982	 0.000645698	 -3.654	 -0.00378746
52.28	 1.05757	 3.87311e-06	 -1.76071	 0.000555223	 -3.68714	 -0.0036773
52.3	 1.03543	 -1.3181e-05	 -1.81213	 0.000471263	 -3.72	 -0.00356318
52.32	 1.01268	 -2.89189e-05	 -1.86402	 0.000393719	 -3.75252	 -0.00344523
52.34	 0.989333	 -4.33543e-05	 -1.91634	 0.000322468	 -3.78466	 -0.00332358
52.36	 0.965404	 -5.70026e-05	 -1.96903	 0.000257433	 -3.81638	 -0.00319736
52.38	 0.940906	 -7.00059e-05	 -2.02206	 0.000198559	 -3.84763	 -0.00306651
52.4	 0.915854	 -8.24709e-05	 -2.07536	 0.000145787	 -3.8784	 -0.0029311
52.42	 0.890262	 -9.44174e-05	 -2.1289	 9.9e-05	 -3.90864	 -0.00279135
52.44	 0.864147	 -0.000105819	 -2.18263	 5.80023e-05	 -3.93832	 -0.00264755
52.46	 0.837522	 -0.000116647	 -2.2365	 2.2524e-05	 -3.96741	 -0.00249999
52.48	 0.810402	 -0.000126893	 -2.29047	 -7.75607e-06	 -3.99587	 -0.00234887
52.5	 0.782803	 -0.000136583	 -2.34448	 -3.31652e-05	 -4.02366	 -0.00219436
52.52	 0.754739	 -0.000145768	 -2.39848	 -5.40167e-05	 -4.05075	 -0.00203658
52.54	 0.726226	 -0.00015456	 -2.45241	 -7.05147e-05	 -4.07709	 -0.00187543
52.56	 0.69728	 -0.000162999	 -2.50624	 -8.31097e-05	 -4.10265	 -0.00171126
52.58	 0.66792	 -0.000171077	 -2.5599	 -9.20103e-05	 -4.1274	 -0.00154451
52.6	 0.638165	 -0.000178877	 -2.61334	 -9.73276e-05	 -4.15132	 -0.0013752
52.62	 0.608037	 -0.000186427	 -2.66653	 -9.9482e-05	 -4.17437	 -0.00120365
52.64	 0.577552	 -0.000193822	 -2.71941	 -9.8787e-05	 -4.19652	 -0.00102987
52.66	 0.546728	 -0.000201111	 -2.77193	 -9.57515e-05	 -4.21775	 -0.000854118
52.68	 0.515579	 -0.000208365	 -2.82404	 -9.07328e-05	 -4.23801	 -0.000676513
52.7	 0.484121	 -0.000215931	 -2.8757	 -8.64323e-05	 -4.25727	 -0.000497479
52.72	 0.452367	 -0.000223737	 -2.92686	 -8.20178e-05	 -4.27551	 -0.000317137
52.74	 0.42032	 -0.0002326	 -2.97749	 -7.76258e-05	 -4.2927	 -0.00013413
52.76	 0.387984	 -0.000241781	 -3.02759	 -7.33849e-05	 -4.30888	 4.97348e-05
52.78	 0.355363	 -0.000251651	 -3.07712	 -6.95714e-05	 -4.32405	 0.000234989
52.8	 0.322459	 -0.000261772	 -3.12609	 -6.64861e-05	 -4.33824	 0.000420544
52.82	 0.289277	 -0.000272143	 -3.17446	 -6.45094e-05	 -4.35147	 0.000606224
52.84	 0.255824	 -0.000282665	 -3.22223	 -6.39815e-05	 -4.36374	 0.000791667
52.86	 0.222109	 -0.000293398	 -3.26936	 -6.52114e-05	 -4.37506	 0.000976793
52.88	 0.188138	 -0.000304462	 -3.31584	 -6.84268e-05	 -4.38542	 0.00116161
52.9	 0.153922	 -0.000315881	 -3.36163	 -7.38106e-05	 -4.39483	 0.00134588
52.92	 0.119468	 -0.000327706	 -3.40672	 -8.15332e-05	 -4.40328	 0.00152942
52.94	 0.0847852	 -0.000339955	 -3.45107	 -9.17757e-05	 -4.41077	 0.001712
52.96	 0.0498811	 -0.000352651	 -3.49468	 -0.000104756	 -4.41731	 0.00189341
52.98	 0.0147635	 -0.000365811	 -3.53751	 -0.000120715	 -4.4229	 0.00207345
53	 -0.0205597	 -0.000379426	 -3.57955	 -0.000139923	 -4.42755	 0.0022519
53.02	 -0.0560808	 -0.000393492	 -3.62079	 -0.00016265	 -4.43125	 0.00242855
53.04	 -0.0917914	 -0.000407951	 -3.6612	 -0.000189168	 -4.43402	 0.00260307
53.06	 -0.127683	 -0.000422963	 -3.70076	 -0.00021972	 -4.43585	 0.0027756
53.08	 -0.163747	 -0.000438474	 -3.73946	 -0.000254532	 -4.43674	 0.00294581
53.1	 -0.199975	 -0.000454613	 -3.77729	 -0.000293809	 -4.43671	 0.00311375
53.12	 -0.236358	 -0.000471312	 -3.81421	 -0.000337753	 -4.43573	 0.00327907
53.14	 -0.272886	 -0.000488579	 -3.85022	 -0.00038658	 -4.43382	 0.0034416
53.16	 -0.309551	 -0.000506424	 -3.8853	 -0.000440512	 -4.43097	 0.00360118
53.18	 -0.346344	 -0.000524858	 -3.91944	 -0.000499783	 -4.42719	 0.00375767
53.2	 -0.383255	 -0.000543918	 -3.95261	 -0.000564618	 -4.42246	 0.00391102
53.22	 -0.420275	 -0.000563615	 -3.98482	 -0.000635264	 -4.41679	 0.00406111
53.24	 -0.457396	 -0.000583907	 -4.01603	 -0.000711419	 -4.41018	 0.00420786
53.26	 -0.494605	 -0.000608046	 -4.04625	 -0.000819122	 -4.40262	 0.0043513
53.28	 -0.531894	 -0.000632314	 -4.07545	 -0.000924534	 -4.39411	 0.00449297
53.3	 -0.569253	 -0.000657323	 -4.10363	 -0.00103536	 -4.38464	 0.00463148
53.32	 -0.606674	 -0.000682541	 -4.13078	 -0.00114424	 -4.3742	 0.00477072
53.34	 -0.644149	 -0.000708046	 -4.15688	 -0.00125399	 -4.36275	 0.0049108
53.36	 -0.681668	 -0.000734266	 -4.18193	 -0.00136905	 -4.35028	 0.00505199
53.38	 -0.719221	 -0.000760706	 -4.20591	 -0.0014854	 -4.33674	 0.00519427
53.4	 -0.756798	 -0.000787492	 -4.22881	 -0.00160416	 -4.32213	 0.00533705
53.42	 -0.79439	 -0.000814438	 -4.25064	 -0.00172326	 -4.30641	 0.00547993
53.44	 -0.831985	 -0.000841712	 -4.27137	 -0.00184358	 -4.28956	 0.00562261
53.46	 -0.869573	 -0.000869372	 -4.29101	 -0.00196493	 -4.27157	 0.00576511
53.48	 -0.907144	 -0.000897451	 -4.30956	 -0.00208727	 -4.25241	 0.00590753
53.5	 -0.944684	 -0.000925948	 -4.32699	 -0.00221063	 -4.23208	 0.00605
53.52	 -0.982185	 -0.000954814	 -4.34332	 -0.00233494	 -4.21054	 0.00619255
53.54	 -1.01963	 -0.000984039	 -4.35854	 -0.00246056	 -4.18779	 0.00633518
53.56	 -1.05702	 -0.00101359	 -4.37265	 -0.00258759	 -4.16381	 0.00647783
53.58	 -1.09433	 -0.00104347	 -4.38563	 -0.00271611	 -4.13857	 0.00662044
53.6	 -1.13155	 -0.00107366	 -4.3975	 -0.002846	 -4.11205	 0.00676298
53.62	 -1.16866	 -0.00110416	 -4.40826	 -0.00297719	 -4.08426	 0.00690538
53.64	 -1.20567	 -0.00113496	 -4.4179	 -0.00310961	 -4.05516	 0.00704762
53.66	 -1.24255	 -0.0011661	 -4.42643	 -0.0032433	 -4.02474	 0.00718968
53.68	 -1.27928	 -0.00119755	 -4.43384	 -0.00337827	 -3.99299	 0.00733153
53.7	 -1.31586	 -0.00122932	 -4.44015	 -0.00351448	 -3.95989	 0.00747318
53.72	 -1.35228	 -0.00126136	 -4.44535	 -0.00365151	 -3.92544	 0.00761469
53.74	 -1.38851	 -0.00129375	 -4.44945	 -0.00379069	 -3.88963	 0.00775572
53.76	 -1.42454	 -0.00132636	 -4.45246	 -0.00393048	 -3.85243	 0.00789651
53.78	 -1.46036	 -0.00135937	 -4.45438	 -0.0040732	 -3.81385	 0.0080365
53.8	 -1.49596	 -0.00139259	 -4.45522	 -0.00421668	 -3.77388	 0.00817608
53.82	 -1.53131	 -0.00142611	 -4.45499	 -0.00436191	 -3.7325	 0.00831508
53.84	 -1.56641	 -0.00145983	 -4.45369	 -0.0045078	 -3.68971	 0.00845374
53.86	 -1.60124	 -0.00149382	 -4.45133	 -0.00465521	 -3.6455	 0.00859191
53.88	 -1.63578	 -0.00152803	 -4.44793	 -0.00480389	 -3.59988	 0.00872958
53.9	 -1.67002	 -0.00156249	 -4.4435	 -0.00495431	 -3.55284	 0.00886657
53.92	 -1.70394	 -0.00159717	 -4.43804	 -0.00510622	 -3.50438	 0.00900284
53.94	 -1.73752	 -0.00163206	 -4.43157	 -0.00525954	 -3.4545	 0.00913832
53.96	 -1.77076	 -0.00166712	 -4.4241	 -0.00541406	 -3.4032	 0.00927304
53.98	 -1.80363	 -0.00170236	 -4.41564	 -0.00556976	 -3.35049	 0.009407
54	 -1.83612	 -0.00173777	 -4.40622	 -0.00572666	 -3.29636	 0.00954017
54.02	 -1.86821	 -0.00177333	 -4.39583	 -0.00588482	 -3.24083	 0.00967251
54.04	 -1.89989	 -0.00180903	 -4.3845	 -0.00604426	 -3.18391	 0.00980394
54.06	 -1.93114	 -0.00184485	 -4.37225	 -0.00620491	 -3.1256	 0.00993442
54.08	 -1.96194	 -0.00188078	 -4.35908	 -0.00636671	 -3.06591	 0.0100639
54.1	 -1.99227	 -0.0019168	 -4.34502	 -0.00652955	 -3.00487	 0.0101923
54.12	 -2.02213	 -0.00195288	 -4.33009	 -0.00669339	 -2.94249	 0.0103197
54.14	 -2.05149	 -0.00198903	 -4.31429	 -0.00685818	 -2.87877	 0.010446
54.16	 -2.08034	 -0.00202522	 -4.29766	 -0.00702389	 -2.81375	 0.0105711
54.18	 -2.10866	 -0.00206143	 -4.2802	 -0.00719047	 -2.74744	 0.010695
54.2	 -2.13644	 -0.00209764	 -4.26195	 -0.00735787	 -2.67987	 0.0108177
54.22	 -2.16365	 -0.00213384	 -4.24291	 -0.00752602	 -2.61105	 0.0109391
54.24	 -2.19029	 -0.00217	 -4.22311	 -0.00769484	 -2.54103	 0.0110592
54.26	 -2.21634	 -0.00220611	 -4.20257	 -0.00786427	 -2.46981	 0.0111779
54.28	 -2.24177	 -0.00224215	 -4.18131	 -0.00803425	 -2.39744	 0.0112952
54.3	 -2.26658	 -0.0022781	 -4.15936	 -0.00820472	 -2.32395	 0.011411
54.32	 -2.29075	 -0.00231393	 -4.13672	 -0.00837562	 -2.24936	 0.0115254
54.34	 -2.31427	 -0.00234963	 -4.11344	 -0.00854688	 -2.17372	 0.0116381
54.36	 -2.33711	 -0.00238518	 -4.08952	 -0.00871843	 -2.09705	 0.0117494
54.38	 -2.35927	 -0.00242055	 -4.06499	 -0.00889021	 -2.0194	 0.0118589
54.4	 -2.38073	 -0.00245573	 -4.03988	 -0.00906216	 -1.9408	 0.0119668
54.42	 -2.40148	 -0.00249069	 -4.0142	 -0.00923419	 -1.8613	 0.012073
54.44	 -2.42149	 -0.00252541	 -3.98798	 -0.00940623	 -1.78093	 0.0121774
54.46	 -2.44076	 -0.00255988	 -3.96125	 -0.00957823	 -1.69973	 0.01228
54.48	 -2.45928	 -0.00259406	 -3.93402	 -0.00975011	 -1.61774	 0.0123808
54.5	 -2.47703	 -0.00262794	 -3.90633	 -0.00992178	 -1.53502	 0.0124797
54.52	 -2.49399	 -0.00266148	 -3.87819	 -0.0100932	 -1.4516	 0.0125766
54.54	 -2.51016	 -0.00269468	 -3.84962	 -0.0102642	 -1.36753	 0.0126716
54.56	 -2.52553	 -0.00272751	 -3.82066	 -0.0104348	 -1.28286	 0.0127645
54.58	 -2.54007	 -0.00275994	 -3.79133	 -0.010605	 -1.19762	 0.0128554
54.6	 -2.55378	 -0.00279195	 -3.76165	 -0.0107745	 -1.11188	 0.0129442
54.62	 -2.56666	 -0.00282351	 -3.73164	 -0.0109433	 -1.02567	 0.0130309
54.64	 -2.57868	 -0.00285461	 -3.70133	 -0.0111113	 -0.939047	 0.0131154
54.66	 -2.58983	 -0.00288522	 -3.67074	 -0.0112785	 -0.852059	 0.0131977
54.68	 -2.60012	 -0.00291532	 -3.63989	 -0.0114448	 -0.764755	 0.0132777
54.7	 -2.60953	 -0.00294489	 -3.60882	 -0.01161	 -0.677186	 0.0133555
54.72	 -2.61804	 -0.0029739	 -3.57753	 -0.0117742	 -0.589401	 0.0134309
54.74	 -2.62566	 -0.00300233	 -3.54606	 -0.0119371	 -0.501451	 0.013504
54.76	 -2.63237	 -0.00303014	 -3.51443	 -0.0120987	 -0.413387	 0.0135746
54.78	 -2.63817	 -0.00305732	 -3.48266	 -0.0122589	 -0.325262	 0.0136429
54.8	 -2.64304	 -0.00308382	 -3.45078	 -0.0124177	 -0.237124	 0.0137086
54.82	 -2.64699	 -0.00310963	 -3.4188	 -0.0125749	 -0.149028	 0.0137717
54.84	 -2.65001	 -0.00313471	 -3.38674	 -0.0127304	 -0.061023	 0.0138323
54.86	 -2.65209	 -0.00315903	 -3.35464	 -0.0128843	 0.0268384	 0.0138903
54.88	 -2.65322	 -0.00318257	 -3.32251	 -0.0130363	 0.114505	 0.0139456
54.9	 -2.65341	 -0.0032053	 -3.29037	 -0.0131864	 0.201926	 0.0139981
54.92	 -2.65264	 -0.00322718	 -3.25824	 -0.0133345	 0.289049	 0.0140479
54.94	 -2.65092	 -0.00324818	 -3.22614	 -0.0134805	 0.375824	 0.0140949
54.96	 -2.64824	 -0.00326828	 -3.1941	 -0.0136243	 0.4622	 0.0141391
54.98	 -2.6446	 -0.00328744	 -3.16213	 -0.0137659	 0.548128	 0.0141803
55	 -2.64	 -0.00330564	 -3.13025	 -0.0139051	 0.633557	 0.0142186
55.02	 -2.63443	 -0.00332283	 -3.09848	 -0.0140419	 0.718437	 0.0142539
55.04	 -2.6279	 -0.00333899	 -3.06684	 -0.0141761	 0.80272	 0.0142862
55.06	 -2.6204	 -0.00335408	 -3.03534	 -0.0143078	 0.886357	 0.0143154
55.08	 -2.61195	 -0.00336808	 -3.004	 -0.0144367	 0.9693	 0.0143415
55.1	 -2.60253	 -0.00338093	 -2.97285	 -0.0145629	 1.0515	 0.0143644
55.12	 -2.59214	 -0.00339262	 -2.94189	 -0.0146862	 1.13292	 0.014384
55.14	 -2.5808	 -0.0034031	 -2.91114	 -0.0148064	 1.2135	 0.0144004
55.16	 -2.56851	 -0.00341233	 -2.88062	 -0.0149236	 1.2932	 0.0144135
55.18	 -2.55526	 -0.00342022	 -2.85034	 -0.0150372	 1.37197	 0.0144232
55.2	 -2.54107	 -0.00342681	 -2.82032	 -0.0151477	 1.44978	 0.0144294
55.22	 -2.52593	 -0.00343206	 -2.79057	 -0.0152549	 1.52658	 0.0144323
55.24	 -2.50985	 -0.00343594	 -2.76109	 -0.0153588	 1.60233	 0.0144316
55.26	 -2.49284	 -0.00343841	 -2.73192	 -0.0154591	 1.67698	 0.0144274
55.28	 -2.4749	 -0.00343943	 -2.70305	 -0.0155558	 1.7505	 0.0144196
55.3	 -2.45604	 -0.00343898	 -2.67449	 -0.0156489	 1.82285	 0.0144082
55.32	 -2.43627	 -0.00343702	 -2.64627	 -0.0157382	 1.89399	 0.0143931
55.34	 -2.4156	 -0.00343351	 -2.61839	 -0.0158236	 1.96387	 0.0143743
55.36	 -2.39403	 -0.00342843	 -2.59085	 -0.015905	 2.03248	 0.0143518
55.38	 -2.37157	 -0.00342175	 -2.56367	 -0.0159824	 2.09977	 0.0143256
55.4	 -2.34824	 -0.00341343	 -2.53685	 -0.0160557	 2.1657	 0.0142955
55.42	 -2.32404	 -0.00340345	 -2.51041	 -0.0161248	 2.23025	 0.0142616
55.44	 -2.29898	 -0.00339179	 -2.48435	 -0.0161895	 2.29339	 0.0142239
55.46	 -2.27308	 -0.00337842	 -2.45867	 -0.0162498	 2.35509	 0.0141824
55.48	 -2.24634	 -0.00336333	 -2.43338	 -0.0163056	 2.41531	 0.0141369
55.5	 -2.21878	 -0.00334648	 -2.40849	 -0.0163569	 2.47403	 0.0140875
55.52	 -2.19042	 -0.00332786	 -2.384	 -0.0164034	 2.53124	 0.0140343
55.54	 -2.16125	 -0.00330745	 -2.35991	 -0.0164452	 2.58689	 0.0139771
55.56	 -2.13131	 -0.00328534	 -2.33622	 -0.0164821	 2.64098	 0.0139162
55.58	 -2.1006	 -0.00326144	 -2.31294	 -0.0165141	 2.69348	 0.0138514
55.6	 -2.06913	 -0.00323573	 -2.29006	 -0.016541	 2.74437	 0.0137827
55.62	 -2.03692	 -0.00320818	 -2.26759	 -0.0165628	 2.79364	 0.0137102
55.64	 -2.00399	 -0.00317878	 -2.24553	 -0.0165794	 2.84127	 0.0136336
55.66	 -1.97036	 -0.00314753	 -2.22387	 -0.0165907	 2.88725	 0.0135533
55.68	 -1.93603	 -0.00311444	 -2.20261	 -0.0165966	 2.93157	 0.013469
55.7	 -1.90102	 -0.0030795	 -2.18175	 -0.0165971	 2.97421	 0.013381
55.72	 -1.86536	 -0.00304275	 -2.16128	 -0.0165921	 3.01517	 0.0132892
55.74	 -1.82905	 -0.00300418	 -2.1412	 -0.0165814	 3.05445	 0.0131937
55.76	 -1.79212	 -0.00296381	 -2.1215	 -0.0165651	 3.09204	 0.0130945
55.78	 -1.75458	 -0.00292166	 -2.10217	 -0.0165429	 3.12794	 0.0129917
55.8	 -1.71645	 -0.00287774	 -2.08321	 -0.0165148	 3.16215	 0.0128854
55.82	 -1.67775	 -0.00283207	 -2.06461	 -0.0164808	 3.19468	 0.0127755
55.84	 -1.6385	 -0.00278468	 -2.04636	 -0.0164407	 3.22552	 0.0126622
55.86	 -1.59872	 -0.00273561	 -2.02844	 -0.0163946	 3.25469	 0.0125456
55.88	 -1.55841	 -0.00268487	 -2.01086	 -0.0163423	 3.28219	 0.0124257
55.9	 -1.51762	 -0.0026325	 -1.99358	 -0.0162838	 3.30804	 0.0123026
55.92	 -1.47634	 -0.00257854	 -1.9766	 -0.0162189	 3.33226	 0.0121765
55.94	 -1.43461	 -0.00252304	 -1.95991	 -0.0161476	 3.35484	 0.0120473
55.96	 -1.39244	 -0.00246604	 -1.94349	 -0.0160699	 3.37582	 0.0119153
55.98	 -1.34985	 -0.00240758	 -1.92733	 -0.0159858	 3.3952	 0.0117805
56	 -1.30685	 -0.00234773	 -1.9114	 -0.0158952	 3.41303	 0.0116429
56.02	 -1.26348	 -0.00228652	 -1.8957	 -0.0157981	 3.4293	 0.0115029
56.04	 -1.21975	 -0.00222402	 -1.8802	 -0.0156943	 3.44406	 0.0113603
56.06	 -1.17568	 -0.00216027	 -1.86488	 -0.015584	 3.45732	 0.0112155
56.08	 -1.13128	 -0.00209533	 -1.84972	 -0.0154669	 3.46912	 0.0110684
56.1	 -1.08658	 -0.0020293	 -1.83471	 -0.0153437	 3.47949	 0.0109192
56.12	 -1.0416	 -0.00196214	 -1.81981	 -0.0152132	 3.48846	 0.0107679
56.14	 -0.996358	 -0.00189409	 -1.80502	 -0.0150773	 3.49605	 0.0106149
56.16	 -0.950871	 -0.00182504	 -1.79031	 -0.0149341	 3.50232	 0.01046
56.18	 -0.90516	 -0.00175514	 -1.77565	 -0.0147847	 3.50728	 0.0103035
56.2	 -0.859244	 -0.00168433	 -1.76103	 -0.0146281	 3.51098	 0.0101455
56.22	 -0.813142	 -0.00161274	 -1.74641	 -0.014465	 3.51346	 0.00998603
56.24	 -0.766873	 -0.00154039	 -1.73179	 -0.0142949	 3.51476	 0.00982528
56.26	 -0.720458	 -0.00146739	 -1.71712	 -0.0141186	 3.5149	 0.00966336
56.28	 -0.673913	 -0.00139377	 -1.7024	 -0.0139356	 3.51394	 0.00950037
56.3	 -0.627259	 -0.00131966	 -1.68758	 -0.0137461	 3.51192	 0.0093365
56.32	 -0.580513	 -0.0012451	 -1.67266	 -0.01355	 3.50887	 0.00917191
56.34	 -0.533694	 -0.00117018	 -1.65761	 -0.0133474	 3.50483	 0.00900671
56.36	 -0.486801	 -0.00109481	 -1.64241	 -0.0131371	 3.49984	 0.00884112
56.38	 -0.439828	 -0.0010192	 -1.62705	 -0.0129197	 3.49391	 0.0086755
56.4	 -0.392768	 -0.000943973	 -1.61152	 -0.0126952	 3.48707	 0.00851109
56.42	 -0.34561	 -0.00086868	 -1.59583	 -0.0124638	 3.47935	 0.00834686
56.44	 -0.29835	 -0.000793717	 -1.57995	 -0.0122255	 3.47079	 0.00818356
56.46	 -0.250985	 -0.000718686	 -1.56388	 -0.0119805	 3.46144	 0.00802031
56.48	 -0.203513	 -0.000643717	 -1.54761	 -0.011729	 3.45132	 0.00785738
56.5	 -0.155935	 -0.000568766	 -1.53112	 -0.0114713	 3.44048	 0.00769471
56.52	 -0.108252	 -0.000493949	 -1.51439	 -0.0112076	 3.42895	 0.00753254
56.54	 -0.0604608	 -0.00041936	 -1.49742	 -0.0109381	 3.41676	 0.00737103
56.56	 -0.0125611	 -0.000345075	 -1.48019	 -0.0106628	 3.40396	 0.00721028
56.58	 0.03545	 -0.000271174	 -1.46269	 -0.0103821	 3.39056	 0.00705038
56.6	 0.0835753	 -0.000197713	 -1.44492	 -0.0100959	 3.37662	 0.00689138
56.62	 0.131817	 -0.000124767	 -1.42685	 -0.00980453	 3.36216	 0.00673338
56.64	 0.180178	 -5.23567e-05	 -1.40848	 -0.00950818	 3.34722	 0.00657635
56.66	 0.228658	 1.94239e-05	 -1.3898	 -0.00920709	 3.33185	 0.00642046
56.68	 0.27726	 9.05299e-05	 -1.37081	 -0.0089015	 3.31606	 0.00626575
56.7	 0.325979	 0.00016087	 -1.3515	 -0.00859165	 3.29987	 0.00611236
56.72	 0.374814	 0.000230411	 -1.33187	 -0.00827778	 3.2833	 0.00596031
56.74	 0.423756	 0.000299152	 -1.31195	 -0.00796016	 3.26634	 0.00580953
56.76	 0.472798	 0.000367014	 -1.29173	 -0.00763902	 3.24898	 0.00566012
56.78	 0.521931	 0.000433968	 -1.27125	 -0.00731465	 3.23119	 0.00551209
56.8	 0.571141	 0.000499925	 -1.25052	 -0.0069873	 3.21294	 0.00536555
56.82	 0.620418	 0.000564842	 -1.22955	 -0.00665725	 3.19422	 0.0052205
56.84	 0.669747	 0.000628651	 -1.20838	 -0.00632479	 3.175	 0.005077
56.86	 0.719115	 0.000691315	 -1.18701	 -0.00599023	 3.15527	 0.00493504
56.88	 0.768506	 0.000752775	 -1.16547	 -0.00565389	 3.135	 0.00479465
56.9	 0.817907	 0.000812987	 -1.14377	 -0.00531611	 3.11417	 0.00465584
56.92	 0.867298	 0.000871911	 -1.12195	 -0.00497723	 3.09275	 0.00451858
56.94	 0.916664	 0.000929506	 -1.10001	 -0.0046376	 3.0707	 0.00438286
56.96	 0.965982	 0.000985734	 -1.07801	 -0.0042976	 3.04799	 0.00424866
56.98	 1.01523	 0.00104056	 -1.05595	 -0.00395759	 3.02456	 0.00411595
57	 1.0644	 0.00109394	 -1.03389	 -0.00361794	 3.00036	 0.00398468
57.02	 1.11346	 0.00114586	 -1.01184	 -0.00327904	 2.97536	 0.00385481
57.04	 1.16239	 0.00119628	 -0.989855	 -0.00294127	 2.94951	 0.00372628
57.06	 1.21117	 0.00124519	 -0.967956	 -0.00260501	 2.92274	 0.00359901
57.08	 1.25979	 0.00129257	 -0.946182	 -0.00227067	 2.89503	 0.00347294
57.1	 1.30822	 0.00133838	 -0.924571	 -0.00193864	 2.8663	 0.00334802
57.12	 1.35645	 0.0013826	 -0.903159	 -0.00160931	 2.83653	 0.00322418
57.14	 1.40447	 0.00142518	 -0.881982	 -0.00128309	 2.80565	 0.00310139
57.16	 1.45224	 0.00146609	 -0.861076	 -0.000960366	 2.77362	 0.00297957
57.18	 1.49976	 0.00150531	 -0.840477	 -0.00064154	 2.74039	 0.00285865
57.2	 1.54701	 0.00154282	 -0.82022	 -0.000327016	 2.70593	 0.00273853
57.22	 1.59396	 0.00157859	 -0.80034	 -1.71974e-05	 2.67018	 0.00261911
57.24	 1.64061	 0.00161262	 -0.78087	 0.000287511	 2.63312	 0.0025003
57.26	 1.68693	 0.00164488	 -0.761843	 0.00058671	 2.5947	 0.002382
57.28	 1.73291	 0.00167536	 -0.743289	 0.000880007	 2.55489	 0.00226412
57.3	 1.77853	 0.00170402	 -0.725242	 0.00116702	 2.51367	 0.00214659
57.32	 1.82378	 0.00173084	 -0.707729	 0.00144739	 2.47099	 0.00202934
57.34	 1.86864	 0.00175581	 -0.690781	 0.00172076	 2.42684	 0.00191228
57.36	 1.91309	 0.00177891	 -0.674425	 0.00198678	 2.3812	 0.00179531
57.38	 1.95713	 0.00180014	 -0.658688	 0.00224512	 2.33404	 0.00167831
57.4	 2.00073	 0.00181949	 -0.643593	 0.00249546	 2.28535	 0.00156119
57.42	 2.04387	 0.00183698	 -0.629165	 0.00273748	 2.23513	 0.00144384
57.44	 2.08655	 0.00185261	 -0.615424	 0.0029709	 2.18336	 0.00132616
57.46	 2.12875	 0.00186638	 -0.60239	 0.00319544	 2.13005	 0.00120804
57.48	 2.17046	 0.0018783	 -0.59008	 0.00341086	 2.0752	 0.00108939
57.5	 2.21166	 0.0018884	 -0.57851	 0.00361695	 2.01881	 0.000970103
57.52	 2.25234	 0.00189669	 -0.567694	 0.0038135	 1.96091	 0.000850086
57.54	 2.29248	 0.00190319	 -0.557644	 0.00400034	 1.90149	 0.000729237
57.56	 2.33207	 0.00190794	 -0.54837	 0.00417733	 1.8406	 0.000607463
57.58	 2.37111	 0.00191097	 -0.539879	 0.00434435	 1.77825	 0.000484679
57.6	 2.40956	 0.00191231	 -0.532177	 0.00450131	 1.71448	 0.000360815
57.62	 2.44743	 0.001912	 -0.525269	 0.00464816	 1.64932	 0.000235809
57.64	 2.48469	 0.00191006	 -0.519155	 0.00478486	 1.58281	 0.000109604
57.66	 2.52134	 0.00190656	 -0.513836	 0.0049114	 1.515	 -1.78457e-05
57.68	 2.55736	 0.00190153	 -0.50931	 0.00502783	 1.44593	 -0.000146576
57.7	 2.59275	 0.00189501	 -0.505571	 0.00513418	 1.37567	 -0.000276608
57.72	 2.62747	 0.00188706	 -0.502613	 0.00523053	 1.30427	 -0.000407951
57.74	 2.66154	 0.00187772	 -0.500428	 0.00531698	 1.2318	 -0.000540598
57.76	 2.69492	 0.00186705	 -0.499004	 0.00539366	 1.15831	 -0.000674528
57.78	 2.72761	 0.0018551	 -0.49833	 0.00546071	 1.08389	 -0.00080971
57.8	 2.7596	 0.00184192	 -0.49839	 0.0055183	 1.00862	 -0.000946099
57.82	 2.79088	 0.00182757	 -0.499169	 0.00556659	 0.932559	 -0.00108364
57.84	 2.82142	 0.0018121	 -0.500647	 0.00560574	 0.855804	 -0.00122224
57.86	 2.85122	 0.00179557	 -0.502806	 0.00563606	 0.778437	 -0.00136184
57.88	 2.88027	 0.00177803	 -0.505625	 0.00565777	 0.700546	 -0.00150232
57.9	 2.90856	 0.00175953	 -0.509079	 0.0056711	 0.622223	 -0.00164358
57.92	 2.93606	 0.00174052	 -0.513146	 0.00568045	 0.543561	 -0.00178593
57.94	 2.96278	 0.00172056	 -0.5178	 0.00568084	 0.464656	 -0.00192884
57.96	 2.98869	 0.0016998	 -0.523013	 0.00567384	 0.385604	 -0.00207216
57.98	 3.01378	 0.00167822	 -0.528758	 0.00565898	 0.306505	 -0.00221559
58	 3.03805	 0.00165595	 -0.535005	 0.00563719	 0.227458	 -0.00235898
58.02	 3.06148	 0.0016332	 -0.541723	 0.00561048	 0.148567	 -0.00250236
58.04	 3.08405	 0.00160978	 -0.54888	 0.0055766	 0.0699351	 -0.0026454
58.06	 3.10576	 0.00158583	 -0.556443	 0.00553693	 -0.00833523	 -0.00278795
58.08	 3.1266	 0.00156134	 -0.564378	 0.00549131	 -0.0861398	 -0.00292976
58.1	 3.14655	 0.00153635	 -0.572651	 0.0054401	 -0.163375	 -0.00307059
58.12	 3.1656	 0.00151092	 -0.581226	 0.00538371	 -0.239936	 -0.00321023
58.14	 3.18374	 0.00148507	 -0.590067	 0.00532242	 -0.31572	 -0.00334844
58.16	 3.20095	 0.00145885	 -0.599138	 0.00525659	 -0.390625	 -0.003485
58.18	 3.21724	 0.0014323	 -0.608401	 0.00518658	 -0.464548	 -0.00361966
58.2	 3.23258	 0.00140543	 -0.61782	 0.00511271	 -0.537389	 -0.00375219
58.22	 3.24696	 0.00137828	 -0.627357	 0.00503539	 -0.609049	 -0.00388233
58.24	 3.26038	 0.00135089	 -0.636974	 0.00495499	 -0.679432	 -0.00400983
58.26	 3.27283	 0.00132327	 -0.646634	 0.00487188	 -0.748442	 -0.00413441
58.28	 3.28429	 0.00129544	 -0.6563	 0.00478647	 -0.815986	 -0.0042558
58.3	 3.29476	 0.00126741	 -0.665934	 0.00469917	 -0.881974	 -0.00437372
58.32	 3.30422	 0.0012392	 -0.6755	 0.00461038	 -0.946316	 -0.00448788
58.34	 3.31266	 0.00121039	 -0.684962	 0.00452059	 -1.00893	 -0.00459712
58.36	 3.32009	 0.00118092	 -0.69429	 0.00443028	 -1.06975	 -0.0047011
58.38	 3.32649	 0.00115076	 -0.703456	 0.00433984	 -1.12871	 -0.00479954
58.4	 3.33185	 0.00112001	 -0.712433	 0.00424988	 -1.18576	 -0.00489232
58.42	 3.33618	 0.00108876	 -0.721195	 0.00416077	 -1.24083	 -0.00497938
58.44	 3.33946	 0.00105711	 -0.729713	 0.00407286	 -1.29388	 -0.00506063
58.46	 3.3417	 0.00102515	 -0.737958	 0.00398647	 -1.34484	 -0.00513591
58.48	 3.34288	 0.000992922	 -0.745902	 0.00390193	 -1.39366	 -0.00520504
58.5	 3.34299	 0.000960469	 -0.753515	 0.00381963	 -1.4403	 -0.00526779
58.52	 3.34204	 0.00092781	 -0.760767	 0.00373992	 -1.48468	 -0.00532398
58.54	 3.34002	 0.000894965	 -0.767629	 0.00366322	 -1.52679	 -0.00537343
58.56	 3.33692	 0.000862008	 -0.774073	 0.00358991	 -1.56656	 -0.00541609
58.58	 3.33274	 0.000828938	 -0.780072	 0.00352035	 -1.60396	 -0.00545177
58.6	 3.32749	 0.000795676	 -0.785599	 0.00345491	 -1.63897	 -0.00548012
58.62	 3.32114	 0.000762427	 -0.790628	 0.00339388	 -1.67153	 -0.0055014
58.64	 3.31371	 0.000729086	 -0.795134	 0.00333755	 -1.70164	 -0.0055152
58.66	 3.30518	 0.000695414	 -0.79909	 0.00328623	 -1.72925	 -0.0055209
58.68	 3.29556	 0.000661657	 -0.802474	 0.00324017	 -1.75434	 -0.00551889
58.7	 3.28485	 0.000627955	 -0.80526	 0.00319955	 -1.77691	 -0.00550935
58.72	 3.27304	 0.000594513	 -0.807427	 0.00316449	 -1.79692	 -0.00549257
58.74	 3.26014	 0.000561348	 -0.808949	 0.00313508	 -1.81436	 -0.00546846
58.76	 3.24614	 0.000528422	 -0.809804	 0.00311141	 -1.82923	 -0.00543685
58.78	 3.23104	 0.000495684	 -0.80997	 0.00309358	 -1.8415	 -0.00539757
58.8	 3.21484	 0.0004631	 -0.809425	 0.00308172	 -1.85119	 -0.00535053
58.82	 3.19755	 0.000430684	 -0.808151	 0.00307593	 -1.85827	 -0.0052958
58.84	 3.17917	 0.000398467	 -0.806126	 0.00307631	 -1.86277	 -0.00523345
58.86	 3.1597	 0.000366496	 -0.803334	 0.00308288	 -1.86468	 -0.00516361
58.88	 3.13914	 0.000334804	 -0.799755	 0.00309564	 -1.86401	 -0.00508637
58.9	 3.1175	 0.000303423	 -0.795374	 0.00311453	 -1.86077	 -0.00500182
58.92	 3.09478	 0.000272368	 -0.790174	 0.0031395	 -1.85499	 -0.00491004
58.94	 3.07098	 0.000241653	 -0.78414	 0.00317048	 -1.84668	 -0.00481112
58.96	 3.04612	 0.000211287	 -0.777258	 0.0032074	 -1.83585	 -0.00470517
58.98	 3.0202	 0.000181283	 -0.769513	 0.00325017	 -1.82255	 -0.00459233
59	 2.99322	 0.000151652	 -0.760894	 0.00329869	 -1.80679	 -0.00447274
59.02	 2.96519	 0.000122405	 -0.75139	 0.00335285	 -1.78861	 -0.00434658
59.04	 2.93612	 9.35524e-05	 -0.740988	 0.00341249	 -1.76804	 -0.00421401
59.06	 2.90602	 6.51016e-05	 -0.729681	 0.00347744	 -1.74512	 -0.00407521
59.08	 2.8749	 3.70566e-05	 -0.717458	 0.0035475	 -1.7199	 -0.00393037
59.1	 2.84277	 9.41988e-06	 -0.704313	 0.00362243	 -1.69241	 -0.00377968
59.12	 2.80963	 -1.78087e-05	 -0.690239	 0.00370198	 -1.66271	 -0.00362334
59.14	 2.77549	 -4.46312e-05	 -0.67523	 0.00378589	 -1.63083	 -0.00346157
59.16	 2.74038	 -7.10526e-05	 -0.659281	 0.00387384	 -1.59683	 -0.0032946
59.18	 2.70429	 -9.70807e-05	 -0.64239	 0.00396552	 -1.56076	 -0.00312264
59.2	 2.66724	 -0.000122727	 -0.624553	 0.00406059	 -1.52268	 -0.00294594
59.22	 2.62924	 -0.000148005	 -0.60577	 0.00415871	 -1.48265	 -0.00276473
59.24	 2.5903	 -0.000172929	 -0.586039	 0.00425949	 -1.44072	 -0.00257926
59.26	 2.55044	 -0.000197517	 -0.565363	 0.00436257	 -1.39695	 -0.00238977
59.28	 2.50967	 -0.000221787	 -0.543743	 0.00446755	 -1.3514	 -0.00219652
59.3	 2.468	 -0.000245759	 -0.521182	 0.00457401	 -1.30415	 -0.00199978
59.32	 2.42545	 -0.000269457	 -0.497686	 0.00468155	 -1.25525	 -0.00179979
59.34	 2.38202	 -0.000292904	 -0.473261	 0.00478974	 -1.20478	 -0.00159683
59.36	 2.33774	 -0.000316126	 -0.447913	 0.00489815	 -1.15281	 -0.00139116
59.38	 2.29262	 -0.000339149	 -0.421651	 0.00500634	 -1.09941	 -0.00118305
59.4	 2.24667	 -0.000362	 -0.394486	 0.00511386	 -1.04464	 -0.000972775
59.42	 2.19991	 -0.000384705	 -0.366428	 0.00522028	 -0.988596	 -0.000760614
59.44	 2.15235	 -0.000407292	 -0.337492	 0.00532511	 -0.931344	 -0.000546844
59.46	 2.10402	 -0.000429787	 -0.30769	 0.00542791	 -0.872965	 -0.000331749
59.48	 2.05491	 -0.000452219	 -0.277039	 0.00552821	 -0.813538	 -0.000115608
59.5	 2.00506	 -0.000474615	 -0.245557	 0.00562554	 -0.753146	 0.000101299
59.52	 1.95447	 -0.000497006	 -0.213262	 0.00571942	 -0.691872	 0.000318692
59.54	 1.90317	 -0.000519418	 -0.180175	 0.0058094	 -0.629799	 0.000536292
59.56	 1.85116	 -0.00054188	 -0.146318	 0.00589501	 -0.567014	 0.000753819
59.58	 1.79847	 -0.000564426	 -0.111715	 0.0059757	 -0.503601	 0.000970996
59.6	 1.74511	 -0.000587074	 -0.0763926	 0.00605111	 -0.439649	 0.00118755
59.62	 1.6911	 -0.000609852	 -0.0403774	 0.00612073	 -0.375248	 0.00140319
59.64	 1.63645	 -0.000632785	 -0.00369868	 0.00618408	 -0.310486	 0.00161764
59.66	 1.58118	 -0.000655891	 0.0336126	 0.00624072	 -0.245454	 0.00183064
59.68	 1.52532	 -0.000679187	 0.0715238	 0.00629023	 -0.180245	 0.0020419
59.7	 1.46886	 -0.000702678	 0.110001	 0.0063323	 -0.11494	 0.00225113
59.72	 1.41185	 -0.000726504	 0.149007	 0.0063646	 -0.0496274	 0.00245804
59.74	 1.35428	 -0.000750468	 0.188505	 0.00638939	 0.0156132	 0.00266237
59.76	 1.29619	 -0.000774732	 0.228454	 0.00640414	 0.0806937	 0.0028638
59.78	 1.23759	 -0.000799205	 0.268812	 0.00640962	 0.145528	 0.00306205
59.8	 1.17851	 -0.000823956	 0.309533	 0.00640438	 0.210027	 0.00325679
59.82	 1.11895	 -0.00084893	 0.350571	 0.00638857	 0.274104	 0.00344774
59.84	 1.05896	 -0.000874144	 0.391876	 0.00636135	 0.337668	 0.00363457
59.86	 0.998556	 -0.000899565	 0.433398	 0.00632251	 0.400633	 0.003817
59.88	 0.937763	 -0.000925186	 0.475082	 0.00627146	 0.462908	 0.00399471
59.9	 0.876611	 -0.000950983	 0.516871	 0.00620785	 0.524407	 0.00416742
59.92	 0.815133	 -0.00097693	 0.558707	 0.0061313	 0.585039	 0.00433485
59.94	 0.753362	 -0.00100299	 0.600528	 0.00604149	 0.644713	 0.00449669
59.96	 0.691334	 -0.00102913	 0.642271	 0.00593815	 0.703333	 0.00465264
59.98	 0.629088	 -0.0010553	 0.683869	 0.00582096	 0.760801	 0.00480241
60	 0.566663	 -0.00108148	 0.725254	 0.00568964	 0.817016	 0.00494575
60.02	 0.504101	 -0.00110761	 0.766357	 0.00554394	 0.871876	 0.00508238
60.04	 0.441448	 -0.00113365	 0.807106	 0.00538372	 0.925277	 0.00521204
60.06	 0.378747	 -0.00115954	 0.847428	 0.00520878	 0.977116	 0.00533449
60.08	 0.316048	 -0.00118523	 0.887249	 0.00501902	 1.02729	 0.0054495
60.1	 0.253398	 -0.00121067	 0.926495	 0.00481439	 1.07568	 0.00555686
60.12	 0.190848	 -0.00123579	 0.965091	 0.00459487	 1.1222	 0.00565639
60.14	 0.128446	 -0.00126055	 1.00296	 0.0043605	 1.16675	 0.00574793
60.16	 0.0662436	 -0.00128488	 1.04004	 0.00411138	 1.20921	 0.00583134
60.18	 0.00428833	 -0.00130873	 1.07624	 0.00384764	 1.24951	 0.00590651
60.2	 -0.0573715	 -0.00133206	 1.11149	 0.00356944	 1.28755	 0.00597337
60.22	 -0.118689	 -0.00135479	 1.14574	 0.00327697	 1.32325	 0.00603184
60.24	 -0.179618	 -0.00137687	 1.17891	 0.0029705	 1.35654	 0.00608183
60.26	 -0.240114	 -0.00139823	 1.21093	 0.00265037	 1.38735	 0.0061233
60.28	 -0.300132	 -0.00141879	 1.24174	 0.00231705	 1.41561	 0.00615618
60.3	 -0.359626	 -0.00143848	 1.27128	 0.00197106	 1.44128	 0.00618042
60.32	 -0.418552	 -0.00145722	 1.29948	 0.00161291	 1.46428	 0.00619599
60.34	 -0.476864	 -0.00147494	 1.3263	 0.00124313	 1.48456	 0.00620289
60.36	 -0.534519	 -0.00149159	 1.35166	 0.000862194	 1.50207	 0.00620116
60.38	 -0.591473	 -0.00150712	 1.37553	 0.000470591	 1.51675	 0.00619086
60.4	 -0.647685	 -0.00152147	 1.39784	 6.87728e-05	 1.52856	 0.0061721
60.42	 -0.703115	 -0.00153461	 1.41855	 -0.000342709	 1.53747	 0.00614499
60.44	 -0.757724	 -0.00154644	 1.43761	 -0.000763013	 1.54348	 0.00610962
60.46	 -0.811475	 -0.00155692	 1.455	 -0.00119144	 1.54657	 0.00606609
60.48	 -0.86433	 -0.00156599	 1.47066	 -0.00162724	 1.54674	 0.00601453
60.5	 -0.916253	 -0.00157359	 1.48457	 -0.00206961	 1.54399	 0.00595507
60.52	 -0.967207	 -0.00157966	 1.49668	 -0.00251773	 1.53832	 0.00588788
60.54	 -1.01715	 -0.00158416	 1.50698	 -0.00297076	 1.52972	 0.00581313
60.56	 -1.06606	 -0.00158705	 1.51544	 -0.00342785	 1.51821	 0.00573099
60.58	 -1.1139	 -0.00158827	 1.52203	 -0.00388819	 1.50377	 0.0056417
60.6	 -1.16062	 -0.0015878	 1.52674	 -0.00435083	 1.48644	 0.00554549
60.62	 -1.2062	 -0.00158558	 1.52955	 -0.00481477	 1.46622	 0.00544259
60.64	 -1.25061	 -0.00158157	 1.53045	 -0.00527904	 1.44313	 0.00533324
60.66	 -1.29382	 -0.00157573	 1.52944	 -0.00574273	 1.41722	 0.00521768
60.68	 -1.3358	 -0.00156805	 1.52651	 -0.00620489	 1.38852	 0.00509618
60.7	 -1.37652	 -0.00155849	 1.52166	 -0.00666455	 1.35706	 0.00496903
60.72	 -1.41596	 -0.00154703	 1.5149	 -0.00712076	 1.32291	 0.00483653
60.74	 -1.45408	 -0.00153365	 1.50623	 -0.00757248	 1.28611	 0.00469901
60.76	 -1.49086	 -0.00151832	 1.49567	 -0.00801862	 1.24674	 0.00455675
60.78	 -1.52629	 -0.00150102	 1.48324	 -0.00845821	 1.20487	 0.00441008
60.8	 -1.56034	 -0.00148174	 1.46895	 -0.00889019	 1.16058	 0.00425929
60.82	 -1.59299	 -0.00146047	 1.45282	 -0.00931363	 1.11395	 0.0041047
60.84	 -1.62422	 -0.0014372	 1.43489	 -0.00972758	 1.06505	 0.00394659
60.86	 -1.65401	 -0.00141194	 1.41518	 -0.0101312	 1.01398	 0.00378528
60.88	 -1.68234	 -0.00138468	 1.39373	 -0.0105235	 0.960816	 0.0036211
60.9	 -1.7092	 -0.00135543	 1.37058	 -0.0109035	 0.90565	 0.00345434
60.92	 -1.73456	 -0.0013242	 1.34576	 -0.0112704	 0.84858	 0.00328533
60.94	 -1.75842	 -0.001291	 1.31931	 -0.0116234	 0.789704	 0.00311436
60.96	 -1.78077	 -0.00125586	 1.2913	 -0.0119617	 0.729128	 0.00294173
60.98	 -1.80159	 -0.00121878	 1.26177	 -0.0122845	 0.666964	 0.00276777
61	 -1.82087	 -0.00117981	 1.23077	 -0.012591	 0.60333	 0.00259278
61.02	 -1.8386	 -0.00113896	 1.19836	 -0.0128806	 0.538348	 0.00241707
61.04	 -1.85478	 -0.00109625	 1.16461	 -0.0131523	 0.472146	 0.00224093
61.06	 -1.8694	 -0.00105172	 1.12957	 -0.0134056	 0.404855	 0.00206464
61.08	 -1.88245	 -0.0010054	 1.09332	 -0.0136398	 0.336604	 0.00188848
61.1	 -1.89394	 -0.000957343	 1.05592	 -0.0138545	 0.267522	 0.00171269
61.12	 -1.90387	 -0.000907585	 1.01743	 -0.014049	 0.197734	 0.00153752
61.14	 -1.91222	 -0.000856181	 0.977941	 -0.014223	 0.127367	 0.00136322
61.16	 -1.919	 -0.000803177	 0.937514	 -0.0143759	 0.0565467	 0.00119005
61.18	 -1.92421	 -0.000748626	 0.896225	 -0.0145074	 -0.0146004	 0.00101822
61.2	 -1.92785	 -0.000692591	 0.85415	 -0.0146172	 -0.0859486	 0.000847958
61.22	 -1.92994	 -0.000634979	 0.811361	 -0.014705	 -0.15738	 0.000679163
61.24	 -1.93048	 -0.0005758	 0.767917	 -0.0147706	 -0.228813	 0.000511965
61.26	 -1.92949	 -0.000515094	 0.723868	 -0.0148139	 -0.300176	 0.000346541
61.28	 -1.927	 -0.000452933	 0.679263	 -0.0148346	 -0.371409	 0.000183122
61.3	 -1.92304	 -0.000389406	 0.634148	 -0.0148326	 -0.442451	 2.19474e-05
61.32	 -1.91761	 -0.000324612	 0.588573	 -0.0148078	 -0.513237	 -0.000136769
61.34	 -1.91076	 -0.000258648	 0.542595	 -0.0147603	 -0.583697	 -0.000292852
61.36	 -1.90249	 -0.000191605	 0.49627	 -0.01469	 -0.653757	 -0.000446164
61.38	 -1.89284	 -0.000123572	 0.449661	 -0.0145971	 -0.72334	 -0.000596577
61.4	 -1.88182	 -5.46326e-05	 0.40283	 -0.0144817	 -0.792373	 -0.000743963
61.42	 -1.86946	 1.51257e-05	 0.355839	 -0.0143441	 -0.860784	 -0.000888195
61.44	 -1.85579	 8.56131e-05	 0.30875	 -0.0141846	 -0.928507	 -0.00102915
61.46	 -1.84083	 0.000156729	 0.261623	 -0.0140033	 -0.995481	 -0.00116673
61.48	 -1.82461	 0.00022837	 0.214515	 -0.0138008	 -1.06165	 -0.00130081
61.5	 -1.80716	 0.00030043	 0.167484	 -0.0135774	 -1.12695	 -0.00143129
61.52	 -1.78851	 0.000372803	 0.120586	 -0.0133336	 -1.19134	 -0.00155808
61.54	 -1.76868	 0.000445382	 0.0738788	 -0.0130698	 -1.25475	 -0.00168111
61.56	 -1.74771	 0.00051806	 0.027418	 -0.0127864	 -1.31714	 -0.00180028
61.58	 -1.72563	 0.000590731	 -0.0187397	 -0.012484	 -1.37845	 -0.00191554
61.6	 -1.70248	 0.00066328	 -0.0645384	 -0.0121633	 -1.43862	 -0.00202683
61.62	 -1.67827	 0.000735595	 -0.109923	 -0.0118247	 -1.49762	 -0.00213412
61.64	 -1.65304	 0.00080756	 -0.154841	 -0.0114691	 -1.5554	 -0.00223735
61.66	 -1.62683	 0.000879061	 -0.199238	 -0.0110971	 -1.61193	 -0.0023365
61.68	 -1.59967	 0.000949984	 -0.243063	 -0.0107094	 -1.66717	 -0.00243152
61.7	 -1.57158	 0.00102022	 -0.286268	 -0.0103067	 -1.72108	 -0.00252239
61.72	 -1.5426	 0.00108964	 -0.328803	 -0.00988978	 -1.77365	 -0.00260908
61.74	 -1.51277	 0.00115815	 -0.370622	 -0.00945941	 -1.82484	 -0.0026916
61.76	 -1.48211	 0.00122563	 -0.411678	 -0.00901639	 -1.87463	 -0.00276992
61.78	 -1.45066	 0.00129196	 -0.451928	 -0.00856152	 -1.923	 -0.00284406
61.8	 -1.41845	 0.00135705	 -0.491328	 -0.00809559	 -1.96993	 -0.002914
61.82	 -1.38551	 0.00142078	 -0.529838	 -0.0076194	 -2.0154	 -0.00297975
61.84	 -1.35188	 0.00148305	 -0.567417	 -0.00713377	 -2.05939	 -0.00304132
61.86	 -1.31759	 0.00154377	 -0.604028	 -0.0066395	 -2.1019	 -0.00309873
61.88	 -1.28267	 0.00160282	 -0.639634	 -0.00613742	 -2.14291	 -0.003152
61.9	 -1.24716	 0.00166012	 -0.674202	 -0.00562839	 -2.18242	 -0.00320116
61.92	 -1.21108	 0.00171556	 -0.707698	 -0.00511328	 -2.22042	 -0.00324625
61.94	 -1.17447	 0.00176906	 -0.740094	 -0.00459296	 -2.25692	 -0.00328731
61.96	 -1.13736	 0.00182051	 -0.771359	 -0.00406829	 -2.29191	 -0.00332439
61.98	 -1.09979	 0.00186985	 -0.801467	 -0.00354012	 -2.3254	 -0.00335754
62	 -1.06177	 0.00191698	 -0.830394	 -0.00300928	 -2.3574	 -0.0033868
62.02	 -1.02335	 0.00196183	 -0.858117	 -0.00247662	 -2.38791	 -0.00341222
62.04	 -0.984557	 0.00200433	 -0.884615	 -0.00194298	 -2.41695	 -0.00343388
62.06	 -0.945418	 0.00204439	 -0.90987	 -0.0014092	 -2.44454	 -0.00345184
62.08	 -0.905963	 0.00208197	 -0.933865	 -0.000876083	 -2.47067	 -0.00346618
62.1	 -0.866223	 0.00211701	 -0.956585	 -0.00034443	 -2.49539	 -0.00347696
62.12	 -0.826227	 0.00214944	 -0.978019	 0.000184981	 -2.51869	 -0.00348427
62.14	 -0.786004	 0.00217923	 -0.998155	 0.000711386	 -2.5406	 -0.0034882
62.16	 -0.745582	 0.00220635	 -1.01699	 0.00123404	 -2.56115	 -0.00348884
62.18	 -0.70499	 0.00223076	 -1.03451	 0.0017522	 -2.58036	 -0.00348631
62.2	 -0.664252	 0.00225303	 -1.05072	 0.00226506	 -2.59827	 -0.00348192
62.22	 -0.623394	 0.00227323	 -1.06562	 0.0027718	 -2.61491	 -0.00347588
62.24	 -0.58244	 0.00229136	 -1.07923	 0.0032716	 -2.63033	 -0.00346829
62.26	 -0.541414	 0.00230735	 -1.09156	 0.00376374	 -2.64458	 -0.00345907
62.28	 -0.500339	 0.00232106	 -1.10261	 0.00424759	 -2.6577	 -0.00344809
62.3	 -0.45924	 0.00233237	 -1.11239	 0.00472259	 -2.66974	 -0.00343524
62.32	 -0.41814	 0.00234118	 -1.12093	 0.00518824	 -2.68072	 -0.00342053
62.34	 -0.377064	 0.00234743	 -1.12822	 0.00564405	 -2.69069	 -0.00340402
62.36	 -0.336035	 0.00235112	 -1.13429	 0.00608951	 -2.69969	 -0.00338579
62.38	 -0.295074	 0.00235224	 -1.13915	 0.00652406	 -2.70776	 -0.00336595
62.4	 -0.254205	 0.00235079	 -1.14282	 0.00694717	 -2.71493	 -0.00334455
62.42	 -0.21345	 0.00234677	 -1.14531	 0.0073583	 -2.72125	 -0.00332163
62.44	 -0.172829	 0.00234018	 -1.14665	 0.00775695	 -2.72676	 -0.00329723
62.46	 -0.132363	 0.00233099	 -1.14686	 0.00814267	 -2.73149	 -0.00327135
62.48	 -0.0920745	 0.00231919	 -1.14595	 0.00851505	 -2.73548	 -0.00324402
62.5	 -0.0519828	 0.00230477	 -1.14397	 0.00887372	 -2.73878	 -0.00321526
62.52	 -0.0121083	 0.00228773	 -1.14092	 0.00921833	 -2.74141	 -0.00318511
62.54	 0.0275296	 0.00226806	 -1.13684	 0.00954855	 -2.74341	 -0.0031536
62.56	 0.0669114	 0.00224578	 -1.13175	 0.00986408	 -2.74483	 -0.00312076
62.58	 0.106019	 0.00222089	 -1.12569	 0.0101646	 -2.74568	 -0.00308661
62.6	 0.144833	 0.00219342	 -1.11868	 0.0104499	 -2.74601	 -0.00305118
62.62	 0.183336	 0.00216338	 -1.11076	 0.0107197	 -2.74585	 -0.00301449
62.64	 0.22151	 0.00213081	 -1.10195	 0.0109737	 -2.74524	 -0.00297655
62.66	 0.259339	 0.00209571	 -1.09229	 0.0112118	 -2.74419	 -0.00293738
62.68	 0.296805	 0.00205813	 -1.08181	 0.0114338	 -2.74274	 -0.00289699
62.7	 0.333893	 0.00201809	 -1.07054	 0.0116395	 -2.74092	 -0.0028554
62.72	 0.370587	 0.00197564	 -1.05853	 0.0118289	 -2.73876	 -0.00281262
62.74	 0.406872	 0.00193079	 -1.0458	 0.0120018	 -2.73628	 -0.00276866
62.76	 0.442732	 0.00188361	 -1.0324	 0.0121582	 -2.7335	 -0.00272352
62.78	 0.478153	 0.00183413	 -1.01835	 0.012298	 -2.73047	 -0.00267721
62.8	 0.513122	 0.00178241	 -1.00371	 0.0124212	 -2.72718	 -0.00262973
62.82	 0.547625	 0.00172848	 -0.988502	 0.0125277	 -2.72367	 -0.00258108
62.84	 0.581648	 0.00167241	 -0.97277	 0.0126177	 -2.71996	 -0.00253126
62.86	 0.61518	 0.00161425	 -0.956554	 0.012691	 -2.71607	 -0.00248028
62.88	 0.648208	 0.0015541	 -0.939894	 0.0127479	 -2.71202	 -0.0024282
62.9	 0.680721	 0.00149188	 -0.922831	 0.0127884	 -2.70782	 -0.00237473
62.92	 0.712706	 0.00142783	 -0.905407	 0.0128125	 -2.70349	 -0.00232022
62.94	 0.744145	 0.00136197	 -0.887678	 0.0128205	 -2.69909	 -0.00226456
62.96	 0.775017	 0.00129439	 -0.869699	 0.0128124	 -2.69466	 -0.00220781
62.98	 0.805298	 0.00122518	 -0.851537	 0.0127886	 -2.69026	 -0.00214995
63	 0.834963	 0.00115441	 -0.833259	 0.0127491	 -2.68596	 -0.00209098
63.02	 0.86399	 0.0010822	 -0.814936	 0.0126942	 -2.68184	 -0.00203095
63.04	 0.892355	 0.00100863	 -0.79664	 0.0126242	 -2.67796	 -0.00196986
63.06	 0.920046	 0.000933919	 -0.778438	 0.0125418	 -2.67438	 -0.00190732
63.08	 0.947052	 0.000858036	 -0.760404	 0.0124465	 -2.67117	 -0.00184332
63.1	 0.973365	 0.000781106	 -0.742605	 0.0123385	 -2.66836	 -0.00177794
63.12	 0.998979	 0.000703214	 -0.72511	 0.0122181	 -2.66598	 -0.00171118
63.14	 1.02388	 0.000624514	 -0.707987	 0.0120857	 -2.66408	 -0.00164318
63.16	 1.04807	 0.000545115	 -0.691303	 0.0119415	 -2.66271	 -0.00157399
63.18	 1.07153	 0.000465157	 -0.675125	 0.0117859	 -2.66189	 -0.00150368
63.2	 1.09425	 0.000384745	 -0.659518	 0.0116191	 -2.66168	 -0.00143228
63.22	 1.11623	 0.000303998	 -0.64455	 0.0114416	 -2.66212	 -0.00135982
63.24	 1.13744	 0.00022302	 -0.630283	 0.0112538	 -2.66327	 -0.00128633
63.26	 1.15789	 0.000141923	 -0.616781	 0.0110558	 -2.66515	 -0.00121183
63.28	 1.17756	 6.08172e-05	 -0.604107	 0.0108483	 -2.66782	 -0.00113637
63.3	 1.19645	 -2.01864e-05	 -0.592322	 0.0106315	 -2.6713	 -0.00106
63.32	 1.21455	 -0.00010097	 -0.581483	 0.0104058	 -2.67564	 -0.000982761
63.34	 1.23186	 -0.000181419	 -0.571649	 0.0101717	 -2.68086	 -0.000904707
63.36	 1.24836	 -0.000261416	 -0.562875	 0.00992956	 -2.68699	 -0.000825892
63.38	 1.26405	 -0.000340848	 -0.555215	 0.00967977	 -2.69406	 -0.000746364
63.4	 1.27893	 -0.000419598	 -0.54872	 0.00942276	 -2.7021	 -0.000666176
63.42	 1.29299	 -0.000497557	 -0.543441	 0.00915893	 -2.71113	 -0.000585376
63.44	 1.30623	 -0.000574615	 -0.539424	 0.0088887	 -2.72118	 -0.000504017
63.46	 1.31863	 -0.000650665	 -0.536715	 0.0086125	 -2.73225	 -0.000422149
63.48	 1.33021	 -0.000725604	 -0.535355	 0.00833076	 -2.74438	 -0.000339824
63.5	 1.34094	 -0.000799329	 -0.535385	 0.00804389	 -2.75756	 -0.000257091
63.52	 1.35084	 -0.000871744	 -0.536841	 0.00775231	 -2.77182	 -0.000174
63.54	 1.3599	 -0.00094275	 -0.539757	 0.00745645	 -2.78715	 -9.0602e-05
63.56	 1.36811	 -0.00101226	 -0.544165	 0.00715672	 -2.80356	 -6.94642e-06
63.58	 1.37548	 -0.00108017	 -0.550092	 0.00685354	 -2.82105	 7.69171e-05
63.6	 1.382	 -0.00114641	 -0.557565	 0.00654731	 -2.83961	 0.000160939
63.62	 1.38767	 -0.00121088	 -0.566605	 0.00623845	 -2.85924	 0.000245069
63.64	 1.3925	 -0.00127351	 -0.57723	 0.00592737	 -2.87993	 0.000329258
63.66	 1.39647	 -0.00133422	 -0.589457	 0.00561446	 -2.90167	 0.000413455
63.68	 1.3996	 -0.00139293	 -0.603298	 0.00530013	 -2.92442	 0.000497611
63.7	 1.40188	 -0.00144958	 -0.618762	 0.00498478	 -2.94819	 0.000581675
63.72	 1.40331	 -0.0015041	 -0.635855	 0.00466881	 -2.97293	 0.000665597
63.74	 1.40389	 -0.00155643	 -0.654579	 0.00435261	 -2.99863	 0.000749325
63.76	 1.40364	 -0.0016065	 -0.674934	 0.00403657	 -3.02525	 0.000832808
63.78	 1.40254	 -0.00165425	 -0.696916	 0.0037211	 -3.05276	 0.000915993
63.8	 1.4006	 -0.00169964	 -0.720518	 0.00340657	 -3.08113	 0.000998828
63.82	 1.39782	 -0.00174262	 -0.74573	 0.00309335	 -3.11031	 0.00108126
63.84	 1.39421	 -0.00178314	 -0.772537	 0.00278182	 -3.14026	 0.00116324
63.86	 1.38977	 -0.00182117	 -0.800924	 0.00247233	 -3.17094	 0.0012447
63.88	 1.38451	 -0.00185666	 -0.830871	 0.0021652	 -3.2023	 0.00132561
63.9	 1.37843	 -0.0018896	 -0.862355	 0.00186078	 -3.23429	 0.0014059
63.92	 1.37153	 -0.00191996	 -0.89535	 0.00155937	 -3.26687	 0.00148552
63.94	 1.36381	 -0.00194772	 -0.929828	 0.00126125	 -3.29997	 0.00156444
63.96	 1.3553	 -0.00197286	 -0.965758	 0.000966715	 -3.33354	 0.00164259
63.98	 1.34598	 -0.00199539	 -1.00311	 0.00067601	 -3.36753	 0.00171994
64	 1.33587	 -0.0020153	 -1.04183	 0.000389379	 -3.40187	 0.00179643
64.02	 1.32497	 -0.00203259	 -1.0819	 0.000107044	 -3.43651	 0.00187203
64.04	 1.3133	 -0.00204729	 -1.12327	 -0.00017079	 -3.47138	 0.0019467
64.06	 1.30085	 -0.00205942	 -1.1659	 -0.00044394	 -3.50643	 0.00202042
64.08	 1.28763	 -0.00206899	 -1.20974	 -0.000712238	 -3.54159	 0.00209315
64.1	 1.27366	 -0.0020765	 -1.25475	 -0.000975478	 -3.57679	 0.00216578
64.12	 1.25894	 -0.00208204	 -1.30087	 -0.00123344	 -3.612	 0.00223838
64.14	 1.24348	 -0.0020857	 -1.34809	 -0.00148591	 -3.64717	 0.00231093
64.16	 1.22729	 -0.00208747	 -1.39634	 -0.00173274	 -3.68226	 0.00238327
64.18	 1.21037	 -0.00208731	 -1.44559	 -0.00197386	 -3.71722	 0.0024552
64.2	 1.19274	 -0.00208519	 -1.4958	 -0.00220926	 -3.75202	 0.00252655
64.22	 1.17441	 -0.00208111	 -1.54691	 -0.00243896	 -3.7866	 0.0025972
64.24	 1.15537	 -0.00207508	 -1.59887	 -0.00266299	 -3.8209	 0.00266711
64.26	 1.13566	 -0.00206716	 -1.65162	 -0.00288138	 -3.85487	 0.00273625
64.28	 1.11526	 -0.00205742	 -1.70511	 -0.00309413	 -3.88845	 0.00280461
64.3	 1.09421	 -0.00204593	 -1.75927	 -0.00330122	 -3.92159	 0.00287214
64.32	 1.0725	 -0.00203276	 -1.81406	 -0.00350266	 -3.95424	 0.00293879
64.34	 1.05015	 -0.00201796	 -1.8694	 -0.00369846	 -3.98632	 0.00300449
64.36	 1.02717	 -0.0020016	 -1.92524	 -0.00388868	 -4.01781	 0.00306918
64.38	 1.00357	 -0.00198373	 -1.98151	 -0.0040734	 -4.04863	 0.00313278
64.4	 0.979366	 -0.00196443	 -2.03816	 -0.00425272	 -4.07873	 0.00319526
64.42	 0.954573	 -0.00194396	 -2.09512	 -0.00442673	 -4.10809	 0.00325696
64.44	 0.929205	 -0.0019224	 -2.15235	 -0.00459553	 -4.13666	 0.00331784
64.46	 0.90328	 -0.0018998	 -2.20979	 -0.00475922	 -4.16441	 0.00337778
64.48	 0.876815	 -0.00187619	 -2.26738	 -0.00491791	 -4.19131	 0.00343662
64.5	 0.849827	 -0.00185156	 -2.32508	 -0.0050718	 -4.21734	 0.00349416
64.52	 0.822333	 -0.00182594	 -2.38283	 -0.00522105	 -4.24246	 0.00355022
64.54	 0.794349	 -0.00179933	 -2.44057	 -0.0053659	 -4.26664	 0.00360469
64.56	 0.765891	 -0.00177179	 -2.49824	 -0.00550658	 -4.28983	 0.00365743
64.58	 0.736978	 -0.00174337	 -2.55579	 -0.00564327	 -4.31201	 0.00370839
64.6	 0.707625	 -0.00171412	 -2.61315	 -0.00577619	 -4.33314	 0.00375746
64.62	 0.677851	 -0.0016841	 -2.67026	 -0.00590553	 -4.35317	 0.00380454
64.64	 0.647673	 -0.00165338	 -2.72708	 -0.00603151	 -4.37209	 0.00384953
64.66	 0.617109	 -0.00162199	 -2.78354	 -0.00615432	 -4.38987	 0.0038923
64.68	 0.58618	 -0.00158999	 -2.83959	 -0.00627412	 -4.40646	 0.00393281
64.7	 0.554908	 -0.00155741	 -2.89517	 -0.00639126	 -4.42187	 0.0039708
64.72	 0.523318	 -0.00152427	 -2.95023	 -0.00650833	 -4.43605	 0.00400485
64.74	 0.491417	 -0.0014908	 -3.00473	 -0.0066236	 -4.44901	 0.00403648
64.76	 0.45921	 -0.00145693	 -3.05866	 -0.00673799	 -4.46078	 0.00406484
64.78	 0.426694	 -0.00142282	 -3.11199	 -0.006851	 -4.47136	 0.00409065
64.8	 0.393869	 -0.00138843	 -3.1647	 -0.00696328	 -4.48079	 0.00411335
64.82	 0.360736	 -0.00135377	 -3.21678	 -0.00707447	 -4.48909	 0.00413315
64.84	 0.327299	 -0.00131879	 -3.2682	 -0.00718493	 -4.4963	 0.00414959
64.86	 0.293565	 -0.00128348	 -3.31894	 -0.00729445	 -4.50242	 0.00416268
64.88	 0.259543	 -0.00124782	 -3.36898	 -0.00740329	 -4.50747	 0.0041722
64.9	 0.225243	 -0.00121183	 -3.41828	 -0.00751135	 -4.51146	 0.00417818
64.92	 0.190672	 -0.00117555	 -3.46681	 -0.00761878	 -4.5144	 0.00418051
64.94	 0.155839	 -0.00113898	 -3.51455	 -0.00772556	 -4.5163	 0.0041792
64.96	 0.120752	 -0.00110214	 -3.56148	 -0.00783175	 -4.51717	 0.00417419
64.98	 0.0854169	 -0.00106507	 -3.60756	 -0.00793739	 -4.51702	 0.00416544
65	 0.0498416	 -0.00102736	 -3.65278	 -0.00804251	 -4.51588	 0.00415212
65.02	 0.0140335	 -0.00098938	 -3.69711	 -0.0081472	 -4.51374	 0.00413494
65.04	 -0.0219992	 -0.000950954	 -3.74055	 -0.00825146	 -4.51064	 0.0041135
65.06	 -0.0582483	 -0.000912335	 -3.78305	 -0.00835531	 -4.50658	 0.00408829
65.08	 -0.0947054	 -0.000873527	 -3.82462	 -0.00845868	 -4.50158	 0.00405929
65.1	 -0.131362	 -0.000834659	 -3.86522	 -0.00856156	 -4.49564	 0.00402669
65.12	 -0.16821	 -0.000795666	 -3.90484	 -0.00866386	 -4.48879	 0.00399033
65.14	 -0.20524	 -0.000756518	 -3.94345	 -0.0087656	 -4.48101	 0.00395014
65.16	 -0.242445	 -0.000717202	 -3.98105	 -0.00886675	 -4.47233	 0.00390612
65.18	 -0.279816	 -0.00067771	 -4.0176	 -0.00896735	 -4.46274	 0.00385829
65.2	 -0.317344	 -0.000638065	 -4.0531	 -0.00906738	 -4.45227	 0.0038068
65.22	 -0.35502	 -0.000598369	 -4.08752	 -0.00916758	 -4.4409	 0.00375174
65.24	 -0.392837	 -0.000558529	 -4.12086	 -0.00926683	 -4.42864	 0.00369333
65.26	 -0.430786	 -0.000518204	 -4.15309	 -0.00935863	 -4.4155	 0.00363506
65.28	 -0.468857	 -0.000477373	 -4.18421	 -0.00944373	 -4.40146	 0.00357711
65.3	 -0.507045	 -0.000436762	 -4.21419	 -0.0095288	 -4.3865	 0.00351956
65.32	 -0.54534	 -0.000395371	 -4.24303	 -0.00960552	 -4.37058	 0.00346247
65.34	 -0.583734	 -0.000353682	 -4.27071	 -0.00967863	 -4.3537	 0.00340507
65.36	 -0.62222	 -0.00031152	 -4.29722	 -0.00974623	 -4.33583	 0.00334715
65.38	 -0.660786	 -0.000269004	 -4.32255	 -0.00980876	 -4.31695	 0.00328857
65.4	 -0.699424	 -0.000226143	 -4.34669	 -0.00986563	 -4.29704	 0.00322943
65.42	 -0.738123	 -0.00018286	 -4.36963	 -0.00991585	 -4.27611	 0.00316982
65.44	 -0.776873	 -0.00013932	 -4.39137	 -0.00996077	 -4.25414	 0.00310984
65.46	 -0.815665	 -9.54773e-05	 -4.41189	 -0.01	 -4.2311	 0.0030496
65.48	 -0.854489	 -5.13893e-05	 -4.43119	 -0.0100343	 -4.207	 0.00298915
65.5	 -0.893332	 -6.98188e-06	 -4.44927	 -0.0100628	 -4.18182	 0.00292852
65.52	 -0.932185	 3.77531e-05	 -4.46612	 -0.0100858	 -4.15554	 0.00286765
65.54	 -0.971036	 8.28161e-05	 -4.48173	 -0.010103	 -4.12815	 0.00280652
65.56	 -1.00987	 0.000128183	 -4.49611	 -0.0101146	 -4.09965	 0.00274513
65.58	 -1.04868	 0.000173825	 -4.50925	 -0.0101206	 -4.07	 0.00268353
65.6	 -1.08746	 0.000219733	 -4.52115	 -0.010121	 -4.03922	 0.00262174
65.62	 -1.12618	 0.000265897	 -4.53181	 -0.0101156	 -4.00728	 0.00255979
65.64	 -1.16484	 0.000312447	 -4.54123	 -0.0101027	 -3.97417	 0.00249814
65.66	 -1.20342	 0.000359176	 -4.54942	 -0.0100849	 -3.93989	 0.00243636
65.68	 -1.24191	 0.000406182	 -4.55637	 -0.010061	 -3.90442	 0.00237463
65.7	 -1.2803	 0.000453155	 -4.5621	 -0.0100347	 -3.86777	 0.00231203
65.72	 -1.31857	 0.000500725	 -4.5666	 -0.00999832	 -3.82992	 0.00225008
65.74	 -1.35671	 0.000548003	 -4.56988	 -0.00996225	 -3.79086	 0.00218682
65.76	 -1.39469	 0.000595712	 -4.57195	 -0.00991779	 -3.75059	 0.00212384
65.78	 -1.43252	 0.000643463	 -4.57282	 -0.0098693	 -3.7091	 0.00206052
65.8	 -1.47017	 0.000691538	 -4.57248	 -0.00981333	 -3.66638	 0.00199763
65.82	 -1.50763	 0.000739706	 -4.57096	 -0.00975262	 -3.62243	 0.00193482
65.84	 -1.54487	 0.000788046	 -4.56826	 -0.00968633	 -3.57725	 0.00187222
65.86	 -1.5819	 0.000836481	 -4.5644	 -0.0096154	 -3.53083	 0.00180958
65.88	 -1.61868	 0.000885052	 -4.55937	 -0.00953926	 -3.48318	 0.00174694
65.9	 -1.65521	 0.000933747	 -4.55321	 -0.00945788	 -3.43428	 0.00168433
65.92	 -1.69147	 0.000982554	 -4.54591	 -0.00937118	 -3.38415	 0.0016218
65.94	 -1.72743	 0.00103145	 -4.5375	 -0.00927927	 -3.33277	 0.00155944
65.96	 -1.76309	 0.00108041	 -4.52799	 -0.00918242	 -3.28016	 0.00149725
65.98	 -1.79842	 0.00112942	 -4.51739	 -0.00908073	 -3.22631	 0.00143525
66	 -1.83342	 0.00117847	 -4.50572	 -0.00897439	 -3.17123	 0.00137344
66.02	 -1.86805	 0.00122756	 -4.493	 -0.00886336	 -3.11492	 0.00131184
66.04	 -1.90231	 0.00127666	 -4.47925	 -0.00874777	 -3.0574	 0.00125044
66.06	 -1.93617	 0.00132578	 -4.46448	 -0.00862767	 -2.99866	 0.00118929
66.08	 -1.96963	 0.00137489	 -4.44872	 -0.0085032	 -2.93872	 0.0011284
66.1	 -2.00265	 0.00142398	 -4.43198	 -0.00837449	 -2.8776	 0.00106779
66.12	 -2.03523	 0.00147302	 -4.41428	 -0.00824169	 -2.81529	 0.00100749
66.14	 -2.06734	 0.00152201	 -4.39565	 -0.0081049	 -2.75182	 0.000947493
66.16	 -2.09897	 0.00157093	 -4.3761	 -0.00796426	 -2.6872	 0.000887829
66.18	 -2.13009	 0.00161977	 -4.35567	 -0.00781987	 -2.62145	 0.000828512
66.2	 -2.1607	 0.00166852	 -4.33436	 -0.00767187	 -2.55459	 0.000769557
66.22	 -2.19077	 0.00171715	 -4.31222	 -0.0075204	 -2.48664	 0.000710984
66.24	 -2.22029	 0.00176566	 -4.28925	 -0.00736559	 -2.41762	 0.000652806
66.26	 -2.24923	 0.00181404	 -4.26549	 -0.00720759	 -2.34756	 0.000595039
66.28	 -2.27758	 0.00186227	 -4.24096	 -0.00704654	 -2.27648	 0.000537695
66.3	 -2.30532	 0.00191033	 -4.21568	 -0.00688258	 -2.20441	 0.00048079
66.32	 -2.33244	 0.00195821	 -4.18969	 -0.00671585	 -2.13138	 0.000424333
66.34	 -2.35891	 0.0020059	 -4.163	 -0.0065465	 -2.05742	 0.000368338
66.36	 -2.38472	 0.00205339	 -4.13564	 -0.00637467	 -1.98257	 0.000312815
66.38	 -2.40985	 0.00210067	 -4.10765	 -0.0062005	 -1.90686	 0.000257774
66.4	 -2.43428	 0.00214771	 -4.07905	 -0.00602414	 -1.83032	 0.000203224
66.42	 -2.458	 0.00219453	 -4.04986	 -0.00584574	 -1.75299	 0.000149174
66.44	 -2.48099	 0.00224109	 -4.02011	 -0.00566542	 -1.67491	 9.56293e-05
66.46	 -2.50324	 0.00228739	 -3.98984	 -0.00548335	 -1.59612	 4.25968e-05
66.48	 -2.52472	 0.00233343	 -3.95907	 -0.00529967	 -1.51666	 -9.91872e-06
66.5	 -2.54543	 0.00237919	 -3.92782	 -0.00511452	 -1.43658	 -6.19128e-05
66.52	 -2.56534	 0.00242466	 -3.89613	 -0.00492805	 -1.35591	 -0.000113382
66.54	 -2.58444	 0.00246983	 -3.86403	 -0.0047404	 -1.27469	 -0.000164323
66.56	 -2.60272	 0.00251469	 -3.83154	 -0.00455173	 -1.19297	 -0.000214733
66.58	 -2.62017	 0.00255924	 -3.79869	 -0.00436217	 -1.1108	 -0.000264615
66.6	 -2.63676	 0.00260347	 -3.76551	 -0.00417188	 -1.02822	 -0.000313969
66.62	 -2.65249	 0.00264737	 -3.73202	 -0.00398099	 -0.945272	 -0.000362803
66.64	 -2.66734	 0.00269095	 -3.69827	 -0.00378965	 -0.862004	 -0.000411124
66.66	 -2.6813	 0.00273419	 -3.66427	 -0.003598	 -0.778462	 -0.000458941
66.68	 -2.69436	 0.00277711	 -3.63005	 -0.00340619	 -0.694693	 -0.000506264
66.7	 -2.7065	 0.00281968	 -3.59564	 -0.00321436	 -0.610743	 -0.000553102
66.72	 -2.71772	 0.00286192	 -3.56107	 -0.00302265	 -0.526661	 -0.000599464
66.74	 -2.728	 0.00290382	 -3.52637	 -0.00283119	 -0.442493	 -0.000645362
66.76	 -2.73733	 0.00294538	 -3.49155	 -0.00264013	 -0.358289	 -0.000690806
66.78	 -2.74571	 0.0029866	 -3.45666	 -0.00244958	 -0.274096	 -0.000735808
66.8	 -2.75312	 0.00302748	 -3.42171	 -0.00225968	 -0.189963	 -0.000780385
66.82	 -2.75955	 0.00306803	 -3.38674	 -0.00207056	 -0.105938	 -0.000824551
66.84	 -2.765	 0.00310824	 -3.35176	 -0.00188234	 -0.0220701	 -0.000868325
66.86	 -2.76947	 0.00314812	 -3.3168	 -0.00169513	 0.0615932	 -0.000911724
66.88	 -2.77293	 0.00318768	 -3.2819	 -0.00150906	 0.145003	 -0.000954769
66.9	 -2.77539	 0.00322691	 -3.24706	 -0.00132425	 0.228111	 -0.000997481
66.92	 -2.77684	 0.00326583	 -3.21232	 -0.0011408	 0.31087	 -0.00103988
66.94	 -2.77727	 0.00330445	 -3.17771	 -0.000958827	 0.393231	 -0.001082
66.96	 -2.77668	 0.00334277	 -3.14323	 -0.000778441	 0.475147	 -0.00112385
66.98	 -2.77506	 0.00338081	 -3.10893	 -0.000599744	 0.556572	 -0.00116547
67	 -2.77242	 0.00341856	 -3.07481	 -0.000422839	 0.637458	 -0.00120689
67.02	 -2.76874	 0.00345605	 -3.0409	 -0.000247827	 0.717758	 -0.00124813
67.04	 -2.76403	 0.00349329	 -3.00722	 -7.48064e-05	 0.797428	 -0.00128923
67.06	 -2.75828	 0.00353028	 -2.97379	 9.61293e-05	 0.876423	 -0.00133022
67.08	 -2.7515	 0.00356705	 -2.94064	 0.000264888	 0.954696	 -0.00137114
67.1	 -2.74367	 0.00360361	 -2.90777	 0.000431383	 1.0322	 -0.00141201
67.12	 -2.73481	 0.00363996	 -2.87522	 0.000595528	 1.10891	 -0.00145288
67.14	 -2.72491	 0.00367613	 -2.84299	 0.000757227	 1.18476	 -0.00149377
67.16	 -2.71397	 0.00371213	 -2.8111	 0.000916363	 1.25971	 -0.00153474
67.18	 -2.702	 0.00374795	 -2.77957	 0.00107273	 1.33374	 -0.00157579
67.2	 -2.689	 0.00378354	 -2.74842	 0.00122575	 1.40679	 -0.00161695
67.22	 -2.67497	 0.00381899	 -2.71766	 0.00137597	 1.47883	 -0.00165831
67.24	 -2.65992	 0.00385428	 -2.68731	 0.00152278	 1.54981	 -0.00169997
67.26	 -2.64384	 0.00388949	 -2.65737	 0.00166699	 1.61972	 -0.0017419
67.28	 -2.62675	 0.00392461	 -2.62787	 0.00180806	 1.68849	 -0.00178409
67.3	 -2.60865	 0.00395965	 -2.59881	 0.00194603	 1.75611	 -0.00182656
67.32	 -2.58955	 0.00399463	 -2.5702	 0.00208082	 1.82254	 -0.00186933
67.34	 -2.56945	 0.00402956	 -2.54206	 0.00221238	 1.88774	 -0.00191246
67.36	 -2.54837	 0.00406446	 -2.51439	 0.00234063	 1.95168	 -0.00195597
67.38	 -2.5263	 0.00409933	 -2.4872	 0.00246552	 2.01434	 -0.00199991
67.4	 -2.50326	 0.0041342	 -2.4605	 0.002587	 2.07568	 -0.00204429
67.42	 -2.47926	 0.00416906	 -2.4343	 0.00270502	 2.13568	 -0.00208916
67.44	 -2.45431	 0.00420394	 -2.4086	 0.00281952	 2.19431	 -0.00213452
67.46	 -2.42842	 0.00423883	 -2.38341	 0.00293045	 2.25155	 -0.0021804
67.48	 -2.40159	 0.00427369	 -2.35873	 0.00303777	 2.30737	 -0.0022267
67.5	 -2.37385	 0.00430857	 -2.33457	 0.00314145	 2.36176	 -0.00227351
67.52	 -2.3452	 0.00434347	 -2.31092	 0.00324146	 2.41469	 -0.00232087
67.54	 -2.31566	 0.00437842	 -2.28779	 0.00333775	 2.46615	 -0.00236879
67.56	 -2.28523	 0.00441341	 -2.26518	 0.0034303	 2.51612	 -0.00241729
67.58	 -2.25394	 0.00444845	 -2.24308	 0.00351908	 2.56458	 -0.00246636
67.6	 -2.2218	 0.00448353	 -2.2215	 0.00360407	 2.61152	 -0.00251598
67.62	 -2.18882	 0.00451864	 -2.20043	 0.00368526	 2.65693	 -0.00256614
67.64	 -2.15502	 0.00455378	 -2.17987	 0.00376265	 2.7008	 -0.00261683
67.66	 -2.12041	 0.00458894	 -2.15982	 0.00383624	 2.74313	 -0.00266804
67.68	 -2.08501	 0.00462412	 -2.14026	 0.00390603	 2.78391	 -0.00271976
67.7	 -2.04883	 0.00465931	 -2.1212	 0.00397203	 2.82313	 -0.00277197
67.72	 -2.0119	 0.00469451	 -2.10262	 0.00403425	 2.86079	 -0.00282465
67.74	 -1.97423	 0.00472971	 -2.08451	 0.00409271	 2.8969	 -0.00287779
67.76	 -1.93584	 0.0047649	 -2.06687	 0.00414736	 2.93145	 -0.00293134
67.78	 -1.89674	 0.00479992	 -2.04968	 0.00419644	 2.96446	 -0.00298549
67.8	 -1.85696	 0.00483508	 -2.03294	 0.00424397	 2.99591	 -0.00303994
67.82	 -1.81651	 0.00487013	 -2.01662	 0.00428709	 3.02584	 -0.00309468
67.84	 -1.77541	 0.00490516	 -2.00072	 0.00432718	 3.05424	 -0.00314961
67.86	 -1.73369	 0.00494007	 -1.98522	 0.00436327	 3.08112	 -0.00320473
67.88	 -1.69136	 0.00497487	 -1.9701	 0.00439569	 3.10651	 -0.00326008
67.9	 -1.64844	 0.00500949	 -1.95535	 0.00442362	 3.13041	 -0.0033157
67.92	 -1.60495	 0.00504402	 -1.94096	 0.00444851	 3.15285	 -0.00337151
67.94	 -1.56092	 0.00507835	 -1.92689	 0.00446973	 3.17385	 -0.00342735
67.96	 -1.51636	 0.00511256	 -1.91313	 0.00448848	 3.19342	 -0.00348309
67.98	 -1.47129	 0.00514645	 -1.89966	 0.00450282	 3.21158	 -0.00353867
68	 -1.42574	 0.00517997	 -1.88646	 0.00451271	 3.22838	 -0.00359414
68.02	 -1.37972	 0.00521337	 -1.87351	 0.00452046	 3.24383	 -0.00364961
68.04	 -1.33326	 0.00524654	 -1.86079	 0.00452516	 3.25795	 -0.00370489
68.06	 -1.28638	 0.00527958	 -1.84826	 0.00452807	 3.27079	 -0.00375991
68.08	 -1.2391	 0.00531236	 -1.83591	 0.00452814	 3.28237	 -0.0038145
68.1	 -1.19143	 0.0053441	 -1.82371	 0.00451931	 3.29273	 -0.00386849
68.12	 -1.14341	 0.00537529	 -1.81164	 0.00450697	 3.30189	 -0.00392218
68.14	 -1.09506	 0.00540581	 -1.79966	 0.00449036	 3.30991	 -0.00397541
68.16	 -1.04639	 0.00543615	 -1.78776	 0.00447369	 3.3168	 -0.00402819
68.18	 -0.997425	 0.00546608	 -1.7759	 0.00445443	 3.32261	 -0.00408026
68.2	 -0.948189	 0.00549569	 -1.76406	 0.00443334	 3.32738	 -0.00413159
68.22	 -0.898704	 0.00552457	 -1.75221	 0.00440694	 3.33115	 -0.00418208
68.24	 -0.84899	 0.00555289	 -1.74033	 0.00437773	 3.33396	 -0.00423182
68.26	 -0.799068	 0.00558048	 -1.72837	 0.00434503	 3.33584	 -0.00428063
68.28	 -0.748961	 0.0056075	 -1.71633	 0.00431103	 3.33685	 -0.00432846
68.3	 -0.698689	 0.0056338	 -1.70416	 0.0042746	 3.33701	 -0.00437509
68.32	 -0.648274	 0.0056595	 -1.69184	 0.00423613	 3.33638	 -0.00442069
68.34	 -0.597736	 0.0056845	 -1.67934	 0.0041947	 3.33499	 -0.00446529
68.36	 -0.547097	 0.0057087	 -1.66663	 0.00415095	 3.33288	 -0.00450853
68.38	 -0.49637	 0.00573191	 -1.65369	 0.00410394	 3.33009	 -0.00455037
68.4	 -0.445553	 0.00575439	 -1.6405	 0.00405443	 3.32665	 -0.00459125
68.42	 -0.39464	 0.00577607	 -1.62705	 0.00400226	 3.32257	 -0.00463108
68.44	 -0.34362	 0.00579709	 -1.61334	 0.00394737	 3.31788	 -0.00467013
68.46	 -0.292485	 0.00581716	 -1.59935	 0.00388953	 3.31262	 -0.00470784
68.48	 -0.241231	 0.00583631	 -1.58507	 0.00382871	 3.30682	 -0.0047443
68.5	 -0.189853	 0.00585439	 -1.57049	 0.00376488	 3.30052	 -0.00477925
68.52	 -0.138354	 0.00587144	 -1.55559	 0.00369807	 3.29374	 -0.00481284
68.54	 -0.0867322	 0.00588741	 -1.54036	 0.00362833	 3.28653	 -0.00484499
68.56	 -0.0349888	 0.00590229	 -1.52479	 0.00355572	 3.27892	 -0.0048757
68.58	 0.0168773	 0.00591603	 -1.50886	 0.00348026	 3.27093	 -0.00490483
68.6	 0.0688682	 0.00592857	 -1.49255	 0.003402	 3.26258	 -0.00493232
68.62	 0.120986	 0.00593979	 -1.47586	 0.00332094	 3.25392	 -0.00495793
68.64	 0.173233	 0.00594962	 -1.45878	 0.00323709	 3.24497	 -0.00498156
68.66	 0.225612	 0.00595764	 -1.4413	 0.00315056	 3.23575	 -0.00500242
68.68	 0.278122	 0.0059641	 -1.42341	 0.00306132	 3.2263	 -0.00502111
68.7	 0.33076	 0.0059689	 -1.40511	 0.00296942	 3.2166	 -0.00503749
68.72	 0.383522	 0.00597201	 -1.3864	 0.00287488	 3.20668	 -0.00505147
68.74	 0.436396	 0.00597324	 -1.36732	 0.00277777	 3.19649	 -0.00506271
68.76	 0.489375	 0.00597248	 -1.34787	 0.00267814	 3.18601	 -0.00507101
68.78	 0.542445	 0.00596956	 -1.32807	 0.00257605	 3.1752	 -0.00507604
68.8	 0.595594	 0.00596446	 -1.30795	 0.00247152	 3.16402	 -0.00507789
68.82	 0.648807	 0.00595711	 -1.28753	 0.00236458	 3.15244	 -0.00507644
68.84	 0.702071	 0.00594746	 -1.26683	 0.00225522	 3.14043	 -0.00507168
68.86	 0.75537	 0.00593535	 -1.24586	 0.00214347	 3.12797	 -0.00506332
68.88	 0.808688	 0.00592072	 -1.22465	 0.00202931	 3.11502	 -0.00505129
68.9	 0.86201	 0.00590342	 -1.20322	 0.00191275	 3.10155	 -0.00503538
68.92	 0.915316	 0.00588333	 -1.1816	 0.0017938	 3.08751	 -0.0050154
68.94	 0.968586	 0.00586033	 -1.15981	 0.00167249	 3.07285	 -0.00499118
68.96	 1.0218	 0.00583429	 -1.13788	 0.00154886	 3.05751	 -0.00496254
68.98	 1.07494	 0.00580507	 -1.11585	 0.00142292	 3.04145	 -0.00492932
69	 1.12797	 0.00577258	 -1.09376	 0.00129473	 3.0246	 -0.00489136
69.02	 1.18089	 0.00573669	 -1.07163	 0.00116429	 3.0069	 -0.0048485
69.04	 1.23366	 0.00569729	 -1.04952	 0.00103166	 2.9883	 -0.00480058
69.06	 1.28627	 0.00565428	 -1.02745	 0.000896865	 2.96872	 -0.00474746
69.08	 1.3387	 0.00560754	 -1.00546	 0.000759939	 2.94812	 -0.00468897
69.1	 1.39093	 0.00555698	 -0.983589	 0.00062092	 2.92642	 -0.00462499
69.12	 1.44294	 0.0055025	 -0.961882	 0.000479843	 2.90356	 -0.00455538
69.14	 1.49471	 0.00544401	 -0.940374	 0.000336741	 2.8795	 -0.00448004
69.16	 1.54623	 0.00538141	 -0.919105	 0.000191643	 2.85416	 -0.00439887
69.18	 1.59746	 0.00531464	 -0.898111	 4.45774e-05	 2.82749	 -0.00431178
69.2	 1.6484	 0.00524361	 -0.877429	 -0.000104432	 2.79945	 -0.00421869
69.22	 1.69903	 0.00516825	 -0.857095	 -0.000255362	 2.76997	 -0.00411954
69.24	 1.74932	 0.0050885	 -0.837145	 -0.000408189	 2.73901	 -0.00401427
69.26	 1.79927	 0.00500429	 -0.817611	 -0.000562885	 2.70653	 -0.00390281
69.28	 1.84884	 0.00491555	 -0.798528	 -0.00071942	 2.67248	 -0.00378511
69.3	 1.89803	 0.00482222	 -0.779928	 -0.00087776	 2.63682	 -0.00366112
69.32	 1.94681	 0.00472425	 -0.761842	 -0.00103787	 2.59951	 -0.00353082
69.34	 1.99518	 0.00462163	 -0.744301	 -0.00119971	 2.56053	 -0.00339423
69.36	 2.04311	 0.00451433	 -0.727334	 -0.00136325	 2.51985	 -0.00325139
69.38	 2.09059	 0.00440237	 -0.710967	 -0.00152846	 2.47742	 -0.00310238
69.4	 2.13759	 0.00428577	 -0.695227	 -0.00169529	 2.43325	 -0.00294728
69.42	 2.18411	 0.00416456	 -0.680136	 -0.00186372	 2.38731	 -0.00278623
69.44	 2.23013	 0.0040388	 -0.665718	 -0.00203368	 2.33958	 -0.00261937
69.46	 2.27564	 0.00390857	 -0.651992	 -0.00220513	 2.29006	 -0.00244689
69.48	 2.32061	 0.00377396	 -0.638978	 -0.002378	 2.23876	 -0.00226899
69.5	 2.36503	 0.00363507	 -0.626691	 -0.0025522	 2.18566	 -0.00208592
69.52	 2.40889	 0.00349205	 -0.615147	 -0.00272764	 2.13077	 -0.00189795
69.54	 2.45218	 0.00334504	 -0.60436	 -0.00290422	 2.07411	 -0.00170539
69.56	 2.49487	 0.00319421	 -0.59434	 -0.00308181	 2.01569	 -0.00150854
69.58	 2.53696	 0.00303974	 -0.585098	 -0.00326027	 1.95553	 -0.00130775
69.6	 2.57843	 0.0028818	 -0.57664	 -0.00343944	 1.89366	 -0.00110334
69.62	 2.61926	 0.0027206	 -0.568972	 -0.00361913	 1.8301	 -0.000895667
69.64	 2.65945	 0.00255636	 -0.562098	 -0.00379914	 1.7649	 -0.000685104
69.66	 2.69897	 0.00238928	 -0.556019	 -0.00397924	 1.69808	 -0.000472013
69.68	 2.73782	 0.00221958	 -0.550734	 -0.00415919	 1.6297	 -0.000256766
69.7	 2.77598	 0.00204751	 -0.546241	 -0.00433873	 1.55981	 -3.97338e-05
69.72	 2.81343	 0.00187329	 -0.542535	 -0.00451757	 1.48846	 0.000178715
69.74	 2.85017	 0.00169716	 -0.539609	 -0.00469543	 1.41571	 0.000398214
69.76	 2.88617	 0.00151937	 -0.537454	 -0.00487198	 1.34163	 0.000618396
69.78	 2.92144	 0.00134016	 -0.53606	 -0.00504693	 1.26627	 0.000838899
69.8	 2.95594	 0.00115978	 -0.535414	 -0.00521993	 1.18973	 0.00105936
69.82	 2.98967	 0.000978483	 -0.535501	 -0.00539064	 1.11206	 0.00127942
69.84	 3.02262	 0.00079653	 -0.536308	 -0.00555873	 1.03336	 0.00149874
69.86	 3.05477	 0.000614172	 -0.537815	 -0.00572385	 0.953696	 0.00171697
69.88	 3.08611	 0.000431666	 -0.540004	 -0.00588564	 0.873166	 0.00193378
69.9	 3.11662	 0.000249271	 -0.542855	 -0.00604376	 0.791857	 0.00214882
69.92	 3.1463	 6.72452e-05	 -0.546346	 -0.00619785	 0.709861	 0.00236178
69.94	 3.17512	 -0.000114151	 -0.550453	 -0.00634755	 0.627273	 0.00257232
69.96	 3.20308	 -0.000294661	 -0.555152	 -0.00649253	 0.544193	 0.00278014
69.98	 3.23016	 -0.00047403	 -0.560415	 -0.00663244	 0.460722	 0.00298492
70	 3.25634	 -0.000652002	 -0.566215	 -0.00676693	 0.376962	 0.00318637
70.02	 3.28163	 -0.000828327	 -0.572522	 -0.00689567	 0.29302	 0.0033842
70.04	 3.30599	 -0.00100276	 -0.579307	 -0.00701833	 0.209001	 0.00357811
70.06	 3.32943	 -0.00117504	 -0.586538	 -0.00713452	 0.125014	 0.00376784
70.08	 3.35192	 -0.00134495	 -0.594184	 -0.00724399	 0.0411671	 0.00395312
70.1	 3.37345	 -0.00151223	 -0.60221	 -0.00734635	 -0.0424292	 0.0041337
70.12	 3.39402	 -0.00167668	 -0.610585	 -0.00744136	 -0.125665	 0.00430934
70.14	 3.4136	 -0.00183804	 -0.619272	 -0.00752853	 -0.208431	 0.0044798
70.16	 3.43219	 -0.00199611	 -0.628238	 -0.00760748	 -0.290617	 0.00464486
70.18	 3.44978	 -0.0021507	 -0.637447	 -0.00767822	 -0.372112	 0.00480434
70.2	 3.46634	 -0.00230162	 -0.646863	 -0.00774041	 -0.452808	 0.0049581
70.22	 3.48188	 -0.00244869	 -0.656451	 -0.00779365	 -0.532598	 0.00510598
70.24	 3.49637	 -0.00259167	 -0.666174	 -0.00783666	 -0.611375	 0.00524781
70.26	 3.50981	 -0.00273135	 -0.675996	 -0.00787026	 -0.689036	 0.0053852
70.28	 3.52219	 -0.0028691	 -0.685887	 -0.00789337	 -0.76549	 0.00552112
70.3	 3.5335	 -0.00300525	 -0.695818	 -0.00790527	 -0.84065	 0.00565619
70.32	 3.54372	 -0.00313995	 -0.705761	 -0.00790575	 -0.914434	 0.00579059
70.34	 3.55286	 -0.00327292	 -0.715687	 -0.00789372	 -0.986759	 0.0059239
70.36	 3.56091	 -0.00340387	 -0.725568	 -0.0078694	 -1.05754	 0.00605562
70.38	 3.56785	 -0.00353243	 -0.735375	 -0.00783237	 -1.1267	 0.00618539
70.4	 3.57368	 -0.00365839	 -0.745075	 -0.00778274	 -1.19416	 0.00631311
70.42	 3.57839	 -0.00378163	 -0.754638	 -0.00772031	 -1.25983	 0.00643888
70.44	 3.58197	 -0.00390212	 -0.764031	 -0.0076448	 -1.32363	 0.00656288
70.46	 3.58442	 -0.00401995	 -0.773223	 -0.00755649	 -1.38551	 0.00668534
70.48	 3.58573	 -0.00413511	 -0.782183	 -0.0074549	 -1.44538	 0.00680641
70.5	 3.58589	 -0.00424761	 -0.790878	 -0.00733973	 -1.50318	 0.00692613
70.52	 3.58491	 -0.00435741	 -0.799278	 -0.00721071	 -1.55884	 0.00704451
70.54	 3.58276	 -0.00446446	 -0.807354	 -0.00706768	 -1.6123	 0.00716154
70.56	 3.57946	 -0.00456869	 -0.815075	 -0.00691051	 -1.6635	 0.00727723
70.58	 3.57499	 -0.00467002	 -0.82241	 -0.00673913	 -1.71238	 0.00739155
70.6	 3.56934	 -0.00476843	 -0.829331	 -0.00655353	 -1.75888	 0.0075046
70.62	 3.56252	 -0.00486381	 -0.835807	 -0.0063537	 -1.80296	 0.00761629
70.64	 3.55453	 -0.00495607	 -0.841809	 -0.00613964	 -1.84456	 0.00772657
70.66	 3.54535	 -0.00504579	 -0.847309	 -0.00591122	 -1.88364	 0.00783666
70.68	 3.53498	 -0.00513199	 -0.852279	 -0.00566854	 -1.92015	 0.00794462
70.7	 3.52344	 -0.00521545	 -0.856691	 -0.00541156	 -1.95406	 0.00805213
70.72	 3.5107	 -0.00529571	 -0.860515	 -0.00514038	 -1.98533	 0.00815824
70.74	 3.49677	 -0.00537295	 -0.863725	 -0.0048551	 -2.01392	 0.00826341
70.76	 3.48166	 -0.00544694	 -0.866295	 -0.00455585	 -2.0398	 0.0083672
70.78	 3.46535	 -0.00551779	 -0.868197	 -0.00424284	 -2.06295	 0.00846989
70.8	 3.44786	 -0.00558545	 -0.869407	 -0.00391625	 -2.08333	 0.00857139
70.82	 3.42918	 -0.00564998	 -0.869901	 -0.0035763	 -2.10093	 0.00867184
70.84	 3.40931	 -0.00571137	 -0.869654	 -0.00322319	 -2.11573	 0.00877122
70.86	 3.38825	 -0.00576964	 -0.868643	 -0.00285716	 -2.12771	 0.00886953
70.88	 3.36602	 -0.00582478	 -0.866846	 -0.0024785	 -2.13687	 0.00896673
70.9	 3.34261	 -0.0058768	 -0.864241	 -0.0020875	 -2.1432	 0.00906281
70.92	 3.31803	 -0.00592572	 -0.860807	 -0.00168448	 -2.1467	 0.00915776
70.94	 3.29228	 -0.00597154	 -0.856524	 -0.00126982	 -2.14736	 0.00925155
70.96	 3.26537	 -0.00601428	 -0.851374	 -0.000843896	 -2.14519	 0.00934415
70.98	 3.23731	 -0.00605396	 -0.845339	 -0.00040713	 -2.1402	 0.00943553
71	 3.20811	 -0.00609059	 -0.8384	 4.00554e-05	 -2.13241	 0.00952566
71.02	 3.17776	 -0.0061242	 -0.830542	 0.000497212	 -2.12182	 0.00961448
71.04	 3.14629	 -0.0061548	 -0.82175	 0.000963871	 -2.10846	 0.00970196
71.06	 3.1137	 -0.00618243	 -0.812009	 0.00143954	 -2.09236	 0.00978803
71.08	 3.07999	 -0.00620711	 -0.801307	 0.0019237	 -2.07353	 0.00987261
71.1	 3.04519	 -0.00622884	 -0.789631	 0.00241582	 -2.05202	 0.00995563
71.12	 3.00931	 -0.00624766	 -0.776971	 0.00291532	 -2.02784	 0.010037
71.14	 2.97234	 -0.00626358	 -0.763315	 0.0034216	 -2.00105	 0.0101166
71.16	 2.93432	 -0.00627663	 -0.748656	 0.00393403	 -1.97167	 0.0101943
71.18	 2.89524	 -0.00628682	 -0.732986	 0.00445197	 -1.93976	 0.0102701
71.2	 2.85513	 -0.00629417	 -0.716299	 0.00497473	 -1.90536	 0.0103438
71.22	 2.81399	 -0.00629869	 -0.698588	 0.00550166	 -1.86851	 0.0104152
71.24	 2.77185	 -0.00630038	 -0.679851	 0.00603203	 -1.82928	 0.0104842
71.26	 2.72871	 -0.00629924	 -0.660085	 0.00656513	 -1.7877	 0.0105506
71.28	 2.68459	 -0.00629525	 -0.639288	 0.00710022	 -1.74385	 0.0106141
71.3	 2.63951	 -0.00628841	 -0.61746	 0.00763656	 -1.69777	 0.0106746
71.32	 2.59347	 -0.00627869	 -0.594603	 0.00817338	 -1.64954	 0.0107319
71.34	 2.54651	 -0.00626605	 -0.57072	 0.00870986	 -1.59922	 0.0107856
71.36	 2.49863	 -0.00625046	 -0.545815	 0.00924529	 -1.54687	 0.0108354
71.38	 2.44986	 -0.00623185	 -0.519894	 0.00977884	 -1.49257	 0.0108811
71.4	 2.4002	 -0.00621017	 -0.492964	 0.0103097	 -1.43639	 0.0109223
71.42	 2.34968	 -0.00618534	 -0.465036	 0.0108371	 -1.3784	 0.0109587
71.44	 2.29831	 -0.00615728	 -0.436118	 0.0113601	 -1.31869	 0.0109899
71.46	 2.24612	 -0.00612592	 -0.406224	 0.0118779	 -1.25733	 0.0110155
71.48	 2.19311	 -0.00609114	 -0.375369	 0.0123898	 -1.19441	 0.011035
71.5	 2.13931	 -0.00605288	 -0.343567	 0.0128948	 -1.13001	 0.0110482
71.52	 2.08474	 -0.00601103	 -0.310837	 0.0133922	 -1.06422	 0.0110546
71.54	 2.02942	 -0.00596548	 -0.277197	 0.013881	 -0.997132	 0.0110538
71.56	 1.97335	 -0.00591614	 -0.242671	 0.0143603	 -0.928836	 0.0110453
71.58	 1.91657	 -0.00586297	 -0.20728	 0.014828	 -0.859427	 0.0110287
71.6	 1.8591	 -0.0058057	 -0.17105	 0.0152849	 -0.789	 0.0110034
71.62	 1.80094	 -0.00574426	 -0.134009	 0.0157295	 -0.717652	 0.0109691
71.64	 1.74212	 -0.00567851	 -0.0961858	 0.0161612	 -0.645484	 0.0109252
71.66	 1.68266	 -0.00560831	 -0.0576113	 0.016579	 -0.572597	 0.0108713
71.68	 1.62258	 -0.00553356	 -0.0183189	 0.016982	 -0.499094	 0.0108068
71.7	 1.56189	 -0.00545413	 0.0216561	 0.0173693	 -0.42508	 0.0107314
71.72	 1.50063	 -0.00536984	 0.0622766	 0.0177411	 -0.350642	 0.0106445
71.74	 1.4388	 -0.00528068	 0.103503	 0.0180952	 -0.27589	 0.0105458
71.76	 1.37642	 -0.00518694	 0.145294	 0.018425	 -0.200915	 0.0104346
71.78	 1.31353	 -0.00508791	 0.187604	 0.0187377	 -0.125823	 0.0103108
71.8	 1.25014	 -0.00498391	 0.230388	 0.0190274	 -0.0507154	 0.0101739
71.82	 1.18627	 -0.00487468	 0.273596	 0.0192965	 0.0243017	 0.0100235
71.84	 1.12196	 -0.00476039	 0.317177	 0.0195416	 0.0991235	 0.0098594
71.86	 1.05722	 -0.0046409	 0.361077	 0.0197636	 0.173644	 0.00968127
71.88	 0.992088	 -0.00451631	 0.40524	 0.0199601	 0.247759	 0.00948879
71.9	 0.92659	 -0.00438658	 0.449605	 0.0201312	 0.321363	 0.00928182
71.92	 0.86076	 -0.00425179	 0.494112	 0.0202754	 0.394349	 0.00906011
71.94	 0.794632	 -0.00411195	 0.538695	 0.0203925	 0.466612	 0.00882355
71.96	 0.728245	 -0.00396714	 0.583286	 0.0204817	 0.538039	 0.00857199
71.98	 0.661637	 -0.00381742	 0.627816	 0.0205426	 0.608515	 0.00830537
72	 0.594851	 -0.00366294	 0.672212	 0.0205745	 0.67792	 0.00802372
72.02	 0.527931	 -0.00350382	 0.7164	 0.0205769	 0.746134	 0.00772711
72.04	 0.460922	 -0.00334021	 0.760303	 0.0205495	 0.813033	 0.00741565
72.06	 0.393873	 -0.00317229	 0.803844	 0.0204919	 0.878492	 0.00708951
72.08	 0.326833	 -0.00300024	 0.846943	 0.0204039	 0.942386	 0.00674894
72.1	 0.259854	 -0.00282429	 0.889521	 0.0202853	 1.00459	 0.00639425
72.12	 0.192987	 -0.00264466	 0.931497	 0.0201361	 1.06498	 0.00602585
72.14	 0.126286	 -0.00246162	 0.97279	 0.0199562	 1.12343	 0.00564419
72.16	 0.0598039	 -0.00227544	 1.01332	 0.0197459	 1.17982	 0.00524985
72.18	 -0.00640835	 -0.00208643	 1.05301	 0.0195052	 1.23403	 0.00484344
72.2	 -0.0722991	 -0.0018949	 1.09178	 0.0192345	 1.28596	 0.00442564
72.22	 -0.137819	 -0.00170115	 1.12955	 0.0189338	 1.33551	 0.00399716
72.24	 -0.202919	 -0.00150552	 1.16626	 0.0186036	 1.38257	 0.00355872
72.26	 -0.267552	 -0.00130829	 1.20182	 0.0182444	 1.42707	 0.00311103
72.28	 -0.33167	 -0.00110976	 1.23618	 0.0178569	 1.46893	 0.0026548
72.3	 -0.395227	 -0.000910201	 1.26925	 0.017442	 1.50806	 0.00219076
72.32	 -0.458176	 -0.000709896	 1.30099	 0.0170006	 1.54439	 0.00171964
72.34	 -0.52047	 -0.000509139	 1.33131	 0.0165338	 1.57785	 0.00124221
72.36	 -0.582062	 -0.000308236	 1.36017	 0.0160423	 1.60837	 0.000759319
72.38	 -0.642906	 -0.000107511	 1.38749	 0.0155271	 1.63586	 0.000271842
72.4	 -0.702959	 9.2694e-05	 1.41323	 0.0149888	 1.66029	 -0.000219275
72.42	 -0.762179	 0.000292046	 1.43733	 0.0144282	 1.68159	 -0.000713061
72.44	 -0.820524	 0.000490267	 1.45975	 0.0138467	 1.69975	 -0.0012086
72.46	 -0.877955	 0.000687075	 1.48043	 0.0132456	 1.71472	 -0.00170497
72.48	 -0.934433	 0.000882169	 1.49934	 0.0126261	 1.7265	 -0.00220124
72.5	 -0.989917	 0.00107527	 1.51643	 0.0119898	 1.73507	 -0.00269648
72.52	 -1.04437	 0.00126609	 1.53167	 0.011338	 1.7404	 -0.00318975
72.54	 -1.09775	 0.00145435	 1.54503	 0.0106724	 1.74249	 -0.00368009
72.56	 -1.15003	 0.00163977	 1.55648	 0.00999428	 1.74132	 -0.00416654
72.58	 -1.20116	 0.00182205	 1.56598	 0.00930492	 1.73689	 -0.00464811
72.6	 -1.25111	 0.00200091	 1.57353	 0.00860595	 1.72919	 -0.00512382
72.62	 -1.29985	 0.0021761	 1.57909	 0.00789886	 1.71823	 -0.0055927
72.64	 -1.34735	 0.00234735	 1.58266	 0.00718529	 1.70402	 -0.00605381
72.66	 -1.39356	 0.00251442	 1.58423	 0.00646675	 1.6866	 -0.00650622
72.68	 -1.43847	 0.00267706	 1.58378	 0.00574474	 1.66598	 -0.00694901
72.7	 -1.48203	 0.00283501	 1.58133	 0.00502075	 1.64221	 -0.00738125
72.72	 -1.52423	 0.00298804	 1.57686	 0.00429634	 1.61531	 -0.00780199
72.74	 -1.56503	 0.00313594	 1.57038	 0.00357321	 1.58535	 -0.00821031
72.76	 -1.60441	 0.0032785	 1.56192	 0.00285307	 1.55238	 -0.0086053
72.78	 -1.64235	 0.00341553	 1.55147	 0.00213751	 1.51647	 -0.00898611
72.8	 -1.67881	 0.00354684	 1.53905	 0.00142821	 1.47767	 -0.00935192
72.82	 -1.71378	 0.00367225	 1.5247	 0.000726711	 1.43608	 -0.00970194
72.84	 -1.74724	 0.0037916	 1.50842	 3.447e-05	 1.39176	 -0.0100354
72.86	 -1.77916	 0.0039047	 1.49026	 -0.000647274	 1.3448	 -0.0103517
72.88	 -1.80952	 0.00401141	 1.47024	 -0.00131706	 1.29527	 -0.0106501
72.9	 -1.83831	 0.00411159	 1.44841	 -0.00197353	 1.24327	 -0.0109299
72.92	 -1.86551	 0.00420509	 1.42479	 -0.00261539	 1.1889	 -0.0111905
72.94	 -1.8911	 0.00429181	 1.39944	 -0.0032415	 1.13226	 -0.0114315
72.96	 -1.91507	 0.00437162	 1.37241	 -0.00385068	 1.07345	 -0.0116523
72.98	 -1.93741	 0.00444444	 1.34373	 -0.00444183	 1.01259	 -0.0118523
73	 -1.9581	 0.00451018	 1.31348	 -0.00501379	 0.9498	 -0.0120312
73.02	 -1.97714	 0.00456879	 1.28171	 -0.00556535	 0.885196	 -0.0121886
73.04	 -1.99452	 0.00462022	 1.24847	 -0.00609548	 0.818912	 -0.0123239
73.06	 -2.01023	 0.00466443	 1.21384	 -0.00660321	 0.751079	 -0.0124371
73.08	 -2.02426	 0.00470141	 1.17788	 -0.00708763	 0.681829	 -0.0125278
73.1	 -2.03661	 0.00473112	 1.14065	 -0.00754808	 0.611293	 -0.0125958
73.12	 -2.04727	 0.00475355	 1.10223	 -0.00798399	 0.539603	 -0.0126411
73.14	 -2.05626	 0.00476871	 1.0627	 -0.00839476	 0.466891	 -0.0126635
73.16	 -2.06355	 0.00477661	 1.02211	 -0.00877982	 0.393291	 -0.0126631
73.18	 -2.06917	 0.00477781	 0.980539	 -0.00913892	 0.318907	 -0.0126409
73.2	 -2.07312	 0.00477249	 0.938036	 -0.00947187	 0.24382	 -0.0125973
73.22	 -2.07542	 0.00476082	 0.894647	 -0.00977853	 0.168098	 -0.0125324
73.24	 -2.0761	 0.00474286	 0.850418	 -0.0100587	 0.0918073	 -0.0124464
73.26	 -2.07517	 0.00471862	 0.805398	 -0.0103123	 0.0150175	 -0.0123393
73.28	 -2.07266	 0.00468815	 0.759638	 -0.0105389	 -0.0621913	 -0.0122112
73.3	 -2.06858	 0.00465148	 0.713198	 -0.0107385	 -0.13973	 -0.0120623
73.32	 -2.06295	 0.00460874	 0.666138	 -0.010911	 -0.217505	 -0.011893
73.34	 -2.0558	 0.00456005	 0.618523	 -0.0110566	 -0.295418	 -0.0117038
73.36	 -2.04715	 0.00450557	 0.570419	 -0.0111756	 -0.373378	 -0.0114952
73.38	 -2.03701	 0.00444547	 0.521891	 -0.0112684	 -0.451296	 -0.0112676
73.4	 -2.02543	 0.00437992	 0.473002	 -0.0113354	 -0.529086	 -0.0110218
73.42	 -2.01241	 0.00430909	 0.423817	 -0.0113772	 -0.606666	 -0.0107582
73.44	 -1.998	 0.00423316	 0.374397	 -0.0113944	 -0.683959	 -0.0104775
73.46	 -1.98221	 0.00415229	 0.324804	 -0.0113876	 -0.760887	 -0.0101803
73.48	 -1.96508	 0.00406666	 0.2751	 -0.0113575	 -0.837373	 -0.0098673
73.5	 -1.94664	 0.00397648	 0.225349	 -0.0113047	 -0.91334	 -0.00953925
73.52	 -1.92692	 0.00388194	 0.175612	 -0.01123	 -0.98871	 -0.00919686
73.54	 -1.90594	 0.00378326	 0.125952	 -0.0111341	 -1.06341	 -0.0088409
73.56	 -1.88375	 0.00368065	 0.0764335	 -0.011018	 -1.13736	 -0.00847215
73.58	 -1.86036	 0.00357433	 0.027117	 -0.0108824	 -1.21048	 -0.00809145
73.6	 -1.83582	 0.00346454	 -0.0219358	 -0.0107285	 -1.28272	 -0.00769963
73.62	 -1.81016	 0.00335149	 -0.0706648	 -0.0105571	 -1.354	 -0.00729759
73.64	 -1.78341	 0.00323541	 -0.119011	 -0.0103694	 -1.42427	 -0.00688622
73.66	 -1.75561	 0.00311655	 -0.166917	 -0.0101665	 -1.49346	 -0.00646645
73.68	 -1.72678	 0.00299513	 -0.214325	 -0.00994938	 -1.56151	 -0.00603917
73.7	 -1.69696	 0.0028714	 -0.26118	 -0.00971913	 -1.62839	 -0.00560532
73.72	 -1.66619	 0.0027456	 -0.307427	 -0.00947692	 -1.69402	 -0.00516584
73.74	 -1.63451	 0.00261796	 -0.353013	 -0.00922386	 -1.75837	 -0.00472167
73.76	 -1.60194	 0.00248873	 -0.397885	 -0.00896106	 -1.82138	 -0.00427374
73.78	 -1.56852	 0.00235815	 -0.441995	 -0.00868962	 -1.88302	 -0.00382298
73.8	 -1.53429	 0.00222648	 -0.485291	 -0.0084106	 -1.94323	 -0.00337032
73.82	 -1.49928	 0.00209396	 -0.527728	 -0.00812509	 -2.00199	 -0.00291666
73.84	 -1.46353	 0.00196083	 -0.569258	 -0.00783416	 -2.05925	 -0.00246291
73.86	 -1.42707	 0.00182734	 -0.609839	 -0.0075389	 -2.11498	 -0.00200999
73.88	 -1.38994	 0.00169371	 -0.649428	 -0.00724039	 -2.16916	 -0.00155881
73.9	 -1.35217	 0.00156019	 -0.687985	 -0.00693971	 -2.22175	 -0.00111025
73.92	 -1.31379	 0.00142701	 -0.725471	 -0.00663791	 -2.27274	 -0.000665218
73.94	 -1.27485	 0.0012944	 -0.76185	 -0.00633603	 -2.3221	 -0.000224574
73.96	 -1.23537	 0.00116257	 -0.797088	 -0.00603507	 -2.36982	 0.000210835
73.98	 -1.19538	 0.00103175	 -0.831151	 -0.00573599	 -2.41587	 0.000640185
74	 -1.15493	 0.00090214	 -0.864009	 -0.00543974	 -2.46026	 0.00106267
74.02	 -1.11405	 0.000773959	 -0.895634	 -0.00514728	 -2.50296	 0.00147752
74.04	 -1.07276	 0.000647403	 -0.926	 -0.00485947	 -2.54398	 0.00188397
74.06	 -1.03111	 0.000522666	 -0.955082	 -0.00457716	 -2.58331	 0.0022813
74.08	 -0.989115	 0.000399936	 -0.982857	 -0.00430116	 -2.62094	 0.00266882
74.1	 -0.946817	 0.000279393	 -1.00931	 -0.00403222	 -2.65688	 0.00304588
74.12	 -0.904245	 0.000161205	 -1.03442	 -0.00377103	 -2.69113	 0.00341184
74.14	 -0.86143	 4.55307e-05	 -1.05816	 -0.0035183	 -2.7237	 0.00376614
74.16	 -0.818401	 -6.81323e-05	 -1.08055	 -0.00327454	 -2.7546	 0.00410954
74.18	 -0.775186	 -0.000179958	 -1.10155	 -0.00304018	 -2.78386	 0.0044421
74.2	 -0.731812	 -0.000290106	 -1.12119	 -0.0028156	 -2.81151	 0.00476381
74.22	 -0.688305	 -0.000398644	 -1.13945	 -0.00260111	 -2.83758	 0.00507451
74.24	 -0.644691	 -0.000505574	 -1.15635	 -0.00239708	 -2.8621	 0.00537394
74.26	 -0.600996	 -0.000610868	 -1.17189	 -0.00220391	 -2.88511	 0.00566185
74.28	 -0.557246	 -0.000714504	 -1.18607	 -0.00202199	 -2.90663	 0.00593806
74.3	 -0.513468	 -0.000816487	 -1.19891	 -0.00185169	 -2.92669	 0.00620247
74.32	 -0.469687	 -0.000916849	 -1.21039	 -0.00169334	 -2.94532	 0.00645506
74.34	 -0.425928	 -0.00101564	 -1.22055	 -0.00154716	 -2.96256	 0.00669584
74.36	 -0.382216	 -0.00111293	 -1.22937	 -0.00141332	 -2.97844	 0.00692484
74.38	 -0.338575	 -0.00120876	 -1.23689	 -0.00129191	 -2.99298	 0.00714209
74.4	 -0.295029	 -0.00130321	 -1.2431	 -0.00118298	 -3.00622	 0.00734763
74.42	 -0.251601	 -0.00139632	 -1.24803	 -0.00108654	 -3.01819	 0.00754149
74.44	 -0.208314	 -0.00148812	 -1.2517	 -0.0010026	 -3.02894	 0.00772373
74.46	 -0.16519	 -0.00157867	 -1.25412	 -0.000931118	 -3.03848	 0.00789446
74.48	 -0.122253	 -0.001668	 -1.2553	 -0.000872039	 -3.04687	 0.00805377
74.5	 -0.0795229	 -0.00175615	 -1.25529	 -0.000825266	 -3.05412	 0.00820181
74.52	 -0.0370221	 -0.00184317	 -1.25409	 -0.000790659	 -3.06028	 0.00833873
74.54	 0.00522883	 -0.00192911	 -1.25172	 -0.000768037	 -3.06538	 0.00846471
74.56	 0.0472094	 -0.002014	 -1.24823	 -0.00075718	 -3.06945	 0.00857992
74.58	 0.0888997	 -0.0020979	 -1.24362	 -0.000757827	 -3.07252	 0.00868459
74.6	 0.13028	 -0.00218084	 -1.23793	 -0.000769686	 -3.07464	 0.0087789
74.62	 0.171332	 -0.00226287	 -1.23119	 -0.000792436	 -3.07582	 0.00886311
74.64	 0.212036	 -0.00234403	 -1.22343	 -0.000825725	 -3.07611	 0.00893744
74.66	 0.252375	 -0.00242437	 -1.21467	 -0.000869177	 -3.07554	 0.00900217
74.68	 0.29233	 -0.00250391	 -1.20495	 -0.000922387	 -3.07414	 0.00905756
74.7	 0.331885	 -0.00258271	 -1.19431	 -0.000984922	 -3.07193	 0.0091039
74.72	 0.371023	 -0.00266079	 -1.18278	 -0.00105632	 -3.06896	 0.0091415
74.74	 0.409728	 -0.0027382	 -1.17039	 -0.0011361	 -3.06524	 0.00917065
74.76	 0.447983	 -0.00281496	 -1.15718	 -0.00122376	 -3.06082	 0.00919169
74.78	 0.485775	 -0.00289111	 -1.14318	 -0.00131876	 -3.05571	 0.00920492
74.8	 0.523088	 -0.00296665	 -1.12843	 -0.00142055	 -3.04995	 0.00921064
74.82	 0.559907	 -0.00304162	 -1.11298	 -0.00152857	 -3.04357	 0.00920917
74.84	 0.59622	 -0.00311602	 -1.09685	 -0.00164224	 -3.03659	 0.00920088
74.86	 0.632012	 -0.00318978	 -1.0801	 -0.00176097	 -3.02904	 0.00918587
74.88	 0.667271	 -0.00326082	 -1.06275	 -0.00188449	 -3.02094	 0.00916027
74.9	 0.701985	 -0.00333193	 -1.04486	 -0.00201212	 -3.01233	 0.00913031
74.92	 0.736142	 -0.00340059	 -1.02646	 -0.00214346	 -3.00322	 0.00909114
74.94	 0.769729	 -0.00346951	 -1.0076	 -0.00227763	 -2.99365	 0.00904868
74.96	 0.802721	 -0.00353719	 -0.988338	 -0.00241388	 -2.98368	 0.00900007
74.98	 0.835101	 -0.00360446	 -0.968725	 -0.00255132	 -2.97336	 0.00894723
75	 0.866838	 -0.00366968	 -0.948837	 -0.0026894	 -2.96276	 0.00888712
75.02	 0.89791	 -0.00373319	 -0.928738	 -0.00282617	 -2.95197	 0.00882132
75.04	 0.928302	 -0.00379388	 -0.908506	 -0.00295942	 -2.94106	 0.00874855
75.06	 0.958003	 -0.00385218	 -0.888215	 -0.00308966	 -2.93008	 0.00866999
75.08	 0.987005	 -0.00390759	 -0.867941	 -0.00321646	 -2.91911	 0.00858506
75.1	 1.0153	 -0.00396024	 -0.847758	 -0.00333923	 -2.9082	 0.00849438
75.12	 1.04288	 -0.00400986	 -0.827739	 -0.00345737	 -2.89739	 0.00839771
75.14	 1.06974	 -0.00405635	 -0.807955	 -0.00357023	 -2.88674	 0.00829513
75.16	 1.09587	 -0.00409953	 -0.788478	 -0.00367721	 -2.8763	 0.00818661
75.18	 1.12125	 -0.0041392	 -0.769377	 -0.0037778	 -2.86615	 0.00807207
75.2	 1.14587	 -0.00417525	 -0.750725	 -0.00387154	 -2.85633	 0.0079517
75.22	 1.16972	 -0.00420747	 -0.732591	 -0.00395798	 -2.84691	 0.00782546
75.24	 1.1928	 -0.00423583	 -0.715044	 -0.00403671	 -2.83795	 0.00769366
75.26	 1.21509	 -0.00426017	 -0.698156	 -0.00410728	 -2.82951	 0.00755635
75.28	 1.23659	 -0.00428049	 -0.681992	 -0.00416925	 -2.82166	 0.00741386
75.3	 1.25729	 -0.00429669	 -0.666622	 -0.00422218	 -2.81443	 0.00726629
75.32	 1.27718	 -0.00430871	 -0.65211	 -0.00426562	 -2.80788	 0.00711387
75.34	 1.29626	 -0.00431646	 -0.638521	 -0.00429918	 -2.80206	 0.00695668
75.36	 1.31452	 -0.00431985	 -0.625918	 -0.00432249	 -2.79703	 0.00679485
75.38	 1.33195	 -0.00431879	 -0.614361	 -0.00433523	 -2.79282	 0.00662848
75.4	 1.34854	 -0.00431318	 -0.603909	 -0.00433711	 -2.78949	 0.00645769
75.42	 1.3643	 -0.00430294	 -0.59462	 -0.00432787	 -2.78708	 0.00628262
75.44	 1.37921	 -0.00428801	 -0.586549	 -0.00430727	 -2.78563	 0.00610341
75.46	 1.39327	 -0.00426833	 -0.579748	 -0.0042751	 -2.78519	 0.00592021
75.48	 1.40648	 -0.00424387	 -0.574268	 -0.00423114	 -2.78578	 0.00573318
75.5	 1.41883	 -0.00421458	 -0.570157	 -0.0041752	 -2.78745	 0.00554249
75.52	 1.43032	 -0.00418046	 -0.567459	 -0.00410713	 -2.79022	 0.00534832
75.54	 1.44095	 -0.00414149	 -0.566216	 -0.0040268	 -2.79412	 0.00515085
75.56	 1.45071	 -0.00409767	 -0.566469	 -0.0039341	 -2.79917	 0.00495027
75.58	 1.45961	 -0.00404902	 -0.568254	 -0.00382896	 -2.8054	 0.00474675
75.6	 1.46763	 -0.00399553	 -0.571603	 -0.00371133	 -2.81282	 0.00454052
75.62	 1.47479	 -0.00393725	 -0.576546	 -0.00358121	 -2.82144	 0.00433175
75.64	 1.48108	 -0.00387419	 -0.583111	 -0.0034386	 -2.83127	 0.00412066
75.66	 1.48649	 -0.00380641	 -0.59132	 -0.00328354	 -2.84232	 0.00390744
75.68	 1.49103	 -0.00373394	 -0.601193	 -0.00311609	 -2.85458	 0.00369228
75.7	 1.49471	 -0.00365683	 -0.612747	 -0.00293637	 -2.86807	 0.0034754
75.72	 1.49751	 -0.00357516	 -0.625995	 -0.00274448	 -2.88276	 0.00325698
75.74	 1.49944	 -0.00348899	 -0.640945	 -0.0025406	 -2.89865	 0.00303722
75.76	 1.50051	 -0.00339838	 -0.657604	 -0.00232491	 -2.91573	 0.00281632
75.78	 1.50071	 -0.00330343	 -0.675975	 -0.00209764	 -2.93397	 0.00259446
75.8	 1.50006	 -0.00320421	 -0.696055	 -0.00185904	 -2.95337	 0.00237184
75.82	 1.49854	 -0.00310083	 -0.717842	 -0.00160941	 -2.97388	 0.00214864
75.84	 1.49616	 -0.00299337	 -0.741326	 -0.00134905	 -2.99548	 0.00192504
75.86	 1.49294	 -0.00288194	 -0.766496	 -0.00107833	 -3.01815	 0.00170121
75.88	 1.48887	 -0.00276666	 -0.793339	 -0.000797614	 -3.04185	 0.00147734
75.9	 1.48395	 -0.00264763	 -0.821834	 -0.000507313	 -3.06653	 0.00125358
75.92	 1.47819	 -0.00252497	 -0.851963	 -0.000207858	 -3.09216	 0.00103009
75.94	 1.47161	 -0.0023988	 -0.883699	 0.000100292	 -3.1187	 0.000807036
75.96	 1.46419	 -0.00226925	 -0.917015	 0.000416654	 -3.14609	 0.000584562
75.98	 1.45595	 -0.00213644	 -0.951881	 0.000740722	 -3.1743	 0.000362808
76	 1.4469	 -0.00200051	 -0.988263	 0.00107197	 -3.20326	 0.000141909
76.02	 1.43704	 -0.00186159	 -1.02612	 0.00140984	 -3.23292	 -7.80122e-05
76.04	 1.42638	 -0.00171981	 -1.06543	 0.00175377	 -3.26323	 -0.000296844
76.06	 1.41493	 -0.00157531	 -1.10612	 0.00210316	 -3.29412	 -0.000514489
76.08	 1.40269	 -0.0014282	 -1.14818	 0.00245742	 -3.32555	 -0.000730871
76.1	 1.38967	 -0.0012786	 -1.19154	 0.00281591	 -3.35744	 -0.000945942
76.12	 1.37589	 -0.00112662	 -1.23616	 0.00317799	 -3.38973	 -0.0011597
76.14	 1.36134	 -0.00097061	 -1.28198	 0.00354277	 -3.42236	 -0.00137569
76.16	 1.34604	 -0.000810496	 -1.32898	 0.00390924	 -3.4553	 -0.00159411
76.18	 1.33	 -0.000646363	 -1.37709	 0.00427642	 -3.48848	 -0.00181478
76.2	 1.31322	 -0.000478637	 -1.42629	 0.00464348	 -3.52188	 -0.00203694
76.22	 1.29572	 -0.000307906	 -1.47651	 0.00500984	 -3.55544	 -0.00225968
76.24	 1.27751	 -0.000134756	 -1.52771	 0.0053751	 -3.58911	 -0.00248219
76.26	 1.25859	 4.03222e-05	 -1.57984	 0.00573894	 -3.62284	 -0.00270397
76.28	 1.23897	 0.000216956	 -1.63283	 0.00610096	 -3.65657	 -0.00292472
76.3	 1.21867	 0.000394855	 -1.68663	 0.00646064	 -3.69023	 -0.00314425
76.32	 1.19771	 0.000573767	 -1.74118	 0.00681733	 -3.72377	 -0.00336234
76.34	 1.17608	 0.000753428	 -1.79642	 0.00717026	 -3.75713	 -0.00357873
76.36	 1.1538	 0.000933545	 -1.85227	 0.00751867	 -3.79024	 -0.00379305
76.38	 1.13088	 0.00111379	 -1.90868	 0.00786182	 -3.82305	 -0.00400489
76.4	 1.10735	 0.0012938	 -1.96559	 0.00819904	 -3.85549	 -0.00421383
76.42	 1.0832	 0.00147316	 -2.02293	 0.00852975	 -3.88751	 -0.00441935
76.44	 1.05846	 0.00165166	 -2.08064	 0.00885339	 -3.91909	 -0.00462144
76.46	 1.03314	 0.00182917	 -2.13869	 0.00916935	 -3.95017	 -0.00482019
76.48	 1.00726	 0.0020056	 -2.197	 0.00947702	 -3.98073	 -0.00501573
76.5	 0.980846	 0.00218084	 -2.25552	 0.00977568	 -4.01072	 -0.00520821
76.52	 0.953903	 0.00235479	 -2.31421	 0.0100646	 -4.04011	 -0.00539767
76.54	 0.926452	 0.00252733	 -2.37298	 0.0103432	 -4.06884	 -0.00558411
76.56	 0.89851	 0.00269828	 -2.4318	 0.0106106	 -4.09688	 -0.00576751
76.58	 0.870093	 0.00286749	 -2.49059	 0.0108663	 -4.12419	 -0.00594785
76.6	 0.841219	 0.00303479	 -2.54929	 0.0111097	 -4.1507	 -0.00612512
76.62	 0.811905	 0.00320002	 -2.60785	 0.0113403	 -4.17639	 -0.00629933
76.64	 0.782168	 0.00336304	 -2.66619	 0.0115573	 -4.2012	 -0.00647052
76.66	 0.752027	 0.00352371	 -2.72426	 0.0117604	 -4.22509	 -0.00663873
76.68	 0.721499	 0.00368191	 -2.782	 0.0119489	 -4.24803	 -0.00680399
76.7	 0.690602	 0.00383751	 -2.83935	 0.0121222	 -4.26996	 -0.00696632
76.72	 0.659353	 0.00399079	 -2.89626	 0.0122824	 -4.29085	 -0.00712564
76.74	 0.627769	 0.00414435	 -2.95266	 0.012437	 -4.31065	 -0.00728455
76.76	 0.59586	 0.00429644	 -3.00851	 0.0125823	 -4.32933	 -0.00744022
76.78	 0.563633	 0.0044477	 -3.06378	 0.0127175	 -4.34691	 -0.0075932
76.8	 0.53109	 0.00459728	 -3.11846	 0.0128427	 -4.3634	 -0.00774247
76.82	 0.498237	 0.00474555	 -3.17253	 0.0129583	 -4.37886	 -0.00788884
76.84	 0.465074	 0.00489279	 -3.22597	 0.0130645	 -4.3933	 -0.00803366
76.86	 0.431602	 0.00503885	 -3.27876	 0.0131617	 -4.40675	 -0.00817677
76.88	 0.397825	 0.00518374	 -3.33088	 0.0132498	 -4.41921	 -0.00831853
76.9	 0.363747	 0.00532718	 -3.38228	 0.0133287	 -4.43068	 -0.00845834
76.92	 0.329372	 0.00546928	 -3.43295	 0.0133981	 -4.44116	 -0.00859654
76.94	 0.294709	 0.00561004	 -3.48285	 0.0134579	 -4.45066	 -0.00873313
76.96	 0.259763	 0.00574944	 -3.53196	 0.0135078	 -4.45916	 -0.00886815
76.98	 0.224542	 0.00588701	 -3.58023	 0.0135478	 -4.46669	 -0.00900076
77	 0.189051	 0.00602279	 -3.62765	 0.013578	 -4.47324	 -0.00913123
77.02	 0.153298	 0.00615768	 -3.6742	 0.0135984	 -4.47882	 -0.0092616
77.04	 0.117288	 0.00629109	 -3.71986	 0.0136087	 -4.48345	 -0.00939072
77.06	 0.0810288	 0.00642322	 -3.7646	 0.0136091	 -4.48714	 -0.00951912
77.08	 0.044526	 0.00655354	 -3.80839	 0.0135994	 -4.48989	 -0.00964579
77.1	 0.0077871	 0.00668228	 -3.85123	 0.0135796	 -4.49171	 -0.00977139
77.12	 -0.0291801	 0.00680942	 -3.89309	 0.0135498	 -4.4926	 -0.009896
77.14	 -0.0663681	 0.00693502	 -3.93394	 0.0135099	 -4.49256	 -0.0100199
77.16	 -0.103769	 0.00705907	 -3.97377	 0.0134599	 -4.4916	 -0.0101431
77.18	 -0.141375	 0.00718151	 -4.01256	 0.0133998	 -4.48972	 -0.0102657
77.2	 -0.179179	 0.00730234	 -4.05028	 0.0133294	 -4.48691	 -0.0103876
77.22	 -0.217172	 0.00742155	 -4.08692	 0.0132489	 -4.48318	 -0.010509
77.24	 -0.255348	 0.00753867	 -4.12246	 0.0131542	 -4.47852	 -0.0106299
77.26	 -0.293698	 0.00765418	 -4.15689	 0.0130504	 -4.47293	 -0.01075
77.28	 -0.332214	 0.0077629	 -4.19018	 0.0128983	 -4.46641	 -0.0108669
77.3	 -0.370889	 0.00787103	 -4.22233	 0.0127535	 -4.45892	 -0.0109779
77.32	 -0.409717	 0.00797707	 -4.25332	 0.0125988	 -4.45045	 -0.0110854
77.34	 -0.448689	 0.00808163	 -4.28313	 0.0124371	 -4.44096	 -0.0111898
77.36	 -0.487798	 0.00818506	 -4.31174	 0.0122695	 -4.43042	 -0.0112916
77.38	 -0.527036	 0.00828692	 -4.33916	 0.0120924	 -4.41882	 -0.0113911
77.4	 -0.566393	 0.00838765	 -4.36536	 0.0119105	 -4.40612	 -0.011488
77.42	 -0.60586	 0.00848679	 -4.39033	 0.0117211	 -4.39232	 -0.0115823
77.44	 -0.645428	 0.00858467	 -4.41407	 0.0115279	 -4.3774	 -0.0116737
77.46	 -0.685087	 0.00868087	 -4.43657	 0.0113279	 -4.36133	 -0.0117623
77.48	 -0.724827	 0.00877544	 -4.45782	 0.0111219	 -4.34411	 -0.011848
77.5	 -0.764639	 0.00886838	 -4.4778	 0.0109099	 -4.32572	 -0.0119307
77.52	 -0.804512	 0.00895978	 -4.49652	 0.0106925	 -4.30614	 -0.0120105
77.54	 -0.844434	 0.00904971	 -4.51397	 0.0104701	 -4.28534	 -0.0120874
77.56	 -0.884396	 0.00913817	 -4.53015	 0.0102425	 -4.26332	 -0.0121614
77.58	 -0.924386	 0.00922516	 -4.54505	 0.0100098	 -4.24005	 -0.0122326
77.6	 -0.964391	 0.00931065	 -4.55866	 0.00977206	 -4.21552	 -0.0123009
77.62	 -1.0044	 0.00939467	 -4.571	 0.00952975	 -4.18972	 -0.0123663
77.64	 -1.0444	 0.00947721	 -4.58205	 0.00928309	 -4.16262	 -0.0124287
77.66	 -1.08438	 0.00955828	 -4.59182	 0.00903237	 -4.13423	 -0.0124882
77.68	 -1.12432	 0.00963788	 -4.60031	 0.00877757	 -4.10451	 -0.0125448
77.7	 -1.16421	 0.00971622	 -4.60752	 0.00852138	 -4.07346	 -0.0125979
77.72	 -1.20404	 0.0097929	 -4.61346	 0.00825892	 -4.04107	 -0.0126485
77.74	 -1.24379	 0.00986842	 -4.61813	 0.00799631	 -4.00733	 -0.0126956
77.76	 -1.28345	 0.00994239	 -4.62153	 0.00772878	 -3.97222	 -0.0127401
77.78	 -1.32301	 0.0100151	 -4.62368	 0.00745952	 -3.93573	 -0.0127815
77.8	 -1.36244	 0.0100863	 -4.62457	 0.00718631	 -3.89786	 -0.0128202
77.82	 -1.40174	 0.0101561	 -4.62422	 0.00691126	 -3.85859	 -0.0128561
77.84	 -1.44088	 0.0102246	 -4.62263	 0.0066335	 -3.81791	 -0.0128892
77.86	 -1.47986	 0.0102918	 -4.61982	 0.00635406	 -3.77582	 -0.0129194
77.88	 -1.51865	 0.0103575	 -4.61579	 0.00607252	 -3.73232	 -0.0129468
77.9	 -1.55724	 0.010422	 -4.61056	 0.00578941	 -3.68739	 -0.0129714
77.92	 -1.59561	 0.0104852	 -4.60414	 0.00550474	 -3.64103	 -0.0129932
77.94	 -1.63374	 0.0105471	 -4.59655	 0.00521892	 -3.59323	 -0.0130121
77.96	 -1.67162	 0.0106078	 -4.58779	 0.00493212	 -3.544	 -0.0130283
77.98	 -1.70923	 0.0106672	 -4.57788	 0.00464462	 -3.49334	 -0.0130417
78	 -1.74656	 0.0107254	 -4.56684	 0.00435657	 -3.44123	 -0.0130523
78.02	 -1.78357	 0.0107823	 -4.55469	 0.00406821	 -3.38769	 -0.0130602
78.04	 -1.82026	 0.0108381	 -4.54144	 0.00377973	 -3.33271	 -0.0130655
78.06	 -1.8566	 0.0108928	 -4.52711	 0.00349136	 -3.27631	 -0.013068
78.08	 -1.89258	 0.0109463	 -4.51171	 0.00320331	 -3.21847	 -0.0130679
78.1	 -1.92818	 0.0109987	 -4.49528	 0.00291578	 -3.15922	 -0.0130651
78.12	 -1.96338	 0.01105	 -4.47783	 0.00262895	 -3.09855	 -0.0130597
78.14	 -1.99816	 0.0111002	 -4.45937	 0.00234303	 -3.03649	 -0.0130518
78.16	 -2.0325	 0.0111494	 -4.43994	 0.00205818	 -2.97303	 -0.0130412
78.18	 -2.06639	 0.0111976	 -4.41956	 0.0017746	 -2.9082	 -0.0130282
78.2	 -2.09979	 0.0112448	 -4.39824	 0.00149245	 -2.84201	 -0.0130126
78.22	 -2.1327	 0.011291	 -4.37601	 0.00121192	 -2.77448	 -0.0129946
78.24	 -2.16509	 0.0113363	 -4.3529	 0.000933144	 -2.70562	 -0.0129742
78.26	 -2.19695	 0.0113806	 -4.32893	 0.000656287	 -2.63546	 -0.0129514
78.28	 -2.22824	 0.0114241	 -4.30413	 0.000381489	 -2.56402	 -0.0129262
78.3	 -2.25897	 0.0114668	 -4.27852	 0.000108887	 -2.49133	 -0.0128987
78.32	 -2.2891	 0.0115086	 -4.25213	 -0.000161382	 -2.41741	 -0.012869
78.34	 -2.31862	 0.0115497	 -4.22498	 -0.000429187	 -2.34229	 -0.0128371
78.36	 -2.3475	 0.01159	 -4.1971	 -0.000694397	 -2.26602	 -0.012803
78.38	 -2.37573	 0.0116296	 -4.16853	 -0.000956881	 -2.18861	 -0.0127668
78.4	 -2.40329	 0.0116685	 -4.13928	 -0.00121651	 -2.11011	 -0.0127285
78.42	 -2.43016	 0.0117068	 -4.1094	 -0.00147317	 -2.03055	 -0.0126883
78.44	 -2.45632	 0.0117445	 -4.07889	 -0.00172673	 -1.94998	 -0.0126462
78.46	 -2.48176	 0.0117816	 -4.04781	 -0.00197709	 -1.86843	 -0.0126022
78.48	 -2.50644	 0.0118183	 -4.01616	 -0.00222411	 -1.78594	 -0.0125564
78.5	 -2.53037	 0.0118544	 -3.98399	 -0.00246767	 -1.70257	 -0.0125089
78.52	 -2.55351	 0.0118902	 -3.95133	 -0.00270765	 -1.61835	 -0.0124598
78.54	 -2.57586	 0.0119256	 -3.91819	 -0.00294391	 -1.53334	 -0.0124091
78.56	 -2.59739	 0.0119607	 -3.88462	 -0.00317631	 -1.44757	 -0.0123569
78.58	 -2.61808	 0.0119955	 -3.85065	 -0.0034047	 -1.36111	 -0.0123034
78.6	 -2.63793	 0.0120301	 -3.81629	 -0.00362897	 -1.27399	 -0.0122485
78.62	 -2.65692	 0.0120647	 -3.78159	 -0.00384898	 -1.18626	 -0.0121926
78.64	 -2.67502	 0.0120992	 -3.74657	 -0.00406464	 -1.09798	 -0.0121357
78.66	 -2.69223	 0.0121338	 -3.71127	 -0.00427584	 -1.00921	 -0.0120779
78.68	 -2.70853	 0.0121685	 -3.6757	 -0.00448249	 -0.919979	 -0.0120196
78.7	 -2.72391	 0.0122036	 -3.63991	 -0.00468452	 -0.830354	 -0.0119607
78.72	 -2.73835	 0.012239	 -3.60392	 -0.00488183	 -0.740385	 -0.0119016
78.74	 -2.75184	 0.0122749	 -3.56775	 -0.00507434	 -0.650126	 -0.0118424
78.76	 -2.76437	 0.0123114	 -3.53145	 -0.00526196	 -0.559632	 -0.0117833
78.78	 -2.77593	 0.0123486	 -3.49504	 -0.00544462	 -0.468956	 -0.0117244
78.8	 -2.78649	 0.0123867	 -3.45854	 -0.00562224	 -0.378154	 -0.0116661
78.82	 -2.79606	 0.0124257	 -3.42198	 -0.00579477	 -0.287281	 -0.0116084
78.84	 -2.80462	 0.0124657	 -3.3854	 -0.00596214	 -0.196393	 -0.0115516
78.86	 -2.81217	 0.012507	 -3.34882	 -0.00612432	 -0.105545	 -0.011496
78.88	 -2.81868	 0.0125497	 -3.31226	 -0.00628126	 -0.0147931	 -0.0114419
78.9	 -2.82416	 0.0125939	 -3.27576	 -0.00643294	 0.0758064	 -0.0113894
78.92	 -2.82859	 0.0126397	 -3.23934	 -0.00657933	 0.166198	 -0.0113388
78.94	 -2.83198	 0.0126874	 -3.20302	 -0.0067204	 0.256326	 -0.0112905
78.96	 -2.8343	 0.012737	 -3.16683	 -0.00685614	 0.346135	 -0.0112448
78.98	 -2.83556	 0.0127889	 -3.1308	 -0.00698653	 0.43557	 -0.011202
79	 -2.83575	 0.0128432	 -3.09495	 -0.00711158	 0.524576	 -0.0111623
79.02	 -2.83486	 0.0129	 -3.0593	 -0.00723129	 0.613098	 -0.0111263
79.04	 -2.83289	 0.0129597	 -3.02387	 -0.00734567	 0.701081	 -0.0110942
79.06	 -2.82983	 0.0130223	 -2.9887	 -0.00745475	 0.788473	 -0.0110664
79.08	 -2.82569	 0.0130882	 -2.95379	 -0.00755855	 0.87522	 -0.0110433
79.1	 -2.82046	 0.0131575	 -2.91918	 -0.00765712	 0.961269	 -0.0110254
79.12	 -2.81414	 0.0132305	 -2.88488	 -0.00775048	 1.04657	 -0.0110129
79.14	 -2.80672	 0.0133074	 -2.85091	 -0.00783866	 1.13107	 -0.0110065
79.16	 -2.79821	 0.0133885	 -2.81729	 -0.0079217	 1.21472	 -0.0110064
79.18	 -2.78861	 0.013474	 -2.78404	 -0.00799965	 1.29746	 -0.0110131
79.2	 -2.77792	 0.0135642	 -2.75117	 -0.00807261	 1.37926	 -0.0110271
79.22	 -2.76613	 0.0136591	 -2.71871	 -0.00814165	 1.46006	 -0.0110488
79.24	 -2.75326	 0.0137592	 -2.68667	 -0.00820544	 1.53982	 -0.0110786
79.26	 -2.7393	 0.0138648	 -2.65506	 -0.00826455	 1.61848	 -0.011117
79.28	 -2.72426	 0.013976	 -2.62391	 -0.0083189	 1.69602	 -0.0111646
79.3	 -2.70814	 0.0140931	 -2.59321	 -0.00836908	 1.77237	 -0.0112218
79.32	 -2.69096	 0.0142164	 -2.56299	 -0.00841452	 1.84751	 -0.0112889
79.34	 -2.6727	 0.0143462	 -2.53326	 -0.0084555	 1.92139	 -0.0113665
79.36	 -2.65339	 0.0144826	 -2.50403	 -0.0084921	 1.99397	 -0.0114548
79.38	 -2.63302	 0.014626	 -2.4753	 -0.00852445	 2.06521	 -0.0115545
79.4	 -2.6116	 0.0147764	 -2.44709	 -0.00855264	 2.13507	 -0.0116658
79.42	 -2.58915	 0.0149343	 -2.41941	 -0.00857677	 2.20353	 -0.0117893
79.44	 -2.56568	 0.0150998	 -2.39226	 -0.00859692	 2.27054	 -0.0119252
79.46	 -2.54118	 0.0152731	 -2.36565	 -0.0086132	 2.33607	 -0.0120741
79.48	 -2.51568	 0.0154543	 -2.33959	 -0.00862566	 2.4001	 -0.0122359
79.5	 -2.48917	 0.0156435	 -2.31408	 -0.00863432	 2.4626	 -0.0124111
79.52	 -2.46169	 0.0158409	 -2.28912	 -0.00863926	 2.52354	 -0.0125998
79.54	 -2.43323	 0.0160469	 -2.26471	 -0.00864052	 2.58288	 -0.0128025
79.56	 -2.40381	 0.0162614	 -2.24086	 -0.00863819	 2.64062	 -0.0130196
79.58	 -2.37344	 0.0164848	 -2.21757	 -0.00863231	 2.69673	 -0.0132512
79.6	 -2.34213	 0.0167169	 -2.19483	 -0.00862291	 2.75118	 -0.0134973
79.62	 -2.30991	 0.0169579	 -2.17265	 -0.00861	 2.80397	 -0.0137581
79.64	 -2.27678	 0.0172079	 -2.15102	 -0.00859354	 2.85507	 -0.0140337
79.66	 -2.24277	 0.0174668	 -2.12994	 -0.00857348	 2.90447	 -0.0143239
79.68	 -2.20787	 0.0177346	 -2.10941	 -0.00854977	 2.95216	 -0.0146288
79.7	 -2.17213	 0.0180114	 -2.08941	 -0.00852236	 2.99812	 -0.0149485
79.72	 -2.13554	 0.0182971	 -2.06995	 -0.00849119	 3.04236	 -0.0152828
79.74	 -2.09813	 0.0185917	 -2.051	 -0.00845622	 3.08486	 -0.0156318
79.76	 -2.05992	 0.0188953	 -2.03257	 -0.00841737	 3.12563	 -0.0159952
79.78	 -2.02092	 0.0192076	 -2.01465	 -0.00837457	 3.16465	 -0.0163729
79.8	 -1.98115	 0.0195286	 -1.99722	 -0.0083277	 3.20194	 -0.0167647
79.82	 -1.94063	 0.0198581	 -1.98027	 -0.00827845	 3.23749	 -0.0171705
79.84	 -1.89938	 0.0201959	 -1.96378	 -0.00822552	 3.27131	 -0.01759
79.86	 -1.85743	 0.0205421	 -1.94775	 -0.00816747	 3.30341	 -0.0180228
79.88	 -1.81478	 0.0208964	 -1.93216	 -0.00810462	 3.3338	 -0.0184684
79.9	 -1.77147	 0.0212585	 -1.91699	 -0.00803654	 3.36248	 -0.0189262
79.92	 -1.72751	 0.0216282	 -1.90222	 -0.00796427	 3.38948	 -0.0193959
79.94	 -1.68292	 0.0220053	 -1.88784	 -0.0078873	 3.41481	 -0.019877
79.96	 -1.63772	 0.0223894	 -1.87383	 -0.00780512	 3.43849	 -0.020369
79.98	 -1.59195	 0.0227804	 -1.86016	 -0.00771698	 3.46053	 -0.0208713
80	 -1.5456	 0.0231778	 -1.84682	 -0.0076232	 3.48096	 -0.0213831
80.02	 -1.49872	 0.0235813	 -1.83378	 -0.00752363	 3.49981	 -0.0219039
80.04	 -1.45133	 0.0239905	 -1.82102	 -0.00741887	 3.5171	 -0.022433
80.06	 -1.40343	 0.0244049	 -1.80852	 -0.00731005	 3.53286	 -0.0229697
80.08	 -1.35506	 0.0248243	 -1.79625	 -0.00719418	 3.54711	 -0.0235134
80.1	 -1.30624	 0.0252483	 -1.78419	 -0.00707173	 3.5599	 -0.0240632
80.12	 -1.257	 0.0256766	 -1.77231	 -0.00694132	 3.57125	 -0.0246185
80.14	 -1.20734	 0.0261091	 -1.76058	 -0.00680219	 3.58119	 -0.0251785
80.16	 -1.15731	 0.0265446	 -1.74898	 -0.00666013	 3.58977	 -0.0257423
80.18	 -1.10691	 0.0269829	 -1.73748	 -0.00651115	 3.59702	 -0.0263091
80.2	 -1.05618	 0.027423	 -1.72605	 -0.00635955	 3.60299	 -0.0268779
80.22	 -1.00513	 0.0278651	 -1.71467	 -0.00619977	 3.6077	 -0.0274482
80.24	 -0.953791	 0.0283088	 -1.7033	 -0.00603111	 3.6112	 -0.0280192
80.26	 -0.902183	 0.0287537	 -1.69192	 -0.00585295	 3.61353	 -0.0285896
80.28	 -0.85033	 0.0291992	 -1.6805	 -0.00566833	 3.61473	 -0.029159
80.3	 -0.798255	 0.0296447	 -1.669	 -0.00547728	 3.61485	 -0.0297261
80.32	 -0.745979	 0.0300897	 -1.6574	 -0.00528067	 3.61393	 -0.0302909
80.34	 -0.693525	 0.0305341	 -1.64566	 -0.00507572	 3.61202	 -0.0308523
80.36	 -0.640917	 0.0309776	 -1.63377	 -0.00486252	 3.60915	 -0.03141
80.38	 -0.588177	 0.0314197	 -1.62168	 -0.00464029	 3.60537	 -0.0319629
80.4	 -0.535325	 0.0318599	 -1.60938	 -0.00440997	 3.60072	 -0.03251
80.42	 -0.482372	 0.0322975	 -1.59683	 -0.00418308	 3.59524	 -0.0330537
80.44	 -0.429314	 0.032733	 -1.58403	 -0.00395549	 3.58894	 -0.0335949
80.46	 -0.376141	 0.033166	 -1.57096	 -0.0037269	 3.58186	 -0.0341329
80.48	 -0.322845	 0.033596	 -1.55761	 -0.00349768	 3.57401	 -0.0346671
80.5	 -0.269418	 0.0340225	 -1.54399	 -0.00326832	 3.56544	 -0.0351959
80.52	 -0.215856	 0.0344446	 -1.53006	 -0.00303944	 3.55618	 -0.0357179
80.54	 -0.162158	 0.0348616	 -1.51583	 -0.00281149	 3.54627	 -0.0362321
80.56	 -0.108324	 0.0352731	 -1.50127	 -0.00258463	 3.53574	 -0.0367377
80.58	 -0.0543562	 0.0356786	 -1.48638	 -0.00235888	 3.52463	 -0.0372342
80.6	 -0.000253928	 0.0360776	 -1.47113	 -0.00213421	 3.51297	 -0.0377207
80.62	 0.0539834	 0.0364694	 -1.45552	 -0.00191068	 3.50078	 -0.0381965
80.64	 0.108357	 0.0368535	 -1.43953	 -0.00168845	 3.4881	 -0.0386602
80.66	 0.16287	 0.0372291	 -1.42315	 -0.00146782	 3.47496	 -0.0391107
80.68	 0.217522	 0.0375952	 -1.40637	 -0.00124904	 3.46138	 -0.0395463
80.7	 0.272311	 0.0379493	 -1.3892	 -0.00103179	 3.44738	 -0.0399624
80.72	 0.327233	 0.0382919	 -1.37163	 -0.000816435	 3.43296	 -0.0403603
80.74	 0.382282	 0.0386206	 -1.35368	 -0.000602623	 3.41812	 -0.0407362
80.76	 0.437446	 0.0389361	 -1.33536	 -0.000390825	 3.40282	 -0.0410914
80.78	 0.492714	 0.0392369	 -1.31669	 -0.000181251	 3.38704	 -0.0414236
80.8	 0.548072	 0.039523	 -1.29771	 2.52752e-05	 3.37074	 -0.0417329
80.82	 0.603508	 0.0397936	 -1.27842	 0.000227962	 3.35389	 -0.0420181
80.84	 0.659005	 0.0400482	 -1.25884	 0.00042589	 3.33647	 -0.0422784
80.86	 0.714549	 0.0402856	 -1.239	 0.000618401	 3.31845	 -0.0425119
80.88	 0.770125	 0.0405047	 -1.21891	 0.000804896	 3.2998	 -0.042717
80.9	 0.825715	 0.0407046	 -1.1986	 0.00098481	 3.2805	 -0.0428923
80.92	 0.881302	 0.040884	 -1.17808	 0.00115756	 3.2605	 -0.0430365
80.94	 0.936866	 0.041042	 -1.15738	 0.00132242	 3.23977	 -0.0431481
80.96	 0.992385	 0.0411775	 -1.13654	 0.00147855	 3.21826	 -0.0432257
80.98	 1.04784	 0.0412896	 -1.11558	 0.00162497	 3.19593	 -0.0432682
81	 1.1032	 0.0413772	 -1.09454	 0.00176064	 3.17271	 -0.0432741
81.02	 1.15846	 0.0414394	 -1.07345	 0.00188447	 3.14855	 -0.0432422
81.04	 1.21358	 0.0414751	 -1.05235	 0.00199536	 3.1234	 -0.0431713
81.06	 1.26855	 0.0414836	 -1.03127	 0.0020922	 3.09721	 -0.0430602
81.08	 1.32335	 0.0414637	 -1.01026	 0.00217391	 3.06992	 -0.0429077
81.1	 1.37796	 0.0414145	 -0.989343	 0.00223938	 3.04147	 -0.0427127
81.12	 1.43235	 0.0413351	 -0.968564	 0.00228749	 3.0118	 -0.0424743
81.14	 1.4865	 0.0412247	 -0.94796	 0.00231705	 2.98088	 -0.0421915
81.16	 1.54041	 0.0410823	 -0.927568	 0.00232684	 2.94863	 -0.0418635
81.18	 1.59404	 0.0409073	 -0.907425	 0.0023156	 2.91502	 -0.0414896
81.2	 1.64738	 0.0406989	 -0.887568	 0.00228201	 2.87999	 -0.0410691
81.22	 1.70041	 0.0404563	 -0.868031	 0.00222474	 2.8435	 -0.0406016
81.24	 1.7531	 0.040179	 -0.84885	 0.00214244	 2.80552	 -0.0400867
81.26	 1.80545	 0.0398662	 -0.830057	 0.0020338	 2.76599	 -0.039524
81.28	 1.85743	 0.0395174	 -0.811684	 0.0018975	 2.72489	 -0.0389129
81.3	 1.90902	 0.0391318	 -0.793764	 0.00173232	 2.68218	 -0.0382532
81.32	 1.96021	 0.0387088	 -0.776327	 0.00153702	 2.63783	 -0.0375445
81.34	 2.01097	 0.038248	 -0.759403	 0.00131042	 2.59181	 -0.0367868
81.36	 2.06129	 0.0377491	 -0.743021	 0.00105131	 2.54411	 -0.0359805
81.38	 2.11116	 0.0372119	 -0.727208	 0.00075852	 2.49469	 -0.0351258
81.4	 2.16054	 0.0366361	 -0.711988	 0.000430903	 2.44356	 -0.0342234
81.42	 2.20944	 0.0360219	 -0.697387	 6.73608e-05	 2.39069	 -0.0332741
81.44	 2.25783	 0.0353694	 -0.683425	 -0.000333115	 2.33608	 -0.0322786
81.46	 2.30569	 0.0346786	 -0.670123	 -0.000771425	 2.27974	 -0.0312382
81.48	 2.35301	 0.0339501	 -0.6575	 -0.00124834	 2.22166	 -0.0301542
81.5	 2.39977	 0.0331843	 -0.645573	 -0.00176449	 2.16184	 -0.0290281
81.52	 2.44595	 0.0323818	 -0.634358	 -0.00232035	 2.10032	 -0.0278615
81.54	 2.49155	 0.0315435	 -0.623868	 -0.00291626	 2.03709	 -0.0266565
81.56	 2.53654	 0.0306701	 -0.614115	 -0.00355237	 1.97219	 -0.0254152
81.58	 2.58091	 0.0297628	 -0.60511	 -0.00422864	 1.90563	 -0.0241398
81.6	 2.62464	 0.0288226	 -0.59686	 -0.00494482	 1.83745	 -0.0228324
81.62	 2.66772	 0.0278507	 -0.589372	 -0.00570043	 1.76769	 -0.0214956
81.64	 2.71013	 0.0268485	 -0.58265	 -0.00649479	 1.69638	 -0.0201318
81.66	 2.75186	 0.0258172	 -0.576697	 -0.00732698	 1.62358	 -0.0187435
81.68	 2.79289	 0.0247584	 -0.571514	 -0.00819587	 1.54932	 -0.0173334
81.7	 2.83321	 0.0236735	 -0.567098	 -0.00910012	 1.47367	 -0.015904
81.72	 2.87281	 0.0225642	 -0.563446	 -0.0100382	 1.39669	 -0.0144579
81.74	 2.91166	 0.021432	 -0.560553	 -0.0110084	 1.31845	 -0.0129976
81.76	 2.94975	 0.0202785	 -0.558411	 -0.0120088	 1.239	 -0.0115258
81.78	 2.98708	 0.0191055	 -0.557009	 -0.0130373	 1.15844	 -0.0100448
81.8	 3.02361	 0.0179146	 -0.556338	 -0.0140917	 1.07682	 -0.00855736
81.82	 3.05935	 0.0167077	 -0.556384	 -0.0151698	 0.994244	 -0.00706582
81.84	 3.09427	 0.0154864	 -0.557133	 -0.016269	 0.910787	 -0.00557263
81.86	 3.12837	 0.0142526	 -0.558568	 -0.0173869	 0.826539	 -0.00408013
81.88	 3.16162	 0.013008	 -0.560671	 -0.0185208	 0.741592	 -0.00259062
81.9	 3.19401	 0.0117544	 -0.563424	 -0.0196681	 0.656041	 -0.00110639
81.92	 3.22553	 0.0104938	 -0.566806	 -0.0208259	 0.569983	 0.000370292
81.94	 3.25616	 0.0092278	 -0.570794	 -0.0219915	 0.483517	 0.00183722
81.96	 3.28589	 0.00795851	 -0.575365	 -0.0231608	 0.396749	 0.00329209
81.98	 3.3147	 0.00668755	 -0.580493	 -0.0243324	 0.309783	 0.00473292
82	 3.34258	 0.00541681	 -0.586152	 -0.0255028	 0.222726	 0.00615767
82.02	 3.36952	 0.00414805	 -0.592315	 -0.0266697	 0.135685	 0.00756441
82.04	 3.3955	 0.00288307	 -0.598952	 -0.0278301	 0.0487716	 0.00895125
82.06	 3.42051	 0.00162369	 -0.606033	 -0.0289806	 -0.0379034	 0.0103163
82.08	 3.44454	 0.000371673	 -0.613527	 -0.0301185	 -0.124229	 0.0116577
82.1	 3.46756	 -0.00087131	 -0.621402	 -0.0312412	 -0.210093	 0.0129739
82.12	 3.48957	 -0.00210336	 -0.629627	 -0.0323436	 -0.295382	 0.0142629
82.14	 3.51055	 -0.00332298	 -0.638167	 -0.0334242	 -0.379986	 0.0155235
82.16	 3.5305	 -0.00452854	 -0.646989	 -0.0344796	 -0.463793	 0.0167541
82.18	 3.54939	 -0.00571849	 -0.656058	 -0.0355068	 -0.546693	 0.0179536
82.2	 3.56722	 -0.0068914	 -0.66534	 -0.0365027	 -0.628577	 0.0191209
82.22	 3.58396	 -0.0080463	 -0.674801	 -0.0374639	 -0.709338	 0.0202559
82.24	 3.59963	 -0.00918669	 -0.684408	 -0.038386	 -0.788877	 0.0213675
82.26	 3.61419	 -0.010317	 -0.694129	 -0.0392636	 -0.867097	 0.0224659
82.28	 3.62764	 -0.011442	 -0.703935	 -0.0400903	 -0.943905	 0.0235616
82.3	 3.63997	 -0.0125646	 -0.713794	 -0.0408599	 -1.01921	 0.0246606
82.32	 3.65117	 -0.0136844	 -0.723679	 -0.0415671	 -1.09293	 0.0257625
82.34	 3.66124	 -0.0147996	 -0.73356	 -0.042208	 -1.16498	 0.026865
82.36	 3.67016	 -0.0159078	 -0.743409	 -0.0427799	 -1.23527	 0.0279653
82.38	 3.67792	 -0.0170068	 -0.753194	 -0.0432813	 -1.30372	 0.0290617
82.4	 3.68453	 -0.0180951	 -0.762886	 -0.0437102	 -1.37027	 0.0301539
82.42	 3.68996	 -0.0191716	 -0.772455	 -0.044064	 -1.43482	 0.0312425
82.44	 3.69421	 -0.020236	 -0.781868	 -0.0443414	 -1.49731	 0.0323288
82.46	 3.69728	 -0.0212882	 -0.791095	 -0.0445386	 -1.55768	 0.0334136
82.48	 3.69916	 -0.0223278	 -0.800104	 -0.0446517	 -1.61584	 0.0344976
82.5	 3.69985	 -0.0233543	 -0.808865	 -0.0446771	 -1.67174	 0.0355808
82.52	 3.69933	 -0.0243671	 -0.817347	 -0.0446115	 -1.72532	 0.0366632
82.54	 3.6976	 -0.0253654	 -0.825518	 -0.0444522	 -1.77651	 0.0377445
82.56	 3.69466	 -0.0263485	 -0.83335	 -0.0441968	 -1.82525	 0.0388248
82.58	 3.6905	 -0.0273156	 -0.840812	 -0.0438434	 -1.8715	 0.0399039
82.6	 3.68512	 -0.0282659	 -0.847874	 -0.0433901	 -1.9152	 0.0409822
82.62	 3.67852	 -0.0291988	 -0.854507	 -0.0428352	 -1.95631	 0.0420597
82.64	 3.67068	 -0.0301138	 -0.860681	 -0.0421769	 -1.99478	 0.0431365
82.66	 3.66161	 -0.0310102	 -0.866366	 -0.0414135	 -2.03056	 0.0442123
82.68	 3.65131	 -0.0318861	 -0.871536	 -0.0405438	 -2.06363	 0.0452845
82.7	 3.63978	 -0.032742	 -0.87616	 -0.0395666	 -2.09395	 0.046355
82.72	 3.62701	 -0.0335773	 -0.880212	 -0.0384811	 -2.12148	 0.0474234
82.74	 3.613	 -0.0343928	 -0.883665	 -0.0372862	 -2.14621	 0.0484922
82.76	 3.59776	 -0.0351876	 -0.88649	 -0.0359813	 -2.16809	 0.0495603
82.78	 3.58128	 -0.0359609	 -0.888662	 -0.0345662	 -2.18711	 0.0506267
82.8	 3.56356	 -0.0367123	 -0.890154	 -0.0330408	 -2.20326	 0.0516909
82.82	 3.54461	 -0.0374412	 -0.890943	 -0.0314054	 -2.21651	 0.0527522
82.84	 3.52443	 -0.0381472	 -0.891003	 -0.0296606	 -2.22686	 0.0538108
82.86	 3.50302	 -0.03883	 -0.890311	 -0.0278073	 -2.2343	 0.0548662
82.88	 3.48039	 -0.0394893	 -0.888844	 -0.0258462	 -2.23883	 0.0559182
82.9	 3.45654	 -0.0401248	 -0.886581	 -0.0237784	 -2.24044	 0.0569664
82.92	 3.43147	 -0.0407364	 -0.8835	 -0.021605	 -2.23915	 0.0580103
82.94	 3.40521	 -0.0413237	 -0.87958	 -0.0193275	 -2.23497	 0.0590495
82.96	 3.37774	 -0.0418865	 -0.874804	 -0.0169476	 -2.2279	 0.0600834
82.98	 3.34908	 -0.0424246	 -0.86915	 -0.0144671	 -2.21797	 0.0611113
83	 3.31924	 -0.0429377	 -0.862604	 -0.0118882	 -2.20519	 0.0621325
83.02	 3.28823	 -0.0434257	 -0.855146	 -0.00921319	 -2.18959	 0.0631463
83.04	 3.25606	 -0.0438883	 -0.846763	 -0.00644473	 -2.1712	 0.064152
83.06	 3.22273	 -0.0443254	 -0.837439	 -0.00358554	 -2.15005	 0.0651488
83.08	 3.18826	 -0.0447369	 -0.82716	 -0.00063857	 -2.12618	 0.0661358
83.1	 3.15266	 -0.0451225	 -0.815914	 0.00239297	 -2.09963	 0.0671123
83.12	 3.11594	 -0.0454823	 -0.803689	 0.00550562	 -2.07043	 0.0680771
83.14	 3.07812	 -0.0458161	 -0.790475	 0.00869566	 -2.03864	 0.0690292
83.16	 3.03921	 -0.0461238	 -0.776263	 0.0119591	 -2.0043	 0.0699676
83.18	 2.99922	 -0.0464053	 -0.761043	 0.0152918	 -1.96746	 0.070891
83.2	 2.95817	 -0.0466604	 -0.74481	 0.0186892	 -1.92818	 0.0717982
83.22	 2.91607	 -0.0468891	 -0.727557	 0.0221469	 -1.88651	 0.0726878
83.24	 2.87294	 -0.0470912	 -0.709279	 0.02566	 -1.84252	 0.0735585
83.26	 2.82879	 -0.0472666	 -0.689974	 0.0292236	 -1.79626	 0.0744085
83.28	 2.78364	 -0.047415	 -0.669639	 0.0328326	 -1.7478	 0.0752363
83.3	 2.7375	 -0.0475363	 -0.648273	 0.0364817	 -1.69721	 0.07604
83.32	 2.6904	 -0.0476302	 -0.625878	 0.0401655	 -1.64455	 0.0768177
83.34	 2.64235	 -0.0476963	 -0.602455	 0.0438784	 -1.58991	 0.0775673
83.36	 2.59336	 -0.0477345	 -0.578007	 0.0476146	 -1.53334	 0.0782866
83.38	 2.54345	 -0.0477441	 -0.552541	 0.0513685	 -1.47494	 0.0789733
83.4	 2.49265	 -0.0477249	 -0.526062	 0.0551338	 -1.41478	 0.0796249
83.42	 2.44097	 -0.0476764	 -0.498579	 0.0589045	 -1.35293	 0.0802389
83.44	 2.38843	 -0.047598	 -0.4701	 0.0626744	 -1.28949	 0.0808123
83.46	 2.33504	 -0.0474891	 -0.440639	 0.0664371	 -1.22454	 0.0813426
83.48	 2.28083	 -0.0473493	 -0.410207	 0.0701863	 -1.15817	 0.0818266
83.5	 2.22581	 -0.0471778	 -0.378819	 0.0739153	 -1.09046	 0.0822615
83.52	 2.17001	 -0.0469742	 -0.346493	 0.0776175	 -1.02151	 0.0826443
83.54	 2.11344	 -0.0467376	 -0.313245	 0.0812867	 -0.951413	 0.0829716
83.56	 2.05612	 -0.0464675	 -0.279097	 0.0849156	 -0.880261	 0.0832405
83.58	 1.99807	 -0.0461632	 -0.24407	 0.0884974	 -0.808152	 0.0834475
83.6	 1.93931	 -0.0458239	 -0.208188	 0.0920251	 -0.735186	 0.0835894
83.62	 1.87987	 -0.045449	 -0.171477	 0.0954916	 -0.661463	 0.0836628
83.64	 1.81975	 -0.0450376	 -0.133965	 0.0988909	 -0.587084	 0.0836642
83.66	 1.75898	 -0.0445893	 -0.0956815	 0.102212	 -0.512151	 0.0835905
83.68	 1.69757	 -0.0441029	 -0.0566582	 0.105454	 -0.436768	 0.0834381
83.7	 1.63556	 -0.0435782	 -0.0169288	 0.108605	 -0.361039	 0.0832039
83.72	 1.57295	 -0.0430143	 0.023471	 0.111661	 -0.28507	 0.0828847
83.74	 1.50977	 -0.0424108	 0.0645034	 0.114614	 -0.208969	 0.0824774
83.76	 1.44603	 -0.0417692	 0.106129	 0.117428	 -0.132836	 0.0819787
83.78	 1.38176	 -0.0410862	 0.148306	 0.120134	 -0.0567702	 0.0813864
83.8	 1.31698	 -0.0403648	 0.190989	 0.122677	 0.019133	 0.0806964
83.82	 1.25171	 -0.0396011	 0.234134	 0.125105	 0.094778	 0.0799075
83.84	 1.18598	 -0.038798	 0.277689	 0.127371	 0.170064	 0.0790163
83.86	 1.11981	 -0.0379537	 0.321604	 0.129493	 0.24489	 0.0780215
83.88	 1.05322	 -0.03707	 0.365824	 0.131444	 0.319152	 0.0769201
83.9	 0.986253	 -0.0361462	 0.410294	 0.133229	 0.392747	 0.0757111
83.92	 0.918927	 -0.0351834	 0.454953	 0.134832	 0.46557	 0.0743924
83.94	 0.851279	 -0.0341817	 0.499739	 0.136251	 0.53752	 0.0729629
83.96	 0.783342	 -0.0331419	 0.54459	 0.137476	 0.608492	 0.0714214
83.98	 0.715155	 -0.0320645	 0.589437	 0.138505	 0.678382	 0.069767
84	 0.646758	 -0.0309503	 0.634211	 0.139333	 0.74708	 0.0679992
84.02	 0.578194	 -0.0298006	 0.678839	 0.139954	 0.814475	 0.066118
84.04	 0.509506	 -0.0286165	 0.723247	 0.140363	 0.880451	 0.064124
84.06	 0.440742	 -0.0273993	 0.767359	 0.140557	 0.944893	 0.0620179
84.08	 0.371951	 -0.0261502	 0.811098	 0.140533	 1.00768	 0.0598008
84.1	 0.303182	 -0.024871	 0.854385	 0.140289	 1.0687	 0.0574743
84.12	 0.234489	 -0.0235631	 0.897139	 0.139821	 1.12783	 0.0550406
84.14	 0.165923	 -0.0222284	 0.939281	 0.13913	 1.18494	 0.0525023
84.16	 0.0975399	 -0.0208688	 0.980729	 0.138214	 1.23994	 0.0498626
84.18	 0.0293927	 -0.0194864	 1.02141	 0.137074	 1.29269	 0.0471252
84.2	 -0.0384648	 -0.0180833	 1.06123	 0.135711	 1.3431	 0.0442946
84.22	 -0.10598	 -0.0166617	 1.10012	 0.134125	 1.39106	 0.0413753
84.24	 -0.173103	 -0.015224	 1.13801	 0.132318	 1.43648	 0.0383725
84.26	 -0.239782	 -0.0137724	 1.17482	 0.130292	 1.47927	 0.035291
84.28	 -0.305969	 -0.0123092	 1.21049	 0.128051	 1.51935	 0.0321361
84.3	 -0.371616	 -0.0108363	 1.24493	 0.125599	 1.55666	 0.0289125
84.32	 -0.436674	 -0.00935587	 1.27808	 0.122942	 1.59112	 0.0256254
84.34	 -0.501095	 -0.00786979	 1.30989	 0.120088	 1.62267	 0.0222799
84.36	 -0.56483	 -0.00638021	 1.34027	 0.117042	 1.65125	 0.0188813
84.38	 -0.627833	 -0.00488936	 1.36918	 0.113811	 1.67678	 0.0154354
84.4	 -0.690055	 -0.0033996	 1.39655	 0.1104	 1.69921	 0.0119483
84.42	 -0.751452	 -0.00191341	 1.42232	 0.106812	 1.71849	 0.00842676
84.44	 -0.81198	 -0.000433202	 1.44645	 0.103053	 1.73459	 0.00487751
84.46	 -0.871598	 0.00103907	 1.46889	 0.0991335	 1.74748	 0.001307
84.48	 -0.930264	 0.00250137	 1.48959	 0.0950622	 1.75716	 -0.00227837
84.5	 -0.987938	 0.00395156	 1.50851	 0.0908476	 1.7636	 -0.00587211
84.52	 -1.04458	 0.00538762	 1.5256	 0.0864996	 1.76682	 -0.00946782
84.54	 -1.10015	 0.00680752	 1.54085	 0.0820282	 1.76679	 -0.013059
84.56	 -1.15461	 0.00820928	 1.5542	 0.0774441	 1.76353	 -0.0166391
84.58	 -1.20792	 0.00959086	 1.56564	 0.0727573	 1.75701	 -0.0202013
84.6	 -1.26004	 0.0109502	 1.57513	 0.0679778	 1.74726	 -0.0237385
84.62	 -1.31094	 0.0122854	 1.58265	 0.0631168	 1.73426	 -0.0272435
84.64	 -1.36057	 0.0135947	 1.5882	 0.058186	 1.71805	 -0.0307093
84.66	 -1.40892	 0.0148762	 1.59174	 0.053197	 1.69865	 -0.0341292
84.68	 -1.45594	 0.0161282	 1.59328	 0.0481609	 1.67609	 -0.0374966
84.7	 -1.5016	 0.017349	 1.5928	 0.0430884	 1.6504	 -0.0408049
84.72	 -1.54587	 0.0185369	 1.59031	 0.0379907	 1.62163	 -0.0440474
84.74	 -1.58873	 0.0196901	 1.5858	 0.0328791	 1.58982	 -0.0472173
84.76	 -1.63014	 0.0208072	 1.57929	 0.0277664	 1.55505	 -0.050308
84.78	 -1.67007	 0.0218869	 1.57078	 0.0226652	 1.51738	 -0.053313
84.8	 -1.70851	 0.0229277	 1.56028	 0.017587	 1.47688	 -0.0562261
84.82	 -1.74543	 0.0239285	 1.54782	 0.012544	 1.43364	 -0.0590417
84.84	 -1.7808	 0.0248879	 1.53342	 0.00754748	 1.38773	 -0.0617541
84.86	 -1.81461	 0.0258049	 1.51709	 0.00260833	 1.33924	 -0.0643582
84.88	 -1.84683	 0.0266782	 1.49888	 -0.00226305	 1.28825	 -0.0668486
84.9	 -1.87744	 0.0275069	 1.4788	 -0.00705534	 1.23485	 -0.06922
84.92	 -1.90642	 0.02829	 1.4569	 -0.0117578	 1.17915	 -0.0714678
84.94	 -1.93376	 0.0290268	 1.43322	 -0.0163606	 1.12124	 -0.0735874
84.96	 -1.95944	 0.0297163	 1.4078	 -0.0208552	 1.06123	 -0.0755749
84.98	 -1.98345	 0.0303578	 1.3807	 -0.0252323	 0.99923	 -0.0774263
85	 -2.00577	 0.0309508	 1.35195	 -0.0294833	 0.93536	 -0.079138
85.02	 -2.02639	 0.0314947	 1.32161	 -0.0335991	 0.869746	 -0.0807065
85.04	 -2.0453	 0.0319892	 1.28975	 -0.0375706	 0.802517	 -0.0821286
85.06	 -2.06251	 0.032434	 1.25642	 -0.04139	 0.733808	 -0.0834017
85.08	 -2.07799	 0.0328288	 1.22169	 -0.04505	 0.663754	 -0.0845237
85.1	 -2.09174	 0.0331735	 1.18562	 -0.0485441	 0.592488	 -0.0854927
85.12	 -2.10376	 0.033468	 1.14828	 -0.0518664	 0.520142	 -0.0863075
85.14	 -2.11405	 0.0337123	 1.10973	 -0.0550115	 0.446848	 -0.0869667
85.16	 -2.12261	 0.0339086	 1.07005	 -0.0579742	 0.37272	 -0.0874737
85.18	 -2.12945	 0.0340588	 1.02928	 -0.0607508	 0.297851	 -0.0878311
85.2	 -2.13458	 0.0341639	 0.987475	 -0.0633386	 0.222317	 -0.0880398
85.22	 -2.13801	 0.0342242	 0.944677	 -0.0657355	 0.146185	 -0.0880997
85.24	 -2.13977	 0.0342398	 0.900932	 -0.067939	 0.0695237	 -0.0880105
85.26	 -2.13988	 0.0342107	 0.856292	 -0.0699466	 -0.00758982	 -0.0877719
85.28	 -2.13835	 0.0341372	 0.810809	 -0.0717553	 -0.0850695	 -0.0873843
85.3	 -2.13521	 0.0340197	 0.764543	 -0.0733632	 -0.162821	 -0.0868492
85.32	 -2.13047	 0.0338589	 0.717558	 -0.07477	 -0.240744	 -0.0861684
85.34	 -2.12415	 0.0336557	 0.669917	 -0.0759756	 -0.318743	 -0.0853445
85.36	 -2.11627	 0.0334111	 0.621686	 -0.0769813	 -0.396721	 -0.0843803
85.38	 -2.10687	 0.0331261	 0.57293	 -0.0777888	 -0.474593	 -0.0832788
85.4	 -2.09595	 0.0328018	 0.523713	 -0.0784001	 -0.552274	 -0.0820429
85.42	 -2.08356	 0.0324392	 0.474097	 -0.0788175	 -0.629683	 -0.0806758
85.44	 -2.06971	 0.0320394	 0.424148	 -0.0790443	 -0.706741	 -0.0791811
85.46	 -2.05443	 0.0316034	 0.373927	 -0.0790842	 -0.783372	 -0.0775628
85.48	 -2.03776	 0.0311323	 0.323498	 -0.0789416	 -0.859497	 -0.0758251
85.5	 -2.01972	 0.0306275	 0.272928	 -0.0786207	 -0.935038	 -0.0739724
85.52	 -2.00035	 0.0300901	 0.222279	 -0.0781263	 -1.00992	 -0.0720093
85.54	 -1.97966	 0.0295215	 0.171618	 -0.0774635	 -1.08406	 -0.0699406
85.56	 -1.95771	 0.0289231	 0.121009	 -0.0766377	 -1.15739	 -0.0677712
85.58	 -1.93451	 0.0282963	 0.0705166	 -0.0756557	 -1.22983	 -0.0655064
85.6	 -1.9101	 0.0276426	 0.0202046	 -0.0745242	 -1.30131	 -0.0631517
85.62	 -1.88452	 0.0269633	 -0.0298646	 -0.0732502	 -1.37177	 -0.0607128
85.64	 -1.85779	 0.02626	 -0.0796294	 -0.0718411	 -1.44116	 -0.0581955
85.66	 -1.82996	 0.0255341	 -0.129029	 -0.0703042	 -1.50941	 -0.0556055
85.68	 -1.80105	 0.0247872	 -0.178004	 -0.0686467	 -1.57646	 -0.0529489
85.7	 -1.7711	 0.0240209	 -0.226495	 -0.0668767	 -1.64227	 -0.0502317
85.72	 -1.74015	 0.0232367	 -0.274445	 -0.0650023	 -1.70679	 -0.04746
85.74	 -1.70823	 0.0224361	 -0.321797	 -0.0630318	 -1.76997	 -0.04464
85.76	 -1.67538	 0.0216208	 -0.368495	 -0.0609733	 -1.83175	 -0.0417782
85.78	 -1.64163	 0.0207924	 -0.414485	 -0.0588349	 -1.89211	 -0.0388806
85.8	 -1.60701	 0.0199524	 -0.459716	 -0.0566247	 -1.951	 -0.0359535
85.82	 -1.57157	 0.0191026	 -0.504136	 -0.0543506	 -2.00839	 -0.0330031
85.84	 -1.53534	 0.0182445	 -0.547696	 -0.0520209	 -2.06424	 -0.0300354
85.86	 -1.49835	 0.0173796	 -0.590348	 -0.0496441	 -2.11851	 -0.0270567
85.88	 -1.46065	 0.0165096	 -0.632046	 -0.0472285	 -2.1712	 -0.0240734
85.9	 -1.42226	 0.0156361	 -0.672746	 -0.0447824	 -2.22226	 -0.0210915
85.92	 -1.38322	 0.0147605	 -0.712406	 -0.0423138	 -2.27168	 -0.0181171
85.94	 -1.34357	 0.0138844	 -0.750985	 -0.0398307	 -2.31945	 -0.0151564
85.96	 -1.30334	 0.0130094	 -0.788446	 -0.0373408	 -2.36555	 -0.012215
85.98	 -1.26257	 0.0121368	 -0.824751	 -0.0348519	 -2.40997	 -0.00929875
86	 -1.22129	 0.0112681	 -0.859867	 -0.0323715	 -2.45269	 -0.00641331
86.02	 -1.17953	 0.0104048	 -0.893761	 -0.0299071	 -2.49373	 -0.0035642
86.04	 -1.13734	 0.00954823	 -0.926403	 -0.0274659	 -2.53306	 -0.000756807
86.06	 -1.09473	 0.00869969	 -0.957765	 -0.0250547	 -2.57069	 0.00200366
86.08	 -1.05176	 0.00786051	 -0.98782	 -0.0226802	 -2.60663	 0.00471223
86.1	 -1.00844	 0.00703195	 -1.01655	 -0.0203487	 -2.64088	 0.00736412
86.12	 -0.964812	 0.00621518	 -1.04392	 -0.0180661	 -2.67344	 0.0099548
86.14	 -0.920908	 0.00541135	 -1.06993	 -0.0158382	 -2.70433	 0.01248
86.16	 -0.876759	 0.00462149	 -1.09454	 -0.0136706	 -2.73355	 0.0149355
86.18	 -0.832394	 0.00384079	 -1.11777	 -0.0115677	 -2.76114	 0.0173293
86.2	 -0.787841	 0.00306782	 -1.13959	 -0.00953303	 -2.78713	 0.019662
86.22	 -0.743127	 0.0023013	 -1.16	 -0.00756973	 -2.81154	 0.0219334
86.24	 -0.698279	 0.00154081	 -1.17902	 -0.00568073	 -2.83443	 0.0241421
86.26	 -0.653323	 0.000786515	 -1.19664	 -0.00386934	 -2.85583	 0.0262857
86.28	 -0.608287	 3.87742e-05	 -1.21287	 -0.00213916	 -2.87577	 0.0283622
86.3	 -0.563198	 -0.000702146	 -1.2277	 -0.000493882	 -2.8943	 0.03037
86.32	 -0.518082	 -0.00143623	 -1.24115	 0.00106299	 -2.91144	 0.0323083
86.34	 -0.472965	 -0.00216369	 -1.25322	 0.00252844	 -2.92724	 0.0341769
86.36	 -0.427873	 -0.00288494	 -1.26392	 0.0039001	 -2.94172	 0.0359758
86.38	 -0.382832	 -0.0036004	 -1.27325	 0.00517621	 -2.95492	 0.037705
86.4	 -0.337866	 -0.00431051	 -1.28123	 0.00635553	 -2.96689	 0.0393643
86.42	 -0.292998	 -0.00501562	 -1.28787	 0.0074371	 -2.97765	 0.0409538
86.44	 -0.248255	 -0.005716	 -1.29318	 0.0084202	 -2.98725	 0.0424735
86.46	 -0.203657	 -0.0064119	 -1.29719	 0.00930422	 -2.99573	 0.0439235
86.48	 -0.159231	 -0.00710353	 -1.29991	 0.0100887	 -3.00312	 0.0453042
86.5	 -0.114996	 -0.0077911	 -1.30136	 0.0107735	 -3.00946	 0.0466159
86.52	 -0.0709778	 -0.00847481	 -1.30156	 0.0113586	 -3.01479	 0.0478595
86.54	 -0.0271964	 -0.0091549	 -1.30053	 0.0118444	 -3.01915	 0.0490355
86.56	 0.0163262	 -0.00983161	 -1.2983	 0.0122316	 -3.02257	 0.050145
86.58	 0.059569	 -0.0105052	 -1.29489	 0.0125213	 -3.02508	 0.0511888
86.6	 0.102511	 -0.0111758	 -1.29033	 0.0127148	 -3.02674	 0.052168
86.62	 0.145133	 -0.0118437	 -1.28464	 0.0128137	 -3.02756	 0.0530837
86.64	 0.187415	 -0.0125091	 -1.27785	 0.0128197	 -3.02758	 0.0539371
86.66	 0.229338	 -0.0131722	 -1.27	 0.0127349	 -3.02685	 0.0547295
86.68	 0.270882	 -0.0138331	 -1.26111	 0.0125615	 -3.02539	 0.0554623
86.7	 0.31203	 -0.0144919	 -1.25122	 0.012302	 -3.02324	 0.056137
86.72	 0.352765	 -0.0151489	 -1.24036	 0.011959	 -3.02043	 0.0567553
86.74	 0.393067	 -0.0158041	 -1.22856	 0.0115353	 -3.01699	 0.0573186
86.76	 0.432922	 -0.0164576	 -1.21586	 0.0110342	 -3.01295	 0.0578288
86.78	 0.472313	 -0.0171096	 -1.2023	 0.0104588	 -3.00834	 0.0582875
86.8	 0.511223	 -0.01776	 -1.18792	 0.00981261	 -3.00319	 0.0586964
86.82	 0.549638	 -0.0184079	 -1.17274	 0.00909913	 -2.99753	 0.0590557
86.84	 0.587543	 -0.019053	 -1.15681	 0.00832192	 -2.99139	 0.0593663
86.86	 0.624924	 -0.0196941	 -1.14018	 0.0074845	 -2.98479	 0.0596278
86.88	 0.661766	 -0.0203313	 -1.12288	 0.00659062	 -2.97776	 0.0598431
86.9	 0.698057	 -0.0209644	 -1.10494	 0.00564424	 -2.97033	 0.0600134
86.92	 0.733784	 -0.0215931	 -1.08643	 0.00464959	 -2.96252	 0.0601409
86.94	 0.768934	 -0.0222168	 -1.06737	 0.00361098	 -2.95435	 0.0602258
86.96	 0.803487	 -0.0228315	 -1.04782	 0.00253234	 -2.94588	 0.0602629
86.98	 0.837422	 -0.0234381	 -1.02784	 0.00141983	 -2.93715	 0.0602569
87	 0.870718	 -0.0240321	 -1.0075	 0.000305836	 -2.92822	 0.0602088
87.02	 0.903361	 -0.0246168	 -0.98687	 -0.000815737	 -2.91917	 0.0601251
87.04	 0.935338	 -0.0251889	 -0.966028	 -0.00194049	 -2.91004	 0.0600016
87.06	 0.966639	 -0.0257484	 -0.945053	 -0.00306398	 -2.90091	 0.0598403
87.08	 0.997256	 -0.026292	 -0.924019	 -0.00418198	 -2.89181	 0.059637
87.1	 1.02718	 -0.0268184	 -0.903003	 -0.00529051	 -2.88281	 0.0593912
87.12	 1.05639	 -0.0273255	 -0.882076	 -0.00638594	 -2.87396	 0.0591013
87.14	 1.08489	 -0.0278116	 -0.86131	 -0.00746475	 -2.8653	 0.058767
87.16	 1.11266	 -0.0282756	 -0.840776	 -0.00852331	 -2.8569	 0.0583886
87.18	 1.13968	 -0.028716	 -0.820547	 -0.00955788	 -2.8488	 0.057966
87.2	 1.16595	 -0.029132	 -0.800693	 -0.0105645	 -2.84108	 0.0574997
87.22	 1.19146	 -0.0295223	 -0.781288	 -0.0115392	 -2.83378	 0.0569895
87.24	 1.21619	 -0.0298859	 -0.762404	 -0.0124779	 -2.82697	 0.0564361
87.26	 1.24014	 -0.0302218	 -0.744111	 -0.013377	 -2.82069	 0.0558393
87.28	 1.2633	 -0.0305293	 -0.726481	 -0.0142326	 -2.815	 0.0552002
87.3	 1.28565	 -0.0308074	 -0.709583	 -0.0150412	 -2.80995	 0.0545191
87.32	 1.3072	 -0.0310554	 -0.693485	 -0.0157995	 -2.80558	 0.0537971
87.34	 1.32793	 -0.0312727	 -0.678254	 -0.016504	 -2.80194	 0.053035
87.36	 1.34783	 -0.0314586	 -0.663954	 -0.0171517	 -2.79909	 0.0522336
87.38	 1.36691	 -0.0316124	 -0.650651	 -0.0177393	 -2.79706	 0.0513938
87.4	 1.38514	 -0.0317335	 -0.638404	 -0.018264	 -2.7959	 0.0505161
87.42	 1.40253	 -0.0318211	 -0.627276	 -0.018723	 -2.79566	 0.0496013
87.44	 1.41906	 -0.0318746	 -0.617323	 -0.0191138	 -2.79637	 0.0486499
87.46	 1.43474	 -0.0318936	 -0.608601	 -0.019434	 -2.79806	 0.0476629
87.48	 1.44955	 -0.0318774	 -0.601165	 -0.0196813	 -2.80078	 0.0466411
87.5	 1.4635	 -0.0318257	 -0.595064	 -0.0198537	 -2.80455	 0.0455854
87.52	 1.47657	 -0.0317383	 -0.590348	 -0.0199493	 -2.80941	 0.0444969
87.54	 1.48877	 -0.031615	 -0.587062	 -0.0199662	 -2.81536	 0.0433768
87.56	 1.50009	 -0.0314555	 -0.585249	 -0.0199029	 -2.82245	 0.0422262
87.58	 1.51053	 -0.0312599	 -0.584949	 -0.019758	 -2.83067	 0.0410464
87.6	 1.52009	 -0.0310282	 -0.586199	 -0.0195302	 -2.84006	 0.0398388
87.62	 1.52875	 -0.0307604	 -0.589031	 -0.0192184	 -2.85062	 0.0386047
87.64	 1.53653	 -0.0304568	 -0.593477	 -0.0188218	 -2.86236	 0.0373454
87.66	 1.54342	 -0.0301176	 -0.599562	 -0.0183396	 -2.87527	 0.0360625
87.68	 1.54942	 -0.0297429	 -0.607312	 -0.0177715	 -2.88937	 0.0347574
87.7	 1.55453	 -0.0293333	 -0.616744	 -0.0171171	 -2.90464	 0.0334315
87.72	 1.55875	 -0.028889	 -0.627877	 -0.0163763	 -2.92108	 0.0320865
87.74	 1.56208	 -0.0284105	 -0.640724	 -0.0155492	 -2.93868	 0.0307236
87.76	 1.56452	 -0.0278983	 -0.655292	 -0.014636	 -2.95741	 0.0293445
87.78	 1.56607	 -0.027353	 -0.67159	 -0.0136373	 -2.97727	 0.0279507
87.8	 1.56674	 -0.0267751	 -0.689619	 -0.0125537	 -2.99822	 0.0265436
87.82	 1.56652	 -0.0261653	 -0.709377	 -0.0113863	 -3.02025	 0.0251248
87.84	 1.56543	 -0.0255243	 -0.730861	 -0.0101361	 -3.04331	 0.0236957
87.86	 1.56345	 -0.0248527	 -0.754062	 -0.00880457	 -3.06738	 0.0222577
87.88	 1.5606	 -0.0241515	 -0.778969	 -0.00739331	 -3.09242	 0.0208124
87.9	 1.55688	 -0.0234214	 -0.805567	 -0.00590412	 -3.11839	 0.0193612
87.92	 1.55229	 -0.0226632	 -0.833838	 -0.00433907	 -3.14525	 0.0179054
87.94	 1.54684	 -0.0218779	 -0.86376	 -0.00270037	 -3.17295	 0.0164465
87.96	 1.54053	 -0.0210664	 -0.895308	 -0.000990478	 -3.20144	 0.0149858
87.98	 1.53337	 -0.0202297	 -0.928455	 0.000788003	 -3.23069	 0.0135246
88	 1.52537	 -0.0193687	 -0.96317	 0.00263226	 -3.26062	 0.0120643
88.02	 1.51652	 -0.0184845	 -0.999419	 0.00453928	 -3.29119	 0.0106061
88.04	 1.50685	 -0.0175781	 -1.03717	 0.00650592	 -3.32233	 0.00915124
88.06	 1.49634	 -0.0166506	 -1.07637	 0.00852883	 -3.354	 0.00770078
88.08	 1.48502	 -0.015703	 -1.11699	 0.0106045	 -3.38612	 0.00625583
88.1	 1.47289	 -0.0147363	 -1.15897	 0.0127294	 -3.41864	 0.00481735
88.12	 1.45995	 -0.0137516	 -1.20229	 0.0148996	 -3.45148	 0.00338616
88.14	 1.44623	 -0.0127498	 -1.24687	 0.0171113	 -3.4846	 0.00196285
88.16	 1.43171	 -0.0117264	 -1.29268	 0.0193596	 -3.51791	 0.000537055
88.18	 1.41642	 -0.0106764	 -1.33967	 0.0216387	 -3.55138	 -0.000902432
88.2	 1.40036	 -0.00959998	 -1.38779	 0.0239422	 -3.58495	 -0.00235556
88.22	 1.38354	 -0.00849876	 -1.43699	 0.0262644	 -3.61857	 -0.00381935
88.24	 1.36597	 -0.007376	 -1.48723	 0.0286006	 -3.65221	 -0.00528845
88.26	 1.34766	 -0.00623548	 -1.53846	 0.0309475	 -3.6858	 -0.00675738
88.28	 1.32863	 -0.00508066	 -1.59062	 0.0333025	 -3.7193	 -0.00822189
88.3	 1.30887	 -0.0039144	 -1.64366	 0.0356631	 -3.75265	 -0.00967923
88.32	 1.28841	 -0.00273893	 -1.69752	 0.038026	 -3.78579	 -0.0111277
88.34	 1.26725	 -0.00155612	 -1.75213	 0.0403874	 -3.81866	 -0.0125658
88.36	 1.24541	 -0.000367728	 -1.80744	 0.0427424	 -3.8512	 -0.0139919
88.38	 1.22289	 0.000824341	 -1.86338	 0.0450861	 -3.88336	 -0.0154038
88.4	 1.19972	 0.00201799	 -1.91989	 0.0474133	 -3.91507	 -0.016799
88.42	 1.1759	 0.00321159	 -1.9769	 0.0497191	 -3.94628	 -0.018176
88.44	 1.15146	 0.00440416	 -2.03437	 0.051999	 -3.97697	 -0.019535
88.46	 1.1264	 0.00559493	 -2.09224	 0.0542484	 -4.00709	 -0.0208766
88.48	 1.10074	 0.00678322	 -2.15045	 0.0564626	 -4.03661	 -0.0222016
88.5	 1.07451	 0.00796828	 -2.20895	 0.0586369	 -4.0655	 -0.0235107
88.52	 1.04772	 0.00914926	 -2.26768	 0.0607666	 -4.09372	 -0.0248041
88.54	 1.02039	 0.0103252	 -2.32658	 0.0628469	 -4.12123	 -0.0260818
88.56	 0.992527	 0.011495	 -2.3856	 0.0648732	 -4.14798	 -0.027344
88.58	 0.964158	 0.0126577	 -2.44467	 0.0668411	 -4.17394	 -0.0285905
88.6	 0.935298	 0.0138123	 -2.50373	 0.0687461	 -4.19906	 -0.0298216
88.62	 0.905964	 0.0149578	 -2.56271	 0.070584	 -4.22331	 -0.0310375
88.64	 0.876175	 0.0160933	 -2.62155	 0.0723505	 -4.24663	 -0.0322385
88.66	 0.845949	 0.0172179	 -2.6802	 0.0740413	 -4.26899	 -0.033425
88.68	 0.815303	 0.0183307	 -2.73859	 0.0756521	 -4.29036	 -0.0345973
88.7	 0.784256	 0.019431	 -2.79667	 0.0771787	 -4.3107	 -0.0357557
88.72	 0.752825	 0.0205193	 -2.85436	 0.0786166	 -4.32995	 -0.0369034
88.74	 0.72103	 0.0215966	 -2.91162	 0.0799787	 -4.3481	 -0.0380379
88.76	 0.688886	 0.0226687	 -2.96838	 0.081305	 -4.36508	 -0.0391573
88.78	 0.656407	 0.0237358	 -3.0246	 0.0825747	 -4.38087	 -0.0402669
88.8	 0.623595	 0.0247988	 -3.08024	 0.0837853	 -4.39548	 -0.0413685
88.82	 0.590452	 0.0258583	 -3.13529	 0.0849351	 -4.40892	 -0.0424637
88.84	 0.556975	 0.0269133	 -3.18971	 0.0860237	 -4.42121	 -0.043552
88.86	 0.523164	 0.0279632	 -3.24349	 0.0870512	 -4.43238	 -0.0446336
88.88	 0.489022	 0.0290068	 -3.29662	 0.0880182	 -4.44245	 -0.0457079
88.9	 0.454561	 0.0300443	 -3.34906	 0.0889257	 -4.45148	 -0.0467764
88.92	 0.41979	 0.0310746	 -3.40079	 0.0897725	 -4.45948	 -0.0478373
88.94	 0.384724	 0.0320983	 -3.45179	 0.0905575	 -4.46646	 -0.0488935
88.96	 0.349365	 0.0331144	 -3.50202	 0.0912797	 -4.47243	 -0.049943
88.98	 0.313722	 0.0341225	 -3.55145	 0.0919375	 -4.4774	 -0.0509863
89	 0.277795	 0.0351233	 -3.60004	 0.0925301	 -4.48135	 -0.052025
89.02	 0.241591	 0.0361171	 -3.64778	 0.0930564	 -4.48429	 -0.0530608
89.04	 0.205112	 0.0371041	 -3.69464	 0.0935156	 -4.48625	 -0.0540946
89.06	 0.168366	 0.0380842	 -3.74059	 0.0939068	 -4.48723	 -0.0551273
89.08	 0.131359	 0.0390566	 -3.78562	 0.0942295	 -4.48724	 -0.0561577
89.1	 0.0941008	 0.0400209	 -3.8297	 0.0944833	 -4.48631	 -0.0571863
89.12	 0.0565978	 0.040977	 -3.8728	 0.0946679	 -4.48445	 -0.0582136
89.14	 0.0188586	 0.0419251	 -3.91492	 0.094783	 -4.48166	 -0.0592407
89.16	 -0.0191088	 0.0428649	 -3.95602	 0.094828	 -4.47796	 -0.0602681
89.18	 -0.0572966	 0.0437963	 -3.99609	 0.0948027	 -4.47334	 -0.0612959
89.2	 -0.0956969	 0.0447191	 -4.0351	 0.0947063	 -4.46782	 -0.0623243
89.22	 -0.134302	 0.0456332	 -4.07304	 0.0945385	 -4.46139	 -0.0633538
89.24	 -0.173104	 0.0465386	 -4.10988	 0.0942983	 -4.45406	 -0.0643846
89.26	 -0.212094	 0.047435	 -4.14561	 0.0939851	 -4.44584	 -0.0654166
89.28	 -0.251265	 0.0483193	 -4.18022	 0.0935934	 -4.43671	 -0.0664328
89.3	 -0.290611	 0.049194	 -4.21367	 0.0931452	 -4.42665	 -0.0674296
89.32	 -0.330122	 0.0500633	 -4.24596	 0.0926709	 -4.41565	 -0.0684074
89.34	 -0.369792	 0.0509251	 -4.27707	 0.0921438	 -4.40368	 -0.0693698
89.36	 -0.409614	 0.0517816	 -4.30699	 0.0915814	 -4.3907	 -0.0703183
89.38	 -0.449579	 0.0526295	 -4.3357	 0.0909562	 -4.37671	 -0.0712545
89.4	 -0.489678	 0.0534684	 -4.3632	 0.0902734	 -4.36168	 -0.0721771
89.42	 -0.529901	 0.0542983	 -4.38946	 0.0895392	 -4.3456	 -0.0730851
89.44	 -0.570241	 0.0551204	 -4.41447	 0.0887651	 -4.32845	 -0.0739782
89.46	 -0.610686	 0.0559344	 -4.43824	 0.0879498	 -4.31023	 -0.0748566
89.48	 -0.651228	 0.0567396	 -4.46074	 0.0870863	 -4.29091	 -0.0757203
89.5	 -0.691856	 0.057536	 -4.48197	 0.0861734	 -4.27049	 -0.0765686
89.52	 -0.732561	 0.0583237	 -4.50192	 0.0852132	 -4.24895	 -0.0774012
89.54	 -0.77333	 0.0591032	 -4.52059	 0.0842102	 -4.22627	 -0.078218
89.56	 -0.814155	 0.0598745	 -4.53796	 0.0831657	 -4.20244	 -0.0790194
89.58	 -0.855022	 0.0606376	 -4.55404	 0.0820792	 -4.17744	 -0.0798052
89.6	 -0.895921	 0.0613921	 -4.56883	 0.0809507	 -4.15127	 -0.0805754
89.62	 -0.936839	 0.0621379	 -4.58231	 0.0797813	 -4.1239	 -0.0813296
89.64	 -0.977765	 0.0628753	 -4.59448	 0.0785732	 -4.09534	 -0.0820678
89.66	 -1.01868	 0.0636042	 -4.60536	 0.0773278	 -4.06556	 -0.0827898
89.68	 -1.05959	 0.0643244	 -4.61493	 0.0760438	 -4.03455	 -0.0834962
89.7	 -1.10046	 0.0650372	 -4.6232	 0.0747362	 -4.00231	 -0.0841839
89.72	 -1.14128	 0.0657401	 -4.63017	 0.0733776	 -3.96882	 -0.0848584
89.74	 -1.18204	 0.0664365	 -4.63584	 0.0720068	 -3.93409	 -0.0855126
89.76	 -1.22273	 0.0671236	 -4.64022	 0.0705936	 -3.89808	 -0.0861519
89.78	 -1.26333	 0.0678031	 -4.64332	 0.0691581	 -3.8608	 -0.0867732
89.8	 -1.30382	 0.0684735	 -4.64513	 0.0676834	 -3.82225	 -0.08738
89.82	 -1.3442	 0.069136	 -4.64567	 0.0661858	 -3.7824	 -0.08797
89.84	 -1.38444	 0.0697901	 -4.64495	 0.0646586	 -3.74125	 -0.0885445
89.86	 -1.42453	 0.0704363	 -4.64296	 0.0631101	 -3.6988	 -0.089102
89.88	 -1.46446	 0.0710741	 -4.63973	 0.0615364	 -3.65505	 -0.0896431
89.9	 -1.5042	 0.071704	 -4.63527	 0.0599415	 -3.60998	 -0.0901674
89.92	 -1.54374	 0.0723257	 -4.62958	 0.0583248	 -3.5636	 -0.090675
89.94	 -1.58306	 0.0729395	 -4.62268	 0.0566895	 -3.5159	 -0.0911659
89.96	 -1.62215	 0.0735455	 -4.61458	 0.0550367	 -3.46687	 -0.0916401
89.98	 -1.66099	 0.0741438	 -4.6053	 0.0533683	 -3.41652	 -0.0920976
90	 -1.69956	 0.0747343	 -4.59485	 0.0516857	 -3.36484	 -0.0925385
90.02	 -1.73783	 0.0753172	 -4.58324	 0.0499903	 -3.31184	 -0.0929627
90.04	 -1.7758	 0.0758925	 -4.57051	 0.0482836	 -3.25751	 -0.0933702
90.06	 -1.81345	 0.0764604	 -4.55665	 0.0465673	 -3.20187	 -0.093761
90.08	 -1.85074	 0.0770208	 -4.5417	 0.0448431	 -3.1449	 -0.0941351
90.1	 -1.88768	 0.0775739	 -4.52567	 0.0431123	 -3.08663	 -0.0944924
90.12	 -1.92423	 0.0781199	 -4.50858	 0.0413766	 -3.02704	 -0.0948331
90.14	 -1.96038	 0.0786587	 -4.49045	 0.0396374	 -2.96616	 -0.0951571
90.16	 -1.99611	 0.0791905	 -4.4713	 0.0378962	 -2.90399	 -0.0954645
90.18	 -2.03139	 0.0797154	 -4.45116	 0.0361544	 -2.84054	 -0.0957554
90.2	 -2.06622	 0.0802335	 -4.43005	 0.0344135	 -2.77582	 -0.0960297
90.22	 -2.10056	 0.080745	 -4.40799	 0.0326748	 -2.70985	 -0.0962876
90.24	 -2.1344	 0.0812498	 -4.38501	 0.0309397	 -2.64264	 -0.0965292
90.26	 -2.16773	 0.0817482	 -4.36113	 0.0292095	 -2.57421	 -0.0967545
90.28	 -2.20051	 0.0822403	 -4.33638	 0.0274854	 -2.50458	 -0.0969636
90.3	 -2.23273	 0.0827262	 -4.31078	 0.0257686	 -2.43377	 -0.0971566
90.32	 -2.26437	 0.083206	 -4.28436	 0.0240603	 -2.36181	 -0.0973336
90.34	 -2.2954	 0.0836798	 -4.25715	 0.0223617	 -2.28871	 -0.0974947
90.36	 -2.32582	 0.0841478	 -4.22918	 0.0206738	 -2.21451	 -0.09764
90.38	 -2.3556	 0.0846102	 -4.20047	 0.0189977	 -2.13924	 -0.0977698
90.4	 -2.38472	 0.0850671	 -4.17105	 0.0173345	 -2.06293	 -0.0978842
90.42	 -2.41315	 0.0855187	 -4.14095	 0.0156851	 -1.98561	 -0.0979834
90.44	 -2.44089	 0.0859652	 -4.1102	 0.0140506	 -1.90732	 -0.0980675
90.46	 -2.46791	 0.0864066	 -4.07883	 0.0124318	 -1.82808	 -0.0981369
90.48	 -2.4942	 0.0868434	 -4.04687	 0.0108297	 -1.74796	 -0.0981917
90.5	 -2.51972	 0.0872756	 -4.01435	 0.00924532	 -1.66697	 -0.0982323
90.52	 -2.54448	 0.0877035	 -3.98129	 0.00767961	 -1.58518	 -0.0982589
90.54	 -2.56844	 0.0881273	 -3.94774	 0.00613359	 -1.50261	 -0.0982718
90.56	 -2.59159	 0.0885474	 -3.91373	 0.00460829	 -1.41931	 -0.0982716
90.58	 -2.61391	 0.088964	 -3.87927	 0.00310472	 -1.33534	 -0.0982586
90.6	 -2.63538	 0.0893776	 -3.84441	 0.00162387	 -1.25074	 -0.0982334
90.62	 -2.65599	 0.0897884	 -3.80917	 0.000166733	 -1.16554	 -0.0981966
90.64	 -2.67573	 0.0901969	 -3.77359	 -0.00126571	 -1.07982	 -0.0981486
90.66	 -2.69456	 0.0906035	 -3.73769	 -0.00267249	 -0.9936	 -0.0980903
90.68	 -2.71249	 0.0910086	 -3.70151	 -0.00405264	 -0.906947	 -0.0980222
90.7	 -2.72949	 0.0914126	 -3.66508	 -0.00540524	 -0.819905	 -0.0979451
90.72	 -2.74555	 0.0918162	 -3.62842	 -0.00672936	 -0.732526	 -0.0978598
90.74	 -2.76066	 0.0922198	 -3.59158	 -0.00802415	 -0.644861	 -0.0977673
90.76	 -2.7748	 0.0926241	 -3.55457	 -0.00928882	 -0.556961	 -0.0976683
90.78	 -2.78795	 0.0930297	 -3.51743	 -0.0105226	 -0.468879	 -0.0975641
90.8	 -2.80012	 0.0934372	 -3.48019	 -0.0117249	 -0.380667	 -0.0974556
90.82	 -2.81127	 0.0938473	 -3.44288	 -0.0128949	 -0.292378	 -0.0973441
90.84	 -2.82141	 0.0942608	 -3.40553	 -0.0140321	 -0.204066	 -0.0972306
90.86	 -2.83052	 0.0946784	 -3.36816	 -0.015136	 -0.115783	 -0.0971165
90.88	 -2.83859	 0.095101	 -3.3308	 -0.016206	 -0.0275836	 -0.097003
90.9	 -2.84561	 0.0955293	 -3.29349	 -0.0172415	 0.0604787	 -0.0968917
90.92	 -2.85157	 0.0959643	 -3.25625	 -0.0182422	 0.14835	 -0.0967839
90.94	 -2.85647	 0.0964069	 -3.2191	 -0.0192077	 0.235977	 -0.0966813
90.96	 -2.86029	 0.096858	 -3.18208	 -0.0201377	 0.323306	 -0.0965856
90.98	 -2.86303	 0.0973188	 -3.1452	 -0.0210317	 0.410283	 -0.0964984
91	 -2.86468	 0.0977902	 -3.10851	 -0.0218897	 0.496855	 -0.0964217
91.02	 -2.86524	 0.0982734	 -3.07201	 -0.0227114	 0.58297	 -0.0963573
91.04	 -2.8647	 0.0987695	 -3.03573	 -0.0234967	 0.668575	 -0.0963073
91.06	 -2.86305	 0.0992799	 -2.9997	 -0.0242456	 0.753619	 -0.0962738
91.08	 -2.86029	 0.0998056	 -2.96395	 -0.0249578	 0.838048	 -0.096259
91.1	 -2.85642	 0.100348	 -2.92849	 -0.0256336	 0.921813	 -0.0962652
91.12	 -2.85143	 0.100909	 -2.89334	 -0.026273	 1.00486	 -0.0962947
91.14	 -2.84533	 0.101489	 -2.85853	 -0.0268761	 1.08715	 -0.0963499
91.16	 -2.83811	 0.10209	 -2.82408	 -0.027443	 1.16862	 -0.0964335
91.18	 -2.82977	 0.102713	 -2.79	 -0.027974	 1.24923	 -0.0965478
91.2	 -2.82031	 0.10336	 -2.75632	 -0.0284698	 1.32893	 -0.0966955
91.22	 -2.80973	 0.104032	 -2.72306	 -0.0289334	 1.40768	 -0.0968793
91.24	 -2.79803	 0.104731	 -2.69022	 -0.0293643	 1.48543	 -0.0971018
91.26	 -2.78522	 0.105457	 -2.65784	 -0.0297619	 1.56212	 -0.0973657
91.28	 -2.7713	 0.106213	 -2.62591	 -0.0301254	 1.63774	 -0.0976734
91.3	 -2.75628	 0.107001	 -2.59446	 -0.0304559	 1.71222	 -0.0980276
91.32	 -2.74014	 0.107821	 -2.56351	 -0.0307533	 1.78552	 -0.0984312
91.34	 -2.72291	 0.108676	 -2.53306	 -0.0310173	 1.85762	 -0.0988867
91.36	 -2.70459	 0.109567	 -2.50313	 -0.031249	 1.92846	 -0.099397
91.38	 -2.68518	 0.110495	 -2.47372	 -0.0314492	 1.99802	 -0.0999647
91.4	 -2.66469	 0.111461	 -2.44485	 -0.0316187	 2.06625	 -0.100592
91.42	 -2.64313	 0.112468	 -2.41653	 -0.0317581	 2.13312	 -0.101281
91.44	 -2.6205	 0.113516	 -2.38877	 -0.0318679	 2.19861	 -0.102034
91.46	 -2.59682	 0.114606	 -2.36157	 -0.031949	 2.26267	 -0.102854
91.48	 -2.5721	 0.11574	 -2.33494	 -0.032002	 2.32528	 -0.103743
91.5	 -2.54634	 0.11692	 -2.30888	 -0.0320278	 2.3864	 -0.104703
91.52	 -2.51956	 0.118145	 -2.2834	 -0.032027	 2.44602	 -0.105736
91.54	 -2.49177	 0.119418	 -2.25851	 -0.0320005	 2.50411	 -0.106844
91.56	 -2.46298	 0.120739	 -2.23419	 -0.0319489	 2.56065	 -0.108029
91.58	 -2.4332	 0.122109	 -2.21046	 -0.0318729	 2.61561	 -0.109293
91.6	 -2.40246	 0.12353	 -2.18732	 -0.0317729	 2.66897	 -0.110638
91.62	 -2.37075	 0.125002	 -2.16476	 -0.0316495	 2.72072	 -0.112064
91.64	 -2.3381	 0.126526	 -2.14279	 -0.0315031	 2.77084	 -0.113574
91.66	 -2.30452	 0.128102	 -2.12139	 -0.0313342	 2.81932	 -0.115167
91.68	 -2.27003	 0.129731	 -2.10056	 -0.0311432	 2.86615	 -0.116845
91.7	 -2.23464	 0.131413	 -2.08031	 -0.0309303	 2.91132	 -0.118608
91.72	 -2.19837	 0.133149	 -2.06061	 -0.0306959	 2.95481	 -0.120458
91.74	 -2.16124	 0.134938	 -2.04148	 -0.03044	 2.99663	 -0.122393
91.76	 -2.12326	 0.136781	 -2.02288	 -0.0301632	 3.03676	 -0.124414
91.78	 -2.08446	 0.138678	 -2.00483	 -0.029865	 3.07522	 -0.12652
91.8	 -2.04486	 0.140627	 -1.9873	 -0.0295465	 3.112	 -0.12871
91.82	 -2.00446	 0.142629	 -1.97028	 -0.029207	 3.1471	 -0.130984
91.84	 -1.96329	 0.144682	 -1.95376	 -0.0288463	 3.18052	 -0.13334
91.86	 -1.92138	 0.146786	 -1.93773	 -0.0284628	 3.21229	 -0.135776
91.88	 -1.87874	 0.14894	 -1.92217	 -0.0280588	 3.24239	 -0.13829
91.9	 -1.83539	 0.151143	 -1.90707	 -0.0276306	 3.27085	 -0.140879
91.92	 -1.79135	 0.153392	 -1.8924	 -0.0271817	 3.29768	 -0.143542
91.94	 -1.74665	 0.155686	 -1.87816	 -0.026708	 3.32288	 -0.146274
91.96	 -1.7013	 0.158024	 -1.86431	 -0.0262108	 3.34649	 -0.149072
91.98	 -1.65533	 0.160404	 -1.85085	 -0.0256851	 3.36852	 -0.151932
92	 -1.60876	 0.162823	 -1.83775	 -0.0251316	 3.38899	 -0.154851
92.02	 -1.56161	 0.16528	 -1.82499	 -0.0245476	 3.40791	 -0.157825
92.04	 -1.51391	 0.167772	 -1.81255	 -0.0239342	 3.42533	 -0.160848
92.06	 -1.46568	 0.170298	 -1.80039	 -0.0232899	 3.44126	 -0.163918
92.08	 -1.41693	 0.172854	 -1.78851	 -0.0226155	 3.45573	 -0.16703
92.1	 -1.3677	 0.175438	 -1.77687	 -0.0219099	 3.46877	 -0.170178
92.12	 -1.318	 0.178047	 -1.76544	 -0.0211728	 3.48042	 -0.173359
92.14	 -1.26787	 0.18068	 -1.75421	 -0.0204031	 3.49071	 -0.176569
92.16	 -1.21732	 0.183333	 -1.74314	 -0.0196001	 3.49966	 -0.179802
92.18	 -1.16637	 0.186004	 -1.7322	 -0.0187634	 3.50733	 -0.183053
92.2	 -1.11505	 0.18869	 -1.72137	 -0.0178917	 3.51374	 -0.186319
92.22	 -1.06339	 0.191389	 -1.71062	 -0.0169864	 3.51893	 -0.189593
92.24	 -1.01141	 0.194097	 -1.69993	 -0.0160472	 3.52294	 -0.192871
92.26	 -0.959125	 0.196812	 -1.68925	 -0.0150737	 3.52582	 -0.196148
92.28	 -0.906566	 0.19953	 -1.67856	 -0.0140656	 3.5276	 -0.199418
92.3	 -0.853755	 0.202249	 -1.66783	 -0.0130209	 3.52833	 -0.202678
92.32	 -0.800716	 0.204967	 -1.65703	 -0.0119393	 3.52804	 -0.205921
92.34	 -0.747472	 0.207679	 -1.64613	 -0.0108213	 3.52679	 -0.209141
92.36	 -0.694046	 0.210383	 -1.6351	 -0.0096656	 3.5246	 -0.212335
92.38	 -0.640462	 0.213076	 -1.62391	 -0.00847263	 3.52154	 -0.215495
92.4	 -0.586743	 0.215754	 -1.61253	 -0.00724173	 3.51763	 -0.218617
92.42	 -0.532911	 0.218415	 -1.60093	 -0.00597332	 3.51292	 -0.221696
92.44	 -0.478978	 0.221056	 -1.58908	 -0.00472305	 3.50744	 -0.224745
92.46	 -0.424943	 0.223677	 -1.57698	 -0.00348775	 3.50123	 -0.227769
92.48	 -0.370799	 0.226277	 -1.5646	 -0.0022627	 3.49429	 -0.230765
92.5	 -0.316537	 0.22885	 -1.55195	 -0.00104948	 3.48666	 -0.233725
92.52	 -0.26215	 0.231393	 -1.539	 0.000148779	 3.47837	 -0.236641
92.54	 -0.207632	 0.233901	 -1.52575	 0.00133231	 3.46945	 -0.239503
92.56	 -0.152982	 0.236369	 -1.51218	 0.00249972	 3.45994	 -0.242304
92.58	 -0.0982003	 0.238794	 -1.49829	 0.00365082	 3.44988	 -0.245036
92.6	 -0.0432875	 0.241171	 -1.48405	 0.00478454	 3.43929	 -0.247695
92.62	 0.0117558	 0.243496	 -1.46946	 0.00590011	 3.4282	 -0.250276
92.64	 0.0669299	 0.245766	 -1.4545	 0.00699641	 3.41665	 -0.252771
92.66	 0.122235	 0.247975	 -1.43915	 0.00807196	 3.40465	 -0.255173
92.68	 0.177674	 0.25012	 -1.42342	 0.00912494	 3.39223	 -0.257475
92.7	 0.233244	 0.252193	 -1.40729	 0.0101542	 3.3794	 -0.259665
92.72	 0.288945	 0.254187	 -1.39077	 0.0111585	 3.36618	 -0.261732
92.74	 0.34477	 0.256094	 -1.37386	 0.0121378	 3.35255	 -0.263661
92.76	 0.400713	 0.257907	 -1.35658	 0.0130912	 3.33852	 -0.265443
92.78	 0.456766	 0.259619	 -1.33894	 0.0140179	 3.32405	 -0.267066
92.8	 0.512916	 0.261225	 -1.32094	 0.0149156	 3.30914	 -0.268524
92.82	 0.569154	 0.262719	 -1.30262	 0.015781	 3.29374	 -0.269808
92.84	 0.625465	 0.264098	 -1.28399	 0.0166098	 3.27784	 -0.270913
92.86	 0.681837	 0.265355	 -1.26507	 0.017397	 3.26139	 -0.271831
92.88	 0.738253	 0.266486	 -1.24588	 0.0181376	 3.24437	 -0.272555
92.9	 0.794697	 0.267485	 -1.22645	 0.0188271	 3.22674	 -0.273076
92.92	 0.851153	 0.268344	 -1.20679	 0.019461	 3.20847	 -0.273383
92.94	 0.907602	 0.269057	 -1.18694	 0.0200351	 3.18951	 -0.273468
92.96	 0.964024	 0.269618	 -1.16691	 0.0205448	 3.16982	 -0.273323
92.98	 1.0204	 0.27002	 -1.14674	 0.0209854	 3.14936	 -0.272938
93	 1.07671	 0.270257	 -1.12646	 0.0213514	 3.12807	 -0.272307
93.02	 1.13293	 0.270323	 -1.10611	 0.0216368	 3.10589	 -0.271421
93.04	 1.18904	 0.270213	 -1.08571	 0.0218351	 3.08279	 -0.270274
93.06	 1.24501	 0.269919	 -1.0653	 0.0219395	 3.05868	 -0.268859
93.08	 1.30084	 0.269438	 -1.04492	 0.0219429	 3.03353	 -0.26717
93.1	 1.35649	 0.268763	 -1.02461	 0.0218381	 3.00727	 -0.265199
93.12	 1.41194	 0.267889	 -1.0044	 0.0216176	 2.97985	 -0.262942
93.14	 1.46718	 0.26681	 -0.984333	 0.0212738	 2.95121	 -0.260393
93.16	 1.52219	 0.265522	 -0.964442	 0.0207989	 2.92129	 -0.257549
93.18	 1.57694	 0.264021	 -0.944766	 0.0201847	 2.89004	 -0.254407
93.2	 1.63141	 0.262302	 -0.92534	 0.0194227	 2.85742	 -0.250964
93.22	 1.6856	 0.260363	 -0.9062	 0.0185042	 2.82337	 -0.24722
93.24	 1.73946	 0.2582	 -0.88738	 0.0174204	 2.78786	 -0.243173
93.26	 1.793	 0.255811	 -0.868912	 0.0161624	 2.75083	 -0.238824
93.28	 1.84618	 0.253192	 -0.850828	 0.0147214	 2.71226	 -0.234173
93.3	 1.89899	 0.250343	 -0.833161	 0.0130888	 2.6721	 -0.229222
93.32	 1.95142	 0.247261	 -0.815939	 0.0112565	 2.63033	 -0.223973
93.34	 2.00343	 0.243944	 -0.799192	 0.00921626	 2.58692	 -0.218428
93.36	 2.05501	 0.240394	 -0.782947	 0.00696043	 2.54183	 -0.212592
93.38	 2.10615	 0.236608	 -0.767231	 0.00448151	 2.49506	 -0.20647
93.4	 2.15682	 0.232589	 -0.752067	 0.0017724	 2.44658	 -0.200068
93.42	 2.20702	 0.228336	 -0.73748	 -0.00117356	 2.39638	 -0.193394
93.44	 2.25671	 0.223853	 -0.72349	 -0.00436239	 2.34446	 -0.186454
93.46	 2.30589	 0.21914	 -0.710117	 -0.00779938	 2.2908	 -0.179258
93.48	 2.35453	 0.214202	 -0.697379	 -0.011489	 2.23542	 -0.171814
93.5	 2.40263	 0.209041	 -0.685293	 -0.0154346	 2.17832	 -0.164133
93.52	 2.45015	 0.20366	 -0.673873	 -0.0196389	 2.1195	 -0.156225
93.54	 2.49709	 0.198065	 -0.663132	 -0.0241031	 2.05898	 -0.148102
93.56	 2.54343	 0.192261	 -0.653082	 -0.0288277	 1.99679	 -0.139777
93.58	 2.58915	 0.186253	 -0.643733	 -0.0338118	 1.93293	 -0.131262
93.6	 2.63424	 0.180047	 -0.635091	 -0.0390534	 1.86745	 -0.12257
93.62	 2.67867	 0.173651	 -0.627165	 -0.0445492	 1.80037	 -0.113716
93.64	 2.72244	 0.167071	 -0.619958	 -0.0502948	 1.73173	 -0.104714
93.66	 2.76553	 0.160315	 -0.613474	 -0.0562842	 1.66157	 -0.0955789
93.68	 2.80793	 0.153393	 -0.607713	 -0.0625104	 1.58993	 -0.0863265
93.7	 2.84961	 0.146311	 -0.602675	 -0.0689649	 1.51687	 -0.0769723
93.72	 2.89056	 0.139081	 -0.598356	 -0.0756383	 1.44245	 -0.0675324
93.74	 2.93077	 0.131712	 -0.594754	 -0.0825194	 1.36671	 -0.0580227
93.76	 2.97022	 0.124214	 -0.591862	 -0.0895965	 1.28972	 -0.0484594
93.78	 3.00889	 0.116597	 -0.589672	 -0.0968562	 1.21156	 -0.0388587
93.8	 3.04678	 0.108873	 -0.588175	 -0.104285	 1.13229	 -0.0292367
93.82	 3.08386	 0.101052	 -0.587359	 -0.111866	 1.05198	 -0.0196092
93.84	 3.12013	 0.093145	 -0.587213	 -0.119585	 0.97072	 -0.00999185
93.86	 3.15556	 0.0851641	 -0.587722	 -0.127424	 0.888588	 -0.00039997
93.88	 3.19014	 0.0771203	 -0.58887	 -0.135366	 0.805668	 0.00915132
93.9	 3.22386	 0.0690253	 -0.59064	 -0.143393	 0.722051	 0.0186472
93.92	 3.2567	 0.0608908	 -0.593014	 -0.151485	 0.637826	 0.028073
93.94	 3.28864	 0.0527283	 -0.595972	 -0.159624	 0.553089	 0.0374148
93.96	 3.31969	 0.0445497	 -0.599492	 -0.16779	 0.467936	 0.0466584
93.98	 3.3498	 0.0363665	 -0.603553	 -0.175963	 0.382467	 0.0557906
94	 3.37899	 0.0281906	 -0.608129	 -0.184123	 0.296782	 0.064798
94.02	 3.40722	 0.0200336	 -0.613196	 -0.192249	 0.210985	 0.0736681
94.04	 3.43448	 0.0119069	 -0.618728	 -0.200322	 0.12518	 0.0823884
94.06	 3.46077	 0.00382169	 -0.624697	 -0.208323	 0.0394767	 0.0909476
94.08	 3.48606	 -0.00421046	 -0.631075	 -0.216227	 -0.0460203	 0.0993339
94.1	 3.51035	 -0.0121786	 -0.637832	 -0.224015	 -0.131202	 0.107537
94.12	 3.53362	 -0.0200778	 -0.644944	 -0.231664	 -0.21597	 0.115558
94.14	 3.55585	 -0.0279059	 -0.652386	 -0.23915	 -0.300227	 0.123404
94.16	 3.57704	 -0.0356614	 -0.660132	 -0.246447	 -0.383879	 0.131082
94.18	 3.59717	 -0.0433433	 -0.66816	 -0.253529	 -0.466832	 0.138601
94.2	 3.61624	 -0.0509495	 -0.676443	 -0.260369	 -0.548991	 0.145965
94.22	 3.63423	 -0.0584774	 -0.684955	 -0.266941	 -0.630259	 0.153179
94.24	 3.65113	 -0.0659236	 -0.693667	 -0.27322	 -0.71054	 0.160248
94.26	 3.66693	 -0.0732846	 -0.70255	 -0.279184	 -0.789738	 0.167176
94.28	 3.68161	 -0.0805569	 -0.711573	 -0.284808	 -0.867756	 0.173968
94.3	 3.69518	 -0.0877377	 -0.720706	 -0.290071	 -0.9445	 0.180629
94.32	 3.70761	 -0.0948243	 -0.729919	 -0.294951	 -1.01988	 0.187166
94.34	 3.7189	 -0.101814	 -0.73918	 -0.299424	 -1.0938	 0.193586
94.36	 3.72904	 -0.108706	 -0.748459	 -0.303467	 -1.16618	 0.199896
94.38	 3.73802	 -0.115496	 -0.757724	 -0.307057	 -1.23692	 0.206101
94.4	 3.74583	 -0.122183	 -0.766944	 -0.31017	 -1.30594	 0.212207
94.42	 3.75246	 -0.128764	 -0.776088	 -0.312779	 -1.37316	 0.218221
94.44	 3.7579	 -0.135236	 -0.785125	 -0.314866	 -1.4385	 0.224148
94.46	 3.76215	 -0.141599	 -0.794023	 -0.316412	 -1.50188	 0.229995
94.48	 3.7652	 -0.147849	 -0.80275	 -0.317398	 -1.56323	 0.235767
94.5	 3.76704	 -0.153984	 -0.811275	 -0.317802	 -1.62248	 0.24147
94.52	 3.76766	 -0.160003	 -0.819566	 -0.317608	 -1.67956	 0.24711
94.54	 3.76706	 -0.165902	 -0.827591	 -0.316797	 -1.73439	 0.252692
94.56	 3.76524	 -0.17168	 -0.835318	 -0.315353	 -1.78692	 0.258221
94.58	 3.76218	 -0.177334	 -0.842718	 -0.313258	 -1.83707	 0.263701
94.6	 3.75788	 -0.182862	 -0.849758	 -0.310499	 -1.88481	 0.269138
94.62	 3.75235	 -0.188262	 -0.85641	 -0.307061	 -1.93006	 0.274533
94.64	 3.74556	 -0.193532	 -0.862642	 -0.302931	 -1.97278	 0.279893
94.66	 3.73753	 -0.19867	 -0.868425	 -0.298099	 -2.01292	 0.285219
94.68	 3.72824	 -0.203674	 -0.873729	 -0.292554	 -2.05043	 0.290514
94.7	 3.71769	 -0.20854	 -0.878527	 -0.286289	 -2.08527	 0.295782
94.72	 3.70589	 -0.213268	 -0.882788	 -0.279297	 -2.11741	 0.301023
94.74	 3.69283	 -0.217854	 -0.886486	 -0.271573	 -2.1468	 0.306239
94.76	 3.67851	 -0.222297	 -0.889594	 -0.263114	 -2.17342	 0.311431
94.78	 3.66292	 -0.226595	 -0.892084	 -0.253917	 -2.19724	 0.3166
94.8	 3.64608	 -0.230745	 -0.893931	 -0.243982	 -2.21823	 0.321745
94.82	 3.62797	 -0.234745	 -0.895109	 -0.233312	 -2.23637	 0.326866
94.84	 3.60861	 -0.238594	 -0.895594	 -0.221908	 -2.25165	 0.331963
94.86	 3.58799	 -0.242289	 -0.895362	 -0.209776	 -2.26404	 0.337035
94.88	 3.56612	 -0.245828	 -0.89439	 -0.19692	 -2.27355	 0.34208
94.9	 3.543	 -0.24921	 -0.892657	 -0.183349	 -2.28016	 0.347094
94.92	 3.51865	 -0.252431	 -0.89014	 -0.169071	 -2.28387	 0.352075
94.94	 3.49305	 -0.255491	 -0.886819	 -0.154097	 -2.2847	 0.357021
94.96	 3.46622	 -0.258388	 -0.882675	 -0.138439	 -2.28263	 0.361928
94.98	 3.43817	 -0.26112	 -0.877688	 -0.122109	 -2.27769	 0.366792
95	 3.40891	 -0.263686	 -0.871842	 -0.105122	 -2.26989	 0.371611
95.02	 3.37844	 -0.266084	 -0.865118	 -0.0874946	 -2.25924	 0.376378
95.04	 3.34677	 -0.268312	 -0.857502	 -0.0692437	 -2.24578	 0.38109
95.06	 3.31391	 -0.270371	 -0.848978	 -0.050388	 -2.22952	 0.385742
95.08	 3.27988	 -0.272257	 -0.839532	 -0.0309477	 -2.2105	 0.390327
95.1	 3.24468	 -0.273971	 -0.829152	 -0.0109446	 -2.18875	 0.394841
95.12	 3.20833	 -0.275511	 -0.817826	 0.00959823	 -2.1643	 0.399277
95.14	 3.17084	 -0.276877	 -0.805544	 0.0306557	 -2.13721	 0.403628
95.16	 3.13222	 -0.278067	 -0.792295	 0.0522015	 -2.1075	 0.407888
95.18	 3.09249	 -0.279081	 -0.778071	 0.0742076	 -2.07524	 0.412049
95.2	 3.05166	 -0.279918	 -0.762866	 0.0966446	 -2.04046	 0.416103
95.22	 3.00975	 -0.280577	 -0.746673	 0.119482	 -2.00323	 0.420043
95.24	 2.96677	 -0.281058	 -0.729488	 0.142688	 -1.96359	 0.42386
95.26	 2.92273	 -0.28136	 -0.711307	 0.166229	 -1.92162	 0.427545
95.28	 2.87766	 -0.281483	 -0.692129	 0.190071	 -1.87736	 0.431088
95.3	 2.83156	 -0.281425	 -0.671951	 0.214179	 -1.83088	 0.434479
95.32	 2.78447	 -0.281186	 -0.650775	 0.238517	 -1.78225	 0.437708
95.34	 2.73638	 -0.280766	 -0.628603	 0.263048	 -1.73155	 0.440763
95.36	 2.68733	 -0.280163	 -0.605438	 0.287735	 -1.67883	 0.443635
95.38	 2.63733	 -0.279376	 -0.581284	 0.312537	 -1.62418	 0.446309
95.4	 2.58639	 -0.278405	 -0.556148	 0.337417	 -1.56768	 0.448776
95.42	 2.53454	 -0.277249	 -0.530037	 0.362334	 -1.50939	 0.45102
95.44	 2.4818	 -0.275906	 -0.502961	 0.387246	 -1.44941	 0.45303
95.46	 2.42818	 -0.274376	 -0.474929	 0.412114	 -1.38782	 0.454791
95.48	 2.37371	 -0.272657	 -0.445954	 0.436895	 -1.3247	 0.45629
95.5	 2.31839	 -0.270747	 -0.416049	 0.461546	 -1.26014	 0.457511
95.52	 2.26226	 -0.268646	 -0.385229	 0.486026	 -1.19422	 0.45844
95.54	 2.20533	 -0.266352	 -0.353511	 0.51029	 -1.12705	 0.459062
95.56	 2.14763	 -0.263863	 -0.320913	 0.534295	 -1.0587	 0.459362
95.58	 2.08916	 -0.261178	 -0.287454	 0.557995	 -0.989277	 0.459323
95.6	 2.02996	 -0.258296	 -0.253156	 0.581347	 -0.918871	 0.458931
95.62	 1.97003	 -0.255215	 -0.218042	 0.604306	 -0.847579	 0.458169
95.64	 1.90941	 -0.251934	 -0.182135	 0.626826	 -0.775496	 0.457021
95.66	 1.84811	 -0.248451	 -0.145463	 0.648863	 -0.702722	 0.455472
95.68	 1.78614	 -0.244765	 -0.108051	 0.670371	 -0.629354	 0.453506
95.7	 1.72354	 -0.240875	 -0.0699309	 0.691304	 -0.555492	 0.451109
95.72	 1.66032	 -0.236783	 -0.031132	 0.7116	 -0.481231	 0.448264
95.74	 1.5965	 -0.232486	 0.00831282	 0.731215	 -0.406669	 0.444958
95.76	 1.5321	 -0.227985	 0.0483691	 0.750086	 -0.331896	 0.441176
95.78	 1.46715	 -0.223281	 0.0890005	 0.768171	 -0.257012	 0.436904
95.8	 1.40166	 -0.218375	 0.130169	 0.785411	 -0.182114	 0.43213
95.82	 1.33565	 -0.213268	 0.171834	 0.801754	 -0.107301	 0.426839
95.84	 1.26915	 -0.20796	 0.213954	 0.817166	 -0.0326621	 0.42102
95.86	 1.20219	 -0.202455	 0.256484	 0.831589	 0.0417059	 0.414662
95.88	 1.13478	 -0.196753	 0.299377	 0.844996	 0.115718	 0.407754
95.9	 1.06696	 -0.190859	 0.342586	 0.857321	 0.189281	 0.400285
95.92	 0.998759	 -0.184776	 0.386058	 0.868528	 0.262306	 0.392249
95.94	 0.930199	 -0.178508	 0.429739	 0.878563	 0.334697	 0.383636
95.96	 0.861318	 -0.172059	 0.473572	 0.88739	 0.406361	 0.37444
95.98	 0.79215	 -0.165434	 0.517498	 0.894971	 0.477198	 0.364657
96	 0.722735	 -0.158639	 0.561455	 0.901276	 0.547109	 0.354284
96.02	 0.653113	 -0.151679	 0.605378	 0.906272	 0.615992	 0.343319
96.04	 0.583326	 -0.144562	 0.649201	 0.909933	 0.683744	 0.331762
96.06	 0.51342	 -0.137294	 0.692853	 0.912231	 0.750255	 0.319619
96.08	 0.443442	 -0.129885	 0.736263	 0.913146	 0.815418	 0.306893
96.1	 0.373443	 -0.122341	 0.779359	 0.912658	 0.879119	 0.293591
96.12	 0.303472	 -0.114673	 0.822065	 0.910753	 0.941246	 0.279723
96.14	 0.233583	 -0.10689	 0.864304	 0.90742	 1.00168	 0.265302
96.16	 0.163829	 -0.0990011	 0.906001	 0.902654	 1.06032	 0.25034
96.18	 0.0942649	 -0.0910174	 0.947077	 0.896453	 1.11704	 0.234857
96.2	 0.0249444	 -0.0829501	 0.987455	 0.888816	 1.17173	 0.218874
96.22	 -0.0440786	 -0.0748107	 1.02706	 0.879751	 1.22428	 0.202412
96.24	 -0.112751	 -0.0666116	 1.06581	 0.869265	 1.2746	 0.185499
96.26	 -0.181021	 -0.058365	 1.10364	 0.857368	 1.32258	 0.168161
96.28	 -0.248837	 -0.050083	 1.14047	 0.844075	 1.36814	 0.150427
96.3	 -0.316149	 -0.0417776	 1.17623	 0.82941	 1.4112	 0.132323
96.32	 -0.382907	 -0.0334599	 1.21085	 0.813403	 1.45167	 0.113878
96.34	 -0.449064	 -0.0251409	 1.24427	 0.796093	 1.48949	 0.0951211
96.36	 -0.514569	 -0.0168318	 1.27641	 0.777521	 1.52457	 0.0760809
96.38	 -0.579375	 -0.00854413	 1.30721	 0.757728	 1.55687	 0.0567888
96.4	 -0.643434	 -0.000290052	 1.33661	 0.736752	 1.5863	 0.0372779
96.42	 -0.7067	 0.00791761	 1.36455	 0.714626	 1.6128	 0.017584
96.44	 -0.769126	 0.0160659	 1.39097	 0.691386	 1.63633	 -0.00225581
96.46	 -0.830669	 0.0241425	 1.41582	 0.667072	 1.65683	 -0.0222037
96.48	 -0.891287	 0.0321359	 1.43905	 0.641737	 1.67429	 -0.042223
96.5	 -0.950937	 0.0400357	 1.46062	 0.615439	 1.68866	 -0.0622772
96.52	 -1.00958	 0.047831	 1.48047	 0.588237	 1.69994	 -0.0823299
96.54	 -1.06717	 0.055511	 1.49856	 0.560192	 1.70811	 -0.102344
96.56	 -1.12368	 0.0630653	 1.51487	 0.53137	 1.71315	 -0.122283
96.58	 -1.17905	 0.0704836	 1.52935	 0.501834	 1.71506	 -0.142109
96.6	 -1.23326	 0.0777555	 1.54197	 0.47165	 1.71382	 -0.161782
96.62	 -1.28626	 0.0848705	 1.55271	 0.440881	 1.70942	 -0.181264
96.64	 -1.33802	 0.0918191	 1.56153	 0.409597	 1.70187	 -0.200514
96.66	 -1.38851	 0.098592	 1.56842	 0.377871	 1.69118	 -0.219494
96.68	 -1.43768	 0.105181	 1.57336	 0.345777	 1.67735	 -0.238164
96.7	 -1.4855	 0.111576	 1.57634	 0.313388	 1.66041	 -0.256487
96.72	 -1.53195	 0.117771	 1.57734	 0.280774	 1.64039	 -0.274425
96.74	 -1.577	 0.123755	 1.57637	 0.248006	 1.61732	 -0.291942
96.76	 -1.6206	 0.129522	 1.57342	 0.215156	 1.59124	 -0.308998
96.78	 -1.66274	 0.135064	 1.56849	 0.182302	 1.56219	 -0.325557
96.8	 -1.70338	 0.140375	 1.56158	 0.149521	 1.53025	 -0.341585
96.82	 -1.74251	 0.145449	 1.55271	 0.11689	 1.49546	 -0.357046
96.84	 -1.78009	 0.15028	 1.54189	 0.0844825	 1.45789	 -0.371909
96.86	 -1.81611	 0.154862	 1.52914	 0.0523711	 1.41761	 -0.386143
96.88	 -1.85053	 0.159191	 1.51448	 0.0206237	 1.3747	 -0.399718
96.9	 -1.88335	 0.163261	 1.49793	 -0.0106937	 1.32923	 -0.412603
96.92	 -1.91454	 0.167069	 1.47952	 -0.0415115	 1.28128	 -0.424772
96.94	 -1.94407	 0.170609	 1.45928	 -0.0717634	 1.23094	 -0.436199
96.96	 -1.97194	 0.173881	 1.43724	 -0.101385	 1.1783	 -0.446858
96.98	 -1.99813	 0.176879	 1.41346	 -0.130318	 1.12345	 -0.456728
97	 -2.02262	 0.179602	 1.38796	 -0.158506	 1.06651	 -0.465788
97.02	 -2.0454	 0.182048	 1.3608	 -0.185892	 1.00756	 -0.474017
97.04	 -2.06646	 0.184214	 1.33203	 -0.212422	 0.946738	 -0.481398
97.06	 -2.08579	 0.186102	 1.30169	 -0.23804	 0.88415	 -0.487916
97.08	 -2.10338	 0.18771	 1.26985	 -0.262696	 0.819919	 -0.493557
97.1	 -2.11922	 0.189039	 1.23656	 -0.286345	 0.754166	 -0.498311
97.12	 -2.13331	 0.190091	 1.20188	 -0.308944	 0.686993	 -0.502175
97.14	 -2.14566	 0.190871	 1.16584	 -0.33046	 0.618493	 -0.505145
97.16	 -2.15627	 0.191383	 1.12851	 -0.350858	 0.548754	 -0.507224
97.18	 -2.16514	 0.191631	 1.08993	 -0.370107	 0.477867	 -0.508414
97.2	 -2.17228	 0.191623	 1.05016	 -0.388181	 0.405926	 -0.508718
97.22	 -2.17769	 0.191362	 1.00925	 -0.405055	 0.33303	 -0.508141
97.24	 -2.18139	 0.190853	 0.967265	 -0.420713	 0.259285	 -0.506691
97.26	 -2.18339	 0.190102	 0.924269	 -0.435138	 0.184795	 -0.504374
97.28	 -2.18369	 0.189112	 0.880321	 -0.448315	 0.109654	 -0.501197
97.3	 -2.18232	 0.187887	 0.835476	 -0.460231	 0.0339474	 -0.497165
97.32	 -2.1793	 0.18643	 0.78979	 -0.470877	 -0.0422399	 -0.492288
97.34	 -2.17464	 0.184746	 0.743318	 -0.48025	 -0.118827	 -0.486577
97.36	 -2.16837	 0.182839	 0.696118	 -0.488349	 -0.195733	 -0.480047
97.38	 -2.16051	 0.180716	 0.648249	 -0.49518	 -0.272875	 -0.472713
97.4	 -2.15109	 0.178382	 0.599772	 -0.500752	 -0.350169	 -0.464595
97.42	 -2.14013	 0.175843	 0.550752	 -0.505078	 -0.427529	 -0.455712
97.44	 -2.12765	 0.173107	 0.501252	 -0.508172	 -0.504867	 -0.446085
97.46	 -2.11368	 0.170179	 0.451341	 -0.510055	 -0.582099	 -0.435737
97.48	 -2.09825	 0.167066	 0.401083	 -0.510749	 -0.659138	 -0.424693
97.5	 -2.08138	 0.163776	 0.350544	 -0.510281	 -0.735904	 -0.412978
97.52	 -2.0631	 0.160316	 0.29979	 -0.508679	 -0.812316	 -0.40062
97.54	 -2.04346	 0.156692	 0.248886	 -0.505973	 -0.888296	 -0.387646
97.56	 -2.02246	 0.152914	 0.197897	 -0.502196	 -0.963765	 -0.374086
97.58	 -2.00016	 0.148988	 0.146887	 -0.497383	 -1.03865	 -0.359971
97.6	 -1.97657	 0.144923	 0.095922	 -0.491575	 -1.11287	 -0.345333
97.62	 -1.95174	 0.140726	 0.0450654	 -0.484812	 -1.18636	 -0.330205
97.64	 -1.9257	 0.136407	 -0.00561871	 -0.477139	 -1.25905	 -0.314622
97.66	 -1.89847	 0.131973	 -0.0560669	 -0.4686	 -1.33087	 -0.298618
97.68	 -1.8701	 0.127433	 -0.106216	 -0.459243	 -1.40176	 -0.282227
97.7	 -1.84062	 0.122796	 -0.156006	 -0.449114	 -1.47166	 -0.265486
97.72	 -1.81007	 0.118069	 -0.205374	 -0.438263	 -1.54051	 -0.248431
97.74	 -1.77847	 0.113262	 -0.254261	 -0.426739	 -1.60825	 -0.231099
97.76	 -1.74587	 0.108383	 -0.302609	 -0.414595	 -1.67483	 -0.213526
97.78	 -1.7123	 0.103441	 -0.35036	 -0.401881	 -1.7402	 -0.195751
97.8	 -1.67781	 0.0984452	 -0.397459	 -0.38865	 -1.80431	 -0.177809
97.82	 -1.64241	 0.0934032	 -0.44385	 -0.374951	 -1.86711	 -0.159738
97.84	 -1.60616	 0.0883243	 -0.489481	 -0.360837	 -1.92856	 -0.141574
97.86	 -1.56909	 0.0832169	 -0.534301	 -0.34636	 -1.98862	 -0.123355
97.88	 -1.53123	 0.0780896	 -0.578258	 -0.331572	 -2.04724	 -0.105116
97.9	 -1.49262	 0.0729507	 -0.621305	 -0.316525	 -2.10441	 -0.0868958
97.92	 -1.4533	 0.0678085	 -0.663394	 -0.301271	 -2.16008	 -0.0687286
97.94	 -1.4133	 0.0626712	 -0.704482	 -0.285861	 -2.21422	 -0.0506504
97.96	 -1.37267	 0.0575469	 -0.744526	 -0.270343	 -2.26682	 -0.032696
97.98	 -1.33143	 0.0524433	 -0.783483	 -0.254768	 -2.31784	 -0.0148994
98	 -1.28963	 0.0473682	 -0.821316	 -0.239184	 -2.36727	 0.0027059
98.02	 -1.24729	 0.042329	 -0.857986	 -0.223637	 -2.41509	 0.0200874
98.04	 -1.20446	 0.037333	 -0.893459	 -0.208173	 -2.46129	 0.0372134
98.06	 -1.16117	 0.0323872	 -0.927703	 -0.192838	 -2.50584	 0.0540532
98.08	 -1.11745	 0.0274985	 -0.960685	 -0.177674	 -2.54875	 0.0705772
98.1	 -1.07334	 0.0226732	 -0.992378	 -0.162723	 -2.59001	 0.086757
98.12	 -1.02887	 0.0179177	 -1.02275	 -0.148023	 -2.62961	 0.102566
98.14	 -0.984075	 0.0132377	 -1.05179	 -0.133614	 -2.66755	 0.117977
98.16	 -0.938991	 0.00863533	 -1.07947	 -0.119532	 -2.70383	 0.132974
98.18	 -0.893647	 0.00410487	 -1.10577	 -0.105807	 -2.73848	 0.147556
98.2	 -0.848071	 -0.000360984	 -1.1307	 -0.09247	 -2.77151	 0.161722
98.22	 -0.802293	 -0.00477011	 -1.15423	 -0.0795449	 -2.80295	 0.175476
98.24	 -0.756342	 -0.00912933	 -1.17637	 -0.0670547	 -2.83283	 0.188818
98.26	 -0.710247	 -0.0134438	 -1.19712	 -0.0550206	 -2.86117	 0.201744
98.28	 -0.664036	 -0.0177173	 -1.21647	 -0.0434636	 -2.888	 0.214252
98.3	 -0.617739	 -0.0219525	 -1.23442	 -0.0324044	 -2.91334	 0.226336
98.32	 -0.571384	 -0.0261519	 -1.25097	 -0.0218631	 -2.93721	 0.237995
98.34	 -0.524998	 -0.0303178	 -1.26613	 -0.0118582	 -2.95964	 0.249227
98.36	 -0.47861	 -0.034453	 -1.27988	 -0.00240655	 -2.98066	 0.26003
98.38	 -0.432246	 -0.0385604	 -1.29224	 0.00647786	 -3.00029	 0.270406
98.4	 -0.385932	 -0.0426427	 -1.30322	 0.0147835	 -3.01857	 0.280355
98.42	 -0.339694	 -0.0467025	 -1.31283	 0.022501	 -3.03552	 0.289878
98.44	 -0.293558	 -0.0507421	 -1.32108	 0.0296233	 -3.05118	 0.298976
98.46	 -0.247548	 -0.0547635	 -1.32797	 0.0361447	 -3.06559	 0.30765
98.48	 -0.20169	 -0.058768	 -1.33353	 0.042061	 -3.07877	 0.3159
98.5	 -0.156008	 -0.0627568	 -1.33778	 0.0473695	 -3.09075	 0.32373
98.52	 -0.110525	 -0.0667308	 -1.34072	 0.0520691	 -3.10157	 0.331141
98.54	 -0.0652646	 -0.0706906	 -1.34239	 0.0561601	 -3.11126	 0.338136
98.56	 -0.0202498	 -0.0746366	 -1.34279	 0.0596448	 -3.11986	 0.344717
98.58	 0.0244971	 -0.0785692	 -1.34196	 0.062527	 -3.12739	 0.350889
98.6	 0.0689544	 -0.0824884	 -1.33992	 0.0648126	 -3.13389	 0.356655
98.62	 0.113101	 -0.0863944	 -1.33669	 0.0665089	 -3.1394	 0.36202
98.64	 0.156915	 -0.0902872	 -1.3323	 0.0676249	 -3.14394	 0.366988
98.66	 0.200377	 -0.0941667	 -1.32677	 0.0681713	 -3.14755	 0.371566
98.68	 0.243466	 -0.0980324	 -1.32015	 0.06816	 -3.15027	 0.375759
98.7	 0.286164	 -0.101884	 -1.31245	 0.0676045	 -3.15212	 0.379574
98.72	 0.328452	 -0.105721	 -1.30371	 0.0665195	 -3.15313	 0.383016
98.74	 0.37031	 -0.109542	 -1.29397	 0.0649211	 -3.15334	 0.386095
98.76	 0.411722	 -0.113346	 -1.28325	 0.0628266	 -3.15279	 0.388815
98.78	 0.452671	 -0.117132	 -1.2716	 0.0602543	 -3.15149	 0.391185
98.8	 0.493138	 -0.120899	 -1.25905	 0.0572241	 -3.14948	 0.393211
98.82	 0.533109	 -0.124644	 -1.24564	 0.0537564	 -3.1468	 0.394903
98.84	 0.572567	 -0.128365	 -1.23141	 0.049873	 -3.14346	 0.396266
98.86	 0.611497	 -0.13206	 -1.21639	 0.0455964	 -3.13951	 0.39731
98.88	 0.649886	 -0.135727	 -1.20063	 0.0409501	 -3.13497	 0.398041
98.9	 0.687718	 -0.139364	 -1.18418	 0.0359581	 -3.12987	 0.398467
98.92	 0.72498	 -0.142965	 -1.16707	 0.0306452	 -3.12424	 0.398595
98.94	 0.761651	 -0.146527	 -1.14935	 0.0250363	 -3.11813	 0.398429
98.96	 0.797716	 -0.150042	 -1.13108	 0.0191882	 -3.11157	 0.397976
98.98	 0.833159	 -0.153502	 -1.11232	 0.0131678	 -3.10462	 0.397248
99	 0.867969	 -0.156901	 -1.09313	 0.00703379	 -3.09732	 0.396255
99.02	 0.902135	 -0.160231	 -1.07357	 0.00084489	 -3.0897	 0.395008
99.04	 0.935649	 -0.163488	 -1.0537	 -0.00536942	 -3.08183	 0.393509
99.06	 0.968498	 -0.166666	 -1.0336	 -0.0115904	 -3.07374	 0.391761
99.08	 1.00068	 -0.169757	 -1.01333	 -0.0177917	 -3.06548	 0.389765
99.1	 1.03217	 -0.172756	 -0.992981	 -0.0239475	 -3.05712	 0.387521
99.12	 1.06296	 -0.175655	 -0.972615	 -0.0300323	 -3.0487	 0.385032
99.14	 1.09304	 -0.178448	 -0.952311	 -0.0360211	 -3.04029	 0.3823
99.16	 1.1224	 -0.181129	 -0.932141	 -0.0418897	 -3.03195	 0.379329
99.18	 1.15103	 -0.183691	 -0.912178	 -0.0476138	 -3.02372	 0.376122
99.2	 1.17891	 -0.186129	 -0.892493	 -0.0531692	 -3.01568	 0.372682
99.22	 1.20604	 -0.188435	 -0.873157	 -0.0585321	 -3.00786	 0.369012
99.24	 1.23241	 -0.190603	 -0.854242	 -0.0636789	 -3.00033	 0.365114
99.26	 1.258	 -0.192627	 -0.835815	 -0.0685867	 -2.99314	 0.360989
99.28	 1.28281	 -0.1945	 -0.817947	 -0.0732332	 -2.98634	 0.356639
99.3	 1.30682	 -0.196215	 -0.800705	 -0.0775967	 -2.97997	 0.352067
99.32	 1.33003	 -0.197766	 -0.784159	 -0.0816563	 -2.97409	 0.347274
99.34	 1.35243	 -0.199149	 -0.768374	 -0.0853915	 -2.96875	 0.342268
99.36	 1.37402	 -0.200358	 -0.753416	 -0.0887824	 -2.96399	 0.337051
99.38	 1.39477	 -0.201391	 -0.73935	 -0.0918094	 -2.95987	 0.33163
99.4	 1.41469	 -0.20224	 -0.726238	 -0.0944542	 -2.95642	 0.326005
99.42	 1.43376	 -0.2029	 -0.714139	 -0.0966994	 -2.9537	 0.32018
99.44	 1.45199	 -0.203367	 -0.703112	 -0.0985292	 -2.95173	 0.314156
99.46	 1.46936	 -0.203635	 -0.693213	 -0.0999287	 -2.95056	 0.307938
99.48	 1.48586	 -0.203701	 -0.684495	 -0.100884	 -2.95023	 0.301529
99.5	 1.5015	 -0.203562	 -0.677011	 -0.101382	 -2.95076	 0.294936
99.52	 1.51627	 -0.203214	 -0.67081	 -0.101412	 -2.95219	 0.288162
99.54	 1.53016	 -0.202656	 -0.66594	 -0.10096	 -2.95455	 0.281215
99.56	 1.54317	 -0.201886	 -0.662445	 -0.100018	 -2.95786	 0.2741
99.58	 1.55529	 -0.200902	 -0.660368	 -0.0985751	 -2.96214	 0.266824
99.6	 1.56653	 -0.199703	 -0.659746	 -0.0966244	 -2.96742	 0.259392
99.62	 1.57687	 -0.198288	 -0.660617	 -0.0941587	 -2.97372	 0.251812
99.64	 1.58632	 -0.196657	 -0.663012	 -0.0911727	 -2.98103	 0.24409
99.66	 1.59487	 -0.194809	 -0.666961	 -0.087662	 -2.98938	 0.236233
99.68	 1.60253	 -0.192747	 -0.672492	 -0.0836235	 -2.99877	 0.22825
99.7	 1.60929	 -0.190469	 -0.679626	 -0.079055	 -3.0092	 0.220148
99.72	 1.61515	 -0.187978	 -0.688384	 -0.0739558	 -3.02068	 0.211934
99.74	 1.6201	 -0.185274	 -0.698782	 -0.0683259	 -3.03318	 0.203616
99.76	 1.62416	 -0.182361	 -0.710834	 -0.062167	 -3.04672	 0.195202
99.78	 1.62733	 -0.17924	 -0.72455	 -0.0554817	 -3.06127	 0.186701
99.8	 1.62959	 -0.175914	 -0.739936	 -0.0482742	 -3.07682	 0.17812
99.82	 1.63096	 -0.172386	 -0.756995	 -0.04055	 -3.09336	 0.169466
99.84	 1.63143	 -0.168659	 -0.775727	 -0.0323159	 -3.11086	 0.160749
99.86	 1.63101	 -0.164737	 -0.796129	 -0.02358	 -3.1293	 0.151976
99.88	 1.6297	 -0.160624	 -0.818194	 -0.014352	 -3.14865	 0.143156
99.9	 1.62751	 -0.156325	 -0.841912	 -0.00464259	 -3.16888	 0.134296
99.92	 1.62443	 -0.151844	 -0.86727	 0.00553598	 -3.18996	 0.125406
99.94	 1.62048	 -0.147185	 -0.894251	 0.0161703	 -3.21185	 0.116492
99.96	 1.61565	 -0.142356	 -0.922836	 0.0272458	 -3.23452	 0.107564
99.98	 1.60996	 -0.13736	 -0.953003	 0.0387465	 -3.25792	 0.098628
100	 1.6034	 -0.132204	 -0.984724	 0.0506555	 -3.28201	 0.0896931
100.02	 1.59599	 -0.126893	 -1.01797	 0.0629546	 -3.30676	 0.0807664
100.04	 1.58772	 -0.121434	 -1.05272	 0.0756245	 -3.3321	 0.0718553
100.06	 1.57862	 -0.115834	 -1.08892	 0.0886451	 -3.35799	 0.062967
100.08	 1.56867	 -0.110098	 -1.12655	 0.101995	 -3.38438	 0.0541082
100.1	 1.55789	 -0.104233	 -1.16557	 0.115652	 -3.41122	 0.0452851
100.12	 1.5463	 -0.0982415	 -1.20593	 0.129593	 -3.43846	 0.0364959
100.14	 1.53389	 -0.0921247	 -1.2476	 0.143791	 -3.46605	 0.0277349
100.16	 1.52067	 -0.085883	 -1.29053	 0.158221	 -3.49394	 0.0189959
100.18	 1.50666	 -0.0795172	 -1.33468	 0.172853	 -3.52208	 0.0102731
100.2	 1.49186	 -0.0730288	 -1.37999	 0.187659	 -3.55043	 0.00156236
100.22	 1.47628	 -0.0664208	 -1.42644	 0.202608	 -3.57892	 -0.00713898
100.24	 1.45993	 -0.0596966	 -1.47395	 0.217673	 -3.6075	 -0.0158327
100.26	 1.44282	 -0.0528672	 -1.52248	 0.232825	 -3.63612	 -0.0245071
100.28	 1.42496	 -0.0459465	 -1.57198	 0.248038	 -3.66474	 -0.0331449
100.3	 1.40637	 -0.03895	 -1.62239	 0.263288	 -3.69331	 -0.0417279
100.32	 1.38705	 -0.0318929	 -1.67368	 0.27855	 -3.72178	 -0.0502393
100.34	 1.36701	 -0.0247896	 -1.72578	 0.2938	 -3.75012	 -0.0586644
100.36	 1.34627	 -0.0176533	 -1.77863	 0.309014	 -3.77827	 -0.0669905
100.38	 1.32483	 -0.0104967	 -1.83219	 0.324163	 -3.80619	 -0.075206
100.4	 1.30271	 -0.00333189	 -1.88638	 0.339221	 -3.83382	 -0.0832992
100.42	 1.27993	 0.00382851	 -1.94116	 0.354158	 -3.86111	 -0.0912578
100.44	 1.25649	 0.0109805	 -1.99646	 0.368945	 -3.88802	 -0.0990869
100.46	 1.23242	 0.01812	 -2.05223	 0.383552	 -3.91452	 -0.106791
100.48	 1.20772	 0.0252439	 -2.10842	 0.397948	 -3.94059	 -0.114377
100.5	 1.18243	 0.032348	 -2.16498	 0.4121	 -3.96619	 -0.121848
100.52	 1.15654	 0.0394275	 -2.22186	 0.425979	 -3.9913	 -0.129207
100.54	 1.13009	 0.0464786	 -2.27899	 0.439555	 -4.01588	 -0.136459
100.56	 1.10309	 0.0534944	 -2.33632	 0.452798	 -4.03989	 -0.143604
100.58	 1.07556	 0.0604691	 -2.3938	 0.465681	 -4.0633	 -0.150644
100.6	 1.0475	 0.0673955	 -2.45137	 0.478176	 -4.08607	 -0.157578
100.62	 1.01895	 0.0742672	 -2.50895	 0.490258	 -4.10816	 -0.164409
100.64	 0.989909	 0.0810787	 -2.5665	 0.501899	 -4.12955	 -0.171138
100.66	 0.960406	 0.0878249	 -2.62396	 0.513072	 -4.15018	 -0.177771
100.68	 0.930456	 0.094501	 -2.68126	 0.523751	 -4.17002	 -0.184309
100.7	 0.900076	 0.101102	 -2.73836	 0.533907	 -4.18905	 -0.190755
100.72	 0.869285	 0.107627	 -2.79518	 0.543549	 -4.20721	 -0.19711
100.74	 0.838099	 0.114081	 -2.85167	 0.55272	 -4.22447	 -0.203369
100.76	 0.806536	 0.120468	 -2.90778	 0.561443	 -4.2408	 -0.209531
100.78	 0.77461	 0.126793	 -2.96346	 0.56974	 -4.25614	 -0.215598
100.8	 0.74233	 0.133067	 -3.01866	 0.577633	 -4.2705	 -0.221579
100.82	 0.709702	 0.139296	 -3.07335	 0.585146	 -4.28387	 -0.227487
100.84	 0.676733	 0.145485	 -3.1275	 0.592255	 -4.29625	 -0.233335
100.86	 0.64343	 0.151635	 -3.18107	 0.598951	 -4.30763	 -0.239133
100.88	 0.609801	 0.157747	 -3.23402	 0.60523	 -4.31801	 -0.24489
100.9	 0.575853	 0.163819	 -3.28633	 0.611086	 -4.32739	 -0.250611
100.92	 0.541591	 0.169848	 -3.33796	 0.616516	 -4.33578	 -0.256297
100.94	 0.507026	 0.175831	 -3.38888	 0.621518	 -4.34321	 -0.261941
100.96	 0.472162	 0.181765	 -3.43908	 0.626082	 -4.34969	 -0.267549
100.98	 0.437008	 0.18765	 -3.48853	 0.630205	 -4.35526	 -0.273119
101	 0.401571	 0.193487	 -3.53721	 0.633883	 -4.35993	 -0.278665
101.02	 0.365855	 0.199275	 -3.58509	 0.637111	 -4.36371	 -0.284192
101.04	 0.329864	 0.205015	 -3.63214	 0.639882	 -4.36661	 -0.289709
101.06	 0.293602	 0.210706	 -3.67834	 0.642191	 -4.36864	 -0.295217
101.08	 0.257074	 0.216347	 -3.72366	 0.644033	 -4.3698	 -0.30072
101.1	 0.220286	 0.221936	 -3.76808	 0.645403	 -4.3701	 -0.30622
101.12	 0.183244	 0.227472	 -3.81158	 0.646295	 -4.36954	 -0.311719
101.14	 0.145956	 0.232955	 -3.85412	 0.646708	 -4.36813	 -0.317222
101.16	 0.10843	 0.238384	 -3.8957	 0.646636	 -4.3659	 -0.322731
101.18	 0.0706714	 0.243757	 -3.93628	 0.646078	 -4.36284	 -0.328249
101.2	 0.032689	 0.249071	 -3.97586	 0.644994	 -4.35896	 -0.333779
101.22	 -0.0055103	 0.254326	 -4.0144	 0.643413	 -4.35426	 -0.339319
101.24	 -0.0439199	 0.259521	 -4.05189	 0.641347	 -4.34875	 -0.344846
101.26	 -0.0825338	 0.264662	 -4.0883	 0.638857	 -4.34239	 -0.350339
101.28	 -0.121345	 0.269747	 -4.12363	 0.635946	 -4.33519	 -0.355778
101.3	 -0.160348	 0.274778	 -4.15785	 0.632638	 -4.32711	 -0.361143
101.32	 -0.199533	 0.279755	 -4.19094	 0.628936	 -4.31816	 -0.366422
101.34	 -0.238894	 0.28468	 -4.22289	 0.624863	 -4.30831	 -0.371602
101.36	 -0.278423	 0.28955	 -4.25369	 0.620406	 -4.29756	 -0.376688
101.38	 -0.318112	 0.294367	 -4.28331	 0.615583	 -4.28587	 -0.381683
101.4	 -0.357953	 0.299131	 -4.31174	 0.610403	 -4.27324	 -0.386591
101.42	 -0.397939	 0.303841	 -4.33898	 0.604878	 -4.25964	 -0.391414
101.44	 -0.43806	 0.308498	 -4.36501	 0.599013	 -4.24507	 -0.396153
101.46	 -0.478308	 0.313101	 -4.38981	 0.592814	 -4.22949	 -0.400805
101.48	 -0.518674	 0.31765	 -4.41339	 0.586288	 -4.21289	 -0.405368
101.5	 -0.559147	 0.322145	 -4.43571	 0.579437	 -4.19527	 -0.409841
101.52	 -0.599718	 0.326586	 -4.45679	 0.57226	 -4.1766	 -0.414222
101.54	 -0.640378	 0.330972	 -4.47661	 0.564765	 -4.15686	 -0.41851
101.56	 -0.681116	 0.335304	 -4.49517	 0.556958	 -4.13606	 -0.422706
101.58	 -0.721921	 0.339582	 -4.51245	 0.54885	 -4.11416	 -0.426808
101.6	 -0.762782	 0.343805	 -4.52846	 0.540446	 -4.09116	 -0.430816
101.62	 -0.803689	 0.347974	 -4.54319	 0.531751	 -4.06704	 -0.43473
101.64	 -0.844629	 0.352088	 -4.55664	 0.522773	 -4.04179	 -0.438548
101.66	 -0.885592	 0.356147	 -4.5688	 0.513517	 -4.01539	 -0.442271
101.68	 -0.926563	 0.360149	 -4.57968	 0.503972	 -3.98784	 -0.445904
101.7	 -0.967531	 0.364094	 -4.58927	 0.494148	 -3.95912	 -0.449446
101.72	 -1.00848	 0.367983	 -4.59758	 0.484057	 -3.92922	 -0.452897
101.74	 -1.0494	 0.371818	 -4.60461	 0.473736	 -3.89813	 -0.456249
101.76	 -1.09028	 0.375599	 -4.61036	 0.463195	 -3.86584	 -0.459498
101.78	 -1.1311	 0.379323	 -4.61483	 0.452425	 -3.83233	 -0.462644
101.8	 -1.17185	 0.382992	 -4.61804	 0.441431	 -3.79761	 -0.465687
101.82	 -1.21251	 0.386604	 -4.61998	 0.430216	 -3.76166	 -0.46863
101.84	 -1.25307	 0.390161	 -4.62066	 0.418802	 -3.72447	 -0.471471
101.86	 -1.29351	 0.393661	 -4.6201	 0.407196	 -3.68603	 -0.474211
101.88	 -1.33383	 0.397105	 -4.61829	 0.395414	 -3.64634	 -0.476846
101.9	 -1.37399	 0.400493	 -4.61525	 0.383462	 -3.60539	 -0.479377
101.92	 -1.41399	 0.403823	 -4.611	 0.37135	 -3.56317	 -0.481799
101.94	 -1.45381	 0.407095	 -4.60553	 0.359088	 -3.51968	 -0.484113
101.96	 -1.49343	 0.41031	 -4.59887	 0.346688	 -3.47492	 -0.486317
101.98	 -1.53283	 0.413468	 -4.59103	 0.334162	 -3.42888	 -0.488408
102	 -1.572	 0.416567	 -4.58202	 0.32152	 -3.38155	 -0.490386
102.02	 -1.61092	 0.419607	 -4.57186	 0.308773	 -3.33294	 -0.492249
102.04	 -1.64957	 0.422588	 -4.56057	 0.295933	 -3.28304	 -0.493995
102.06	 -1.68793	 0.425509	 -4.54816	 0.283013	 -3.23186	 -0.495623
102.08	 -1.72599	 0.428369	 -4.53464	 0.270023	 -3.17939	 -0.49713
102.1	 -1.76372	 0.431168	 -4.52005	 0.256975	 -3.12564	 -0.498514
102.12	 -1.80111	 0.433906	 -4.5044	 0.243882	 -3.07061	 -0.499773
102.14	 -1.83813	 0.436581	 -4.4877	 0.230754	 -3.0143	 -0.500904
102.16	 -1.87477	 0.439193	 -4.46999	 0.217604	 -2.95673	 -0.501906
102.18	 -1.911	 0.441741	 -4.45128	 0.204442	 -2.8979	 -0.502775
102.2	 -1.94681	 0.444223	 -4.4316	 0.191281	 -2.83781	 -0.503509
102.22	 -1.98218	 0.44664	 -4.41097	 0.178131	 -2.77648	 -0.504106
102.24	 -2.01708	 0.44899	 -4.38942	 0.165005	 -2.71392	 -0.504563
102.26	 -2.0515	 0.451273	 -4.36696	 0.151912	 -2.65015	 -0.504877
102.28	 -2.08542	 0.453486	 -4.34363	 0.138864	 -2.58518	 -0.505046
102.3	 -2.11881	 0.455629	 -4.31946	 0.125872	 -2.51902	 -0.505066
102.32	 -2.15165	 0.457701	 -4.29447	 0.112946	 -2.4517	 -0.504934
102.34	 -2.18393	 0.459701	 -4.26868	 0.100096	 -2.38324	 -0.504648
102.36	 -2.21562	 0.461627	 -4.24213	 0.0873325	 -2.31366	 -0.504205
102.38	 -2.2467	 0.463479	 -4.21485	 0.074665	 -2.24299	 -0.503601
102.4	 -2.27716	 0.465255	 -4.18686	 0.0621031	 -2.17126	 -0.502834
102.42	 -2.30697	 0.466954	 -4.1582	 0.049656	 -2.09849	 -0.501902
102.44	 -2.33611	 0.468575	 -4.12889	 0.0373329	 -2.02473	 -0.500799
102.46	 -2.36456	 0.470117	 -4.09897	 0.0251424	 -1.95	 -0.499525
102.48	 -2.39231	 0.471579	 -4.06847	 0.0130931	 -1.87434	 -0.498077
102.5	 -2.41932	 0.47296	 -4.03742	 0.00119328	 -1.79779	 -0.49645
102.52	 -2.44559	 0.474258	 -4.00586	 -0.0105488	 -1.72039	 -0.494644
102.54	 -2.47109	 0.475473	 -3.9738	 -0.0221253	 -1.64219	 -0.492654
102.56	 -2.49581	 0.476604	 -3.9413	 -0.0335281	 -1.56323	 -0.49048
102.58	 -2.51972	 0.477649	 -3.90838	 -0.0447497	 -1.48355	 -0.488119
102.6	 -2.5428	 0.47861	 -3.87507	 -0.0557821	 -1.40322	 -0.485568
102.62	 -2.56505	 0.479483	 -3.84141	 -0.0666176	 -1.32226	 -0.482826
102.64	 -2.58643	 0.480271	 -3.80743	 -0.0772486	 -1.24074	 -0.479892
102.66	 -2.60694	 0.480971	 -3.77316	 -0.0876672	 -1.15871	 -0.476764
102.68	 -2.62655	 0.481584	 -3.73865	 -0.0978659	 -1.07622	 -0.473442
102.7	 -2.64525	 0.48211	 -3.70391	 -0.107837	 -0.993329	 -0.469924
102.72	 -2.66303	 0.482548	 -3.66899	 -0.117574	 -0.910081	 -0.466211
102.74	 -2.67986	 0.4829	 -3.63391	 -0.127069	 -0.826536	 -0.462302
102.76	 -2.69574	 0.483166	 -3.59872	 -0.136315	 -0.742748	 -0.458198
102.78	 -2.71064	 0.483346	 -3.56344	 -0.145306	 -0.658775	 -0.4539
102.8	 -2.72456	 0.48344	 -3.5281	 -0.154037	 -0.574671	 -0.449407
102.82	 -2.73749	 0.483451	 -3.49274	 -0.162502	 -0.490494	 -0.444723
102.84	 -2.7494	 0.48338	 -3.4574	 -0.170695	 -0.4063	 -0.439847
102.86	 -2.76029	 0.483226	 -3.42209	 -0.178613	 -0.322148	 -0.434783
102.88	 -2.77014	 0.482993	 -3.38686	 -0.186251	 -0.238094	 -0.429533
102.9	 -2.77895	 0.482682	 -3.35173	 -0.193605	 -0.154197	 -0.4241
102.92	 -2.78671	 0.482295	 -3.31673	 -0.200672	 -0.0705142	 -0.418487
102.94	 -2.7934	 0.481834	 -3.2819	 -0.207448	 0.0128962	 -0.412698
102.96	 -2.79902	 0.481302	 -3.24726	 -0.213933	 0.0959765	 -0.406738
102.98	 -2.80356	 0.480702	 -3.21283	 -0.220122	 0.178669	 -0.400611
103	 -2.807	 0.480036	 -3.17866	 -0.226014	 0.260918	 -0.394322
103.02	 -2.80936	 0.479307	 -3.14476	 -0.231608	 0.342665	 -0.387878
103.04	 -2.81061	 0.47852	 -3.11117	 -0.236902	 0.423854	 -0.381284
103.06	 -2.81076	 0.477678	 -3.0779	 -0.241897	 0.504431	 -0.374548
103.08	 -2.8098	 0.476785	 -3.04498	 -0.246591	 0.584341	 -0.367676
103.1	 -2.80772	 0.475844	 -3.01244	 -0.250985	 0.66353	 -0.360677
103.12	 -2.80453	 0.474861	 -2.98029	 -0.255079	 0.741944	 -0.353558
103.14	 -2.80021	 0.47384	 -2.94857	 -0.258875	 0.819533	 -0.346328
103.16	 -2.79478	 0.472786	 -2.91728	 -0.262374	 0.896244	 -0.338997
103.18	 -2.78823	 0.471703	 -2.88646	 -0.265582	 0.97203	 -0.331573
103.2	 -2.78055	 0.470597	 -2.85612	 -0.268501	 1.04684	 -0.324067
103.22	 -2.77176	 0.469472	 -2.82627	 -0.271135	 1.12063	 -0.316488
103.24	 -2.76185	 0.468334	 -2.79693	 -0.273486	 1.19336	 -0.308847
103.26	 -2.75082	 0.467189	 -2.76813	 -0.275559	 1.26497	 -0.301155
103.28	 -2.73868	 0.466042	 -2.73987	 -0.277358	 1.33544	 -0.293423
103.3	 -2.72543	 0.4649	 -2.71216	 -0.278888	 1.4047	 -0.285663
103.32	 -2.71108	 0.463768	 -2.68502	 -0.280153	 1.47274	 -0.277885
103.34	 -2.69563	 0.462651	 -2.65846	 -0.28116	 1.53951	 -0.270102
103.36	 -2.67909	 0.461557	 -2.63248	 -0.281915	 1.60497	 -0.262324
103.38	 -2.66146	 0.460489	 -2.6071	 -0.282424	 1.6691	 -0.254564
103.4	 -2.64275	 0.459455	 -2.58232	 -0.282694	 1.73186	 -0.246833
103.42	 -2.62297	 0.45846	 -2.55815	 -0.282732	 1.79322	 -0.239143
103.44	 -2.60213	 0.45751	 -2.53459	 -0.282545	 1.85316	 -0.231506
103.46	 -2.58024	 0.45661	 -2.51164	 -0.282142	 1.91165	 -0.223935
103.48	 -2.55731	 0.455767	 -2.4893	 -0.281531	 1.96867	 -0.216441
103.5	 -2.53335	 0.454986	 -2.46758	 -0.280721	 2.0242	 -0.209035
103.52	 -2.50837	 0.454273	 -2.44646	 -0.279721	 2.07822	 -0.201729
103.54	 -2.48238	 0.453632	 -2.42596	 -0.278541	 2.13072	 -0.194534
103.56	 -2.4554	 0.453068	 -2.40605	 -0.277188	 2.18168	 -0.187461
103.58	 -2.42744	 0.452586	 -2.38675	 -0.275672	 2.2311	 -0.180519
103.6	 -2.3985	 0.452192	 -2.36803	 -0.274001	 2.27896	 -0.17372
103.62	 -2.36862	 0.451889	 -2.3499	 -0.272182	 2.32526	 -0.167072
103.64	 -2.3378	 0.451682	 -2.33233	 -0.270223	 2.37	 -0.160585
103.66	 -2.30605	 0.451574	 -2.31533	 -0.268131	 2.41317	 -0.154266
103.68	 -2.27339	 0.45157	 -2.29887	 -0.265912	 2.45478	 -0.148125
103.7	 -2.23985	 0.451673	 -2.28295	 -0.263574	 2.49482	 -0.142168
103.72	 -2.20543	 0.451885	 -2.26754	 -0.261122	 2.53331	 -0.136401
103.74	 -2.17015	 0.452211	 -2.25264	 -0.258563	 2.57025	 -0.130832
103.76	 -2.13404	 0.452651	 -2.23821	 -0.255903	 2.60566	 -0.125464
103.78	 -2.0971	 0.453207	 -2.22426	 -0.253148	 2.63954	 -0.120302
103.8	 -2.05936	 0.453881	 -2.21075	 -0.250306	 2.67191	 -0.11535
103.82	 -2.02084	 0.454674	 -2.19766	 -0.247382	 2.70278	 -0.11061
103.84	 -1.98156	 0.455585	 -2.18497	 -0.244382	 2.73217	 -0.106085
103.86	 -1.94153	 0.456616	 -2.17267	 -0.241312	 2.76011	 -0.101776
103.88	 -1.90078	 0.457764	 -2.16072	 -0.238176	 2.78661	 -0.0976827
103.9	 -1.85932	 0.45903	 -2.14911	 -0.23498	 2.8117	 -0.0938045
103.92	 -1.81718	 0.460412	 -2.1378	 -0.231728	 2.8354	 -0.0901401
103.94	 -1.77438	 0.461908	 -2.12677	 -0.228423	 2.85775	 -0.0866872
103.96	 -1.73094	 0.463516	 -2.116	 -0.225068	 2.87875	 -0.0834423
103.98	 -1.68689	 0.465233	 -2.10546	 -0.221668	 2.89846	 -0.0804015
104	 -1.64223	 0.467056	 -2.09511	 -0.218223	 2.91689	 -0.0775595
104.02	 -1.59701	 0.468982	 -2.08494	 -0.214738	 2.93408	 -0.0749106
104.04	 -1.55123	 0.471005	 -2.07491	 -0.211214	 2.95007	 -0.072448
104.06	 -1.50493	 0.473122	 -2.06499	 -0.207654	 2.96488	 -0.0701642
104.08	 -1.45812	 0.475328	 -2.05515	 -0.204059	 2.97855	 -0.0680507
104.1	 -1.41082	 0.477617	 -2.04536	 -0.200432	 2.99113	 -0.0660986
104.12	 -1.36307	 0.479982	 -2.0356	 -0.196774	 3.00264	 -0.064298
104.14	 -1.31489	 0.482419	 -2.02582	 -0.193086	 3.01312	 -0.0626382
104.16	 -1.26629	 0.484919	 -2.01601	 -0.189371	 3.02262	 -0.061108
104.18	 -1.2173	 0.487477	 -2.00612	 -0.185629	 3.03117	 -0.0596952
104.2	 -1.16795	 0.490083	 -1.99614	 -0.18186	 3.03882	 -0.0583871
104.22	 -1.11826	 0.492732	 -1.98601	 -0.178068	 3.04559	 -0.0571705
104.24	 -1.06825	 0.495413	 -1.97572	 -0.174251	 3.05155	 -0.0560313
104.26	 -1.01795	 0.498119	 -1.96524	 -0.170412	 3.05671	 -0.054955
104.28	 -0.967375	 0.50084	 -1.95453	 -0.166551	 3.06114	 -0.0539263
104.3	 -0.916556	 0.503568	 -1.94356	 -0.162669	 3.06486	 -0.0529297
104.32	 -0.865515	 0.506292	 -1.93229	 -0.158768	 3.06792	 -0.0519489
104.34	 -0.814274	 0.509003	 -1.92071	 -0.154847	 3.07037	 -0.0509673
104.36	 -0.762858	 0.51169	 -1.90878	 -0.15091	 3.07223	 -0.0499678
104.38	 -0.711289	 0.514343	 -1.89647	 -0.146956	 3.07356	 -0.048933
104.4	 -0.65959	 0.516951	 -1.88375	 -0.142987	 3.07439	 -0.0478453
104.42	 -0.607785	 0.519503	 -1.87059	 -0.139004	 3.07476	 -0.0466864
104.44	 -0.55589	 0.521988	 -1.85697	 -0.135037	 3.07471	 -0.0454465
104.46	 -0.503907	 0.524396	 -1.84287	 -0.131091	 3.07425	 -0.044113
104.48	 -0.45183	 0.526716	 -1.82828	 -0.127167	 3.07341	 -0.0426695
104.5	 -0.39965	 0.528936	 -1.81319	 -0.123271	 3.07221	 -0.0410972
104.52	 -0.347361	 0.531043	 -1.7976	 -0.11941	 3.07067	 -0.0393768
104.54	 -0.294957	 0.533024	 -1.78149	 -0.11559	 3.06884	 -0.037489
104.56	 -0.242437	 0.534867	 -1.76486	 -0.111818	 3.06673	 -0.0354154
104.58	 -0.189803	 0.536559	 -1.7477	 -0.108103	 3.06438	 -0.0331386
104.6	 -0.137055	 0.538089	 -1.72999	 -0.104452	 3.06182	 -0.030642
104.62	 -0.0841951	 0.539444	 -1.71172	 -0.100874	 3.05908	 -0.0279093
104.64	 -0.0312235	 0.540612	 -1.69288	 -0.0973776	 3.05616	 -0.0249246
104.66	 0.0218605	 0.541582	 -1.67346	 -0.0939742	 3.05311	 -0.0216715
104.68	 0.0750581	 0.542339	 -1.65347	 -0.0906746	 3.04993	 -0.0181335
104.7	 0.128371	 0.542873	 -1.63288	 -0.0874901	 3.04665	 -0.0142953
104.72	 0.181801	 0.543171	 -1.61169	 -0.0844328	 3.04329	 -0.0101417
104.74	 0.235345	 0.543217	 -1.58992	 -0.0815146	 3.03987	 -0.00565274
104.76	 0.289006	 0.543	 -1.56755	 -0.0787481	 3.0364	 -0.000814251
104.78	 0.342777	 0.542503	 -1.54459	 -0.0761458	 3.03287	 0.00439512
104.8	 0.396657	 0.541714	 -1.52105	 -0.0737214	 3.0293	 0.00998782
104.82	 0.450642	 0.54062	 -1.49694	 -0.0714889	 3.02568	 0.0159801
104.84	 0.504728	 0.539207	 -1.47226	 -0.0694639	 3.02202	 0.0223835
104.86	 0.558912	 0.537464	 -1.44702	 -0.0676625	 3.01831	 0.0292114
104.88	 0.613182	 0.535379	 -1.42125	 -0.0661016	 3.01453	 0.0364716
104.9	 0.66753	 0.532943	 -1.39495	 -0.0648003	 3.01066	 0.044174
104.92	 0.721938	 0.530147	 -1.36817	 -0.0637666	 3.00665	 0.0523228
104.94	 0.776392	 0.526983	 -1.34093	 -0.0630336	 3.00244	 0.0609207
104.96	 0.830872	 0.523444	 -1.31329	 -0.0626182	 2.99796	 0.0699675
104.98	 0.88536	 0.519523	 -1.28526	 -0.0625458	 2.99317	 0.0794628
105	 0.939836	 0.515213	 -1.25691	 -0.0628336	 2.98799	 0.0894069
105.02	 0.994279	 0.510507	 -1.22826	 -0.0635026	 2.98238	 0.0997998
105.04	 1.04867	 0.505398	 -1.19935	 -0.0645749	 2.97627	 0.11064
105.06	 1.10299	 0.49988	 -1.17022	 -0.0660726	 2.96961	 0.121925
105.08	 1.1572	 0.493949	 -1.14091	 -0.06802	 2.96234	 0.133649
105.1	 1.2113	 0.4876	 -1.11146	 -0.0704377	 2.95438	 0.145802
105.12	 1.26526	 0.480831	 -1.08192	 -0.0733485	 2.94566	 0.158374
105.14	 1.31905	 0.473639	 -1.05234	 -0.0767758	 2.93612	 0.171354
105.16	 1.37266	 0.466026	 -1.02276	 -0.0807434	 2.92568	 0.184727
105.18	 1.42605	 0.45799	 -0.993243	 -0.0852752	 2.91425	 0.198477
105.2	 1.47921	 0.449533	 -0.963831	 -0.0903938	 2.90177	 0.212586
105.22	 1.53212	 0.440656	 -0.93458	 -0.0961216	 2.88814	 0.227037
105.24	 1.58475	 0.431361	 -0.905539	 -0.10248	 2.87331	 0.241807
105.26	 1.63708	 0.421654	 -0.876759	 -0.109492	 2.8572	 0.256874
105.28	 1.68909	 0.411538	 -0.848288	 -0.117177	 2.83974	 0.272212
105.3	 1.74077	 0.40102	 -0.820175	 -0.125555	 2.82086	 0.287793
105.32	 1.79208	 0.390109	 -0.792466	 -0.134647	 2.80049	 0.303585
105.34	 1.84302	 0.378813	 -0.765206	 -0.14447	 2.77859	 0.319558
105.36	 1.89355	 0.367142	 -0.738441	 -0.155042	 2.75508	 0.335679
105.38	 1.94366	 0.355105	 -0.712215	 -0.16638	 2.72991	 0.351916
105.4	 1.99334	 0.342712	 -0.686573	 -0.178495	 2.70303	 0.368236
105.42	 2.04256	 0.329975	 -0.661557	 -0.191398	 2.67438	 0.384605
105.44	 2.09129	 0.316906	 -0.637209	 -0.205099	 2.64391	 0.400988
105.46	 2.13954	 0.303517	 -0.613568	 -0.219604	 2.61159	 0.417347
105.48	 2.18727	 0.289823	 -0.590671	 -0.234917	 2.57736	 0.433645
105.5	 2.23447	 0.27584	 -0.568553	 -0.251039	 2.54121	 0.449842
105.52	 2.28111	 0.261584	 -0.547246	 -0.267969	 2.50309	 0.465899
105.54	 2.3272	 0.247072	 -0.526784	 -0.285704	 2.46299	 0.481775
105.56	 2.3727	 0.232323	 -0.507194	 -0.304235	 2.42087	 0.49743
105.58	 2.4176	 0.217355	 -0.488505	 -0.323554	 2.37673	 0.512825
105.6	 2.46189	 0.202188	 -0.470744	 -0.343646	 2.33055	 0.527918
105.62	 2.50554	 0.186841	 -0.453934	 -0.364494	 2.28232	 0.542669
105.64	 2.54855	 0.171337	 -0.438097	 -0.386076	 2.23204	 0.557038
105.66	 2.5909	 0.155696	 -0.423254	 -0.40837	 2.17969	 0.570985
105.68	 2.63258	 0.139939	 -0.409423	 -0.431347	 2.1253	 0.584472
105.7	 2.67356	 0.12409	 -0.396618	 -0.454975	 2.06887	 0.597461
105.72	 2.71384	 0.10817	 -0.384853	 -0.479221	 2.01041	 0.609916
105.74	 2.7534	 0.092202	 -0.374138	 -0.504045	 1.94995	 0.621802
105.76	 2.79222	 0.0762093	 -0.364483	 -0.529405	 1.88751	 0.633084
105.78	 2.83031	 0.060215	 -0.355892	 -0.555257	 1.82312	 0.643731
105.8	 2.86763	 0.0442427	 -0.348369	 -0.581551	 1.75681	 0.653709
105.82	 2.90418	 0.0283159	 -0.341915	 -0.608236	 1.68863	 0.662991
105.84	 2.93995	 0.0124582	 -0.336529	 -0.635257	 1.61862	 0.671547
105.86	 2.97492	 -0.00331115	 -0.332212	 -0.662555	 1.54682	 0.679361
105.88	 3.00908	 -0.0189739	 -0.328963	 -0.690066	 1.47328	 0.686418
105.9	 3.04242	 -0.0345123	 -0.326778	 -0.717724	 1.39804	 0.692707
105.92	 3.07493	 -0.0499088	 -0.325654	 -0.745461	 1.32116	 0.698217
105.94	 3.10661	 -0.0651457	 -0.325584	 -0.773204	 1.2427	 0.702938
105.96	 3.13743	 -0.0802047	 -0.326557	 -0.800881	 1.16272	 0.706863
105.98	 3.16738	 -0.0950678	 -0.328561	 -0.828418	 1.08129	 0.709984
106	 3.19647	 -0.109717	 -0.331579	 -0.855741	 0.998491	 0.712298
106.02	 3.22466	 -0.124135	 -0.335596	 -0.882774	 0.914395	 0.713802
106.04	 3.25197	 -0.138305	 -0.340589	 -0.909441	 0.829089	 0.714497
106.06	 3.27836	 -0.152211	 -0.346538	 -0.935665	 0.742658	 0.714386
106.08	 3.30385	 -0.165836	 -0.353418	 -0.961367	 0.655194	 0.713473
106.1	 3.3284	 -0.179167	 -0.361204	 -0.986468	 0.56679	 0.711765
106.12	 3.35202	 -0.192189	 -0.369868	 -1.01089	 0.477545	 0.70927
106.14	 3.37469	 -0.204886	 -0.37938	 -1.03455	 0.387562	 0.705997
106.16	 3.3964	 -0.217248	 -0.389711	 -1.05737	 0.296944	 0.70196
106.18	 3.41715	 -0.229261	 -0.400825	 -1.07928	 0.205799	 0.697172
106.2	 3.43692	 -0.240913	 -0.412689	 -1.10019	 0.114237	 0.691649
106.22	 3.4557	 -0.252193	 -0.425265	 -1.12004	 0.0223715	 0.685407
106.24	 3.47348	 -0.26309	 -0.438514	 -1.13876	 -0.0696829	 0.678466
106.26	 3.49026	 -0.273595	 -0.452397	 -1.15625	 -0.161808	 0.670845
106.28	 3.50602	 -0.283699	 -0.466871	 -1.17247	 -0.253883	 0.662565
106.3	 3.52075	 -0.293394	 -0.481894	 -1.18733	 -0.345788	 0.653651
106.32	 3.53445	 -0.30267	 -0.497422	 -1.20076	 -0.437398	 0.644124
106.34	 3.54711	 -0.311522	 -0.513409	 -1.21271	 -0.528591	 0.63401
106.36	 3.55871	 -0.319943	 -0.529808	 -1.2231	 -0.619241	 0.623335
106.38	 3.56924	 -0.327926	 -0.546573	 -1.23188	 -0.709224	 0.612125
106.4	 3.5787	 -0.335467	 -0.563654	 -1.23897	 -0.798414	 0.600408
106.42	 3.58709	 -0.34256	 -0.581003	 -1.24433	 -0.886687	 0.588211
106.44	 3.59438	 -0.349201	 -0.59857	 -1.2479	 -0.973917	 0.575564
106.46	 3.60058	 -0.355387	 -0.616304	 -1.24961	 -1.05998	 0.562496
106.48	 3.60567	 -0.361114	 -0.634153	 -1.24943	 -1.14475	 0.549036
106.5	 3.60965	 -0.366379	 -0.652067	 -1.24729	 -1.22811	 0.535215
106.52	 3.61251	 -0.37118	 -0.669994	 -1.24316	 -1.30994	 0.521062
106.54	 3.61424	 -0.375516	 -0.68788	 -1.23698	 -1.39011	 0.506609
106.56	 3.61484	 -0.379386	 -0.705674	 -1.22872	 -1.4685	 0.491886
106.58	 3.61429	 -0.382788	 -0.723322	 -1.21834	 -1.54501	 0.476924
106.6	 3.6126	 -0.385724	 -0.740773	 -1.2058	 -1.61953	 0.461754
106.62	 3.60976	 -0.388193	 -0.757974	 -1.19108	 -1.69193	 0.446407
106.64	 3.60575	 -0.390197	 -0.774871	 -1.17414	 -1.76212	 0.430913
106.66	 3.60058	 -0.391737	 -0.791414	 -1.15497	 -1.82999	 0.415302
106.68	 3.59424	 -0.392815	 -0.80755	 -1.13354	 -1.89543	 0.399605
106.7	 3.58672	 -0.393433	 -0.823228	 -1.10983	 -1.95836	 0.383849
106.72	 3.57802	 -0.393593	 -0.838396	 -1.08383	 -2.01867	 0.368065
106.74	 3.56814	 -0.3933	 -0.853004	 -1.05554	 -2.07627	 0.352281
106.76	 3.55707	 -0.392556	 -0.867003	 -1.02494	 -2.13109	 0.336524
106.78	 3.54481	 -0.391366	 -0.880343	 -0.992045	 -2.18302	 0.320822
106.8	 3.53135	 -0.389735	 -0.892976	 -0.956851	 -2.232	 0.305199
106.82	 3.5167	 -0.387666	 -0.904856	 -0.919372	 -2.27795	 0.289683
106.84	 3.50084	 -0.385166	 -0.915935	 -0.879624	 -2.32079	 0.274295
106.86	 3.48379	 -0.382239	 -0.92617	 -0.837629	 -2.36047	 0.259058
106.88	 3.46553	 -0.378884	 -0.935521	 -0.793415	 -2.39693	 0.243979
106.9	 3.44608	 -0.375098	 -0.943953	 -0.747017	 -2.43013	 0.229063
106.92	 3.42542	 -0.37088	 -0.951431	 -0.698477	 -2.46002	 0.214312
106.94	 3.40358	 -0.366228	 -0.957923	 -0.647842	 -2.48658	 0.19973
106.96	 3.38055	 -0.361142	 -0.963397	 -0.595164	 -2.50977	 0.185321
106.98	 3.35634	 -0.355624	 -0.967822	 -0.540499	 -2.52957	 0.171091
107	 3.33094	 -0.349676	 -0.971165	 -0.483907	 -2.54595	 0.157045
107.02	 3.30437	 -0.343303	 -0.973398	 -0.425451	 -2.55889	 0.143189
107.04	 3.27663	 -0.336509	 -0.97449	 -0.365198	 -2.56838	 0.129524
107.06	 3.24774	 -0.329298	 -0.974414	 -0.303218	 -2.57441	 0.116054
107.08	 3.21768	 -0.321677	 -0.973144	 -0.239587	 -2.57697	 0.10278
107.1	 3.18649	 -0.313649	 -0.970656	 -0.174384	 -2.57606	 0.0897029
107.12	 3.15416	 -0.305223	 -0.966927	 -0.107694	 -2.5717	 0.0768218
107.14	 3.12071	 -0.296404	 -0.961936	 -0.0396058	 -2.56389	 0.0641372
107.16	 3.08614	 -0.287201	 -0.955665	 0.0297889	 -2.55265	 0.0516483
107.18	 3.05046	 -0.277621	 -0.948094	 0.100394	 -2.538	 0.0393542
107.2	 3.0137	 -0.267675	 -0.939209	 0.172109	 -2.51996	 0.0272531
107.22	 2.97585	 -0.257371	 -0.928995	 0.244832	 -2.49856	 0.015343
107.24	 2.93694	 -0.246722	 -0.917439	 0.318456	 -2.47383	 0.00362123
107.26	 2.89698	 -0.235738	 -0.904529	 0.392871	 -2.44582	 -0.00791524
107.28	 2.85597	 -0.224432	 -0.890256	 0.467965	 -2.41456	 -0.0192699
107.3	 2.81394	 -0.212816	 -0.874613	 0.543621	 -2.3801	 -0.0304464
107.32	 2.7709	 -0.200905	 -0.857594	 0.619721	 -2.34249	 -0.0414488
107.34	 2.72686	 -0.188712	 -0.839195	 0.696146	 -2.30178	 -0.0522811
107.36	 2.68185	 -0.176253	 -0.819415	 0.772771	 -2.25804	 -0.0629477
107.38	 2.63587	 -0.163543	 -0.798255	 0.849474	 -2.21132	 -0.0734527
107.4	 2.58894	 -0.1506	 -0.775716	 0.926128	 -2.1617	 -0.0838005
107.42	 2.54109	 -0.137441	 -0.751803	 1.00261	 -2.10925	 -0.0939964
107.44	 2.49232	 -0.124082	 -0.726526	 1.07878	 -2.05403	 -0.104045
107.46	 2.44266	 -0.110545	 -0.699891	 1.15452	 -1.99614	 -0.113947
107.48	 2.39213	 -0.0968495	 -0.67191	 1.2297	 -1.93566	 -0.123707
107.5	 2.34073	 -0.0830165	 -0.642597	 1.30419	 -1.87266	 -0.133326
107.52	 2.2885	 -0.0690678	 -0.611968	 1.37786	 -1.80725	 -0.142805
107.54	 2.23545	 -0.0550257	 -0.580041	 1.45057	 -1.73951	 -0.152148
107.56	 2.1816	 -0.0409129	 -0.546837	 1.52221	 -1.66956	 -0.161356
107.58	 2.12696	 -0.0267535	 -0.51238	 1.59263	 -1.59748	 -0.170429
107.6	 2.07157	 -0.0125713	 -0.476697	 1.66171	 -1.52338	 -0.179368
107.62	 2.01543	 0.00160843	 -0.439814	 1.72932	 -1.44738	 -0.188171
107.64	 1.95856	 0.0157603	 -0.401763	 1.79532	 -1.36958	 -0.196839
107.66	 1.901	 0.0298578	 -0.362576	 1.85961	 -1.2901	 -0.205369
107.68	 1.84275	 0.0438747	 -0.322287	 1.92203	 -1.20905	 -0.213759
107.7	 1.78384	 0.057784	 -0.280935	 1.98248	 -1.12655	 -0.222007
107.72	 1.72429	 0.071559	 -0.238558	 2.04082	 -1.04272	 -0.23011
107.74	 1.66411	 0.0851727	 -0.195199	 2.09693	 -0.957685	 -0.238067
107.76	 1.60333	 0.0985984	 -0.150902	 2.1507	 -0.87157	 -0.245875
107.78	 1.54196	 0.111809	 -0.105715	 2.20199	 -0.784501	 -0.253531
107.8	 1.48004	 0.124778	 -0.0596864	 2.25069	 -0.696605	 -0.261033
107.82	 1.41758	 0.13748	 -0.0128677	 2.29668	 -0.60801	 -0.26838
107.84	 1.35459	 0.149888	 0.0346871	 2.33986	 -0.518844	 -0.275571
107.86	 1.29111	 0.161978	 0.0829217	 2.38009	 -0.429236	 -0.282603
107.88	 1.22716	 0.173724	 0.131777	 2.41727	 -0.339316	 -0.289479
107.9	 1.16276	 0.185104	 0.181193	 2.45131	 -0.249208	 -0.296199
107.92	 1.09794	 0.196095	 0.231103	 2.4821	 -0.159038	 -0.302763
107.94	 1.03272	 0.206677	 0.281443	 2.50956	 -0.0689327	 -0.309176
107.96	 0.96714	 0.216829	 0.332141	 2.53358	 0.0209787	 -0.315443
107.98	 0.901225	 0.226531	 0.383127	 2.5541	 0.110564	 -0.321567
108	 0.835008	 0.235767	 0.434324	 2.57103	 0.199689	 -0.327557
108.02	 0.768527	 0.244519	 0.485658	 2.5843	 0.288218	 -0.333415
108.04	 0.701817	 0.252774	 0.537047	 2.59385	 0.376012	 -0.33915
108.06	 0.63492	 0.260517	 0.58841	 2.59963	 0.46293	 -0.344768
108.08	 0.567878	 0.267736	 0.639662	 2.60158	 0.548829	 -0.350276
108.1	 0.500737	 0.27442	 0.690718	 2.59965	 0.633562	 -0.355682
108.12	 0.433542	 0.28056	 0.74149	 2.59381	 0.716982	 -0.360994
108.14	 0.366343	 0.286149	 0.791888	 2.58403	 0.798938	 -0.366219
108.16	 0.299189	 0.29118	 0.841822	 2.5703	 0.87928	 -0.371364
108.18	 0.232131	 0.295649	 0.891202	 2.5526	 0.957858	 -0.376434
108.2	 0.16522	 0.299551	 0.939935	 2.53094	 1.03452	 -0.381432
108.22	 0.0985072	 0.302883	 0.987931	 2.50532	 1.10913	 -0.386361
108.24	 0.0320441	 0.305643	 1.0351	 2.47577	 1.18152	 -0.391219
108.26	 -0.0341182	 0.307832	 1.08135	 2.4423	 1.25157	 -0.396005
108.28	 -0.0999292	 0.309449	 1.1266	 2.40495	 1.31914	 -0.400717
108.3	 -0.165339	 0.310496	 1.17076	 2.36377	 1.3841	 -0.405351
108.32	 -0.230299	 0.310978	 1.21374	 2.31882	 1.44633	 -0.409907
108.34	 -0.294762	 0.3109	 1.25546	 2.27015	 1.50571	 -0.41438
108.36	 -0.358679	 0.31027	 1.29585	 2.21787	 1.56213	 -0.418769
108.38	 -0.422006	 0.309097	 1.33481	 2.16205	 1.6155	 -0.42307
108.4	 -0.484695	 0.30739	 1.37228	 2.10281	 1.6657	 -0.427277
108.42	 -0.546702	 0.305159	 1.40819	 2.04025	 1.71265	 -0.431384
108.44	 -0.607981	 0.302416	 1.44245	 1.97448	 1.75625	 -0.435379
108.46	 -0.66849	 0.299171	 1.47501	 1.90559	 1.79642	 -0.43925
108.48	 -0.728183	 0.295436	 1.50579	 1.83372	 1.83308	 -0.442984
108.5	 -0.78702	 0.291226	 1.53474	 1.75898	 1.86615	 -0.446566
108.52	 -0.844959	 0.286555	 1.5618	 1.68153	 1.89557	 -0.449981
108.54	 -0.901961	 0.28144	 1.58691	 1.60151	 1.9213	 -0.453214
108.56	 -0.957987	 0.275898	 1.61002	 1.51908	 1.94329	 -0.45625
108.58	 -1.013	 0.269948	 1.63109	 1.4344	 1.96151	 -0.459072
108.6	 -1.06696	 0.263607	 1.65007	 1.34764	 1.97592	 -0.461664
108.62	 -1.11983	 0.256894	 1.66692	 1.25896	 1.98649	 -0.464005
108.64	 -1.17157	 0.249828	 1.68161	 1.16854	 1.99319	 -0.466078
108.66	 -1.22215	 0.24243	 1.69409	 1.07655	 1.99599	 -0.467861
108.68	 -1.27153	 0.23472	 1.70435	 0.98318	 1.99489	 -0.469336
108.7	 -1.31967	 0.226719	 1.71237	 0.888611	 1.98986	 -0.470482
108.72	 -1.36656	 0.218451	 1.71811	 0.793041	 1.98093	 -0.471279
108.74	 -1.41214	 0.209938	 1.72157	 0.696664	 1.96811	 -0.471705
108.76	 -1.4564	 0.201201	 1.72274	 0.599674	 1.95141	 -0.471741
108.78	 -1.4993	 0.192264	 1.7216	 0.502264	 1.93086	 -0.471365
108.8	 -1.54082	 0.18315	 1.71817	 0.404633	 1.9065	 -0.470555
108.82	 -1.58092	 0.173883	 1.71243	 0.30698	 1.87837	 -0.469293
108.84	 -1.61959	 0.164485	 1.7044	 0.209509	 1.84652	 -0.467558
108.86	 -1.65679	 0.154982	 1.69408	 0.112417	 1.81102	 -0.465332
108.88	 -1.6925	 0.145397	 1.6815	 0.0159006	 1.77192	 -0.462597
108.9	 -1.7267	 0.135754	 1.66667	 -0.0798504	 1.7293	 -0.459338
108.92	 -1.75937	 0.126075	 1.64961	 -0.17465	 1.68325	 -0.455539
108.94	 -1.79048	 0.116384	 1.63036	 -0.268316	 1.63383	 -0.451184
108.96	 -1.82002	 0.106703	 1.60895	 -0.360664	 1.58113	 -0.446261
108.98	 -1.84797	 0.0970561	 1.58541	 -0.45152	 1.52527	 -0.44076
109	 -1.87431	 0.0874658	 1.55978	 -0.540708	 1.46634	 -0.434671
109.02	 -1.89903	 0.0779541	 1.53212	 -0.628063	 1.40446	 -0.427987
109.04	 -1.92211	 0.068543	 1.50247	 -0.713426	 1.33974	 -0.420701
109.06	 -1.94355	 0.0592539	 1.47088	 -0.79664	 1.27231	 -0.412811
109.08	 -1.96332	 0.0501078	 1.43742	 -0.877558	 1.2023	 -0.404312
109.1	 -1.98142	 0.0411254	 1.40215	 -0.956036	 1.12984	 -0.395207
109.12	 -1.99785	 0.0323269	 1.36512	 -1.03194	 1.05507	 -0.385497
109.14	 -2.01258	 0.0237316	 1.32642	 -1.10513	 0.978144	 -0.375187
109.16	 -2.02563	 0.0153583	 1.2861	 -1.17551	 0.8992	 -0.364284
109.18	 -2.03699	 0.00722479	 1.24425	 -1.24295	 0.81839	 -0.352795
109.2	 -2.04665	 -0.000651664	 1.20095	 -1.30735	 0.735863	 -0.340731
109.22	 -2.0546	 -0.0082545	 1.15626	 -1.36862	 0.651776	 -0.328103
109.24	 -2.06087	 -0.0155671	 1.11027	 -1.42668	 0.566275	 -0.314929
109.26	 -2.06544	 -0.0225724	 1.06306	 -1.48143	 0.479498	 -0.30123
109.28	 -2.06833	 -0.029254	 1.01469	 -1.53282	 0.391578	 -0.287027
109.3	 -2.06955	 -0.0355963	 0.965238	 -1.58079	 0.302647	 -0.272346
109.32	 -2.06912	 -0.0415858	 0.914782	 -1.62528	 0.212831	 -0.257211
109.34	 -2.06705	 -0.047213	 0.863383	 -1.66626	 0.122238	 -0.241641
109.36	 -2.06336	 -0.0524707	 0.811107	 -1.7037	 0.0309719	 -0.225656
109.38	 -2.05809	 -0.0573534	 0.758017	 -1.73756	 -0.0608642	 -0.209276
109.4	 -2.05124	 -0.0618568	 0.704178	 -1.76784	 -0.153168	 -0.192524
109.42	 -2.04286	 -0.0659772	 0.64966	 -1.79454	 -0.245833	 -0.175423
109.44	 -2.03296	 -0.0697114	 0.594534	 -1.81765	 -0.338749	 -0.158001
109.46	 -2.02158	 -0.0730572	 0.538873	 -1.8372	 -0.431803	 -0.140286
109.48	 -2.00873	 -0.0760137	 0.482753	 -1.8532	 -0.524881	 -0.122306
109.5	 -1.99444	 -0.0785808	 0.426251	 -1.8657	 -0.61787	 -0.104091
109.52	 -1.97876	 -0.0807602	 0.369441	 -1.87473	 -0.710659	 -0.0856719
109.54	 -1.96169	 -0.082555	 0.312401	 -1.88035	 -0.80314	 -0.0670777
109.56	 -1.94329	 -0.0839695	 0.255203	 -1.88262	 -0.895207	 -0.0483392
109.58	 -1.92357	 -0.0850092	 0.197924	 -1.88159	 -0.986759	 -0.0294872
109.6	 -1.90258	 -0.0856809	 0.140635	 -1.87736	 -1.0777	 -0.0105528
109.62	 -1.88035	 -0.0859925	 0.0834113	 -1.86998	 -1.16792	 0.00843283
109.64	 -1.8569	 -0.0859528	 0.026325	 -1.85956	 -1.25734	 0.0274385
109.66	 -1.83228	 -0.0855718	 -0.030551	 -1.84618	 -1.34585	 0.0464334
109.68	 -1.80653	 -0.0848605	 -0.0871444	 -1.82994	 -1.43336	 0.065387
109.7	 -1.77967	 -0.0838311	 -0.143384	 -1.81095	 -1.51979	 0.0842693
109.72	 -1.75174	 -0.0824966	 -0.199199	 -1.78931	 -1.60505	 0.103051
109.74	 -1.72279	 -0.0808709	 -0.254521	 -1.76513	 -1.68906	 0.121703
109.76	 -1.69284	 -0.078969	 -0.309282	 -1.73853	 -1.77174	 0.140197
109.78	 -1.66193	 -0.0768068	 -0.363415	 -1.70964	 -1.85301	 0.158506
109.8	 -1.6301	 -0.0744007	 -0.416857	 -1.67857	 -1.93281	 0.176605
109.82	 -1.59739	 -0.0717682	 -0.469543	 -1.64544	 -2.01105	 0.194466
109.84	 -1.56384	 -0.0689274	 -0.521413	 -1.61039	 -2.08768	 0.212068
109.86	 -1.52947	 -0.0658971	 -0.572407	 -1.57353	 -2.16264	 0.229386
109.88	 -1.49434	 -0.0626965	 -0.622468	 -1.53501	 -2.23586	 0.2464
109.9	 -1.45847	 -0.0593457	 -0.67154	 -1.49495	 -2.3073	 0.263089
109.92	 -1.4219	 -0.0558651	 -0.719569	 -1.45348	 -2.3769	 0.279435
109.94	 -1.38467	 -0.052276	 -0.766505	 -1.41074	 -2.44461	 0.29542
109.96	 -1.34681	 -0.0485999	 -0.812298	 -1.36684	 -2.5104	 0.31103
109.98	 -1.30837	 -0.044859	 -0.856901	 -1.32192	 -2.57423	 0.326251
110	 -1.26937	 -0.0410762	 -0.900272	 -1.27611	 -2.63606	 0.341073
110.02	 -1.22986	 -0.0372768	 -0.94237	 -1.22953	 -2.69586	 0.35549
110.04	 -1.18986	 -0.0334892	 -0.983159	 -1.18231	 -2.75362	 0.369504
110.06	 -1.14941	 -0.0297421	 -1.0226	 -1.13457	 -2.80932	 0.383119
110.08	 -1.10854	 -0.0260637	 -1.06068	 -1.08642	 -2.86294	 0.396339
110.1	 -1.06728	 -0.0224809	 -1.09734	 -1.03798	 -2.91447	 0.409166
110.12	 -1.02567	 -0.019019	 -1.13258	 -0.989363	 -2.96391	 0.421601
110.14	 -0.983747	 -0.0157019	 -1.16635	 -0.940682	 -3.01123	 0.433644
110.16	 -0.941533	 -0.0125524	 -1.19864	 -0.892044	 -3.05645	 0.445297
110.18	 -0.899063	 -0.00959077	 -1.22943	 -0.843555	 -3.09954	 0.456556
110.2	 -0.85637	 -0.00683568	 -1.25869	 -0.79532	 -3.14053	 0.467421
110.22	 -0.813484	 -0.00430492	 -1.2864	 -0.747439	 -3.17941	 0.477887
110.24	 -0.770436	 -0.00201623	 -1.31257	 -0.700007	 -3.21619	 0.487956
110.26	 -0.727255	 1.08444e-05	 -1.33716	 -0.653117	 -3.25089	 0.497632
110.28	 -0.683973	 0.00175912	 -1.36018	 -0.606856	 -3.28351	 0.506917
110.3	 -0.640617	 0.00321207	 -1.38161	 -0.561306	 -3.31406	 0.515816
110.32	 -0.597215	 0.00435965	 -1.40145	 -0.516546	 -3.34256	 0.52432
110.34	 -0.553794	 0.00519673	 -1.4197	 -0.47265	 -3.36905	 0.532414
110.36	 -0.510379	 0.00572009	 -1.43637	 -0.429694	 -3.39354	 0.540085
110.38	 -0.466994	 0.00592666	 -1.45145	 -0.387746	 -3.41608	 0.547319
110.4	 -0.423665	 0.00581301	 -1.46497	 -0.346874	 -3.43669	 0.55411
110.42	 -0.380415	 0.00537488	 -1.47692	 -0.307136	 -3.45541	 0.560452
110.44	 -0.337269	 0.00460779	 -1.48731	 -0.268588	 -3.47225	 0.566344
110.46	 -0.294251	 0.0035074	 -1.49616	 -0.231277	 -3.48726	 0.571784
110.48	 -0.251384	 0.00207282	 -1.50347	 -0.195247	 -3.50047	 0.576767
110.5	 -0.208692	 0.000302509	 -1.50927	 -0.160535	 -3.51191	 0.58129
110.52	 -0.166196	 -0.00180025	 -1.51357	 -0.127175	 -3.52161	 0.585345
110.54	 -0.123918	 -0.00423404	 -1.51639	 -0.0951996	 -3.52962	 0.588927
110.56	 -0.0818797	 -0.00699506	 -1.51775	 -0.0646339	 -3.53598	 0.592034
110.58	 -0.0401023	 -0.0100801	 -1.51768	 -0.0355004	 -3.54072	 0.594665
110.6	 0.00139386	 -0.0134849	 -1.51619	 -0.00781668	 -3.54388	 0.596819
110.62	 0.0425889	 -0.0172047	 -1.51332	 0.018405	 -3.54551	 0.598497
110.64	 0.0834632	 -0.0212343	 -1.50909	 0.0431571	 -3.54565	 0.599699
110.66	 0.123998	 -0.0255671	 -1.50353	 0.0664368	 -3.54432	 0.600427
110.68	 0.164174	 -0.0301963	 -1.49667	 0.0882453	 -3.54158	 0.600683
110.7	 0.203974	 -0.0351139	 -1.48854	 0.108588	 -3.53746	 0.600469
110.72	 0.24338	 -0.0403115	 -1.47918	 0.127475	 -3.532	 0.599789
110.74	 0.282375	 -0.0457798	 -1.46861	 0.144918	 -3.52526	 0.598646
110.76	 0.320942	 -0.0515091	 -1.45688	 0.160934	 -3.51725	 0.597046
110.78	 0.359066	 -0.0574891	 -1.44403	 0.175545	 -3.50804	 0.594994
110.8	 0.39673	 -0.0637088	 -1.43008	 0.188775	 -3.49766	 0.592497
110.82	 0.43392	 -0.0701569	 -1.41508	 0.200651	 -3.48614	 0.58956
110.84	 0.47062	 -0.0768214	 -1.39907	 0.211206	 -3.47354	 0.586192
110.86	 0.506818	 -0.0836898	 -1.3821	 0.220473	 -3.45989	 0.582401
110.88	 0.542499	 -0.0907493	 -1.3642	 0.228492	 -3.44524	 0.578194
110.9	 0.57765	 -0.0979866	 -1.34541	 0.235302	 -3.42961	 0.573582
110.92	 0.612259	 -0.105388	 -1.32579	 0.240948	 -3.41307	 0.568574
110.94	 0.646313	 -0.11294	 -1.30538	 0.245475	 -3.39563	 0.56318
110.96	 0.679799	 -0.120627	 -1.28422	 0.248933	 -3.37736	 0.557411
110.98	 0.712702	 -0.128434	 -1.26237	 0.251372	 -3.3583	 0.551277
111	 0.745007	 -0.136344	 -1.23988	 0.252852	 -3.3385	 0.544788
111.02	 0.776702	 -0.144339	 -1.21682	 0.253472	 -3.31802	 0.53796
111.04	 0.807779	 -0.152402	 -1.19324	 0.253317	 -3.29692	 0.530812
111.06	 0.838228	 -0.160515	 -1.16921	 0.252474	 -3.27524	 0.523359
111.08	 0.868043	 -0.168661	 -1.14479	 0.251029	 -3.25303	 0.515618
111.1	 0.897214	 -0.17682	 -1.12005	 0.249069	 -3.23035	 0.507605
111.12	 0.925726	 -0.184979	 -1.09504	 0.246685	 -3.20726	 0.49934
111.14	 0.953567	 -0.193118	 -1.06983	 0.243962	 -3.1838	 0.490837
111.16	 0.98072	 -0.201223	 -1.0445	 0.240974	 -3.16004	 0.482118
111.18	 1.00718	 -0.209278	 -1.01912	 0.237772	 -3.13606	 0.473189
111.2	 1.03293	 -0.217267	 -0.993751	 0.234419	 -3.11193	 0.464064
111.22	 1.05796	 -0.225166	 -0.968485	 0.230975	 -3.08771	 0.454743
111.24	 1.08228	 -0.232957	 -0.943396	 0.2275	 -3.06348	 0.445233
111.26	 1.10586	 -0.240617	 -0.918565	 0.224051	 -3.03931	 0.435537
111.28	 1.12871	 -0.248131	 -0.894068	 0.220685	 -3.01528	 0.42567
111.3	 1.15081	 -0.255478	 -0.869983	 0.21746	 -2.99146	 0.41564
111.32	 1.17216	 -0.262644	 -0.846383	 0.214435	 -2.96791	 0.405459
111.34	 1.19275	 -0.269611	 -0.823345	 0.211666	 -2.94471	 0.395138
111.36	 1.21256	 -0.276361	 -0.800943	 0.20921	 -2.92193	 0.384686
111.38	 1.2316	 -0.282878	 -0.779249	 0.207123	 -2.89965	 0.37411
111.4	 1.24985	 -0.289144	 -0.758338	 0.205457	 -2.87794	 0.363418
111.42	 1.26731	 -0.295141	 -0.738281	 0.204265	 -2.85687	 0.352618
111.44	 1.28397	 -0.300853	 -0.719149	 0.203594	 -2.8365	 0.341717
111.46	 1.29984	 -0.306264	 -0.701011	 0.203492	 -2.8169	 0.330724
111.48	 1.31489	 -0.311359	 -0.683935	 0.204005	 -2.79814	 0.319648
111.5	 1.32914	 -0.316124	 -0.667986	 0.205177	 -2.78029	 0.308499
111.52	 1.34256	 -0.320544	 -0.653227	 0.207049	 -2.76339	 0.297285
111.54	 1.35517	 -0.324608	 -0.639721	 0.20966	 -2.74751	 0.286015
111.56	 1.36695	 -0.328302	 -0.627526	 0.213049	 -2.73271	 0.274699
111.58	 1.3779	 -0.331615	 -0.616699	 0.21725	 -2.71904	 0.263346
111.6	 1.38802	 -0.334537	 -0.607293	 0.222296	 -2.70655	 0.251967
111.62	 1.3973	 -0.337057	 -0.599362	 0.228215	 -2.6953	 0.240569
111.64	 1.40575	 -0.339166	 -0.592952	 0.235035	 -2.68531	 0.229164
111.66	 1.41337	 -0.340857	 -0.588111	 0.242779	 -2.67664	 0.21776
111.68	 1.42014	 -0.342121	 -0.584881	 0.251469	 -2.66932	 0.20637
111.7	 1.42608	 -0.342952	 -0.583301	 0.261124	 -2.66339	 0.195001
111.72	 1.43117	 -0.343345	 -0.583409	 0.271759	 -2.65887	 0.183665
111.74	 1.43543	 -0.343295	 -0.585238	 0.283388	 -2.6558	 0.172372
111.76	 1.43884	 -0.342799	 -0.588816	 0.296021	 -2.65419	 0.161133
111.78	 1.44142	 -0.341853	 -0.594171	 0.309666	 -2.65407	 0.149956
111.8	 1.44316	 -0.340456	 -0.601325	 0.324327	 -2.65544	 0.138853
111.82	 1.44407	 -0.338607	 -0.610298	 0.340004	 -2.65832	 0.127833
111.84	 1.44414	 -0.336305	 -0.621104	 0.356697	 -2.66272	 0.116907
111.86	 1.44338	 -0.333551	 -0.633756	 0.3744	 -2.66863	 0.106084
111.88	 1.4418	 -0.330347	 -0.648261	 0.393104	 -2.67605	 0.0953736
111.9	 1.43939	 -0.326696	 -0.664625	 0.412798	 -2.68498	 0.0847863
111.92	 1.43616	 -0.322601	 -0.682849	 0.433467	 -2.69541	 0.0743316
111.94	 1.43212	 -0.318071	 -0.702932	 0.455094	 -2.70733	 0.0640265
111.96	 1.42726	 -0.313118	 -0.724873	 0.47766	 -2.72073	 0.053894
111.98	 1.4216	 -0.307756	 -0.748669	 0.501142	 -2.7356	 0.0439581
112	 1.41513	 -0.302	 -0.774313	 0.525519	 -2.75193	 0.034242
112.02	 1.40787	 -0.295866	 -0.801793	 0.550763	 -2.76971	 0.0247668
112.04	 1.39982	 -0.289368	 -0.831094	 0.576847	 -2.7889	 0.0155517
112.06	 1.39099	 -0.282522	 -0.862197	 0.603735	 -2.80949	 0.00661477
112.08	 1.38137	 -0.275342	 -0.895078	 0.631392	 -2.83143	 -0.00202687
112.1	 1.37099	 -0.267846	 -0.92971	 0.659779	 -2.85469	 -0.010356
112.12	 1.35984	 -0.26005	 -0.96606	 0.688851	 -2.87923	 -0.0183554
112.14	 1.34793	 -0.251971	 -1.0041	 0.718565	 -2.90501	 -0.026008
112.16	 1.33528	 -0.243629	 -1.04378	 0.748873	 -2.93197	 -0.0332969
112.18	 1.32189	 -0.235041	 -1.08507	 0.779727	 -2.96007	 -0.0402062
112.2	 1.30777	 -0.226229	 -1.12792	 0.811078	 -2.98926	 -0.0467202
112.22	 1.29292	 -0.217211	 -1.17229	 0.842872	 -3.01947	 -0.0528243
112.24	 1.27737	 -0.208009	 -1.21813	 0.875056	 -3.05064	 -0.0585045
112.26	 1.2611	 -0.198642	 -1.26539	 0.907574	 -3.08273	 -0.0637472
112.28	 1.24415	 -0.189133	 -1.314	 0.940368	 -3.11565	 -0.0685399
112.3	 1.2265	 -0.179501	 -1.36393	 0.97338	 -3.14933	 -0.0728701
112.32	 1.20819	 -0.169769	 -1.41509	 1.00655	 -3.18372	 -0.0767265
112.34	 1.18921	 -0.159957	 -1.46744	 1.03981	 -3.21874	 -0.0800983
112.36	 1.16958	 -0.150089	 -1.5209	 1.07311	 -3.2543	 -0.0829753
112.38	 1.1493	 -0.140186	 -1.57541	 1.10638	 -3.29034	 -0.0853484
112.4	 1.12839	 -0.130269	 -1.63091	 1.13955	 -3.32678	 -0.0872094
112.42	 1.10686	 -0.120361	 -1.68731	 1.17257	 -3.36353	 -0.088551
112.44	 1.08473	 -0.110484	 -1.74456	 1.20536	 -3.40052	 -0.0893668
112.46	 1.06199	 -0.100655	 -1.80259	 1.23787	 -3.43767	 -0.0896563
112.48	 1.03867	 -0.0908892	 -1.86131	 1.27001	 -3.47491	 -0.0894329
112.5	 1.01479	 -0.0811956	 -1.92067	 1.30174	 -3.51217	 -0.0887139
112.52	 0.990353	 -0.0715755	 -1.98061	 1.33296	 -3.5494	 -0.0875347
112.54	 0.965377	 -0.0620283	 -2.04106	 1.36362	 -3.58655	 -0.0859337
112.56	 0.939878	 -0.052553	 -2.10196	 1.39363	 -3.62356	 -0.0839488
112.58	 0.91387	 -0.0431502	 -2.16325	 1.42292	 -3.66038	 -0.0816148
112.6	 0.887368	 -0.0338225	 -2.22487	 1.45141	 -3.69695	 -0.0789629
112.62	 0.860387	 -0.0245735	 -2.28675	 1.47904	 -3.73321	 -0.0760241
112.64	 0.832943	 -0.0154079	 -2.34882	 1.50573	 -3.7691	 -0.072828
112.66	 0.805051	 -0.00633383	 -2.41101	 1.53142	 -3.80457	 -0.0693979
112.68	 0.77673	 0.00263833	 -2.47327	 1.55605	 -3.83955	 -0.0657537
112.7	 0.747996	 0.0114981	 -2.53552	 1.57954	 -3.874	 -0.0619148
112.72	 0.718869	 0.0202355	 -2.5977	 1.60184	 -3.90787	 -0.057902
112.74	 0.689364	 0.0288418	 -2.65976	 1.62289	 -3.94111	 -0.0537382
112.76	 0.659504	 0.037312	 -2.72162	 1.64263	 -3.97366	 -0.0494495
112.78	 0.629304	 0.0456524	 -2.78324	 1.66109	 -4.0055	 -0.0450537
112.8	 0.598777	 0.0538701	 -2.84457	 1.67826	 -4.03657	 -0.0405786
112.82	 0.567934	 0.0619721	 -2.90555	 1.69413	 -4.06687	 -0.036047
112.84	 0.536782	 0.0699665	 -2.96615	 1.70868	 -4.09635	 -0.0314861
112.86	 0.505327	 0.0778601	 -3.02632	 1.72191	 -4.12499	 -0.026921
112.88	 0.473579	 0.0856587	 -3.08601	 1.73381	 -4.15277	 -0.0223793
112.9	 0.441547	 0.0933668	 -3.14519	 1.74437	 -4.17966	 -0.0178862
112.92	 0.409239	 0.100985	 -3.20381	 1.75359	 -4.20563	 -0.0134653
112.94	 0.37666	 0.108511	 -3.26184	 1.76143	 -4.23069	 -0.00913638
112.96	 0.343813	 0.115941	 -3.31924	 1.76787	 -4.25483	 -0.00491814
112.98	 0.3107	 0.123271	 -3.37599	 1.7729	 -4.27805	 -0.000828718
113	 0.277325	 0.130501	 -3.43206	 1.77649	 -4.30036	 0.00311249
113.02	 0.243691	 0.137628	 -3.48742	 1.77863	 -4.32175	 0.00688587
113.04	 0.209802	 0.144652	 -3.54203	 1.77928	 -4.34223	 0.0104716
113.06	 0.175665	 0.151572	 -3.59587	 1.77843	 -4.36178	 0.0138506
113.08	 0.141285	 0.158387	 -3.64891	 1.77606	 -4.38039	 0.0170077
113.1	 0.106668	 0.165095	 -3.7011	 1.77216	 -4.39805	 0.0199258
113.12	 0.0718196	 0.171696	 -3.75243	 1.76669	 -4.41476	 0.0225881
113.14	 0.0367457	 0.178188	 -3.80287	 1.75964	 -4.43049	 0.0249828
113.16	 0.00145051	 0.184571	 -3.85237	 1.75103	 -4.44523	 0.0271266
113.18	 -0.0340622	 0.190844	 -3.90092	 1.74088	 -4.45894	 0.0290399
113.2	 -0.0697881	 0.197008	 -3.94848	 1.72919	 -4.47158	 0.030742
113.22	 -0.105723	 0.203064	 -3.99503	 1.71598	 -4.48314	 0.0322498
113.24	 -0.141861	 0.209014	 -4.04054	 1.70127	 -4.49356	 0.0335763
113.26	 -0.178198	 0.214862	 -4.08498	 1.68509	 -4.50284	 0.0347314
113.28	 -0.214728	 0.220606	 -4.12833	 1.66744	 -4.51094	 0.0357232
113.3	 -0.251444	 0.22625	 -4.17056	 1.64836	 -4.51785	 0.0365608
113.32	 -0.288341	 0.231792	 -4.21165	 1.62786	 -4.52354	 0.0372535
113.34	 -0.325413	 0.237236	 -4.25158	 1.60598	 -4.52798	 0.037812
113.36	 -0.362652	 0.24258	 -4.29033	 1.58273	 -4.53117	 0.038247
113.38	 -0.400054	 0.247828	 -4.32787	 1.55815	 -4.53307	 0.0385691
113.4	 -0.43761	 0.25298	 -4.36417	 1.53226	 -4.53367	 0.0387881
113.42	 -0.475314	 0.258039	 -4.39923	 1.50508	 -4.53293	 0.0389134
113.44	 -0.513157	 0.263006	 -4.43302	 1.47665	 -4.53083	 0.0389539
113.46	 -0.551133	 0.267884	 -4.46553	 1.44699	 -4.52737	 0.0389184
113.48	 -0.589234	 0.272674	 -4.49673	 1.41614	 -4.52251	 0.0388153
113.5	 -0.62745	 0.277377	 -4.52662	 1.38411	 -4.51623	 0.0386527
113.52	 -0.665774	 0.281998	 -4.55517	 1.35095	 -4.50852	 0.0384383
113.54	 -0.704197	 0.286536	 -4.58237	 1.31669	 -4.49936	 0.0381797
113.56	 -0.74271	 0.290994	 -4.60821	 1.28135	 -4.48872	 0.0378842
113.58	 -0.781302	 0.295374	 -4.63268	 1.24497	 -4.4766	 0.0375589
113.6	 -0.819966	 0.299678	 -4.65576	 1.20758	 -4.46297	 0.0372102
113.62	 -0.85869	 0.303909	 -4.67745	 1.16922	 -4.44782	 0.0368443
113.64	 -0.897464	 0.308068	 -4.69773	 1.12993	 -4.43113	 0.0364667
113.66	 -0.936278	 0.312162	 -4.7166	 1.08975	 -4.41288	 0.0360821
113.68	 -0.975119	 0.31619	 -4.73404	 1.0487	 -4.39307	 0.0356943
113.7	 -1.01398	 0.320154	 -4.75007	 1.00682	 -4.37166	 0.035309
113.72	 -1.05284	 0.324056	 -4.76466	 0.964145	 -4.34866	 0.0349312
113.74	 -1.0917	 0.327898	 -4.77781	 0.920702	 -4.32404	 0.0345651
113.76	 -1.13054	 0.331684	 -4.78953	 0.876535	 -4.29779	 0.0342142
113.78	 -1.16935	 0.335414	 -4.79981	 0.831679	 -4.26991	 0.0338811
113.8	 -1.20811	 0.339093	 -4.80865	 0.786183	 -4.24036	 0.0335709
113.82	 -1.24682	 0.342722	 -4.81604	 0.74007	 -4.20916	 0.0332837
113.84	 -1.28545	 0.346304	 -4.822	 0.693382	 -4.17628	 0.0330215
113.86	 -1.324	 0.34984	 -4.82652	 0.646145	 -4.14171	 0.0327829
113.88	 -1.36245	 0.353333	 -4.82961	 0.598398	 -4.10545	 0.032568
113.9	 -1.40079	 0.356785	 -4.83127	 0.550174	 -4.06747	 0.0323752
113.92	 -1.439	 0.360197	 -4.8315	 0.501508	 -4.02778	 0.0322023
113.94	 -1.47706	 0.363573	 -4.83033	 0.452433	 -3.98637	 0.0320467
113.96	 -1.51497	 0.366912	 -4.82774	 0.402982	 -3.94322	 0.0319059
113.98	 -1.55269	 0.370219	 -4.82375	 0.353186	 -3.89833	 0.0317769
114	 -1.59023	 0.373493	 -4.81837	 0.303079	 -3.8517	 0.0316562
114.02	 -1.62756	 0.376737	 -4.81162	 0.252692	 -3.80332	 0.03154
114.04	 -1.66466	 0.379953	 -4.8035	 0.20206	 -3.75319	 0.0314256
114.06	 -1.70152	 0.383142	 -4.79403	 0.151219	 -3.7013	 0.0313108
114.08	 -1.73811	 0.386306	 -4.78321	 0.100207	 -3.64767	 0.0311946
114.1	 -1.77443	 0.389448	 -4.77108	 0.0490615	 -3.59229	 0.0310763
114.12	 -1.81045	 0.39257	 -4.75763	 -0.00216741	 -3.53517	 0.0309574
114.14	 -1.84616	 0.395673	 -4.7429	 -0.0534506	 -3.47631	 0.0308365
114.16	 -1.88153	 0.39876	 -4.72689	 -0.104745	 -3.41572	 0.0307138
114.18	 -1.91655	 0.401832	 -4.70963	 -0.156013	 -3.35342	 0.0305884
114.2	 -1.95119	 0.404891	 -4.69114	 -0.207213	 -3.2894	 0.03046
114.22	 -1.98545	 0.407938	 -4.67144	 -0.258306	 -3.22369	 0.0303281
114.24	 -2.0193	 0.410977	 -4.65054	 -0.309248	 -3.15631	 0.0301929
114.26	 -2.05272	 0.414007	 -4.62848	 -0.360001	 -3.08726	 0.0300544
114.28	 -2.08568	 0.417031	 -4.60527	 -0.410523	 -3.01656	 0.0299133
114.3	 -2.11819	 0.42005	 -4.58094	 -0.460776	 -2.94424	 0.0297701
114.32	 -2.1502	 0.423065	 -4.55552	 -0.510719	 -2.87033	 0.0296256
114.34	 -2.1817	 0.426078	 -4.52903	 -0.560312	 -2.79484	 0.0294808
114.36	 -2.21268	 0.42909	 -4.5015	 -0.609517	 -2.7178	 0.0293372
114.38	 -2.2431	 0.432102	 -4.47295	 -0.658293	 -2.63925	 0.0291961
114.4	 -2.27296	 0.435114	 -4.44342	 -0.706602	 -2.55922	 0.0290594
114.42	 -2.30224	 0.438128	 -4.41293	 -0.754407	 -2.47774	 0.0289292
114.44	 -2.3309	 0.441144	 -4.38151	 -0.80167	 -2.39485	 0.028808
114.46	 -2.35893	 0.444163	 -4.3492	 -0.848354	 -2.31059	 0.0286985
114.48	 -2.38632	 0.447185	 -4.31602	 -0.894423	 -2.225	 0.0286038
114.5	 -2.41304	 0.450209	 -4.282	 -0.939842	 -2.13812	 0.0285273
114.52	 -2.43908	 0.453237	 -4.24719	 -0.984575	 -2.05001	 0.0284729
114.54	 -2.46441	 0.456266	 -4.2116	 -1.02859	 -1.96071	 0.0284448
114.56	 -2.48901	 0.459299	 -4.17528	 -1.07185	 -1.87027	 0.0284474
114.58	 -2.51287	 0.462332	 -4.13825	 -1.11433	 -1.77874	 0.0284856
114.6	 -2.53596	 0.465366	 -4.10055	 -1.15599	 -1.68618	 0.0285648
114.62	 -2.55827	 0.4684	 -4.06222	 -1.1968	 -1.59264	 0.0286906
114.64	 -2.57979	 0.471432	 -4.0233	 -1.23673	 -1.49818	 0.028869
114.66	 -2.60048	 0.47446	 -3.9838	 -1.27576	 -1.40286	 0.0291064
114.68	 -2.62034	 0.477484	 -3.94378	 -1.31384	 -1.30673	 0.0294095
114.7	 -2.63934	 0.480501	 -3.90327	 -1.35096	 -1.20986	 0.0297854
114.72	 -2.65748	 0.483509	 -3.86229	 -1.38708	 -1.11231	 0.0302415
114.74	 -2.67473	 0.486506	 -3.8209	 -1.42218	 -1.01414	 0.0307856
114.76	 -2.69107	 0.48949	 -3.77912	 -1.45622	 -0.915422	 0.0314259
114.78	 -2.7065	 0.492457	 -3.737	 -1.48919	 -0.81621	 0.0321707
114.8	 -2.721	 0.495404	 -3.69456	 -1.52105	 -0.716573	 0.033029
114.82	 -2.73455	 0.498328	 -3.65185	 -1.55178	 -0.616578	 0.0340101
114.84	 -2.74714	 0.501226	 -3.60889	 -1.58137	 -0.516293	 0.0351234
114.86	 -2.75876	 0.504094	 -3.56574	 -1.60978	 -0.415785	 0.036379
114.88	 -2.76938	 0.506928	 -3.52242	 -1.637	 -0.315123	 0.0377871
114.9	 -2.77901	 0.509723	 -3.47897	 -1.66301	 -0.214377	 0.0393584
114.92	 -2.78763	 0.512475	 -3.43543	 -1.68779	 -0.113617	 0.041104
114.94	 -2.79522	 0.51518	 -3.39184	 -1.71131	 -0.0129127	 0.0430351
114.96	 -2.80178	 0.517831	 -3.34822	 -1.73357	 0.0876646	 0.0451634
114.98	 -2.80729	 0.520424	 -3.30462	 -1.75454	 0.188044	 0.0475007
115	 -2.81175	 0.522954	 -3.26106	 -1.77421	 0.288155	 0.0500592
115.02	 -2.81515	 0.525414	 -3.2176	 -1.79258	 0.387926	 0.0528512
115.04	 -2.81748	 0.5278	 -3.17425	 -1.80962	 0.487285	 0.0558892
115.06	 -2.81873	 0.530104	 -3.13106	 -1.82532	 0.586164	 0.0591858
115.08	 -2.8189	 0.532322	 -3.08805	 -1.83968	 0.684489	 0.0627538
115.1	 -2.81798	 0.534446	 -3.04527	 -1.85268	 0.782193	 0.0666061
115.12	 -2.81596	 0.536471	 -3.00274	 -1.86431	 0.879204	 0.0707556
115.14	 -2.81284	 0.53839	 -2.96049	 -1.87458	 0.975455	 0.0752152
115.16	 -2.80862	 0.540196	 -2.91857	 -1.88346	 1.07087	 0.0799978
115.18	 -2.80329	 0.541883	 -2.87699	 -1.89097	 1.1654	 0.0851164
115.2	 -2.79686	 0.543444	 -2.83579	 -1.89708	 1.25896	 0.0905837
115.22	 -2.78931	 0.544872	 -2.79499	 -1.90181	 1.35149	 0.0964124
115.24	 -2.78065	 0.54616	 -2.75463	 -1.90515	 1.44292	 0.102615
115.26	 -2.77087	 0.547303	 -2.71473	 -1.9071	 1.5332	 0.109203
115.28	 -2.75999	 0.548292	 -2.67532	 -1.90767	 1.62226	 0.116189
115.3	 -2.74799	 0.549122	 -2.63642	 -1.90685	 1.71004	 0.123583
115.32	 -2.73489	 0.549786	 -2.59806	 -1.90466	 1.79648	 0.131397
115.34	 -2.72068	 0.550278	 -2.56026	 -1.9011	 1.88153	 0.13964
115.36	 -2.70537	 0.550591	 -2.52304	 -1.89617	 1.96512	 0.148322
115.38	 -2.68896	 0.550721	 -2.48642	 -1.88988	 2.04721	 0.157452
115.4	 -2.67146	 0.550662	 -2.45043	 -1.88224	 2.12774	 0.167039
115.42	 -2.65288	 0.550408	 -2.41508	 -1.87327	 2.20667	 0.17709
115.44	 -2.63321	 0.549955	 -2.38039	 -1.86296	 2.28394	 0.187612
115.46	 -2.61247	 0.549298	 -2.34637	 -1.85134	 2.35951	 0.198612
115.48	 -2.59066	 0.548433	 -2.31304	 -1.83842	 2.43334	 0.210093
115.5	 -2.56779	 0.547355	 -2.28041	 -1.82422	 2.50539	 0.22206
115.52	 -2.54388	 0.546062	 -2.24849	 -1.80875	 2.57562	 0.234516
115.54	 -2.51893	 0.54455	 -2.21729	 -1.79204	 2.64399	 0.247461
115.56	 -2.49295	 0.542817	 -2.18683	 -1.7741	 2.71047	 0.260897
115.58	 -2.46595	 0.54086	 -2.1571	 -1.75496	 2.77504	 0.274823
115.6	 -2.43795	 0.538679	 -2.12812	 -1.73465	 2.83766	 0.289237
115.62	 -2.40895	 0.536272	 -2.09988	 -1.71317	 2.89832	 0.304136
115.64	 -2.37898	 0.533639	 -2.0724	 -1.69057	 2.95698	 0.319516
115.66	 -2.34804	 0.530781	 -2.04566	 -1.66687	 3.01363	 0.33537
115.68	 -2.31614	 0.527697	 -2.01968	 -1.6421	 3.06826	 0.351692
115.7	 -2.28331	 0.52439	 -1.99445	 -1.61629	 3.12085	 0.368474
115.72	 -2.24955	 0.52086	 -1.96996	 -1.58946	 3.17139	 0.385704
115.74	 -2.21489	 0.517112	 -1.94621	 -1.56166	 3.21988	 0.403373
115.76	 -2.17933	 0.513146	 -1.92319	 -1.53292	 3.26631	 0.421469
115.78	 -2.1429	 0.508968	 -1.9009	 -1.50327	 3.31067	 0.439977
115.8	 -2.10561	 0.504581	 -1.87933	 -1.47276	 3.35297	 0.458883
115.82	 -2.06748	 0.499989	 -1.85847	 -1.44141	 3.39322	 0.478172
115.84	 -2.02853	 0.495198	 -1.8383	 -1.40926	 3.43141	 0.497826
115.86	 -1.98878	 0.490212	 -1.81881	 -1.37637	 3.46756	 0.517828
115.88	 -1.94824	 0.485038	 -1.79999	 -1.34276	 3.50169	 0.538158
115.9	 -1.90693	 0.479679	 -1.78183	 -1.30848	 3.53379	 0.5588
115.92	 -1.86488	 0.474141	 -1.7643	 -1.27357	 3.56388	 0.579738
115.94	 -1.8221	 0.468428	 -1.74739	 -1.23808	 3.59199	 0.600955
115.96	 -1.77861	 0.462544	 -1.7311	 -1.20204	 3.61812	 0.622431
115.98	 -1.73443	 0.456495	 -1.71539	 -1.1655	 3.6423	 0.644148
116	 -1.68959	 0.450287	 -1.70024	 -1.1285	 3.66455	 0.666084
116.02	 -1.6441	 0.443926	 -1.68565	 -1.09109	 3.6849	 0.688218
116.04	 -1.59799	 0.437419	 -1.67158	 -1.05331	 3.70337	 0.710527
116.06	 -1.55127	 0.430774	 -1.65801	 -1.01521	 3.72	 0.732989
116.08	 -1.50398	 0.423997	 -1.64492	 -0.976837	 3.73481	 0.755579
116.1	 -1.45612	 0.417096	 -1.63229	 -0.938239	 3.74784	 0.778274
116.12	 -1.40773	 0.410079	 -1.62009	 -0.899462	 3.75913	 0.801049
116.14	 -1.35883	 0.402952	 -1.60828	 -0.860553	 3.76871	 0.823879
116.16	 -1.30943	 0.395725	 -1.59685	 -0.82156	 3.77663	 0.846739
116.18	 -1.25957	 0.388405	 -1.58577	 -0.782531	 3.78293	 0.869604
116.2	 -1.20926	 0.381	 -1.57501	 -0.743514	 3.78765	 0.892446
116.22	 -1.15854	 0.373518	 -1.56454	 -0.704555	 3.79083	 0.915239
116.24	 -1.10741	 0.365967	 -1.55433	 -0.665704	 3.79253	 0.937957
116.26	 -1.05591	 0.358356	 -1.54434	 -0.627008	 3.79279	 0.960575
116.28	 -1.00406	 0.35069	 -1.53455	 -0.588514	 3.79166	 0.983069
116.3	 -0.951879	 0.342977	 -1.52494	 -0.550269	 3.78919	 1.00541
116.32	 -0.899395	 0.335225	 -1.51545	 -0.512319	 3.78543	 1.02758
116.34	 -0.846631	 0.32744	 -1.50607	 -0.47471	 3.78044	 1.04955
116.36	 -0.79361	 0.31963	 -1.49676	 -0.43749	 3.77426	 1.0713
116.38	 -0.740356	 0.311804	 -1.48749	 -0.400703	 3.76697	 1.09279
116.4	 -0.686892	 0.303969	 -1.47822	 -0.364396	 3.7586	 1.114
116.42	 -0.633241	 0.296129	 -1.46891	 -0.328613	 3.74923	 1.13491
116.44	 -0.579423	 0.288292	 -1.45955	 -0.293385	 3.73889	 1.1555
116.46	 -0.525447	 0.280461	 -1.4501	 -0.258707	 3.72764	 1.17578
116.48	 -0.47132	 0.272637	 -1.44054	 -0.224589	 3.71553	 1.19573
116.5	 -0.417047	 0.264819	 -1.43085	 -0.191037	 3.70258	 1.21538
116.52	 -0.362635	 0.257009	 -1.42102	 -0.158056	 3.68886	 1.2347
116.54	 -0.308092	 0.249208	 -1.411	 -0.12565	 3.67442	 1.25371
116.56	 -0.253426	 0.241419	 -1.4008	 -0.0938188	 3.6593	 1.2724
116.58	 -0.198643	 0.233642	 -1.39038	 -0.0626105	 3.64353	 1.29075
116.6	 -0.143744	 0.225881	 -1.37974	 -0.0320726	 3.62716	 1.30874
116.62	 -0.0887288	 0.218141	 -1.36887	 -0.00224619	 3.6102	 1.32634
116.64	 -0.033597	 0.210421	 -1.35776	 0.0268278	 3.59267	 1.34354
116.66	 0.0216505	 0.202723	 -1.34642	 0.0551077	 3.5746	 1.36032
116.68	 0.0770109	 0.195046	 -1.33483	 0.0825526	 3.55601	 1.37666
116.7	 0.13248	 0.187389	 -1.32299	 0.109122	 3.53692	 1.39255
116.72	 0.188054	 0.179748	 -1.3109	 0.134776	 3.51737	 1.40797
116.74	 0.243726	 0.172123	 -1.29855	 0.159476	 3.49738	 1.42292
116.76	 0.299489	 0.16451	 -1.28593	 0.183186	 3.47696	 1.43739
116.78	 0.355338	 0.156905	 -1.27305	 0.205869	 3.45614	 1.45135
116.8	 0.411266	 0.149306	 -1.2599	 0.227491	 3.43492	 1.46481
116.82	 0.467263	 0.141707	 -1.24648	 0.248018	 3.41333	 1.47774
116.84	 0.52332	 0.134105	 -1.23281	 0.267417	 3.39135	 1.49015
116.86	 0.579425	 0.126496	 -1.21889	 0.285657	 3.369	 1.50201
116.88	 0.635566	 0.118874	 -1.20472	 0.302706	 3.34625	 1.51333
116.9	 0.691726	 0.111236	 -1.19034	 0.318536	 3.3231	 1.52409
116.92	 0.747889	 0.103579	 -1.17575	 0.333117	 3.29952	 1.53429
116.94	 0.804037	 0.0959001	 -1.16097	 0.346423	 3.27548	 1.5439
116.96	 0.860151	 0.088196	 -1.14605	 0.358426	 3.25093	 1.55291
116.98	 0.916212	 0.0804636	 -1.131	 0.369103	 3.22585	 1.56133
117	 0.972201	 0.0726991	 -1.11584	 0.378433	 3.20018	 1.56913
117.02	 1.0281	 0.0648979	 -1.10061	 0.386398	 3.17389	 1.57631
117.04	 1.08388	 0.0570543	 -1.08533	 0.392975	 3.14697	 1.58288
117.06	 1.13954	 0.0491634	 -1.07002	 0.39815	 3.11936	 1.58881
117.08	 1.19504	 0.0412206	 -1.0547	 0.401906	 3.09104	 1.59411
117.1	 1.25038	 0.0332216	 -1.03941	 0.404231	 3.06198	 1.59877
117.12	 1.30553	 0.0251624	 -1.02416	 0.405112	 3.03212	 1.60278
117.14	 1.36047	 0.0170406	 -1.00898	 0.404553	 3.00145	 1.60613
117.16	 1.41518	 0.00885275	 -0.993901	 0.402541	 2.96991	 1.60883
117.18	 1.46965	 0.000595903	 -0.97895	 0.399069	 2.93747	 1.61086
117.2	 1.52385	 -0.00773234	 -0.964154	 0.394132	 2.90409	 1.61222
117.22	 1.57776	 -0.0161345	 -0.949541	 0.387726	 2.86973	 1.61291
117.24	 1.63137	 -0.0246121	 -0.935138	 0.379856	 2.83436	 1.61291
117.26	 1.68466	 -0.0331669	 -0.920969	 0.370523	 2.79792	 1.61223
117.28	 1.7376	 -0.0418002	 -0.907062	 0.359734	 2.76041	 1.61085
117.3	 1.7902	 -0.0505128	 -0.893439	 0.347495	 2.72177	 1.60878
117.32	 1.84241	 -0.0593053	 -0.880125	 0.333818	 2.68198	 1.606
117.34	 1.89423	 -0.0681779	 -0.867141	 0.318714	 2.64101	 1.60251
117.36	 1.94564	 -0.0771299	 -0.854509	 0.302201	 2.59883	 1.59832
117.38	 1.99662	 -0.0861605	 -0.84225	 0.284295	 2.55542	 1.5934
117.4	 2.04716	 -0.0952677	 -0.830384	 0.265028	 2.51075	 1.58778
117.42	 2.09724	 -0.104449	 -0.818927	 0.244422	 2.46482	 1.58143
117.44	 2.14683	 -0.113703	 -0.807896	 0.222509	 2.41759	 1.57436
117.46	 2.19594	 -0.123025	 -0.797308	 0.199319	 2.36906	 1.56657
117.48	 2.24452	 -0.132412	 -0.787176	 0.174885	 2.31922	 1.55805
117.5	 2.29259	 -0.14186	 -0.777513	 0.14925	 2.26805	 1.5488
117.52	 2.34011	 -0.151362	 -0.76833	 0.122457	 2.21556	 1.53882
117.54	 2.38707	 -0.160913	 -0.759636	 0.0945545	 2.16174	 1.52811
117.56	 2.43345	 -0.170508	 -0.751439	 0.0655904	 2.10659	 1.51667
117.58	 2.47925	 -0.18014	 -0.743747	 0.0356192	 2.05012	 1.50449
117.6	 2.52444	 -0.189801	 -0.736564	 0.00469797	 1.99233	 1.49159
117.62	 2.56901	 -0.199485	 -0.729895	 -0.0271122	 1.93324	 1.47796
117.64	 2.61295	 -0.209182	 -0.723742	 -0.0597471	 1.87287	 1.46361
117.66	 2.65624	 -0.218884	 -0.718107	 -0.0931385	 1.81122	 1.44854
117.68	 2.69886	 -0.228582	 -0.712991	 -0.127215	 1.74832	 1.43275
117.7	 2.74081	 -0.238266	 -0.708393	 -0.161903	 1.68418	 1.41625
117.72	 2.78206	 -0.247926	 -0.704311	 -0.197123	 1.61884	 1.39905
117.74	 2.82261	 -0.257551	 -0.700743	 -0.232794	 1.55233	 1.38116
117.76	 2.86244	 -0.267128	 -0.697684	 -0.268833	 1.48467	 1.36258
117.78	 2.90154	 -0.276647	 -0.695127	 -0.30515	 1.41591	 1.34332
117.8	 2.93989	 -0.286095	 -0.693068	 -0.341657	 1.34607	 1.3234
117.82	 2.97747	 -0.29546	 -0.691496	 -0.378261	 1.27521	 1.30283
117.84	 3.01428	 -0.304727	 -0.690402	 -0.414866	 1.20337	 1.28163
117.86	 3.05031	 -0.313884	 -0.689775	 -0.451377	 1.13059	 1.2598
117.88	 3.08553	 -0.322918	 -0.689603	 -0.487693	 1.05694	 1.23736
117.9	 3.11993	 -0.331813	 -0.689873	 -0.523716	 0.982472	 1.21434
117.92	 3.15351	 -0.340557	 -0.69057	 -0.559344	 0.907236	 1.19074
117.94	 3.18624	 -0.349135	 -0.69168	 -0.594475	 0.831297	 1.16659
117.96	 3.21812	 -0.357531	 -0.693187	 -0.629007	 0.75472	 1.14191
117.98	 3.24913	 -0.365732	 -0.695073	 -0.662837	 0.67757	 1.11671
118	 3.27925	 -0.373721	 -0.697321	 -0.695864	 0.599918	 1.09102
118.02	 3.30849	 -0.381484	 -0.699912	 -0.727984	 0.521835	 1.06486
118.04	 3.33681	 -0.389006	 -0.702827	 -0.759098	 0.443397	 1.03825
118.06	 3.36421	 -0.396271	 -0.706043	 -0.789105	 0.364681	 1.01121
118.08	 3.39068	 -0.403264	 -0.70954	 -0.817906	 0.285768	 0.983771
118.1	 3.4162	 -0.409968	 -0.713295	 -0.845403	 0.206739	 0.955954
118.12	 3.44076	 -0.41637	 -0.717285	 -0.871502	 0.127681	 0.927781
118.14	 3.46435	 -0.422453	 -0.721486	 -0.896108	 0.0486782	 0.899277
118.16	 3.48695	 -0.428202	 -0.725873	 -0.91913	 -0.0301803	 0.870468
118.18	 3.50855	 -0.433601	 -0.730421	 -0.940481	 -0.108805	 0.841376
118.2	 3.52914	 -0.438637	 -0.735105	 -0.960073	 -0.187107	 0.812026
118.22	 3.5487	 -0.443295	 -0.7399	 -0.977825	 -0.264996	 0.782448
118.24	 3.56723	 -0.447568	 -0.744786	 -0.993653	 -0.342391	 0.752678
118.26	 3.58471	 -0.451449	 -0.749742	 -1.00748	 -0.419211	 0.722756
118.28	 3.60114	 -0.454932	 -0.754747	 -1.01922	 -0.495377	 0.692724
118.3	 3.6165	 -0.458013	 -0.759784	 -1.02882	 -0.570807	 0.662618
118.32	 3.63078	 -0.460684	 -0.764831	 -1.03618	 -0.645422	 0.632476
118.34	 3.64397	 -0.462939	 -0.769866	 -1.04125	 -0.719138	 0.602332
118.36	 3.65607	 -0.46477	 -0.774868	 -1.04397	 -0.791872	 0.57222
118.38	 3.66706	 -0.466169	 -0.779814	 -1.04428	 -0.86354	 0.542174
118.4	 3.67693	 -0.467132	 -0.784681	 -1.04213	 -0.93406	 0.512229
118.42	 3.68567	 -0.467651	 -0.789446	 -1.03747	 -1.00335	 0.482416
118.44	 3.69328	 -0.467721	 -0.794087	 -1.03025	 -1.07134	 0.452769
118.46	 3.69974	 -0.467337	 -0.798581	 -1.02044	 -1.13794	 0.423321
118.48	 3.70505	 -0.466493	 -0.802907	 -1.008	 -1.20308	 0.394103
118.5	 3.70921	 -0.465187	 -0.807042	 -0.99289	 -1.26669	 0.365144
118.52	 3.71219	 -0.463413	 -0.810964	 -0.975088	 -1.32868	 0.336476
118.54	 3.71399	 -0.461169	 -0.814652	 -0.954569	 -1.389	 0.308126
118.56	 3.71462	 -0.458452	 -0.818083	 -0.931321	 -1.44757	 0.280124
118.58	 3.71405	 -0.45526	 -0.821235	 -0.905329	 -1.50432	 0.252497
118.6	 3.71229	 -0.451593	 -0.824087	 -0.876586	 -1.55919	 0.225273
118.62	 3.70933	 -0.447449	 -0.826616	 -0.845089	 -1.61212	 0.198476
118.64	 3.70516	 -0.442829	 -0.828799	 -0.81084	 -1.66304	 0.172133
118.66	 3.69977	 -0.437735	 -0.830616	 -0.773847	 -1.7119	 0.146268
118.68	 3.69317	 -0.432167	 -0.832044	 -0.734123	 -1.75865	 0.120905
118.7	 3.68535	 -0.426129	 -0.833063	 -0.691686	 -1.80323	 0.0960674
118.72	 3.67631	 -0.419624	 -0.83365	 -0.646561	 -1.84558	 0.0717763
118.74	 3.66603	 -0.412658	 -0.833785	 -0.598778	 -1.88567	 0.0480528
118.76	 3.65452	 -0.405235	 -0.833447	 -0.548376	 -1.92345	 0.0249169
118.78	 3.64178	 -0.397362	 -0.832617	 -0.495396	 -1.95887	 0.00238739
118.8	 3.62779	 -0.389046	 -0.831274	 -0.43989	 -1.9919	 -0.019518
118.82	 3.61257	 -0.380295	 -0.829399	 -0.381915	 -2.0225	 -0.0407829
118.84	 3.59611	 -0.371118	 -0.826973	 -0.321534	 -2.05064	 -0.0613918
118.86	 3.57841	 -0.361524	 -0.823978	 -0.258818	 -2.07629	 -0.081331
118.88	 3.55946	 -0.351525	 -0.820396	 -0.193844	 -2.09942	 -0.100588
118.9	 3.53928	 -0.341131	 -0.816209	 -0.126695	 -2.12	 -0.119151
118.92	 3.51786	 -0.330355	 -0.8114	 -0.0574612	 -2.13802	 -0.137012
118.94	 3.4952	 -0.319208	 -0.805955	 0.0137623	 -2.15346	 -0.154161
118.96	 3.47131	 -0.307705	 -0.799857	 0.086875	 -2.16631	 -0.170594
118.98	 3.44619	 -0.295859	 -0.793092	 0.161772	 -2.17654	 -0.186304
119	 3.41984	 -0.283684	 -0.785647	 0.238342	 -2.18417	 -0.201289
119.02	 3.39227	 -0.271195	 -0.777507	 0.316469	 -2.18917	 -0.215547
119.04	 3.36349	 -0.258407	 -0.768661	 0.396034	 -2.19157	 -0.229078
119.06	 3.33351	 -0.245337	 -0.759097	 0.476911	 -2.19135	 -0.241883
119.08	 3.30232	 -0.232	 -0.748805	 0.558973	 -2.18852	 -0.253965
119.1	 3.26995	 -0.218413	 -0.737774	 0.642085	 -2.18311	 -0.265329
119.12	 3.23639	 -0.204593	 -0.725995	 0.726112	 -2.17511	 -0.27598
119.14	 3.20166	 -0.190558	 -0.71346	 0.810912	 -2.16454	 -0.285926
119.16	 3.16577	 -0.176325	 -0.700162	 0.896341	 -2.15144	 -0.295176
119.18	 3.12873	 -0.161912	 -0.686094	 0.982251	 -2.13581	 -0.303742
119.2	 3.09054	 -0.147338	 -0.671251	 1.06849	 -2.1177	 -0.311635
119.22	 3.05123	 -0.13262	 -0.655628	 1.15491	 -2.09711	 -0.31887
119.24	 3.01081	 -0.117777	 -0.63922	 1.24135	 -2.0741	 -0.325462
119.26	 2.96928	 -0.102827	 -0.622027	 1.32765	 -2.04869	 -0.331429
119.28	 2.92666	 -0.0877898	 -0.604045	 1.41366	 -2.02093	 -0.336789
119.3	 2.88298	 -0.0726831	 -0.585274	 1.4992	 -1.99086	 -0.341563
119.32	 2.83823	 -0.0575256	 -0.565715	 1.58412	 -1.95851	 -0.345771
119.34	 2.79244	 -0.0423359	 -0.545368	 1.66826	 -1.92394	 -0.349438
119.36	 2.74562	 -0.0271323	 -0.524237	 1.75144	 -1.88721	 -0.352588
119.38	 2.6978	 -0.011933	 -0.502323	 1.8335	 -1.84835	 -0.355247
119.4	 2.64898	 0.00324408	 -0.479633	 1.91429	 -1.80743	 -0.357441
119.42	 2.59919	 0.0183811	 -0.45617	 1.99362	 -1.7645	 -0.3592
119.44	 2.54843	 0.0334603	 -0.431941	 2.07134	 -1.71963	 -0.360553
119.46	 2.49674	 0.0484649	 -0.406954	 2.14728	 -1.67287	 -0.361531
119.48	 2.44413	 0.0633778	 -0.381217	 2.22128	 -1.62429	 -0.362164
119.5	 2.39061	 0.0781827	 -0.35474	 2.29318	 -1.57396	 -0.362487
119.52	 2.33622	 0.0928635	 -0.327533	 2.36283	 -1.52193	 -0.362532
119.54	 2.28095	 0.107404	 -0.299608	 2.43005	 -1.46829	 -0.362334
119.56	 2.22484	 0.12179	 -0.270977	 2.49471	 -1.41311	 -0.361927
119.58	 2.16791	 0.136005	 -0.241655	 2.55664	 -1.35645	 -0.361347
119.6	 2.11017	 0.150035	 -0.211656	 2.61571	 -1.29839	 -0.360628
119.62	 2.05165	 0.163866	 -0.180997	 2.67175	 -1.23901	 -0.359806
119.64	 1.99237	 0.177484	 -0.149693	 2.72463	 -1.17838	 -0.358918
119.66	 1.93234	 0.190875	 -0.117764	 2.77422	 -1.11658	 -0.357999
119.68	 1.87158	 0.204027	 -0.0852295	 2.82037	 -1.05369	 -0.357084
119.7	 1.81013	 0.216926	 -0.052109	 2.86295	 -0.989788	 -0.356208
119.72	 1.74799	 0.22956	 -0.0184245	 2.90183	 -0.924954	 -0.355404
119.74	 1.68519	 0.241917	 0.0158008	 2.9369	 -0.859268	 -0.354707
119.76	 1.62176	 0.253983	 0.0505426	 2.96803	 -0.792811	 -0.354148
119.78	 1.55771	 0.265746	 0.0857751	 2.99511	 -0.725662	 -0.353757
119.8	 1.49307	 0.277194	 0.121471	 3.01802	 -0.657901	 -0.353564
119.82	 1.42786	 0.288314	 0.157601	 3.03665	 -0.58961	 -0.353597
119.84	 1.36211	 0.299094	 0.194134	 3.05091	 -0.520872	 -0.353883
119.86	 1.29583	 0.309523	 0.231039	 3.06071	 -0.451763	 -0.354445
119.88	 1.22907	 0.319587	 0.268279	 3.06597	 -0.382368	 -0.355309
119.9	 1.16184	 0.329276	 0.305818	 3.06663	 -0.312764	 -0.356491
119.92	 1.09418	 0.338576	 0.343616	 3.06262	 -0.243036	 -0.358013
119.94	 1.02611	 0.347477	 0.381634	 3.05388	 -0.173267	 -0.359888
119.96	 0.957675	 0.355965	 0.419827	 3.04037	 -0.103545	 -0.36213
119.98	 0.888903	 0.36403	 0.458149	 3.02205	 -0.0339589	 -0.364749
120	 0.819834	 0.371658	 0.496552	 2.99889	 0.0354001	 -0.367754
120.02	 0.750505	 0.37884	 0.534986	 2.97089	 0.104438	 -0.37115
120.04	 0.680961	 0.385562	 0.573396	 2.93804	 0.173057	 -0.374937
120.06	 0.611245	 0.391814	 0.611728	 2.90034	 0.241157	 -0.379113
120.08	 0.541403	 0.397582	 0.649922	 2.85782	 0.308631	 -0.383671
120.1	 0.471485	 0.402856	 0.68792	 2.8105	 0.375371	 -0.388604
120.12	 0.401538	 0.407625	 0.72566	 2.75842	 0.441267	 -0.393898
120.14	 0.331615	 0.411877	 0.76308	 2.70165	 0.506205	 -0.399537
120.16	 0.261766	 0.415602	 0.800116	 2.64023	 0.570071	 -0.405499
120.18	 0.192044	 0.41879	 0.836704	 2.57426	 0.632749	 -0.411762
120.2	 0.1225	 0.421431	 0.87278	 2.50382	 0.694125	 -0.418295
120.22	 0.0531883	 0.423515	 0.90828	 2.429	 0.754085	 -0.425067
120.24	 -0.0158393	 0.425034	 0.943138	 2.34992	 0.812518	 -0.432044
120.26	 -0.0845302	 0.425979	 0.977291	 2.2667	 0.869315	 -0.439189
120.28	 -0.152833	 0.426345	 1.01067	 2.17946	 0.924372	 -0.446465
120.3	 -0.220696	 0.426124	 1.04323	 2.08835	 0.977587	 -0.453831
120.32	 -0.28807	 0.425313	 1.07489	 1.99353	 1.02886	 -0.461247
120.34	 -0.354906	 0.42391	 1.1056	 1.89517	 1.07811	 -0.468671
120.36	 -0.421156	 0.421911	 1.13529	 1.79346	 1.12525	 -0.47606
120.38	 -0.486771	 0.419317	 1.16392	 1.68858	 1.17018	 -0.483365
120.4	 -0.551705	 0.416127	 1.19143	 1.58074	 1.21284	 -0.490538
120.42	 -0.615912	 0.41234	 1.21776	 1.47012	 1.25315	 -0.497528
120.44	 -0.679345	 0.407957	 1.24287	 1.35693	 1.29102	 -0.504279
120.46	 -0.74196	 0.402979	 1.26669	 1.24139	 1.32639	 -0.510738
120.48	 -0.803712	 0.397411	 1.28919	 1.12371	 1.3592	 -0.516848
120.5	 -0.864559	 0.391257	 1.31032	 1.00413	 1.38938	 -0.522551
120.52	 -0.92446	 0.384523	 1.33003	 0.882889	 1.4169	 -0.527792
120.54	 -0.983374	 0.377216	 1.34829	 0.76024	 1.44171	 -0.532514
120.56	 -1.04126	 0.369346	 1.36506	 0.636432	 1.46378	 -0.536662
120.58	 -1.09808	 0.360921	 1.3803	 0.511721	 1.48308	 -0.540177
120.6	 -1.1538	 0.351951	 1.39399	 0.386361	 1.49957	 -0.543006
120.62	 -1.20837	 0.342446	 1.40608	 0.260602	 1.51322	 -0.545091
120.64	 -1.26176	 0.332418	 1.41656	 0.134696	 1.524	 -0.54638
120.66	 -1.31393	 0.32188	 1.42539	 0.00889619	 1.53189	 -0.54682
120.68	 -1.36485	 0.310845	 1.43255	 -0.116539	 1.53688	 -0.54636
120.7	 -1.41448	 0.299329	 1.43802	 -0.241354	 1.53895	 -0.544951
120.72	 -1.46278	 0.287345	 1.4418	 -0.365296	 1.53809	 -0.542545
120.74	 -1.50974	 0.27491	 1.44386	 -0.488114	 1.53432	 -0.539096
120.76	 -1.55531	 0.262041	 1.4442	 -0.609563	 1.52764	 -0.53456
120.78	 -1.59946	 0.248756	 1.4428	 -0.729397	 1.51806	 -0.528896
120.8	 -1.64218	 0.235072	 1.43967	 -0.847372	 1.50561	 -0.522064
120.82	 -1.68342	 0.22101	 1.4348	 -0.963248	 1.49031	 -0.514029
120.84	 -1.72316	 0.20659	 1.42821	 -1.07679	 1.47219	 -0.504757
120.86	 -1.76139	 0.191832	 1.41989	 -1.18777	 1.45131	 -0.49422
120.88	 -1.79807	 0.176756	 1.40986	 -1.29598	 1.42769	 -0.482389
120.9	 -1.83318	 0.161385	 1.39814	 -1.40119	 1.40139	 -0.469243
120.92	 -1.8667	 0.14574	 1.38473	 -1.50322	 1.37246	 -0.45476
120.94	 -1.89861	 0.129843	 1.36966	 -1.60187	 1.34096	 -0.438926
120.96	 -1.9289	 0.113716	 1.35296	 -1.69695	 1.30694	 -0.421728
120.98	 -1.95753	 0.0973824	 1.33465	 -1.7883	 1.27048	 -0.40316
121	 -1.9845	 0.0808654	 1.31477	 -1.87575	 1.23165	 -0.383216
121.02	 -2.0098	 0.064188	 1.29333	 -1.95914	 1.19052	 -0.361897
121.04	 -2.0334	 0.0473737	 1.27039	 -2.03834	 1.14717	 -0.339208
121.06	 -2.05529	 0.0304465	 1.24597	 -2.11321	 1.10168	 -0.315157
121.08	 -2.07547	 0.0134303	 1.22013	 -2.18363	 1.05414	 -0.289757
121.1	 -2.09392	 -0.00365068	 1.1929	 -2.24949	 1.00465	 -0.263026
121.12	 -2.11063	 -0.0207724	 1.16433	 -2.31069	 0.953292	 -0.234986
121.14	 -2.12561	 -0.0379108	 1.13448	 -2.36715	 0.900172	 -0.205662
121.16	 -2.13883	 -0.0550422	 1.1034	 -2.41879	 0.845385	 -0.175084
121.18	 -2.15031	 -0.0721428	 1.07113	 -2.46554	 0.789031	 -0.143285
121.2	 -2.16003	 -0.0891891	 1.03773	 -2.50737	 0.731181	 -0.110302
121.22	 -2.16802	 -0.106157	 1.00323	 -2.54424	 0.671889	 -0.0761774
121.24	 -2.17428	 -0.123023	 0.96766	 -2.57611	 0.6112	 -0.0409584
121.26	 -2.17883	 -0.139763	 0.931054	 -2.60298	 0.549157	 -0.00469488
121.28	 -2.18169	 -0.156354	 0.893449	 -2.62485	 0.485809	 0.0325588
121.3	 -2.18286	 -0.172772	 0.854884	 -2.64173	 0.421212	 0.0707448
121.32	 -2.18236	 -0.188994	 0.815405	 -2.65364	 0.355432	 0.109801
121.34	 -2.18022	 -0.204999	 0.775064	 -2.66062	 0.288544	 0.149663
121.36	 -2.17644	 -0.220763	 0.733913	 -2.66271	 0.220624	 0.190262
121.38	 -2.17104	 -0.236265	 0.692007	 -2.65998	 0.151751	 0.231526
121.4	 -2.16405	 -0.251485	 0.649402	 -2.6525	 0.0819988	 0.273381
121.42	 -2.15549	 -0.266402	 0.606152	 -2.64035	 0.0114426	 0.31575
121.44	 -2.14537	 -0.280996	 0.562314	 -2.62363	 -0.0598457	 0.358555
121.46	 -2.13372	 -0.295247	 0.517941	 -2.60244	 -0.131794	 0.401712
121.48	 -2.12057	 -0.309138	 0.473091	 -2.5769	 -0.204331	 0.445139
121.5	 -2.10595	 -0.32265	 0.427819	 -2.54714	 -0.277381	 0.488751
121.52	 -2.08988	 -0.335766	 0.382184	 -2.51328	 -0.35087	 0.53246
121.54	 -2.07239	 -0.348469	 0.336245	 -2.47548	 -0.424721	 0.576178
121.56	 -2.05351	 -0.360744	 0.290061	 -2.43388	 -0.498856	 0.619816
121.58	 -2.03327	 -0.372575	 0.243692	 -2.38864	 -0.573198	 0.663285
121.6	 -2.0117	 -0.383947	 0.197199	 -2.33992	 -0.64767	 0.706493
121.62	 -1.98883	 -0.394847	 0.150641	 -2.28789	 -0.722195	 0.749351
121.64	 -1.9647	 -0.405262	 0.104078	 -2.23273	 -0.796697	 0.791766
121.66	 -1.93933	 -0.415181	 0.0575695	 -2.17461	 -0.871103	 0.83365
121.68	 -1.91276	 -0.42459	 0.0111735	 -2.11372	 -0.945339	 0.874912
121.7	 -1.88503	 -0.433481	 -0.0350518	 -2.05025	 -1.01933	 0.915463
121.72	 -1.85616	 -0.441843	 -0.0810489	 -1.98437	 -1.09301	 0.955215
121.74	 -1.8262	 -0.449667	 -0.126761	 -1.9163	 -1.16631	 0.994082
121.76	 -1.79518	 -0.456945	 -0.172132	 -1.84621	 -1.23915	 1.03198
121.78	 -1.76313	 -0.46367	 -0.217107	 -1.7743	 -1.31147	 1.06882
121.8	 -1.73009	 -0.469835	 -0.261632	 -1.70076	 -1.38321	 1.10453
121.82	 -1.6961	 -0.475434	 -0.305655	 -1.62579	 -1.45428	 1.13902
121.84	 -1.66119	 -0.480462	 -0.349122	 -1.54957	 -1.52464	 1.17222
121.86	 -1.6254	 -0.484916	 -0.391985	 -1.4723	 -1.59422	 1.20405
121.88	 -1.58876	 -0.488791	 -0.434193	 -1.39416	 -1.66296	 1.23445
121.9	 -1.55131	 -0.492086	 -0.475701	 -1.31534	 -1.73079	 1.26334
121.92	 -1.5131	 -0.494799	 -0.516462	 -1.23601	 -1.79767	 1.29066
121.94	 -1.47414	 -0.496929	 -0.556431	 -1.15636	 -1.86354	 1.31634
121.96	 -1.43449	 -0.498476	 -0.595567	 -1.07657	 -1.92835	 1.34034
121.98	 -1.39417	 -0.499442	 -0.633829	 -0.996799	 -1.99204	 1.36258
122	 -1.35322	 -0.499833	 -0.671182	 -0.917219	 -2.05458	 1.38303
122.02	 -1.31168	 -0.499654	 -0.707591	 -0.837989	 -2.11593	 1.40166
122.04	 -1.26958	 -0.498916	 -0.743026	 -0.759265	 -2.17605	 1.41842
122.06	 -1.22695	 -0.497638	 -0.777467	 -0.681193	 -2.23493	 1.43331
122.08	 -1.18383	 -0.495841	 -0.810893	 -0.603914	 -2.29255	 1.44632
122.1	 -1.14025	 -0.493547	 -0.843288	 -0.527558	 -2.3489	 1.45745
122.12	 -1.09623	 -0.490775	 -0.874635	 -0.452255	 -2.40397	 1.46669
122.14	 -1.05181	 -0.487544	 -0.904918	 -0.378126	 -2.45774	 1.47404
122.16	 -1.00703	 -0.483869	 -0.934119	 -0.305288	 -2.51019	 1.4795
122.18	 -0.961898	 -0.479766	 -0.962222	 -0.233857	 -2.5613	 1.48306
122.2	 -0.916463	 -0.475251	 -0.989209	 -0.163941	 -2.61106	 1.48471
122.22	 -0.870752	 -0.470336	 -1.01506	 -0.0956431	 -2.65944	 1.48447
122.24	 -0.824795	 -0.465039	 -1.03978	 -0.0290606	 -2.70643	 1.48234
122.26	 -0.778622	 -0.459373	 -1.06333	 0.035717	 -2.75203	 1.47833
122.28	 -0.732262	 -0.453355	 -1.08572	 0.0986074	 -2.7962	 1.47244
122.3	 -0.685747	 -0.446997	 -1.10693	 0.159535	 -2.83895	 1.4647
122.32	 -0.639103	 -0.440316	 -1.12696	 0.218429	 -2.88027	 1.45512
122.34	 -0.592362	 -0.433324	 -1.1458	 0.275229	 -2.92014	 1.44371
122.36	 -0.545551	 -0.426035	 -1.16344	 0.329875	 -2.95855	 1.43049
122.38	 -0.498698	 -0.418464	 -1.17989	 0.382318	 -2.9955	 1.4155
122.4	 -0.451832	 -0.410628	 -1.19514	 0.432512	 -3.03099	 1.39876
122.42	 -0.40498	 -0.402544	 -1.2092	 0.480422	 -3.06502	 1.38031
122.44	 -0.35817	 -0.394227	 -1.22207	 0.526017	 -3.09758	 1.36018
122.46	 -0.311428	 -0.385695	 -1.23375	 0.569271	 -3.1287	 1.33842
122.48	 -0.264782	 -0.376963	 -1.24426	 0.610168	 -3.15836	 1.31506
122.5	 -0.218256	 -0.368045	 -1.2536	 0.648694	 -3.18658	 1.29015
122.52	 -0.171877	 -0.358956	 -1.26178	 0.684843	 -3.21336	 1.26372
122.54	 -0.12567	 -0.349711	 -1.26881	 0.718612	 -3.2387	 1.23583
122.56	 -0.07966	 -0.340324	 -1.2747	 0.750005	 -3.26262	 1.20652
122.58	 -0.0338711	 -0.330809	 -1.27947	 0.779031	 -3.28513	 1.17585
122.6	 0.0116726	 -0.32118	 -1.28312	 0.805706	 -3.30622	 1.14387
122.62	 0.0569477	 -0.31145	 -1.28569	 0.830048	 -3.32592	 1.11062
122.64	 0.101931	 -0.301632	 -1.28717	 0.852083	 -3.34424	 1.07617
122.66	 0.146601	 -0.291739	 -1.2876	 0.871841	 -3.36119	 1.04057
122.68	 0.190934	 -0.281784	 -1.287	 0.889356	 -3.37678	 1.00388
122.7	 0.234909	 -0.271778	 -1.28537	 0.904666	 -3.39103	 0.966154
122.72	 0.278506	 -0.261733	 -1.28275	 0.917815	 -3.40395	 0.927455
122.74	 0.321703	 -0.251659	 -1.27916	 0.92885	 -3.41556	 0.887843
122.76	 0.364481	 -0.241568	 -1.27463	 0.937821	 -3.42588	 0.847379
122.78	 0.40682	 -0.23147	 -1.26917	 0.944782	 -3.43493	 0.806124
122.8	 0.448702	 -0.221373	 -1.26282	 0.949792	 -3.44272	 0.76414
122.82	 0.490108	 -0.211289	 -1.25561	 0.952912	 -3.44927	 0.721491
122.84	 0.531021	 -0.201225	 -1.24756	 0.954205	 -3.45461	 0.678238
122.86	 0.571422	 -0.191189	 -1.2387	 0.95374	 -3.45875	 0.634446
122.88	 0.611296	 -0.18119	 -1.22908	 0.951586	 -3.46173	 0.590176
122.9	 0.650625	 -0.171235	 -1.21871	 0.947814	 -3.46355	 0.54549
122.92	 0.689388	 -0.161326	 -1.20765	 0.942498	 -3.46427	 0.500446
122.94	 0.727568	 -0.151471	 -1.19592	 0.935714	 -3.46391	 0.455102
122.96	 0.765142	 -0.14167	 -1.18357	 0.927537	 -3.46251	 0.409514
122.98	 0.802094	 -0.131925	 -1.17065	 0.91808	 -3.46011	 0.363746
123	 0.838409	 -0.122237	 -1.1572	 0.907457	 -3.45677	 0.317861
123.02	 0.874074	 -0.11261	 -1.14328	 0.895777	 -3.45251	 0.271921
123.04	 0.909079	 -0.103044	 -1.12895	 0.883153	 -3.44738	 0.22599
123.06	 0.943409	 -0.0935393	 -1.11425	 0.869694	 -3.44144	 0.180127
123.08	 0.977051	 -0.084097	 -1.09923	 0.855513	 -3.4347	 0.13439
123.1	 1.00999	 -0.0747165	 -1.08396	 0.840719	 -3.42724	 0.0888358
123.12	 1.04222	 -0.0653995	 -1.06848	 0.825379	 -3.41909	 0.0435134
123.14	 1.07371	 -0.0561469	 -1.05287	 0.809551	 -3.41031	 -0.0015313
123.16	 1.10447	 -0.0469592	 -1.03718	 0.793303	 -3.40095	 -0.0462504
123.18	 1.13449	 -0.0378364	 -1.02148	 0.7767	 -3.39106	 -0.0905979
123.2	 1.16375	 -0.0287796	 -1.00584	 0.759806	 -3.3807	 -0.134525
123.22	 1.19224	 -0.0197897	 -0.990324	 0.742686	 -3.36991	 -0.177985
123.24	 1.21996	 -0.0108681	 -0.974991	 0.725406	 -3.35877	 -0.220929
123.26	 1.2469	 -0.00201612	 -0.959909	 0.708028	 -3.34731	 -0.263311
123.28	 1.27304	 0.00676502	 -0.945141	 0.690616	 -3.33561	 -0.305085
123.3	 1.29838	 0.0154742	 -0.93075	 0.673233	 -3.32371	 -0.346207
123.32	 1.32291	 0.0241105	 -0.916798	 0.65594	 -3.31168	 -0.386633
123.34	 1.34661	 0.0326729	 -0.903347	 0.638798	 -3.29957	 -0.426321
123.36	 1.36949	 0.0411609	 -0.890458	 0.621863	 -3.28745	 -0.46523
123.38	 1.39153	 0.0495733	 -0.878191	 0.605195	 -3.27536	 -0.50332
123.4	 1.41272	 0.0579094	 -0.866608	 0.588847	 -3.26337	 -0.540551
123.42	 1.43307	 0.0661681	 -0.855765	 0.572874	 -3.25154	 -0.576887
123.44	 1.45255	 0.0743484	 -0.845721	 0.557327	 -3.23991	 -0.61229
123.46	 1.47117	 0.0824493	 -0.836531	 0.542255	 -3.22854	 -0.646725
123.48	 1.48893	 0.0904697	 -0.828249	 0.527707	 -3.21749	 -0.680159
123.5	 1.50581	 0.0984084	 -0.820928	 0.513728	 -3.20679	 -0.712559
123.52	 1.5218	 0.106264	 -0.814618	 0.50036	 -3.19652	 -0.743895
123.54	 1.53692	 0.114036	 -0.80937	 0.487646	 -3.18671	 -0.774138
123.56	 1.55115	 0.121723	 -0.805228	 0.475622	 -3.17742	 -0.80326
123.58	 1.56448	 0.129324	 -0.80224	 0.464324	 -3.16868	 -0.831236
123.6	 1.57692	 0.136838	 -0.800446	 0.453784	 -3.16054	 -0.858042
123.62	 1.58847	 0.144264	 -0.799887	 0.444034	 -3.15305	 -0.883657
123.64	 1.59911	 0.151601	 -0.800602	 0.435099	 -3.14623	 -0.908061
123.66	 1.60885	 0.158849	 -0.802625	 0.427004	 -3.14014	 -0.931236
123.68	 1.61769	 0.166007	 -0.805989	 0.419771	 -3.13479	 -0.953166
123.7	 1.62563	 0.173073	 -0.810724	 0.413417	 -3.13023	 -0.973838
123.72	 1.63266	 0.180048	 -0.816858	 0.407959	 -3.12647	 -0.993241
123.74	 1.63879	 0.186932	 -0.824415	 0.403408	 -3.12355	 -1.01136
123.76	 1.64401	 0.193723	 -0.833418	 0.399772	 -3.1215	 -1.0282
123.78	 1.64833	 0.200423	 -0.843886	 0.397058	 -3.12032	 -1.04375
123.8	 1.65175	 0.207033	 -0.855837	 0.395268	 -3.12005	 -1.05801
123.82	 1.65426	 0.213555	 -0.869285	 0.394398	 -3.1207	 -1.07098
123.84	 1.65588	 0.219991	 -0.884243	 0.394445	 -3.12229	 -1.08268
123.86	 1.65661	 0.226343	 -0.900719	 0.395398	 -3.12482	 -1.0931
123.88	 1.65644	 0.232612	 -0.918718	 0.397245	 -3.12831	 -1.10225
123.9	 1.65538	 0.238799	 -0.938242	 0.399972	 -3.13276	 -1.11015
123.92	 1.65344	 0.244905	 -0.95929	 0.403559	 -3.13818	 -1.1168
123.94	 1.65061	 0.250933	 -0.981858	 0.407986	 -3.14456	 -1.12222
123.96	 1.64691	 0.256884	 -1.00594	 0.413227	 -3.1519	 -1.12643
123.98	 1.64234	 0.262759	 -1.03152	 0.419255	 -3.16019	 -1.12945
124	 1.6369	 0.26856	 -1.05859	 0.426039	 -3.16941	 -1.13129
124.02	 1.6306	 0.274286	 -1.08713	 0.433545	 -3.17957	 -1.13198
124.04	 1.62345	 0.279937	 -1.11712	 0.441736	 -3.19063	 -1.13153
124.06	 1.61546	 0.285513	 -1.14853	 0.450574	 -3.20258	 -1.12997
124.08	 1.60662	 0.291015	 -1.18135	 0.460017	 -3.21539	 -1.12733
124.1	 1.59696	 0.296442	 -1.21554	 0.47002	 -3.22904	 -1.12362
124.12	 1.58647	 0.301795	 -1.25108	 0.480537	 -3.2435	 -1.11889
124.14	 1.57517	 0.307074	 -1.28792	 0.491518	 -3.25874	 -1.11315
124.16	 1.56307	 0.31228	 -1.32603	 0.502912	 -3.27472	 -1.10644
124.18	 1.55016	 0.317411	 -1.36537	 0.514665	 -3.29141	 -1.0988
124.2	 1.53648	 0.322469	 -1.40591	 0.526721	 -3.30878	 -1.09025
124.22	 1.52201	 0.327452	 -1.44759	 0.539024	 -3.32677	 -1.08083
124.24	 1.50678	 0.332361	 -1.49037	 0.551513	 -3.34534	 -1.07058
124.26	 1.49079	 0.337194	 -1.5342	 0.564129	 -3.36446	 -1.05953
124.28	 1.47406	 0.341952	 -1.57903	 0.576811	 -3.38407	 -1.04772
124.3	 1.45659	 0.346627	 -1.62482	 0.589495	 -3.40413	 -1.03519
124.32	 1.4384	 0.351208	 -1.67152	 0.602121	 -3.4246	 -1.02193
124.34	 1.4195	 0.355679	 -1.71907	 0.614628	 -3.44546	 -1.00798
124.36	 1.39989	 0.360026	 -1.76745	 0.626956	 -3.46668	 -0.993338
124.38	 1.3796	 0.364234	 -1.81659	 0.639046	 -3.48821	 -0.978028
124.4	 1.35863	 0.368291	 -1.86645	 0.650839	 -3.51003	 -0.962073
124.42	 1.33699	 0.372185	 -1.91697	 0.662271	 -3.53209	 -0.945495
124.44	 1.3147	 0.375909	 -1.96811	 0.673279	 -3.55434	 -0.928326
124.46	 1.29178	 0.379455	 -2.01981	 0.683797	 -3.57677	 -0.910597
124.48	 1.26823	 0.382816	 -2.07202	 0.693757	 -3.59932	 -0.892339
124.5	 1.24408	 0.385984	 -2.1247	 0.703093	 -3.62199	 -0.873581
124.52	 1.21934	 0.38895	 -2.17779	 0.711739	 -3.64474	 -0.854351
124.54	 1.19403	 0.391704	 -2.23125	 0.719631	 -3.66754	 -0.834678
124.56	 1.16817	 0.394237	 -2.28503	 0.726704	 -3.69035	 -0.814589
124.58	 1.14177	 0.39654	 -2.33906	 0.732898	 -3.71315	 -0.794112
124.6	 1.11484	 0.398605	 -2.39331	 0.738151	 -3.73588	 -0.773278
124.62	 1.08741	 0.400434	 -2.44771	 0.742485	 -3.75851	 -0.752109
124.64	 1.05949	 0.402031	 -2.50221	 0.745893	 -3.78098	 -0.730631
124.66	 1.03109	 0.403398	 -2.55675	 0.748367	 -3.80325	 -0.70887
124.68	 1.00224	 0.404539	 -2.61129	 0.749895	 -3.82526	 -0.686852
124.7	 0.972945	 0.405459	 -2.66577	 0.750471	 -3.84697	 -0.664604
124.72	 0.943228	 0.40616	 -2.72014	 0.750093	 -3.86833	 -0.642153
124.74	 0.913104	 0.406644	 -2.77434	 0.748761	 -3.88929	 -0.619525
124.76	 0.882591	 0.406915	 -2.82831	 0.746478	 -3.9098	 -0.596747
124.78	 0.851706	 0.406975	 -2.88202	 0.743247	 -3.92982	 -0.573846
124.8	 0.820462	 0.406827	 -2.93539	 0.739073	 -3.94931	 -0.550851
124.82	 0.788869	 0.406479	 -2.9884	 0.73396	 -3.96824	 -0.527795
124.84	 0.756934	 0.405937	 -3.041	 0.727911	 -3.98659	 -0.504711
124.86	 0.724665	 0.405209	 -3.09315	 0.720929	 -4.00437	 -0.481631
124.88	 0.69207	 0.404302	 -3.14483	 0.713017	 -4.02156	 -0.458584
124.9	 0.65916	 0.403224	 -3.196	 0.704178	 -4.03815	 -0.435602
124.92	 0.625945	 0.401981	 -3.24661	 0.694423	 -4.05413	 -0.412715
124.94	 0.592437	 0.400582	 -3.29664	 0.683761	 -4.06947	 -0.389959
124.96	 0.55865	 0.399034	 -3.34603	 0.672205	 -4.08416	 -0.367366
124.98	 0.524594	 0.397344	 -3.39475	 0.659763	 -4.09817	 -0.344968
125	 0.490275	 0.395516	 -3.44277	 0.646442	 -4.11148	 -0.322791
125.02	 0.455696	 0.393554	 -3.49004	 0.632249	 -4.12408	 -0.300854
125.04	 0.420858	 0.39146	 -3.53656	 0.617198	 -4.13597	 -0.279171
125.06	 0.38576	 0.389235	 -3.58229	 0.601316	 -4.14714	 -0.257726
125.08	 0.350402	 0.386876	 -3.62722	 0.584617	 -4.15756	 -0.236504
125.1	 0.314785	 0.384384	 -3.67133	 0.567109	 -4.16721	 -0.215492
125.12	 0.278913	 0.381761	 -3.71458	 0.548807	 -4.17608	 -0.194677
125.14	 0.24279	 0.379008	 -3.75697	 0.529725	 -4.18413	 -0.174054
125.16	 0.206421	 0.376129	 -3.79847	 0.509885	 -4.19134	 -0.153617
125.18	 0.169811	 0.373125	 -3.83905	 0.489308	 -4.19768	 -0.133364
125.2	 0.132965	 0.37	 -3.87868	 0.468016	 -4.20314	 -0.113293
125.22	 0.0958882	 0.366755	 -3.91736	 0.446032	 -4.20769	 -0.0933978
125.24	 0.0585848	 0.363392	 -3.95504	 0.423375	 -4.21131	 -0.0736744
125.26	 0.0210601	 0.359913	 -3.99173	 0.400068	 -4.214	 -0.0541169
125.28	 -0.0166804	 0.356321	 -4.02739	 0.376132	 -4.21572	 -0.0347199
125.3	 -0.0546308	 0.352617	 -4.06202	 0.351587	 -4.21647	 -0.0154784
125.32	 -0.0927852	 0.348804	 -4.09558	 0.326455	 -4.21623	 0.00361194
125.34	 -0.131137	 0.344885	 -4.12808	 0.300758	 -4.21496	 0.0225549
125.36	 -0.169679	 0.340863	 -4.15948	 0.274521	 -4.21267	 0.0413541
125.38	 -0.208405	 0.33674	 -4.18978	 0.247766	 -4.20932	 0.0600129
125.4	 -0.247307	 0.332521	 -4.21897	 0.220527	 -4.2049	 0.0785342
125.42	 -0.286377	 0.328209	 -4.24702	 0.192823	 -4.1994	 0.0969206
125.44	 -0.325608	 0.323806	 -4.27392	 0.164685	 -4.19279	 0.115175
125.46	 -0.364992	 0.319313	 -4.29967	 0.136116	 -4.18506	 0.1333
125.48	 -0.40452	 0.314734	 -4.32425	 0.107142	 -4.17619	 0.151299
125.5	 -0.444183	 0.310071	 -4.34765	 0.0777859	 -4.16617	 0.169175
125.52	 -0.483973	 0.305325	 -4.36986	 0.0480645	 -4.15498	 0.18693
125.54	 -0.523881	 0.300503	 -4.39087	 0.0180216	 -4.14261	 0.204567
125.56	 -0.563896	 0.295607	 -4.41068	 -0.0123284	 -4.12903	 0.222086
125.58	 -0.60401	 0.290641	 -4.42928	 -0.0429532	 -4.11423	 0.239488
125.6	 -0.644212	 0.285607	 -4.44666	 -0.0738411	 -4.09821	 0.256775
125.62	 -0.684492	 0.280509	 -4.46282	 -0.104966	 -4.08094	 0.273948
125.64	 -0.724839	 0.275349	 -4.47775	 -0.13631	 -4.06241	 0.291008
125.66	 -0.765241	 0.27013	 -4.49145	 -0.167842	 -4.04261	 0.307957
125.68	 -0.805688	 0.264857	 -4.50392	 -0.199539	 -4.02152	 0.324794
125.7	 -0.846167	 0.259533	 -4.51516	 -0.231374	 -3.99914	 0.34152
125.72	 -0.886667	 0.254161	 -4.52516	 -0.263324	 -3.97545	 0.358135
125.74	 -0.927175	 0.248745	 -4.53393	 -0.295361	 -3.95043	 0.374639
125.76	 -0.967679	 0.243289	 -4.54146	 -0.327461	 -3.92409	 0.391034
125.78	 -1.00816	 0.237795	 -4.54776	 -0.359601	 -3.8964	 0.407318
125.8	 -1.04862	 0.232268	 -4.55284	 -0.391764	 -3.86736	 0.42349
125.82	 -1.08903	 0.22671	 -4.55669	 -0.423923	 -3.83695	 0.439549
125.84	 -1.12938	 0.221126	 -4.55932	 -0.456053	 -3.80517	 0.455495
125.86	 -1.16966	 0.215519	 -4.56074	 -0.488129	 -3.77201	 0.471326
125.88	 -1.20985	 0.209892	 -4.56095	 -0.520132	 -3.73746	 0.487041
125.9	 -1.24994	 0.204248	 -4.55996	 -0.55204	 -3.70151	 0.502639
125.92	 -1.2899	 0.198591	 -4.55779	 -0.583825	 -3.66416	 0.518119
125.94	 -1.32974	 0.192926	 -4.55443	 -0.615465	 -3.6254	 0.53348
125.96	 -1.36942	 0.187255	 -4.5499	 -0.64694	 -3.58521	 0.548719
125.98	 -1.40894	 0.181581	 -4.54421	 -0.678227	 -3.54361	 0.563836
126	 -1.44828	 0.175908	 -4.53737	 -0.709308	 -3.50058	 0.578827
126.02	 -1.48741	 0.170239	 -4.5294	 -0.740157	 -3.45613	 0.593691
126.04	 -1.52633	 0.164579	 -4.52031	 -0.770753	 -3.41024	 0.608427
126.06	 -1.56501	 0.158929	 -4.51011	 -0.801076	 -3.36291	 0.623032
126.08	 -1.60344	 0.153294	 -4.49882	 -0.831104	 -3.31415	 0.637504
126.1	 -1.6416	 0.147677	 -4.48645	 -0.860819	 -3.26396	 0.651842
126.12	 -1.67946	 0.142081	 -4.47302	 -0.890198	 -3.21233	 0.666043
126.14	 -1.71703	 0.136509	 -4.45856	 -0.919221	 -3.15927	 0.680105
126.16	 -1.75426	 0.130965	 -4.44307	 -0.947869	 -3.10478	 0.694026
126.18	 -1.79115	 0.125451	 -4.42657	 -0.976122	 -3.04887	 0.707803
126.2	 -1.82767	 0.119971	 -4.4091	 -1.00396	 -2.99155	 0.721436
126.22	 -1.86381	 0.114527	 -4.39066	 -1.03137	 -2.93281	 0.734922
126.24	 -1.89955	 0.109123	 -4.37127	 -1.05832	 -2.87268	 0.748259
126.26	 -1.93486	 0.103762	 -4.35097	 -1.08481	 -2.81116	 0.761445
126.28	 -1.96973	 0.0984463	 -4.32978	 -1.11081	 -2.74826	 0.774478
126.3	 -2.00414	 0.0931786	 -4.3077	 -1.13631	 -2.684	 0.787356
126.32	 -2.03806	 0.0879618	 -4.28478	 -1.16128	 -2.61839	 0.800078
126.34	 -2.07148	 0.0827986	 -4.26104	 -1.18572	 -2.55146	 0.812641
126.36	 -2.10438	 0.0776916	 -4.23649	 -1.2096	 -2.48322	 0.825043
126.38	 -2.13673	 0.0726432	 -4.21117	 -1.23292	 -2.41369	 0.837283
126.4	 -2.16853	 0.0676559	 -4.1851	 -1.25566	 -2.3429	 0.84936
126.42	 -2.19974	 0.0627321	 -4.1583	 -1.2778	 -2.27087	 0.86127
126.44	 -2.23034	 0.057874	 -4.13082	 -1.29933	 -2.19763	 0.873012
126.46	 -2.26033	 0.053084	 -4.10266	 -1.32024	 -2.12321	 0.884584
126.48	 -2.28967	 0.0483641	 -4.07387	 -1.34051	 -2.04765	 0.895985
126.5	 -2.31834	 0.0437164	 -4.04446	 -1.36015	 -1.97098	 0.907211
126.52	 -2.34634	 0.0391429	 -4.01447	 -1.37913	 -1.89323	 0.918261
126.54	 -2.37364	 0.0346455	 -3.98393	 -1.39744	 -1.81445	 0.929131
126.56	 -2.40021	 0.0302261	 -3.95287	 -1.41509	 -1.73467	 0.939821
126.58	 -2.42604	 0.0258863	 -3.92131	 -1.43206	 -1.65393	 0.950326
126.6	 -2.45112	 0.0216278	 -3.88928	 -1.44834	 -1.57229	 0.960643
126.62	 -2.47542	 0.0174522	 -3.85683	 -1.46394	 -1.48978	 0.970769
126.64	 -2.49892	 0.0133611	 -3.82396	 -1.47885	 -1.40646	 0.9807
126.66	 -2.52161	 0.00935596	 -3.79073	 -1.49307	 -1.32237	 0.990433
126.68	 -2.54347	 0.00543829	 -3.75715	 -1.50659	 -1.23757	 0.999963
126.7	 -2.56448	 0.0016095	 -3.72326	 -1.51941	 -1.15209	 1.00929
126.72	 -2.58462	 -0.00212881	 -3.68908	 -1.53153	 -1.06601	 1.0184
126.74	 -2.60389	 -0.00577528	 -3.65465	 -1.54294	 -0.979366	 1.0273
126.76	 -2.62225	 -0.00932817	 -3.62001	 -1.55366	 -0.892217	 1.03599
126.78	 -2.6397	 -0.0127859	 -3.58517	 -1.56367	 -0.804617	 1.04446
126.8	 -2.65622	 -0.0161467	 -3.55017	 -1.57298	 -0.716623	 1.0527
126.82	 -2.6718	 -0.0194087	 -3.51504	 -1.58158	 -0.628292	 1.06072
126.84	 -2.68642	 -0.0225701	 -3.47981	 -1.58948	 -0.53968	 1.06851
126.86	 -2.70008	 -0.025629	 -3.44451	 -1.59667	 -0.450847	 1.07606
126.88	 -2.71274	 -0.0285833	 -3.40917	 -1.60315	 -0.361849	 1.08339
126.9	 -2.72442	 -0.031431	 -3.37382	 -1.60893	 -0.272747	 1.09047
126.92	 -2.73508	 -0.0341701	 -3.33848	 -1.61402	 -0.1836	 1.09731
126.94	 -2.74473	 -0.0367984	 -3.30319	 -1.6184	 -0.0944676	 1.1039
126.96	 -2.75335	 -0.0393136	 -3.26798	 -1.62209	 -0.00540979	 1.11024
126.98	 -2.76093	 -0.0417132	 -3.23287	 -1.6251	 0.0835129	 1.11632
127	 -2.76746	 -0.0439949	 -3.19788	 -1.62742	 0.17224	 1.12214
127.02	 -2.77294	 -0.0461559	 -3.16306	 -1.62906	 0.26071	 1.12769
127.04	 -2.77735	 -0.0481935	 -3.12841	 -1.63002	 0.348862	 1.13296
127.06	 -2.78068	 -0.0501048	 -3.09398	 -1.63032	 0.436637	 1.13796
127.08	 -2.78294	 -0.0518867	 -3.05978	 -1.62995	 0.523973	 1.14267
127.1	 -2.78412	 -0.0535361	 -3.02584	 -1.62893	 0.61081	 1.1471
127.12	 -2.7842	 -0.0550496	 -2.99219	 -1.62725	 0.697089	 1.15122
127.14	 -2.78319	 -0.0564239	 -2.95884	 -1.62494	 0.78275	 1.15505
127.16	 -2.78108	 -0.0576553	 -2.92582	 -1.62199	 0.867736	 1.15856
127.18	 -2.77786	 -0.0587403	 -2.89316	 -1.61841	 0.951987	 1.16176
127.2	 -2.77355	 -0.059675	 -2.86087	 -1.61421	 1.03545	 1.16463
127.22	 -2.76812	 -0.0604555	 -2.82897	 -1.6094	 1.11806	 1.16717
127.24	 -2.76159	 -0.0610777	 -2.79749	 -1.60398	 1.19977	 1.16937
127.26	 -2.75395	 -0.0615378	 -2.76645	 -1.59797	 1.28053	 1.17123
127.28	 -2.74521	 -0.061832	 -2.73585	 -1.59138	 1.36027	 1.17273
127.3	 -2.73536	 -0.0619561	 -2.70572	 -1.58421	 1.43896	 1.17387
127.32	 -2.72441	 -0.0619059	 -2.67608	 -1.57647	 1.51653	 1.17464
127.34	 -2.71235	 -0.0616768	 -2.64693	 -1.56819	 1.59294	 1.17503
127.36	 -2.6992	 -0.0612645	 -2.61829	 -1.55935	 1.66815	 1.17503
127.38	 -2.68495	 -0.0606646	 -2.59019	 -1.54998	 1.7421	 1.17464
127.4	 -2.66962	 -0.0598727	 -2.56261	 -1.54008	 1.81475	 1.17384
127.42	 -2.6532	 -0.0588843	 -2.53559	 -1.52966	 1.88606	 1.17264
127.44	 -2.63571	 -0.0576952	 -2.50912	 -1.51874	 1.95599	 1.17101
127.46	 -2.61714	 -0.0563013	 -2.48321	 -1.50733	 2.0245	 1.16895
127.48	 -2.59751	 -0.0546985	 -2.45788	 -1.49543	 2.09156	 1.16646
127.5	 -2.57683	 -0.0528827	 -2.43312	 -1.48306	 2.15713	 1.16353
127.52	 -2.55511	 -0.0508498	 -2.40895	 -1.47023	 2.22118	 1.16014
127.54	 -2.53234	 -0.0485958	 -2.38536	 -1.45695	 2.28368	 1.15629
127.56	 -2.50856	 -0.0461168	 -2.36235	 -1.44322	 2.3446	 1.15198
127.58	 -2.48376	 -0.0434088	 -2.33993	 -1.42907	 2.40391	 1.1472
127.6	 -2.45795	 -0.0404682	 -2.31809	 -1.41449	 2.4616	 1.14193
127.62	 -2.43116	 -0.0372916	 -2.29683	 -1.39951	 2.51764	 1.13618
127.64	 -2.40338	 -0.0338756	 -2.27616	 -1.38412	 2.57202	 1.12993
127.66	 -2.37464	 -0.0302173	 -2.25605	 -1.36835	 2.62472	 1.12319
127.68	 -2.34495	 -0.0263138	 -2.23652	 -1.35219	 2.67572	 1.11594
127.7	 -2.31432	 -0.0221629	 -2.21754	 -1.33566	 2.72502	 1.10818
127.72	 -2.28277	 -0.0177623	 -2.19911	 -1.31877	 2.77261	 1.09992
127.74	 -2.25031	 -0.0131106	 -2.18123	 -1.30154	 2.81847	 1.09114
127.76	 -2.21696	 -0.00820617	 -2.16387	 -1.28396	 2.86262	 1.08184
127.78	 -2.18274	 -0.00304794	 -2.14702	 -1.26605	 2.90505	 1.07202
127.8	 -2.14765	 0.00236507	 -2.13068	 -1.24781	 2.94576	 1.06169
127.82	 -2.11173	 0.00803335	 -2.11482	 -1.22926	 2.98475	 1.05083
127.84	 -2.07498	 0.0139571	 -2.09944	 -1.2104	 3.02204	 1.03945
127.86	 -2.03742	 0.0201361	 -2.0845	 -1.19124	 3.05762	 1.02756
127.88	 -1.99908	 0.0265694	 -2.07	 -1.17178	 3.09152	 1.01514
127.9	 -1.95997	 0.0332557	 -2.05591	 -1.15204	 3.12375	 1.00222
127.92	 -1.9201	 0.0401933	 -2.04221	 -1.13202	 3.15432	 0.988783
127.94	 -1.87951	 0.0473796	 -2.02889	 -1.11172	 3.18325	 0.974843
127.96	 -1.83821	 0.054812	 -2.01591	 -1.09116	 3.21056	 0.960404
127.98	 -1.79621	 0.062487	 -2.00325	 -1.07034	 3.23627	 0.945472
128	 -1.75355	 0.0704011	 -1.9909	 -1.04928	 3.2604	 0.930054
128.02	 -1.71024	 0.07855	 -1.97883	 -1.02796	 3.28299	 0.91416
128.04	 -1.66629	 0.0869291	 -1.967	 -1.00641	 3.30405	 0.897798
128.06	 -1.62174	 0.0955331	 -1.9554	 -0.984622	 3.32362	 0.880977
128.08	 -1.57661	 0.104357	 -1.94399	 -0.96261	 3.34172	 0.863709
128.1	 -1.53091	 0.113394	 -1.93276	 -0.940377	 3.3584	 0.846005
128.12	 -1.48467	 0.122639	 -1.92166	 -0.917923	 3.37367	 0.827879
128.14	 -1.43791	 0.132083	 -1.91068	 -0.895261	 3.38758	 0.809344
128.16	 -1.39065	 0.14172	 -1.89979	 -0.872394	 3.40015	 0.790414
128.18	 -1.34292	 0.151542	 -1.88894	 -0.849329	 3.41144	 0.771104
128.2	 -1.29474	 0.16154	 -1.87813	 -0.826071	 3.42147	 0.751429
128.22	 -1.24612	 0.171705	 -1.86731	 -0.802625	 3.43028	 0.731405
128.24	 -1.1971	 0.182029	 -1.85645	 -0.778995	 3.43792	 0.711052
128.26	 -1.1477	 0.192501	 -1.84553	 -0.75519	 3.44442	 0.690386
128.28	 -1.09794	 0.203112	 -1.83451	 -0.731213	 3.44983	 0.669427
128.3	 -1.04784	 0.21385	 -1.82337	 -0.707074	 3.45418	 0.648194
128.32	 -0.997424	 0.224706	 -1.81207	 -0.682777	 3.45753	 0.626707
128.34	 -0.946718	 0.235667	 -1.80058	 -0.65833	 3.4599	 0.604986
128.36	 -0.895745	 0.246721	 -1.78887	 -0.633737	 3.46135	 0.583052
128.38	 -0.844526	 0.257858	 -1.77692	 -0.609008	 3.46192	 0.560928
128.4	 -0.793085	 0.269064	 -1.76469	 -0.584148	 3.46165	 0.538636
128.42	 -0.741445	 0.280327	 -1.75215	 -0.559166	 3.46058	 0.516197
128.44	 -0.689629	 0.291633	 -1.73928	 -0.534071	 3.45876	 0.493636
128.46	 -0.637658	 0.30297	 -1.72604	 -0.50887	 3.45623	 0.470976
128.48	 -0.585555	 0.314324	 -1.71241	 -0.483574	 3.45303	 0.448239
128.5	 -0.533333	 0.32568	 -1.69836	 -0.458148	 3.44919	 0.425464
128.52	 -0.480998	 0.337022	 -1.68387	 -0.432585	 3.44474	 0.402691
128.54	 -0.428544	 0.348331	 -1.66895	 -0.406918	 3.43971	 0.379945
128.56	 -0.375965	 0.359594	 -1.65357	 -0.381163	 3.43412	 0.357246
128.58	 -0.323252	 0.370798	 -1.63773	 -0.355339	 3.42799	 0.334612
128.6	 -0.270401	 0.381929	 -1.62142	 -0.329463	 3.42136	 0.31206
128.62	 -0.21741	 0.392973	 -1.60463	 -0.303558	 3.41426	 0.28961
128.64	 -0.164277	 0.403914	 -1.58736	 -0.277643	 3.40672	 0.267282
128.66	 -0.111006	 0.414738	 -1.56959	 -0.251743	 3.39877	 0.245101
128.68	 -0.0575952	 0.425428	 -1.55132	 -0.22588	 3.39044	 0.223088
128.7	 -0.0040475	 0.435967	 -1.53253	 -0.200077	 3.38175	 0.201269
128.72	 0.0496362	 0.446337	 -1.51323	 -0.174356	 3.3727	 0.179671
128.74	 0.103455	 0.456519	 -1.49341	 -0.148741	 3.36331	 0.158317
128.76	 0.157406	 0.466494	 -1.47308	 -0.123256	 3.35358	 0.137235
128.78	 0.21149	 0.476245	 -1.45224	 -0.0979249	 3.34353	 0.116447
128.8	 0.265703	 0.485755	 -1.43091	 -0.0727741	 3.33315	 0.0959747
128.82	 0.320044	 0.495005	 -1.40907	 -0.0478302	 3.32246	 0.075841
128.84	 0.374506	 0.50398	 -1.38675	 -0.0231214	 3.31147	 0.0560667
128.86	 0.429083	 0.512662	 -1.36395	 0.00132498	 3.30016	 0.0366733
128.88	 0.483766	 0.521034	 -1.34069	 0.0254795	 3.28852	 0.0176805
128.9	 0.538544	 0.52908	 -1.31698	 0.0493104	 3.27654	 -0.000892886
128.92	 0.593406	 0.536786	 -1.29287	 0.0727873	 3.26417	 -0.0190307
128.94	 0.648338	 0.544134	 -1.26836	 0.0958778	 3.25137	 -0.036718
128.96	 0.703323	 0.551113	 -1.2435	 0.11855	 3.23811	 -0.0539415
128.98	 0.758345	 0.557708	 -1.21831	 0.140772	 3.22433	 -0.0706884
129	 0.813386	 0.563904	 -1.19284	 0.162509	 3.21	 -0.0869466
129.02	 0.868426	 0.56969	 -1.16711	 0.183732	 3.19506	 -0.102703
129.04	 0.923446	 0.57505	 -1.14116	 0.204404	 3.17948	 -0.117945
129.06	 0.978424	 0.579972	 -1.11503	 0.224493	 3.16319	 -0.132666
129.08	 1.03334	 0.584446	 -1.08875	 0.243963	 3.14614	 -0.146856
129.1	 1.08817	 0.588459	 -1.06236	 0.262778	 3.12828	 -0.160513
129.12	 1.14289	 0.592002	 -1.03591	 0.280906	 3.10955	 -0.173632
129.14	 1.19749	 0.595065	 -1.00943	 0.29831	 3.08989	 -0.18621
129.16	 1.25193	 0.59764	 -0.982979	 0.314957	 3.06922	 -0.198247
129.18	 1.3062	 0.59972	 -0.956595	 0.330809	 3.04749	 -0.209744
129.2	 1.36026	 0.601297	 -0.930327	 0.345831	 3.02464	 -0.220703
129.22	 1.41411	 0.602365	 -0.904221	 0.359991	 3.00059	 -0.231128
129.24	 1.46772	 0.602918	 -0.878323	 0.373254	 2.97529	 -0.241024
129.26	 1.52107	 0.602952	 -0.852681	 0.385586	 2.94867	 -0.250397
129.28	 1.57414	 0.602465	 -0.827338	 0.396956	 2.92068	 -0.259258
129.3	 1.6269	 0.601453	 -0.802339	 0.40733	 2.89126	 -0.267615
129.32	 1.67934	 0.599915	 -0.777727	 0.416679	 2.86035	 -0.275483
129.34	 1.73144	 0.597851	 -0.753543	 0.424972	 2.82792	 -0.282873
129.36	 1.78317	 0.595261	 -0.729829	 0.432182	 2.7939	 -0.289799
129.38	 1.83452	 0.592145	 -0.706626	 0.438281	 2.75826	 -0.296274
129.4	 1.88547	 0.588503	 -0.683973	 0.443246	 2.72094	 -0.302312
129.42	 1.93599	 0.584338	 -0.66191	 0.447053	 2.68191	 -0.307929
129.44	 1.98607	 0.579653	 -0.640474	 0.449684	 2.64113	 -0.313139
129.46	 2.0357	 0.57445	 -0.619699	 0.451119	 2.59857	 -0.317959
129.48	 2.08484	 0.568734	 -0.59962	 0.451344	 2.5542	 -0.322407
129.5	 2.13349	 0.562513	 -0.580267	 0.450346	 2.508	 -0.326501
129.52	 2.18162	 0.555791	 -0.56167	 0.448115	 2.45994	 -0.330262
129.54	 2.22923	 0.548578	 -0.543856	 0.444643	 2.41002	 -0.333706
129.56	 2.27628	 0.540882	 -0.526852	 0.439927	 2.35821	 -0.336855
129.58	 2.32278	 0.532713	 -0.51068	 0.433967	 2.30452	 -0.339726
129.6	 2.36868	 0.524081	 -0.495365	 0.426767	 2.24895	 -0.342338
129.62	 2.414	 0.514998	 -0.480924	 0.418335	 2.19148	 -0.344711
129.64	 2.45869	 0.505475	 -0.467378	 0.408685	 2.13214	 -0.346861
129.66	 2.50276	 0.495525	 -0.45474	 0.397832	 2.07094	 -0.348806
129.68	 2.54619	 0.485163	 -0.443026	 0.385797	 2.00788	 -0.350563
129.7	 2.58895	 0.474403	 -0.432246	 0.372608	 1.943	 -0.352147
129.72	 2.63104	 0.463258	 -0.422411	 0.358293	 1.87632	 -0.353573
129.74	 2.67243	 0.451746	 -0.413527	 0.342889	 1.80787	 -0.354855
129.76	 2.71313	 0.439883	 -0.405599	 0.326434	 1.73769	 -0.356005
129.78	 2.7531	 0.427685	 -0.39863	 0.308972	 1.66582	 -0.357036
129.8	 2.79234	 0.415172	 -0.39262	 0.290552	 1.5923	 -0.357959
129.82	 2.83083	 0.402361	 -0.387567	 0.271225	 1.5172	 -0.358784
129.84	 2.86856	 0.389272	 -0.383467	 0.251049	 1.44056	 -0.359519
129.86	 2.90551	 0.375925	 -0.380315	 0.230083	 1.36245	 -0.360173
129.88	 2.94168	 0.362339	 -0.378101	 0.20839	 1.28293	 -0.360752
129.9	 2.97704	 0.348537	 -0.376815	 0.186039	 1.20208	 -0.361261
129.92	 3.01158	 0.334537	 -0.376445	 0.163098	 1.11997	 -0.361704
129.94	 3.0453	 0.320362	 -0.376975	 0.139641	 1.03669	 -0.362083
129.96	 3.07817	 0.306033	 -0.378388	 0.115743	 0.952306	 -0.3624
129.98	 3.11019	 0.291571	 -0.380667	 0.0914805	 0.86692	 -0.362654
130	 3.14133	 0.276995	 -0.383793	 0.0669326	 0.780617	 -0.362836
130.02	 3.1716	 0.262318	 -0.387748	 0.0421804	 0.693482	 -0.362933
130.04	 3.20097	 0.247556	 -0.392516	 0.017309	 0.605603	 -0.362927
130.06	 3.22944	 0.232721	 -0.398076	 -0.00759655	 0.517069	 -0.362799
130.08	 3.25699	 0.217828	 -0.404408	 -0.0324511	 0.427975	 -0.362531
130.1	 3.28362	 0.20289	 -0.41149	 -0.0571703	 0.338417	 -0.362107
130.12	 3.3093	 0.187923	 -0.419297	 -0.0816712	 0.248496	 -0.361509
130.14	 3.33404	 0.17294	 -0.4278	 -0.105872	 0.158318	 -0.360719
130.16	 3.35781	 0.157957	 -0.43697	 -0.129691	 0.0679919	 -0.359719
130.18	 3.38061	 0.142988	 -0.446777	 -0.153053	 -0.0223745	 -0.358491
130.2	 3.40242	 0.128046	 -0.457188	 -0.175881	 -0.112671	 -0.357013
130.22	 3.42323	 0.113143	 -0.46817	 -0.198099	 -0.202785	 -0.355265
130.24	 3.44304	 0.0982931	 -0.479688	 -0.219632	 -0.292605	 -0.353225
130.26	 3.46182	 0.0835073	 -0.491707	 -0.240404	 -0.382018	 -0.350873
130.28	 3.47958	 0.0687979	 -0.504191	 -0.260342	 -0.470908	 -0.348188
130.3	 3.4963	 0.0541767	 -0.517101	 -0.279375	 -0.559161	 -0.34515
130.32	 3.51196	 0.0396553	 -0.530399	 -0.297432	 -0.646661	 -0.341739
130.34	 3.52657	 0.0252452	 -0.544044	 -0.314445	 -0.733293	 -0.337934
130.36	 3.5401	 0.0109577	 -0.557998	 -0.330346	 -0.818942	 -0.333717
130.38	 3.55255	 -0.00319635	 -0.572216	 -0.345071	 -0.903494	 -0.329068
130.4	 3.56392	 -0.0172061	 -0.586659	 -0.358555	 -0.986835	 -0.32397
130.42	 3.57418	 -0.0310609	 -0.601282	 -0.370739	 -1.06885	 -0.318405
130.44	 3.58333	 -0.0447507	 -0.616042	 -0.38156	 -1.14944	 -0.312356
130.46	 3.59137	 -0.0582654	 -0.630896	 -0.390964	 -1.22848	 -0.305808
130.48	 3.59828	 -0.0715952	 -0.6458	 -0.398894	 -1.30587	 -0.298745
130.5	 3.60405	 -0.0847308	 -0.660708	 -0.405298	 -1.3815	 -0.291154
130.52	 3.60868	 -0.097663	 -0.675577	 -0.410129	 -1.45527	 -0.283023
130.54	 3.61216	 -0.110383	 -0.690362	 -0.413344	 -1.52708	 -0.27434
130.56	 3.61448	 -0.122882	 -0.705018	 -0.414899	 -1.59683	 -0.265095
130.58	 3.61564	 -0.135152	 -0.719502	 -0.414754	 -1.66443	 -0.25528
130.6	 3.61562	 -0.147184	 -0.733767	 -0.412876	 -1.7298	 -0.244888
130.62	 3.61443	 -0.158971	 -0.74777	 -0.40923	 -1.79283	 -0.233913
130.64	 3.61205	 -0.170505	 -0.761465	 -0.40379	 -1.85345	 -0.22235
130.66	 3.60848	 -0.181779	 -0.774808	 -0.396533	 -1.91157	 -0.210196
130.68	 3.60372	 -0.192786	 -0.787755	 -0.387437	 -1.96712	 -0.19745
130.7	 3.59775	 -0.203521	 -0.800263	 -0.376489	 -2.02	 -0.18411
130.72	 3.59058	 -0.213977	 -0.812287	 -0.363679	 -2.07016	 -0.170179
130.74	 3.5822	 -0.22415	 -0.823785	 -0.349002	 -2.11752	 -0.155657
130.76	 3.57261	 -0.234033	 -0.834716	 -0.332457	 -2.16201	 -0.140552
130.78	 3.5618	 -0.243621	 -0.845037	 -0.31405	 -2.20359	 -0.124871
130.8	 3.54977	 -0.252908	 -0.854709	 -0.293793	 -2.24218	 -0.108623
130.82	 3.53652	 -0.26189	 -0.863692	 -0.271701	 -2.27773	 -0.0918198
130.84	 3.52204	 -0.270561	 -0.871948	 -0.247796	 -2.31021	 -0.0744736
130.86	 3.50634	 -0.278918	 -0.87944	 -0.222101	 -2.33955	 -0.0566003
130.88	 3.48942	 -0.286949	 -0.886134	 -0.194648	 -2.36574	 -0.0382268
130.9	 3.47127	 -0.294647	 -0.892001	 -0.165472	 -2.38875	 -0.0193828
130.92	 3.45191	 -0.302	 -0.897011	 -0.134613	 -2.40855	 -9.92328e-05
130.94	 3.43133	 -0.308999	 -0.901135	 -0.102118	 -2.42513	 0.0195929
130.96	 3.40955	 -0.315637	 -0.904347	 -0.0680331	 -2.43848	 0.0396629
130.98	 3.38655	 -0.321907	 -0.906619	 -0.0324114	 -2.44858	 0.0600802
131	 3.36236	 -0.327803	 -0.907924	 0.00469267	 -2.45544	 0.0808139
131.02	 3.33697	 -0.33332	 -0.908237	 0.0432213	 -2.45905	 0.101832
131.04	 3.31039	 -0.338454	 -0.907532	 0.0831132	 -2.45941	 0.123101
131.06	 3.28264	 -0.3432	 -0.905786	 0.124303	 -2.45654	 0.144586
131.08	 3.25371	 -0.347555	 -0.902977	 0.166722	 -2.45044	 0.166253
131.1	 3.22361	 -0.351516	 -0.899084	 0.210297	 -2.44113	 0.188066
131.12	 3.19236	 -0.35508	 -0.894088	 0.254951	 -2.42863	 0.209988
131.14	 3.15997	 -0.358244	 -0.887971	 0.300603	 -2.41298	 0.231982
131.16	 3.12644	 -0.361008	 -0.880716	 0.34717	 -2.39418	 0.254012
131.18	 3.09179	 -0.363371	 -0.872309	 0.394562	 -2.37229	 0.276041
131.2	 3.05603	 -0.365332	 -0.862736	 0.442692	 -2.34734	 0.298028
131.22	 3.01917	 -0.366892	 -0.851985	 0.491464	 -2.31937	 0.319935
131.24	 2.98123	 -0.368052	 -0.840044	 0.540783	 -2.28843	 0.341727
131.26	 2.94221	 -0.368815	 -0.826904	 0.590552	 -2.25456	 0.363365
131.28	 2.90213	 -0.369184	 -0.812556	 0.640669	 -2.21781	 0.384813
131.3	 2.86101	 -0.369162	 -0.796993	 0.691033	 -2.17824	 0.406034
131.32	 2.81886	 -0.368753	 -0.780211	 0.741538	 -2.13591	 0.426986
131.34	 2.7757	 -0.367961	 -0.762207	 0.79208	 -2.09089	 0.447634
131.36	 2.73154	 -0.366791	 -0.742979	 0.842549	 -2.04323	 0.467939
131.38	 2.68639	 -0.365248	 -0.722528	 0.892837	 -1.99302	 0.487864
131.4	 2.64028	 -0.363338	 -0.700854	 0.942836	 -1.94032	 0.507375
131.42	 2.59322	 -0.36107	 -0.677962	 0.992435	 -1.8852	 0.526435
131.44	 2.54523	 -0.35845	 -0.653855	 1.04153	 -1.82775	 0.545012
131.46	 2.49633	 -0.355488	 -0.62854	 1.09	 -1.76805	 0.563071
131.48	 2.44653	 -0.352192	 -0.602027	 1.13774	 -1.70618	 0.580579
131.5	 2.39584	 -0.34857	 -0.574325	 1.18465	 -1.64222	 0.597503
131.52	 2.3443	 -0.344633	 -0.545447	 1.23061	 -1.57627	 0.613813
131.54	 2.29192	 -0.340392	 -0.515407	 1.27551	 -1.50841	 0.629478
131.56	 2.23871	 -0.335856	 -0.484223	 1.31925	 -1.43875	 0.644469
131.58	 2.1847	 -0.331038	 -0.451911	 1.36172	 -1.36737	 0.658759
131.6	 2.1299	 -0.32595	 -0.418494	 1.40282	 -1.29439	 0.672321
131.62	 2.07433	 -0.320603	 -0.383993	 1.44244	 -1.2199	 0.685131
131.64	 2.01801	 -0.31501	 -0.348433	 1.48048	 -1.144	 0.697163
131.66	 1.96097	 -0.309186	 -0.311842	 1.51682	 -1.0668	 0.708397
131.68	 1.90321	 -0.303144	 -0.274248	 1.55138	 -0.988413	 0.718809
131.7	 1.84477	 -0.296899	 -0.235684	 1.58404	 -0.908939	 0.728381
131.72	 1.78566	 -0.290463	 -0.196183	 1.61472	 -0.828493	 0.737094
131.74	 1.72589	 -0.283851	 -0.155782	 1.6433	 -0.747189	 0.744929
131.76	 1.6655	 -0.277079	 -0.114519	 1.66971	 -0.665143	 0.751872
131.78	 1.60449	 -0.270161	 -0.0724348	 1.69385	 -0.582473	 0.757905
131.8	 1.5429	 -0.263112	 -0.0295731	 1.71562	 -0.499297	 0.763017
131.82	 1.48074	 -0.255948	 0.014021	 1.73493	 -0.415732	 0.767192
131.84	 1.41803	 -0.248682	 0.0582997	 1.7517	 -0.331899	 0.770419
131.86	 1.3548	 -0.241329	 0.103213	 1.76583	 -0.247914	 0.772686
131.88	 1.29107	 -0.233904	 0.148709	 1.77724	 -0.163897	 0.773982
131.9	 1.22686	 -0.226422	 0.194732	 1.78584	 -0.0799662	 0.774294
131.92	 1.16219	 -0.218895	 0.241225	 1.79157	 0.00376371	 0.773612
131.94	 1.0971	 -0.211335	 0.288128	 1.79434	 0.0871734	 0.771923
131.96	 1.03161	 -0.203755	 0.335378	 1.79411	 0.170146	 0.769218
131.98	 0.96575	 -0.196166	 0.382912	 1.79081	 0.252561	 0.765486
132	 0.899553	 -0.18858	 0.430661	 1.7844	 0.334298	 0.76072
132.02	 0.833051	 -0.181007	 0.478555	 1.77481	 0.415233	 0.754912
132.04	 0.766279	 -0.173456	 0.526523	 1.76203	 0.495243	 0.748056
132.06	 0.699275	 -0.165938	 0.57449	 1.74602	 0.574201	 0.740149
132.08	 0.632079	 -0.15846	 0.622378	 1.72675	 0.651981	 0.731187
132.1	 0.564734	 -0.151031	 0.67011	 1.70423	 0.728453	 0.721169
132.12	 0.497284	 -0.143659	 0.717605	 1.67843	 0.803489	 0.710098
132.14	 0.429774	 -0.136351	 0.764779	 1.64938	 0.876954	 0.697978
132.16	 0.362253	 -0.129115	 0.811549	 1.61708	 0.948715	 0.684817
132.18	 0.294769	 -0.121957	 0.857832	 1.58155	 1.01864	 0.670627
132.2	 0.227373	 -0.114882	 0.903542	 1.54284	 1.08659	 0.655422
132.22	 0.160113	 -0.107898	 0.948596	 1.50097	 1.15244	 0.639221
132.24	 0.0930403	 -0.10101	 0.992908	 1.456	 1.21605	 0.622046
132.26	 0.026206	 -0.0942228	 1.03639	 1.40799	 1.27731	 0.603924
132.28	 -0.0403392	 -0.0875424	 1.07897	 1.35701	 1.33609	 0.584883
132.3	 -0.106544	 -0.0809729	 1.12056	 1.30312	 1.39227	 0.564954
132.32	 -0.172359	 -0.0745182	 1.16108	 1.24642	 1.44575	 0.54417
132.34	 -0.237732	 -0.0681809	 1.20045	 1.18699	 1.49641	 0.522565
132.36	 -0.302615	 -0.0619629	 1.23859	 1.12495	 1.54415	 0.500174
132.38	 -0.366959	 -0.0558648	 1.27543	 1.06041	 1.58888	 0.477033
132.4	 -0.430718	 -0.0498868	 1.3109	 0.993509	 1.63051	 0.45318
132.42	 -0.493845	 -0.0440282	 1.34492	 0.924374	 1.66897	 0.428653
132.44	 -0.556294	 -0.0382889	 1.37743	 0.853146	 1.70418	 0.403497
132.46	 -0.618022	 -0.0326686	 1.40837	 0.779966	 1.73608	 0.377755
132.48	 -0.678983	 -0.0271671	 1.43767	 0.704976	 1.7646	 0.351477
132.5	 -0.739134	 -0.021784	 1.46528	 0.628319	 1.78968	 0.324713
132.52	 -0.798431	 -0.0165182	 1.49113	 0.550147	 1.81129	 0.297513
132.54	 -0.856832	 -0.0113679	 1.51518	 0.470621	 1.82936	 0.269932
132.56	 -0.914296	 -0.00633033	 1.53737	 0.389911	 1.84387	 0.242021
132.58	 -0.970784	 -0.00140128	 1.55766	 0.308202	 1.85478	 0.21383
132.6	 -1.02626	 0.00342346	 1.576	 0.225682	 1.8621	 0.185414
132.62	 -1.08067	 0.00814804	 1.59237	 0.142539	 1.86579	 0.156824
132.64	 -1.134	 0.0127769	 1.60672	 0.0589644	 1.86586	 0.128117
132.66	 -1.1862	 0.0173141	 1.61902	 -0.024854	 1.8623	 0.0993464
132.68	 -1.23723	 0.0217638	 1.62924	 -0.108731	 1.85511	 0.0705706
132.7	 -1.28706	 0.0261299	 1.63735	 -0.192482	 1.84428	 0.0418459
132.72	 -1.33565	 0.0304174	 1.64335	 -0.275916	 1.82984	 0.0132285
132.74	 -1.38298	 0.0346318	 1.6472	 -0.358838	 1.8118	 -0.0152261
132.76	 -1.429	 0.0387783	 1.64891	 -0.441056	 1.79019	 -0.0434628
132.78	 -1.47369	 0.0428621	 1.64845	 -0.522381	 1.76505	 -0.0714269
132.8	 -1.51701	 0.0468882	 1.64584	 -0.60263	 1.73642	 -0.0990638
132.82	 -1.55894	 0.0508617	 1.64105	 -0.681618	 1.70436	 -0.12632
132.84	 -1.59946	 0.0547878	 1.63411	 -0.759166	 1.66892	 -0.153143
132.86	 -1.63852	 0.0586721	 1.62502	 -0.835092	 1.63017	 -0.179481
132.88	 -1.67612	 0.0625207	 1.61379	 -0.909218	 1.58818	 -0.205289
132.9	 -1.71221	 0.0663391	 1.60044	 -0.981369	 1.54304	 -0.230518
132.92	 -1.74679	 0.0701332	 1.58499	 -1.05138	 1.49482	 -0.255124
132.94	 -1.77982	 0.0739083	 1.56747	 -1.11909	 1.44362	 -0.279066
132.96	 -1.8113	 0.0776694	 1.54789	 -1.18435	 1.38953	 -0.302302
132.98	 -1.84119	 0.0814214	 1.52631	 -1.24701	 1.33265	 -0.324794
133	 -1.86948	 0.0851697	 1.50275	 -1.30694	 1.2731	 -0.346506
133.02	 -1.89615	 0.0889193	 1.47725	 -1.364	 1.21098	 -0.367404
133.04	 -1.92119	 0.092675	 1.44987	 -1.41807	 1.1464	 -0.387459
133.06	 -1.94458	 0.0964416	 1.42065	 -1.46903	 1.0795	 -0.406642
133.08	 -1.96632	 0.100223	 1.38964	 -1.51678	 1.0104	 -0.424928
133.1	 -1.98638	 0.104025	 1.3569	 -1.56121	 0.939236	 -0.442296
133.12	 -2.00477	 0.10785	 1.32249	 -1.60223	 0.866138	 -0.458725
133.14	 -2.02146	 0.111703	 1.28647	 -1.63977	 0.791251	 -0.474201
133.16	 -2.03646	 0.115588	 1.24891	 -1.67374	 0.714718	 -0.48871
133.18	 -2.04976	 0.119509	 1.20987	 -1.70409	 0.636685	 -0.502243
133.2	 -2.06136	 0.123468	 1.16943	 -1.73075	 0.557297	 -0.514793
133.22	 -2.07125	 0.12747	 1.12766	 -1.75368	 0.476691	 -0.526356
133.24	 -2.07944	 0.13152	 1.08462	 -1.77285	 0.394992	 -0.536935
133.26	 -2.08593	 0.135623	 1.04037	 -1.78824	 0.312319	 -0.546537
133.28	 -2.09074	 0.139783	 0.994984	 -1.79982	 0.228787	 -0.55517
133.3	 -2.09388	 0.144005	 0.948519	 -1.80761	 0.144518	 -0.562844
133.32	 -2.09535	 0.148292	 0.901044	 -1.8116	 0.059627	 -0.56957
133.34	 -2.09517	 0.152642	 0.852622	 -1.81181	 -0.0257824	 -0.575356
133.36	 -2.09337	 0.157053	 0.803313	 -1.80827	 -0.11161	 -0.580209
133.38	 -2.08997	 0.161523	 0.753179	 -1.80102	 -0.19776	 -0.584141
133.4	 -2.08498	 0.166048	 0.702281	 -1.79008	 -0.284134	 -0.587165
133.42	 -2.07843	 0.170626	 0.650684	 -1.77552	 -0.370634	 -0.589299
133.44	 -2.07035	 0.175252	 0.598454	 -1.7574	 -0.45716	 -0.590561
133.46	 -2.06076	 0.179923	 0.54566	 -1.7358	 -0.543612	 -0.590973
133.48	 -2.04969	 0.184635	 0.492372	 -1.71078	 -0.629889	 -0.590558
133.5	 -2.03716	 0.189383	 0.438662	 -1.68244	 -0.715891	 -0.58934
133.52	 -2.02319	 0.194163	 0.3846	 -1.65089	 -0.80152	 -0.587344
133.54	 -2.00783	 0.198968	 0.330257	 -1.61621	 -0.88668	 -0.584597
133.56	 -1.9911	 0.203792	 0.275706	 -1.57853	 -0.97128	 -0.581126
133.58	 -1.97303	 0.208628	 0.221016	 -1.53796	 -1.05523	 -0.576961
133.6	 -1.95365	 0.213468	 0.166257	 -1.49462	 -1.13844	 -0.57213
133.62	 -1.93299	 0.218305	 0.111499	 -1.44864	 -1.22083	 -0.566665
133.64	 -1.91109	 0.223131	 0.0568127	 -1.40015	 -1.30231	 -0.560598
133.66	 -1.88798	 0.227936	 0.00226624	 -1.34929	 -1.38281	 -0.553959
133.68	 -1.8637	 0.232713	 -0.052071	 -1.2962	 -1.46224	 -0.546781
133.7	 -1.83828	 0.237452	 -0.106131	 -1.24103	 -1.54052	 -0.539097
133.72	 -1.81175	 0.242143	 -0.159846	 -1.18392	 -1.6176	 -0.530939
133.74	 -1.78415	 0.246777	 -0.21315	 -1.12502	 -1.69339	 -0.522339
133.76	 -1.75552	 0.251342	 -0.265978	 -1.0645	 -1.76784	 -0.513329
133.78	 -1.72588	 0.255829	 -0.318265	 -1.00249	 -1.84088	 -0.503941
133.8	 -1.69529	 0.260227	 -0.36995	 -0.939167	 -1.91245	 -0.494208
133.82	 -1.66376	 0.264525	 -0.42097	 -0.874674	 -1.98249	 -0.48416
133.84	 -1.63135	 0.268712	 -0.471267	 -0.80917	 -2.05096	 -0.473829
133.86	 -1.59809	 0.272777	 -0.520782	 -0.742812	 -2.1178	 -0.463244
133.88	 -1.564	 0.276709	 -0.569458	 -0.675753	 -2.18296	 -0.452435
133.9	 -1.52914	 0.280496	 -0.617242	 -0.608146	 -2.24641	 -0.441432
133.92	 -1.49353	 0.284127	 -0.664079	 -0.540145	 -2.30811	 -0.430261
133.94	 -1.45721	 0.287591	 -0.70992	 -0.471898	 -2.36801	 -0.418951
133.96	 -1.42022	 0.290877	 -0.754714	 -0.403555	 -2.42609	 -0.407527
133.98	 -1.38259	 0.293972	 -0.798415	 -0.335259	 -2.48232	 -0.396015
134	 -1.34436	 0.296867	 -0.840979	 -0.267156	 -2.53666	 -0.384438
134.02	 -1.30557	 0.29955	 -0.882362	 -0.199383	 -2.58911	 -0.37282
134.04	 -1.26624	 0.302008	 -0.922524	 -0.132078	 -2.63963	 -0.361182
134.06	 -1.22642	 0.304233	 -0.961428	 -0.0653739	 -2.68823	 -0.349545
134.08	 -1.18614	 0.306211	 -0.999038	 0.000601746	 -2.73488	 -0.337926
134.1	 -1.14542	 0.307929	 -1.03532	 0.0657244	 -2.77957	 -0.326335
134.12	 -1.10431	 0.309366	 -1.07026	 0.129876	 -2.82233	 -0.314772
134.14	 -1.06283	 0.310502	 -1.10382	 0.192943	 -2.86316	 -0.303232
134.16	 -1.02102	 0.311317	 -1.13599	 0.254819	 -2.90207	 -0.291713
134.18	 -0.978898	 0.311794	 -1.16675	 0.315404	 -2.93907	 -0.280211
134.2	 -0.936502	 0.311915	 -1.19609	 0.374599	 -2.97419	 -0.268729
134.22	 -0.89386	 0.311668	 -1.22398	 0.43231	 -3.00743	 -0.257268
134.24	 -0.851002	 0.311039	 -1.25041	 0.488447	 -3.03881	 -0.245829
134.26	 -0.807959	 0.310016	 -1.27537	 0.542924	 -3.06834	 -0.234414
134.28	 -0.764759	 0.308589	 -1.29885	 0.595658	 -3.09606	 -0.223025
134.3	 -0.72143	 0.306747	 -1.32084	 0.646574	 -3.12197	 -0.211659
134.32	 -0.678002	 0.304481	 -1.34133	 0.695601	 -3.14611	 -0.200316
134.34	 -0.634501	 0.301782	 -1.36033	 0.742674	 -3.16849	 -0.188997
134.36	 -0.590955	 0.298642	 -1.37781	 0.787734	 -3.18915	 -0.1777
134.38	 -0.54739	 0.295055	 -1.3938	 0.830725	 -3.20812	 -0.166425
134.4	 -0.503832	 0.291018	 -1.40829	 0.8716	 -3.22542	 -0.155178
134.42	 -0.460306	 0.286533	 -1.42129	 0.910313	 -3.2411	 -0.143969
134.44	 -0.416837	 0.281601	 -1.4328	 0.946822	 -3.25519	 -0.132808
134.46	 -0.373447	 0.276226	 -1.44285	 0.98109	 -3.26774	 -0.121705
134.48	 -0.330161	 0.270412	 -1.45144	 1.01309	 -3.27878	 -0.110667
134.5	 -0.287002	 0.264162	 -1.45858	 1.04278	 -3.28835	 -0.0996994
134.52	 -0.243992	 0.257481	 -1.4643	 1.07016	 -3.2965	 -0.0888076
134.54	 -0.201155	 0.250373	 -1.46861	 1.0952	 -3.30327	 -0.0779952
134.56	 -0.158512	 0.242843	 -1.47153	 1.1179	 -3.30868	 -0.0672662
134.58	 -0.116086	 0.234897	 -1.47307	 1.13826	 -3.31279	 -0.0566242
134.6	 -0.0738969	 0.226542	 -1.47326	 1.15626	 -3.31562	 -0.0460729
134.62	 -0.0319662	 0.217785	 -1.47213	 1.17192	 -3.31723	 -0.0356157
134.64	 0.00968617	 0.208637	 -1.46969	 1.18525	 -3.31765	 -0.0252553
134.66	 0.0510402	 0.199106	 -1.46598	 1.19626	 -3.31692	 -0.0149938
134.68	 0.0920766	 0.189201	 -1.46101	 1.20497	 -3.31508	 -0.00483198
134.7	 0.132776	 0.178933	 -1.45482	 1.2114	 -3.31217	 0.00522863
134.72	 0.173121	 0.168314	 -1.44745	 1.21558	 -3.30823	 0.0151872
134.74	 0.213092	 0.157355	 -1.43891	 1.21754	 -3.3033	 0.0250425
134.76	 0.252673	 0.14607	 -1.42925	 1.21731	 -3.29743	 0.0347942
134.78	 0.291846	 0.13447	 -1.4185	 1.21494	 -3.29063	 0.0444424
134.8	 0.330595	 0.12257	 -1.40669	 1.21046	 -3.28297	 0.0539884
134.82	 0.368903	 0.110382	 -1.39386	 1.20392	 -3.27446	 0.0634334
134.84	 0.406755	 0.0979219	 -1.38004	 1.19537	 -3.26516	 0.0727791
134.86	 0.444136	 0.0852041	 -1.36528	 1.18487	 -3.25509	 0.0820266
134.88	 0.481031	 0.072244	 -1.34961	 1.17247	 -3.24429	 0.0911777
134.9	 0.517427	 0.0590574	 -1.33308	 1.15823	 -3.2328	 0.100235
134.92	 0.553308	 0.0456603	 -1.31572	 1.14222	 -3.22065	 0.1092
134.94	 0.588664	 0.0320689	 -1.29758	 1.12449	 -3.20788	 0.118078
134.96	 0.62348	 0.0182999	 -1.2787	 1.10511	 -3.19451	 0.12687
134.98	 0.657744	 0.00437038	 -1.25912	 1.08417	 -3.18059	 0.135581
135	 0.691447	 -0.00970251	 -1.23889	 1.06171	 -3.16614	 0.144213
135.02	 0.724579	 -0.0238998	 -1.21806	 1.03787	 -3.15119	 0.15278
135.04	 0.757136	 -0.0382037	 -1.19666	 1.01275	 -3.13577	 0.161293
135.06	 0.789108	 -0.0525929	 -1.17477	 0.986464	 -3.11992	 0.169757
135.08	 0.820487	 -0.067044	 -1.15244	 0.959111	 -3.10368	 0.178172
135.1	 0.851259	 -0.0815338	 -1.12973	 0.930802	 -3.0871	 0.186541
135.12	 0.881408	 -0.0960411	 -1.10672	 0.901645	 -3.07025	 0.194868
135.14	 0.910918	 -0.110541	 -1.08347	 0.871746	 -3.05319	 0.203151
135.16	 0.939773	 -0.125014	 -1.06006	 0.841214	 -3.03598	 0.211399
135.18	 0.96796	 -0.139439	 -1.03655	 0.810116	 -3.0187	 0.219603
135.2	 0.995469	 -0.153793	 -1.01303	 0.778533	 -3.0014	 0.227762
135.22	 1.02229	 -0.168054	 -0.989569	 0.746547	 -2.98416	 0.235867
135.24	 1.04842	 -0.1822	 -0.966242	 0.714237	 -2.96703	 0.243915
135.26	 1.07385	 -0.196209	 -0.943126	 0.681684	 -2.95007	 0.251901
135.28	 1.09856	 -0.21006	 -0.920295	 0.648967	 -2.93334	 0.259823
135.3	 1.12255	 -0.223732	 -0.897824	 0.616165	 -2.91691	 0.267677
135.32	 1.14581	 -0.237204	 -0.875788	 0.583357	 -2.90083	 0.27546
135.34	 1.16833	 -0.250456	 -0.85426	 0.550621	 -2.88518	 0.283169
135.36	 1.19011	 -0.263468	 -0.833315	 0.518033	 -2.87001	 0.290802
135.38	 1.21112	 -0.276222	 -0.813023	 0.48567	 -2.85539	 0.298356
135.4	 1.23136	 -0.288697	 -0.793457	 0.453606	 -2.84139	 0.305827
135.42	 1.25084	 -0.300876	 -0.774687	 0.421915	 -2.82805	 0.313213
135.44	 1.26953	 -0.31274	 -0.756782	 0.390668	 -2.81544	 0.32051
135.46	 1.28743	 -0.324273	 -0.73981	 0.359934	 -2.80361	 0.327715
135.48	 1.30455	 -0.335456	 -0.723837	 0.329781	 -2.79262	 0.334827
135.5	 1.32086	 -0.346275	 -0.708927	 0.300274	 -2.78252	 0.341843
135.52	 1.33636	 -0.356713	 -0.695144	 0.271476	 -2.77336	 0.348759
135.54	 1.35106	 -0.366755	 -0.682549	 0.243449	 -2.76519	 0.355573
135.56	 1.36493	 -0.376388	 -0.671199	 0.21625	 -2.75805	 0.362283
135.58	 1.37799	 -0.385598	 -0.661152	 0.189935	 -2.752	 0.368886
135.6	 1.39022	 -0.394373	 -0.652461	 0.164557	 -2.74707	 0.375382
135.62	 1.40162	 -0.402701	 -0.645178	 0.140167	 -2.74329	 0.381767
135.64	 1.4122	 -0.410572	 -0.639351	 0.116812	 -2.74071	 0.388041
135.66	 1.42193	 -0.417975	 -0.635025	 0.0945364	 -2.73936	 0.394202
135.68	 1.43083	 -0.424903	 -0.632245	 0.0733821	 -2.73927	 0.400249
135.7	 1.43889	 -0.431347	 -0.631049	 0.0533878	 -2.74045	 0.406181
135.72	 1.44611	 -0.4373	 -0.631474	 0.034589	 -2.74294	 0.411998
135.74	 1.45248	 -0.442756	 -0.633554	 0.0170181	 -2.74674	 0.417698
135.76	 1.45801	 -0.44771	 -0.637317	 0.000704783	 -2.75187	 0.423281
135.78	 1.4627	 -0.452158	 -0.642792	 -0.0143248	 -2.75835	 0.428747
135.8	 1.46655	 -0.456095	 -0.65	 -0.0280473	 -2.76617	 0.434093
135.82	 1.46955	 -0.45952	 -0.658962	 -0.0404428	 -2.77534	 0.439321
135.84	 1.47171	 -0.462431	 -0.669694	 -0.0514942	 -2.78586	 0.44443
135.86	 1.47303	 -0.464826	 -0.682208	 -0.061188	 -2.79772	 0.449418
135.88	 1.47352	 -0.466707	 -0.696513	 -0.0695137	 -2.81091	 0.454285
135.9	 1.47316	 -0.468073	 -0.712614	 -0.0764642	 -2.82541	 0.45903
135.92	 1.47197	 -0.468927	 -0.730514	 -0.0820362	 -2.84122	 0.463653
135.94	 1.46996	 -0.469272	 -0.750211	 -0.0862296	 -2.8583	 0.468153
135.96	 1.46711	 -0.46911	 -0.771698	 -0.089048	 -2.87664	 0.472528
135.98	 1.46344	 -0.468447	 -0.794968	 -0.0904988	 -2.8962	 0.476778
136	 1.45895	 -0.467288	 -0.820009	 -0.0905928	 -2.91695	 0.480903
136.02	 1.45365	 -0.465639	 -0.846804	 -0.0893444	 -2.93886	 0.484901
136.04	 1.44754	 -0.463508	 -0.875335	 -0.0867715	 -2.96188	 0.488772
136.06	 1.44062	 -0.460902	 -0.90558	 -0.0828957	 -2.98599	 0.492516
136.08	 1.4329	 -0.457832	 -0.937514	 -0.0777415	 -3.01113	 0.496134
136.1	 1.42439	 -0.454312	 -0.971111	 -0.0713361	 -3.03727	 0.499637
136.12	 1.4151	 -0.45036	 -1.00634	 -0.0637088	 -3.06436	 0.503035
136.14	 1.40503	 -0.445994	 -1.04318	 -0.0548912	 -3.09236	 0.506342
136.16	 1.39418	 -0.441232	 -1.0816	 -0.0449171	 -3.12123	 0.509569
136.18	 1.38257	 -0.436093	 -1.12155	 -0.0338236	 -3.15092	 0.512724
136.2	 1.3702	 -0.430595	 -1.16299	 -0.021651	 -3.18136	 0.515818
136.22	 1.35708	 -0.424758	 -1.20589	 -0.00844294	 -3.21252	 0.518856
136.24	 1.34322	 -0.418599	 -1.25019	 0.00575384	 -3.24432	 0.521849
136.26	 1.32863	 -0.41214	 -1.29586	 0.02089	 -3.2767	 0.524804
136.28	 1.31331	 -0.4054	 -1.34282	 0.0369141	 -3.30961	 0.527729
136.3	 1.29728	 -0.3984	 -1.39104	 0.0537732	 -3.34297	 0.530634
136.32	 1.28055	 -0.391162	 -1.44045	 0.0714125	 -3.37672	 0.533527
136.34	 1.26312	 -0.383708	 -1.491	 0.0897761	 -3.41079	 0.536416
136.36	 1.24501	 -0.376059	 -1.54263	 0.108806	 -3.44512	 0.539308
136.38	 1.22622	 -0.368237	 -1.59527	 0.128444	 -3.47962	 0.542211
136.4	 1.20676	 -0.360265	 -1.64887	 0.14863	 -3.51424	 0.54513
136.42	 1.18666	 -0.35216	 -1.70335	 0.1693	 -3.5489	 0.548067
136.44	 1.16591	 -0.343938	 -1.75866	 0.190391	 -3.58354	 0.551009
136.46	 1.14453	 -0.33561	 -1.81474	 0.211836	 -3.6181	 0.553944
136.48	 1.12254	 -0.327183	 -1.87152	 0.233566	 -3.65253	 0.556849
136.5	 1.09993	 -0.318662	 -1.92896	 0.255508	 -3.68679	 0.559693
136.52	 1.07674	 -0.310046	 -1.98699	 0.27759	 -3.72082	 0.562445
136.54	 1.05298	 -0.301341	 -2.04555	 0.299737	 -3.75458	 0.565075
136.56	 1.02865	 -0.292548	 -2.10459	 0.321875	 -3.78802	 0.567553
136.58	 1.00378	 -0.283674	 -2.16405	 0.343932	 -3.82108	 0.569855
136.6	 0.978379	 -0.274725	 -2.22385	 0.365837	 -3.85372	 0.571957
136.62	 0.952464	 -0.265708	 -2.28394	 0.38752	 -3.88588	 0.573833
136.64	 0.926049	 -0.256629	 -2.34425	 0.408913	 -3.9175	 0.575459
136.66	 0.899151	 -0.2475	 -2.40472	 0.429948	 -3.94854	 0.576819
136.68	 0.871788	 -0.238331	 -2.46528	 0.45056	 -3.97894	 0.5779
136.7	 0.843977	 -0.229136	 -2.52588	 0.470682	 -4.00867	 0.578688
136.72	 0.815734	 -0.219924	 -2.58644	 0.49025	 -4.03767	 0.579169
136.74	 0.787079	 -0.210707	 -2.64692	 0.509199	 -4.06592	 0.579327
136.76	 0.758028	 -0.201496	 -2.70725	 0.527467	 -4.09335	 0.579148
136.78	 0.728601	 -0.192299	 -2.76736	 0.544988	 -4.11994	 0.578612
136.8	 0.698816	 -0.183125	 -2.8272	 0.5617	 -4.14563	 0.577703
136.82	 0.668692	 -0.173974	 -2.88671	 0.577618	 -4.17038	 0.576409
136.84	 0.638239	 -0.164841	 -2.94584	 0.592742	 -4.19416	 0.574717
136.86	 0.607465	 -0.155723	 -3.00453	 0.607048	 -4.21693	 0.572607
136.88	 0.576375	 -0.146619	 -3.06276	 0.620495	 -4.23868	 0.570063
136.9	 0.544977	 -0.137528	 -3.12049	 0.633056	 -4.2594	 0.567066
136.92	 0.513277	 -0.12845	 -3.17767	 0.644705	 -4.27908	 0.563601
136.94	 0.481278	 -0.119384	 -3.23428	 0.655421	 -4.29771	 0.559653
136.96	 0.448983	 -0.110336	 -3.29029	 0.665185	 -4.31531	 0.555212
136.98	 0.416396	 -0.10131	 -3.34567	 0.673979	 -4.33188	 0.550271
137	 0.38352	 -0.0923093	 -3.40039	 0.681784	 -4.34743	 0.544826
137.02	 0.350362	 -0.0833394	 -3.45442	 0.688582	 -4.36197	 0.538874
137.04	 0.316927	 -0.0744028	 -3.50773	 0.694352	 -4.37551	 0.53241
137.06	 0.283222	 -0.0655024	 -3.56029	 0.699075	 -4.38805	 0.525431
137.08	 0.249253	 -0.0566392	 -3.61207	 0.702731	 -4.39959	 0.517927
137.1	 0.215022	 -0.0478147	 -3.66303	 0.705347	 -4.41011	 0.509922
137.12	 0.180533	 -0.0390302	 -3.71315	 0.706923	 -4.41959	 0.501437
137.14	 0.14579	 -0.0302896	 -3.7624	 0.707455	 -4.428	 0.492501
137.16	 0.110795	 -0.0215912	 -3.81074	 0.706963	 -4.43532	 0.483138
137.18	 0.0755545	 -0.0129358	 -3.85815	 0.705457	 -4.44154	 0.473373
137.2	 0.0400729	 -0.00432063	 -3.9046	 0.702972	 -4.44664	 0.463226
137.22	 0.00435604	 0.0042529	 -3.95007	 0.699522	 -4.45061	 0.452719
137.24	 -0.0315904	 0.0127848	 -3.99452	 0.695132	 -4.45344	 0.44187
137.26	 -0.0677603	 0.0212736	 -4.03794	 0.689819	 -4.45512	 0.4307
137.28	 -0.104148	 0.029719	 -4.08031	 0.683608	 -4.45564	 0.419229
137.3	 -0.140747	 0.0381203	 -4.12158	 0.676521	 -4.45499	 0.40748
137.32	 -0.17755	 0.0464773	 -4.16175	 0.668585	 -4.45316	 0.395473
137.34	 -0.214552	 0.0547898	 -4.20079	 0.659826	 -4.45013	 0.383231
137.36	 -0.251746	 0.0630582	 -4.23868	 0.65027	 -4.4459	 0.370775
137.38	 -0.289123	 0.0712826	 -4.27539	 0.639943	 -4.44045	 0.358124
137.4	 -0.326676	 0.0794634	 -4.31092	 0.628871	 -4.43378	 0.345299
137.42	 -0.364399	 0.0876006	 -4.34523	 0.617083	 -4.42588	 0.33232
137.44	 -0.402283	 0.0956944	 -4.37831	 0.604608	 -4.41673	 0.319207
137.46	 -0.440319	 0.103745	 -4.41014	 0.591475	 -4.40633	 0.305978
137.48	 -0.478501	 0.111753	 -4.44071	 0.577713	 -4.39466	 0.292653
137.5	 -0.516819	 0.119718	 -4.47	 0.563354	 -4.38173	 0.27925
137.52	 -0.555265	 0.12764	 -4.49799	 0.548428	 -4.36753	 0.265788
137.54	 -0.593829	 0.135521	 -4.52467	 0.532964	 -4.35203	 0.252283
137.56	 -0.632503	 0.143361	 -4.55004	 0.516994	 -4.33524	 0.238754
137.58	 -0.671277	 0.151159	 -4.57407	 0.500548	 -4.31716	 0.225216
137.6	 -0.710142	 0.158917	 -4.59676	 0.483656	 -4.29776	 0.211686
137.62	 -0.749087	 0.166635	 -4.61809	 0.46635	 -4.27704	 0.198177
137.64	 -0.788102	 0.174315	 -4.63806	 0.44866	 -4.255	 0.184705
137.66	 -0.827178	 0.181955	 -4.65665	 0.430618	 -4.23163	 0.171281
137.68	 -0.866302	 0.189558	 -4.67387	 0.412237	 -4.20691	 0.157907
137.7	 -0.905465	 0.197123	 -4.6897	 0.393546	 -4.18083	 0.144585
137.72	 -0.944655	 0.20465	 -4.70414	 0.374543	 -4.15338	 0.131311
137.74	 -0.983861	 0.212136	 -4.71719	 0.355245	 -4.12454	 0.118085
137.76	 -1.02307	 0.219582	 -4.72884	 0.335664	 -4.09429	 0.104909
137.78	 -1.06227	 0.226988	 -4.73909	 0.315821	 -4.06263	 0.0917832
137.8	 -1.10146	 0.234352	 -4.74793	 0.295734	 -4.02955	 0.0787124
137.82	 -1.14061	 0.241674	 -4.75538	 0.275417	 -3.99503	 0.0657001
137.84	 -1.17971	 0.248954	 -4.76143	 0.254878	 -3.95907	 0.0527485
137.86	 -1.21875	 0.256192	 -4.76608	 0.234133	 -3.92167	 0.03986
137.88	 -1.25772	 0.263386	 -4.76933	 0.2132	 -3.88281	 0.0270365
137.9	 -1.29661	 0.270538	 -4.7712	 0.192097	 -3.84249	 0.01428
137.92	 -1.33539	 0.277647	 -4.77168	 0.170841	 -3.80071	 0.00159269
137.94	 -1.37405	 0.284712	 -4.77078	 0.149448	 -3.75745	 -0.0110233
137.96	 -1.41258	 0.291733	 -4.76851	 0.127937	 -3.71272	 -0.0235657
137.98	 -1.45096	 0.29871	 -4.76488	 0.106325	 -3.66651	 -0.0360323
138	 -1.48918	 0.305642	 -4.75989	 0.0846288	 -3.61882	 -0.0484213
138.02	 -1.52722	 0.312528	 -4.75357	 0.0628445	 -3.56965	 -0.0607367
138.04	 -1.56506	 0.319368	 -4.74591	 0.0410102	 -3.519	 -0.0729734
138.06	 -1.60268	 0.326161	 -4.73693	 0.0191246	 -3.46686	 -0.0851339
138.08	 -1.64008	 0.332909	 -4.72665	 -0.00276436	 -3.41324	 -0.0972095
138.1	 -1.67722	 0.33961	 -4.71508	 -0.0246488	 -3.35815	 -0.109198
138.12	 -1.7141	 0.346265	 -4.70224	 -0.0465005	 -3.30159	 -0.121094
138.14	 -1.7507	 0.352873	 -4.68813	 -0.0683107	 -3.24355	 -0.132896
138.16	 -1.78699	 0.359435	 -4.67279	 -0.0900555	 -3.18406	 -0.144602
138.18	 -1.82296	 0.365949	 -4.65623	 -0.111719	 -3.12311	 -0.156212
138.2	 -1.85859	 0.372417	 -4.63846	 -0.133276	 -3.06072	 -0.167722
138.22	 -1.89387	 0.378836	 -4.61951	 -0.154707	 -2.9969	 -0.179131
138.24	 -1.92876	 0.385208	 -4.5994	 -0.175987	 -2.93165	 -0.190434
138.26	 -1.96326	 0.391533	 -4.57815	 -0.197099	 -2.86499	 -0.20163
138.28	 -1.99734	 0.397808	 -4.55578	 -0.218019	 -2.79694	 -0.212714
138.3	 -2.03098	 0.404036	 -4.53232	 -0.238729	 -2.72752	 -0.223683
138.32	 -2.06417	 0.410214	 -4.50779	 -0.259207	 -2.65673	 -0.234535
138.34	 -2.09688	 0.416344	 -4.48222	 -0.279433	 -2.58461	 -0.245268
138.36	 -2.1291	 0.422425	 -4.45563	 -0.299385	 -2.51117	 -0.255878
138.38	 -2.1608	 0.428455	 -4.42806	 -0.319045	 -2.43643	 -0.266362
138.4	 -2.19196	 0.434436	 -4.39952	 -0.338391	 -2.36043	 -0.276717
138.42	 -2.22257	 0.440367	 -4.37004	 -0.357404	 -2.28319	 -0.28694
138.44	 -2.2526	 0.446247	 -4.33966	 -0.376064	 -2.20474	 -0.297028
138.46	 -2.28204	 0.452075	 -4.3084	 -0.394352	 -2.12511	 -0.306977
138.48	 -2.31085	 0.457852	 -4.2763	 -0.41225	 -2.04434	 -0.316785
138.5	 -2.33904	 0.463577	 -4.24338	 -0.429739	 -1.96246	 -0.326447
138.52	 -2.36656	 0.469249	 -4.20968	 -0.446803	 -1.87951	 -0.33596
138.54	 -2.39342	 0.474868	 -4.17522	 -0.463423	 -1.79553	 -0.345321
138.56	 -2.41957	 0.480432	 -4.14004	 -0.479584	 -1.71056	 -0.354527
138.58	 -2.44501	 0.485942	 -4.10418	 -0.49527	 -1.62464	 -0.363572
138.6	 -2.46972	 0.491395	 -4.06766	 -0.510466	 -1.53783	 -0.372455
138.62	 -2.49367	 0.496793	 -4.03051	 -0.525156	 -1.45017	 -0.38117
138.64	 -2.51685	 0.502132	 -3.99278	 -0.539327	 -1.3617	 -0.389713
138.66	 -2.53924	 0.507414	 -3.95449	 -0.552966	 -1.27248	 -0.398082
138.68	 -2.56082	 0.512636	 -3.91569	 -0.566059	 -1.18257	 -0.406271
138.7	 -2.58157	 0.517797	 -3.8764	 -0.578594	 -1.09201	 -0.414278
138.72	 -2.60147	 0.522898	 -3.83666	 -0.590559	 -1.00085	 -0.422096
138.74	 -2.62052	 0.527935	 -3.7965	 -0.601941	 -0.909164	 -0.429724
138.76	 -2.63868	 0.532909	 -3.75596	 -0.612729	 -0.816995	 -0.437156
138.78	 -2.65595	 0.537819	 -3.71507	 -0.622913	 -0.724404	 -0.444388
138.8	 -2.6723	 0.542663	 -3.67388	 -0.632482	 -0.631447	 -0.451417
138.82	 -2.68773	 0.547439	 -3.63241	 -0.641426	 -0.538184	 -0.458239
138.84	 -2.70222	 0.552148	 -3.59069	 -0.649736	 -0.444672	 -0.464849
138.86	 -2.71574	 0.556788	 -3.54878	 -0.657404	 -0.350971	 -0.471243
138.88	 -2.7283	 0.561356	 -3.50669	 -0.66442	 -0.257141	 -0.477419
138.9	 -2.73987	 0.565853	 -3.46446	 -0.670779	 -0.163242	 -0.483371
138.92	 -2.75044	 0.570277	 -3.42214	 -0.676472	 -0.0693358	 -0.489097
138.94	 -2.76	 0.574627	 -3.37974	 -0.681496	 0.0245165	 -0.494592
138.96	 -2.76854	 0.578901	 -3.33732	 -0.685843	 0.118253	 -0.499853
138.98	 -2.77604	 0.583097	 -3.29489	 -0.689509	 0.211812	 -0.504876
139	 -2.7825	 0.587216	 -3.2525	 -0.692491	 0.305131	 -0.509658
139.02	 -2.78791	 0.591254	 -3.21018	 -0.694786	 0.398147	 -0.514195
139.04	 -2.79224	 0.595212	 -3.16796	 -0.69639	 0.490799	 -0.518483
139.06	 -2.79551	 0.599086	 -3.12588	 -0.697302	 0.583023	 -0.52252
139.08	 -2.79769	 0.602877	 -3.08396	 -0.69752	 0.674757	 -0.526301
139.1	 -2.79879	 0.606582	 -3.04224	 -0.697043	 0.765939	 -0.529824
139.12	 -2.79879	 0.6102	 -3.00075	 -0.695871	 0.856506	 -0.533086
139.14	 -2.79768	 0.61373	 -2.95953	 -0.694005	 0.946399	 -0.536082
139.16	 -2.79547	 0.617169	 -2.91859	 -0.691444	 1.03555	 -0.538809
139.18	 -2.79214	 0.620517	 -2.87797	 -0.688192	 1.12391	 -0.541266
139.2	 -2.78769	 0.623772	 -2.8377	 -0.68425	 1.21141	 -0.543449
139.22	 -2.78213	 0.626931	 -2.79781	 -0.679624	 1.298	 -0.545353
139.24	 -2.77544	 0.629993	 -2.75833	 -0.674317	 1.3836	 -0.546978
139.26	 -2.76762	 0.632957	 -2.71928	 -0.668334	 1.46818	 -0.54832
139.28	 -2.75868	 0.635821	 -2.68068	 -0.66168	 1.55166	 -0.549376
139.3	 -2.74861	 0.638582	 -2.64258	 -0.65436	 1.634	 -0.550144
139.32	 -2.73742	 0.64124	 -2.60497	 -0.646381	 1.71513	 -0.550621
139.34	 -2.72509	 0.643792	 -2.56791	 -0.637752	 1.79501	 -0.550806
139.36	 -2.71165	 0.646237	 -2.5314	 -0.628478	 1.87359	 -0.550695
139.38	 -2.69708	 0.648572	 -2.49546	 -0.618569	 1.9508	 -0.550287
139.4	 -2.68139	 0.650797	 -2.46012	 -0.608032	 2.02659	 -0.549578
139.42	 -2.66459	 0.652907	 -2.4254	 -0.596876	 2.10093	 -0.548567
139.44	 -2.64668	 0.654903	 -2.39132	 -0.585112	 2.17377	 -0.547252
139.46	 -2.62767	 0.656782	 -2.3579	 -0.57275	 2.24504	 -0.54563
139.48	 -2.60755	 0.658542	 -2.32514	 -0.559801	 2.31473	 -0.5437
139.5	 -2.58635	 0.660182	 -2.29308	 -0.546277	 2.38277	 -0.541461
139.52	 -2.56406	 0.661699	 -2.26171	 -0.532189	 2.44913	 -0.538912
139.54	 -2.5407	 0.663092	 -2.23106	 -0.517552	 2.51377	 -0.536051
139.56	 -2.51628	 0.66436	 -2.20114	 -0.502378	 2.57665	 -0.532877
139.58	 -2.4908	 0.665499	 -2.17196	 -0.486681	 2.63774	 -0.529389
139.6	 -2.46427	 0.666509	 -2.14353	 -0.470476	 2.69701	 -0.525587
139.62	 -2.43671	 0.667388	 -2.11586	 -0.453779	 2.75442	 -0.52147
139.64	 -2.40813	 0.668134	 -2.08894	 -0.436604	 2.80995	 -0.517039
139.66	 -2.37854	 0.668745	 -2.0628	 -0.418969	 2.86357	 -0.512292
139.68	 -2.34796	 0.669221	 -2.03744	 -0.400891	 2.91525	 -0.507231
139.7	 -2.31639	 0.669559	 -2.01284	 -0.382385	 2.96499	 -0.501856
139.72	 -2.28386	 0.669758	 -1.98903	 -0.363472	 3.01275	 -0.496167
139.74	 -2.25037	 0.669817	 -1.966	 -0.344167	 3.05852	 -0.490166
139.76	 -2.21595	 0.669734	 -1.94374	 -0.324491	 3.1023	 -0.483852
139.78	 -2.18061	 0.669509	 -1.92226	 -0.304462	 3.14406	 -0.477228
139.8	 -2.14437	 0.669139	 -1.90155	 -0.2841	 3.1838	 -0.470295
139.82	 -2.10724	 0.668624	 -1.8816	 -0.263425	 3.22152	 -0.463054
139.84	 -2.06925	 0.667963	 -1.86241	 -0.242457	 3.25721	 -0.455507
139.86	 -2.0304	 0.667154	 -1.84397	 -0.221216	 3.29087	 -0.447657
139.88	 -1.99073	 0.666198	 -1.82626	 -0.199724	 3.32251	 -0.439506
139.9	 -1.95025	 0.665092	 -1.80928	 -0.178001	 3.35213	 -0.431055
139.92	 -1.90897	 0.663836	 -1.79302	 -0.156071	 3.37975	 -0.422309
139.94	 -1.86693	 0.662429	 -1.77745	 -0.133954	 3.40536	 -0.413269
139.96	 -1.82413	 0.660871	 -1.76256	 -0.111673	 3.429	 -0.40394
139.98	 -1.78061	 0.659161	 -1.74834	 -0.0892509	 3.45066	 -0.394324
140	 -1.73638	 0.657299	 -1.73476	 -0.0667101	 3.47039	 -0.384425
140.02	 -1.69147	 0.655284	 -1.7218	 -0.0440738	 3.48819	 -0.374248
140.04	 -1.64589	 0.653116	 -1.70945	 -0.0213653	 3.50409	 -0.363795
140.06	 -1.59967	 0.650795	 -1.69768	 0.00139182	 3.51812	 -0.353072
140.08	 -1.55283	 0.648321	 -1.68646	 0.0241739	 3.53031	 -0.342084
140.1	 -1.5054	 0.645695	 -1.67577	 0.046957	 3.5407	 -0.330835
140.12	 -1.4574	 0.642915	 -1.66559	 0.0697171	 3.54931	 -0.31933
140.14	 -1.40884	 0.639983	 -1.65587	 0.09243	 3.55619	 -0.307575
140.16	 -1.35977	 0.636899	 -1.64661	 0.115071	 3.56138	 -0.295575
140.18	 -1.31019	 0.633663	 -1.63775	 0.137617	 3.56491	 -0.283337
140.2	 -1.26013	 0.630276	 -1.62928	 0.160042	 3.56684	 -0.270865
140.22	 -1.20962	 0.626739	 -1.62116	 0.182322	 3.5672	 -0.258166
140.24	 -1.15868	 0.623051	 -1.61336	 0.204433	 3.56605	 -0.245246
140.26	 -1.10734	 0.619214	 -1.60585	 0.22635	 3.56343	 -0.232111
140.28	 -1.05562	 0.615228	 -1.59858	 0.248049	 3.55939	 -0.218768
140.3	 -1.00354	 0.611093	 -1.59153	 0.269505	 3.55399	 -0.205223
140.32	 -0.95113	 0.606812	 -1.58466	 0.290693	 3.54728	 -0.191483
140.34	 -0.898414	 0.602383	 -1.57794	 0.311591	 3.53931	 -0.177553
140.36	 -0.845417	 0.597807	 -1.57132	 0.332172	 3.53013	 -0.16344
140.38	 -0.792162	 0.593086	 -1.56477	 0.352414	 3.51981	 -0.149151
140.4	 -0.738675	 0.588219	 -1.55826	 0.372292	 3.50839	 -0.134692
140.42	 -0.684981	 0.583207	 -1.55174	 0.391782	 3.49594	 -0.120069
140.44	 -0.631103	 0.578051	 -1.54518	 0.410862	 3.48251	 -0.105289
140.46	 -0.577067	 0.57275	 -1.53855	 0.429507	 3.46816	 -0.0903584
140.48	 -0.522896	 0.567305	 -1.5318	 0.447695	 3.45295	 -0.0752823
140.5	 -0.468613	 0.561716	 -1.52489	 0.465409	 3.43692	 -0.060065
140.52	 -0.414226	 0.555981	 -1.51781	 0.482659	 3.42012	 -0.0447
140.54	 -0.35973	 0.550098	 -1.51054	 0.499407	 3.40259	 -0.0291889
140.56	 -0.305117	 0.544066	 -1.50305	 0.515633	 3.38436	 -0.0135362
140.58	 -0.250379	 0.537883	 -1.49533	 0.531312	 3.36548	 0.00225128
140.6	 -0.19551	 0.53155	 -1.48736	 0.546423	 3.34599	 0.018166
140.62	 -0.140507	 0.525066	 -1.47913	 0.560943	 3.32595	 0.0342008
140.64	 -0.0853714	 0.51843	 -1.47061	 0.574847	 3.30541	 0.0503495
140.66	 -0.0301044	 0.511642	 -1.46178	 0.588113	 3.28442	 0.0666064
140.68	 0.0252917	 0.5047	 -1.45262	 0.600716	 3.26302	 0.0829663
140.7	 0.0808122	 0.497599	 -1.44312	 0.612635	 3.24125	 0.0994297
140.72	 0.136456	 0.490337	 -1.43325	 0.623847	 3.21912	 0.115992
140.74	 0.192216	 0.482908	 -1.42302	 0.634332	 3.19666	 0.132658
140.76	 0.248092	 0.475308	 -1.41242	 0.644069	 3.1739	 0.149422
140.78	 0.304078	 0.467533	 -1.40144	 0.65304	 3.15085	 0.166283
140.8	 0.360171	 0.459579	 -1.39007	 0.661222	 3.12754	 0.183237
140.82	 0.416365	 0.451444	 -1.3783	 0.668597	 3.10401	 0.200282
140.84	 0.472657	 0.443122	 -1.36612	 0.675143	 3.08028	 0.217415
140.86	 0.52904	 0.434611	 -1.35354	 0.680843	 3.05637	 0.234634
140.88	 0.585506	 0.425905	 -1.34054	 0.685676	 3.0323	 0.251936
140.9	 0.642049	 0.417001	 -1.32712	 0.689625	 3.00809	 0.26932
140.92	 0.698659	 0.407894	 -1.31328	 0.692671	 2.98375	 0.286782
140.94	 0.755321	 0.398583	 -1.29904	 0.694796	 2.95925	 0.304315
140.96	 0.812019	 0.389064	 -1.28441	 0.695984	 2.9346	 0.321912
140.98	 0.868731	 0.379338	 -1.26941	 0.696215	 2.90974	 0.33956
141	 0.925438	 0.369404	 -1.25406	 0.695472	 2.88464	 0.35725
141.02	 0.982117	 0.359263	 -1.23839	 0.693737	 2.85925	 0.374971
141.04	 1.03875	 0.348913	 -1.22243	 0.690994	 2.83354	 0.392713
141.06	 1.09531	 0.338355	 -1.20621	 0.68723	 2.80748	 0.410464
141.08	 1.15178	 0.327587	 -1.18973	 0.68243	 2.78102	 0.428216
141.1	 1.20815	 0.316609	 -1.17304	 0.67658	 2.75414	 0.445956
141.12	 1.26438	 0.30542	 -1.15614	 0.669664	 2.72681	 0.463674
141.14	 1.32046	 0.294022	 -1.13907	 0.661684	 2.699	 0.481358
141.16	 1.37637	 0.282414	 -1.12184	 0.652625	 2.67067	 0.498996
141.18	 1.43209	 0.270599	 -1.10449	 0.642482	 2.64177	 0.516574
141.2	 1.48759	 0.258577	 -1.08705	 0.631242	 2.61227	 0.534078
141.22	 1.54285	 0.246352	 -1.06954	 0.618892	 2.58212	 0.551488
141.24	 1.59786	 0.233927	 -1.05201	 0.60543	 2.55128	 0.568787
141.26	 1.65259	 0.221305	 -1.03446	 0.59085	 2.51971	 0.585958
141.28	 1.70702	 0.208491	 -1.01694	 0.57515	 2.48738	 0.602982
141.3	 1.76113	 0.195489	 -0.999477	 0.558325	 2.45424	 0.61984
141.32	 1.81491	 0.182304	 -0.982094	 0.540376	 2.42027	 0.636512
141.34	 1.86832	 0.168942	 -0.964822	 0.521304	 2.38542	 0.652978
141.36	 1.92136	 0.15541	 -0.94769	 0.501114	 2.34966	 0.669216
141.38	 1.974	 0.141714	 -0.930727	 0.479812	 2.31295	 0.685204
141.4	 2.02622	 0.127865	 -0.913961	 0.457406	 2.27528	 0.700918
141.42	 2.07801	 0.11387	 -0.897417	 0.433908	 2.23659	 0.716335
141.44	 2.12934	 0.0997393	 -0.881123	 0.409332	 2.19688	 0.731431
141.46	 2.18019	 0.0854844	 -0.865104	 0.383694	 2.15612	 0.74618
141.48	 2.23055	 0.0711163	 -0.849384	 0.357014	 2.11427	 0.760557
141.5	 2.2804	 0.056647	 -0.833986	 0.329314	 2.07134	 0.774539
141.52	 2.32971	 0.0420893	 -0.818934	 0.30062	 2.02729	 0.788099
141.54	 2.37848	 0.0274564	 -0.804248	 0.27096	 1.98211	 0.801211
141.56	 2.42668	 0.0127625	 -0.789949	 0.240367	 1.93579	 0.813852
141.58	 2.4743	 -0.00197786	 -0.776056	 0.208875	 1.88833	 0.825995
141.6	 2.52131	 -0.0167495	 -0.762587	 0.176521	 1.83972	 0.837616
141.62	 2.5677	 -0.0315368	 -0.749558	 0.143346	 1.78995	 0.848691
141.64	 2.61346	 -0.0463236	 -0.736987	 0.109394	 1.73904	 0.859196
141.66	 2.65856	 -0.0610933	 -0.724885	 0.0747097	 1.68697	 0.869106
141.68	 2.70299	 -0.0758287	 -0.713268	 0.0393432	 1.63375	 0.878401
141.7	 2.74674	 -0.0905124	 -0.702147	 0.00334619	 1.57941	 0.887058
141.72	 2.78978	 -0.105126	 -0.691533	 -0.033227	 1.52394	 0.895054
141.74	 2.83211	 -0.119652	 -0.681435	 -0.0703192	 1.46737	 0.90237
141.76	 2.8737	 -0.134071	 -0.671862	 -0.107871	 1.40971	 0.908986
141.78	 2.91454	 -0.148365	 -0.66282	 -0.14582	 1.35099	 0.914883
141.8	 2.95461	 -0.162514	 -0.654316	 -0.184102	 1.29123	 0.920044
141.82	 2.99391	 -0.176499	 -0.646355	 -0.22265	 1.23045	 0.924451
141.84	 3.03241	 -0.190302	 -0.638939	 -0.261396	 1.16869	 0.928091
141.86	 3.0701	 -0.203901	 -0.63207	 -0.300269	 1.10597	 0.930949
141.88	 3.10696	 -0.21728	 -0.62575	 -0.339196	 1.04235	 0.933012
141.9	 3.14299	 -0.230418	 -0.619976	 -0.378104	 0.977856	 0.934272
141.92	 3.17816	 -0.243302	 -0.61475	 -0.416916	 0.912525	 0.934727
141.94	 3.21246	 -0.255918	 -0.610075	 -0.455552	 0.846395	 0.934382
141.96	 3.24589	 -0.268256	 -0.60595	 -0.493932	 0.779504	 0.933242
141.98	 3.27842	 -0.280303	 -0.602376	 -0.531973	 0.711892	 0.931315
142	 3.31005	 -0.292047	 -0.599351	 -0.569592	 0.643603	 0.928608
142.02	 3.34076	 -0.303475	 -0.596872	 -0.606706	 0.574686	 0.925127
142.04	 3.37054	 -0.314576	 -0.594934	 -0.643235	 0.505193	 0.920881
142.06	 3.39937	 -0.325337	 -0.59353	 -0.679096	 0.435179	 0.91588
142.08	 3.42725	 -0.335746	 -0.592652	 -0.71421	 0.364701	 0.910136
142.1	 3.45416	 -0.345791	 -0.59229	 -0.748496	 0.293821	 0.903661
142.12	 3.48009	 -0.355462	 -0.592433	 -0.781876	 0.222599	 0.89647
142.14	 3.50503	 -0.36475	 -0.59307	 -0.814269	 0.151101	 0.888579
142.16	 3.52896	 -0.373643	 -0.594187	 -0.845598	 0.079393	 0.880004
142.18	 3.55188	 -0.382134	 -0.595771	 -0.875786	 0.00754305	 0.870765
142.2	 3.57377	 -0.390213	 -0.597807	 -0.904758	 -0.0643784	 0.860879
142.22	 3.59462	 -0.397873	 -0.600278	 -0.932438	 -0.136299	 0.850366
142.24	 3.61442	 -0.405106	 -0.603168	 -0.958757	 -0.208146	 0.839246
142.26	 3.63316	 -0.411904	 -0.606459	 -0.983642	 -0.279843	 0.827542
142.28	 3.65082	 -0.418262	 -0.61013	 -1.00703	 -0.351314	 0.815274
142.3	 3.66741	 -0.424172	 -0.614161	 -1.02884	 -0.422483	 0.802466
142.32	 3.68289	 -0.429629	 -0.618532	 -1.04903	 -0.493269	 0.789141
142.34	 3.69728	 -0.434628	 -0.623219	 -1.06752	 -0.563594	 0.775323
142.36	 3.71055	 -0.439164	 -0.6282	 -1.08426	 -0.633377	 0.761037
142.38	 3.72269	 -0.443234	 -0.633451	 -1.09919	 -0.702539	 0.746308
142.4	 3.73371	 -0.446834	 -0.638947	 -1.11226	 -0.771	 0.731162
142.42	 3.74357	 -0.449962	 -0.644663	 -1.1234	 -0.838678	 0.715624
142.44	 3.75229	 -0.452614	 -0.650572	 -1.13259	 -0.905494	 0.699721
142.46	 3.75985	 -0.454789	 -0.656647	 -1.13975	 -0.971365	 0.68348
142.48	 3.76623	 -0.456486	 -0.662861	 -1.14486	 -1.03621	 0.666926
142.5	 3.77144	 -0.457703	 -0.669184	 -1.14787	 -1.09996	 0.650086
142.52	 3.77547	 -0.458441	 -0.675589	 -1.14874	 -1.16252	 0.632989
142.54	 3.7783	 -0.4587	 -0.682046	 -1.14743	 -1.22381	 0.615659
142.56	 3.77993	 -0.45848	 -0.688526	 -1.14392	 -1.28377	 0.598124
142.58	 3.78035	 -0.457784	 -0.694997	 -1.13819	 -1.34232	 0.580411
142.6	 3.77956	 -0.456613	 -0.70143	 -1.13019	 -1.39939	 0.562546
142.62	 3.77755	 -0.45497	 -0.707794	 -1.11992	 -1.45489	 0.544555
142.64	 3.77431	 -0.452858	 -0.714058	 -1.10736	 -1.50877	 0.526464
142.66	 3.76985	 -0.45028	 -0.720189	 -1.0925	 -1.56095	 0.5083
142.68	 3.76414	 -0.447241	 -0.726158	 -1.07531	 -1.61137	 0.490085
142.7	 3.7572	 -0.443745	 -0.731931	 -1.05581	 -1.65996	 0.471846
142.72	 3.74901	 -0.439797	 -0.737478	 -1.03398	 -1.70665	 0.453607
142.74	 3.73957	 -0.435403	 -0.742767	 -1.00984	 -1.75139	 0.43539
142.76	 3.72888	 -0.43057	 -0.747766	 -0.983391	 -1.79412	 0.41722
142.78	 3.71693	 -0.425304	 -0.752445	 -0.954643	 -1.83478	 0.399118
142.8	 3.70372	 -0.419613	 -0.75677	 -0.923617	 -1.87332	 0.381105
142.82	 3.68926	 -0.413505	 -0.760713	 -0.890337	 -1.90969	 0.363204
142.84	 3.67353	 -0.406987	 -0.764241	 -0.854831	 -1.94384	 0.345434
142.86	 3.65653	 -0.400069	 -0.767324	 -0.817131	 -1.97572	 0.327814
142.88	 3.63828	 -0.392761	 -0.769932	 -0.777277	 -2.00529	 0.310362
142.9	 3.61876	 -0.385071	 -0.772036	 -0.735312	 -2.03251	 0.293097
142.92	 3.59798	 -0.377011	 -0.773606	 -0.691283	 -2.05734	 0.276034
142.94	 3.57594	 -0.36859	 -0.774613	 -0.645244	 -2.07974	 0.259188
142.96	 3.55265	 -0.35982	 -0.77503	 -0.597252	 -2.0997	 0.242574
142.98	 3.5281	 -0.350711	 -0.774829	 -0.547368	 -2.11716	 0.226206
143	 3.5023	 -0.341277	 -0.773982	 -0.495658	 -2.13212	 0.210095
143.02	 3.47525	 -0.331527	 -0.772465	 -0.442193	 -2.14455	 0.194252
143.04	 3.44697	 -0.321476	 -0.770252	 -0.387045	 -2.15444	 0.178689
143.06	 3.41745	 -0.311134	 -0.767317	 -0.330293	 -2.16176	 0.163412
143.08	 3.38671	 -0.300515	 -0.763637	 -0.272016	 -2.16651	 0.148431
143.1	 3.35475	 -0.289631	 -0.75919	 -0.212301	 -2.16868	 0.133751
143.12	 3.32158	 -0.278496	 -0.753953	 -0.151235	 -2.16827	 0.119379
143.14	 3.2872	 -0.267123	 -0.747905	 -0.0889105	 -2.16528	 0.105318
143.16	 3.25164	 -0.255526	 -0.741026	 -0.0254229	 -2.15971	 0.0915731
143.18	 3.2149	 -0.243719	 -0.733296	 0.0391292	 -2.15156	 0.0781465
143.2	 3.17699	 -0.231716	 -0.724697	 0.104644	 -2.14085	 0.06504
143.22	 3.13792	 -0.219531	 -0.715213	 0.171017	 -2.12758	 0.0522539
143.24	 3.09771	 -0.207179	 -0.704826	 0.238139	 -2.11179	 0.0397874
143.26	 3.05636	 -0.194675	 -0.693523	 0.305902	 -2.09347	 0.0276388
143.28	 3.0139	 -0.182032	 -0.681288	 0.374192	 -2.07266	 0.015805
143.3	 2.97033	 -0.169266	 -0.66811	 0.442895	 -2.04939	 0.00428242
143.32	 2.92567	 -0.156391	 -0.653976	 0.511894	 -2.02367	 -0.00693373
143.34	 2.87994	 -0.143422	 -0.638878	 0.581071	 -1.99555	 -0.0178493
143.36	 2.83316	 -0.130374	 -0.622805	 0.650306	 -1.96505	 -0.0284712
143.38	 2.78533	 -0.117262	 -0.60575	 0.719479	 -1.93222	 -0.0388074
143.4	 2.73647	 -0.104099	 -0.587707	 0.788469	 -1.8971	 -0.0488668
143.42	 2.68661	 -0.0909018	 -0.568671	 0.857153	 -1.85972	 -0.0586592
143.44	 2.63575	 -0.0776832	 -0.548638	 0.925409	 -1.82014	 -0.0681954
143.46	 2.58393	 -0.0644579	 -0.527606	 0.993115	 -1.7784	 -0.0774871
143.48	 2.53115	 -0.0512399	 -0.505575	 1.06015	 -1.73456	 -0.086547
143.5	 2.47743	 -0.0380429	 -0.482546	 1.12638	 -1.68867	 -0.0953883
143.52	 2.4228	 -0.0248806	 -0.45852	 1.1917	 -1.64079	 -0.104025
143.54	 2.36728	 -0.0117663	 -0.433503	 1.25598	 -1.59097	 -0.112473
143.56	 2.31087	 0.00128663	 -0.407499	 1.3191	 -1.53928	 -0.120747
143.58	 2.25361	 0.0142654	 -0.380515	 1.38094	 -1.48579	 -0.128863
143.6	 2.19551	 0.0271574	 -0.352561	 1.44138	 -1.43055	 -0.136839
143.62	 2.13659	 0.0399501	 -0.323647	 1.50031	 -1.37365	 -0.14469
143.64	 2.07687	 0.0526314	 -0.293785	 1.5576	 -1.31514	 -0.152436
143.66	 2.01638	 0.0651891	 -0.262989	 1.61314	 -1.25511	 -0.160093
143.68	 1.95513	 0.0776104	 -0.231276	 1.66682	 -1.19362	 -0.167679
143.7	 1.89315	 0.0898842	 -0.198663	 1.71851	 -1.13075	 -0.175211
143.72	 1.83045	 0.101998	 -0.165169	 1.76811	 -1.06659	 -0.182707
143.74	 1.76706	 0.113941	 -0.130818	 1.81551	 -1.0012	 -0.190183
143.76	 1.703	 0.1257	 -0.0956321	 1.86061	 -0.934684	 -0.197656
143.78	 1.63829	 0.137265	 -0.0596392	 1.9033	 -0.867114	 -0.205142
143.8	 1.57295	 0.148622	 -0.0228674	 1.94348	 -0.79858	 -0.212656
143.82	 1.50701	 0.15976	 0.0146522	 1.98105	 -0.729171	 -0.22021
143.84	 1.44049	 0.170665	 0.0528862	 2.01591	 -0.658975	 -0.227819
143.86	 1.37341	 0.181328	 0.0917985	 2.048	 -0.588074	 -0.235492
143.88	 1.30581	 0.191733	 0.13135	 2.07721	 -0.516561	 -0.24324
143.9	 1.23769	 0.201869	 0.1715	 2.10346	 -0.444521	 -0.251072
143.92	 1.1691	 0.211722	 0.212203	 2.12668	 -0.372045	 -0.258997
143.94	 1.10007	 0.22128	 0.253412	 2.14678	 -0.299226	 -0.267021
143.96	 1.03061	 0.23053	 0.295077	 2.16369	 -0.226159	 -0.275154
143.98	 0.960776	 0.23946	 0.337146	 2.17736	 -0.152942	 -0.283399
144	 0.89059	 0.248059	 0.379561	 2.18773	 -0.0796768	 -0.291761
144.02	 0.820092	 0.256314	 0.422265	 2.19475	 -0.00646436	 -0.300243
144.04	 0.749323	 0.264214	 0.465195	 2.19839	 0.0665902	 -0.308845
144.06	 0.678326	 0.271747	 0.508288	 2.19862	 0.139378	 -0.317567
144.08	 0.607145	 0.278901	 0.551474	 2.19539	 0.211785	 -0.326405
144.1	 0.535828	 0.285665	 0.594683	 2.18869	 0.283693	 -0.335355
144.12	 0.464424	 0.292029	 0.637844	 2.17851	 0.354981	 -0.344413
144.14	 0.392986	 0.297982	 0.680881	 2.16484	 0.425525	 -0.35357
144.16	 0.321564	 0.303516	 0.723718	 2.14769	 0.495197	 -0.362819
144.18	 0.250215	 0.308619	 0.766277	 2.12706	 0.563869	 -0.372148
144.2	 0.178992	 0.313285	 0.808479	 2.10297	 0.631409	 -0.381543
144.22	 0.107951	 0.317504	 0.850245	 2.07545	 0.697689	 -0.390987
144.24	 0.0371479	 0.321267	 0.891495	 2.04453	 0.76258	 -0.400461
144.26	 -0.0333635	 0.324567	 0.932151	 2.01026	 0.825957	 -0.409945
144.28	 -0.103529	 0.327397	 0.972134	 1.97268	 0.887697	 -0.419417
144.3	 -0.173294	 0.329751	 1.01137	 1.93185	 0.947685	 -0.428854
144.32	 -0.242608	 0.331624	 1.04977	 1.88784	 1.00581	 -0.438232
144.34	 -0.311419	 0.333012	 1.08727	 1.84073	 1.06196	 -0.447529
144.36	 -0.379677	 0.333913	 1.1238	 1.79059	 1.11604	 -0.456721
144.38	 -0.44733	 0.334326	 1.15928	 1.73754	 1.16796	 -0.465783
144.4	 -0.514331	 0.334251	 1.19364	 1.68168	 1.2176	 -0.47469
144.42	 -0.580629	 0.333687	 1.22681	 1.62312	 1.26489	 -0.483411
144.44	 -0.646176	 0.332634	 1.25873	 1.56198	 1.30973	 -0.491917
144.46	 -0.710925	 0.331094	 1.28933	 1.49835	 1.35202	 -0.500175
144.48	 -0.774829	 0.329067	 1.31854	 1.43237	 1.3917	 -0.508152
144.5	 -0.837843	 0.326557	 1.34632	 1.36416	 1.42867	 -0.515813
144.52	 -0.899924	 0.323567	 1.37259	 1.29388	 1.46289	 -0.523124
144.54	 -0.961028	 0.320105	 1.39731	 1.22166	 1.4943	 -0.530051
144.56	 -1.02112	 0.316175	 1.42043	 1.14767	 1.52284	 -0.53656
144.58	 -1.08014	 0.311785	 1.44189	 1.07206	 1.54847	 -0.542614
144.6	 -1.13807	 0.306942	 1.46165	 0.994999	 1.57115	 -0.54818
144.62	 -1.19486	 0.301655	 1.47967	 0.916644	 1.59082	 -0.553221
144.64	 -1.25047	 0.295931	 1.4959	 0.837157	 1.60746	 -0.557704
144.66	 -1.30486	 0.289781	 1.51032	 0.7567	 1.62101	 -0.561593
144.68	 -1.358	 0.283214	 1.52287	 0.675443	 1.63144	 -0.564857
144.7	 -1.40984	 0.276241	 1.53355	 0.593559	 1.63874	 -0.567463
144.72	 -1.46036	 0.268875	 1.54231	 0.511222	 1.64288	 -0.569379
144.74	 -1.50952	 0.261129	 1.54915	 0.428604	 1.64385	 -0.570572
144.76	 -1.55729	 0.253014	 1.55403	 0.345879	 1.64165	 -0.571012
144.78	 -1.60363	 0.244545	 1.55694	 0.26322	 1.63628	 -0.570669
144.8	 -1.64852	 0.235736	 1.55788	 0.180802	 1.62775	 -0.569513
144.82	 -1.69193	 0.226602	 1.55683	 0.0988034	 1.61607	 -0.567518
144.84	 -1.73383	 0.217159	 1.55379	 0.0174019	 1.60126	 -0.564656
144.86	 -1.77419	 0.207424	 1.54877	 -0.0632297	 1.58337	 -0.560904
144.88	 -1.81298	 0.197412	 1.54176	 -0.142921	 1.56241	 -0.556239
144.9	 -1.85019	 0.187142	 1.53277	 -0.221508	 1.53844	 -0.55064
144.92	 -1.88579	 0.176629	 1.52182	 -0.298834	 1.5115	 -0.544089
144.94	 -1.91976	 0.16589	 1.50892	 -0.374745	 1.48162	 -0.536571
144.96	 -1.95208	 0.154945	 1.4941	 -0.44909	 1.44888	 -0.52807
144.98	 -1.98272	 0.14381	 1.47736	 -0.521723	 1.41332	 -0.518576
145	 -2.01167	 0.132503	 1.45875	 -0.592503	 1.37501	 -0.50808
145.02	 -2.03891	 0.121044	 1.43829	 -0.661297	 1.33403	 -0.496575
145.04	 -2.06443	 0.10945	 1.41601	 -0.727978	 1.29045	 -0.484057
145.06	 -2.08822	 0.0977399	 1.39196	 -0.792422	 1.24435	 -0.470525
145.08	 -2.11025	 0.0859326	 1.36617	 -0.854511	 1.19583	 -0.455979
145.1	 -2.13052	 0.0740473	 1.33869	 -0.914133	 1.14497	 -0.440425
145.12	 -2.14902	 0.0621027	 1.30957	 -0.971184	 1.09187	 -0.42387
145.14	 -2.16575	 0.0501177	 1.27887	 -1.02557	 1.03665	 -0.406322
145.16	 -2.18068	 0.0381109	 1.24663	 -1.0772	 0.979393	 -0.387794
145.18	 -2.19383	 0.0261005	 1.21291	 -1.126	 0.920217	 -0.368301
145.2	 -2.20518	 0.0141049	 1.17778	 -1.1719	 0.859229	 -0.347862
145.22	 -2.21473	 0.00214286	 1.1413	 -1.21483	 0.796535	 -0.326498
145.24	 -2.22248	 -0.00976551	 1.10351	 -1.25474	 0.732232	 -0.304236
145.26	 -2.22845	 -0.0216	 1.06449	 -1.29159	 0.666412	 -0.281108
145.28	 -2.23264	 -0.0333426	 1.02426	 -1.32533	 0.599144	 -0.257143
145.3	 -2.23507	 -0.0449768	 0.982893	 -1.35594	 0.530494	 -0.23237
145.32	 -2.23575	 -0.0564868	 0.940418	 -1.3834	 0.460523	 -0.20682
145.34	 -2.23471	 -0.0678575	 0.896887	 -1.40768	 0.3893	 -0.180526
145.36	 -2.23195	 -0.0790737	 0.852351	 -1.42878	 0.316897	 -0.153525
145.38	 -2.22751	 -0.0901209	 0.806868	 -1.4467	 0.243397	 -0.125857
145.4	 -2.2214	 -0.100984	 0.760497	 -1.46146	 0.168885	 -0.0975631
145.42	 -2.21364	 -0.11165	 0.713301	 -1.47307	 0.09345	 -0.0686883
145.44	 -2.20425	 -0.122105	 0.665345	 -1.48156	 0.0171817	 -0.0392784
145.46	 -2.19326	 -0.132334	 0.616694	 -1.48697	 -0.0598315	 -0.00938146
145.48	 -2.18068	 -0.142328	 0.567413	 -1.48935	 -0.137503	 0.0209532
145.5	 -2.16656	 -0.152072	 0.517567	 -1.48874	 -0.215746	 0.0516746
145.52	 -2.15091	 -0.161557	 0.46722	 -1.48522	 -0.294476	 0.0827305
145.54	 -2.13376	 -0.170773	 0.416438	 -1.47885	 -0.37361	 0.114067
145.56	 -2.11515	 -0.179709	 0.365288	 -1.4697	 -0.45306	 0.145631
145.58	 -2.0951	 -0.188357	 0.313836	 -1.45785	 -0.532741	 0.177365
145.6	 -2.07365	 -0.196708	 0.262148	 -1.44338	 -0.612566	 0.209213
145.62	 -2.05082	 -0.204753	 0.210294	 -1.4264	 -0.692449	 0.241118
145.64	 -2.02666	 -0.212487	 0.158341	 -1.40699	 -0.772303	 0.273023
145.66	 -2.0012	 -0.219902	 0.106355	 -1.38525	 -0.852045	 0.30487
145.68	 -1.97446	 -0.226992	 0.0544056	 -1.3613	 -0.931592	 0.3366
145.7	 -1.94649	 -0.233753	 0.0025581	 -1.33525	 -1.01086	 0.368155
145.72	 -1.91732	 -0.24018	 -0.0491214	 -1.30719	 -1.08978	 0.399479
145.74	 -1.88698	 -0.246269	 -0.100568	 -1.27727	 -1.16826	 0.430512
145.76	 -1.85552	 -0.252017	 -0.151716	 -1.24558	 -1.24624	 0.461199
145.78	 -1.82298	 -0.257422	 -0.202504	 -1.21225	 -1.32363	 0.491482
145.8	 -1.78938	 -0.262481	 -0.252869	 -1.17741	 -1.40037	 0.521307
145.82	 -1.75476	 -0.267193	 -0.302749	 -1.14118	 -1.47638	 0.550618
145.84	 -1.71917	 -0.271558	 -0.352083	 -1.10368	 -1.55159	 0.579363
145.86	 -1.68264	 -0.275575	 -0.400815	 -1.06503	 -1.62595	 0.607489
145.88	 -1.64521	 -0.279245	 -0.448884	 -1.02536	 -1.69937	 0.634944
145.9	 -1.60693	 -0.282569	 -0.496237	 -0.984799	 -1.7718	 0.661681
145.92	 -1.56782	 -0.285548	 -0.542818	 -0.943462	 -1.84318	 0.687651
145.94	 -1.52792	 -0.288186	 -0.588575	 -0.901474	 -1.91346	 0.712808
145.96	 -1.48728	 -0.290484	 -0.633458	 -0.858958	 -1.98257	 0.737108
145.98	 -1.44594	 -0.292447	 -0.677416	 -0.816032	 -2.05047	 0.760508
146	 -1.40392	 -0.294079	 -0.720404	 -0.772814	 -2.1171	 0.782969
146.02	 -1.36128	 -0.295383	 -0.762377	 -0.729421	 -2.18242	 0.804453
146.04	 -1.31804	 -0.296367	 -0.803292	 -0.685963	 -2.24638	 0.824924
146.06	 -1.27424	 -0.297035	 -0.843109	 -0.642553	 -2.30896	 0.844352
146.08	 -1.22993	 -0.297406	 -0.881797	 -0.599295	 -2.37011	 0.862726
146.1	 -1.18513	 -0.297498	 -0.919327	 -0.556289	 -2.42983	 0.880043
146.12	 -1.13987	 -0.29733	 -0.955674	 -0.51363	 -2.48809	 0.896298
146.14	 -1.09419	 -0.296924	 -0.990815	 -0.471409	 -2.54489	 0.91149
146.16	 -1.04813	 -0.296295	 -1.02473	 -0.429713	 -2.6002	 0.925612
146.18	 -1.00172	 -0.295459	 -1.05739	 -0.388627	 -2.65401	 0.938659
146.2	 -0.954993	 -0.294432	 -1.08877	 -0.348235	 -2.70631	 0.950625
146.22	 -0.90798	 -0.293227	 -1.11887	 -0.308616	 -2.75707	 0.961508
146.24	 -0.860716	 -0.291859	 -1.14765	 -0.269848	 -2.8063	 0.971304
146.26	 -0.813235	 -0.290342	 -1.17511	 -0.232005	 -2.85397	 0.980016
146.28	 -0.765568	 -0.28869	 -1.20122	 -0.195154	 -2.90009	 0.987646
146.3	 -0.717748	 -0.286917	 -1.22598	 -0.15936	 -2.94463	 0.994198
146.32	 -0.669805	 -0.285038	 -1.24937	 -0.124679	 -2.98761	 0.999678
146.34	 -0.621772	 -0.283067	 -1.27139	 -0.0911671	 -3.02901	 1.00409
146.36	 -0.573679	 -0.281015	 -1.29203	 -0.058873	 -3.06883	 1.00745
146.38	 -0.525557	 -0.278895	 -1.31129	 -0.0278425	 -3.10709	 1.00975
146.4	 -0.477435	 -0.27672	 -1.32916	 0.00188279	 -3.14377	 1.01102
146.42	 -0.429344	 -0.2745	 -1.34565	 0.0302653	 -3.17887	 1.01126
146.44	 -0.381311	 -0.272246	 -1.36075	 0.0572718	 -3.21242	 1.01048
146.46	 -0.333366	 -0.26997	 -1.37446	 0.0828735	 -3.24439	 1.0087
146.48	 -0.285538	 -0.267679	 -1.3868	 0.107046	 -3.27482	 1.00593
146.5	 -0.237852	 -0.265385	 -1.39777	 0.129769	 -3.3037	 1.00219
146.52	 -0.190337	 -0.263095	 -1.40737	 0.151028	 -3.33103	 0.997497
146.54	 -0.143019	 -0.260818	 -1.41562	 0.17081	 -3.35685	 0.991865
146.56	 -0.0959237	 -0.258561	 -1.42253	 0.189108	 -3.38114	 0.985314
146.58	 -0.0490769	 -0.256331	 -1.42811	 0.20592	 -3.40393	 0.977863
146.6	 -0.00250345	 -0.254135	 -1.43237	 0.221246	 -3.42524	 0.969532
146.62	 0.043773	 -0.251974	 -1.43535	 0.235089	 -3.44507	 0.960336
146.64	 0.0897294	 -0.249852	 -1.43705	 0.247457	 -3.46345	 0.950292
146.66	 0.135343	 -0.247769	 -1.4375	 0.258361	 -3.4804	 0.939416
146.68	 0.180591	 -0.245729	 -1.43672	 0.267816	 -3.49594	 0.927727
146.7	 0.225453	 -0.243731	 -1.43474	 0.275839	 -3.51009	 0.915247
146.72	 0.269907	 -0.241779	 -1.43159	 0.282452	 -3.52288	 0.901998
146.74	 0.313932	 -0.239873	 -1.42729	 0.287682	 -3.53432	 0.888005
146.76	 0.357507	 -0.238015	 -1.42186	 0.291557	 -3.54442	 0.873291
146.78	 0.400614	 -0.236207	 -1.41535	 0.29411	 -3.55323	 0.857882
146.8	 0.443233	 -0.234449	 -1.40777	 0.295378	 -3.56075	 0.841804
146.82	 0.485345	 -0.23274	 -1.39916	 0.295398	 -3.567	 0.825085
146.84	 0.526934	 -0.231082	 -1.38956	 0.294212	 -3.57202	 0.80775
146.86	 0.56798	 -0.229473	 -1.37899	 0.291864	 -3.57582	 0.78983
146.88	 0.608468	 -0.227914	 -1.36749	 0.288399	 -3.57842	 0.771353
146.9	 0.648381	 -0.226403	 -1.3551	 0.283866	 -3.57985	 0.752348
146.92	 0.687704	 -0.224939	 -1.34186	 0.278314	 -3.58014	 0.732847
146.94	 0.726421	 -0.223518	 -1.3278	 0.271797	 -3.5793	 0.712872
146.96	 0.764516	 -0.222134	 -1.31297	 0.264401	 -3.57738	 0.692457
146.98	 0.801978	 -0.22078	 -1.29742	 0.256223	 -3.57439	 0.671633
147	 0.838793	 -0.21945	 -1.2812	 0.247353	 -3.57039	 0.650433
147.02	 0.874948	 -0.218138	 -1.26437	 0.237882	 -3.5654	 0.62889
147.04	 0.910433	 -0.216837	 -1.24698	 0.2279	 -3.55946	 0.607033
147.06	 0.945234	 -0.215538	 -1.22909	 0.2175	 -3.55262	 0.584893
147.08	 0.979339	 -0.214233	 -1.21076	 0.206772	 -3.54491	 0.562497
147.1	 1.01274	 -0.212913	 -1.19204	 0.195786	 -3.53638	 0.539867
147.12	 1.04542	 -0.211571	 -1.173	 0.18458	 -3.52706	 0.517018
147.14	 1.07739	 -0.210195	 -1.15369	 0.173208	 -3.517	 0.493965
147.16	 1.10864	 -0.208774	 -1.13418	 0.16172	 -3.50622	 0.470725
147.18	 1.13916	 -0.2073	 -1.11454	 0.150168	 -3.49478	 0.447318
147.2	 1.16893	 -0.205766	 -1.09483	 0.138605	 -3.48273	 0.423766
147.22	 1.19796	 -0.204163	 -1.07512	 0.127082	 -3.47011	 0.400093
147.24	 1.22621	 -0.202486	 -1.05549	 0.115652	 -3.45699	 0.376322
147.26	 1.25369	 -0.200726	 -1.036	 0.104369	 -3.44344	 0.352475
147.28	 1.28039	 -0.198877	 -1.01674	 0.0932833	 -3.42952	 0.328574
147.3	 1.30628	 -0.196931	 -0.997761	 0.0824476	 -3.41529	 0.304638
147.32	 1.33137	 -0.194878	 -0.979139	 0.0719118	 -3.4008	 0.280689
147.34	 1.35565	 -0.192712	 -0.96094	 0.0617248	 -3.38613	 0.256745
147.36	 1.37911	 -0.190425	 -0.943233	 0.0519342	 -3.37132	 0.232827
147.38	 1.40173	 -0.188008	 -0.926082	 0.0425866	 -3.35643	 0.208955
147.4	 1.42352	 -0.185455	 -0.909554	 0.0337278	 -3.34152	 0.185149
147.42	 1.44447	 -0.182758	 -0.893712	 0.025402	 -3.32665	 0.161428
147.44	 1.46456	 -0.179911	 -0.878622	 0.0176523	 -3.31188	 0.137812
147.46	 1.48379	 -0.176908	 -0.864344	 0.0105202	 -3.29726	 0.114319
147.48	 1.50216	 -0.173741	 -0.850941	 0.00404568	 -3.28286	 0.0909681
147.5	 1.51966	 -0.170405	 -0.838471	 -0.00173348	 -3.26872	 0.0677779
147.52	 1.53628	 -0.166895	 -0.826991	 -0.0067812	 -3.2549	 0.0447669
147.54	 1.55201	 -0.163206	 -0.816558	 -0.0110634	 -3.24146	 0.0219532
147.56	 1.56687	 -0.159334	 -0.807224	 -0.0145481	 -3.22844	 -0.000644721
147.58	 1.58083	 -0.155273	 -0.799041	 -0.0172052	 -3.21589	 -0.0230088
147.6	 1.5939	 -0.151022	 -0.79206	 -0.0190068	 -3.20386	 -0.0451211
147.62	 1.60607	 -0.146577	 -0.786326	 -0.0199272	 -3.19241	 -0.0669638
147.64	 1.61734	 -0.141935	 -0.781886	 -0.0199429	 -3.18156	 -0.0885194
147.66	 1.6277	 -0.137096	 -0.778781	 -0.0190326	 -3.17136	 -0.109771
147.68	 1.63717	 -0.132057	 -0.777052	 -0.0171774	 -3.16186	 -0.130701
147.7	 1.64572	 -0.126818	 -0.776735	 -0.0143609	 -3.15308	 -0.151294
147.72	 1.65337	 -0.121379	 -0.777864	 -0.0105691	 -3.14507	 -0.171533
147.74	 1.66012	 -0.115739	 -0.780471	 -0.0057905	 -3.13785	 -0.191403
147.76	 1.66595	 -0.109899	 -0.784583	 -1.6181e-05	 -3.13145	 -0.210889
147.78	 1.67088	 -0.10386	 -0.790227	 0.00676004	 -3.12589	 -0.229977
147.8	 1.6749	 -0.0976243	 -0.797423	 0.0145416	 -3.12121	 -0.248653
147.82	 1.67801	 -0.0911932	 -0.806192	 0.023329	 -3.11741	 -0.266903
147.84	 1.68022	 -0.0845696	 -0.816549	 0.03312	 -3.11451	 -0.284715
147.86	 1.68153	 -0.0777565	 -0.828507	 0.0439095	 -3.11253	 -0.302077
147.88	 1.68194	 -0.0707576	 -0.842075	 0.0556894	 -3.11148	 -0.318977
147.9	 1.68145	 -0.0635772	 -0.85726	 0.0684486	 -3.11137	 -0.335404
147.92	 1.68007	 -0.0562197	 -0.874065	 0.0821733	 -3.1122	 -0.351347
147.94	 1.6778	 -0.0486903	 -0.89249	 0.0968468	 -3.11397	 -0.366798
147.96	 1.67465	 -0.0409945	 -0.912532	 0.11245	 -3.11668	 -0.381748
147.98	 1.67062	 -0.0331383	 -0.934184	 0.12896	 -3.12033	 -0.396188
148	 1.66571	 -0.0251282	 -0.957437	 0.146352	 -3.12491	 -0.41011
148.02	 1.65994	 -0.0169709	 -0.982277	 0.164598	 -3.13041	 -0.423509
148.04	 1.6533	 -0.00867378	 -1.00869	 0.183669	 -3.13682	 -0.436378
148.06	 1.6458	 -0.000244429	 -1.03666	 0.203531	 -3.14413	 -0.448713
148.08	 1.63746	 0.00830913	 -1.06616	 0.22415	 -3.15231	 -0.460508
148.1	 1.62828	 0.0169785	 -1.09716	 0.245488	 -3.16134	 -0.471761
148.12	 1.61826	 0.025755	 -1.12965	 0.267506	 -3.17121	 -0.482468
148.14	 1.60741	 0.0346295	 -1.16358	 0.290162	 -3.18188	 -0.492627
148.16	 1.59575	 0.0435927	 -1.19893	 0.313411	 -3.19333	 -0.502237
148.18	 1.58328	 0.0526349	 -1.23566	 0.337209	 -3.20552	 -0.511298
148.2	 1.57001	 0.0617461	 -1.27373	 0.361508	 -3.21843	 -0.519809
148.22	 1.55595	 0.070916	 -1.3131	 0.386258	 -3.23202	 -0.527772
148.24	 1.54111	 0.0801286	 -1.35373	 0.41141	 -3.24625	 -0.535176
148.26	 1.5255	 0.0893644	 -1.39559	 0.436914	 -3.26112	 -0.542007
148.28	 1.50913	 0.0986039	 -1.43863	 0.46272	 -3.27658	 -0.548252
148.3	 1.492	 0.107831	 -1.48282	 0.488776	 -3.29263	 -0.553906
148.32	 1.47414	 0.117032	 -1.52811	 0.515031	 -3.30923	 -0.55897
148.34	 1.45555	 0.126193	 -1.57447	 0.54143	 -3.32637	 -0.563447
148.36	 1.43624	 0.135302	 -1.62184	 0.567915	 -3.34401	 -0.56734
148.38	 1.41623	 0.144345	 -1.67018	 0.594427	 -3.36212	 -0.570653
148.4	 1.39552	 0.153311	 -1.71944	 0.620906	 -3.38067	 -0.573389
148.42	 1.37412	 0.162184	 -1.76956	 0.647294	 -3.39961	 -0.57555
148.44	 1.35206	 0.17095	 -1.82049	 0.673531	 -3.41891	 -0.577138
148.46	 1.32934	 0.179601	 -1.87218	 0.699557	 -3.43853	 -0.578171
148.48	 1.30598	 0.188131	 -1.92456	 0.725311	 -3.45844	 -0.578671
148.5	 1.28199	 0.196539	 -1.9776	 0.750732	 -3.47862	 -0.578666
148.52	 1.2574	 0.204822	 -2.03125	 0.775754	 -3.49904	 -0.578183
148.54	 1.23221	 0.212976	 -2.08544	 0.800313	 -3.51966	 -0.577249
148.56	 1.20644	 0.220999	 -2.14013	 0.824344	 -3.54046	 -0.575886
148.58	 1.18011	 0.228884	 -2.19525	 0.847784	 -3.5614	 -0.574118
148.6	 1.15324	 0.236626	 -2.25076	 0.870572	 -3.58244	 -0.571967
148.62	 1.12583	 0.244218	 -2.3066	 0.892648	 -3.60354	 -0.569452
148.64	 1.09792	 0.251651	 -2.3627	 0.913953	 -3.62466	 -0.56659
148.66	 1.06951	 0.258917	 -2.41901	 0.934429	 -3.64578	 -0.563398
148.68	 1.04062	 0.266006	 -2.47547	 0.954019	 -3.66684	 -0.559893
148.7	 1.01127	 0.272919	 -2.53202	 0.972725	 -3.68782	 -0.556089
148.72	 0.981481	 0.27966	 -2.58862	 0.990558	 -3.70866	 -0.552001
148.74	 0.951265	 0.286236	 -2.64519	 1.00751	 -3.72931	 -0.547648
148.76	 0.92064	 0.292649	 -2.70169	 1.02358	 -3.74973	 -0.543043
148.78	 0.889623	 0.298905	 -2.75807	 1.03877	 -3.76986	 -0.538203
148.8	 0.858231	 0.305006	 -2.81425	 1.05307	 -3.78965	 -0.533144
148.82	 0.826483	 0.310958	 -2.8702	 1.06648	 -3.80907	 -0.527884
148.84	 0.794394	 0.316764	 -2.92584	 1.07902	 -3.82805	 -0.522441
148.86	 0.761974	 0.322429	 -2.98114	 1.09069	 -3.84659	 -0.516838
148.88	 0.729233	 0.32796	 -3.03606	 1.1015	 -3.86465	 -0.5111
148.9	 0.696178	 0.333364	 -3.09055	 1.11145	 -3.88224	 -0.505247
148.92	 0.662818	 0.338646	 -3.14457	 1.12054	 -3.89934	 -0.4993
148.94	 0.629164	 0.343813	 -3.1981	 1.12877	 -3.91596	 -0.493279
148.96	 0.595225	 0.348868	 -3.25109	 1.13615	 -3.93206	 -0.487205
148.98	 0.561013	 0.35382	 -3.30349	 1.14268	 -3.94763	 -0.481103
149	 0.526539	 0.35867	 -3.35527	 1.14834	 -3.96264	 -0.475003
149.02	 0.491816	 0.363421	 -3.40639	 1.15311	 -3.97708	 -0.468931
149.04	 0.456845	 0.368071	 -3.45682	 1.15697	 -3.99094	 -0.462902
149.06	 0.42163	 0.372617	 -3.50654	 1.15991	 -4.00421	 -0.456931
149.08	 0.386171	 0.377057	 -3.5555	 1.16189	 -4.01692	 -0.451029
149.1	 0.35047	 0.381387	 -3.60371	 1.16292	 -4.02905	 -0.445209
149.12	 0.31453	 0.385607	 -3.65112	 1.16296	 -4.04061	 -0.439487
149.14	 0.278353	 0.389719	 -3.69772	 1.16204	 -4.05159	 -0.43386
149.16	 0.241943	 0.393723	 -3.74348	 1.16018	 -4.06198	 -0.428314
149.18	 0.205305	 0.397621	 -3.78837	 1.15738	 -4.07173	 -0.422832
149.2	 0.168442	 0.401414	 -3.83236	 1.15365	 -4.08082	 -0.417395
149.22	 0.13136	 0.405102	 -3.87543	 1.14899	 -4.08922	 -0.411991
149.24	 0.0940625	 0.408688	 -3.91755	 1.14343	 -4.0969	 -0.40661
149.26	 0.0565551	 0.412171	 -3.9587	 1.13696	 -4.10384	 -0.401242
149.28	 0.0188428	 0.415552	 -3.99885	 1.12959	 -4.11002	 -0.395881
149.3	 -0.0190691	 0.41883	 -4.03799	 1.12135	 -4.11542	 -0.390521
149.32	 -0.0571753	 0.422009	 -4.07609	 1.11225	 -4.12003	 -0.385153
149.34	 -0.0954703	 0.42509	 -4.11313	 1.10232	 -4.12382	 -0.379771
149.36	 -0.133949	 0.428077	 -4.14909	 1.09158	 -4.12677	 -0.374367
149.38	 -0.172604	 0.43097	 -4.18396	 1.08005	 -4.12886	 -0.368936
149.4	 -0.211431	 0.433771	 -4.21771	 1.06773	 -4.13006	 -0.36347
149.42	 -0.250421	 0.436482	 -4.25032	 1.05465	 -4.13036	 -0.357964
149.44	 -0.289569	 0.439103	 -4.28179	 1.0408	 -4.12972	 -0.352412
149.46	 -0.328867	 0.441637	 -4.31209	 1.02622	 -4.12813	 -0.346808
149.48	 -0.368308	 0.444085	 -4.3412	 1.01092	 -4.12557	 -0.34115
149.5	 -0.407884	 0.446448	 -4.36912	 0.994922	 -4.12201	 -0.335434
149.52	 -0.447587	 0.44873	 -4.39582	 0.978236	 -4.11742	 -0.329655
149.54	 -0.487409	 0.450931	 -4.42131	 0.960881	 -4.1118	 -0.323813
149.56	 -0.527342	 0.453053	 -4.44555	 0.942875	 -4.10511	 -0.317904
149.58	 -0.567377	 0.455099	 -4.46856	 0.924235	 -4.09733	 -0.311928
149.6	 -0.607504	 0.45707	 -4.4903	 0.904976	 -4.08845	 -0.305882
149.62	 -0.647716	 0.458968	 -4.51078	 0.885113	 -4.07843	 -0.299768
149.64	 -0.688001	 0.460794	 -4.52999	 0.864655	 -4.06726	 -0.293583
149.66	 -0.728351	 0.46255	 -4.54791	 0.84362	 -4.05492	 -0.28733
149.68	 -0.768755	 0.464237	 -4.56455	 0.822021	 -4.04137	 -0.281007
149.7	 -0.809203	 0.465857	 -4.57989	 0.799873	 -4.02661	 -0.274619
149.72	 -0.849684	 0.467412	 -4.59394	 0.777187	 -4.01061	 -0.268166
149.74	 -0.890186	 0.468902	 -4.60669	 0.753975	 -3.99334	 -0.261651
149.76	 -0.930699	 0.470329	 -4.61813	 0.730249	 -3.97479	 -0.255077
149.78	 -0.971209	 0.471695	 -4.62827	 0.706022	 -3.95493	 -0.248447
149.8	 -1.01171	 0.473001	 -4.63711	 0.681308	 -3.93375	 -0.241764
149.82	 -1.05218	 0.474248	 -4.64464	 0.656118	 -3.91122	 -0.235032
149.84	 -1.09261	 0.475439	 -4.65086	 0.630474	 -3.88733	 -0.228253
149.86	 -1.13298	 0.476575	 -4.65579	 0.604378	 -3.86206	 -0.221432
149.88	 -1.17329	 0.477655	 -4.65942	 0.577845	 -3.83539	 -0.214572
149.9	 -1.21352	 0.478682	 -4.66176	 0.550886	 -3.8073	 -0.207679
149.92	 -1.25366	 0.479657	 -4.66281	 0.523514	 -3.77777	 -0.200754
149.94	 -1.29368	 0.480582	 -4.66258	 0.495747	 -3.74679	 -0.193802
149.96	 -1.33358	 0.481458	 -4.66108	 0.467604	 -3.71434	 -0.186825
149.98	 -1.37334	 0.482285	 -4.65832	 0.439092	 -3.68041	 -0.179827
150	 -1.41294	 0.483065	 -4.6543	 0.410229	 -3.64498	 -0.172811
150.02	 -1.45237	 0.4838	 -4.64903	 0.381028	 -3.60805	 -0.16578
150.04	 -1.49161	 0.48449	 -4.64253	 0.351508	 -3.56959	 -0.158737
150.06	 -1.53064	 0.485136	 -4.63481	 0.321684	 -3.5296	 -0.151684
150.08	 -1.56945	 0.48574	 -4.62588	 0.291573	 -3.48807	 -0.144626
150.1	 -1.60802	 0.486303	 -4.61576	 0.261194	 -3.44499	 -0.137564
150.12	 -1.64633	 0.486826	 -4.60446	 0.230562	 -3.40035	 -0.1305
150.14	 -1.68436	 0.48731	 -4.59199	 0.199698	 -3.35414	 -0.123437
150.16	 -1.7221	 0.487755	 -4.57838	 0.168619	 -3.30636	 -0.116377
150.18	 -1.75952	 0.488163	 -4.56364	 0.137345	 -3.25701	 -0.109322
150.2	 -1.79661	 0.488535	 -4.54779	 0.105895	 -3.20608	 -0.102272
150.22	 -1.83335	 0.488871	 -4.53084	 0.0742886	 -3.15357	 -0.0952309
150.24	 -1.86971	 0.489172	 -4.51283	 0.0425464	 -3.09948	 -0.0881983
150.26	 -1.90568	 0.489439	 -4.49377	 0.0106888	 -3.04382	 -0.0811756
150.28	 -1.94125	 0.489673	 -4.47368	 -0.0212632	 -2.98658	 -0.0741636
150.3	 -1.97638	 0.489874	 -4.45258	 -0.0532886	 -2.92778	 -0.0671628
150.32	 -2.01106	 0.490043	 -4.4305	 -0.0853659	 -2.86743	 -0.0601735
150.34	 -2.04526	 0.49018	 -4.40747	 -0.117473	 -2.80552	 -0.0531957
150.36	 -2.07898	 0.490286	 -4.3835	 -0.149589	 -2.74208	 -0.0462292
150.38	 -2.11219	 0.490361	 -4.35862	 -0.181691	 -2.67713	 -0.0392735
150.4	 -2.14486	 0.490406	 -4.33286	 -0.213757	 -2.61067	 -0.0323279
150.42	 -2.17698	 0.490421	 -4.30624	 -0.245764	 -2.54272	 -0.0253914
150.44	 -2.20852	 0.490406	 -4.2788	 -0.27769	 -2.47332	 -0.0184628
150.46	 -2.23947	 0.490361	 -4.25056	 -0.309513	 -2.40247	 -0.0115406
150.48	 -2.26981	 0.490287	 -4.22154	 -0.341211	 -2.33022	 -0.00462308
150.5	 -2.29951	 0.490183	 -4.19178	 -0.37276	 -2.25659	 0.00229179
150.52	 -2.32856	 0.490049	 -4.16131	 -0.404139	 -2.18161	 0.0092062
150.54	 -2.35693	 0.489885	 -4.13015	 -0.435327	 -2.10532	 0.0161226
150.56	 -2.38461	 0.489692	 -4.09834	 -0.466301	 -2.02775	 0.0230437
150.58	 -2.41157	 0.489467	 -4.06591	 -0.497039	 -1.94895	 0.0299724
150.6	 -2.43779	 0.489212	 -4.03289	 -0.527522	 -1.86895	 0.0369118
150.62	 -2.46326	 0.488926	 -3.99931	 -0.557726	 -1.7878	 0.0438652
150.64	 -2.48796	 0.488608	 -3.9652	 -0.587633	 -1.70556	 0.0508361
150.66	 -2.51186	 0.488257	 -3.93059	 -0.617219	 -1.62225	 0.0578281
150.68	 -2.53494	 0.487874	 -3.89552	 -0.646466	 -1.53795	 0.064845
150.7	 -2.5572	 0.487457	 -3.86002	 -0.675351	 -1.45269	 0.0718904
150.72	 -2.57861	 0.487006	 -3.82412	 -0.703854	 -1.36653	 0.0789684
150.74	 -2.59915	 0.486521	 -3.78785	 -0.731953	 -1.27953	 0.0860829
150.76	 -2.6188	 0.486	 -3.75125	 -0.759628	 -1.19175	 0.0932379
150.78	 -2.63756	 0.485443	 -3.71435	 -0.786859	 -1.10322	 0.100437
150.8	 -2.65539	 0.48485	 -3.67718	 -0.813623	 -1.01403	 0.107685
150.82	 -2.67229	 0.484221	 -3.63977	 -0.839901	 -0.924212	 0.114985
150.84	 -2.68825	 0.483553	 -3.60216	 -0.865673	 -0.833838	 0.122341
150.86	 -2.70324	 0.482849	 -3.56438	 -0.890919	 -0.742964	 0.129758
150.88	 -2.71725	 0.482105	 -3.52645	 -0.915621	 -0.651651	 0.137238
150.9	 -2.73026	 0.481323	 -3.48842	 -0.93976	 -0.559959	 0.144785
150.92	 -2.74228	 0.480502	 -3.45031	 -0.963319	 -0.467951	 0.152403
150.94	 -2.75327	 0.479642	 -3.41216	 -0.986282	 -0.375688	 0.160094
150.96	 -2.76324	 0.478741	 -3.37399	 -1.00863	 -0.283234	 0.167862
150.98	 -2.77216	 0.477799	 -3.33583	 -1.03036	 -0.190651	 0.175709
151	 -2.78003	 0.476818	 -3.29773	 -1.05144	 -0.0980021	 0.183637
151.02	 -2.78684	 0.475795	 -3.25969	 -1.07188	 -0.00535197	 0.191647
151.04	 -2.79257	 0.474731	 -3.22176	 -1.09165	 0.0872363	 0.19974
151.06	 -2.79722	 0.473626	 -3.18397	 -1.11074	 0.179699	 0.207918
151.08	 -2.80078	 0.472479	 -3.14633	 -1.12916	 0.271973	 0.216179
151.1	 -2.80325	 0.471293	 -3.10889	 -1.14687	 0.363993	 0.224526
151.12	 -2.80461	 0.470065	 -3.07166	 -1.16389	 0.455698	 0.232958
151.14	 -2.80486	 0.468799	 -3.03468	 -1.18019	 0.547023	 0.241476
151.16	 -2.80399	 0.467493	 -2.99796	 -1.19576	 0.637905	 0.250079
151.18	 -2.80201	 0.46615	 -2.96154	 -1.21061	 0.728282	 0.258766
151.2	 -2.79889	 0.464769	 -2.92544	 -1.22472	 0.818092	 0.267536
151.22	 -2.79466	 0.463354	 -2.88967	 -1.23809	 0.907273	 0.276388
151.24	 -2.78929	 0.461905	 -2.85427	 -1.2507	 0.995766	 0.28532
151.26	 -2.78279	 0.460424	 -2.81926	 -1.26256	 1.08351	 0.29433
151.28	 -2.77515	 0.458912	 -2.78466	 -1.27366	 1.17044	 0.303415
151.3	 -2.76639	 0.457372	 -2.75048	 -1.28399	 1.25651	 0.312572
151.32	 -2.75649	 0.455807	 -2.71675	 -1.29356	 1.34166	 0.321798
151.34	 -2.74546	 0.454217	 -2.68349	 -1.30236	 1.42582	 0.33109
151.36	 -2.73331	 0.452606	 -2.65071	 -1.31039	 1.50895	 0.340443
151.38	 -2.72003	 0.450977	 -2.61843	 -1.31765	 1.59099	 0.349853
151.4	 -2.70563	 0.449331	 -2.58666	 -1.32413	 1.6719	 0.359316
151.42	 -2.69011	 0.447673	 -2.55543	 -1.32984	 1.75161	 0.368825
151.44	 -2.67348	 0.446005	 -2.52473	 -1.33479	 1.83008	 0.378375
151.46	 -2.65575	 0.44433	 -2.49459	 -1.33896	 1.90726	 0.387962
151.48	 -2.63692	 0.442652	 -2.46502	 -1.34237	 1.9831	 0.397577
151.5	 -2.61699	 0.440975	 -2.43603	 -1.34501	 2.05757	 0.407216
151.52	 -2.59599	 0.439301	 -2.40762	 -1.34689	 2.13061	 0.416872
151.54	 -2.57391	 0.437634	 -2.37981	 -1.34801	 2.20219	 0.426537
151.56	 -2.55077	 0.435978	 -2.35259	 -1.34839	 2.27227	 0.436206
151.58	 -2.52658	 0.434336	 -2.32599	 -1.34801	 2.34081	 0.445871
151.6	 -2.50135	 0.432713	 -2.29999	 -1.3469	 2.40777	 0.455524
151.62	 -2.47508	 0.431111	 -2.27461	 -1.34506	 2.47313	 0.465158
151.64	 -2.4478	 0.429533	 -2.24984	 -1.34249	 2.53684	 0.474766
151.66	 -2.41952	 0.427984	 -2.2257	 -1.33922	 2.59889	 0.48434
151.68	 -2.39025	 0.426466	 -2.20216	 -1.33524	 2.65924	 0.493872
151.7	 -2.36	 0.424984	 -2.17924	 -1.33057	 2.71788	 0.503353
151.72	 -2.3288	 0.42354	 -2.15694	 -1.32522	 2.77477	 0.512776
151.74	 -2.29664	 0.422137	 -2.13524	 -1.3192	 2.82991	 0.522131
151.76	 -2.26356	 0.42078	 -2.11415	 -1.31254	 2.88326	 0.531411
151.78	 -2.22957	 0.419471	 -2.09365	 -1.30523	 2.93482	 0.540609
151.8	 -2.19469	 0.418214	 -2.07374	 -1.29729	 2.98458	 0.549716
151.82	 -2.15893	 0.417011	 -2.05441	 -1.28873	 3.03252	 0.558725
151.84	 -2.12231	 0.415866	 -2.03565	 -1.27957	 3.07863	 0.567629
151.86	 -2.08485	 0.414782	 -2.01745	 -1.26981	 3.12291	 0.57642
151.88	 -2.04658	 0.41376	 -1.99979	 -1.25948	 3.16536	 0.585091
151.9	 -2.0075	 0.412805	 -1.98266	 -1.24859	 3.20598	 0.593635
151.92	 -1.96764	 0.411918	 -1.96605	 -1.23715	 3.24476	 0.602043
151.94	 -1.92703	 0.411101	 -1.94994	 -1.22517	 3.28172	 0.61031
151.96	 -1.88567	 0.410356	 -1.93431	 -1.21268	 3.31686	 0.618429
151.98	 -1.8436	 0.409686	 -1.91915	 -1.19967	 3.3502	 0.626396
152	 -1.80083	 0.40909	 -1.90443	 -1.18618	 3.38173	 0.634206
152.02	 -1.75739	 0.408571	 -1.89013	 -1.17221	 3.41148	 0.641853
152.04	 -1.7133	 0.40813	 -1.87623	 -1.15778	 3.43947	 0.649333
152.06	 -1.66857	 0.407766	 -1.86272	 -1.1429	 3.46571	 0.656643
152.08	 -1.62324	 0.407479	 -1.84955	 -1.12759	 3.49023	 0.663779
152.1	 -1.57733	 0.407271	 -1.83672	 -1.11187	 3.51305	 0.670738
152.12	 -1.53085	 0.40714	 -1.82419	 -1.09575	 3.53419	 0.677517
152.14	 -1.48384	 0.407085	 -1.81194	 -1.07925	 3.55369	 0.684115
152.16	 -1.43631	 0.407106	 -1.79994	 -1.06238	 3.57157	 0.690529
152.18	 -1.38829	 0.407201	 -1.78816	 -1.04516	 3.58787	 0.696759
152.2	 -1.3398	 0.407368	 -1.77657	 -1.0276	 3.60262	 0.702804
152.22	 -1.29086	 0.407606	 -1.76515	 -1.00973	 3.61585	 0.708664
152.24	 -1.24151	 0.407913	 -1.75387	 -0.991561	 3.62761	 0.714339
152.26	 -1.19176	 0.408286	 -1.74269	 -0.973107	 3.63793	 0.719828
152.28	 -1.14164	 0.408722	 -1.73158	 -0.954388	 3.64685	 0.725133
152.3	 -1.09117	 0.409218	 -1.72052	 -0.935423	 3.65441	 0.730256
152.32	 -1.04037	 0.409771	 -1.70946	 -0.916228	 3.66066	 0.735197
152.34	 -0.989269	 0.410376	 -1.69839	 -0.896823	 3.66564	 0.739959
152.36	 -0.937892	 0.41103	 -1.68727	 -0.877227	 3.66939	 0.744544
152.38	 -0.886261	 0.411729	 -1.67606	 -0.857459	 3.67196	 0.748954
152.4	 -0.8344	 0.412467	 -1.66474	 -0.83754	 3.6734	 0.753193
152.42	 -0.782332	 0.413239	 -1.65327	 -0.817488	 3.67375	 0.757266
152.44	 -0.73008	 0.414039	 -1.64162	 -0.797326	 3.67306	 0.761175
152.46	 -0.677667	 0.414861	 -1.62976	 -0.777074	 3.67138	 0.764927
152.48	 -0.625117	 0.415697	 -1.61765	 -0.756752	 3.66876	 0.768528
152.5	 -0.572449	 0.416542	 -1.60528	 -0.736376	 3.66523	 0.771985
152.52	 -0.519675	 0.417385	 -1.59261	 -0.715917	 3.66085	 0.775325
152.54	 -0.466801	 0.418213	 -1.57963	 -0.695365	 3.65563	 0.778578
152.56	 -0.413832	 0.419015	 -1.56631	 -0.67472	 3.64961	 0.78177
152.58	 -0.360761	 0.419777	 -1.55266	 -0.654024	 3.64283	 0.784914
152.6	 -0.307584	 0.42049	 -1.53865	 -0.633302	 3.63531	 0.788011
152.62	 -0.254294	 0.421146	 -1.52429	 -0.612581	 3.62708	 0.791064
152.64	 -0.20089	 0.421736	 -1.50955	 -0.591886	 3.61816	 0.794075
152.66	 -0.147371	 0.422249	 -1.49445	 -0.571248	 3.60859	 0.797051
152.68	 -0.0937388	 0.422672	 -1.47896	 -0.550697	 3.59839	 0.800001
152.7	 -0.0399943	 0.422996	 -1.46309	 -0.530267	 3.58759	 0.802934
152.72	 0.0138603	 0.423206	 -1.44681	 -0.509988	 3.57622	 0.80586
152.74	 0.067824	 0.42329	 -1.43014	 -0.489894	 3.56428	 0.808786
152.76	 0.121896	 0.423238	 -1.41306	 -0.470017	 3.55182	 0.81172
152.78	 0.176074	 0.423035	 -1.39556	 -0.450389	 3.53885	 0.814669
152.8	 0.230358	 0.42267	 -1.37765	 -0.431043	 3.5254	 0.817639
152.82	 0.284745	 0.42213	 -1.35932	 -0.412012	 3.51148	 0.820638
152.84	 0.339232	 0.4214	 -1.34058	 -0.39333	 3.49711	 0.823673
152.86	 0.393814	 0.420468	 -1.32142	 -0.37503	 3.4823	 0.826752
152.88	 0.448483	 0.419322	 -1.30187	 -0.357146	 3.46706	 0.82988
152.9	 0.503233	 0.417947	 -1.28191	 -0.339712	 3.45139	 0.833063
152.92	 0.558053	 0.416332	 -1.26158	 -0.322762	 3.43528	 0.836306
152.94	 0.612931	 0.414464	 -1.24089	 -0.30633	 3.41871	 0.839612
152.96	 0.667854	 0.412333	 -1.21985	 -0.290449	 3.40167	 0.84298
152.98	 0.722807	 0.409929	 -1.1985	 -0.275154	 3.38412	 0.84641
153	 0.77777	 0.407243	 -1.17686	 -0.260479	 3.36601	 0.849898
153.02	 0.832726	 0.404267	 -1.15497	 -0.24646	 3.34731	 0.85344
153.04	 0.887653	 0.400992	 -1.13286	 -0.23313	 3.32798	 0.857031
153.06	 0.942533	 0.39741	 -1.11057	 -0.220525	 3.30796	 0.860669
153.08	 0.997345	 0.393512	 -1.08812	 -0.208676	 3.28723	 0.864348
153.1	 1.05207	 0.38929	 -1.06554	 -0.197615	 3.26574	 0.868064
153.12	 1.10668	 0.384736	 -1.04287	 -0.187369	 3.24346	 0.87181
153.14	 1.16116	 0.379844	 -1.02014	 -0.17797	 3.22034	 0.875578
153.16	 1.21549	 0.374608	 -0.997384	 -0.169447	 3.19633	 0.879357
153.18	 1.26965	 0.369024	 -0.974645	 -0.161829	 3.17138	 0.883139
153.2	 1.32361	 0.363086	 -0.951958	 -0.155147	 3.14544	 0.886909
153.22	 1.37735	 0.356793	 -0.929362	 -0.149427	 3.11847	 0.890655
153.24	 1.43086	 0.350141	 -0.906898	 -0.144695	 3.09041	 0.894362
153.26	 1.48411	 0.343129	 -0.884604	 -0.140977	 3.0612	 0.898014
153.28	 1.53708	 0.335756	 -0.862518	 -0.138298	 3.03081	 0.901594
153.3	 1.58975	 0.328023	 -0.840679	 -0.136679	 2.99919	 0.905085
153.32	 1.64211	 0.319928	 -0.819124	 -0.13614	 2.9663	 0.90847
153.34	 1.69412	 0.311475	 -0.797889	 -0.136699	 2.93208	 0.91173
153.36	 1.74579	 0.302664	 -0.777012	 -0.138375	 2.8965	 0.914845
153.38	 1.79707	 0.293498	 -0.756529	 -0.141184	 2.85951	 0.917796
153.4	 1.84796	 0.283981	 -0.736476	 -0.14514	 2.82107	 0.920561
153.42	 1.89844	 0.274118	 -0.716886	 -0.150253	 2.78116	 0.923117
153.44	 1.94849	 0.263913	 -0.697792	 -0.156532	 2.73973	 0.925443
153.46	 1.99809	 0.253374	 -0.679225	 -0.163984	 2.69675	 0.927514
153.48	 2.04723	 0.242507	 -0.661216	 -0.172614	 2.6522	 0.929307
153.5	 2.09588	 0.231321	 -0.643793	 -0.182423	 2.60605	 0.930799
153.52	 2.14403	 0.219825	 -0.626983	 -0.193409	 2.55828	 0.931963
153.54	 2.19166	 0.208028	 -0.610811	 -0.205568	 2.50887	 0.932776
153.56	 2.23876	 0.195942	 -0.595301	 -0.218889	 2.45781	 0.933212
153.58	 2.28531	 0.183577	 -0.580475	 -0.233361	 2.40509	 0.933246
153.6	 2.33129	 0.170948	 -0.566355	 -0.248968	 2.3507	 0.932854
153.62	 2.37669	 0.158066	 -0.552958	 -0.265689	 2.29462	 0.932011
153.64	 2.42149	 0.144947	 -0.540301	 -0.283498	 2.23688	 0.930693
153.66	 2.46569	 0.131604	 -0.5284	 -0.302367	 2.17746	 0.928877
153.68	 2.50925	 0.118055	 -0.517267	 -0.322261	 2.11638	 0.926539
153.7	 2.55217	 0.104315	 -0.506915	 -0.343143	 2.05364	 0.923659
153.72	 2.59444	 0.0904022	 -0.497353	 -0.36497	 1.98927	 0.920214
153.74	 2.63604	 0.0763338	 -0.488589	 -0.387693	 1.92328	 0.916185
153.76	 2.67695	 0.0621285	 -0.480628	 -0.41126	 1.8557	 0.911553
153.78	 2.71716	 0.0478056	 -0.473474	 -0.435614	 1.78655	 0.906302
153.8	 2.75667	 0.0333849	 -0.46713	 -0.460694	 1.71587	 0.900415
153.82	 2.79544	 0.0188866	 -0.461595	 -0.486432	 1.6437	 0.893879
153.84	 2.83348	 0.00433164	 -0.456867	 -0.512757	 1.57007	 0.886681
153.86	 2.87076	 -0.0102588	 -0.452943	 -0.539593	 1.49503	 0.878811
153.88	 2.90728	 -0.024863	 -0.449816	 -0.566862	 1.41863	 0.87026
153.9	 2.94302	 -0.0394591	 -0.447477	 -0.59448	 1.34093	 0.861022
153.92	 2.97796	 -0.0540247	 -0.445918	 -0.622358	 1.26199	 0.851092
153.94	 3.01211	 -0.0685373	 -0.445127	 -0.650407	 1.18186	 0.840466
153.96	 3.04543	 -0.0829741	 -0.44509	 -0.678534	 1.10063	 0.829143
153.98	 3.07792	 -0.0973121	 -0.445791	 -0.706642	 1.01835	 0.817123
154	 3.10957	 -0.111528	 -0.447215	 -0.734633	 0.935101	 0.80441
154.02	 3.14036	 -0.1256	 -0.449343	 -0.762408	 0.850964	 0.791006
154.04	 3.17029	 -0.139503	 -0.452157	 -0.789864	 0.766018	 0.776919
154.06	 3.19933	 -0.153222	 -0.455639	 -0.816891	 0.680341	 0.762169
154.08	 3.22748	 -0.16674	 -0.459772	 -0.843389	 0.59401	 0.746777
154.1	 3.25473	 -0.180044	 -0.46454	 -0.869251	 0.507103	 0.730771
154.12	 3.28107	 -0.193117	 -0.469923	 -0.894367	 0.419704	 0.714176
154.14	 3.30648	 -0.205945	 -0.4759	 -0.918631	 0.331899	 0.69702
154.16	 3.33095	 -0.218512	 -0.48245	 -0.941933	 0.243779	 0.679327
154.18	 3.35447	 -0.230802	 -0.489547	 -0.96417	 0.155439	 0.661127
154.2	 3.37703	 -0.2428	 -0.497164	 -0.985239	 0.0669756	 0.642446
154.22	 3.39863	 -0.25449	 -0.505275	 -1.00504	 -0.021511	 0.623317
154.24	 3.41924	 -0.265859	 -0.513849	 -1.02347	 -0.109919	 0.60377
154.26	 3.43885	 -0.276891	 -0.522858	 -1.04044	 -0.198146	 0.583839
154.28	 3.45747	 -0.287575	 -0.532271	 -1.05585	 -0.286087	 0.563557
154.3	 3.47506	 -0.297898	 -0.542057	 -1.06961	 -0.373639	 0.542961
154.32	 3.49164	 -0.307847	 -0.552183	 -1.08164	 -0.460693	 0.522084
154.34	 3.50717	 -0.317412	 -0.562618	 -1.09183	 -0.547143	 0.500962
154.36	 3.52166	 -0.32658	 -0.573326	 -1.10012	 -0.632881	 0.479631
154.38	 3.53509	 -0.335341	 -0.584274	 -1.10642	 -0.717799	 0.458128
154.4	 3.54746	 -0.343685	 -0.595426	 -1.11066	 -0.801787	 0.436488
154.42	 3.55874	 -0.351603	 -0.606747	 -1.11276	 -0.884736	 0.41475
154.44	 3.56894	 -0.359083	 -0.618199	 -1.11265	 -0.96654	 0.392949
154.46	 3.57804	 -0.366119	 -0.629746	 -1.11027	 -1.04709	 0.371122
154.48	 3.58603	 -0.372701	 -0.64135	 -1.10555	 -1.12628	 0.349307
154.5	 3.59291	 -0.378821	 -0.652975	 -1.09844	 -1.20401	 0.327539
154.52	 3.59866	 -0.384473	 -0.664582	 -1.08887	 -1.28017	 0.305853
154.54	 3.60328	 -0.389649	 -0.676133	 -1.0768	 -1.35466	 0.284287
154.56	 3.60676	 -0.394342	 -0.687591	 -1.06217	 -1.42738	 0.262874
154.58	 3.60908	 -0.398548	 -0.698916	 -1.04495	 -1.49824	 0.241648
154.6	 3.61025	 -0.402261	 -0.710072	 -1.0251	 -1.56713	 0.220644
154.62	 3.61025	 -0.405476	 -0.721019	 -1.00258	 -1.63397	 0.199895
154.64	 3.60908	 -0.408189	 -0.73172	 -0.977366	 -1.69867	 0.179431
154.66	 3.60673	 -0.410398	 -0.742137	 -0.949435	 -1.76114	 0.159286
154.68	 3.6032	 -0.412098	 -0.752232	 -0.918766	 -1.8213	 0.139487
154.7	 3.59847	 -0.413288	 -0.761967	 -0.885344	 -1.87908	 0.120066
154.72	 3.59255	 -0.413966	 -0.771305	 -0.84916	 -1.93439	 0.101048
154.74	 3.58542	 -0.414131	 -0.780209	 -0.81021	 -1.98715	 0.0824618
154.76	 3.57708	 -0.413782	 -0.788643	 -0.768497	 -2.03731	 0.0643319
154.78	 3.56753	 -0.412921	 -0.79657	 -0.724027	 -2.08479	 0.0466836
154.8	 3.55676	 -0.411549	 -0.803956	 -0.676816	 -2.12954	 0.02954
154.82	 3.54477	 -0.409667	 -0.810765	 -0.626886	 -2.17148	 0.012923
154.84	 3.53156	 -0.407277	 -0.816963	 -0.574266	 -2.21058	 -0.00314834
154.86	 3.51712	 -0.404384	 -0.822517	 -0.518993	 -2.24677	 -0.018656
154.88	 3.50145	 -0.400989	 -0.827394	 -0.46111	 -2.28001	 -0.0335841
154.9	 3.48455	 -0.397099	 -0.831564	 -0.400668	 -2.31026	 -0.0479175
154.92	 3.46642	 -0.392717	 -0.834995	 -0.337726	 -2.33748	 -0.0616436
154.94	 3.44705	 -0.387849	 -0.837658	 -0.272348	 -2.36163	 -0.0747516
154.96	 3.42646	 -0.382502	 -0.839524	 -0.204606	 -2.38269	 -0.0872332
154.98	 3.40464	 -0.376681	 -0.840567	 -0.134577	 -2.40063	 -0.099082
155	 3.3816	 -0.370394	 -0.840761	 -0.0623455	 -2.41543	 -0.110293
155.02	 3.35733	 -0.363649	 -0.84008	 0.0119975	 -2.42707	 -0.120865
155.04	 3.33185	 -0.356452	 -0.838501	 0.0883567	 -2.43555	 -0.130797
155.06	 3.30515	 -0.348812	 -0.836002	 0.166631	 -2.44086	 -0.14009
155.08	 3.27725	 -0.340738	 -0.832562	 0.246713	 -2.44299	 -0.148749
155.1	 3.24815	 -0.332238	 -0.828161	 0.328492	 -2.44197	 -0.156779
155.12	 3.21786	 -0.323322	 -0.822781	 0.41185	 -2.43778	 -0.164188
155.14	 3.18639	 -0.314002	 -0.816404	 0.496665	 -2.43044	 -0.170983
155.16	 3.15374	 -0.304288	 -0.809013	 0.582809	 -2.41998	 -0.177173
155.18	 3.11993	 -0.294193	 -0.800595	 0.670152	 -2.40641	 -0.18277
155.2	 3.08497	 -0.283731	 -0.791133	 0.758557	 -2.38976	 -0.187783
155.22	 3.04886	 -0.272915	 -0.780616	 0.847883	 -2.37004	 -0.192225
155.24	 3.01163	 -0.26176	 -0.76903	 0.937985	 -2.3473	 -0.196109
155.26	 2.97327	 -0.250283	 -0.756366	 1.02871	 -2.32157	 -0.19945
155.28	 2.93381	 -0.2385	 -0.742613	 1.11992	 -2.29288	 -0.202263
155.3	 2.89326	 -0.226427	 -0.727764	 1.21144	 -2.26128	 -0.204565
155.32	 2.85163	 -0.214081	 -0.711813	 1.30313	 -2.22682	 -0.206374
155.34	 2.80894	 -0.201481	 -0.694753	 1.39481	 -2.18953	 -0.207711
155.36	 2.7652	 -0.188644	 -0.676583	 1.48633	 -2.14949	 -0.208594
155.38	 2.72042	 -0.175589	 -0.657299	 1.57752	 -2.10674	 -0.209048
155.4	 2.67463	 -0.162334	 -0.636901	 1.6682	 -2.06135	 -0.209093
155.42	 2.62784	 -0.1489	 -0.61539	 1.75823	 -2.01337	 -0.208753
155.44	 2.58007	 -0.135305	 -0.592769	 1.84741	 -1.96287	 -0.208055
155.46	 2.53133	 -0.12157	 -0.569041	 1.93558	 -1.90993	 -0.207022
155.48	 2.48164	 -0.107714	 -0.544212	 2.02257	 -1.85461	 -0.205681
155.5	 2.43103	 -0.0937578	 -0.51829	 2.10821	 -1.797	 -0.20406
155.52	 2.37951	 -0.0797218	 -0.491283	 2.19232	 -1.73716	 -0.202187
155.54	 2.32709	 -0.0656263	 -0.463202	 2.27473	 -1.67518	 -0.20009
155.56	 2.2738	 -0.0514919	 -0.43406	 2.35528	 -1.61115	 -0.197798
155.58	 2.21966	 -0.0373392	 -0.403872	 2.43378	 -1.54514	 -0.195342
155.6	 2.16469	 -0.023189	 -0.372653	 2.51008	 -1.47725	 -0.192751
155.62	 2.10891	 -0.0090621	 -0.340421	 2.58401	 -1.40757	 -0.190054
155.64	 2.05233	 0.00502073	 -0.307196	 2.65539	 -1.33619	 -0.187283
155.66	 1.99498	 0.0190386	 -0.273001	 2.72407	 -1.26321	 -0.184468
155.68	 1.93688	 0.0329705	 -0.23786	 2.78988	 -1.18873	 -0.181637
155.7	 1.87805	 0.0467955	 -0.201798	 2.85267	 -1.11285	 -0.178821
155.72	 1.81851	 0.0604923	 -0.164844	 2.91227	 -1.03567	 -0.176049
155.74	 1.75828	 0.0740399	 -0.127028	 2.96854	 -0.957295	 -0.173349
155.76	 1.69739	 0.0874169	 -0.0883834	 3.02132	 -0.877835	 -0.170749
155.78	 1.63585	 0.100602	 -0.0489445	 3.07047	 -0.797397	 -0.168276
155.8	 1.57368	 0.113574	 -0.00874876	 3.11582	 -0.716091	 -0.165956
155.82	 1.51092	 0.126312	 0.0321642	 3.15725	 -0.634028	 -0.163815
155.84	 1.44758	 0.138794	 0.0737524	 3.19459	 -0.551319	 -0.161878
155.86	 1.38369	 0.151001	 0.115971	 3.22773	 -0.468078	 -0.160171
155.88	 1.31927	 0.162912	 0.158774	 3.25652	 -0.384421	 -0.158718
155.9	 1.25435	 0.174508	 0.202112	 3.28085	 -0.300463	 -0.157544
155.92	 1.18895	 0.185769	 0.245932	 3.30058	 -0.216325	 -0.156674
155.94	 1.1231	 0.196679	 0.29018	 3.31563	 -0.13212	 -0.156129
155.96	 1.05683	 0.207218	 0.334801	 3.32588	 -0.0479692	 -0.155932
155.98	 0.990177	 0.217372	 0.379734	 3.33127	 0.0360154	 -0.156103
156	 0.923163	 0.227122	 0.424917	 3.33168	 0.119712	 -0.156662
156.02	 0.855827	 0.236455	 0.470286	 3.32707	 0.203	 -0.157629
156.04	 0.788205	 0.245356	 0.515773	 3.31735	 0.285754	 -0.159022
156.06	 0.720336	 0.253811	 0.56131	 3.30248	 0.367849	 -0.160857
156.08	 0.652261	 0.261808	 0.606823	 3.28243	 0.449152	 -0.163148
156.1	 0.584023	 0.269335	 0.652238	 3.25715	 0.52953	 -0.165907
156.12	 0.515668	 0.27638	 0.697477	 3.22662	 0.608843	 -0.169142
156.14	 0.447244	 0.282933	 0.742464	 3.19085	 0.686952	 -0.172859
156.16	 0.378799	 0.288984	 0.787117	 3.14984	 0.763713	 -0.177059
156.18	 0.310382	 0.294524	 0.831357	 3.10361	 0.838985	 -0.181743
156.2	 0.242043	 0.299546	 0.875101	 3.05219	 0.912623	 -0.186904
156.22	 0.173833	 0.304042	 0.918268	 2.99563	 0.984485	 -0.192535
156.24	 0.105804	 0.308005	 0.960777	 2.93398	 1.05443	 -0.198622
156.26	 0.0380071	 0.311429	 1.00254	 2.86731	 1.12232	 -0.205149
156.28	 -0.0295059	 0.314309	 1.04349	 2.79571	 1.18801	 -0.212098
156.3	 -0.0966832	 0.316643	 1.08354	 2.71927	 1.25138	 -0.219446
156.32	 -0.163473	 0.318428	 1.1226	 2.63809	 1.31229	 -0.227172
156.34	 -0.229826	 0.319663	 1.16061	 2.5523	 1.37062	 -0.235251
156.36	 -0.295691	 0.32035	 1.19748	 2.46204	 1.42627	 -0.243655
156.38	 -0.36102	 0.320492	 1.23314	 2.36746	 1.4791	 -0.252358
156.4	 -0.425766	 0.320092	 1.26753	 2.26873	 1.52904	 -0.26133
156.42	 -0.489882	 0.319155	 1.30058	 2.16603	 1.57597	 -0.270538
156.44	 -0.553323	 0.317688	 1.33221	 2.05954	 1.61982	 -0.279947
156.46	 -0.616043	 0.315697	 1.36236	 1.94945	 1.66049	 -0.289519
156.48	 -0.677997	 0.313188	 1.39098	 1.83596	 1.69792	 -0.29921
156.5	 -0.73914	 0.310169	 1.418	 1.71927	 1.73201	 -0.308978
156.52	 -0.799429	 0.306649	 1.44336	 1.5996	 1.76271	 -0.318776
156.54	 -0.858822	 0.302638	 1.46702	 1.47716	 1.78994	 -0.328556
156.56	 -0.917276	 0.298148	 1.48892	 1.3522	 1.81365	 -0.338269
156.58	 -0.974753	 0.293192	 1.50902	 1.22496	 1.8338	 -0.347869
156.6	 -1.03121	 0.287785	 1.52727	 1.09572	 1.85036	 -0.357306
156.62	 -1.08662	 0.28194	 1.54364	 0.964716	 1.8633	 -0.36653
156.64	 -1.14093	 0.275674	 1.55808	 0.832225	 1.87259	 -0.375491
156.66	 -1.19411	 0.269001	 1.57057	 0.698506	 1.8782	 -0.384135
156.68	 -1.24612	 0.261937	 1.58107	 0.563821	 1.88012	 -0.392411
156.7	 -1.29692	 0.254499	 1.58956	 0.42844	 1.87833	 -0.400268
156.72	 -1.34649	 0.246705	 1.59601	 0.292638	 1.87282	 -0.407652
156.74	 -1.39478	 0.238575	 1.60041	 0.156693	 1.86361	 -0.414514
156.76	 -1.44177	 0.230126	 1.60274	 0.0208853	 1.8507	 -0.420804
156.78	 -1.48741	 0.22138	 1.60299	 -0.11451	 1.83411	 -0.426472
156.8	 -1.53169	 0.212355	 1.60115	 -0.24922	 1.81388	 -0.431469
156.82	 -1.57458	 0.203071	 1.59723	 -0.38297	 1.79005	 -0.435748
156.84	 -1.61604	 0.193551	 1.59123	 -0.515491	 1.76265	 -0.439262
156.86	 -1.65604	 0.183814	 1.58314	 -0.646512	 1.73174	 -0.441969
156.88	 -1.69457	 0.173883	 1.57298	 -0.775765	 1.69737	 -0.443828
156.9	 -1.73159	 0.163779	 1.56076	 -0.902989	 1.65961	 -0.444798
156.92	 -1.76709	 0.153524	 1.5465	 -1.02793	 1.61854	 -0.444845
156.94	 -1.80103	 0.14314	 1.53022	 -1.15035	 1.57423	 -0.443934
156.96	 -1.83341	 0.132649	 1.51194	 -1.27	 1.52676	 -0.442033
156.98	 -1.86419	 0.122072	 1.4917	 -1.38666	 1.47622	 -0.439114
157	 -1.89336	 0.111432	 1.46952	 -1.5001	 1.42271	 -0.435153
157.02	 -1.92091	 0.100749	 1.44545	 -1.61012	 1.36633	 -0.430127
157.04	 -1.94681	 0.0900464	 1.41952	 -1.71649	 1.30719	 -0.42402
157.06	 -1.97105	 0.0793448	 1.39178	 -1.81904	 1.2454	 -0.416817
157.08	 -1.99361	 0.0686657	 1.36227	 -1.91758	 1.18109	 -0.408506
157.1	 -2.0145	 0.0580302	 1.33105	 -2.01194	 1.11437	 -0.399082
157.12	 -2.03368	 0.0474589	 1.29818	 -2.10195	 1.04538	 -0.388542
157.14	 -2.05116	 0.0369725	 1.26371	 -2.18746	 0.974251	 -0.376886
157.16	 -2.06693	 0.0265912	 1.22771	 -2.26834	 0.901121	 -0.36412
157.18	 -2.08098	 0.0163345	 1.19024	 -2.34446	 0.826133	 -0.350252
157.2	 -2.09331	 0.00622162	 1.15136	 -2.41571	 0.749428	 -0.335294
157.22	 -2.10391	 -0.00372877	 1.11116	 -2.48198	 0.671153	 -0.319262
157.24	 -2.11278	 -0.0134985	 1.06969	 -2.54318	 0.591455	 -0.302176
157.26	 -2.11993	 -0.02307	 1.02705	 -2.59925	 0.510481	 -0.28406
157.28	 -2.12534	 -0.0324251	 0.983288	 -2.65012	 0.428373	 -0.264943
157.3	 -2.12904	 -0.0415447	 0.938485	 -2.69573	 0.345255	 -0.244861
157.32	 -2.13103	 -0.0504126	 0.892693	 -2.73605	 0.261227	 -0.223847
157.34	 -2.13135	 -0.059014	 0.845966	 -2.77107	 0.176378	 -0.201939
157.36	 -2.12999	 -0.0673357	 0.798354	 -2.80075	 0.0907912	 -0.179174
157.38	 -2.127	 -0.0753658	 0.74991	 -2.82512	 0.0045519	 -0.155594
157.4	 -2.12239	 -0.083093	 0.70069	 -2.84419	 -0.0822472	 -0.13124
157.42	 -2.11619	 -0.090507	 0.650757	 -2.85798	 -0.169506	 -0.106162
157.44	 -2.10841	 -0.0975978	 0.600177	 -2.86655	 -0.257117	 -0.08041
157.46	 -2.09909	 -0.104357	 0.549018	 -2.86993	 -0.344971	 -0.054036
157.48	 -2.08824	 -0.110775	 0.497351	 -2.86821	 -0.432959	 -0.0270954
157.5	 -2.07589	 -0.116847	 0.445247	 -2.86147	 -0.520975	 0.000354587
157.52	 -2.06207	 -0.122565	 0.392774	 -2.8498	 -0.608914	 0.0282555
157.54	 -2.04681	 -0.127924	 0.340002	 -2.8333	 -0.696677	 0.0565471
157.56	 -2.03014	 -0.132922	 0.286999	 -2.81209	 -0.784169	 0.0851682
157.58	 -2.01209	 -0.137555	 0.233833	 -2.78629	 -0.871295	 0.114056
157.6	 -1.99269	 -0.141821	 0.180571	 -2.75603	 -0.957962	 0.143148
157.62	 -1.97198	 -0.145719	 0.127282	 -2.72147	 -1.04408	 0.172379
157.64	 -1.94999	 -0.149249	 0.0740351	 -2.68274	 -1.12955	 0.201685
157.66	 -1.92675	 -0.152412	 0.020898	 -2.64001	 -1.21429	 0.231
157.68	 -1.9023	 -0.15521	 -0.0320607	 -2.59345	 -1.2982	 0.260259
157.7	 -1.87667	 -0.157646	 -0.0847733	 -2.54322	 -1.38121	 0.289398
157.72	 -1.8499	 -0.159723	 -0.137173	 -2.4895	 -1.46323	 0.318351
157.74	 -1.82202	 -0.161445	 -0.189195	 -2.43247	 -1.54418	 0.347055
157.76	 -1.79308	 -0.162819	 -0.240773	 -2.37232	 -1.62398	 0.375447
157.78	 -1.7631	 -0.163849	 -0.291846	 -2.30924	 -1.70257	 0.403464
157.8	 -1.73213	 -0.164544	 -0.34235	 -2.24343	 -1.77987	 0.431045
157.82	 -1.7002	 -0.16491	 -0.392227	 -2.17508	 -1.85581	 0.45813
157.84	 -1.66735	 -0.164956	 -0.441416	 -2.10437	 -1.93033	 0.484661
157.86	 -1.63361	 -0.164692	 -0.48986	 -2.03152	 -2.00337	 0.510581
157.88	 -1.59903	 -0.164125	 -0.537504	 -1.95673	 -2.07487	 0.535835
157.9	 -1.56363	 -0.163268	 -0.584293	 -1.88017	 -2.14478	 0.56037
157.92	 -1.52747	 -0.16213	 -0.630175	 -1.80207	 -2.21303	 0.584136
157.94	 -1.49057	 -0.160723	 -0.675099	 -1.7226	 -2.27959	 0.607083
157.96	 -1.45297	 -0.159058	 -0.719018	 -1.64197	 -2.34441	 0.629165
157.98	 -1.41471	 -0.157149	 -0.761885	 -1.56037	 -2.40744	 0.650339
158	 -1.37583	 -0.155009	 -0.803656	 -1.47798	 -2.46865	 0.670563
158.02	 -1.33636	 -0.15265	 -0.844291	 -1.39499	 -2.52801	 0.6898
158.04	 -1.29633	 -0.150087	 -0.88375	 -1.31159	 -2.58549	 0.708013
158.06	 -1.25578	 -0.14734	 -0.922	 -1.22795	 -2.64106	 0.725183
158.08	 -1.21475	 -0.144434	 -0.959013	 -1.14424	 -2.69471	 0.741298
158.1	 -1.17326	 -0.141394	 -0.994764	 -1.06063	 -2.74645	 0.756353
158.12	 -1.13135	 -0.138246	 -1.02923	 -0.977279	 -2.79626	 0.770341
158.14	 -1.08905	 -0.135013	 -1.06239	 -0.894343	 -2.84414	 0.783254
158.16	 -1.04639	 -0.131717	 -1.09422	 -0.811972	 -2.89009	 0.795086
158.18	 -1.00341	 -0.128379	 -1.12471	 -0.730311	 -2.93411	 0.805828
158.2	 -0.960128	 -0.125018	 -1.15383	 -0.649504	 -2.97619	 0.815475
158.22	 -0.916583	 -0.121652	 -1.18156	 -0.569688	 -3.01634	 0.824025
158.24	 -0.872806	 -0.1183	 -1.2079	 -0.490995	 -3.05457	 0.831475
158.26	 -0.828826	 -0.114982	 -1.23284	 -0.41355	 -3.09087	 0.837827
158.28	 -0.784673	 -0.111713	 -1.25635	 -0.337473	 -3.12526	 0.843086
158.3	 -0.740377	 -0.108512	 -1.27843	 -0.262875	 -3.15774	 0.847254
158.32	 -0.695967	 -0.105396	 -1.29908	 -0.189861	 -3.18834	 0.850339
158.34	 -0.651472	 -0.10238	 -1.31829	 -0.11853	 -3.21707	 0.852348
158.36	 -0.60692	 -0.0994782	 -1.33606	 -0.0489754	 -3.24394	 0.85329
158.38	 -0.562339	 -0.0967054	 -1.35239	 0.018717	 -3.26897	 0.853175
158.4	 -0.517756	 -0.0940742	 -1.36729	 0.0844667	 -3.29218	 0.852014
158.42	 -0.473199	 -0.0915968	 -1.38074	 0.1482	 -3.3136	 0.849821
158.44	 -0.428693	 -0.0892845	 -1.39277	 0.209848	 -3.33324	 0.846611
158.46	 -0.384265	 -0.0871427	 -1.40338	 0.269351	 -3.35114	 0.842388
158.48	 -0.339937	 -0.0851749	 -1.41258	 0.326651	 -3.36734	 0.837159
158.5	 -0.295733	 -0.0833833	 -1.42039	 0.381699	 -3.38186	 0.830929
158.52	 -0.251678	 -0.0817697	 -1.42683	 0.43445	 -3.39475	 0.823708
158.54	 -0.207794	 -0.080336	 -1.43192	 0.484864	 -3.40604	 0.815508
158.56	 -0.164103	 -0.0790843	 -1.43567	 0.532911	 -3.41577	 0.806343
158.58	 -0.120629	 -0.0780165	 -1.4381	 0.578565	 -3.42399	 0.796231
158.6	 -0.0773941	 -0.0771347	 -1.43924	 0.621809	 -3.43071	 0.785191
158.62	 -0.034419	 -0.0764397	 -1.43911	 0.662632	 -3.43598	 0.773243
158.64	 0.00827475	 -0.0759322	 -1.43773	 0.701027	 -3.43985	 0.760409
158.66	 0.0506666	 -0.0756103	 -1.43513	 0.736996	 -3.44233	 0.746708
158.68	 0.0927365	 -0.0754724	 -1.43133	 0.770543	 -3.44349	 0.732162
158.7	 0.134465	 -0.0755161	 -1.42637	 0.801678	 -3.44335	 0.716796
158.72	 0.175832	 -0.0757387	 -1.42027	 0.830416	 -3.44195	 0.700634
158.74	 0.21682	 -0.0761377	 -1.41307	 0.856779	 -3.43935	 0.683706
158.76	 0.25741	 -0.0767097	 -1.4048	 0.880793	 -3.43556	 0.666039
158.78	 0.297583	 -0.0774509	 -1.39548	 0.902488	 -3.43064	 0.647664
158.8	 0.337323	 -0.0783566	 -1.38516	 0.921902	 -3.42463	 0.628608
158.82	 0.376613	 -0.0794219	 -1.37387	 0.939074	 -3.41756	 0.608904
158.84	 0.415437	 -0.0806415	 -1.36165	 0.95405	 -3.40947	 0.588584
158.86	 0.453777	 -0.0820098	 -1.34853	 0.966878	 -3.4004	 0.56768
158.88	 0.49162	 -0.0835208	 -1.33454	 0.977612	 -3.39039	 0.546227
158.9	 0.528949	 -0.0851682	 -1.31974	 0.986308	 -3.37949	 0.52426
158.92	 0.565752	 -0.086945	 -1.30416	 0.993027	 -3.36772	 0.501813
158.94	 0.602012	 -0.0888444	 -1.28783	 0.997833	 -3.35512	 0.478922
158.96	 0.637719	 -0.0908588	 -1.27081	 1.00079	 -3.34174	 0.455624
158.98	 0.672857	 -0.092981	 -1.25312	 1.00197	 -3.32761	 0.431956
159	 0.707417	 -0.0952028	 -1.23482	 1.00146	 -3.31277	 0.407957
159.02	 0.741391	 -0.0975151	 -1.21594	 0.999368	 -3.29724	 0.383676
159.04	 0.774773	 -0.0999105	 -1.19655	 0.995808	 -3.28106	 0.35916
159.06	 0.807559	 -0.102381	 -1.17667	 0.990888	 -3.26425	 0.334455
159.08	 0.839737	 -0.104916	 -1.15637	 0.984719	 -3.24687	 0.309602
159.1	 0.871297	 -0.107504	 -1.1357	 0.977411	 -3.22895	 0.284642
159.12	 0.902222	 -0.110131	 -1.11473	 0.969075	 -3.21057	 0.259609
159.14	 0.932501	 -0.112785	 -1.09352	 0.959821	 -3.19176	 0.234544
159.16	 0.962118	 -0.11545	 -1.07213	 0.949757	 -3.1726	 0.209476
159.18	 0.991058	 -0.118115	 -1.05062	 0.938979	 -3.15317	 0.184443
159.2	 1.01931	 -0.120768	 -1.02908	 0.92755	 -3.13351	 0.15947
159.22	 1.04687	 -0.123397	 -1.00756	 0.915546	 -3.11372	 0.134589
159.24	 1.07372	 -0.125991	 -0.986147	 0.903043	 -3.09384	 0.109832
159.26	 1.09985	 -0.128539	 -0.964908	 0.89012	 -3.07394	 0.0852285
159.28	 1.12526	 -0.131032	 -0.943915	 0.876851	 -3.05408	 0.0608133
159.3	 1.14994	 -0.133458	 -0.923239	 0.863313	 -3.03433	 0.036617
159.32	 1.17387	 -0.135809	 -0.902951	 0.849581	 -3.01475	 0.012672
159.34	 1.19705	 -0.138073	 -0.88312	 0.83573	 -2.99541	 -0.0109919
159.36	 1.21947	 -0.140242	 -0.863817	 0.821833	 -2.97638	 -0.0343442
159.38	 1.24111	 -0.142304	 -0.84511	 0.807961	 -2.95771	 -0.0573567
159.4	 1.26198	 -0.144249	 -0.827069	 0.794186	 -2.93949	 -0.0800004
159.42	 1.28206	 -0.146069	 -0.809759	 0.780575	 -2.92177	 -0.102248
159.44	 1.30135	 -0.147752	 -0.793247	 0.767198	 -2.90463	 -0.124073
159.46	 1.31984	 -0.149291	 -0.777599	 0.754118	 -2.88811	 -0.145449
159.48	 1.33752	 -0.150677	 -0.762878	 0.7414	 -2.87228	 -0.16635
159.5	 1.35439	 -0.1519	 -0.749145	 0.729105	 -2.85719	 -0.186752
159.52	 1.37045	 -0.152953	 -0.73646	 0.717293	 -2.8429	 -0.20663
159.54	 1.38568	 -0.153828	 -0.724882	 0.70602	 -2.82948	 -0.225961
159.56	 1.40008	 -0.154518	 -0.714466	 0.695339	 -2.81695	 -0.244724
159.58	 1.41365	 -0.155016	 -0.705267	 0.685304	 -2.80539	 -0.262897
159.6	 1.42638	 -0.155315	 -0.697336	 0.675962	 -2.79484	 -0.28046
159.62	 1.43827	 -0.15541	 -0.690725	 0.667358	 -2.78533	 -0.297393
159.64	 1.44932	 -0.155295	 -0.685478	 0.659537	 -2.77693	 -0.313677
159.66	 1.45952	 -0.154965	 -0.681643	 0.652536	 -2.76965	 -0.329297
159.68	 1.46888	 -0.154415	 -0.679259	 0.646393	 -2.76355	 -0.344233
159.7	 1.47739	 -0.153641	 -0.678367	 0.641141	 -2.75865	 -0.358473
159.72	 1.48504	 -0.15264	 -0.679003	 0.63681	 -2.75499	 -0.372
159.74	 1.49185	 -0.15141	 -0.681201	 0.633427	 -2.75259	 -0.384802
159.76	 1.4978	 -0.149947	 -0.684989	 0.631015	 -2.75147	 -0.396867
159.78	 1.50289	 -0.14825	 -0.690397	 0.629595	 -2.75166	 -0.408183
159.8	 1.50714	 -0.146318	 -0.697447	 0.629182	 -2.75317	 -0.41874
159.82	 1.51053	 -0.144149	 -0.70616	 0.629791	 -2.75601	 -0.42853
159.84	 1.51308	 -0.141743	 -0.716554	 0.631431	 -2.76019	 -0.437546
159.86	 1.51477	 -0.139102	 -0.728643	 0.634108	 -2.76571	 -0.445782
159.88	 1.51562	 -0.136224	 -0.742437	 0.637824	 -2.77259	 -0.453232
159.9	 1.51563	 -0.133112	 -0.757944	 0.642578	 -2.78081	 -0.459894
159.92	 1.51479	 -0.129767	 -0.775168	 0.648365	 -2.79037	 -0.465764
159.94	 1.51312	 -0.126191	 -0.794109	 0.655176	 -2.80125	 -0.470843
159.96	 1.51061	 -0.122388	 -0.814765	 0.662998	 -2.81345	 -0.475132
159.98	 1.50728	 -0.118359	 -0.837129	 0.671814	 -2.82695	 -0.478631
160	 1.50311	 -0.114109	 -0.861191	 0.681605	 -2.84173	 -0.481344
160.02	 1.49813	 -0.109642	 -0.886939	 0.692346	 -2.85776	 -0.483276
160.04	 1.49233	 -0.104962	 -0.914356	 0.70401	 -2.87502	 -0.484433
160.06	 1.48572	 -0.100075	 -0.943423	 0.716567	 -2.89347	 -0.484822
160.08	 1.47831	 -0.0949858	 -0.974118	 0.729981	 -2.91308	 -0.484451
160.1	 1.4701	 -0.0897003	 -1.00641	 0.744215	 -2.93382	 -0.483331
160.12	 1.4611	 -0.084225	 -1.04028	 0.759228	 -2.95564	 -0.481471
160.14	 1.45132	 -0.0785669	 -1.0757	 0.774976	 -2.97851	 -0.478884
160.16	 1.44076	 -0.0727332	 -1.11261	 0.791411	 -3.00237	 -0.475584
160.18	 1.42943	 -0.0667331	 -1.151	 0.808483	 -3.02718	 -0.47158
160.2	 1.41735	 -0.0605827	 -1.19083	 0.826142	 -3.0529	 -0.466873
160.22	 1.40451	 -0.0543004	 -1.23205	 0.844335	 -3.07949	 -0.461459
160.24	 1.39093	 -0.0479054	 -1.27464	 0.863009	 -3.10692	 -0.455336
160.26	 1.37661	 -0.0414169	 -1.31856	 0.882109	 -3.13514	 -0.448507
160.28	 1.36156	 -0.0348529	 -1.36375	 0.901578	 -3.1641	 -0.440974
160.3	 1.3458	 -0.0282307	 -1.41018	 0.921356	 -3.19376	 -0.432745
160.32	 1.32933	 -0.0215669	 -1.4578	 0.94138	 -3.22405	 -0.42383
160.34	 1.31216	 -0.0148776	 -1.50656	 0.961585	 -3.25494	 -0.414238
160.36	 1.2943	 -0.00817577	 -1.55639	 0.981902	 -3.28636	 -0.403989
160.38	 1.27577	 -0.00147238	 -1.60726	 1.00226	 -3.31826	 -0.393105
160.4	 1.25656	 0.00522199	 -1.65911	 1.02259	 -3.3506	 -0.381609
160.42	 1.2367	 0.0118965	 -1.71189	 1.04281	 -3.38331	 -0.369528
160.44	 1.2162	 0.0185398	 -1.76553	 1.06286	 -3.41634	 -0.356885
160.46	 1.19506	 0.0251396	 -1.81999	 1.08265	 -3.44964	 -0.343704
160.48	 1.17329	 0.0316835	 -1.87519	 1.10212	 -3.48315	 -0.33001
160.5	 1.15092	 0.038159	 -1.93109	 1.12119	 -3.51681	 -0.315827
160.52	 1.12795	 0.0445605	 -1.98762	 1.13979	 -3.55056	 -0.301197
160.54	 1.10439	 0.0508843	 -2.04472	 1.15783	 -3.58436	 -0.286162
160.56	 1.08027	 0.057128	 -2.10233	 1.17524	 -3.61815	 -0.270769
160.58	 1.05559	 0.0632891	 -2.1604	 1.19195	 -3.65188	 -0.25506
160.6	 1.03037	 0.0693598	 -2.21886	 1.20786	 -3.6855	 -0.239071
160.62	 1.00463	 0.0753293	 -2.27767	 1.22292	 -3.71897	 -0.222828
160.64	 0.978388	 0.0811851	 -2.33675	 1.23703	 -3.75224	 -0.206359
160.66	 0.951654	 0.0869143	 -2.39606	 1.25014	 -3.78526	 -0.189689
160.68	 0.924447	 0.092505	 -2.45553	 1.26217	 -3.81799	 -0.172847
160.7	 0.896783	 0.0979466	 -2.5151	 1.27306	 -3.85037	 -0.155865
160.72	 0.868679	 0.103229	 -2.57472	 1.28272	 -3.88235	 -0.138774
160.74	 0.840151	 0.108351	 -2.63431	 1.29114	 -3.91387	 -0.121603
160.76	 0.811216	 0.113315	 -2.69382	 1.29832	 -3.94488	 -0.104381
160.78	 0.781889	 0.118123	 -2.75319	 1.30425	 -3.97532	 -0.0871307
160.8	 0.752187	 0.12278	 -2.81236	 1.30891	 -4.00511	 -0.0698781
160.82	 0.722126	 0.127286	 -2.87127	 1.31229	 -4.03421	 -0.0526484
160.84	 0.691724	 0.131644	 -2.92987	 1.31439	 -4.06257	 -0.0354693
160.86	 0.660995	 0.135862	 -2.98811	 1.3152	 -4.09014	 -0.0183788
160.88	 0.62995	 0.139943	 -3.04594	 1.31473	 -4.1169	 -0.00140989
160.9	 0.598598	 0.143895	 -3.10332	 1.31298	 -4.14284	 0.0153984
160.92	 0.566948	 0.147719	 -3.16021	 1.30994	 -4.16794	 0.0320213
160.94	 0.535007	 0.151423	 -3.21658	 1.30562	 -4.19219	 0.0484246
160.96	 0.502783	 0.155008	 -3.27237	 1.3	 -4.21556	 0.0645828
160.98	 0.470286	 0.158481	 -3.32754	 1.29308	 -4.23801	 0.0804622
161	 0.437521	 0.161845	 -3.38206	 1.28487	 -4.25954	 0.0960367
161.02	 0.404491	 0.165096	 -3.4359	 1.27533	 -4.28012	 0.111279
161.04	 0.371199	 0.168231	 -3.48902	 1.26444	 -4.29976	 0.126165
161.06	 0.337647	 0.171249	 -3.54139	 1.25218	 -4.31846	 0.140674
161.08	 0.303836	 0.174147	 -3.593	 1.23855	 -4.3362	 0.154791
161.1	 0.269769	 0.176928	 -3.64381	 1.22358	 -4.35297	 0.16853
161.12	 0.235448	 0.179589	 -3.69379	 1.20729	 -4.36873	 0.181909
161.14	 0.200875	 0.18213	 -3.74291	 1.18968	 -4.38345	 0.194945
161.16	 0.166054	 0.184552	 -3.79115	 1.17075	 -4.3971	 0.207653
161.18	 0.130989	 0.186855	 -3.83847	 1.15052	 -4.40963	 0.220044
161.2	 0.0956852	 0.189043	 -3.88485	 1.12901	 -4.42103	 0.232124
161.22	 0.0601465	 0.191116	 -3.93025	 1.10624	 -4.43126	 0.243899
161.24	 0.0243776	 0.193076	 -3.97465	 1.08224	 -4.4403	 0.255373
161.26	 -0.0116169	 0.194924	 -4.01803	 1.05703	 -4.44814	 0.266554
161.28	 -0.0478325	 0.19666	 -4.06036	 1.03062	 -4.45475	 0.277452
161.3	 -0.0842642	 0.198285	 -4.10162	 1.00306	 -4.46012	 0.288074
161.32	 -0.120906	 0.199795	 -4.14178	 0.974312	 -4.46422	 0.298431
161.34	 -0.157753	 0.201195	 -4.18082	 0.944448	 -4.46703	 0.308534
161.36	 -0.194798	 0.202485	 -4.21872	 0.913462	 -4.46853	 0.318389
161.38	 -0.232036	 0.203668	 -4.25546	 0.881415	 -4.46869	 0.328006
161.4	 -0.26946	 0.204748	 -4.29102	 0.848326	 -4.46751	 0.337392
161.42	 -0.307064	 0.205727	 -4.32537	 0.814236	 -4.46495	 0.346553
161.44	 -0.344841	 0.206606	 -4.35851	 0.779159	 -4.461	 0.355497
161.46	 -0.382783	 0.207387	 -4.3904	 0.743128	 -4.45565	 0.364232
161.48	 -0.420883	 0.208071	 -4.42105	 0.706168	 -4.44887	 0.372765
161.5	 -0.459133	 0.20866	 -4.45042	 0.668317	 -4.44065	 0.381106
161.52	 -0.497524	 0.209157	 -4.4785	 0.629607	 -4.43098	 0.38926
161.54	 -0.53605	 0.209565	 -4.50529	 0.590081	 -4.41984	 0.397236
161.56	 -0.5747	 0.209885	 -4.53076	 0.549768	 -4.40722	 0.405039
161.58	 -0.613466	 0.210123	 -4.55491	 0.508717	 -4.39311	 0.412676
161.6	 -0.652338	 0.21028	 -4.57772	 0.466953	 -4.37748	 0.420153
161.62	 -0.691307	 0.210358	 -4.59918	 0.424517	 -4.36034	 0.427476
161.64	 -0.730363	 0.21036	 -4.61929	 0.381429	 -4.34167	 0.434652
161.66	 -0.769496	 0.210288	 -4.63803	 0.337732	 -4.32145	 0.441688
161.68	 -0.808695	 0.210145	 -4.6554	 0.293468	 -4.29968	 0.44859
161.7	 -0.84795	 0.209933	 -4.6714	 0.248673	 -4.27634	 0.455363
161.72	 -0.887249	 0.209657	 -4.68601	 0.203383	 -4.25144	 0.462013
161.74	 -0.926582	 0.209317	 -4.69924	 0.157634	 -4.22496	 0.468546
161.76	 -0.965935	 0.208918	 -4.71107	 0.111464	 -4.1969	 0.474966
161.78	 -1.0053	 0.208463	 -4.72151	 0.0649162	 -4.16724	 0.48128
161.8	 -1.04466	 0.207956	 -4.73056	 0.0180438	 -4.13599	 0.487494
161.82	 -1.084	 0.207398	 -4.73822	 -0.0291273	 -4.10314	 0.493612
161.84	 -1.12331	 0.206794	 -4.74448	 -0.0765589	 -4.06868	 0.499639
161.86	 -1.16258	 0.206145	 -4.74936	 -0.124215	 -4.03262	 0.505577
161.88	 -1.20179	 0.205456	 -4.75285	 -0.172051	 -3.99495	 0.511431
161.9	 -1.24092	 0.204729	 -4.75495	 -0.220026	 -3.95566	 0.517205
161.92	 -1.27998	 0.203968	 -4.75568	 -0.2681	 -3.91476	 0.522903
161.94	 -1.31893	 0.203175	 -4.75503	 -0.316238	 -3.87224	 0.528529
161.96	 -1.35777	 0.202354	 -4.75303	 -0.364399	 -3.82811	 0.534085
161.98	 -1.39647	 0.201508	 -4.74966	 -0.412542	 -3.78237	 0.539576
162	 -1.43503	 0.20064	 -4.74495	 -0.460626	 -3.73501	 0.545004
162.02	 -1.47342	 0.199754	 -4.73891	 -0.508614	 -3.68605	 0.550371
162.04	 -1.51163	 0.198852	 -4.73153	 -0.556465	 -3.63549	 0.555682
162.06	 -1.54965	 0.19794	 -4.72285	 -0.604124	 -3.58332	 0.560939
162.08	 -1.58745	 0.197019	 -4.71287	 -0.651568	 -3.52957	 0.566145
162.1	 -1.62502	 0.196092	 -4.70161	 -0.69875	 -3.47423	 0.5713
162.12	 -1.66233	 0.195163	 -4.68907	 -0.745639	 -3.41731	 0.576407
162.14	 -1.69939	 0.194234	 -4.67528	 -0.792193	 -3.35882	 0.581467
162.16	 -1.73615	 0.193309	 -4.66026	 -0.838375	 -3.29877	 0.58648
162.18	 -1.77262	 0.192391	 -4.64402	 -0.884145	 -3.23717	 0.591448
162.2	 -1.80876	 0.191482	 -4.62658	 -0.929467	 -3.17403	 0.596372
162.22	 -1.84456	 0.190586	 -4.60796	 -0.974304	 -3.10936	 0.601252
162.24	 -1.88	 0.189705	 -4.58818	 -1.01862	 -3.04319	 0.606087
162.26	 -1.91506	 0.188842	 -4.56727	 -1.06239	 -2.97551	 0.610875
162.28	 -1.94972	 0.188	 -4.54524	 -1.10557	 -2.90636	 0.615616
162.3	 -1.98397	 0.187181	 -4.52212	 -1.14814	 -2.83574	 0.620304
162.32	 -2.01778	 0.186387	 -4.49793	 -1.19007	 -2.76368	 0.624937
162.34	 -2.05113	 0.185621	 -4.47271	 -1.23132	 -2.69019	 0.629512
162.36	 -2.084	 0.184885	 -4.44646	 -1.27186	 -2.6153	 0.634027
162.38	 -2.11638	 0.184181	 -4.41923	 -1.31167	 -2.53903	 0.638479
162.4	 -2.14824	 0.183511	 -4.39103	 -1.35073	 -2.46141	 0.642865
162.42	 -2.17956	 0.182876	 -4.3619	 -1.389	 -2.38246	 0.647181
162.44	 -2.21033	 0.182279	 -4.33186	 -1.42647	 -2.30222	 0.651425
162.46	 -2.24052	 0.181722	 -4.30094	 -1.46311	 -2.22072	 0.655593
162.48	 -2.27011	 0.181206	 -4.26917	 -1.49888	 -2.138	 0.659684
162.5	 -2.29909	 0.180734	 -4.23659	 -1.53378	 -2.05408	 0.663698
162.52	 -2.32743	 0.180306	 -4.20321	 -1.56777	 -1.96902	 0.667636
162.54	 -2.35511	 0.179924	 -4.16909	 -1.60082	 -1.88284	 0.671496
162.56	 -2.38211	 0.179591	 -4.13423	 -1.63293	 -1.79561	 0.675279
162.58	 -2.40842	 0.179306	 -4.09869	 -1.66406	 -1.70735	 0.678986
162.6	 -2.43402	 0.179072	 -4.06248	 -1.6942	 -1.61812	 0.682614
162.62	 -2.45888	 0.17889	 -4.02565	 -1.72332	 -1.52797	 0.686164
162.64	 -2.48299	 0.17876	 -3.98822	 -1.75142	 -1.43695	 0.689636
162.66	 -2.50633	 0.178684	 -3.95024	 -1.77847	 -1.34512	 0.69303
162.68	 -2.52887	 0.178662	 -3.91173	 -1.80445	 -1.25251	 0.696345
162.7	 -2.55061	 0.178694	 -3.87272	 -1.82936	 -1.1592	 0.699583
162.72	 -2.57152	 0.178782	 -3.83326	 -1.85317	 -1.06524	 0.702745
162.74	 -2.59158	 0.178925	 -3.79338	 -1.87588	 -0.970681	 0.705831
162.76	 -2.61078	 0.179125	 -3.75311	 -1.89747	 -0.875588	 0.708842
162.78	 -2.62911	 0.179382	 -3.71249	 -1.91792	 -0.78002	 0.711781
162.8	 -2.64654	 0.179696	 -3.67154	 -1.93724	 -0.684038	 0.714648
162.82	 -2.66306	 0.180067	 -3.63032	 -1.95539	 -0.587702	 0.717445
162.84	 -2.67866	 0.180495	 -3.58884	 -1.97238	 -0.491073	 0.720173
162.86	 -2.69331	 0.180981	 -3.54715	 -1.9882	 -0.394215	 0.722834
162.88	 -2.70701	 0.181524	 -3.50528	 -2.00284	 -0.297188	 0.725429
162.9	 -2.71974	 0.182125	 -3.46327	 -2.01628	 -0.200058	 0.72796
162.92	 -2.73149	 0.182783	 -3.42114	 -2.02853	 -0.102886	 0.730428
162.94	 -2.74225	 0.183498	 -3.37894	 -2.03957	 -0.00573749	 0.732837
162.96	 -2.752	 0.184269	 -3.33669	 -2.04941	 0.0913235	 0.735187
162.98	 -2.76072	 0.185096	 -3.29443	 -2.05804	 0.188232	 0.73748
163	 -2.76842	 0.185978	 -3.2522	 -2.06546	 0.284924	 0.73972
163.02	 -2.77508	 0.186915	 -3.21002	 -2.07166	 0.381333	 0.741908
163.04	 -2.78069	 0.187906	 -3.16793	 -2.07665	 0.477394	 0.744046
163.06	 -2.78523	 0.18895	 -3.12597	 -2.08043	 0.573043	 0.746136
163.08	 -2.78871	 0.190046	 -3.08415	 -2.08299	 0.668213	 0.748181
163.1	 -2.79111	 0.191193	 -3.04253	 -2.08434	 0.762841	 0.750184
163.12	 -2.79243	 0.192391	 -3.00112	 -2.08448	 0.856861	 0.752145
163.14	 -2.79266	 0.193639	 -2.95995	 -2.08342	 0.950208	 0.754068
163.16	 -2.79179	 0.194934	 -2.91906	 -2.08116	 1.04282	 0.755955
163.18	 -2.78982	 0.196278	 -2.87848	 -2.0777	 1.13463	 0.757807
163.2	 -2.78674	 0.197667	 -2.83823	 -2.07305	 1.22558	 0.759626
163.22	 -2.78255	 0.199102	 -2.79835	 -2.06721	 1.3156	 0.761415
163.24	 -2.77725	 0.200582	 -2.75885	 -2.06021	 1.40464	 0.763176
163.26	 -2.77083	 0.202105	 -2.71977	 -2.05203	 1.49263	 0.764909
163.28	 -2.7633	 0.203669	 -2.68114	 -2.0427	 1.57951	 0.766617
163.3	 -2.75464	 0.205274	 -2.64297	 -2.03223	 1.66522	 0.768302
163.32	 -2.74487	 0.206918	 -2.6053	 -2.02063	 1.74971	 0.769963
163.34	 -2.73398	 0.2086	 -2.56814	 -2.00791	 1.83292	 0.771603
163.36	 -2.72197	 0.21032	 -2.53153	 -1.99407	 1.9148	 0.773222
163.38	 -2.70885	 0.212076	 -2.49547	 -1.97915	 1.99528	 0.774821
163.4	 -2.69462	 0.213868	 -2.46	 -1.96313	 2.07431	 0.776401
163.42	 -2.67927	 0.215694	 -2.42513	 -1.94605	 2.15185	 0.777963
163.44	 -2.66282	 0.217553	 -2.39088	 -1.92792	 2.22785	 0.779507
163.46	 -2.64527	 0.219444	 -2.35728	 -1.90876	 2.30225	 0.781032
163.48	 -2.62663	 0.221367	 -2.32432	 -1.88857	 2.375	 0.782539
163.5	 -2.6069	 0.22332	 -2.29204	 -1.86739	 2.44608	 0.784028
163.52	 -2.58609	 0.225302	 -2.26045	 -1.84523	 2.51542	 0.785498
163.54	 -2.56421	 0.227312	 -2.22955	 -1.8221	 2.583	 0.786949
163.56	 -2.54126	 0.229349	 -2.19937	 -1.79803	 2.64877	 0.788381
163.58	 -2.51726	 0.231412	 -2.16991	 -1.77304	 2.71269	 0.789792
163.6	 -2.49221	 0.233501	 -2.14118	 -1.74715	 2.77473	 0.791182
163.62	 -2.46613	 0.235614	 -2.1132	 -1.72038	 2.83487	 0.792549
163.64	 -2.43903	 0.237751	 -2.08596	 -1.69276	 2.89306	 0.793891
163.66	 -2.41091	 0.23991	 -2.05947	 -1.6643	 2.94929	 0.795206
163.68	 -2.3818	 0.242091	 -2.03374	 -1.63504	 3.00352	 0.796493
163.7	 -2.3517	 0.244293	 -2.00878	 -1.60499	 3.05574	 0.797749
163.72	 -2.32063	 0.246515	 -1.98457	 -1.57419	 3.10593	 0.798975
163.74	 -2.2886	 0.248757	 -1.96113	 -1.54264	 3.15406	 0.800167
163.76	 -2.25563	 0.251017	 -1.93845	 -1.51039	 3.20013	 0.801325
163.78	 -2.22174	 0.253295	 -1.91653	 -1.47745	 3.24412	 0.802446
163.8	 -2.18693	 0.25559	 -1.89536	 -1.44386	 3.28602	 0.803527
163.82	 -2.15123	 0.257901	 -1.87494	 -1.40964	 3.32584	 0.804564
163.84	 -2.11465	 0.260227	 -1.85526	 -1.37483	 3.36356	 0.805554
163.86	 -2.07721	 0.262567	 -1.83631	 -1.33944	 3.39918	 0.806495
163.88	 -2.03893	 0.26492	 -1.81809	 -1.30352	 3.43272	 0.807384
163.9	 -1.99983	 0.267286	 -1.80057	 -1.26708	 3.46417	 0.808217
163.92	 -1.95992	 0.269664	 -1.78376	 -1.23016	 3.49354	 0.808993
163.94	 -1.91923	 0.272053	 -1.76762	 -1.19279	 3.52085	 0.809708
163.96	 -1.87777	 0.274452	 -1.75216	 -1.15499	 3.5461	 0.81036
163.98	 -1.83557	 0.276861	 -1.73734	 -1.1168	 3.56933	 0.810944
164	 -1.79264	 0.279278	 -1.72316	 -1.07825	 3.59053	 0.811458
164.02	 -1.74901	 0.281702	 -1.70959	 -1.03936	 3.60975	 0.811898
164.04	 -1.7047	 0.284133	 -1.6966	 -1.00018	 3.62701	 0.812261
164.06	 -1.65972	 0.28657	 -1.68419	 -0.960721	 3.64232	 0.812543
164.08	 -1.61411	 0.289011	 -1.67231	 -0.921025	 3.65573	 0.812741
164.1	 -1.56788	 0.291456	 -1.66096	 -0.881122	 3.66727	 0.812851
164.12	 -1.52105	 0.293904	 -1.65009	 -0.841044	 3.67697	 0.81287
164.14	 -1.47365	 0.296353	 -1.63969	 -0.800823	 3.68488	 0.812795
164.16	 -1.4257	 0.298802	 -1.62972	 -0.760492	 3.69102	 0.812623
164.18	 -1.37722	 0.30125	 -1.62016	 -0.720082	 3.69546	 0.81235
164.2	 -1.32824	 0.303695	 -1.61097	 -0.679626	 3.69822	 0.811972
164.22	 -1.27877	 0.306135	 -1.60213	 -0.639158	 3.69936	 0.811488
164.24	 -1.22885	 0.30857	 -1.59359	 -0.59871	 3.69892	 0.810894
164.26	 -1.17849	 0.310997	 -1.58534	 -0.558317	 3.69696	 0.810186
164.28	 -1.12771	 0.313414	 -1.57733	 -0.51801	 3.69353	 0.809362
164.3	 -1.07656	 0.315819	 -1.56953	 -0.477825	 3.68868	 0.808419
164.32	 -1.02503	 0.31821	 -1.5619	 -0.437795	 3.68246	 0.807355
164.34	 -0.973168	 0.320584	 -1.55442	 -0.397953	 3.67494	 0.806166
164.36	 -0.920988	 0.322939	 -1.54704	 -0.358334	 3.66616	 0.804851
164.38	 -0.868515	 0.325273	 -1.53973	 -0.318972	 3.65619	 0.803407
164.4	 -0.815773	 0.327581	 -1.53245	 -0.279901	 3.64508	 0.801832
164.42	 -0.762786	 0.329862	 -1.52517	 -0.241154	 3.6329	 0.800124
164.44	 -0.709578	 0.332111	 -1.51785	 -0.202766	 3.61969	 0.798282
164.46	 -0.656172	 0.334325	 -1.51045	 -0.164771	 3.60553	 0.796304
164.48	 -0.602592	 0.336501	 -1.50294	 -0.127203	 3.59048	 0.794189
164.5	 -0.548859	 0.338634	 -1.49528	 -0.0900828	 3.57458	 0.791942
164.52	 -0.494982	 0.340717	 -1.48744	 -0.0533956	 3.55789	 0.78958
164.54	 -0.44097	 0.342743	 -1.4794	 -0.0171406	 3.54046	 0.787128
164.56	 -0.386829	 0.344702	 -1.47114	 0.0186851	 3.52234	 0.784608
164.58	 -0.332565	 0.346586	 -1.46262	 0.0540862	 3.50358	 0.782041
164.6	 -0.278179	 0.348387	 -1.45383	 0.0890231	 3.48422	 0.779433
164.62	 -0.22367	 0.350099	 -1.44474	 0.123452	 3.46432	 0.77678
164.64	 -0.169033	 0.351719	 -1.43535	 0.157336	 3.44391	 0.77407
164.66	 -0.114266	 0.353244	 -1.42564	 0.190637	 3.42304	 0.771297
164.68	 -0.0593674	 0.354668	 -1.41558	 0.223315	 3.40175	 0.768456
164.7	 -0.00433758	 0.355982	 -1.40517	 0.25533	 3.38009	 0.76555
164.72	 0.0508224	 0.357179	 -1.3944	 0.286642	 3.35809	 0.762582
164.74	 0.106107	 0.358247	 -1.38326	 0.317211	 3.33576	 0.759561
164.76	 0.161514	 0.359176	 -1.37175	 0.347002	 3.31314	 0.756489
164.78	 0.217039	 0.359957	 -1.35985	 0.375976	 3.29025	 0.753369
164.8	 0.272677	 0.360581	 -1.34755	 0.404096	 3.26712	 0.750203
164.82	 0.328425	 0.361039	 -1.33486	 0.431326	 3.24377	 0.746989
164.84	 0.384279	 0.361324	 -1.32178	 0.457629	 3.22023	 0.743728
164.86	 0.440232	 0.361424	 -1.30829	 0.482966	 3.19651	 0.740424
164.88	 0.496277	 0.361332	 -1.29439	 0.507304	 3.17263	 0.737078
164.9	 0.552404	 0.361037	 -1.28011	 0.530606	 3.1486	 0.733694
164.92	 0.608599	 0.360532	 -1.26544	 0.552838	 3.1244	 0.730268
164.94	 0.664848	 0.359808	 -1.25039	 0.573964	 3.10001	 0.726802
164.96	 0.721136	 0.358859	 -1.23501	 0.593951	 3.07543	 0.72329
164.98	 0.777445	 0.357677	 -1.21929	 0.612766	 3.0506	 0.719731
165	 0.833755	 0.356256	 -1.20327	 0.630377	 3.0255	 0.716121
165.02	 0.890048	 0.354588	 -1.18698	 0.646754	 3.00011	 0.712457
165.04	 0.946304	 0.352669	 -1.17043	 0.661866	 2.97437	 0.708735
165.06	 1.0025	 0.35049	 -1.15365	 0.675686	 2.94828	 0.704953
165.08	 1.05862	 0.348046	 -1.13665	 0.688189	 2.92179	 0.701109
165.1	 1.11465	 0.34533	 -1.11948	 0.699345	 2.89488	 0.697198
165.12	 1.17056	 0.342337	 -1.10215	 0.709133	 2.8675	 0.693215
165.14	 1.22632	 0.339062	 -1.08469	 0.717527	 2.83962	 0.689155
165.16	 1.28193	 0.335501	 -1.06713	 0.724508	 2.81118	 0.685012
165.18	 1.33736	 0.331649	 -1.04951	 0.730053	 2.78216	 0.68078
165.2	 1.39258	 0.327503	 -1.03186	 0.734146	 2.75249	 0.676451
165.22	 1.44758	 0.323061	 -1.0142	 0.736766	 2.72214	 0.672018
165.24	 1.50234	 0.318319	 -0.996564	 0.737899	 2.69106	 0.667472
165.26	 1.55684	 0.313278	 -0.978992	 0.73753	 2.65921	 0.662803
165.28	 1.61105	 0.307935	 -0.961509	 0.735647	 2.62655	 0.658004
165.3	 1.66496	 0.302291	 -0.944147	 0.732238	 2.59304	 0.653064
165.32	 1.71855	 0.296345	 -0.926933	 0.727316	 2.55865	 0.647982
165.34	 1.77179	 0.290096	 -0.9099	 0.720853	 2.52332	 0.642746
165.36	 1.82468	 0.283546	 -0.893076	 0.712859	 2.48703	 0.637348
165.38	 1.87719	 0.276697	 -0.876491	 0.703326	 2.44973	 0.631776
165.4	 1.92929	 0.269551	 -0.860174	 0.692258	 2.4114	 0.626019
165.42	 1.98099	 0.262113	 -0.844151	 0.679658	 2.37198	 0.620064
165.44	 2.03224	 0.254386	 -0.828447	 0.665536	 2.33147	 0.6139
165.46	 2.08304	 0.246375	 -0.813089	 0.649903	 2.28982	 0.607516
165.48	 2.13338	 0.238085	 -0.798098	 0.63277	 2.24702	 0.600904
165.5	 2.18322	 0.229522	 -0.783498	 0.614156	 2.20304	 0.594052
165.52	 2.23255	 0.220694	 -0.76931	 0.59408	 2.15786	 0.58695
165.54	 2.28137	 0.211607	 -0.755554	 0.572568	 2.11146	 0.579587
165.56	 2.32964	 0.202271	 -0.742248	 0.549648	 2.06384	 0.571955
165.58	 2.37735	 0.192694	 -0.72941	 0.525352	 2.01498	 0.564042
165.6	 2.42449	 0.182887	 -0.717056	 0.499719	 1.96488	 0.555842
165.62	 2.47104	 0.17286	 -0.705201	 0.47279	 1.91352	 0.547345
165.64	 2.51698	 0.162624	 -0.693858	 0.444609	 1.86091	 0.538546
165.66	 2.5623	 0.152192	 -0.683038	 0.415229	 1.80705	 0.529438
165.68	 2.60697	 0.141575	 -0.672753	 0.384702	 1.75195	 0.520016
165.7	 2.65099	 0.130787	 -0.66301	 0.35309	 1.69561	 0.510276
165.72	 2.69435	 0.119843	 -0.653817	 0.320456	 1.63805	 0.500214
165.74	 2.73701	 0.108758	 -0.645182	 0.286868	 1.57928	 0.489829
165.76	 2.77897	 0.0975456	 -0.637107	 0.252397	 1.51933	 0.47912
165.78	 2.82022	 0.0862234	 -0.629598	 0.217122	 1.45822	 0.468086
165.8	 2.86073	 0.0748074	 -0.622657	 0.181121	 1.39597	 0.45673
165.82	 2.9005	 0.0633145	 -0.616283	 0.144478	 1.33261	 0.445053
165.84	 2.93951	 0.051762	 -0.610477	 0.107282	 1.26817	 0.43306
165.86	 2.97774	 0.0401675	 -0.605237	 0.0696209	 1.2027	 0.420757
165.88	 3.01518	 0.0285488	 -0.600559	 0.0315893	 1.13623	 0.408149
165.9	 3.05182	 0.0169241	 -0.596438	 -0.00671746	 1.0688	 0.395245
165.92	 3.08764	 0.00531154	 -0.592869	 -0.0452017	 1.00047	 0.382054
165.94	 3.12262	 -0.00627057	 -0.589845	 -0.0837638	 0.931283	 0.368587
165.96	 3.15676	 -0.0178037	 -0.587356	 -0.122303	 0.86129	 0.354856
165.98	 3.19004	 -0.0292693	 -0.585394	 -0.160717	 0.790551	 0.340873
166	 3.22244	 -0.0406487	 -0.583947	 -0.198904	 0.719125	 0.326652
166.02	 3.25395	 -0.0519234	 -0.583004	 -0.236761	 0.647074	 0.312208
166.04	 3.28456	 -0.0630752	 -0.582551	 -0.274187	 0.574464	 0.297558
166.06	 3.31426	 -0.0740888	 -0.582576	 -0.311077	 0.501358	 0.282724
166.08	 3.34303	 -0.0849528	 -0.583069	 -0.34733	 0.427819	 0.267737
166.1	 3.37085	 -0.0956567	 -0.584018	 -0.382842	 0.353907	 0.252629
166.12	 3.39773	 -0.106191	 -0.585414	 -0.417511	 0.279688	 0.237433
166.14	 3.42363	 -0.116545	 -0.587243	 -0.451234	 0.205228	 0.222181
166.16	 3.44857	 -0.126709	 -0.589492	 -0.483914	 0.130598	 0.206905
166.18	 3.47251	 -0.136672	 -0.592145	 -0.515453	 0.0558711	 0.191635
166.2	 3.49545	 -0.146423	 -0.595184	 -0.54576	 -0.0188753	 0.176402
166.22	 3.51737	 -0.155952	 -0.598593	 -0.574743	 -0.0935633	 0.161237
166.24	 3.53827	 -0.16525	 -0.60235	 -0.602316	 -0.168113	 0.146173
166.26	 3.55813	 -0.174305	 -0.606437	 -0.628394	 -0.242445	 0.131241
166.28	 3.57694	 -0.183111	 -0.610833	 -0.652893	 -0.316477	 0.116474
166.3	 3.5947	 -0.191657	 -0.615517	 -0.675734	 -0.390128	 0.101904
166.32	 3.61138	 -0.199936	 -0.620467	 -0.696837	 -0.463315	 0.0875618
166.34	 3.62697	 -0.207941	 -0.625661	 -0.71613	 -0.535956	 0.0734796
166.36	 3.64148	 -0.215663	 -0.631075	 -0.73354	 -0.607968	 0.0596876
166.38	 3.65487	 -0.223096	 -0.636688	 -0.748999	 -0.679268	 0.0462161
166.4	 3.66716	 -0.230232	 -0.642473	 -0.762442	 -0.749773	 0.0330944
166.42	 3.67832	 -0.237065	 -0.648405	 -0.773808	 -0.819399	 0.0203515
166.44	 3.68834	 -0.243589	 -0.654461	 -0.783039	 -0.888065	 0.00801563
166.46	 3.69722	 -0.249797	 -0.660612	 -0.790079	 -0.955686	 -0.00388611
166.48	 3.70495	 -0.255685	 -0.666833	 -0.794878	 -1.02218	 -0.0153273
166.5	 3.71151	 -0.261246	 -0.673096	 -0.797387	 -1.08747	 -0.0262827
166.52	 3.71691	 -0.266477	 -0.679374	 -0.797564	 -1.15147	 -0.0367279
166.54	 3.72112	 -0.271373	 -0.685641	 -0.795373	 -1.21411	 -0.04664
166.56	 3.72414	 -0.275931	 -0.691867	 -0.790783	 -1.2753	 -0.055997
166.58	 3.72597	 -0.280147	 -0.698026	 -0.783763	 -1.33499	 -0.0647785
166.6	 3.7266	 -0.284019	 -0.704089	 -0.774287	 -1.39309	 -0.0729657
166.62	 3.72601	 -0.287542	 -0.710027	 -0.762333	 -1.44954	 -0.0805414
166.64	 3.72421	 -0.290716	 -0.715812	 -0.747886	 -1.50426	 -0.0874898
166.66	 3.72119	 -0.293539	 -0.721416	 -0.730933	 -1.5572	 -0.0937963
166.68	 3.71693	 -0.296008	 -0.726808	 -0.71147	 -1.60829	 -0.0994478
166.7	 3.71144	 -0.298125	 -0.731962	 -0.689495	 -1.65746	 -0.104433
166.72	 3.70471	 -0.299888	 -0.736846	 -0.665013	 -1.70465	 -0.108741
166.74	 3.69674	 -0.301298	 -0.741434	 -0.638035	 -1.74982	 -0.112364
166.76	 3.68751	 -0.302355	 -0.745695	 -0.608577	 -1.7929	 -0.115296
166.78	 3.67703	 -0.303062	 -0.749602	 -0.576662	 -1.83384	 -0.11753
166.8	 3.66529	 -0.303421	 -0.753127	 -0.542321	 -1.87259	 -0.119063
166.82	 3.65229	 -0.303434	 -0.756241	 -0.505589	 -1.90911	 -0.119894
166.84	 3.63803	 -0.303104	 -0.758916	 -0.466508	 -1.94334	 -0.120023
166.86	 3.62251	 -0.302435	 -0.761126	 -0.425128	 -1.97525	 -0.119452
166.88	 3.60571	 -0.30143	 -0.762843	 -0.381505	 -2.0048	 -0.118186
166.9	 3.58766	 -0.300094	 -0.764042	 -0.335699	 -2.03194	 -0.116229
166.92	 3.56833	 -0.298432	 -0.764695	 -0.287777	 -2.05665	 -0.113589
166.94	 3.54774	 -0.296449	 -0.764779	 -0.237811	 -2.0789	 -0.110275
166.96	 3.52589	 -0.29415	 -0.764269	 -0.185877	 -2.09865	 -0.1063
166.98	 3.50278	 -0.291541	 -0.76314	 -0.132058	 -2.1159	 -0.101676
167	 3.47842	 -0.288629	 -0.761369	 -0.0764398	 -2.1306	 -0.0964166
167.02	 3.4528	 -0.28542	 -0.758933	 -0.0191125	 -2.14276	 -0.0905386
167.04	 3.42594	 -0.281921	 -0.755811	 0.0398291	 -2.15235	 -0.0840591
167.06	 3.39783	 -0.278139	 -0.75198	 0.100287	 -2.15937	 -0.0769969
167.08	 3.36849	 -0.274082	 -0.747421	 0.162157	 -2.16381	 -0.0693723
167.1	 3.33793	 -0.269759	 -0.742113	 0.225335	 -2.16566	 -0.0612067
167.12	 3.30614	 -0.265177	 -0.736038	 0.289708	 -2.16493	 -0.0525229
167.14	 3.27315	 -0.260345	 -0.729177	 0.355164	 -2.16162	 -0.0433449
167.16	 3.23896	 -0.255273	 -0.721512	 0.421584	 -2.15573	 -0.0336979
167.18	 3.20357	 -0.24997	 -0.713028	 0.488847	 -2.14728	 -0.023608
167.2	 3.16701	 -0.244445	 -0.703708	 0.556828	 -2.13627	 -0.0131027
167.22	 3.12928	 -0.238709	 -0.693538	 0.6254	 -2.12273	 -0.00221035
167.24	 3.0904	 -0.232772	 -0.682505	 0.694432	 -2.10667	 0.00903953
167.26	 3.05037	 -0.226644	 -0.670596	 0.763793	 -2.08811	 0.0206165
167.28	 3.00921	 -0.220337	 -0.657799	 0.833347	 -2.06708	 0.0324891
167.3	 2.96694	 -0.21386	 -0.644104	 0.902958	 -2.0436	 0.044625
167.32	 2.92356	 -0.207225	 -0.629502	 0.972487	 -2.01771	 0.0569911
167.34	 2.87911	 -0.200444	 -0.613985	 1.0418	 -1.98945	 0.0695532
167.36	 2.83358	 -0.193526	 -0.597546	 1.11074	 -1.95884	 0.0822767
167.38	 2.787	 -0.186484	 -0.58018	 1.17918	 -1.92594	 0.0951261
167.4	 2.73938	 -0.179327	 -0.561881	 1.24698	 -1.89077	 0.108065
167.42	 2.69074	 -0.172069	 -0.542647	 1.31398	 -1.85339	 0.121057
167.44	 2.64111	 -0.164718	 -0.522477	 1.38006	 -1.81385	 0.134065
167.46	 2.59049	 -0.157286	 -0.501369	 1.44507	 -1.7722	 0.147051
167.48	 2.5389	 -0.149785	 -0.479324	 1.50886	 -1.72849	 0.159976
167.5	 2.48637	 -0.142224	 -0.456346	 1.5713	 -1.68277	 0.172803
167.52	 2.43291	 -0.134613	 -0.432436	 1.63225	 -1.63511	 0.185492
167.54	 2.37855	 -0.126964	 -0.407602	 1.69157	 -1.58556	 0.198005
167.56	 2.32329	 -0.119286	 -0.381849	 1.74912	 -1.5342	 0.210302
167.58	 2.26717	 -0.111588	 -0.355185	 1.80477	 -1.48107	 0.222344
167.6	 2.2102	 -0.103881	 -0.32762	 1.85839	 -1.42625	 0.234093
167.62	 2.15241	 -0.0961728	 -0.299166	 1.90985	 -1.3698	 0.245509
167.64	 2.0938	 -0.088473	 -0.269834	 1.95901	 -1.31181	 0.256554
167.66	 2.03441	 -0.08079	 -0.239641	 2.00577	 -1.25234	 0.267188
167.68	 1.97426	 -0.0731326	 -0.2086	 2.04998	 -1.19147	 0.277374
167.7	 1.91336	 -0.0655089	 -0.176731	 2.09154	 -1.12928	 0.287076
167.72	 1.85174	 -0.0579271	 -0.144052	 2.13032	 -1.06583	 0.296255
167.74	 1.78942	 -0.0503951	 -0.110586	 2.16622	 -1.00122	 0.304877
167.76	 1.72642	 -0.0429208	 -0.0763533	 2.19911	 -0.935518	 0.312906
167.78	 1.66276	 -0.0355121	 -0.0413809	 2.2289	 -0.868812	 0.32031
167.8	 1.59846	 -0.0281769	 -0.00569507	 2.25546	 -0.801184	 0.327056
167.82	 1.53356	 -0.0209232	 0.030675	 2.27871	 -0.732717	 0.333114
167.84	 1.46807	 -0.013759	 0.0676982	 2.29855	 -0.663497	 0.338453
167.86	 1.40201	 -0.00669272	 0.105341	 2.31486	 -0.593609	 0.343047
167.88	 1.33541	 0.000269153	 0.143567	 2.32759	 -0.523132	 0.346869
167.9	 1.26831	 0.00711651	 0.182339	 2.33662	 -0.452158	 0.349892
167.92	 1.20071	 0.0138428	 0.221615	 2.34189	 -0.38077	 0.352094
167.94	 1.13267	 0.0204396	 0.261351	 2.34333	 -0.309063	 0.353452
167.96	 1.06419	 0.0268998	 0.301501	 2.34088	 -0.237127	 0.353946
167.98	 0.995327	 0.0332155	 0.342016	 2.33447	 -0.165059	 0.353557
168	 0.926103	 0.0393797	 0.382845	 2.32407	 -0.0929557	 0.352272
168.02	 0.856555	 0.0453849	 0.423932	 2.30964	 -0.0209153	 0.350076
168.04	 0.786724	 0.0512242	 0.465221	 2.29115	 0.0509597	 0.34696
168.06	 0.71665	 0.0568905	 0.506652	 2.26859	 0.122565	 0.342915
168.08	 0.646375	 0.0623767	 0.548161	 2.24193	 0.193793	 0.337935
168.1	 0.575947	 0.0676758	 0.589683	 2.2112	 0.264531	 0.33202
168.12	 0.505411	 0.0727811	 0.631151	 2.1764	 0.334663	 0.325171
168.14	 0.434817	 0.0776857	 0.672494	 2.13755	 0.404068	 0.317393
168.16	 0.364217	 0.0823828	 0.713641	 2.09468	 0.472623	 0.308697
168.18	 0.293661	 0.0868659	 0.754519	 2.04784	 0.540203	 0.299096
168.2	 0.223201	 0.0911283	 0.795054	 1.99709	 0.606683	 0.288609
168.22	 0.152891	 0.0951633	 0.835171	 1.94248	 0.671934	 0.277258
168.24	 0.082783	 0.0989645	 0.874797	 1.88409	 0.735833	 0.265071
168.26	 0.0129314	 0.102525	 0.913854	 1.82202	 0.798254	 0.252078
168.28	 -0.0566104	 0.105839	 0.952267	 1.75634	 0.859075	 0.238313
168.3	 -0.125789	 0.108901	 0.989962	 1.68716	 0.918177	 0.223814
168.32	 -0.194552	 0.111706	 1.02687	 1.6146	 0.975444	 0.208617
168.34	 -0.262848	 0.114251	 1.0629	 1.53879	 1.03076	 0.192764
168.36	 -0.330626	 0.116532	 1.098	 1.45986	 1.08403	 0.176294
168.38	 -0.397835	 0.118549	 1.13209	 1.37796	 1.13513	 0.159251
168.4	 -0.464428	 0.120299	 1.16511	 1.29327	 1.18398	 0.141681
168.42	 -0.530356	 0.121783	 1.19699	 1.20594	 1.23048	 0.12363
168.44	 -0.595573	 0.123	 1.22766	 1.11615	 1.27456	 0.105151
168.46	 -0.660032	 0.123948	 1.25706	 1.02407	 1.31611	 0.0862971
168.48	 -0.723687	 0.124629	 1.28513	 0.929893	 1.35507	 0.0671242
168.5	 -0.786493	 0.125042	 1.31181	 0.83379	 1.39136	 0.0476912
168.52	 -0.848405	 0.125189	 1.33706	 0.735961	 1.42491	 0.0280582
168.54	 -0.909381	 0.125072	 1.3608	 0.636611	 1.45565	 0.00828531
168.56	 -0.969378	 0.124695	 1.383	 0.535959	 1.48353	 -0.0115674
168.58	 -1.02836	 0.124063	 1.40361	 0.434226	 1.50851	 -0.0314394
168.6	 -1.08628	 0.12318	 1.42258	 0.331638	 1.53054	 -0.0512699
168.62	 -1.1431	 0.122052	 1.43988	 0.228425	 1.54959	 -0.0709973
168.64	 -1.19878	 0.120683	 1.45545	 0.124815	 1.56562	 -0.0905594
168.66	 -1.25329	 0.11908	 1.46928	 0.021032	 1.5786	 -0.109893
168.68	 -1.30658	 0.117247	 1.48132	 -0.0827005	 1.58849	 -0.128937
168.7	 -1.35863	 0.115191	 1.49154	 -0.186156	 1.59528	 -0.147629
168.72	 -1.40939	 0.112919	 1.49992	 -0.289104	 1.59893	 -0.165908
168.74	 -1.45883	 0.110439	 1.50644	 -0.391318	 1.59946	 -0.183713
168.76	 -1.50693	 0.107759	 1.51108	 -0.49257	 1.59685	 -0.200986
168.78	 -1.55364	 0.104885	 1.51383	 -0.592639	 1.5911	 -0.217668
168.8	 -1.59893	 0.101827	 1.51466	 -0.691306	 1.58224	 -0.233701
168.82	 -1.64279	 0.0985926	 1.51358	 -0.788352	 1.57026	 -0.249032
168.84	 -1.68517	 0.0951913	 1.51059	 -0.883561	 1.55521	 -0.263605
168.86	 -1.72606	 0.0916327	 1.50567	 -0.97672	 1.5371	 -0.277369
168.88	 -1.76542	 0.0879264	 1.49884	 -1.06762	 1.51598	 -0.290276
168.9	 -1.80323	 0.0840824	 1.4901	 -1.15606	 1.49189	 -0.302279
168.92	 -1.83948	 0.0801108	 1.47947	 -1.24185	 1.46489	 -0.313334
168.94	 -1.87412	 0.0760213	 1.46695	 -1.3248	 1.43501	 -0.3234
168.96	 -1.90716	 0.0718238	 1.45257	 -1.40475	 1.40232	 -0.33244
168.98	 -1.93855	 0.0675285	 1.43636	 -1.48151	 1.36689	 -0.340417
169	 -1.9683	 0.0631458	 1.41832	 -1.55494	 1.32877	 -0.347301
169.02	 -1.99637	 0.058686	 1.3985	 -1.62487	 1.28805	 -0.353062
169.04	 -2.02275	 0.0541593	 1.37694	 -1.69118	 1.24481	 -0.357676
169.06	 -2.04743	 0.0495759	 1.35365	 -1.75372	 1.19912	 -0.361122
169.08	 -2.07039	 0.0449463	 1.3287	 -1.81238	 1.15109	 -0.36338
169.1	 -2.09163	 0.0402809	 1.30211	 -1.86705	 1.10079	 -0.364438
169.12	 -2.11112	 0.0355903	 1.27394	 -1.91762	 1.04834	 -0.364285
169.14	 -2.12887	 0.0308849	 1.24424	 -1.96399	 0.993841	 -0.362915
169.16	 -2.14486	 0.026175	 1.21307	 -2.0061	 0.937394	 -0.360326
169.18	 -2.15909	 0.0214708	 1.18047	 -2.04386	 0.87911	 -0.356518
169.2	 -2.17155	 0.0167821	 1.14651	 -2.07723	 0.819101	 -0.351496
169.22	 -2.18224	 0.0121197	 1.11124	 -2.10615	 0.757468	 -0.345271
169.24	 -2.19117	 0.00749592	 1.07472	 -2.1306	 0.694305	 -0.33786
169.26	 -2.19833	 0.00292313	 1.03701	 -2.15055	 0.629696	 -0.329284
169.28	 -2.20375	 -0.00158749	 0.998134	 -2.16599	 0.563718	 -0.319566
169.3	 -2.20743	 -0.00602688	 0.958154	 -2.17693	 0.496435	 -0.308728
169.32	 -2.20938	 -0.0103871	 0.91711	 -2.18336	 0.427908	 -0.296793
169.34	 -2.20964	 -0.014661	 0.875046	 -2.18532	 0.358202	 -0.283789
169.36	 -2.2082	 -0.0188415	 0.832014	 -2.18284	 0.287388	 -0.269747
169.38	 -2.2051	 -0.0229216	 0.788066	 -2.17596	 0.215542	 -0.254702
169.4	 -2.20035	 -0.0268944	 0.743259	 -2.16473	 0.142747	 -0.238693
169.42	 -2.19397	 -0.0307531	 0.697653	 -2.14923	 0.0690888	 -0.221761
169.44	 -2.18598	 -0.0344913	 0.65131	 -2.12954	 -0.00534751	 -0.203952
169.46	 -2.17641	 -0.0381033	 0.604292	 -2.10574	 -0.0804768	 -0.185312
169.48	 -2.16527	 -0.0415836	 0.556662	 -2.07794	 -0.156215	 -0.16589
169.5	 -2.1526	 -0.0449273	 0.508481	 -2.04624	 -0.232481	 -0.145737
169.52	 -2.13842	 -0.04813	 0.459812	 -2.01078	 -0.309193	 -0.124908
169.54	 -2.12276	 -0.0511878	 0.41072	 -1.97166	 -0.386269	 -0.103456
169.56	 -2.10564	 -0.0540974	 0.361266	 -1.92904	 -0.463629	 -0.0814403
169.58	 -2.0871	 -0.0568555	 0.311515	 -1.88305	 -0.541192	 -0.0589179
169.6	 -2.06717	 -0.0594593	 0.261532	 -1.83385	 -0.618874	 -0.0359491
169.62	 -2.04588	 -0.0619064	 0.211382	 -1.78158	 -0.696595	 -0.0125953
169.64	 -2.02326	 -0.0641946	 0.16113	 -1.7264	 -0.774273	 0.0110814
169.66	 -1.99934	 -0.0663224	 0.110841	 -1.66849	 -0.851826	 0.0350182
169.68	 -1.97416	 -0.0682884	 0.0605796	 -1.60801	 -0.929176	 0.0591518
169.7	 -1.94775	 -0.0700918	 0.0104101	 -1.54513	 -1.00625	 0.0834185
169.72	 -1.92015	 -0.0717321	 -0.0396044	 -1.48005	 -1.08296	 0.107755
169.74	 -1.89138	 -0.0732092	 -0.0894011	 -1.41292	 -1.15925	 0.132097
169.76	 -1.8615	 -0.0745233	 -0.138918	 -1.34395	 -1.23504	 0.156381
169.78	 -1.83052	 -0.0756749	 -0.188095	 -1.2733	 -1.31025	 0.180545
169.8	 -1.7985	 -0.076665	 -0.236871	 -1.20117	 -1.38483	 0.204526
169.82	 -1.76546	 -0.0774948	 -0.285188	 -1.12773	 -1.45869	 0.228263
169.84	 -1.73144	 -0.0781656	 -0.332988	 -1.05318	 -1.53179	 0.251695
169.86	 -1.69648	 -0.0786793	 -0.380214	 -0.977695	 -1.60405	 0.274763
169.88	 -1.66062	 -0.0790378	 -0.426811	 -0.901456	 -1.6754	 0.29741
169.9	 -1.62389	 -0.0792434	 -0.472726	 -0.824643	 -1.7458	 0.319578
169.92	 -1.58633	 -0.0792988	 -0.517906	 -0.747434	 -1.81519	 0.341214
169.94	 -1.54798	 -0.0792067	 -0.562301	 -0.670005	 -1.8835	 0.362262
169.96	 -1.50888	 -0.0789703	 -0.605863	 -0.592527	 -1.95068	 0.382673
169.98	 -1.46906	 -0.0785929	 -0.648544	 -0.51517	 -2.0167	 0.402397
170	 -1.42856	 -0.0780781	 -0.690299	 -0.438099	 -2.08148	 0.421387
170.02	 -1.38742	 -0.0774299	 -0.731086	 -0.361476	 -2.14501	 0.439597
170.04	 -1.34567	 -0.0766524	 -0.770862	 -0.285456	 -2.20722	 0.456986
170.06	 -1.30335	 -0.0757499	 -0.809589	 -0.210192	 -2.26808	 0.473512
170.08	 -1.2605	 -0.0747273	 -0.84723	 -0.135832	 -2.32755	 0.48914
170.1	 -1.21715	 -0.0735909	 -0.883751	 -0.062517	 -2.3856	 0.503837
170.12	 -1.17333	 -0.0723572	 -0.919127	 0.00961848	 -2.44221	 0.517593
170.14	 -1.12908	 -0.0710447	 -0.953336	 0.0804477	 -2.49737	 0.530404
170.16	 -1.08443	 -0.0696728	 -0.986358	 0.149852	 -2.55108	 0.54227
170.18	 -1.03942	 -0.06826	 -1.01818	 0.217719	 -2.60332	 0.553188
170.2	 -0.994063	 -0.0668224	 -1.04878	 0.283941	 -2.65409	 0.563154
170.22	 -0.948404	 -0.0653744	 -1.07815	 0.348418	 -2.70337	 0.572165
170.24	 -0.902472	 -0.063929	 -1.10627	 0.41105	 -2.75117	 0.580215
170.26	 -0.856299	 -0.0624984	 -1.13312	 0.471745	 -2.79746	 0.587305
170.28	 -0.809916	 -0.0610945	 -1.1587	 0.530414	 -2.84225	 0.593435
170.3	 -0.763354	 -0.0597293	 -1.18299	 0.586975	 -2.88553	 0.598609
170.32	 -0.716644	 -0.0584149	 -1.20598	 0.641353	 -2.9273	 0.602833
170.34	 -0.669815	 -0.0571627	 -1.22767	 0.693481	 -2.96755	 0.606114
170.36	 -0.622898	 -0.0559841	 -1.24805	 0.743297	 -3.00629	 0.608461
170.38	 -0.575921	 -0.0548897	 -1.26713	 0.790748	 -3.04352	 0.609885
170.4	 -0.528913	 -0.0538892	 -1.28489	 0.835784	 -3.07925	 0.610396
170.42	 -0.481904	 -0.0529921	 -1.30134	 0.878363	 -3.11347	 0.610008
170.44	 -0.434921	 -0.0522066	 -1.31648	 0.918447	 -3.1462	 0.608734
170.46	 -0.387993	 -0.0515406	 -1.33032	 0.956006	 -3.17744	 0.60659
170.48	 -0.341146	 -0.0510014	 -1.34286	 0.991015	 -3.2072	 0.603593
170.5	 -0.294408	 -0.0505956	 -1.35411	 1.02345	 -3.23549	 0.599761
170.52	 -0.247806	 -0.0503292	 -1.36407	 1.05331	 -3.26232	 0.595113
170.54	 -0.201364	 -0.0502078	 -1.37276	 1.08057	 -3.2877	 0.589671
170.56	 -0.155109	 -0.050236	 -1.38018	 1.10524	 -3.31165	 0.583456
170.58	 -0.109066	 -0.0504181	 -1.38636	 1.12732	 -3.33417	 0.57649
170.6	 -0.0632597	 -0.0507576	 -1.3913	 1.14682	 -3.35528	 0.568796
170.62	 -0.0177137	 -0.0512573	 -1.39502	 1.16375	 -3.37499	 0.5604
170.64	 0.027548	 -0.0519195	 -1.39755	 1.17814	 -3.39333	 0.551326
170.66	 0.0725025	 -0.0527457	 -1.39889	 1.19	 -3.4103	 0.541601
170.68	 0.117127	 -0.0537368	 -1.39907	 1.19937	 -3.42593	 0.53125
170.7	 0.1614	 -0.0548929	 -1.39812	 1.20628	 -3.44023	 0.520302
170.72	 0.2053	 -0.0562137	 -1.39605	 1.21077	 -3.45322	 0.508783
170.74	 0.248805	 -0.0576982	 -1.39289	 1.21288	 -3.46493	 0.496722
170.76	 0.291895	 -0.0593444	 -1.38866	 1.21266	 -3.47537	 0.484148
170.78	 0.334552	 -0.0611502	 -1.3834	 1.21015	 -3.48456	 0.47109
170.8	 0.376754	 -0.0631123	 -1.37713	 1.20543	 -3.49252	 0.457575
170.82	 0.418485	 -0.0652271	 -1.36989	 1.19853	 -3.49928	 0.443635
170.84	 0.459725	 -0.0674902	 -1.3617	 1.18953	 -3.50487	 0.429297
170.86	 0.500457	 -0.0698968	 -1.35259	 1.17849	 -3.50929	 0.414591
170.88	 0.540665	 -0.0724413	 -1.34261	 1.16549	 -3.51258	 0.399547
170.9	 0.580332	 -0.0751179	 -1.33177	 1.15058	 -3.51476	 0.384193
170.92	 0.619442	 -0.07792	 -1.32013	 1.13385	 -3.51586	 0.36856
170.94	 0.65798	 -0.0808411	 -1.30772	 1.11537	 -3.51589	 0.352678
170.96	 0.695932	 -0.0838741	 -1.29456	 1.09522	 -3.5149	 0.336576
170.98	 0.733283	 -0.0870116	 -1.28071	 1.07349	 -3.51289	 0.320284
171	 0.770025	 -0.0902442	 -1.2662	 1.0503	 -3.50989	 0.303841
171.02	 0.806143	 -0.0935609	 -1.25109	 1.02577	 -3.50595	 0.287279
171.04	 0.841629	 -0.0969527	 -1.23541	 1.00002	 -3.50107	 0.270634
171.06	 0.876467	 -0.100406	 -1.21922	 0.973171	 -3.4953	 0.253935
171.08	 0.910646	 -0.103911	 -1.20258	 0.945341	 -3.48868	 0.237214
171.1	 0.944153	 -0.107453	 -1.18554	 0.91665	 -3.48126	 0.220496
171.12	 0.976976	 -0.111018	 -1.16817	 0.887216	 -3.47307	 0.203809
171.14	 1.0091	 -0.114593	 -1.15051	 0.85715	 -3.46417	 0.187176
171.16	 1.04053	 -0.118166	 -1.13262	 0.826518	 -3.45459	 0.170613
171.18	 1.07124	 -0.121725	 -1.11458	 0.795398	 -3.44438	 0.154138
171.2	 1.10123	 -0.125255	 -1.09644	 0.763873	 -3.4336	 0.137768
171.22	 1.13049	 -0.128745	 -1.07828	 0.732022	 -3.42228	 0.121523
171.24	 1.15901	 -0.132183	 -1.06016	 0.699926	 -3.4105	 0.105421
171.26	 1.18678	 -0.135558	 -1.04215	 0.667665	 -3.39829	 0.0894835
171.28	 1.21378	 -0.138858	 -1.02432	 0.635319	 -3.38573	 0.0737303
171.3	 1.24001	 -0.142073	 -1.00674	 0.602966	 -3.37287	 0.0581806
171.32	 1.26546	 -0.145192	 -0.98948	 0.570684	 -3.35977	 0.0428526
171.34	 1.29012	 -0.148203	 -0.972596	 0.538551	 -3.34649	 0.0277629
171.36	 1.31398	 -0.151094	 -0.956157	 0.506643	 -3.33309	 0.0129279
171.38	 1.33704	 -0.153855	 -0.940228	 0.475033	 -3.31961	 -0.0016366
171.4	 1.35928	 -0.156474	 -0.924872	 0.443793	 -3.30613	 -0.0159149
171.42	 1.3807	 -0.158941	 -0.910153	 0.412995	 -3.29269	 -0.0298922
171.44	 1.40128	 -0.161246	 -0.896134	 0.382707	 -3.27935	 -0.0435535
171.46	 1.42103	 -0.163378	 -0.882874	 0.352997	 -3.26617	 -0.056885
171.48	 1.43994	 -0.165329	 -0.870433	 0.323929	 -3.2532	 -0.0698728
171.5	 1.458	 -0.16709	 -0.858871	 0.295566	 -3.24049	 -0.082504
171.52	 1.47521	 -0.168651	 -0.848244	 0.26797	 -3.2281	 -0.0947658
171.54	 1.49155	 -0.170006	 -0.838606	 0.241197	 -3.21609	 -0.106646
171.56	 1.50703	 -0.171146	 -0.830011	 0.215304	 -3.20449	 -0.118132
171.58	 1.52165	 -0.172065	 -0.822511	 0.190342	 -3.19336	 -0.129213
171.6	 1.53538	 -0.172757	 -0.816153	 0.166362	 -3.18275	 -0.139878
171.62	 1.54825	 -0.173215	 -0.810986	 0.143411	 -3.17269	 -0.150115
171.64	 1.56023	 -0.173436	 -0.807054	 0.121533	 -3.16325	 -0.159916
171.66	 1.57133	 -0.173414	 -0.8044	 0.10077	 -3.15444	 -0.16927
171.68	 1.58155	 -0.173145	 -0.803064	 0.0811578	 -3.14633	 -0.178168
171.7	 1.59088	 -0.172627	 -0.803083	 0.0627331	 -3.13893	 -0.186602
171.72	 1.59933	 -0.171857	 -0.804492	 0.0455272	 -3.13228	 -0.194564
171.74	 1.60688	 -0.170832	 -0.807323	 0.0295687	 -3.12642	 -0.202047
171.76	 1.61355	 -0.169551	 -0.811605	 0.0148827	 -3.12138	 -0.209045
171.78	 1.61933	 -0.168013	 -0.817363	 0.00149133	 -3.11717	 -0.215553
171.8	 1.62422	 -0.166217	 -0.824621	 -0.0105868	 -3.11382	 -0.221566
171.82	 1.62823	 -0.164163	 -0.833399	 -0.0213366	 -3.11135	 -0.227081
171.84	 1.63135	 -0.161852	 -0.843713	 -0.0307464	 -3.10977	 -0.232093
171.86	 1.63358	 -0.159286	 -0.855578	 -0.0388079	 -3.1091	 -0.236602
171.88	 1.63493	 -0.156465	 -0.869003	 -0.0455168	 -3.10935	 -0.240605
171.9	 1.63541	 -0.153392	 -0.883998	 -0.0508723	 -3.11053	 -0.244103
171.92	 1.635	 -0.15007	 -0.900565	 -0.0548774	 -3.11264	 -0.247094
171.94	 1.63373	 -0.146503	 -0.918707	 -0.0575389	 -3.11567	 -0.249581
171.96	 1.63158	 -0.142695	 -0.938421	 -0.0588674	 -3.11964	 -0.251565
171.98	 1.62858	 -0.138649	 -0.959703	 -0.0588771	 -3.12453	 -0.253049
172	 1.62471	 -0.134371	 -0.982544	 -0.0575861	 -3.13034	 -0.254037
172.02	 1.61999	 -0.129867	 -1.00693	 -0.0550162	 -3.13706	 -0.254534
172.04	 1.61441	 -0.125142	 -1.03286	 -0.0511925	 -3.14468	 -0.254544
172.06	 1.608	 -0.120203	 -1.0603	 -0.046144	 -3.15317	 -0.254076
172.08	 1.60075	 -0.115056	 -1.08924	 -0.0399028	 -3.16253	 -0.253135
172.1	 1.59267	 -0.10971	 -1.11965	 -0.0325046	 -3.17272	 -0.25173
172.12	 1.58377	 -0.104171	 -1.15151	 -0.0239882	 -3.18373	 -0.24987
172.14	 1.57405	 -0.0984468	 -1.18479	 -0.0143956	 -3.19554	 -0.247565
172.16	 1.56353	 -0.0925468	 -1.21946	 -0.00377169	 -3.2081	 -0.244826
172.18	 1.55221	 -0.0864789	 -1.25548	 0.00783575	 -3.2214	 -0.241666
172.2	 1.5401	 -0.0802489	 -1.29283	 0.0203757	 -3.2354	 -0.238102
172.22	 1.52721	 -0.0738608	 -1.33146	 0.0337938	 -3.25008	 -0.234159
172.24	 1.51354	 -0.0673186	 -1.37134	 0.0480325	 -3.2654	 -0.229862
172.26	 1.49912	 -0.0606298	 -1.41243	 0.0630317	 -3.28134	 -0.225227
172.28	 1.48394	 -0.0538078	 -1.4547	 0.0787305	 -3.29789	 -0.220263
172.3	 1.46801	 -0.0468687	 -1.4981	 0.0950678	 -3.315	 -0.214973
172.32	 1.45135	 -0.0398297	 -1.5426	 0.111983	 -3.33267	 -0.209362
172.34	 1.43397	 -0.032708	 -1.58816	 0.129416	 -3.35086	 -0.203435
172.36	 1.41588	 -0.0255198	 -1.63473	 0.147303	 -3.36955	 -0.197202
172.38	 1.39709	 -0.0182806	 -1.68226	 0.165581	 -3.38869	 -0.190674
172.4	 1.3776	 -0.0110052	 -1.7307	 0.184182	 -3.40825	 -0.183864
172.42	 1.35744	 -0.00370829	 -1.78	 0.203038	 -3.42818	 -0.176782
172.44	 1.3366	 0.00359512	 -1.83011	 0.222078	 -3.44845	 -0.169442
172.46	 1.31512	 0.0108898	 -1.88097	 0.241231	 -3.46902	 -0.161855
172.48	 1.29299	 0.0181647	 -1.93253	 0.260426	 -3.48984	 -0.154041
172.5	 1.27024	 0.0254136	 -1.98473	 0.27959	 -3.51088	 -0.146032
172.52	 1.24687	 0.032632	 -2.03753	 0.298649	 -3.53213	 -0.137862
172.54	 1.22291	 0.0398154	 -2.09087	 0.317527	 -3.55353	 -0.129563
172.56	 1.19837	 0.0469589	 -2.14471	 0.336149	 -3.57507	 -0.121168
172.58	 1.17327	 0.0540565	 -2.19898	 0.354439	 -3.59671	 -0.112706
172.6	 1.14762	 0.0611012	 -2.25364	 0.372323	 -3.61841	 -0.104206
172.62	 1.12144	 0.0680816	 -2.30862	 0.389728	 -3.64013	 -0.0956849
172.64	 1.09474	 0.0749871	 -2.36388	 0.406586	 -3.66183	 -0.0871662
172.66	 1.06755	 0.081805	 -2.41935	 0.422826	 -3.68349	 -0.0786665
172.68	 1.03987	 0.0885242	 -2.47498	 0.438383	 -3.70506	 -0.0702064
172.7	 1.01173	 0.0951343	 -2.53072	 0.453187	 -3.7265	 -0.0618073
172.72	 0.983146	 0.101634	 -2.58649	 0.46723	 -3.74776	 -0.0534877
172.74	 0.954129	 0.108027	 -2.64226	 0.480516	 -3.7688	 -0.0452656
172.76	 0.924697	 0.114317	 -2.69795	 0.493032	 -3.78957	 -0.0371593
172.78	 0.894869	 0.120505	 -2.75353	 0.504768	 -3.81001	 -0.0291863
172.8	 0.86466	 0.126595	 -2.80893	 0.515713	 -3.83008	 -0.0213635
172.82	 0.834087	 0.132588	 -2.86409	 0.525862	 -3.84972	 -0.0137078
172.84	 0.803168	 0.138487	 -2.91896	 0.535215	 -3.86889	 -0.00623624
172.86	 0.771919	 0.144293	 -2.9735	 0.543771	 -3.88753	 0.00103299
172.88	 0.74035	 0.15001	 -3.02764	 0.551532	 -3.90562	 0.00807633
172.9	 0.708469	 0.155643	 -3.08135	 0.558503	 -3.92316	 0.0148679
172.92	 0.676284	 0.161201	 -3.1346	 0.564689	 -3.94013	 0.0213784
172.94	 0.643804	 0.166688	 -3.18735	 0.570086	 -3.95653	 0.0275854
172.96	 0.611037	 0.172109	 -3.23956	 0.574696	 -3.97235	 0.0334646
172.98	 0.577991	 0.177464	 -3.2912	 0.578486	 -3.98757	 0.0389989
173	 0.544676	 0.182753	 -3.34223	 0.58143	 -4.00217	 0.0441679
173.02	 0.511099	 0.187975	 -3.39261	 0.583504	 -4.01612	 0.0489601
173.04	 0.477268	 0.193125	 -3.44231	 0.584687	 -4.02942	 0.0533648
173.06	 0.443182	 0.198205	 -3.49131	 0.585007	 -4.04206	 0.0573954
173.08	 0.408843	 0.203213	 -3.53957	 0.584479	 -4.05402	 0.0610725
173.1	 0.374249	 0.208146	 -3.58708	 0.583112	 -4.06527	 0.0644171
173.12	 0.339402	 0.213006	 -3.6338	 0.580911	 -4.0758	 0.0674486
173.14	 0.304304	 0.217794	 -3.67972	 0.577886	 -4.08559	 0.070183
173.16	 0.268959	 0.22251	 -3.7248	 0.574051	 -4.09461	 0.0726328
173.18	 0.233371	 0.227156	 -3.76903	 0.569422	 -4.10285	 0.0748089
173.2	 0.197544	 0.231733	 -3.81237	 0.564016	 -4.11028	 0.0767222
173.22	 0.161484	 0.236242	 -3.8548	 0.557853	 -4.11688	 0.0783847
173.24	 0.125195	 0.240683	 -3.8963	 0.55095	 -4.12265	 0.0798086
173.26	 0.0886817	 0.245053	 -3.93683	 0.543299	 -4.12755	 0.0810064
173.28	 0.0519487	 0.249353	 -3.97639	 0.53493	 -4.13158	 0.0819926
173.3	 0.0150012	 0.253583	 -4.01494	 0.525841	 -4.13471	 0.0827801
173.32	 -0.0221559	 0.257744	 -4.05246	 0.516078	 -4.13693	 0.0833825
173.34	 -0.0595171	 0.261839	 -4.08895	 0.505652	 -4.13823	 0.083811
173.36	 -0.0970768	 0.265871	 -4.12437	 0.494597	 -4.13858	 0.084077
173.38	 -0.134829	 0.269838	 -4.15871	 0.482918	 -4.13797	 0.0841915
173.4	 -0.172766	 0.273743	 -4.19194	 0.470638	 -4.13638	 0.0841666
173.42	 -0.210883	 0.277586	 -4.22407	 0.457769	 -4.1338	 0.0840137
173.44	 -0.249172	 0.281366	 -4.25505	 0.444336	 -4.13021	 0.0837446
173.46	 -0.287626	 0.285086	 -4.28489	 0.430359	 -4.12559	 0.0833699
173.48	 -0.326238	 0.288746	 -4.31356	 0.415863	 -4.11993	 0.0829001
173.5	 -0.365	 0.292348	 -4.34105	 0.400868	 -4.11321	 0.0823451
173.52	 -0.403904	 0.295893	 -4.36735	 0.385398	 -4.10541	 0.0817146
173.54	 -0.442943	 0.299382	 -4.39244	 0.369472	 -4.09653	 0.081018
173.56	 -0.482108	 0.302817	 -4.41632	 0.353112	 -4.08654	 0.0802645
173.58	 -0.52139	 0.306199	 -4.43897	 0.336341	 -4.07543	 0.079463
173.6	 -0.560781	 0.30953	 -4.46038	 0.319187	 -4.06319	 0.0786219
173.62	 -0.60027	 0.312811	 -4.48055	 0.301669	 -4.0498	 0.0777491
173.64	 -0.639849	 0.316044	 -4.49946	 0.283809	 -4.03525	 0.0768522
173.66	 -0.679507	 0.319228	 -4.51711	 0.265626	 -4.01952	 0.0759389
173.68	 -0.719236	 0.322366	 -4.5335	 0.247142	 -4.00259	 0.0750164
173.7	 -0.759023	 0.325459	 -4.54861	 0.228378	 -3.98446	 0.0740914
173.72	 -0.79886	 0.328507	 -4.56244	 0.209358	 -3.96511	 0.07317
173.74	 -0.838733	 0.331514	 -4.575	 0.190103	 -3.94452	 0.0722581
173.76	 -0.878634	 0.334479	 -4.58627	 0.170639	 -3.92269	 0.0713623
173.78	 -0.918548	 0.337405	 -4.59626	 0.150982	 -3.89959	 0.0704869
173.8	 -0.958465	 0.340292	 -4.60496	 0.131152	 -3.87523	 0.0696364
173.82	 -0.998373	 0.343142	 -4.61238	 0.111174	 -3.84957	 0.0688148
173.84	 -1.03826	 0.345955	 -4.61852	 0.0910571	 -3.82262	 0.0680237
173.86	 -1.07811	 0.348733	 -4.62337	 0.0708252	 -3.79435	 0.0672665
173.88	 -1.11791	 0.351477	 -4.62695	 0.0504925	 -3.76476	 0.0665445
173.9	 -1.15765	 0.354187	 -4.62926	 0.0300759	 -3.73383	 0.0658588
173.92	 -1.19731	 0.356865	 -4.63029	 0.00958772	 -3.70155	 0.0652094
173.94	 -1.23689	 0.35951	 -4.63007	 -0.010956	 -3.66791	 0.0645963
173.96	 -1.27636	 0.362124	 -4.62859	 -0.0315412	 -3.63289	 0.0640186
173.98	 -1.31571	 0.364707	 -4.62587	 -0.0521559	 -3.59649	 0.0634751
174	 -1.35492	 0.36726	 -4.62191	 -0.072789	 -3.55869	 0.0629635
174.02	 -1.39399	 0.369783	 -4.61672	 -0.0934302	 -3.51948	 0.0624816
174.04	 -1.43289	 0.372276	 -4.61031	 -0.114068	 -3.47886	 0.0620273
174.06	 -1.4716	 0.37474	 -4.6027	 -0.134691	 -3.43681	 0.0615987
174.08	 -1.51011	 0.377174	 -4.5939	 -0.155287	 -3.39333	 0.0611944
174.1	 -1.54841	 0.37958	 -4.58392	 -0.175844	 -3.34841	 0.0608136
174.12	 -1.58647	 0.381957	 -4.57278	 -0.19635	 -3.30204	 0.0604557
174.14	 -1.62428	 0.384305	 -4.56049	 -0.216792	 -3.25423	 0.0601205
174.16	 -1.66182	 0.386626	 -4.54706	 -0.237156	 -3.20496	 0.059808
174.18	 -1.69907	 0.388918	 -4.53253	 -0.257428	 -3.15425	 0.0595183
174.2	 -1.73601	 0.391183	 -4.5169	 -0.277597	 -3.10208	 0.0592516
174.22	 -1.77263	 0.393419	 -4.50019	 -0.297647	 -3.04846	 0.0590081
174.24	 -1.8089	 0.395628	 -4.48242	 -0.317564	 -2.99339	 0.0587882
174.26	 -1.84481	 0.39781	 -4.46362	 -0.337335	 -2.93687	 0.0585923
174.28	 -1.88033	 0.399963	 -4.4438	 -0.356947	 -2.87891	 0.0584209
174.3	 -1.91545	 0.402089	 -4.42299	 -0.376384	 -2.81952	 0.0582749
174.32	 -1.95015	 0.404187	 -4.40121	 -0.395632	 -2.7587	 0.0581552
174.34	 -1.98441	 0.406256	 -4.37849	 -0.414679	 -2.69647	 0.0580627
174.36	 -2.0182	 0.408297	 -4.35484	 -0.433511	 -2.63284	 0.0579986
174.38	 -2.0515	 0.41031	 -4.3303	 -0.452113	 -2.56781	 0.0579643
174.4	 -2.08431	 0.412293	 -4.30488	 -0.470472	 -2.50142	 0.0579611
174.42	 -2.11659	 0.414247	 -4.27862	 -0.488574	 -2.43367	 0.0579906
174.44	 -2.14832	 0.416171	 -4.25155	 -0.506406	 -2.36459	 0.0580545
174.46	 -2.17949	 0.418065	 -4.22368	 -0.523955	 -2.2942	 0.0581545
174.48	 -2.21008	 0.419928	 -4.19505	 -0.541207	 -2.22252	 0.0582926
174.5	 -2.24006	 0.42176	 -4.1657	 -0.558151	 -2.14959	 0.0584709
174.52	 -2.26941	 0.423559	 -4.13563	 -0.574773	 -2.07543	 0.0586913
174.54	 -2.29812	 0.425327	 -4.1049	 -0.591061	 -2.00008	 0.0589562
174.56	 -2.32616	 0.427061	 -4.07351	 -0.607004	 -1.92357	 0.0592678
174.58	 -2.35352	 0.428761	 -4.04152	 -0.622589	 -1.84593	 0.0596285
174.6	 -2.38017	 0.430427	 -4.00895	 -0.637807	 -1.76721	 0.0600408
174.62	 -2.4061	 0.432057	 -3.97582	 -0.652646	 -1.68745	 0.0605071
174.64	 -2.43128	 0.433652	 -3.94218	 -0.667096	 -1.6067	 0.06103
174.66	 -2.45569	 0.435209	 -3.90805	 -0.681148	 -1.52499	 0.0616121
174.68	 -2.47932	 0.43673	 -3.87347	 -0.69479	 -1.44238	 0.0622558
174.7	 -2.50215	 0.438212	 -3.83847	 -0.708015	 -1.35893	 0.0629638
174.72	 -2.52416	 0.439655	 -3.80308	 -0.720813	 -1.27467	 0.0637385
174.74	 -2.54533	 0.441059	 -3.76733	 -0.733176	 -1.18966	 0.0645824
174.76	 -2.56564	 0.442422	 -3.73126	 -0.745094	 -1.10396	 0.0654976
174.78	 -2.58508	 0.443745	 -3.6949	 -0.756559	 -1.01762	 0.0664866
174.8	 -2.60363	 0.445026	 -3.65828	 -0.767564	 -0.930705	 0.0675513
174.82	 -2.62127	 0.446266	 -3.62144	 -0.778099	 -0.843261	 0.0686936
174.84	 -2.63798	 0.447465	 -3.58441	 -0.788159	 -0.755349	 0.0699152
174.86	 -2.65376	 0.448621	 -3.54723	 -0.797734	 -0.667029	 0.0712178
174.88	 -2.66859	 0.449734	 -3.50991	 -0.80682	 -0.578358	 0.0726027
174.9	 -2.68244	 0.450806	 -3.47251	 -0.81541	 -0.489397	 0.0740709
174.92	 -2.69532	 0.451835	 -3.43504	 -0.823497	 -0.400206	 0.0756234
174.94	 -2.7072	 0.452823	 -3.39754	 -0.831077	 -0.310846	 0.0772607
174.96	 -2.71808	 0.453768	 -3.36005	 -0.838145	 -0.221378	 0.0789832
174.98	 -2.72793	 0.454672	 -3.32259	 -0.844698	 -0.131864	 0.0807909
175	 -2.73676	 0.455536	 -3.28519	 -0.850732	 -0.0423664	 0.0826837
175.02	 -2.74454	 0.456359	 -3.2479	 -0.856243	 0.0470518	 0.084661
175.04	 -2.75127	 0.457142	 -3.21072	 -0.86123	 0.136328	 0.0867219
175.06	 -2.75694	 0.457888	 -3.1737	 -0.86569	 0.225399	 0.0888652
175.08	 -2.76154	 0.458596	 -3.13687	 -0.869623	 0.314202	 0.0910894
175.1	 -2.76507	 0.459267	 -3.10025	 -0.873026	 0.402675	 0.0933926
175.12	 -2.7675	 0.459905	 -3.06387	 -0.8759	 0.490754	 0.0957726
175.14	 -2.76885	 0.460509	 -3.02776	 -0.878243	 0.578377	 0.0982267
175.16	 -2.7691	 0.461082	 -2.99195	 -0.880058	 0.665483	 0.100752
175.18	 -2.76824	 0.461626	 -2.95645	 -0.881343	 0.75201	 0.103345
175.2	 -2.76628	 0.462144	 -2.92131	 -0.8821	 0.837897	 0.106003
175.22	 -2.7632	 0.462636	 -2.88653	 -0.882331	 0.923086	 0.108721
175.24	 -2.75901	 0.463107	 -2.85214	 -0.882037	 1.00752	 0.111494
175.26	 -2.7537	 0.463558	 -2.81817	 -0.881222	 1.09113	 0.114319
175.28	 -2.74728	 0.463992	 -2.78464	 -0.87989	 1.17387	 0.11719
175.3	 -2.73974	 0.464413	 -2.75157	 -0.878044	 1.25568	 0.120102
175.32	 -2.73107	 0.464822	 -2.71898	 -0.875689	 1.33651	 0.123049
175.34	 -2.72129	 0.465224	 -2.68688	 -0.872829	 1.4163	 0.126025
175.36	 -2.71039	 0.465622	 -2.65529	 -0.869468	 1.495	 0.129025
175.38	 -2.69838	 0.466019	 -2.62424	 -0.865611	 1.57256	 0.132042
175.4	 -2.68526	 0.466419	 -2.59373	 -0.861264	 1.64893	 0.135069
175.42	 -2.67103	 0.466826	 -2.56378	 -0.856433	 1.72406	 0.138099
175.44	 -2.65569	 0.467242	 -2.5344	 -0.851125	 1.79791	 0.141126
175.46	 -2.63926	 0.467672	 -2.5056	 -0.845348	 1.87044	 0.144141
175.48	 -2.62174	 0.468119	 -2.4774	 -0.839108	 1.94159	 0.147139
175.5	 -2.60314	 0.468587	 -2.44981	 -0.832413	 2.01134	 0.150112
175.52	 -2.58345	 0.46908	 -2.42282	 -0.82527	 2.07964	 0.153054
175.54	 -2.5627	 0.4696	 -2.39646	 -0.817687	 2.14646	 0.155955
175.56	 -2.54089	 0.470153	 -2.37071	 -0.809673	 2.21176	 0.15881
175.58	 -2.51803	 0.470741	 -2.3456	 -0.801237	 2.27552	 0.161611
175.6	 -2.49413	 0.471368	 -2.32111	 -0.792387	 2.33769	 0.164352
175.62	 -2.46919	 0.472038	 -2.29726	 -0.783134	 2.39826	 0.167024
175.64	 -2.44325	 0.472753	 -2.27404	 -0.773487	 2.4572	 0.169622
175.66	 -2.41629	 0.473516	 -2.25145	 -0.763456	 2.51449	 0.17214
175.68	 -2.38834	 0.47433	 -2.22948	 -0.753051	 2.5701	 0.17457
175.7	 -2.35941	 0.475198	 -2.20814	 -0.742283	 2.62402	 0.176908
175.72	 -2.32952	 0.476122	 -2.18742	 -0.731164	 2.67624	 0.179147
175.74	 -2.29868	 0.477104	 -2.16731	 -0.719704	 2.72673	 0.181284
175.76	 -2.26689	 0.478146	 -2.1478	 -0.707914	 2.7755	 0.183313
175.78	 -2.23419	 0.479248	 -2.12889	 -0.695807	 2.82252	 0.185231
175.8	 -2.20059	 0.480413	 -2.11057	 -0.683394	 2.8678	 0.187033
175.82	 -2.16609	 0.481641	 -2.09281	 -0.670688	 2.91133	 0.188717
175.84	 -2.13072	 0.482932	 -2.07562	 -0.6577	 2.95311	 0.190281
175.86	 -2.0945	 0.484286	 -2.05897	 -0.644443	 2.99315	 0.191721
175.88	 -2.05745	 0.485704	 -2.04285	 -0.630928	 3.03143	 0.193038
175.9	 -2.01957	 0.487184	 -2.02725	 -0.617168	 3.06798	 0.19423
175.92	 -1.9809	 0.488727	 -2.01214	 -0.603174	 3.1028	 0.195296
175.94	 -1.94145	 0.49033	 -1.99751	 -0.588958	 3.1359	 0.196238
175.96	 -1.90124	 0.491992	 -1.98333	 -0.574532	 3.16729	 0.197056
175.98	 -1.86029	 0.493712	 -1.9696	 -0.559906	 3.19699	 0.197752
176	 -1.81862	 0.495487	 -1.95628	 -0.545093	 3.22502	 0.198328
176.02	 -1.77626	 0.497315	 -1.94335	 -0.530103	 3.25138	 0.198787
176.04	 -1.73322	 0.499192	 -1.93079	 -0.514947	 3.27611	 0.199132
176.06	 -1.68952	 0.501117	 -1.91858	 -0.499636	 3.29923	 0.199368
176.08	 -1.64518	 0.503085	 -1.90669	 -0.484181	 3.32076	 0.199498
176.1	 -1.60024	 0.505092	 -1.89509	 -0.468593	 3.34073	 0.199529
176.12	 -1.55471	 0.507135	 -1.88375	 -0.452881	 3.35916	 0.199465
176.14	 -1.50861	 0.509208	 -1.87266	 -0.437058	 3.37609	 0.199314
176.16	 -1.46196	 0.511308	 -1.86178	 -0.421133	 3.39154	 0.199082
176.18	 -1.4148	 0.513429	 -1.85108	 -0.405117	 3.40556	 0.198775
176.2	 -1.36714	 0.515565	 -1.84053	 -0.38902	 3.41817	 0.198403
176.22	 -1.319	 0.517711	 -1.83011	 -0.372854	 3.42941	 0.197973
176.24	 -1.27042	 0.519861	 -1.81978	 -0.356628	 3.43932	 0.197494
176.26	 -1.2214	 0.522009	 -1.80952	 -0.340355	 3.44793	 0.196975
176.28	 -1.17198	 0.524148	 -1.79928	 -0.324044	 3.45529	 0.196425
176.3	 -1.12219	 0.526271	 -1.78905	 -0.307706	 3.46143	 0.195855
176.32	 -1.07204	 0.528372	 -1.77879	 -0.291354	 3.4664	 0.195275
176.34	 -1.02155	 0.530443	 -1.76846	 -0.274998	 3.47025	 0.194696
176.36	 -0.970759	 0.532476	 -1.75804	 -0.258651	 3.473	 0.194127
176.38	 -0.919683	 0.534465	 -1.74749	 -0.242323	 3.47472	 0.19358
176.4	 -0.868347	 0.5364	 -1.73679	 -0.226029	 3.47544	 0.193066
176.42	 -0.816774	 0.538274	 -1.72589	 -0.209779	 3.47521	 0.192597
176.44	 -0.764988	 0.54008	 -1.71477	 -0.193588	 3.47407	 0.192183
176.46	 -0.713013	 0.541807	 -1.70339	 -0.177469	 3.47207	 0.191836
176.48	 -0.660872	 0.543449	 -1.69173	 -0.161435	 3.46926	 0.191567
176.5	 -0.608587	 0.544996	 -1.67974	 -0.145499	 3.46569	 0.191389
176.52	 -0.556183	 0.54644	 -1.66741	 -0.129678	 3.46139	 0.191311
176.54	 -0.503674	 0.547772	 -1.6547	 -0.113948	 3.45642	 0.191358
176.56	 -0.45106	 0.548979	 -1.6416	 -0.0983324	 3.45078	 0.191547
176.58	 -0.398334	 0.550053	 -1.62809	 -0.0828544	 3.44452	 0.19189
176.6	 -0.345489	 0.550982	 -1.61417	 -0.067532	 3.43765	 0.192395
176.62	 -0.292518	 0.55176	 -1.59982	 -0.0523839	 3.43022	 0.193071
176.64	 -0.239416	 0.552375	 -1.58504	 -0.0374299	 3.42225	 0.193926
176.66	 -0.186182	 0.55282	 -1.56981	 -0.0226911	 3.4138	 0.194968
176.68	 -0.132818	 0.553083	 -1.55411	 -0.00818919	 3.40488	 0.196209
176.7	 -0.0793262	 0.553156	 -1.53795	 0.00605356	 3.39554	 0.197658
176.72	 -0.0257094	 0.553024	 -1.5213	 0.0200153	 3.38579	 0.199329
176.74	 0.0280314	 0.552678	 -1.50416	 0.0336732	 3.37565	 0.201231
176.76	 0.0818933	 0.552105	 -1.48653	 0.0470058	 3.36515	 0.203381
176.78	 0.135876	 0.551294	 -1.46839	 0.0599904	 3.3543	 0.205786
176.8	 0.189978	 0.550232	 -1.44976	 0.0726046	 3.34311	 0.208457
176.82	 0.244199	 0.548909	 -1.43062	 0.0848244	 3.33161	 0.211403
176.84	 0.298536	 0.547313	 -1.41098	 0.096626	 3.31982	 0.214634
176.86	 0.352986	 0.545434	 -1.39083	 0.107985	 3.30776	 0.218159
176.88	 0.407546	 0.543259	 -1.37018	 0.118878	 3.29543	 0.221986
176.9	 0.462208	 0.540776	 -1.34904	 0.12928	 3.28285	 0.226127
176.92	 0.516964	 0.537977	 -1.3274	 0.139166	 3.27001	 0.230584
176.94	 0.571805	 0.53485	 -1.3053	 0.148512	 3.25689	 0.235366
176.96	 0.626717	 0.531385	 -1.28274	 0.157293	 3.24347	 0.240476
176.98	 0.681686	 0.527575	 -1.25976	 0.165484	 3.22971	 0.245915
177	 0.736695	 0.523412	 -1.23639	 0.173059	 3.21557	 0.251683
177.02	 0.791727	 0.51889	 -1.21266	 0.179992	 3.201	 0.257777
177.04	 0.846761	 0.514002	 -1.1886	 0.186257	 3.18595	 0.264195
177.06	 0.901778	 0.508742	 -1.16424	 0.19183	 3.17038	 0.270933
177.08	 0.956758	 0.503105	 -1.13963	 0.196686	 3.15424	 0.277989
177.1	 1.01168	 0.497084	 -1.11478	 0.200799	 3.13749	 0.285358
177.12	 1.06652	 0.490675	 -1.08974	 0.204144	 3.12007	 0.293035
177.14	 1.12126	 0.483872	 -1.06454	 0.206697	 3.10194	 0.301011
177.16	 1.17587	 0.476674	 -1.03923	 0.208445	 3.08305	 0.309277
177.18	 1.23034	 0.469079	 -1.01383	 0.209358	 3.06333	 0.317821
177.2	 1.28464	 0.461085	 -0.988388	 0.209418	 3.04272	 0.326631
177.22	 1.33875	 0.452693	 -0.962952	 0.208596	 3.02117	 0.335691
177.24	 1.39265	 0.443901	 -0.937563	 0.206867	 2.99862	 0.344983
177.26	 1.44632	 0.434714	 -0.912267	 0.204215	 2.97499	 0.35449
177.28	 1.49972	 0.425132	 -0.887106	 0.200618	 2.95024	 0.364192
177.3	 1.55286	 0.415159	 -0.862124	 0.196058	 2.9243	 0.374067
177.32	 1.60569	 0.4048	 -0.837364	 0.190513	 2.89711	 0.384093
177.34	 1.65821	 0.394059	 -0.812867	 0.183967	 2.86863	 0.394244
177.36	 1.71039	 0.382944	 -0.788674	 0.176403	 2.83881	 0.404495
177.38	 1.76222	 0.371461	 -0.764826	 0.167807	 2.80759	 0.414819
177.4	 1.81367	 0.359619	 -0.741363	 0.158166	 2.77492	 0.425189
177.42	 1.86472	 0.347425	 -0.718326	 0.147469	 2.74075	 0.435576
177.44	 1.91536	 0.334888	 -0.695754	 0.135709	 2.70504	 0.445951
177.46	 1.96556	 0.32202	 -0.673685	 0.12288	 2.66775	 0.456285
177.48	 2.01531	 0.30883	 -0.652157	 0.108978	 2.62884	 0.466549
177.5	 2.06459	 0.295331	 -0.631205	 0.0940053	 2.58826	 0.47671
177.52	 2.11337	 0.281536	 -0.610861	 0.0779636	 2.54601	 0.486737
177.54	 2.16166	 0.26746	 -0.591158	 0.0608596	 2.50203	 0.496597
177.56	 2.20941	 0.253117	 -0.572125	 0.0427034	 2.45632	 0.506256
177.58	 2.25663	 0.238524	 -0.553792	 0.0235087	 2.40885	 0.515681
177.6	 2.30328	 0.223698	 -0.536186	 0.00329303	 2.35961	 0.524839
177.62	 2.34936	 0.208657	 -0.519331	 -0.0179217	 2.30858	 0.533698
177.64	 2.39485	 0.193418	 -0.503252	 -0.0401096	 2.25576	 0.542225
177.66	 2.43973	 0.178002	 -0.487971	 -0.0632405	 2.20114	 0.550389
177.68	 2.48399	 0.162428	 -0.473508	 -0.0872799	 2.14472	 0.558157
177.7	 2.52761	 0.146717	 -0.45988	 -0.112189	 2.08651	 0.565501
177.72	 2.57057	 0.13089	 -0.447106	 -0.137926	 2.02652	 0.57239
177.74	 2.61287	 0.114967	 -0.435198	 -0.164444	 1.96475	 0.578796
177.76	 2.65448	 0.0989722	 -0.42417	 -0.191692	 1.90124	 0.584693
177.78	 2.69539	 0.0829261	 -0.414032	 -0.219614	 1.83599	 0.590056
177.8	 2.73559	 0.066852	 -0.404793	 -0.248153	 1.76904	 0.59486
177.82	 2.77507	 0.0507728	 -0.396458	 -0.277247	 1.70041	 0.599083
177.84	 2.8138	 0.0347121	 -0.389032	 -0.306829	 1.63015	 0.602704
177.86	 2.85178	 0.0186934	 -0.382516	 -0.336831	 1.5583	 0.605703
177.88	 2.88899	 0.00274029	 -0.376911	 -0.367181	 1.4849	 0.608062
177.9	 2.92542	 -0.0131235	 -0.372214	 -0.397803	 1.41	 0.609766
177.92	 2.96105	 -0.028875	 -0.368422	 -0.428621	 1.33366	 0.610801
177.94	 2.99588	 -0.0444956	 -0.365531	 -0.459553	 1.25593	 0.611165
177.96	 3.02989	 -0.0599674	 -0.363539	 -0.490514	 1.17686	 0.610859
177.98	 3.06306	 -0.0752733	 -0.36244	 -0.521416	 1.09652	 0.609886
178	 3.0954	 -0.0903966	 -0.362229	 -0.552172	 1.01495	 0.608249
178.02	 3.12688	 -0.10532	 -0.362896	 -0.58269	 0.932239	 0.605955
178.04	 3.15749	 -0.120026	 -0.36443	 -0.612881	 0.848446	 0.603009
178.06	 3.18722	 -0.134497	 -0.366818	 -0.642644	 0.763656	 0.599417
178.08	 3.21607	 -0.148716	 -0.370043	 -0.671902	 0.677947	 0.595191
178.1	 3.24401	 -0.162666	 -0.374088	 -0.700561	 0.591404	 0.59034
178.12	 3.27104	 -0.176331	 -0.378933	 -0.728535	 0.504117	 0.58488
178.14	 3.29714	 -0.189697	 -0.384557	 -0.755731	 0.416176	 0.578824
178.16	 3.3223	 -0.202747	 -0.390936	 -0.782063	 0.327677	 0.57219
178.18	 3.34652	 -0.215469	 -0.398046	 -0.807439	 0.238719	 0.564996
178.2	 3.36977	 -0.227848	 -0.405862	 -0.831779	 0.1494	 0.55726
178.22	 3.39206	 -0.239873	 -0.414355	 -0.854997	 0.059823	 0.549005
178.24	 3.41335	 -0.25153	 -0.423496	 -0.877012	 -0.0299057	 0.540251
178.26	 3.43366	 -0.262809	 -0.433255	 -0.897742	 -0.119679	 0.531022
178.28	 3.45296	 -0.273698	 -0.443599	 -0.91711	 -0.209387	 0.521343
178.3	 3.47124	 -0.284188	 -0.454495	 -0.935038	 -0.298919	 0.511237
178.32	 3.4885	 -0.294268	 -0.465906	 -0.951454	 -0.388161	 0.50073
178.34	 3.50472	 -0.30393	 -0.477799	 -0.966285	 -0.476998	 0.489851
178.36	 3.51988	 -0.313165	 -0.490134	 -0.979461	 -0.565316	 0.478624
178.38	 3.53399	 -0.321965	 -0.502873	 -0.990916	 -0.652998	 0.467079
178.4	 3.54703	 -0.330324	 -0.515977	 -1.00058	 -0.739929	 0.455244
178.42	 3.55898	 -0.338233	 -0.529406	 -1.00841	 -0.825993	 0.443146
178.44	 3.56985	 -0.345689	 -0.543119	 -1.01432	 -0.911073	 0.430814
178.46	 3.57962	 -0.352683	 -0.557073	 -1.01827	 -0.995055	 0.418278
178.48	 3.58827	 -0.359213	 -0.571227	 -1.02021	 -1.07782	 0.405565
178.5	 3.59581	 -0.365273	 -0.585536	 -1.02008	 -1.15926	 0.392706
178.52	 3.60222	 -0.370859	 -0.599958	 -1.01783	 -1.23927	 0.379729
178.54	 3.60749	 -0.375968	 -0.614447	 -1.01342	 -1.31771	 0.366663
178.56	 3.61162	 -0.380597	 -0.62896	 -1.00682	 -1.3945	 0.353535
178.58	 3.61459	 -0.384745	 -0.643451	 -0.997973	 -1.46952	 0.340374
178.6	 3.6164	 -0.388408	 -0.657876	 -0.986859	 -1.54266	 0.327208
178.62	 3.61704	 -0.391588	 -0.672188	 -0.97345	 -1.61382	 0.314063
178.64	 3.61651	 -0.394282	 -0.686343	 -0.95772	 -1.68291	 0.300968
178.66	 3.61479	 -0.396491	 -0.700296	 -0.939648	 -1.74983	 0.287947
178.68	 3.61188	 -0.398216	 -0.714	 -0.919216	 -1.81448	 0.275026
178.7	 3.60778	 -0.399458	 -0.727411	 -0.896411	 -1.87678	 0.262229
178.72	 3.60247	 -0.400218	 -0.740483	 -0.871223	 -1.93662	 0.24958
178.74	 3.59596	 -0.400499	 -0.753172	 -0.84365	 -1.99394	 0.237102
178.76	 3.58823	 -0.400302	 -0.765433	 -0.813689	 -2.04865	 0.224817
178.78	 3.57929	 -0.399632	 -0.777223	 -0.78135	 -2.10067	 0.212745
178.8	 3.56912	 -0.398492	 -0.788498	 -0.746643	 -2.14992	 0.200907
178.82	 3.55773	 -0.396887	 -0.799215	 -0.709587	 -2.19635	 0.189322
178.84	 3.5451	 -0.394822	 -0.809332	 -0.670206	 -2.23987	 0.178008
178.86	 3.53125	 -0.392303	 -0.818807	 -0.628531	 -2.28043	 0.166981
178.88	 3.51615	 -0.389335	 -0.8276	 -0.584597	 -2.31797	 0.156258
178.9	 3.49983	 -0.385926	 -0.835671	 -0.538446	 -2.35243	 0.145853
178.92	 3.48226	 -0.38208	 -0.842982	 -0.490126	 -2.38377	 0.135775
178.94	 3.46346	 -0.377806	 -0.849496	 -0.439689	 -2.41193	 0.126035
178.96	 3.44343	 -0.373103	 -0.855181	 -0.387194	 -2.43689	 0.116628
178.98	 3.42216	 -0.367973	 -0.860007	 -0.332707	 -2.45862	 0.107552
179	 3.39967	 -0.362419	 -0.863944	 -0.276298	 -2.4771	 0.0987998
179.02	 3.37595	 -0.356442	 -0.866966	 -0.218044	 -2.49231	 0.0903674
179.04	 3.35102	 -0.350047	 -0.869044	 -0.158023	 -2.50424	 0.0822499
179.06	 3.32487	 -0.34324	 -0.870153	 -0.0963195	 -2.51288	 0.0744431
179.08	 3.29752	 -0.336026	 -0.870265	 -0.0330193	 -2.51823	 0.0669423
179.1	 3.26897	 -0.328414	 -0.869356	 0.0317875	 -2.52028	 0.0597418
179.12	 3.23923	 -0.320412	 -0.8674	 0.098007	 -2.51903	 0.0528349
179.14	 3.20831	 -0.312026	 -0.864376	 0.165541	 -2.51449	 0.0462134
179.16	 3.17622	 -0.303267	 -0.86026	 0.234287	 -2.50668	 0.0398686
179.18	 3.14296	 -0.294144	 -0.855033	 0.304138	 -2.49561	 0.0337907
179.2	 3.10855	 -0.284667	 -0.848677	 0.374983	 -2.4813	 0.0279698
179.22	 3.07301	 -0.274846	 -0.841174	 0.446708	 -2.46378	 0.0223951
179.24	 3.03633	 -0.264692	 -0.832509	 0.519195	 -2.44307	 0.0170555
179.26	 2.99854	 -0.254219	 -0.822666	 0.592323	 -2.41921	 0.0119393
179.28	 2.95965	 -0.243437	 -0.811634	 0.665967	 -2.39224	 0.00703389
179.3	 2.91967	 -0.232362	 -0.7994	 0.740003	 -2.36219	 0.0023264
179.32	 2.87862	 -0.221006	 -0.785955	 0.8143	 -2.32912	 -0.00219705
179.34	 2.83651	 -0.209382	 -0.771289	 0.88873	 -2.29306	 -0.00655216
179.36	 2.79335	 -0.197507	 -0.755398	 0.963158	 -2.25409	 -0.0107542
179.38	 2.74917	 -0.185394	 -0.738275	 1.03745	 -2.21224	 -0.014817
179.4	 2.70397	 -0.17306	 -0.719916	 1.11147	 -2.16758	 -0.0187549
179.42	 2.65778	 -0.160523	 -0.700319	 1.18509	 -2.12018	 -0.0225826
179.44	 2.61062	 -0.147798	 -0.679483	 1.25816	 -2.07009	 -0.0263158
179.46	 2.56249	 -0.134903	 -0.657411	 1.33056	 -2.0174	 -0.0299721
179.48	 2.51342	 -0.121855	 -0.634107	 1.40213	 -1.96217	 -0.0335664
179.5	 2.46343	 -0.108672	 -0.609574	 1.47276	 -1.90448	 -0.0371152
179.52	 2.41254	 -0.0953725	 -0.583822	 1.54229	 -1.84441	 -0.0406328
179.54	 2.36075	 -0.0819769	 -0.556858	 1.61059	 -1.78204	 -0.0441341
179.56	 2.30811	 -0.0685049	 -0.528693	 1.67753	 -1.71747	 -0.0476326
179.58	 2.25461	 -0.0549768	 -0.499342	 1.74298	 -1.65077	 -0.0511421
179.6	 2.20029	 -0.0414137	 -0.468817	 1.80679	 -1.58205	 -0.0546755
179.62	 2.14515	 -0.0278371	 -0.437138	 1.86884	 -1.51139	 -0.0582455
179.64	 2.08923	 -0.0142687	 -0.404324	 1.929	 -1.4389	 -0.0618633
179.66	 2.03255	 -0.000730905	 -0.370397	 1.98712	 -1.36467	 -0.06554
179.68	 1.97511	 0.012754	 -0.335381	 2.0431	 -1.2888	 -0.0692854
179.7	 1.91695	 0.0261629	 -0.299304	 2.09681	 -1.21142	 -0.0731088
179.72	 1.85808	 0.0394726	 -0.262193	 2.14811	 -1.13262	 -0.0770184
179.74	 1.79852	 0.0526596	 -0.224081	 2.1969	 -1.05251	 -0.0810219
179.76	 1.7383	 0.0657004	 -0.185002	 2.24304	 -0.971216	 -0.0851263
179.78	 1.67744	 0.0785714	 -0.14499	 2.28644	 -0.888848	 -0.0893379
179.8	 1.61595	 0.0912494	 -0.104087	 2.32697	 -0.805525	 -0.0936624
179.82	 1.55386	 0.103711	 -0.0623309	 2.36452	 -0.721366	 -0.0981052
179.84	 1.49119	 0.115933	 -0.0197669	 2.39899	 -0.636492	 -0.102671
179.86	 1.42796	 0.127892	 0.0235595	 2.43026	 -0.551025	 -0.107365
179.88	 1.3642	 0.139568	 0.0676	 2.45824	 -0.465086	 -0.112191
179.9	 1.29992	 0.150937	 0.112304	 2.48283	 -0.378796	 -0.117154
179.92	 1.23516	 0.161978	 0.157618	 2.50391	 -0.292278	 -0.122259
179.94	 1.16993	 0.172673	 0.203486	 2.52144	 -0.205649	 -0.127511
179.96	 1.10427	 0.183001	 0.249849	 2.5353	 -0.119034	 -0.132915
179.98	 1.03821	 0.192947	 0.296647	 2.54545	 -0.0325505	 -0.138476
180	 0.971762	 0.202491	 0.343814	 2.55181	 0.053675	 -0.1442
180.02	 0.904973	 0.211619	 0.391286	 2.55433	 0.139519	 -0.15009
180.04	 0.837873	 0.220313	 0.438991	 2.55294	 0.224853	 -0.156153
180.06	 0.770497	 0.228562	 0.486859	 2.54761	 0.309549	 -0.162392
180.08	 0.702883	 0.236352	 0.534815	 2.5383	 0.393473	 -0.168811
180.1	 0.635074	 0.243672	 0.582781	 2.52499	 0.47649	 -0.175413
180.12	 0.567112	 0.250511	 0.630678	 2.50765	 0.558462	 -0.182201
180.14	 0.499042	 0.256859	 0.678424	 2.48627	 0.639249	 -0.189175
180.16	 0.430913	 0.262708	 0.725936	 2.46085	 0.718706	 -0.196335
180.18	 0.362772	 0.268052	 0.773129	 2.43139	 0.796691	 -0.20368
180.2	 0.29467	 0.272883	 0.819916	 2.39792	 0.873059	 -0.211205
180.22	 0.226657	 0.277198	 0.866212	 2.36046	 0.947665	 -0.218907
180.24	 0.158785	 0.280991	 0.91193	 2.31905	 1.02036	 -0.226776
180.26	 0.0911063	 0.284261	 0.956984	 2.27374	 1.09102	 -0.234801
180.28	 0.0236718	 0.287003	 1.00129	 2.22457	 1.15948	 -0.24297
180.3	 -0.0434665	 0.289218	 1.04475	 2.17163	 1.22563	 -0.251266
180.32	 -0.110257	 0.290904	 1.0873	 2.11496	 1.28932	 -0.259675
180.34	 -0.17665	 0.292064	 1.12884	 2.05468	 1.35044	 -0.268179
180.36	 -0.242595	 0.292699	 1.1693	 1.99085	 1.40886	 -0.276761
180.38	 -0.308043	 0.292814	 1.20859	 1.92361	 1.46448	 -0.285402
180.4	 -0.372945	 0.292415	 1.24664	 1.85306	 1.51719	 -0.294086
180.42	 -0.437256	 0.29151	 1.28337	 1.77934	 1.56689	 -0.302793
180.44	 -0.500928	 0.290106	 1.31871	 1.70259	 1.61348	 -0.3115
180.46	 -0.563914	 0.288212	 1.35258	 1.62297	 1.65688	 -0.320184
180.48	 -0.626171	 0.285837	 1.38493	 1.54059	 1.697	 -0.328818
180.5	 -0.687652	 0.282989	 1.41567	 1.45563	 1.73376	 -0.337374
180.52	 -0.748313	 0.279679	 1.44476	 1.36823	 1.76709	 -0.345821
180.54	 -0.808112	 0.275919	 1.47213	 1.27855	 1.79691	 -0.354128
180.56	 -0.867007	 0.271722	 1.49771	 1.18679	 1.82317	 -0.362262
180.58	 -0.924957	 0.267103	 1.52147	 1.09311	 1.84583	 -0.370194
180.6	 -0.981923	 0.262076	 1.54335	 0.997727	 1.86485	 -0.377891
180.62	 -1.03787	 0.256657	 1.5633	 0.900829	 1.88019	 -0.385322
180.64	 -1.09275	 0.250863	 1.58128	 0.802621	 1.89184	 -0.392452
180.66	 -1.14653	 0.244711	 1.59725	 0.703303	 1.89976	 -0.399249
180.68	 -1.19917	 0.238217	 1.61118	 0.603073	 1.90394	 -0.405679
180.7	 -1.25064	 0.231398	 1.62303	 0.502133	 1.90434	 -0.411708
180.72	 -1.3009	 0.224274	 1.63277	 0.400689	 1.90097	 -0.417303
180.74	 -1.34991	 0.216864	 1.64039	 0.298955	 1.89381	 -0.422432
180.76	 -1.39764	 0.209187	 1.64585	 0.197145	 1.88289	 -0.427063
180.78	 -1.44407	 0.201263	 1.64915	 0.0954691	 1.86821	 -0.431165
180.8	 -1.48915	 0.193112	 1.65027	 -0.0058619	 1.8498	 -0.434705
180.82	 -1.53286	 0.184755	 1.6492	 -0.10664	 1.8277	 -0.437655
180.84	 -1.57517	 0.176212	 1.64594	 -0.206657	 1.80194	 -0.439983
180.86	 -1.61605	 0.167505	 1.6405	 -0.305702	 1.77256	 -0.441662
180.88	 -1.65547	 0.158655	 1.63287	 -0.403568	 1.73963	 -0.442665
180.9	 -1.69341	 0.149684	 1.62307	 -0.500049	 1.7032	 -0.442969
180.92	 -1.72984	 0.140614	 1.61111	 -0.594948	 1.66335	 -0.44255
180.94	 -1.76474	 0.131465	 1.597	 -0.688073	 1.62015	 -0.441387
180.96	 -1.7981	 0.122259	 1.58078	 -0.779238	 1.57367	 -0.439461
180.98	 -1.82988	 0.113017	 1.56245	 -0.868265	 1.52401	 -0.436755
181	 -1.86006	 0.10376	 1.54206	 -0.95498	 1.47125	 -0.433253
181.02	 -1.88864	 0.0945085	 1.51964	 -1.03921	 1.41549	 -0.428945
181.04	 -1.91558	 0.0852843	 1.49522	 -1.12081	 1.35684	 -0.423821
181.06	 -1.94088	 0.0761074	 1.46885	 -1.1996	 1.2954	 -0.417873
181.08	 -1.96452	 0.0669977	 1.44057	 -1.27546	 1.2313	 -0.411097
181.1	 -1.98649	 0.0579751	 1.41044	 -1.34824	 1.16466	 -0.403491
181.12	 -2.00678	 0.0490591	 1.37851	 -1.41782	 1.0956	 -0.395056
181.14	 -2.02537	 0.0402688	 1.34483	 -1.48407	 1.02426	 -0.385797
181.16	 -2.04226	 0.031623	 1.30948	 -1.54688	 0.950778	 -0.375719
181.18	 -2.05744	 0.0231398	 1.2725	 -1.60615	 0.875294	 -0.364832
181.2	 -2.07091	 0.0148365	 1.23398	 -1.66179	 0.797953	 -0.353148
181.22	 -2.08266	 0.00673013	 1.19398	 -1.7137	 0.718901	 -0.340682
181.24	 -2.09268	 -0.0011632	 1.15257	 -1.76183	 0.638284	 -0.327449
181.26	 -2.10099	 -0.0088278	 1.10984	 -1.80611	 0.556254	 -0.313471
181.28	 -2.10756	 -0.0162482	 1.06584	 -1.84648	 0.472957	 -0.298769
181.3	 -2.11243	 -0.023408	 1.02066	 -1.8829	 0.388527	 -0.283374
181.32	 -2.11558	 -0.0302913	 0.974366	 -1.91533	 0.30309	 -0.267317
181.34	 -2.11705	 -0.0368852	 0.927014	 -1.94377	 0.216751	 -0.250628
181.36	 -2.11684	 -0.0431792	 0.878662	 -1.96819	 0.129606	 -0.233333
181.38	 -2.11498	 -0.0491646	 0.829364	 -1.98859	 0.0417455	 -0.215463
181.4	 -2.11149	 -0.0548339	 0.779179	 -2.00499	 -0.0467378	 -0.197047
181.42	 -2.10639	 -0.0601808	 0.728167	 -2.01739	 -0.135745	 -0.17812
181.44	 -2.09972	 -0.0651992	 0.676393	 -2.02584	 -0.22517	 -0.158715
181.46	 -2.09148	 -0.0698839	 0.623926	 -2.03036	 -0.314903	 -0.138871
181.48	 -2.08171	 -0.0742305	 0.570838	 -2.03101	 -0.404831	 -0.118627
181.5	 -2.07042	 -0.0782354	 0.517202	 -2.02784	 -0.494843	 -0.0980235
181.52	 -2.05766	 -0.0818962	 0.46309	 -2.02094	 -0.584829	 -0.0771013
181.54	 -2.04344	 -0.0852117	 0.408575	 -2.01037	 -0.674682	 -0.0559026
181.56	 -2.02779	 -0.0881819	 0.353729	 -1.99621	 -0.7643	 -0.0344698
181.58	 -2.01075	 -0.0908079	 0.298622	 -1.97857	 -0.853583	 -0.0128459
181.6	 -1.99234	 -0.0930918	 0.243326	 -1.95755	 -0.942432	 0.0089256
181.62	 -1.97261	 -0.0950367	 0.187912	 -1.93324	 -1.03075	 0.0308008
181.64	 -1.95158	 -0.0966467	 0.13245	 -1.90578	 -1.11845	 0.0527357
181.66	 -1.92928	 -0.0979269	 0.0770115	 -1.87527	 -1.20542	 0.0746862
181.68	 -1.90575	 -0.0988831	 0.0216681	 -1.84184	 -1.29159	 0.0966085
181.7	 -1.88103	 -0.0995222	 -0.0335096	 -1.80562	 -1.37685	 0.118459
181.72	 -1.85515	 -0.099852	 -0.0884515	 -1.76676	 -1.46112	 0.140195
181.74	 -1.82814	 -0.0998812	 -0.143089	 -1.72538	 -1.54432	 0.161774
181.76	 -1.80005	 -0.0996192	 -0.197353	 -1.68164	 -1.62636	 0.183154
181.78	 -1.7709	 -0.0990764	 -0.251178	 -1.63568	 -1.70717	 0.204296
181.8	 -1.74074	 -0.0982639	 -0.304497	 -1.58764	 -1.78668	 0.225158
181.82	 -1.7096	 -0.0971935	 -0.357247	 -1.53769	 -1.86481	 0.245703
181.84	 -1.67752	 -0.0958776	 -0.409366	 -1.48596	 -1.9415	 0.265894
181.86	 -1.64453	 -0.0943295	 -0.460791	 -1.43262	 -2.01668	 0.285694
181.88	 -1.61067	 -0.0925628	 -0.511463	 -1.37782	 -2.09028	 0.30507
181.9	 -1.57599	 -0.0905919	 -0.561325	 -1.3217	 -2.16226	 0.323989
181.92	 -1.54051	 -0.0884317	 -0.610319	 -1.26443	 -2.23256	 0.342419
181.94	 -1.50428	 -0.0860976	 -0.658392	 -1.20616	 -2.30112	 0.360331
181.96	 -1.46732	 -0.0836055	 -0.705492	 -1.14703	 -2.36791	 0.377698
181.98	 -1.42969	 -0.080972	 -0.751569	 -1.0872	 -2.43286	 0.394495
182	 -1.39141	 -0.0782139	 -0.796575	 -1.02681	 -2.49596	 0.410699
182.02	 -1.35252	 -0.075349	 -0.840464	 -0.966013	 -2.55716	 0.426288
182.04	 -1.31306	 -0.072397	 -0.883196	 -0.904944	 -2.61644	 0.441249
182.06	 -1.27305	 -0.0693836	 -0.924733	 -0.843743	 -2.67377	 0.45558
182.08	 -1.23254	 -0.0663357	 -0.965043	 -0.782543	 -2.72914	 0.469283
182.1	 -1.19155	 -0.0632801	 -1.00409	 -0.721473	 -2.78255	 0.482359
182.12	 -1.15012	 -0.0602425	 -1.04186	 -0.660657	 -2.83398	 0.494812
182.14	 -1.10829	 -0.0572467	 -1.07831	 -0.600217	 -2.88343	 0.50664
182.16	 -1.06607	 -0.0543151	 -1.11341	 -0.540271	 -2.93089	 0.517844
182.18	 -1.02352	 -0.0514685	 -1.14715	 -0.480934	 -2.97636	 0.528423
182.2	 -0.980656	 -0.0487272	 -1.17949	 -0.42232	 -3.01983	 0.538378
182.22	 -0.937514	 -0.0461108	 -1.21042	 -0.364535	 -3.0613	 0.547712
182.24	 -0.894126	 -0.0436385	 -1.23991	 -0.307684	 -3.10077	 0.556428
182.26	 -0.850522	 -0.041329	 -1.26795	 -0.251863	 -3.13825	 0.564532
182.28	 -0.806734	 -0.0392001	 -1.29453	 -0.197166	 -3.17376	 0.57203
182.3	 -0.762792	 -0.0372691	 -1.31962	 -0.14368	 -3.20729	 0.578926
182.32	 -0.718725	 -0.035552	 -1.34322	 -0.0914864	 -3.23886	 0.585228
182.34	 -0.674564	 -0.0340638	 -1.36532	 -0.0406629	 -3.26848	 0.590942
182.36	 -0.630337	 -0.0328184	 -1.38591	 0.00871834	 -3.29618	 0.596077
182.38	 -0.586073	 -0.0318287	 -1.40499	 0.0565901	 -3.32196	 0.600638
182.4	 -0.5418	 -0.0311065	 -1.42255	 0.10289	 -3.34586	 0.604636
182.42	 -0.497545	 -0.0306601	 -1.4386	 0.147561	 -3.36788	 0.608074
182.44	 -0.453332	 -0.030492	 -1.45314	 0.19055	 -3.38807	 0.610948
182.46	 -0.409188	 -0.0306024	 -1.46618	 0.231807	 -3.40647	 0.61325
182.48	 -0.365135	 -0.0309898	 -1.47773	 0.271288	 -3.42311	 0.614974
182.5	 -0.321199	 -0.0316531	 -1.48781	 0.308952	 -3.43803	 0.616118
182.52	 -0.277402	 -0.0325922	 -1.49642	 0.344765	 -3.45126	 0.616683
182.54	 -0.23377	 -0.033807	 -1.50359	 0.378698	 -3.46285	 0.616673
182.56	 -0.190325	 -0.0352977	 -1.50933	 0.41073	 -3.47283	 0.616094
182.58	 -0.147089	 -0.0370631	 -1.51365	 0.440844	 -3.48124	 0.614951
182.6	 -0.104086	 -0.0391012	 -1.51658	 0.469029	 -3.48811	 0.613248
182.62	 -0.0613368	 -0.0414087	 -1.51814	 0.49528	 -3.49349	 0.610991
182.64	 -0.0188627	 -0.0439815	 -1.51834	 0.519594	 -3.49741	 0.608186
182.66	 0.0233156	 -0.0468149	 -1.51721	 0.541975	 -3.49991	 0.604841
182.68	 0.0651776	 -0.0499036	 -1.51478	 0.562428	 -3.50104	 0.600963
182.7	 0.106703	 -0.0532416	 -1.51107	 0.580966	 -3.50083	 0.596563
182.72	 0.147874	 -0.0568224	 -1.50611	 0.597604	 -3.49933	 0.591651
182.74	 0.18867	 -0.060639	 -1.49993	 0.612362	 -3.49657	 0.586237
182.76	 0.229072	 -0.0646838	 -1.49257	 0.625266	 -3.4926	 0.580333
182.78	 0.269064	 -0.0689488	 -1.48405	 0.636345	 -3.48746	 0.573951
182.8	 0.308627	 -0.0734255	 -1.47441	 0.645632	 -3.48119	 0.567105
182.82	 0.347745	 -0.0781048	 -1.46367	 0.653163	 -3.47382	 0.559808
182.84	 0.386401	 -0.0829771	 -1.45189	 0.658979	 -3.4654	 0.552075
182.86	 0.424579	 -0.0880326	 -1.43909	 0.663124	 -3.45597	 0.543921
182.88	 0.462263	 -0.0932607	 -1.42531	 0.665644	 -3.44557	 0.53536
182.9	 0.499439	 -0.0986506	 -1.41059	 0.666591	 -3.43424	 0.526411
182.92	 0.536093	 -0.104191	 -1.39497	 0.666017	 -3.42201	 0.517088
182.94	 0.572209	 -0.109871	 -1.3785	 0.663978	 -3.40893	 0.50741
182.96	 0.607776	 -0.115678	 -1.3612	 0.660532	 -3.39503	 0.497395
182.98	 0.64278	 -0.121601	 -1.34313	 0.655742	 -3.38035	 0.48706
183	 0.677209	 -0.127627	 -1.32432	 0.649669	 -3.36493	 0.476425
183.02	 0.711054	 -0.133743	 -1.30483	 0.642413	 -3.3488	 0.465515
183.04	 0.744309	 -0.139936	 -1.2847	 0.634078	 -3.33199	 0.454359
183.06	 0.776965	 -0.146192	 -1.26398	 0.624764	 -3.31455	 0.44298
183.08	 0.809013	 -0.152496	 -1.24273	 0.614571	 -3.29651	 0.431407
183.1	 0.840444	 -0.158834	 -1.22101	 0.603599	 -3.27792	 0.41966
183.12	 0.871244	 -0.165189	 -1.19888	 0.59195	 -3.25884	 0.40776
183.14	 0.901404	 -0.171545	 -1.17639	 0.579724	 -3.2393	 0.395728
183.16	 0.930911	 -0.177884	 -1.15361	 0.56702	 -3.21937	 0.383582
183.18	 0.959758	 -0.184192	 -1.1306	 0.553913	 -3.19909	 0.37134
183.2	 0.987932	 -0.190455	 -1.10743	 0.540464	 -3.17852	 0.359017
183.22	 1.01543	 -0.196655	 -1.08416	 0.526741	 -3.15772	 0.346623
183.24	 1.04223	 -0.202775	 -1.06087	 0.512812	 -3.13676	 0.334169
183.26	 1.06833	 -0.208798	 -1.03763	 0.498746	 -3.11568	 0.321668
183.28	 1.09372	 -0.214709	 -1.01453	 0.484608	 -3.09458	 0.30913
183.3	 1.11839	 -0.220492	 -0.991626	 0.470465	 -3.0735	 0.296573
183.32	 1.14233	 -0.226132	 -0.969002	 0.456382	 -3.05252	 0.284009
183.34	 1.16554	 -0.231615	 -0.946728	 0.442427	 -3.0317	 0.271456
183.36	 1.188	 -0.236928	 -0.924877	 0.428662	 -3.01111	 0.258927
183.38	 1.2097	 -0.242055	 -0.903519	 0.415153	 -2.99082	 0.246435
183.4	 1.23064	 -0.246982	 -0.882725	 0.401961	 -2.97089	 0.233992
183.42	 1.25081	 -0.251695	 -0.862567	 0.389148	 -2.95138	 0.22161
183.44	 1.27021	 -0.25618	 -0.843114	 0.37677	 -2.93237	 0.209301
183.46	 1.28882	 -0.260423	 -0.824436	 0.364885	 -2.91391	 0.197076
183.48	 1.30663	 -0.264411	 -0.806601	 0.353548	 -2.89608	 0.184945
183.5	 1.32366	 -0.268131	 -0.789676	 0.342811	 -2.87892	 0.172921
183.52	 1.33987	 -0.271571	 -0.773724	 0.332725	 -2.8625	 0.161013
183.54	 1.35528	 -0.274719	 -0.758811	 0.323338	 -2.84687	 0.149234
183.56	 1.36988	 -0.277566	 -0.744996	 0.314696	 -2.8321	 0.137593
183.58	 1.38366	 -0.280101	 -0.732339	 0.306844	 -2.81823	 0.126102
183.6	 1.39661	 -0.282313	 -0.720897	 0.299821	 -2.80533	 0.114769
183.62	 1.40874	 -0.284196	 -0.710725	 0.293668	 -2.79342	 0.103606
183.64	 1.42004	 -0.285739	 -0.701877	 0.288417	 -2.78258	 0.0926209
183.66	 1.43051	 -0.286936	 -0.694403	 0.284104	 -2.77283	 0.0818243
183.68	 1.44014	 -0.28778	 -0.68835	 0.280756	 -2.76422	 0.0712253
183.7	 1.44893	 -0.288265	 -0.683764	 0.2784	 -2.75679	 0.0608329
183.72	 1.45688	 -0.288386	 -0.680688	 0.277061	 -2.75057	 0.0506561
183.74	 1.464	 -0.288139	 -0.679162	 0.276758	 -2.7456	 0.0407035
183.76	 1.47027	 -0.28752	 -0.679221	 0.277511	 -2.7419	 0.0309836
183.78	 1.4757	 -0.286525	 -0.680899	 0.279333	 -2.7395	 0.0215044
183.8	 1.48029	 -0.285154	 -0.684226	 0.282236	 -2.73842	 0.0122737
183.82	 1.48403	 -0.283406	 -0.68923	 0.286228	 -2.73869	 0.00329911
183.84	 1.48694	 -0.281278	 -0.695935	 0.291316	 -2.7403	 -0.00541245
183.86	 1.489	 -0.278773	 -0.704359	 0.297502	 -2.74327	 -0.0138542
183.88	 1.49023	 -0.275891	 -0.714521	 0.304783	 -2.74762	 -0.0220201
183.9	 1.49062	 -0.272634	 -0.726434	 0.313156	 -2.75334	 -0.0299041
183.92	 1.49017	 -0.269004	 -0.740108	 0.322613	 -2.76042	 -0.037501
183.94	 1.4889	 -0.265006	 -0.755549	 0.333143	 -2.76888	 -0.0448058
183.96	 1.4868	 -0.260642	 -0.77276	 0.344731	 -2.77869	 -0.0518143
183.98	 1.48387	 -0.255919	 -0.791742	 0.35736	 -2.78984	 -0.0585224
184	 1.48013	 -0.250841	 -0.812489	 0.371008	 -2.80233	 -0.0649265
184.02	 1.47556	 -0.245416	 -0.834995	 0.38565	 -2.81612	 -0.0710235
184.04	 1.47019	 -0.239649	 -0.859249	 0.401259	 -2.8312	 -0.0768106
184.06	 1.46402	 -0.233551	 -0.885237	 0.417805	 -2.84755	 -0.0822853
184.08	 1.45704	 -0.227132	 -0.912944	 0.435253	 -2.86513	 -0.0874385
184.1	 1.44927	 -0.220408	 -0.942355	 0.453569	 -2.88392	 -0.0922554
184.12	 1.44071	 -0.213399	 -0.97345	 0.472716	 -2.9039	 -0.0967202
184.14	 1.43137	 -0.206121	 -1.00621	 0.492656	 -2.92505	 -0.100818
184.16	 1.42126	 -0.198595	 -1.04061	 0.513347	 -2.94732	 -0.104535
184.18	 1.41038	 -0.190837	 -1.07662	 0.534745	 -2.9707	 -0.107862
184.2	 1.39874	 -0.182867	 -1.11421	 0.556805	 -2.99513	 -0.110788
184.22	 1.38635	 -0.174702	 -1.15334	 0.579475	 -3.02057	 -0.113306
184.24	 1.37321	 -0.16636	 -1.19398	 0.602703	 -3.04697	 -0.115408
184.26	 1.35934	 -0.157862	 -1.23609	 0.626433	 -3.07429	 -0.117085
184.28	 1.34474	 -0.149227	 -1.27961	 0.65061	 -3.10248	 -0.118329
184.3	 1.32942	 -0.140474	 -1.3245	 0.675174	 -3.13146	 -0.119133
184.32	 1.31339	 -0.131624	 -1.37071	 0.700068	 -3.1612	 -0.119491
184.34	 1.29666	 -0.122699	 -1.41819	 0.725231	 -3.19162	 -0.119397
184.36	 1.27925	 -0.113718	 -1.46689	 0.750601	 -3.22268	 -0.118846
184.38	 1.26115	 -0.104702	 -1.51675	 0.776116	 -3.2543	 -0.117835
184.4	 1.24239	 -0.0956726	 -1.56771	 0.801712	 -3.28641	 -0.116359
184.42	 1.22297	 -0.08665	 -1.6197	 0.827324	 -3.31896	 -0.114418
184.44	 1.2029	 -0.0776545	 -1.67268	 0.852887	 -3.35188	 -0.112009
184.46	 1.18219	 -0.0687063	 -1.72657	 0.878334	 -3.38509	 -0.109133
184.48	 1.16086	 -0.0598198	 -1.78132	 0.903598	 -3.41853	 -0.105803
184.5	 1.13892	 -0.0510024	 -1.83686	 0.92861	 -3.45215	 -0.102043
184.52	 1.11637	 -0.0422555	 -1.89314	 0.953298	 -3.48591	 -0.0978925
184.54	 1.09324	 -0.033579	 -1.9501	 0.977585	 -3.51975	 -0.0933903
184.56	 1.06955	 -0.0249729	 -2.00769	 1.0014	 -3.55362	 -0.0885742
184.58	 1.04529	 -0.0164392	 -2.06585	 1.02466	 -3.58749	 -0.0834788
184.6	 1.02049	 -0.0079813	 -2.12452	 1.04729	 -3.6213	 -0.078136
184.62	 0.99517	 0.000396164	 -2.18364	 1.06923	 -3.65498	 -0.0725764
184.64	 0.969335	 0.00868811	 -2.24314	 1.0904	 -3.68849	 -0.0668311
184.66	 0.943002	 0.0168896	 -2.30295	 1.11074	 -3.72176	 -0.0609318
184.68	 0.916187	 0.024995	 -2.36302	 1.13017	 -3.75473	 -0.0549088
184.7	 0.888907	 0.0329947	 -2.42327	 1.14864	 -3.78736	 -0.0487839
184.72	 0.861179	 0.0408789	 -2.48365	 1.16608	 -3.81959	 -0.0425777
184.74	 0.83302	 0.0486373	 -2.54409	 1.18243	 -3.85138	 -0.0363102
184.76	 0.804447	 0.05626	 -2.60453	 1.19761	 -3.88268	 -0.0300013
184.78	 0.775477	 0.0637441	 -2.66492	 1.21163	 -3.91343	 -0.0236686
184.8	 0.746126	 0.0710937	 -2.72519	 1.22448	 -3.94358	 -0.0173293
184.82	 0.71641	 0.0783126	 -2.78529	 1.23617	 -3.97307	 -0.0110032
184.84	 0.686346	 0.0854055	 -2.84514	 1.24669	 -4.00183	 -0.00471055
184.86	 0.655949	 0.0923782	 -2.90471	 1.25604	 -4.02983	 0.00152709
184.88	 0.625229	 0.0992388	 -2.96394	 1.26421	 -4.05703	 0.00767929
184.9	 0.594198	 0.105994	 -3.02279	 1.27122	 -4.08341	 0.0137189
184.92	 0.562863	 0.112651	 -3.08121	 1.27705	 -4.10896	 0.0196165
184.94	 0.531236	 0.119214	 -3.13917	 1.28172	 -4.13366	 0.0253532
184.96	 0.499325	 0.125687	 -3.19662	 1.28523	 -4.1575	 0.0309052
184.98	 0.467141	 0.132074	 -3.25351	 1.28757	 -4.18044	 0.036254
185	 0.434688	 0.138373	 -3.30982	 1.28872	 -4.20248	 0.0413764
185.02	 0.40197	 0.144583	 -3.3655	 1.28866	 -4.2236	 0.0462554
185.04	 0.368989	 0.150702	 -3.42052	 1.28737	 -4.24379	 0.0508723
185.06	 0.335746	 0.156727	 -3.47485	 1.28484	 -4.26307	 0.0552105
185.08	 0.302244	 0.162658	 -3.52847	 1.28105	 -4.28142	 0.0592518
185.1	 0.268486	 0.168491	 -3.58135	 1.27598	 -4.29885	 0.0629825
185.12	 0.234478	 0.174227	 -3.63346	 1.26963	 -4.31535	 0.0663871
185.14	 0.200224	 0.179863	 -3.68477	 1.26199	 -4.33092	 0.0694691
185.16	 0.165727	 0.185403	 -3.73524	 1.2531	 -4.34553	 0.0722452
185.18	 0.130991	 0.190845	 -3.78484	 1.24297	 -4.35913	 0.0747374
185.2	 0.0960204	 0.19619	 -3.83355	 1.2316	 -4.3717	 0.0769618
185.22	 0.0608183	 0.201441	 -3.88132	 1.21901	 -4.3832	 0.0789364
185.24	 0.0253895	 0.206597	 -3.92814	 1.20522	 -4.39361	 0.0806751
185.26	 -0.0102612	 0.211661	 -3.97398	 1.19024	 -4.40291	 0.08219
185.28	 -0.0461285	 0.216629	 -4.0188	 1.17407	 -4.41108	 0.083492
185.3	 -0.0822073	 0.221504	 -4.06259	 1.15675	 -4.41811	 0.0845937
185.32	 -0.118492	 0.226284	 -4.10532	 1.1383	 -4.42397	 0.0855063
185.34	 -0.154977	 0.230974	 -4.14697	 1.11877	 -4.42864	 0.0862435
185.36	 -0.191658	 0.235576	 -4.18751	 1.09817	 -4.4321	 0.0868167
185.38	 -0.228528	 0.24009	 -4.22691	 1.07654	 -4.43434	 0.0872383
185.4	 -0.265582	 0.244519	 -4.26515	 1.0539	 -4.43533	 0.0875198
185.42	 -0.302812	 0.248864	 -4.30222	 1.03026	 -4.43505	 0.0876735
185.44	 -0.340212	 0.253125	 -4.33809	 1.00567	 -4.43349	 0.0877109
185.46	 -0.377776	 0.257304	 -4.37273	 0.980138	 -4.43062	 0.0876437
185.48	 -0.415495	 0.261404	 -4.40614	 0.953707	 -4.42642	 0.0874825
185.5	 -0.453362	 0.265427	 -4.43829	 0.926408	 -4.42089	 0.0872378
185.52	 -0.491371	 0.269373	 -4.46917	 0.89827	 -4.414	 0.0869197
185.54	 -0.529512	 0.273245	 -4.49875	 0.869324	 -4.40574	 0.0865383
185.56	 -0.567778	 0.277045	 -4.52703	 0.839602	 -4.39609	 0.0861033
185.58	 -0.606161	 0.280774	 -4.55399	 0.809133	 -4.38503	 0.0856242
185.6	 -0.644651	 0.284436	 -4.57961	 0.777956	 -4.37256	 0.08511
185.62	 -0.68324	 0.288032	 -4.60389	 0.746099	 -4.35866	 0.0845694
185.64	 -0.721917	 0.291565	 -4.6268	 0.713601	 -4.34331	 0.0840104
185.66	 -0.760674	 0.295037	 -4.64834	 0.680496	 -4.3265	 0.0834407
185.68	 -0.7995	 0.29845	 -4.66851	 0.646818	 -4.30822	 0.0828676
185.7	 -0.838386	 0.301806	 -4.68728	 0.61259	 -4.28845	 0.0822983
185.72	 -0.87732	 0.305106	 -4.70466	 0.577849	 -4.26719	 0.0817401
185.74	 -0.916293	 0.308354	 -4.72063	 0.54263	 -4.24441	 0.0811993
185.76	 -0.955293	 0.311551	 -4.73519	 0.506967	 -4.22012	 0.0806813
185.78	 -0.994309	 0.3147	 -4.74834	 0.470893	 -4.19429	 0.0801914
185.8	 -1.03333	 0.317804	 -4.76007	 0.434458	 -4.16692	 0.0797377
185.82	 -1.07234	 0.320864	 -4.77038	 0.397676	 -4.13799	 0.0793215
185.84	 -1.11133	 0.323882	 -4.77927	 0.360583	 -4.10751	 0.0789464
185.86	 -1.15028	 0.326861	 -4.78674	 0.323203	 -4.07545	 0.0786129
185.88	 -1.18919	 0.329801	 -4.79278	 0.28556	 -4.04181	 0.0783183
185.9	 -1.22804	 0.332705	 -4.79741	 0.247683	 -4.00657	 0.0780602
185.92	 -1.26682	 0.335574	 -4.80061	 0.209597	 -3.96972	 0.0778354
185.94	 -1.30551	 0.33841	 -4.80241	 0.171328	 -3.93126	 0.0776412
185.96	 -1.3441	 0.341214	 -4.80279	 0.132901	 -3.89117	 0.0774754
185.98	 -1.38257	 0.343988	 -4.80177	 0.0943426	 -3.84945	 0.0773368
186	 -1.42091	 0.346734	 -4.79935	 0.0556781	 -3.8061	 0.0772241
186.02	 -1.4591	 0.349452	 -4.79555	 0.0169334	 -3.7611	 0.077136
186.04	 -1.49713	 0.352146	 -4.79037	 -0.0218675	 -3.71446	 0.077069
186.06	 -1.53498	 0.354815	 -4.78382	 -0.0607005	 -3.66617	 0.0770201
186.08	 -1.57263	 0.357461	 -4.77591	 -0.0995504	 -3.61623	 0.076983
186.1	 -1.61007	 0.360086	 -4.76666	 -0.138381	 -3.56463	 0.076957
186.12	 -1.64728	 0.362691	 -4.75607	 -0.17717	 -3.51139	 0.0769394
186.14	 -1.68424	 0.365279	 -4.74417	 -0.215883	 -3.4565	 0.0769318
186.16	 -1.72094	 0.367849	 -4.73097	 -0.254492	 -3.39996	 0.0769339
186.18	 -1.75735	 0.370405	 -4.71648	 -0.292969	 -3.34179	 0.0769465
186.2	 -1.79346	 0.372947	 -4.70072	 -0.331287	 -3.28198	 0.0769688
186.22	 -1.82925	 0.375477	 -4.68371	 -0.369418	 -3.22055	 0.0769999
186.24	 -1.8647	 0.377996	 -4.66547	 -0.407333	 -3.1575	 0.0770387
186.26	 -1.8998	 0.380506	 -4.64602	 -0.445003	 -3.09285	 0.077084
186.28	 -1.93451	 0.383009	 -4.62538	 -0.4824	 -3.02661	 0.0771351
186.3	 -1.96883	 0.385504	 -4.60357	 -0.519495	 -2.95879	 0.0771914
186.32	 -2.00274	 0.387995	 -4.58062	 -0.556261	 -2.8894	 0.077253
186.34	 -2.03621	 0.39048	 -4.55654	 -0.592669	 -2.81847	 0.0773199
186.36	 -2.06922	 0.392962	 -4.53136	 -0.628692	 -2.74602	 0.0773925
186.38	 -2.10176	 0.395442	 -4.50512	 -0.664303	 -2.67207	 0.0774711
186.4	 -2.1338	 0.39792	 -4.47782	 -0.699473	 -2.59664	 0.0775563
186.42	 -2.16532	 0.400397	 -4.44951	 -0.734177	 -2.51975	 0.0776487
186.44	 -2.19632	 0.402874	 -4.42021	 -0.768388	 -2.44144	 0.0777493
186.46	 -2.22675	 0.405352	 -4.38994	 -0.80208	 -2.36174	 0.077859
186.48	 -2.25661	 0.407832	 -4.35873	 -0.835228	 -2.28068	 0.0779792
186.5	 -2.28588	 0.410312	 -4.32662	 -0.867806	 -2.19829	 0.0781114
186.52	 -2.31452	 0.412794	 -4.29364	 -0.899791	 -2.11461	 0.0782575
186.54	 -2.34253	 0.415279	 -4.25981	 -0.931158	 -2.02968	 0.0784193
186.56	 -2.36989	 0.417765	 -4.22517	 -0.961886	 -1.94354	 0.0785992
186.58	 -2.39657	 0.420252	 -4.18974	 -0.991951	 -1.85623	 0.0787995
186.6	 -2.42256	 0.422742	 -4.15357	 -1.02133	 -1.76781	 0.079023
186.62	 -2.44782	 0.425232	 -4.11669	 -1.05001	 -1.67831	 0.0792726
186.64	 -2.47236	 0.427723	 -4.07912	 -1.07796	 -1.5878	 0.0795515
186.66	 -2.49614	 0.430213	 -4.0409	 -1.10517	 -1.49631	 0.0798634
186.68	 -2.51915	 0.432703	 -4.00207	 -1.13161	 -1.40391	 0.080212
186.7	 -2.54136	 0.435191	 -3.96266	 -1.15727	 -1.31065	 0.0806013
186.72	 -2.56277	 0.437675	 -3.9227	 -1.18213	 -1.21659	 0.0810359
186.74	 -2.58335	 0.440155	 -3.88224	 -1.20617	 -1.12178	 0.0815202
186.76	 -2.60308	 0.442629	 -3.8413	 -1.22938	 -1.02628	 0.0820593
186.78	 -2.62195	 0.445096	 -3.79993	 -1.25174	 -0.930155	 0.0826582
186.8	 -2.63994	 0.447552	 -3.75815	 -1.27323	 -0.833467	 0.0833223
186.82	 -2.65704	 0.449998	 -3.716	 -1.29383	 -0.736275	 0.0840573
186.84	 -2.67322	 0.45243	 -3.67353	 -1.31354	 -0.638644	 0.084869
186.86	 -2.68847	 0.454846	 -3.63076	 -1.33234	 -0.540636	 0.0857636
186.88	 -2.70278	 0.457243	 -3.58773	 -1.35022	 -0.442316	 0.0867476
186.9	 -2.71613	 0.45962	 -3.54448	 -1.36716	 -0.343749	 0.0878277
186.92	 -2.72851	 0.461972	 -3.50105	 -1.38315	 -0.245	 0.0890107
186.94	 -2.73991	 0.464298	 -3.45746	 -1.39818	 -0.146137	 0.090304
186.96	 -2.7503	 0.466593	 -3.41376	 -1.41224	 -0.0472247	 0.0917151
186.98	 -2.75969	 0.468855	 -3.36998	 -1.42532	 0.0516678	 0.0932518
187	 -2.76805	 0.471079	 -3.32615	 -1.43741	 0.150473	 0.094922
187.02	 -2.77538	 0.473262	 -3.28232	 -1.44851	 0.249124	 0.096734
187.04	 -2.78167	 0.475399	 -3.23852	 -1.45861	 0.347551	 0.0986963
187.06	 -2.7869	 0.477487	 -3.19477	 -1.46769	 0.445686	 0.100818
187.08	 -2.79106	 0.479521	 -3.15112	 -1.47577	 0.54346	 0.103106
187.1	 -2.79415	 0.481497	 -3.1076	 -1.48282	 0.640805	 0.105572
187.12	 -2.79617	 0.483411	 -3.06424	 -1.48886	 0.737653	 0.108223
187.14	 -2.79709	 0.485257	 -3.02108	 -1.49387	 0.833935	 0.111068
187.16	 -2.79692	 0.487031	 -2.97815	 -1.49785	 0.929583	 0.114118
187.18	 -2.79564	 0.488729	 -2.93547	 -1.5008	 1.02453	 0.11738
187.2	 -2.79327	 0.490344	 -2.89309	 -1.50273	 1.11871	 0.120864
187.22	 -2.78978	 0.491874	 -2.85103	 -1.50362	 1.21205	 0.12458
187.24	 -2.78517	 0.493311	 -2.80933	 -1.50348	 1.3045	 0.128535
187.26	 -2.77945	 0.494652	 -2.768	 -1.50232	 1.39597	 0.13274
187.28	 -2.7726	 0.495892	 -2.72709	 -1.50013	 1.48642	 0.137202
187.3	 -2.76464	 0.497026	 -2.68662	 -1.49693	 1.57578	 0.141929
187.32	 -2.75555	 0.498048	 -2.64661	 -1.49271	 1.66398	 0.146931
187.34	 -2.74534	 0.498953	 -2.60709	 -1.48749	 1.75097	 0.152215
187.36	 -2.73401	 0.499737	 -2.56809	 -1.48127	 1.83668	 0.157788
187.38	 -2.72156	 0.500396	 -2.52964	 -1.47406	 1.92106	 0.163657
187.4	 -2.70799	 0.500926	 -2.49174	 -1.46586	 2.00405	 0.169829
187.42	 -2.6933	 0.501321	 -2.45444	 -1.45669	 2.08559	 0.17631
187.44	 -2.6775	 0.501579	 -2.41774	 -1.44655	 2.16563	 0.183106
187.46	 -2.6606	 0.501695	 -2.38168	 -1.43545	 2.24412	 0.190222
187.48	 -2.64259	 0.501666	 -2.34626	 -1.42341	 2.32101	 0.197661
187.5	 -2.62348	 0.501489	 -2.31151	 -1.41045	 2.39625	 0.205428
187.52	 -2.60328	 0.50116	 -2.27744	 -1.39657	 2.46978	 0.213525
187.54	 -2.582	 0.500677	 -2.24407	 -1.38179	 2.54158	 0.221955
187.56	 -2.55965	 0.500038	 -2.21142	 -1.36612	 2.6116	 0.23072
187.58	 -2.53623	 0.499239	 -2.17949	 -1.34959	 2.67979	 0.23982
187.6	 -2.51175	 0.498281	 -2.14829	 -1.3322	 2.74612	 0.249256
187.62	 -2.48623	 0.49716	 -2.11785	 -1.31399	 2.81056	 0.259026
187.64	 -2.45967	 0.495877	 -2.08816	 -1.29496	 2.87306	 0.26913
187.66	 -2.43209	 0.494431	 -2.05923	 -1.27514	 2.93361	 0.279565
187.68	 -2.4035	 0.49282	 -2.03107	 -1.25454	 2.99217	 0.290327
187.7	 -2.3739	 0.491045	 -2.00369	 -1.2332	 3.04872	 0.301413
187.72	 -2.34332	 0.489107	 -1.97708	 -1.21113	 3.10324	 0.312818
187.74	 -2.31177	 0.487006	 -1.95125	 -1.18836	 3.1557	 0.324535
187.76	 -2.27926	 0.484744	 -1.9262	 -1.16492	 3.2061	 0.336558
187.78	 -2.24581	 0.482322	 -1.90192	 -1.14082	 3.25442	 0.348879
187.8	 -2.21143	 0.479743	 -1.87842	 -1.11609	 3.30064	 0.361489
187.82	 -2.17614	 0.477008	 -1.85568	 -1.09077	 3.34477	 0.374378
187.84	 -2.13996	 0.474122	 -1.83371	 -1.06488	 3.38679	 0.387537
187.86	 -2.1029	 0.471086	 -1.81249	 -1.03845	 3.42671	 0.400954
187.88	 -2.06498	 0.467904	 -1.79202	 -1.01151	 3.46452	 0.414617
187.9	 -2.02622	 0.464582	 -1.77228	 -0.984083	 3.50023	 0.428513
187.92	 -1.98664	 0.461121	 -1.75326	 -0.95621	 3.53385	 0.442628
187.94	 -1.94626	 0.457529	 -1.73495	 -0.927918	 3.56539	 0.456948
187.96	 -1.90509	 0.453808	 -1.71733	 -0.899239	 3.59485	 0.471458
187.98	 -1.86316	 0.449965	 -1.7004	 -0.870206	 3.62226	 0.486143
188	 -1.82048	 0.446005	 -1.68412	 -0.840852	 3.64764	 0.500985
188.02	 -1.77708	 0.441933	 -1.66848	 -0.81121	 3.67099	 0.515968
188.04	 -1.73298	 0.437756	 -1.65347	 -0.781314	 3.69236	 0.531076
188.06	 -1.6882	 0.43348	 -1.63905	 -0.751198	 3.71175	 0.546289
188.08	 -1.64276	 0.42911	 -1.62521	 -0.720896	 3.7292	 0.56159
188.1	 -1.59669	 0.424653	 -1.61193	 -0.690443	 3.74474	 0.576962
188.12	 -1.54999	 0.420116	 -1.59917	 -0.659873	 3.75841	 0.592384
188.14	 -1.50271	 0.415504	 -1.58692	 -0.629223	 3.77023	 0.607838
188.16	 -1.45485	 0.410825	 -1.57515	 -0.598526	 3.78025	 0.623305
188.18	 -1.40645	 0.406084	 -1.56382	 -0.567818	 3.7885	 0.638767
188.2	 -1.35752	 0.401288	 -1.55291	 -0.537135	 3.79502	 0.654204
188.22	 -1.30809	 0.396444	 -1.5424	 -0.50651	 3.79987	 0.669598
188.24	 -1.25819	 0.391557	 -1.53224	 -0.47598	 3.80308	 0.68493
188.26	 -1.20783	 0.386633	 -1.52242	 -0.445579	 3.8047	 0.700182
188.28	 -1.15704	 0.381678	 -1.51289	 -0.415341	 3.80478	 0.715336
188.3	 -1.10584	 0.376698	 -1.50363	 -0.385302	 3.80336	 0.730374
188.32	 -1.05425	 0.371697	 -1.4946	 -0.355494	 3.80051	 0.74528
188.34	 -1.00231	 0.36668	 -1.48576	 -0.325953	 3.79628	 0.760036
188.36	 -0.950034	 0.361651	 -1.47709	 -0.296711	 3.7907	 0.774627
188.38	 -0.897442	 0.356615	 -1.46856	 -0.267803	 3.78386	 0.789038
188.4	 -0.844562	 0.351576	 -1.46011	 -0.239261	 3.77578	 0.803254
188.42	 -0.791417	 0.346536	 -1.45173	 -0.211117	 3.76654	 0.81726
188.44	 -0.738029	 0.341499	 -1.44338	 -0.183405	 3.75619	 0.831043
188.46	 -0.684424	 0.336467	 -1.43502	 -0.156156	 3.74479	 0.844591
188.48	 -0.630623	 0.331442	 -1.42661	 -0.129402	 3.73238	 0.85789
188.5	 -0.576651	 0.326426	 -1.41814	 -0.103174	 3.71903	 0.87093
188.52	 -0.522525	 0.321419	 -1.40955	 -0.0774776	 3.70479	 0.883709
188.54	 -0.468253	 0.31642	 -1.40083	 -0.0522981	 3.68969	 0.896239
188.56	 -0.413842	 0.311425	 -1.39196	 -0.0276304	 3.67379	 0.908534
188.58	 -0.359299	 0.306428	 -1.38292	 -0.00346789	 3.65712	 0.920608
188.6	 -0.30463	 0.301428	 -1.37368	 0.0201987	 3.63974	 0.932472
188.62	 -0.249839	 0.29642	 -1.36422	 0.0433579	 3.62169	 0.94413
188.64	 -0.194928	 0.291403	 -1.35453	 0.0659648	 3.603	 0.955571
188.66	 -0.139894	 0.286376	 -1.34459	 0.0879891	 3.58371	 0.966779
188.68	 -0.0847393	 0.281338	 -1.33441	 0.109401	 3.56383	 0.977744
188.7	 -0.0294619	 0.276287	 -1.32397	 0.130167	 3.5434	 0.988453
188.72	 0.0259359	 0.271219	 -1.31328	 0.150258	 3.52243	 0.998903
188.74	 0.0814516	 0.266131	 -1.30231	 0.169639	 3.50095	 1.00909
188.76	 0.137081	 0.261016	 -1.29106	 0.18828	 3.479	 1.019
188.78	 0.192821	 0.255869	 -1.27953	 0.206149	 3.4566	 1.02865
188.8	 0.248666	 0.250685	 -1.26771	 0.223218	 3.43378	 1.03802
188.82	 0.30461	 0.245457	 -1.25559	 0.239457	 3.41055	 1.04711
188.84	 0.360648	 0.24018	 -1.24317	 0.254839	 3.38693	 1.05592
188.86	 0.416773	 0.234846	 -1.23045	 0.269336	 3.36294	 1.06444
188.88	 0.472976	 0.22945	 -1.21743	 0.282921	 3.33858	 1.07267
188.9	 0.529246	 0.223985	 -1.20412	 0.295567	 3.31385	 1.08061
188.92	 0.585572	 0.218445	 -1.19053	 0.307248	 3.28876	 1.08826
188.94	 0.641939	 0.212824	 -1.17667	 0.317938	 3.26328	 1.0956
188.96	 0.698331	 0.207117	 -1.16256	 0.327613	 3.23739	 1.10263
188.98	 0.754732	 0.20132	 -1.14822	 0.336249	 3.21108	 1.10935
189	 0.811123	 0.195429	 -1.13367	 0.343825	 3.1843	 1.11574
189.02	 0.867486	 0.189438	 -1.11894	 0.350316	 3.15703	 1.12181
189.04	 0.923799	 0.183343	 -1.10405	 0.355702	 3.12922	 1.12755
189.06	 0.980046	 0.177138	 -1.08902	 0.35996	 3.10085	 1.13294
189.08	 1.03621	 0.170817	 -1.07388	 0.363073	 3.07189	 1.13799
189.1	 1.09226	 0.164374	 -1.05865	 0.365024	 3.04231	 1.14269
189.12	 1.14819	 0.157806	 -1.04335	 0.365806	 3.01208	 1.14703
189.14	 1.20397	 0.151107	 -1.028	 0.365401	 2.98116	 1.15102
189.16	 1.25959	 0.144273	 -1.01264	 0.3638	 2.94953	 1.15464
189.18	 1.31502	 0.137301	 -0.997283	 0.360985	 2.91714	 1.15789
189.2	 1.37025	 0.130187	 -0.981963	 0.356946	 2.88395	 1.16075
189.22	 1.42525	 0.122928	 -0.966705	 0.351675	 2.84994	 1.16323
189.24	 1.48	 0.115522	 -0.951536	 0.345166	 2.81506	 1.16531
189.26	 1.53449	 0.107966	 -0.936484	 0.337413	 2.77928	 1.16699
189.28	 1.58869	 0.100259	 -0.921577	 0.328413	 2.74255	 1.16825
189.3	 1.64259	 0.0923996	 -0.90684	 0.318162	 2.70486	 1.1691
189.32	 1.69617	 0.0843866	 -0.892302	 0.306662	 2.66616	 1.16952
189.34	 1.7494	 0.0762197	 -0.877988	 0.293914	 2.62642	 1.16949
189.36	 1.80228	 0.0678993	 -0.863922	 0.279931	 2.58561	 1.16903
189.38	 1.85478	 0.0594259	 -0.850129	 0.264717	 2.54371	 1.16811
189.4	 1.90688	 0.0508006	 -0.836631	 0.248285	 2.50069	 1.16673
189.42	 1.95857	 0.042025	 -0.823451	 0.230646	 2.45652	 1.16489
189.44	 2.00982	 0.0331016	 -0.81061	 0.211814	 2.41119	 1.16257
189.46	 2.06062	 0.0240336	 -0.798128	 0.191809	 2.36468	 1.15976
189.48	 2.11096	 0.0148247	 -0.786024	 0.170654	 2.31696	 1.15646
189.5	 2.16082	 0.00547934	 -0.774315	 0.148373	 2.26803	 1.15266
189.52	 2.21017	 -0.00399775	 -0.763019	 0.124995	 2.21788	 1.14835
189.54	 2.259	 -0.0136009	 -0.752151	 0.10055	 2.16649	 1.14351
189.56	 2.3073	 -0.0233239	 -0.741725	 0.0750739	 2.11387	 1.13816
189.58	 2.35505	 -0.0331598	 -0.731752	 0.0486046	 2.06	 1.13227
189.6	 2.40223	 -0.0431011	 -0.722246	 0.0211841	 2.0049	 1.12584
189.62	 2.44882	 -0.0531397	 -0.713214	 -0.00714207	 1.94856	 1.11886
189.64	 2.49482	 -0.0632668	 -0.704666	 -0.0363252	 1.891	 1.11134
189.66	 2.5402	 -0.0734732	 -0.696609	 -0.0663129	 1.83222	 1.10326
189.68	 2.58495	 -0.083749	 -0.689049	 -0.0970492	 1.77224	 1.09462
189.7	 2.62906	 -0.0940837	 -0.68199	 -0.128475	 1.71108	 1.08542
189.72	 2.6725	 -0.104466	 -0.675436	 -0.160527	 1.64875	 1.07566
189.74	 2.71527	 -0.114885	 -0.669389	 -0.193138	 1.58528	 1.06533
189.76	 2.75734	 -0.125329	 -0.66385	 -0.226241	 1.52069	 1.05444
189.78	 2.79871	 -0.135783	 -0.658819	 -0.259761	 1.45502	 1.04298
189.8	 2.83936	 -0.146236	 -0.654295	 -0.293623	 1.38829	 1.03097
189.82	 2.87927	 -0.156673	 -0.650275	 -0.327748	 1.32054	 1.01839
189.84	 2.91843	 -0.167081	 -0.646754	 -0.362056	 1.25182	 1.00526
189.86	 2.95683	 -0.177444	 -0.643729	 -0.396462	 1.18215	 0.991573
189.88	 2.99444	 -0.187748	 -0.641191	 -0.430882	 1.1116	 0.977347
189.9	 3.03127	 -0.197979	 -0.639134	 -0.465227	 1.04019	 0.962584
189.92	 3.06728	 -0.20812	 -0.637547	 -0.499408	 0.968001	 0.947293
189.94	 3.10248	 -0.218156	 -0.636422	 -0.533335	 0.895071	 0.931484
189.96	 3.13684	 -0.228072	 -0.635746	 -0.566915	 0.821462	 0.915166
189.98	 3.17035	 -0.237851	 -0.635507	 -0.600057	 0.747233	 0.898352
190	 3.20299	 -0.247479	 -0.635692	 -0.632667	 0.672448	 0.881054
190.02	 3.23476	 -0.256938	 -0.636287	 -0.664652	 0.597173	 0.863284
190.04	 3.26564	 -0.266213	 -0.637276	 -0.695918	 0.521476	 0.845059
190.06	 3.29561	 -0.275287	 -0.638642	 -0.726374	 0.445427	 0.826391
190.08	 3.32466	 -0.284144	 -0.64037	 -0.755927	 0.369101	 0.807298
190.1	 3.35278	 -0.292768	 -0.642439	 -0.784485	 0.292573	 0.787795
190.12	 3.37995	 -0.301143	 -0.644832	 -0.81196	 0.215921	 0.7679
190.14	 3.40617	 -0.309253	 -0.647528	 -0.838261	 0.139225	 0.747631
190.16	 3.43141	 -0.317083	 -0.650506	 -0.863303	 0.0625684	 0.727005
190.18	 3.45566	 -0.324619	 -0.653747	 -0.887	 -0.0139718	 0.706049
190.2	 3.47891	 -0.331854	 -0.657234	 -0.909264	 -0.09032	 0.684795
190.22	 3.50116	 -0.33878	 -0.66095	 -0.930012	 -0.166402	 0.663279
190.24	 3.52238	 -0.34539	 -0.664878	 -0.949161	 -0.242144	 0.641534
190.26	 3.54256	 -0.351679	 -0.669002	 -0.966629	 -0.317469	 0.619593
190.28	 3.56171	 -0.357637	 -0.673303	 -0.98234	 -0.3923	 0.59749
190.3	 3.57979	 -0.363257	 -0.677761	 -0.996217	 -0.466556	 0.575256
190.32	 3.59681	 -0.368531	 -0.682356	 -1.00819	 -0.540157	 0.55292
190.34	 3.61275	 -0.373451	 -0.687066	 -1.0182	 -0.613021	 0.530515
190.36	 3.62759	 -0.37801	 -0.69187	 -1.02618	 -0.685068	 0.508072
190.38	 3.64134	 -0.382201	 -0.696745	 -1.03207	 -0.756217	 0.485622
190.4	 3.65397	 -0.386017	 -0.701669	 -1.03581	 -0.826388	 0.463198
190.42	 3.66548	 -0.389453	 -0.70662	 -1.03734	 -0.895503	 0.440831
190.44	 3.67586	 -0.392504	 -0.711575	 -1.03663	 -0.963484	 0.418551
190.46	 3.6851	 -0.395163	 -0.716513	 -1.03362	 -1.03025	 0.39639
190.48	 3.69319	 -0.397427	 -0.721409	 -1.02826	 -1.09573	 0.374375
190.5	 3.70012	 -0.399289	 -0.726242	 -1.02051	 -1.15985	 0.352537
190.52	 3.70588	 -0.400747	 -0.730987	 -1.01034	 -1.22253	 0.330904
190.54	 3.71047	 -0.401795	 -0.735623	 -0.997721	 -1.2837	 0.309503
190.56	 3.71387	 -0.402431	 -0.740124	 -0.982616	 -1.34329	 0.288362
190.58	 3.71607	 -0.402652	 -0.744468	 -0.965011	 -1.40123	 0.267506
190.6	 3.71708	 -0.402456	 -0.748631	 -0.944884	 -1.45746	 0.24696
190.62	 3.71688	 -0.40184	 -0.752589	 -0.922221	 -1.51191	 0.226751
190.64	 3.71547	 -0.400802	 -0.756319	 -0.897012	 -1.56452	 0.2069
190.66	 3.71284	 -0.399343	 -0.759798	 -0.869251	 -1.61524	 0.18743
190.68	 3.70898	 -0.397462	 -0.763001	 -0.838937	 -1.664	 0.168364
190.7	 3.70389	 -0.395158	 -0.765906	 -0.806074	 -1.71075	 0.14972
190.72	 3.69757	 -0.392433	 -0.768489	 -0.770672	 -1.75543	 0.13152
190.74	 3.69001	 -0.389288	 -0.770728	 -0.732744	 -1.79801	 0.11378
190.76	 3.6812	 -0.385726	 -0.772598	 -0.692311	 -1.83843	 0.0965195
190.78	 3.67114	 -0.381748	 -0.774078	 -0.649398	 -1.87664	 0.0797534
190.8	 3.65984	 -0.377359	 -0.775145	 -0.604037	 -1.91261	 0.0634972
190.82	 3.64727	 -0.372564	 -0.775777	 -0.556266	 -1.9463	 0.0477648
190.84	 3.63346	 -0.367365	 -0.775952	 -0.506129	 -1.97767	 0.0325689
190.86	 3.61838	 -0.36177	 -0.775648	 -0.453675	 -2.00669	 0.017921
190.88	 3.60204	 -0.355785	 -0.774845	 -0.398961	 -2.03332	 0.0038311
190.9	 3.58445	 -0.349416	 -0.773521	 -0.342048	 -2.05755	 -0.00969201
190.92	 3.5656	 -0.342672	 -0.771656	 -0.283007	 -2.07933	 -0.0226408
190.94	 3.54549	 -0.33556	 -0.769231	 -0.22191	 -2.09866	 -0.0350089
190.96	 3.52412	 -0.328088	 -0.766226	 -0.158837	 -2.11551	 -0.0467918
190.98	 3.5015	 -0.320268	 -0.762623	 -0.0938735	 -2.12986	 -0.0579858
191	 3.47763	 -0.312107	 -0.758403	 -0.0271079	 -2.14171	 -0.0685891
191.02	 3.45251	 -0.303617	 -0.75355	 0.0413655	 -2.15104	 -0.0786011
191.04	 3.42616	 -0.294809	 -0.748046	 0.111448	 -2.15785	 -0.0880226
191.06	 3.39857	 -0.285693	 -0.741875	 0.183038	 -2.16213	 -0.0968559
191.08	 3.36975	 -0.276282	 -0.735021	 0.256027	 -2.16389	 -0.105105
191.1	 3.33971	 -0.266586	 -0.72747	 0.330306	 -2.16313	 -0.112774
191.12	 3.30845	 -0.25662	 -0.719208	 0.405758	 -2.15985	 -0.11987
191.14	 3.276	 -0.246395	 -0.710221	 0.482265	 -2.15407	 -0.126401
191.16	 3.24234	 -0.235926	 -0.700497	 0.559704	 -2.14581	 -0.132375
191.18	 3.2075	 -0.225225	 -0.690023	 0.637949	 -2.13506	 -0.137803
191.2	 3.17149	 -0.214307	 -0.67879	 0.71687	 -2.12186	 -0.142696
191.22	 3.13431	 -0.203185	 -0.666786	 0.796333	 -2.10623	 -0.147067
191.24	 3.09598	 -0.191876	 -0.654002	 0.876203	 -2.08819	 -0.150932
191.26	 3.05651	 -0.180392	 -0.640431	 0.95634	 -2.06777	 -0.154304
191.28	 3.01592	 -0.168749	 -0.626064	 1.0366	 -2.045	 -0.157202
191.3	 2.97421	 -0.156963	 -0.610895	 1.11685	 -2.01992	 -0.159644
191.32	 2.9314	 -0.145047	 -0.594919	 1.19694	 -1.99256	 -0.161649
191.34	 2.88752	 -0.133018	 -0.578131	 1.27671	 -1.96295	 -0.163238
191.36	 2.84256	 -0.12089	 -0.560527	 1.35603	 -1.93116	 -0.164432
191.38	 2.79655	 -0.108679	 -0.542106	 1.43475	 -1.8972	 -0.165256
191.4	 2.74951	 -0.0963995	 -0.522865	 1.5127	 -1.86115	 -0.165733
191.42	 2.70145	 -0.0840665	 -0.502805	 1.58975	 -1.82304	 -0.165888
191.44	 2.65238	 -0.0716949	 -0.481925	 1.66575	 -1.78292	 -0.165749
191.46	 2.60234	 -0.0592995	 -0.460228	 1.74053	 -1.74085	 -0.165341
191.48	 2.55133	 -0.0468947	 -0.437716	 1.81397	 -1.69689	 -0.164695
191.5	 2.49937	 -0.0344948	 -0.414394	 1.88589	 -1.65109	 -0.163838
191.52	 2.44648	 -0.0221141	 -0.390267	 1.95617	 -1.60352	 -0.162801
191.54	 2.39269	 -0.0097664	 -0.365341	 2.02464	 -1.55423	 -0.161614
191.56	 2.338	 0.00253477	 -0.339623	 2.09117	 -1.5033	 -0.160309
191.58	 2.28245	 0.0147762	 -0.313122	 2.15561	 -1.45078	 -0.158916
191.6	 2.22604	 0.026945	 -0.285849	 2.21782	 -1.39674	 -0.157468
191.62	 2.1688	 0.0390282	 -0.257813	 2.27766	 -1.34125	 -0.155997
191.64	 2.11076	 0.0510134	 -0.229028	 2.33499	 -1.28438	 -0.154537
191.66	 2.05192	 0.0628886	 -0.199507	 2.38968	 -1.22621	 -0.15312
191.68	 1.99232	 0.0746418	 -0.169265	 2.4416	 -1.16681	 -0.151777
191.7	 1.93196	 0.0862615	 -0.138318	 2.49061	 -1.10624	 -0.150543
191.72	 1.87088	 0.0977362	 -0.106684	 2.53659	 -1.04459	 -0.149449
191.74	 1.80909	 0.109055	 -0.0743816	 2.57942	 -0.981932	 -0.148526
191.76	 1.74662	 0.120206	 -0.0414309	 2.61898	 -0.918341	 -0.147806
191.78	 1.68348	 0.131179	 -0.00785391	 2.65515	 -0.853897	 -0.147318
191.8	 1.6197	 0.141962	 0.0263258	 2.68781	 -0.788677	 -0.147091
191.82	 1.5553	 0.152544	 0.0610832	 2.71686	 -0.722759	 -0.147152
191.84	 1.49031	 0.162915	 0.0963913	 2.74219	 -0.656221	 -0.147529
191.86	 1.42474	 0.173063	 0.132221	 2.7637	 -0.589142	 -0.148245
191.88	 1.35863	 0.182975	 0.168542	 2.78128	 -0.521601	 -0.149324
191.9	 1.29199	 0.192642	 0.20532	 2.79486	 -0.453673	 -0.150787
191.92	 1.22485	 0.202052	 0.242521	 2.80435	 -0.385441	 -0.152657
191.94	 1.15725	 0.211194	 0.280106	 2.80969	 -0.316979	 -0.154949
191.96	 1.08921	 0.220056	 0.318036	 2.8108	 -0.248372	 -0.157682
191.98	 1.02077	 0.228627	 0.356266	 2.80764	 -0.179704	 -0.160868
192	 0.951949	 0.236895	 0.394753	 2.80013	 -0.111061	 -0.16452
192.02	 0.882791	 0.244849	 0.433449	 2.78825	 -0.0425334	 -0.168648
192.04	 0.813332	 0.252479	 0.472302	 2.77196	 0.0257882	 -0.173258
192.06	 0.743611	 0.259773	 0.511261	 2.75125	 0.0938099	 -0.178355
192.08	 0.673671	 0.26672	 0.550267	 2.72609	 0.161435	 -0.18394
192.1	 0.603557	 0.273308	 0.589265	 2.6965	 0.228561	 -0.19001
192.12	 0.533315	 0.279526	 0.628191	 2.66247	 0.295084	 -0.196561
192.14	 0.462994	 0.285363	 0.666983	 2.62403	 0.360895	 -0.203584
192.16	 0.392645	 0.290808	 0.705577	 2.5812	 0.42588	 -0.211067
192.18	 0.322317	 0.295851	 0.743906	 2.53402	 0.489926	 -0.218995
192.2	 0.252064	 0.300481	 0.781902	 2.48254	 0.552917	 -0.227348
192.22	 0.181937	 0.304688	 0.819499	 2.42684	 0.614736	 -0.236103
192.24	 0.111989	 0.308462	 0.856626	 2.36697	 0.675266	 -0.245232
192.26	 0.0422747	 0.311792	 0.893215	 2.30302	 0.734393	 -0.254706
192.28	 -0.0271538	 0.314671	 0.929198	 2.23508	 0.792002	 -0.264491
192.3	 -0.0962435	 0.317089	 0.964504	 2.16325	 0.847985	 -0.274551
192.32	 -0.164942	 0.319039	 0.999067	 2.08764	 0.902234	 -0.284851
192.34	 -0.233198	 0.320514	 1.03282	 2.00838	 0.954645	 -0.295351
192.36	 -0.300961	 0.321509	 1.06569	 1.92561	 1.00512	 -0.306014
192.38	 -0.368181	 0.322021	 1.09763	 1.83947	 1.05357	 -0.316798
192.4	 -0.43481	 0.322046	 1.12856	 1.75013	 1.0999	 -0.327662
192.42	 -0.500799	 0.321583	 1.15842	 1.65775	 1.14403	 -0.33856
192.44	 -0.566102	 0.32063	 1.18716	 1.56252	 1.18587	 -0.349447
192.46	 -0.630672	 0.319184	 1.21472	 1.46459	 1.22536	 -0.360272
192.48	 -0.694462	 0.317246	 1.24104	 1.36417	 1.2624	 -0.370983
192.5	 -0.757426	 0.314815	 1.26606	 1.26142	 1.29694	 -0.381527
192.52	 -0.819522	 0.311892	 1.28974	 1.15655	 1.3289	 -0.39185
192.54	 -0.880705	 0.308481	 1.31202	 1.04977	 1.35823	 -0.401897
192.56	 -0.940935	 0.304586	 1.33287	 0.941297	 1.38488	 -0.411613
192.58	 -1.00017	 0.300212	 1.35223	 0.831355	 1.40881	 -0.420944
192.6	 -1.05837	 0.295365	 1.37006	 0.720173	 1.42999	 -0.429836
192.62	 -1.11549	 0.290053	 1.38633	 0.607983	 1.44837	 -0.438235
192.64	 -1.17151	 0.284282	 1.401	 0.495017	 1.46394	 -0.446084
192.66	 -1.22636	 0.278061	 1.41404	 0.381504	 1.47664	 -0.453331
192.68	 -1.28003	 0.271398	 1.42541	 0.267671	 1.48647	 -0.459922
192.7	 -1.33247	 0.264302	 1.43508	 0.15375	 1.49338	 -0.465805
192.72	 -1.38365	 0.256784	 1.44304	 0.0399764	 1.49737	 -0.47093
192.74	 -1.43353	 0.248857	 1.44926	 -0.0734136	 1.49842	 -0.475247
192.76	 -1.48208	 0.240532	 1.45372	 -0.186187	 1.49653	 -0.478709
192.78	 -1.52926	 0.23182	 1.45641	 -0.298116	 1.49171	 -0.481267
192.8	 -1.57506	 0.222737	 1.45731	 -0.408971	 1.48396	 -0.482878
192.82	 -1.61943	 0.213295	 1.45642	 -0.518525	 1.4733	 -0.483497
192.84	 -1.66234	 0.203511	 1.45373	 -0.626554	 1.45975	 -0.483084
192.86	 -1.70378	 0.193398	 1.44925	 -0.732831	 1.44333	 -0.4816
192.88	 -1.74371	 0.182975	 1.44297	 -0.837139	 1.42408	 -0.479011
192.9	 -1.78211	 0.172257	 1.4349	 -0.939264	 1.40205	 -0.475282
192.92	 -1.81895	 0.161261	 1.42505	 -1.039	 1.37727	 -0.470385
192.94	 -1.85422	 0.150005	 1.41343	 -1.13616	 1.3498	 -0.464292
192.96	 -1.88789	 0.138506	 1.40007	 -1.23055	 1.31969	 -0.456979
192.98	 -1.91993	 0.126781	 1.38497	 -1.32199	 1.28699	 -0.448427
193	 -1.95034	 0.114851	 1.36817	 -1.4103	 1.25178	 -0.438617
193.02	 -1.97909	 0.102732	 1.34969	 -1.49533	 1.21411	 -0.427538
193.04	 -2.00616	 0.0904437	 1.32956	 -1.57691	 1.17405	 -0.41518
193.06	 -2.03155	 0.0780054	 1.30781	 -1.65491	 1.1317	 -0.401537
193.08	 -2.05523	 0.0654361	 1.28449	 -1.72918	 1.08713	 -0.386607
193.1	 -2.07719	 0.0527552	 1.25962	 -1.79959	 1.04042	 -0.370392
193.12	 -2.09743	 0.0399825	 1.23326	 -1.86604	 0.991668	 -0.352898
193.14	 -2.11593	 0.0271379	 1.20545	 -1.9284	 0.940969	 -0.334135
193.16	 -2.13268	 0.014241	 1.17623	 -1.98659	 0.88842	 -0.314117
193.18	 -2.14769	 0.00131148	 1.14567	 -2.04052	 0.834122	 -0.292862
193.2	 -2.16093	 -0.0116312	 1.11381	 -2.09011	 0.778177	 -0.270391
193.22	 -2.17241	 -0.0245675	 1.08071	 -2.13531	 0.720687	 -0.246728
193.24	 -2.18213	 -0.037476	 1.04641	 -2.17606	 0.66174	 -0.221907
193.26	 -2.1901	 -0.050336	 1.01097	 -2.21233	 0.601403	 -0.195964
193.28	 -2.19632	 -0.0631277	 0.974422	 -2.24408	 0.539729	 -0.168934
193.3	 -2.20082	 -0.0758319	 0.936794	 -2.2713	 0.476766	 -0.140857
193.32	 -2.2036	 -0.0884301	 0.898126	 -2.29398	 0.412563	 -0.111778
193.34	 -2.20469	 -0.100904	 0.85846	 -2.31214	 0.347176	 -0.0817406
193.36	 -2.20409	 -0.113235	 0.817841	 -2.32577	 0.280672	 -0.0507967
193.38	 -2.20184	 -0.125405	 0.776321	 -2.33492	 0.213124	 -0.0189999
193.4	 -2.19793	 -0.137397	 0.733952	 -2.33961	 0.14461	 0.0135927
193.42	 -2.1924	 -0.149193	 0.690793	 -2.3399	 0.0752108	 0.0469209
193.44	 -2.18526	 -0.160777	 0.646901	 -2.33585	 0.00500526	 0.080922
193.46	 -2.17653	 -0.172131	 0.602333	 -2.32753	 -0.06593	 0.115531
193.48	 -2.16624	 -0.183241	 0.557147	 -2.31503	 -0.13752	 0.150681
193.5	 -2.15441	 -0.19409	 0.5114	 -2.29844	 -0.209692	 0.186301
193.52	 -2.14107	 -0.204665	 0.46515	 -2.27786	 -0.282371	 0.222321
193.54	 -2.12624	 -0.214951	 0.418456	 -2.2534	 -0.355484	 0.258667
193.56	 -2.10995	 -0.224935	 0.371377	 -2.22519	 -0.428955	 0.295264
193.58	 -2.09223	 -0.234604	 0.323974	 -2.19334	 -0.502709	 0.332036
193.6	 -2.07311	 -0.243946	 0.276307	 -2.158	 -0.576667	 0.368905
193.62	 -2.05262	 -0.252948	 0.228439	 -2.11931	 -0.650753	 0.405794
193.64	 -2.03079	 -0.261601	 0.180431	 -2.07741	 -0.724889	 0.442623
193.66	 -2.00766	 -0.269892	 0.132346	 -2.03245	 -0.799	 0.479313
193.68	 -1.98325	 -0.277813	 0.0842441	 -1.9846	 -0.873011	 0.515784
193.7	 -1.9576	 -0.285354	 0.0361872	 -1.93401	 -0.94685	 0.551957
193.72	 -1.93074	 -0.292507	 -0.0117646	 -1.88086	 -1.02045	 0.587753
193.74	 -1.90271	 -0.299264	 -0.0595515	 -1.82531	 -1.09373	 0.623092
193.76	 -1.87355	 -0.305618	 -0.107114	 -1.76754	 -1.16662	 0.657898
193.78	 -1.84328	 -0.311562	 -0.154395	 -1.70771	 -1.23907	 0.692093
193.8	 -1.81194	 -0.317092	 -0.201335	 -1.64602	 -1.311	 0.725602
193.82	 -1.77957	 -0.3222	 -0.247878	 -1.58262	 -1.38234	 0.758349
193.84	 -1.74621	 -0.326884	 -0.293968	 -1.51771	 -1.45304	 0.790262
193.86	 -1.71189	 -0.33114	 -0.339551	 -1.45144	 -1.52303	 0.82127
193.88	 -1.67665	 -0.334963	 -0.384573	 -1.38401	 -1.59225	 0.851304
193.9	 -1.64052	 -0.338352	 -0.428982	 -1.31558	 -1.66064	 0.880296
193.92	 -1.60355	 -0.341305	 -0.472728	 -1.24633	 -1.72814	 0.908182
193.94	 -1.56577	 -0.343821	 -0.515762	 -1.17642	 -1.7947	 0.9349
193.96	 -1.52721	 -0.345899	 -0.558036	 -1.10602	 -1.86027	 0.960389
193.98	 -1.48791	 -0.34754	 -0.599504	 -1.03531	 -1.9248	 0.984594
194	 -1.44792	 -0.348744	 -0.640123	 -0.964434	 -1.98823	 1.00746
194.02	 -1.40726	 -0.349514	 -0.67985	 -0.893559	 -2.05053	 1.02893
194.04	 -1.36597	 -0.349851	 -0.718645	 -0.822836	 -2.11165	 1.04897
194.06	 -1.32409	 -0.34976	 -0.75647	 -0.752416	 -2.17155	 1.06753
194.08	 -1.28166	 -0.349244	 -0.793288	 -0.682445	 -2.23019	 1.08456
194.1	 -1.2387	 -0.34832	 -0.829075	 -0.613059	 -2.28756	 1.10006
194.12	 -1.19525	 -0.347008	 -0.863805	 -0.54439	 -2.34364	 1.11402
194.14	 -1.15134	 -0.345327	 -0.897461	 -0.476562	 -2.39841	 1.12643
194.16	 -1.10701	 -0.343296	 -0.930023	 -0.409692	 -2.45188	 1.13729
194.18	 -1.06227	 -0.340934	 -0.961474	 -0.343892	 -2.50402	 1.1466
194.2	 -1.01718	 -0.338257	 -0.991796	 -0.279271	 -2.55482	 1.15435
194.22	 -0.971752	 -0.335279	 -1.02097	 -0.215934	 -2.60428	 1.16053
194.24	 -0.926025	 -0.332016	 -1.04898	 -0.15398	 -2.65238	 1.16515
194.26	 -0.88003	 -0.328483	 -1.07582	 -0.0935055	 -2.69911	 1.16821
194.28	 -0.833797	 -0.324695	 -1.10146	 -0.0345998	 -2.74445	 1.16972
194.3	 -0.787359	 -0.320667	 -1.1259	 0.0226542	 -2.78841	 1.16967
194.32	 -0.740744	 -0.316416	 -1.14912	 0.0781805	 -2.83097	 1.1681
194.34	 -0.693983	 -0.311957	 -1.17113	 0.13191	 -2.87214	 1.165
194.36	 -0.647105	 -0.307305	 -1.19191	 0.183779	 -2.91192	 1.16041
194.38	 -0.600141	 -0.302476	 -1.21145	 0.23373	 -2.95029	 1.15432
194.4	 -0.553119	 -0.297484	 -1.22977	 0.281712	 -2.98726	 1.14677
194.42	 -0.506069	 -0.292344	 -1.24685	 0.327678	 -3.02284	 1.13777
194.44	 -0.459018	 -0.287069	 -1.2627	 0.371588	 -3.05703	 1.12736
194.46	 -0.411995	 -0.281674	 -1.27732	 0.413406	 -3.08981	 1.11555
194.48	 -0.365027	 -0.276171	 -1.2907	 0.453104	 -3.12122	 1.10237
194.5	 -0.318142	 -0.270574	 -1.30286	 0.490659	 -3.15124	 1.08787
194.52	 -0.271366	 -0.264895	 -1.31381	 0.526052	 -3.17988	 1.07206
194.54	 -0.224726	 -0.259147	 -1.32354	 0.559273	 -3.20715	 1.05498
194.56	 -0.178248	 -0.253341	 -1.33208	 0.590314	 -3.23306	 1.03667
194.58	 -0.131958	 -0.24749	 -1.33942	 0.619174	 -3.25762	 1.01716
194.6	 -0.0858803	 -0.241603	 -1.34559	 0.645857	 -3.28084	 0.996498
194.62	 -0.0400396	 -0.235693	 -1.3506	 0.670373	 -3.30273	 0.974718
194.64	 0.00553965	 -0.229769	 -1.35446	 0.692734	 -3.3233	 0.951863
194.66	 0.0508339	 -0.223841	 -1.35718	 0.71296	 -3.34256	 0.927974
194.68	 0.09582	 -0.217918	 -1.35879	 0.731074	 -3.36053	 0.903097
194.7	 0.140475	 -0.212008	 -1.35931	 0.747104	 -3.37722	 0.877275
194.72	 0.184778	 -0.206122	 -1.35876	 0.761081	 -3.39264	 0.850555
194.74	 0.228706	 -0.200265	 -1.35715	 0.773043	 -3.40682	 0.822983
194.76	 0.272238	 -0.194446	 -1.35452	 0.783029	 -3.41976	 0.794607
194.78	 0.315354	 -0.18867	 -1.35088	 0.791083	 -3.43149	 0.765474
194.8	 0.358034	 -0.182946	 -1.34627	 0.797254	 -3.44202	 0.735633
194.82	 0.400259	 -0.177276	 -1.34071	 0.801591	 -3.45137	 0.705129
194.84	 0.442011	 -0.171664	 -1.33422	 0.804151	 -3.45956	 0.67401
194.86	 0.483271	 -0.166115	 -1.32685	 0.804988	 -3.46662	 0.642324
194.88	 0.524022	 -0.160631	 -1.31862	 0.804163	 -3.47255	 0.610118
194.9	 0.564246	 -0.155216	 -1.30956	 0.80174	 -3.4774	 0.577442
194.92	 0.603928	 -0.149874	 -1.29971	 0.797782	 -3.48116	 0.544347
194.94	 0.643051	 -0.144607	 -1.28909	 0.792359	 -3.48387	 0.510884
194.96	 0.681601	 -0.139416	 -1.27775	 0.785541	 -3.48554	 0.4771
194.98	 0.719561	 -0.134304	 -1.26571	 0.777398	 -3.48621	 0.443043
195	 0.756913	 -0.129267	 -1.25303	 0.768011	 -3.48589	 0.408756
195.02	 0.793644	 -0.124302	 -1.23974	 0.757501	 -3.48463	 0.374294
195.04	 0.829737	 -0.119407	 -1.2259	 0.745973	 -3.48246	 0.339706
195.06	 0.865182	 -0.114579	 -1.21155	 0.733535	 -3.47941	 0.305045
195.08	 0.899965	 -0.109816	 -1.19675	 0.720294	 -3.47552	 0.270362
195.1	 0.934073	 -0.105114	 -1.18155	 0.706358	 -3.47084	 0.235704
195.12	 0.967495	 -0.100469	 -1.16601	 0.691835	 -3.46539	 0.201118
195.14	 1.00022	 -0.0958764	 -1.15018	 0.676812	 -3.45923	 0.166645
195.16	 1.03224	 -0.0913329	 -1.13412	 0.661342	 -3.45237	 0.132318
195.18	 1.06355	 -0.0868319	 -1.11788	 0.645489	 -3.44487	 0.0981681
195.2	 1.09413	 -0.0823687	 -1.10152	 0.62932	 -3.43676	 0.064232
195.22	 1.12399	 -0.0779384	 -1.08512	 0.612897	 -3.42808	 0.0305444
195.24	 1.15311	 -0.0735383	 -1.06873	 0.596286	 -3.41889	 -0.00285486
195.26	 1.18148	 -0.0691649	 -1.05241	 0.579552	 -3.40923	 -0.0359285
195.28	 1.20908	 -0.0648161	 -1.03625	 0.562758	 -3.39917	 -0.0686376
195.3	 1.23591	 -0.0604879	 -1.0203	 0.545968	 -3.38876	 -0.100947
195.32	 1.26196	 -0.0561773	 -1.00463	 0.529247	 -3.37805	 -0.132823
195.34	 1.28722	 -0.0518801	 -0.989297	 0.512656	 -3.36709	 -0.16423
195.36	 1.31168	 -0.0475925	 -0.974368	 0.496256	 -3.35595	 -0.195138
195.38	 1.33532	 -0.0433107	 -0.959903	 0.480105	 -3.34467	 -0.225512
195.4	 1.35816	 -0.0390309	 -0.945965	 0.464262	 -3.33331	 -0.255323
195.42	 1.38016	 -0.0347495	 -0.932614	 0.448782	 -3.32192	 -0.284539
195.44	 1.40134	 -0.0304629	 -0.91991	 0.43372	 -3.31055	 -0.313131
195.46	 1.42168	 -0.0261677	 -0.907913	 0.419129	 -3.29925	 -0.34107
195.48	 1.44117	 -0.0218605	 -0.896681	 0.405059	 -3.28809	 -0.36833
195.5	 1.4598	 -0.0175384	 -0.88627	 0.39156	 -3.2771	 -0.394882
195.52	 1.47758	 -0.0131981	 -0.876736	 0.378678	 -3.26633	 -0.420703
195.54	 1.4945	 -0.00883717	 -0.868132	 0.366458	 -3.25585	 -0.445768
195.56	 1.51055	 -0.00445284	 -0.860509	 0.354942	 -3.24569	 -0.470052
195.58	 1.52572	 -4.28584e-05	 -0.853919	 0.34417	 -3.23591	 -0.493535
195.6	 1.54002	 0.00439491	 -0.848408	 0.334178	 -3.22655	 -0.516194
195.62	 1.55343	 0.00886231	 -0.844024	 0.325001	 -3.21764	 -0.53801
195.64	 1.56596	 0.013361	 -0.84081	 0.316672	 -3.20924	 -0.558964
195.66	 1.57761	 0.0178924	 -0.838808	 0.309219	 -3.20139	 -0.579039
195.68	 1.58836	 0.0224579	 -0.838057	 0.302669	 -3.19411	 -0.598218
195.7	 1.59822	 0.0270585	 -0.838595	 0.297046	 -3.18746	 -0.616487
195.72	 1.60719	 0.0316952	 -0.840456	 0.292369	 -3.18145	 -0.633833
195.74	 1.61527	 0.0363688	 -0.843671	 0.288657	 -3.17613	 -0.650244
195.76	 1.62245	 0.0410799	 -0.84827	 0.285925	 -3.17151	 -0.66571
195.78	 1.62874	 0.0458288	 -0.854279	 0.284184	 -3.16763	 -0.680222
195.8	 1.63413	 0.0506158	 -0.861721	 0.283442	 -3.16451	 -0.693774
195.82	 1.63863	 0.0554406	 -0.870616	 0.283705	 -3.16217	 -0.706358
195.84	 1.64223	 0.0603032	 -0.880983	 0.284975	 -3.16062	 -0.717971
195.86	 1.64494	 0.065203	 -0.892836	 0.287251	 -3.15989	 -0.72861
195.88	 1.64677	 0.0701395	 -0.906187	 0.290529	 -3.15998	 -0.738275
195.9	 1.6477	 0.0751118	 -0.921045	 0.2948	 -3.1609	 -0.746965
195.92	 1.64775	 0.0801191	 -0.937416	 0.300054	 -3.16266	 -0.754684
195.94	 1.64693	 0.0851605	 -0.955303	 0.306275	 -3.16527	 -0.761435
195.96	 1.64522	 0.0902347	 -0.974706	 0.313447	 -3.16873	 -0.767224
195.98	 1.64264	 0.0953408	 -0.995621	 0.321547	 -3.17303	 -0.772059
196	 1.63919	 0.100478	 -1.01804	 0.330552	 -3.17818	 -0.775949
196.02	 1.63488	 0.105644	 -1.04197	 0.340434	 -3.18417	 -0.778905
196.04	 1.62972	 0.110839	 -1.06738	 0.351163	 -3.19099	 -0.780941
196.06	 1.6237	 0.116062	 -1.09426	 0.362704	 -3.19863	 -0.782074
196.08	 1.61683	 0.121314	 -1.1226	 0.375021	 -3.20709	 -0.782322
196.1	 1.60913	 0.126594	 -1.15238	 0.388074	 -3.21634	 -0.781707
196.12	 1.6006	 0.131903	 -1.18358	 0.40182	 -3.22638	 -0.780251
196.14	 1.59124	 0.137241	 -1.21617	 0.416213	 -3.23718	 -0.777976
196.16	 1.58106	 0.142606	 -1.25013	 0.431206	 -3.24872	 -0.774907
196.18	 1.57008	 0.147998	 -1.28542	 0.446748	 -3.26098	 -0.771069
196.2	 1.5583	 0.153417	 -1.32201	 0.462788	 -3.27393	 -0.76649
196.22	 1.54572	 0.158863	 -1.35986	 0.479271	 -3.28754	 -0.761199
196.24	 1.53237	 0.164332	 -1.39895	 0.496142	 -3.30177	 -0.755224
196.26	 1.51824	 0.169825	 -1.43921	 0.513342	 -3.31661	 -0.748593
196.28	 1.50336	 0.175336	 -1.48063	 0.530812	 -3.332	 -0.741334
196.3	 1.48771	 0.180858	 -1.52314	 0.548492	 -3.34792	 -0.733463
196.32	 1.47133	 0.186375	 -1.56672	 0.566324	 -3.36434	 -0.724987
196.34	 1.45422	 0.191871	 -1.61133	 0.584249	 -3.38124	 -0.715914
196.36	 1.43639	 0.19733	 -1.65692	 0.602209	 -3.39861	 -0.706252
196.38	 1.41784	 0.202738	 -1.70344	 0.620145	 -3.4164	 -0.696014
196.4	 1.3986	 0.208082	 -1.75087	 0.637997	 -3.4346	 -0.685216
196.42	 1.37867	 0.213348	 -1.79913	 0.655703	 -3.45316	 -0.673876
196.44	 1.35806	 0.218525	 -1.84819	 0.673198	 -3.47204	 -0.662012
196.46	 1.3368	 0.2236	 -1.89799	 0.690417	 -3.49121	 -0.649641
196.48	 1.31488	 0.228562	 -1.94848	 0.707293	 -3.51063	 -0.636782
196.5	 1.29232	 0.233401	 -1.9996	 0.723762	 -3.53026	 -0.623461
196.52	 1.26915	 0.238111	 -2.0513	 0.739755	 -3.55007	 -0.609707
196.54	 1.24537	 0.242684	 -2.10353	 0.755208	 -3.57003	 -0.595548
196.56	 1.221	 0.247112	 -2.15625	 0.770053	 -3.59012	 -0.581013
196.58	 1.19605	 0.251385	 -2.20941	 0.784224	 -3.61033	 -0.566125
196.6	 1.17056	 0.255495	 -2.26295	 0.797657	 -3.63061	 -0.550911
196.62	 1.14452	 0.259432	 -2.31684	 0.810289	 -3.65094	 -0.535396
196.64	 1.11796	 0.263186	 -2.371	 0.822055	 -3.67128	 -0.519604
196.66	 1.09089	 0.266749	 -2.42539	 0.832893	 -3.69159	 -0.50356
196.68	 1.06334	 0.270116	 -2.47996	 0.842768	 -3.71183	 -0.48729
196.7	 1.03531	 0.273291	 -2.53463	 0.851696	 -3.73196	 -0.470812
196.72	 1.00682	 0.276276	 -2.58937	 0.85967	 -3.75193	 -0.45415
196.74	 0.977895	 0.279074	 -2.64411	 0.866681	 -3.77169	 -0.437326
196.76	 0.948544	 0.28169	 -2.69881	 0.872722	 -3.7912	 -0.420362
196.78	 0.918786	 0.284127	 -2.75341	 0.877789	 -3.8104	 -0.403282
196.8	 0.888639	 0.286387	 -2.80785	 0.881881	 -3.82926	 -0.386108
196.82	 0.858118	 0.288473	 -2.86208	 0.885002	 -3.84772	 -0.368863
196.84	 0.827242	 0.290388	 -2.91605	 0.887156	 -3.86573	 -0.35157
196.86	 0.796025	 0.292134	 -2.9697	 0.888348	 -3.88326	 -0.334255
196.88	 0.764474	 0.293718	 -3.023	 0.888583	 -3.90029	 -0.316945
196.9	 0.732598	 0.295147	 -3.07589	 0.887865	 -3.91681	 -0.299672
196.92	 0.700404	 0.296428	 -3.12835	 0.8862	 -3.9328	 -0.282465
196.94	 0.667898	 0.297569	 -3.18034	 0.88359	 -3.94825	 -0.265353
196.96	 0.635094	 0.298574	 -3.23182	 0.880039	 -3.96317	 -0.248356
196.98	 0.602002	 0.299454	 -3.28276	 0.875559	 -3.97754	 -0.231511
197	 0.568637	 0.300211	 -3.33312	 0.870151	 -3.99134	 -0.214838
197.02	 0.535009	 0.300851	 -3.38285	 0.863813	 -4.00455	 -0.198371
197.04	 0.501127	 0.301373	 -3.43192	 0.856513	 -4.01714	 -0.182132
197.06	 0.466996	 0.301778	 -3.48028	 0.848234	 -4.02909	 -0.166147
197.08	 0.432618	 0.302064	 -3.52792	 0.83899	 -4.04037	 -0.150413
197.1	 0.397991	 0.302232	 -3.5748	 0.828811	 -4.05096	 -0.134914
197.12	 0.363114	 0.302281	 -3.62091	 0.817705	 -4.06085	 -0.119629
197.14	 0.32799	 0.302209	 -3.66622	 0.805681	 -4.07003	 -0.104541
197.16	 0.292621	 0.302019	 -3.71071	 0.792748	 -4.07846	 -0.0896382
197.18	 0.257009	 0.301714	 -3.75435	 0.778922	 -4.08614	 -0.0749114
197.2	 0.22116	 0.301296	 -3.79712	 0.764223	 -4.09303	 -0.060355
197.22	 0.185078	 0.300767	 -3.839	 0.748672	 -4.09912	 -0.0459634
197.24	 0.148769	 0.300129	 -3.87995	 0.732291	 -4.10439	 -0.0317302
197.26	 0.112236	 0.299382	 -3.91997	 0.715101	 -4.10881	 -0.0176485
197.28	 0.0754843	 0.298529	 -3.95901	 0.697123	 -4.11237	 -0.00371037
197.3	 0.0385186	 0.29757	 -3.99707	 0.678377	 -4.11505	 0.0100921
197.32	 0.00134375	 0.296508	 -4.03411	 0.658883	 -4.11683	 0.0237666
197.34	 -0.0360348	 0.295345	 -4.07012	 0.638661	 -4.11769	 0.0373203
197.36	 -0.0736114	 0.294082	 -4.10509	 0.61773	 -4.11762	 0.0507597
197.38	 -0.11138	 0.292721	 -4.13899	 0.596111	 -4.11659	 0.0640911
197.4	 -0.149334	 0.291265	 -4.1718	 0.573813	 -4.11459	 0.0773206
197.42	 -0.187467	 0.289713	 -4.20352	 0.55086	 -4.11161	 0.0904545
197.44	 -0.225772	 0.288068	 -4.23411	 0.52726	 -4.10762	 0.103498
197.46	 -0.264243	 0.286333	 -4.26357	 0.503066	 -4.1026	 0.116459
197.48	 -0.302871	 0.284513	 -4.29189	 0.478292	 -4.09654	 0.129339
197.5	 -0.341651	 0.282611	 -4.31904	 0.452988	 -4.08943	 0.142142
197.52	 -0.380573	 0.280628	 -4.34501	 0.427147	 -4.08124	 0.154872
197.54	 -0.41963	 0.278567	 -4.3698	 0.400801	 -4.07197	 0.167534
197.56	 -0.458814	 0.276428	 -4.39338	 0.373954	 -4.06158	 0.180132
197.58	 -0.498115	 0.274215	 -4.41576	 0.34664	 -4.05008	 0.192672
197.6	 -0.537526	 0.27193	 -4.43691	 0.318886	 -4.03743	 0.205155
197.62	 -0.577038	 0.269576	 -4.45684	 0.290717	 -4.02363	 0.217585
197.64	 -0.61664	 0.267157	 -4.47553	 0.262152	 -4.00867	 0.229964
197.66	 -0.656323	 0.264673	 -4.49298	 0.233212	 -3.99252	 0.242294
197.68	 -0.696077	 0.262128	 -4.50918	 0.203918	 -3.97517	 0.254578
197.7	 -0.735892	 0.259525	 -4.52412	 0.174297	 -3.95661	 0.266817
197.72	 -0.775757	 0.256867	 -4.5378	 0.144369	 -3.93682	 0.279013
197.74	 -0.815662	 0.254155	 -4.55022	 0.114159	 -3.91579	 0.291168
197.76	 -0.855595	 0.251394	 -4.56138	 0.0836889	 -3.89351	 0.303281
197.78	 -0.895543	 0.248585	 -4.57127	 0.0529831	 -3.86996	 0.315355
197.8	 -0.935497	 0.245732	 -4.57989	 0.0220717	 -3.84514	 0.327391
197.82	 -0.975442	 0.242839	 -4.58725	 -0.00902863	 -3.81903	 0.339387
197.84	 -1.01537	 0.239906	 -4.59334	 -0.0402999	 -3.79161	 0.351344
197.86	 -1.05526	 0.236937	 -4.59817	 -0.0717205	 -3.76289	 0.363261
197.88	 -1.0951	 0.233936	 -4.60173	 -0.103266	 -3.73283	 0.375136
197.9	 -1.13489	 0.230904	 -4.60405	 -0.134914	 -3.70145	 0.386969
197.92	 -1.1746	 0.227844	 -4.60511	 -0.166644	 -3.66871	 0.398758
197.94	 -1.21422	 0.22476	 -4.60493	 -0.198428	 -3.63463	 0.410503
197.96	 -1.25374	 0.221655	 -4.60351	 -0.230255	 -3.59918	 0.422202
197.98	 -1.29315	 0.21853	 -4.60086	 -0.262099	 -3.56235	 0.433851
198	 -1.33242	 0.215388	 -4.59699	 -0.293945	 -3.52415	 0.445449
198.02	 -1.37154	 0.212233	 -4.59191	 -0.32577	 -3.48456	 0.456994
198.04	 -1.41049	 0.209066	 -4.58563	 -0.357557	 -3.44357	 0.46848
198.06	 -1.44927	 0.20589	 -4.57816	 -0.389286	 -3.40118	 0.479907
198.08	 -1.48785	 0.202709	 -4.56952	 -0.420935	 -3.35739	 0.491271
198.1	 -1.52621	 0.199525	 -4.55971	 -0.452487	 -3.31218	 0.502569
198.12	 -1.56435	 0.196339	 -4.54875	 -0.483924	 -3.26555	 0.513798
198.14	 -1.60223	 0.193155	 -4.53667	 -0.515227	 -3.21751	 0.524954
198.16	 -1.63985	 0.189975	 -4.52346	 -0.546377	 -3.16804	 0.536033
198.18	 -1.67719	 0.186802	 -4.50915	 -0.577356	 -3.11715	 0.547031
198.2	 -1.71422	 0.183638	 -4.49376	 -0.608147	 -3.06484	 0.557946
198.22	 -1.75093	 0.180485	 -4.4773	 -0.638731	 -3.01111	 0.568774
198.24	 -1.7873	 0.177345	 -4.4598	 -0.66909	 -2.95596	 0.57951
198.26	 -1.82331	 0.174222	 -4.44127	 -0.699207	 -2.8994	 0.590152
198.28	 -1.85895	 0.171117	 -4.42174	 -0.729065	 -2.84142	 0.600695
198.3	 -1.89419	 0.168032	 -4.40123	 -0.758646	 -2.78204	 0.611136
198.32	 -1.92901	 0.164969	 -4.37975	 -0.787932	 -2.72127	 0.621471
198.34	 -1.96339	 0.161931	 -4.35734	 -0.816908	 -2.65911	 0.631698
198.36	 -1.99732	 0.158919	 -4.33402	 -0.845554	 -2.59558	 0.641813
198.38	 -2.03077	 0.155937	 -4.3098	 -0.873856	 -2.53069	 0.651813
198.4	 -2.06373	 0.152985	 -4.28472	 -0.901796	 -2.46446	 0.661694
198.42	 -2.09616	 0.150065	 -4.2588	 -0.929356	 -2.3969	 0.671455
198.44	 -2.12807	 0.14718	 -4.23207	 -0.956522	 -2.32804	 0.681091
198.46	 -2.15942	 0.144331	 -4.20456	 -0.983277	 -2.25789	 0.690601
198.48	 -2.19019	 0.141521	 -4.17628	 -1.0096	 -2.18648	 0.699983
198.5	 -2.22036	 0.138751	 -4.14728	 -1.03549	 -2.11384	 0.709232
198.52	 -2.24992	 0.136022	 -4.11757	 -1.06091	 -2.03999	 0.718349
198.54	 -2.27884	 0.133337	 -4.0872	 -1.08587	 -1.96497	 0.727329
198.56	 -2.30711	 0.130696	 -4.05618	 -1.11033	 -1.88881	 0.736172
198.58	 -2.3347	 0.128103	 -4.02454	 -1.13429	 -1.81154	 0.744875
198.6	 -2.36159	 0.125558	 -3.99233	 -1.15774	 -1.73321	 0.753437
198.62	 -2.38777	 0.123063	 -3.95956	 -1.18066	 -1.65385	 0.761856
198.64	 -2.41322	 0.120619	 -3.92627	 -1.20304	 -1.57351	 0.770129
198.66	 -2.43791	 0.118228	 -3.89249	 -1.22486	 -1.49224	 0.778257
198.68	 -2.46183	 0.115892	 -3.85826	 -1.24611	 -1.41007	 0.786236
198.7	 -2.48496	 0.113612	 -3.82359	 -1.26679	 -1.32706	 0.794066
198.72	 -2.50728	 0.111389	 -3.78854	 -1.28688	 -1.24326	 0.801745
198.74	 -2.52877	 0.109225	 -3.75312	 -1.30638	 -1.15872	 0.809271
198.76	 -2.54942	 0.107122	 -3.71737	 -1.32526	 -1.0735	 0.816643
198.78	 -2.5692	 0.105082	 -3.68133	 -1.34352	 -0.987638	 0.823859
198.8	 -2.58811	 0.103105	 -3.64502	 -1.36116	 -0.901203	 0.830918
198.82	 -2.60612	 0.101193	 -3.60848	 -1.37817	 -0.814246	 0.837817
198.84	 -2.62322	 0.0993492	 -3.57174	 -1.39452	 -0.726826	 0.844554
198.86	 -2.6394	 0.0975742	 -3.53483	 -1.41023	 -0.638998	 0.851128
198.88	 -2.65464	 0.0958701	 -3.49778	 -1.42528	 -0.550822	 0.857535
198.9	 -2.66892	 0.0942389	 -3.46063	 -1.43966	 -0.462356	 0.863773
198.92	 -2.68223	 0.0926825	 -3.42341	 -1.45337	 -0.37366	 0.86984
198.94	 -2.69456	 0.091203	 -3.38615	 -1.4664	 -0.284793	 0.875731
198.96	 -2.70589	 0.0898025	 -3.34888	 -1.47875	 -0.195816	 0.881444
198.98	 -2.71622	 0.0884832	 -3.31163	 -1.49041	 -0.106791	 0.886976
199	 -2.72553	 0.0872474	 -3.27444	 -1.50138	 -0.0177791	 0.892322
199.02	 -2.73381	 0.0860973	 -3.23733	 -1.51166	 0.0711578	 0.897479
199.04	 -2.74106	 0.0850355	 -3.20033	 -1.52124	 0.159957	 0.902443
199.06	 -2.74725	 0.0840645	 -3.16348	 -1.53013	 0.248556	 0.90721
199.08	 -2.75239	 0.083187	 -3.1268	 -1.53832	 0.336892	 0.911775
199.1	 -2.75646	 0.0824057	 -3.09032	 -1.54581	 0.424902	 0.916135
199.12	 -2.75946	 0.0817234	 -3.05407	 -1.5526	 0.512523	 0.920284
199.14	 -2.76138	 0.0811431	 -3.01808	 -1.55869	 0.599694	 0.924217
199.16	 -2.76221	 0.0806679	 -2.98237	 -1.56408	 0.686351	 0.92793
199.18	 -2.76195	 0.0803008	 -2.94697	 -1.56877	 0.772435	 0.931418
199.2	 -2.7606	 0.0800452	 -2.91191	 -1.57277	 0.857883	 0.934674
199.22	 -2.75814	 0.0799044	 -2.8772	 -1.57606	 0.942635	 0.937694
199.24	 -2.75458	 0.0798819	 -2.84289	 -1.57867	 1.02663	 0.940472
199.26	 -2.74992	 0.0799811	 -2.80897	 -1.58058	 1.10982	 0.943001
199.28	 -2.74414	 0.0802058	 -2.77549	 -1.5818	 1.19213	 0.945276
199.3	 -2.73726	 0.0805595	 -2.74246	 -1.58234	 1.27351	 0.94729
199.32	 -2.72926	 0.0810459	 -2.7099	 -1.58219	 1.35391	 0.949038
199.34	 -2.72016	 0.0816684	 -2.67783	 -1.58137	 1.43327	 0.950512
199.36	 -2.70995	 0.0824308	 -2.64627	 -1.57988	 1.51155	 0.951706
199.38	 -2.69863	 0.0833369	 -2.61524	 -1.57772	 1.58868	 0.952614
199.4	 -2.68621	 0.0843906	 -2.58475	 -1.57489	 1.66462	 0.953229
199.42	 -2.67269	 0.0855957	 -2.55481	 -1.57141	 1.73932	 0.953543
199.44	 -2.65807	 0.0869559	 -2.52544	 -1.56728	 1.81273	 0.953551
199.46	 -2.64237	 0.0884751	 -2.49666	 -1.56251	 1.88481	 0.953246
199.48	 -2.62557	 0.0901569	 -2.46847	 -1.55709	 1.95553	 0.95262
199.5	 -2.6077	 0.0920049	 -2.44088	 -1.55104	 2.02482	 0.951669
199.52	 -2.58875	 0.0940223	 -2.41391	 -1.54437	 2.09267	 0.950386
199.54	 -2.56874	 0.0962125	 -2.38755	 -1.53708	 2.15903	 0.948764
199.56	 -2.54767	 0.0985786	 -2.36182	 -1.52918	 2.22386	 0.946799
199.58	 -2.52555	 0.101124	 -2.33672	 -1.52068	 2.28715	 0.944483
199.6	 -2.50239	 0.103851	 -2.31225	 -1.51158	 2.34885	 0.941811
199.62	 -2.47821	 0.106763	 -2.28842	 -1.5019	 2.40894	 0.938778
199.64	 -2.453	 0.109863	 -2.26522	 -1.49165	 2.4674	 0.935379
199.66	 -2.42679	 0.113153	 -2.24265	 -1.48082	 2.5242	 0.93161
199.68	 -2.39959	 0.116635	 -2.22071	 -1.46943	 2.57933	 0.927466
199.7	 -2.37141	 0.12031	 -2.1994	 -1.45749	 2.63276	 0.922945
199.72	 -2.34225	 0.124182	 -2.17871	 -1.44501	 2.68449	 0.918043
199.74	 -2.31214	 0.12825	 -2.15864	 -1.43199	 2.73449	 0.912757
199.76	 -2.2811	 0.132516	 -2.13917	 -1.41844	 2.78277	 0.907086
199.78	 -2.24912	 0.136981	 -2.1203	 -1.40437	 2.82932	 0.901028
199.8	 -2.21624	 0.141645	 -2.10201	 -1.3898	 2.87412	 0.894583
199.82	 -2.18246	 0.146508	 -2.0843	 -1.37472	 2.91718	 0.88775
199.84	 -2.1478	 0.151569	 -2.06714	 -1.35914	 2.9585	 0.880531
199.86	 -2.11228	 0.156828	 -2.05054	 -1.34308	 2.99809	 0.872926
199.88	 -2.07591	 0.162284	 -2.03446	 -1.32654	 3.03594	 0.864938
199.9	 -2.03872	 0.167934	 -2.01889	 -1.30953	 3.07206	 0.85657
199.92	 -2.00072	 0.173777	 -2.00382	 -1.29206	 3.10647	 0.847826
199.94	 -1.96193	 0.17981	 -1.98922	 -1.27414	 3.13918	 0.83871
199.96	 -1.92236	 0.186031	 -1.97508	 -1.25577	 3.1702	 0.829226
199.98	 -1.88205	 0.192435	 -1.96137	 -1.23696	 3.19954	 0.819383
200	 -1.841	 0.199018	 -1.94808	 -1.21773	 3.22724	 0.809184
